vi,ch
"Ẩn kỳ lôi,",殷其雷，
Tại nam sơn chi dương.,在南山之陽。
Hà tư vi tư?,何斯違斯？
Mạc cảm hoặc hoàng.,莫敢或遑。
Chân chân quân tử,振振君子，
Quy tai! Quy tai!,歸哉！歸哉！
"Ẩn kỳ lôi,",殷其雷，
"Tại nam sơn chi trắc,",在南山之側。
Hà tư vi tư?,何斯違斯？
Mạc cảm hoàng tức.,莫敢遑息。
"Chân chân quân tử,",振振君子，
Quy tai! Quy tai!,歸哉！歸哉！
"Ẩn kỳ lôi,",殷其雷，
Tại Nam sơn chi hụ.,在南山之下。
Hà tư vi tư?,何斯違斯？
Mạc cảm hoàng xử.,莫敢遑處。
"Chân chân quân tử,",振振君子，
Quy tai! Quy tai!,歸哉！歸哉！
"Phiếm bỉ bách chu,",泛彼柏舟，
Diệc phiếm kỳ lưu.,亦泛其流。
Cảnh cảnh bất mỵ.,耿耿不寐，
Như hữu ẩn ưu.,如有隱憂。
"Vi ngã vô tửu,",微我無酒，
Dĩ ngao dĩ du.,以敖以遊。
"Phiếm bỉ bách chu,",泛彼柏舟，
Tại bỉ trung hà.,在彼中河。
"Đãm bỉ lưỡng mao,",髡彼兩髦，
Thực duy ngã nga.,實維我儀。
Chi tử thỉ mỹ tha.,之死矢靡它，
"Mẫu dã thân chỉ,",母也天只，
Bất lượng nhân chỉ.,不諒人只！
"Phiếm bỉ bách chu,",泛彼柏舟，
Diệc phiếm kỳ lưu.,亦泛其流。
Cảnh cảnh bất mỵ.,耿耿不寐，
Như hữu ẩn ưu.,如有隱憂。
"Vi ngã vô tửu,",微我無酒，
Dĩ ngao dĩ du.,以敖以遊。
"Phiếm bỉ bách chu,",泛彼柏舟，
Tại bỉ hà trắc.,在彼河側。
"Đãm bỉ lưỡng mao,",髡彼兩髦，
Thực duy ngã đặc,實維我特。
Chi tử thỉ mỹ thắc.,之死矢靡慝，
"Mẫu dã thân chỉ,",母也天只，
Bất lượng nhân chỉ.,不諒人只！
"Ngã tâm phỉ giám,",我心匪鑒，
Bất khả dĩ như.,不可以茹。
"Diệc hữu huynh đệ,",亦有兄弟，
Bất khả dĩ cứ.,不可以據。
"Bạc ngôn vãng tố,",薄言往愬，
Phùng bỉ chi nộ.,逢彼之怒。
"Ngã tâm phỉ thạch,",我心匪石，
Bất khả chuyển dã.,不可轉也。
"Ngã tâm phỉ tịch,",我心匪席，
Bất khả quyển dã.,不可卷也。
"Uy nghi đệ đệ,",威儀棣棣，
Bất khả tuyển dã.,不可選也。
"Ưu tâm thiểu thiểu,",憂心悄悄，
Uẩn vu quần tiểu.,慍于群小。
"Cấu mẫn ký đa,",覯閔既多，
Thụ vụ bất thiểu.,受侮不少。
"Tịnh ngôn tư chi,",靜言思之，
Mỵ tịch hữu biểu.,寤辟有摽。
"Nhật cư nguyệt chư,",日居月諸，
Hồ điệt nhi vi.,胡迭而微？
Tâm chi ưu hĩ!,心之憂矣，
"Như phỉ hoán y,",如匪浣衣。
"Tịnh ngôn tư chi,",靜言思之，
Bất năng phấn phi.,不能奮飛。
"Xuất tự bắc mân,",出自北門，
Ưu tâm ân ân.,憂心殷殷。
Chung cụ thả bần.,終窶且貧，
Mạc tri ngã cân (gian).,莫知我艱。
Dĩ yên ti?,已焉哉！
Thiên thực vi chi.,天實為之，
Vị chi hà ti?,謂之何哉！
"Vương sự thích ngã,",王事適我，
Chính sự nhất tỳ ích ngã.,政事一埤益我，
"Ngã nhập tự ngoại,",我入自外，
Thất nhân giao biến trích ngã.,室人交遍謫我。
Dĩ yên ti?,已焉哉！
"Thiên thực vi chi,",天實為之，
Vị chi hà ti ti?,謂之何哉。
"Vương sự đôi ngã,",王事敦我，
Chính sự nhất tỳ dôi ngã.,政事一埤遺我，
"Ngã nhập tự ngoại,",我入自外，
Thất nhân giao biến tồi ngã.,室人交遍摧我。
Dĩ yên ti?,已焉哉！
Thiên thực vi chi.,天實為之，
Vị chi hà ti?,謂之何哉。
"Bắc phong kỳ lương,",北風其涼，
Vũ tuyết kỳ phương.,雨雪其雱。
"Huệ nhi hiếu ngã,",惠而好我，
Huề thủ đồng hàng.,攜手同行。
"Kỳ hư kỳ từ,",其虛其邪，
Ký cức chỉ thư.,既亟只且！
"Bắc phong kỳ kê,",北風其喈，
Vũ tuyết kỳ phi.,雨雪其霏。
"Huệ nhi hiếu ngã,",惠而好我，
Huề thủ đồng quy.,攜手同歸。
"Kỳ hư kỳ từ,",其虛其邪，
Ký cức chỉ thư.,既亟只且！
"Mạc xích phỉ hồ,",莫赤匪狐，
Mạc hắc phỉ ô.,莫黑匪烏。
"Huệ nhi hiếu ngã,",惠而好我，
Huề thủ đồng xa.,攜手同車。
"Kỳ hư kỳ từ,",其虛其邪，
Ký cức chỉ thư.,既亟只且。
Bá hề khiết hề!,伯兮朅兮，
Bang chi kiệt hề!,邦之桀兮！
"Bá dã chấp thù,",伯也執殳，
Vi vương tiền khu.,為王前驅。
"Tự bá chi đông,",自伯之東，
Thủ như phi bồng.,首如飛蓬。
Khỉ vô cao mộc?,豈無膏沐？
Thuỳ đích vi dung?,誰適為容。
"Kỳ vũ kỳ vũ,",其雨其雨？
Cảo cảo xuất nhật.,杲杲出日。
"Nguyện ngôn tư bá,",愿言思伯，
Cam tâm thủ tật.,甘心首疾。
"Yên đắc huyên thảo,",焉得諼草？
Ngôn thụ chi bội.,言樹之背。
"Nguyện ngôn tư bá,",愿言思伯，
Sử ngã tâm mội.,使我心痗。
Ô hoàng thì chu!,於皇時周！
"Trắc kỳ cao sơn,",陟其高山，
"Đoạ sơn kiều nhạc,",嶞山喬岳，
Doãn do hấp hà.,允猶翕河。
"Phu thiên chi hạ,",敷天之下，
Bầu thì chi đối.,裒時之對。
Thì Chu chi mệnh.,時周之命。
"Thượng đế bản bản,",上帝板板，
Hạ dân tốt đản.,下民卒癉。
"Xuất thoại bất nhiên,",出話不然，
Vi do bất viễn.,爲猶不遠。
"Mỹ thánh quản quản,",靡聖管管，
Bất thực ư đản.,不實於亶。
"Do chi vị viễn,",猶之未遠，
Thị dụng đại gián.,是用大諫。
"Thiên chi phương nạn,",天之方難，
Vô nhiên hiến hiến;,無然憲憲；
"Thiên chi phương quệ,",天之方蹶，
Vô nhiên duệ duệ.,無然泄泄。
"Từ chi tập hĩ,",辭之輯矣，
Dân chi hạp hĩ;,民之洽矣；
"Từ chi dịch hĩ,",辭之懌矣，
Dân chi mạc hĩ.,民之莫矣。
"Ngã tuy dị sự,",我雖異事，
Cập nhĩ đồng liêu.,及爾同僚。
"Ngã tức nhĩ mưu,",我即爾謀，
Thính ngã hiêu hiêu.,聽我囂囂。
"Ngã ngôn duy phục,",我言維服，
Vật dĩ vi tiếu.,勿以爲笑。
"Tiên dân hữu ngôn,",先民有言：
Tuân vu sô nhiêu.,詢于芻蕘。
"Thiên chi phương ngược,",天之方虐，
Vô nhiên hước hước.,無然謔謔。
"Lão phu quán quán,",老夫灌灌，
Tiểu tử kiểu kiểu.,小子蹻蹻。
"Phỉ ngã ngôn mạo,",匪我言耄，
Nhĩ dụng ưu hước.,爾用憂謔。
"Đa tương hốc hốc,",多將熇熇，
Bất khả cứu dược.,不可救藥。
"Thiên chi phương tê,",天之方懠，
Vô vi khoa tỳ.,無爲夸毗。
"Uy nghi tốt mê,",威儀卒迷，
Thiện nhân tái thi.,善人載尸。
"Dân chi phương điện hi,",民之方殿屎，
Tắc mạc ngã cảm quỳ.,則莫我敢葵。
"Táng loạn miệt tư,",喪亂蔑資，
Tằng mạc huệ ngã sư.,曾莫惠我師。
Thiên chi dũ dân,天之牖民，
"Như huân như trì,",如壎如篪，
"Như chương như khuê,",如璋如圭，
Như thủ như huề.,如取如攜。
"Huề vô viết ích,",攜無曰益，
"Dũ dân khổng dị,",牖民孔易。
"Dân chi đa tịch,",民之多辟，
Vô tự lập tịch.,無自立辟。
"Giới nhân duy phiên,",价人維藩，
"Đại sư duy viên,",大師維垣，
"Đại bang duy bình,",大邦維屏，
Đại tông duy hàn.,大宗維翰。
"Hoài đức duy ninh,",懷德維寧，
Tông tử duy thành.,宗子維城。
"Vô tỷ thành hoại,",無俾城壞，
Vô độc tư uý.,無独斯畏。
"Kính thiên chi nộ,",敬天之怒，
Vô cảm hí dự;,無敢戲豫；
"Kính thiên chi du,",敬天之渝，
Vô cảm trì khu.,無敢馳驅。
"Hạo thiên viết minh,",昊天曰明，
Cập nhĩ xuất vãng;,及爾出王；
"Hạo thiên viết đán,",昊天曰旦，
Cập nhĩ du diễn.,及爾游衍。
"Bào hữu khổ diệp,",匏有苦葉，
Tế hữu thâm thiệp.,濟有深涉。
"Thâm tắc lệ,",深則厲，
Thiển tắc khế.,淺則揭。
"Hữu mễ tế doanh,",有瀰濟盈，
Hữu diễu trĩ minh.,有鷕雉鳴。
Tế doanh bất nhu cửu.,濟盈不濡軌，
Trĩ minh cầu kỳ mẫu.,雉鳴求其牡。
Ung ung minh nhạn,雝雝鳴雁，
Húc nhật thuỷ đán.,旭日始旦。
"Sĩ như quy thê,",士如歸妻，
Đãi băng vị phán.,迨冰未泮。
"Thiều thiều chu tỉ,",招招舟子，
Nhân thiệp ngang bĩ.,人涉卬否。
"Nhân thiệp ngang bĩ,",人涉卬否，
Ngang tu ngã hĩ.,卬須我友。
Túc túc bảo vũ.,肅肅鴇羽，
Tập vu bao hủ.,集于苞栩。
"Vương sự mỹ cổ,",王事靡盬，
Bất năng nghệ tắc thử.,不能蓺稷黍。
Phụ mẫu hà hộ?,父母何怙？
"Du du thương thiên,",悠悠蒼天，
Hạt kỳ hữu sở?,曷其有所！
Túc túc bảo dực.,肅肅鴇翼，
Tập vu bao cức.,集于苞棘。
"Vương sự mỹ cổ,",王事靡盬，
Bất năng nghệ thử tắc.,不能蓺黍稷。
Phụ mẫu hà thực?,父母何食？
"Du du thương thiên,",悠悠蒼天，
Hạt kỳ hữu cực?,曷其有極！
"Túc túc bảo hàng,",肅肅鴇行，
Tập vu bao tang.,集于苞桑。
"Vương sự mỹ cổ,",王事靡盬，
Bất năng nghệ đạo lương.,不能蓺稻粱。
Phụ mẫu hà thường?,父母何嘗？
"Du du thương thiên,",悠悠蒼天，
Hạt kỳ hữu thường?,曷其有常。
"Biểu hữu mai,",標有梅，
Kỳ thực thất hề.,其實七兮。
"Cầu ngã thứ sĩ,",求我庶士，
Đãi kỳ cát hề.,迨其吉兮！
"Biểu hữu mai,",標有梅，
Kỳ thực tam hề.,其實三兮。
"Cầu ngã thứ sĩ,",求我庶士，
Đãi kỳ kim hề.,迨其今兮！
"Biểu hữu mai,",標有梅，
Khuynh khuông hí chi.,頃筐塈之。
Cầu ngã thứ sĩ.,求我庶士，
Đãi kỳ vị chi.,迨其謂之！
"Tế phế cam đường,",蔽芾甘棠，
Vật tiễn vật phạt.,勿翦勿伐，
Thiệu Bá sở bạt.,召伯所茇。
"Tế phế cam đường,",蔽芾甘棠，
Vật tiễn vật bị.,勿翦勿敗，
Thiệu Bá sở khí.,召伯所憩。
Tế phế cam đường,蔽芾甘棠，
Vật tiễn vật bế.,勿翦勿拜，
Thiệu Bá sở thuế.,召伯所說。
"Kiết kiết can mao,",孑孑干旄，
Tại Tuấn chi giao.,在浚之郊。
"Tố ty tỵ chi,",素絲紕之，
Lương mã tứ chi.,良馬四之。
"Bỉ xu giả tử,",彼姝者子，
Hà dĩ tý chi?,何以畀之？
"Kiết kiết can dư,",孑孑干旟，
Tại Tuấn chi đô.,在浚之都。
"Tố ty tổ chi,",素絲組之，
Lương mã ngũ chi.,良馬五之。
"Bỉ xu giả tử,",彼姝者子，
Hà dĩ dữ chi?,何以予之？
"Kiết kiết can tinh,",孑孑干旌，
Tại Tuấn chi thành.,在浚之城。
"Tố ty chúc chi,",素絲祝之，
Lương mã lục chi.,良馬六之。
"Bỉ xu giả tử,",彼姝者子，
Hà dĩ cốc chi?,何以告之？
"Cao cầu báo khu,",羔裘豹袪，
Tự ngã nhân cư cư.,自我人居居。
Khỉ vô tha nhân?,豈無他人？
Duy tử chi cố.,維子之故。
"Cao cầu tiêu dao,",羔裘逍遙，
Hồ cầu dĩ trào.,狐裘以朝。
Khỉ bất nhĩ tư?,豈不爾思？
Lao tâm đao đao.,勞心忉忉。
"Cao cầu như nhu,",羔裘如濡，
Tuân trực thả hầu.,洵直且侯。
"Bỉ ký chi tử,",彼其之子，
Xá mệnh bất du.,舍命不渝。
"Cao cầu báo tụ,",羔裘豹褎，
Tự ngã nhân cứu cứu.,自我人究究。
Khỉ vô tha nhân?,豈無他人？
Duy tử chi hẩu.,維子之好。
"Cao cầu ngao tường,",羔裘翱翔，
Hồ cầu tại đường.,狐裘在堂。
Khỉ bất nhĩ tư?,豈不爾思？
Ngã tâm ưu thương.,我心憂傷。
"Cao cầu báo sức,",羔裘豹飾，
Khổng vũ hữu lực.,孔武有力。
"Bỉ ký chi tử,",彼其之子，
Bang chi tư trực.,邦之司直。
"Cao cầu như cáo,",羔裘如膏，
Nhật xuất hữu diệu.,日出有曜。
Khỉ bất nhĩ tư?,豈不爾思？
Trung tâm thị điệu.,中心是悼。
"Cao cầu án hề,",羔裘晏兮，
Tam anh xán hề.,三英粲兮。
"Bỉ ký chi tử,",彼其之子，
Bang chi ngạn hề.,邦之彥兮！
"Cao dương chi bà,",羔羊之皮，
Tố ty ngũ đà.,素絲五紽。
"Thoái thực tự công,",退食自公，
Uy đà uy đà.,委蛇委蛇。
"Cao dương chi cức,",羔羊之革，
"Tố ty ngũ vực,",素絲五緎。
"Uy di uy di,",委蛇委蛇，
Tự công thoái thực.,自公退食。
"Cao dương chi phùng,",羔羊之縫，
"Tố ty ngũ tông,",素絲五總。
"Uy di uy di,",委蛇委蛇，
Thoái thực tự công.,退食自公。
"Củ củ cát cú,",糾糾葛屨，
Khả dĩ lý sương.,可以履霜。
"Tiêm tiêm nữ thủ,",摻摻女手，
Khả dĩ phùng thường.,可以縫裳。
"Yêu chi cức chi,",要之襋之，
Hảo nhân bặc (phục) chi.,好人服之。
"Hảo nhân đề đề,",好人提提，
Uyển nhiên tả tỵ.,宛然左辟。
"Bội kỳ tượng đế,",佩其象揥。
"Duy thị biển tâm,",維是褊心，
Thị dĩ vi thế.,是以為刺。
"Cát chi đàm hề,",葛之覃兮、
Dị vu trung cốc.,施于中谷。
"Duy diệp thê thê,",維葉萋萋、
"Hoàng điểu vu phi,",黃鳥于飛。
"Tập vu quán mộc,",集于灌木、
Kỳ minh giê giê.,其鳴喈喈。
"Cát chi đàm hề,",葛之覃兮、
Dị vu trung cốc.,施于中谷。
"Duy diệp mịch mịch,",維葉莫莫、
Thị ngải thị hoạch.,是刈是濩。
"Vi si vi khích,",為絺為綌、
Phục chi vô dịch.,服之無斁。
"Ngôn cáo sư thị,",言告師氏、
Ngôn cáo ngôn quy.,言告言歸。
"Bạc ô ngã tư,",薄污我私、
Bạc hoãn ngã y.,薄澣我衣。
Hạt hoãn hạt phủ?,害澣害否、
Quy ninh phụ mẫu.,歸寧父母。
"Miên miên cát luỹ,",綿綿葛藟，
Tại Hà chi hổ.,在河之滸。
"Chung viễn huynh đệ,",終遠兄弟，
Vị tha nhân phụ.,謂他人父。
"Vị tha nhân phụ,",謂他人父，
Diệc mạc ngã cú.,亦莫我顧。
"Miên miên cát luỹ,",綿綿葛藟，
Tại Hà chi sĩ.,在河之涘。
"Chung viễn huynh đệ,",終遠兄弟，
Vị tha nhân mỹ.,謂他人母。
"Vị tha nhân mỹ,",謂他人母，
Diệc mạc ngã hĩ.,亦莫我有。
"Miên miên cát luỹ,",綿綿葛藟，
Tại Hà chi thần.,在河之漘。
"Chung viễn huynh đệ,",終遠兄弟，
Vị tha nhân quân.,謂他人昆。
"Vị tha nhân quân,",謂他人昆，
Diệc mạc ngã vân.,亦莫我聞。
"Cát nhật duy mậu,",吉日維戊、
Ký bá ký đào.,既伯既禱。
"Điền xa ký hảo,",田車既好、
Tứ mẫu khổng phụ.,四牡孔阜。
"Thăng bỉ đại phụ,",升彼大阜、
Tòng kỳ quần xú.,從其群丑。
"Cát nhật canh ngọ,",吉日庚午、
Ký sai ngã mã.,既差我馬。
"Thú chi sở đồng,",獸之所同、
U lộc ngữ ngữ.,麀鹿麌麌。
"Tất Tư chi tòng,",漆沮之從、
Thiên tử chi sở.,天子之所。
"Chiêm bỉ trung nguyên,",瞻彼中原、
Kỳ kỳ khổng hữu.,其祁孔有。
"Tiêu tiêu vĩ vĩ,",儦儦俟俟、
Hoặc quần hoặc vĩ.,或群或友。
"Tất suất tả hữu,",悉率左右、
Dĩ yến thiên tử.,以燕天子。
"Ký trương ngã cung,",既張我弓、
Ký hiệp ngã thỉ.,既挾我矢。
"Phát bỉ tiểu ba,",發彼小豝、
Ý thử đại tự.,殪此大兕。
"Dĩ ngự tân khách,",以禦賓客、
Thả dĩ chước lễ.,且以酌醴。
"Cát sinh mông sở,",葛生蒙楚，
Liêm man vu thự.,蘞蔓于野。
Dư mỹ vong thử.,予美亡此，
Thuỳ dữ độc xử?,誰與獨處！
"Cát sinh mông cức,",葛生蒙棘，
Liêm man vu vực.,蘞蔓于域。
Dư mỹ vong thử.,予美亡此，
Thuỳ dữ độc tức?,誰與獨息！
Giác chẩm xán hề!,角枕粲兮，
Cẩm khâm lạn hề!,錦衾爛兮。
"Dư mỹ vong thử,",予美亡此，
Thuỳ dữ độc đán?,誰與獨旦！
"Hạ chi nhật,",夏之日，
Đông chi dự.,冬之夜，
"Bách tuế chi hậu,",百歲之後，
Quy vu kỳ cự.,歸于其居。
"Đông chi dự,",冬之夜，
Hạ chi nhật.,夏之日。
"Bách tuế chi hộ,",百歲之後，
Quy vu kỳ thất.,歸于其室。
"Chẩn lộ vu phi,",振鷺于飛，
Vu bỉ tây ung.,于彼西雝。
"Ngã khách lệ chỉ,",我客戾止，
Diệc hữu tư dung.,亦有斯容。
"Tại bỉ vô ố,",在彼無惡，
Tại thử vô dịch.,在此無斁。
"Thứ cơ túc dạ,",庶幾夙夜，
Dĩ vĩnh chung dự.,以永終譽。
"Chấp cạnh Vũ Vương,",執競武王，
"Vô cạnh duy liệt,",無競維烈，
"Bất hiển Thành Khang,",不顯成康，
Thượng đế thị hoàng.,上帝是皇。
"Tự bỉ Thành Khang,",自彼成康，
"Yểm hữu tứ phương,","奄有四方,"
Cân cân kỳ minh!,斤斤其明！
"Chung cổ hoàng hoàng,",鐘鼓喤喤，
"Khánh quản thương thương,",磬筦將將，
"Giáng phúc nhương nhương,",降福穰穰，
"Giáng phúc giản giản,",降福簡簡，
Uy nghi phản phản.,威儀反反。
"Ký tuý ký bão,",既醉既飽，
Phúc lộc lai phản.,福祿來反。
"Chiêm ngưỡng hạo thiên,",瞻卬昊天，
Tắc bất ngã huệ.,則不我惠。
"Khổng điền bất ninh,",孔填不寧，
Giáng thử đại lệ.,降此大厲。
"Bang mỹ hữu định,",邦靡有定，
Sĩ dân kỳ sái.,士民其瘵。
"Mâu tặc mâu tật,",蟊賊蟊疾，
Mỹ hữu di giới.,靡有夷屆。
"Tội cổ bất thu,",罪罟不收，
Mỹ hữu di trừu.,靡有夷瘳。
"Nhân hữu thổ điền,",人有土田，
Nhữ phản hữu chi;,女反有之；
"Nhân hữu dân nhân,",人有民人，
Nhữ phúc đoạt chi.,女覆奪之。
"Thử nghi vô tội,",此宜無罪，
Nhữ phản thu chi;,女反收之；
"Bỉ nghi hữu tội,",彼宜有罪，
Nhữ phúc thoát chi.,女覆說之。
"Triết phu thành thành,",哲夫成城，
Triết phụ khuynh thành.,哲婦傾城。
"Ý quyết triết phụ,",懿厥哲婦，
Vi kiêu vi si;,為梟為鴟。
"Phụ hữu trường thiệt,",婦有長舌，
Duy lệ chi giai.,維厲之階。
"Loạn phỉ giáng tự thiên,",亂匪降自天，
Sinh tự phụ nhân.,生自婦人。
"Mỹ giáo mỹ hối,",匪教匪誨，
Thời duy phụ tự.,時維婦寺。
"Cúc nhân kĩ thắc,",鞫人忮忒，
Chiêm thuỷ cánh bội.,譫始竟背。
Khởi viết bất cực?,豈曰不極？
Y hồ vi thắc!,伊胡為慝！
"Như cổ tam bội,",如賈三倍，
Quân tử thị thức.,君子是識。
"Phụ vô công sự,",婦無公事，
Hưu kỳ tàm chức.,休其蠶織。
Thiên hà dĩ thích?,天何以刺？
Hà thần bất phúc?,何神不富？
"Xả nhĩ giới địch,",舍爾介狄，
Duy dư tư kỵ.,維予胥忌。
"Bất điếu bất tường,",不弔不祥，
Uy nghi bất loại.,威儀不類。
"Nhân chi vân vong,",人之云亡，
Bang quốc điển tuỵ.,邦國殄瘁。
"Thiên chi giáng võng,",天之降罔，
Duy kỳ ưu hĩ.,維其優矣。
"Nhân chi vân vong,",人之云亡，
Tâm chi ưu hĩ.,心之憂矣。
"Thiên chi giáng võng,",天之降罔，
Duy kỳ cơ hĩ.,維其幾矣。
"Nhân chi vân vong,",人之云亡，
Tâm chi bi hĩ.,心之悲矣。
"Tất phí hạm tuyền,",觱沸檻泉，
Duy kỳ thâm hĩ.,維其深矣。
"Tâm chi ưu hĩ,",心之憂矣，
Ninh tự kim hĩ.,寧自今矣。
"Bất tự ngã tiên,",不自我先，
Bất tự ngã hậu.,不自我後。
"Mạc mạc hạo thiên,",藐藐昊天，
Vô bất khắc củng.,無不克鞏。
"Vô thiểm hoàng tổ,",無忝皇祖，
Thức cứu nhĩ hậu.,式救爾後。
"Thiên sinh chưng dân,",天生烝民，
Hữu vật hữu tắc.,有物有則。
"Dân chi bỉnh di,",民之秉彝，
Hảo thị ý đức.,好是懿德。
"Thiên giám hữu Chu,",天監有周，
Chiêu hà vu hạ.,昭假于下。
"Bảo tư thiên tử,",保茲天子，
Sinh Trọng Sơn Phủ.,生仲山甫。
"Trọng Sơn Phủ chi đức,",仲山甫之德，
Nhu gia duy tắc.,柔嘉維則。
"Lệnh nghi lệnh sắc,",令儀令色，
Tiểu tâm dực dực;,小心翼翼；
"Cổ huấn thị thức,",古訓是式，
Uy nghi thị lực.,威儀是力。
"Thiên tử thị nhược,",天子是若，
Minh mệnh sử phú.,明命使賦。
Vương mệnh Trọng Sơn Phủ:,王命仲山甫：
"Thức thị bách phách,",式是百闢，
"Toản nhung tổ khảo,",纘戎祖考，
Vương cung thị bảo.,王躬是保，
"Xuất nạp vương mệnh,",出納王命。
Vương chi hầu thiệt.,王之喉舌，
"Phú chính vu ngoại,",賦政于外，
Tứ phương viên phát.,四方爰發。
"Túc túc vương mệnh,",肅肅王命，
Trọng Sơn Phủ tương chi;,仲山甫將之；
"Bang quốc nhược bĩ,",邦國若否，
Trọng Sơn Phủ minh chi.,仲山甫明之。
"Ký minh thả triết,",既明且哲，
Dĩ bảo kỳ thân.,以保其身。
"Túc dạ phỉ giải,",夙夜匪解，
Dĩ sự nhất nhân.,以事一人。
Nhân diệc hữu ngôn:,人亦有言：
"Nhu tắc nhự chi,",柔則茹之，
Cương tắc thổ chi.,剛則吐之。
"Duy Trọng Sơn Phủ,",維仲山甫，
"Nhu diệc bất nhự,",柔亦不茹，
Cương diệc bất thổ;,剛亦不吐；
"Bất vũ quan quả,",不侮矜寡，
Bất uý cường ngự.,不畏強禦。
Nhân diệc hữu ngôn:,人亦有言：
"Đức du như mao,",德輶如毛，
Dân tiển khắc cử chi.,民鮮克舉之。
"Ngã nghi đồ chi,",我儀圖之，
"Duy Trọng Sơn Phủ cử chi,",維仲山甫舉之，
Ái mạc trợ chi.,愛莫助之。
"Cổn chức hữu khuyết,",袞職有闕，
Duy Trọng Sơn Phủ bổ chi.,維仲山甫補之。
"Trọng Sơn Phủ xuất tổ,",仲山甫出祖，
"Tứ mẫu nghiệp nghiệp,",四牡業業，
"Chinh phu tiệp tiệp,",征夫捷捷，
Mỗi hoài mỹ cập.,每懷靡及。
"Tứ mẫu bàng bàng,",四牡彭彭，
"Bát loan thương thương,",八鸞鏘鏘，
"Vương mệnh Trọng Sơn Phủ,",王命仲山甫，
Thành bỉ đông phương.,城彼東方。
"Tứ mẫu quỳ quỳ,",四牡騤騤，
"Bát loan giai giai,",八鸞喈喈，
"Trọng Sơn Phủ tồ Tề,",仲山甫徂齊，
Thức thuyên kỳ quy.,式遄其歸。
"Cát Phủ tác tụng,",吉甫作誦，
Mục như thanh phong.,穆如清風。
"Trọng Sơn Phủ vĩnh hoài,",仲山甫永懷，
Dĩ uỷ kỳ tâm.,以慰其心。
Chung Nam hà hữu?,終南何有？
Hữu điều hữu my.,有條有梅。
"Quân tử chí chỉ,",君子至止，
Cẩm y hồ kỳ.,錦衣狐裘，
"Nhan như ác đơn,",顏如渥丹，
Kỳ quân dã tê!,其君也哉！
Chung Nam hà hữu?,終南何有？
Hữu kỷ hữu đường.,有紀有堂。
"Quân tử chí chỉ,",君子至止，
Phất y tú thường.,黻衣繡裳。
Bội ngọc thương thương.,佩玉將將，
Thọ khảo bất vương.,壽考不忘！
Chung phong thả bạo.,終風且暴，
Cố ngã tắc tiếu.,顧我則笑。
"Hước lãng tiếu ngạo,",謔浪笑敖，
Trung tâm thị điệu.,中心是悼。
Chung phong thả mai.,終風且霾，
Huệ nhiên khẳng lai.,惠然肯來。
Mạc vãng mạc lai.,莫往莫來，
Du du ngã tai.,悠悠我思。
"Chung phong thả ế,",終風且曀，
Bất nhật hữu ế.,不日有曀。
"Ngộ ngôn bất mỵ,",寤言不寐，
Nguyện ngôn tắc đế.,愿言則嚏。
"Ế ế kỳ âm,",曀曀其陰，
"Huỷ huỷ kỳ lôi,",虺虺其雷。
Ngộ ngôn bất mỵ,寤言不寐，
Nguyện ngôn tắc hoài.,愿言則懷。
"Chung tư vũ,",螽斯羽、
Sân sân hề.,詵詵兮。
"Nghi nhĩ tử tôn,",宜爾子孫、
Chân chân hề.,振振兮。
Chung tư vũ,螽斯羽、
Hoăng hoăng hề.,薨薨兮。
"Nghi nhĩ tử tôn,",宜爾子孫、
Thằng thằng hề.,繩繩兮。
"Chung tư vũ,",螽斯羽、
Tập tập hề.,揖揖兮。
"Nghi nhĩ tử tôn,",宜爾子孫、
Trập trập hề.,蟄蟄兮。
"Ô thước vương sư,",於鑠王師，
Tuân dưỡng thì hối.,遵養時晦。
"Thì thuần hy hỹ,",時純熙矣，
Thị dụng đại giới.,是用大介。
"Ngã long thụ chi,",我龍受之，
Kiểu kiểu vương chi tạo.,蹻蹻王之造。
"Tái dụng hữu tự,",載用有嗣，
Thực duy nhĩ công doãn sư.,實維爾公允師。
"Tập tập cốc phong,",習習穀風，
Dĩ âm dĩ vũ.,以陰以雨。
"Mẫn miễn đồng tâm,",黽勉同心，
Bất nghi hữu nụ.,不宜有怒。
"Thái phong thái phỉ,",采葑采菲，
Vô dĩ hạ thể.,無以下體。
"Đức âm mạc vi,",德音莫違，
Cập nhĩ đồng tử.,及爾同死。
"Hành đạo trì trì,",行道遲遲，
Trung tâm hữu vi.,中心有違。
"Bất viễn y nhĩ,",不遠伊邇，
Bạc tống ngã kỳ.,薄送我畿。
Thuỳ vị đồ khổ?,誰謂荼苦？
Kỳ cam như tể.,其甘如薺。
"Yến nhĩ tân hôn,",宴爾新昏，
Như huynh như đệ.,如兄如弟。
"Kinh dĩ Vị trọc,",涇以渭濁，
"Thực thực kỳ chỉ,",湜湜其止。
"Yến nhĩ tân hôn,",宴爾新昏，
"Bất ngã tiết dĩ,",不我屑以。
Vô thệ ngã lương.,毋逝我梁，
"Vô phát ngã cẩu,",毋發我笱。
Ngã cung bất duyệt.,我躬不閱，
Hoàng tuất ngã hậu.,遑恤我後。
Tựu kỳ thâm hĩ!,就其深矣，
"Phương chi chu chi,",方之舟之。
Tựu kỳ thiển hĩ!,就其淺矣，
"Vịnh chi du chi,",泳之游之。
Hà hữu hà vong,何有何亡？
"Mẫn miễn cầu chi,",黽勉求之。
"Phàm dâu hữu tang,",凡民有喪，
Bồ bộc cứu chi.,匍匐救之。
"Bất ngã năng súc,",不我能慉，
Phản dĩ ngã vi thù.,反以我為讎。
"Ký trở ngã đức,",既阻我德，
Cổ dụng bất thụ.,賈用不售。
"Tích dục khủng dục cúc,",昔育恐育鞫，
"Cập nhĩ điên phúc,",及爾顛覆。
"Ký sinh ký dục,",既生既育，
Tỷ dư vu độc.,比予于毒。
"Ngã hữu chỉ súc,",我有旨蓄，
Diệc dĩ ngự đông.,亦以御冬。
"Yến nhĩ tân hôn,",宴爾新昏，
Dĩ ngã ngự cùng.,以我御窮。
"Hữu quang hữu hội,",有洸有潰，
"Ký di ngã dị,",既詒我肄。
"Bất niệm tích giả,",不念昔者，
Y dư lai kỵ.,伊餘來塈。
"Đốc Công Lưu,",篤公劉，
"Phỉ cư phỉ khang,",匪居匪康，
"Nãi trường nãi cương,",迺場迺疆，
"Nãi tích nãi thương,",迺積迺倉，
"Nãi khoả hầu lương,",迺裹糇糧，
"Vu thác vu nang,",于橐于囊，
Tư tập dụng quang.,思輯用光。
"Cung thỉ tư trương,",弓矢斯張，
"Can qua thích dương,",干戈戚揚，
Viên phương khải hành.,爰方啟行。
"Đốc Công Lưu,",篤公劉，
Vu tư tư nguyên.,于胥斯原。
"Ký thứ ký phiền,",既庶既繁。
"Ký thuận nãi tuyên,",既順乃宣，
Nhi vô vịnh thán.,而無詠嘆。
"Trắc tắc tại nghiễn,",陟則在巘，
Phúc giáng tại nguyên.,复降在原。
Hà dĩ chu chi?,何以舟之？
"Duy ngọc cập dao,",維玉及瑤，
Bính bổng dung đao.,鞞琫容刀。
"Đốc Công Lưu,",篤公劉，
"Thệ bỉ bách tuyền,",逝彼百泉，
Chiêm bỉ phổ nguyên.,瞻彼溥原。
"Nãi trắc nam cương,",乃陟南岡，
Nãi cấu vu kinh.,乃覯于京。
"Kinh sư chi dã,",京師之野，
"Vu thì xử xử,",于時處處，
"Vu thì lữ lữ,",于時廬旅。
"Vu thì ngôn ngôn,",于時言言，
Vu thì ngữ ngữ.,于時語語。
"Đốc Công Lưu,",篤公劉，
Vu kinh tư y.,于京斯依。
"Thương thương tể tể,",蹌蹌濟濟，
"Tỉ diên tỉ kỷ,",俾筵俾几。
"Ký đăng nãi y,",既登乃依，
Nãi tạo kỳ tào;,乃造其曹；
"Chấp thỉ vu lao,",執豕于牢，
Chước chi dụng bào.,酌之用匏。
"Thực chi ẩm chi,",食之飲之，
Quân chi tông chi.,君之宗之。
"Đốc Công Lưu,",篤公劉，
Ký phổ ký trường.,既溥既長。
"Ký cảnh nãi cương,",既景乃岡，
"Tương kỳ âm dương,",相其陰陽，
Quan kỳ lưu tuyền.,觀其流泉。
"Kỳ quân tam đan,",其軍三單，
"Độ kỳ thấp nguyên,",度其隰原，
Triệt điền vi lương.,徹田爲糧。
"Độ kỳ tịch dương,",度其夕陽，
Bân cư duẫn hoang.,豳居允荒。
"Đốc Công Lưu,",篤公劉，
Vu Bân tư quán.,于豳斯館。
"Thiệp Vị vi loạn,",涉渭爲亂，
Thủ lệ thủ đoàn.,取厲取鍛。
"Chỉ cơ nãi lý,",止基乃理，
Viên chúng viên hữu.,爰眾爰有。
"Giáp kỳ Hoàng giản,",夾其皇澗，
"Tố kỳ Qua giản,",溯其過澗。
"Chỉ lữ nãi mật,",止旅乃密，
Nhuế cúc chi tức.,芮鞫之即。
"Nam hữu cù mộc,",南有樛木、
Cát luỹ lôi chi.,葛藟纍之。
Lạc chỉ quân tử!,樂只君子、
Phúc lý tuy chi.,福履綏之。
Nam hữu cù mộc.,南有樛木、
Cát luỹ hoang chi.,葛藟荒之。
Lạc chỉ quân tử!,樂只君子、
Phúc lý tương chi.,福履將之。
"Nam hữu cù mộc,",南有樛木、
Cát luỹ oanh chi.,葛藟縈之。
Lạc chỉ quân tử!,樂只君子、
Phúc lý thành chi.,福履成之。
"Cửu vực chi ngư,",九罭之魚、
Tôn phòng.,鱒魴。
"Ngã cấu chi tử,",我覯之子、
Cổn y tú thường.,袞衣繡裳。
"Hồng phi tuân chử,",鴻飛遵渚、
Công quy vô sở?,公歸無所、
Ư nhữ tín xử.,於女信處。
"Hồng phi tuân lục,",鴻飛遵陸、
"Công quy bất phục,",公歸不復、
Ư nhữ tín túc.,於女信宿。
Thị dĩ hữu cổn y hề!,是以有袞衣兮、
Vô dĩ ngã công quy hề!,無以我公歸兮、
Vô sử ngã tâm bi hề!,無使我心悲兮。
"Dã hữu man thảo,",野有蔓草，
Linh lộ thiễn hề.,零露漙兮。
"Hữu mỹ nhất nhân,",有美一人，
Thanh dương uyển hề.,清揚婉兮。
"Giải cấu tương ngộ,",邂逅相遇，
Thích ngã nguyện hề.,適我愿兮。
"Dã hữu man thảo,",野有蔓草，
Linh Lộ nhương nhương.,零露瀼瀼。
"Hữu mỹ nhất nhân,",有美一人，
UYển như thanh dương.,婉如清揚。
"Giải cấu tương ngộ,",邂逅相遇，
Dữ tử giai tương.,與子偕臧。
"Dã hữu tử khuân,",野有死麇，
Bạch mao bao chi.,白茅包之。
"Hữu nữ hoài xuân,",有女懷春，
Cát sĩ dụ chi.,吉士誘之。
"Lâm hữu bộc tốc,",林有樸樕，
Dã hữu tử lộc.,野有死鹿，
"Bạch mao đồn thúc,",白茅純束。
Hữu nữ như ngọc.,有女如玉。
Thư nhi đoái đoái hề!,舒而脫脫兮，
Vô cảm ngã thuế hề!,無感我帨兮，
Vô sử mang dã phệ.,無使尨也吠。
"Minh minh tại hạ,",明明在下，
Hách hách tại thượng.,赫赫在上。
"Thiên nan thầm tư,",天難忱斯，
Bất dị duy vương.,不易維王。
"Thiên vị Ân đích,",天位殷適，
Sử bất tiếp tứ phương.,使不挾四方
"Chí trọng thị Nhâm,",摯仲氏任，
Tự bỉ Ân Thương.,自彼殷商；
"Lai giá vu Chu,",来嫁于周，
Viết tần vu kinh.,曰嬪于京。
"Nãi cập Vương Quý,",乃及王季，
Duy đức chi hành.,維德之行。
"Thái Nhâm hữu thân,",太任有身，
Sinh thử Văn Vương.,生此文王。
"Duy thử Văn Vương,",維此文王，
Tiểu tâm dực dực.,小心翼翼。
"Chiêu sự thượng đế,",昭事上帝，
Duật hoài đa phúc.,聿懷多福。
"Quyết đức bất hồi,",厥德不回，
Dĩ thụ phương quốc.,以受方國。
"Thiên giám tại hạ,",天監在下，
Hữu mệnh ký tập.,有命既集。
"Văn Vương sơ tải,",文王初載，
Thiên tác chi hợp.,天作之合。
"Tại Hạp chi dương,",在洽之陽，
Tại Vị chi sĩ.,在渭之涘。
"Văn Vương gia chỉ,",文王嘉止，
Đại bang hữu tử.,大邦有子。
"Đại bang hữu tử,",大邦有子，
Khiến thiên chi muội.,俔天之妹。
"Văn định quyết tường,",文定厥祥，
Thân nghinh vu Vị.,親迎于渭。
"Tạo chu vi lương,",造舟為梁，
Bất hiển kỳ quang?,不顯其光。
"Hữu mệnh tự thiên,",有命自天，
Mệnh thử Văn Vương.,命此文王。
"Vu Chu vu kinh,",于周于京。
Toản nữ duy Sằn.,纘女維莘，
"Trưởng tử duy hành,",長子維行。
Đốc sinh Vũ Vương.,篤生武王，
"Bảo hựu mệnh nhĩ,",保右命爾，
Tiếp phạt Đại Thương.,燮伐大商。
"Ân Thương chi lữ,",殷商之旅，
Kỳ hội như lâm.,其會如林。
"Thỉ vu Mục Dã,",矢于牧野，
Duy dư hầu hưng.,維予侯興。
"Thượng đế lâm nhữ,",上帝臨女，
Vô nhị nhĩ tâm!,無貳爾心！
"Mục Dã dương dương,",牧野洋洋，
"Đàn xa hoàng hoàng,",檀車煌煌，
Tứ nguyên bàng bàng.,駟騵彭彭。
"Duy sư Thượng Phụ,",維師尚父，
Thì duy ưng dương.,時維鷹揚；
"Lượng bỉ Vũ Vương,",凉彼武王，
"Tứ phạt Đại Thương,",肆伐大商，
Hội triều thanh minh.,會朝清明。
"Đại xa hạm hạm,",大車檻檻，
Xuế y như thảm.,毳衣如菼。
Khỉ bất nhĩ tư?,豈不爾思？
Uý tử bất cảm.,畏子不敢。
"Đại xa thôn thôn,",大車啍啍，
Xuế y như môn.,毳衣如璊。
Khỉ bất nhĩ tư?,豈不爾思？
Uý tử bất bôn.,畏子不奔。
"Cốc tắc dị thất,",穀則異室，
Tử tắc đồng huật.,死則同穴。
"Vị dư bất tín,",謂予不信，
Hữu như hạo nhật.,有如皞日。
"Đãng đãng thượng đế,",蕩蕩上帝，
Hạ dân chi bích.,下民之辟。
"Tật uy thượng đế,",疾威上帝，
Kỳ mệnh đa tịch.,其命多辟。
"Thiên sinh chưng dân,",天生烝民，
Kỳ mệnh phỉ kham.,其命匪諶。
"Mĩ bất hữu sơ,",靡不有初，
Tiển khắc hữu chung.,鮮克有終。
Văn Vương viết: tư!,文王曰：咨！
Tư nhữ Ân Thương.,咨女殷商。
"Tằng thị cường ngự,",曾是強御，
"Tằng thị bồi khắc,",曾是掊克，
"Tằng thị tại vị,",曾是在位，
Tằng thị tại phục.,曾是在服。
"Thiên giáng thao đức,",天降滔德，
Nhữ hưng thị lực.,女興是力。
Văn Vương viết: tư!,文王曰：咨！
Tư nhữ Ân Thương.,咨女殷商。
"Nhi bỉnh nghĩa loại,",而秉義類，
Cường ngự đa đỗi.,強御多懟。
"Lưu ngôn dĩ đối,",流言以對，
Khấu nhương thức nội.,寇攘式內。
"Hầu tác hầu chú,",侯作侯祝，
Mỹ giới mỹ cứu.,靡屆靡究。
Văn Vương viết: tư!,文王曰：咨！
Tư nhữ Ân Thương.,咨女殷商。
"Nhữ bào hao vu trung quốc,",女炰烋于中國，
Liễm oán dĩ vi đức.,斂怨以爲德。
"Bất minh nhĩ đức,",不明爾德，
Thời vô bối vô trắc;,時無背無側；
"Nhĩ đức bất minh,",爾德不明，
Dĩ vô bồi vô khanh.,以無陪無卿。
Văn Vương viết: tư!,文王曰：咨！
Tư nhữ Ân Thương.,咨女殷商。
"Thiên bất miện nhĩ dĩ tửu,",天不湎爾以酒，
Bất nghĩa tòng thức.,不義從式。
"Ký khiên nhĩ chỉ,",既愆爾止，
Mỹ minh mỹ hối.,靡明靡晦。
"Thức hào thức hô,",式號式呼，
Tỷ trú tác dạ.,俾晝作夜。
Văn Vương viết: tư!,文王曰：咨！
Tư nhữ Ân Thương.,咨女殷商。
"Như điêu như đường,",如蜩如螗，
Như phí như canh.,如沸如羹。
"Tiểu đại cận táng,",小大近喪，
Nhân thượng hồ do hành.,人尚乎由行。
"Nội bí vu trung quốc,",內奰于中國，
Đàm cập quỷ phương.,覃及鬼方。
Văn Vương viết: tư!,文王曰：咨！
Tư nhữ Ân Thương.,咨女殷商。
"Phỉ thượng đế bất thì,",匪上帝不時，
Ân bất dụng cựu.,殷不用舊。
"Tuy vô lão thành nhân,",雖無老成人，
Thượng hữu điển hình.,尚有典刑。
"Tằng thị mạc thính,",曾是莫聽，
Đại mệnh dĩ khuynh.,大命以傾。
Văn Vương viết: tư!,文王曰：咨！
Tư nhữ Ân Thương.,咨女殷商。
Nhân diệc hữu ngôn:,人亦有言：
"Điên bái chi yết,",顛沛之揭，
"Chi diệp vị hữu hại,",枝葉未有害，
Bản thực tiên bát.,本實先撥。
"Ân giám bất viễn,",殷鑒不遠，
Tại Hạ hậu chi thế.,在夏后之世！
"Dân diệc lao chỉ,",民亦勞止，
Hất khả tiểu khang.,汔可小康。
"Huệ thử trung quốc,",惠此中國，
Dĩ tuy tứ phương.,以綏四方。
"Vô túng quỷ tuỳ,",無縱詭隨，
Dĩ cẩn vô lương.,以謹無良。
"Thức át khấu ngược,",式遏寇虐，
Thảm bất uý minh.,憯不畏明。
"Nhu viễn năng nhĩ,",柔遠能邇，
Dĩ định ngã vương.,以定我王。
"Dân diệc lao chỉ,",民亦勞止，
"Hất khả tiểu hưu,",汔可小休。
"Huệ thử trung quốc,",惠此中國，
Dĩ vị dân cầu.,以爲民逑。
"Vô túng quỷ tuỳ,",無縱詭隨，
Dĩ cẩn hôn nao.,以謹惛怓。
"Thức át khấu ngược,",式遏寇虐，
Vô tỷ dân ưu.,無俾民憂。
"Vô khí nhĩ lao,",無棄爾勞，
Dĩ vị vương hưu.,以爲王休。
"Dân diệc lao chỉ,",民亦勞止，
Hất khả tiểu tức.,汔可小息。
"Huệ thử kinh sư,",惠此京師，
Dĩ tuy tứ quốc.,以綏四國。
"Vô túng quỷ tuỳ,",無縱詭隨，
Dĩ cẩn võng cực.,以謹罔極。
"Thức át khấu ngược,",式遏寇虐，
Vô tỷ tác thắc.,無俾作慝。
"Kính thận uy nghi,",敬慎威儀，
Dĩ cận hữu đức.,以近有德。
"Dân diệc lao chỉ,",民亦勞止，
Hất khả tiểu khái.,汔可小愒。
"Huệ thử trung quốc,",惠此中國，
Tỷ dân ưu duệ.,俾民憂泄。
"Vô túng quỷ tuỳ,",無縱詭隨，
Dĩ cẩn xú lệ.,以謹醜厲。
"Thức át khấu ngược,",式遏寇虐，
Vô tỷ chính bại.,無俾正敗。
"Nhung tuy tiểu tử,",戎雖小子，
Nhi thức hoằng đại.,而式弘大。
"Dân diệc lao chỉ,",民亦勞止，
Hất khả tiểu an.,汔可小安。
"Huệ thử trung quốc,",惠此中國，
Quốc vô hữu tàn.,國無有殘。
"Vô túng quỷ tuỳ,",無縱詭隨，
Dĩ cẩn khiển khuyển.,以謹繾綣。
"Thức át khấu ngược,",式遏寇虐，
Vô tỷ chính phản.,無俾正反。
"Vương dục ngọc nhữ,",王欲玉女，
Thị dụng đại gián.,是用大諫。
"Đào chi yêu yêu,",桃之夭夭、
Chước chước kỳ hoa.,灼灼其華。
"Chi tử vu quy,",之子于歸、
Nghi kỳ thất gia.,宜其室家。
"Đào chi yêu yêu,",桃之夭夭、
Hữu phần kỳ thực.,有蕡其實。
"Chi tử vu quy,",之子于歸、
Nghi kỳ gia thất.,宜其家室。
"Đào chi yêu yêu,",桃之夭夭、
Kỳ diệp trăn trăn.,其葉蓁蓁。
"Chi tử vu quy,",之子于歸、
Nghi kỳ gia nhân.,宜其家人。
"Hữu đệ chi đỗ,",有杕之杜，
Hữu hoạn kỳ thực.,有睆其實。
"Vương sự mỹ cổ,",王事靡盬，
Kế tự ngã nhật.,繼嗣我日。
"Nhật nguyệt dương chỉ,",日月陽止，
"Nữ tâm thương chỉ,",女心傷止，
Chinh phu hoàng chỉ.,征夫遑止。
"Hữu đệ chi đỗ,",有杕之杜，
Kỳ diệp tử tử.,其葉湑湑。
"Độc hành củ củ,",獨行踽踽，
Khỉ vô tha nhân?,豈無他人？
"Bất như ngã đồng phụ,",不如我同父。
"Ta hành chi nhân,",嗟行之人，
Hồ bất tỵ yên?,胡不比焉？
"Nhân vô huynh đệ,",人無兄弟，
Hồ bất thứ yên?,胡不佽焉？
"Hữu đệ chi đỗ,",有杕之杜，
Kỳ diệp thê thê.,其葉萋萋。
"Vương sự mỹ cổ,",王事靡盬，
Ngã tâm thương bi.,我心傷悲。
"Huỷ mộc thê chỉ,",卉木萋止，
"Nữ tâm bi chỉ,",女心悲止，
Chinh phu quy chỉ.,征夫歸止。
"Hữu đệ chi đỗ,",有杕之杜，
Kỳ diệp tinh tinh.,其葉菁菁。
"Độc hành quỳnh quỳnh,",獨行睘睘，
Khỉ vô tha nhân?,豈無他人？
"Bất như ngã đồng tính,",不如我同姓。
"Ta hành chi nhân,",嗟行之人，
Hồ bất tỵ yên?,胡不比焉？
"Nhân vô huynh đệ,",人無兄弟，
Hồ bất thứ yên?,胡不佽焉？
"Trắc bỉ bắc sơn,",陟彼北山，
Ngôn thái kỳ khỉ.,言采其杞。
"Vương sự mỹ cổ,",王事靡盬，
Ưu ngã phụ mẫu.,憂我父母。
"Đàn xa xiển xiển,",檀車幝幝，
"Tứ mẫu quản quản,",四牡痯痯，
Chinh phu bất viễn.,征夫不遠。
"Phỉ tái phỉ lai,",匪載匪來，
Ưu tâm khổng cửu.,憂心孔疚。
"Kỳ phệ bất chỉ,",斯逝不至，
Nhi đa vi tuất.,而多爲恤。
"Bốc thệ giai chỉ,",蔔筮偕止，
"Hội ngôn cận chỉ,",會言近止，
Chinh phi nhĩ chỉ.,征夫邇止。
"Đế đống tại đông,",蝃蝀在東，
Mạc chi cảm chỉ.,莫之敢指。
"Nữ tử hữu hành,",女子有行，
Viễn phụ mẫu huynh đệ.,遠父母兄弟。
"Triêu tê vu tây,",朝隮于西，
Sùng triêu kỳ vũ.,崇朝其雨。
"Nữ tử hữu hành,",女子有行，
Viễn huynh đệ phụ mỗ.,遠兄弟父母。
"Nãi như chi nhân dã,",乃如之人也，
Hoài hôn nhân dã.,懷婚姻也。
Đại vô tân dã.,大無信也，
Bất tri mịnh dã.,不知命也。
"Đính chi phương trung,",定之方中，
Tác vu Sở cung.,作于楚宮。
"Quỹ chi dĩ nhật,",揆之以日，
Tác vu sở thất.,作于楚室。
"Thụ chi trăn lật,",樹之榛栗，
"Y đồng tử tất,",椅桐梓漆，
Viên phạt cầm sắt.,爰伐琴瑟。
"Thăng bỉ khử hĩ,",升彼虛矣，
Dĩ vọng Sở hĩ.,以望楚矣。
"Vọng Sở dữ Đường,",望楚與堂，
"Ảnh sơn dữ cương,",景山與京。
Giáng quan vu tang.,降觀于桑，
Bốc vân kỳ cát.,卜云其吉，
Chung yên doãn tang.,終然允臧。
"Linh vũ ký linh,",靈雨既零，
Mệnh bỉ quan nhân.,命彼倌人。
"Tinh ngôn túc giá,",星言夙駕，
Thuế vu tang đần.,說于桑田。
"Phỉ trực dã nhân,",匪直也人，
"Bỉnh tâm tắc uân,",秉心塞淵，
Lai tẫn tam thân.,騋牝三千。
"Đồng cung siêu hề,",彤弓弨兮，
Thụ ngôn tàng chi.,受言藏之。
"Ngã hữu gia tân,",我有嘉賓，
Trung tâm huống chi.,中心貺之。
"Chung cổ ký thiết,",鍾鼓既設，
Nhất triêu hưởng chi.,一朝饗之。
"Đồng cung siêu hề,",彤弓弨兮，
Thụ ngôn tái chi.,受言載之。
"Ngã hữu gia tân,",我有嘉賓，
Trung tâm hỉ chi.,中心喜之。
"Chung cổ ký thiết,",鍾鼓既設，
Nhất triêu hựu chi.,一朝右之。
"Đồng cung siêu hề,",彤弓弨兮，
Thụ ngôn cao chi.,受言櫜之。
"Ngã hữu gia tân,",我有嘉賓，
Trung tâm háo chi.,中心好之。
"Chung cổ ký thiết,",鍾鼓既設，
Nhất triêu thù chi.,一朝酬之。
"Đông môn chi dương,",東門之楊，
Kỳ diệp tương tương.,其葉牂牂。
"Hôn dĩ vi kỳ,",昏以為期，
Minh tinh hoàng hoàng.,明星煌煌。
"Đông môn chi dương,",東門之楊，
Kỳ diệp phế phế.,其葉肺肺，
"Hôn dĩ vi kỳ,",昏以為期，
Minh tinh chế chế.,明星晢晢。
Đông môn chi văn.,東門之枌，
Uyển khâu chi hử.,宛丘之栩。
"Tử Trọng chi tử,",子仲之子，
Bà thoa kỳ hụ.,婆娑其下。
"Cốc đán vu tha,",穀旦于差，
"Nam phương chi nguyên,",南方之原。
"Bất tích kỳ ma,",不績其麻，
Thị dã bà thoa.,市也婆娑。
"Cốc đán vu thệ,",穀旦于逝，
Việt dĩ tông lệ.,越以鬷邁。
"Thị nhĩ như kiều,",視爾如荍，
Di ngã ác tiêu.,貽我握椒。
"Đông môn chi thiện,",東門之墠，
Như lư tại phiến.,茹藘在阪。
"Kỳ thất tắc nhĩ,",其室則邇，
Kỳ nhân thậm viễn.,其人甚遠。
"Đông môn chi lật,",東門之栗，
Hữu tiễn gia thất,有踐家室。
Khỉ bất nhĩ tư?,豈不爾思？
Tử bất ngã tức.,子不我即。
"Đông môn chi trì,",東門之池，
Khả dĩ âu ma.,可以漚麻。
"Bỉ mỹ thục cơ,",彼美淑姬，
Khả dữ ngộ ca.,可與晤歌。
"Đông môn chi trì,",東門之池，
Khả dĩ âu trữ.,可以漚紵。
"Bỉ mỹ thục cơ,",彼美淑姬，
Khả dữ ngộ ngữ.,可與晤語。
"Đông môn chi trì,",東門之池，
Khả dĩ âu kiên.,可以漚菅。
"Bỉ mỹ thục cơ,",彼美淑姬，
Khả dữ ngộ nghiên.,可與晤言。
"Đông phương chi nhật hề,",東方之日兮，
"Bỉ xu giả tử,",彼姝者子，
Tại ngã thất hề.,在我室兮。
"Tại ngã thất hề,",在我室兮，
Lý ngã tức hề.,履我即兮。
"Đông phương chi nguyệt hề,",東方之月兮，
"Bỉ xu giả tử,",彼姝者子，
Tại ngã thuyết hề.,在我闥兮。
"Tại ngã thuyết hề,",在我闥兮，
Lý ngã phiết hề.,履我發兮。
"Đông phương vị mang,",東方未明，
Điên đảo y thường.,顛倒衣裳。
"Điên chi điểu chi,",顛之倒之，
Tự công triệu chi.,自公召之。
"Đông phương vị hy,",東方未曦，
Điên đảo thường y.,顛倒裳衣。
"Đảo chi đân chi,",倒之顛之，
Tự công lịnh chi.,自公令之。
"Chiết liễu phan bố,",折柳樊圃，
Cuồng phu cú cú.,狂夫瞿瞿。
"Bất năng thời dử,",不能辰夜，
Bất túc tắc mộ.,不夙則莫。
"Ngã tồ Đông Sơn,",我徂東山、
Thao thao bất quy.,慆慆不歸。
"Ngã lai tự đông,",我來自東、
Linh vũ kỳ mông.,零雨其濛。
"Ngã đông viết quy,",我東曰歸、
Ngã tâm tây bi.,我心西悲。
"Chế bỉ thường y,",制彼裳衣、
Vật sĩ hàng my.,勿士行枚。
"Quyên quyên giả thục,",蜎蜎者蠋、
Chưng tại tang dã.,烝在桑野。
"Đôi bỉ độc túc,",敦彼獨宿、
Diệc tại xa hạ.,亦在車下。
"Ngã tồ Đông Sơn,",我徂東山、
Thao thao bất quy.,慆慆不歸。
"Ngã lai tự đông,",我來自東、
Linh vũ kỳ mông.,零雨其濛。
"Quả loã chi thực,",果臝之實、
Diệc dị vu vũ.,亦施于宇。
"Y uy tại thất,",伊威在室、
Tiêu tiêu tại hộ.,蠨蛸在戶。
"Đình thoản lộc trường,",町曈鹿場、
Dực diệu tiêu hàng.,熠燿宵行。
"Bất khả uý dã,",不可畏也、
Y khả hoài dã.,伊可懷也。
"Ngã tồ Đông Sơn,",我徂東山、
Thao thao bất quy.,慆慆不歸。
"Ngã lai tự đông,",我來自東、
Linh vũ kỳ mông.,零雨其濛。
"Quán minh vu dật,",鸛鳴于垤、
Phụ thán vu thất.,婦歎于室。
"Sái tảo khung trất,",洒掃穹窒、
Ngã chinh duật chí.,我征聿至。
"Hữu đôi qua khổ,",有敦瓜苦、
Chưng tại lật tân.,烝在栗薪。
"Tự ngã bất kiến,",自我不見、
Vu kim tam niên.,于今三年。
"Ngã tồ Đông Sơn,",我徂東山、
Thao thao bất quy.,慆慆不歸。
"Ngã lai tự đông,",我來自東、
Linh vũ kỳ mông.,零雨其濛。
"Thương canh vu phi,",倉庚于飛、
Dực diệu kỳ vũ.,熠燿其羽。
"Chi tử vu quy,",之子于歸、
Hoàng bác kỳ mã.,皇駁其馬。
"Thân kết kỳ ly,",親結其縭、
Cửu thập kỳ nghi.,九十其儀。
"Kỳ tân khổng gia,",其新孔嘉、
Kỳ cựu như chi hà?,其舊如之何。
Dương chi thuỷ.,揚之水，
Bạch thạch tác tác.,白石鑿鑿。
"Tố ý chu bác,",素衣朱襮，
Tùng tử vu Ác.,從子于沃。
"Ký kiến quân tử,",既見君子，
Vân hà bất lạc?,云何不樂？
"Dương chi thuỷ,",揚之水，
Bất lưu thúc sở.,不流束楚。
"Chung tiển huynh đệ,",終鮮兄弟，
"Duy dư dữ nhữ,",維予與女。
Vô tín nhân chi ngôn.,無信人之言，
Nhân thực cuống nhữ.,人實誑女。
"Dương chi thuỷ,",揚之水，
Bất lưu thúc tân.,不流束薪。
"Bỉ ký chi tử,",彼其之子，
Bất dữ ngã thú Thân,不與我戍申。
"Hoài tai, hoài tai!",懷哉、懷哉，
Hạt nguyệt dư hoàn quy tai?,曷月予還歸哉？
"Dương chi thuỷ,",揚之水，
Bất lưu thúc tân.,不流束薪。
"Chung tiển huynh đệ,",終鮮兄弟，
"Duy dư nhị nhân,",維予二人。
Vô tín nhân chi ngôn.,無信人之言，
Nhân thực bất tân.,人實不信。
"Dương chi thuỷ,",揚之水，
Bạch thạch hào hào.,白石皓皓。
"Tố ý chu tiêu,",素衣朱繡，
Tùng tử vu Cao.,從子于鵠。
"Ký kiến quân tử,",既見君子，
Vân hà kỳ yêu?,云何其憂？
"Dương chi thuỷ,",揚之水，
Bất lưu thúc sở.,不流束楚。
"Bỉ ký chi tử,",彼其之子，
Bất dữ ngã thú Phủ.,不與我戍甫。
"Hoài tai, hoài tai!",懷哉、懷哉，
Hạt nguyệt dư hoàn quy tai?,曷月予還歸哉？
"Dương chi thuỷ,",揚之水，
Bạch thạch lân lân.,白石粼粼。
Ngã văn hữu mịnh.,我聞有命，
Bất cảm dĩ cáo nhân.,不敢以告人。
"Dương chi thuỷ,",揚之水，
Bất lưu thúc bồ.,不流束蒲。
"Bỉ ký chi tử,",彼其之子，
Bất dữ ngã thú Hử.,不與我戍許。
"Hoài tai, hoài tai!",懷哉、懷哉，
Hạt nguyệt dư hoàn quy tai?,曷月予還歸哉？
"Duy thanh tập hy,",維清緝熙，
Văn vương chi điển.,文王之典。
"Triệu nhân,",肇禋。
Hất dụng hữu thành.,迄用有成，
Duy Chu chi trinh.,維周之禎。
"Duy thiên chi mệnh,",維天之命，
Ô mục bất dĩ.,於穆不已。
"Ô hô bất hiển,",於乎不顯，
Văn Vương chi đức chi thuần?,文王之德之純。
Hà dĩ dật ngã?,假以溢我，
Ngã kỳ thu chi.,我其收之。
"Tuấn huệ ngã Văn Vương,",駿惠我文王，
Tằng tôn đốc chi.,曾孫篤之。
"Gia lạc quân tử,",假樂君子，
Hiển hiển lệnh đức.,顯顯令德。
"Nghi dân nghi nhân,",宜民宜人，
Thụ lộc vu thiên.,受祿于天。
"Bảo hựu mệnh chi,",保右命之，
Tự thiên thân chi.,自天申之。
"Can lộc bách phúc,",干祿百福，
Tử tôn thiên ức.,子孫千億。
"Mục mục hoàng hoàng,",穆穆皇皇，
Nghi quân nghi vương.,宜君宜王。
"Bất khiên bất vong,",不愆不忘，
Suất do cựu chương.,率由舊章。
"Uy nghi ức ức,",威儀抑抑，
Đức âm trật trật.,德音秩秩。
"Vô oán vô ố,",無怨無惡，
Suất do quần thất.,率由群匹。
"Thụ phúc vô cương,",受福無疆，
Tứ phương chi cương.,四方之綱。
"Chi cương chi kỷ,",之綱之紀，
Yến cập bằng hữu.,燕及朋友。
"Bách phích khanh sĩ,",百辟卿士，
Mị vu thiên tử.,媚于天子。
"Bất giải vu vị,",不解于位，
Dân chi du ký.,民之攸墍。
"Giang Hán phù phù,",江漢浮浮，
Vũ phu thao thao.,武夫滔滔。
"Phỉ an phỉ du,",匪安匪遊，
Hoài di lai cầu.,淮夷來求。
"Ký xuất ngã xa,",既出我車，
"Ký thiết ngã dư,",既設我旟，
"Phỉ an phỉ thư,",匪安匪舒，
Hoài di lai phô.,淮夷來鋪。
"Giang Hán sương sương,",江漢湯湯，
Vũ phu quang quang.,武夫洸洸。
"Kinh doanh tứ phương,",經營四方，
Cáo thành vu vương.,告成于王。
"Tứ phương ký bình,",四方既平，
Vương quốc thứ định.,王國庶定。
"Thời mỹ hữu tranh,",時靡有爭，
Vương tâm tái ninh.,王心載寧。
"Giang Hán chi hử,",江漢之滸，
"Vương mệnh Thiệu Hổ,",王命召虎，
"Thức tịch tứ phương,",式辟四方，
Triệt ngã cương thổ.,徹我疆土。
"Phỉ cứu phỉ cức,",匪疚匪棘，
Vương quốc lai cực.,王國來極。
"Vu cương vu lý,",于疆于理，
Chí vu nam hải.,至于南海。
"Vương mệnh Thiệu Hổ,",王命召虎，
Lai tuần lai tuyên;,來旬來宣；
"Văn Vũ thụ mệnh,",文武受命，
Thiệu Công duy hàn.,召公維翰。
"Vô viết: dư tiểu tử,",無曰：予小子，
Thiệu Công thị tự.,召公是似。
"Triệu mẫn nhung công,",肇敏戎公，
Dụng tích nhĩ chỉ.,用錫爾祉。
"Li nhĩ khuê toản,",厘爾圭瓚，
"Cự sưởng nhất dữu,",秬鬯一卣。
"Cáo vu văn nhân,",告于文人，
Tích sơn thổ điền.,錫山土田。
"Vu Chu thụ mệnh,",于週受命，
Tự Thiệu tổ mệnh.,自召祖命。
"Hổ bái khể thủ,",虎拜稽首，
Thiên tử vạn niên.,天子萬年。
"Hổ bái khể thủ,",虎拜稽首，
Đối dương vương hưu.,對揚王休。
"Tác Thiệu công khảo,",作召公考，
Thiên tử vạn thọ.,天子萬壽。
"Minh minh thiên tử,",明明天子，
Lệnh vấn bất dĩ;,令聞不已；
"Thỉ kỳ văn đức,",矢其文德，
Hiệp thử tứ quốc.,洽此四國。
"Giang hữu tĩ,",江有汜，
Chi tử quy.,之子歸，
"Bất ngã dĩ,",不我以。
"Bất ngã dĩ,",不我以。
Kỳ hậu dã hối.,其後也悔。
"Giang hữu chử,",江有渚，
Chi tử quy.,之子歸，
Bất ngã dữ,不我與。
Bất ngã dữ,不我與，
Kỳ hậu dã xử.,其後也處。
"Giang hữu Đà,",江有沱，
Chi tử quy.,之子歸，
Bất ngã qua,不我過。
Bất ngã qua,不我過，
Kỳ tiêu dã ca.,其嘯也歌
"Giản hề, giản hề!",簡兮、簡兮，
Phương tương vạn vũ.,方將萬舞。
"Nhật chi phương trung,",日之方中，
Tại tiền thượng xứ.,在前上處。
"Thạc nhân ngữ ngữ,",碩人俁俁，
Công đình vạn vũ.,公庭萬舞。
"Hữu lực như hổ,",有力如虎，
Chấp bí như tổ.,執轡如組。
"Tả thủ chấp dược,",左手執龠，
"Hữu thủ chấp trạc,",右手秉翟。
Hách như ốc trước.,赫如渥赭，
Công ngôn tứ tước.,公言「錫爵」。
"Sơn hữu trăn,",山有榛，
Thấp hữu linh.,隰有苓。
Vân thuỳ chi tư?,云誰之思？
Tây phương mỹ nhân.,西方美人。
Bỉ mỹ nhân hề!,彼美人兮，
Tây phương chi nhân hề!,西方之人兮。
Bỉ giảo đồng hề!,彼狡童兮，
Bất dữ ngã nghiêng (ngôn) hề!,不與我言兮。
"Duy tử chi cố,",維子之故，
Sử ngã bất năng xuyên (xan) hề!,使我不能餐兮。
Bỉ giảo đồng hề!,彼狡童兮，
Bất dữ ngã thực hề!,不與我食兮。
"Duy tử chi cố,",維子之故，
Sử ngã bất năng tức hề!,使我不能息兮。
Hà bỉ nùng hĩ?,何彼襛矣？
Đường đệ chi hoa.,唐棣之華。
Hạt bất túc ung?,曷不肅雝？
Vương Cơ chi xa.,王姬之車。
Hà bỉ nùng hĩ?,何彼襛矣？
Hoa như đào lý.,華如桃李。
"Bình vương chi tôn,",平王之孫，
Tề hầu chi tỉ.,齊侯之子。
Kỳ điếu duy hà?,其釣維何？
Duy ty y dân.,維絲伊緡。
"Tề Hầu chi tử,",齊侯之子，
Bình Vương chi tuân.,平王之孫。
"Dịch dịch Lương Sơn,",奕奕梁山，
"Duy Vũ điện chi,",維禹甸之，
Hữu trác kỳ đạo.,有倬其道。
"Hàn Hầu thụ mệnh,",韓侯受命，
Vương thân mệnh chi:,王親命之：
Toản nhung tổ khảo.,纘戎祖考。
"Vô phế trẫm mệnh,",無廢朕命，
"Túc dạ phỉ giải,",夙夜匪解，
Kiền cung nhĩ vị.,虔共爾位。
"Trẫm mệnh bất dịch,",朕命不易，
"Cán bất đình phương,",幹不庭方，
Dĩ tá nhung tịch.,以佐戎闢。
"Tứ mẫu dịch dịch,",四牡奕奕，
"Khổng tu thả trương,",孔修且張，
"Hàn hầu nhập cận,",韓侯入覲，
"Dĩ kỳ giới khuê,",以其介圭，
Nhập cận vu vương.,入覲于王。
Vương tích Hàn Hầu:,王錫韓侯：
"Thục kỳ nhuy chương,",淑旗綏章，
"Điệm phất thác hành,",簟茀錯衡，
"Huyền cổn xích tích,",玄袞赤舄，
"Câu ưng lũ sam,",鉤膺鏤釤，
"Khoách hoành thiển miệt,",鞹鞃淺幭，
Điều cách kim ách.,鞗革金厄。
"Hàn hầu xuất tổ,",韓侯出祖，
Xuất túc vu Đồ.,出宿于屠。
"Hiển phụ tiễn chi,",顯父餞之，
Thanh tửu bách hồ.,清酒百壺。
Kỳ hào duy hà?,其殽維何？
Bào miết tiển ngư.,炰鱉鮮魚。
Kỳ tốc duy hà?,其蔌維何？
Duy tuân cập bồ.,維筍及蒲。
Kỳ tặng duy hà?,其贈維何？
Thặng mã lộ xa.,乘馬路車。
"Biên đậu hữu thả,",籩豆有且，
Hầu thị yến tư.,侯氏燕胥。
"Hàn hầu thủ thê,",韓侯取妻，
"Phần vương chi sinh,",汾王之甥，
Quyết phủ chi tử.,蹶父之子。
"Hàn hầu nghinh chỉ,",韓侯迎止，
Vu Quyết chi lý.,于蹶之里。
"Bách lưỡng bàng bàng,",百兩彭彭，
"Bát loan thương thương,",八鸞鏘鏘，
Bất hiển kỳ quang?,不顯其光。
"Chư đễ tòng chi,",諸娣從之，
Kì kì như vân.,祁祁如雲。
"Hàn hầu cố chi,",韓侯顧之，
Lạn kỳ doanh môn.,爛其盈門。
"Quyết phủ khổng vũ,",蹶父孔武，
Mỹ quốc bất đáo.,靡國不到。
"Vi Hàn Cật tướng du,",為韓姞相攸，
"Mạc như Hàn lạc,",莫如韓樂。
Khổng lạc Hàn thổ.,孔樂韓土，
"Xuyên trạch hủ hủ,",川澤訏訏，
"Phường tự phủ phủ,",魴鱮甫甫，
"Ưu lộc ngu ngu,",麀鹿噳噳，
"Hữu hùng hữu ky,",有熊有羈，
Hữu miêu hữu hổ.,有貓有虎。
"Khánh ký lệnh cư,",慶既令居，
Hàn Cật yến dự.,韓姞燕譽。
Phổ bỉ Hàn thành!,溥彼韓城，
Yên sư sở hoàn.,燕師所完。
"Dĩ tiên tổ thụ mệnh,",以先祖受命，
Nhân thì bách man.,因時百蠻。
"Vương tích Hàn Hầu,",王錫韓侯，
Kỳ Truy kỳ Mạch.,其追其貊，
"Yêm thụ bắc quốc,",奄受北國，
Nhân dĩ kỳ bá.,因以其伯。
"Thực dung thực hác,",實墉實壑，
Thực mẫu thực tịch.,實畝實籍。
"Hiến kỳ tỳ bì,",獻其貔皮，
Xích báo hoàng ki.,赤豹黃羈。
Yếm ấp hành lộ.,厭浥行露。
"Khỉ bất túc dạ,",豈不夙夜，
Vị hành đa lộ.,謂行多露。
Thuỳ vị tước vô lốc?,誰謂雀無角？
Hà dĩ xuyên ngã ốc?,何以穿我屋？
Thuỳ vị nhữ vô cốc?,誰謂女無家？
Hà dĩ tốc ngã ngục?,何以速我獄？
"Tuy tốc ngã ngục,",雖速我獄，
Thất gia bất túc.,室家不足。
Thuỳ vị thử vô ngông?,誰謂鼠無牙？
Hà dĩ xuyên ngã dung?,何以穿我墉？
Thuỳ vị nhữ vô công?,誰謂女無家？
Hà dĩ tốc ngã tùng?,何以速我訟？
"Tuy tốc ngã tụng,",雖速我訟，
Diệc bất nhữ tùng.,亦不女從。
"Đôn bỉ hành vĩ,",敦彼行葦，
Ngưu dương vật tiễn lý.,牛羊勿踐履。
"Phương bao phương thể,",方苞方體，
Duy diệp nễ nễ.,維葉泥泥。
"Thích thích huynh đệ,",戚戚兄弟，
"Mạc viễn cụ nhĩ,",莫遠具爾。
"Hoặc tứ chi diên,",或肆之筵，
Hoặc thụ chi kỉ.,或授之几。
"Tứ diên thiết tịch,",肆筵設席，
Thụ kỉ hữu tập ngự.,授几有緝御。
"Hoặc hiến hoặc tạc,",或献或酢，
Tẩy tước điện giả.,洗爵奠斝。
"Thảm hải dĩ tiến,",醓醢以薦，
Hoặc phiền hoặc chích.,或燔或炙。
"Gia hào tỳ cược,",嘉殽脾臄，
Hoặc ca hoặc ngạc.,或歌或咢。
"Điêu cung ký kiên,",敦弓既堅，
"Tứ hầu ký quân,",四鍭既鈞，
"Xả thỉ ký quân,",舍矢既均，
Tự tân dĩ hiền.,序賓以賢。
"Điêu cung ký cấu,",敦弓既句，
Ký tiệp tứ hầu.,既挾四鍭。
"Tứ hầu như thụ,",四鍭如樹，
Tự tân dĩ bất vũ.,序賓以不侮。
"Tằng tôn duy chủ,",曾孫維主，
"Tửu lễ duy nhủ,",酒醴維醹，
"Chước dĩ đại đẩu,",酌以大斗，
Dĩ kỳ hoàng cẩu.,以祈黄耇。
"Hoàng cẩu thai bối,",黄耇台背，
Dĩ dẫn dĩ dực.,以引以翼。
"Thọ khảo duy kỳ,",壽考維祺，
Dĩ giới cảnh phúc.,以介景福。
"Chiêm bỉ Hạn lộc,",瞻彼旱麓，
Trăn hộ tể tể.,榛楛濟濟。
"Khải đễ quân tử,",豈弟君子，
Can lộc khải đễ.,干祿豈弟
"Sắt bỉ ngọc toản,",瑟彼玉瓚，
Hoàng lưu tại trung.,黃流在中。
"Khải đễ quân tử,",豈弟君子，
Phúc lộc du giáng.,福祿攸降。
"Diên phi lệ thiên,",鳶飛戾天，
Ngư dược vu uyên.,魚躍于淵。
"Khải đễ quân tử,",豈弟君子，
Hà bất tác nhân?,遐不作人？
"Thanh tửu ký tái,",清酒既載，
Tinh mẫu ký bị.,騂牡既備。
"Dĩ hưởng dĩ tự,",以享以祀，
Dĩ giới cảnh phúc.,以介景福。
"Sắt bỉ tạc vực,",瑟彼柞棫，
Dân sở liệu hĩ.,民所燎矣。
"Khải đễ quân tử,",豈弟君子，
Thần sở lạo hĩ.,神所勞矣。
"Mạch mạch cát luỹ,",莫莫葛藟，
Dị vu điều mai.,施于條枚。
"Khải đễ quân tử,",豈弟君子，
Cầu phúc bất hồi.,求福不回。
"Nam hữu kiều mộc,",南有喬木、
Bất khả hưu tức.,不可休息。
"Hán hữu du nữ,",漢有遊女、
Bất khả cầu ti.,不可求思。
Hán chi quảng hĩ!,漢之廣矣、
Bất khả vuống ti.,不可泳思。
Giang chi dượng hĩ!,江之永矣、
Bất khả phỏng ti.,不可方思。
"Kiều kiều thác tân,",翹翹錯薪、
Ngôn ngải kỳ sở.,言刈其楚。
"Chi tử vu quy,",之子于歸、
Ngôn mạt kỳ mã.,言秣其馬。
Hán chi quảng hĩ!,漢之廣矣、
Bất khả vuống ti.,不可泳思。
Giang chi dượng hĩ!,江之永矣、
Bất khả phỏng ti.,不可方思。
"Kiều kiều thác tân,",翹翹錯薪、
Ngôn ngải kỳ lâu.,言刈其蔞。
"Chi tử vu quy,",之子于歸、
Ngôn mạt kỳ câu.,言秣其駒。
Hán chi quảng hĩ!,漢之廣矣、
Bất khả vuống ti.,不可泳思。
Giang chi dượng hĩ!,江之永矣、
Bất khả phỏng ti.,不可方思。
"Hạo thiên hữu thành mệnh,",昊天有成命，
Nhị hậu thụ chi.,二后受之。
"Thành Vương bất cảm khang,",成王不敢康，
Túc dạ cơ mệnh hựu mật.,夙夜基命宥密。
Ô tập hy!,於緝熙！
Đan quyết tâm.,單厥心。
Tứ kỳ tĩnh chi.,肆其靖之。
Thuỳ vị Hà quảng?,誰謂河廣？
Nhất vĩ hàng chi.,一葦杭之。
Thuỳ vị Tống viễn?,誰謂宋遠？
Xí dư vọng chi.,跂予望之。
Thuỳ vị Hà quảng?,誰謂河廣？
Tằng bất dung đao.,曾不容刀，
Thuỳ vị Tống viễn?,誰謂宋遠？
Tằng bất sùng triêu.,曾不崇朝。
"Liệt bỉ hạ tuyền,",冽彼下泉，
Tẩm bỉ bao lang.,浸彼苞稂。
"Khải ngã ngộ than,",愾我寤嘆，
Niệm bỉ Chu cương.,念彼周京。
"Liệt bỉ hạ tuyền,",冽彼下泉，
Tẩm bỉ bao sưu.,浸彼苞蕭。
"Khải ngã ngộ thán,",愾我寤嘆，
Niệm bỉ kinh Chu.,念彼京周。
"Liệt bỉ hạ tuyền,",冽彼下泉，
Tẩm bỉ bao thi.,浸彼苞蓍。
"Khải ngã ngộ thán,",愾我寤嘆，
Niệm bỉ kinh si.,念彼京師。
"Bồng bồng thử miêu,",芃芃黍苗，
Âm vũ cáo chi.,陰雨膏之。
"Tứ quốc hữu vương,",四國有王，
Tuân Bá lạo chi.,郇伯勞之。
Bỉ hậu nhân hề!,彼候人兮，
Há qua dữ đuất.,何戈與祋。
"Bỉ ký chi tử,",彼其之子，
Tam bách xích phất.,三百赤芾。
"Duy đề tại lương,",維鵜在梁，
Bất nhu kỳ dực?,不濡其翼。
"Bỉ ký chi tử,",彼其之子，
Bất xứng kỳ bặc.,不稱其服。
"Duy đề tại lương,",維鵜在梁，
Bất nhu kỳ trú?,不濡其咮。
"Bỉ ký chi tử,",彼其之子，
Bất toại kỳ cấu.,不遂其媾。
Uế hề uý hề!,薈兮蔚兮，
Nam sơn triều tế.,南山朝隮。
UYển hề luyến hề!,婉兮孌兮，
Quý nữ tư cơ.,季女斯饑。
"Hạ Vũ duy Chu,",下武維周，
Thế hữu triết vương.,世有哲王。
"Tam hậu tại thiên,",三后在天，
Vương phối vu kinh.,王配于京。
"Vương phối vu kinh,",王配于京，
Thế đức tác cầu.,世德作求。
"Vĩnh ngôn phối mệnh,",永言配命，
Thành vương chi phu.,成王之孚。
"Thành vương chi phu,",成王之孚，
Hạ thổ chi thức.,下土之式。
"Vĩnh ngôn hiếu tư,",永言孝思，
Hiếu tư duy tắc.,孝思維則。
"My tư nhất nhân,",媚茲一人，
Ứng hầu thuận đức.,應侯順德。
"Vĩnh ngôn hiếu tư,",永言孝思，
Chiêu tai tự phục.,昭哉嗣服。
"Chiêu tư lai hử,",昭茲来許，
Thằng kỳ tổ vũ.,繩其祖武。
"Ư vạn tư niên,",於萬斯年，
Thụ thiên chi hộ.,受天之祜。
"Thụ thiên chi hỗ,",受天之祜，
Tứ phương lai hạ.,四方来賀。
"Ư vạn tư niên,",於萬斯年，
Bất hà hữu tá.,不遐有佐。
"Tuy vạn bang,",綏萬邦，
Lũ phong niên.,屢豐年。
"Thiên mệnh phỉ giải,",天命匪解，
Hoàn hoàn Vũ Vương.,桓桓武王。
"Bảo hữu quyết sĩ,",保有厥士，
"Vu dĩ tứ phương,",于以四方，
Khắc định quyết gia.,剋定厥家。
"Ô chiêu vu thiên,",於昭于天，
Hoàng dĩ gián chi.,皇以間之。
"Giao giao hoàng điểu,",交交黃鳥，
"Chỉ vu cức,",止于棘。
Thuỳ tùng Mục Công?,誰從穆公？
Tử xa Yêm Tức.,子車奄息。
"Duy thử Yêm Tức,",維此奄息，
Bách phu chi đặc.,百夫之特。
"Lâm kỳ huật,",臨其穴，
Chuy chuy kỳ lật,惴惴其栗。
"Bỉ thương giả hân,",彼蒼者天，
Tiêm ngã lương nhân.,殲我良人。
Như khả thục hề!,如可贖兮，
Nhân bách kỳ thân.,人百其身。
"Giao giao hoàng điểu,",交交黃鳥，
"Chỉ vu tang,",止于桑。
Thuỳ tùng Mục Công?,誰從穆公？
Tử xa Trọng Hàng.,子車仲行。
"Duy thử Trọng Hàng,",維此仲行，
Bách phu chi phòng.,百夫之防。
"Lâm kỳ huật,",臨其穴，
Chuy chuy kỳ lật,惴惴其栗。
"Bỉ thương giả hân,",彼蒼者天，
Tiêm ngã lương nhân.,殲我良人。
Như khả thục hề!,如可贖兮，
Nhân bách kỳ thân.,人百其身。
"Giao giao hoàng điểu,",交交黃鳥，
"Chỉ vu sở,",止于楚。
Thuỳ tùng Mục Công?,誰從穆公？
Tử Xa Kiềm Hổ.,子車鍼虎。
"Duy thử Kiềm Hổ,",維此鍼虎，
Bách phu chi ngự.,百夫之禦。
"Lâm kỳ huật,",臨其穴，
Chuy chuy kỳ lật,惴惴其栗。
"Bỉ thương giả hân,",彼蒼者天，
Tiêm ngã lương nhân.,殲我良人。
Như khả thục hề!,如可贖兮，
Nhân bách kỳ thân.,人百其身。
"Hoàng hĩ thượng đế,",皇矣上帝，
Lâm hạ hữu hách.,臨下有赫。
"Giám quan tứ phương,",監觀四方，
Cầu dân chi mạc.,求民之莫。
"Duy thử nhị quốc,",維此二國，
Kỳ chính bất hoạch.,其政不獲。
"Duy bỉ tứ quốc,",維彼四國，
Viên cứu viên đạc.,爰究爰度。
"Thượng đế kỳ chi,",上帝耆之，
Tăng kỳ thức khoách.,憎其式廓。
"Nãi quyến tây cố,",乃眷西顧，
Thử duy dữ trạch.,此維與宅。
"Tác chi bính chi,",作之屏之，
"Kỳ tri kỳ ế,",其菑其翳。
"Tu chi bình chi,",修之平之，
Kỳ quán kỳ lệ.,其灌其栵。
"Khải chi tịch chi,",啓之辟之，
Kỳ sanh kỳ cư.,其檉其椐。
"Nhương chi thích chi,",攘之剔之，
Kỳ yếm kỳ đố.,其檿其柘。
"Đế thiên minh đức,",帝遷明德，
Quán di tái lộ.,串夷載路。
"Thiên lập quyết phối,",天立厥配，
Thụ mệnh ký cố.,受命既固。
"Đế tỉnh Kỳ Sơn,",帝省其山，
"Tạc vực tư bội,",柞棫斯拔，
Tùng bách tư đoài.,松柏斯兌。
"Đế tác bang tác đối,",帝作邦作對，
"Tự Thái Bá, Vương Quý.",自太伯王季。
"Duy thử Vương Quý,",維此王季，
Nhân tâm tắc hữu.,因心則友。
"Tắc hữu kỳ huynh,",則友其兄，
"Tắc đốc kỳ khánh,",則篤其慶，
Tái tích chi quang.,載錫之光。
"Thụ lộc vô táng,",受祿無喪，
Yêm hữu tứ phương.,奄有四方。
"Duy thử Vương Quý,",維此王季，
Đế đạc kỳ tâm.,帝度其心。
"Mạch kỳ đức âm,",貊其德音，
Kỳ đức khắc minh.,其德克明。
"Khắc minh khắc loại,",克明克類，
Khắc trưởng khắc quân.,克長克君。
"Vương thử đại bang,",王此大邦，
Khắc thuận khắc tỷ.,克順克比。
"Tỷ vu Văn Vương,",比于文王，
Kỳ đức mỹ hối.,其德靡悔。
"Ký thụ đế chỉ,",既受帝祉，
Dị vu tôn tử.,施于孫子。
Đế vị Văn Vương:,帝謂文王：
"Vô nhiên bạn viện,",無然畔援，
"Vô nhiên hâm tiễn,",無然歆羨，
Đản tiên đăng vu ngạn.,誕先登于岸。
"Mật nhân bất cung,",密人不恭，
"Cảm cự đại bang,",敢距大邦，
Xâm Nguyễn tồ cung.,侵阮徂共。
"Vương hách tư nộ,",王赫斯怒，
"Viên chỉnh kỳ lữ,",爰整其旅，
Dĩ án tồ lữ.,以按徂旅。
"Dĩ đốc Chu hỗ,",以篤周祜，
Dĩ đối vu thiên hạ.,以對于天下。
"Y kỳ tại kinh,",依其在京，
Xâm tại Nguyễn cương.,侵在阮疆。
"Trắc ngã cao cương,",陟我高岡，
Vô thỉ ngã lăng.,無矢我陵。
"Ngã lăng ngã a,",我陵我阿，
"Vô ẩm ngã tuyền,",無飲我泉，
Ngã tuyền ngã trì.,我泉我池！
"Độ kỳ tiên nguyên,",度其鮮原，
"Cư Kỳ chi dương,",居岐之陽，
Tại Vị chi tương.,在渭之將。
"Vạn bang chi phương,",萬邦之方，
Hạ dân chi vương.,下民之王。
Đế vị Văn Vương:,帝謂文王：
"Dư hoài minh đức,",予懷明德，
"Bất đại thanh dĩ sắc,",不大聲以色，
Bất trưởng hạ dĩ cách.,不長夏以革。
"Bất thức bất tri,",不識不知，
Thuận đế chi tắc.,順帝之則。
Đế vị Văn Vương:,帝謂文王：
"Tuân nhĩ cừu phương,",詢爾仇方，
Đồng nhĩ huynh đệ.,同爾兄弟。
"Dĩ nhĩ câu viên,",以爾鉤援，
"Dữ nhĩ lâm xung,",與爾臨衝，
Dĩ phạt Sùng dung.,以伐崇墉。
"Lâm xung nhàn nhàn,",臨衝閑閑，
"Sùng dung ngôn ngôn,",崇墉言言，
"Chấp tấn liên liên,",執訊連連，
Du quắc an an.,攸馘安安。
"Thị loại thị mã,",是類是禡，
"Thị trí thị phụ,",是致是附，
Tứ phương dĩ vô vũ.,四方以無侮。
"Lâm xung phất phất,",臨衝茀茀，
Sùng dung ngật ngật.,崇墉仡仡。
"Thị phạt thị tứ,",是伐是肆，
"Thị tuyệt thị hốt,",是絕是忽，
Tứ phương dĩ vô phất.,四方以無拂。
"Hoàng hoàng giả hoa,",皇皇者華，
Vu bỉ nguyên thấp;,於彼原隰。
"Tuy tuy chinh phu,",駪駪征夫，
Mỗi hoài mỹ cập.,每懷靡及。
"Ngã mã duy cu,",我馬維駒，
Lục bí như nhu;,六轡如濡。
"Tải trì tải khu,",載馳載驅，
Chu viên tư tưu.,周爰咨諏。
"Ngã mã duy kỳ,",我馬維騏，
Lục bí như ti;,六轡如絲。
"Tải trì tải khu,",載馳載驅，
Chu viên tư mưu.,周爰咨謀。
"Ngã mã duy lạc,",我馬維駱，
Lục bí ốc nhược;,六轡沃若。
"Tải trì tải khu,",載馳載驅，
Chu viên tư đê.,周爰咨度。
"Ngã mã duy nhân,",我馬維骃，
Lục bí ký quân;,六轡既均。
"Tải trì tải khu,",載馳載驅，
Chu viên tư tuân.,周爰咨詢。
"Hoành môn chi hạ,",衡門之下，
Khả dĩ tê trì.,可以棲遲。
"Bí chi dương dương,",泌之洋洋，
Khả dĩ lạc cơ.,可以樂饑。
"Khỉ kỳ thực ngư,",豈其食魚，
Tất hà chi phòng?,必河之魴？
"Khỉ kỳ thú thê,",豈其娶妻，
Tất Tề chi Khương?,必齊之姜？
"Khỉ kỳ thực ngư,",豈其食魚，
Tất hà chi lý?,必河之鯉？
"Khỉ kỳ thú thê,",豈其娶妻，
Tất Tống chi Tỉ?,必宋之子？
"Hoàn lan chi chi,",芄蘭之支，
Đồng tử bội huề.,童子佩觿。
"Tuy tắc bội huề,",雖則佩觿，
Năng bất ngã tri.,能不我知。
Dung hề toại hề!,容兮遂兮，
Thuỳ đái quỵ hề!,垂帶悸兮。
"Hoàn lan chi diệp,",芄蘭之葉，
Đồng tử bội thiếp.,童子佩韘。
"Tuy tắc bội thiếp,",雖則佩韘，
Năng bất ngã giáp.,能不我甲。
Dung hề toại hề!,容兮遂兮，
Thuỳ đái quỵ hề!,垂帶悸兮。
"Phiên phiên hồ diệp,",幡幡瓠葉，
Thái chi hanh chi.,采之亨之。
"Quân tử hữu tửu,",君子有酒，
Chước ngôn thường chi.,酌言嘗之。
"Hữu thố tư thủ,",有兔斯首，
Pháo chi phàn chi.,炮之燔之。
"Quân tử hữu tửu,",君子有酒，
Chước ngôn hiến chi.,酌言獻之。
"Hữu thố tư thủ,",有兔斯首，
Phần chi trước chi.,燔之炙之。
"Quân tử hữu tửu,",君子有酒，
Chước ngôn tạc chi.,酌言酢之。
"Hữu thố tư thủ,",有兔斯首，
Phần chi pháo chi.,燔之炮之。
"Quân tử hữu tửu,",君子有酒，
Chước ngôn thù chi.,酌言酬之。
"Hùng trĩ vu phi,",雄雉于飛，
Dị dị kỳ vũ.,泄泄其羽。
Ngã chi hoài hĩ!,我之懷矣，
Tự di y trở.,自詒伊阻。
"Hùng trĩ vu phi,",雄雉于飛，
Há thướng kỳ âm.,下上其音。
Triển hĩ quân tử!,展矣君子，
Thực lao ngã tâm.,實勞我心。
"Chiêm bỉ nhật nguyệt,",瞻彼日月，
Du du ngã ti.,悠悠我思。
"Đạo chi vân viễn,",道之云遠，
Hạt vân năng ly.,曷云能來？
"Bách nhĩ quân tử,",百爾君子，
Bất tri đức hàng.,不知德行。
"Bất chí bất cầu,",不忮不求，
Hà dụng bất tang?,何用不臧。
"Hữu bật, hữu bật,",有駜有駜，
Bật bỉ thặng hoàng.,駜彼乘黃。
"Túc dạ tại công,",夙夜在公，
Tại công minh minh.,在公明明。
"Chấn chấn lộ,",振振鷺，
Lộ vu hạ.,鷺于下。
"Cổ ân ân,",鼓咽咽，
Tuý ngôn vũ.,醉言舞。
Vu tư lạc hề.,于胥樂兮。
"Hữu bật hữu bật,",有駜有駜，
Bật bỉ thặng mẫu.,駜彼乘牡。
"Túc dạ tại công,",夙夜在公，
Tại công ẩm tửu.,在公飲酒。
"Chấn chấn lộ,",振振鷺，
Lộ vu phi.,鷺于飛。
"Cổ ân ân,",鼓咽咽，
Tuý ngôn quy.,醉言歸。
Vu tư lạc hề.,于胥樂兮。
"Hữu bật hữu bật,",有駜有駜，
Bật bỉ thặng huyến.,駜彼乘駽。
"Túc dạ tại công,",夙夜在公，
Tại công tái yến.,在公載燕。
"Tự kim dĩ thuỷ,",自今以始，
Tuế kỳ hữu.,歲其有。
"Quân tử hữu cốc,",君子有穀，
Di tôn tử.,詒孫子。
Vu tư lạc hề.,于胥樂兮。
"Hữu cổ hữu cổ,",有瞽有瞽，
Tại Chu chi đình.,在周之庭。
"Thiết nghiệp thiết cự,",設業設虡，
Sùng nha thụ vũ.,崇牙樹羽。
"Ứng điền huyền cổ,",應田縣鼓，
Đào khánh xúc ngữ.,鞉磬柷圉。
"Ký bị nãi tấu,",既備乃奏，
Tiêu quản bị cử.,簫管備舉。
"Hoàng hoàng quyết thanh,",喤喤厥聲，
"Túc ung hoà minh,",肅雝和鳴，
Tiên tổ thị thinh.,先祖是聽。
"Ngã khách lệ chỉ,",我客戾止，
Vĩnh quan quyết thành.,永觀厥成。
Hữu đệ chi đỗ,有杕之杜，
Sinh vu đạo tả.,生于道左。
Bỉ quân tử hề!,彼君子兮，
Thệ khẳng thích ngã.,噬肯適我。
"Trung tâm háo chi,",中心好之，
Hạt ấm tự chi?,曷飲食之？
"Hữu đệ chi đỗ,",有杕之杜，
Sinh vu đạo chu.,生于道周。
Bỉ quân tử hề!,彼君子兮，
Thệ khẳng lai du?,噬肯來遊。
"Trung tâm háo chi,",中心好之，
Hạt ấm tự chi?,曷飲食之？
"Hữu hồ tuy tuy,",有狐綏綏，
Tại bỉ Kỳ lương.,在彼淇梁。
"Tâm chi ưu hĩ,",心之憂矣，
Chi tử vô thường.,之子無裳。
"Hữu hồ tuy tuy,",有狐綏綏，
Tại bỉ Kỳ lệ,在彼淇厲。
"Tâm chi ưu hĩ,",心之憂矣，
Chi tử vô đế.,之子無帶。
"Hữu hồ tuy tuy,",有狐綏綏，
"Tại bỉ Kỳ trắc,",在彼淇側。
"Tâm chi ưu hĩ,",心之憂矣，
Chi tử vô bặc.,之子無服。
"Hữu khách, hữu khách,",有客有客，
Diệc bạch kỳ mã.,亦白其馬。
"Hữu thê hữu thả,",有萋有且，
Đôn trác kỳ lữ.,敦琢其旅。
"Hữu khách túc túc,",有客宿宿，
Hữu khách tín tín.,有客信信。
"Ngôn thụ chi trập,",言授之縶，
Dĩ trập kỳ mã.,以縶其馬。
"Bạc ngôn truy chi,",薄言追之，
Tả hữu tuy chi.,左右綏之。
"Ký hữu dâm uy,",既有淫威，
Giáng phúc khổng di.,降福孔夷。
"Hữu nữ đồng xa,",有女同車，
Nhan như thuấn phô.,顏如舜華。
"Tương ngao tương tường,",將翱將翔，
Bội ngọc quỳnh cư.,佩玉瓊琚。
"Bỉ mỹ Mạnh Khương,",彼美孟姜，
Tuân mỹ thả đô.,洵美且都。
"Hữu nữ đồng hành,",有女同行，
Nhan như thuấn ương.,顏如舜英。
"Tương ngao tương tường,",將翱將翔，
Bội ngọc thương thương.,佩玉將將。
"Bỉ mỹ Mạnh Khương,",彼美孟姜，
Đức âm bất vong.,德音不忘。
"Huýnh chước bỉ hành lạo,",泂酌彼行潦，
"Ấp bỉ chú tư,",挹彼注茲，
Khả dĩ phân xí.,可以饙饎。
"Khải đễ quân tử,",豈弟君子，
Dân chi phụ mẫu.,民之父母。
"Huýnh chước bỉ hành lạo,",泂酌彼行潦，
"Ấp bỉ chú tư,",挹彼注茲，
Khả dĩ trạc lôi.,可以濯罍。
"Khải đễ quân tử,",豈弟君子，
Dân chi du quy.,民之攸歸。
"Huýnh chước bỉ hành lạo,",泂酌彼行潦，
"Ấp bỉ chú tư,",挹彼注茲，
Khả dĩ trạc cái.,可以濯溉。
"Khải đễ quân tử,",豈弟君子，
Dân chi du ký.,民之攸塈。
Kê ký minh hĩ.,「雞既鳴矣，
Triều ký doanh hĩ.,朝既盈矣。」
"Phỉ kê tắc minh,",「匪雞則鳴，
Thương nhăng chi thanh.,蒼蠅之聲。」
Đông phương mang hĩ.,「東方明矣，
Triều ký xương hĩ.,朝既昌矣。」
"Phỉ đông phương tắc mang (minh),",「匪東方則明，
Nguyệt xuất chi quang.,月出之光。」
"Trùng phi hoăng hoăng,",「蟲飛薨薨，
Cam dữ tử đồng mặng.,甘與子同夢；
Hội thả quy hĩ.,會且歸矣，
Vô thứ dư tử tăng.,無庶予子憎！」
"Khải phong tự nam,",凱風自南，
Xuy bỉ cức tâm.,吹彼棘心。
"Cức tâm yêu yêu,",棘心夭夭，
Mẫu thị cù liêu.,母氏劬勞。
"Khải phong tự nam,",凱風自南，
Xuy bỉ cức tân.,吹彼棘薪。
"Mẫu thị thánh thiện,",母氏聖善，
Ngã vô lệnh nhân.,我無令人。
"Viên hữu hàn tuyền,",爰有寒泉，
Tại Tuấn chi hộ.,在浚之下。
"Hữu tử thất nhân,",有子七人，
Mẫu thị lao khổ.,母氏勞苦。
"Diễn quan hoàng điểu,",睍睆黃鳥，
Tái hảo kỳ âm.,載好其音。
"Hữu tử thất nhân,",有子七人，
Mạc uỷ mẫu tâm.,莫慰母心。
"Khảo bàn tại giên,",考槃在澗，
Thạc nhân chi khuyên.,碩人之寬。
"Độc mỵ ngụ ngôn,",獨寐寤言，
Vĩnh thỉ phất huyên.,永矢弗諼。
"Khảo bàn tại a,",考槃在阿，
Thạc nhân chi khoa.,碩人之薖。
"Độc mỵ ngụ ca,",獨寐寤歌，
Vĩnh thỉ phất qua.,永矢弗過。
"Khảo bàn tại lục,",考槃在陸，
Thạc nhân chi trục.,碩人之軸。
"Độc mỵ ngụ túc,",獨寐寤宿，
Vĩnh thỉ phất cốc.,永矢弗告。
"Khâu trung hữu ma,",丘中有麻，
Bỉ lưu Tử Ta.,彼留子嗟。
"Bỉ lưu Tử Ta,",彼留子嗟，
Thương kỳ lai xà xà.,將其來施施。
"Khâu trung hữu mạch,",丘中有麥，
Bỉ lưu Tử Quốc.,彼留子國。
"Bỉ lưu Tử Quốc,",彼留子國，
Thương kỳ lai thực.,將其來食。
"Khâu trung hữu lý,",丘中有李，
Bỉ lưu chi tỷ.,彼留之子。
"Bỉ lưu chi tỷ,",彼留之子，
Di ngã bội kỷ.,貽我佩玖。
"Tử huệ tư ngã,",子惠思我，
Khiên thường thiệp Trăn.,褰裳涉溱。
"Tử bất ngã tư,",子不我思，
Khỉ vô tha nhân?,豈無他人？
Cuồng đồng chi cuồng dã thư!,狂童之狂也且！
"Tử huệ tư ngã,",子惠思我，
Khiên thường thiệp Vĩ.,褰裳涉洧。
"Tử bất ngã tư,",子不我思，
Khỉ vô tha sĩ?,豈無他士。
Cuồng đồng chi cuồng dã thư.,狂童之狂也且！
"Kích cổ kỳ thang,",擊鼓其鏜，
Dũng dược dụng binh.,踴躍用兵。
"Thổ quốc thành Tào,",土國城漕，
Ngã độc nam hành.,我獨南行。
Tùng Tôn Tử Trọng.,從孫子仲，
Bình Trần dữ Tống.,平陳與宋。
Bất ngã dĩ quy,不我以歸，
Ưu tâm hữu sung.,憂心有忡。
"Viên cư viên xử,",爰居爰處？
Viên táng kỳ mã.,爰喪其馬？
"Vu dĩ cầu chi,",于以求之？
Vu lâm chi hạ.,于林之下。
"Tử sinh khiết khoát,",死生契闊，
Dữ tử thành thuyết.,與子成說。
"Chấp tử chi thủ,",執子之手，
Dữ tử giai lão.,與子偕老。
Hu ta khoát hề!,于嗟闊兮，
Bất ngã hoạt hề!,不我活兮。
Hu ta tuân hề!,于嗟洵兮，
Bất ngã thân hề!,不我信兮。
"Kiêm gia thương thương,",蒹葭蒼蒼，
Bạch lộ vi sương.,白露為霜。
"Sở vị y nhân,",所謂伊人，
Tại thuỷ nhất phương.,在水一方。
"Tố hồi tùng chi,",溯洄從之，
"Đạo trở thả trường,",道阻且長；
"Tố du tùng chi,",溯游從之，
Uyển tại thuỷ trung ương.,宛在水中央。
Kiêm gia thê thê,蒹葭萋萋，
Bạch lộ vị hy.,白露未曦。
"Sở vị y nhân,",所謂伊人，
Tại thuỷ chi my.,在水之湄。
"Tố hồi tùng chi,",溯洄從之，
"Đạo trở thả tê,",道阻且躋；
"Tố du tùng chi,",溯游從之，
Uyển tại thuỷ trung trì.,宛在水中坻。
Kiêm gia thể thể,蒹葭采采，
Bạch lộ vị dĩ.,白露未已。
"Sở vị y nhân,",所謂伊人，
Tại thuỷ chi dĩ.,在水之涘。
"Tố hồi tùng chi,",溯洄從之，
"Đạo trở thả vĩ,",道阻且右；
"Tố du tùng chi,",溯游從之，
Uyển tại thuỷ trung chỉ.,宛在水中沚。
"Kính chi kính chi,",敬之敬之，
"Thiên duy hiển tư,",天維顯思，
Mệnh bất dị tai.,命不易哉。
"Vô viết cao cao tại thượng,",無曰高高在上，
"Trắc giáng quyết sĩ,",陟降厥士，
Nhật giám tại tư.,日監在茲。
"Duy dư tiểu tử,",維予小子，
Bất thông kính chỉ.,不聰敬止。
"Nhật tựu nguyệt tương,",日就月將，
Học hữu tập hy vu quang minh.,學有緝熙于光明。
"Bật thì tử kiên,",佛時仔肩，
Thị ngã hiển đức hạnh.,示我顯德行。
Kỳ phủ!,祈父、
Dư vương chi trảo nha.,予王之爪牙。
Hồ chuyển dư vu tuất?,胡轉予于恤、
Mỹ sở chỉ cư.,靡所止居。
"Ký tuý dĩ tửu,",既醉以酒，
Ký bão dĩ đức.,既飽以德。
"Quân tử vạn niên,",君子萬年，
Giới nhĩ cảnh phúc.,介爾景福。
"Ký tuý dĩ tửu,",既醉以酒，
Nhĩ hào ký tương.,爾殽既將。
"Quân tử vạn niên,",君子萬年，
Giới nhĩ chiêu minh.,介爾昭明。
"Chiêu minh hữu dung,",昭明有融，
Cao lãng lệnh chung.,高朗令終。
"Lệnh chung hữu xúc,",令終有俶，
Công thi gia cáo.,公尸嘉告。
Kỳ cáo duy hà?,其告維何？
Biên đậu tĩnh gia.,籩豆靜嘉。
"Bằng hữu du nhiếp,",朋友攸攝，
Nhiếp dĩ uy nghi.,攝以威儀。
"Uy nghi khổng thì,",威儀孔時，
Quân tử hữu hiếu tử.,君子有孝子。
"Hiếu tử bất quỹ,",孝子不匱，
Vĩnh tích nhĩ loại.,永錫爾類。
Kỳ loại duy hà?,其類維何？
Thất gia chi khổn.,室家之壼。
"Quân tử vạn niên,",君子萬年，
Vĩnh tích tộ dận.,永錫祚胤。
Kỳ dận duy hà?,其胤維何？
Thiên bị nhĩ lộc.,天被爾禄。
"Quân tử vạn niên,",君子萬年，
Cảnh mệnh hữu bộc.,景命有僕。
Kỳ bộc duy hà?,其僕維何？
Ly nhĩ nữ sĩ.,釐爾女士。
"Ly nhĩ nữ sĩ,",釐爾女士，
Tòng dĩ tôn tử.,從以孫子。
"Chiêm bỉ Kỳ úc,",瞻彼淇奧，
Lục trúc a a.,綠竹猗猗。
Hữu phỉ quân tử.,有匪君子，
Như thiết như tha.,如切如磋，
Như trác như ma.,如琢如磨。
"Sắt hề, hạn hề!",瑟兮、僴兮，
"Hách hề, hoán hề!",赫兮、咺兮。
"Hữu phỉ quân tử,",有匪君子，
Chung bất khả huyến hề!,終不可諼兮。
"Chiêm bỉ Kỳ úc,",瞻彼淇奧，
Lục trúc tinh tinh.,綠竹青青。
"Hữu phỉ quân tử,",有匪君子，
Sung nhĩ tú doanh.,充耳琇瑩，
"Cối biền như tinh,",會弁如星。
"Sắt hề, hạn hề!",瑟兮、僴兮，
"Hách hề, hoán hề!",赫兮、咺兮。
"Hữu phỉ quân tử,",有匪君子，
Chung bất khả huyến hề!,終不可諼兮。
"Chiêm bỉ Kỳ úc,",瞻彼淇奧，
Lục trúc như trích.,綠竹如簀。
"Hữu phỉ quân tử,",有匪君子，
Như kim như tích.,如金如錫，
"Như khuê như bích,",如圭如璧。
"Khoan hề, xước hề!",寬兮、綽兮，
Y trùng giác hề!,猗重較兮。
Thiện hý hước hề!,善戲謔兮，
Bất vi ngược hề!,不為虐兮。
"Văn Vương ký cần chỉ,",文王既勤止，
Ngã ưng thụ chi.,我應受之。
"Phu thì dịch tư,",敷時繹思，
Ngã tồ duy cầu định.,我徂維求定。
"Thì Chu chi mệnh,",時周之命，
Ô dịch tư.,於繹思。
"Lân chi chỉ,",麟之趾、
Chân chân công tỉ.,振振公子。
Hu ta lân hề!,于嗟麟兮。
"Lân chi đính,",麟之定、
Chân chân công tính.,振振公姓。
Hu ta lân hề!,于嗟麟兮。
"Lân chi lốc,",麟之角、
Chân chân công tộc.,振振公族。
Hu ta lân hề!,于嗟麟兮。
"Lang bạt kỳ hồ,",狼跋其胡、
Tái trí kỳ vĩ.,載疐其尾。
"Công tốn thạc phu,",公孫碩膚、
Xích tích kỷ kỷ.,赤舄几几。
"Lang trí kỳ vĩ,",狼疐其尾、
Tái bạt kỳ hồ.,載跋其胡。
"Công tốn thạc phu,",公孫碩膚、
Đức âm bất hồ.,德音不瑕。
"Liệt văn bích công,",烈文辟公，
Tích tư chỉ phúc.,錫茲祉福。
"Huệ ngã vô cương,",惠我無疆，
Tử tôn bảo chi.,子孫保之。
"Vô phong mỹ vu nhĩ bang,",無封靡于爾邦，
Duy vương kỳ sùng chi.,維王其崇之。
"Niệm tư nhung công,",念茲戎功，
Kế tự kỳ hoàng chi.,繼序其皇之。
"Vô cạnh duy nhân,",無競維人，
Tứ phương kỳ huấn chi.,四方其訓之。
"Bất hiển duy đức,",不顯維德，
Bách bích kỳ hình chi.,百辟其刑之。
Ô hô: tiền vương bất vong.,於乎前王不忘。
"Kinh thuỷ Linh Đài,",經始靈臺，
Kinh chi doanh chi.,經之營之。
"Thứ dân công chi,",庶民攻之，
Bất nhật thành chi.,不日成之。
"Kinh thuỷ vật cức,",經始勿亟，
Thứ dân tử lai.,庶民子来。
"Vương tại Linh Hựu,",王在靈囿，
Ưu lộc du phục;,麀鹿攸伏；
"Ưu lộc trạc trạc,",麀鹿濯濯，
Bạch điểu hạc hạc.,白鳥翯翯。
"Vương tại Linh Chiểu,",王在靈沼，
Ô nhận ngư dược!,於牣魚躍！
"Cự nghiệp duy tung,",虡業維樅，
Phần cổ duy dung.,賁鼓維鏞。
"Ô luân cổ chung,",於論鼓鐘，
Ô lạc Bích Ung.,於樂辟癰。
"Ô luân cổ chung,",於論鼓鐘，
Ô lạc Bích Ung.,於樂辟癰。
"Đà cổ bồng bồng,",鼉鼓逢逢，
Mông tẩu tấu công.,矇瞍奏公。
"U u lộc minh,",呦呦鹿鳴，
Thực dã chi bình.,食野之蘋。
"Ngã hữu gia tân,",我有嘉賓，
Cổ sắt xuy sinh.,鼓瑟吹笙。
"Xuy sinh cổ hoàng,",吹笙鼓簧，
Thừa khuông thị tương.,承筐是將。
"Nhân chi hảo ngã,",人之好我，
Thị ngã chu hàng.,示我周行。
"U u lộc minh,",呦呦鹿鳴，
Thực dã chi hao.,食野之蒿。
"Ngã hữu gia tân,",我有嘉賓，
Đức âm khổng trao.,德音孔昭。
"Thị dân bất thao,",視民不恌，
Quân tử thị tắc thị hào.,君子是則是傚。
"Ngã hữu chi tửu,",我有旨酒，
Gia tân thức yến dĩ ngao.,嘉賓式燕以敖。
"U u lộc minh,",呦呦鹿鳴，
Thực dã chi cầm.,食野之芩。
"Ngã hữu gia tân,",我有嘉賓，
Cổ sắt cổ cầm.,鼓瑟鼓琴。
"Cổ sắt cổ cầm,",鼓瑟鼓琴，
Hoà lạc thả trầm.,和樂且湛。
"Ngã hữu chi tửu,",我有旨酒，
Dĩ yến lạc gia tân chi tâm.,以燕樂嘉賓之心。
"Lô linh linh,",盧令令，
Kỳ nhân mỹ thả nhân!,其人美且仁。
"Lô trùng hoàn,",盧重環，
Kỳ nhân mỹ thả quyền!,其人美且鬈。
"Lô trùng mai,",盧重鋂，
Kỳ nhân mỹ thả tai!,其人美且偲。
"Lục nguyệt tê tê,",六月棲棲，
Nhung xa ký sức.,戎車既飭，
"Tứ mẫu quỳ quỳ,",四牡騤騤，
Tái thị thường phục.,載是常服。
"Nghiễm doãn khổng xí,",玁狁孔熾，
Ngã thị tâm cấp.,我是用急，
"Vương vu xuất chinh,",王於出征，
Dĩ khuông vương quốc.,以匡王國。
"Tý vật tứ ly,",比物四驪，
Nhàn chi duy tắc.,閑之維則，
"Duy thử lục nguyệt,",維此六月，
Ký thành ngã phục.,既成我服。
"Ngã phục ký thành,",我服既成，
"Vu tam thập lý,",於三十里，
"Vương vu xuất chinh,",王於出征，
Dĩ tá thiên tử.,以佐天子。
"Tứ mẫu tu quảng,",四牡修廣，
Kỳ đại hữu ngung.,其大有顒，
"Bạc phạt Nghiễm doãn,",薄伐玁狁，
Dĩ tấu phu công.,以奏膚公。
"Hữu nghiêm hữu dực,",有嚴有翼，
Cung vũ chi phục.,共武之服，
"Cung vũ chi phục,",共武之服，
Dĩ định vương quốc.,以定王國。
"Nghiễm doãn phỉ nhũ,",玁狁匪茹，
"Chỉnh cư Tiêu, Hộ.",整居焦穫，
"Xâm Hạo cập Phương,",侵鎬及方，
Chí vu Kinh dương.,至於涇陽。
"Chí văn điểu chương,",織文鳥章，
Bạch đại ương ương.,白旆中央，
"Nguyên nhung thập thặng,",元戎十乘，
Dĩ tiền khải hành.,以先啟行。
"Nhung xa ký an,",戎也既安，
Như trí như hiên.,如輊如軒，
"Tứ mẫu ký cát,",四牡既佶，
Ký cát thả nhàn.,既佶且閑。
"Bạc phạt Nghiễm doãn,",薄伐玁狁，
Chí vu Thái Nguyên.,至於太原，
"Văn vũ Cát Phủ,",文武吉甫，
Vạn ban vi hiến.,萬邦爲憲。
"Cát Phủ yến hỹ,",吉甫燕喜，
Ký đa thụ chỉ.,既多受祉，
"Lai quy tự Hạo,",來歸自鎬，
Ngã hành vĩnh cửu.,我行永久。
"Ấm ngự chư hữu,",飲禦諸友，
Bào biết khoái lý.,炰鱉膾鯉，
Hầu thuỷ tại hỹ?,侯誰在矣，
Trương Trọng hiếu hữu.,張仲孝友。
"Lục bỉ tiêu tư,",蓼彼蕭斯，
Linh lộ tứ hề.,零露湑兮。
"Ký kiến quân tử,",既見君子，
Ngã tâm tả hề.,我心寫兮。
"Yến tiếu ngữ hề,",燕笑語兮，
Thị dĩ hữu dự xử hề.,是以有譽處兮。
"Lục bỉ tiêu tư,",蓼彼蕭斯，
Linh lộ nhương nhương.,零露瀼瀼。
"Ký kiến quân tử,",既見君子，
Vi long vi quang.,爲龍爲光。
"Kỳ đức bất sảng,",其德不爽，
Thọ khảo bất vong.,壽考不忘。
"Lục bỉ tiêu tư,",蓼彼蕭斯，
Linh lộ nễ nễ.,零露泥泥。
"Ký kiến quân tử,",既見君子，
Khổng yến khải đễ.,孔燕豈弟。
"Nghi huynh nghi đệ,",宜兄宜弟，
Lịnh đức thọ khải.,令德壽豈。
"Lục bỉ tiêu tư,",蓼彼蕭斯，
Linh lộ nùng nùng.,零露濃濃。
"Ký kiến quân tử,",既見君子，
Điều cách trùng trùng.,鞗革沖沖。
"Hoà lan ung ung,",和鸞雍雍，
Vạn phúc du đồng.,萬福攸同。
"Lục hề y hề,",綠兮衣兮，
Lục y hoàng lý.,綠衣黃里。
Tâm chi ưu hĩ.,心之憂矣，
Hạt duy kỳ dĩ?,曷維其已？
Lục hề y hề!,綠兮衣兮，
Lục y hoàng thường.,綠衣黃裳。
Tâm chi ưu hĩ!,心之憂矣，
Hạt duy kỳ vong?,曷維其亡？
"Lục hề ty hề,",綠兮絲兮，
Nhữ sở trì hề!,女所治兮。
Ngã tư cổ nhân.,我思古人，
Tỷ vô vi hề.,俾無訧兮。
Si hề khích hề!,絺兮绤兮，
Thê kỳ dĩ phâm.,凄其以風。
"Ngã tư cổ nhân,",我思古人，
Thực hoạch ngã tâm.,實獲我心。
"Tắc tắc lương cử,",畟畟良耜，
Thục tái nam mẫu.,俶載南畝。
"Bá quyết bách cốc,",播厥百穀，
Thực hàm tư hoạt.,實函斯活。
"Hoặc lai chiêm nhữ,",或來瞻女，
"Tái khuông cập cử,",載筐及筥，
Kỳ hướng y thử.,其饟伊黍。
"Kỳ lạp y củ,",其笠伊糾，
"Kỳ bác tư triệu,",其鎛斯趙，
Dĩ hao đồ liễu.,以薅荼蓼。
"Đồ liễu hủ chỉ,",荼蓼朽止，
Thử tắc mậu chỉ.,黍稷茂止。
"Hoạch chi trất trất,",穫之挃挃，
Tích chi lật lật.,積之栗栗。
"Kỳ sùng như dung,",其崇如墉，
Kỳ tỉ như trất.,其比如櫛。
"Dĩ khai bách thất,",以開百室，
"Bách thất doanh chỉ,",百室盈止，
Phụ tử ninh chỉ.,婦子寧止。
"Sát thì thuần mẫu,",殺時犉牡，
Hữu cầu kỳ giác.,有捄其角。
"Dĩ tự dĩ tục,",以似以續，
Tục cổ chi nhân.,續古之人。
"Mẫn dư tiểu tử,",閔予小子，
"Tao gia bất tạo,",遭家不造，
Quỳnh quỳnh tại cứu.,嬛嬛在疚。
"Ô hô hoàng khảo,",於乎皇考，
"Vĩnh thế khắc hiếu,",永世克孝，
"Niệm tư hoàng tổ,",念茲皇祖，
Trắc giáng đình chỉ.,陟降庭止。
"Duy dư tiểu tử,",維予小子，
Túc dạ kính chỉ.,夙夜敬止。
"Ô hô hoàng vương,",於乎皇王，
Kế tự tư bất vong.,繼序思不忘。
"Manh chi si si,",氓之蚩蚩，
"Bảo bố mậu ty,",抱布貿絲。
"Phỉ lai mậu ty,",匪來貿絲，
Lai tức ngã mi.,來即我謀。
"Tống tử thiệp Kỳ,",送子涉淇，
Chí vu Đốn Khi.,至于頓丘。
"Phỉ ngã khiên kỳ,",匪我愆期，
Tử vô lương mi.,子無良媒。
Thương tử vô nộ.,將子無怒，
Thu dĩ vi kỳ.,秋以為期。
"Thừa bỉ quỷ viên,",乘彼垝垣，
Dĩ vọng Phục khuyên.,以望復關。
"Bất kiến Phục khuyên,",不見復關，
Khấp thế liên liên.,泣涕漣漣。
"Ký kiến Phục khuyên.,",既見復關，
Tái tiếu tái ngôn.,載笑載言。
"Nhĩ bốc nhĩ phệ,",爾卜爾筮，
Thể vô cữu ngôn.,體無咎言。
"Dĩ nhĩ xa lai,",以爾車來，
Dĩ ngã hối thiên.,以我賄遷。
"Tang chi vị lạc,",桑之未落，
Kỳ diệp ốc nhược.,其葉沃若。
Hu ta cưu hề!,于嗟鳩兮，
Vô thực tang trâm.,無食桑葚。
Hu ta nữ hề!,于嗟女兮，
Vô dữ sĩ trâm.,無與士耽。
Sĩ chi đam hề!,士之耽兮，
Do khả thuế dã.,猶可說也。
Nữ chi đam hề!,女之耽兮，
Bất khả thuế dã.,不可說也。
"Tang chi lạc hĩ,",桑之落矣，
Kỳ hoàng nhi vân.,其黃而隕。
"Tự ngã tổ nhĩ,",自我徂爾，
Tam thuế thực bần.,三歲食貧。
"Kỳ thuỷ thương thương,",淇水湯湯，
Tiêm xa duy thường.,漸車帷裳。
"Nữ dã bất sảng,",女也不爽，
Sĩ nhị kỳ hạng.,士貳其行。
"Sĩ dã vông cực,",士也罔極，
Nhị tam kỳ đức.,二三其德。
"Tam tuế vi phụ,",三歲為婦，
Mỹ thất lao hĩ.,靡室勞矣。
"Túc hưng dạ mỵ,",夙興夜寐，
Mỹ hữu trao hĩ.,靡有朝矣。
"Ngôn ký toại hĩ,",言既遂矣，
Chí vu bạo hĩ.,至于暴矣。
"Huynh đệ bất tri,",兄弟不知，
Hí kỳ tiếu hĩ.,咥其笑矣。
"Tĩnh ngôn tư chi,",靜言思之，
Cung tự điệu hĩ.,躬自悼矣。
"Cập nhĩ giao lão,",及爾偕老，
Lão sử ngã oán.,老使我怨。
"Kỳ tắc hữu nghiến,",淇則有岸，
Thấp tắc hữu phiến.,隰則有泮。
"Tổng giác chi yến,",總角之宴，
Ngôn tiếu yến yến.,言笑晏晏。
"Tín thệ điến điến,",信誓旦旦，
Bất từ kỳ phiến.,不思其反。
"Phản thị bất tê,",反是不思，
Diệc dĩ yên tê!,亦已焉哉！
Mao khâu chi cát hề!,旄丘之葛兮，
Hà đạn chi tiết hề!,何誕之節兮。
Thúc hề bức hề!,叔兮伯兮，
Hà đa nhật dã?,何多日也。
Hà kỳ xử dã?,何其處也？
Tất hữu dữ dã!,必有與也。
Hà kỳ kỷ dã?,何其久也？
Tất hữu dĩ dã!,必有以也。
"Hồ cầu mang nhung,",狐裘蒙戎，
Phỉ xa bất đông.,匪車不東。
Thúc hề bá hề!,叔兮伯兮，
Mỹ sở dữ đồng.,靡所與同。
Toả hề vĩ hề!,瑣兮尾兮，
Lưu ly chi tỉ.,流離之子。
Thúc hề bá hề!,叔兮伯兮，
Hựu nhi sung nhĩ.,褒如充耳。
Miên miên qua điệt.,綿綿瓜瓞。
"Dân chi sơ sinh,",民之初生，
Tự thổ Thư Thất.,自土沮漆。
"Cổ công Đản phủ,",古公亶父，
"Đào phúc đào huyệt,",陶復陶穴，
Vị hữu gia thất.,未有家室。
"Cổ công Đản phủ,",古公亶父，
"Lai triêu tẩu mã,",来朝走馬，
"Suất tây thuỷ hử,",率西水滸，
Chí vu Kỳ hạ.,至于岐下。
"Viên cập Khương nữ,",爰及姜女，
Duật lai tư vũ.,聿来胥宇。
"Chu nguyên vũ vũ,",周原膴膴，
Cẩn đồ như di.,堇荼如飴。
"Viên thuỷ viên mưu,",爰始爰謀，
Viên khí ngã quy.,爰契我龜。
"Viết chỉ viết thì,",曰止曰時，
Trúc thất vu tư.,築室于茲。
"Nãi uỷ nãi chỉ,",乃慰乃止，
Nãi tả nãi hữu.,乃左乃右，
"Nãi cương nãi lý,",乃疆乃理，
Nãi tuyên nãi mẫu.,乃宣乃畝。
"Tự tây tồ đông,",自西徂東，
Chu viên chấp sự.,周爰执事。
"Nãi triệu tư không,",乃召司空，
"Nãi triệu tư đồ,",乃召司徒，
Ty lập thất gia.,俾立室家。
"Kỳ thằng tắc trực,",其繩則直，
"Súc bản dĩ tái,",縮版以載，
Tác miếu dực dực.,作廟翼翼。
"Câu chi nhưng nhưng,",捄之陾陾，
"Đạc chi hoăng hoăng,",度之薨薨，
"Trúc chi đăng đăng,",築之登登，
Tước lũ bằng bằng.,削屢馮馮。
"Bách đổ giai hưng,",百堵皆興，
Cao cổ phất thăng.,鼛鼓弗勝。
"Nãi lập cao môn,",乃立皋門，
Cao môn hữu kháng;,皋門有伉；
"Nãi lập ứng môn,",乃立應門，
Ứng môn thương thương.,應門將將。
"Nãi lập trũng thổ,",乃立冢土，
Nhung xú du hành.,戎醜攸行。
"Tứ bất điễn quyết uẩn,",肆不殄厥慍，
Diệc bất vẫn quyết vấn.,亦不隕厥問，
"Tạc vực bội hĩ,",柞棫拔矣，
Hành đạo đoài hĩ.,行道兌矣。
"Côn Di thoái hĩ,",混夷駾矣，
Duy kỳ huý hĩ.,維其喙矣。
"Ngu Nhuế chất quyết thành,",虞芮質厥成，
Văn Vương quệ quyết sinh.,文王蹶厥生。
"Dư viết hữu sơ phụ,",予曰有疏附，
"Dư viết hữu tiên hậu,",予曰有先後，
"Dư viết hữu bôn tấu,",予曰有奔奏，
Dư viết hữu ngự vũ.,予曰有禦侮。
Đầu ngã dĩ mộc cô.,投我以木瓜，
Báo chi dĩ quỳnh cư.,報之以瓊琚。
"Phỉ báo dã,",匪報也，
Vĩnh dĩ vi hảo dã.,永以為好也。
"Đầu ngã dĩ mộc đào,",投我以木桃，
Báo chi dĩ quỳnh dao.,報之以瓊瑤。
"Phỉ báo dã,",匪報也，
Vĩnh dĩ vi hảo dã.,永以為好也。
Đầu ngã dĩ mộc lý.,投我以木李，
Báo chi dĩ quỳnh kỳ.,報之以瓊玖。
"Phỉ báo dã,",匪報也，
Vĩnh dĩ vi hảo dã.,永以為好也。
"Mộ môn hữu cức,",墓門有棘，
Phủ dĩ tư chi.,斧以斯之。
"Phu dã bất lương,",夫也不良，
"Quốc nhân tri chi,",國人知之，
Tri nhi bất dĩ.,知而不已，
Thuỳ tích nhiên hĩ.,誰昔然矣。
"Mộ môn hữu mai,",墓門有梅，
Hữu hiêu tuỵ chi.,有鴞萃止。
"Phu dã bất lương,",夫也不良，
"Ca dĩ tuý chi,",歌以訊之。
Tấn dư bất củ.,訊、予不顧，
Điên đảo tư dữ.,顛倒思予。
"Nam hữu gia ngư,",南有嘉魚，
Chưng nhiên trảo trảo.,烝然罩罩。
"Quân tử hữu tửu,",君子有酒，
Gia tân thức yến dĩ ngạo.,嘉賓式燕以樂。
"Nam hữu gia ngư,",南有嘉魚，
Chưng nhiên sán sán.,烝然汕汕。
"Quân tử hữu tửu,",君子有酒，
Gia tân thức yến dĩ khán.,嘉賓式燕以衎.
"Nam hữu cù mộc,",南有樛木，
Cam hộ lôi chi.,甘瓠累之。
"Quân tử hữu tửu,",君子有酒，
Gia tân thức yến tuy chi.,嘉賓式燕綏之。
"Phiên phiên giả chuy,",翩翩者鵻，
Chưng nhiên lai tư.,烝然來思。
"Quân tử hữu tửu,",君子有酒，
Gia tân thức yến hựu tư.,嘉賓式燕又思。
"Nam sơn tồi tồi,",南山崔崔，
Hùng hồ tuy tuy.,雄狐綏綏。
"Lỗ đạo hữu đãng,",魯道有蕩，
"Tề tử do quy,",齊子由歸，
"Ký viết quy chỉ,",既曰歸止，
Hạt hữu huỳ chỉ?,曷又懷止！
"Cát cú ngũ lưỡng,",葛屨五兩，
Quan nhuy song chỉ.,冠緌雙止。
"Lỗ đạo hữu đãng,",魯道有蕩，
Tề tử dung chỉ.,齊子庸止。
Ký viết dung chỉ,既曰庸止，
Hạt hựu tùng chỉ?,曷又從止！
Nghệ ma như chi hà?,蓺麻如之何？
Hoành tung kỳ mẫu.,衡從其畝。
Thú thê như chi hà?,取妻如之何？
Tất cốc phụ mẫu.,必告父母。
"Ký viết cốc chỉ,",既曰告止，
Hạt hựu cúc chỉ?,曷又鞠止！
Tích tân như chi hà?,析薪如之何？
Phỉ phủ bất khắc.,匪斧不克。
Thú thê như chi hà?,取妻如之何？
Phỉ môi bất đắc.,匪媒不得。
"Ký viết đắc chỉ,",既曰得止，
Hạt hựu cực chỉ?,曷又極止！
"Nam sơn hữu đài,",南山有臺，
Bắc sơn hữu lai.,北山有萊。
"Lạc chỉ quân tử,",樂隻君子，
Bang gia chi cơ.,邦家之基。
"Lạc chỉ quân tử,",樂隻君子，
Vạn thọ vô kỳ.,萬壽無期。
"Nam sơn hữu tang,",南山有桑，
Bắc sơn hữu dương.,北山有楊。
"Lạc chỉ quân tử,",樂隻君子，
Bang gia chi quang.,邦家之光。
"Lạc chỉ quân tử,",樂隻君子，
Vạn thọ vô cương.,萬壽無疆。
"Nam sơn hữu khỉ,",南山有杞，
Bắc sơn hữu lý.,北山有李。
"Lạc chỉ quân tử,",樂隻君子，
Dân chi phụ mẫu.,民之父母。
"Lạc chỉ quân tử,",樂隻君子，
Đức âm bất dĩ.,德音不已。
"Nam sơn hữu khảo,",南山有栲，
Bắc sơn hữu nữu.,北山有杻。
"Lạc chỉ quân tử,",樂隻君子，
Hà bất my thọ?,遐不眉壽。
"Lạc chỉ quân tử,",樂隻君子，
Đức âm thị mậu.,德音是茂。
"Nam sơn hữu cũ,",南山有枸，
Bắc sơn hữu dũ.,北山有楰。
"Lạc chỉ quân tử,",樂隻君子，
Hà bất hoàng cầu?,遐不黄耇。
"Lạc chỉ quân tử,",樂隻君子，
Bảo ngải nhĩ hậu.,保艾爾後。
"Ngã tương ngã hưởng,",我將我享，
"Duy dương duy ngưu,",維羊維牛，
Duy thiên kỳ hữu chi.,維天其右之。
"Nghi thức hình Văn Vương chi điển,",儀式刑文王之典，
Nhật tĩnh tứ phương.,日靖四方。
"Y hỗ Văn Vương,",伊嘏文王，
Ký hữu hưởng chi.,既右饗之。
"Ngã kỳ túc dạ,",我其夙夜，
"Uý thiên chi uy,",畏天之威，
Vu thời bảo chi.,于時保之。
"Ngư ly vu lựu,",魚麗於罶，
Thường sa.,鲿鯊。
"Quân tử hữu tửu,",君子有酒，
Chỉ thả đa.,旨且多。
"Ngư ly vu liễu,",魚麗於罶，
Phòng lễ.,魴鱧。
"Quân tử hữu tửu,",君子有酒，
Đa tha chỉ.,多且旨。
"Ngư ly vu liễu,",魚麗於罶，
Yển lý.,鰋鯉。
"Quân tử hữu tửu,",君子有酒，
Chỉ thả hữu.,旨且有。
"Vật kỳ đa hỹ,",物其多矣，
Duy kỳ gia hỹ.,維其嘉矣。
"Vật kỳ chỉ hỹ,",物其旨矣，
Duy kỳ giai hỹ.,維其偕矣。
"Vật kỳ hữu hỹ,",物其有矣，
Duy kỳ thì hỹ.,維其時矣。
Nguyệt xuất hạo hề!,月出皎兮，
Giảo nhân liễu hề!,佼人僚兮。
Thư yểu kiểu hề!,舒窈糾兮，
Lao tâm tiệu hề!,勞心悄兮。
Nguyệt xuất hạo hề!,月出皓兮，
Giảo nhân lão hề!,佼人懰兮。
Thư ẩu thão hề!,舒懮受兮，
Lao tâm thảo hề!,勞心慅兮。
Nguyệt xuất chiếu hề!,月出照兮，
Giảo nhân liệu hề!,佼人燎兮。
Thư yểu thiệu hề!,舒夭紹兮，
Lao tâm thiếu hề!,勞心慘兮。
"Nhật cư nguyệt chư,",日居月諸，
Chiếu lâm hạ thổ.,照臨下土。
Nãi như chi nhân hề!,乃如之人兮，
Thệ bất cổ xử.,逝不古處。
Hồ năng hữu định?,胡能有定？
Ninh bất ngã cổ.,寧不我顧？
"Nhật cư nguyệt chư,",日居月諸，
"Hạ thổ thị mạo,",下土是冒。
Nãi như chi nhân hề!,乃如之人兮，
Thệ bất tương hảo.,逝不相好。
Hồ năng hữu định?,胡能有定？
Năng bất ngã báo.,寧不我報？
"Nhật cư nguyệt chư,",日居月諸，
Xuất tự đông phương.,出自東方。
Nãi như chi nhân hề!,乃如之人兮，
Đức âm vô lương.,德音無良。
Hồ năng hữu định?,胡能有定？
Tỷ dã khả vong.,俾也可忘。
"Nhật cư nguyệt chư,",日居月諸，
Đông phương tự xuất.,東方自出。
Phụ hề mẫu hề!,父兮母兮，
Súc ngã bất tốt.,畜我不卒，
Hồ năng hữu định?,胡能有定？
Báo ngã bất thuật?,報我不述。
"Nhị tử thừa chu,",二子乘舟，
Phiếm phiếm kỳ cưỡng.,泛泛其景。
"Nguyên ngôn tư tử,",愿言思子，
Trung tâm dưỡng dưỡng.,中心養養。
"Nhị tử thừa chu,",二子乘舟，
Phiếm phiếm kỳ thệ.,泛泛其逝。
"Nguyên ngôn tư tử,",愿言思子，
Bất hà hữu hại.,不瑕有害。
"Tuân bỉ Nhữ phần,",遵彼汝墳、
Phạt kỳ điều mai.,伐其條枚。
"Vị kiến quân tử,",未見君子、
Nịch như chu cơ.,惄如調飢。
"Tuân bỉ Nhữ phần,",遵彼汝墳、
Phạt kỳ điều dị.,伐其條肆。
"Ký kiến quân tử,",既見君子、
Bất ngã hà khí.,不我遐棄。
"Phòng ngư sanh vĩ,",魴魚赬尾、
Vương thất như huỷ.,王室如燬。
"Tuy tắc như huỷ,",雖則如燬、
Phụ mẫu khổng nhĩ.,父母孔邇。
"Nữ viết: “Kê minh”,",女曰：「雞鳴。」
Sĩ viết: “Muội đán”.,士曰：「昧旦。」
"Tử hưng thị dạ,",「子興視夜，
Minh tinh hữu lạn.,明星有爛。」
"Tương ngao tương tường,",「將翱將翔，
Dực phù dữ nhạn.,弋鳧與雁。」
"Dực ngôn gia chỉ,",「弋言加之，
Dữ tử nga chi.,與子宜之。
"Nghi ngôn ẩm tửu,",宜言飲酒，
Dữ tử giai lỗng.,與子偕老。
"Cầm sắt tại ngự,",琴瑟在御，
Mạc bất tĩnh hẩu.,莫不靜好。」
"Tri tử chi lực chi,",「知子之來之，
Tạp bội dĩ tắc chi.,雜佩以贈之。
"Tri tử chi thuận chi,",知子之順之，
Tạp bội dĩ vấn chi.,雜佩以問之。
"Tri tử chi háo chi,",知子之好之，
Tạp bội dĩ báo chi.,雜佩以報之。」
"Bỉ Phần tứ nhu,",彼汾沮洳，
Ngôn thái kỳ mộ.,言采其莫。
"Bỉ ký chi tử,",彼其之子，
Mỹ vô độ.,美無度；
Mỹ vô độ.,美無度，
Thù dị hồ công lộ.,殊異乎公路。
"Bỉ Phần nhất phương,",彼汾一方，
Ngôn thái kỳ tang.,言采其桑。
"Bỉ ký chi tử,",彼其之子，
Mỹ như ương.,美如英；
"Mỹ như ương,",美如英，
Thù dị hồ công hàng.,殊異乎公行。
"Bỉ Phần nhất khúc,",彼汾一曲，
Ngôn thái kỳ tục.,言采其藚。
"Bỉ ký chi tử,",彼其之子，
Mỹ như ngọc.,美如玉；
"Mỹ như ngọc,",美如玉，
Thù dị hồ công tộc.,殊異乎公族。
"Ký phá ngã phủ,",既破我斧、
Hựu khuyết ngã thương.,又缺我斨。
"Chu Công đông chinh,",周公東征、
Tứ quốc thị hoàng.,四國是皇。
"Ai ngã nhân tư,",哀我人斯、
Diệc khổng chi tương.,亦孔之將。
"Ký phá ngã phủ,",既破我斧、
Hựu khuyết ngã cà.,又缺我錡。
"Chu Công đông chinh,",周公東征、
Tứ quốc thị ngoa.,四國是吪。
"Ai ngã nhân tư,",哀我人斯、
Diệc khổng chi gia.,亦孔之嘉。
"Ký phá ngã phủ,",既破我斧、
Hựu khuyết ngã cầu.,又缺我銶。
"Chu Công đông chinh,",周公東征、
Tứ quốc thị tù.,四國是遒。
"Ai ngã nhân tư,",哀我人斯、
Diệc khổng chi hưu.,亦孔之休。
Khảm khảm phạt điền hề!,坎坎伐檀兮，
Chí chi hà chi kiên hề!,寘之河之干兮，
Hà thuỷ thanh thả liên y!,河水清且漣猗。
"Bất giá bất sắc,",不稼不穡，
Hà thủ hoà tam bách triền hề?,胡取禾三百廛兮？
"Bất thú bất liệp,",不狩不獵，
Hồ chiêm nhĩ đình hữu huyền huyên hề?,胡瞻爾庭有縣貆兮？
Bỉ quân tử hề!,彼君子兮，
Bất tố thuyên hề!,不素餐兮？
Khảm khảm phạt bức hề!,坎坎伐輻兮，
Chí chi hà chi trức hề!,寘之河之側兮，
Hà thuỷ thanh thả trực y!,河水清且直猗。
"Bất giá bất sắc,",不稼不穡，
Hồ thủ hoà tam bách ức hề?,胡取禾三百億兮？
"Bất thú bất liệp,",不狩不獵，
Hồ chiêm nhĩ đình hữu huyền đặc hề?,胡瞻爾庭有縣特兮？
Bỉ quân tử hề!,彼君子兮，
Bất tố thực hề!,不素食兮？
Khảm khảm phạt luân hề!,坎坎伐輪兮，
Chí chi hà chi thần hề!,寘之河之漘兮，
Hà thuỷ thanh thả luân y!,河水清且淪猗。
"Bất giá bất sắc,",不稼不穡，
Hà thủ hoà tam bách khuân hề?,胡取禾三百囷兮？
"Bất thú bất liệp,",不狩不獵，
Hồ chiêm nhĩ đình hữu huyền thuần hề?,胡瞻爾庭有縣鶉兮？
Bỉ quân tử hề!,彼君子兮，
Bất tố tuân hề!,不素飧兮？
Phạt kha như hà?,伐柯如何、
Phỉ phủ bất khắc.,匪斧不克。
Thú thê như hà?,取妻如何、
Phỉ môi bất đắc.,匪媒不得。
"Phạt kha, phạt kha!",伐柯伐柯、
Kỳ tắc bất viễn.,其則不遠。
"Ngã cấu chi tử,",我覯之子、
Biên đậu hữu tiễn.,籩豆有踐。
"Phạt mộc tranh tranh,",伐木丁丁。
"Điểu minh oanh oanh,",鳥鳴嚶嚶。
"Xuất tự u cốc,",出自幽穀，
"Thiên vu kiều mộc,",遷於喬木。
Oanh kỳ minh hỹ.,嚶其鳴矣，
Cầu kỳ hữu thanh.,求其友聲。
"Tướng bỉ điểu hỹ,",相彼鳥矣，
Do cầu hữu thanh.,猶求友聲；
"Thẩn y nhân hỹ,",矧伊人矣，
Bất cầu hữu sinh.,不求友生？
"Thần chi thính chi,",神之聽之，
Chung hoà thả bình.,終和且平。
"Phạt mộc hổ hổ,",伐木許許。
Sư tửu hữu tự.,釃酒有藇。
"Ký hữu phì trữ,",既有肥羜，
Dĩ tốc chư phủ.,以速諸父。
"Ninh thích bất lai,",寧適不來？
Vi ngã phất cố.,微我弗顧！
Ô xan sái tảo!,於粲灑埽，
Trần quỹ bát cửu.,陳饋八簋。
"Ký hữu phì mẫu,",既有肥牡，
"Dĩ tốc chư cữu,",以速諸舅。
"Ninh thích bất lai,",寧適不來？
Vi ngã hữu cữu.,微我有咎！
"Phạt mộc vu phản,",伐木於阪。
Sư tửu hữu diễn.,釃酒有衍。
"Biên đậu hữu tiễn,",籩豆有踐，
Huynh đệ vô viễn.,兄弟無遠。
"Dân chi thất đức,",民之失德，
Can hầu dĩ khiển.,乾餱以愆。
"Hữu tửu tử ngã,",有酒湑我，
"Vô tửu cổ ngã,",無酒酤我。
"Khảm khảm cổ ngã,",坎坎鼓我，
"Tồn tồn vũ ngã,",蹲蹲舞我。
"Đãi ngã hạ hỹ,",迨我暇矣，
Ẩm thử tửu hỹ.,飲此湑矣。
Phỉ phong phiết hề!,匪風發兮，
Phỉ xa kiệt hề!,匪車偈兮。
"Cố chiêm Chu đạo,",顧瞻周道，
Trung tâm điết hề!,中心怛兮。
Phỉ phong phiếu hề!,匪風飄兮，
Phỉ xa phiếu hề!,匪車嘌兮。
"Cố chiêm Chu đạo,",顧瞻周道，
Trung tâm điếu hề!,中心吊兮。
Thuỳ năng phanh ngư?,誰能亨魚，
Cái chi phủ tầm.,溉之釜鬵。
Thuỳ tương tây quy?,誰將西歸，
Hoài chi hảo âm.,懷之好音。
Tử chi phong hề!,子之豐兮，
Sĩ ngã hồ hồng hề!,俟我乎巷兮。
Hối dư bất tống hề.,悔予不送兮！
Tử chi xương hề!,子之昌兮，
Sĩ ngã hồ đường hề!,俟我乎堂兮。
Hối dư bất tương hề!,悔予不將兮！
"Ý cẩm khuýnh y,",衣錦褧衣，
Thường cẩm khuýnh thường.,裳錦褧裳。
Thúc hề Bá hề!,叔兮伯兮，
Giá dư dữ hàng (hành).,駕予與行。
"Thường cẩm khuýnh thường,",裳錦褧裳，
Ý cẩm khuýnh y.,衣錦褧衣。
Thúc hề bá hề!,叔兮伯兮，
Giá dư dữ quy.,駕予與歸。
"Phòng hữu thước sào,",防有鵲巢，
Cùng hữu chỉ đào.,邛有旨苕。
Thuỳ chu dư mỹ?,誰侜予美，
Tâm yên đao đao.,心焉忉忉。
"Trung đường hữu tịch,",中唐有甓，
Cùng hữu chỉ nghịch.,邛有旨鷊。
Thuỳ chu dư mỹ?,誰侜予美，
Tâm yên thích thích.,心焉惕惕。
"Phỏng dư lạc chỉ,",訪予落止，
Suất thì chiêu khảo.,率時昭考。
"Ô hô du tai,",於乎悠哉，
Trẫm vị hữu ngải.,朕未有艾。
"Tương dư tựu chi,",將予就之，
Kế do phán hoán.,繼猶判渙。
"Duy dư tiểu tử,",維予小子，
Vị kham gia đa nan.,未堪家多難。
"Thiệu đình thượng hạ,",紹庭上下，
Trắc giáng quyết gia.,陟降厥家。
"Hưu hĩ hoàng khảo,",休矣皇考，
Dĩ bảo minh kỳ thân.,以保明其身。
"Phong niên đa thử đa đồ,",豐年多黍多稌，
"Diệc hữu cao lẫm,",亦有高廩，
Vạn ức cập tỉ.,萬億及秭。
"Vi tửu vi lễ,",為酒為醴，
Chưng tí tổ tỉ.,烝畀祖妣。
"Dĩ hợp bách lễ,",以洽百禮，
Giáng phúc khổng giai.,降福孔皆。
Phong vũ thê thê,風雨凄凄，
Kê minh giê giê.,雞鳴喈喈。
"Ký kiến quân tử,",既見君子，
Vân hồ bất di?,云胡不夷？
"Phong vũ tiêu tiêu,",風雨瀟瀟，
Kê minh kiêu kiêu.,雞鳴膠膠。
"Ký kiến quân tử,",既見君子，
Vân hồ bất liêu?,云胡不瘳？
"Phong vũ như hí,",風雨如晦，
Kê minh bất dĩ.,雞鳴不已。
"Ký kiến quân tử,",既見君子，
Vân hồ bất hỉ?,云胡不喜？
"Thái thái phù dĩ,",采采芣苡、
Bạc ngôn thái chi.,簿言采之。
"Thái thái phù dĩ,",采采芣苡、
Bạc ngôn hữu chi.,簿言有之。
"Thái thái phù dĩ,",采采芣苡、
Bạc ngôn đoạt chi.,薄言掇之。
"Thái thái phù dĩ,",采采芣苡、
Bạc ngôn loát chi.,薄言捋之。
"Thái thái phù dĩ,",采采芣苡、
Bạc ngôn kết chi.,薄言袺之。
"Thái thái phù dĩ,",采采芣苡、
Bạc ngôn khiết chi.,薄言襭之。
"Vô điền phủ điền,",無田甫田，
Duy dậu cao cao.,維莠驕驕。
"Vô tư viễn nhân,",無思遠人，
Lao tâm đao đao.,勞心忉忉。
"Vô điền phủ điền,",無田甫田，
Duy dậu kiệt kiệt.,維莠桀桀。
"Vô tư viễn nhân,",無思遠人，
Lao tâm điết điết.,勞心怛怛。
"Uyển hề, luyến hề!",婉兮、孌兮，
Tổng giác quyền hề!,總角丱兮。
Vị kỷ kiến hề!,未幾見兮，
Đột nhi biết hề!,突而弁兮。
"Phù du chi vũ,",蜉蝣之羽，
Y thường sử sử.,衣裳楚楚。
"Tâm chi ưu hĩ,",心之憂矣，
Ư ngã quy xử.,於我歸處。
"Phù du chi dực,",蜉蝣之翼，
Thái thái y bặc.,采采衣服。
"Tâm chi ưu hĩ,",心之憂矣，
Ư ngã quy tức.,於我歸息。
"Phù du quật duyệt,",蜉蝣掘閱，
Ma y như tuyết.,麻衣如雪。
"Tâm chi ưu hĩ,",心之憂矣，
Ư ngã quy thuyết.,於我歸說。
"Phù y tại kinh,",鳧鷖在涇，
Công thi lai yến lai ninh.,公尸来燕来寧。
"Nhĩ tửu ký thanh,",爾酒既清，
Nhĩ hào ký hinh.,爾殽既馨。
"Công thi yến ẩm,",公尸燕飲，
Phúc lộc lai thành.,福祿来成。
"Phù y tại sa,",鳧鷖在沙，
Công thi lai yến lai nghi.,公尸来燕来宜。
"Nhĩ tửu ký đa,",爾酒既多，
Nhĩ hào ký gia.,爾殽既嘉。
Công thi yến ẩm,公尸燕飲，
Phúc lộc lai vi.,福祿来爲。
"Phù y tại chử,",鳧鷖在渚，
Công thi lai yến lai xử.,公尸来燕来處。
"Nhĩ tửu ký tư,",爾酒既湑，
Nhĩ hào y phủ.,爾殽伊脯。
"Công thi yến ẩm,",公尸燕飲，
Phúc lộc lai hạ.,福祿来下。
"Phù y tại tùng,",鳧鷖在潀，
Công thi lai yến lai tông.,公尸来燕来宗。
"Ký yến vu tông,",既燕于宗，
Phúc lộc du giáng.,福祿攸降。
"Công thi yến ẩm,",公尸燕飲，
Phúc lộc lai sùng.,福祿来崇。
"Phù y tại môn,",鳧鷖在亹，
Công thi lai chỉ huân huân.,公尸来止熏熏。
"Chỉ tửu hân hân,",旨酒欣欣，
Phiền chích phân phân.,燔炙芬芬。
"Công thi yến ẩm,",公尸燕飲，
Vô hữu hậu gian.,無有後艱。
"Quan quan thư cưu,",關關雎鳩、
Tại hà chi châu.,在河之洲。
"Yểu điệu thục nữ,",窈窕淑女、
Quân tử hảo cầu.,君子好逑。
"Sâm si hạnh thái,",參差荇菜、
Tả hữu lưu chi.,左右流之。
"Yểu điệu thục nữ,",窈窕淑女、
Ngộ mị cầu chi.,寤寐求之。
"Cầu chi bất đắc,",求之不得、
Ngộ mị tư bặc.,寤寐思服。
"Du tai, du tai!",悠哉悠哉、
Triển chuyển phản trắc.,輾轉反側。
"Sâm si hạnh thái,",參差荇菜、
Tả hữu thể chi.,左右采之。
"Yểu điệu thục nữ,",窈窕淑女、
Cầm sắt vĩ chi.,琴瑟友之。
"Sâm si hạnh thái,",參差荇菜、
Tả vĩ mạo chi.,左右芼之。
"Yểu điệu thục nữ,",窈窕淑女、
Chung cổ nhạo chi.,鍾鼓樂之。
"Quân tử dương dương,",君子陽陽，
"Tả chấp hoàng,",左執簧，
Hữu chiêu ngã do phòng.,右招我由房。
Kỳ lạc chỉ thư.,其樂只且！
"Quân tử dao dao,",君子陶陶，
"Tả chấp đào,",左執翿，
Hữu chiêu ngã do ngao.,右招我由敖。
Kỳ lạc chỉ thư.,其樂只且！
"Quân tử giai lão,",君子偕老，
Phổ kê lục gia.,副笄六珈。
"Uy uy đà đà,",委委佗佗，
Như sơn như hà.,如山如河。
"Tượng phục thị nga,",象服是宜，
"Tử chi bất thục,",子之不淑，
Vân như chi hà?,云如之何？
"Thử hề thử hề,",玼兮玼兮！
Kỳ chi địch dã.,其之翟也。
"Chẩn phát như vân,",鬒發如雲，
Bất tiết đệ dã.,不屑髢也。
Ngọc chi thiển dã.,玉之瑱也，
Tượng chi sế dã.,象之揥也，
Dương thư chi chế dã.,揚且之皙也。
Hồ nhiên nhi Thiên dã?,胡然而天也？
Hồ nhiên nhi Đế dã?,胡然而帝也？
"Thả hề, thả hề!",瑳兮、瑳兮！
Kỳ chi chiên dã.,其之展也。
"Mông bỉ trẩu si,",蒙彼縐絺，
Thị tiết phiền dã.,是紲袢也。
"Tử chi thanh dương,",子之清揚，
Dương thả chi nghiên dã.,揚且之顏也。
Triển như chi nhân hề!,展如之人兮，
Bang chi viên dã!,邦之媛也。
"Quân tử vu dịch,",君子于役，
Bất tri kỳ kỳ,不知其期，
Hạt chí tê?,曷至哉？
"Kê tê vu thì,",雞棲于塒，
"Nhật chi tịch hĩ,",日之夕矣，
Dương ngưu hạ ly.,羊牛下來。
"Quân tử vu dịch,",君子于役，
Như chi hà vật ti.,如之何勿思？
"Quân tử vu dịch,",君子于役，
Bất nhật bất nguyệt,不日不月，
Hạt kỳ hữu huyệt?,曷其有佸？
"Kê tê vu kiệt,",雞棲于桀，
"Nhật chi tịch hĩ,",日之夕矣，
Dương ngưu hạ quyết.,羊牛下括。
"Quân tử vu dịch,",君子于役，
Cẩu vô cơ nguyệt.,茍無饑渴！
"Hữu quyền giả a,",有卷者阿，
Phiêu phong tự nam.,飄風自南。
"Khải đễ quân tử,",豈弟君子，
"Lai du lai ca,",來遊來歌，
Dĩ thỉ kỳ âm.,以矢其音。
"Quân tử chi xa,",君子之車，
Ký thứ thả đa;,既庶且多；
"Quân tử chi mã,",君子之馬，
Ký nhàn thả trì.,既閑且馳。
"Thỉ thi bất đa,",矢詩不多，
Duy dĩ toại ca.,維以遂歌。
"Bạn hoán nhĩ du hĩ,",伴奐爾游矣，
Ưu du nhĩ hưu hĩ.,優游爾休矣。
"Khải đễ quân tử,",豈弟君子，
"Tỉ nhĩ di nhĩ tính,",俾爾彌爾性，
Tự tiên công tù hĩ.,似先公酋矣。
"Nhĩ thổ vũ bản chương,",爾土宇昄章，
Diệc khổng chi hậu hĩ.,亦孔之厚矣。
"Khải đễ quân tử,",豈弟君子，
"Tỉ nhĩ di nhĩ tính,",俾爾彌爾性，
Bách thần nhĩ chủ hĩ.,百神爾主矣。
"Nhĩ thụ mệnh trường hĩ,",爾受命長矣，
Phất lộc nhĩ khang hĩ.,茀祿爾康矣。
"Khải đễ quân tử,",豈弟君子，
"Tỉ nhĩ di nhĩ tính,",俾爾彌爾性，
Thuần hỗ nhĩ thường hĩ.,純嘏爾常矣。
"Hữu bằng hữu dực,",有馮有翼，
"Hữu hiếu hữu đức,",有孝有德，
Dĩ dẫn dĩ dực.,以引以翼。
"Khải đễ quân tử,",豈弟君子，
Tứ phương vi tắc.,四方爲則。
"Ngung ngung ngương ngương,",顒顒卬卬，
"Như khuê như chương,",如圭如璋，
Lệnh văn lệnh vọng.,令聞令望。
"Khải đễ quân tử,",豈弟君子，
Tứ phương vi cương.,四方爲綱。
"Phụng hoàng vu phi,",鳳皇于飛，
"Hối hối kì vũ,",翙翙其羽，
Diệc tập viên chỉ.,亦集爰止。
"Ái ái vương đa cát sĩ,",藹藹王多吉士，
"Duy quân tử sử,",維君子使，
Mị vu thiên tử.,媚于天子。
"Phụng hoàng vu phi,",鳳皇于飛，
"Hối hối kì vũ,",翙翙其羽，
Diệc phụ vu thiên.,亦傅于天。
"Ái ái vương đa cát nhân,",藹藹王多吉人，
"Duy quân tử mệnh,",維君子命，
Mị vu thứ nhân.,媚于庶人。
"Phụng hoàng minh hĩ,",鳳皇鳴矣，
Vu bỉ cao cương.,于彼高岡。
"Ngô đồng sinh hĩ,",梧桐生矣，
Vu bỉ triêu dương.,于彼朝陽。
"Bổng bổng thê thê,",菶菶萋萋，
Ung ung giê giê.,雝雝喈喈。
"Ư ngã hồ,",於我乎
Hạ ốc cừ cừ.,夏屋渠渠，
Kim giả mỗi thực vô dư.,今也每食無餘。
Hu ta hồ!,于嗟乎，
Bất thừa quyền dư.,不承權輿。
"Ư ngã hồ,",於我乎
Mỗi thực tứ cửu.,每食四簋，
Kim dã mỗi thực bất bẩu.,今也每食不飽。
Hu ta hồ!,于嗟乎，
Bất thừa quyền dư.,不承權輿。
"Thái thái quyển nhĩ,",采采卷耳、
Bất doanh khuynh khuông.,不盈頃筐。
"Ta ngã hoài nhân,",嗟我懷人、
Chí bỉ chu hàng.,寘彼周行。
"Trắc bỉ tồi ngôi,",陟彼崔嵬、
"Ngã mã khôi đồi,",我馬虺隤。
Ngã cô chước bỉ kim lôi.,我姑酌彼金罍、
Duy dĩ bất vĩnh hồi.,維以不永懷。
"Trắc bỉ cao cương,",陟彼高岡、
Ngã mã huyền hoàng.,我馬玄黃。
"Ngã cô chước bỉ tự quang,",我姑酌彼兕觥、
Duy dĩ bất vĩnh thương.,維以不永傷。
Trắc bỉ thư hĩ!,陟彼砠矣、
Ngã mã đồ hĩ!,我馬瘏矣、
Ngã bộc phô hĩ!,我僕痡矣、
Vân hà hu hĩ!,云何吁矣。
"Quynh quynh mẫu mã,",駉駉牡馬，
Tại quynh chi dã.,在垧之野。
Bạc ngôn quynh giả:,薄言駉者：
"Hữu duật hữu hoàng,",有驈有皇，
"Hữu ly hữu hoàng,",有驪有黃，
Dĩ xa bành bành.,以車彭彭。
"Tư vô cương,",思無疆，
Tư mã tư tang.,思馬斯臧。
"Quynh quynh mẫu mã,",駉駉牡馬，
Tại quynh chi dã.,在垧之野。
Bạc ngôn quynh giả:,薄言駉者：
"Hữu chuy hữu phi,",有騅有駓，
"Hữu tinh hữu kỳ,",有騂有騏，
Dĩ xa phi phi.,以車伾伾。
"Tư vô kỳ,",思無期，
Tư mã tư tài.,思馬斯才。
"Quynh quynh mẫu mã,",駉駉牡馬，
Tại quynh chi dã.,在垧之野。
Bạc ngôn quynh giả:,薄言駉者：
"Hữu đàn hữu lạc,",有驒有駱，
"Hữu lưu hữu lạc,",有駵有雒，
Dĩ xa dịch dịch.,以車繹繹。
"Tư vô dịch,",思無斁，
Tư mã tư tác.,思馬斯作。
"Quynh quynh mẫu mã,",駉駉牡馬，
Tại quynh chi dã.,在垧之野。
Bạc ngôn quynh giả:,薄言駉者：
"Hữu ân hữu hà,",有駰有騢，
"Hữu đàm hữu ngư,",有驔有魚，
Dĩ xa khư khư.,以車祛祛。
"Tư vô tà,",思無邪，
Tư mã tư tồ.,思馬斯徂。
"Quyết sơ sinh dân,",厥初生民，
Thời duy Khương Nguyên.,時維姜嫄。
Sinh dân như hà?,生民如何？
"Khắc yên khắc tự,",克禋克祀，
Dĩ phất vô tử.,以弗無子。
"Lý đế vũ mẫn hâm,",履帝武敏歆，
"Du giới du chỉ,",攸介攸止，
"Tái chấn tái túc,",載震載夙，
"Tái sinh tái dục,",載生載育，
Thời duy Hậu Tắc.,時維后稷。
"Đản di quyết nguyệt,",诞彌厥月，
Tiên sinh như đạt.,先生如達。
"Bất sích bất phách,",不坼不副，
"Vô tai vô hại,",無菑無害，
Dĩ hách quyết linh.,以赫厥靈。
"Thượng đế bất ninh,",上帝不寧，
"Bất khang yên tự,",不康禋祀，
Cư nhiên sinh tử.,居然生子。
"Đản chí chi ải hạng,",诞寘之隘巷，
Ngưu dương phì tự chi.,牛羊腓字之。
"Đản chí chi bình lâm,",诞寘之平林，
Hội phạt bình lâm.,會伐平林。
"Đản chí chi hàn băng,",诞寘之寒冰，
Điểu phú dực chi.,鳥覆翼之。
"Điểu nãi khứ hĩ,",鳥乃去矣，
Hậu Tắc cô hĩ.,后稷呱矣。
"Thực đàm thực hu,",實覃實訏，
Quyết thanh tái lộ.,厥聲載路。
"Đản chí bồ bặc,",诞實匍匐，
Khắc kỳ khắc ngực.,"克岐克嶷,"
"Dĩ tựu khẩu thực,",以就口食。
Nghệ chi nhẫm thúc.,藝之荏菽，
"Nhẫm thúc bái bái,",荏菽旆旆。
"Hoà dịch toại toại,",禾役穟穟，
"Ma mạch mông mông,",麻麥幪幪，
Qua điệt phong phong.,瓜瓞唪唪。
"Đản Hậu Tắc chi sắc,",诞后稷之穡，
Hữu tương chi đạo.,有相之道。
"Phất quyết phong thảo,",茀厥豐草，
Chủng chi hoàng mậu.,種之黄茂。
"Thực phương thực bao,",實方實苞，
Thực chủng thực tụ.,實種實褎。
"Thực phát thực tú,",實發實秀，
"Thực kiên thực hảo,",實堅實好。
"Thực dĩnh thực lật,",實穎實栗，
Tức hữu Thai gia thất.,即有邰家室。
"Đản giáng gia chủng,",诞降嘉種，
"Duy cự duy phi,",維秬維秠，
Duy môn duy khỉ.,維穈維芑。
"Cắng chi cự phi,",恆之秬秠，
Thị hoạch thị mẫu.,是穫是畝。
"Cắng chi môn khỉ,",恆之穈芑，
"Thị nhâm thị phụ,",是任是負，
Dĩ quy triệu tự.,以歸肇祀。
Đản ngã tự như hà?,诞我祀如何？
"Hoặc thung hoặc du,",或舂或揄，
Hoặc bá hoặc nhu.,或簸或蹂。
"Thích chi sưu sưu,",釋之叟叟，
Chưng chi phù phù.,烝之浮浮。
"Tái mưu tái duy,",載謀載惟，
Thủ tiêu tế chi.,取蕭祭脂。
"Thủ đê dĩ bạt,",取羝以軷，
"Tái phiền tái liệt,",載燔載烈，
Dĩ hưng tự tuế.,以興嗣歲。
"Ngang thình vu đậu,",卬盛于豆，
Vu đậu vu đăng.,于豆于登。
"Kỳ hương thuỷ thăng,",其香始升，
Thượng đế cư hâm.,上帝居歆，
"Hồ xú đản thì,",胡臭亶時？
Hậu Tắc triệu tự.,后稷肇祀，
"Thứ vô tội hối,",庶無罪悔，
Dĩ hất vu kim.,以迄于今。
"Sơn hữu phù tô,",山有扶蘇，
Thấp hữu hà phô.,隰有荷華。
"Bất kiến tử đô,",不見子都，
Nãi kiến cuồng thư.,乃見狂且。
"Sơn hữu kiều tùng,",山有喬松，
Thấp hữu du long.,隰有遊龍。
"Bất kiến tử sung,",不見子充，
Nãi kiến giảo đồng.,乃見狡童。
"Sơn hữu xu,",山有樞，
Thấp hữu du.,隰有榆。
"Tử hữu y thường,",子有衣裳，
Phất duệ phất lâu.,弗曳弗婁；
"Tử hữu xa mã,",子有車馬，
"Phất trì phất khu,",弗馳弗驅。
"Uyển kỳ tử hỹ,",宛其死矣，
Tha nhân thị du.,他人是愉。
"Sơn hữu khứu,",山有栲，
Thấp hữu nữu.,隰有杻。
Tử hữu đình nội.,子有廷內，
Phất sái phất tẩu.,弗灑弗掃；
"Tử hữu chung cổ,",子有鍾鼓，
Phất cổ phất khứu.,弗鼓弗考。
"Uyển kỳ tử hĩ,",宛其死矣，
Tha nhân thị bẩu.,他人是保。
"Sơn hữu thất,",山有漆，
Thấp hữu lật.,隰有栗。
"Tử hữu tửu thực,",子有酒食，
Hà bất nhật cổ sắt?,何不日鼓瑟？
Thả dĩ hỉ lạc.,且以喜樂，
Thả dĩ vĩnh nhật.,且以永日。
"Uyển kỳ tử hĩ,",宛其死矣，
Tha nhân nhập thất.,他人入室。
"Tái hiện tích vương,",載見辟王，
Viết cầu quyết chương.,曰求厥章。
"Long kỳ dương dương,",龍旂陽陽，
Hoà linh ương ương.,和鈴央央。
"Điều cách hữu thương,",鞗革有鶬，
Hưu hữu liệt quang.,休有烈光。
"Suất hiện chiêu khảo,",率見昭考，
Dĩ hiếu dĩ hưởng.,以孝以享。
"Dĩ giới my thọ,",以介眉壽，
Vĩnh ngôn bảo chi.,永言保之。
"Tư hoàng đa hỗ,",思皇多祜，
Liệt văn tích công.,烈文辟公。
"Tuy dĩ đa phúc,",綏以多福，
Tỉ tập hy vu thuần hỗ.,俾緝熙于純嘏。
"Tái khu phách phách,",載驅薄薄，
Điệm phất chu khuếch.,簟茀朱鞹。
"Lỗ đạo hữu đãng,",魯道有蕩，
Tề tử phát tược.,齊子發夕。
"Tứ ly tể tể,",四驪濟濟，
Thuỳ bí nễ nễ.,垂轡沵沵。
"Lỗ đạo hữu đãng,",魯道有蕩，
Tề tử khải đễ.,齊子豈弟。
"Vấn thuỷ thương thương,",汶水湯湯，
Hành nhân bang bang.,行人彭彭。
"Lỗ đạo hữu đãng,",魯道有蕩，
Tề tử ngao tường.,齊子翱翔。
"Vấn thuỷ thao thao,",汶水滔滔，
Hành nhân bao bao.,行人儦儦。
"Lỗ đạo hữu đãng,",魯道有蕩，
Tề tử du ngao.,齊子遊敖。
"Tái sam tái tạc,",載芟載柞，
Kỳ canh thích thích.,其耕澤澤。
"Thiên ngẫu kỳ vân,",千耦其耘，
Tồ thấp tồ chẩn.,徂隰徂畛。
"Hầu chủ hầu bá,",侯主侯伯，
"Hầu á hầu lữ,",侯亞侯旅，
Hầu cường hầu dĩ.,侯彊侯以。
"Hữu thám kỳ diệp,",有嗿其饁，
"Tư mị kỳ phụ,",思媚其婦，
Hữu y kỳ sĩ.,有依其士。
"Hữu lược kỳ tỷ,",有略其耜，
"Thục tái nam mẫu,",俶載南畝，
Bá quyết bách cốc.,播厥百穀。
"Thực hàm tư hoạt,",實函斯活，
Dịch dịch kỳ đạt.,驛驛其達。
"Hữu yếm kỳ kiệt,",有厭其傑，
"Yếm yếm kỳ miêu,",厭厭其苗，
Miên miên kỳ tiêu.,綿綿其麃。
"Tái hoạch tế tế,",載穫濟濟，
"Hữu thực kỳ tích,",有實其積，
Vạn ức cập tỷ.,萬億及秭。
"Vi tửu vi lễ,",為酒為醴，
"Chưng tí tổ tỉ,",烝畀祖妣，
Bất hợp bách lễ.,不洽百禮。
Hữu tất kỳ hương.,有飶其香。
Bang gia chi quang.,邦家之光。
"Hữu tiêu kỳ hinh,",有椒其馨，
Hồ khảo chi ninh.,胡考之寧。
"Phỉ thả hữu thư,",匪且有且，
"Phỉ kim tư kim,",匪今斯今，
Chấn cổ như tư.,振古如茲。
"Tái trì tái khu,",載馳載驅，
Quy ngạn Vệ hầu.,歸唁衛侯。
"Khu mã du du,",驅馬悠悠，
Ngôn chí ư Tầu.,言至于漕。
"Đại phu bạt thiệp,",大夫跋涉，
Ngã tâm tắc ưu.,我心則憂。
"Ký bất ngã gia,",既不我嘉，
Bất năng tuyền phản.,不能旋反。
"Thị nhĩ bất tang,",視爾不臧，
Ngã tư bất viễn.,我思不遠。
"Ký bất ngã gia,",既不我嘉，
Bất năng tuyền tế.,不能旋濟。
"Thị nhĩ bất tang,",視爾不臧，
Ngã tư bất bí.,我思不閟。
"Trắc bỉ a khâu,",陟彼阿丘，
Ngôn thái kỳ mang.,言采其虻。
"Nữ tử thiện hoài,",女子善懷，
Diệc các hữu hàng.,亦各有行。
"Hứa nhân vưu chi,",許人尤之，
Chúng trệ thả cuồng.,眾稚且狂。
Ngã hành kỳ dã.,我行其野，
Bồng bồng kỳ hức.,芃芃其麥。
"Khống vu đại bang,",控于大邦，
Thuỳ nhân thuỳ cực.,誰因誰極？
"Đại phu quân tử,",大夫君子，
Vô ngã hữu vi.,無我有尤。
"Bách nhĩ sở tư,",百爾所思，
Bất như ngã sở chi.,不如我所之。
"Tân đài hữu thử,",新臺有泚，
Hà thuỷ mễ mễ.,河水濔濔。
Yến uyển chi cầu.,燕婉之求，
Cừ trừ bất tỉ.,籧篨不鮮。
"Tân đài hữu tiển,",新臺有灑，
Hà thuỷ miễn miễn.,河水浼浼。
Yến uyển chi cầu.,燕婉之求，
Cừ trừ bất tỉ.,籧篨不殄。
"Ngư võng chi thiết,",魚網之設，
Hồng tắc lệ chi.,鴻則離之。
"Yến uyển chi cầu,",燕婉之求，
Đắc thử thích thi.,得此戚施。
"Uất bỉ tang nhu,",菀彼桑柔，
Kỳ hạ hầu tuần.,其下侯旬。
"Loát thái kỳ lưu,",捋采其劉，
Mạc thử hạ dân.,瘼此下民。
"Bất điển tâm ưu,",不殄心憂，
Sảng huống điền hề;,倉兄填兮；
"Trác bỉ hạo thiên,",倬彼昊天，
Ninh bất ngã căng.,寧不我矜。
"Duy thử thánh nhân,",維此聖人，
Chiêm ngôn bách lí;,瞻言百里；
"Duy bỉ ngu nhân,",維彼愚人，
Phúc cuồng dĩ hỉ.,覆狂以喜。
"Phỉ ngôn bất năng,",匪言不能，
Hồ tư uý kị.,胡斯畏忌。
"Duy thử lương nhân,",維此良人，
Phất cầu phất địch;,弗求弗迪；
"Duy bỉ nhẫn tâm,",維彼忍心，
Thị cố thị phục.,是顧是复。
"Dân chi tham loạn,",民之貪亂，
Ninh vi đồ độc!,寧爲荼毒！
"Đại phong hữu toại,",大風有隧，
Hữu không đại cốc.,有空大谷。
"Duy thử lương nhân,",維此良人，
Tác vi thức cốc;,作爲式榖；
"Duy bỉ bất thuận,",維彼不順，
Chinh dĩ trung cấu.,征以中垢。
"Đại phong hữu toại,",大風有隧，
Tham nhân bại loại.,貪人敗類。
"Thính ngôn tắc đối,",聽言則對，
Tụng ngôn như tuý.,誦言如醉。
"Phỉ dụng kỳ lương,",匪用其良，
Phúc tỷ ngã bội.,覆俾我悖。
Ta nhĩ bằng hữu!,嗟爾朋友！
Dư khởi bất tri nhi tác?,予豈不知而作？
"Như bỉ phi trùng,",如彼飛蟲，
Thời diệc dặc hoạch.,時亦弋獲。
"Ký chi âm nhữ,",既之陰女，
Phản dư lai hách.,反予來赫。
"Dân chi võng cực,",民之罔極，
Chức lương thiện bội;,職涼善背；
"Vi dân bất lợi,",為民不利，
Như vân bất khắc.,如雲不克。
"Dân chi hồi duật,",民之回遹，
Chức cạnh dụng lực.,職競用力。
"Dân chi vị lệ,",民之未戾，
Chức đạo vi khấu.,職盜為寇。
"Lượng viết bất khả,",涼曰不可，
Phúc bội thiện lị.,覆背善詈。
"Tuy viết phỉ dư,",雖曰匪予，
Ký tác nhĩ ca.,既作爾歌。
"Tứ mẫu quỳ quỳ,",四牡騤騤，
Dư triệu hữu phiên.,旟旐有翩。
"Loạn sinh bất di,",亂生不夷，
Mỹ quốc bất mẫn.,靡國不泯。
"Dân mỹ hữu lê,",民靡有黎，
Cụ hoạ dĩ tẫn.,具禍以燼。
Ô hô hữu ai!,於乎有哀！
Quốc bộ tư tần.,國步斯頻。
"Quốc bộ miệt tư,",國步蔑資，
Thiên bất ngã tương;,天不我將；
"Mỹ sở chỉ ngưng,",靡所止疑，
Vân tồ hà vãng?,云徂何往？
"Quân tử thực duy,",君子實維，
Bỉnh tâm vô cạnh.,秉心無競。
Thuỳ sinh lệ giai?,誰生厲階？
Chí kim vi ngạnh.,至今爲梗。
"Ưu tâm ân ân,",憂心殷殷，
Niệm ngã thổ vũ.,念我土宇。
"Ngã sinh bất thần,",我生不辰，
Phùng thiên đản nộ.,逢天僤怒。
"Tự tây tồ đông,",自西徂東，
Mỹ sở định xứ;,靡所定處；
"Đa ngã cấu mân,",多我覯痻，
Khổng cức ngã ngữ.,孔棘我圉。
"Vi mưu vi bí,",爲謀爲毖，
Loạn huống tư tước.,亂況斯削。
"Cáo nhĩ ưu tuất,",告爾憂恤，
Hối nhĩ tự tước.,誨爾序爵。
"Thuỳ năng chấp nhiệt,",誰能執熱，
Thệ bất dĩ trạc?,逝不以濯？
Kỳ hà năng thục?,其何能淑？
Tái tư cập nịch.,載胥及溺。
"Như bỉ tố phong,",如彼溯風，
Diệc khổng chi ái;,亦孔之僾；
"Dân hữu túc tâm,",民有肅心，
Bình vân bất đãi.,荓云不逮。
"Hảo thị giá sắc,",好是稼穡，
Lực dân đại thực;,力民代食；
"Giá sắc duy bảo,",稼穡維寶，
Đại thực duy hảo.,代食維好。
"Thiên giáng táng loạn,",天降喪亂，
Diệt ngã lập vương.,滅我立王。
"Giáng thử mâu tặc,",降此蟊賊，
Giá sắc tốt dương.,稼穡卒癢。
"Ai thông trung quốc,",哀恫中國，
Cụ chuế tốt hoang.,具贅卒荒；
"Mỹ hữu lữ lực,",靡有旅力，
Dĩ niệm khung thương.,以念穹蒼。
"Duy thử huệ quân,",維此惠君，
Dân nhân sở chiêm.,民人所瞻。
"Bỉnh tâm tuyên do,",秉心宣猶，
Khảo thận kỳ tương.,考慎其相。
"Duy bỉ bất thuận,",維彼不順，
Tự độc tỷ tang.,自独俾臧。
"Tự hữu phế trường,",自有肺腸，
Tỷ dân tốt cuồng.,俾民卒狂。
"Chiêm bỉ trung lâm,",瞻彼中林，
Sân sân kỳ lộc.,甡甡其鹿。
"Bằng hữu dĩ tiếm,",朋友已譖，
Bất tư dĩ cốc.,不胥以穀。
Nhân diệc hữu ngôn:,人亦有言：
Tiến thoái duy cốc.,進退維谷。
"Viên thái đường hĩ,",爰采唐矣，
Muội chi hương hĩ.,沬之鄉矣。
Vân thuỳ chi tư?,云誰之思？
Mỹ Mạnh Khương hĩ.,美孟姜矣。
"Kỳ ngã hồ Tang Chương,",期我乎桑中，
Yêu ngã hồ Thượng Cương.,要我乎上宮，
Tống ngã hồ Kỳ chi Thường hĩ.,送我乎淇之上矣。
"Viên thái hức hĩ,",爰采麥矣，
"Muội chi bắc hĩ,",沬之北矣。
Vân thuỳ chi tư?,云誰之思？
"Mỹ mạnh Dực hĩ,",美孟弋矣。
"Kỳ ngã hồ Tang Trung,",期我乎桑中，
"Yên ngã hồ Thượng Cung,",要我乎上宮，
Tống ngã hồ Kỳ chi Thượng hĩ.,送我乎淇之上矣。
"Viên thái phong hĩ,",爰采葑矣，
Muội chi đông hĩ.,沬之東矣。
Vân thuỳ chi tư?,云誰之思，
Mỹ mạnh Dung hĩ.,美孟庸矣。
"Kỳ ngã hồ Tang Trung,",期我乎桑中，
"Yêu ngã hồ Thượng Cung,",要我乎上宮，
Tống ngã hồ Kỳ chi Thượng hĩ.,送我乎淇之上矣。
"Tất suất tại đường,",蟋蟀在堂，
Tuế duật kỳ mộ.,歲聿其莫。
"Kim ngã bất lạc,",今我不樂，
Nhật nguyệt kỳ trứ.,日月其除。
"Vô dĩ thái khang,",無已大康，
Chức tư kỳ cứ.,職思其居。
"Hảo lạc vô hoang,",好樂無荒，
Lương sĩ cú cú.,良士瞿瞿。
"Tất suất tại đường,",蟋蟀在堂，
Tuế duật kỳ thệ.,歲聿其逝。
"Kim ngã bất lạc,",今我不樂，
Nhật nguyệt kỳ lệ.,日月其邁。
"Vô dĩ thái khang,",無已大康，
Chức tư kỳ ngoại.,職思其外。
"Hảo lạc vô hoang,",好樂無荒，
Lương sĩ quệ quệ.,良士蹶蹶。
"Tất suất tại đường,",蟋蟀在堂，
Dịch xa kỳ hưu.,役車其休。
"Kim ngã bất lạc,",今我不樂，
Nhật nguyệt kỳ đầu.,日月其慆。
"Vô dĩ thái khang,",無已大康，
Chức tư kỳ ưu.,職思其憂。
"Háo lạc vô hoang,",好樂無荒，
Lương sĩ hưu hưu.,良士休休。
"Tệ cẩu tại lương,",敝笱在梁，
Kỳ ngư phòng quân.,其魚魴鰥。
"Tề tử quy chỉ,",齊子歸止，
Kỳ tụng như vân.,其從如云。
"Tệ cẩu tại lương,",敝笱在梁，
Kỳ thư phòng tự.,其魚魴鱮。
"Tề tử quy chỉ,",齊子歸止，
Kỳ tụng như vũ.,其從如雨。
"Tệ cẩu tại lương,",敝笱在梁，
Kỳ ngư duỷ duỷ.,其魚唯唯。
"Tề tử quy chỉ,",齊子歸止，
Kỳ tụng như thuỷ.,其從如水。
"Thác hề, thác hề!",萚兮、萚兮，
Phong kỳ xuy nhữ.,風其吹女。
"Thúc hề, Bá hề!",叔兮、伯兮，
Xướng dư huệ (hoạ) nhữ.,倡予和女。
"Thác hề, thác hề!",萚兮、萚兮，
Phong kỳ phiêu nhữ.,風其漂女。
"Thúc hề, Bá hề!",叔兮、伯兮，
Xướng dư yêu nhữ.,倡予要女。
"Thạc nhân kỳ kỳ,",碩人其頎，
"Ý cẩm kỉnh y,",衣錦褧衣。
"Tề hầu chi tử,",齊侯之子，
"Vệ hầu chi thê,",衛侯之妻，
Đông cung chi muội.,東宮之妹。
"Hình hầu chi di,",邢侯之姨，
Đàm công duy tư.,譚公維私。
"Thủ như nhu đề,",手如柔荑，
"Phu như ngưng chi,",膚如凝脂。
"Lãnh như tù tề,",領如蝤蠐，
"Xỉ như hồ tê,",齒如瓠犀。
Tần thủ nga my.,螓首蛾眉，
Xảo tiếu thiến hề!,巧笑倩兮，
Mỹ mục phiến hề!,美目盼兮。
"Thạc nhân ngao ngao,",碩人敖敖，
Thuế vu nông giao.,說于農郊。
"Tứ mẫu hữu cao,",四牡有驕，
Chu phần tiêu tiêu.,朱幩鑣鑣。
"Địch phất dĩ trào,",翟茀以朝，
"Đại phu túc thoái,",大夫夙退，
Vô sử quân lao.,無使君勞。
"Hà thuỷ dương dương,",河水洋洋，
Bắc lưu hiệt hiệt.,北流活活。
"Thi cô huyết huyết,",施罛濊濊，
Triên vĩ phiết phiết.,鳣鮪發發。
"Gia thảm kiết kiết,",葭菼揭揭，
"Thứ khương nghiệt nghiệt,",庶姜孽孽，
Thứ sĩ hữu khiết.,庶士有朅。
"Thạc thử, thạc thử!",碩鼠、碩鼠，
Vô thực ngã thử.,無食我黍！
"Tam tuế quán nhữ,",三歲貫女，
Mạc ngã khẳng cố.,莫我肯顧。
"Thệ tương khứ nhữ,",逝將去女，
Thích bỉ lạc thổ.,適彼樂土。
"Lạc thổ, lạc thổ!",樂土、樂土，
Viên đắc ngã sở.,爰得我所。
"Thạc thử, thạc thử!",碩鼠、碩鼠，
Vô thực ngã trực.,無食我麥！
"Tam tuế quán nhữ,",三歲貫女，
Mạc ngã khẳng đức.,莫我肯德。
"Thệ tương khứ nhữ,",逝將去女，
Thích bỉ lạc vực.,適彼樂國。
"Lạc vực, lạc vực,",樂國、樂國，
Viên đắc ngã trực.,爰得我直。
"Thạc thử, thạc thử!",碩鼠、碩鼠，
Vô thực ngã mao.,無食我苗！
"Tam tuế quán nhữ,",三歲貫女，
Mạc ngã khẳng lao.,莫我肯勞。
"Thệ tương khứ nhữ,",逝將去女，
Thích bỉ lạc giao.,適彼樂郊。
"Lạc giao, lạc giao,",樂郊、樂郊，
Thuỳ chi vĩnh hào?,誰之永號。
Bỉ thái yết hề.,彼采葛兮，
"Nhất nhật bất kiến,",一日不見，
Như tam nguyệt hề.,如三月兮！
Bỉ thái sưu hề.,彼采蕭兮，
"Nhất nhật bất kiến,",一日不見，
Như tam thu hề!,如三秋兮！
"Bỉ thái ngải hề,",彼采艾兮，
"Nhất nhật bất kiến,",一日不見，
Như tam toái hề.,如三歲兮！
"Bạc ngôn thái khỉ,",薄言采芑，
Vu bỉ tân điền.,於彼新田，
"Vu thử tri mẫu,",呈此菑畝。
Phương Trúc lỵ chỉ.,方叔蒞止，
"Kỳ xa tam thiên,",其車三千。
Sư can chi thí.,師幹之試，
"Phương Thúc suất chỉ,",方叔率止，
Thừa kỳ tứ kỳ.,乘其四騏，
"Tứ kỳ dực dực,",四騏翼翼。
Lộ xa hữu hất.,路車有奭，
"Điệm ngất ngư phục,",簟茀魚服，
Câu ưng điều cách.,鉤膺鞗革。
"Bạc ngôn thái khỉ,",薄言采芑，
Vu bỉ tân điền.,於彼新田，
"Vu thử trung hương,",於此中鄉。
Phương Trúc lỵ chỉ.,方叔蒞止，
"Kỳ xa tam thiên,",其車三千，
Kỳ triệu ương ương.,旂旐央央。
"Phương Thúc suất chỉ,",方叔率止，
Ước chỉ thác hành.,約軧錯衡，
"Bát loan thương thương,",八鸞玱玱。
Phục kỳ mệnh phục.,服其命服，
"Chu phất tư hoàng,",朱芾斯皇，
Hữu thương thông hành.,有玱蔥珩。
"Duật bỉ phi chuẩn,",鴥彼飛隼，
Kỳ phi lệ thiên.,其飛戾天，
"Diệc tập viên chỉ,",亦集爰止。
Phương Thúc ly chỉ.,方叔蒞止，
"Kỳ xa tam thiên,",其車三千，
Sư can chi thí.,師幹之試。
"Phương Thúc suất chỉ,",方叔率止，
Chinh nhân phạt cổ.,鉦人伐鼓，
"Trần sư cúc lữ,",陳師鞠旅。
Hiển doãn Phương Thúc.,顯允方叔，
"Phạt cổ uyên uyên,",伐鼓淵淵，
Chấn lữ điền điền.,振旅闐闐。
"Xuẩn nhĩ Man Kinh,",蠢爾蠻荆，
Đại bang vi thù.,大邦爲讎。
"Phương Thúc nguyên lão,",方叔元老，
Khắc tráng kỳ du.,克壯其猶。
"Phương Thúc suất chỉ,",方叔率止，
Chấp tấn hoạch xú.,執訊穫醜。
"Nhung xa than than,",戎車嘽嘽，
Than than thôi thôi.,嘽嘽焞焞，
"Như đình như lôi,",如霆如雷。
Hiển doãn Phương Thúc.,顯允方叔，
"Chinh phạt Nghiễm doãn,",征伐玁狁，
Man Kinh lai uy.,蠻荆來威。
"Thái linh, thái linh,",采苓采苓，
Thủ Dương chi đân.,首陽之巔。
"Nhân chi vi nghiên,",人之為言，
Cẩu diệc vô tấn.,茍亦無信。
"Xả chiên xả chiên,",舍旃舍旃，
Cẩu diệc vô nhiên.,茍亦無然。
"Nhân chi vi nghiên,",人之為言，
Hồ đắc yên?,胡得焉！
"Thái khổ, thái khổ,",采苦采苦，
Thủ Dương chi hộ.,首陽之下。
"Nhân chi vi nghiên,",人之為言，
Cẩu diệc vô dữ.,茍亦無與。
"Xả chiên xả chiên,",舍旃舍旃。
Cẩu diệc vô nhiên.,茍亦無然。
"Nhân chi vi nghiên,",人之為言，
Hồ đắc yên?,胡得焉！
"Thái phong thái phong,",采葑采葑，
Thủ Dương chi đông.,首陽之東。
"Nhân chi vi ngôn,",人之為言，
Cẩu diệc vô thung.,茍亦無從。
"Xả chiên xả chiên,",舍旃舍旃，
Cẩu diệc vô nhiên.,茍亦無然。
"Nhân chi vi ngôn,",人之為言，
Hồ đắc yên!,胡得焉！
"Vu dĩ thái phiền,",于以采蘩、
Vu chiểu vu chỉ.,于沼于沚。
"Vu dĩ dụng chi,",于以用之、
Công hầu chi thị.,公侯之事。
"Vu dĩ thái phiền,",于以采蘩、
Vu giản chi trung.,于澗之中。
"Vu dĩ dụng chi,",于以用之、
Công hầu chi cung.,公侯之宮。
"Bị chi đồng đồng,",被之僮僮、
Túc dạ tại công.,夙夜在公。
"Bị chi kỳ kỳ,",被之祁祁、
Bạc ngôn tuyền quy.,薄言還歸。
"Vu dĩ thái tần,",于以采蘋？
Nam giản chi tân.,南澗之濱。
"Vu dĩ thái tảo,",于以采藻？
Vu bỉ hành lão.,于彼行潦。
"Vu dĩ thình chi,",于以盛之？
Duy khuông cập cử.,維筐及筥。
"Vu dĩ tương chi,",于以湘之？
Duy kỹ cập phủ.,維锜及釜。
"Vu dĩ điện chi,",于以奠之？
Tông thất dũ hộ.,宗室牖下。
Thuỳ kỳ thi chi?,誰其尸之？
Hữu trai quý nữ.,有齊季女。
"Thúc vu điền,",叔于田，
Thừa thặng mỗ.,乘乘馬。
Chấp bí như tổ.,執轡如組，
Lưỡng sam như vũ.,兩驂如舞。
"Thúc tại tổ,",叔在藪，
Hoả liệt cụ cử.,火烈具舉。
"Đản tích bạo hổ,",襢裼暴虎，
Hiến vu công sở.,獻于公所。
"Thương Thúc vô nổ,",將叔無狃，
Giới kỳ thương nhữ.,戒其傷女。
"Thúc vu điền,",叔于田，
Thừa thặng hoàng.,乘乘黃。
Lưỡng phục thượng tương.,兩服上襄，
Lưỡng sam nhạn hàng.,兩驂雁行。
"Thúc tại tẩu,",叔在藪，
Hoả liệt cụ dương.,火烈具揚。
"Thúc thiện xạ ký,",叔善射忌，
Hựu lương ngự ký.,又良御忌。
"Ức khánh khống ký,",抑磬控忌，
Ức túng tống ký.,抑縱送忌。
"Thúc vu điền,",叔于田，
Thừa thặng bẩu.,乘乘鴇。
"Lưỡng phục tề thủ,",兩服齊首，
Lưỡng sam như thủ.,兩驂如手。
"Thúc tại tẩu,",叔在藪，
Hoả liệt cụ phụ.,火烈具阜。
"Thúc mã hoãn ký,",叔馬慢忌，
Thúc phát hãn ký.,叔發罕忌。
"Ức thích băng ký,",抑釋掤忌，
Ức sướng cung ký.,抑鬯弓忌。
"Thái vi, thái vi,",采薇采薇，
Vi diệc tác chỉ.,薇亦作止。
"Viết quy, viết quy,",曰歸曰歸，
Tuế diệc mộ chỉ.,歲亦莫止。
"Mỹ thất mỹ gia,",靡室靡家，
Nghiễm doãn chi cố.,玁狁之故；
"Bất hoàng khải cư,",不遑啟居，
Nghiễm doãn chi cố.,玁狁之故。
"Thái vi, thái vi,",采薇采薇，
Vi diệc nhu chỉ.,薇亦柔止。
"Viết quy, viết quy,",曰歸曰歸，
Tâm diệc ưu chỉ.,心亦憂止。
"Ư tâm liệt liệt,",憂心烈烈，
Tái cơ tái khát.,載饑載渴。
"Ngã thú vị định,",我戍未定，
Mỹ sử quy sính.,靡使歸聘。
"Thái vi, thái vi,",采薇采薇，
Vi diệc cương chỉ.,薇亦剛止。
"Viết quy, viết quy,",曰歸曰歸，
Tuế diệc dương chỉ.,歲亦陽止。
"Vương sự mỹ cổ,",王事靡盬，
Bất khoảng khải xử.,不遑啟處。
"Ưu tâm khổng cứu,",憂心孔疚，
Ngã hành bất lai.,我行不來。
Bỉ nhĩ duy hà?,彼爾維何？
Duy thường chi hoà.,維常之華。
Bỉ lộ tư hà?,彼路斯何？
Quân tử chi xa.,君子之車。
"Nhung xa ký giá,",戎車既駕，
Tứ mẫu nghiệp nghiệp.,四牡業業。
Khỉ cảm định cư?,豈敢定居，
Nhất nguyệt tam hiệp.,一月三捷。
"Giá bỉ tứ mẫu,",駕彼四牡，
Tứ mẫu quỳ quỳ.,四牡騤騤。
"Quân tử sở y,",君子所依，
Tiểu nhân sở phì.,小人所腓。
"Tứ mẫu dực dực,",四牡翼翼，
Tượng mễ ngư phục.,象弭魚服。
Khỉ bất nhật cức (giới)?,豈不日戒？
Nghiễm doãn khổng cức.,玁狁孔棘。
"Tích ngã vãng hỹ,",昔我往矣，
Dương liễu y y.,楊柳依依。
"Kim ngã lai tư,",今我來思，
Vũ tuyết phi phi.,雨雪霏霏。
"Hành đạo trì trì,",行道遲遲，
Tái khát tái cơ.,載渴載饑。
"Ngã tâm thương bi,",我心傷悲，
Mạc tri ngã ai.,莫知我哀！
Ta ta thần công!,嗟嗟臣工，
Kính nhĩ tại công.,敬爾在公。
"Vương ly nhĩ thành,",王釐爾成，
Lai tư lai nhự.,來咨來茹。
"Ta ta bảo giới,",嗟嗟保介，
Duy mộ chi xuân.,維莫之春，
Diệc hựu hà cầu?,亦又何求？
Như hà tân dư?,如何新畬？
"Ô hoàng lai mâu,",於皇來牟，
Tương thụ quyết minh.,將受厥明。
"Minh chiêu thượng đế,",明昭上帝，
Hất dụng khang niên.,迄用康年。
"Mệnh ngã chúng nhân,",命我衆人，
Trĩ nãi tiền bác.,庤乃錢鎛。
Yểm quan trất ngải.,奄觀銍艾。
"Ô mục thanh miếu,",於穆清廟，
Túc ung hiển tướng.,肅雝顯相。
"Tể tể đa sĩ,",濟濟多士，
Bỉnh văn chi đức.,秉文之德。
"Đối việt tại thiên,",對越在天，
Tuấn bôn tẩu tại miếu.,駿奔走在廟。
"Bất hiển bất thừa,",不顯不承，
Vô dịch ư nhân tư.,無射於人斯。
Thanh nhân tại Phang.,清人在彭，
Tứ giới bương bương.,駟介旁旁。
"Nhị mâu trùng ương,",二矛重英，
Hà thượng hồ ngao tường.,河上乎翱翔。
"Thanh nhân tại Tiêu,",清人在消，
"Tứ giới tiêu tiêu,",駟介麃麃。
"Nhị mâu trùng kiều,",二矛重喬，
Hà thượng hồ tiêu diêu.,河上乎逍遙。
"Thanh nhân tại Trụ,",清人在軸，
Tứ giới đầu đầu.,駟介陶陶。
Tả tuyền hữu sứu.,左旋右抽，
Trung quân tác hẩu.,中軍作好。
"Duật bỉ thần phâm,",鴥彼晨風，
Uất bỉ bắc lâm.,郁彼北林。
"Vị kiến quân tử,",未見君子，
Ưu tâm khâm khâm.,憂心欽欽。
Như hà? Như hà?,如何？如何？
Vong ngã thực đa?,忘我實多。
Sơn hữu bao lạc.,山有苞櫟，
Thấp hữu lục bác.,隰有六駮。
"Vị kiến quân tử,",未見君子，
Ưu tâm mỹ lạc.,憂心靡樂。
Như hà? Như hà?,如何？如何？
Vong ngã thực đa?,忘我實多。
"Sơn hữu bao đệ,",山有苞棣，
Thấp hữu thụ toại.,隰有樹檖。
"Vị kiến quân tử,",未見君子，
Ưu tâm như tuý.,憂心如醉。
Như hà? Như hà?,如何？如何？
Vong ngã thực đa?,忘我實多。
"Yêu yêu thảo trùng,",喓喓草蟲、
Địch địch phụ chung.,趯趯阜螽。
"Vị kiến quân tử,",未見君子、
Ưu tâm sung sung.,憂心忡忡。
"Diệc ký kiến chỉ,",亦既見止、
"Diệc ký cấu chỉ,",亦既覯止、
Ngã tâm tắc hồng.,我心則降。
"Trắc bỉ Nam sơn,",陟彼南山、
Ngôn thái kỳ quyết.,言采其蕨。
"Vị kiến quân tử,",未見君子、
Ưu tâm chuyết chuyết.,憂心惙惙。
"Diệc ký kiến chỉ,",亦既見止、
"Diệc ký cấu chỉ,",亦既覯止、
Ngã tâm tắc duyệt.,我心則說。
"Trắc bỉ Nam sơn,",陟彼南山、
Ngôn thái kỳ vi.,言采其薇。
"Vị kiến quân tử,",未見君子、
Ngã tâm thương bi.,我心傷悲。
"Diệc ký kiến chỉ,",亦既見止、
"Diệc ký cấu chỉ,",亦既覯止、
Ngã tâm tắc di.,我心則夷。
"Thấp hữu trường sở,",隰有萇楚，
A na kỳ chi.,猗儺其枝。
"Yêu chi ốc ốc,",夭之沃沃，
Lạc tử chi vô tri.,樂子之無知。
"Thấp hữu trường sở,",隰有萇楚，
A na kỳ hoa.,猗儺其華。
"Yêu chi ốc ốc,",夭之沃沃，
Lạc tử chi vô gia.,樂子之無家。
"Thấp hữu trường sở,",隰有萇楚，
A na kỳ thật.,猗儺其實。
"Yêu chi ốc ốc,",夭之沃沃，
Lạc tử chi vô thất.,樂子之無室。
Thập mẫu chi kiên hề!,十畝之間兮，
Tang giả hiền hiền hề!,桑者閑閑兮。
Hành dữ tử tuyền hề!,行，與子還兮。
Thập mẫu chi ngoại hề!,十畝之外兮，
Tang giả dị dị hề!,桑者泄泄兮。
Hành dữ tử thệ hề!,行，與子逝兮。
"Thấp tang hữu a,",隰桑有阿，
Kỳ diệp hữu na.,其葉有難。
"Ký kiến quân tử,",既見君子，
Kỳ lạc như hà?,其樂如何。
"Thấp tang hữu a,",隰桑有阿，
Kỳ diệp hữu ốc.,其葉有沃。
"Ký kiến quân tử,",既見君子，
Vân hà bất lạc?,云何不樂。
"Thấp tang hữu a,",隰桑有阿，
Kỳ diệp hữu u.,其葉有幽。
"Ký kiến quân tử,",既見君子，
Đức âm khổng giao.,德音孔膠。
"Tâm hồ ái hĩ,",心乎愛矣，
Hà bất vị hĩ?,遐不謂矣？
"Trung tâm tàng chi,",中心藏之，
Hà nhật vong chi?,何日忘之！
"Thất nguyệt lưu Huỷ,",七月流火，
Cửu nguyệt thụ ý.,九月授衣。
"Nhất chi nhật tất phế,",一之日觱發，
Nhị chi nhật lật lệ.,二之日栗烈；
"Vô y vô hệ,",無衣無褐，
Hà dĩ tốt tuế?,何以卒歲？
"Tam chi nhật vu dĩ,",三之日于耜，
"Tứ chi nhật cử chỉ,",四之日舉趾。
"Đồng ngã phụ tỉ,",同我婦子，
"Diệp bỉ nam mỹ,",馌彼南畝，
Điền tuấn chí hỉ.,田畯至喜。
"Thất nguyệt lưu Huỷ,",七月流火，
Cửu nguyệt thụ ý.,九月授衣。
"Xuân nhật tái dương,",春日載陽，
Hữu minh thương cang.,有鳴倉庚。
"Nữ chấp ý khuông,",女執懿筐，
"Tuân bỉ vi hàng,",遵彼微行，
Viên cầu nhu tang.,爰求柔桑。
"Xuân nhật trì trì,",春日遲遲，
Thái phiền kỳ kỳ.,采蘩祁祁。
Nữ tâm thương bi:,女心傷悲：
Đãi cập công tử đồng quy.,殆及公子同歸？
"Thất nguyệt lưu Huỷ,",七月流火，
Bát nguyệt hoàn vĩ.,八月萑葦。
"Tàm nguyệt thiều tang,",蠶月條桑，
"Thủ bỉ phủ thương,",取彼斧斨，
Dĩ phạt viễn dương.,以伐遠揚，
"Y bỉ nữ tang,",猗彼女桑。
Thất nguyệt minh quyết.,七月鳴鵙，
"Bát nguyệt tái tích,",八月載績，
"Tái huyền tái hoàng,",載玄載黃，
"Ngã chu khổng dương,",我朱孔陽，
Vi công tử thường.,為公子裳。
"Tứ nguyệt tú yêu,",四月秀葽，
Ngũ nguyệt minh điêu.,五月鳴蜩。
"Bát nguyệt kỳ hoạch,",八月其獲，
Thập nguyệt vẫn thác.,十月隕萚。
"Nhất chi nhật vu hạc,",一之日于貉，
"Thủ bỉ hồ ly,",取彼狐貍，
Vi công tử kỳ.,為公子裘。
"Nhị chi nhật kỳ đồng,",二之日其同，
"Tại toản vũ công,",載纘武功，
"Ngôn tư kỳ tông,",言私其豵，
Hiến kiên vu công.,獻豜于公。
Ngũ nguyệt tư chung động cổ.,五月斯螽動股，
Lục nguyệt sa kê chấn vũ.,六月莎雞振羽。
Thất nguyệt tại thự.,七月在野，
Bát nguyệt tại vũ.,八月在宇，
Cửu nguyệt tại hộ.,九月在戶，
"Thập nguyệt tất suất,",十月蟋蟀，
"Nhập ngã sàng hụ,",入我床下。
Khung truất huân thử.,穹窒熏鼠，
Tắc hướng cận hộ.,塞向墐戶。
"Ta ngã phụ tử,",嗟我婦子，
Viết vi cải tuế.,曰為改歲，
Nhập thử thất xử.,入此室處。
"Lục nguyệt thực uất cập úc,",六月食郁及薁，
Thất nguyệt phanh quỳ cập thúc.,七月亨葵及菽，
"Bát nguyệt bác tầu,",八月剝棗，
Thập nguyệt hoạch đạo.,十月獲稻。
"Vi thử xuân tửu,",為此春酒，
Dĩ giới my thụ.,以介眉壽。
"Thất nguyệt thực cô,",七月食瓜，
"Bát nguyệt đoạn hồ,",八月斷壺，
Cửu nguyệt thúc thư.,九月叔苴。
"Thái đồ tân sư,",采荼薪樗，
Tự ngã nông phu.,食我農夫。
Cửu nguyệt trúc trường bố.,九月筑場圃，
"Thập nguyệt nạp hoà cổ,",十月納禾稼。
Thử tắc trùng lực.,黍稷重穋，
Hoà ma thúc cức.,禾麻菽麥。
Ta ngã nông phu.,嗟我農夫，
Ngã giá ký đồng.,我稼既同，
Thượng nhập chấp cung công.,上入執宮功。
"Trú nhĩ vu mao,",晝爾于茅，
Tiêu nhĩ tác đào.,宵爾索绹；
"Cức kỳ thừa ốc,",亟其乘屋，
Kỳ thủ bá bách cốc.,其始播百穀。
"Nhị chi nhật tạc băng trùng trùng,",二之日鑿冰沖沖，
Tam chi nhật nạp vu lánh ung.,三之日納于凌陰，
"Tứ chi nhật kỳ tảo,",四之日其蚤，
Hiến cao tế kiểu.,獻羔祭韭。
"Cửu nguyệt túc sương,",九月肅霜，
Thập nguyệt địch trường.,十月滌場。
"Bằng tửu tư hương,",朋酒斯饗，
Viết sát cao dương.,曰殺羔羊。
"Tê bỉ công đường,",躋彼公堂，
Xưng bỉ tự quang:,稱彼兕觥：
Vạn thọ vô cương.,「萬壽無疆」。
"Thi cưu tại tang,",鸤鳩在桑，
Kỳ tử nhất hề!,其子七兮。
"Thục nhân quân tử,",淑人君子，
Kỳ nghi nhất hề!,其儀一兮；
Kỳ nghi nhất hề!,其儀一兮，
Tâm như cất hề!,心如結兮。
"Thi cưu tại tang,",鸤鳩在桑，
Kỳ tử tại my.,其子在梅。
"Thục nhân quân tử,",淑人君子，
Kỳ đái y ty.,其帶伊絲；
"Kỳ đái y ty,",其帶伊絲，
Kỳ biền y kỳ.,其弁伊騏。
"Thi cưu tại tang,",鸤鳩在桑，
Kỳ tử tại cức.,其子在棘。
"Thục nhân quân tử,",淑人君子，
Kỳ nghi bất thắc.,其儀不忒；
"Kỳ nghi bất thắc,",其儀不忒，
Chính thị tứ vực.,正是四國。
"Thi cưu tại tang,",鸤鳩在桑，
Kỳ tử tại trân.,其子在榛。
"Thục nhân quân tử,",淑人君子，
Chính thị quốc nhân.,正是國人；
"Chính thị quốc nhân,",正是國人，
Hồ bất vạn nân?,胡不萬年！
"Thiên bảo định nhĩ,",天保定爾，
Diệc khổng chi cố.,亦孔之固。
"Tý nhĩ đan hậu,",俾爾單厚，
Hà phúc bất trứ (trừ).,何福不除？
"Tý nhĩ đa phúc,",俾爾多益，
Dĩ mạc bất thứ.,以莫不庶。
"Thiên bảo định nhĩ,",天保定爾，
Tý nhĩ tiễn cốc.,俾爾戩穀。
"Khánh vô bất nghì,",罄無不宜，
Thụ thiên bách lộc.,受天百祿。
"Giáng nhĩ hà phúc,",降爾遐福，
Duy nhật bất túc.,維日不足。
"Thiên bảo định nhĩ,",天保定爾，
Dĩ mạc bất hưng.,以莫不興。
"Như sơn như phụ,",如山如阜，
Như cương như lăng.,如岡如陵，
"Như xuyên chi phương chí,",如川之方至，
Dĩ mạc bất tăng.,以莫不增。
"Cát quyên vi xí,",吉蠲爲饎，
Thị dụng hiếu tưởng.,是用孝享。
"Dược từ chưng thường,",禴祠烝嚐，
Vu công tiên vương.,於公先王。
"Quân viết: “Bốc nhĩ,",君曰：蔔爾，
Vạn thọ vô cương.”,萬壽無疆！
"Thần chi đích hỹ,",神之弔矣，
Di nhỉ đa phúc.,詒爾多福。
"Dân chi chất hỹ,",民之質矣，
Nhật dụng ẩm thực.,日用飲食。
"Quần lê bách tính,",群黎百姓，
Biến vi nhĩ đức.,遍爲爾德。
"Như nguyệt chi hằng,",如月之恒，
Như nhật chi thăng.,如日之升。
"Như Nam sơn chi thọ,",如南山之壽，
Bất khiên bất hăng.,不騫不崩。
"Như tùng bách chi mậu,",如松柏之茂，
Vô bất nhĩ hoặc thằng.,無不爾或承。
"Thiên tác cao sơn,",天作高山，
Thái vương hoang chi.,太王荒之。
"Bỉ tác hĩ,",彼作矣，
Văn vương khang chi.,文王康之。
"Bỉ thư hĩ Kỳ,",彼岨矣岐，
Hữu di chi hàng.,有夷之行。
Tử tôn bảo chi.,子孫保之。
"Mân thiên tật uy,",旻天疾威，
"Thiên đốc giáng táng,",天篤降喪，
"Điên ngã cơ cẩn,",瘨我饑饉，
Dân tốt lưu vong.,民卒流亡。
Ngã cư ngữ tốt hoang.,我居圉卒荒。
"Thiên giáng tội cổ,",天降罪罟，
Mâu tặc nội hồng.,蟊賊內訌。
"Hôn trạc mỹ cung,",昏椓靡共，
"Hội hội hồi duật,",潰潰回遹，
Thực tĩnh di ngã bang.,實靖夷​​我邦。
"Cao cao tí tí,",皋皋訾訾，
Tằng bất tri kỳ điếm.,曾不知其玷。
"Căng căng nghiệp nghiệp,",兢兢業業，
"Khổng điền bất ninh,",孔填不寧，
Ngã vị khổng biếm.,我位孔貶。
"Như bỉ tuế hạn,",如彼歲旱，
Thảo bất hội mậu.,草不潰茂，
"Như bỉ thê thư,",如彼棲苴。
"Ngã tương thử bang,",我相此邦，
Vô bất hội chỉ.,無不潰止。
"Duy tích chi phú,",維昔之富，
Bất như thì;,不如時；
"Duy kim chi cứu,",維今之疚，
Bất như tư.,不如茲。
"Bỉ sơ tư bại,",彼疏斯粺，
"Hồ bất tự thế,",胡不自替，
Chức huống tư dẫn?,職兄斯引？
"Trì chi kiệt hĩ,",池之竭矣，
Bất vân tự tần?,不云自頻？
"Tuyền chi kiệt hĩ,",泉之竭矣，
Bất vân tự trung?,不云自中？
"Phổ tư hại hĩ,",溥斯害矣，
"Chức huống tư hoằng,",職兄斯弘，
Bất tai ngã cung?,不災我躬？
"Tích tiên vương thụ mệnh,",昔先王受命，
"Hữu như Thiệu công,",有如召公，
Nhật tịch quốc bách lý;,日辟國百里；
Kim dã nhật túc quốc bách lý.,今也日蹙國百里。
Ô hô ai tai!,於乎哀哉！
"Duy kim chi nhân,",維今之人，
Bất thượng hữu cựu.,不尚有舊。
"Thì mại kỳ bang,",時邁其邦，
Hạo thiên kỳ tử chi.,昊天其子之。
"Thực hữu tự hữu Chu,",實右序有周，
"Bạc ngôn chấn chi,",薄言震之，
Mạc bất chấn điệp.,莫不震疊。
"Hoài nhu bách thần,",懷柔百神，
Cập hà kiều nhạc.,及河喬嶽。
Duẫn vương duy hậu.,允王維后。
"Minh chiêu hữu Chu,",明昭有周，
Thức tự tại vị.,式序在位。
"Tái tập can qua,",載戢干戈，
Tái cao cung thỉ.,載櫜弓矢。
"Ngã cầu ý đức,",我求懿德，
Tứ vu thì Hạ.,肆于時夏。
Duẫn vương bảo chi.,允王保之。
"Túc túc thố tư,",肅肅兔罝、
Trác chi tranh tranh.,椓之丁丁。
"Củ củ vũ phu,",赳赳武夫、
Công hầu can thành.,公侯干城。
"Túc túc thố tư,",肅肅兔罝、
Dị vu trung quỳ.,施于中逵。
"Củ củ vũ phu,",赳赳武夫、
Công hầu hảo kỳ.,公侯好仇。
"Túc túc thố ta,",肅肅兔罝、
Thi vu trung lâm.,施于中林。
"Củ củ vũ phu,",赳赳武夫、
Công hầu phúc tâm.,公侯腹心。
"Hữu thố viên viên,",有兔爰爰，
Trĩ lệ vu la.,雉離于羅。
"Ngã sinh chi sơ,",我生之初，
Thượng vô ngoa.,尚無為。
"Ngã sinh chi hậu,",我生之後，
Phùng thử bách la.,逢此百罹。
Thượng mỵ vô ngoa.,尚寐無吪。
"Hữu thố viên viên,",有兔爰爰，
Trĩ lệ vu biễu.,雉離于罦。
"Ngã sinh chi sơ,",我生之初，
Thượng vô tạo.,尚無造；
"Ngã sinh chi hậu,",我生之後，
Phùng thử bách yêu.,逢此百憂。
Thượng mỵ vô giếu.,尚寐無覺！
Hữu thố viên viên,有兔爰爰，
Trĩ lệ vu xung.,雉離于罿。
"Ngã sinh chi sơ,",我生之初，
Thượng vô dung.,尚無庸；
"Ngã sinh chi hậu,",我生之後，
Phùng thử bách hung.,逢此百兇。
Thượng mỵ vô thông.,尚寐無聰！
"Thuần chi bôn bôn,",鶉之奔奔，
Thước chi khương khương.,鵲之彊彊。
"Nhân chi vô lương,",人之無良，
Ngã dĩ vi hương.,我以為兄。
"Thước chi khương khương,",鵲之彊彊，
"Thuần chi bân bân,",鶉之奔奔。
"Nhân chi vô lương,",人之無良，
Ngã dĩ vi quân.,我以為君。
"Thức vi, thức vi!",式微、式微，
Hồ bất quy?,胡不歸？
"Vi quân chi cố,",微君之故，
Hồ vi hồ trung lộ?,胡為乎中露？
"Thức vi, thức vi!",式微、式微，
Hồ bất quy?,胡不歸？
"Vi quân chi cung,",微君之躬，
Hồ vi hồ nê trung?,胡為乎泥中？
"Thúc vu trần,",叔于田，
Hạng vô cư nhân.,巷無居人。
Khỉ vô cư nhân?,豈無居人？
"Bất như Thúc dã,",不如叔也，
Tuân mỹ thả nhân.,洵美且仁。
"Thúc vu thú,",叔于狩，
"Hạng vô ẩm tửu,",巷無飲酒。
Khỉ vô ẩm tửu?,豈無飲酒？
"Bất như Thúc dã,",不如叔也，
Tuân mỹ thả hẩu.,洵美且好。
"Thúc thích thử,",叔適野，
Hạng vô phục mỗ.,巷無服馬。
Khỉ vô phục mỗ?,豈無服馬？
"Bất như Thúc dã,",不如叔也，
Tuân mỹ thả vũ.,洵美且武。
"Bỉ thử ly ly,",彼黍離離，
"Bỉ tắc chi miêu,",彼稷之苗。
"Hành mại mỹ mỹ,",行邁靡靡，
"Trung tâm dao dao,",中心搖搖。
"Tri ngã giả,",知我者，
Vị ngã tâm ưu.,謂我心憂；
"Bất tri ngã giả,",不知我者，
Vị ngã hà cầu.,謂我何求。
"Du du thương thân,",悠悠蒼天，
Thử hà nhân tai?,此何人哉！
"Bỉ thử ly ly,",彼黍離離，
"Bỉ tắc chi toại,",彼稷之穗。
"Hành mại mỹ mỹ,",行邁靡靡，
"Trung tâm như tuý,",中心如醉。
"Tri ngã giả,",知我者，
Vị ngã tâm ưu.,謂我心憂；
"Bất tri ngã giả,",不知我者，
Vị ngã hà cầu.,謂我何求。
"Du du thương thân,",悠悠蒼天，
Thử hà nhân tai?,此何人哉！
"Bỉ thử ly ly,",彼黍離離，
"Bỉ tắc chi thật,",彼稷之實。
"Hành mại mỹ mỹ,",行邁靡靡，
"Trung tâm như ất,",中心如噎。
"Tri ngã giải,",知我者，
Vị ngã tâm ưu.,謂我心憂；
"Bất tri ngã giả,",不知我者，
Vị ngã hà cầu.,謂我何求。
"Du du thương thân,",悠悠蒼天，
Thử hà nhân tai?,此何人哉！
"Thù mâu thúc tân,",綢繆束薪，
Tam tinh tại thân.,三星在天。
Kim tịch hà tịch?,今夕何夕？
Kiến thử lương nhân.,見此良人。
"Tử hề, tử hề!",子兮、子兮！
Như thử lương nhân hà?,如此良人何！
"Thù mâu thúc trú,",綢繆束芻，
Tam tinh tại ngẫu.,三星在隅。
Kim tịch hà tịch?,今夕何夕？
Kiến thử giới lẫu.,見此邂逅。
"Tử hề, tử hề!",子兮、子兮！
Như thử giải cấu hà?,如此邂逅何？
"Thù mâu thúc sở,",綢繆束楚，
Tam tinh tại hộ.,三星在戶。
Kim tịch hà tịch?,今夕何夕？
Kiến thử xán chư?,見此粲者。
"Tử hề, tử hề!",子兮、子兮！
Như thử xán chư hà?,如此粲者何！
"Duy thước hữu sào,",維鵲有巢、
Duy cưu cư chi.,維鳩居之。
"Chi tử vu quy,",之子于歸、
Bách lưỡng nhạ chi.,百兩御之。
"Duy thước hữu sào,",維鵲有巢、
Duy cưu phương chi.,維鳩方之。
"Chi tử vu quy,",之子于歸、
Bách lưỡng tương chi.,百兩將之。
"Duy thước hữu sào,",維鵲有巢、
Duy cưu doanh chi.,維鳩盈之。
"Chi tử vu quy,",之子于歸、
Bách lưỡng thành chi.,百兩成之。
"Thường đệ chi hoa,",常棣之華，
Ngạc bất vĩ vĩ?,鄂不韡韡。
"Phàm kim chi nhân,",凡今之人，
Mạc như huynh đệ.,莫如兄弟。
"Tử táng chi uy,",死喪之威，
Huynh đệ khổng hoài.,兄弟孔懷。
Nguyên thấp bầu hỹ!,原隰裒矣，
Huynh đệ cầu hỹ!,兄弟求矣。
"Tích linh tại nguyên,",脊令在原，
Huynh đệ cấp nạn.,兄弟急難。
"Mỗi hữu lương bằng,",每有良朋，
Huống giả vĩnh thán.,況也永歎。
"Huynh đệ hích vu tường,",兄弟鬩於牆，
Ngoại ngự kỳ vụ.,外禦其務。
"Mỗi hữu lương bằng,",每有良朋，
Chưng dã vô nhung.,烝也無戎。
"Tang loạn ký bình,",喪亂既平，
Ký an thả ninh.,既安且寧。
"Tuy hữu huynh đệ,",雖有兄弟，
Bất như hữu sinh.,不如友生。
"Tấn nhĩ biên đậu,",儐爾籩豆，
Ẩm tửu chi ứ.,飲酒之飫。
"Huynh đệ ký cụ,",兄弟既具，
Hoà lạc thả nhụ.,和樂且孺。
"Thê tử hảo hợp,",妻子好合，
Như cổ sắt cầm.,如鼓瑟琴。
"Huynh đệ ký hấp,",兄弟既翕，
Hoà lạc thả đam.,和樂且湛。
"Nghi nhĩ thất gia,",宜爾室家，
Lạc nhĩ thê nô.,樂爾妻帑。
"Thị cứu thị đồ,",是究是圖，
Đán kỳ nhiên hồ?,亶其然乎！
"Thương Trọng Tử hề,",將仲子兮，
Vô du ngã lý.,無逾我里，
Vô chiết ngã thụ khỉ.,無折我樹杞，
Khỉ cảm ái chi?,豈敢愛之？
Uý ngã phụ mỹ.,畏我父母。
Trọng khả huỳ dã.,仲可懷也，
"Phụ mẫu chi ngôn,",父母之言，
Diệc khả uý dã.,亦可畏也。
"Thương Trọng Tử hề,",將仲子兮，
Vô du ngã tường.,無逾我墻，
Vô chiết ngã thụ tang.,無折我樹桑，
Khỉ cảm ái chi?,豈敢愛之？
Uý ngã chư hương.,畏我諸兄。
Trọng khả hoài dã.,仲可懷也，
"Chư huynh chi ngôn,",諸兄之言，
Diệc khả uý dã.,亦可畏也。
"Thương Trọng Tử hề,",將仲子兮，
Vô du ngã viên.,無逾我園，
Vô chiết ngã thụ điền.,無折我樹檀，
Khỉ cảm ái chi?,豈敢愛之？
Uý nhân chi đa ngôn.,畏人之多言。
Trọng khả hoài dã.,仲可懷也，
"Nhân chi đa ngôn,",人之多言，
Diệc khả uý dã.,亦可畏也。
Hách hách minh minh.,赫赫明明。
"Vương mệnh khanh sĩ,",王命卿士，
"Nam Trọng thái tổ,",南仲太祖，
Thái sư Hoàng Phủ:,太師皇父：
"Chỉnh ngã lục sư,",整我六師，
Dĩ tu ngã nhung;,以修我戎；
"Ký kính ký giới,",既敬既戒，
Huệ thử nam quốc.,惠此南國。
"Vương vị Doãn thị,",王謂尹氏，
Mệnh Trình bá Hưu Phủ:,命程伯休父：
"Tả hữu trần hàng,",左右陳行，
Giới ngã sư lữ.,戒我師旅。
"Suất bỉ Hoài phổ,",率彼淮浦，
Tỉnh thử Từ thổ.,省此徐土。
"Bất lưu bất xử,",不留不處，
Tam sự tựu tự.,三事就緒。
"Hách hách nghiệp nghiệp,",赫赫業業，
Hữu nghiêm thiên tử.,有嚴天子。
"Vương thư bảo tác,",王舒保作，
Phỉ thiệu phỉ du.,匪紹匪遊。
"Từ phương dịch tao,",徐方繹騷，
Chấn kinh Từ phương.,震驚徐方。
"Như lôi như đình,",如雷如霆，
Từ phương chấn kinh.,徐方震驚。
"Vương phấn quyết vũ,",王奮厥武，
Như chấn như nộ.,如震如怒。
"Tiến quyết hổ thần,",進厥虎臣，
Hám như hao hổ.,闞如虓虎。
"Phô đôn Hoài Phần,",鋪敦淮濆，
Nhưng chấp xú lỗ.,仍執醜虜。
"Tiệt bỉ Hoài phổ,",截彼淮浦，
Vương sư chi sở.,王師之所。
"Vương lữ than than,",王旅嘽嘽，
Như phi như hàn.,如飛如翰。
"Như Giang như Hán,",如江如漢，
"Như sơn chi bao,",如山之苞，
"Như xuyên chi lưu,",如川之流，
Miên miên dực dực.,綿綿翼翼。
"Bất trắc bất khắc,",不測不克，
Trạc trưng Từ quốc.,濯徵徐國。
"Vương do doãn tắc,",王猶允塞，
Từ phương ký lai.,徐方既來。
"Từ phương ký đồng,",徐方既同，
Thiên tử chi công.,天子之功。
"Tứ phương ký bình,",四方既平，
Từ phương lai đình.,徐方來庭。
"Từ phương bất hồi,",徐方不回，
Vương viết hoàn quy.,王曰還歸。
"Y dư tất thư,",猗與漆沮，
Tiềm hữu đa ngư.,潛有多魚。
"Hữu triên hữu vị,",有鱣有鮪，
Điều thường yển lý.,鰷鱨鰋鯉。
"Dĩ hưởng dĩ tự,",以享以祀，
Dĩ giới cảnh phúc.,以介景福。
"Dư kỳ trừng,",予其懲，
Nhi bí hậu hoạn.,而毖後患。
"Mạc dư phanh phong,",莫予荓蜂，
Tự cầu tân thích.,自求辛螫。
"Triệu doãn bỉ đào trùng,",肇允彼桃蟲，
Phiên phi duy điểu.,拚飛維鳥。
"Vị kham gia đa nạn,",未堪家多難，
Dư hựu tập vu liễu.,予又集于蓼。
"Tiêu liêu chi thực,",椒聊之實，
Phồn diễn doanh thăng.,蕃衍盈升。
"Bỉ ký chi tử,",彼其之子，
Thạc đại vô bằng.,碩大無朋。
Tiêu liêu thư!,椒聊且，
Viễn điều thư!,遠條且。
"Tiêu liêu chi thực,",椒聊之實，
Phồn diễn doanh cúc.,蕃衍盈匊。
"Bỉ ký chi tử,",彼其之子，
Thực đại thả đốc.,碩大且篤。
Tiêu liêu thư!,椒聊且，
Viễn điều thư!,遠條且。
"Mân thiên tật uy,",旻天疾威、
Phu vu hạ thổ.,敷于下土。
"Mưu do hồi duật,",謀猶回遹、
Hà nhật tư thư?,何日斯沮？
"Mưu tang bất tòng,",謀臧不從、
Bất tang phúc dụng.,不臧覆用。
"Ngã thị mưu do,",我視謀猶、
Diệc khổng chi cùng.,亦孔之邛。
"Bất cảm bạo hổ,",不敢暴虎、
Bất cảm bằng hà.,不敢馮河。
"Nhân tri kỳ nhất,",人知其一、
Mạc tri kỳ tha.,莫知其他。
"Chiến chiến căng căng,",戰戰兢兢、
"Như lâm thâm uyên,",如臨深淵、
Như lý bạc băng.,如履薄冰。
"Tiểu nhung tiển thu,",小戎俴收，
"Ngũ mộc lương chu,",五楘梁辀，
Du hoàn hiếp khu (cúc).,遊環脅驅，
"Âm dẫn ốc tụ,",陰靷鋈續，
Văn nhân sướng hứu.,文茵暢轂，
"Giá ngã kỳ chú,",駕我騏馵。
"Ngôn niệm quân tử,",言念君子，
"Ôn kỳ như ngọc,",溫其如玉；
"Tại kỳ bản ốc,",在其板屋，
Loạn ngã tâm khúc.,亂我心曲。
"Tứ mẫu khổng phụ,",四牡孔阜，
"Lục bí tại thủ,",六轡在手。
"Kỳ lưu thị chưng,",騏騮是中，
Qua ly thị sâm.,騧驪是驂。
"Long thuẫn chi hạp,",龍盾之合，
Ốc dĩ quyết nạp.,鋈以觼軜。
"Ngôn niệm quân tử,",言念君子，
Ôn kỳ tại ấp.,溫其在邑。
Phương hà vi kỳ?,方何為期？
Hồ nhiên ngã nhiệm chi?,胡然我念之？
"Tiển tứ khổng quần,",俴駟孔群，
Cầu mâu ốc chuân.,厹矛鋈錞，
Mông phạt hữu uân.,蒙伐有苑。
"Hổ sướng lậu ưng,",虎韔鏤膺，
Giao sướng nhị quăng.,交韔二弓，
Trúc bế cổn đằng.,竹閉緄縢。
Ngôn niệm quân tử.,言念君子，
Tái tẩm tái hưng.,載寢載興；
"Yêm yêm lương nhân,",厭厭良人，
Trật trật đức ưng.,秩秩德音。
"Huệ bỉ tiểu tinh,",嘒彼小星，
Tam ngũ tại đông.,三五在東。
"Túc túc tiêu chinh,",肅肅宵征，
"Túc dạ tại công,",夙夜在公。
Thực mệnh bất đồng.,寔命不同！
"Hối bỉ tiểu tinh,",嘒彼小星，
Duy Sâm dữ Lão.,維參與昴。
"Túc túc tiêu chinh,",肅肅宵征，
"Bảo khâm dữ trù,",抱衾與裯。
Thực mệnh bất du.,寔命不猶！
"Tĩnh nữ kỳ xu,",靜女其姝，
"Sĩ ngã ư thành ngu,",俟我於城隅。
"Ái nhi bất kiến,",愛而不見，
Tao thủ trì trù.,搔首踟躕。
"Tĩnh nữ kỳ luyến,",靜女其孌，
Dĩ ngã đồng quản.,貽我彤管。
"Đồng quản hữu vĩ,",彤管有煒，
Duyệt địch nữ mỹ.,說懌女美。
"Tự mục quy đề,",自牧歸荑，
Tuân mỹ thả dị.,洵美且異。
"Phỉ nhữ chi vi mỹ,",匪女之為美，
Mỹ nhân chi dị.,美人之貽。
"Tinh tinh giả nga,",菁菁者莪，
Tại bỉ trung a.,在彼中阿。
"Ký kiến quân tử,",既見君子，
Lạc thả hữu nghi.,樂且有儀。
"Tinh tinh giả nga,",菁菁者莪，
Tại bỉ trung chỉ.,在彼中沚。
"Ký kiến quân tử,",既見君子，
Ngã tâm tắc hỉ.,我心則喜。
"Tinh tinh giả nga,",菁菁者莪，
Tại bỉ trung lăng.,在彼中陵。
"Ký kiến quân tử,",既見君子，
Tích ngã bách bằng.,錫我百朋。
"Phiếm phiếm dương chu,",泛泛楊舟，
Tái trầm tài phù.,載沉載浮。
"Ký kiến quân tử,",既見君子，
Ngã tâm tắc hưu.,我心則休。
Thứ kiến tố quan hề!,庶見素冠兮，
Cức nhân loan loan hề!,棘人欒欒兮，
Lao tâm đoàn đoàn hề!,勞心慱慱兮。
Thứ kiến tố y hề!,庶見素衣兮，
Ngã tâm thương bi hề!,我心傷悲兮，
Liêu dữ tử đồng quy hề!,聊與子同歸兮。
Thứ kiến tố tất hề!,庶見素韠兮，
Ngã tâm uẩn cất hề!,我心蘊結兮，
Liêu dữ tử như nhất hề!,聊與子如一兮。
"Bỉ trạch chi ba,",彼澤之陂，
Hữu bồ dữ hà.,有蒲與荷。
"Hữu mỹ nhất nhân,",有美一人，
Thương như chi hà?,傷如之何！
Ngộ mỵ vô vi.,寤寐無為，
Thế tứ phương đà.,涕泗滂沱。
"Bỉ trạch chi ba,",彼澤之陂，
Hữu bồ dữ kiên.,有蒲與蕳。
"Hữu mỹ nhất nhân,",有美一人，
"Thạc đại thả quyền,",碩大且卷。
Ngộ mỵ vô vi.,寤寐無為，
Trung tâm quyên quyên.,中心悁悁。
"Bỉ trạch chi ba,",彼澤之陂，
Hữu bồ hàm điểm.,有蒲菡萏。
"Hữu mỹ nhất nhân,",有美一人，
"Thạc đại thả nghiễm,",碩大且儼。
Ngộ mỵ vô vi.,寤寐無為，
Triển chuyển phục triểm.,輾轉伏枕。
Trắc bĩ hộ hề!,陟彼岵兮，
Chiêm vong phụ hề!,瞻望父兮。
"Phụ viết: “Ta! Dư tử hành dịch,",父曰：「嗟！予子行役，
"Túc dạ vô dĩ,",夙夜無已。
Thượng thận chiên tai!,上慎旃哉！
Do lai vô chỉ.”,猶來無止。」
Trắc bỉ khỉ hề!,陟彼屺兮，
Chiêm vọng mỹ hề!,瞻望母兮。
Mẫu viết: “Ta! Dư quý hành dịch!,母曰：「嗟！予季行役，
"Túc dạ vô mỵ,",夙夜無寐。
Thượng thận chiên tai!,上慎旃哉！
Do lai vô khí.”,猶來無棄。」
Trắc bỉ cương hề!,陟彼岡兮，
Chiêm vọng hương hề!,瞻望兄兮。
Huynh viết: “Ta! Dư đệ hành dịch.,兄曰：「嗟！予弟行役，
"Túc dạ tất kỷ,",夙夜必偕。
Thượng thận chiên tai!,上慎旃哉！
Do lai vô tỉ.”,猶來無死。」
"Trẫm trẫm lộ tư,",湛湛露斯，
Phỉ dương bất hy.,匪陽不晞。
"Yêm yêm dạ ẩm,",厭厭夜飲，
Bất tuý vô quy.,不醉無歸。
"Trẫm trẫm lộ tư,",湛湛露斯，
Tại bỉ phong thảo.,在彼豐草。
"Yêm yêm dạ ẩm,",厭厭夜飲，
Tại tông tái khảo.,在宗載考。
"Trẫm trẫm lộ tư,",湛湛露斯，
Tại bỉ khỉ cức.,在彼杞棘。
"Hiển doãn quân tử,",顯允君子，
Mạc bất lịnh đức.,莫不令德。
"Kỳ đồng kỳ y,",其桐其椅，
Kỳ thực ly ly.,其實離離。
"Khải đễ quân tử,",豈弟君子，
Mạc bất lịnh nghi.,莫不令儀。
"Trân dữ Vĩ,",溱與洧，
Phương viên viên hề.,方渙渙兮。
"Sĩ dữ nữ,",士與女，
Phương bỉnh kiên hề.,方秉蕳兮。
Nữ viết: Quan hồ.,女曰：「觀乎？」
"Sĩ viết: Ký thư,",士曰：「既且。」
"Thả vãng quan hồ,",「且往觀乎
"Vĩ chi ngoại,",洧之外，
Tuân hu thả lạc.,洵訏且樂。」
"Duy sĩ dữ nữ,",維士與女，
"Y kỳ tương hước,",伊其相謔，
Tặng chi dĩ thược dược.,贈之以勺藥。
"Trân dữ Vĩ,",溱與洧，
Lưu kỳ thanh hĩ.,瀏其清矣。
"Sĩ dữ nữ,",士與女，
Ân kỳ doanh hĩ.,殷其盈矣。
Nữ viết: Quan hồ.,女曰：「觀乎？」
"Sĩ viết: Ký thư,",士曰：「既且。」
Thả vãng quan hồ.,「且往觀乎
"Vĩ chi ngoại,",洧之外，
Tuân hu thả lạc.,洵訏且樂。」
"Duy sĩ dữ nữ,",維士與女，
"Y kỳ tương hước,",伊其將謔，
Tặng dĩ thược dược.,贈之以勺藥。
Bỉ truyết giả gia.,彼茁者葭，
Nhất phát ngũ ba.,壹發五豝。
Hu ta hồ trâu nha.,于嗟乎，騶虞！
Bỉ truyết giả bồng.,彼茁者蓬，
Nhất phát ngũ tông.,壹發五豵。
Hu ta hồ trâu ngông.,于嗟乎，騶虞！
"Tri y chi nghi hề,",緇衣之宜兮，
Tệ dư hựu cải vi hề.,敝，予又改為兮。
"Thích tử chi quán hề,",適子之館兮，
Hoàn dư thụ tử chi xán hề.,還，予授子之粲兮。
"Tri y chi hảo hề,",緇衣之好兮，
Tệ dư hựu cải tạo hề.,敝，予又改造兮。
"Thích tử chi quán hề,",適子之館兮，
Hoàn dư thụ tử chi xán hề.,還，予授子之粲兮。
"Tri y chi tược hề,",緇衣之席兮，
Tệ dư hựu cải tác hề.,敝，予又改作兮。
"Thích tử chi quán hề,",適子之館兮，
Hoàn dư thụ tử chi xán hề.,還，予授子之粲兮。
Sĩ ngã ư trư hồ nhi.,俟我於著乎而，
Sung nhĩ dĩ tổ hồ nhi.,充耳以素乎而，
Thượng chi dĩ quỳnh phô hồ nhi.,尚之以瓊華乎而。
"Sĩ ngã ư đình hồ nhi,",俟我於庭乎而，
"Sung nhĩ dĩ thanh hồ nhi,",充耳以青乎而，
Thượng chi dĩ quỳnh vinh hồ nhi.,尚之以瓊瑩乎而。
Sĩ ngã ư đường hồ nhi.,俟我於堂乎而，
Sung nhĩ dĩ hoàng hồ nhi.,充耳以黃乎而，
Thượng chi dĩ quỳnh ương hồ nhi.,尚之以瓊英乎而。
"Địch địch trúc can,",籊籊竹竿，
Dĩ điếu vu Kỳ.,以釣于淇。
Khỉ bất nhĩ tư?,豈不爾思，
Viễn mạc trí chi.,遠莫致之。
Tuyền Nguyên tại tả.,泉源在左，
Kỳ thuỷ tại hĩ.,淇水在右。
"Nữ tử hữu hành,",女子有行，
Viễn huynh đệ phụ mỵ.,遠兄弟父母。
"Kỳ thuỷ tại hữu,",淇水在右，
Tuyền Nguyên tại tả.,泉源在左。
"Xảo tiếu chi thả,",巧笑之瑳，
Bội ngọc chi nả.,佩玉之儺。
"Kỳ thuỷ du du,",淇水滺滺，
Cối tiếp tùng chu.,檜楫松舟。
"Giá ngôn xuất du,",駕言出遊，
Dĩ tả ngã ưu.,以寫我憂。
Hồ vi hồ Tru Lâm?,胡為乎株林？
Tùng Há Nâm.,從夏南。
Phỉ thích Tru Lâm.,匪適株林，
Từng Há Nâm.,從夏南。
"Giá ngã thặng mỗ,",駕我乘馬，
Thuế vu Tru thự?,說于株野。
"Thừa ngã thặng câu,",乘我乘駒，
Triêu thực vu Tru.,朝食于株。
"Trung cốc hữu thôi,",中穀有蓷，
Hãn kỳ can hĩ!,暵其乾矣。
"Hữu nữ phỉ ly,",有女仳離，
Khải kỳ than hĩ!,慨其嘆矣。
Khải kỳ than hĩ!,慨其嘆矣，
Ngộ nhân chi gian nan hĩ!,遇人之艱難矣。
"Trung cốc hữu thôi,",中穀有蓷，
Hãn kỳ thúc hĩ,暵其修矣。
"Hữu nữ phỉ ly,",有女仳離，
"Điều kỳ túc hĩ,",條其嘯矣。
"Điều kỳ túc hĩ,",條其嘯矣，
Ngộ nhân chi bất thục hĩ.,遇人之不淑矣。
"Trung cốc hữu thôi,",中穀有蓷，
Hãn kỳ thấp hĩ.,暵其濕矣。
"Hữu nữ phỉ ly,",有女仳離，
"Truyết kỳ khấp hĩ,",啜其泣矣。
"Truyết kỳ khấp hĩ,",啜其泣矣，
Hà ta cập hĩ?,何嗟及矣。
"Tuân đại lộ hề,",遵大路兮，
Sám chấp tử chi khử hề.,摻執子之袪兮。
"Vô ngã ố hề,",無我惡兮，
Bất tảm cố dã.,不寁故也。
"Tuân đại lộ hề,",遵大路兮，
Sám chấp tử chi thủ hề.,摻執子之手兮。
"Vô ngã xú hề,",無我醜兮，
Bất tảm hẩu dã.,不寁好也。
"Thanh thanh tử khâm,",青青子衿，
Du du ngã tâm.,悠悠我心。
"Túng ngã bất vãng,",縱我不往，
Tử ninh bất tự âm?,子寧不嗣音？
Thanh thanh tử bì.,青青子佩，
Du du ngã ty.,悠悠我思。
"Túng ngã bất vãng,",縱我不往，
Tử ninh bất ly?,子寧不來？
Khiêu hề thuyết hề.,挑兮達兮，
Tại thành khuyết hề.,在城闕兮。
"Nhất nhật bất kiến,",一日不見，
Như tam nguyệt hề.,如三月兮。
"Tứ mẫu phi phi,",四牡騑騑，
Chu đạo uy trì;,周道倭遲。
Khởi bất hoài quy?,豈不懷歸？
"Vương sự mỹ cổ,",王事靡盬，
Ngã tâm thương bi.,我心傷悲。
"Tứ mẫu phi phi,",四牡騑騑，
Than than lạc mã;,嘽嘽駱馬。
Khởi bất hoài quy?,豈不懷歸？
"Vương sự mỹ cổ,",王事靡盬，
Bất hoàng khải xứ.,不遑啟處。
"Biên biên giả chuy,",翩翩者鵻，
"Tải phi tải hạ,",載飛載下，
Tập vu bao hứa;,集於苞栩。
"Vương sự mỹ cổ,",王事靡盬，
Bất hoàng tương phụ.,不遑將父。
"Biên biên giả chuy,",翩翩者鵻，
"Tải phi tải chì,",載飛載止，
Tập vu bao kỷ;,集於苞杞。
"Vương sự mỹ cổ,",王事靡盬，
Bất hoàng tương mỹ.,不遑將母。
"Giá bỉ tứ lạc,",駕彼四駱，
"Tải sậu sâm sâm,",載驟駸駸。
Khởi bất hoài quy;,豈不懷歸？
"Thị dụng tác ca,",是用作歌，
Tương mẫu lai thâm.,將母來諗。
"Tung cao duy nhạc,",崧高維岳，
Tuấn cực vu thiên.,駿極于天。
"Duy nhạc giáng thần,",維岳降神，
Sinh Phủ cập Thân.,生甫及申。
"Duy Thân cập Phủ,",維申及甫，
Duy Chu chi hàn.,維周之翰。
"Tứ quốc vu phiên,",四國于蕃，
Tứ phương vu tuyên.,四方于宣。
"Vĩ vĩ Thân Bá,",亹亹申伯，
Vương toản chi sự.,王纘之事。
"Vu ấp vu Tạ,",于邑于謝，
Nam quốc thị thức.,南國是式。
"Vương mệnh Thiệu Bá,",王命召伯，
Định Thân Bá chi trạch.,定申伯之宅。
"Đăng thị nam bang,",登是南邦，
Thế chấp kỳ công.,世執其功。
"Vương mệnh Thân Bá,",王命申伯，
"Thức thị nam bang,",式是南邦，
"Nhân thị Tạ nhân,",因是谢人，
Dĩ tác nhĩ dung.,以作爾庸。
"Vương mệnh Thiệu Bá,",王命召伯，
Triệt Thân Bá thổ điền;,徹申伯土田；
"Vương mệnh phó ngự,",王命傅御，
Thiên kỳ tư nhân.,遷其私人。
"Thân Bá chi công,",申伯之功，
Thiệu Bá thị doanh.,召伯是營。
"Hữu súc kỳ thành,",有俶其城，
Tẩm miếu ký thành.,寢廟既成，
Ký thành mạc mạc;,既成藐藐；
"Vương tích Thân Bá,",王錫申伯，
"Tứ mẫu kiều kiều,",四牡蹻蹻，
Câu ưng trạc trạc.,鉤膺濯濯。
"Vương khiển Thân Bá,",王遣申伯，
Lộ xa thặng mã.,路車乘馬。
"Ngã đồ nhĩ cư,",我圖爾居，
Mạc như nam thổ.,莫如南土。
"Tích nhĩ giới khuê,",錫爾介圭，
Dĩ tác nhĩ bảo.,以作爾寶。
"Vãng ký vương cữu,",往近王舅，
Nam thổ thị bảo.,南土是保。
"Thân Bá tín mại,",申伯信邁，
Vương tiễn vu My.,王餞于郿。
"Thân Bá hoàn nam,",申伯還南，
Tạ vu thành quy.,謝于誠歸。
"Vương mệnh Thiệu Bá,",王命召伯，
"Triệt Thân Bá thổ cương,",徹申伯土疆，
"Dĩ trì kỳ trương,",以峙其粻，
Thức truyền kỳ hành.,式遄其行。
"Thân Bá phiên phiên,",申伯番番，
"Ký nhập vu Tạ,",既入于謝，
Đồ ngự than than.,徒禦嘽嘽。
"Chu bang hàm hỉ,",週邦咸喜，
Nhung hữu lương hàn.,戎有良翰。
Bất hiển Thân Bá?,不顯申伯，
"Vương chi nguyên cữu,",王之元舅，
Văn vũ thị hiến.,文武是憲。
"Thân Bá chi đức,",申伯之德，
Nhu huệ thả trực.,柔惠且直。
"Nhu thử vạn bang,",揉此萬邦，
Vấn vu tứ quốc.,聞于四國。
"Cát Phủ tác tụng,",吉甫作誦，
Kỳ thi khổng thạc;,其詩孔碩；
"Kỳ phong tứ hảo,",其風肆好，
Dĩ tặng Thân Bá.,以贈申伯。
"Tường hữu từ,",墻有茨，
Bất khả tảo dã.,不可掃也。
"Trung cấu chi ngôn,",中冓之言，
"Bất khả đạo dã,",不可道也。
"Sở khả đạo dã,",所可道也，
Ngôn chi xú dã.,言之醜也。
"Tường hữu từ,",墻有茨，
Bất khả tương dã.,不可襄也。
"Trung cấu chi ngôn,",中冓之言，
"Bất khả tường dã,",不可詳也。
"Sở khả tường dã,",所可詳也，
Ngôn chi trường dã.,言之長也。
"Tường hữu từ,",墻有茨，
Bất khả thúc dã.,不可束也。
"Trung cấu chi ngôn,",中冓之言，
"Bất khả độc dã,",不可讀也。
"Sở khả độc dã,",所可讀也，
Ngôn chi nhục dã.,言之辱也。
"Tướng thử hữu bà,",相鼠有皮，
Nhân nhi vô nga?,人而無儀。
Nhân nhi vô nga?,人而無儀，
Bất tử hà nga?,不死何為？
"Tướng thử hữu xỉ,",相鼠有齒，
Nhân nhi vô chỉ?,人而無止。
"Nhân nhi vô chỉ,",人而無止，
Bất tử hà sĩ?,不死何俟？
Tướng thử hữu thể.,相鼠有體，
Nhân nhi vô lễ?,人而無禮。
"Nhân nhi vô lễ,",人而無禮，
Hồ bất thuyền tỉ?,胡不遄死？
"Tứ thiết khổng phụ,",駟驖孔阜，
Lục bí tại thủ.,六轡在手。
"Công chi mỵ tử,",公之媚子，
Tùng công vu thủ.,從公于狩。
"Phụng thì thời mẫu,",奉時辰牡，
"Thời mẫu khổng thược,",辰牡孔碩。
"Công viết tả chi,",公曰：「左之！」
Xả bạt tắc hoạch.,舍拔則獲。
"Du vu bắc viên,",遊于北園，
Tứ mã ký hiền.,四馬既閑。
"Do xa loan tiêu,",輶車鸞鑣，
Tải liệm yết hiêu.,載獫歇驕。
"Tư trai Thái Nhâm,",思齊太任，
Văn Vương chi mẫu.,文王之母。
"Tư mị Chu Khương,",思媚周姜，
Kinh thất chi phụ.,京室之婦。
"Thái Tự tự huy âm,",太姒嗣徽音，
Tắc bách tư nam.,則百斯男。
"Huệ vu tông công,",惠于宗公，
"Thần võng thời oán,",神罔時怨，
Thần võng thời thông.,神罔時恫。
"Hình vu quả thê,",刑于寡妻，
"Chí vu huynh đệ,",至于兄弟，
Dĩ nhạ vu gia bang.,以御于家邦。
"Ung ung tại cung,",雝雝在宫，
Túc túc tại miếu.,肅肅在廟。
"Bất hiển diệc lâm,",不顯亦臨，
Vô dịch diệc bảo.,無射亦保。
"Tứ nhung tật bất điễn,",肆戎疾不殄，
Liệt giả bất hà.,烈假不遐。
"Bất văn diệc thức,",不聞亦式，
Bất gián diệc nhập.,不諫亦入。
"Tứ thành nhân hữu đức,",肆成人有德，
Tiểu tử hữu tạo.,小子有造。
"Cổ chi nhân vô dịch,",古之人無斁，
Dự mao tư sĩ.,譽髦斯士。
"Tư văn Hậu Tắc,",思文后稷，
Khắc phối bỉ thiên.,克配彼天。
"Lập ngã chưng dân,",立我烝民，
Mạc phỉ nhĩ cực.,莫匪爾極。
"Di ngã lai mâu,",貽我來牟，
"Đế mệnh suất dục,",帝命率育，
"Vô thử cương nhĩ giới,",無此疆爾界，
Trần thường vu thì hạ.,陳常于時夏。
Tử chi tuyền hề.,子之還兮，
Tảo ngã Hồ Nao Chi kiên (gian) hề.,遭我乎峱之閑兮。
Tịnh khu tùng lưỡng kiên hề.,并驅從兩肩兮，
Ấp ngã vị ngã huyên hề.,揖我謂我儇兮。
Tử chi mậu hề.,子之茂兮，
Tao ngã hồ Nao chi đậu hề.,遭我乎峱之道兮。
Tịnh khu tùng lưỡng mẫu hề.,并驅從兩牡兮，
Ấp ngã vị ngã hẩu hề.,揖我謂我好兮。
"Tử chi xương hề,",子之昌兮，
Tao ngã hồ Nao chi dương hề.,遭我乎峱之陽兮。
"Tịnh khu tùng lưỡng lang hề,",并驅從兩狼兮，
Ấp ngã vị ngã tương hề.,揖我謂我臧兮。
"Bí bỉ Tuyền thuỷ,",毖彼泉水，
Diệc lưu vu Kỳ.,亦流于淇。
"Hữu hoài vu Vệ,",有懷于衛，
Mỹ nhật bất ti.,靡日不思。
"Luyến bỉ chư cơ,",孌彼諸姬，
Liên dữ chi mi.,聊與之謀。
"Xuất túc vu Tế,",出宿于泲，
"Ẩm tiễn vu Nễ,",飲餞于禰。
"Nữ tử hữu hành,",女子有行，
Viễn phụ mẫu huynh đệ.,遠父母兄弟。
"Vấn ngã chư cô,",問我諸姑，
Toại cập bá tỷ.,遂及伯姊。
"Xuất túc vi kiên,",出宿于干，
Ẩm tiễn vu Ngôn.,飲餞于言。
"Tái chi tái hại,",載脂載轄，
Tuyền xa ngôn mại.,還車言邁。
"Thuyền trăn vu Vệ,",遄臻于衛，
Bất hà hữu hại.,不瑕有害？
"Ngã tư Phì Tuyền,",我思肥泉，
Từ chi vĩnh thiến.,茲之永嘆。
"Tư Tu dữ Tào,",思須與漕，
Ngã tâm du du.,我心悠悠。
"Giá ngỗn xuất du,",駕言出遊，
Dĩ tả ngã ưu.,以寫我憂。
"Ty y kỳ phủ,",絲衣其紑，
Tải biện cầu cầu.,載弁俅俅。
"Tự đường tồ cơ,",自堂徂基，
"Tự dương tồ ngưu,",自羊徂牛，
"Nãi đỉnh cập tỉ,",鼐鼎及鼒，
Huỷ quang kỳ cầu.,兕觥其觩。
Chỉ tửu tư nhu.,旨酒思柔。
"Bất ngô bất ngao,",不吳不敖，
Hồ khảo chi hưu.,胡考之休。
"Ức ức uy nghi,",抑抑威儀，
Duy đức chi ngung.,維德之隅。
Nhân diệc hữu ngôn:,人亦有言：
Mỹ triết bất ngu.,靡哲不愚。
"Thứ nhân chi ngu,",庶人之愚，
Diệc chức duy tật;,亦職維疾；
"Triết nhân chi ngu,",哲人之愚，
Diệc duy tư lệ.,亦維斯戾。
Ô hô tiểu tử!,於乎小子，
Vị tri tang bĩ.,未知臧否。
"Phỉ thủ huề chi,",匪手攜之，
Ngôn thị chi sự;,言示之事；
"Phỉ diện mệnh chi,",匪面命之，
Ngôn đề kỳ nhĩ.,言提其耳。
"Tá viết vị tri,",借曰未知，
Diệc ký bão tử.,亦既抱子。
"Dân chi mỹ doanh,",民之靡盈，
Thuỳ túc tri nhi mạc thành?,誰夙知而莫成？
"Hạo thiên khổng chiêu,",昊天孔昭，
Ngã sinh mỹ lạc.,我生靡樂。
"Thị nhĩ mông mông,",視爾夢夢，
Ngã tâm thảm thảm.,我心慘慘。
"Hối nhĩ chuân chuân,",誨爾諄諄，
Thính ngã miểu miểu.,聽我藐藐。
"Phỉ dụng vi giáo,",匪用爲教，
Phúc dụng vi ngược.,覆用爲虐。
"Tá viết vị tri,",借曰未知，
Diệc duật ký mạo.,亦聿既耄。
Ô hô tiểu tử!,於乎小子！
Cáo nhĩ cựu chỉ.,告爾舊止。
"Thính dụng ngã mưu,",聽用我謀，
Thứ vô đại hối.,庶無大悔。
"Thiên phương gian nan,",天方艱難，
Viết táng quyết quốc.,曰喪厥國。
"Thủ tỷ bất viễn,",取譬不遠，
Hạo thiên bất thắc.,昊天不忒。
"Hồi duật kỳ đức,",回遹其德，
Tỷ dân đại cức.,俾民大棘。
"Vô cạnh duy nhân,",無競維人，
Tứ phương kỳ huấn chi;,四方其訓之；
"Hữu giác đức hành,",有覺德行，
Tứ quốc thuận chi.,四國順之。
"Hu mô định mệnh,",訏謨定命，
Viễn do thần cáo.,遠猶辰告。
"Kính thận uy nghi,",敬慎威儀，
Duy dân chi tắc.,維民之則。
"Kỳ tại vu kim,",其在于今，
Hưng mê loạn vu chính;,興迷亂于政；
"Điên phúc quyết đức,",顛覆厥德，
Hoang thầm vu tửu.,荒湛于酒。
"Nhữ tuy đam lạc tòng,",女雖湛樂從，
Phất niệm quyết thiệu?,弗念厥紹。
"Võng phu cầu tiên vương,",罔敷求先王，
Khắc củng minh hình.,克共明刑。
"Tứ hoàng thiên phất thượng,",肆皇天弗尚，
"Như bỉ tuyền lưu,",如彼泉流，
Vô luân tư dĩ vong.,無淪胥以亡。
"Túc hưng dạ mị,",夙興夜寐，
"Sái tảo đình nội,",灑掃庭內，
Duy dân chi chương.,維民之章。
"Tu nhĩ xa mã,",修爾車馬，
"Cung thỉ nhung binh,",弓矢戎兵，
"Dụng giới nhung tác,",用戒戎作，
Dụng thích man phương.,用逖蠻方。
"Chất nhĩ nhân dân,",質爾人民，
"Cẩn nhĩ hầu độ,",謹爾侯度，
Dụng giới bất ngu.,用戒不虞。
"Thận nhĩ xuất thoại,",慎爾出話，
"Kính nhĩ uy nghi,",敬爾威儀，
Vô bất nhu gia.,無不柔嘉。
"Bạch khuê chi điếm,",白圭之玷，
Thượng khả ma dã;,尚可磨也；
"Tư ngôn chi điếm,",斯言之玷，
Bất khả vi dã.,不可爲也。
"Vô dị do ngôn,",無易由言，
Vô viết cẩu hĩ;,無曰茍矣；
"Mạc môn trẫm thiệt,",莫捫朕舌，
Ngôn bất khả thệ hĩ.,言不可逝矣。
"Vô ngôn bất thù,",無言不讎，
Vô đức bất báo.,無德不報。
"Huệ vu bằng hữu,",惠于朋友，
Thứ dân tiểu tử.,庶民小子。
"Tử tôn thằng thằng,",子孙繩繩，
Vạn dân mỹ bất thừa.,萬民靡不承。
"Thị nhĩ hữu quân tử,",視爾友君子，
"Tập nhu nhĩ nhan,",輯柔爾顏，
Bất hà hữu khiên.,不遐有愆。
"Tương tại nhĩ thất,",相在爾室，
Thượng bất quý vu ốc lậu.,尚不愧于屋漏。
"Vô viết bất hiển,",無曰不顯，
Mạc dư vân cấu.,莫予云覯。
"Thần chi cách tư,",神之格思，
"Bất khả đạc tư,",不可度思，
Thẩn khả dịch tư?,矧可射思？
"Tích nhĩ vi đức,",辟爾爲德，
Tỷ tang tỷ gia.,俾臧俾嘉。
"Thục thận nhĩ chỉ,",淑慎爾止，
Bất khiên vu nghi.,不愆于儀。
"Bất tiếm bất tặc,",不僭不賊，
Tiển bất vi tắc.,鮮不爲則。
"Đầu ngã dĩ đào,",投我以桃，
Báo chi dĩ lý.,報之以李。
"Bỉ đồng nhi giác,",彼童而角，
Thực hồng tiểu tử.,實虹小子。
"Nhẫm nhiễm nhu mộc,",荏染柔木，
Ngôn mân chi ty.,言緡之絲。
"Ôn ôn cung nhân,",温温恭人，
Duy đức chi cơ.,維德之基。
"Kỳ duy triết nhân,",其維哲人，
"Cáo chi thoại ngôn,",告之話言，
Thuận đức chi hành;,順德之行；
"Kỳ duy ngu nhân,",其維愚人，
Phúc vị ngã tiếm:,覆謂我僭：
Dân các hữu tâm.,民各有心。
"Hữu lai ung ung,",有來雝雝，
Chí chỉ túc túc.,至止肅肅。
"Tướng duy tích công,",相維辟公，
Thiên tử mục mục.,天子穆穆。
"Ô! tiến quảng mẫu,",於薦廣牡，
Tướng dư trần tự.,相予肆祀。
Giả tai hoàng khảo!,假哉皇考！
Tuy dư hiếu tử.,綏予孝子。
"Tuyên triết duy nhân,",宣哲維人，
Văn vũ duy hậu.,文武維後。
"Yến cập hoàng thiên,",燕及皇天，
Khắc xương quyết hậu.,剋昌厥後。
"Tuy ngã my thọ,",綏我眉壽，
"Giới dĩ phồn chỉ,",介以繁祉，
"Ký hữu liệt khảo,",既右烈考，
Diệc hữu văn mẫu.,亦右文母。
Tử chi đãng hề!,子之湯兮，
Uyển Khâu chi thượng hề!,宛丘之上兮，
Tuân hữu tình hề!,洵有情兮，
Nhi vô vọng hề!,而無望兮。
"Khảm kỳ kích cổ,",坎其擊鼓，
Uyển khâu chi hộ.,宛丘之下。
"Vô đông vô hộ,",無冬無夏，
Trị kỳ lộ vũ.,值其鷺羽。
"Khảm kỳ kích phẩu,",坎其擊缶，
Uyển khâu chi đậu.,宛丘之道。
"Vô đông vô hạ,",無冬無夏，
Trị kỳ lộ thẩu.,值其鷺翿。
"Trác bỉ Vân Hán,",倬彼雲漢，
Chiêu hồi vu thiên.,昭回于天。
Vương viết: Ô hô!,王曰：於乎！
Hà cô kim chi nhân?,何辜今之人？
"Thiên giáng táng loạn,",天降喪亂，
Cơ cận tiến trăn.,饑饉薦臻。
"Mỹ thần bất cử,",靡神不舉，
Mỹ ái tư sinh.,靡愛斯牲。
"Khuê bích ký tốt,",圭璧既卒，
Ninh mạc ngã thính.,寧莫我聽！
"Hạn ký thái thậm,",旱既太甚，
Uẩn long trùng trùng.,蘊隆蟲蟲。
"Bất điển yên tự,",不殄禋祀，
Tự giao tồ cung.,自郊徂宮。
"Thượng hạ điện ế,",上下奠瘞，
Mỹ thần bất tông.,靡神不宗。
"Hậu Tắc bất khắc,",后稷不克，
Thượng đế bất lâm;,上帝不臨；
"Háo đố hạ thổ,",耗斁下土，
Ninh đinh ngã cung!,寧丁我躬！
"Hạn ký thái thậm,",旱既太甚，
Tắc bất khả thôi.,則不可推。
"Căng căng nghiệp nghiệp,",兢兢業業，
Như đình như lôi.,如霆如雷。
"Chu dư lê dân,",週餘黎民，
Mỹ hữu kiết di.,靡有孑遺。
"Hạo thiên Thượng đế,",昊天上帝，
Tắc bất ngã di.,則不我遺。
Hồ bất tương uý?,胡不相畏？
Tiên tổ vu tồi.,先祖于摧。
"Hạn ký thái thậm,",旱既太甚，
Tắc bất khả trở.,則不可沮。
"Hách hách viêm viêm,",赫赫炎炎，
Vân ngã vô sở.,云我無所。
"Đại mệnh cận chỉ,",大命近止，
Mỹ chiêm mỹ cố.,靡瞻靡顧。
"Quần công tiên chính,",群公先正，
Tắc bất ngã trợ.,則不我助。
"Phụ mẫu tiên tổ,",父母先祖，
Hồ ninh nhẫn dư?,胡寧忍予？
"Hạn ký thái thậm,",旱既太甚，
Địch địch sơn xuyên.,滌滌山川。
"Hạn bạt vi ngược,",旱魃為虐，
Như đàm như phần.,如惔如焚。
"Ngã tâm đạn thử,",我心憚暑，
Ưu tâm như huân.,憂心如熏。
"Quần công tiên chính,",群公先正，
Tắc bất ngã văn.,則不我聞。
"Hạo thiên thượng đế,",昊天上帝，
Ninh tỷ ngã độn?,寧俾我遯！
"Hạn ký thái thậm,",旱既太甚，
Mẫn miễn uý khứ.,黽勉畏去。
Hồ ninh điên ngã dĩ hạn?,胡寧瘨我以旱？
Thảm bất tri kỳ cố.,憯不知其故。
"Kỳ niên khổng túc,",祈年孔夙，
Phương xã bất mộ.,方社不莫。
"Hạo thiên thượng đế,",昊天上帝，
Tắc bất ngã ngu.,則不我虞。
"Kính cung minh thần,",敬恭明神，
Nghi vô hối nộ.,宜無悔怒。
"Hạn ký thái thậm,",旱既太甚，
Tán vô hữu kỷ.,散無友紀。
"Cúc tai thứ chính,",鞫哉庶正，
Cứu tai trủng tể.,疚哉冢宰。
"Thú mã sư thị,",趣馬師氏，
Thiện phu tả hữu;,膳夫左右；
"Mỹ nhân bất chu,",靡人不周，
Vô bất năng chỉ.,無不能止。
"Chiêm ngưỡng hạo thiên,",瞻仰昊天，
Vân như hà lý?,云如何里？
"Chiêm ngưỡng hạo thiên,",瞻仰昊天，
Hữu huế kỳ tinh.,有嘒其星。
"Đại phu quân tử,",大夫君子，
Chiêu hà vô doanh.,昭假無贏。
"Đại mệnh cận chỉ,",大命近止，
Vô khí nhĩ thành.,無棄爾成。
Hà cầu vi ngã?,何求為我？
Dĩ lệ thứ chính.,以戾庶正。
"Chiêm ngưỡng hạo thiên,",瞻仰昊天，
Hạt huệ kỳ ninh?,曷惠其寧？
"Văn Vương tại thượng,",文王在上、
Ô chiêu vu thiên!,於昭于天。
"Chu tuy cựu bang,",周雖舊邦、
Kỳ mệnh duy tân.,其命維新。
Hữu Chu bất hiển?,有周不顯、
Đế mệnh bất thì?,帝命不時。
Văn Vương trắc giáng,文王陟降、
Tại đế tả hữu.,在帝左右。
"Vĩ vĩ Văn Vương,",亹亹文王，
Lệnh vấn bất dĩ.,令聞不已。
"Trần tích tai Chu,",陳錫哉周，
"Hầu Văn Vương tôn tử,",侯文王孫子。
"Văn Vương tôn tử,",文王孫子，
Bổn chi bách thế.,本支百世
"Phàm Chu chi sĩ,",凡周之士，
Bất hiển diệc thế.,不顯亦世。
Thế chi bất hiển?,世之不顯，
Quyết do dực dực.,厥猶翼翼。
"Tư hoàng đa sĩ,",思皇多士，
Sinh thử vương quốc!,生此王國。
Vương quốc khắc sinh,王國克生，
Duy Chu chi trinh.,維周之楨。
"Tế tế đa sĩ,",濟濟多士，
Văn Vương dĩ ninh.,文王以寧。
"Mục mục Văn Vương,",穆穆文王，
Ô tập hy kính chỉ.,於緝熙敬止。
Giả tai thiên mệnh!,假哉天命，
Hữu Thương tôn tử.,有商孫子。
"Thương chi tôn tử,",商之孫子，
Kỳ lệ bất ức.,其麗不億。
"Thượng đế ký mệnh,",上帝既命，
Hầu vu Chu phục.,侯于周服。
"Hầu phục vu Chu,",侯服于周，
Thiên mệnh mỹ thường.,天命靡常。
"Ân sĩ phu mẫn,",殷士膚敏，
Quán tương vu kinh.,祼將于京。
"Quyết tác quán tương,",厥作祼將，
Thường phục phủ hủ.,常服黼冔。
"Vương chi tận thần,",王之藎臣，
Vô niệm nhĩ tổ.,無念爾祖。
"Vô niệm nhĩ tổ,",無念爾祖，
Duật tu quyết đức.,聿修厥德。
"Vĩnh ngôn phối mệnh,",永言配命，
Tự cầu đa phúc.,自求多福。
"Ân chi vị táng sự,",殷之未喪師，
Khắc phối thượng đế.,克配上帝。
"Nghi giám vu Ân,",宜鑒于殷，
Tuấn mệnh bất dị!,駿命不易。
"Mệnh chi bất dị,",命之不易，
"Vô át nhĩ cung,",無遏爾躬。
"Tuyên chiêu nghĩa văn,",宣昭義問，
Hữu ngu Ân tự thiên.,有虞殷自天。
"Thượng thiên chi tái,",上天之載，
Vô thanh vô xú.,無聲無臭。
"Nghi hình Văn Vương,",儀刑文王，
Vạn bang tác phu.,萬邦作孚。
"Văn Vương hữu thanh,",文王有聲，
"Duật tuấn hữu thanh,",遹駿有聲，
"Duật cầu quyết ninh,",遹求厥寧，
Duật quan quyết thành.,遹觀厥成。
Văn Vương chưng tai!,文王烝哉！
"Văn Vương thụ mệnh,",文王受命，
Hữu thử vũ công;,有此武功；
"Ký phạt vu Sùng,",既伐于崇，
Tác ấp vu Phong.,作邑于豐。
Văn Vương chưng tai!,文王烝哉！
"Trúc thành y hức,",築城伊淢，
"Tác Phong y thất,",作豐伊匹，
"Phỉ cức kỳ dục,",匪棘其欲，
Duật truy lai hiếu.,遹追来孝。
Vương hậu chưng tai!,王后烝哉！
"Vương công y trạc,",王公伊濯，
Duy Phong chi viên.,維豐之垣。
"Tứ phương du đồng,",四方攸同，
Vương hậu duy hàn.,王后維翰。
Vương hậu chưng tai!,王后烝哉！
"Phong thuỷ đông chú,",豐水東注，
Duy Vũ chi tích.,維禹之績。
"Tứ phương du đồng,",四方攸同，
Hoàng vương duy bích.,皇王維辟。
Hoàng vương chưng tai!,皇王烝哉！
"Hạo kinh Bích Ung,",鎬京辟癰，
"Tự tây tự đông,",自西自東，
"Tự nam tự bắc,",自南自北，
Vô tư bất phục.,無思不服。
Hoàng vương chưng tai!,皇王烝哉！
"Khảo bốc duy vương,",考卜維王，
Trạch thị Hạo kinh.,宅是鎬京。
"Duy quy chính chi,",維龜正之，
Vũ vương thành chi.,武王成之。
Vũ Vương chưng tai!,武王烝哉！
"Phong thuỷ hữu khỉ,",豐水有芑，
Vũ Vương khởi bất sĩ?,武王豈不仕？
"Di quyết tôn mưu,",詒厥孫謀，
Dĩ yến dực tử.,以燕翼子。
Vũ Vương chưng tai!,武王烝哉！
"Ngã tống cữu thị,",我送舅氏，
Viết chí Vị dương.,曰至渭陽。
Hà dĩ tặng chi?,何以贈之？
Lộ xa thặng hoàng.,路車乘黃。
"Ngã tống cữu thị,",我送舅氏，
Du du ngã ti.,悠悠我思。
Hà dĩ tặng chi?,何以贈之？
Quỳnh quy ngọc bị.,瓊瑰玉佩。
"Viên hữu đào,",園有桃，
Kỳ thực chi hào.,其實之殽。
Tâm chi ưu hĩ.,心之憂矣，
Ngã ca thả dao.,我歌且謠。
"Bất tri ngã giả,",不知我者，
Vị ngã sĩ dã kiêu.,謂我士也驕。
Bỉ nhân thị tê!,「彼人是哉！
Tử viết hà kỳ?,子曰何其？」
Tâm chi ưu hĩ.,心之憂矣，
Kỳ thuỳ tri chi?,其誰知之？
Kỳ thuỳ tri chi?,其誰知之，
Cái diệc phất ti.,蓋亦勿思！
"Viên hữu cức,",園有棘，
Kỳ thực chi thực.,其實之食。
Tâm chi ưu hĩ.,心之憂矣，
Liêu dĩ hành vực.,聊以行國。
"Bất tri ngã giả,",不知我者，
Vị ngã sĩ dã võng cực.,謂我士也罔極。
Bỉ nhân thị tai!,「彼人是哉！
Tử viết hà kỳ?,子曰何其？」
Tâm chi ưu hĩ.,心之憂矣，
Kỳ thuỳ tri chi?,其誰知之？
Kỳ thuỳ tri chi?,其誰知之，
Cái diệc vật ti.,蓋亦勿思！
Khỉ viết vô y?,豈曰無衣？
Dữ tử đồng bừu!,與子同袍。
"Vương vu hưng sư,",王于興師，
Tu ngã qua mâu.,修我戈矛，
Dữ tử đồng cừu.,與子同仇。
Khỉ viết vô y thất hề?,豈曰無衣七兮？
Bất như tử chi y.,不如子之衣，
An thả cát hề!,安且吉兮。
Khỉ viết vô y?,豈曰無衣？
Dữ tử đồng đạc!,與子同澤。
"Vương vu hưng sư,",王于興師，
Tu ngã mâu cước.,修我矛戟，
Dữ tử giai tác.,與子偕作。
Khỉ viết vô y lục hề?,豈曰無衣六兮？
Bất như tử chi y.,不如子之衣，
An thả úc hề!,安且燠兮。
Khỉ viết vô y?,豈曰無衣？
Dữ tử đồng thường!,與子同裳。
"Vương vu hưng sư,",王于興師，
"Tu ngã giáp bàng,",修我甲兵，
Dữ tử giai hàng.,與子偕行。
"Ô hoàng Vũ Vương,",於皇武王，
Vô cạnh duy liệt!,無競維烈！
"Doãn văn Văn Vương,",允文文王，
Khắc khai quyết hậu.,剋開厥後。
"Tự Vũ thụ chi,",嗣武受之，
"Thắng Ân át lưu,",勝殷遏劉，
Chỉ định nhĩ công!,耆定爾功！
"Bồng bồng vực bốc,",芃芃棫樸，
Tân chi dửu chi.,薪之槱之。
"Tể tể bích vương,",濟濟辟王，
Tả hữu thú chi.,左右趣之。
"Tể tể bích vương,",濟濟辟王，
Tả hữu phụng chương.,左右奉璋。
"Phụng chương nga nga,",奉璋峨峨，
Mao sĩ du nghi.,髦士攸宜。
"Tỉ bỉ Kinh chu,",淠彼涇舟，
Chưng đồ tiếp chi.,烝徒楫之。
"Chu vương vu mại,",周王于邁，
Lục sư cập chi.,六師及之。
"Trác bỉ Vân Hán,",倬彼雲漢，
Vi chương vu thiên.,爲章于天。
"Chu Vương thọ khảo,",周王壽考，
Hà bất tác nhân?,遐不作人？
"Đôi trác kỳ chương,",追琢其章，
Kim ngọc kỳ tương.,金玉其相。
"Miễn miễn ngã vương,",勉勉我王，
Cương kỷ tứ phương.,綱紀四方。
"Ngã xa ký công,",我車既攻，
Ngã mã ký đồng.,我馬既同。
"Tứ mẫu lung lung,",四牡龐龐，
Giá ngôn tồ Đông.,駕言徂東。
"Điền xa ký hảo,",田車既好，
Tứ mẫu khổng phụ.,田牡孔阜。
"Đông hữu Phủ thảo,",東有甫草，
Giá ngôn hành thứ.,駕言行狩。
"Chi tử vu miêu,",之子於苗，
Soán đồ ngao ngao.,選徒囂囂。
"Kiến triệu thiết mao,",建旐設旄，
Bác thú vu Ngao.,搏獸於敖。
"Giá bỉ tứ mẫu,",駕彼四牡，
Tứ mẫu dịch dịch.,四牡奕奕。
"Xích phất kim tích,",赤芾金舄，
Hội đồng hữu dịch.,會同有繹。
"Quyết thập ký thứ,",決拾既佽，
Cung thỉ ký điều.,弓矢既調。
"Xa phu ký đồng,",射夫既同，
Trợ ngã cử tứ.,助我擧柴。
"Tứ hoàng ký giá,",四黄既駕，
Lưỡng sam bất ý.,兩驂不猗。
"Bất thất kỳ trì,",不失其馳，
Xả thỉ như phá.,舍矢如破。
"Tiêu tiêu mã minh,",蕭蕭馬鳴，
Du du bại tinh.,悠悠旆旌。
"Đồ ngự bất kinh,",徒禦不驚？
Đại bào bất doanh.,大庖不盈？
"Chi tử vu chinh,",之子於征，
Hữu vấn vô thanh.,有聞無聲。
"Doãn hỹ quân tử,",允矣君子，
Triển dã đại thành.,展也大成！
"Hữu xa lân lân,",有車鄰鄰，
Hữu mã bạch đân.,有馬白顛。
"Vị kiến quân tử,",未見君子，
Tự nhân chi linh.,寺人之令。
"Phản hữu tất,",阪有漆，
Thấp hữu lật.,隰有栗。
"Ký kiến quân tử,",既見君子，
Tịnh toạ cổ sắt.,并坐鼓瑟。
"Kim giả bất lạc,",今者不樂，
Thệ giả kỳ đật.,逝者其耋。
"Phản hữu tang,",阪有桑，
Thấp hữu dương.,隰有楊。
"Ký kiến quân tử,",既見君子，
Tịnh toạ cổ hoàng.,并坐鼓簧。
"Kim giả bất lạc,",今者不樂，
Thệ giả kỳ vương.,逝者其亡。
"Xi hiêu, xi hiêu,",鴟鴞鴟鴞、
"Ký thủ ngã tử,",既取我子、
Vô huỷ ngã thất.,無毀我室。
"Ân tư cần tư,",恩斯勤斯、
Dục tử chi mân tư.,鬻子之閔斯。
"Đãi thiên chi vị âm vũ,",迨天之未陰雨、
Triệt bỉ tang đỗ.,徹彼桑土、
"Trù mâu dũ hộ,",綢繆牖戶。
"Kim nhữ hạ dân,",今女下民、
Hoặc cảm vũ dư.,或敢侮予。
"Dư thủ cát cư,",予手拮据、
"Dư sở loát đồ,",予所捋荼、
"Dư sở súc tô,",予所蓄租、
"Dư khẩu tốt đồ,",予口卒瘏、
Viết dư vị hữu thất gia.,曰予未有室家。
"Dư vũ tiều tiều,",予羽譙譙、
"Dư vĩ tiêu tiêu,",予尾翛翛、
"Dư thất kiều kiều,",予室翹翹、
"Phong vũ sở phiêu diêu,",風雨所漂搖、
Dư duy âm hiêu hiêu.,予維音嘵嘵。
"Xuất kỳ đông môn,",出其東門，
Hữu nữ như vân.,有女如云。
"Tuy tắc như vân,",雖則如云，
Phỉ ngã tư tồn.,匪我思存。
"Cảo y kỳ cân,",縞衣綦巾，
Liêu lạc ngã vân.,聊樂我員。
"Xuất kỳ ân đô,",出其闉闍，
Hữu nữ như đồ.,有女如荼。
"Tuy tắc như đồ,",雖則如荼，
Phỉ ngã tư thư,匪我思且。
"Cảo y như lư,",縞衣茹，
Liêu khả dữ ngu.,聊可與娛。
"Ngã xuất ngã xa,",我出我車，
Vu bỉ mục hỹ.,於彼牧矣。
"Tự thiên tử sở,",自天子所，
Vị ngã lai hỹ.,謂我來矣。
"Triệu bỉ bộc phu,",召彼僕夫，
Vị chi tái hỹ.,謂之載矣。
"Vương sự đa nạn,",王事多難，
Duy kỳ cức hỹ.,維其棘矣。
"Ngã xuất ngã xa,",我出我車，
Vu bỉ giao hỷ.,於彼郊矣。
"Thiết thử triệu hỹ,",設此旐矣，
Kiến bỉ mao hỹ.,建彼旄矣。
"Bỉ dư triệu tư,",彼旟旐斯，
Hồ bất bại bại?,胡不旆旆？
"Ưu tâm thiểu thiểu,",憂心悄悄，
Bộc phu huống tuỵ.,僕夫況瘁。
"Vương mệnh Nam Trọng,",王命南仲，
Vãng thành vu phương.,往城於方。
"Xuất xa bành bành,",出車彭彭，
Kỳ triệu ương ương.,旂旐央央。
"Thiên tử mệnh ngã,",天子命我，
Thành bỉ sóc phương.,城彼朔方。
"Hách hách Nam Trọng,",赫赫南仲，
Nghiễm doãn vu tương.,玁狁於襄。
"Tích ngã vãng hỹ,",昔我往矣，
Thử tắc phương hoa.,黍稷方華。
"Kim ngã lai tư,",今我來思，
Vũ tuyết tái đồ.,雨雪載途。
"Vương sự đa nạn,",王事多難，
Bất hoàng khải cư.,不遑啟居。
Khỉ bất hoài quy?,豈不懷歸！
Uý thử giản thư.,畏此簡書。
"Yêu yêu thảo trùng,",喓喓草蟲，
Thích thích phụ chung.,趯趯阜螽。
"Vị kiến quân tử,",未見君子，
Ưu tâm sung sung.,憂心忡忡。
"Kỳ kiến quân tử,",既見君子，
Ngã tâm tắc hàng.,我心則降。
"Hách hách Nam Trọng,",赫赫南仲，
Bạc phạt Tây Nhung.,薄伐西戎。
"Xuân nhật trì trì,",春日遲遲，
Huỷ mộc thê thê.,卉木萋萋。
"Thương canh giê giê (giai giai),",倉庚喈喈，
Thái phiền kỳ kỳ.,采蘩祁祁。
"Chấp tấn hoạch xú,",執訊穫醜，
Bạc ngôn tuyền quy.,薄言還歸。
"Hách hách Nam Trọng,",赫赫南仲，
Nghiễm doãn vu di.,玁狁於夷。
"Yến yến vu phi,",燕燕于飛，
Si trì kỳ vũ.,差池其羽。
"Chi tử vu quy,",之子于歸，
Viến tống vu dã.,遠送于野，
"Chiêm vọng phất cập,",瞻望弗及，
Khấp thê như vũ.,泣涕如雨。
"Yến yến vu phi,",燕燕于飛，
Hiệt chi hàng chi.,頡之頏之。
"Chi tử vu quy,",之子于歸，
"Viễn vu tương chi,",遠于將之，
"Chiêm vọng phất cập,",瞻望弗及，
Trữ lập dĩ khấp.,佇立以泣。
"Yến yến vu phi,",燕燕于飛，
Há thướng kỳ âm.,下上其音。
"Chi tử vu quy,",之子于歸，
Viễn tống vu nam.,遠送于南。
"Chiêm vọng phất cập,",瞻望弗及，
Thực lao ngã tâm.,實勞我心。
"Trọng thị nhâm chỉ,",仲氏任只，
Kỳ tâm tắc uân.,其心塞淵。
"Chung ôn thả huệ,",終溫且惠，
Thục thận kỳ thân.,淑慎其身。
"Tiên quân chi tư,",先君之思，
Dĩ húc quả nhân.,以勖寡人。
"Y hy Thành Vương,",噫嘻成王，
"Ký chiêu cách nhĩ,",既昭假爾，
"Suất thì nông phu,",率時農夫，
Bá quyết bách cốc.,播厥百穀。
"Tuấn phát nhĩ tư,",駿發爾私，
"Chung tam thập lý,",終三十里，
"Diệc phục nhĩ canh,",亦服爾耕，
Thập thiên duy ngẫu.,十千維耦。
Y ta xương hề!,猗嗟昌兮！
Kỳ nhi trường hề.,頎而長兮。
Ức nhược dương hề.,抑若揚兮，
Mỹ mục dương hề.,美目揚兮。
Xảo xu thương hề.,巧趨蹌兮，
Xạ tắc tương hề.,射則臧兮。
Y ta danh hề!,猗嗟名兮！
Mỹ mục thanh hề!,美目清兮。
Nghi ký thành hề!,儀既成兮，
"Chung nhật thạch hầu,",終日射侯，
Bất xuất chinh hề!,不出正兮，
Triển ngã tinh hề!,展我甥兮。
Y ta luyến hề!,猗嗟孌兮！
Thanh dương uyển hề!,清揚婉兮。
Vũ tắc tuyến hề!,舞則選兮，
Xạ tắc quyến hề!,射則貫兮。
Tứ thỉ phiến hề!,四矢反兮，
Dĩ ngự luyến hề!,以御亂兮。
