vi,cn
"Đối mẫu hiếu sự quân trung, vạn cổ anh linh hách trạc;",對母孝，事君忠，萬古英靈赫濯；
"Phúc chỉ tiền Vọng Doanh hậu, thiên thu hương hoả huân cao.",福址前，望瀛後，千秋香火勲高。
"Cồ Việt quốc đương Tống Khai Bảo,",瞿越國當宋開寶，
Hoa Lư đô thị Hán Trường An.,花閭都是漢長安。
"Mệnh vận nhất ư thiên Đế Tống hoàng bào Đế Việt long cổn,",命運一於天帝宋黃袍帝越龍袞，
Thanh linh trường thử địa Hoàng Đinh thượng miếu Hoàng Lê hạ từ.,聲靈長此地皇丁上廟皇黎下祠。
"Thượng đẳng cổn hoa phong, Đông Lâm nhật chiếu;",上等衮花封東林日照；
"Ức niên hương hoả tại, Lương Hội phùng hanh.",億年香火在良會逢亨。
"Hải nạp bách xuyên, hữu dung nãi đại;",海納百川，有容乃大；
"Bích lập thiên nhận, vô dục tắc cương.",壁立千仞，無欲則剛。
"Thuần tửu ẩm như hoa tiệm phóng,",醇酒飲如花漸放，
Cựu thư độc tự khách sơ quy.,舊書讀似客初歸。
"Định mệnh bất tuỳ long trảo khứ,",定命不隨龍爪去，
Linh thanh do đới Ác đào lai.,靈聲猶帶鵶淘來。
"Địa hữu Đông Lâm, nam tốn sơn lai trì án nội,",地有東林南巽山來坻案內；
"Thiên thành cảnh thú, tây kiều thuỷ tụ đáo đình tiền.",天成景趣西桥水聚到庭前。
"Hành canh tam thập nhị, do vị thành nhân, đoản thán trường hu, tâm huyết cửu hồng thiên địa phạn;",行庚三十二，猶未成人，短嘆長吁，心血久烘天地飯；
"Độc thư bách thiên dư, như hà thức tự, độc cư thâm niệm, nhiệt thành nga sí thánh hiền đăng.",讀書百篇餘，如何識字，獨居深念，熱誠俄熾聖賢燈。
"Uy danh khởi đãn truyền Nguyên sử,",威名豈但傳元史，
Ân tín do năng cảm Tống nhân.,恩信猶能感宋人。
"Lam Sơn dựng tú trụ quốc lưỡng toàn tài năng tướng hựu năng tướng,",藍山孕秀住國兩全才能將又能相，
Quang Thuận Hồng Đức thiên Nam nhất thịnh sử thị quân hữu thị thần.,光順洪德天南一盛史是君有是臣。
"Vi sở bất năng vi, đàm tiếu không lưu hoành hải khí;",爲所不能爲，談笑空留橫海氣；
"Cố bất thất vi cố, cầm thư khước ức thiếu niên du.",故不失爲故，琴書卻憶少年遊。
"Ngã bất nan xá sinh, nại hà tại Trung thiên dịch sơ khai, Dũ Lý thất niên tiền vị diễn;",我不難舍生，奈何在中天易初開，羑里七年前未演；
"Quân nãi năng tựu nghĩa, nan đắc giả vạn thế kinh độc thủ, Thú Dương thiên tải hậu do văn.",君乃能就義，難得者萬世經獨守，首陽千載後猶聞。
"Nhân giai uý tử, quân độc bất tham sinh; bát xích tu my, tu dữ hà sơn doanh nhất bão;",人皆畏死，君獨不貪生；八尺鬚眉，羞與河山營一飽；
"Thuỳ vi kỳ nan, quân nãi vi kỳ dị; nhất phần trách nhiệm, các tương tâm huyết cáo đồng bào.",誰為其難，君乃為其易；一分責任，各將心血告同胞。
"Văn vị táng thiên sinh Phạm lão,",文未葬天生范老，
Võ vô dụng địa tử Nhan Khanh.,武無用地死顏卿。
"Chế khổn thập dư niên, sự đồng thế dị;",制阃十餘年事同勢異；
"Cô thành thiên lý ngoại, can khổ tâm cam.",孤城千里外肝苦心甘。
"Nhất tử thành danh, tự cổ anh hùng phi sở nguyện;",一死成名自古英雄非所願；
"Bình sinh trung nghĩa, đương niên đại cục khả vô tàm.",平生忠義當年大局可無惭。
"Trinh tai tiết độc khổ! Như công diệc viết tận tâm yên, thị phi hữu triều đình định luận;",貞哉節獨苦！如公亦曰盡心蔫是非有朝廷定論；
"Quí hĩ chí phất quả! Ư ngã phương tri năng tử giả, cổ kim vi thiên hạ chí nan.",愧矣志弗果！於我方知能死者古今為天下至難。
"Tuy vân thành bại do thiên, xướng nghĩa tiên thanh tồn Nghệ Tĩnh;",雖云成敗由天唱義先聲存乂靜；
"Kham thán anh hùng vô địa, phù quân đại tiết hữu Hồng Lam.",堪嘆英雄無地扶君大節有鴻藍。
Lập cước sai cường ư bá trọng;,立腳差強於伯仲；
Đương đầu bất phụ thử giang sơn.,當頭不負此江山。
"Côn Lôn đảo diện tích nhược kỷ, thiên dung hứa đa nhân, kỳ tuyệt kỳ, tạo thiết đương sơ, ninh vấn hữu kỳ dữ vô kỳ, ba trung dũng khởi cô phong, cao cao cao, lưu cá anh hùng vạn cổ trạch;",崑崙島面積若幾，偏容許多人，奇絕奇，造設當初，寧問有期與無期，波中湧起孤峰，高高高，留個英雄萬古宅；
"Đại Việt quốc huyết cấu đắc lai, sở trị chỉ nhất tử, oán hà oán, lưu ly thử nhật, bất dĩ ca khứ dĩ khốc khứ, mộng lý kinh hô đồng chí, chiến chiến chiến, hoàn ngã sơn hà độc lập thiên.",大越國血購得來，所值只一死，怨何怨，流離此日，不以歌去以哭去，夢裡驚呼同志，戰戰戰，還我山河獨立天。
"Sương hải vị điền, Tinh vệ hàm thạch;",霜海未填，精衛含石；
"Chung Kỳ ký một, Bá Nha đoạn huyền.",鐘期既沒，伯牙斷弦。
"Táp dư niên sơn hải gian quan, nhân giai bi kỳ ngộ, thiên nhược giám kỳ thành, tam đảo minh tiên, tráng chí cẩn năng thông thượng quốc;",卅餘年山海艱關，人皆悲其遇，天若鑒其誠，三島鳴鞭，壯志僅能通上國；
"Chấp thế kỷ phong vân biến huyễn, nhân giai tranh dĩ trí, quân dục cạnh dĩ lực, cửu thu quy kiếm, hùng hồn do tự luyến thần kinh.",廿世紀風雲變幻，人皆爭以智，君欲競以力，九秋歸劍，雄魂猶自戀神京。
"Quân khởi kỳ sinh tác hý ư thời gia, đề binh thập nẫm, khứ quốc trấp dư niên, ký khốc ư Xiêm, ký khốc ư Hoa, ký khốc ư Nga, hốt hốt nhiên đại khốc ư Đông; thuỳ giao tứ nhập thu phong, hướng ngã thần kinh mai hiệp cốt;",君豈其生作戲於時耶，提兵十稔，去國廿餘年，既哭於暹，既哭於華，既哭於俄，忽忽然大哭於東；誰教思入秋風，向我神京埋俠骨；
"Ngã bất tri tử chi vi hà vật giả, độc thư ngũ châu, kết giao sổ thập bối, hoặc chiến dĩ thiệt, hoặc chiến dĩ bút, hoặc chiến dĩ não, đoan đoan đích trực chiến dĩ thiết, yếu đắc huyết lưu ôn đới, vị quân hoàng chủng thụ hồng kỳ.",我不知死之為何物也，讀書五洲，結交數十輩，或戰以舌，或戰以筆，或戰以腦，端端的直戰以鐵，要得血流溫帶，為君黃種樹紅旗。
Thuý sơn đồng ngã chẩm nhật thuyết sự dạ đàm tâm tâm sự bách niên do ký ức;,翆山同我枕日說事夜談心心事百年猶記憶；
Vân thuỷ tống quân quy địa minh lôi thiên thuỳ vũ vũ lôi nhất trận bội thê lương.,雲水送君歸地鳴雷天垂雨雨雷一陣倍凄涼。
"Tân học trung lãnh tụ, hốt thất thử nhân, lạc lạc tiền đồ, cử quốc thiếu niên tề nhất đỗng;",新學中領袖，忽失此人，落落前途，舉國少年齊一慟；
"Thọ khảo dữ lệnh danh, chung nan lưỡng đắc, dao dao nhất hoạn, ỷ lư từ mẫu tối thương tâm.",壽考與令名，終難兩得，遙遙一宦，倚閭慈母最傷心。
"Phả tri kiến thức ưu siêu, Tây tắc Pháp nhân tùng, Bắc tắc Thanh nhân tủng, thiên cổ tài danh ưng bất quý;",頗知見識優超，西則法人從，北則清人聳，天古才名應不愧；
"Khả hám anh hùng tâm sự, hạ nhi Lê công bi, đông nhi Bùi công khốc, nhất thời nghĩa khí hướng thuỳ luân?",可憾英雄心事，下而黎公悲，東而裴公哭，一時義氣向誰論。
Tha sinh hoặc vị vong gia quốc;,他生或未忘家國；
Tráng chí không lân phó hải sơn.,壯志空憐付海山。
Danh vi thân luỵ thường như thử;,名爲身累常如此；
Sự dữ tâm vi khả nại hà!,事與心爲可奈何。
Hiệp sơn siêu hải tri thuỳ kiện;,挾山超海知誰健；
Ái quốc tư gia chỉ tự bi.,愛國思家只自悲。
Thôn thanh do thảo đăng tiền sớ;,吞聲猶草燈前疏；
Tế chí nan thù hải ngoại du.,濟志難酬海外遊。
"Đức vọng huân danh vi thời giai phạm,",德望勳名爲時楷範，
Luân đàn can tý dữ hoá vãng lai.,輪彈肝臂與化往來。
"Giáng vân tại tiêu, cam lộ bố dã;",絳雲在霄，甘露布野；
"Thanh phong động trúc, minh nguyệt lâm trì.",清風動竹，明月臨池。
"Thiên môn xuân bảng cao thu bảng,",天門春榜高秋榜，
Thánh học tiên sinh uý hậu sinh.,聖學先生畏後生。
Vi các chính nhu tài tái mệnh xuất ư tam kỷ hậu;,微閣正需才再命出於三己後；
Tùng trúc kim khắc biểu song phong tặng tự thập niên tiền.,松竹今刻表雙封贈自十年前。
"Địa cựu niên tân nhân tiệm lão,",地舊年新人漸老，
Tài khinh ân trọng bệnh tăng đa.,才輕恩重病增多。
"Hữu chí phất thành, anh hùng dĩ hĩ;",有志弗成英雄已矣；
"Vị tiệp tiên tử, thiên ý vị hà?",未捷先死天意謂何。
"Công cầu tất thành, kích tiếp thệ ngôn thanh quốc tặc;",功求必成擊楫誓言清國賊；
"Sự nan dự liệu, cứ yên kim dĩ thiểu tư nhân.",事難預料據鞍今已少斯人。
Học hải vô nhai cần thị ngạn;,學海無涯勤是岸；
Thanh vân hữu lộ chí vi thê.,青雲有路志爲梯。
"Tiêu hồn dĩ hỹ biệt ly hận,",消魂已矣別離恨，
Cách diện tuy nhiên thiên địa gian.,隔面雖然天地間。
"Thành bại anh hùng mạc luận, thử cô trung, thử đại nghĩa, thệ dữ chư quân tử thuỷ chung. Châu chi anh, mặc chi linh, độc thư mỗi niệm cương thường trọng. Khả hận giả thuỳ điên đại hạ, nhất mộc nan chi, cung lãnh yên tiêu, thuỳ nhân bất tác thâm sơn oán! Huống đương nhật long phi vân ám, cộng ta nhân sự vô thường, khả liên La Việt giang sơn, bách niên văn hiến phiên binh mã.",成敗英雄莫論，此孤忠，此大義，誓與諸君子始終。硃之英，墨之靈，讀書每念綱常重。可恨者垂顛大廈，一木難支，宮冷煙消，誰人不作深山怨！況當日龍飛雲暗，共嗟人事無常，可憐羅越江山，百年文獻翻兵馬。
"Cổ kim thiên địa vô cùng, nhi lưu thuỷ, nhi cao phong, đồng thử đại trượng phu vũ trụ. Lam chi phong, Hồng chi tuyết, xung hàn vô nại bách tùng điêu. Vị hà tai hội quyết đồi ba, trung lưu để trụ, tinh di vật hoán, hà nhân bất khởi cố viên tình! Cập thử thời nhạn tán phong xuy, kham thán thiên tâm mạc trợ, độc thử tùng mai khí tiết, nhất tử tinh thần quán Đẩu Ngưu!",古今天地無窮，而流水，而高峰，同此大丈夫宇宙。藍之風，鴻之雪，沖寒無奈柏松凋。謂何哉潰決頹波，中流砥柱，星移物渙，何人不起故園情！及此時雁散風吹，堪嘆天心莫助，獨此松梅氣節，一死精神貫斗牛。
"Chung bất huyên hề đại lão tố vi châu lý trọng,",終不諠兮大老素為州里重，
Tử vô hám hỹ cựu thần thượng hữu thánh vương tri.,死無憾矣舊臣上有聖王知。
"Bạch xã hội giáp thất nhất lão,",白社會甲失一老，
Thanh lê các hạ quy tản quan.,青黎閣下歸散官。
"Cúc tùng Bành Trạch dư tam kính,",菊松彭澤餘三徑，
Phong nhã Ngô Trung thiếu nhất bình.,風雅吳中少一評。
"Thế lộ điệt thăng trầm trấp tải thanh lê hoàn tự tích,",世路迭升沈廿載青黎還似昔，
Thân sinh hốt tụ tán nhất triêu bạch xã bán thành không.,親生忽聚散一朝白社半成空。
"Điếu danh thị lợi, giai như thuỷ thượng phù âu.",釣名嗜利，皆如水上浮鷗。
"Thực phúc chủng duyên, tận thị hung trung hoài bảo.",植福種緣，盡是胸中懷寶。
"Thần toàn hình toàn tĩnh như xử nữ,",神全形全靜如處女，
Tạc thị kim thị tri giả kỳ thiên.,昨是今是知者其天。
Thiên niên cố quốc quyên đề thảm;,千年故國鵑啼慘；
Vạn lý cô thần hạc khiếu ai.,萬里孤臣鶴叫哀。
Nhất giang lưỡng quốc nan phân thuyết;,一江兩國難分說；
Tứ nguyệt tam vương triệu bất tường.,四月三王兆不祥。
Lập ấp khai cơ Thần phúc đại,立邑開基神福大
Phù dân hộ quốc Thánh ân thâm,扶民護國聖恩深
Thần thánh công huân thiên cổ ký,神聖功勛千古記
Hương thôn phúc lộc vạn niên hưng,鄉村福祿萬年興
Thăng Long thiên tải tôn thần tích,昇龍千載尊神迹
Đồng Cổ vạn niên ký thánh ân,銅鼓萬年記聖恩
Kinh Bắc nghệ nhân trì quốc bảo,京北藝人持國寶
Đông Hồ dân hoạ hiển hương danh,東湖民畫顯鄉名
Bình lỗ vong thân công đại như sơn thiên tải sự,平虜忘身功大如山千載事
Vi dân tạo phúc ân thâm tự hải vạn niên sùng,爲民造福恩深似海萬年崇
"Nhất đại công danh thiên hạ hữu,",一代功名天下有，
Lưỡng triều trung hiếu thế gian vô.,兩朝忠孝世間無。
"Thiên hạ anh hùng nguyên thiểu đắc,",天下英雄原少得，
Nhân gian hào kiệt tối vi nan.,人間豪傑最爲難。
"Bình cư vô dĩ dị nhân,",平居無以異人，
Đắc ý mỗi lưu dư địa.,得意每留餘地。
"Xã tắc lưỡng hồi lao thạch mã,",社稷兩回勞石馬，
Sơn hà thiên cổ điện kim âu.,山河千古奠金甌。
"Học hải trước tiên tiên, thập niên dư nghị lực tiến hành nghĩ dục Trãi, Thường phù tổ quốc;",學海著先鞭，十年餘毅力進行擬育廌常扶祖國；
"Hoàng thiên thiên sắc mệnh, cửu tuyền hạ linh hồn phi sảng trùng đề Bí, Lợi điện tông bang.",黃天偏嗇命，九泉下靈魂丕爽重提賁利奠宗邦。
"Bạch thủ phân như thành để sự,",白首紛如成底事，
Đan phương tần thí cánh kham si.,丹方頻試更堪癡。
"Hồng phấn mạc xi vô dụng khách,",紅粉莫嗤無用客，
Bạch đầu do tác quật cường nam.,白頭猶作倔強男。
"Sổ hành bạch phát sinh phù thế,",數莖白髮生浮世，
Nhất trản hàn đăng cộng cố nhân.,一盞寒燈共故人。
"Y đới quan chiêm thiên vũ lộ,",衣帶觀覘天雨露，
Phát phu cộng thụ nhật quang hoa.,髮膚共受日光華。
"Điên chi đảo chi quán quần anh chi thủ,",顛之倒之冠群英之首，
Trí hĩ tận hĩ cận thiên tử chi quang.,致矣盡矣近天子之光。
"Ái quốc hà cô, duy hữu tinh thần lưu bất tử;",愛國何辜，惟有精神留不死；
"Xuất sư vị tiệp, thả tương tâm sự thác lai sinh.",出師未捷，且將心事託來生。
"Hữu chí nan thân, không uổng bách niên chiêu vật nghị;",有志難伸，空枉百年昭物議；
"Tuy công bất tựu, diệc quyên nhất tử báo quân ân.",雖功不就，亦捐一死報君恩。
"Uý đồ chung bảo nhàn thân thử nhật huân danh giai quốc giả,",畏途終保閒身此日勳名皆國假，
Nhàn đình di ngu vãn huống đương niên oanh liệt tự thiên thân.,閑庭怡娛晚況當年轟烈自天申。
"Nhất bệnh lưỡng trần tình chỉ xích cố viên do tại mộng,",一病倆陳情咫尺故園猶在夢，
Thập niên cửu chế địch thác bàn thử địa thục phân ưu.,十年九制敵錯槃此地孰分憂。
"Ấp lão thọ nhi khang mộ tuế thành quan vô biệt hám,",邑老壽而康暮歲成鰥無別憾，
Trưởng lang bệnh vị dũ nhất triêu thất thị tối kham liên.,長郎病未愈一朝失恃最堪憐。
"Lam chướng cửu ư biên Kinh để trùng phùng sơ tái nẫm,",嵐瘴久於邊京邸重逢初再稔，
Thanh bần kiêm dĩ bệnh sài phi nhất phỏng tức thiên thu.,清貧兼以病柴扉一訪即千秋。
Ngã hạnh trùng lai Ô viện cựu liêu tương biến phỏng,我幸重來烏院舊僚將遍訪
Quân hà sậu khứ Hãn giang nghi ngục đãi thuỳ minh,君何驟去捍江疑獄待誰明
"Khứ đông táng tiên khảo kim đông táng tiên sinh cách tuế na kham trường dục đoạn,",去冬喪先考今冬塟先生隔歲那堪腸欲斷，
Xuất môn kiến lão di nhập môn kiến lão mẫu thương tâm bất cấm lệ như lưu.,出門見老姨入門見老母傷心不禁淚如流。
"Tiên đại phu thông đức môn cao uất uất chỉnh khan hoè ấm mậu,",先大夫通德門髙蔚蔚整看槐蔭茂，
Hiền thái thú tân trừ mệnh hạ thông thông dĩ đới bạch vân quy.,賢太守新除命下悤悤已帶白雲歸。
"Tâm sự như bạch nhật thanh thiên lỗi lỗi lạc lạc,",心事如白日青天磊磊落落，
Thần khí tại càn nhai bảng lĩnh thương thương thê thê.,神氣在乾涯磅嶺傷傷悽悽。
"Đế vị phi khuất phỉ phi xuất chinh quần nghị định hĩ,",帝謂非屈匪非出征群議定矣，
Tử tố hữu kỳ tài hữu anh khí tạo vật đố chi.,子素有奇才有英氣造物妒之。
"Ông hà bệnh tai trần mộng bách niên chung hoá hạc,",翁何病哉塵夢百年終化鶴，
Khách hữu điếu giả thù lao thiên lý đãn bằng phong.,客有吊者酧醪千里但憑風。
"Khương địch kỷ hồi khách mộng ám thương tinh cảnh ngoại,",羌笛紀回客夢暗傷星景外，
Sinh ca hà xứ thu phong dao độ mã lương gian.,笙歌何處秋風遙渡馬涼間。
"Kỷ độ phú quy lai lộc động đào viên tự hữu chân nhạc,",幾度賦歸來鹿洞桃園自有真樂，
Kim triêu thừa hoá khứ Hồ già Khương địch cái bất nhẫn văn.,今朝乘化去胡笳羌笛蓋不忍聞。
Ngộ diệc thậm nan tai khảng khái tiên dĩ phò mã tử;,遇亦甚難哉忼慨先已駙馬死；
Thần đương bất một hĩ thê thương trường tại Thăng Long gian.,神當不沒矣悽傷長在昇龍間。
"Khương địch kỷ hồi phương thán thế,",羌笛紀回方歎世，
Bồn ca hà xứ hựu kinh nhân.,盆歌何處又驚人。
"Văn như Siêu, Quát vô Tiền Hán;",文如超适無前暵；
"Thi đáo Tùng, Tuy bất Thịnh Đường.",詩到從綏不盛唐。
"Tiên ông hồ bất bách niên thọ,",仙翁胡不百年壽，
Điếu khách tân tòng vạn lý lai.,弔客新從萬里來。
"Vân bách mẫu hà sậu tiên khứ gia vãng độ trần ai bất nhẫn kiến,",雲百母何驟仙去耶往度塵埃不忍見，
Hiền nhị lang năng đại huynh quyển phủ cửu nguyên vân giá […] cấp tòng.,賢二郎能大兄卷府九原雲駕【…】急從。
"Sô thúc lai tòng thiên lý ngoại,",芻束來從千里外，
Đào diên tài cách lưỡng thu gian.,桃筵纔隔兩秋間。
"Y cố châu trượng lũ điển hình ngô văn chấp vô phục tồn giả,",噫故州杖屨典型吾文執無復存者，
Y tha nhật phủ chung bi cảm ngô song khế kỳ tương nhược hà?,噫他日釜鐘悲感吾雙契其將若何?
Thiên địa bất bình nan bế khẩu;,天地不平難閉口；
Phong vân vị chí thả mai đầu.,風雲未至且埋頭。
"Ý nhất nhung y, năng đảm thế gian nan sự;",衣一戎衣，能擔世間難事；
"Đề tam xích kiếm, tận thu thiên hạ nhân tâm.",提三尺劍，盡收天下人心。
"Ngô hà ái, ái duy san,",吾何愛，愛惟山，
Bất viễn yên hà viễn thế gian.,不遠煙霞遠世間。
"Cử mục hữu thiên vân sắc ngũ,",舉目有天雲色五，
Đài đầu mãn địa thảo hoa nhàn.,擡頭滿地草花閒。
Mai trào hiểu nhật tri xuân noãn,梅嘲曉日知春暖
Bách lập đông phong mậu tuế hàn.,百立東風茂歲寒。
"Lôi vũ bất mê điền hải chí,",雷雨不迷填海志，
Diệp chu ninh đãi phiếm tràng lan.,葉舟寧待泛長瀾。
"Phú gia nhất uyển đăng,",富家一碗燈，
Thái thương nhất lạp túc.,太倉一粒粟。
"Bần gia nhất uyển đăng,",貧家一碗燈，
Phụ tử tương tụ khốc.,父子相聚哭。
Phong lưu thái thủ tri bất tri?,風流太守知不知?
Do hận sinh ca vô diệu khúc.,猶恨笙歌無妙曲。
"Lục triều giai lệ vãn yên phù,",六朝佳麗晚煙浮，
Phách Nguyễn đàn tranh thướng tửu lâu.,擘阮彈箏上酒樓。
"Tiểu phiến hoạ loan thừa vụ khứ,",小扇畫鸞乘霧去，
Khinh phàm đái vũ nhập giang lưu.,輕帆帶雨入江流。
"Sơn trung mộng lãnh y Hoằng Cảnh,",山中夢冷依弘景，
Hồ bạn ca tàn ỷ Mạc Sầu.,湖畔歌殘倚莫愁。
"Ngô điện kim thoa Lương viện cổ,",吳殿金釵梁院鼓，
Dương hoa yến tử cộng du du.,楊花燕子共悠悠。
"Hồng thụ nhất khê lưu thuỷ,",紅樹一溪流水，
Thanh sơn thiên lý tà dương.,青山千里斜陽。
"Dục hoán biển chu quy khứ,",欲喚扁舟歸去，
Thử sinh vị bốc hành tàng.,此生未卜行藏。
"Triêu phát cổ điền điền,",朝發鼓闐闐，
Tây phong lạp hoạ chiên.,西風獵畫旃。
"Cố hương phiêu dĩ viễn,",故鄉飄已遠，
Vãng ý hạo vô biên.,往意浩無邊。
"Cẩm thuỷ tế bất kiến,",錦水細不見，
Man giang thanh khả liên.,蠻江清可憐。
"Bôn đằng quá Phật cước,",奔騰過佛腳，
Khoáng đãng tháo bình xuyên.,曠蕩造平川。
"Dã thị hữu thiền khách,",野市有禪客，
Điếu đài tầm mộ yên.,釣臺尋暮煙。
"Tương kỳ định tiên đáo,",相期定先到，
Cửu lập thuỷ sàn sàn.,久立水潺潺。
Nhân giai dưỡng tử vọng thông minh.,人皆養子望聰明。
Ngã bị thông minh ngộ nhất sinh.,我被聰明誤一生。
"Duy nguyện hài nhi ngu thả lỗ,",惟愿孩兒愚且魯，
Vô tai vô nạn đáo công khanh.,無災無難到公卿。
"Trường niên hà sự bất bi thu,",長年何事不悲秋，
Kim nhật thiên nhai sầu phục sầu.,今日天涯愁復愁。
"Cố quốc lão hoè không tịch tịch,",故國老槐空寂寂，
Bán thiên quy nhạn tự du du.,半天歸雁自悠悠。
"Cố tri Dữu Tín đa thanh lệ,",故知庾信多清淚，
Hà sự Đào Tiềm diệc bạch đầu.,何事陶潛亦白頭。
"Tiền nhật gia nhân đới thu diệp,",前日家人帶楸葉，
Cầu thân cường kiện cánh hà cầu.,求身強健更何求。
"Giang ngạn mai hoa chính bạch,",江岸梅花正白，
Thuyền đầu tế vũ tà phi.,船頭細雨斜飛。
"Hành khách tam danh bắc khứ,",行客三名北去，
Tướng quân nhất trạo nam quy.,將軍一棹南歸。
"Bất nại hà, bất nại hà,",不奈何，不奈何，
Nhất trường tam đoản đại dao ngoa.,一長三短大謠訛。
"Đương thời bất thị Giang Tây lão,",當時不是江西老，
Nhất khẩu hoành thôn khởi bích ba.,一口橫吞起碧波。
"Ẩn kỳ lôi,",殷其雷，
Tại nam sơn chi dương.,在南山之陽。
Hà tư vi tư?,何斯違斯？
Mạc cảm hoặc hoàng.,莫敢或遑。
Chân chân quân tử,振振君子，
Quy tai! Quy tai!,歸哉！歸哉！
"Ẩn kỳ lôi,",殷其雷，
"Tại nam sơn chi trắc,",在南山之側。
Hà tư vi tư?,何斯違斯？
Mạc cảm hoàng tức.,莫敢遑息。
"Chân chân quân tử,",振振君子，
Quy tai! Quy tai!,歸哉！歸哉！
"Ẩn kỳ lôi,",殷其雷，
Tại Nam sơn chi hụ.,在南山之下。
Hà tư vi tư?,何斯違斯？
Mạc cảm hoàng xử.,莫敢遑處。
"Chân chân quân tử,",振振君子，
Quy tai! Quy tai!,歸哉！歸哉！
"Phiếm bỉ bách chu,",泛彼柏舟，
Diệc phiếm kỳ lưu.,亦泛其流。
Cảnh cảnh bất mỵ.,耿耿不寐，
Như hữu ẩn ưu.,如有隱憂。
"Vi ngã vô tửu,",微我無酒，
Dĩ ngao dĩ du.,以敖以遊。
"Phiếm bỉ bách chu,",泛彼柏舟，
Tại bỉ trung hà.,在彼中河。
"Đãm bỉ lưỡng mao,",髡彼兩髦，
Thực duy ngã nga.,實維我儀。
Chi tử thỉ mỹ tha.,之死矢靡它，
"Mẫu dã thân chỉ,",母也天只，
Bất lượng nhân chỉ.,不諒人只！
"Phiếm bỉ bách chu,",泛彼柏舟，
Diệc phiếm kỳ lưu.,亦泛其流。
Cảnh cảnh bất mỵ.,耿耿不寐，
Như hữu ẩn ưu.,如有隱憂。
"Vi ngã vô tửu,",微我無酒，
Dĩ ngao dĩ du.,以敖以遊。
"Phiếm bỉ bách chu,",泛彼柏舟，
Tại bỉ hà trắc.,在彼河側。
"Đãm bỉ lưỡng mao,",髡彼兩髦，
Thực duy ngã đặc,實維我特。
Chi tử thỉ mỹ thắc.,之死矢靡慝，
"Mẫu dã thân chỉ,",母也天只，
Bất lượng nhân chỉ.,不諒人只！
"Ngã tâm phỉ giám,",我心匪鑒，
Bất khả dĩ như.,不可以茹。
"Diệc hữu huynh đệ,",亦有兄弟，
Bất khả dĩ cứ.,不可以據。
"Bạc ngôn vãng tố,",薄言往愬，
Phùng bỉ chi nộ.,逢彼之怒。
"Ngã tâm phỉ thạch,",我心匪石，
Bất khả chuyển dã.,不可轉也。
"Ngã tâm phỉ tịch,",我心匪席，
Bất khả quyển dã.,不可卷也。
"Uy nghi đệ đệ,",威儀棣棣，
Bất khả tuyển dã.,不可選也。
"Ưu tâm thiểu thiểu,",憂心悄悄，
Uẩn vu quần tiểu.,慍于群小。
"Cấu mẫn ký đa,",覯閔既多，
Thụ vụ bất thiểu.,受侮不少。
"Tịnh ngôn tư chi,",靜言思之，
Mỵ tịch hữu biểu.,寤辟有摽。
"Nhật cư nguyệt chư,",日居月諸，
Hồ điệt nhi vi.,胡迭而微？
Tâm chi ưu hĩ!,心之憂矣，
"Như phỉ hoán y,",如匪浣衣。
"Tịnh ngôn tư chi,",靜言思之，
Bất năng phấn phi.,不能奮飛。
"Xuất tự bắc mân,",出自北門，
Ưu tâm ân ân.,憂心殷殷。
Chung cụ thả bần.,終窶且貧，
Mạc tri ngã cân (gian).,莫知我艱。
Dĩ yên ti?,已焉哉！
Thiên thực vi chi.,天實為之，
Vị chi hà ti?,謂之何哉！
"Vương sự thích ngã,",王事適我，
Chính sự nhất tỳ ích ngã.,政事一埤益我，
"Ngã nhập tự ngoại,",我入自外，
Thất nhân giao biến trích ngã.,室人交遍謫我。
Dĩ yên ti?,已焉哉！
"Thiên thực vi chi,",天實為之，
Vị chi hà ti ti?,謂之何哉。
"Vương sự đôi ngã,",王事敦我，
Chính sự nhất tỳ dôi ngã.,政事一埤遺我，
"Ngã nhập tự ngoại,",我入自外，
Thất nhân giao biến tồi ngã.,室人交遍摧我。
Dĩ yên ti?,已焉哉！
Thiên thực vi chi.,天實為之，
Vị chi hà ti?,謂之何哉。
"Bắc phong kỳ lương,",北風其涼，
Vũ tuyết kỳ phương.,雨雪其雱。
"Huệ nhi hiếu ngã,",惠而好我，
Huề thủ đồng hàng.,攜手同行。
"Kỳ hư kỳ từ,",其虛其邪，
Ký cức chỉ thư.,既亟只且！
"Bắc phong kỳ kê,",北風其喈，
Vũ tuyết kỳ phi.,雨雪其霏。
"Huệ nhi hiếu ngã,",惠而好我，
Huề thủ đồng quy.,攜手同歸。
"Kỳ hư kỳ từ,",其虛其邪，
Ký cức chỉ thư.,既亟只且！
"Mạc xích phỉ hồ,",莫赤匪狐，
Mạc hắc phỉ ô.,莫黑匪烏。
"Huệ nhi hiếu ngã,",惠而好我，
Huề thủ đồng xa.,攜手同車。
"Kỳ hư kỳ từ,",其虛其邪，
Ký cức chỉ thư.,既亟只且。
Bá hề khiết hề!,伯兮朅兮，
Bang chi kiệt hề!,邦之桀兮！
"Bá dã chấp thù,",伯也執殳，
Vi vương tiền khu.,為王前驅。
"Tự bá chi đông,",自伯之東，
Thủ như phi bồng.,首如飛蓬。
Khỉ vô cao mộc?,豈無膏沐？
Thuỳ đích vi dung?,誰適為容。
"Kỳ vũ kỳ vũ,",其雨其雨？
Cảo cảo xuất nhật.,杲杲出日。
"Nguyện ngôn tư bá,",愿言思伯，
Cam tâm thủ tật.,甘心首疾。
"Yên đắc huyên thảo,",焉得諼草？
Ngôn thụ chi bội.,言樹之背。
"Nguyện ngôn tư bá,",愿言思伯，
Sử ngã tâm mội.,使我心痗。
Ô hoàng thì chu!,於皇時周！
"Trắc kỳ cao sơn,",陟其高山，
"Đoạ sơn kiều nhạc,",嶞山喬岳，
Doãn do hấp hà.,允猶翕河。
"Phu thiên chi hạ,",敷天之下，
Bầu thì chi đối.,裒時之對。
Thì Chu chi mệnh.,時周之命。
"Thượng đế bản bản,",上帝板板，
Hạ dân tốt đản.,下民卒癉。
"Xuất thoại bất nhiên,",出話不然，
Vi do bất viễn.,爲猶不遠。
"Mỹ thánh quản quản,",靡聖管管，
Bất thực ư đản.,不實於亶。
"Do chi vị viễn,",猶之未遠，
Thị dụng đại gián.,是用大諫。
"Thiên chi phương nạn,",天之方難，
Vô nhiên hiến hiến;,無然憲憲；
"Thiên chi phương quệ,",天之方蹶，
Vô nhiên duệ duệ.,無然泄泄。
"Từ chi tập hĩ,",辭之輯矣，
Dân chi hạp hĩ;,民之洽矣；
"Từ chi dịch hĩ,",辭之懌矣，
Dân chi mạc hĩ.,民之莫矣。
"Ngã tuy dị sự,",我雖異事，
Cập nhĩ đồng liêu.,及爾同僚。
"Ngã tức nhĩ mưu,",我即爾謀，
Thính ngã hiêu hiêu.,聽我囂囂。
"Ngã ngôn duy phục,",我言維服，
Vật dĩ vi tiếu.,勿以爲笑。
"Tiên dân hữu ngôn,",先民有言：
Tuân vu sô nhiêu.,詢于芻蕘。
"Thiên chi phương ngược,",天之方虐，
Vô nhiên hước hước.,無然謔謔。
"Lão phu quán quán,",老夫灌灌，
Tiểu tử kiểu kiểu.,小子蹻蹻。
"Phỉ ngã ngôn mạo,",匪我言耄，
Nhĩ dụng ưu hước.,爾用憂謔。
"Đa tương hốc hốc,",多將熇熇，
Bất khả cứu dược.,不可救藥。
"Thiên chi phương tê,",天之方懠，
Vô vi khoa tỳ.,無爲夸毗。
"Uy nghi tốt mê,",威儀卒迷，
Thiện nhân tái thi.,善人載尸。
"Dân chi phương điện hi,",民之方殿屎，
Tắc mạc ngã cảm quỳ.,則莫我敢葵。
"Táng loạn miệt tư,",喪亂蔑資，
Tằng mạc huệ ngã sư.,曾莫惠我師。
Thiên chi dũ dân,天之牖民，
"Như huân như trì,",如壎如篪，
"Như chương như khuê,",如璋如圭，
Như thủ như huề.,如取如攜。
"Huề vô viết ích,",攜無曰益，
"Dũ dân khổng dị,",牖民孔易。
"Dân chi đa tịch,",民之多辟，
Vô tự lập tịch.,無自立辟。
"Giới nhân duy phiên,",价人維藩，
"Đại sư duy viên,",大師維垣，
"Đại bang duy bình,",大邦維屏，
Đại tông duy hàn.,大宗維翰。
"Hoài đức duy ninh,",懷德維寧，
Tông tử duy thành.,宗子維城。
"Vô tỷ thành hoại,",無俾城壞，
Vô độc tư uý.,無独斯畏。
"Kính thiên chi nộ,",敬天之怒，
Vô cảm hí dự;,無敢戲豫；
"Kính thiên chi du,",敬天之渝，
Vô cảm trì khu.,無敢馳驅。
"Hạo thiên viết minh,",昊天曰明，
Cập nhĩ xuất vãng;,及爾出王；
"Hạo thiên viết đán,",昊天曰旦，
Cập nhĩ du diễn.,及爾游衍。
"Bào hữu khổ diệp,",匏有苦葉，
Tế hữu thâm thiệp.,濟有深涉。
"Thâm tắc lệ,",深則厲，
Thiển tắc khế.,淺則揭。
"Hữu mễ tế doanh,",有瀰濟盈，
Hữu diễu trĩ minh.,有鷕雉鳴。
Tế doanh bất nhu cửu.,濟盈不濡軌，
Trĩ minh cầu kỳ mẫu.,雉鳴求其牡。
Ung ung minh nhạn,雝雝鳴雁，
Húc nhật thuỷ đán.,旭日始旦。
"Sĩ như quy thê,",士如歸妻，
Đãi băng vị phán.,迨冰未泮。
"Thiều thiều chu tỉ,",招招舟子，
Nhân thiệp ngang bĩ.,人涉卬否。
"Nhân thiệp ngang bĩ,",人涉卬否，
Ngang tu ngã hĩ.,卬須我友。
Túc túc bảo vũ.,肅肅鴇羽，
Tập vu bao hủ.,集于苞栩。
"Vương sự mỹ cổ,",王事靡盬，
Bất năng nghệ tắc thử.,不能蓺稷黍。
Phụ mẫu hà hộ?,父母何怙？
"Du du thương thiên,",悠悠蒼天，
Hạt kỳ hữu sở?,曷其有所！
Túc túc bảo dực.,肅肅鴇翼，
Tập vu bao cức.,集于苞棘。
"Vương sự mỹ cổ,",王事靡盬，
Bất năng nghệ thử tắc.,不能蓺黍稷。
Phụ mẫu hà thực?,父母何食？
"Du du thương thiên,",悠悠蒼天，
Hạt kỳ hữu cực?,曷其有極！
"Túc túc bảo hàng,",肅肅鴇行，
Tập vu bao tang.,集于苞桑。
"Vương sự mỹ cổ,",王事靡盬，
Bất năng nghệ đạo lương.,不能蓺稻粱。
Phụ mẫu hà thường?,父母何嘗？
"Du du thương thiên,",悠悠蒼天，
Hạt kỳ hữu thường?,曷其有常。
"Biểu hữu mai,",標有梅，
Kỳ thực thất hề.,其實七兮。
"Cầu ngã thứ sĩ,",求我庶士，
Đãi kỳ cát hề.,迨其吉兮！
"Biểu hữu mai,",標有梅，
Kỳ thực tam hề.,其實三兮。
"Cầu ngã thứ sĩ,",求我庶士，
Đãi kỳ kim hề.,迨其今兮！
"Biểu hữu mai,",標有梅，
Khuynh khuông hí chi.,頃筐塈之。
Cầu ngã thứ sĩ.,求我庶士，
Đãi kỳ vị chi.,迨其謂之！
"Tế phế cam đường,",蔽芾甘棠，
Vật tiễn vật phạt.,勿翦勿伐，
Thiệu Bá sở bạt.,召伯所茇。
"Tế phế cam đường,",蔽芾甘棠，
Vật tiễn vật bị.,勿翦勿敗，
Thiệu Bá sở khí.,召伯所憩。
Tế phế cam đường,蔽芾甘棠，
Vật tiễn vật bế.,勿翦勿拜，
Thiệu Bá sở thuế.,召伯所說。
"Kiết kiết can mao,",孑孑干旄，
Tại Tuấn chi giao.,在浚之郊。
"Tố ty tỵ chi,",素絲紕之，
Lương mã tứ chi.,良馬四之。
"Bỉ xu giả tử,",彼姝者子，
Hà dĩ tý chi?,何以畀之？
"Kiết kiết can dư,",孑孑干旟，
Tại Tuấn chi đô.,在浚之都。
"Tố ty tổ chi,",素絲組之，
Lương mã ngũ chi.,良馬五之。
"Bỉ xu giả tử,",彼姝者子，
Hà dĩ dữ chi?,何以予之？
"Kiết kiết can tinh,",孑孑干旌，
Tại Tuấn chi thành.,在浚之城。
"Tố ty chúc chi,",素絲祝之，
Lương mã lục chi.,良馬六之。
"Bỉ xu giả tử,",彼姝者子，
Hà dĩ cốc chi?,何以告之？
"Cao cầu báo khu,",羔裘豹袪，
Tự ngã nhân cư cư.,自我人居居。
Khỉ vô tha nhân?,豈無他人？
Duy tử chi cố.,維子之故。
"Cao cầu tiêu dao,",羔裘逍遙，
Hồ cầu dĩ trào.,狐裘以朝。
Khỉ bất nhĩ tư?,豈不爾思？
Lao tâm đao đao.,勞心忉忉。
"Cao cầu như nhu,",羔裘如濡，
Tuân trực thả hầu.,洵直且侯。
"Bỉ ký chi tử,",彼其之子，
Xá mệnh bất du.,舍命不渝。
"Cao cầu báo tụ,",羔裘豹褎，
Tự ngã nhân cứu cứu.,自我人究究。
Khỉ vô tha nhân?,豈無他人？
Duy tử chi hẩu.,維子之好。
"Cao cầu ngao tường,",羔裘翱翔，
Hồ cầu tại đường.,狐裘在堂。
Khỉ bất nhĩ tư?,豈不爾思？
Ngã tâm ưu thương.,我心憂傷。
"Cao cầu báo sức,",羔裘豹飾，
Khổng vũ hữu lực.,孔武有力。
"Bỉ ký chi tử,",彼其之子，
Bang chi tư trực.,邦之司直。
"Cao cầu như cáo,",羔裘如膏，
Nhật xuất hữu diệu.,日出有曜。
Khỉ bất nhĩ tư?,豈不爾思？
Trung tâm thị điệu.,中心是悼。
"Cao cầu án hề,",羔裘晏兮，
Tam anh xán hề.,三英粲兮。
"Bỉ ký chi tử,",彼其之子，
Bang chi ngạn hề.,邦之彥兮！
"Cao dương chi bà,",羔羊之皮，
Tố ty ngũ đà.,素絲五紽。
"Thoái thực tự công,",退食自公，
Uy đà uy đà.,委蛇委蛇。
"Cao dương chi cức,",羔羊之革，
"Tố ty ngũ vực,",素絲五緎。
"Uy di uy di,",委蛇委蛇，
Tự công thoái thực.,自公退食。
"Cao dương chi phùng,",羔羊之縫，
"Tố ty ngũ tông,",素絲五總。
"Uy di uy di,",委蛇委蛇，
Thoái thực tự công.,退食自公。
"Củ củ cát cú,",糾糾葛屨，
Khả dĩ lý sương.,可以履霜。
"Tiêm tiêm nữ thủ,",摻摻女手，
Khả dĩ phùng thường.,可以縫裳。
"Yêu chi cức chi,",要之襋之，
Hảo nhân bặc (phục) chi.,好人服之。
"Hảo nhân đề đề,",好人提提，
Uyển nhiên tả tỵ.,宛然左辟。
"Bội kỳ tượng đế,",佩其象揥。
"Duy thị biển tâm,",維是褊心，
Thị dĩ vi thế.,是以為刺。
"Cát chi đàm hề,",葛之覃兮、
Dị vu trung cốc.,施于中谷。
"Duy diệp thê thê,",維葉萋萋、
"Hoàng điểu vu phi,",黃鳥于飛。
"Tập vu quán mộc,",集于灌木、
Kỳ minh giê giê.,其鳴喈喈。
"Cát chi đàm hề,",葛之覃兮、
Dị vu trung cốc.,施于中谷。
"Duy diệp mịch mịch,",維葉莫莫、
Thị ngải thị hoạch.,是刈是濩。
"Vi si vi khích,",為絺為綌、
Phục chi vô dịch.,服之無斁。
"Ngôn cáo sư thị,",言告師氏、
Ngôn cáo ngôn quy.,言告言歸。
"Bạc ô ngã tư,",薄污我私、
Bạc hoãn ngã y.,薄澣我衣。
Hạt hoãn hạt phủ?,害澣害否、
Quy ninh phụ mẫu.,歸寧父母。
"Miên miên cát luỹ,",綿綿葛藟，
Tại Hà chi hổ.,在河之滸。
"Chung viễn huynh đệ,",終遠兄弟，
Vị tha nhân phụ.,謂他人父。
"Vị tha nhân phụ,",謂他人父，
Diệc mạc ngã cú.,亦莫我顧。
"Miên miên cát luỹ,",綿綿葛藟，
Tại Hà chi sĩ.,在河之涘。
"Chung viễn huynh đệ,",終遠兄弟，
Vị tha nhân mỹ.,謂他人母。
"Vị tha nhân mỹ,",謂他人母，
Diệc mạc ngã hĩ.,亦莫我有。
"Miên miên cát luỹ,",綿綿葛藟，
Tại Hà chi thần.,在河之漘。
"Chung viễn huynh đệ,",終遠兄弟，
Vị tha nhân quân.,謂他人昆。
"Vị tha nhân quân,",謂他人昆，
Diệc mạc ngã vân.,亦莫我聞。
"Cát nhật duy mậu,",吉日維戊、
Ký bá ký đào.,既伯既禱。
"Điền xa ký hảo,",田車既好、
Tứ mẫu khổng phụ.,四牡孔阜。
"Thăng bỉ đại phụ,",升彼大阜、
Tòng kỳ quần xú.,從其群丑。
"Cát nhật canh ngọ,",吉日庚午、
Ký sai ngã mã.,既差我馬。
"Thú chi sở đồng,",獸之所同、
U lộc ngữ ngữ.,麀鹿麌麌。
"Tất Tư chi tòng,",漆沮之從、
Thiên tử chi sở.,天子之所。
"Chiêm bỉ trung nguyên,",瞻彼中原、
Kỳ kỳ khổng hữu.,其祁孔有。
"Tiêu tiêu vĩ vĩ,",儦儦俟俟、
Hoặc quần hoặc vĩ.,或群或友。
"Tất suất tả hữu,",悉率左右、
Dĩ yến thiên tử.,以燕天子。
"Ký trương ngã cung,",既張我弓、
Ký hiệp ngã thỉ.,既挾我矢。
"Phát bỉ tiểu ba,",發彼小豝、
Ý thử đại tự.,殪此大兕。
"Dĩ ngự tân khách,",以禦賓客、
Thả dĩ chước lễ.,且以酌醴。
"Cát sinh mông sở,",葛生蒙楚，
Liêm man vu thự.,蘞蔓于野。
Dư mỹ vong thử.,予美亡此，
Thuỳ dữ độc xử?,誰與獨處！
"Cát sinh mông cức,",葛生蒙棘，
Liêm man vu vực.,蘞蔓于域。
Dư mỹ vong thử.,予美亡此，
Thuỳ dữ độc tức?,誰與獨息！
Giác chẩm xán hề!,角枕粲兮，
Cẩm khâm lạn hề!,錦衾爛兮。
"Dư mỹ vong thử,",予美亡此，
Thuỳ dữ độc đán?,誰與獨旦！
"Hạ chi nhật,",夏之日，
Đông chi dự.,冬之夜，
"Bách tuế chi hậu,",百歲之後，
Quy vu kỳ cự.,歸于其居。
"Đông chi dự,",冬之夜，
Hạ chi nhật.,夏之日。
"Bách tuế chi hộ,",百歲之後，
Quy vu kỳ thất.,歸于其室。
"Chẩn lộ vu phi,",振鷺于飛，
Vu bỉ tây ung.,于彼西雝。
"Ngã khách lệ chỉ,",我客戾止，
Diệc hữu tư dung.,亦有斯容。
"Tại bỉ vô ố,",在彼無惡，
Tại thử vô dịch.,在此無斁。
"Thứ cơ túc dạ,",庶幾夙夜，
Dĩ vĩnh chung dự.,以永終譽。
"Chấp cạnh Vũ Vương,",執競武王，
"Vô cạnh duy liệt,",無競維烈，
"Bất hiển Thành Khang,",不顯成康，
Thượng đế thị hoàng.,上帝是皇。
"Tự bỉ Thành Khang,",自彼成康，
"Yểm hữu tứ phương,","奄有四方,"
Cân cân kỳ minh!,斤斤其明！
"Chung cổ hoàng hoàng,",鐘鼓喤喤，
"Khánh quản thương thương,",磬筦將將，
"Giáng phúc nhương nhương,",降福穰穰，
"Giáng phúc giản giản,",降福簡簡，
Uy nghi phản phản.,威儀反反。
"Ký tuý ký bão,",既醉既飽，
Phúc lộc lai phản.,福祿來反。
"Chiêm ngưỡng hạo thiên,",瞻卬昊天，
Tắc bất ngã huệ.,則不我惠。
"Khổng điền bất ninh,",孔填不寧，
Giáng thử đại lệ.,降此大厲。
"Bang mỹ hữu định,",邦靡有定，
Sĩ dân kỳ sái.,士民其瘵。
"Mâu tặc mâu tật,",蟊賊蟊疾，
Mỹ hữu di giới.,靡有夷屆。
"Tội cổ bất thu,",罪罟不收，
Mỹ hữu di trừu.,靡有夷瘳。
"Nhân hữu thổ điền,",人有土田，
Nhữ phản hữu chi;,女反有之；
"Nhân hữu dân nhân,",人有民人，
Nhữ phúc đoạt chi.,女覆奪之。
"Thử nghi vô tội,",此宜無罪，
Nhữ phản thu chi;,女反收之；
"Bỉ nghi hữu tội,",彼宜有罪，
Nhữ phúc thoát chi.,女覆說之。
"Triết phu thành thành,",哲夫成城，
Triết phụ khuynh thành.,哲婦傾城。
"Ý quyết triết phụ,",懿厥哲婦，
Vi kiêu vi si;,為梟為鴟。
"Phụ hữu trường thiệt,",婦有長舌，
Duy lệ chi giai.,維厲之階。
"Loạn phỉ giáng tự thiên,",亂匪降自天，
Sinh tự phụ nhân.,生自婦人。
"Mỹ giáo mỹ hối,",匪教匪誨，
Thời duy phụ tự.,時維婦寺。
"Cúc nhân kĩ thắc,",鞫人忮忒，
Chiêm thuỷ cánh bội.,譫始竟背。
Khởi viết bất cực?,豈曰不極？
Y hồ vi thắc!,伊胡為慝！
"Như cổ tam bội,",如賈三倍，
Quân tử thị thức.,君子是識。
"Phụ vô công sự,",婦無公事，
Hưu kỳ tàm chức.,休其蠶織。
Thiên hà dĩ thích?,天何以刺？
Hà thần bất phúc?,何神不富？
"Xả nhĩ giới địch,",舍爾介狄，
Duy dư tư kỵ.,維予胥忌。
"Bất điếu bất tường,",不弔不祥，
Uy nghi bất loại.,威儀不類。
"Nhân chi vân vong,",人之云亡，
Bang quốc điển tuỵ.,邦國殄瘁。
"Thiên chi giáng võng,",天之降罔，
Duy kỳ ưu hĩ.,維其優矣。
"Nhân chi vân vong,",人之云亡，
Tâm chi ưu hĩ.,心之憂矣。
"Thiên chi giáng võng,",天之降罔，
Duy kỳ cơ hĩ.,維其幾矣。
"Nhân chi vân vong,",人之云亡，
Tâm chi bi hĩ.,心之悲矣。
"Tất phí hạm tuyền,",觱沸檻泉，
Duy kỳ thâm hĩ.,維其深矣。
"Tâm chi ưu hĩ,",心之憂矣，
Ninh tự kim hĩ.,寧自今矣。
"Bất tự ngã tiên,",不自我先，
Bất tự ngã hậu.,不自我後。
"Mạc mạc hạo thiên,",藐藐昊天，
Vô bất khắc củng.,無不克鞏。
"Vô thiểm hoàng tổ,",無忝皇祖，
Thức cứu nhĩ hậu.,式救爾後。
"Thiên sinh chưng dân,",天生烝民，
Hữu vật hữu tắc.,有物有則。
"Dân chi bỉnh di,",民之秉彝，
Hảo thị ý đức.,好是懿德。
"Thiên giám hữu Chu,",天監有周，
Chiêu hà vu hạ.,昭假于下。
"Bảo tư thiên tử,",保茲天子，
Sinh Trọng Sơn Phủ.,生仲山甫。
"Trọng Sơn Phủ chi đức,",仲山甫之德，
Nhu gia duy tắc.,柔嘉維則。
"Lệnh nghi lệnh sắc,",令儀令色，
Tiểu tâm dực dực;,小心翼翼；
"Cổ huấn thị thức,",古訓是式，
Uy nghi thị lực.,威儀是力。
"Thiên tử thị nhược,",天子是若，
Minh mệnh sử phú.,明命使賦。
Vương mệnh Trọng Sơn Phủ:,王命仲山甫：
"Thức thị bách phách,",式是百闢，
"Toản nhung tổ khảo,",纘戎祖考，
Vương cung thị bảo.,王躬是保，
"Xuất nạp vương mệnh,",出納王命。
Vương chi hầu thiệt.,王之喉舌，
"Phú chính vu ngoại,",賦政于外，
Tứ phương viên phát.,四方爰發。
"Túc túc vương mệnh,",肅肅王命，
Trọng Sơn Phủ tương chi;,仲山甫將之；
"Bang quốc nhược bĩ,",邦國若否，
Trọng Sơn Phủ minh chi.,仲山甫明之。
"Ký minh thả triết,",既明且哲，
Dĩ bảo kỳ thân.,以保其身。
"Túc dạ phỉ giải,",夙夜匪解，
Dĩ sự nhất nhân.,以事一人。
Nhân diệc hữu ngôn:,人亦有言：
"Nhu tắc nhự chi,",柔則茹之，
Cương tắc thổ chi.,剛則吐之。
"Duy Trọng Sơn Phủ,",維仲山甫，
"Nhu diệc bất nhự,",柔亦不茹，
Cương diệc bất thổ;,剛亦不吐；
"Bất vũ quan quả,",不侮矜寡，
Bất uý cường ngự.,不畏強禦。
Nhân diệc hữu ngôn:,人亦有言：
"Đức du như mao,",德輶如毛，
Dân tiển khắc cử chi.,民鮮克舉之。
"Ngã nghi đồ chi,",我儀圖之，
"Duy Trọng Sơn Phủ cử chi,",維仲山甫舉之，
Ái mạc trợ chi.,愛莫助之。
"Cổn chức hữu khuyết,",袞職有闕，
Duy Trọng Sơn Phủ bổ chi.,維仲山甫補之。
"Trọng Sơn Phủ xuất tổ,",仲山甫出祖，
"Tứ mẫu nghiệp nghiệp,",四牡業業，
"Chinh phu tiệp tiệp,",征夫捷捷，
Mỗi hoài mỹ cập.,每懷靡及。
"Tứ mẫu bàng bàng,",四牡彭彭，
"Bát loan thương thương,",八鸞鏘鏘，
"Vương mệnh Trọng Sơn Phủ,",王命仲山甫，
Thành bỉ đông phương.,城彼東方。
"Tứ mẫu quỳ quỳ,",四牡騤騤，
"Bát loan giai giai,",八鸞喈喈，
"Trọng Sơn Phủ tồ Tề,",仲山甫徂齊，
Thức thuyên kỳ quy.,式遄其歸。
"Cát Phủ tác tụng,",吉甫作誦，
Mục như thanh phong.,穆如清風。
"Trọng Sơn Phủ vĩnh hoài,",仲山甫永懷，
Dĩ uỷ kỳ tâm.,以慰其心。
Chung Nam hà hữu?,終南何有？
Hữu điều hữu my.,有條有梅。
"Quân tử chí chỉ,",君子至止，
Cẩm y hồ kỳ.,錦衣狐裘，
"Nhan như ác đơn,",顏如渥丹，
Kỳ quân dã tê!,其君也哉！
Chung Nam hà hữu?,終南何有？
Hữu kỷ hữu đường.,有紀有堂。
"Quân tử chí chỉ,",君子至止，
Phất y tú thường.,黻衣繡裳。
Bội ngọc thương thương.,佩玉將將，
Thọ khảo bất vương.,壽考不忘！
Chung phong thả bạo.,終風且暴，
Cố ngã tắc tiếu.,顧我則笑。
"Hước lãng tiếu ngạo,",謔浪笑敖，
Trung tâm thị điệu.,中心是悼。
Chung phong thả mai.,終風且霾，
Huệ nhiên khẳng lai.,惠然肯來。
Mạc vãng mạc lai.,莫往莫來，
Du du ngã tai.,悠悠我思。
"Chung phong thả ế,",終風且曀，
Bất nhật hữu ế.,不日有曀。
"Ngộ ngôn bất mỵ,",寤言不寐，
Nguyện ngôn tắc đế.,愿言則嚏。
"Ế ế kỳ âm,",曀曀其陰，
"Huỷ huỷ kỳ lôi,",虺虺其雷。
Ngộ ngôn bất mỵ,寤言不寐，
Nguyện ngôn tắc hoài.,愿言則懷。
"Chung tư vũ,",螽斯羽、
Sân sân hề.,詵詵兮。
"Nghi nhĩ tử tôn,",宜爾子孫、
Chân chân hề.,振振兮。
Chung tư vũ,螽斯羽、
Hoăng hoăng hề.,薨薨兮。
"Nghi nhĩ tử tôn,",宜爾子孫、
Thằng thằng hề.,繩繩兮。
"Chung tư vũ,",螽斯羽、
Tập tập hề.,揖揖兮。
"Nghi nhĩ tử tôn,",宜爾子孫、
Trập trập hề.,蟄蟄兮。
"Ô thước vương sư,",於鑠王師，
Tuân dưỡng thì hối.,遵養時晦。
"Thì thuần hy hỹ,",時純熙矣，
Thị dụng đại giới.,是用大介。
"Ngã long thụ chi,",我龍受之，
Kiểu kiểu vương chi tạo.,蹻蹻王之造。
"Tái dụng hữu tự,",載用有嗣，
Thực duy nhĩ công doãn sư.,實維爾公允師。
"Tập tập cốc phong,",習習穀風，
Dĩ âm dĩ vũ.,以陰以雨。
"Mẫn miễn đồng tâm,",黽勉同心，
Bất nghi hữu nụ.,不宜有怒。
"Thái phong thái phỉ,",采葑采菲，
Vô dĩ hạ thể.,無以下體。
"Đức âm mạc vi,",德音莫違，
Cập nhĩ đồng tử.,及爾同死。
"Hành đạo trì trì,",行道遲遲，
Trung tâm hữu vi.,中心有違。
"Bất viễn y nhĩ,",不遠伊邇，
Bạc tống ngã kỳ.,薄送我畿。
Thuỳ vị đồ khổ?,誰謂荼苦？
Kỳ cam như tể.,其甘如薺。
"Yến nhĩ tân hôn,",宴爾新昏，
Như huynh như đệ.,如兄如弟。
"Kinh dĩ Vị trọc,",涇以渭濁，
"Thực thực kỳ chỉ,",湜湜其止。
"Yến nhĩ tân hôn,",宴爾新昏，
"Bất ngã tiết dĩ,",不我屑以。
Vô thệ ngã lương.,毋逝我梁，
"Vô phát ngã cẩu,",毋發我笱。
Ngã cung bất duyệt.,我躬不閱，
Hoàng tuất ngã hậu.,遑恤我後。
Tựu kỳ thâm hĩ!,就其深矣，
"Phương chi chu chi,",方之舟之。
Tựu kỳ thiển hĩ!,就其淺矣，
"Vịnh chi du chi,",泳之游之。
Hà hữu hà vong,何有何亡？
"Mẫn miễn cầu chi,",黽勉求之。
"Phàm dâu hữu tang,",凡民有喪，
Bồ bộc cứu chi.,匍匐救之。
"Bất ngã năng súc,",不我能慉，
Phản dĩ ngã vi thù.,反以我為讎。
"Ký trở ngã đức,",既阻我德，
Cổ dụng bất thụ.,賈用不售。
"Tích dục khủng dục cúc,",昔育恐育鞫，
"Cập nhĩ điên phúc,",及爾顛覆。
"Ký sinh ký dục,",既生既育，
Tỷ dư vu độc.,比予于毒。
"Ngã hữu chỉ súc,",我有旨蓄，
Diệc dĩ ngự đông.,亦以御冬。
"Yến nhĩ tân hôn,",宴爾新昏，
Dĩ ngã ngự cùng.,以我御窮。
"Hữu quang hữu hội,",有洸有潰，
"Ký di ngã dị,",既詒我肄。
"Bất niệm tích giả,",不念昔者，
Y dư lai kỵ.,伊餘來塈。
"Đốc Công Lưu,",篤公劉，
"Phỉ cư phỉ khang,",匪居匪康，
"Nãi trường nãi cương,",迺場迺疆，
"Nãi tích nãi thương,",迺積迺倉，
"Nãi khoả hầu lương,",迺裹糇糧，
"Vu thác vu nang,",于橐于囊，
Tư tập dụng quang.,思輯用光。
"Cung thỉ tư trương,",弓矢斯張，
"Can qua thích dương,",干戈戚揚，
Viên phương khải hành.,爰方啟行。
"Đốc Công Lưu,",篤公劉，
Vu tư tư nguyên.,于胥斯原。
"Ký thứ ký phiền,",既庶既繁。
"Ký thuận nãi tuyên,",既順乃宣，
Nhi vô vịnh thán.,而無詠嘆。
"Trắc tắc tại nghiễn,",陟則在巘，
Phúc giáng tại nguyên.,复降在原。
Hà dĩ chu chi?,何以舟之？
"Duy ngọc cập dao,",維玉及瑤，
Bính bổng dung đao.,鞞琫容刀。
"Đốc Công Lưu,",篤公劉，
"Thệ bỉ bách tuyền,",逝彼百泉，
Chiêm bỉ phổ nguyên.,瞻彼溥原。
"Nãi trắc nam cương,",乃陟南岡，
Nãi cấu vu kinh.,乃覯于京。
"Kinh sư chi dã,",京師之野，
"Vu thì xử xử,",于時處處，
"Vu thì lữ lữ,",于時廬旅。
"Vu thì ngôn ngôn,",于時言言，
Vu thì ngữ ngữ.,于時語語。
"Đốc Công Lưu,",篤公劉，
Vu kinh tư y.,于京斯依。
"Thương thương tể tể,",蹌蹌濟濟，
"Tỉ diên tỉ kỷ,",俾筵俾几。
"Ký đăng nãi y,",既登乃依，
Nãi tạo kỳ tào;,乃造其曹；
"Chấp thỉ vu lao,",執豕于牢，
Chước chi dụng bào.,酌之用匏。
"Thực chi ẩm chi,",食之飲之，
Quân chi tông chi.,君之宗之。
"Đốc Công Lưu,",篤公劉，
Ký phổ ký trường.,既溥既長。
"Ký cảnh nãi cương,",既景乃岡，
"Tương kỳ âm dương,",相其陰陽，
Quan kỳ lưu tuyền.,觀其流泉。
"Kỳ quân tam đan,",其軍三單，
"Độ kỳ thấp nguyên,",度其隰原，
Triệt điền vi lương.,徹田爲糧。
"Độ kỳ tịch dương,",度其夕陽，
Bân cư duẫn hoang.,豳居允荒。
"Đốc Công Lưu,",篤公劉，
Vu Bân tư quán.,于豳斯館。
"Thiệp Vị vi loạn,",涉渭爲亂，
Thủ lệ thủ đoàn.,取厲取鍛。
"Chỉ cơ nãi lý,",止基乃理，
Viên chúng viên hữu.,爰眾爰有。
"Giáp kỳ Hoàng giản,",夾其皇澗，
"Tố kỳ Qua giản,",溯其過澗。
"Chỉ lữ nãi mật,",止旅乃密，
Nhuế cúc chi tức.,芮鞫之即。
"Nam hữu cù mộc,",南有樛木、
Cát luỹ lôi chi.,葛藟纍之。
Lạc chỉ quân tử!,樂只君子、
Phúc lý tuy chi.,福履綏之。
Nam hữu cù mộc.,南有樛木、
Cát luỹ hoang chi.,葛藟荒之。
Lạc chỉ quân tử!,樂只君子、
Phúc lý tương chi.,福履將之。
"Nam hữu cù mộc,",南有樛木、
Cát luỹ oanh chi.,葛藟縈之。
Lạc chỉ quân tử!,樂只君子、
Phúc lý thành chi.,福履成之。
"Cửu vực chi ngư,",九罭之魚、
Tôn phòng.,鱒魴。
"Ngã cấu chi tử,",我覯之子、
Cổn y tú thường.,袞衣繡裳。
"Hồng phi tuân chử,",鴻飛遵渚、
Công quy vô sở?,公歸無所、
Ư nhữ tín xử.,於女信處。
"Hồng phi tuân lục,",鴻飛遵陸、
"Công quy bất phục,",公歸不復、
Ư nhữ tín túc.,於女信宿。
Thị dĩ hữu cổn y hề!,是以有袞衣兮、
Vô dĩ ngã công quy hề!,無以我公歸兮、
Vô sử ngã tâm bi hề!,無使我心悲兮。
"Dã hữu man thảo,",野有蔓草，
Linh lộ thiễn hề.,零露漙兮。
"Hữu mỹ nhất nhân,",有美一人，
Thanh dương uyển hề.,清揚婉兮。
"Giải cấu tương ngộ,",邂逅相遇，
Thích ngã nguyện hề.,適我愿兮。
"Dã hữu man thảo,",野有蔓草，
Linh Lộ nhương nhương.,零露瀼瀼。
"Hữu mỹ nhất nhân,",有美一人，
UYển như thanh dương.,婉如清揚。
"Giải cấu tương ngộ,",邂逅相遇，
Dữ tử giai tương.,與子偕臧。
"Dã hữu tử khuân,",野有死麇，
Bạch mao bao chi.,白茅包之。
"Hữu nữ hoài xuân,",有女懷春，
Cát sĩ dụ chi.,吉士誘之。
"Lâm hữu bộc tốc,",林有樸樕，
Dã hữu tử lộc.,野有死鹿，
"Bạch mao đồn thúc,",白茅純束。
Hữu nữ như ngọc.,有女如玉。
Thư nhi đoái đoái hề!,舒而脫脫兮，
Vô cảm ngã thuế hề!,無感我帨兮，
Vô sử mang dã phệ.,無使尨也吠。
"Minh minh tại hạ,",明明在下，
Hách hách tại thượng.,赫赫在上。
"Thiên nan thầm tư,",天難忱斯，
Bất dị duy vương.,不易維王。
"Thiên vị Ân đích,",天位殷適，
Sử bất tiếp tứ phương.,使不挾四方
"Chí trọng thị Nhâm,",摯仲氏任，
Tự bỉ Ân Thương.,自彼殷商；
"Lai giá vu Chu,",来嫁于周，
Viết tần vu kinh.,曰嬪于京。
"Nãi cập Vương Quý,",乃及王季，
Duy đức chi hành.,維德之行。
"Thái Nhâm hữu thân,",太任有身，
Sinh thử Văn Vương.,生此文王。
"Duy thử Văn Vương,",維此文王，
Tiểu tâm dực dực.,小心翼翼。
"Chiêu sự thượng đế,",昭事上帝，
Duật hoài đa phúc.,聿懷多福。
"Quyết đức bất hồi,",厥德不回，
Dĩ thụ phương quốc.,以受方國。
"Thiên giám tại hạ,",天監在下，
Hữu mệnh ký tập.,有命既集。
"Văn Vương sơ tải,",文王初載，
Thiên tác chi hợp.,天作之合。
"Tại Hạp chi dương,",在洽之陽，
Tại Vị chi sĩ.,在渭之涘。
"Văn Vương gia chỉ,",文王嘉止，
Đại bang hữu tử.,大邦有子。
"Đại bang hữu tử,",大邦有子，
Khiến thiên chi muội.,俔天之妹。
"Văn định quyết tường,",文定厥祥，
Thân nghinh vu Vị.,親迎于渭。
"Tạo chu vi lương,",造舟為梁，
Bất hiển kỳ quang?,不顯其光。
"Hữu mệnh tự thiên,",有命自天，
Mệnh thử Văn Vương.,命此文王。
"Vu Chu vu kinh,",于周于京。
Toản nữ duy Sằn.,纘女維莘，
"Trưởng tử duy hành,",長子維行。
Đốc sinh Vũ Vương.,篤生武王，
"Bảo hựu mệnh nhĩ,",保右命爾，
Tiếp phạt Đại Thương.,燮伐大商。
"Ân Thương chi lữ,",殷商之旅，
Kỳ hội như lâm.,其會如林。
"Thỉ vu Mục Dã,",矢于牧野，
Duy dư hầu hưng.,維予侯興。
"Thượng đế lâm nhữ,",上帝臨女，
Vô nhị nhĩ tâm!,無貳爾心！
"Mục Dã dương dương,",牧野洋洋，
"Đàn xa hoàng hoàng,",檀車煌煌，
Tứ nguyên bàng bàng.,駟騵彭彭。
"Duy sư Thượng Phụ,",維師尚父，
Thì duy ưng dương.,時維鷹揚；
"Lượng bỉ Vũ Vương,",凉彼武王，
"Tứ phạt Đại Thương,",肆伐大商，
Hội triều thanh minh.,會朝清明。
"Đại xa hạm hạm,",大車檻檻，
Xuế y như thảm.,毳衣如菼。
Khỉ bất nhĩ tư?,豈不爾思？
Uý tử bất cảm.,畏子不敢。
"Đại xa thôn thôn,",大車啍啍，
Xuế y như môn.,毳衣如璊。
Khỉ bất nhĩ tư?,豈不爾思？
Uý tử bất bôn.,畏子不奔。
"Cốc tắc dị thất,",穀則異室，
Tử tắc đồng huật.,死則同穴。
"Vị dư bất tín,",謂予不信，
Hữu như hạo nhật.,有如皞日。
"Đãng đãng thượng đế,",蕩蕩上帝，
Hạ dân chi bích.,下民之辟。
"Tật uy thượng đế,",疾威上帝，
Kỳ mệnh đa tịch.,其命多辟。
"Thiên sinh chưng dân,",天生烝民，
Kỳ mệnh phỉ kham.,其命匪諶。
"Mĩ bất hữu sơ,",靡不有初，
Tiển khắc hữu chung.,鮮克有終。
Văn Vương viết: tư!,文王曰：咨！
Tư nhữ Ân Thương.,咨女殷商。
"Tằng thị cường ngự,",曾是強御，
"Tằng thị bồi khắc,",曾是掊克，
"Tằng thị tại vị,",曾是在位，
Tằng thị tại phục.,曾是在服。
"Thiên giáng thao đức,",天降滔德，
Nhữ hưng thị lực.,女興是力。
Văn Vương viết: tư!,文王曰：咨！
Tư nhữ Ân Thương.,咨女殷商。
"Nhi bỉnh nghĩa loại,",而秉義類，
Cường ngự đa đỗi.,強御多懟。
"Lưu ngôn dĩ đối,",流言以對，
Khấu nhương thức nội.,寇攘式內。
"Hầu tác hầu chú,",侯作侯祝，
Mỹ giới mỹ cứu.,靡屆靡究。
Văn Vương viết: tư!,文王曰：咨！
Tư nhữ Ân Thương.,咨女殷商。
"Nhữ bào hao vu trung quốc,",女炰烋于中國，
Liễm oán dĩ vi đức.,斂怨以爲德。
"Bất minh nhĩ đức,",不明爾德，
Thời vô bối vô trắc;,時無背無側；
"Nhĩ đức bất minh,",爾德不明，
Dĩ vô bồi vô khanh.,以無陪無卿。
Văn Vương viết: tư!,文王曰：咨！
Tư nhữ Ân Thương.,咨女殷商。
"Thiên bất miện nhĩ dĩ tửu,",天不湎爾以酒，
Bất nghĩa tòng thức.,不義從式。
"Ký khiên nhĩ chỉ,",既愆爾止，
Mỹ minh mỹ hối.,靡明靡晦。
"Thức hào thức hô,",式號式呼，
Tỷ trú tác dạ.,俾晝作夜。
Văn Vương viết: tư!,文王曰：咨！
Tư nhữ Ân Thương.,咨女殷商。
"Như điêu như đường,",如蜩如螗，
Như phí như canh.,如沸如羹。
"Tiểu đại cận táng,",小大近喪，
Nhân thượng hồ do hành.,人尚乎由行。
"Nội bí vu trung quốc,",內奰于中國，
Đàm cập quỷ phương.,覃及鬼方。
Văn Vương viết: tư!,文王曰：咨！
Tư nhữ Ân Thương.,咨女殷商。
"Phỉ thượng đế bất thì,",匪上帝不時，
Ân bất dụng cựu.,殷不用舊。
"Tuy vô lão thành nhân,",雖無老成人，
Thượng hữu điển hình.,尚有典刑。
"Tằng thị mạc thính,",曾是莫聽，
Đại mệnh dĩ khuynh.,大命以傾。
Văn Vương viết: tư!,文王曰：咨！
Tư nhữ Ân Thương.,咨女殷商。
Nhân diệc hữu ngôn:,人亦有言：
"Điên bái chi yết,",顛沛之揭，
"Chi diệp vị hữu hại,",枝葉未有害，
Bản thực tiên bát.,本實先撥。
"Ân giám bất viễn,",殷鑒不遠，
Tại Hạ hậu chi thế.,在夏后之世！
"Dân diệc lao chỉ,",民亦勞止，
Hất khả tiểu khang.,汔可小康。
"Huệ thử trung quốc,",惠此中國，
Dĩ tuy tứ phương.,以綏四方。
"Vô túng quỷ tuỳ,",無縱詭隨，
Dĩ cẩn vô lương.,以謹無良。
"Thức át khấu ngược,",式遏寇虐，
Thảm bất uý minh.,憯不畏明。
"Nhu viễn năng nhĩ,",柔遠能邇，
Dĩ định ngã vương.,以定我王。
"Dân diệc lao chỉ,",民亦勞止，
"Hất khả tiểu hưu,",汔可小休。
"Huệ thử trung quốc,",惠此中國，
Dĩ vị dân cầu.,以爲民逑。
"Vô túng quỷ tuỳ,",無縱詭隨，
Dĩ cẩn hôn nao.,以謹惛怓。
"Thức át khấu ngược,",式遏寇虐，
Vô tỷ dân ưu.,無俾民憂。
"Vô khí nhĩ lao,",無棄爾勞，
Dĩ vị vương hưu.,以爲王休。
"Dân diệc lao chỉ,",民亦勞止，
Hất khả tiểu tức.,汔可小息。
"Huệ thử kinh sư,",惠此京師，
Dĩ tuy tứ quốc.,以綏四國。
"Vô túng quỷ tuỳ,",無縱詭隨，
Dĩ cẩn võng cực.,以謹罔極。
"Thức át khấu ngược,",式遏寇虐，
Vô tỷ tác thắc.,無俾作慝。
"Kính thận uy nghi,",敬慎威儀，
Dĩ cận hữu đức.,以近有德。
"Dân diệc lao chỉ,",民亦勞止，
Hất khả tiểu khái.,汔可小愒。
"Huệ thử trung quốc,",惠此中國，
Tỷ dân ưu duệ.,俾民憂泄。
"Vô túng quỷ tuỳ,",無縱詭隨，
Dĩ cẩn xú lệ.,以謹醜厲。
"Thức át khấu ngược,",式遏寇虐，
Vô tỷ chính bại.,無俾正敗。
"Nhung tuy tiểu tử,",戎雖小子，
Nhi thức hoằng đại.,而式弘大。
"Dân diệc lao chỉ,",民亦勞止，
Hất khả tiểu an.,汔可小安。
"Huệ thử trung quốc,",惠此中國，
Quốc vô hữu tàn.,國無有殘。
"Vô túng quỷ tuỳ,",無縱詭隨，
Dĩ cẩn khiển khuyển.,以謹繾綣。
"Thức át khấu ngược,",式遏寇虐，
Vô tỷ chính phản.,無俾正反。
"Vương dục ngọc nhữ,",王欲玉女，
Thị dụng đại gián.,是用大諫。
"Đào chi yêu yêu,",桃之夭夭、
Chước chước kỳ hoa.,灼灼其華。
"Chi tử vu quy,",之子于歸、
Nghi kỳ thất gia.,宜其室家。
"Đào chi yêu yêu,",桃之夭夭、
Hữu phần kỳ thực.,有蕡其實。
"Chi tử vu quy,",之子于歸、
Nghi kỳ gia thất.,宜其家室。
"Đào chi yêu yêu,",桃之夭夭、
Kỳ diệp trăn trăn.,其葉蓁蓁。
"Chi tử vu quy,",之子于歸、
Nghi kỳ gia nhân.,宜其家人。
"Hữu đệ chi đỗ,",有杕之杜，
Hữu hoạn kỳ thực.,有睆其實。
"Vương sự mỹ cổ,",王事靡盬，
Kế tự ngã nhật.,繼嗣我日。
"Nhật nguyệt dương chỉ,",日月陽止，
"Nữ tâm thương chỉ,",女心傷止，
Chinh phu hoàng chỉ.,征夫遑止。
"Hữu đệ chi đỗ,",有杕之杜，
Kỳ diệp tử tử.,其葉湑湑。
"Độc hành củ củ,",獨行踽踽，
Khỉ vô tha nhân?,豈無他人？
"Bất như ngã đồng phụ,",不如我同父。
"Ta hành chi nhân,",嗟行之人，
Hồ bất tỵ yên?,胡不比焉？
"Nhân vô huynh đệ,",人無兄弟，
Hồ bất thứ yên?,胡不佽焉？
"Hữu đệ chi đỗ,",有杕之杜，
Kỳ diệp thê thê.,其葉萋萋。
"Vương sự mỹ cổ,",王事靡盬，
Ngã tâm thương bi.,我心傷悲。
"Huỷ mộc thê chỉ,",卉木萋止，
"Nữ tâm bi chỉ,",女心悲止，
Chinh phu quy chỉ.,征夫歸止。
"Hữu đệ chi đỗ,",有杕之杜，
Kỳ diệp tinh tinh.,其葉菁菁。
"Độc hành quỳnh quỳnh,",獨行睘睘，
Khỉ vô tha nhân?,豈無他人？
"Bất như ngã đồng tính,",不如我同姓。
"Ta hành chi nhân,",嗟行之人，
Hồ bất tỵ yên?,胡不比焉？
"Nhân vô huynh đệ,",人無兄弟，
Hồ bất thứ yên?,胡不佽焉？
"Trắc bỉ bắc sơn,",陟彼北山，
Ngôn thái kỳ khỉ.,言采其杞。
"Vương sự mỹ cổ,",王事靡盬，
Ưu ngã phụ mẫu.,憂我父母。
"Đàn xa xiển xiển,",檀車幝幝，
"Tứ mẫu quản quản,",四牡痯痯，
Chinh phu bất viễn.,征夫不遠。
"Phỉ tái phỉ lai,",匪載匪來，
Ưu tâm khổng cửu.,憂心孔疚。
"Kỳ phệ bất chỉ,",斯逝不至，
Nhi đa vi tuất.,而多爲恤。
"Bốc thệ giai chỉ,",蔔筮偕止，
"Hội ngôn cận chỉ,",會言近止，
Chinh phi nhĩ chỉ.,征夫邇止。
"Đế đống tại đông,",蝃蝀在東，
Mạc chi cảm chỉ.,莫之敢指。
"Nữ tử hữu hành,",女子有行，
Viễn phụ mẫu huynh đệ.,遠父母兄弟。
"Triêu tê vu tây,",朝隮于西，
Sùng triêu kỳ vũ.,崇朝其雨。
"Nữ tử hữu hành,",女子有行，
Viễn huynh đệ phụ mỗ.,遠兄弟父母。
"Nãi như chi nhân dã,",乃如之人也，
Hoài hôn nhân dã.,懷婚姻也。
Đại vô tân dã.,大無信也，
Bất tri mịnh dã.,不知命也。
"Đính chi phương trung,",定之方中，
Tác vu Sở cung.,作于楚宮。
"Quỹ chi dĩ nhật,",揆之以日，
Tác vu sở thất.,作于楚室。
"Thụ chi trăn lật,",樹之榛栗，
"Y đồng tử tất,",椅桐梓漆，
Viên phạt cầm sắt.,爰伐琴瑟。
"Thăng bỉ khử hĩ,",升彼虛矣，
Dĩ vọng Sở hĩ.,以望楚矣。
"Vọng Sở dữ Đường,",望楚與堂，
"Ảnh sơn dữ cương,",景山與京。
Giáng quan vu tang.,降觀于桑，
Bốc vân kỳ cát.,卜云其吉，
Chung yên doãn tang.,終然允臧。
"Linh vũ ký linh,",靈雨既零，
Mệnh bỉ quan nhân.,命彼倌人。
"Tinh ngôn túc giá,",星言夙駕，
Thuế vu tang đần.,說于桑田。
"Phỉ trực dã nhân,",匪直也人，
"Bỉnh tâm tắc uân,",秉心塞淵，
Lai tẫn tam thân.,騋牝三千。
"Đồng cung siêu hề,",彤弓弨兮，
Thụ ngôn tàng chi.,受言藏之。
"Ngã hữu gia tân,",我有嘉賓，
Trung tâm huống chi.,中心貺之。
"Chung cổ ký thiết,",鍾鼓既設，
Nhất triêu hưởng chi.,一朝饗之。
"Đồng cung siêu hề,",彤弓弨兮，
Thụ ngôn tái chi.,受言載之。
"Ngã hữu gia tân,",我有嘉賓，
Trung tâm hỉ chi.,中心喜之。
"Chung cổ ký thiết,",鍾鼓既設，
Nhất triêu hựu chi.,一朝右之。
"Đồng cung siêu hề,",彤弓弨兮，
Thụ ngôn cao chi.,受言櫜之。
"Ngã hữu gia tân,",我有嘉賓，
Trung tâm háo chi.,中心好之。
"Chung cổ ký thiết,",鍾鼓既設，
Nhất triêu thù chi.,一朝酬之。
"Đông môn chi dương,",東門之楊，
Kỳ diệp tương tương.,其葉牂牂。
"Hôn dĩ vi kỳ,",昏以為期，
Minh tinh hoàng hoàng.,明星煌煌。
"Đông môn chi dương,",東門之楊，
Kỳ diệp phế phế.,其葉肺肺，
"Hôn dĩ vi kỳ,",昏以為期，
Minh tinh chế chế.,明星晢晢。
Đông môn chi văn.,東門之枌，
Uyển khâu chi hử.,宛丘之栩。
"Tử Trọng chi tử,",子仲之子，
Bà thoa kỳ hụ.,婆娑其下。
"Cốc đán vu tha,",穀旦于差，
"Nam phương chi nguyên,",南方之原。
"Bất tích kỳ ma,",不績其麻，
Thị dã bà thoa.,市也婆娑。
"Cốc đán vu thệ,",穀旦于逝，
Việt dĩ tông lệ.,越以鬷邁。
"Thị nhĩ như kiều,",視爾如荍，
Di ngã ác tiêu.,貽我握椒。
"Đông môn chi thiện,",東門之墠，
Như lư tại phiến.,茹藘在阪。
"Kỳ thất tắc nhĩ,",其室則邇，
Kỳ nhân thậm viễn.,其人甚遠。
"Đông môn chi lật,",東門之栗，
Hữu tiễn gia thất,有踐家室。
Khỉ bất nhĩ tư?,豈不爾思？
Tử bất ngã tức.,子不我即。
"Đông môn chi trì,",東門之池，
Khả dĩ âu ma.,可以漚麻。
"Bỉ mỹ thục cơ,",彼美淑姬，
Khả dữ ngộ ca.,可與晤歌。
"Đông môn chi trì,",東門之池，
Khả dĩ âu trữ.,可以漚紵。
"Bỉ mỹ thục cơ,",彼美淑姬，
Khả dữ ngộ ngữ.,可與晤語。
"Đông môn chi trì,",東門之池，
Khả dĩ âu kiên.,可以漚菅。
"Bỉ mỹ thục cơ,",彼美淑姬，
Khả dữ ngộ nghiên.,可與晤言。
"Đông phương chi nhật hề,",東方之日兮，
"Bỉ xu giả tử,",彼姝者子，
Tại ngã thất hề.,在我室兮。
"Tại ngã thất hề,",在我室兮，
Lý ngã tức hề.,履我即兮。
"Đông phương chi nguyệt hề,",東方之月兮，
"Bỉ xu giả tử,",彼姝者子，
Tại ngã thuyết hề.,在我闥兮。
"Tại ngã thuyết hề,",在我闥兮，
Lý ngã phiết hề.,履我發兮。
"Đông phương vị mang,",東方未明，
Điên đảo y thường.,顛倒衣裳。
"Điên chi điểu chi,",顛之倒之，
Tự công triệu chi.,自公召之。
"Đông phương vị hy,",東方未曦，
Điên đảo thường y.,顛倒裳衣。
"Đảo chi đân chi,",倒之顛之，
Tự công lịnh chi.,自公令之。
"Chiết liễu phan bố,",折柳樊圃，
Cuồng phu cú cú.,狂夫瞿瞿。
"Bất năng thời dử,",不能辰夜，
Bất túc tắc mộ.,不夙則莫。
"Ngã tồ Đông Sơn,",我徂東山、
Thao thao bất quy.,慆慆不歸。
"Ngã lai tự đông,",我來自東、
Linh vũ kỳ mông.,零雨其濛。
"Ngã đông viết quy,",我東曰歸、
Ngã tâm tây bi.,我心西悲。
"Chế bỉ thường y,",制彼裳衣、
Vật sĩ hàng my.,勿士行枚。
"Quyên quyên giả thục,",蜎蜎者蠋、
Chưng tại tang dã.,烝在桑野。
"Đôi bỉ độc túc,",敦彼獨宿、
Diệc tại xa hạ.,亦在車下。
"Ngã tồ Đông Sơn,",我徂東山、
Thao thao bất quy.,慆慆不歸。
"Ngã lai tự đông,",我來自東、
Linh vũ kỳ mông.,零雨其濛。
"Quả loã chi thực,",果臝之實、
Diệc dị vu vũ.,亦施于宇。
"Y uy tại thất,",伊威在室、
Tiêu tiêu tại hộ.,蠨蛸在戶。
"Đình thoản lộc trường,",町曈鹿場、
Dực diệu tiêu hàng.,熠燿宵行。
"Bất khả uý dã,",不可畏也、
Y khả hoài dã.,伊可懷也。
"Ngã tồ Đông Sơn,",我徂東山、
Thao thao bất quy.,慆慆不歸。
"Ngã lai tự đông,",我來自東、
Linh vũ kỳ mông.,零雨其濛。
"Quán minh vu dật,",鸛鳴于垤、
Phụ thán vu thất.,婦歎于室。
"Sái tảo khung trất,",洒掃穹窒、
Ngã chinh duật chí.,我征聿至。
"Hữu đôi qua khổ,",有敦瓜苦、
Chưng tại lật tân.,烝在栗薪。
"Tự ngã bất kiến,",自我不見、
Vu kim tam niên.,于今三年。
"Ngã tồ Đông Sơn,",我徂東山、
Thao thao bất quy.,慆慆不歸。
"Ngã lai tự đông,",我來自東、
Linh vũ kỳ mông.,零雨其濛。
"Thương canh vu phi,",倉庚于飛、
Dực diệu kỳ vũ.,熠燿其羽。
"Chi tử vu quy,",之子于歸、
Hoàng bác kỳ mã.,皇駁其馬。
"Thân kết kỳ ly,",親結其縭、
Cửu thập kỳ nghi.,九十其儀。
"Kỳ tân khổng gia,",其新孔嘉、
Kỳ cựu như chi hà?,其舊如之何。
Dương chi thuỷ.,揚之水，
Bạch thạch tác tác.,白石鑿鑿。
"Tố ý chu bác,",素衣朱襮，
Tùng tử vu Ác.,從子于沃。
"Ký kiến quân tử,",既見君子，
Vân hà bất lạc?,云何不樂？
"Dương chi thuỷ,",揚之水，
Bất lưu thúc sở.,不流束楚。
"Chung tiển huynh đệ,",終鮮兄弟，
"Duy dư dữ nhữ,",維予與女。
Vô tín nhân chi ngôn.,無信人之言，
Nhân thực cuống nhữ.,人實誑女。
"Dương chi thuỷ,",揚之水，
Bất lưu thúc tân.,不流束薪。
"Bỉ ký chi tử,",彼其之子，
Bất dữ ngã thú Thân,不與我戍申。
"Hoài tai, hoài tai!",懷哉、懷哉，
Hạt nguyệt dư hoàn quy tai?,曷月予還歸哉？
"Dương chi thuỷ,",揚之水，
Bất lưu thúc tân.,不流束薪。
"Chung tiển huynh đệ,",終鮮兄弟，
"Duy dư nhị nhân,",維予二人。
Vô tín nhân chi ngôn.,無信人之言，
Nhân thực bất tân.,人實不信。
"Dương chi thuỷ,",揚之水，
Bạch thạch hào hào.,白石皓皓。
"Tố ý chu tiêu,",素衣朱繡，
Tùng tử vu Cao.,從子于鵠。
"Ký kiến quân tử,",既見君子，
Vân hà kỳ yêu?,云何其憂？
"Dương chi thuỷ,",揚之水，
Bất lưu thúc sở.,不流束楚。
"Bỉ ký chi tử,",彼其之子，
Bất dữ ngã thú Phủ.,不與我戍甫。
"Hoài tai, hoài tai!",懷哉、懷哉，
Hạt nguyệt dư hoàn quy tai?,曷月予還歸哉？
"Dương chi thuỷ,",揚之水，
Bạch thạch lân lân.,白石粼粼。
Ngã văn hữu mịnh.,我聞有命，
Bất cảm dĩ cáo nhân.,不敢以告人。
"Dương chi thuỷ,",揚之水，
Bất lưu thúc bồ.,不流束蒲。
"Bỉ ký chi tử,",彼其之子，
Bất dữ ngã thú Hử.,不與我戍許。
"Hoài tai, hoài tai!",懷哉、懷哉，
Hạt nguyệt dư hoàn quy tai?,曷月予還歸哉？
"Duy thanh tập hy,",維清緝熙，
Văn vương chi điển.,文王之典。
"Triệu nhân,",肇禋。
Hất dụng hữu thành.,迄用有成，
Duy Chu chi trinh.,維周之禎。
"Duy thiên chi mệnh,",維天之命，
Ô mục bất dĩ.,於穆不已。
"Ô hô bất hiển,",於乎不顯，
Văn Vương chi đức chi thuần?,文王之德之純。
Hà dĩ dật ngã?,假以溢我，
Ngã kỳ thu chi.,我其收之。
"Tuấn huệ ngã Văn Vương,",駿惠我文王，
Tằng tôn đốc chi.,曾孫篤之。
"Gia lạc quân tử,",假樂君子，
Hiển hiển lệnh đức.,顯顯令德。
"Nghi dân nghi nhân,",宜民宜人，
Thụ lộc vu thiên.,受祿于天。
"Bảo hựu mệnh chi,",保右命之，
Tự thiên thân chi.,自天申之。
"Can lộc bách phúc,",干祿百福，
Tử tôn thiên ức.,子孫千億。
"Mục mục hoàng hoàng,",穆穆皇皇，
Nghi quân nghi vương.,宜君宜王。
"Bất khiên bất vong,",不愆不忘，
Suất do cựu chương.,率由舊章。
"Uy nghi ức ức,",威儀抑抑，
Đức âm trật trật.,德音秩秩。
"Vô oán vô ố,",無怨無惡，
Suất do quần thất.,率由群匹。
"Thụ phúc vô cương,",受福無疆，
Tứ phương chi cương.,四方之綱。
"Chi cương chi kỷ,",之綱之紀，
Yến cập bằng hữu.,燕及朋友。
"Bách phích khanh sĩ,",百辟卿士，
Mị vu thiên tử.,媚于天子。
"Bất giải vu vị,",不解于位，
Dân chi du ký.,民之攸墍。
"Giang Hán phù phù,",江漢浮浮，
Vũ phu thao thao.,武夫滔滔。
"Phỉ an phỉ du,",匪安匪遊，
Hoài di lai cầu.,淮夷來求。
"Ký xuất ngã xa,",既出我車，
"Ký thiết ngã dư,",既設我旟，
"Phỉ an phỉ thư,",匪安匪舒，
Hoài di lai phô.,淮夷來鋪。
"Giang Hán sương sương,",江漢湯湯，
Vũ phu quang quang.,武夫洸洸。
"Kinh doanh tứ phương,",經營四方，
Cáo thành vu vương.,告成于王。
"Tứ phương ký bình,",四方既平，
Vương quốc thứ định.,王國庶定。
"Thời mỹ hữu tranh,",時靡有爭，
Vương tâm tái ninh.,王心載寧。
"Giang Hán chi hử,",江漢之滸，
"Vương mệnh Thiệu Hổ,",王命召虎，
"Thức tịch tứ phương,",式辟四方，
Triệt ngã cương thổ.,徹我疆土。
"Phỉ cứu phỉ cức,",匪疚匪棘，
Vương quốc lai cực.,王國來極。
"Vu cương vu lý,",于疆于理，
Chí vu nam hải.,至于南海。
"Vương mệnh Thiệu Hổ,",王命召虎，
Lai tuần lai tuyên;,來旬來宣；
"Văn Vũ thụ mệnh,",文武受命，
Thiệu Công duy hàn.,召公維翰。
"Vô viết: dư tiểu tử,",無曰：予小子，
Thiệu Công thị tự.,召公是似。
"Triệu mẫn nhung công,",肇敏戎公，
Dụng tích nhĩ chỉ.,用錫爾祉。
"Li nhĩ khuê toản,",厘爾圭瓚，
"Cự sưởng nhất dữu,",秬鬯一卣。
"Cáo vu văn nhân,",告于文人，
Tích sơn thổ điền.,錫山土田。
"Vu Chu thụ mệnh,",于週受命，
Tự Thiệu tổ mệnh.,自召祖命。
"Hổ bái khể thủ,",虎拜稽首，
Thiên tử vạn niên.,天子萬年。
"Hổ bái khể thủ,",虎拜稽首，
Đối dương vương hưu.,對揚王休。
"Tác Thiệu công khảo,",作召公考，
Thiên tử vạn thọ.,天子萬壽。
"Minh minh thiên tử,",明明天子，
Lệnh vấn bất dĩ;,令聞不已；
"Thỉ kỳ văn đức,",矢其文德，
Hiệp thử tứ quốc.,洽此四國。
"Giang hữu tĩ,",江有汜，
Chi tử quy.,之子歸，
"Bất ngã dĩ,",不我以。
"Bất ngã dĩ,",不我以。
Kỳ hậu dã hối.,其後也悔。
"Giang hữu chử,",江有渚，
Chi tử quy.,之子歸，
Bất ngã dữ,不我與。
Bất ngã dữ,不我與，
Kỳ hậu dã xử.,其後也處。
"Giang hữu Đà,",江有沱，
Chi tử quy.,之子歸，
Bất ngã qua,不我過。
Bất ngã qua,不我過，
Kỳ tiêu dã ca.,其嘯也歌
"Giản hề, giản hề!",簡兮、簡兮，
Phương tương vạn vũ.,方將萬舞。
"Nhật chi phương trung,",日之方中，
Tại tiền thượng xứ.,在前上處。
"Thạc nhân ngữ ngữ,",碩人俁俁，
Công đình vạn vũ.,公庭萬舞。
"Hữu lực như hổ,",有力如虎，
Chấp bí như tổ.,執轡如組。
"Tả thủ chấp dược,",左手執龠，
"Hữu thủ chấp trạc,",右手秉翟。
Hách như ốc trước.,赫如渥赭，
Công ngôn tứ tước.,公言「錫爵」。
"Sơn hữu trăn,",山有榛，
Thấp hữu linh.,隰有苓。
Vân thuỳ chi tư?,云誰之思？
Tây phương mỹ nhân.,西方美人。
Bỉ mỹ nhân hề!,彼美人兮，
Tây phương chi nhân hề!,西方之人兮。
Bỉ giảo đồng hề!,彼狡童兮，
Bất dữ ngã nghiêng (ngôn) hề!,不與我言兮。
"Duy tử chi cố,",維子之故，
Sử ngã bất năng xuyên (xan) hề!,使我不能餐兮。
Bỉ giảo đồng hề!,彼狡童兮，
Bất dữ ngã thực hề!,不與我食兮。
"Duy tử chi cố,",維子之故，
Sử ngã bất năng tức hề!,使我不能息兮。
Hà bỉ nùng hĩ?,何彼襛矣？
Đường đệ chi hoa.,唐棣之華。
Hạt bất túc ung?,曷不肅雝？
Vương Cơ chi xa.,王姬之車。
Hà bỉ nùng hĩ?,何彼襛矣？
Hoa như đào lý.,華如桃李。
"Bình vương chi tôn,",平王之孫，
Tề hầu chi tỉ.,齊侯之子。
Kỳ điếu duy hà?,其釣維何？
Duy ty y dân.,維絲伊緡。
"Tề Hầu chi tử,",齊侯之子，
Bình Vương chi tuân.,平王之孫。
"Dịch dịch Lương Sơn,",奕奕梁山，
"Duy Vũ điện chi,",維禹甸之，
Hữu trác kỳ đạo.,有倬其道。
"Hàn Hầu thụ mệnh,",韓侯受命，
Vương thân mệnh chi:,王親命之：
Toản nhung tổ khảo.,纘戎祖考。
"Vô phế trẫm mệnh,",無廢朕命，
"Túc dạ phỉ giải,",夙夜匪解，
Kiền cung nhĩ vị.,虔共爾位。
"Trẫm mệnh bất dịch,",朕命不易，
"Cán bất đình phương,",幹不庭方，
Dĩ tá nhung tịch.,以佐戎闢。
"Tứ mẫu dịch dịch,",四牡奕奕，
"Khổng tu thả trương,",孔修且張，
"Hàn hầu nhập cận,",韓侯入覲，
"Dĩ kỳ giới khuê,",以其介圭，
Nhập cận vu vương.,入覲于王。
Vương tích Hàn Hầu:,王錫韓侯：
"Thục kỳ nhuy chương,",淑旗綏章，
"Điệm phất thác hành,",簟茀錯衡，
"Huyền cổn xích tích,",玄袞赤舄，
"Câu ưng lũ sam,",鉤膺鏤釤，
"Khoách hoành thiển miệt,",鞹鞃淺幭，
Điều cách kim ách.,鞗革金厄。
"Hàn hầu xuất tổ,",韓侯出祖，
Xuất túc vu Đồ.,出宿于屠。
"Hiển phụ tiễn chi,",顯父餞之，
Thanh tửu bách hồ.,清酒百壺。
Kỳ hào duy hà?,其殽維何？
Bào miết tiển ngư.,炰鱉鮮魚。
Kỳ tốc duy hà?,其蔌維何？
Duy tuân cập bồ.,維筍及蒲。
Kỳ tặng duy hà?,其贈維何？
Thặng mã lộ xa.,乘馬路車。
"Biên đậu hữu thả,",籩豆有且，
Hầu thị yến tư.,侯氏燕胥。
"Hàn hầu thủ thê,",韓侯取妻，
"Phần vương chi sinh,",汾王之甥，
Quyết phủ chi tử.,蹶父之子。
"Hàn hầu nghinh chỉ,",韓侯迎止，
Vu Quyết chi lý.,于蹶之里。
"Bách lưỡng bàng bàng,",百兩彭彭，
"Bát loan thương thương,",八鸞鏘鏘，
Bất hiển kỳ quang?,不顯其光。
"Chư đễ tòng chi,",諸娣從之，
Kì kì như vân.,祁祁如雲。
"Hàn hầu cố chi,",韓侯顧之，
Lạn kỳ doanh môn.,爛其盈門。
"Quyết phủ khổng vũ,",蹶父孔武，
Mỹ quốc bất đáo.,靡國不到。
"Vi Hàn Cật tướng du,",為韓姞相攸，
"Mạc như Hàn lạc,",莫如韓樂。
Khổng lạc Hàn thổ.,孔樂韓土，
"Xuyên trạch hủ hủ,",川澤訏訏，
"Phường tự phủ phủ,",魴鱮甫甫，
"Ưu lộc ngu ngu,",麀鹿噳噳，
"Hữu hùng hữu ky,",有熊有羈，
Hữu miêu hữu hổ.,有貓有虎。
"Khánh ký lệnh cư,",慶既令居，
Hàn Cật yến dự.,韓姞燕譽。
Phổ bỉ Hàn thành!,溥彼韓城，
Yên sư sở hoàn.,燕師所完。
"Dĩ tiên tổ thụ mệnh,",以先祖受命，
Nhân thì bách man.,因時百蠻。
"Vương tích Hàn Hầu,",王錫韓侯，
Kỳ Truy kỳ Mạch.,其追其貊，
"Yêm thụ bắc quốc,",奄受北國，
Nhân dĩ kỳ bá.,因以其伯。
"Thực dung thực hác,",實墉實壑，
Thực mẫu thực tịch.,實畝實籍。
"Hiến kỳ tỳ bì,",獻其貔皮，
Xích báo hoàng ki.,赤豹黃羈。
Yếm ấp hành lộ.,厭浥行露。
"Khỉ bất túc dạ,",豈不夙夜，
Vị hành đa lộ.,謂行多露。
Thuỳ vị tước vô lốc?,誰謂雀無角？
Hà dĩ xuyên ngã ốc?,何以穿我屋？
Thuỳ vị nhữ vô cốc?,誰謂女無家？
Hà dĩ tốc ngã ngục?,何以速我獄？
"Tuy tốc ngã ngục,",雖速我獄，
Thất gia bất túc.,室家不足。
Thuỳ vị thử vô ngông?,誰謂鼠無牙？
Hà dĩ xuyên ngã dung?,何以穿我墉？
Thuỳ vị nhữ vô công?,誰謂女無家？
Hà dĩ tốc ngã tùng?,何以速我訟？
"Tuy tốc ngã tụng,",雖速我訟，
Diệc bất nhữ tùng.,亦不女從。
"Đôn bỉ hành vĩ,",敦彼行葦，
Ngưu dương vật tiễn lý.,牛羊勿踐履。
"Phương bao phương thể,",方苞方體，
Duy diệp nễ nễ.,維葉泥泥。
"Thích thích huynh đệ,",戚戚兄弟，
"Mạc viễn cụ nhĩ,",莫遠具爾。
"Hoặc tứ chi diên,",或肆之筵，
Hoặc thụ chi kỉ.,或授之几。
"Tứ diên thiết tịch,",肆筵設席，
Thụ kỉ hữu tập ngự.,授几有緝御。
"Hoặc hiến hoặc tạc,",或献或酢，
Tẩy tước điện giả.,洗爵奠斝。
"Thảm hải dĩ tiến,",醓醢以薦，
Hoặc phiền hoặc chích.,或燔或炙。
"Gia hào tỳ cược,",嘉殽脾臄，
Hoặc ca hoặc ngạc.,或歌或咢。
"Điêu cung ký kiên,",敦弓既堅，
"Tứ hầu ký quân,",四鍭既鈞，
"Xả thỉ ký quân,",舍矢既均，
Tự tân dĩ hiền.,序賓以賢。
"Điêu cung ký cấu,",敦弓既句，
Ký tiệp tứ hầu.,既挾四鍭。
"Tứ hầu như thụ,",四鍭如樹，
Tự tân dĩ bất vũ.,序賓以不侮。
"Tằng tôn duy chủ,",曾孫維主，
"Tửu lễ duy nhủ,",酒醴維醹，
"Chước dĩ đại đẩu,",酌以大斗，
Dĩ kỳ hoàng cẩu.,以祈黄耇。
"Hoàng cẩu thai bối,",黄耇台背，
Dĩ dẫn dĩ dực.,以引以翼。
"Thọ khảo duy kỳ,",壽考維祺，
Dĩ giới cảnh phúc.,以介景福。
"Chiêm bỉ Hạn lộc,",瞻彼旱麓，
Trăn hộ tể tể.,榛楛濟濟。
"Khải đễ quân tử,",豈弟君子，
Can lộc khải đễ.,干祿豈弟
"Sắt bỉ ngọc toản,",瑟彼玉瓚，
Hoàng lưu tại trung.,黃流在中。
"Khải đễ quân tử,",豈弟君子，
Phúc lộc du giáng.,福祿攸降。
"Diên phi lệ thiên,",鳶飛戾天，
Ngư dược vu uyên.,魚躍于淵。
"Khải đễ quân tử,",豈弟君子，
Hà bất tác nhân?,遐不作人？
"Thanh tửu ký tái,",清酒既載，
Tinh mẫu ký bị.,騂牡既備。
"Dĩ hưởng dĩ tự,",以享以祀，
Dĩ giới cảnh phúc.,以介景福。
"Sắt bỉ tạc vực,",瑟彼柞棫，
Dân sở liệu hĩ.,民所燎矣。
"Khải đễ quân tử,",豈弟君子，
Thần sở lạo hĩ.,神所勞矣。
"Mạch mạch cát luỹ,",莫莫葛藟，
Dị vu điều mai.,施于條枚。
"Khải đễ quân tử,",豈弟君子，
Cầu phúc bất hồi.,求福不回。
"Nam hữu kiều mộc,",南有喬木、
Bất khả hưu tức.,不可休息。
"Hán hữu du nữ,",漢有遊女、
Bất khả cầu ti.,不可求思。
Hán chi quảng hĩ!,漢之廣矣、
Bất khả vuống ti.,不可泳思。
Giang chi dượng hĩ!,江之永矣、
Bất khả phỏng ti.,不可方思。
"Kiều kiều thác tân,",翹翹錯薪、
Ngôn ngải kỳ sở.,言刈其楚。
"Chi tử vu quy,",之子于歸、
Ngôn mạt kỳ mã.,言秣其馬。
Hán chi quảng hĩ!,漢之廣矣、
Bất khả vuống ti.,不可泳思。
Giang chi dượng hĩ!,江之永矣、
Bất khả phỏng ti.,不可方思。
"Kiều kiều thác tân,",翹翹錯薪、
Ngôn ngải kỳ lâu.,言刈其蔞。
"Chi tử vu quy,",之子于歸、
Ngôn mạt kỳ câu.,言秣其駒。
Hán chi quảng hĩ!,漢之廣矣、
Bất khả vuống ti.,不可泳思。
Giang chi dượng hĩ!,江之永矣、
Bất khả phỏng ti.,不可方思。
"Hạo thiên hữu thành mệnh,",昊天有成命，
Nhị hậu thụ chi.,二后受之。
"Thành Vương bất cảm khang,",成王不敢康，
Túc dạ cơ mệnh hựu mật.,夙夜基命宥密。
Ô tập hy!,於緝熙！
Đan quyết tâm.,單厥心。
Tứ kỳ tĩnh chi.,肆其靖之。
Thuỳ vị Hà quảng?,誰謂河廣？
Nhất vĩ hàng chi.,一葦杭之。
Thuỳ vị Tống viễn?,誰謂宋遠？
Xí dư vọng chi.,跂予望之。
Thuỳ vị Hà quảng?,誰謂河廣？
Tằng bất dung đao.,曾不容刀，
Thuỳ vị Tống viễn?,誰謂宋遠？
Tằng bất sùng triêu.,曾不崇朝。
"Liệt bỉ hạ tuyền,",冽彼下泉，
Tẩm bỉ bao lang.,浸彼苞稂。
"Khải ngã ngộ than,",愾我寤嘆，
Niệm bỉ Chu cương.,念彼周京。
"Liệt bỉ hạ tuyền,",冽彼下泉，
Tẩm bỉ bao sưu.,浸彼苞蕭。
"Khải ngã ngộ thán,",愾我寤嘆，
Niệm bỉ kinh Chu.,念彼京周。
"Liệt bỉ hạ tuyền,",冽彼下泉，
Tẩm bỉ bao thi.,浸彼苞蓍。
"Khải ngã ngộ thán,",愾我寤嘆，
Niệm bỉ kinh si.,念彼京師。
"Bồng bồng thử miêu,",芃芃黍苗，
Âm vũ cáo chi.,陰雨膏之。
"Tứ quốc hữu vương,",四國有王，
Tuân Bá lạo chi.,郇伯勞之。
Bỉ hậu nhân hề!,彼候人兮，
Há qua dữ đuất.,何戈與祋。
"Bỉ ký chi tử,",彼其之子，
Tam bách xích phất.,三百赤芾。
"Duy đề tại lương,",維鵜在梁，
Bất nhu kỳ dực?,不濡其翼。
"Bỉ ký chi tử,",彼其之子，
Bất xứng kỳ bặc.,不稱其服。
"Duy đề tại lương,",維鵜在梁，
Bất nhu kỳ trú?,不濡其咮。
"Bỉ ký chi tử,",彼其之子，
Bất toại kỳ cấu.,不遂其媾。
Uế hề uý hề!,薈兮蔚兮，
Nam sơn triều tế.,南山朝隮。
UYển hề luyến hề!,婉兮孌兮，
Quý nữ tư cơ.,季女斯饑。
"Hạ Vũ duy Chu,",下武維周，
Thế hữu triết vương.,世有哲王。
"Tam hậu tại thiên,",三后在天，
Vương phối vu kinh.,王配于京。
"Vương phối vu kinh,",王配于京，
Thế đức tác cầu.,世德作求。
"Vĩnh ngôn phối mệnh,",永言配命，
Thành vương chi phu.,成王之孚。
"Thành vương chi phu,",成王之孚，
Hạ thổ chi thức.,下土之式。
"Vĩnh ngôn hiếu tư,",永言孝思，
Hiếu tư duy tắc.,孝思維則。
"My tư nhất nhân,",媚茲一人，
Ứng hầu thuận đức.,應侯順德。
"Vĩnh ngôn hiếu tư,",永言孝思，
Chiêu tai tự phục.,昭哉嗣服。
"Chiêu tư lai hử,",昭茲来許，
Thằng kỳ tổ vũ.,繩其祖武。
"Ư vạn tư niên,",於萬斯年，
Thụ thiên chi hộ.,受天之祜。
"Thụ thiên chi hỗ,",受天之祜，
Tứ phương lai hạ.,四方来賀。
"Ư vạn tư niên,",於萬斯年，
Bất hà hữu tá.,不遐有佐。
"Tuy vạn bang,",綏萬邦，
Lũ phong niên.,屢豐年。
"Thiên mệnh phỉ giải,",天命匪解，
Hoàn hoàn Vũ Vương.,桓桓武王。
"Bảo hữu quyết sĩ,",保有厥士，
"Vu dĩ tứ phương,",于以四方，
Khắc định quyết gia.,剋定厥家。
"Ô chiêu vu thiên,",於昭于天，
Hoàng dĩ gián chi.,皇以間之。
"Giao giao hoàng điểu,",交交黃鳥，
"Chỉ vu cức,",止于棘。
Thuỳ tùng Mục Công?,誰從穆公？
Tử xa Yêm Tức.,子車奄息。
"Duy thử Yêm Tức,",維此奄息，
Bách phu chi đặc.,百夫之特。
"Lâm kỳ huật,",臨其穴，
Chuy chuy kỳ lật,惴惴其栗。
"Bỉ thương giả hân,",彼蒼者天，
Tiêm ngã lương nhân.,殲我良人。
Như khả thục hề!,如可贖兮，
Nhân bách kỳ thân.,人百其身。
"Giao giao hoàng điểu,",交交黃鳥，
"Chỉ vu tang,",止于桑。
Thuỳ tùng Mục Công?,誰從穆公？
Tử xa Trọng Hàng.,子車仲行。
"Duy thử Trọng Hàng,",維此仲行，
Bách phu chi phòng.,百夫之防。
"Lâm kỳ huật,",臨其穴，
Chuy chuy kỳ lật,惴惴其栗。
"Bỉ thương giả hân,",彼蒼者天，
Tiêm ngã lương nhân.,殲我良人。
Như khả thục hề!,如可贖兮，
Nhân bách kỳ thân.,人百其身。
"Giao giao hoàng điểu,",交交黃鳥，
"Chỉ vu sở,",止于楚。
Thuỳ tùng Mục Công?,誰從穆公？
Tử Xa Kiềm Hổ.,子車鍼虎。
"Duy thử Kiềm Hổ,",維此鍼虎，
Bách phu chi ngự.,百夫之禦。
"Lâm kỳ huật,",臨其穴，
Chuy chuy kỳ lật,惴惴其栗。
"Bỉ thương giả hân,",彼蒼者天，
Tiêm ngã lương nhân.,殲我良人。
Như khả thục hề!,如可贖兮，
Nhân bách kỳ thân.,人百其身。
"Hoàng hĩ thượng đế,",皇矣上帝，
Lâm hạ hữu hách.,臨下有赫。
"Giám quan tứ phương,",監觀四方，
Cầu dân chi mạc.,求民之莫。
"Duy thử nhị quốc,",維此二國，
Kỳ chính bất hoạch.,其政不獲。
"Duy bỉ tứ quốc,",維彼四國，
Viên cứu viên đạc.,爰究爰度。
"Thượng đế kỳ chi,",上帝耆之，
Tăng kỳ thức khoách.,憎其式廓。
"Nãi quyến tây cố,",乃眷西顧，
Thử duy dữ trạch.,此維與宅。
"Tác chi bính chi,",作之屏之，
"Kỳ tri kỳ ế,",其菑其翳。
"Tu chi bình chi,",修之平之，
Kỳ quán kỳ lệ.,其灌其栵。
"Khải chi tịch chi,",啓之辟之，
Kỳ sanh kỳ cư.,其檉其椐。
"Nhương chi thích chi,",攘之剔之，
Kỳ yếm kỳ đố.,其檿其柘。
"Đế thiên minh đức,",帝遷明德，
Quán di tái lộ.,串夷載路。
"Thiên lập quyết phối,",天立厥配，
Thụ mệnh ký cố.,受命既固。
"Đế tỉnh Kỳ Sơn,",帝省其山，
"Tạc vực tư bội,",柞棫斯拔，
Tùng bách tư đoài.,松柏斯兌。
"Đế tác bang tác đối,",帝作邦作對，
"Tự Thái Bá, Vương Quý.",自太伯王季。
"Duy thử Vương Quý,",維此王季，
Nhân tâm tắc hữu.,因心則友。
"Tắc hữu kỳ huynh,",則友其兄，
"Tắc đốc kỳ khánh,",則篤其慶，
Tái tích chi quang.,載錫之光。
"Thụ lộc vô táng,",受祿無喪，
Yêm hữu tứ phương.,奄有四方。
"Duy thử Vương Quý,",維此王季，
Đế đạc kỳ tâm.,帝度其心。
"Mạch kỳ đức âm,",貊其德音，
Kỳ đức khắc minh.,其德克明。
"Khắc minh khắc loại,",克明克類，
Khắc trưởng khắc quân.,克長克君。
"Vương thử đại bang,",王此大邦，
Khắc thuận khắc tỷ.,克順克比。
"Tỷ vu Văn Vương,",比于文王，
Kỳ đức mỹ hối.,其德靡悔。
"Ký thụ đế chỉ,",既受帝祉，
Dị vu tôn tử.,施于孫子。
Đế vị Văn Vương:,帝謂文王：
"Vô nhiên bạn viện,",無然畔援，
"Vô nhiên hâm tiễn,",無然歆羨，
Đản tiên đăng vu ngạn.,誕先登于岸。
"Mật nhân bất cung,",密人不恭，
"Cảm cự đại bang,",敢距大邦，
Xâm Nguyễn tồ cung.,侵阮徂共。
"Vương hách tư nộ,",王赫斯怒，
"Viên chỉnh kỳ lữ,",爰整其旅，
Dĩ án tồ lữ.,以按徂旅。
"Dĩ đốc Chu hỗ,",以篤周祜，
Dĩ đối vu thiên hạ.,以對于天下。
"Y kỳ tại kinh,",依其在京，
Xâm tại Nguyễn cương.,侵在阮疆。
"Trắc ngã cao cương,",陟我高岡，
Vô thỉ ngã lăng.,無矢我陵。
"Ngã lăng ngã a,",我陵我阿，
"Vô ẩm ngã tuyền,",無飲我泉，
Ngã tuyền ngã trì.,我泉我池！
"Độ kỳ tiên nguyên,",度其鮮原，
"Cư Kỳ chi dương,",居岐之陽，
Tại Vị chi tương.,在渭之將。
"Vạn bang chi phương,",萬邦之方，
Hạ dân chi vương.,下民之王。
Đế vị Văn Vương:,帝謂文王：
"Dư hoài minh đức,",予懷明德，
"Bất đại thanh dĩ sắc,",不大聲以色，
Bất trưởng hạ dĩ cách.,不長夏以革。
"Bất thức bất tri,",不識不知，
Thuận đế chi tắc.,順帝之則。
Đế vị Văn Vương:,帝謂文王：
"Tuân nhĩ cừu phương,",詢爾仇方，
Đồng nhĩ huynh đệ.,同爾兄弟。
"Dĩ nhĩ câu viên,",以爾鉤援，
"Dữ nhĩ lâm xung,",與爾臨衝，
Dĩ phạt Sùng dung.,以伐崇墉。
"Lâm xung nhàn nhàn,",臨衝閑閑，
"Sùng dung ngôn ngôn,",崇墉言言，
"Chấp tấn liên liên,",執訊連連，
Du quắc an an.,攸馘安安。
"Thị loại thị mã,",是類是禡，
"Thị trí thị phụ,",是致是附，
Tứ phương dĩ vô vũ.,四方以無侮。
"Lâm xung phất phất,",臨衝茀茀，
Sùng dung ngật ngật.,崇墉仡仡。
"Thị phạt thị tứ,",是伐是肆，
"Thị tuyệt thị hốt,",是絕是忽，
Tứ phương dĩ vô phất.,四方以無拂。
"Hoàng hoàng giả hoa,",皇皇者華，
Vu bỉ nguyên thấp;,於彼原隰。
"Tuy tuy chinh phu,",駪駪征夫，
Mỗi hoài mỹ cập.,每懷靡及。
"Ngã mã duy cu,",我馬維駒，
Lục bí như nhu;,六轡如濡。
"Tải trì tải khu,",載馳載驅，
Chu viên tư tưu.,周爰咨諏。
"Ngã mã duy kỳ,",我馬維騏，
Lục bí như ti;,六轡如絲。
"Tải trì tải khu,",載馳載驅，
Chu viên tư mưu.,周爰咨謀。
"Ngã mã duy lạc,",我馬維駱，
Lục bí ốc nhược;,六轡沃若。
"Tải trì tải khu,",載馳載驅，
Chu viên tư đê.,周爰咨度。
"Ngã mã duy nhân,",我馬維骃，
Lục bí ký quân;,六轡既均。
"Tải trì tải khu,",載馳載驅，
Chu viên tư tuân.,周爰咨詢。
"Hoành môn chi hạ,",衡門之下，
Khả dĩ tê trì.,可以棲遲。
"Bí chi dương dương,",泌之洋洋，
Khả dĩ lạc cơ.,可以樂饑。
"Khỉ kỳ thực ngư,",豈其食魚，
Tất hà chi phòng?,必河之魴？
"Khỉ kỳ thú thê,",豈其娶妻，
Tất Tề chi Khương?,必齊之姜？
"Khỉ kỳ thực ngư,",豈其食魚，
Tất hà chi lý?,必河之鯉？
"Khỉ kỳ thú thê,",豈其娶妻，
Tất Tống chi Tỉ?,必宋之子？
"Hoàn lan chi chi,",芄蘭之支，
Đồng tử bội huề.,童子佩觿。
"Tuy tắc bội huề,",雖則佩觿，
Năng bất ngã tri.,能不我知。
Dung hề toại hề!,容兮遂兮，
Thuỳ đái quỵ hề!,垂帶悸兮。
"Hoàn lan chi diệp,",芄蘭之葉，
Đồng tử bội thiếp.,童子佩韘。
"Tuy tắc bội thiếp,",雖則佩韘，
Năng bất ngã giáp.,能不我甲。
Dung hề toại hề!,容兮遂兮，
Thuỳ đái quỵ hề!,垂帶悸兮。
"Phiên phiên hồ diệp,",幡幡瓠葉，
Thái chi hanh chi.,采之亨之。
"Quân tử hữu tửu,",君子有酒，
Chước ngôn thường chi.,酌言嘗之。
"Hữu thố tư thủ,",有兔斯首，
Pháo chi phàn chi.,炮之燔之。
"Quân tử hữu tửu,",君子有酒，
Chước ngôn hiến chi.,酌言獻之。
"Hữu thố tư thủ,",有兔斯首，
Phần chi trước chi.,燔之炙之。
"Quân tử hữu tửu,",君子有酒，
Chước ngôn tạc chi.,酌言酢之。
"Hữu thố tư thủ,",有兔斯首，
Phần chi pháo chi.,燔之炮之。
"Quân tử hữu tửu,",君子有酒，
Chước ngôn thù chi.,酌言酬之。
"Hùng trĩ vu phi,",雄雉于飛，
Dị dị kỳ vũ.,泄泄其羽。
Ngã chi hoài hĩ!,我之懷矣，
Tự di y trở.,自詒伊阻。
"Hùng trĩ vu phi,",雄雉于飛，
Há thướng kỳ âm.,下上其音。
Triển hĩ quân tử!,展矣君子，
Thực lao ngã tâm.,實勞我心。
"Chiêm bỉ nhật nguyệt,",瞻彼日月，
Du du ngã ti.,悠悠我思。
"Đạo chi vân viễn,",道之云遠，
Hạt vân năng ly.,曷云能來？
"Bách nhĩ quân tử,",百爾君子，
Bất tri đức hàng.,不知德行。
"Bất chí bất cầu,",不忮不求，
Hà dụng bất tang?,何用不臧。
"Hữu bật, hữu bật,",有駜有駜，
Bật bỉ thặng hoàng.,駜彼乘黃。
"Túc dạ tại công,",夙夜在公，
Tại công minh minh.,在公明明。
"Chấn chấn lộ,",振振鷺，
Lộ vu hạ.,鷺于下。
"Cổ ân ân,",鼓咽咽，
Tuý ngôn vũ.,醉言舞。
Vu tư lạc hề.,于胥樂兮。
"Hữu bật hữu bật,",有駜有駜，
Bật bỉ thặng mẫu.,駜彼乘牡。
"Túc dạ tại công,",夙夜在公，
Tại công ẩm tửu.,在公飲酒。
"Chấn chấn lộ,",振振鷺，
Lộ vu phi.,鷺于飛。
"Cổ ân ân,",鼓咽咽，
Tuý ngôn quy.,醉言歸。
Vu tư lạc hề.,于胥樂兮。
"Hữu bật hữu bật,",有駜有駜，
Bật bỉ thặng huyến.,駜彼乘駽。
"Túc dạ tại công,",夙夜在公，
Tại công tái yến.,在公載燕。
"Tự kim dĩ thuỷ,",自今以始，
Tuế kỳ hữu.,歲其有。
"Quân tử hữu cốc,",君子有穀，
Di tôn tử.,詒孫子。
Vu tư lạc hề.,于胥樂兮。
"Hữu cổ hữu cổ,",有瞽有瞽，
Tại Chu chi đình.,在周之庭。
"Thiết nghiệp thiết cự,",設業設虡，
Sùng nha thụ vũ.,崇牙樹羽。
"Ứng điền huyền cổ,",應田縣鼓，
Đào khánh xúc ngữ.,鞉磬柷圉。
"Ký bị nãi tấu,",既備乃奏，
Tiêu quản bị cử.,簫管備舉。
"Hoàng hoàng quyết thanh,",喤喤厥聲，
"Túc ung hoà minh,",肅雝和鳴，
Tiên tổ thị thinh.,先祖是聽。
"Ngã khách lệ chỉ,",我客戾止，
Vĩnh quan quyết thành.,永觀厥成。
Hữu đệ chi đỗ,有杕之杜，
Sinh vu đạo tả.,生于道左。
Bỉ quân tử hề!,彼君子兮，
Thệ khẳng thích ngã.,噬肯適我。
"Trung tâm háo chi,",中心好之，
Hạt ấm tự chi?,曷飲食之？
"Hữu đệ chi đỗ,",有杕之杜，
Sinh vu đạo chu.,生于道周。
Bỉ quân tử hề!,彼君子兮，
Thệ khẳng lai du?,噬肯來遊。
"Trung tâm háo chi,",中心好之，
Hạt ấm tự chi?,曷飲食之？
"Hữu hồ tuy tuy,",有狐綏綏，
Tại bỉ Kỳ lương.,在彼淇梁。
"Tâm chi ưu hĩ,",心之憂矣，
Chi tử vô thường.,之子無裳。
"Hữu hồ tuy tuy,",有狐綏綏，
Tại bỉ Kỳ lệ,在彼淇厲。
"Tâm chi ưu hĩ,",心之憂矣，
Chi tử vô đế.,之子無帶。
"Hữu hồ tuy tuy,",有狐綏綏，
"Tại bỉ Kỳ trắc,",在彼淇側。
"Tâm chi ưu hĩ,",心之憂矣，
Chi tử vô bặc.,之子無服。
"Hữu khách, hữu khách,",有客有客，
Diệc bạch kỳ mã.,亦白其馬。
"Hữu thê hữu thả,",有萋有且，
Đôn trác kỳ lữ.,敦琢其旅。
"Hữu khách túc túc,",有客宿宿，
Hữu khách tín tín.,有客信信。
"Ngôn thụ chi trập,",言授之縶，
Dĩ trập kỳ mã.,以縶其馬。
"Bạc ngôn truy chi,",薄言追之，
Tả hữu tuy chi.,左右綏之。
"Ký hữu dâm uy,",既有淫威，
Giáng phúc khổng di.,降福孔夷。
"Hữu nữ đồng xa,",有女同車，
Nhan như thuấn phô.,顏如舜華。
"Tương ngao tương tường,",將翱將翔，
Bội ngọc quỳnh cư.,佩玉瓊琚。
"Bỉ mỹ Mạnh Khương,",彼美孟姜，
Tuân mỹ thả đô.,洵美且都。
"Hữu nữ đồng hành,",有女同行，
Nhan như thuấn ương.,顏如舜英。
"Tương ngao tương tường,",將翱將翔，
Bội ngọc thương thương.,佩玉將將。
"Bỉ mỹ Mạnh Khương,",彼美孟姜，
Đức âm bất vong.,德音不忘。
"Huýnh chước bỉ hành lạo,",泂酌彼行潦，
"Ấp bỉ chú tư,",挹彼注茲，
Khả dĩ phân xí.,可以饙饎。
"Khải đễ quân tử,",豈弟君子，
Dân chi phụ mẫu.,民之父母。
"Huýnh chước bỉ hành lạo,",泂酌彼行潦，
"Ấp bỉ chú tư,",挹彼注茲，
Khả dĩ trạc lôi.,可以濯罍。
"Khải đễ quân tử,",豈弟君子，
Dân chi du quy.,民之攸歸。
"Huýnh chước bỉ hành lạo,",泂酌彼行潦，
"Ấp bỉ chú tư,",挹彼注茲，
Khả dĩ trạc cái.,可以濯溉。
"Khải đễ quân tử,",豈弟君子，
Dân chi du ký.,民之攸塈。
Kê ký minh hĩ.,「雞既鳴矣，
Triều ký doanh hĩ.,朝既盈矣。」
"Phỉ kê tắc minh,",「匪雞則鳴，
Thương nhăng chi thanh.,蒼蠅之聲。」
Đông phương mang hĩ.,「東方明矣，
Triều ký xương hĩ.,朝既昌矣。」
"Phỉ đông phương tắc mang (minh),",「匪東方則明，
Nguyệt xuất chi quang.,月出之光。」
"Trùng phi hoăng hoăng,",「蟲飛薨薨，
Cam dữ tử đồng mặng.,甘與子同夢；
Hội thả quy hĩ.,會且歸矣，
Vô thứ dư tử tăng.,無庶予子憎！」
"Khải phong tự nam,",凱風自南，
Xuy bỉ cức tâm.,吹彼棘心。
"Cức tâm yêu yêu,",棘心夭夭，
Mẫu thị cù liêu.,母氏劬勞。
"Khải phong tự nam,",凱風自南，
Xuy bỉ cức tân.,吹彼棘薪。
"Mẫu thị thánh thiện,",母氏聖善，
Ngã vô lệnh nhân.,我無令人。
"Viên hữu hàn tuyền,",爰有寒泉，
Tại Tuấn chi hộ.,在浚之下。
"Hữu tử thất nhân,",有子七人，
Mẫu thị lao khổ.,母氏勞苦。
"Diễn quan hoàng điểu,",睍睆黃鳥，
Tái hảo kỳ âm.,載好其音。
"Hữu tử thất nhân,",有子七人，
Mạc uỷ mẫu tâm.,莫慰母心。
"Khảo bàn tại giên,",考槃在澗，
Thạc nhân chi khuyên.,碩人之寬。
"Độc mỵ ngụ ngôn,",獨寐寤言，
Vĩnh thỉ phất huyên.,永矢弗諼。
"Khảo bàn tại a,",考槃在阿，
Thạc nhân chi khoa.,碩人之薖。
"Độc mỵ ngụ ca,",獨寐寤歌，
Vĩnh thỉ phất qua.,永矢弗過。
"Khảo bàn tại lục,",考槃在陸，
Thạc nhân chi trục.,碩人之軸。
"Độc mỵ ngụ túc,",獨寐寤宿，
Vĩnh thỉ phất cốc.,永矢弗告。
"Khâu trung hữu ma,",丘中有麻，
Bỉ lưu Tử Ta.,彼留子嗟。
"Bỉ lưu Tử Ta,",彼留子嗟，
Thương kỳ lai xà xà.,將其來施施。
"Khâu trung hữu mạch,",丘中有麥，
Bỉ lưu Tử Quốc.,彼留子國。
"Bỉ lưu Tử Quốc,",彼留子國，
Thương kỳ lai thực.,將其來食。
"Khâu trung hữu lý,",丘中有李，
Bỉ lưu chi tỷ.,彼留之子。
"Bỉ lưu chi tỷ,",彼留之子，
Di ngã bội kỷ.,貽我佩玖。
"Tử huệ tư ngã,",子惠思我，
Khiên thường thiệp Trăn.,褰裳涉溱。
"Tử bất ngã tư,",子不我思，
Khỉ vô tha nhân?,豈無他人？
Cuồng đồng chi cuồng dã thư!,狂童之狂也且！
"Tử huệ tư ngã,",子惠思我，
Khiên thường thiệp Vĩ.,褰裳涉洧。
"Tử bất ngã tư,",子不我思，
Khỉ vô tha sĩ?,豈無他士。
Cuồng đồng chi cuồng dã thư.,狂童之狂也且！
"Kích cổ kỳ thang,",擊鼓其鏜，
Dũng dược dụng binh.,踴躍用兵。
"Thổ quốc thành Tào,",土國城漕，
Ngã độc nam hành.,我獨南行。
Tùng Tôn Tử Trọng.,從孫子仲，
Bình Trần dữ Tống.,平陳與宋。
Bất ngã dĩ quy,不我以歸，
Ưu tâm hữu sung.,憂心有忡。
"Viên cư viên xử,",爰居爰處？
Viên táng kỳ mã.,爰喪其馬？
"Vu dĩ cầu chi,",于以求之？
Vu lâm chi hạ.,于林之下。
"Tử sinh khiết khoát,",死生契闊，
Dữ tử thành thuyết.,與子成說。
"Chấp tử chi thủ,",執子之手，
Dữ tử giai lão.,與子偕老。
Hu ta khoát hề!,于嗟闊兮，
Bất ngã hoạt hề!,不我活兮。
Hu ta tuân hề!,于嗟洵兮，
Bất ngã thân hề!,不我信兮。
"Kiêm gia thương thương,",蒹葭蒼蒼，
Bạch lộ vi sương.,白露為霜。
"Sở vị y nhân,",所謂伊人，
Tại thuỷ nhất phương.,在水一方。
"Tố hồi tùng chi,",溯洄從之，
"Đạo trở thả trường,",道阻且長；
"Tố du tùng chi,",溯游從之，
Uyển tại thuỷ trung ương.,宛在水中央。
Kiêm gia thê thê,蒹葭萋萋，
Bạch lộ vị hy.,白露未曦。
"Sở vị y nhân,",所謂伊人，
Tại thuỷ chi my.,在水之湄。
"Tố hồi tùng chi,",溯洄從之，
"Đạo trở thả tê,",道阻且躋；
"Tố du tùng chi,",溯游從之，
Uyển tại thuỷ trung trì.,宛在水中坻。
Kiêm gia thể thể,蒹葭采采，
Bạch lộ vị dĩ.,白露未已。
"Sở vị y nhân,",所謂伊人，
Tại thuỷ chi dĩ.,在水之涘。
"Tố hồi tùng chi,",溯洄從之，
"Đạo trở thả vĩ,",道阻且右；
"Tố du tùng chi,",溯游從之，
Uyển tại thuỷ trung chỉ.,宛在水中沚。
"Kính chi kính chi,",敬之敬之，
"Thiên duy hiển tư,",天維顯思，
Mệnh bất dị tai.,命不易哉。
"Vô viết cao cao tại thượng,",無曰高高在上，
"Trắc giáng quyết sĩ,",陟降厥士，
Nhật giám tại tư.,日監在茲。
"Duy dư tiểu tử,",維予小子，
Bất thông kính chỉ.,不聰敬止。
"Nhật tựu nguyệt tương,",日就月將，
Học hữu tập hy vu quang minh.,學有緝熙于光明。
"Bật thì tử kiên,",佛時仔肩，
Thị ngã hiển đức hạnh.,示我顯德行。
Kỳ phủ!,祈父、
Dư vương chi trảo nha.,予王之爪牙。
Hồ chuyển dư vu tuất?,胡轉予于恤、
Mỹ sở chỉ cư.,靡所止居。
"Ký tuý dĩ tửu,",既醉以酒，
Ký bão dĩ đức.,既飽以德。
"Quân tử vạn niên,",君子萬年，
Giới nhĩ cảnh phúc.,介爾景福。
"Ký tuý dĩ tửu,",既醉以酒，
Nhĩ hào ký tương.,爾殽既將。
"Quân tử vạn niên,",君子萬年，
Giới nhĩ chiêu minh.,介爾昭明。
"Chiêu minh hữu dung,",昭明有融，
Cao lãng lệnh chung.,高朗令終。
"Lệnh chung hữu xúc,",令終有俶，
Công thi gia cáo.,公尸嘉告。
Kỳ cáo duy hà?,其告維何？
Biên đậu tĩnh gia.,籩豆靜嘉。
"Bằng hữu du nhiếp,",朋友攸攝，
Nhiếp dĩ uy nghi.,攝以威儀。
"Uy nghi khổng thì,",威儀孔時，
Quân tử hữu hiếu tử.,君子有孝子。
"Hiếu tử bất quỹ,",孝子不匱，
Vĩnh tích nhĩ loại.,永錫爾類。
Kỳ loại duy hà?,其類維何？
Thất gia chi khổn.,室家之壼。
"Quân tử vạn niên,",君子萬年，
Vĩnh tích tộ dận.,永錫祚胤。
Kỳ dận duy hà?,其胤維何？
Thiên bị nhĩ lộc.,天被爾禄。
"Quân tử vạn niên,",君子萬年，
Cảnh mệnh hữu bộc.,景命有僕。
Kỳ bộc duy hà?,其僕維何？
Ly nhĩ nữ sĩ.,釐爾女士。
"Ly nhĩ nữ sĩ,",釐爾女士，
Tòng dĩ tôn tử.,從以孫子。
"Chiêm bỉ Kỳ úc,",瞻彼淇奧，
Lục trúc a a.,綠竹猗猗。
Hữu phỉ quân tử.,有匪君子，
Như thiết như tha.,如切如磋，
Như trác như ma.,如琢如磨。
"Sắt hề, hạn hề!",瑟兮、僴兮，
"Hách hề, hoán hề!",赫兮、咺兮。
"Hữu phỉ quân tử,",有匪君子，
Chung bất khả huyến hề!,終不可諼兮。
"Chiêm bỉ Kỳ úc,",瞻彼淇奧，
Lục trúc tinh tinh.,綠竹青青。
"Hữu phỉ quân tử,",有匪君子，
Sung nhĩ tú doanh.,充耳琇瑩，
"Cối biền như tinh,",會弁如星。
"Sắt hề, hạn hề!",瑟兮、僴兮，
"Hách hề, hoán hề!",赫兮、咺兮。
"Hữu phỉ quân tử,",有匪君子，
Chung bất khả huyến hề!,終不可諼兮。
"Chiêm bỉ Kỳ úc,",瞻彼淇奧，
Lục trúc như trích.,綠竹如簀。
"Hữu phỉ quân tử,",有匪君子，
Như kim như tích.,如金如錫，
"Như khuê như bích,",如圭如璧。
"Khoan hề, xước hề!",寬兮、綽兮，
Y trùng giác hề!,猗重較兮。
Thiện hý hước hề!,善戲謔兮，
Bất vi ngược hề!,不為虐兮。
"Văn Vương ký cần chỉ,",文王既勤止，
Ngã ưng thụ chi.,我應受之。
"Phu thì dịch tư,",敷時繹思，
Ngã tồ duy cầu định.,我徂維求定。
"Thì Chu chi mệnh,",時周之命，
Ô dịch tư.,於繹思。
"Lân chi chỉ,",麟之趾、
Chân chân công tỉ.,振振公子。
Hu ta lân hề!,于嗟麟兮。
"Lân chi đính,",麟之定、
Chân chân công tính.,振振公姓。
Hu ta lân hề!,于嗟麟兮。
"Lân chi lốc,",麟之角、
Chân chân công tộc.,振振公族。
Hu ta lân hề!,于嗟麟兮。
"Lang bạt kỳ hồ,",狼跋其胡、
Tái trí kỳ vĩ.,載疐其尾。
"Công tốn thạc phu,",公孫碩膚、
Xích tích kỷ kỷ.,赤舄几几。
"Lang trí kỳ vĩ,",狼疐其尾、
Tái bạt kỳ hồ.,載跋其胡。
"Công tốn thạc phu,",公孫碩膚、
Đức âm bất hồ.,德音不瑕。
"Liệt văn bích công,",烈文辟公，
Tích tư chỉ phúc.,錫茲祉福。
"Huệ ngã vô cương,",惠我無疆，
Tử tôn bảo chi.,子孫保之。
"Vô phong mỹ vu nhĩ bang,",無封靡于爾邦，
Duy vương kỳ sùng chi.,維王其崇之。
"Niệm tư nhung công,",念茲戎功，
Kế tự kỳ hoàng chi.,繼序其皇之。
"Vô cạnh duy nhân,",無競維人，
Tứ phương kỳ huấn chi.,四方其訓之。
"Bất hiển duy đức,",不顯維德，
Bách bích kỳ hình chi.,百辟其刑之。
Ô hô: tiền vương bất vong.,於乎前王不忘。
"Kinh thuỷ Linh Đài,",經始靈臺，
Kinh chi doanh chi.,經之營之。
"Thứ dân công chi,",庶民攻之，
Bất nhật thành chi.,不日成之。
"Kinh thuỷ vật cức,",經始勿亟，
Thứ dân tử lai.,庶民子来。
"Vương tại Linh Hựu,",王在靈囿，
Ưu lộc du phục;,麀鹿攸伏；
"Ưu lộc trạc trạc,",麀鹿濯濯，
Bạch điểu hạc hạc.,白鳥翯翯。
"Vương tại Linh Chiểu,",王在靈沼，
Ô nhận ngư dược!,於牣魚躍！
"Cự nghiệp duy tung,",虡業維樅，
Phần cổ duy dung.,賁鼓維鏞。
"Ô luân cổ chung,",於論鼓鐘，
Ô lạc Bích Ung.,於樂辟癰。
"Ô luân cổ chung,",於論鼓鐘，
Ô lạc Bích Ung.,於樂辟癰。
"Đà cổ bồng bồng,",鼉鼓逢逢，
Mông tẩu tấu công.,矇瞍奏公。
"U u lộc minh,",呦呦鹿鳴，
Thực dã chi bình.,食野之蘋。
"Ngã hữu gia tân,",我有嘉賓，
Cổ sắt xuy sinh.,鼓瑟吹笙。
"Xuy sinh cổ hoàng,",吹笙鼓簧，
Thừa khuông thị tương.,承筐是將。
"Nhân chi hảo ngã,",人之好我，
Thị ngã chu hàng.,示我周行。
"U u lộc minh,",呦呦鹿鳴，
Thực dã chi hao.,食野之蒿。
"Ngã hữu gia tân,",我有嘉賓，
Đức âm khổng trao.,德音孔昭。
"Thị dân bất thao,",視民不恌，
Quân tử thị tắc thị hào.,君子是則是傚。
"Ngã hữu chi tửu,",我有旨酒，
Gia tân thức yến dĩ ngao.,嘉賓式燕以敖。
"U u lộc minh,",呦呦鹿鳴，
Thực dã chi cầm.,食野之芩。
"Ngã hữu gia tân,",我有嘉賓，
Cổ sắt cổ cầm.,鼓瑟鼓琴。
"Cổ sắt cổ cầm,",鼓瑟鼓琴，
Hoà lạc thả trầm.,和樂且湛。
"Ngã hữu chi tửu,",我有旨酒，
Dĩ yến lạc gia tân chi tâm.,以燕樂嘉賓之心。
"Lô linh linh,",盧令令，
Kỳ nhân mỹ thả nhân!,其人美且仁。
"Lô trùng hoàn,",盧重環，
Kỳ nhân mỹ thả quyền!,其人美且鬈。
"Lô trùng mai,",盧重鋂，
Kỳ nhân mỹ thả tai!,其人美且偲。
"Lục nguyệt tê tê,",六月棲棲，
Nhung xa ký sức.,戎車既飭，
"Tứ mẫu quỳ quỳ,",四牡騤騤，
Tái thị thường phục.,載是常服。
"Nghiễm doãn khổng xí,",玁狁孔熾，
Ngã thị tâm cấp.,我是用急，
"Vương vu xuất chinh,",王於出征，
Dĩ khuông vương quốc.,以匡王國。
"Tý vật tứ ly,",比物四驪，
Nhàn chi duy tắc.,閑之維則，
"Duy thử lục nguyệt,",維此六月，
Ký thành ngã phục.,既成我服。
"Ngã phục ký thành,",我服既成，
"Vu tam thập lý,",於三十里，
"Vương vu xuất chinh,",王於出征，
Dĩ tá thiên tử.,以佐天子。
"Tứ mẫu tu quảng,",四牡修廣，
Kỳ đại hữu ngung.,其大有顒，
"Bạc phạt Nghiễm doãn,",薄伐玁狁，
Dĩ tấu phu công.,以奏膚公。
"Hữu nghiêm hữu dực,",有嚴有翼，
Cung vũ chi phục.,共武之服，
"Cung vũ chi phục,",共武之服，
Dĩ định vương quốc.,以定王國。
"Nghiễm doãn phỉ nhũ,",玁狁匪茹，
"Chỉnh cư Tiêu, Hộ.",整居焦穫，
"Xâm Hạo cập Phương,",侵鎬及方，
Chí vu Kinh dương.,至於涇陽。
"Chí văn điểu chương,",織文鳥章，
Bạch đại ương ương.,白旆中央，
"Nguyên nhung thập thặng,",元戎十乘，
Dĩ tiền khải hành.,以先啟行。
"Nhung xa ký an,",戎也既安，
Như trí như hiên.,如輊如軒，
"Tứ mẫu ký cát,",四牡既佶，
Ký cát thả nhàn.,既佶且閑。
"Bạc phạt Nghiễm doãn,",薄伐玁狁，
Chí vu Thái Nguyên.,至於太原，
"Văn vũ Cát Phủ,",文武吉甫，
Vạn ban vi hiến.,萬邦爲憲。
"Cát Phủ yến hỹ,",吉甫燕喜，
Ký đa thụ chỉ.,既多受祉，
"Lai quy tự Hạo,",來歸自鎬，
Ngã hành vĩnh cửu.,我行永久。
"Ấm ngự chư hữu,",飲禦諸友，
Bào biết khoái lý.,炰鱉膾鯉，
Hầu thuỷ tại hỹ?,侯誰在矣，
Trương Trọng hiếu hữu.,張仲孝友。
"Lục bỉ tiêu tư,",蓼彼蕭斯，
Linh lộ tứ hề.,零露湑兮。
"Ký kiến quân tử,",既見君子，
Ngã tâm tả hề.,我心寫兮。
"Yến tiếu ngữ hề,",燕笑語兮，
Thị dĩ hữu dự xử hề.,是以有譽處兮。
"Lục bỉ tiêu tư,",蓼彼蕭斯，
Linh lộ nhương nhương.,零露瀼瀼。
"Ký kiến quân tử,",既見君子，
Vi long vi quang.,爲龍爲光。
"Kỳ đức bất sảng,",其德不爽，
Thọ khảo bất vong.,壽考不忘。
"Lục bỉ tiêu tư,",蓼彼蕭斯，
Linh lộ nễ nễ.,零露泥泥。
"Ký kiến quân tử,",既見君子，
Khổng yến khải đễ.,孔燕豈弟。
"Nghi huynh nghi đệ,",宜兄宜弟，
Lịnh đức thọ khải.,令德壽豈。
"Lục bỉ tiêu tư,",蓼彼蕭斯，
Linh lộ nùng nùng.,零露濃濃。
"Ký kiến quân tử,",既見君子，
Điều cách trùng trùng.,鞗革沖沖。
"Hoà lan ung ung,",和鸞雍雍，
Vạn phúc du đồng.,萬福攸同。
"Lục hề y hề,",綠兮衣兮，
Lục y hoàng lý.,綠衣黃里。
Tâm chi ưu hĩ.,心之憂矣，
Hạt duy kỳ dĩ?,曷維其已？
Lục hề y hề!,綠兮衣兮，
Lục y hoàng thường.,綠衣黃裳。
Tâm chi ưu hĩ!,心之憂矣，
Hạt duy kỳ vong?,曷維其亡？
"Lục hề ty hề,",綠兮絲兮，
Nhữ sở trì hề!,女所治兮。
Ngã tư cổ nhân.,我思古人，
Tỷ vô vi hề.,俾無訧兮。
Si hề khích hề!,絺兮绤兮，
Thê kỳ dĩ phâm.,凄其以風。
"Ngã tư cổ nhân,",我思古人，
Thực hoạch ngã tâm.,實獲我心。
"Tắc tắc lương cử,",畟畟良耜，
Thục tái nam mẫu.,俶載南畝。
"Bá quyết bách cốc,",播厥百穀，
Thực hàm tư hoạt.,實函斯活。
"Hoặc lai chiêm nhữ,",或來瞻女，
"Tái khuông cập cử,",載筐及筥，
Kỳ hướng y thử.,其饟伊黍。
"Kỳ lạp y củ,",其笠伊糾，
"Kỳ bác tư triệu,",其鎛斯趙，
Dĩ hao đồ liễu.,以薅荼蓼。
"Đồ liễu hủ chỉ,",荼蓼朽止，
Thử tắc mậu chỉ.,黍稷茂止。
"Hoạch chi trất trất,",穫之挃挃，
Tích chi lật lật.,積之栗栗。
"Kỳ sùng như dung,",其崇如墉，
Kỳ tỉ như trất.,其比如櫛。
"Dĩ khai bách thất,",以開百室，
"Bách thất doanh chỉ,",百室盈止，
Phụ tử ninh chỉ.,婦子寧止。
"Sát thì thuần mẫu,",殺時犉牡，
Hữu cầu kỳ giác.,有捄其角。
"Dĩ tự dĩ tục,",以似以續，
Tục cổ chi nhân.,續古之人。
"Mẫn dư tiểu tử,",閔予小子，
"Tao gia bất tạo,",遭家不造，
Quỳnh quỳnh tại cứu.,嬛嬛在疚。
"Ô hô hoàng khảo,",於乎皇考，
"Vĩnh thế khắc hiếu,",永世克孝，
"Niệm tư hoàng tổ,",念茲皇祖，
Trắc giáng đình chỉ.,陟降庭止。
"Duy dư tiểu tử,",維予小子，
Túc dạ kính chỉ.,夙夜敬止。
"Ô hô hoàng vương,",於乎皇王，
Kế tự tư bất vong.,繼序思不忘。
"Manh chi si si,",氓之蚩蚩，
"Bảo bố mậu ty,",抱布貿絲。
"Phỉ lai mậu ty,",匪來貿絲，
Lai tức ngã mi.,來即我謀。
"Tống tử thiệp Kỳ,",送子涉淇，
Chí vu Đốn Khi.,至于頓丘。
"Phỉ ngã khiên kỳ,",匪我愆期，
Tử vô lương mi.,子無良媒。
Thương tử vô nộ.,將子無怒，
Thu dĩ vi kỳ.,秋以為期。
"Thừa bỉ quỷ viên,",乘彼垝垣，
Dĩ vọng Phục khuyên.,以望復關。
"Bất kiến Phục khuyên,",不見復關，
Khấp thế liên liên.,泣涕漣漣。
"Ký kiến Phục khuyên.,",既見復關，
Tái tiếu tái ngôn.,載笑載言。
"Nhĩ bốc nhĩ phệ,",爾卜爾筮，
Thể vô cữu ngôn.,體無咎言。
"Dĩ nhĩ xa lai,",以爾車來，
Dĩ ngã hối thiên.,以我賄遷。
"Tang chi vị lạc,",桑之未落，
Kỳ diệp ốc nhược.,其葉沃若。
Hu ta cưu hề!,于嗟鳩兮，
Vô thực tang trâm.,無食桑葚。
Hu ta nữ hề!,于嗟女兮，
Vô dữ sĩ trâm.,無與士耽。
Sĩ chi đam hề!,士之耽兮，
Do khả thuế dã.,猶可說也。
Nữ chi đam hề!,女之耽兮，
Bất khả thuế dã.,不可說也。
"Tang chi lạc hĩ,",桑之落矣，
Kỳ hoàng nhi vân.,其黃而隕。
"Tự ngã tổ nhĩ,",自我徂爾，
Tam thuế thực bần.,三歲食貧。
"Kỳ thuỷ thương thương,",淇水湯湯，
Tiêm xa duy thường.,漸車帷裳。
"Nữ dã bất sảng,",女也不爽，
Sĩ nhị kỳ hạng.,士貳其行。
"Sĩ dã vông cực,",士也罔極，
Nhị tam kỳ đức.,二三其德。
"Tam tuế vi phụ,",三歲為婦，
Mỹ thất lao hĩ.,靡室勞矣。
"Túc hưng dạ mỵ,",夙興夜寐，
Mỹ hữu trao hĩ.,靡有朝矣。
"Ngôn ký toại hĩ,",言既遂矣，
Chí vu bạo hĩ.,至于暴矣。
"Huynh đệ bất tri,",兄弟不知，
Hí kỳ tiếu hĩ.,咥其笑矣。
"Tĩnh ngôn tư chi,",靜言思之，
Cung tự điệu hĩ.,躬自悼矣。
"Cập nhĩ giao lão,",及爾偕老，
Lão sử ngã oán.,老使我怨。
"Kỳ tắc hữu nghiến,",淇則有岸，
Thấp tắc hữu phiến.,隰則有泮。
"Tổng giác chi yến,",總角之宴，
Ngôn tiếu yến yến.,言笑晏晏。
"Tín thệ điến điến,",信誓旦旦，
Bất từ kỳ phiến.,不思其反。
"Phản thị bất tê,",反是不思，
Diệc dĩ yên tê!,亦已焉哉！
Mao khâu chi cát hề!,旄丘之葛兮，
Hà đạn chi tiết hề!,何誕之節兮。
Thúc hề bức hề!,叔兮伯兮，
Hà đa nhật dã?,何多日也。
Hà kỳ xử dã?,何其處也？
Tất hữu dữ dã!,必有與也。
Hà kỳ kỷ dã?,何其久也？
Tất hữu dĩ dã!,必有以也。
"Hồ cầu mang nhung,",狐裘蒙戎，
Phỉ xa bất đông.,匪車不東。
Thúc hề bá hề!,叔兮伯兮，
Mỹ sở dữ đồng.,靡所與同。
Toả hề vĩ hề!,瑣兮尾兮，
Lưu ly chi tỉ.,流離之子。
Thúc hề bá hề!,叔兮伯兮，
Hựu nhi sung nhĩ.,褒如充耳。
Miên miên qua điệt.,綿綿瓜瓞。
"Dân chi sơ sinh,",民之初生，
Tự thổ Thư Thất.,自土沮漆。
"Cổ công Đản phủ,",古公亶父，
"Đào phúc đào huyệt,",陶復陶穴，
Vị hữu gia thất.,未有家室。
"Cổ công Đản phủ,",古公亶父，
"Lai triêu tẩu mã,",来朝走馬，
"Suất tây thuỷ hử,",率西水滸，
Chí vu Kỳ hạ.,至于岐下。
"Viên cập Khương nữ,",爰及姜女，
Duật lai tư vũ.,聿来胥宇。
"Chu nguyên vũ vũ,",周原膴膴，
Cẩn đồ như di.,堇荼如飴。
"Viên thuỷ viên mưu,",爰始爰謀，
Viên khí ngã quy.,爰契我龜。
"Viết chỉ viết thì,",曰止曰時，
Trúc thất vu tư.,築室于茲。
"Nãi uỷ nãi chỉ,",乃慰乃止，
Nãi tả nãi hữu.,乃左乃右，
"Nãi cương nãi lý,",乃疆乃理，
Nãi tuyên nãi mẫu.,乃宣乃畝。
"Tự tây tồ đông,",自西徂東，
Chu viên chấp sự.,周爰执事。
"Nãi triệu tư không,",乃召司空，
"Nãi triệu tư đồ,",乃召司徒，
Ty lập thất gia.,俾立室家。
"Kỳ thằng tắc trực,",其繩則直，
"Súc bản dĩ tái,",縮版以載，
Tác miếu dực dực.,作廟翼翼。
"Câu chi nhưng nhưng,",捄之陾陾，
"Đạc chi hoăng hoăng,",度之薨薨，
"Trúc chi đăng đăng,",築之登登，
Tước lũ bằng bằng.,削屢馮馮。
"Bách đổ giai hưng,",百堵皆興，
Cao cổ phất thăng.,鼛鼓弗勝。
"Nãi lập cao môn,",乃立皋門，
Cao môn hữu kháng;,皋門有伉；
"Nãi lập ứng môn,",乃立應門，
Ứng môn thương thương.,應門將將。
"Nãi lập trũng thổ,",乃立冢土，
Nhung xú du hành.,戎醜攸行。
"Tứ bất điễn quyết uẩn,",肆不殄厥慍，
Diệc bất vẫn quyết vấn.,亦不隕厥問，
"Tạc vực bội hĩ,",柞棫拔矣，
Hành đạo đoài hĩ.,行道兌矣。
"Côn Di thoái hĩ,",混夷駾矣，
Duy kỳ huý hĩ.,維其喙矣。
"Ngu Nhuế chất quyết thành,",虞芮質厥成，
Văn Vương quệ quyết sinh.,文王蹶厥生。
"Dư viết hữu sơ phụ,",予曰有疏附，
"Dư viết hữu tiên hậu,",予曰有先後，
"Dư viết hữu bôn tấu,",予曰有奔奏，
Dư viết hữu ngự vũ.,予曰有禦侮。
Đầu ngã dĩ mộc cô.,投我以木瓜，
Báo chi dĩ quỳnh cư.,報之以瓊琚。
"Phỉ báo dã,",匪報也，
Vĩnh dĩ vi hảo dã.,永以為好也。
"Đầu ngã dĩ mộc đào,",投我以木桃，
Báo chi dĩ quỳnh dao.,報之以瓊瑤。
"Phỉ báo dã,",匪報也，
Vĩnh dĩ vi hảo dã.,永以為好也。
Đầu ngã dĩ mộc lý.,投我以木李，
Báo chi dĩ quỳnh kỳ.,報之以瓊玖。
"Phỉ báo dã,",匪報也，
Vĩnh dĩ vi hảo dã.,永以為好也。
"Mộ môn hữu cức,",墓門有棘，
Phủ dĩ tư chi.,斧以斯之。
"Phu dã bất lương,",夫也不良，
"Quốc nhân tri chi,",國人知之，
Tri nhi bất dĩ.,知而不已，
Thuỳ tích nhiên hĩ.,誰昔然矣。
"Mộ môn hữu mai,",墓門有梅，
Hữu hiêu tuỵ chi.,有鴞萃止。
"Phu dã bất lương,",夫也不良，
"Ca dĩ tuý chi,",歌以訊之。
Tấn dư bất củ.,訊、予不顧，
Điên đảo tư dữ.,顛倒思予。
"Nam hữu gia ngư,",南有嘉魚，
Chưng nhiên trảo trảo.,烝然罩罩。
"Quân tử hữu tửu,",君子有酒，
Gia tân thức yến dĩ ngạo.,嘉賓式燕以樂。
"Nam hữu gia ngư,",南有嘉魚，
Chưng nhiên sán sán.,烝然汕汕。
"Quân tử hữu tửu,",君子有酒，
Gia tân thức yến dĩ khán.,嘉賓式燕以衎.
"Nam hữu cù mộc,",南有樛木，
Cam hộ lôi chi.,甘瓠累之。
"Quân tử hữu tửu,",君子有酒，
Gia tân thức yến tuy chi.,嘉賓式燕綏之。
"Phiên phiên giả chuy,",翩翩者鵻，
Chưng nhiên lai tư.,烝然來思。
"Quân tử hữu tửu,",君子有酒，
Gia tân thức yến hựu tư.,嘉賓式燕又思。
"Nam sơn tồi tồi,",南山崔崔，
Hùng hồ tuy tuy.,雄狐綏綏。
"Lỗ đạo hữu đãng,",魯道有蕩，
"Tề tử do quy,",齊子由歸，
"Ký viết quy chỉ,",既曰歸止，
Hạt hữu huỳ chỉ?,曷又懷止！
"Cát cú ngũ lưỡng,",葛屨五兩，
Quan nhuy song chỉ.,冠緌雙止。
"Lỗ đạo hữu đãng,",魯道有蕩，
Tề tử dung chỉ.,齊子庸止。
Ký viết dung chỉ,既曰庸止，
Hạt hựu tùng chỉ?,曷又從止！
Nghệ ma như chi hà?,蓺麻如之何？
Hoành tung kỳ mẫu.,衡從其畝。
Thú thê như chi hà?,取妻如之何？
Tất cốc phụ mẫu.,必告父母。
"Ký viết cốc chỉ,",既曰告止，
Hạt hựu cúc chỉ?,曷又鞠止！
Tích tân như chi hà?,析薪如之何？
Phỉ phủ bất khắc.,匪斧不克。
Thú thê như chi hà?,取妻如之何？
Phỉ môi bất đắc.,匪媒不得。
"Ký viết đắc chỉ,",既曰得止，
Hạt hựu cực chỉ?,曷又極止！
"Nam sơn hữu đài,",南山有臺，
Bắc sơn hữu lai.,北山有萊。
"Lạc chỉ quân tử,",樂隻君子，
Bang gia chi cơ.,邦家之基。
"Lạc chỉ quân tử,",樂隻君子，
Vạn thọ vô kỳ.,萬壽無期。
"Nam sơn hữu tang,",南山有桑，
Bắc sơn hữu dương.,北山有楊。
"Lạc chỉ quân tử,",樂隻君子，
Bang gia chi quang.,邦家之光。
"Lạc chỉ quân tử,",樂隻君子，
Vạn thọ vô cương.,萬壽無疆。
"Nam sơn hữu khỉ,",南山有杞，
Bắc sơn hữu lý.,北山有李。
"Lạc chỉ quân tử,",樂隻君子，
Dân chi phụ mẫu.,民之父母。
"Lạc chỉ quân tử,",樂隻君子，
Đức âm bất dĩ.,德音不已。
"Nam sơn hữu khảo,",南山有栲，
Bắc sơn hữu nữu.,北山有杻。
"Lạc chỉ quân tử,",樂隻君子，
Hà bất my thọ?,遐不眉壽。
"Lạc chỉ quân tử,",樂隻君子，
Đức âm thị mậu.,德音是茂。
"Nam sơn hữu cũ,",南山有枸，
Bắc sơn hữu dũ.,北山有楰。
"Lạc chỉ quân tử,",樂隻君子，
Hà bất hoàng cầu?,遐不黄耇。
"Lạc chỉ quân tử,",樂隻君子，
Bảo ngải nhĩ hậu.,保艾爾後。
"Ngã tương ngã hưởng,",我將我享，
"Duy dương duy ngưu,",維羊維牛，
Duy thiên kỳ hữu chi.,維天其右之。
"Nghi thức hình Văn Vương chi điển,",儀式刑文王之典，
Nhật tĩnh tứ phương.,日靖四方。
"Y hỗ Văn Vương,",伊嘏文王，
Ký hữu hưởng chi.,既右饗之。
"Ngã kỳ túc dạ,",我其夙夜，
"Uý thiên chi uy,",畏天之威，
Vu thời bảo chi.,于時保之。
"Ngư ly vu lựu,",魚麗於罶，
Thường sa.,鲿鯊。
"Quân tử hữu tửu,",君子有酒，
Chỉ thả đa.,旨且多。
"Ngư ly vu liễu,",魚麗於罶，
Phòng lễ.,魴鱧。
"Quân tử hữu tửu,",君子有酒，
Đa tha chỉ.,多且旨。
"Ngư ly vu liễu,",魚麗於罶，
Yển lý.,鰋鯉。
"Quân tử hữu tửu,",君子有酒，
Chỉ thả hữu.,旨且有。
"Vật kỳ đa hỹ,",物其多矣，
Duy kỳ gia hỹ.,維其嘉矣。
"Vật kỳ chỉ hỹ,",物其旨矣，
Duy kỳ giai hỹ.,維其偕矣。
"Vật kỳ hữu hỹ,",物其有矣，
Duy kỳ thì hỹ.,維其時矣。
Nguyệt xuất hạo hề!,月出皎兮，
Giảo nhân liễu hề!,佼人僚兮。
Thư yểu kiểu hề!,舒窈糾兮，
Lao tâm tiệu hề!,勞心悄兮。
Nguyệt xuất hạo hề!,月出皓兮，
Giảo nhân lão hề!,佼人懰兮。
Thư ẩu thão hề!,舒懮受兮，
Lao tâm thảo hề!,勞心慅兮。
Nguyệt xuất chiếu hề!,月出照兮，
Giảo nhân liệu hề!,佼人燎兮。
Thư yểu thiệu hề!,舒夭紹兮，
Lao tâm thiếu hề!,勞心慘兮。
"Nhật cư nguyệt chư,",日居月諸，
Chiếu lâm hạ thổ.,照臨下土。
Nãi như chi nhân hề!,乃如之人兮，
Thệ bất cổ xử.,逝不古處。
Hồ năng hữu định?,胡能有定？
Ninh bất ngã cổ.,寧不我顧？
"Nhật cư nguyệt chư,",日居月諸，
"Hạ thổ thị mạo,",下土是冒。
Nãi như chi nhân hề!,乃如之人兮，
Thệ bất tương hảo.,逝不相好。
Hồ năng hữu định?,胡能有定？
Năng bất ngã báo.,寧不我報？
"Nhật cư nguyệt chư,",日居月諸，
Xuất tự đông phương.,出自東方。
Nãi như chi nhân hề!,乃如之人兮，
Đức âm vô lương.,德音無良。
Hồ năng hữu định?,胡能有定？
Tỷ dã khả vong.,俾也可忘。
"Nhật cư nguyệt chư,",日居月諸，
Đông phương tự xuất.,東方自出。
Phụ hề mẫu hề!,父兮母兮，
Súc ngã bất tốt.,畜我不卒，
Hồ năng hữu định?,胡能有定？
Báo ngã bất thuật?,報我不述。
"Nhị tử thừa chu,",二子乘舟，
Phiếm phiếm kỳ cưỡng.,泛泛其景。
"Nguyên ngôn tư tử,",愿言思子，
Trung tâm dưỡng dưỡng.,中心養養。
"Nhị tử thừa chu,",二子乘舟，
Phiếm phiếm kỳ thệ.,泛泛其逝。
"Nguyên ngôn tư tử,",愿言思子，
Bất hà hữu hại.,不瑕有害。
"Tuân bỉ Nhữ phần,",遵彼汝墳、
Phạt kỳ điều mai.,伐其條枚。
"Vị kiến quân tử,",未見君子、
Nịch như chu cơ.,惄如調飢。
"Tuân bỉ Nhữ phần,",遵彼汝墳、
Phạt kỳ điều dị.,伐其條肆。
"Ký kiến quân tử,",既見君子、
Bất ngã hà khí.,不我遐棄。
"Phòng ngư sanh vĩ,",魴魚赬尾、
Vương thất như huỷ.,王室如燬。
"Tuy tắc như huỷ,",雖則如燬、
Phụ mẫu khổng nhĩ.,父母孔邇。
"Nữ viết: “Kê minh”,",女曰：「雞鳴。」
Sĩ viết: “Muội đán”.,士曰：「昧旦。」
"Tử hưng thị dạ,",「子興視夜，
Minh tinh hữu lạn.,明星有爛。」
"Tương ngao tương tường,",「將翱將翔，
Dực phù dữ nhạn.,弋鳧與雁。」
"Dực ngôn gia chỉ,",「弋言加之，
Dữ tử nga chi.,與子宜之。
"Nghi ngôn ẩm tửu,",宜言飲酒，
Dữ tử giai lỗng.,與子偕老。
"Cầm sắt tại ngự,",琴瑟在御，
Mạc bất tĩnh hẩu.,莫不靜好。」
"Tri tử chi lực chi,",「知子之來之，
Tạp bội dĩ tắc chi.,雜佩以贈之。
"Tri tử chi thuận chi,",知子之順之，
Tạp bội dĩ vấn chi.,雜佩以問之。
"Tri tử chi háo chi,",知子之好之，
Tạp bội dĩ báo chi.,雜佩以報之。」
"Bỉ Phần tứ nhu,",彼汾沮洳，
Ngôn thái kỳ mộ.,言采其莫。
"Bỉ ký chi tử,",彼其之子，
Mỹ vô độ.,美無度；
Mỹ vô độ.,美無度，
Thù dị hồ công lộ.,殊異乎公路。
"Bỉ Phần nhất phương,",彼汾一方，
Ngôn thái kỳ tang.,言采其桑。
"Bỉ ký chi tử,",彼其之子，
Mỹ như ương.,美如英；
"Mỹ như ương,",美如英，
Thù dị hồ công hàng.,殊異乎公行。
"Bỉ Phần nhất khúc,",彼汾一曲，
Ngôn thái kỳ tục.,言采其藚。
"Bỉ ký chi tử,",彼其之子，
Mỹ như ngọc.,美如玉；
"Mỹ như ngọc,",美如玉，
Thù dị hồ công tộc.,殊異乎公族。
"Ký phá ngã phủ,",既破我斧、
Hựu khuyết ngã thương.,又缺我斨。
"Chu Công đông chinh,",周公東征、
Tứ quốc thị hoàng.,四國是皇。
"Ai ngã nhân tư,",哀我人斯、
Diệc khổng chi tương.,亦孔之將。
"Ký phá ngã phủ,",既破我斧、
Hựu khuyết ngã cà.,又缺我錡。
"Chu Công đông chinh,",周公東征、
Tứ quốc thị ngoa.,四國是吪。
"Ai ngã nhân tư,",哀我人斯、
Diệc khổng chi gia.,亦孔之嘉。
"Ký phá ngã phủ,",既破我斧、
Hựu khuyết ngã cầu.,又缺我銶。
"Chu Công đông chinh,",周公東征、
Tứ quốc thị tù.,四國是遒。
"Ai ngã nhân tư,",哀我人斯、
Diệc khổng chi hưu.,亦孔之休。
Khảm khảm phạt điền hề!,坎坎伐檀兮，
Chí chi hà chi kiên hề!,寘之河之干兮，
Hà thuỷ thanh thả liên y!,河水清且漣猗。
"Bất giá bất sắc,",不稼不穡，
Hà thủ hoà tam bách triền hề?,胡取禾三百廛兮？
"Bất thú bất liệp,",不狩不獵，
Hồ chiêm nhĩ đình hữu huyền huyên hề?,胡瞻爾庭有縣貆兮？
Bỉ quân tử hề!,彼君子兮，
Bất tố thuyên hề!,不素餐兮？
Khảm khảm phạt bức hề!,坎坎伐輻兮，
Chí chi hà chi trức hề!,寘之河之側兮，
Hà thuỷ thanh thả trực y!,河水清且直猗。
"Bất giá bất sắc,",不稼不穡，
Hồ thủ hoà tam bách ức hề?,胡取禾三百億兮？
"Bất thú bất liệp,",不狩不獵，
Hồ chiêm nhĩ đình hữu huyền đặc hề?,胡瞻爾庭有縣特兮？
Bỉ quân tử hề!,彼君子兮，
Bất tố thực hề!,不素食兮？
Khảm khảm phạt luân hề!,坎坎伐輪兮，
Chí chi hà chi thần hề!,寘之河之漘兮，
Hà thuỷ thanh thả luân y!,河水清且淪猗。
"Bất giá bất sắc,",不稼不穡，
Hà thủ hoà tam bách khuân hề?,胡取禾三百囷兮？
"Bất thú bất liệp,",不狩不獵，
Hồ chiêm nhĩ đình hữu huyền thuần hề?,胡瞻爾庭有縣鶉兮？
Bỉ quân tử hề!,彼君子兮，
Bất tố tuân hề!,不素飧兮？
Phạt kha như hà?,伐柯如何、
Phỉ phủ bất khắc.,匪斧不克。
Thú thê như hà?,取妻如何、
Phỉ môi bất đắc.,匪媒不得。
"Phạt kha, phạt kha!",伐柯伐柯、
Kỳ tắc bất viễn.,其則不遠。
"Ngã cấu chi tử,",我覯之子、
Biên đậu hữu tiễn.,籩豆有踐。
"Phạt mộc tranh tranh,",伐木丁丁。
"Điểu minh oanh oanh,",鳥鳴嚶嚶。
"Xuất tự u cốc,",出自幽穀，
"Thiên vu kiều mộc,",遷於喬木。
Oanh kỳ minh hỹ.,嚶其鳴矣，
Cầu kỳ hữu thanh.,求其友聲。
"Tướng bỉ điểu hỹ,",相彼鳥矣，
Do cầu hữu thanh.,猶求友聲；
"Thẩn y nhân hỹ,",矧伊人矣，
Bất cầu hữu sinh.,不求友生？
"Thần chi thính chi,",神之聽之，
Chung hoà thả bình.,終和且平。
"Phạt mộc hổ hổ,",伐木許許。
Sư tửu hữu tự.,釃酒有藇。
"Ký hữu phì trữ,",既有肥羜，
Dĩ tốc chư phủ.,以速諸父。
"Ninh thích bất lai,",寧適不來？
Vi ngã phất cố.,微我弗顧！
Ô xan sái tảo!,於粲灑埽，
Trần quỹ bát cửu.,陳饋八簋。
"Ký hữu phì mẫu,",既有肥牡，
"Dĩ tốc chư cữu,",以速諸舅。
"Ninh thích bất lai,",寧適不來？
Vi ngã hữu cữu.,微我有咎！
"Phạt mộc vu phản,",伐木於阪。
Sư tửu hữu diễn.,釃酒有衍。
"Biên đậu hữu tiễn,",籩豆有踐，
Huynh đệ vô viễn.,兄弟無遠。
"Dân chi thất đức,",民之失德，
Can hầu dĩ khiển.,乾餱以愆。
"Hữu tửu tử ngã,",有酒湑我，
"Vô tửu cổ ngã,",無酒酤我。
"Khảm khảm cổ ngã,",坎坎鼓我，
"Tồn tồn vũ ngã,",蹲蹲舞我。
"Đãi ngã hạ hỹ,",迨我暇矣，
Ẩm thử tửu hỹ.,飲此湑矣。
Phỉ phong phiết hề!,匪風發兮，
Phỉ xa kiệt hề!,匪車偈兮。
"Cố chiêm Chu đạo,",顧瞻周道，
Trung tâm điết hề!,中心怛兮。
Phỉ phong phiếu hề!,匪風飄兮，
Phỉ xa phiếu hề!,匪車嘌兮。
"Cố chiêm Chu đạo,",顧瞻周道，
Trung tâm điếu hề!,中心吊兮。
Thuỳ năng phanh ngư?,誰能亨魚，
Cái chi phủ tầm.,溉之釜鬵。
Thuỳ tương tây quy?,誰將西歸，
Hoài chi hảo âm.,懷之好音。
Tử chi phong hề!,子之豐兮，
Sĩ ngã hồ hồng hề!,俟我乎巷兮。
Hối dư bất tống hề.,悔予不送兮！
Tử chi xương hề!,子之昌兮，
Sĩ ngã hồ đường hề!,俟我乎堂兮。
Hối dư bất tương hề!,悔予不將兮！
"Ý cẩm khuýnh y,",衣錦褧衣，
Thường cẩm khuýnh thường.,裳錦褧裳。
Thúc hề Bá hề!,叔兮伯兮，
Giá dư dữ hàng (hành).,駕予與行。
"Thường cẩm khuýnh thường,",裳錦褧裳，
Ý cẩm khuýnh y.,衣錦褧衣。
Thúc hề bá hề!,叔兮伯兮，
Giá dư dữ quy.,駕予與歸。
"Phòng hữu thước sào,",防有鵲巢，
Cùng hữu chỉ đào.,邛有旨苕。
Thuỳ chu dư mỹ?,誰侜予美，
Tâm yên đao đao.,心焉忉忉。
"Trung đường hữu tịch,",中唐有甓，
Cùng hữu chỉ nghịch.,邛有旨鷊。
Thuỳ chu dư mỹ?,誰侜予美，
Tâm yên thích thích.,心焉惕惕。
"Phỏng dư lạc chỉ,",訪予落止，
Suất thì chiêu khảo.,率時昭考。
"Ô hô du tai,",於乎悠哉，
Trẫm vị hữu ngải.,朕未有艾。
"Tương dư tựu chi,",將予就之，
Kế do phán hoán.,繼猶判渙。
"Duy dư tiểu tử,",維予小子，
Vị kham gia đa nan.,未堪家多難。
"Thiệu đình thượng hạ,",紹庭上下，
Trắc giáng quyết gia.,陟降厥家。
"Hưu hĩ hoàng khảo,",休矣皇考，
Dĩ bảo minh kỳ thân.,以保明其身。
"Phong niên đa thử đa đồ,",豐年多黍多稌，
"Diệc hữu cao lẫm,",亦有高廩，
Vạn ức cập tỉ.,萬億及秭。
"Vi tửu vi lễ,",為酒為醴，
Chưng tí tổ tỉ.,烝畀祖妣。
"Dĩ hợp bách lễ,",以洽百禮，
Giáng phúc khổng giai.,降福孔皆。
Phong vũ thê thê,風雨凄凄，
Kê minh giê giê.,雞鳴喈喈。
"Ký kiến quân tử,",既見君子，
Vân hồ bất di?,云胡不夷？
"Phong vũ tiêu tiêu,",風雨瀟瀟，
Kê minh kiêu kiêu.,雞鳴膠膠。
"Ký kiến quân tử,",既見君子，
Vân hồ bất liêu?,云胡不瘳？
"Phong vũ như hí,",風雨如晦，
Kê minh bất dĩ.,雞鳴不已。
"Ký kiến quân tử,",既見君子，
Vân hồ bất hỉ?,云胡不喜？
"Thái thái phù dĩ,",采采芣苡、
Bạc ngôn thái chi.,簿言采之。
"Thái thái phù dĩ,",采采芣苡、
Bạc ngôn hữu chi.,簿言有之。
"Thái thái phù dĩ,",采采芣苡、
Bạc ngôn đoạt chi.,薄言掇之。
"Thái thái phù dĩ,",采采芣苡、
Bạc ngôn loát chi.,薄言捋之。
"Thái thái phù dĩ,",采采芣苡、
Bạc ngôn kết chi.,薄言袺之。
"Thái thái phù dĩ,",采采芣苡、
Bạc ngôn khiết chi.,薄言襭之。
"Vô điền phủ điền,",無田甫田，
Duy dậu cao cao.,維莠驕驕。
"Vô tư viễn nhân,",無思遠人，
Lao tâm đao đao.,勞心忉忉。
"Vô điền phủ điền,",無田甫田，
Duy dậu kiệt kiệt.,維莠桀桀。
"Vô tư viễn nhân,",無思遠人，
Lao tâm điết điết.,勞心怛怛。
"Uyển hề, luyến hề!",婉兮、孌兮，
Tổng giác quyền hề!,總角丱兮。
Vị kỷ kiến hề!,未幾見兮，
Đột nhi biết hề!,突而弁兮。
"Phù du chi vũ,",蜉蝣之羽，
Y thường sử sử.,衣裳楚楚。
"Tâm chi ưu hĩ,",心之憂矣，
Ư ngã quy xử.,於我歸處。
"Phù du chi dực,",蜉蝣之翼，
Thái thái y bặc.,采采衣服。
"Tâm chi ưu hĩ,",心之憂矣，
Ư ngã quy tức.,於我歸息。
"Phù du quật duyệt,",蜉蝣掘閱，
Ma y như tuyết.,麻衣如雪。
"Tâm chi ưu hĩ,",心之憂矣，
Ư ngã quy thuyết.,於我歸說。
"Phù y tại kinh,",鳧鷖在涇，
Công thi lai yến lai ninh.,公尸来燕来寧。
"Nhĩ tửu ký thanh,",爾酒既清，
Nhĩ hào ký hinh.,爾殽既馨。
"Công thi yến ẩm,",公尸燕飲，
Phúc lộc lai thành.,福祿来成。
"Phù y tại sa,",鳧鷖在沙，
Công thi lai yến lai nghi.,公尸来燕来宜。
"Nhĩ tửu ký đa,",爾酒既多，
Nhĩ hào ký gia.,爾殽既嘉。
Công thi yến ẩm,公尸燕飲，
Phúc lộc lai vi.,福祿来爲。
"Phù y tại chử,",鳧鷖在渚，
Công thi lai yến lai xử.,公尸来燕来處。
"Nhĩ tửu ký tư,",爾酒既湑，
Nhĩ hào y phủ.,爾殽伊脯。
"Công thi yến ẩm,",公尸燕飲，
Phúc lộc lai hạ.,福祿来下。
"Phù y tại tùng,",鳧鷖在潀，
Công thi lai yến lai tông.,公尸来燕来宗。
"Ký yến vu tông,",既燕于宗，
Phúc lộc du giáng.,福祿攸降。
"Công thi yến ẩm,",公尸燕飲，
Phúc lộc lai sùng.,福祿来崇。
"Phù y tại môn,",鳧鷖在亹，
Công thi lai chỉ huân huân.,公尸来止熏熏。
"Chỉ tửu hân hân,",旨酒欣欣，
Phiền chích phân phân.,燔炙芬芬。
"Công thi yến ẩm,",公尸燕飲，
Vô hữu hậu gian.,無有後艱。
"Quan quan thư cưu,",關關雎鳩、
Tại hà chi châu.,在河之洲。
"Yểu điệu thục nữ,",窈窕淑女、
Quân tử hảo cầu.,君子好逑。
"Sâm si hạnh thái,",參差荇菜、
Tả hữu lưu chi.,左右流之。
"Yểu điệu thục nữ,",窈窕淑女、
Ngộ mị cầu chi.,寤寐求之。
"Cầu chi bất đắc,",求之不得、
Ngộ mị tư bặc.,寤寐思服。
"Du tai, du tai!",悠哉悠哉、
Triển chuyển phản trắc.,輾轉反側。
"Sâm si hạnh thái,",參差荇菜、
Tả hữu thể chi.,左右采之。
"Yểu điệu thục nữ,",窈窕淑女、
Cầm sắt vĩ chi.,琴瑟友之。
"Sâm si hạnh thái,",參差荇菜、
Tả vĩ mạo chi.,左右芼之。
"Yểu điệu thục nữ,",窈窕淑女、
Chung cổ nhạo chi.,鍾鼓樂之。
"Quân tử dương dương,",君子陽陽，
"Tả chấp hoàng,",左執簧，
Hữu chiêu ngã do phòng.,右招我由房。
Kỳ lạc chỉ thư.,其樂只且！
"Quân tử dao dao,",君子陶陶，
"Tả chấp đào,",左執翿，
Hữu chiêu ngã do ngao.,右招我由敖。
Kỳ lạc chỉ thư.,其樂只且！
"Quân tử giai lão,",君子偕老，
Phổ kê lục gia.,副笄六珈。
"Uy uy đà đà,",委委佗佗，
Như sơn như hà.,如山如河。
"Tượng phục thị nga,",象服是宜，
"Tử chi bất thục,",子之不淑，
Vân như chi hà?,云如之何？
"Thử hề thử hề,",玼兮玼兮！
Kỳ chi địch dã.,其之翟也。
"Chẩn phát như vân,",鬒發如雲，
Bất tiết đệ dã.,不屑髢也。
Ngọc chi thiển dã.,玉之瑱也，
Tượng chi sế dã.,象之揥也，
Dương thư chi chế dã.,揚且之皙也。
Hồ nhiên nhi Thiên dã?,胡然而天也？
Hồ nhiên nhi Đế dã?,胡然而帝也？
"Thả hề, thả hề!",瑳兮、瑳兮！
Kỳ chi chiên dã.,其之展也。
"Mông bỉ trẩu si,",蒙彼縐絺，
Thị tiết phiền dã.,是紲袢也。
"Tử chi thanh dương,",子之清揚，
Dương thả chi nghiên dã.,揚且之顏也。
Triển như chi nhân hề!,展如之人兮，
Bang chi viên dã!,邦之媛也。
"Quân tử vu dịch,",君子于役，
Bất tri kỳ kỳ,不知其期，
Hạt chí tê?,曷至哉？
"Kê tê vu thì,",雞棲于塒，
"Nhật chi tịch hĩ,",日之夕矣，
Dương ngưu hạ ly.,羊牛下來。
"Quân tử vu dịch,",君子于役，
Như chi hà vật ti.,如之何勿思？
"Quân tử vu dịch,",君子于役，
Bất nhật bất nguyệt,不日不月，
Hạt kỳ hữu huyệt?,曷其有佸？
"Kê tê vu kiệt,",雞棲于桀，
"Nhật chi tịch hĩ,",日之夕矣，
Dương ngưu hạ quyết.,羊牛下括。
"Quân tử vu dịch,",君子于役，
Cẩu vô cơ nguyệt.,茍無饑渴！
"Hữu quyền giả a,",有卷者阿，
Phiêu phong tự nam.,飄風自南。
"Khải đễ quân tử,",豈弟君子，
"Lai du lai ca,",來遊來歌，
Dĩ thỉ kỳ âm.,以矢其音。
"Quân tử chi xa,",君子之車，
Ký thứ thả đa;,既庶且多；
"Quân tử chi mã,",君子之馬，
Ký nhàn thả trì.,既閑且馳。
"Thỉ thi bất đa,",矢詩不多，
Duy dĩ toại ca.,維以遂歌。
"Bạn hoán nhĩ du hĩ,",伴奐爾游矣，
Ưu du nhĩ hưu hĩ.,優游爾休矣。
"Khải đễ quân tử,",豈弟君子，
"Tỉ nhĩ di nhĩ tính,",俾爾彌爾性，
Tự tiên công tù hĩ.,似先公酋矣。
"Nhĩ thổ vũ bản chương,",爾土宇昄章，
Diệc khổng chi hậu hĩ.,亦孔之厚矣。
"Khải đễ quân tử,",豈弟君子，
"Tỉ nhĩ di nhĩ tính,",俾爾彌爾性，
Bách thần nhĩ chủ hĩ.,百神爾主矣。
"Nhĩ thụ mệnh trường hĩ,",爾受命長矣，
Phất lộc nhĩ khang hĩ.,茀祿爾康矣。
"Khải đễ quân tử,",豈弟君子，
"Tỉ nhĩ di nhĩ tính,",俾爾彌爾性，
Thuần hỗ nhĩ thường hĩ.,純嘏爾常矣。
"Hữu bằng hữu dực,",有馮有翼，
"Hữu hiếu hữu đức,",有孝有德，
Dĩ dẫn dĩ dực.,以引以翼。
"Khải đễ quân tử,",豈弟君子，
Tứ phương vi tắc.,四方爲則。
"Ngung ngung ngương ngương,",顒顒卬卬，
"Như khuê như chương,",如圭如璋，
Lệnh văn lệnh vọng.,令聞令望。
"Khải đễ quân tử,",豈弟君子，
Tứ phương vi cương.,四方爲綱。
"Phụng hoàng vu phi,",鳳皇于飛，
"Hối hối kì vũ,",翙翙其羽，
Diệc tập viên chỉ.,亦集爰止。
"Ái ái vương đa cát sĩ,",藹藹王多吉士，
"Duy quân tử sử,",維君子使，
Mị vu thiên tử.,媚于天子。
"Phụng hoàng vu phi,",鳳皇于飛，
"Hối hối kì vũ,",翙翙其羽，
Diệc phụ vu thiên.,亦傅于天。
"Ái ái vương đa cát nhân,",藹藹王多吉人，
"Duy quân tử mệnh,",維君子命，
Mị vu thứ nhân.,媚于庶人。
"Phụng hoàng minh hĩ,",鳳皇鳴矣，
Vu bỉ cao cương.,于彼高岡。
"Ngô đồng sinh hĩ,",梧桐生矣，
Vu bỉ triêu dương.,于彼朝陽。
"Bổng bổng thê thê,",菶菶萋萋，
Ung ung giê giê.,雝雝喈喈。
"Ư ngã hồ,",於我乎
Hạ ốc cừ cừ.,夏屋渠渠，
Kim giả mỗi thực vô dư.,今也每食無餘。
Hu ta hồ!,于嗟乎，
Bất thừa quyền dư.,不承權輿。
"Ư ngã hồ,",於我乎
Mỗi thực tứ cửu.,每食四簋，
Kim dã mỗi thực bất bẩu.,今也每食不飽。
Hu ta hồ!,于嗟乎，
Bất thừa quyền dư.,不承權輿。
"Thái thái quyển nhĩ,",采采卷耳、
Bất doanh khuynh khuông.,不盈頃筐。
"Ta ngã hoài nhân,",嗟我懷人、
Chí bỉ chu hàng.,寘彼周行。
"Trắc bỉ tồi ngôi,",陟彼崔嵬、
"Ngã mã khôi đồi,",我馬虺隤。
Ngã cô chước bỉ kim lôi.,我姑酌彼金罍、
Duy dĩ bất vĩnh hồi.,維以不永懷。
"Trắc bỉ cao cương,",陟彼高岡、
Ngã mã huyền hoàng.,我馬玄黃。
"Ngã cô chước bỉ tự quang,",我姑酌彼兕觥、
Duy dĩ bất vĩnh thương.,維以不永傷。
Trắc bỉ thư hĩ!,陟彼砠矣、
Ngã mã đồ hĩ!,我馬瘏矣、
Ngã bộc phô hĩ!,我僕痡矣、
Vân hà hu hĩ!,云何吁矣。
"Quynh quynh mẫu mã,",駉駉牡馬，
Tại quynh chi dã.,在垧之野。
Bạc ngôn quynh giả:,薄言駉者：
"Hữu duật hữu hoàng,",有驈有皇，
"Hữu ly hữu hoàng,",有驪有黃，
Dĩ xa bành bành.,以車彭彭。
"Tư vô cương,",思無疆，
Tư mã tư tang.,思馬斯臧。
"Quynh quynh mẫu mã,",駉駉牡馬，
Tại quynh chi dã.,在垧之野。
Bạc ngôn quynh giả:,薄言駉者：
"Hữu chuy hữu phi,",有騅有駓，
"Hữu tinh hữu kỳ,",有騂有騏，
Dĩ xa phi phi.,以車伾伾。
"Tư vô kỳ,",思無期，
Tư mã tư tài.,思馬斯才。
"Quynh quynh mẫu mã,",駉駉牡馬，
Tại quynh chi dã.,在垧之野。
Bạc ngôn quynh giả:,薄言駉者：
"Hữu đàn hữu lạc,",有驒有駱，
"Hữu lưu hữu lạc,",有駵有雒，
Dĩ xa dịch dịch.,以車繹繹。
"Tư vô dịch,",思無斁，
Tư mã tư tác.,思馬斯作。
"Quynh quynh mẫu mã,",駉駉牡馬，
Tại quynh chi dã.,在垧之野。
Bạc ngôn quynh giả:,薄言駉者：
"Hữu ân hữu hà,",有駰有騢，
"Hữu đàm hữu ngư,",有驔有魚，
Dĩ xa khư khư.,以車祛祛。
"Tư vô tà,",思無邪，
Tư mã tư tồ.,思馬斯徂。
"Quyết sơ sinh dân,",厥初生民，
Thời duy Khương Nguyên.,時維姜嫄。
Sinh dân như hà?,生民如何？
"Khắc yên khắc tự,",克禋克祀，
Dĩ phất vô tử.,以弗無子。
"Lý đế vũ mẫn hâm,",履帝武敏歆，
"Du giới du chỉ,",攸介攸止，
"Tái chấn tái túc,",載震載夙，
"Tái sinh tái dục,",載生載育，
Thời duy Hậu Tắc.,時維后稷。
"Đản di quyết nguyệt,",诞彌厥月，
Tiên sinh như đạt.,先生如達。
"Bất sích bất phách,",不坼不副，
"Vô tai vô hại,",無菑無害，
Dĩ hách quyết linh.,以赫厥靈。
"Thượng đế bất ninh,",上帝不寧，
"Bất khang yên tự,",不康禋祀，
Cư nhiên sinh tử.,居然生子。
"Đản chí chi ải hạng,",诞寘之隘巷，
Ngưu dương phì tự chi.,牛羊腓字之。
"Đản chí chi bình lâm,",诞寘之平林，
Hội phạt bình lâm.,會伐平林。
"Đản chí chi hàn băng,",诞寘之寒冰，
Điểu phú dực chi.,鳥覆翼之。
"Điểu nãi khứ hĩ,",鳥乃去矣，
Hậu Tắc cô hĩ.,后稷呱矣。
"Thực đàm thực hu,",實覃實訏，
Quyết thanh tái lộ.,厥聲載路。
"Đản chí bồ bặc,",诞實匍匐，
Khắc kỳ khắc ngực.,"克岐克嶷,"
"Dĩ tựu khẩu thực,",以就口食。
Nghệ chi nhẫm thúc.,藝之荏菽，
"Nhẫm thúc bái bái,",荏菽旆旆。
"Hoà dịch toại toại,",禾役穟穟，
"Ma mạch mông mông,",麻麥幪幪，
Qua điệt phong phong.,瓜瓞唪唪。
"Đản Hậu Tắc chi sắc,",诞后稷之穡，
Hữu tương chi đạo.,有相之道。
"Phất quyết phong thảo,",茀厥豐草，
Chủng chi hoàng mậu.,種之黄茂。
"Thực phương thực bao,",實方實苞，
Thực chủng thực tụ.,實種實褎。
"Thực phát thực tú,",實發實秀，
"Thực kiên thực hảo,",實堅實好。
"Thực dĩnh thực lật,",實穎實栗，
Tức hữu Thai gia thất.,即有邰家室。
"Đản giáng gia chủng,",诞降嘉種，
"Duy cự duy phi,",維秬維秠，
Duy môn duy khỉ.,維穈維芑。
"Cắng chi cự phi,",恆之秬秠，
Thị hoạch thị mẫu.,是穫是畝。
"Cắng chi môn khỉ,",恆之穈芑，
"Thị nhâm thị phụ,",是任是負，
Dĩ quy triệu tự.,以歸肇祀。
Đản ngã tự như hà?,诞我祀如何？
"Hoặc thung hoặc du,",或舂或揄，
Hoặc bá hoặc nhu.,或簸或蹂。
"Thích chi sưu sưu,",釋之叟叟，
Chưng chi phù phù.,烝之浮浮。
"Tái mưu tái duy,",載謀載惟，
Thủ tiêu tế chi.,取蕭祭脂。
"Thủ đê dĩ bạt,",取羝以軷，
"Tái phiền tái liệt,",載燔載烈，
Dĩ hưng tự tuế.,以興嗣歲。
"Ngang thình vu đậu,",卬盛于豆，
Vu đậu vu đăng.,于豆于登。
"Kỳ hương thuỷ thăng,",其香始升，
Thượng đế cư hâm.,上帝居歆，
"Hồ xú đản thì,",胡臭亶時？
Hậu Tắc triệu tự.,后稷肇祀，
"Thứ vô tội hối,",庶無罪悔，
Dĩ hất vu kim.,以迄于今。
"Sơn hữu phù tô,",山有扶蘇，
Thấp hữu hà phô.,隰有荷華。
"Bất kiến tử đô,",不見子都，
Nãi kiến cuồng thư.,乃見狂且。
"Sơn hữu kiều tùng,",山有喬松，
Thấp hữu du long.,隰有遊龍。
"Bất kiến tử sung,",不見子充，
Nãi kiến giảo đồng.,乃見狡童。
"Sơn hữu xu,",山有樞，
Thấp hữu du.,隰有榆。
"Tử hữu y thường,",子有衣裳，
Phất duệ phất lâu.,弗曳弗婁；
"Tử hữu xa mã,",子有車馬，
"Phất trì phất khu,",弗馳弗驅。
"Uyển kỳ tử hỹ,",宛其死矣，
Tha nhân thị du.,他人是愉。
"Sơn hữu khứu,",山有栲，
Thấp hữu nữu.,隰有杻。
Tử hữu đình nội.,子有廷內，
Phất sái phất tẩu.,弗灑弗掃；
"Tử hữu chung cổ,",子有鍾鼓，
Phất cổ phất khứu.,弗鼓弗考。
"Uyển kỳ tử hĩ,",宛其死矣，
Tha nhân thị bẩu.,他人是保。
"Sơn hữu thất,",山有漆，
Thấp hữu lật.,隰有栗。
"Tử hữu tửu thực,",子有酒食，
Hà bất nhật cổ sắt?,何不日鼓瑟？
Thả dĩ hỉ lạc.,且以喜樂，
Thả dĩ vĩnh nhật.,且以永日。
"Uyển kỳ tử hĩ,",宛其死矣，
Tha nhân nhập thất.,他人入室。
"Tái hiện tích vương,",載見辟王，
Viết cầu quyết chương.,曰求厥章。
"Long kỳ dương dương,",龍旂陽陽，
Hoà linh ương ương.,和鈴央央。
"Điều cách hữu thương,",鞗革有鶬，
Hưu hữu liệt quang.,休有烈光。
"Suất hiện chiêu khảo,",率見昭考，
Dĩ hiếu dĩ hưởng.,以孝以享。
"Dĩ giới my thọ,",以介眉壽，
Vĩnh ngôn bảo chi.,永言保之。
"Tư hoàng đa hỗ,",思皇多祜，
Liệt văn tích công.,烈文辟公。
"Tuy dĩ đa phúc,",綏以多福，
Tỉ tập hy vu thuần hỗ.,俾緝熙于純嘏。
"Tái khu phách phách,",載驅薄薄，
Điệm phất chu khuếch.,簟茀朱鞹。
"Lỗ đạo hữu đãng,",魯道有蕩，
Tề tử phát tược.,齊子發夕。
"Tứ ly tể tể,",四驪濟濟，
Thuỳ bí nễ nễ.,垂轡沵沵。
"Lỗ đạo hữu đãng,",魯道有蕩，
Tề tử khải đễ.,齊子豈弟。
"Vấn thuỷ thương thương,",汶水湯湯，
Hành nhân bang bang.,行人彭彭。
"Lỗ đạo hữu đãng,",魯道有蕩，
Tề tử ngao tường.,齊子翱翔。
"Vấn thuỷ thao thao,",汶水滔滔，
Hành nhân bao bao.,行人儦儦。
"Lỗ đạo hữu đãng,",魯道有蕩，
Tề tử du ngao.,齊子遊敖。
"Tái sam tái tạc,",載芟載柞，
Kỳ canh thích thích.,其耕澤澤。
"Thiên ngẫu kỳ vân,",千耦其耘，
Tồ thấp tồ chẩn.,徂隰徂畛。
"Hầu chủ hầu bá,",侯主侯伯，
"Hầu á hầu lữ,",侯亞侯旅，
Hầu cường hầu dĩ.,侯彊侯以。
"Hữu thám kỳ diệp,",有嗿其饁，
"Tư mị kỳ phụ,",思媚其婦，
Hữu y kỳ sĩ.,有依其士。
"Hữu lược kỳ tỷ,",有略其耜，
"Thục tái nam mẫu,",俶載南畝，
Bá quyết bách cốc.,播厥百穀。
"Thực hàm tư hoạt,",實函斯活，
Dịch dịch kỳ đạt.,驛驛其達。
"Hữu yếm kỳ kiệt,",有厭其傑，
"Yếm yếm kỳ miêu,",厭厭其苗，
Miên miên kỳ tiêu.,綿綿其麃。
"Tái hoạch tế tế,",載穫濟濟，
"Hữu thực kỳ tích,",有實其積，
Vạn ức cập tỷ.,萬億及秭。
"Vi tửu vi lễ,",為酒為醴，
"Chưng tí tổ tỉ,",烝畀祖妣，
Bất hợp bách lễ.,不洽百禮。
Hữu tất kỳ hương.,有飶其香。
Bang gia chi quang.,邦家之光。
"Hữu tiêu kỳ hinh,",有椒其馨，
Hồ khảo chi ninh.,胡考之寧。
"Phỉ thả hữu thư,",匪且有且，
"Phỉ kim tư kim,",匪今斯今，
Chấn cổ như tư.,振古如茲。
"Tái trì tái khu,",載馳載驅，
Quy ngạn Vệ hầu.,歸唁衛侯。
"Khu mã du du,",驅馬悠悠，
Ngôn chí ư Tầu.,言至于漕。
"Đại phu bạt thiệp,",大夫跋涉，
Ngã tâm tắc ưu.,我心則憂。
"Ký bất ngã gia,",既不我嘉，
Bất năng tuyền phản.,不能旋反。
"Thị nhĩ bất tang,",視爾不臧，
Ngã tư bất viễn.,我思不遠。
"Ký bất ngã gia,",既不我嘉，
Bất năng tuyền tế.,不能旋濟。
"Thị nhĩ bất tang,",視爾不臧，
Ngã tư bất bí.,我思不閟。
"Trắc bỉ a khâu,",陟彼阿丘，
Ngôn thái kỳ mang.,言采其虻。
"Nữ tử thiện hoài,",女子善懷，
Diệc các hữu hàng.,亦各有行。
"Hứa nhân vưu chi,",許人尤之，
Chúng trệ thả cuồng.,眾稚且狂。
Ngã hành kỳ dã.,我行其野，
Bồng bồng kỳ hức.,芃芃其麥。
"Khống vu đại bang,",控于大邦，
Thuỳ nhân thuỳ cực.,誰因誰極？
"Đại phu quân tử,",大夫君子，
Vô ngã hữu vi.,無我有尤。
"Bách nhĩ sở tư,",百爾所思，
Bất như ngã sở chi.,不如我所之。
"Tân đài hữu thử,",新臺有泚，
Hà thuỷ mễ mễ.,河水濔濔。
Yến uyển chi cầu.,燕婉之求，
Cừ trừ bất tỉ.,籧篨不鮮。
"Tân đài hữu tiển,",新臺有灑，
Hà thuỷ miễn miễn.,河水浼浼。
Yến uyển chi cầu.,燕婉之求，
Cừ trừ bất tỉ.,籧篨不殄。
"Ngư võng chi thiết,",魚網之設，
Hồng tắc lệ chi.,鴻則離之。
"Yến uyển chi cầu,",燕婉之求，
Đắc thử thích thi.,得此戚施。
"Uất bỉ tang nhu,",菀彼桑柔，
Kỳ hạ hầu tuần.,其下侯旬。
"Loát thái kỳ lưu,",捋采其劉，
Mạc thử hạ dân.,瘼此下民。
"Bất điển tâm ưu,",不殄心憂，
Sảng huống điền hề;,倉兄填兮；
"Trác bỉ hạo thiên,",倬彼昊天，
Ninh bất ngã căng.,寧不我矜。
"Duy thử thánh nhân,",維此聖人，
Chiêm ngôn bách lí;,瞻言百里；
"Duy bỉ ngu nhân,",維彼愚人，
Phúc cuồng dĩ hỉ.,覆狂以喜。
"Phỉ ngôn bất năng,",匪言不能，
Hồ tư uý kị.,胡斯畏忌。
"Duy thử lương nhân,",維此良人，
Phất cầu phất địch;,弗求弗迪；
"Duy bỉ nhẫn tâm,",維彼忍心，
Thị cố thị phục.,是顧是复。
"Dân chi tham loạn,",民之貪亂，
Ninh vi đồ độc!,寧爲荼毒！
"Đại phong hữu toại,",大風有隧，
Hữu không đại cốc.,有空大谷。
"Duy thử lương nhân,",維此良人，
Tác vi thức cốc;,作爲式榖；
"Duy bỉ bất thuận,",維彼不順，
Chinh dĩ trung cấu.,征以中垢。
"Đại phong hữu toại,",大風有隧，
Tham nhân bại loại.,貪人敗類。
"Thính ngôn tắc đối,",聽言則對，
Tụng ngôn như tuý.,誦言如醉。
"Phỉ dụng kỳ lương,",匪用其良，
Phúc tỷ ngã bội.,覆俾我悖。
Ta nhĩ bằng hữu!,嗟爾朋友！
Dư khởi bất tri nhi tác?,予豈不知而作？
"Như bỉ phi trùng,",如彼飛蟲，
Thời diệc dặc hoạch.,時亦弋獲。
"Ký chi âm nhữ,",既之陰女，
Phản dư lai hách.,反予來赫。
"Dân chi võng cực,",民之罔極，
Chức lương thiện bội;,職涼善背；
"Vi dân bất lợi,",為民不利，
Như vân bất khắc.,如雲不克。
"Dân chi hồi duật,",民之回遹，
Chức cạnh dụng lực.,職競用力。
"Dân chi vị lệ,",民之未戾，
Chức đạo vi khấu.,職盜為寇。
"Lượng viết bất khả,",涼曰不可，
Phúc bội thiện lị.,覆背善詈。
"Tuy viết phỉ dư,",雖曰匪予，
Ký tác nhĩ ca.,既作爾歌。
"Tứ mẫu quỳ quỳ,",四牡騤騤，
Dư triệu hữu phiên.,旟旐有翩。
"Loạn sinh bất di,",亂生不夷，
Mỹ quốc bất mẫn.,靡國不泯。
"Dân mỹ hữu lê,",民靡有黎，
Cụ hoạ dĩ tẫn.,具禍以燼。
Ô hô hữu ai!,於乎有哀！
Quốc bộ tư tần.,國步斯頻。
"Quốc bộ miệt tư,",國步蔑資，
Thiên bất ngã tương;,天不我將；
"Mỹ sở chỉ ngưng,",靡所止疑，
Vân tồ hà vãng?,云徂何往？
"Quân tử thực duy,",君子實維，
Bỉnh tâm vô cạnh.,秉心無競。
Thuỳ sinh lệ giai?,誰生厲階？
Chí kim vi ngạnh.,至今爲梗。
"Ưu tâm ân ân,",憂心殷殷，
Niệm ngã thổ vũ.,念我土宇。
"Ngã sinh bất thần,",我生不辰，
Phùng thiên đản nộ.,逢天僤怒。
"Tự tây tồ đông,",自西徂東，
Mỹ sở định xứ;,靡所定處；
"Đa ngã cấu mân,",多我覯痻，
Khổng cức ngã ngữ.,孔棘我圉。
"Vi mưu vi bí,",爲謀爲毖，
Loạn huống tư tước.,亂況斯削。
"Cáo nhĩ ưu tuất,",告爾憂恤，
Hối nhĩ tự tước.,誨爾序爵。
"Thuỳ năng chấp nhiệt,",誰能執熱，
Thệ bất dĩ trạc?,逝不以濯？
Kỳ hà năng thục?,其何能淑？
Tái tư cập nịch.,載胥及溺。
"Như bỉ tố phong,",如彼溯風，
Diệc khổng chi ái;,亦孔之僾；
"Dân hữu túc tâm,",民有肅心，
Bình vân bất đãi.,荓云不逮。
"Hảo thị giá sắc,",好是稼穡，
Lực dân đại thực;,力民代食；
"Giá sắc duy bảo,",稼穡維寶，
Đại thực duy hảo.,代食維好。
"Thiên giáng táng loạn,",天降喪亂，
Diệt ngã lập vương.,滅我立王。
"Giáng thử mâu tặc,",降此蟊賊，
Giá sắc tốt dương.,稼穡卒癢。
"Ai thông trung quốc,",哀恫中國，
Cụ chuế tốt hoang.,具贅卒荒；
"Mỹ hữu lữ lực,",靡有旅力，
Dĩ niệm khung thương.,以念穹蒼。
"Duy thử huệ quân,",維此惠君，
Dân nhân sở chiêm.,民人所瞻。
"Bỉnh tâm tuyên do,",秉心宣猶，
Khảo thận kỳ tương.,考慎其相。
"Duy bỉ bất thuận,",維彼不順，
Tự độc tỷ tang.,自独俾臧。
"Tự hữu phế trường,",自有肺腸，
Tỷ dân tốt cuồng.,俾民卒狂。
"Chiêm bỉ trung lâm,",瞻彼中林，
Sân sân kỳ lộc.,甡甡其鹿。
"Bằng hữu dĩ tiếm,",朋友已譖，
Bất tư dĩ cốc.,不胥以穀。
Nhân diệc hữu ngôn:,人亦有言：
Tiến thoái duy cốc.,進退維谷。
"Viên thái đường hĩ,",爰采唐矣，
Muội chi hương hĩ.,沬之鄉矣。
Vân thuỳ chi tư?,云誰之思？
Mỹ Mạnh Khương hĩ.,美孟姜矣。
"Kỳ ngã hồ Tang Chương,",期我乎桑中，
Yêu ngã hồ Thượng Cương.,要我乎上宮，
Tống ngã hồ Kỳ chi Thường hĩ.,送我乎淇之上矣。
"Viên thái hức hĩ,",爰采麥矣，
"Muội chi bắc hĩ,",沬之北矣。
Vân thuỳ chi tư?,云誰之思？
"Mỹ mạnh Dực hĩ,",美孟弋矣。
"Kỳ ngã hồ Tang Trung,",期我乎桑中，
"Yên ngã hồ Thượng Cung,",要我乎上宮，
Tống ngã hồ Kỳ chi Thượng hĩ.,送我乎淇之上矣。
"Viên thái phong hĩ,",爰采葑矣，
Muội chi đông hĩ.,沬之東矣。
Vân thuỳ chi tư?,云誰之思，
Mỹ mạnh Dung hĩ.,美孟庸矣。
"Kỳ ngã hồ Tang Trung,",期我乎桑中，
"Yêu ngã hồ Thượng Cung,",要我乎上宮，
Tống ngã hồ Kỳ chi Thượng hĩ.,送我乎淇之上矣。
"Tất suất tại đường,",蟋蟀在堂，
Tuế duật kỳ mộ.,歲聿其莫。
"Kim ngã bất lạc,",今我不樂，
Nhật nguyệt kỳ trứ.,日月其除。
"Vô dĩ thái khang,",無已大康，
Chức tư kỳ cứ.,職思其居。
"Hảo lạc vô hoang,",好樂無荒，
Lương sĩ cú cú.,良士瞿瞿。
"Tất suất tại đường,",蟋蟀在堂，
Tuế duật kỳ thệ.,歲聿其逝。
"Kim ngã bất lạc,",今我不樂，
Nhật nguyệt kỳ lệ.,日月其邁。
"Vô dĩ thái khang,",無已大康，
Chức tư kỳ ngoại.,職思其外。
"Hảo lạc vô hoang,",好樂無荒，
Lương sĩ quệ quệ.,良士蹶蹶。
"Tất suất tại đường,",蟋蟀在堂，
Dịch xa kỳ hưu.,役車其休。
"Kim ngã bất lạc,",今我不樂，
Nhật nguyệt kỳ đầu.,日月其慆。
"Vô dĩ thái khang,",無已大康，
Chức tư kỳ ưu.,職思其憂。
"Háo lạc vô hoang,",好樂無荒，
Lương sĩ hưu hưu.,良士休休。
"Tệ cẩu tại lương,",敝笱在梁，
Kỳ ngư phòng quân.,其魚魴鰥。
"Tề tử quy chỉ,",齊子歸止，
Kỳ tụng như vân.,其從如云。
"Tệ cẩu tại lương,",敝笱在梁，
Kỳ thư phòng tự.,其魚魴鱮。
"Tề tử quy chỉ,",齊子歸止，
Kỳ tụng như vũ.,其從如雨。
"Tệ cẩu tại lương,",敝笱在梁，
Kỳ ngư duỷ duỷ.,其魚唯唯。
"Tề tử quy chỉ,",齊子歸止，
Kỳ tụng như thuỷ.,其從如水。
"Thác hề, thác hề!",萚兮、萚兮，
Phong kỳ xuy nhữ.,風其吹女。
"Thúc hề, Bá hề!",叔兮、伯兮，
Xướng dư huệ (hoạ) nhữ.,倡予和女。
"Thác hề, thác hề!",萚兮、萚兮，
Phong kỳ phiêu nhữ.,風其漂女。
"Thúc hề, Bá hề!",叔兮、伯兮，
Xướng dư yêu nhữ.,倡予要女。
"Thạc nhân kỳ kỳ,",碩人其頎，
"Ý cẩm kỉnh y,",衣錦褧衣。
"Tề hầu chi tử,",齊侯之子，
"Vệ hầu chi thê,",衛侯之妻，
Đông cung chi muội.,東宮之妹。
"Hình hầu chi di,",邢侯之姨，
Đàm công duy tư.,譚公維私。
"Thủ như nhu đề,",手如柔荑，
"Phu như ngưng chi,",膚如凝脂。
"Lãnh như tù tề,",領如蝤蠐，
"Xỉ như hồ tê,",齒如瓠犀。
Tần thủ nga my.,螓首蛾眉，
Xảo tiếu thiến hề!,巧笑倩兮，
Mỹ mục phiến hề!,美目盼兮。
"Thạc nhân ngao ngao,",碩人敖敖，
Thuế vu nông giao.,說于農郊。
"Tứ mẫu hữu cao,",四牡有驕，
Chu phần tiêu tiêu.,朱幩鑣鑣。
"Địch phất dĩ trào,",翟茀以朝，
"Đại phu túc thoái,",大夫夙退，
Vô sử quân lao.,無使君勞。
"Hà thuỷ dương dương,",河水洋洋，
Bắc lưu hiệt hiệt.,北流活活。
"Thi cô huyết huyết,",施罛濊濊，
Triên vĩ phiết phiết.,鳣鮪發發。
"Gia thảm kiết kiết,",葭菼揭揭，
"Thứ khương nghiệt nghiệt,",庶姜孽孽，
Thứ sĩ hữu khiết.,庶士有朅。
"Thạc thử, thạc thử!",碩鼠、碩鼠，
Vô thực ngã thử.,無食我黍！
"Tam tuế quán nhữ,",三歲貫女，
Mạc ngã khẳng cố.,莫我肯顧。
"Thệ tương khứ nhữ,",逝將去女，
Thích bỉ lạc thổ.,適彼樂土。
"Lạc thổ, lạc thổ!",樂土、樂土，
Viên đắc ngã sở.,爰得我所。
"Thạc thử, thạc thử!",碩鼠、碩鼠，
Vô thực ngã trực.,無食我麥！
"Tam tuế quán nhữ,",三歲貫女，
Mạc ngã khẳng đức.,莫我肯德。
"Thệ tương khứ nhữ,",逝將去女，
Thích bỉ lạc vực.,適彼樂國。
"Lạc vực, lạc vực,",樂國、樂國，
Viên đắc ngã trực.,爰得我直。
"Thạc thử, thạc thử!",碩鼠、碩鼠，
Vô thực ngã mao.,無食我苗！
"Tam tuế quán nhữ,",三歲貫女，
Mạc ngã khẳng lao.,莫我肯勞。
"Thệ tương khứ nhữ,",逝將去女，
Thích bỉ lạc giao.,適彼樂郊。
"Lạc giao, lạc giao,",樂郊、樂郊，
Thuỳ chi vĩnh hào?,誰之永號。
Bỉ thái yết hề.,彼采葛兮，
"Nhất nhật bất kiến,",一日不見，
Như tam nguyệt hề.,如三月兮！
Bỉ thái sưu hề.,彼采蕭兮，
"Nhất nhật bất kiến,",一日不見，
Như tam thu hề!,如三秋兮！
"Bỉ thái ngải hề,",彼采艾兮，
"Nhất nhật bất kiến,",一日不見，
Như tam toái hề.,如三歲兮！
"Bạc ngôn thái khỉ,",薄言采芑，
Vu bỉ tân điền.,於彼新田，
"Vu thử tri mẫu,",呈此菑畝。
Phương Trúc lỵ chỉ.,方叔蒞止，
"Kỳ xa tam thiên,",其車三千。
Sư can chi thí.,師幹之試，
"Phương Thúc suất chỉ,",方叔率止，
Thừa kỳ tứ kỳ.,乘其四騏，
"Tứ kỳ dực dực,",四騏翼翼。
Lộ xa hữu hất.,路車有奭，
"Điệm ngất ngư phục,",簟茀魚服，
Câu ưng điều cách.,鉤膺鞗革。
"Bạc ngôn thái khỉ,",薄言采芑，
Vu bỉ tân điền.,於彼新田，
"Vu thử trung hương,",於此中鄉。
Phương Trúc lỵ chỉ.,方叔蒞止，
"Kỳ xa tam thiên,",其車三千，
Kỳ triệu ương ương.,旂旐央央。
"Phương Thúc suất chỉ,",方叔率止，
Ước chỉ thác hành.,約軧錯衡，
"Bát loan thương thương,",八鸞玱玱。
Phục kỳ mệnh phục.,服其命服，
"Chu phất tư hoàng,",朱芾斯皇，
Hữu thương thông hành.,有玱蔥珩。
"Duật bỉ phi chuẩn,",鴥彼飛隼，
Kỳ phi lệ thiên.,其飛戾天，
"Diệc tập viên chỉ,",亦集爰止。
Phương Thúc ly chỉ.,方叔蒞止，
"Kỳ xa tam thiên,",其車三千，
Sư can chi thí.,師幹之試。
"Phương Thúc suất chỉ,",方叔率止，
Chinh nhân phạt cổ.,鉦人伐鼓，
"Trần sư cúc lữ,",陳師鞠旅。
Hiển doãn Phương Thúc.,顯允方叔，
"Phạt cổ uyên uyên,",伐鼓淵淵，
Chấn lữ điền điền.,振旅闐闐。
"Xuẩn nhĩ Man Kinh,",蠢爾蠻荆，
Đại bang vi thù.,大邦爲讎。
"Phương Thúc nguyên lão,",方叔元老，
Khắc tráng kỳ du.,克壯其猶。
"Phương Thúc suất chỉ,",方叔率止，
Chấp tấn hoạch xú.,執訊穫醜。
"Nhung xa than than,",戎車嘽嘽，
Than than thôi thôi.,嘽嘽焞焞，
"Như đình như lôi,",如霆如雷。
Hiển doãn Phương Thúc.,顯允方叔，
"Chinh phạt Nghiễm doãn,",征伐玁狁，
Man Kinh lai uy.,蠻荆來威。
"Thái linh, thái linh,",采苓采苓，
Thủ Dương chi đân.,首陽之巔。
"Nhân chi vi nghiên,",人之為言，
Cẩu diệc vô tấn.,茍亦無信。
"Xả chiên xả chiên,",舍旃舍旃，
Cẩu diệc vô nhiên.,茍亦無然。
"Nhân chi vi nghiên,",人之為言，
Hồ đắc yên?,胡得焉！
"Thái khổ, thái khổ,",采苦采苦，
Thủ Dương chi hộ.,首陽之下。
"Nhân chi vi nghiên,",人之為言，
Cẩu diệc vô dữ.,茍亦無與。
"Xả chiên xả chiên,",舍旃舍旃。
Cẩu diệc vô nhiên.,茍亦無然。
"Nhân chi vi nghiên,",人之為言，
Hồ đắc yên?,胡得焉！
"Thái phong thái phong,",采葑采葑，
Thủ Dương chi đông.,首陽之東。
"Nhân chi vi ngôn,",人之為言，
Cẩu diệc vô thung.,茍亦無從。
"Xả chiên xả chiên,",舍旃舍旃，
Cẩu diệc vô nhiên.,茍亦無然。
"Nhân chi vi ngôn,",人之為言，
Hồ đắc yên!,胡得焉！
"Vu dĩ thái phiền,",于以采蘩、
Vu chiểu vu chỉ.,于沼于沚。
"Vu dĩ dụng chi,",于以用之、
Công hầu chi thị.,公侯之事。
"Vu dĩ thái phiền,",于以采蘩、
Vu giản chi trung.,于澗之中。
"Vu dĩ dụng chi,",于以用之、
Công hầu chi cung.,公侯之宮。
"Bị chi đồng đồng,",被之僮僮、
Túc dạ tại công.,夙夜在公。
"Bị chi kỳ kỳ,",被之祁祁、
Bạc ngôn tuyền quy.,薄言還歸。
"Vu dĩ thái tần,",于以采蘋？
Nam giản chi tân.,南澗之濱。
"Vu dĩ thái tảo,",于以采藻？
Vu bỉ hành lão.,于彼行潦。
"Vu dĩ thình chi,",于以盛之？
Duy khuông cập cử.,維筐及筥。
"Vu dĩ tương chi,",于以湘之？
Duy kỹ cập phủ.,維锜及釜。
"Vu dĩ điện chi,",于以奠之？
Tông thất dũ hộ.,宗室牖下。
Thuỳ kỳ thi chi?,誰其尸之？
Hữu trai quý nữ.,有齊季女。
"Thúc vu điền,",叔于田，
Thừa thặng mỗ.,乘乘馬。
Chấp bí như tổ.,執轡如組，
Lưỡng sam như vũ.,兩驂如舞。
"Thúc tại tổ,",叔在藪，
Hoả liệt cụ cử.,火烈具舉。
"Đản tích bạo hổ,",襢裼暴虎，
Hiến vu công sở.,獻于公所。
"Thương Thúc vô nổ,",將叔無狃，
Giới kỳ thương nhữ.,戒其傷女。
"Thúc vu điền,",叔于田，
Thừa thặng hoàng.,乘乘黃。
Lưỡng phục thượng tương.,兩服上襄，
Lưỡng sam nhạn hàng.,兩驂雁行。
"Thúc tại tẩu,",叔在藪，
Hoả liệt cụ dương.,火烈具揚。
"Thúc thiện xạ ký,",叔善射忌，
Hựu lương ngự ký.,又良御忌。
"Ức khánh khống ký,",抑磬控忌，
Ức túng tống ký.,抑縱送忌。
"Thúc vu điền,",叔于田，
Thừa thặng bẩu.,乘乘鴇。
"Lưỡng phục tề thủ,",兩服齊首，
Lưỡng sam như thủ.,兩驂如手。
"Thúc tại tẩu,",叔在藪，
Hoả liệt cụ phụ.,火烈具阜。
"Thúc mã hoãn ký,",叔馬慢忌，
Thúc phát hãn ký.,叔發罕忌。
"Ức thích băng ký,",抑釋掤忌，
Ức sướng cung ký.,抑鬯弓忌。
"Thái vi, thái vi,",采薇采薇，
Vi diệc tác chỉ.,薇亦作止。
"Viết quy, viết quy,",曰歸曰歸，
Tuế diệc mộ chỉ.,歲亦莫止。
"Mỹ thất mỹ gia,",靡室靡家，
Nghiễm doãn chi cố.,玁狁之故；
"Bất hoàng khải cư,",不遑啟居，
Nghiễm doãn chi cố.,玁狁之故。
"Thái vi, thái vi,",采薇采薇，
Vi diệc nhu chỉ.,薇亦柔止。
"Viết quy, viết quy,",曰歸曰歸，
Tâm diệc ưu chỉ.,心亦憂止。
"Ư tâm liệt liệt,",憂心烈烈，
Tái cơ tái khát.,載饑載渴。
"Ngã thú vị định,",我戍未定，
Mỹ sử quy sính.,靡使歸聘。
"Thái vi, thái vi,",采薇采薇，
Vi diệc cương chỉ.,薇亦剛止。
"Viết quy, viết quy,",曰歸曰歸，
Tuế diệc dương chỉ.,歲亦陽止。
"Vương sự mỹ cổ,",王事靡盬，
Bất khoảng khải xử.,不遑啟處。
"Ưu tâm khổng cứu,",憂心孔疚，
Ngã hành bất lai.,我行不來。
Bỉ nhĩ duy hà?,彼爾維何？
Duy thường chi hoà.,維常之華。
Bỉ lộ tư hà?,彼路斯何？
Quân tử chi xa.,君子之車。
"Nhung xa ký giá,",戎車既駕，
Tứ mẫu nghiệp nghiệp.,四牡業業。
Khỉ cảm định cư?,豈敢定居，
Nhất nguyệt tam hiệp.,一月三捷。
"Giá bỉ tứ mẫu,",駕彼四牡，
Tứ mẫu quỳ quỳ.,四牡騤騤。
"Quân tử sở y,",君子所依，
Tiểu nhân sở phì.,小人所腓。
"Tứ mẫu dực dực,",四牡翼翼，
Tượng mễ ngư phục.,象弭魚服。
Khỉ bất nhật cức (giới)?,豈不日戒？
Nghiễm doãn khổng cức.,玁狁孔棘。
"Tích ngã vãng hỹ,",昔我往矣，
Dương liễu y y.,楊柳依依。
"Kim ngã lai tư,",今我來思，
Vũ tuyết phi phi.,雨雪霏霏。
"Hành đạo trì trì,",行道遲遲，
Tái khát tái cơ.,載渴載饑。
"Ngã tâm thương bi,",我心傷悲，
Mạc tri ngã ai.,莫知我哀！
Ta ta thần công!,嗟嗟臣工，
Kính nhĩ tại công.,敬爾在公。
"Vương ly nhĩ thành,",王釐爾成，
Lai tư lai nhự.,來咨來茹。
"Ta ta bảo giới,",嗟嗟保介，
Duy mộ chi xuân.,維莫之春，
Diệc hựu hà cầu?,亦又何求？
Như hà tân dư?,如何新畬？
"Ô hoàng lai mâu,",於皇來牟，
Tương thụ quyết minh.,將受厥明。
"Minh chiêu thượng đế,",明昭上帝，
Hất dụng khang niên.,迄用康年。
"Mệnh ngã chúng nhân,",命我衆人，
Trĩ nãi tiền bác.,庤乃錢鎛。
Yểm quan trất ngải.,奄觀銍艾。
"Ô mục thanh miếu,",於穆清廟，
Túc ung hiển tướng.,肅雝顯相。
"Tể tể đa sĩ,",濟濟多士，
Bỉnh văn chi đức.,秉文之德。
"Đối việt tại thiên,",對越在天，
Tuấn bôn tẩu tại miếu.,駿奔走在廟。
"Bất hiển bất thừa,",不顯不承，
Vô dịch ư nhân tư.,無射於人斯。
Thanh nhân tại Phang.,清人在彭，
Tứ giới bương bương.,駟介旁旁。
"Nhị mâu trùng ương,",二矛重英，
Hà thượng hồ ngao tường.,河上乎翱翔。
"Thanh nhân tại Tiêu,",清人在消，
"Tứ giới tiêu tiêu,",駟介麃麃。
"Nhị mâu trùng kiều,",二矛重喬，
Hà thượng hồ tiêu diêu.,河上乎逍遙。
"Thanh nhân tại Trụ,",清人在軸，
Tứ giới đầu đầu.,駟介陶陶。
Tả tuyền hữu sứu.,左旋右抽，
Trung quân tác hẩu.,中軍作好。
"Duật bỉ thần phâm,",鴥彼晨風，
Uất bỉ bắc lâm.,郁彼北林。
"Vị kiến quân tử,",未見君子，
Ưu tâm khâm khâm.,憂心欽欽。
Như hà? Như hà?,如何？如何？
Vong ngã thực đa?,忘我實多。
Sơn hữu bao lạc.,山有苞櫟，
Thấp hữu lục bác.,隰有六駮。
"Vị kiến quân tử,",未見君子，
Ưu tâm mỹ lạc.,憂心靡樂。
Như hà? Như hà?,如何？如何？
Vong ngã thực đa?,忘我實多。
"Sơn hữu bao đệ,",山有苞棣，
Thấp hữu thụ toại.,隰有樹檖。
"Vị kiến quân tử,",未見君子，
Ưu tâm như tuý.,憂心如醉。
Như hà? Như hà?,如何？如何？
Vong ngã thực đa?,忘我實多。
"Yêu yêu thảo trùng,",喓喓草蟲、
Địch địch phụ chung.,趯趯阜螽。
"Vị kiến quân tử,",未見君子、
Ưu tâm sung sung.,憂心忡忡。
"Diệc ký kiến chỉ,",亦既見止、
"Diệc ký cấu chỉ,",亦既覯止、
Ngã tâm tắc hồng.,我心則降。
"Trắc bỉ Nam sơn,",陟彼南山、
Ngôn thái kỳ quyết.,言采其蕨。
"Vị kiến quân tử,",未見君子、
Ưu tâm chuyết chuyết.,憂心惙惙。
"Diệc ký kiến chỉ,",亦既見止、
"Diệc ký cấu chỉ,",亦既覯止、
Ngã tâm tắc duyệt.,我心則說。
"Trắc bỉ Nam sơn,",陟彼南山、
Ngôn thái kỳ vi.,言采其薇。
"Vị kiến quân tử,",未見君子、
Ngã tâm thương bi.,我心傷悲。
"Diệc ký kiến chỉ,",亦既見止、
"Diệc ký cấu chỉ,",亦既覯止、
Ngã tâm tắc di.,我心則夷。
"Thấp hữu trường sở,",隰有萇楚，
A na kỳ chi.,猗儺其枝。
"Yêu chi ốc ốc,",夭之沃沃，
Lạc tử chi vô tri.,樂子之無知。
"Thấp hữu trường sở,",隰有萇楚，
A na kỳ hoa.,猗儺其華。
"Yêu chi ốc ốc,",夭之沃沃，
Lạc tử chi vô gia.,樂子之無家。
"Thấp hữu trường sở,",隰有萇楚，
A na kỳ thật.,猗儺其實。
"Yêu chi ốc ốc,",夭之沃沃，
Lạc tử chi vô thất.,樂子之無室。
Thập mẫu chi kiên hề!,十畝之間兮，
Tang giả hiền hiền hề!,桑者閑閑兮。
Hành dữ tử tuyền hề!,行，與子還兮。
Thập mẫu chi ngoại hề!,十畝之外兮，
Tang giả dị dị hề!,桑者泄泄兮。
Hành dữ tử thệ hề!,行，與子逝兮。
"Thấp tang hữu a,",隰桑有阿，
Kỳ diệp hữu na.,其葉有難。
"Ký kiến quân tử,",既見君子，
Kỳ lạc như hà?,其樂如何。
"Thấp tang hữu a,",隰桑有阿，
Kỳ diệp hữu ốc.,其葉有沃。
"Ký kiến quân tử,",既見君子，
Vân hà bất lạc?,云何不樂。
"Thấp tang hữu a,",隰桑有阿，
Kỳ diệp hữu u.,其葉有幽。
"Ký kiến quân tử,",既見君子，
Đức âm khổng giao.,德音孔膠。
"Tâm hồ ái hĩ,",心乎愛矣，
Hà bất vị hĩ?,遐不謂矣？
"Trung tâm tàng chi,",中心藏之，
Hà nhật vong chi?,何日忘之！
"Thất nguyệt lưu Huỷ,",七月流火，
Cửu nguyệt thụ ý.,九月授衣。
"Nhất chi nhật tất phế,",一之日觱發，
Nhị chi nhật lật lệ.,二之日栗烈；
"Vô y vô hệ,",無衣無褐，
Hà dĩ tốt tuế?,何以卒歲？
"Tam chi nhật vu dĩ,",三之日于耜，
"Tứ chi nhật cử chỉ,",四之日舉趾。
"Đồng ngã phụ tỉ,",同我婦子，
"Diệp bỉ nam mỹ,",馌彼南畝，
Điền tuấn chí hỉ.,田畯至喜。
"Thất nguyệt lưu Huỷ,",七月流火，
Cửu nguyệt thụ ý.,九月授衣。
"Xuân nhật tái dương,",春日載陽，
Hữu minh thương cang.,有鳴倉庚。
"Nữ chấp ý khuông,",女執懿筐，
"Tuân bỉ vi hàng,",遵彼微行，
Viên cầu nhu tang.,爰求柔桑。
"Xuân nhật trì trì,",春日遲遲，
Thái phiền kỳ kỳ.,采蘩祁祁。
Nữ tâm thương bi:,女心傷悲：
Đãi cập công tử đồng quy.,殆及公子同歸？
"Thất nguyệt lưu Huỷ,",七月流火，
Bát nguyệt hoàn vĩ.,八月萑葦。
"Tàm nguyệt thiều tang,",蠶月條桑，
"Thủ bỉ phủ thương,",取彼斧斨，
Dĩ phạt viễn dương.,以伐遠揚，
"Y bỉ nữ tang,",猗彼女桑。
Thất nguyệt minh quyết.,七月鳴鵙，
"Bát nguyệt tái tích,",八月載績，
"Tái huyền tái hoàng,",載玄載黃，
"Ngã chu khổng dương,",我朱孔陽，
Vi công tử thường.,為公子裳。
"Tứ nguyệt tú yêu,",四月秀葽，
Ngũ nguyệt minh điêu.,五月鳴蜩。
"Bát nguyệt kỳ hoạch,",八月其獲，
Thập nguyệt vẫn thác.,十月隕萚。
"Nhất chi nhật vu hạc,",一之日于貉，
"Thủ bỉ hồ ly,",取彼狐貍，
Vi công tử kỳ.,為公子裘。
"Nhị chi nhật kỳ đồng,",二之日其同，
"Tại toản vũ công,",載纘武功，
"Ngôn tư kỳ tông,",言私其豵，
Hiến kiên vu công.,獻豜于公。
Ngũ nguyệt tư chung động cổ.,五月斯螽動股，
Lục nguyệt sa kê chấn vũ.,六月莎雞振羽。
Thất nguyệt tại thự.,七月在野，
Bát nguyệt tại vũ.,八月在宇，
Cửu nguyệt tại hộ.,九月在戶，
"Thập nguyệt tất suất,",十月蟋蟀，
"Nhập ngã sàng hụ,",入我床下。
Khung truất huân thử.,穹窒熏鼠，
Tắc hướng cận hộ.,塞向墐戶。
"Ta ngã phụ tử,",嗟我婦子，
Viết vi cải tuế.,曰為改歲，
Nhập thử thất xử.,入此室處。
"Lục nguyệt thực uất cập úc,",六月食郁及薁，
Thất nguyệt phanh quỳ cập thúc.,七月亨葵及菽，
"Bát nguyệt bác tầu,",八月剝棗，
Thập nguyệt hoạch đạo.,十月獲稻。
"Vi thử xuân tửu,",為此春酒，
Dĩ giới my thụ.,以介眉壽。
"Thất nguyệt thực cô,",七月食瓜，
"Bát nguyệt đoạn hồ,",八月斷壺，
Cửu nguyệt thúc thư.,九月叔苴。
"Thái đồ tân sư,",采荼薪樗，
Tự ngã nông phu.,食我農夫。
Cửu nguyệt trúc trường bố.,九月筑場圃，
"Thập nguyệt nạp hoà cổ,",十月納禾稼。
Thử tắc trùng lực.,黍稷重穋，
Hoà ma thúc cức.,禾麻菽麥。
Ta ngã nông phu.,嗟我農夫，
Ngã giá ký đồng.,我稼既同，
Thượng nhập chấp cung công.,上入執宮功。
"Trú nhĩ vu mao,",晝爾于茅，
Tiêu nhĩ tác đào.,宵爾索绹；
"Cức kỳ thừa ốc,",亟其乘屋，
Kỳ thủ bá bách cốc.,其始播百穀。
"Nhị chi nhật tạc băng trùng trùng,",二之日鑿冰沖沖，
Tam chi nhật nạp vu lánh ung.,三之日納于凌陰，
"Tứ chi nhật kỳ tảo,",四之日其蚤，
Hiến cao tế kiểu.,獻羔祭韭。
"Cửu nguyệt túc sương,",九月肅霜，
Thập nguyệt địch trường.,十月滌場。
"Bằng tửu tư hương,",朋酒斯饗，
Viết sát cao dương.,曰殺羔羊。
"Tê bỉ công đường,",躋彼公堂，
Xưng bỉ tự quang:,稱彼兕觥：
Vạn thọ vô cương.,「萬壽無疆」。
"Thi cưu tại tang,",鸤鳩在桑，
Kỳ tử nhất hề!,其子七兮。
"Thục nhân quân tử,",淑人君子，
Kỳ nghi nhất hề!,其儀一兮；
Kỳ nghi nhất hề!,其儀一兮，
Tâm như cất hề!,心如結兮。
"Thi cưu tại tang,",鸤鳩在桑，
Kỳ tử tại my.,其子在梅。
"Thục nhân quân tử,",淑人君子，
Kỳ đái y ty.,其帶伊絲；
"Kỳ đái y ty,",其帶伊絲，
Kỳ biền y kỳ.,其弁伊騏。
"Thi cưu tại tang,",鸤鳩在桑，
Kỳ tử tại cức.,其子在棘。
"Thục nhân quân tử,",淑人君子，
Kỳ nghi bất thắc.,其儀不忒；
"Kỳ nghi bất thắc,",其儀不忒，
Chính thị tứ vực.,正是四國。
"Thi cưu tại tang,",鸤鳩在桑，
Kỳ tử tại trân.,其子在榛。
"Thục nhân quân tử,",淑人君子，
Chính thị quốc nhân.,正是國人；
"Chính thị quốc nhân,",正是國人，
Hồ bất vạn nân?,胡不萬年！
"Thiên bảo định nhĩ,",天保定爾，
Diệc khổng chi cố.,亦孔之固。
"Tý nhĩ đan hậu,",俾爾單厚，
Hà phúc bất trứ (trừ).,何福不除？
"Tý nhĩ đa phúc,",俾爾多益，
Dĩ mạc bất thứ.,以莫不庶。
"Thiên bảo định nhĩ,",天保定爾，
Tý nhĩ tiễn cốc.,俾爾戩穀。
"Khánh vô bất nghì,",罄無不宜，
Thụ thiên bách lộc.,受天百祿。
"Giáng nhĩ hà phúc,",降爾遐福，
Duy nhật bất túc.,維日不足。
"Thiên bảo định nhĩ,",天保定爾，
Dĩ mạc bất hưng.,以莫不興。
"Như sơn như phụ,",如山如阜，
Như cương như lăng.,如岡如陵，
"Như xuyên chi phương chí,",如川之方至，
Dĩ mạc bất tăng.,以莫不增。
"Cát quyên vi xí,",吉蠲爲饎，
Thị dụng hiếu tưởng.,是用孝享。
"Dược từ chưng thường,",禴祠烝嚐，
Vu công tiên vương.,於公先王。
"Quân viết: “Bốc nhĩ,",君曰：蔔爾，
Vạn thọ vô cương.”,萬壽無疆！
"Thần chi đích hỹ,",神之弔矣，
Di nhỉ đa phúc.,詒爾多福。
"Dân chi chất hỹ,",民之質矣，
Nhật dụng ẩm thực.,日用飲食。
"Quần lê bách tính,",群黎百姓，
Biến vi nhĩ đức.,遍爲爾德。
"Như nguyệt chi hằng,",如月之恒，
Như nhật chi thăng.,如日之升。
"Như Nam sơn chi thọ,",如南山之壽，
Bất khiên bất hăng.,不騫不崩。
"Như tùng bách chi mậu,",如松柏之茂，
Vô bất nhĩ hoặc thằng.,無不爾或承。
"Thiên tác cao sơn,",天作高山，
Thái vương hoang chi.,太王荒之。
"Bỉ tác hĩ,",彼作矣，
Văn vương khang chi.,文王康之。
"Bỉ thư hĩ Kỳ,",彼岨矣岐，
Hữu di chi hàng.,有夷之行。
Tử tôn bảo chi.,子孫保之。
"Mân thiên tật uy,",旻天疾威，
"Thiên đốc giáng táng,",天篤降喪，
"Điên ngã cơ cẩn,",瘨我饑饉，
Dân tốt lưu vong.,民卒流亡。
Ngã cư ngữ tốt hoang.,我居圉卒荒。
"Thiên giáng tội cổ,",天降罪罟，
Mâu tặc nội hồng.,蟊賊內訌。
"Hôn trạc mỹ cung,",昏椓靡共，
"Hội hội hồi duật,",潰潰回遹，
Thực tĩnh di ngã bang.,實靖夷​​我邦。
"Cao cao tí tí,",皋皋訾訾，
Tằng bất tri kỳ điếm.,曾不知其玷。
"Căng căng nghiệp nghiệp,",兢兢業業，
"Khổng điền bất ninh,",孔填不寧，
Ngã vị khổng biếm.,我位孔貶。
"Như bỉ tuế hạn,",如彼歲旱，
Thảo bất hội mậu.,草不潰茂，
"Như bỉ thê thư,",如彼棲苴。
"Ngã tương thử bang,",我相此邦，
Vô bất hội chỉ.,無不潰止。
"Duy tích chi phú,",維昔之富，
Bất như thì;,不如時；
"Duy kim chi cứu,",維今之疚，
Bất như tư.,不如茲。
"Bỉ sơ tư bại,",彼疏斯粺，
"Hồ bất tự thế,",胡不自替，
Chức huống tư dẫn?,職兄斯引？
"Trì chi kiệt hĩ,",池之竭矣，
Bất vân tự tần?,不云自頻？
"Tuyền chi kiệt hĩ,",泉之竭矣，
Bất vân tự trung?,不云自中？
"Phổ tư hại hĩ,",溥斯害矣，
"Chức huống tư hoằng,",職兄斯弘，
Bất tai ngã cung?,不災我躬？
"Tích tiên vương thụ mệnh,",昔先王受命，
"Hữu như Thiệu công,",有如召公，
Nhật tịch quốc bách lý;,日辟國百里；
Kim dã nhật túc quốc bách lý.,今也日蹙國百里。
Ô hô ai tai!,於乎哀哉！
"Duy kim chi nhân,",維今之人，
Bất thượng hữu cựu.,不尚有舊。
"Thì mại kỳ bang,",時邁其邦，
Hạo thiên kỳ tử chi.,昊天其子之。
"Thực hữu tự hữu Chu,",實右序有周，
"Bạc ngôn chấn chi,",薄言震之，
Mạc bất chấn điệp.,莫不震疊。
"Hoài nhu bách thần,",懷柔百神，
Cập hà kiều nhạc.,及河喬嶽。
Duẫn vương duy hậu.,允王維后。
"Minh chiêu hữu Chu,",明昭有周，
Thức tự tại vị.,式序在位。
"Tái tập can qua,",載戢干戈，
Tái cao cung thỉ.,載櫜弓矢。
"Ngã cầu ý đức,",我求懿德，
Tứ vu thì Hạ.,肆于時夏。
Duẫn vương bảo chi.,允王保之。
"Túc túc thố tư,",肅肅兔罝、
Trác chi tranh tranh.,椓之丁丁。
"Củ củ vũ phu,",赳赳武夫、
Công hầu can thành.,公侯干城。
"Túc túc thố tư,",肅肅兔罝、
Dị vu trung quỳ.,施于中逵。
"Củ củ vũ phu,",赳赳武夫、
Công hầu hảo kỳ.,公侯好仇。
"Túc túc thố ta,",肅肅兔罝、
Thi vu trung lâm.,施于中林。
"Củ củ vũ phu,",赳赳武夫、
Công hầu phúc tâm.,公侯腹心。
"Hữu thố viên viên,",有兔爰爰，
Trĩ lệ vu la.,雉離于羅。
"Ngã sinh chi sơ,",我生之初，
Thượng vô ngoa.,尚無為。
"Ngã sinh chi hậu,",我生之後，
Phùng thử bách la.,逢此百罹。
Thượng mỵ vô ngoa.,尚寐無吪。
"Hữu thố viên viên,",有兔爰爰，
Trĩ lệ vu biễu.,雉離于罦。
"Ngã sinh chi sơ,",我生之初，
Thượng vô tạo.,尚無造；
"Ngã sinh chi hậu,",我生之後，
Phùng thử bách yêu.,逢此百憂。
Thượng mỵ vô giếu.,尚寐無覺！
Hữu thố viên viên,有兔爰爰，
Trĩ lệ vu xung.,雉離于罿。
"Ngã sinh chi sơ,",我生之初，
Thượng vô dung.,尚無庸；
"Ngã sinh chi hậu,",我生之後，
Phùng thử bách hung.,逢此百兇。
Thượng mỵ vô thông.,尚寐無聰！
"Thuần chi bôn bôn,",鶉之奔奔，
Thước chi khương khương.,鵲之彊彊。
"Nhân chi vô lương,",人之無良，
Ngã dĩ vi hương.,我以為兄。
"Thước chi khương khương,",鵲之彊彊，
"Thuần chi bân bân,",鶉之奔奔。
"Nhân chi vô lương,",人之無良，
Ngã dĩ vi quân.,我以為君。
"Thức vi, thức vi!",式微、式微，
Hồ bất quy?,胡不歸？
"Vi quân chi cố,",微君之故，
Hồ vi hồ trung lộ?,胡為乎中露？
"Thức vi, thức vi!",式微、式微，
Hồ bất quy?,胡不歸？
"Vi quân chi cung,",微君之躬，
Hồ vi hồ nê trung?,胡為乎泥中？
"Thúc vu trần,",叔于田，
Hạng vô cư nhân.,巷無居人。
Khỉ vô cư nhân?,豈無居人？
"Bất như Thúc dã,",不如叔也，
Tuân mỹ thả nhân.,洵美且仁。
"Thúc vu thú,",叔于狩，
"Hạng vô ẩm tửu,",巷無飲酒。
Khỉ vô ẩm tửu?,豈無飲酒？
"Bất như Thúc dã,",不如叔也，
Tuân mỹ thả hẩu.,洵美且好。
"Thúc thích thử,",叔適野，
Hạng vô phục mỗ.,巷無服馬。
Khỉ vô phục mỗ?,豈無服馬？
"Bất như Thúc dã,",不如叔也，
Tuân mỹ thả vũ.,洵美且武。
"Bỉ thử ly ly,",彼黍離離，
"Bỉ tắc chi miêu,",彼稷之苗。
"Hành mại mỹ mỹ,",行邁靡靡，
"Trung tâm dao dao,",中心搖搖。
"Tri ngã giả,",知我者，
Vị ngã tâm ưu.,謂我心憂；
"Bất tri ngã giả,",不知我者，
Vị ngã hà cầu.,謂我何求。
"Du du thương thân,",悠悠蒼天，
Thử hà nhân tai?,此何人哉！
"Bỉ thử ly ly,",彼黍離離，
"Bỉ tắc chi toại,",彼稷之穗。
"Hành mại mỹ mỹ,",行邁靡靡，
"Trung tâm như tuý,",中心如醉。
"Tri ngã giả,",知我者，
Vị ngã tâm ưu.,謂我心憂；
"Bất tri ngã giả,",不知我者，
Vị ngã hà cầu.,謂我何求。
"Du du thương thân,",悠悠蒼天，
Thử hà nhân tai?,此何人哉！
"Bỉ thử ly ly,",彼黍離離，
"Bỉ tắc chi thật,",彼稷之實。
"Hành mại mỹ mỹ,",行邁靡靡，
"Trung tâm như ất,",中心如噎。
"Tri ngã giải,",知我者，
Vị ngã tâm ưu.,謂我心憂；
"Bất tri ngã giả,",不知我者，
Vị ngã hà cầu.,謂我何求。
"Du du thương thân,",悠悠蒼天，
Thử hà nhân tai?,此何人哉！
"Thù mâu thúc tân,",綢繆束薪，
Tam tinh tại thân.,三星在天。
Kim tịch hà tịch?,今夕何夕？
Kiến thử lương nhân.,見此良人。
"Tử hề, tử hề!",子兮、子兮！
Như thử lương nhân hà?,如此良人何！
"Thù mâu thúc trú,",綢繆束芻，
Tam tinh tại ngẫu.,三星在隅。
Kim tịch hà tịch?,今夕何夕？
Kiến thử giới lẫu.,見此邂逅。
"Tử hề, tử hề!",子兮、子兮！
Như thử giải cấu hà?,如此邂逅何？
"Thù mâu thúc sở,",綢繆束楚，
Tam tinh tại hộ.,三星在戶。
Kim tịch hà tịch?,今夕何夕？
Kiến thử xán chư?,見此粲者。
"Tử hề, tử hề!",子兮、子兮！
Như thử xán chư hà?,如此粲者何！
"Duy thước hữu sào,",維鵲有巢、
Duy cưu cư chi.,維鳩居之。
"Chi tử vu quy,",之子于歸、
Bách lưỡng nhạ chi.,百兩御之。
"Duy thước hữu sào,",維鵲有巢、
Duy cưu phương chi.,維鳩方之。
"Chi tử vu quy,",之子于歸、
Bách lưỡng tương chi.,百兩將之。
"Duy thước hữu sào,",維鵲有巢、
Duy cưu doanh chi.,維鳩盈之。
"Chi tử vu quy,",之子于歸、
Bách lưỡng thành chi.,百兩成之。
"Thường đệ chi hoa,",常棣之華，
Ngạc bất vĩ vĩ?,鄂不韡韡。
"Phàm kim chi nhân,",凡今之人，
Mạc như huynh đệ.,莫如兄弟。
"Tử táng chi uy,",死喪之威，
Huynh đệ khổng hoài.,兄弟孔懷。
Nguyên thấp bầu hỹ!,原隰裒矣，
Huynh đệ cầu hỹ!,兄弟求矣。
"Tích linh tại nguyên,",脊令在原，
Huynh đệ cấp nạn.,兄弟急難。
"Mỗi hữu lương bằng,",每有良朋，
Huống giả vĩnh thán.,況也永歎。
"Huynh đệ hích vu tường,",兄弟鬩於牆，
Ngoại ngự kỳ vụ.,外禦其務。
"Mỗi hữu lương bằng,",每有良朋，
Chưng dã vô nhung.,烝也無戎。
"Tang loạn ký bình,",喪亂既平，
Ký an thả ninh.,既安且寧。
"Tuy hữu huynh đệ,",雖有兄弟，
Bất như hữu sinh.,不如友生。
"Tấn nhĩ biên đậu,",儐爾籩豆，
Ẩm tửu chi ứ.,飲酒之飫。
"Huynh đệ ký cụ,",兄弟既具，
Hoà lạc thả nhụ.,和樂且孺。
"Thê tử hảo hợp,",妻子好合，
Như cổ sắt cầm.,如鼓瑟琴。
"Huynh đệ ký hấp,",兄弟既翕，
Hoà lạc thả đam.,和樂且湛。
"Nghi nhĩ thất gia,",宜爾室家，
Lạc nhĩ thê nô.,樂爾妻帑。
"Thị cứu thị đồ,",是究是圖，
Đán kỳ nhiên hồ?,亶其然乎！
"Thương Trọng Tử hề,",將仲子兮，
Vô du ngã lý.,無逾我里，
Vô chiết ngã thụ khỉ.,無折我樹杞，
Khỉ cảm ái chi?,豈敢愛之？
Uý ngã phụ mỹ.,畏我父母。
Trọng khả huỳ dã.,仲可懷也，
"Phụ mẫu chi ngôn,",父母之言，
Diệc khả uý dã.,亦可畏也。
"Thương Trọng Tử hề,",將仲子兮，
Vô du ngã tường.,無逾我墻，
Vô chiết ngã thụ tang.,無折我樹桑，
Khỉ cảm ái chi?,豈敢愛之？
Uý ngã chư hương.,畏我諸兄。
Trọng khả hoài dã.,仲可懷也，
"Chư huynh chi ngôn,",諸兄之言，
Diệc khả uý dã.,亦可畏也。
"Thương Trọng Tử hề,",將仲子兮，
Vô du ngã viên.,無逾我園，
Vô chiết ngã thụ điền.,無折我樹檀，
Khỉ cảm ái chi?,豈敢愛之？
Uý nhân chi đa ngôn.,畏人之多言。
Trọng khả hoài dã.,仲可懷也，
"Nhân chi đa ngôn,",人之多言，
Diệc khả uý dã.,亦可畏也。
Hách hách minh minh.,赫赫明明。
"Vương mệnh khanh sĩ,",王命卿士，
"Nam Trọng thái tổ,",南仲太祖，
Thái sư Hoàng Phủ:,太師皇父：
"Chỉnh ngã lục sư,",整我六師，
Dĩ tu ngã nhung;,以修我戎；
"Ký kính ký giới,",既敬既戒，
Huệ thử nam quốc.,惠此南國。
"Vương vị Doãn thị,",王謂尹氏，
Mệnh Trình bá Hưu Phủ:,命程伯休父：
"Tả hữu trần hàng,",左右陳行，
Giới ngã sư lữ.,戒我師旅。
"Suất bỉ Hoài phổ,",率彼淮浦，
Tỉnh thử Từ thổ.,省此徐土。
"Bất lưu bất xử,",不留不處，
Tam sự tựu tự.,三事就緒。
"Hách hách nghiệp nghiệp,",赫赫業業，
Hữu nghiêm thiên tử.,有嚴天子。
"Vương thư bảo tác,",王舒保作，
Phỉ thiệu phỉ du.,匪紹匪遊。
"Từ phương dịch tao,",徐方繹騷，
Chấn kinh Từ phương.,震驚徐方。
"Như lôi như đình,",如雷如霆，
Từ phương chấn kinh.,徐方震驚。
"Vương phấn quyết vũ,",王奮厥武，
Như chấn như nộ.,如震如怒。
"Tiến quyết hổ thần,",進厥虎臣，
Hám như hao hổ.,闞如虓虎。
"Phô đôn Hoài Phần,",鋪敦淮濆，
Nhưng chấp xú lỗ.,仍執醜虜。
"Tiệt bỉ Hoài phổ,",截彼淮浦，
Vương sư chi sở.,王師之所。
"Vương lữ than than,",王旅嘽嘽，
Như phi như hàn.,如飛如翰。
"Như Giang như Hán,",如江如漢，
"Như sơn chi bao,",如山之苞，
"Như xuyên chi lưu,",如川之流，
Miên miên dực dực.,綿綿翼翼。
"Bất trắc bất khắc,",不測不克，
Trạc trưng Từ quốc.,濯徵徐國。
"Vương do doãn tắc,",王猶允塞，
Từ phương ký lai.,徐方既來。
"Từ phương ký đồng,",徐方既同，
Thiên tử chi công.,天子之功。
"Tứ phương ký bình,",四方既平，
Từ phương lai đình.,徐方來庭。
"Từ phương bất hồi,",徐方不回，
Vương viết hoàn quy.,王曰還歸。
"Y dư tất thư,",猗與漆沮，
Tiềm hữu đa ngư.,潛有多魚。
"Hữu triên hữu vị,",有鱣有鮪，
Điều thường yển lý.,鰷鱨鰋鯉。
"Dĩ hưởng dĩ tự,",以享以祀，
Dĩ giới cảnh phúc.,以介景福。
"Dư kỳ trừng,",予其懲，
Nhi bí hậu hoạn.,而毖後患。
"Mạc dư phanh phong,",莫予荓蜂，
Tự cầu tân thích.,自求辛螫。
"Triệu doãn bỉ đào trùng,",肇允彼桃蟲，
Phiên phi duy điểu.,拚飛維鳥。
"Vị kham gia đa nạn,",未堪家多難，
Dư hựu tập vu liễu.,予又集于蓼。
"Tiêu liêu chi thực,",椒聊之實，
Phồn diễn doanh thăng.,蕃衍盈升。
"Bỉ ký chi tử,",彼其之子，
Thạc đại vô bằng.,碩大無朋。
Tiêu liêu thư!,椒聊且，
Viễn điều thư!,遠條且。
"Tiêu liêu chi thực,",椒聊之實，
Phồn diễn doanh cúc.,蕃衍盈匊。
"Bỉ ký chi tử,",彼其之子，
Thực đại thả đốc.,碩大且篤。
Tiêu liêu thư!,椒聊且，
Viễn điều thư!,遠條且。
"Mân thiên tật uy,",旻天疾威、
Phu vu hạ thổ.,敷于下土。
"Mưu do hồi duật,",謀猶回遹、
Hà nhật tư thư?,何日斯沮？
"Mưu tang bất tòng,",謀臧不從、
Bất tang phúc dụng.,不臧覆用。
"Ngã thị mưu do,",我視謀猶、
Diệc khổng chi cùng.,亦孔之邛。
"Bất cảm bạo hổ,",不敢暴虎、
Bất cảm bằng hà.,不敢馮河。
"Nhân tri kỳ nhất,",人知其一、
Mạc tri kỳ tha.,莫知其他。
"Chiến chiến căng căng,",戰戰兢兢、
"Như lâm thâm uyên,",如臨深淵、
Như lý bạc băng.,如履薄冰。
"Tiểu nhung tiển thu,",小戎俴收，
"Ngũ mộc lương chu,",五楘梁辀，
Du hoàn hiếp khu (cúc).,遊環脅驅，
"Âm dẫn ốc tụ,",陰靷鋈續，
Văn nhân sướng hứu.,文茵暢轂，
"Giá ngã kỳ chú,",駕我騏馵。
"Ngôn niệm quân tử,",言念君子，
"Ôn kỳ như ngọc,",溫其如玉；
"Tại kỳ bản ốc,",在其板屋，
Loạn ngã tâm khúc.,亂我心曲。
"Tứ mẫu khổng phụ,",四牡孔阜，
"Lục bí tại thủ,",六轡在手。
"Kỳ lưu thị chưng,",騏騮是中，
Qua ly thị sâm.,騧驪是驂。
"Long thuẫn chi hạp,",龍盾之合，
Ốc dĩ quyết nạp.,鋈以觼軜。
"Ngôn niệm quân tử,",言念君子，
Ôn kỳ tại ấp.,溫其在邑。
Phương hà vi kỳ?,方何為期？
Hồ nhiên ngã nhiệm chi?,胡然我念之？
"Tiển tứ khổng quần,",俴駟孔群，
Cầu mâu ốc chuân.,厹矛鋈錞，
Mông phạt hữu uân.,蒙伐有苑。
"Hổ sướng lậu ưng,",虎韔鏤膺，
Giao sướng nhị quăng.,交韔二弓，
Trúc bế cổn đằng.,竹閉緄縢。
Ngôn niệm quân tử.,言念君子，
Tái tẩm tái hưng.,載寢載興；
"Yêm yêm lương nhân,",厭厭良人，
Trật trật đức ưng.,秩秩德音。
"Huệ bỉ tiểu tinh,",嘒彼小星，
Tam ngũ tại đông.,三五在東。
"Túc túc tiêu chinh,",肅肅宵征，
"Túc dạ tại công,",夙夜在公。
Thực mệnh bất đồng.,寔命不同！
"Hối bỉ tiểu tinh,",嘒彼小星，
Duy Sâm dữ Lão.,維參與昴。
"Túc túc tiêu chinh,",肅肅宵征，
"Bảo khâm dữ trù,",抱衾與裯。
Thực mệnh bất du.,寔命不猶！
"Tĩnh nữ kỳ xu,",靜女其姝，
"Sĩ ngã ư thành ngu,",俟我於城隅。
"Ái nhi bất kiến,",愛而不見，
Tao thủ trì trù.,搔首踟躕。
"Tĩnh nữ kỳ luyến,",靜女其孌，
Dĩ ngã đồng quản.,貽我彤管。
"Đồng quản hữu vĩ,",彤管有煒，
Duyệt địch nữ mỹ.,說懌女美。
"Tự mục quy đề,",自牧歸荑，
Tuân mỹ thả dị.,洵美且異。
"Phỉ nhữ chi vi mỹ,",匪女之為美，
Mỹ nhân chi dị.,美人之貽。
"Tinh tinh giả nga,",菁菁者莪，
Tại bỉ trung a.,在彼中阿。
"Ký kiến quân tử,",既見君子，
Lạc thả hữu nghi.,樂且有儀。
"Tinh tinh giả nga,",菁菁者莪，
Tại bỉ trung chỉ.,在彼中沚。
"Ký kiến quân tử,",既見君子，
Ngã tâm tắc hỉ.,我心則喜。
"Tinh tinh giả nga,",菁菁者莪，
Tại bỉ trung lăng.,在彼中陵。
"Ký kiến quân tử,",既見君子，
Tích ngã bách bằng.,錫我百朋。
"Phiếm phiếm dương chu,",泛泛楊舟，
Tái trầm tài phù.,載沉載浮。
"Ký kiến quân tử,",既見君子，
Ngã tâm tắc hưu.,我心則休。
Thứ kiến tố quan hề!,庶見素冠兮，
Cức nhân loan loan hề!,棘人欒欒兮，
Lao tâm đoàn đoàn hề!,勞心慱慱兮。
Thứ kiến tố y hề!,庶見素衣兮，
Ngã tâm thương bi hề!,我心傷悲兮，
Liêu dữ tử đồng quy hề!,聊與子同歸兮。
Thứ kiến tố tất hề!,庶見素韠兮，
Ngã tâm uẩn cất hề!,我心蘊結兮，
Liêu dữ tử như nhất hề!,聊與子如一兮。
"Bỉ trạch chi ba,",彼澤之陂，
Hữu bồ dữ hà.,有蒲與荷。
"Hữu mỹ nhất nhân,",有美一人，
Thương như chi hà?,傷如之何！
Ngộ mỵ vô vi.,寤寐無為，
Thế tứ phương đà.,涕泗滂沱。
"Bỉ trạch chi ba,",彼澤之陂，
Hữu bồ dữ kiên.,有蒲與蕳。
"Hữu mỹ nhất nhân,",有美一人，
"Thạc đại thả quyền,",碩大且卷。
Ngộ mỵ vô vi.,寤寐無為，
Trung tâm quyên quyên.,中心悁悁。
"Bỉ trạch chi ba,",彼澤之陂，
Hữu bồ hàm điểm.,有蒲菡萏。
"Hữu mỹ nhất nhân,",有美一人，
"Thạc đại thả nghiễm,",碩大且儼。
Ngộ mỵ vô vi.,寤寐無為，
Triển chuyển phục triểm.,輾轉伏枕。
Trắc bĩ hộ hề!,陟彼岵兮，
Chiêm vong phụ hề!,瞻望父兮。
"Phụ viết: “Ta! Dư tử hành dịch,",父曰：「嗟！予子行役，
"Túc dạ vô dĩ,",夙夜無已。
Thượng thận chiên tai!,上慎旃哉！
Do lai vô chỉ.”,猶來無止。」
Trắc bỉ khỉ hề!,陟彼屺兮，
Chiêm vọng mỹ hề!,瞻望母兮。
Mẫu viết: “Ta! Dư quý hành dịch!,母曰：「嗟！予季行役，
"Túc dạ vô mỵ,",夙夜無寐。
Thượng thận chiên tai!,上慎旃哉！
Do lai vô khí.”,猶來無棄。」
Trắc bỉ cương hề!,陟彼岡兮，
Chiêm vọng hương hề!,瞻望兄兮。
Huynh viết: “Ta! Dư đệ hành dịch.,兄曰：「嗟！予弟行役，
"Túc dạ tất kỷ,",夙夜必偕。
Thượng thận chiên tai!,上慎旃哉！
Do lai vô tỉ.”,猶來無死。」
"Trẫm trẫm lộ tư,",湛湛露斯，
Phỉ dương bất hy.,匪陽不晞。
"Yêm yêm dạ ẩm,",厭厭夜飲，
Bất tuý vô quy.,不醉無歸。
"Trẫm trẫm lộ tư,",湛湛露斯，
Tại bỉ phong thảo.,在彼豐草。
"Yêm yêm dạ ẩm,",厭厭夜飲，
Tại tông tái khảo.,在宗載考。
"Trẫm trẫm lộ tư,",湛湛露斯，
Tại bỉ khỉ cức.,在彼杞棘。
"Hiển doãn quân tử,",顯允君子，
Mạc bất lịnh đức.,莫不令德。
"Kỳ đồng kỳ y,",其桐其椅，
Kỳ thực ly ly.,其實離離。
"Khải đễ quân tử,",豈弟君子，
Mạc bất lịnh nghi.,莫不令儀。
"Trân dữ Vĩ,",溱與洧，
Phương viên viên hề.,方渙渙兮。
"Sĩ dữ nữ,",士與女，
Phương bỉnh kiên hề.,方秉蕳兮。
Nữ viết: Quan hồ.,女曰：「觀乎？」
"Sĩ viết: Ký thư,",士曰：「既且。」
"Thả vãng quan hồ,",「且往觀乎
"Vĩ chi ngoại,",洧之外，
Tuân hu thả lạc.,洵訏且樂。」
"Duy sĩ dữ nữ,",維士與女，
"Y kỳ tương hước,",伊其相謔，
Tặng chi dĩ thược dược.,贈之以勺藥。
"Trân dữ Vĩ,",溱與洧，
Lưu kỳ thanh hĩ.,瀏其清矣。
"Sĩ dữ nữ,",士與女，
Ân kỳ doanh hĩ.,殷其盈矣。
Nữ viết: Quan hồ.,女曰：「觀乎？」
"Sĩ viết: Ký thư,",士曰：「既且。」
Thả vãng quan hồ.,「且往觀乎
"Vĩ chi ngoại,",洧之外，
Tuân hu thả lạc.,洵訏且樂。」
"Duy sĩ dữ nữ,",維士與女，
"Y kỳ tương hước,",伊其將謔，
Tặng dĩ thược dược.,贈之以勺藥。
Bỉ truyết giả gia.,彼茁者葭，
Nhất phát ngũ ba.,壹發五豝。
Hu ta hồ trâu nha.,于嗟乎，騶虞！
Bỉ truyết giả bồng.,彼茁者蓬，
Nhất phát ngũ tông.,壹發五豵。
Hu ta hồ trâu ngông.,于嗟乎，騶虞！
"Tri y chi nghi hề,",緇衣之宜兮，
Tệ dư hựu cải vi hề.,敝，予又改為兮。
"Thích tử chi quán hề,",適子之館兮，
Hoàn dư thụ tử chi xán hề.,還，予授子之粲兮。
"Tri y chi hảo hề,",緇衣之好兮，
Tệ dư hựu cải tạo hề.,敝，予又改造兮。
"Thích tử chi quán hề,",適子之館兮，
Hoàn dư thụ tử chi xán hề.,還，予授子之粲兮。
"Tri y chi tược hề,",緇衣之席兮，
Tệ dư hựu cải tác hề.,敝，予又改作兮。
"Thích tử chi quán hề,",適子之館兮，
Hoàn dư thụ tử chi xán hề.,還，予授子之粲兮。
Sĩ ngã ư trư hồ nhi.,俟我於著乎而，
Sung nhĩ dĩ tổ hồ nhi.,充耳以素乎而，
Thượng chi dĩ quỳnh phô hồ nhi.,尚之以瓊華乎而。
"Sĩ ngã ư đình hồ nhi,",俟我於庭乎而，
"Sung nhĩ dĩ thanh hồ nhi,",充耳以青乎而，
Thượng chi dĩ quỳnh vinh hồ nhi.,尚之以瓊瑩乎而。
Sĩ ngã ư đường hồ nhi.,俟我於堂乎而，
Sung nhĩ dĩ hoàng hồ nhi.,充耳以黃乎而，
Thượng chi dĩ quỳnh ương hồ nhi.,尚之以瓊英乎而。
"Địch địch trúc can,",籊籊竹竿，
Dĩ điếu vu Kỳ.,以釣于淇。
Khỉ bất nhĩ tư?,豈不爾思，
Viễn mạc trí chi.,遠莫致之。
Tuyền Nguyên tại tả.,泉源在左，
Kỳ thuỷ tại hĩ.,淇水在右。
"Nữ tử hữu hành,",女子有行，
Viễn huynh đệ phụ mỵ.,遠兄弟父母。
"Kỳ thuỷ tại hữu,",淇水在右，
Tuyền Nguyên tại tả.,泉源在左。
"Xảo tiếu chi thả,",巧笑之瑳，
Bội ngọc chi nả.,佩玉之儺。
"Kỳ thuỷ du du,",淇水滺滺，
Cối tiếp tùng chu.,檜楫松舟。
"Giá ngôn xuất du,",駕言出遊，
Dĩ tả ngã ưu.,以寫我憂。
Hồ vi hồ Tru Lâm?,胡為乎株林？
Tùng Há Nâm.,從夏南。
Phỉ thích Tru Lâm.,匪適株林，
Từng Há Nâm.,從夏南。
"Giá ngã thặng mỗ,",駕我乘馬，
Thuế vu Tru thự?,說于株野。
"Thừa ngã thặng câu,",乘我乘駒，
Triêu thực vu Tru.,朝食于株。
"Trung cốc hữu thôi,",中穀有蓷，
Hãn kỳ can hĩ!,暵其乾矣。
"Hữu nữ phỉ ly,",有女仳離，
Khải kỳ than hĩ!,慨其嘆矣。
Khải kỳ than hĩ!,慨其嘆矣，
Ngộ nhân chi gian nan hĩ!,遇人之艱難矣。
"Trung cốc hữu thôi,",中穀有蓷，
Hãn kỳ thúc hĩ,暵其修矣。
"Hữu nữ phỉ ly,",有女仳離，
"Điều kỳ túc hĩ,",條其嘯矣。
"Điều kỳ túc hĩ,",條其嘯矣，
Ngộ nhân chi bất thục hĩ.,遇人之不淑矣。
"Trung cốc hữu thôi,",中穀有蓷，
Hãn kỳ thấp hĩ.,暵其濕矣。
"Hữu nữ phỉ ly,",有女仳離，
"Truyết kỳ khấp hĩ,",啜其泣矣。
"Truyết kỳ khấp hĩ,",啜其泣矣，
Hà ta cập hĩ?,何嗟及矣。
"Tuân đại lộ hề,",遵大路兮，
Sám chấp tử chi khử hề.,摻執子之袪兮。
"Vô ngã ố hề,",無我惡兮，
Bất tảm cố dã.,不寁故也。
"Tuân đại lộ hề,",遵大路兮，
Sám chấp tử chi thủ hề.,摻執子之手兮。
"Vô ngã xú hề,",無我醜兮，
Bất tảm hẩu dã.,不寁好也。
"Thanh thanh tử khâm,",青青子衿，
Du du ngã tâm.,悠悠我心。
"Túng ngã bất vãng,",縱我不往，
Tử ninh bất tự âm?,子寧不嗣音？
Thanh thanh tử bì.,青青子佩，
Du du ngã ty.,悠悠我思。
"Túng ngã bất vãng,",縱我不往，
Tử ninh bất ly?,子寧不來？
Khiêu hề thuyết hề.,挑兮達兮，
Tại thành khuyết hề.,在城闕兮。
"Nhất nhật bất kiến,",一日不見，
Như tam nguyệt hề.,如三月兮。
"Tứ mẫu phi phi,",四牡騑騑，
Chu đạo uy trì;,周道倭遲。
Khởi bất hoài quy?,豈不懷歸？
"Vương sự mỹ cổ,",王事靡盬，
Ngã tâm thương bi.,我心傷悲。
"Tứ mẫu phi phi,",四牡騑騑，
Than than lạc mã;,嘽嘽駱馬。
Khởi bất hoài quy?,豈不懷歸？
"Vương sự mỹ cổ,",王事靡盬，
Bất hoàng khải xứ.,不遑啟處。
"Biên biên giả chuy,",翩翩者鵻，
"Tải phi tải hạ,",載飛載下，
Tập vu bao hứa;,集於苞栩。
"Vương sự mỹ cổ,",王事靡盬，
Bất hoàng tương phụ.,不遑將父。
"Biên biên giả chuy,",翩翩者鵻，
"Tải phi tải chì,",載飛載止，
Tập vu bao kỷ;,集於苞杞。
"Vương sự mỹ cổ,",王事靡盬，
Bất hoàng tương mỹ.,不遑將母。
"Giá bỉ tứ lạc,",駕彼四駱，
"Tải sậu sâm sâm,",載驟駸駸。
Khởi bất hoài quy;,豈不懷歸？
"Thị dụng tác ca,",是用作歌，
Tương mẫu lai thâm.,將母來諗。
"Tung cao duy nhạc,",崧高維岳，
Tuấn cực vu thiên.,駿極于天。
"Duy nhạc giáng thần,",維岳降神，
Sinh Phủ cập Thân.,生甫及申。
"Duy Thân cập Phủ,",維申及甫，
Duy Chu chi hàn.,維周之翰。
"Tứ quốc vu phiên,",四國于蕃，
Tứ phương vu tuyên.,四方于宣。
"Vĩ vĩ Thân Bá,",亹亹申伯，
Vương toản chi sự.,王纘之事。
"Vu ấp vu Tạ,",于邑于謝，
Nam quốc thị thức.,南國是式。
"Vương mệnh Thiệu Bá,",王命召伯，
Định Thân Bá chi trạch.,定申伯之宅。
"Đăng thị nam bang,",登是南邦，
Thế chấp kỳ công.,世執其功。
"Vương mệnh Thân Bá,",王命申伯，
"Thức thị nam bang,",式是南邦，
"Nhân thị Tạ nhân,",因是谢人，
Dĩ tác nhĩ dung.,以作爾庸。
"Vương mệnh Thiệu Bá,",王命召伯，
Triệt Thân Bá thổ điền;,徹申伯土田；
"Vương mệnh phó ngự,",王命傅御，
Thiên kỳ tư nhân.,遷其私人。
"Thân Bá chi công,",申伯之功，
Thiệu Bá thị doanh.,召伯是營。
"Hữu súc kỳ thành,",有俶其城，
Tẩm miếu ký thành.,寢廟既成，
Ký thành mạc mạc;,既成藐藐；
"Vương tích Thân Bá,",王錫申伯，
"Tứ mẫu kiều kiều,",四牡蹻蹻，
Câu ưng trạc trạc.,鉤膺濯濯。
"Vương khiển Thân Bá,",王遣申伯，
Lộ xa thặng mã.,路車乘馬。
"Ngã đồ nhĩ cư,",我圖爾居，
Mạc như nam thổ.,莫如南土。
"Tích nhĩ giới khuê,",錫爾介圭，
Dĩ tác nhĩ bảo.,以作爾寶。
"Vãng ký vương cữu,",往近王舅，
Nam thổ thị bảo.,南土是保。
"Thân Bá tín mại,",申伯信邁，
Vương tiễn vu My.,王餞于郿。
"Thân Bá hoàn nam,",申伯還南，
Tạ vu thành quy.,謝于誠歸。
"Vương mệnh Thiệu Bá,",王命召伯，
"Triệt Thân Bá thổ cương,",徹申伯土疆，
"Dĩ trì kỳ trương,",以峙其粻，
Thức truyền kỳ hành.,式遄其行。
"Thân Bá phiên phiên,",申伯番番，
"Ký nhập vu Tạ,",既入于謝，
Đồ ngự than than.,徒禦嘽嘽。
"Chu bang hàm hỉ,",週邦咸喜，
Nhung hữu lương hàn.,戎有良翰。
Bất hiển Thân Bá?,不顯申伯，
"Vương chi nguyên cữu,",王之元舅，
Văn vũ thị hiến.,文武是憲。
"Thân Bá chi đức,",申伯之德，
Nhu huệ thả trực.,柔惠且直。
"Nhu thử vạn bang,",揉此萬邦，
Vấn vu tứ quốc.,聞于四國。
"Cát Phủ tác tụng,",吉甫作誦，
Kỳ thi khổng thạc;,其詩孔碩；
"Kỳ phong tứ hảo,",其風肆好，
Dĩ tặng Thân Bá.,以贈申伯。
"Tường hữu từ,",墻有茨，
Bất khả tảo dã.,不可掃也。
"Trung cấu chi ngôn,",中冓之言，
"Bất khả đạo dã,",不可道也。
"Sở khả đạo dã,",所可道也，
Ngôn chi xú dã.,言之醜也。
"Tường hữu từ,",墻有茨，
Bất khả tương dã.,不可襄也。
"Trung cấu chi ngôn,",中冓之言，
"Bất khả tường dã,",不可詳也。
"Sở khả tường dã,",所可詳也，
Ngôn chi trường dã.,言之長也。
"Tường hữu từ,",墻有茨，
Bất khả thúc dã.,不可束也。
"Trung cấu chi ngôn,",中冓之言，
"Bất khả độc dã,",不可讀也。
"Sở khả độc dã,",所可讀也，
Ngôn chi nhục dã.,言之辱也。
"Tướng thử hữu bà,",相鼠有皮，
Nhân nhi vô nga?,人而無儀。
Nhân nhi vô nga?,人而無儀，
Bất tử hà nga?,不死何為？
"Tướng thử hữu xỉ,",相鼠有齒，
Nhân nhi vô chỉ?,人而無止。
"Nhân nhi vô chỉ,",人而無止，
Bất tử hà sĩ?,不死何俟？
Tướng thử hữu thể.,相鼠有體，
Nhân nhi vô lễ?,人而無禮。
"Nhân nhi vô lễ,",人而無禮，
Hồ bất thuyền tỉ?,胡不遄死？
"Tứ thiết khổng phụ,",駟驖孔阜，
Lục bí tại thủ.,六轡在手。
"Công chi mỵ tử,",公之媚子，
Tùng công vu thủ.,從公于狩。
"Phụng thì thời mẫu,",奉時辰牡，
"Thời mẫu khổng thược,",辰牡孔碩。
"Công viết tả chi,",公曰：「左之！」
Xả bạt tắc hoạch.,舍拔則獲。
"Du vu bắc viên,",遊于北園，
Tứ mã ký hiền.,四馬既閑。
"Do xa loan tiêu,",輶車鸞鑣，
Tải liệm yết hiêu.,載獫歇驕。
"Tư trai Thái Nhâm,",思齊太任，
Văn Vương chi mẫu.,文王之母。
"Tư mị Chu Khương,",思媚周姜，
Kinh thất chi phụ.,京室之婦。
"Thái Tự tự huy âm,",太姒嗣徽音，
Tắc bách tư nam.,則百斯男。
"Huệ vu tông công,",惠于宗公，
"Thần võng thời oán,",神罔時怨，
Thần võng thời thông.,神罔時恫。
"Hình vu quả thê,",刑于寡妻，
"Chí vu huynh đệ,",至于兄弟，
Dĩ nhạ vu gia bang.,以御于家邦。
"Ung ung tại cung,",雝雝在宫，
Túc túc tại miếu.,肅肅在廟。
"Bất hiển diệc lâm,",不顯亦臨，
Vô dịch diệc bảo.,無射亦保。
"Tứ nhung tật bất điễn,",肆戎疾不殄，
Liệt giả bất hà.,烈假不遐。
"Bất văn diệc thức,",不聞亦式，
Bất gián diệc nhập.,不諫亦入。
"Tứ thành nhân hữu đức,",肆成人有德，
Tiểu tử hữu tạo.,小子有造。
"Cổ chi nhân vô dịch,",古之人無斁，
Dự mao tư sĩ.,譽髦斯士。
"Tư văn Hậu Tắc,",思文后稷，
Khắc phối bỉ thiên.,克配彼天。
"Lập ngã chưng dân,",立我烝民，
Mạc phỉ nhĩ cực.,莫匪爾極。
"Di ngã lai mâu,",貽我來牟，
"Đế mệnh suất dục,",帝命率育，
"Vô thử cương nhĩ giới,",無此疆爾界，
Trần thường vu thì hạ.,陳常于時夏。
Tử chi tuyền hề.,子之還兮，
Tảo ngã Hồ Nao Chi kiên (gian) hề.,遭我乎峱之閑兮。
Tịnh khu tùng lưỡng kiên hề.,并驅從兩肩兮，
Ấp ngã vị ngã huyên hề.,揖我謂我儇兮。
Tử chi mậu hề.,子之茂兮，
Tao ngã hồ Nao chi đậu hề.,遭我乎峱之道兮。
Tịnh khu tùng lưỡng mẫu hề.,并驅從兩牡兮，
Ấp ngã vị ngã hẩu hề.,揖我謂我好兮。
"Tử chi xương hề,",子之昌兮，
Tao ngã hồ Nao chi dương hề.,遭我乎峱之陽兮。
"Tịnh khu tùng lưỡng lang hề,",并驅從兩狼兮，
Ấp ngã vị ngã tương hề.,揖我謂我臧兮。
"Bí bỉ Tuyền thuỷ,",毖彼泉水，
Diệc lưu vu Kỳ.,亦流于淇。
"Hữu hoài vu Vệ,",有懷于衛，
Mỹ nhật bất ti.,靡日不思。
"Luyến bỉ chư cơ,",孌彼諸姬，
Liên dữ chi mi.,聊與之謀。
"Xuất túc vu Tế,",出宿于泲，
"Ẩm tiễn vu Nễ,",飲餞于禰。
"Nữ tử hữu hành,",女子有行，
Viễn phụ mẫu huynh đệ.,遠父母兄弟。
"Vấn ngã chư cô,",問我諸姑，
Toại cập bá tỷ.,遂及伯姊。
"Xuất túc vi kiên,",出宿于干，
Ẩm tiễn vu Ngôn.,飲餞于言。
"Tái chi tái hại,",載脂載轄，
Tuyền xa ngôn mại.,還車言邁。
"Thuyền trăn vu Vệ,",遄臻于衛，
Bất hà hữu hại.,不瑕有害？
"Ngã tư Phì Tuyền,",我思肥泉，
Từ chi vĩnh thiến.,茲之永嘆。
"Tư Tu dữ Tào,",思須與漕，
Ngã tâm du du.,我心悠悠。
"Giá ngỗn xuất du,",駕言出遊，
Dĩ tả ngã ưu.,以寫我憂。
"Ty y kỳ phủ,",絲衣其紑，
Tải biện cầu cầu.,載弁俅俅。
"Tự đường tồ cơ,",自堂徂基，
"Tự dương tồ ngưu,",自羊徂牛，
"Nãi đỉnh cập tỉ,",鼐鼎及鼒，
Huỷ quang kỳ cầu.,兕觥其觩。
Chỉ tửu tư nhu.,旨酒思柔。
"Bất ngô bất ngao,",不吳不敖，
Hồ khảo chi hưu.,胡考之休。
"Ức ức uy nghi,",抑抑威儀，
Duy đức chi ngung.,維德之隅。
Nhân diệc hữu ngôn:,人亦有言：
Mỹ triết bất ngu.,靡哲不愚。
"Thứ nhân chi ngu,",庶人之愚，
Diệc chức duy tật;,亦職維疾；
"Triết nhân chi ngu,",哲人之愚，
Diệc duy tư lệ.,亦維斯戾。
Ô hô tiểu tử!,於乎小子，
Vị tri tang bĩ.,未知臧否。
"Phỉ thủ huề chi,",匪手攜之，
Ngôn thị chi sự;,言示之事；
"Phỉ diện mệnh chi,",匪面命之，
Ngôn đề kỳ nhĩ.,言提其耳。
"Tá viết vị tri,",借曰未知，
Diệc ký bão tử.,亦既抱子。
"Dân chi mỹ doanh,",民之靡盈，
Thuỳ túc tri nhi mạc thành?,誰夙知而莫成？
"Hạo thiên khổng chiêu,",昊天孔昭，
Ngã sinh mỹ lạc.,我生靡樂。
"Thị nhĩ mông mông,",視爾夢夢，
Ngã tâm thảm thảm.,我心慘慘。
"Hối nhĩ chuân chuân,",誨爾諄諄，
Thính ngã miểu miểu.,聽我藐藐。
"Phỉ dụng vi giáo,",匪用爲教，
Phúc dụng vi ngược.,覆用爲虐。
"Tá viết vị tri,",借曰未知，
Diệc duật ký mạo.,亦聿既耄。
Ô hô tiểu tử!,於乎小子！
Cáo nhĩ cựu chỉ.,告爾舊止。
"Thính dụng ngã mưu,",聽用我謀，
Thứ vô đại hối.,庶無大悔。
"Thiên phương gian nan,",天方艱難，
Viết táng quyết quốc.,曰喪厥國。
"Thủ tỷ bất viễn,",取譬不遠，
Hạo thiên bất thắc.,昊天不忒。
"Hồi duật kỳ đức,",回遹其德，
Tỷ dân đại cức.,俾民大棘。
"Vô cạnh duy nhân,",無競維人，
Tứ phương kỳ huấn chi;,四方其訓之；
"Hữu giác đức hành,",有覺德行，
Tứ quốc thuận chi.,四國順之。
"Hu mô định mệnh,",訏謨定命，
Viễn do thần cáo.,遠猶辰告。
"Kính thận uy nghi,",敬慎威儀，
Duy dân chi tắc.,維民之則。
"Kỳ tại vu kim,",其在于今，
Hưng mê loạn vu chính;,興迷亂于政；
"Điên phúc quyết đức,",顛覆厥德，
Hoang thầm vu tửu.,荒湛于酒。
"Nhữ tuy đam lạc tòng,",女雖湛樂從，
Phất niệm quyết thiệu?,弗念厥紹。
"Võng phu cầu tiên vương,",罔敷求先王，
Khắc củng minh hình.,克共明刑。
"Tứ hoàng thiên phất thượng,",肆皇天弗尚，
"Như bỉ tuyền lưu,",如彼泉流，
Vô luân tư dĩ vong.,無淪胥以亡。
"Túc hưng dạ mị,",夙興夜寐，
"Sái tảo đình nội,",灑掃庭內，
Duy dân chi chương.,維民之章。
"Tu nhĩ xa mã,",修爾車馬，
"Cung thỉ nhung binh,",弓矢戎兵，
"Dụng giới nhung tác,",用戒戎作，
Dụng thích man phương.,用逖蠻方。
"Chất nhĩ nhân dân,",質爾人民，
"Cẩn nhĩ hầu độ,",謹爾侯度，
Dụng giới bất ngu.,用戒不虞。
"Thận nhĩ xuất thoại,",慎爾出話，
"Kính nhĩ uy nghi,",敬爾威儀，
Vô bất nhu gia.,無不柔嘉。
"Bạch khuê chi điếm,",白圭之玷，
Thượng khả ma dã;,尚可磨也；
"Tư ngôn chi điếm,",斯言之玷，
Bất khả vi dã.,不可爲也。
"Vô dị do ngôn,",無易由言，
Vô viết cẩu hĩ;,無曰茍矣；
"Mạc môn trẫm thiệt,",莫捫朕舌，
Ngôn bất khả thệ hĩ.,言不可逝矣。
"Vô ngôn bất thù,",無言不讎，
Vô đức bất báo.,無德不報。
"Huệ vu bằng hữu,",惠于朋友，
Thứ dân tiểu tử.,庶民小子。
"Tử tôn thằng thằng,",子孙繩繩，
Vạn dân mỹ bất thừa.,萬民靡不承。
"Thị nhĩ hữu quân tử,",視爾友君子，
"Tập nhu nhĩ nhan,",輯柔爾顏，
Bất hà hữu khiên.,不遐有愆。
"Tương tại nhĩ thất,",相在爾室，
Thượng bất quý vu ốc lậu.,尚不愧于屋漏。
"Vô viết bất hiển,",無曰不顯，
Mạc dư vân cấu.,莫予云覯。
"Thần chi cách tư,",神之格思，
"Bất khả đạc tư,",不可度思，
Thẩn khả dịch tư?,矧可射思？
"Tích nhĩ vi đức,",辟爾爲德，
Tỷ tang tỷ gia.,俾臧俾嘉。
"Thục thận nhĩ chỉ,",淑慎爾止，
Bất khiên vu nghi.,不愆于儀。
"Bất tiếm bất tặc,",不僭不賊，
Tiển bất vi tắc.,鮮不爲則。
"Đầu ngã dĩ đào,",投我以桃，
Báo chi dĩ lý.,報之以李。
"Bỉ đồng nhi giác,",彼童而角，
Thực hồng tiểu tử.,實虹小子。
"Nhẫm nhiễm nhu mộc,",荏染柔木，
Ngôn mân chi ty.,言緡之絲。
"Ôn ôn cung nhân,",温温恭人，
Duy đức chi cơ.,維德之基。
"Kỳ duy triết nhân,",其維哲人，
"Cáo chi thoại ngôn,",告之話言，
Thuận đức chi hành;,順德之行；
"Kỳ duy ngu nhân,",其維愚人，
Phúc vị ngã tiếm:,覆謂我僭：
Dân các hữu tâm.,民各有心。
"Hữu lai ung ung,",有來雝雝，
Chí chỉ túc túc.,至止肅肅。
"Tướng duy tích công,",相維辟公，
Thiên tử mục mục.,天子穆穆。
"Ô! tiến quảng mẫu,",於薦廣牡，
Tướng dư trần tự.,相予肆祀。
Giả tai hoàng khảo!,假哉皇考！
Tuy dư hiếu tử.,綏予孝子。
"Tuyên triết duy nhân,",宣哲維人，
Văn vũ duy hậu.,文武維後。
"Yến cập hoàng thiên,",燕及皇天，
Khắc xương quyết hậu.,剋昌厥後。
"Tuy ngã my thọ,",綏我眉壽，
"Giới dĩ phồn chỉ,",介以繁祉，
"Ký hữu liệt khảo,",既右烈考，
Diệc hữu văn mẫu.,亦右文母。
Tử chi đãng hề!,子之湯兮，
Uyển Khâu chi thượng hề!,宛丘之上兮，
Tuân hữu tình hề!,洵有情兮，
Nhi vô vọng hề!,而無望兮。
"Khảm kỳ kích cổ,",坎其擊鼓，
Uyển khâu chi hộ.,宛丘之下。
"Vô đông vô hộ,",無冬無夏，
Trị kỳ lộ vũ.,值其鷺羽。
"Khảm kỳ kích phẩu,",坎其擊缶，
Uyển khâu chi đậu.,宛丘之道。
"Vô đông vô hạ,",無冬無夏，
Trị kỳ lộ thẩu.,值其鷺翿。
"Trác bỉ Vân Hán,",倬彼雲漢，
Chiêu hồi vu thiên.,昭回于天。
Vương viết: Ô hô!,王曰：於乎！
Hà cô kim chi nhân?,何辜今之人？
"Thiên giáng táng loạn,",天降喪亂，
Cơ cận tiến trăn.,饑饉薦臻。
"Mỹ thần bất cử,",靡神不舉，
Mỹ ái tư sinh.,靡愛斯牲。
"Khuê bích ký tốt,",圭璧既卒，
Ninh mạc ngã thính.,寧莫我聽！
"Hạn ký thái thậm,",旱既太甚，
Uẩn long trùng trùng.,蘊隆蟲蟲。
"Bất điển yên tự,",不殄禋祀，
Tự giao tồ cung.,自郊徂宮。
"Thượng hạ điện ế,",上下奠瘞，
Mỹ thần bất tông.,靡神不宗。
"Hậu Tắc bất khắc,",后稷不克，
Thượng đế bất lâm;,上帝不臨；
"Háo đố hạ thổ,",耗斁下土，
Ninh đinh ngã cung!,寧丁我躬！
"Hạn ký thái thậm,",旱既太甚，
Tắc bất khả thôi.,則不可推。
"Căng căng nghiệp nghiệp,",兢兢業業，
Như đình như lôi.,如霆如雷。
"Chu dư lê dân,",週餘黎民，
Mỹ hữu kiết di.,靡有孑遺。
"Hạo thiên Thượng đế,",昊天上帝，
Tắc bất ngã di.,則不我遺。
Hồ bất tương uý?,胡不相畏？
Tiên tổ vu tồi.,先祖于摧。
"Hạn ký thái thậm,",旱既太甚，
Tắc bất khả trở.,則不可沮。
"Hách hách viêm viêm,",赫赫炎炎，
Vân ngã vô sở.,云我無所。
"Đại mệnh cận chỉ,",大命近止，
Mỹ chiêm mỹ cố.,靡瞻靡顧。
"Quần công tiên chính,",群公先正，
Tắc bất ngã trợ.,則不我助。
"Phụ mẫu tiên tổ,",父母先祖，
Hồ ninh nhẫn dư?,胡寧忍予？
"Hạn ký thái thậm,",旱既太甚，
Địch địch sơn xuyên.,滌滌山川。
"Hạn bạt vi ngược,",旱魃為虐，
Như đàm như phần.,如惔如焚。
"Ngã tâm đạn thử,",我心憚暑，
Ưu tâm như huân.,憂心如熏。
"Quần công tiên chính,",群公先正，
Tắc bất ngã văn.,則不我聞。
"Hạo thiên thượng đế,",昊天上帝，
Ninh tỷ ngã độn?,寧俾我遯！
"Hạn ký thái thậm,",旱既太甚，
Mẫn miễn uý khứ.,黽勉畏去。
Hồ ninh điên ngã dĩ hạn?,胡寧瘨我以旱？
Thảm bất tri kỳ cố.,憯不知其故。
"Kỳ niên khổng túc,",祈年孔夙，
Phương xã bất mộ.,方社不莫。
"Hạo thiên thượng đế,",昊天上帝，
Tắc bất ngã ngu.,則不我虞。
"Kính cung minh thần,",敬恭明神，
Nghi vô hối nộ.,宜無悔怒。
"Hạn ký thái thậm,",旱既太甚，
Tán vô hữu kỷ.,散無友紀。
"Cúc tai thứ chính,",鞫哉庶正，
Cứu tai trủng tể.,疚哉冢宰。
"Thú mã sư thị,",趣馬師氏，
Thiện phu tả hữu;,膳夫左右；
"Mỹ nhân bất chu,",靡人不周，
Vô bất năng chỉ.,無不能止。
"Chiêm ngưỡng hạo thiên,",瞻仰昊天，
Vân như hà lý?,云如何里？
"Chiêm ngưỡng hạo thiên,",瞻仰昊天，
Hữu huế kỳ tinh.,有嘒其星。
"Đại phu quân tử,",大夫君子，
Chiêu hà vô doanh.,昭假無贏。
"Đại mệnh cận chỉ,",大命近止，
Vô khí nhĩ thành.,無棄爾成。
Hà cầu vi ngã?,何求為我？
Dĩ lệ thứ chính.,以戾庶正。
"Chiêm ngưỡng hạo thiên,",瞻仰昊天，
Hạt huệ kỳ ninh?,曷惠其寧？
"Văn Vương tại thượng,",文王在上、
Ô chiêu vu thiên!,於昭于天。
"Chu tuy cựu bang,",周雖舊邦、
Kỳ mệnh duy tân.,其命維新。
Hữu Chu bất hiển?,有周不顯、
Đế mệnh bất thì?,帝命不時。
Văn Vương trắc giáng,文王陟降、
Tại đế tả hữu.,在帝左右。
"Vĩ vĩ Văn Vương,",亹亹文王，
Lệnh vấn bất dĩ.,令聞不已。
"Trần tích tai Chu,",陳錫哉周，
"Hầu Văn Vương tôn tử,",侯文王孫子。
"Văn Vương tôn tử,",文王孫子，
Bổn chi bách thế.,本支百世
"Phàm Chu chi sĩ,",凡周之士，
Bất hiển diệc thế.,不顯亦世。
Thế chi bất hiển?,世之不顯，
Quyết do dực dực.,厥猶翼翼。
"Tư hoàng đa sĩ,",思皇多士，
Sinh thử vương quốc!,生此王國。
Vương quốc khắc sinh,王國克生，
Duy Chu chi trinh.,維周之楨。
"Tế tế đa sĩ,",濟濟多士，
Văn Vương dĩ ninh.,文王以寧。
"Mục mục Văn Vương,",穆穆文王，
Ô tập hy kính chỉ.,於緝熙敬止。
Giả tai thiên mệnh!,假哉天命，
Hữu Thương tôn tử.,有商孫子。
"Thương chi tôn tử,",商之孫子，
Kỳ lệ bất ức.,其麗不億。
"Thượng đế ký mệnh,",上帝既命，
Hầu vu Chu phục.,侯于周服。
"Hầu phục vu Chu,",侯服于周，
Thiên mệnh mỹ thường.,天命靡常。
"Ân sĩ phu mẫn,",殷士膚敏，
Quán tương vu kinh.,祼將于京。
"Quyết tác quán tương,",厥作祼將，
Thường phục phủ hủ.,常服黼冔。
"Vương chi tận thần,",王之藎臣，
Vô niệm nhĩ tổ.,無念爾祖。
"Vô niệm nhĩ tổ,",無念爾祖，
Duật tu quyết đức.,聿修厥德。
"Vĩnh ngôn phối mệnh,",永言配命，
Tự cầu đa phúc.,自求多福。
"Ân chi vị táng sự,",殷之未喪師，
Khắc phối thượng đế.,克配上帝。
"Nghi giám vu Ân,",宜鑒于殷，
Tuấn mệnh bất dị!,駿命不易。
"Mệnh chi bất dị,",命之不易，
"Vô át nhĩ cung,",無遏爾躬。
"Tuyên chiêu nghĩa văn,",宣昭義問，
Hữu ngu Ân tự thiên.,有虞殷自天。
"Thượng thiên chi tái,",上天之載，
Vô thanh vô xú.,無聲無臭。
"Nghi hình Văn Vương,",儀刑文王，
Vạn bang tác phu.,萬邦作孚。
"Văn Vương hữu thanh,",文王有聲，
"Duật tuấn hữu thanh,",遹駿有聲，
"Duật cầu quyết ninh,",遹求厥寧，
Duật quan quyết thành.,遹觀厥成。
Văn Vương chưng tai!,文王烝哉！
"Văn Vương thụ mệnh,",文王受命，
Hữu thử vũ công;,有此武功；
"Ký phạt vu Sùng,",既伐于崇，
Tác ấp vu Phong.,作邑于豐。
Văn Vương chưng tai!,文王烝哉！
"Trúc thành y hức,",築城伊淢，
"Tác Phong y thất,",作豐伊匹，
"Phỉ cức kỳ dục,",匪棘其欲，
Duật truy lai hiếu.,遹追来孝。
Vương hậu chưng tai!,王后烝哉！
"Vương công y trạc,",王公伊濯，
Duy Phong chi viên.,維豐之垣。
"Tứ phương du đồng,",四方攸同，
Vương hậu duy hàn.,王后維翰。
Vương hậu chưng tai!,王后烝哉！
"Phong thuỷ đông chú,",豐水東注，
Duy Vũ chi tích.,維禹之績。
"Tứ phương du đồng,",四方攸同，
Hoàng vương duy bích.,皇王維辟。
Hoàng vương chưng tai!,皇王烝哉！
"Hạo kinh Bích Ung,",鎬京辟癰，
"Tự tây tự đông,",自西自東，
"Tự nam tự bắc,",自南自北，
Vô tư bất phục.,無思不服。
Hoàng vương chưng tai!,皇王烝哉！
"Khảo bốc duy vương,",考卜維王，
Trạch thị Hạo kinh.,宅是鎬京。
"Duy quy chính chi,",維龜正之，
Vũ vương thành chi.,武王成之。
Vũ Vương chưng tai!,武王烝哉！
"Phong thuỷ hữu khỉ,",豐水有芑，
Vũ Vương khởi bất sĩ?,武王豈不仕？
"Di quyết tôn mưu,",詒厥孫謀，
Dĩ yến dực tử.,以燕翼子。
Vũ Vương chưng tai!,武王烝哉！
"Ngã tống cữu thị,",我送舅氏，
Viết chí Vị dương.,曰至渭陽。
Hà dĩ tặng chi?,何以贈之？
Lộ xa thặng hoàng.,路車乘黃。
"Ngã tống cữu thị,",我送舅氏，
Du du ngã ti.,悠悠我思。
Hà dĩ tặng chi?,何以贈之？
Quỳnh quy ngọc bị.,瓊瑰玉佩。
"Viên hữu đào,",園有桃，
Kỳ thực chi hào.,其實之殽。
Tâm chi ưu hĩ.,心之憂矣，
Ngã ca thả dao.,我歌且謠。
"Bất tri ngã giả,",不知我者，
Vị ngã sĩ dã kiêu.,謂我士也驕。
Bỉ nhân thị tê!,「彼人是哉！
Tử viết hà kỳ?,子曰何其？」
Tâm chi ưu hĩ.,心之憂矣，
Kỳ thuỳ tri chi?,其誰知之？
Kỳ thuỳ tri chi?,其誰知之，
Cái diệc phất ti.,蓋亦勿思！
"Viên hữu cức,",園有棘，
Kỳ thực chi thực.,其實之食。
Tâm chi ưu hĩ.,心之憂矣，
Liêu dĩ hành vực.,聊以行國。
"Bất tri ngã giả,",不知我者，
Vị ngã sĩ dã võng cực.,謂我士也罔極。
Bỉ nhân thị tai!,「彼人是哉！
Tử viết hà kỳ?,子曰何其？」
Tâm chi ưu hĩ.,心之憂矣，
Kỳ thuỳ tri chi?,其誰知之？
Kỳ thuỳ tri chi?,其誰知之，
Cái diệc vật ti.,蓋亦勿思！
Khỉ viết vô y?,豈曰無衣？
Dữ tử đồng bừu!,與子同袍。
"Vương vu hưng sư,",王于興師，
Tu ngã qua mâu.,修我戈矛，
Dữ tử đồng cừu.,與子同仇。
Khỉ viết vô y thất hề?,豈曰無衣七兮？
Bất như tử chi y.,不如子之衣，
An thả cát hề!,安且吉兮。
Khỉ viết vô y?,豈曰無衣？
Dữ tử đồng đạc!,與子同澤。
"Vương vu hưng sư,",王于興師，
Tu ngã mâu cước.,修我矛戟，
Dữ tử giai tác.,與子偕作。
Khỉ viết vô y lục hề?,豈曰無衣六兮？
Bất như tử chi y.,不如子之衣，
An thả úc hề!,安且燠兮。
Khỉ viết vô y?,豈曰無衣？
Dữ tử đồng thường!,與子同裳。
"Vương vu hưng sư,",王于興師，
"Tu ngã giáp bàng,",修我甲兵，
Dữ tử giai hàng.,與子偕行。
"Ô hoàng Vũ Vương,",於皇武王，
Vô cạnh duy liệt!,無競維烈！
"Doãn văn Văn Vương,",允文文王，
Khắc khai quyết hậu.,剋開厥後。
"Tự Vũ thụ chi,",嗣武受之，
"Thắng Ân át lưu,",勝殷遏劉，
Chỉ định nhĩ công!,耆定爾功！
"Bồng bồng vực bốc,",芃芃棫樸，
Tân chi dửu chi.,薪之槱之。
"Tể tể bích vương,",濟濟辟王，
Tả hữu thú chi.,左右趣之。
"Tể tể bích vương,",濟濟辟王，
Tả hữu phụng chương.,左右奉璋。
"Phụng chương nga nga,",奉璋峨峨，
Mao sĩ du nghi.,髦士攸宜。
"Tỉ bỉ Kinh chu,",淠彼涇舟，
Chưng đồ tiếp chi.,烝徒楫之。
"Chu vương vu mại,",周王于邁，
Lục sư cập chi.,六師及之。
"Trác bỉ Vân Hán,",倬彼雲漢，
Vi chương vu thiên.,爲章于天。
"Chu Vương thọ khảo,",周王壽考，
Hà bất tác nhân?,遐不作人？
"Đôi trác kỳ chương,",追琢其章，
Kim ngọc kỳ tương.,金玉其相。
"Miễn miễn ngã vương,",勉勉我王，
Cương kỷ tứ phương.,綱紀四方。
"Ngã xa ký công,",我車既攻，
Ngã mã ký đồng.,我馬既同。
"Tứ mẫu lung lung,",四牡龐龐，
Giá ngôn tồ Đông.,駕言徂東。
"Điền xa ký hảo,",田車既好，
Tứ mẫu khổng phụ.,田牡孔阜。
"Đông hữu Phủ thảo,",東有甫草，
Giá ngôn hành thứ.,駕言行狩。
"Chi tử vu miêu,",之子於苗，
Soán đồ ngao ngao.,選徒囂囂。
"Kiến triệu thiết mao,",建旐設旄，
Bác thú vu Ngao.,搏獸於敖。
"Giá bỉ tứ mẫu,",駕彼四牡，
Tứ mẫu dịch dịch.,四牡奕奕。
"Xích phất kim tích,",赤芾金舄，
Hội đồng hữu dịch.,會同有繹。
"Quyết thập ký thứ,",決拾既佽，
Cung thỉ ký điều.,弓矢既調。
"Xa phu ký đồng,",射夫既同，
Trợ ngã cử tứ.,助我擧柴。
"Tứ hoàng ký giá,",四黄既駕，
Lưỡng sam bất ý.,兩驂不猗。
"Bất thất kỳ trì,",不失其馳，
Xả thỉ như phá.,舍矢如破。
"Tiêu tiêu mã minh,",蕭蕭馬鳴，
Du du bại tinh.,悠悠旆旌。
"Đồ ngự bất kinh,",徒禦不驚？
Đại bào bất doanh.,大庖不盈？
"Chi tử vu chinh,",之子於征，
Hữu vấn vô thanh.,有聞無聲。
"Doãn hỹ quân tử,",允矣君子，
Triển dã đại thành.,展也大成！
"Hữu xa lân lân,",有車鄰鄰，
Hữu mã bạch đân.,有馬白顛。
"Vị kiến quân tử,",未見君子，
Tự nhân chi linh.,寺人之令。
"Phản hữu tất,",阪有漆，
Thấp hữu lật.,隰有栗。
"Ký kiến quân tử,",既見君子，
Tịnh toạ cổ sắt.,并坐鼓瑟。
"Kim giả bất lạc,",今者不樂，
Thệ giả kỳ đật.,逝者其耋。
"Phản hữu tang,",阪有桑，
Thấp hữu dương.,隰有楊。
"Ký kiến quân tử,",既見君子，
Tịnh toạ cổ hoàng.,并坐鼓簧。
"Kim giả bất lạc,",今者不樂，
Thệ giả kỳ vương.,逝者其亡。
"Xi hiêu, xi hiêu,",鴟鴞鴟鴞、
"Ký thủ ngã tử,",既取我子、
Vô huỷ ngã thất.,無毀我室。
"Ân tư cần tư,",恩斯勤斯、
Dục tử chi mân tư.,鬻子之閔斯。
"Đãi thiên chi vị âm vũ,",迨天之未陰雨、
Triệt bỉ tang đỗ.,徹彼桑土、
"Trù mâu dũ hộ,",綢繆牖戶。
"Kim nhữ hạ dân,",今女下民、
Hoặc cảm vũ dư.,或敢侮予。
"Dư thủ cát cư,",予手拮据、
"Dư sở loát đồ,",予所捋荼、
"Dư sở súc tô,",予所蓄租、
"Dư khẩu tốt đồ,",予口卒瘏、
Viết dư vị hữu thất gia.,曰予未有室家。
"Dư vũ tiều tiều,",予羽譙譙、
"Dư vĩ tiêu tiêu,",予尾翛翛、
"Dư thất kiều kiều,",予室翹翹、
"Phong vũ sở phiêu diêu,",風雨所漂搖、
Dư duy âm hiêu hiêu.,予維音嘵嘵。
"Xuất kỳ đông môn,",出其東門，
Hữu nữ như vân.,有女如云。
"Tuy tắc như vân,",雖則如云，
Phỉ ngã tư tồn.,匪我思存。
"Cảo y kỳ cân,",縞衣綦巾，
Liêu lạc ngã vân.,聊樂我員。
"Xuất kỳ ân đô,",出其闉闍，
Hữu nữ như đồ.,有女如荼。
"Tuy tắc như đồ,",雖則如荼，
Phỉ ngã tư thư,匪我思且。
"Cảo y như lư,",縞衣茹，
Liêu khả dữ ngu.,聊可與娛。
"Ngã xuất ngã xa,",我出我車，
Vu bỉ mục hỹ.,於彼牧矣。
"Tự thiên tử sở,",自天子所，
Vị ngã lai hỹ.,謂我來矣。
"Triệu bỉ bộc phu,",召彼僕夫，
Vị chi tái hỹ.,謂之載矣。
"Vương sự đa nạn,",王事多難，
Duy kỳ cức hỹ.,維其棘矣。
"Ngã xuất ngã xa,",我出我車，
Vu bỉ giao hỷ.,於彼郊矣。
"Thiết thử triệu hỹ,",設此旐矣，
Kiến bỉ mao hỹ.,建彼旄矣。
"Bỉ dư triệu tư,",彼旟旐斯，
Hồ bất bại bại?,胡不旆旆？
"Ưu tâm thiểu thiểu,",憂心悄悄，
Bộc phu huống tuỵ.,僕夫況瘁。
"Vương mệnh Nam Trọng,",王命南仲，
Vãng thành vu phương.,往城於方。
"Xuất xa bành bành,",出車彭彭，
Kỳ triệu ương ương.,旂旐央央。
"Thiên tử mệnh ngã,",天子命我，
Thành bỉ sóc phương.,城彼朔方。
"Hách hách Nam Trọng,",赫赫南仲，
Nghiễm doãn vu tương.,玁狁於襄。
"Tích ngã vãng hỹ,",昔我往矣，
Thử tắc phương hoa.,黍稷方華。
"Kim ngã lai tư,",今我來思，
Vũ tuyết tái đồ.,雨雪載途。
"Vương sự đa nạn,",王事多難，
Bất hoàng khải cư.,不遑啟居。
Khỉ bất hoài quy?,豈不懷歸！
Uý thử giản thư.,畏此簡書。
"Yêu yêu thảo trùng,",喓喓草蟲，
Thích thích phụ chung.,趯趯阜螽。
"Vị kiến quân tử,",未見君子，
Ưu tâm sung sung.,憂心忡忡。
"Kỳ kiến quân tử,",既見君子，
Ngã tâm tắc hàng.,我心則降。
"Hách hách Nam Trọng,",赫赫南仲，
Bạc phạt Tây Nhung.,薄伐西戎。
"Xuân nhật trì trì,",春日遲遲，
Huỷ mộc thê thê.,卉木萋萋。
"Thương canh giê giê (giai giai),",倉庚喈喈，
Thái phiền kỳ kỳ.,采蘩祁祁。
"Chấp tấn hoạch xú,",執訊穫醜，
Bạc ngôn tuyền quy.,薄言還歸。
"Hách hách Nam Trọng,",赫赫南仲，
Nghiễm doãn vu di.,玁狁於夷。
"Yến yến vu phi,",燕燕于飛，
Si trì kỳ vũ.,差池其羽。
"Chi tử vu quy,",之子于歸，
Viến tống vu dã.,遠送于野，
"Chiêm vọng phất cập,",瞻望弗及，
Khấp thê như vũ.,泣涕如雨。
"Yến yến vu phi,",燕燕于飛，
Hiệt chi hàng chi.,頡之頏之。
"Chi tử vu quy,",之子于歸，
"Viễn vu tương chi,",遠于將之，
"Chiêm vọng phất cập,",瞻望弗及，
Trữ lập dĩ khấp.,佇立以泣。
"Yến yến vu phi,",燕燕于飛，
Há thướng kỳ âm.,下上其音。
"Chi tử vu quy,",之子于歸，
Viễn tống vu nam.,遠送于南。
"Chiêm vọng phất cập,",瞻望弗及，
Thực lao ngã tâm.,實勞我心。
"Trọng thị nhâm chỉ,",仲氏任只，
Kỳ tâm tắc uân.,其心塞淵。
"Chung ôn thả huệ,",終溫且惠，
Thục thận kỳ thân.,淑慎其身。
"Tiên quân chi tư,",先君之思，
Dĩ húc quả nhân.,以勖寡人。
"Y hy Thành Vương,",噫嘻成王，
"Ký chiêu cách nhĩ,",既昭假爾，
"Suất thì nông phu,",率時農夫，
Bá quyết bách cốc.,播厥百穀。
"Tuấn phát nhĩ tư,",駿發爾私，
"Chung tam thập lý,",終三十里，
"Diệc phục nhĩ canh,",亦服爾耕，
Thập thiên duy ngẫu.,十千維耦。
Y ta xương hề!,猗嗟昌兮！
Kỳ nhi trường hề.,頎而長兮。
Ức nhược dương hề.,抑若揚兮，
Mỹ mục dương hề.,美目揚兮。
Xảo xu thương hề.,巧趨蹌兮，
Xạ tắc tương hề.,射則臧兮。
Y ta danh hề!,猗嗟名兮！
Mỹ mục thanh hề!,美目清兮。
Nghi ký thành hề!,儀既成兮，
"Chung nhật thạch hầu,",終日射侯，
Bất xuất chinh hề!,不出正兮，
Triển ngã tinh hề!,展我甥兮。
Y ta luyến hề!,猗嗟孌兮！
Thanh dương uyển hề!,清揚婉兮。
Vũ tắc tuyến hề!,舞則選兮，
Xạ tắc quyến hề!,射則貫兮。
Tứ thỉ phiến hề!,四矢反兮，
Dĩ ngự luyến hề!,以御亂兮。
"Trùng môn tệ xuân tịch,",重門敝春夕，
Đăng chúc ái dư huy.,燈燭靄余煇。
"Tuý ngã bách tôn tửu,",醉我百尊酒，
Lưu liên dạ vị quy.,留連夜未歸。
"Trường Thành ẩm mã quật,",長城飲馬窟，
Ẩm mã mã hoàn kinh.,飲馬馬還驚。
"Ninh tri ô yết thuỷ,",寧知嗚咽水，
Do tác bảo đao minh.,猶作寶刀鳴。
"Kim nhật hoa tiền ẩm,",今日花前飲，
Cam tâm tuý sổ bôi.,甘心醉數杯。
Đãn sầu hoa hữu ngữ:,但愁花有語，
Bất vị lão nhân khai.,不為老人開。
"Ủng bị nghễ thuyền song,",擁被睨船窗，
Hành khách trùng hiểu phát.,行客重曉發。
"Giang biên tửu điếm ông,",江邊酒店翁，
Hàn tảo môn tiền tuyết.,寒掃門前雪。
"Tà nhật ỷ lâm chuyển,",斜日倚林轉，
Du vân cộng điểu hoàn.,遊雲共鳥還。
"Đông phong xuy thái cấp,",東風吹太急，
Lôi vũ bất ly san.,雷雨不離山。
"Lưu tô kết hợp hoan,",流蘇結合歡，
Tú bị song uyên ương.,繡被雙鴛鴦。
"Lang khứ hoàn hà nhật,",郎去還何日，
Thâm khuê dạ tự trường.,深閨夜自長。
"Xuất môn tống lang khứ,",出門送郎去，
Lang tâm bất khả trú.,郎心不可住。
"Nam bắc dị tiêu hồn,",南北易銷魂，
Độc ỷ tương tư thụ.,獨倚相思樹。
"Cổ khách bất tri sầu,",估客不知愁，
Đãn tuý tửu gia lâu.,但醉酒家樓。
"Nông tâm Lũng hạ thuỷ,",儂心隴下水，
Bi yết hà thời hưu.,悲咽何時休。
"Ấu nữ tài lục tuế,",幼女才六歲，
Vị tri xảo dữ chuyết.,未知巧與拙。
"Hướng dạ tại đường tiền,",向夜在堂前，
Học nhân bái tân nguyệt.,學人拜新月。
"Trường dạ bạch đầu ngâm,",長夜白頭吟，
Tân ty lý cố cầm.,新絲理故琴。
"Mạc tương nhất nhật ý,",莫將一日意，
Ngộ kết bách niên tâm.,誤結百年心。
"Bạch lộ há thu thuỷ,",白鷺下秋水，
Cô phi như truỵ sương.,孤飛如墜霜。
"Tâm nhàn thả vị khứ,",心閑且未去，
Độc lập sa châu bàng.,獨立沙洲旁。
"Bạch mã tử liên tiền,",白馬紫連錢，
Tê minh đơn khuyết tiền.,嘶鳴丹闕前。
"Văn kha tự điệp tiệp,",聞珂自蹀躞，
Bất yếu há kim tiên.,不要下金鞭。
"Thanh thiển bạch thạch than,",清淺白石灘，
Lục bồ hướng kham bả.,綠蒲向堪把。
"Gia trú thuỷ đông tây,",家住水東西，
Hoán sa minh nguyệt hạ.,浣紗明月下。
"Kỳ thạch phục lâm thuỷ,",跂石復臨水，
Lộng ba tình vị cực.,弄波情未極。
"Nhật há xuyên thượng hàn,",日下川上寒，
Phù vân đạm vô sắc.,浮雲澹無色。
"Thiếu niên đa hảo sự,",少年多好事，
Lãm bí hướng Tây Đô.,攬轡向西都。
"Tương phùng hiệp tà lộ,",相逢狹斜路，
Trú mã nghệ đương lô.,駐馬詣當壚。
"Giang sơn như hoạ xuất,",江山如畫出，
Nham chướng tự bình khai.,巖嶂似屛開。
"Tằng hướng tiên sư khẩu,",曾向先師口，
Kỷ kinh thôn thổ lai.,幾經呑吐來。
"Tố diện ỷ lan câu,",素面倚欄鉤，
Kiều thanh xuất ngoại đầu.,嬌聲出外頭。
"Nhược phi thị Chức Nữ,",若非是織女，
Hà đắc vấn Khiên Ngưu?,何得問牽牛。
"Bắc xá hồ thuỷ bắc,",北垞湖水北，
Tạp thụ ánh chu lan.,雜樹映朱闌。
"Uy dĩ nam xuyên thuỷ,",逶迤南川水，
Minh diệt thanh lâm đoan.,明滅青林端。
"Nam sơn bắc xá hạ,",南山北垞下，
Kết vũ lâm Y hồ.,結宇臨欹湖。
"Mỗi dục thái tiều khứ,",每欲採樵去，
Biển chu xuất cô bồ.,扁舟出孤蒲。
"Cự tỵ nghi sơn cát,",巨鼻宜山褐，
Bàng my nhập khổ ngâm.,龐眉入苦吟。
"Phi quân xướng nhạc phủ,",非君唱樂府，
Thuỳ thức oán thu thâm?,誰識怨秋深？
"Khai liêm kiến tân nguyệt,",開簾見新月，
Tức tiện há giai bái.,即便下階拜。
"Tế ngữ nhân bất văn,",細語人不聞，
Bắc phong xuy quần đái.,北風吹裙帶。
"Tị hiền sơ bãi tướng,",避賢初罷相，
Lạc thánh thả hàm bôi.,樂聖且銜杯。
"Vị vấn môn tiền khách,",為問門前客，
Kim triêu kỷ cá lai?,今朝幾個來?
"Khởi thị muội dung hoa,",豈是昧容華，
Khởi bất tri cơ chức.,豈不知機織。
"Tự thị sinh hàn môn,",自是生寒門，
Lương môi bất tương thức.,良媒不相識。
"Quái lai trang các bế,",怪來妝閣閉，
Triều há bất tương nghinh.,朝下不相迎。
"Tổng hướng xuân viên lý,",總向春園裏，
Hoa gian tiếu ngữ thanh.,花間笑語聲。
"Thương Ngô thiên tải hậu,",蒼梧千載後，
Ban trúc đối Tương Nguyên.,斑竹對湘沅。
"Dục thức Tương Phi oán,",欲識湘妃怨，
Chi chi mãn lệ ngân.,枝枝滿淚痕。
"Ba thuỷ cấp như tiễn,",巴水急如箭，
Ba thuyền khứ nhược phi.,巴船去若飛。
"Thập nguyệt tam thiên lý,",十月三千里，
Lang hành kỷ thì quy?,郎行幾時歸？
"Thanh bồ hàm tử nhung,",青蒲銜紫茸，
Trường diệp phục tòng phong.,長葉復從風。
"Dữ quân đồng chu khứ,",與君同舟去，
Bạt bồ Ngũ Hồ trung.,拔蒲五湖中。
"Triêu phát Quế Lan chử,",朝發桂蘭渚，
Trú tức tang du hạ.,晝息桑榆下。
"Dữ quân đồng bạt bồ,",與君同拔蒲，
Cánh nhật bất thành bả.,竟日不成把。
"Bất giác nữ đầu bạch,",不覺女頭白，
Báo nhĩ tác giả thức.,報你作者識。
"Nhược vấn Phật cảnh giới,",若問佛境界，
Long môn tao điểm ngạch.,龍門遭點額。
"Lục vân đương song phiên,",綠雲當窗翻，
Thanh âm mãn lang vũ.,清音滿廊廡。
"Phong vũ tống thu hàn,",風雨送秋寒，
Trung tâm bất ngôn khổ.,中心不言苦。
"Công cái tam phân quốc,",功蓋三分國，
Danh thành Bát trận đồ.,名成八陣圖。
"Giang lưu thạch bất chuyển,",江流石不轉，
Di hận thất thôn Ngô.,遺恨失吞吳。
"Cửu bệnh vô nhân vấn,",久病無人問，
Sơn gian hữu Phật y.,山間有佛醫。
"Nhàn giai ngoa ảnh bạn,",閑階靴影畔，
Hướng noãn hạ sàng trì.,向暖下床遲。
"Hương đăng bạn tàn mộng,",香燈伴殘夢，
Sở quốc tại thiên nhai.,楚國在天涯。
"Nguyệt lạc tử quy yết,",月落子規歇，
Mãn đình sơn hạnh hoa.,滿庭山杏花。
"Bích Giản tuyền thuỷ thanh,",碧澗泉水清，
Hàn sơn nguyệt hoa bạch.,寒山月華白。
"Mặc tri thần tự minh,",默知神自明，
Quán không cảnh du tịch.,觀空境逾寂。
"Đông Lâm tống khách xứ,",東林送客處，
Nguyệt xuất bạch viên đề.,月出白猿啼。
"Tiếu biệt Lư sơn viễn,",笑別盧山遠，
Hà phiền quá Hổ khê.,何煩過虎溪。
"Biệt ly vô viễn cận,",別離無遠近，
Lâm lão cấm sầu nan.,臨老禁愁難。
"Dục khứ cánh hồi thủ,",欲去更回首，
Xuyên nguyên tăng mộ hàn.,川原增暮寒。
"Tri hữu tiền kì tại,",知有前期在，
Nan phân thử dạ trung.,難分此夜中。
"Vô tướng cố nhân tửu,",無將故人酒，
Bất cập Thạch Vưu phong.,不及石尤風。
"Giang thượng phong yên tích,",江上風煙積，
Sơn u vân vụ đa.,山幽雲霧多。
"Tống quân Nam Phố ngoại,",送君南浦外，
Hoàn vọng tương như hà!,還望將如何。
"Tống biệt đáo trung lưu,",送別到中流，
Thu thuyền ỷ độ đầu.,秋船倚渡頭。
"Tương khan thượng bất viễn,",相看尚不遠，
Vị khả tức hồi chu.,未可即回舟。
"Uý đồ phương vạn lý,",畏途方萬里，
Sinh nhai cận bách niên.,生涯近百年。
"Bất tri tương bạch thủ,",不知將白首，
Hà xứ nhập hoàng tuyền.,何處入黃泉？
"Tam tải vi ngô quận,",三載為吳郡，
Lâm kì tổ trướng khai.,臨岐祖帳開。
"Tuy phi tạ kiệt hiệt,",雖非謝桀黠，
Thả vi nhất bùi hồi.,且為一裴回。
"Lưu thuỷ xương môn ngoại,",流水閶門外，
Thu phong xuy liễu điều.,秋風吹柳條。
"Tòng lai tống khách xứ,",從來送客處，
Kim nhật tự hồn tiêu.,今日自魂銷。
"Sơn nguyệt hiểu nhưng tại,",山月曉仍在，
Lâm phong lương bất tuyệt.,林風涼不絕。
"Ân cần như hữu tình,",殷勤如有情，
Trù trướng lệnh nhân biệt.,惆悵令人別。
"Y trì động xa mã,",依遲動車馬，
Trù trướng xuất tùng la.,惆悵出松蘿。
"Nhẫn biệt thanh sơn khứ,",忍別青山去，
Kỳ như lục thuỷ hà.,其如綠水何。
"Diểu diểu thú yên cô,",渺渺戍煙孤，
Mang mang tái thảo khô.,茫茫塞草枯。
"Lũng đầu na dụng bế,",隴頭那用閉，
Vạn lý bất phòng Hồ.,萬里不防胡。
"Tuyệt mạc đại quân hoàn,",絕漠大軍還，
Bình sa độc thú nhàn.,平沙獨戍閒。
"Không lưu nhất phiến thạch,",空留一片石，
Vạn cổ tại Yên san.,萬古在燕山。
"Khoát khai thanh minh điên,",豁開青冥顛，
Tả xuất vạn trượng tuyền.,寫出萬丈泉。
"Như tài nhất điều tố,",如裁一條素，
Bạch nhật huyền thu thiên.,白日懸秋天。
"Tấn bộc lạc nguy tằng,",迅瀑落危層，
Lãnh thanh văn hoàn hác.,冷聲聞還壑。
"Tiêm tiêm nhất điểm trần,",纖纖一點塵，
Vô xứ khả thê bạc.,無處可栖泊。
"Sản khước Quân sơn hảo,",剗却君山好，
Bình phô Tương thuỷ lưu.,平铺湘水流。
"Ba Lăng vô hạn tửu,",巴陵无限酒，
Tuý sát Động Đình thu.,醉杀洞庭秋。
"Tạc phá thương đài địa,",鑿破蒼苔地，
Thâu tha nhất phiến thiên.,偷他一片天。
"Bạch vân sinh kính lý,",白雲生鏡裏，
Minh nguyệt lạc giai tiền.,明月落階前。
"Bách chiến vị ngôn phi,",百戰未言非，
Cô quân kinh dạ vi.,孤軍驚夜圍。
"Sơn hà ý khí tận,",山河意氣盡，
Lệ thấp mỹ nhân y.,淚濕美人衣。
"Cầm điệu thu ta,",琴調秋些，
Hồ phong nhiễu tuyết.,胡風繞雪。
"Giáp tuyền thanh yến,",峽泉聲嚥，
Giai nhân sầu ta.,佳人愁些。
"Đại hải ba đào thiển,",大海波濤淺，
Tiểu nhân phương thốn thâm.,小人方寸深。
"Hải khô chung kiến để,",海枯終見底，
Nhân tử bất tri tâm.,人死不知心。
"Môn nghiêm cửu trùng tĩnh,",門嚴九重靜，
Song u nhất thất nhàn.,窗幽一室閑。
"Hảo thị tu tâm xứ,",好是修心處，
Hà tất tại thâm sơn.,何必在深山。
"Tình thiểu xuân quang thiển,",晴少春光淺，
Hàn đa tửu lực vi.,寒多酒力微。
"Nhất thanh sơn giá quá,",一聲山鷓過，
Sổ điểm hải đường phi.,數點海棠飛。
"Bán hủ lâm phong thụ,",半朽臨風樹，
Đa tình lập mã nhân.,多情立馬人。
"Khai Nguyên nhất châu liễu,",開元一株柳，
Trường Khánh nhị niên xuân.,長慶二年春。
"Cẩn hoa bất kiến tịch,",槿花不見夕，
Nhất nhật nhất hồi tân.,一日一回新。
"Đông phong xuy đào lý,",東風吹桃李，
Tu đáo minh niên xuân.,須到明年春。
"Hàn mặc ngô nho sự,",翰墨吾儒事，
Công danh thiếu tráng thì.,功名少壯時。
"Gia thanh khán nhữ bối,",家聲看汝輩，
Vật vị thượng hài nhi.,勿謂尚孩兒。
"Chỉ kê giao nha đường,",只雞膠牙糖，
Điển y cung biện hương.,典衣供瓣香。
"Gia trung vô trưởng vật,",家中無長物，
Khởi độc thiểu hoàng dương.,豈獨少黃羊。
"Đàn loan ánh không khúc,",檀欒映空曲，
Thanh thuý dạng liên y.,青翠漾漣漪。
"Ám nhập Thương Sơn lộ,",暗入商山路，
Tiều nhân bất khả tri.,樵人不可知。
"Minh lưu hu thả trực,",明流紆且直，
Lục tiểu mật phục thâm.,綠筱密復深。
"Nhất kính thông sơn lộ,",一徑通山路，
Hành ca vọng cựu sầm.,行歌望舊岑。
"Hoa tương nhân cộng tiếu,",花將人共笑，
Ly ngoại lộ phồn chi.,籬外露繁枝。
"Tống Ngọc Lâm Giang trạch,",宋玉臨江宅，
Tường đê bất ngại khuy.,牆低不礙窺。
"Viễn thiên minh nguyệt xuất,",遠天明月出，
Chiếu thử thuỳ gia lâu?,照此誰家樓？
"Thượng hữu mộng y thường,",上有夢衣裳，
Lương phong xuy bất sầu.,涼風吹不愁。
"Bản lai vô xứ sở,",本來無處所，
Xứ sở thị chân tông.,處所是真宗。
"Chân tông như thị huyễn,",真宗如是幻，
Huyễn hữu tức không không.,幻有即空空。
Tuyệt hảo chiên đàn thụ,絕好栴檀樹
Phồn hương quýnh bất quần,繁香迥不群
Hận cừ thiên tính biệt,恨渠天性別
Chỉ tại nghịch phong văn.,只在逆風聞
"Tiểu khạp nhị thăng tửu,",小榼二升酒，
Tân điệm lục xích sàng.,新簟六尺床。
"Năng lai dạ thoại bất,",能來夜話吥，
Trì bạn dục thu lương.,池畔欲秋涼。
"Túc tích thanh vân chí,",宿昔青雲志，
Tha đà bạch phát niên.,蹉跎白髮年。
"Thuỳ tri minh kính lý,",誰知明鏡裏，
Hình ảnh tự tương liên.,形影自相憐。
"Hán đạo phương toàn thịnh,",漢道方全盛，
Triêu đình túc vũ thần.,朝廷足武臣。
"Hà tu bạc mệnh thiếp,",何須薄命妾，
Tân khổ sự hoà thân.,辛苦事和親。
"Yểm lệ từ Đan Phong,",掩淚辭丹風，
Hàm bi hướng Bạch Long.,銜悲向白龍。
"Thiền Vu lãng kinh hỉ,",單于浪驚喜，
Vô phục cựu thì dung.,無復舊時容。
"Hồ địa vô hoa thảo,",胡地無花草，
Xuân lai bất tự xuân.,春來不似春。
"Tự lai y đới hoãn,",自來衣帶緩，
Phi thị vị yêu thân.,非是為腰身。
"Sơn trung hà sở hữu,",山中何所有，
Lĩnh thượng đa bạch vân.,嶺上多白雲。
"Chỉ khả tự di duyệt,",只可自怡悅，
Bất kham trì ký quân.,不堪持寄君。
"Khả thán đình cơ đức,",可嘆停機德，
Kham liên vịnh nhứ tài!,堪憐詠絮才！
"Ngọc đới lâm trung quải,",玉帶林中掛，
Kim trâm tuyết lý mai.,金簪雪裏埋。
"Dục khiết hà tằng khiết,",欲潔何曾潔，
Vân không vị tất không;,云空未必空；
"Khả liên kim ngọc chất,",可憐金玉質，
Chung hãm náo nê trung.,終陷淖泥中。
"Tử hệ Trung sơn lang,",子系中山狼，
Đắc chí tiện xương cuồng;,得志便猖狂；
"Kim khuê hoa liễu chất,",金閨花柳質，
Nhất tái phó hoàng lương.,一載赴黃粱。
"Thế bại hưu vân quý,",勢敗休云貴，
Gia vong mạc luận thân;,家亡莫論親；
"Ngẫu nhân tế thôn phụ,",偶因濟村婦，
Xảo đắc ngộ ân nhân.,巧得遇恩人。
"Tiều tuỵ phùng tân tuế,",憔悴逢新歲，
Phương phi kiến dương xuân.,芳菲見陽春。
"Triêu lai minh kính lý,",朝來明鏡裏，
Bất nhẫn bạch đầu nhân.,不忍白頭人。
"Tuế khứ sầu chung tại,",歲去愁終在，
Xuân hoàn mệnh bất lai.,春還命不來。
"Trường hu vấn thừa tướng,",長吁問丞相，
Đông các kỷ thì khai?,東閣幾時開？
"Sinh tử mạc phi mệnh,",生死莫非命，
Như hà nộ sinh giả.,如何怒生者。
"Ô hô nương bất tại,",嗚呼娘不在，
Thuỳ năng phục tín ngã.,誰能復信我。
"Nguyệt hắc kiến ngư đăng,",月黑見漁燈，
Cô quang nhất điểm huỳnh.,孤光一點螢。
"Vi vi phong thốc lãng,",微微風簇浪，
Tản tác mãn hà tinh.,散作滿河星。
"Phá hiểu sổ thanh địch,",破曉數聲笛，
Lăng ba nhất diệp chu.,凌波一葉舟。
"Trạo ca tương gián phát,",掉歌相間發，
Yên thủy diểu tiền châu.,煙水渺前州。
"Chung Nam âm lĩnh tú,",終南陰嶺秀，
Tích tuyết phù vân đoan.,積雪浮雲端。
"Lâm biểu minh tễ sắc,",林表明霽色，
Thành trung tăng mộ hàn.,城中增暮寒。
"Lâm hác tiền duyên hữu,",林壑前緣有，
Thanh sơn nhận tích nhân.,青山認昔人。
"Thử thìn sơ thức diện,",此辰初識面，
Tha nhật dĩ tương thân.,他日已相親。
"Chu trung vọng nhật xuất,",舟中望日出，
Nhật xuất viễn sơn đông.,日出遠山東。
"Sơn đông huyền hoả kính,",山東懸火鏡，
Hoả kính chiếu chu trung.,火鏡照舟中。
"Khai quyển lương âm hạ,",開卷涼陰下，
Dung quang chiếu nguyệt minh.,容光照月明。
"Tĩnh trung tâm dị động,",靜中心易動，
Lạc diệp tác thu thanh.,落葉作秋聲。
"Hoang điền nhất phiến thạch,",荒田一片石，
Văn tự mãn thanh đài.,文字滿青苔。
"Bất thị phùng nhàn khách,",不是逢閑客，
Hà nhân khẳng độc lai.,何人肯讀來。
"Dục biệt khiên lang y,",欲別牽郎衣，
Lang kim đáo hà xứ.,郎今到何處。
"Bất hận quy lai trì,",不恨歸來遲，
Mạc hướng Lâm Cùng khứ.,莫向臨邛去。
"Khô đồng thuỳ sở chế,",枯桐誰所製，
Uyển kiến thái cổ tâm.,宛見太古心。
"Du du đình tử ngoại,",悠悠亭子外，
Sơn thuỷ tự tri âm.,山水自知音。
"Phá lạc cổ quan thành,",破落古關城，
Do năng ách đế kinh.,猶能扼帝京。
"Kim triêu hành khách quá,",今朝行客過，
Bất đãi hiểu kê minh.,不待曉雞鳴。
"Liêu lạc cố hành cung,",寥落故行宮，
Cung hoa tịch mịch hồng.,宮花寂寞紅。
"Bạch đầu cung nữ tại,",白頭宮女在，
Nhàn toạ thuyết Huyền Tông.,閑坐說玄宗。
"Cổ hữu “Thiên văn” nghĩa,",古有千文義，
Tu tri hậu học thông.,須知後學通。
"Thánh hiền câu gian xuất,",聖賢俱間出，
Dĩ thử phát mông đồng.,以此發矇童。
"Hữu tín sác ký thư,",有信數寄書，
Vô tín tâm tương ức.,無信心相憶。
"Mạc tác bình lạc tỉnh,",莫作瓶落井，
Nhất khứ vô tiêu tức.,一去無消息。
"Xuân chủng nhất lạp túc,",春種一粒粟，
Thu thâu vạn khoả tử.,秋收萬顆子。
"Tứ hải vô nhàn điền,",四海無閑田，
Nông phu do ngã tử.,農夫猶餓死。
"Sừ hoà nhật đương ngọ,",鋤禾日當午，
Hãn trích hoà hạ thổ.,汗滴禾下土。
"Thuỳ tri bàn trung xan,",誰知盤中餐，
Lạp lạp giai tân khổ.,粒粒皆辛苦。
"Cổ thụ xuân phong nhập,",古樹春風入，
Dương hoà lực thái trì.,陽和力太遲。
"Mạc ngôn sinh ý tận,",莫言生意盡，
Cánh dẫn vạn niên chi.,更引萬年枝。
"Nhất hợp tương tư lệ,",一合相思淚，
Lâm giang sái tố thu.,臨江灑素秋。
"Bích ba như hội ý,",碧波如會意，
Khước dữ hướng tây lưu.,卻與向西流。
"Hà diệp lục như cái,",荷葉綠如蓋，
Hà hoa hồng tự nhan.,荷花紅似顏。
"Tư quân vị đắc kiến,",思君未得見，
Trì thượng không bàn hoàn.,池上空盤桓。
"Tịnh tảo hoàng kim giai,",淨掃黃金階，
Phi sương hạo như tuyết.,飛霜皎如雪。
"Hạ liêm đàn không hầu,",下簾彈箜篌，
Bất nhẫn kiến thu nguyệt.,不忍見秋月。
"Hà biên Chức Nữ tinh,",河邊織女星，
Hà bạn khiên Ngưu Lang.,河畔牽牛郎。
"Vị đắc độ thanh thiển,",未得渡清淺，
Tương đối dao tương vọng.,相對遙相望。
"Tạc dạ Vu sơn trung,",昨夜巫山中，
Thất khước Dương Đài nữ.,失卻陽台女。
"Triêu lai hương các lý,",朝來香閣裏，
Độc bạn Sở vương ngữ.,獨伴楚王語。
"Đông sơn minh nguyệt xuất,",東山明月出，
Lâu thượng chính bồi hồi.,楼上正徘徊。
"Tư quân quân bất kiến,",思君君不見，
Cầm tửu vi thuỳ huề.,琴酒為誰携。
Chúng huỷ toàn tiêu lạc,眾卉全蕭落，
Phương tùng độc phát huy,芳叢獨發揮。
Trinh tâm sương cộng bạch,貞心霜共白，
Cao dữ nguyệt vi kỳ,高與月爲期。
"Cúc hoa như chí sĩ,",菊花如志士，
Quá thì hữu dư hương.,過時有餘香。
"Xán xán tư tịch hợp,",粲粲滋夕合，
Anh anh ngạo thần sương.,英英傲晨霜。
"Ải địa quan môn ủng,",隘地關門擁，
Sơn lâu cổ giốc truyền.,山樓鼓角傳。
"Trường phong xuy bất yết,",長風吹不歇，
Tái thảo tự niên niên.,塞草自年年。
"Cung điện thiều nghiêu tủng,",宮殿岧嶢聳，
Nhai cù cạnh vật hoa.,街衢競物華。
"Phong vân kim tế hội,",風雲今際會，
Thiên cổ đế vương gia.,千古帝王家。
"Trắc kính âm cung hoè,",仄徑蔭宮槐，
U âm đa lục đài.,幽陰多綠苔。
"Ưng môn đãn nghinh tảo,",應門但迎掃，
Uý hữu sơn tăng lai.,畏有山僧來。
"Môn tiền cung hoè mạch,",門前宮槐陌，
Thị hướng Y hồ đạo.,是向欹湖道。
"Thu lai sơn vũ đa,",秋來山雨多，
Lạc nhật vô nhân tảo.,落日無人掃。
"Mã tê bạch nhật mộ,",馬嘶白日暮，
Kiếm minh thu khí lai.,劍鳴秋氣來。
"Ngã tâm hạo vô tế,",我心浩無際，
Hà thượng không bồi hồi.,河上空徘徊。
"Liễn lộ sinh thu thảo,",輦路生秋草，
Thượng Lâm hoa mãn chi.,上林花滿枝。
"Bằng cao hà hạn ý,",憑高何限意，
Vô phục thị thần tri.,無復侍臣知。
"Thiên địa tiếp thanh thu,",天地接清秋，
Cử mục giang sơn sắc.,舉目江山色。
"Lâm hành vô tha ngôn,",臨行無他言，
Cửu tự tín tương đắc.,久自信相得。
"Cửu hạn phùng cam vũ,",久旱逢甘雨，
Tha hương ngộ cố tri.,他鄉遇故知。
"Động phòng hoa chúc dạ,",洞房花燭夜，
Kim bảng đề danh thì.,金榜題名時。
"Tạc nhật đăng cao bãi,",昨日登高罷，
Kim triêu cánh cử thương.,今朝更舉觴。
"Cúc hoa hà thái khổ,",菊花何太苦，
Tao thử lưỡng trùng dương.,遭此兩重陽。
"Cửu nhật trùng dương tiết,",九日重陽節，
Khai môn hữu cúc hoa.,開門有菊花。
"Bất tri lai tống tửu,",不知來送酒，
Nhược cá thị Đào gia.,若個是陶家。
"Tha hương phùng tố tiết,",他鄉逢素節，
Hà xứ mịch hoàng hoa.,何處覔黄花。
"Bạch phát đăng cao lãn,",白髪登髙嬾，
Tương tiền hướng tửu gia.,將錢向酒家。
"Cửu nhật sơn tăng viện,",九日山僧院，
Đông ly cúc dã hoàng.,東籬菊也黃。
"Tục nhân đa phiếm tửu,",俗人多泛酒，
Thuỳ giải trợ trà hương.,誰解助茶香。
"Vi khách tài ô mạo,",為客裁烏帽，
Tòng nhi cụ lục tôn.,從兒具綠尊。
"Giai thần đối quần đạo,",佳辰對群盜，
Sầu tuyệt cánh thuỳ luân.,愁絕更誰論。
"Cửu nhật Long sơn ẩm,",九日龍山飲，
Hoàng hoa tiếu trục thần.,黃花笑逐臣。
"Tuý khan phong lạc mạo,",醉看風落帽，
Vũ ái nguyệt lưu nhân.,舞愛月留人。
"Nhất vi Ngô quận thú,",一為吳郡守，
Bất giác cúc hoa khai.,不覺菊花開。
"Thuỷ hữu cố viên tứ,",始有故園思，
Thả hỉ chúng tân lai.,且喜眾賓來。
"Dã áp song song một,",野鴨雙雙沒，
Khinh âu lưỡng lưỡng phù.,輕鷗兩兩浮。
"Nhân sinh diệc như thử,",人生亦如此，
Na hữu biệt ly sầu.,那有別離愁。
"Cấp vũ xạ thương bích,",急雨射蒼壁，
Tiễn lâm khiêu vạn châu.,濺林蹺萬珠。
"San căn thuỷ ủng hác,",山根水壅壑，
Man khiếu nhược chú hồ.,漫竅若注壺。
"Thuyền há Quảng Lăng khứ,",船下廣陵去，
Nguyệt minh Chinh Lỗ đình.,月明征虜亭。
"Sơn hoa như tú giáp,",山花如繡頰，
Giang hoả tự lưu huỳnh.,江火似流螢。
"Vũ quá vân sơn bích,",雨過雲山碧，
Lâm u khê thuỷ thanh.,林幽溪水清。
"Đoạn kiều hành khách thiểu,",斷橋行客少，
Thì hữu dã kê thanh.,時有野鷄聲。
"Bạch nhật bất đáo xứ,",白日不到處，
Thanh xuân cáp tự lai.,青春恰自來。
"Đài hoa như mễ tiểu,",苔花如米小，
Diệc học mẫu đơn khai.,亦學牡丹開。
"Đế đức càn khôn đại,",帝德乾坤大，
Uy thanh tĩnh bát diên.,威聲靜八埏。
"U âm mông huệ trạch,",幽陰蒙惠澤，
Ưu ốc bái Xung thiên.,優渥拜沖天。
"Vạn biệt thiên sai sự,",萬別千差事，
Giai tòng vọng tưởng sinh.,皆從妄想生。
"Nhược ly thử phân biệt,",若離此分別，
Hà vật bất tề bình.,何物不齊平。
"Đại tỉ nhân tự cử,",大比因自舉，
Hương thư dĩ loại thăng.,鄉書以類升。
"Danh đề tiên quế tịch,",名題仙桂籍，
Thiên phủ khoái tiên đăng.,天府快先登。
"Tế vũ mai tiền lộ,",細雨埋前路，
Phi hoa đoạn dã kiều.,飛花斷野橋。
"Tiểu đồng thoa lạp túc,",小童簑笠宿，
Cô đĩnh cách khê chiêu.,孤艇隔鸂招。
"Tận nhật hành hải biên,",盡日行海邊，
Đào phong hám thụ truỵ.,濤風撼樹墜。
"Dạ lai thôi chẩm văn,",夜來推枕聞，
Thị đào thị vũ chí.,是濤是雨至。
"Linh linh thất huyền thượng,",泠泠七絃上，
Tĩnh thính tùng phong hàn.,靜聽松風寒。
"Cổ điệu tuy tự ái,",古調雖自愛，
Kim nhân đa bất đàn.,今人多不彈。
"Bát thiên dư lý khách,",八千餘里客，
Nhị thập tứ kiều thu.,二十四橋秋。
"Dị quốc phùng giai cảnh,",異國逢佳景，
Mang trung cưỡng ỷ lâu.,忙中彊倚樓。
"Thao thao đại giang thuỷ,",滔滔大江水，
Thiên địa tương chung thuỷ.,天地相終始。
"Kinh duyệt kỷ thế nhân,",經閱幾世人，
Phục thán thuỳ gia tử?,復嘆誰家子？
"Đông vọng hà du du,",東望何悠悠，
Tây lai trú dạ lưu.,西來晝夜流。
"Tuế nguyệt ký như thử,",歲月既如此，
Vị tâm na bất sầu?,為心那不愁？
"Tư lâu nhật đăng diểu,",茲樓日登眺，
Lưu tuế ám tha đà.,流歲暗蹉跎。
"Toạ yếm Hoài Nam tự,",坐厭淮南寺，
Thu sơn hồng thụ đa.,秋山紅樹多。
"Hoang sơn thu nhật ngọ,",荒山秋日午，
Độc thướng ý du du.,獨上意悠悠。
"Như hà vọng hương xứ,",如何望鄉處，
Tây bắc thị Dung Châu.,西北是融州。
"Bạch nhật y sơn tận,",白日依山盡，
Hoàng Hà nhập hải lưu.,黃河入海流。
"Dục cùng thiên lý mục,",欲窮千里目，
Cánh thướng nhất tằng lâu.,更上一層樓。
"Vật ngoại sơn xuyên cận,",物外山川近，
Tình sơ cảnh ái tân.,晴初景靄新。
"Phương giao hoa liễu biến,",芳郊花柳遍，
Hà xứ bất nghi xuân?,何處不宜春。
"Đào Diệp phục Đào Diệp,",桃葉復桃葉，
Độ giang bất dụng tiếp.,渡江不用楫。
"Đãn độ vô sở khổ,",但渡無所苦，
Ngã tự nghinh tiếp nhữ.,我自迎接汝。
"Đào tận môn tiền thổ,",陶盡門前土，
Ốc thượng vô phiến ngoã.,屋上無片瓦。
"Thập chỉ bất triêm nê,",十指不沾泥，
Lân lân cư đại hạ.,鱗鱗居大廈。
"Nhất giản nhập thương yên,",一澗入蒼煙，
Thiên hoa nhiễu giản biên.,千花繞澗邊。
"Hoa khai dữ hoa lạc,",花開與花落，
Lưu thuỷ tống lưu niên.,流水送流年。
"Lộ viễn vô tận đầu,",路遠無盡頭，
Cổ kim trường quy khứ.,古今長歸去。
"Kim nhân vị khẳng hưu,",今人未肯休，
Cổ nhân tại hà xứ.,古人在何處。
"Miểu miểu hàn lưu quảng,",淼淼寒流廣，
Thương thương thu vũ hối.,蒼蒼秋雨晦。
"Quân vấn Chung Nam sơn,",君問終南山，
Tâm tri bạch vân ngoại.,心知白雲外。
"Tùng diệp kham vi tửu,",松葉堪為酒，
Xuân lai nhưỡng kỷ đa.,春來釀幾多。
"Bất từ sơn lộ viễn,",不辭山路遠，
Đạp tuyết dã tương qua.,踏雪也相過。
"Lâm trung quan Dịch bãi,",林中觀易罷，
Khê thượng đối âu nhàn.,溪上對鷗閒。
"Sở tục nhiêu từ khách,",楚俗饒詞客，
Hà nhân tối vãng hoàn?,何人最往還。
"Pháp bản như vô pháp,",法本如無法，
Phi hữu diệc phi không.,非有亦非空。
"Nhược nhân tri thử pháp,",若人知此法，
Chúng sinh dữ Phật đồng.,眾生與佛同。
"Tịch tịch Lăng Già nguyệt,",寂寂棱伽月，
Không không độ hải chu,空空渡海舟。
"Tri không, không giác hữu,",知空空覺有，
Tam muội nhậm thông chu.,三昧任通週。
"Quốc tộ như đằng lạc,",國祚如藤絡，
Nam thiên lý thái bình.,南天裏太平。
"Vô vi cư điện các,",無為居殿閣，
Xứ xứ tức đao binh.,處處息刀兵。
"Ná tự Hứa Do đức,",那似許由德，
Hà tri thế kỷ xuân?,何知世幾春。
"Vô vi cư khoáng dã,",無為居曠野，
Tiêu dao tự tại nhân.,逍遙自在人。
"Thượng uyển xuân tiên nhập,",上苑春先入，
Viên trung hoa tận khai.,園中花盡開。
"Duy dư u kính thảo,",唯餘幽徑草，
Thượng đãi nhật quang thôi.,尚待日光催。
"Vũ hậu quá huề nhuận,",雨後過畦潤，
Hoa tàn bộ kịch trì.,花殘步屐遲。
"Bả văn kinh Tiểu Lục,",把文驚小陸，
Hiếu khách kiến đương thì.,好客見當時。
"Trượng kiếm hành thiên lý,",仗劍行千里，
Vi khu cảm nhất ngôn.,微軀敢一言。
"Tằng vi Đại Lương khách,",曾為大梁客，
Bất phụ Tín Lăng ân.,不負信陵恩。
"Kinh Môn liên dã nhạn,",荊門怜野雁，
Tương thuỷ đoạn phi hồng.,湘水斷飛鴻。
"Tri kỷ như tương ức,",知己如相憶，
Nam Hồ nhất phiến phong.,南湖一片風。
"Khứ mã tê xuân thảo,",去馬嘶春草，
Quy nhân lập tịch dương.,歸人立夕陽。
"Nguyên tri sổ nhật biệt,",元知數日別，
Yếu sử lưỡng tình thương.,要使兩情傷。
"Thạch đài ưng khả tiễn,",石苔應可踐，
Tùng chi hạnh dị phan.,叢枝幸易攀。
"Thanh khê quy lộ trực,",清溪歸路直，
Thừa nguyệt dạ ca hoàn.,乘月夜歌還。
"Đa thiểu Thiên Thai nhân,",多少天台人，
Bất thức Hàn Sơn tử.,不識寒山子。
"Mạc tri chân ý độ,",莫知真意度，
Hoán tác nhàn ngôn ngữ.,喚作閒言語。
"Ngâm phong tùng sắt sắt,",吟風松瑟瑟，
Lạc thạch thuỷ sàn sàn.,落石水潺潺。
"Huống phục tàn nguyệt hiểu,",況復殘月曉，
Tử quy thanh Khiếu sơn.,子規淸叫山。
Triệu thị liên thành bích,趙氏連城璧，
Do lai thiên hạ truyền,由來天下傳。
Tống quân hoàn cựu phủ,送君還舊府，
Minh nguyệt mãn tiền xuyên.,明月滿前川。
"Nguy lâu cao bách xích,",危樓高百尺，
Thủ khả trích tinh thần.,手可摘星辰。
"Bất cảm cao thanh ngữ,",不敢高聲語，
Khủng kinh thiên thượng nhân.,恐驚天上人。
"Dĩ nhạ khâm chẩm lãnh,",已訝衾枕冷，
Phục kiến song hộ minh.,復見窗戶明。
"Dạ thâm tri tuyết trọng,",夜深知雪重，
Thì văn chiết trúc thanh.,時聞折竹聲。
"Tảo cung đề phục yết,",早蛩啼復歇，
Tàn đăng diệt hựu minh.,殘燈滅又明。
"Cách song tri dạ vũ,",隔窗知夜雨，
Ba tiêu tiên hữu thanh.,芭蕉先有聲。
"Tịch mịch tân văn uyển,",寂寞新文苑，
Bình an cựu chiến trường.,平安舊戰場。
"Lưỡng gian dư nhất tốt,",兩間餘一卒，
Hà kích độc bàng hoàng.,荷戟獨徬徨。
"Thử địa tằng cư trú,",此地曾居住，
Kim lai uyển tự quy.,今來宛似歸。
"Khả liên phần thượng liễu,",可憐汾上柳，
Tương kiến dã y y.,相見也依依。
"Thế số nhất tức mặc,",世數一息墨，
Thời tình lưỡng hải ngân.,時情兩海銀。
"Ma cung hồn quản thậm,",魔宮渾管甚，
Phật quốc bất thăng xuân.,佛國不勝春。
"Thâu ngô bán nhật nhàn,",偷吾半日閑，
Tạm tác tam gia khách.,暫作三家客。
"Vô hạn ỷ lan tâm,",無限倚欄心，
Thiên cao sơn ngoại bích.,天高山外碧。
"Tây đăng Đồng Tử tự,",西登童子寺，
Đông vọng Tấn Dương thành.,東望晉陽城。
"Kim xuyên thiên điểm lục,",金川千點淥，
Phần thuỷ nhất điều thanh.,汾水一條清。
"Thử động chân chính hảo,",此洞真正好，
Thắng tỷ Thất Tinh nham.,勝比七星岩。
"Việt nhân đáo thử xứ,",越人到此處，
Mạc bất tâm khai nhan.,莫不心開顏。
"Lạc hoa song thụ tích,",落花雙樹積，
Phương thảo nhất đình xuân.,芳草一庭春。
"Ngoạn chi kham hứng tận,",玩之堪興盡，
Hà tất kiến u nhân.,何必見幽人。
"Vãn nhập ưng chân lý,",晚入應真理，
Kinh hành thượng vị hồi.,經行尚未回。
"Phòng trung vô tục vật,",房中無俗物，
Lâm hạ hữu thanh đài.,林下有青苔。
"Thôn lạc vãn tình thiên,",村落晚晴天，
Đào hoa ánh thuỷ tiên.,桃花映水鮮。
Mục đồng hà xứ khứ?,牧童何處去，
Ngưu bối nhất âu miên.,牛背一鷗眠。
"Nhất nhập thâm cung lý,",一入深宮裏，
Vô do đắc kiến xuân.,無由得見春。
"Đề thi hoa diệp thượng,",題詩花葉上，
Ký dữ tiếp lưu nhân.,寄與接流人。
"Quân gia vân mẫu trướng,",君家雲母障，
Thì hướng dã đình khai.,時向野庭開。
"Tự hữu sơn tuyền nhập,",自有山泉入，
Phi nhân thái hoạ lai.,非因采畫來。
"Vân yểm Huyền Thiên động,",雲掩玄天洞，
Yên khai Ngọc Đế gia.,煙開玉帝家。
"Bộ hư thanh tịch mịch,",部虛聲寂寞，
Điểu tán lạc sơn hoa.,鳥散落山花。
"Bạch nhật thăng thiên dị,",白日升天易，
Trí quân Nghiêu Thuấn nan.,致君堯舜難。
"Trần ai lục thập tải,",塵埃六十載，
Hồi thủ quý hoàng quan.,回首愧黃冠。
"Băng hồn tiêu bất tận,",冰魂銷不盡，
Chiêu đắc thượng nam chi.,招得上南枝。
"Y hồng hoành tà ảnh,",依紅橫斜影，
Sa song nguyệt thượng thì.,紗窗月上時。
"Dạ tĩnh nguyệt như trú,",夜靜月如晝，
Giang hàn thuỷ bất lưu.,江寒水不流。
"Bình sa cô tự viễn,",平沙孤嶼遠，
Tiễu tiễu nhất thanh thu.,悄悄一聲秋。
"Lộng văn ly văn võng,",弄文罹文网，
Kháng thế vi thế tình.,抗世違世情。
"Tích huỷ khả tiêu cốt,",積毀可銷骨，
Không lưu chỉ thượng thanh.,空留紙上聲。
"Cao hiền mạc dĩ viễn,",高賢邈已遠，
Lẫm lẫm sinh khí tồn.,凜凜生氣存。
"Hàn Phạm bất thì hữu,",韓範不時有，
Thử tâm thuỳ dữ luân.,此心誰與論。
"Ái thử giang biên hảo,",愛此江邊好，
Lưu liên chí nhật tà.,留連至日斜。
"Miên phân hoàng độc thảo,",眠分黄犢草，
Toạ chiếm bạch âu sa.,坐占白鷗沙。
"Thự thoái nam song ngọ,",署退南窗午，
Kim phong lão hoả tiêu.,金風老火消。
"Ban Cơ thiên cổ hận,",班姬千古恨，
U hồn thục năng chiêu.,幽魂孰能招。
"Uý nhật nhân như tắng,",畏日人如甑，
Viêm phong nhiệt bất câm.,炎風熱不禁。
"Loan loan vô ảnh nguyệt,",彎彎無影月，
Chiếm tận tảo thu tâm.,占盡早秋心。
"Chu lâu bạch trú tĩnh,",朱樓白晝靜，
Hốc hách thử uy kiêu.,熇赫暑威驕。
"Tiện diện hà đa lực,",便面何多力，
Trường khu thuẫn nhật tiêu.,長驅盾日消。
"Trúc lão Tề hoàn tố,",竹老齊紈素，
Thanh tiêu tuyệt khả liên.,清標絕可憐。
"Phong khinh liêm quyển ngọ,",風輕簾捲午，
Tiêu đắc nhật như niên.,銷得日如年。
"Chưởng thượng du dương ảnh,",掌上悠揚影，
Phong tiêu tuyệt khả nhân.,風標絕可人。
"Ngũ minh khai thị thính,",五明開視聽，
Anh tuấn tác thần lân.,英俊作臣鄰。
"Nam lâu phương nhục thử,",南樓方辱暑，
Hoả hạ nhật như niên.,火夏日如年。
"Khước ái chưởng trung vật,",卻愛掌中物，
Năng tham tạo hoá quyền.,能參造化權。
"Di Phủ nhậm tán đản,",夷甫任散誕，
Bình thúc toạ đàm không.,平叔坐談空。
"Bất ngôn Chiêu Dương điện,",不言昭陽殿，
Hoá tác Thiền Vu cung.,化作單于宮。
"Tái tửu hướng hà xứ,",載酒向何處，
Kê sơn Kính thuỷ biên.,稽山鏡水邊。
"Nhược vi vô Hạ lão,",若為無賀老，
Hứng tận tiện hồi thuyền.,興盡便回船。
"Tiêu sái Kê sơn đạo,",蕭洒稽山道，
Phong lưu Hạ Quý Chân.,風流賀季真。
"Tương tư bất tương kiến,",相思不相見，
Sầu sát Trích Tiên nhân.,愁殺謫仙人。
"Chinh thú tại Tang Càn,",征戍在桑乾，
Niên niên Kế thuỷ hàn.,年年薊水寒。
"Ân cần dịch tây lộ,",殷勤驛西路，
Bắc khứ hướng Trường An.,北去向長安。
"Thiên Thai chúng dịch ngoại,",天台眾嶧外，
Hoa Đính đương hàn không.,華頂當寒空。
"Hữu thì bán bất kiến,",有時半不見，
Thôi ngôi tại vân trung.,崔嵬在雲中。
"Nhị cú tam niên đắc,",二句三年得，
Nhất ngâm song lệ lưu.,一吟雙淚流。
"Tri âm như bất thưởng,",知音如不賞，
Quy ngoạ cố sơn thu.,歸臥故山秋。
"Dược kính thâm hồng tiển,",藥徑深紅蘚，
Sơn song mãn thuý vi.,山窗滿翠微。
"Tiện quân hoa hạ tửu,",羨君花下酒，
Hồ điệp mộng trung phi.,蝴蝶夢中飛。
"Giang thụ tình cánh nùng,",江樹晴更濃，
Giang ba lục vị dĩ.,江波綠未已。
"Ly tứ hạo nan thu,",離思浩難收，
Thao thao ký giang thuỷ.,滔滔寄江水。
"Hán quốc sơn hà tại,",漢國山河在，
Tần Lăng thảo thụ thâm.,秦陵草樹深。
"Mộ vân thiên lý sắc,",暮雲千里色，
Vô xứ bất thương tâm.,無處不傷心。
"Lộ hành tam Thục tận,",路行三蜀盡，
Thân cập nhất dương sinh.,身及一陽生。
"Lại hữu tàn đăng hoả,",賴有殘燈火，
Tương y toạ đáo minh.,相依坐到明。
"Xã hậu từ sào yến,",社後辭巢燕，
Sương tiền biệt đế bồng.,霜前別蒂蓬。
"Nguyện vi hồ điệp mộng,",願為蝴蝶夢，
Phi khứ mịch Quan Trung.,飛去覓關中。
"Cao chi chi thượng điểu,",高枝枝上鳥，
Chung nhật khiếu tư quy.,終日叫思歸。
"Như tư vũ dực toàn,",如斯羽翼全，
Hà bất vọng hương phi.,何不望鄉飛。
"Giải hạ túc sương cừu,",解下鷫鸘裘，
Kháp thế tửu nhất đấu.,恰貰酒一斗。
"Tiếu vấn tửu gia Hồ,",笑問酒家胡，
Hữu khách như thử phủ.,有客如此否。
"Chủ nhân bất tương thức,",主人不相識，
Ngẫu toạ vị lâm tuyền.,偶坐為林泉。
"Mạc mạn sầu cô tửu,",莫謾愁沽酒，
Nang trung tự hữu tiền.,囊中自有錢。
"Bão ảnh băng hồ trung,",抱影冰壺中，
Trí thân minh kính lý.,置身明鏡裏。
"Tương đối cửu vong ngôn,",相對久忘言，
Tức thử thị tri kỷ.,即此是知己。
"Lộng thạch lâm khê toạ,",弄石臨溪坐，
Tầm hoa nhiễu tự hành.,尋花繞寺行。
"Thì thì văn điểu ngữ,",時時聞鳥語，
Xứ xứ thị tuyền thanh.,處處是泉聲。
"Thử địa biệt Yên Đan,",此地別燕丹，
Tráng sĩ phát xung quan.,壯士髮衝冠。
"Tích thời nhân dĩ một,",昔時人已沒，
Kim nhật thuỷ do hàn.,今日水猶寒。
"Xuất môn hà sở kiến,",出門何所見，
"Xuân sắc mãn bình vu,",春色滿平蕪，
"Khả thán vô tri kỷ,",可嘆無知己，
Cao Dương nhất tửu đồ.,高陽一酒徒。
"Lĩnh vân nhàn bất triệt,",嶺雲閑不撤，
Giản thuỷ tẩu hà mang.,澗水走何忙。
"Tùng hạ trích tùng tử,",松下摘松子，
Tiên trà trà dũ hương.,煎茶茶逾香。
"Nhất điều vạn cổ thuỷ,",一條萬古水，
Hướng ngã thủ tâm lưu.,向我手心流。
"Lâm hành giải tặng quân,",臨行解贈君，
Vật báo tế toái cừu.,勿報細碎仇。
"Tảo địa phần hương toạ,",掃地焚香坐，
Không tâm đãi nguyệt sinh.,空心待月生。
"Thanh ảnh di mai chí,",清影移梅至，
Tây sương nhiễu trúc hàng.,西廂遶竹行。
"Lai vãng vô đạn dặc,",來往無彈弋，
"Không viên thức chủ tâm,",空園識主心。
"Xuân phong tam lưỡng thụ,",春風三兩樹，
Uyển chuyển trợ cô ngâm.,宛轉助孤吟。
"Di tử hoàng kim bảo,",遺子黃金寶，
Hà như giáo nhất kinh.,何如教一經。
"Tính danh thư cẩm trục,",姓名書錦軸，
Chu tử tá triều đình.,朱紫佐朝廷。
"Bát nguyệt thập ngũ nhật,",八月十五日，
Nguyệt luân chính đương ngọ.,月輪正當午。
"Hiệu ảnh lạc hàn châu,",皎影落寒洲，
Quải tại san hô thụ.,掛在珊瑚樹。
"Phù sinh tri kỷ nhật,",浮生知幾日，
Vô trạng trục không danh.,無狀逐空名。
"Bất như đa nhưỡng tửu,",不如多釀酒，
Thì hướng trúc lâm khuynh.,時向竹林傾。
"Chư Lữ cánh tương vương,",諸呂更相王，
Trần Bình khí hà sách.,陳平氣何索。
"Thiên kim thọ Giáng Hầu,",天金壽絳侯，
Lưu tông tri hữu thác.,劉宗知有托。
"Chúng điểu cao phi tận,",眾鳥高飛盡，
Cô vân độc khứ nhàn.,孤雲獨去閒。
"Tương khan lưỡng bất yếm,",相看兩不厭，
Chỉ hữu Kính Đình san.,只有敬亭山。
"Trì biên độc tự toạ,",池邉獨自坐，
Trì đê ngẫu phùng tăng.,池低偶逢僧。
"Mặc mặc tiếu tương thị,",嘿嘿笑相視，
Tri quân ngữ bất ưng.,知君語不應。
"Đối quân quân bất ngữ,",對君君不語，
Bất ngữ ý du tai.,不語意悠哉。
"Trật tán sàng đầu thư,",帙散床頭書，
Vũ đả liêm tiền mai.,雨打簾前梅。
"Nam đăng Đỗ Lăng thượng,",南登杜陵上，
Bắc vọng Ngũ Lăng gian.,北望五陵間。
"Thu thuỷ minh lạc nhật,",秋水明落日，
Lưu quang diệt viễn sơn.,流光滅遠山。
"Quế mật nham hoa bạch,",桂密岩花白，
Lê sơ lâm diệp hồng.,梨疏林葉紅。
"Giang cao hàn vọng tận,",江皋寒望盡，
Quy niệm đoạn chinh bồng.,歸念斷征篷。
Trần sự vô chung cực,塵事無終極，
Phân mang tuế hựu đông,紛忙歲又冬。
Mai truyền xuân tín tảo,梅傳春信早，
Mạo tuyết tác tiên dung,冒雪作先容。
"Thi thành sơn nguyệt thướng,",詩成山月上，
Thuỵ giác dã vân phi.,睡覺野雲飛。
"Hoa lạc thù đa ý,",花落殊多意，
Phong tiền điểm khách y.,風前點客衣。
"Vũ tẩy Đông Pha nguyệt sắc thanh,",雨洗東坡月色清，
Thị nhân hành tận dã nhân hành.,市人行盡野人行。
"Mạc hiềm lạc xác pha đầu lộ,",莫嫌犖确坡頭路，
Tự ái khanh nhiên duệ trượng thanh.,自愛鏗然曳杖聲。
"Lộ tảo cơ hàn tích,",路掃飢寒跡，
Thiên ai chí khí nhân.,天哀志氣人。
"Hưu linh biệt ly lệ,",休零別離淚，
Huề thủ nhập Tây Tần.,攜手入西秦。
"Động Thiên hồ thượng cảnh,",洞天湖上景，
Hoa thảo giảm xuân dung.,花草減春容。
"Thượng đế liên sầm tịch,",上帝憐岑寂，
Thái thanh thì nhất chung.,太清時一鐘。
"Thuỷ diện băng do đống,",水面冰猶凍，
Sơn đầu nhật vị cao.,山頭日未高。
"Nhất dương hồi noãn xứ,",一陽回暖處，
Tiêu tức tự mai tiêu.,消息自梅梢。
"Dị tục phi hương tục,",異俗非鄉俗，
Tân niên cải cố niên.,新年改故年。
"Kế môn khán hoả thụ,",薊門看火樹，
Nghi thị chúc long nhiên.,疑是燭龍然。
"Hải tân ngư tự thổ,",海濱魚似土，
Thị thượng mễ như kim.,市上米如金。
"Quy điểu sâm si một,",歸鳥參差沒，
Du du nhật ảnh trầm.,悠悠日影沉。
"Thục đế hà niên phách,",蜀帝何年魄，
Thiên xuân hoá đỗ quyên.,千春化杜鵑。
"“Bất như quy khứ” ngữ,",不如歸去語，
Diệc tự cổ lai truyền.,亦自古來傳。
"Sơn tiền đỗ vũ ai,",山前杜宇哀，
Sơn hạ đỗ quyên khai.,山下杜鵑開。
"Trường đoạn thanh thanh huyết,",腸斷聲聲血，
Lang hành hà nhật hồi?,郎行何日回？
"Dã kính hành vô bạn,",野徑行無伴，
Tăng phòng túc hữu kỳ.,僧房宿有期。
"Đồ sơn lai vãng thục,",涂山來往熟，
Duy thị mã đề tri.,惟是馬蹄知。
Phù nhạn mưu đạo lương,鳧雁謀稻粱，
Sinh dân vị y thực,生民為衣食。
Tân khổ thị tứ nhân,辛苦市肆人，
Ngột ngột bất hoàng tức,矻矻不遑息。
"Bão ngọc tam triều Sở,",抱玉三朝楚，
Hoài thư thập thướng Tần.,懷書十上秦。
"Niên phùng Lạc Dương mạch,",年逢落陽陌，
Hoa điểu lộng quy nhân.,花鳥弄歸人。
"Nam chinh phục bắc hoàn,",南征復北還，
Nhiễu nhiễu bách niên gian.,擾擾百年間。
"Tự tiếu hồng trần lý,",自笑紅塵裏，
Sinh nhai bất tạm nhàn.,生涯不暫閑。
"Thắng địa du tuy biến,",勝地遊雖遍，
Quan sơn hợp hữu thi.,關山合有詩。
"Quan thân vô định tích,",官身無定跡，
Vị cảm dữ tăng kỳ.,未敢與僧期。
"Giang thượng tam thiên nhạn,",江上三千雁，
Niên niên quá cố cung.,年年過故宮。
"Khả liên giang thượng nguyệt,",可憐江上月，
Thiên chiếu đoạn căn bồng.,偏照斷根蓬。
"Thiên niên cổ mạo đa,",千年古貌多，
Bát nguyệt thu đào vãn.,八月秋濤晚。
"Ngẫu bị chủ nhân lưu,",偶被主人留，
Na tri lai cận viễn.,那知來近遠。
"Liễu hạ sài phi tĩnh,",柳下柴扉靜，
Ngư gia vô tứ lân.,漁家無四鄰。
"Nhật tà giang thượng lộ,",日斜江上路，
Hà xứ độc quy nhân?,何處獨歸人。
"Đình hàn chiếu cổ nguyệt,",亭寒照古月，
Lũng ám tích sầu vân.,隴暗積愁雲。
"Kim nhật xuất môn thụ,",今日出門樹，
Hà xứ hữu tướng quân.,何處有將軍。
"Tham thắng quyện khước vong,",貪勝倦卻忘，
Liên kỳ mục bất xả.,憐奇目不捨。
"Khách lai tăng vị tri,",客來僧未知，
Thụ hạ thập sơn quả.,樹下拾山菓。
"Thanh khê tẩy ngã túc,",淸溪洗我足，
Khán sơn tịnh ngã mục.,看山淨我目。
"Thử ngoại cánh vô cầu,",此外更無求，
Bất mộng nhàn vinh nhục.,不夢閒榮辱。
"Thạch hiểm thiên mạo phân,",石险天貌分，
Lâm giao nhật dung khuyết.,林交日容缺。
"Âm giản lạc xuân vinh,",阴涧落春荣，
Hàn nham lưu hạ tuyết.,寒岩留夏雪。
"Hoán khởi song toàn thự,",喚起窗全曙，
Thôi quy nhật vị tê.,催歸日未西。
"Vô tâm hoa lý điểu,",無心花裏鳥，
Cánh dữ hữu tình đề.,更與有情啼。
"Tích giả thuỳ năng tỉ,",昔者誰能比，
Kim lai sự bất đồng.,今來事不同。
"Tịch liêu thanh thảo khúc,",寂寥青草曲，
Tán mạn bạch du phong.,散漫白榆風。
"Giá đảo đằng toàn lạc,",架倒藤全落，
Ly băng trúc bán không.,籬崩竹半空。
"Ninh tu trù trướng lập,",寧須惆悵立，
Phiên phúc bản vô cùng.,翻覆本無窮。
"Phan phan chiêu dật khách,",攀攀招逸客，
Yển quế hiệp u tình.,偃桂協幽情。
"Thuỷ trung khán thụ ảnh,",水中看樹影，
Phong lý thính tùng thanh.,風裏聽松聲。
"Tạm du Nhân Trí sở,",暫游仁智所，
Tiêu nhiên tùng quế tình.,蕭然松桂情。
"Ký thê ngôn độn khách,",寄栖言遁客，
Vật phục phỏng Bồng Doanh.,勿复訪蓬瀛。
"Mãn chỉ hoang đường ngôn,",滿紙荒唐言，
Nhất bả tân toan lệ!,一把辛酸淚！
"Đô vân tác giả si,",都云作者癡，
Thuỳ giải kỳ trung vị?,誰解其中味？
"Lục thụ tàn xuân ngoại,",綠樹殘春外，
Song phi cẩm dực tề.,雙飛錦翼齊。
"Trường Sa hữu thiên khách,",長沙有遷客，
Mạc hướng vũ trung đề.,莫向雨中啼。
"Quyện thái my vu diệp,",倦採蘼蕪葉，
Tham liên chiếu đảm minh.,貪憐照膽明。
"Lưỡng biên câu thức lệ,",兩邊俱拭淚，
Nhất xứ hữu đề thanh.,一處有啼聲。
"Ký giải đáo Nam Ninh,",既解到南寧，
Hựu giải phản Vũ Minh;,又解返武鳴。
"Loan loan, khúc khúc giải,",彎彎曲曲解，
Đồ diên ngã hành trình.,徒延我行程。
Bất bình!,不平！
"Niệu niệu cổ đê biên,",嫋嫋古堤邊，
Thanh thanh nhất thụ yên.,青青一樹煙。
"Nhược vi ty bất đoạn,",若為絲不斷，
Lưu thủ hệ lang thuyền.,留取繫郎船。
"Giang tống Ba nam thuỷ,",江送巴南水，
Sơn hoành tái bắc vân.,山橫塞北雲。
"Tân đình thu nguyệt dạ,",津亭秋月夜，
Thuỳ kiến khấp ly quần.,誰見泣離群。
"Loạn yên lung bích thế,",亂煙籠碧砌，
Phi nguyệt hướng nam đoan.,飛月向南端。
"Tịch tịch ly đình yểm,",寂寂離亭掩，
Giang sơn thử dạ hàn.,江山此夜寒。
"Ngạn chuyển, thụ tà xuất,",岸轉樹斜出，
"Khê thâm, hoa đảo khai.",溪深花倒開。
"Vãn hà, cô điểu một,",晚霞孤鳥沒，
"Hiểu vũ, phiến phàm lai.",曉雨片帆來。
"Lộ chuyển trưởng xuyên viễn,",路轉長川遠，
Vân đê khoáng dã bình.,雲低曠野平。
"Thiên hàn chinh nhạn khổ,",天寒征雁苦，
Sa trướng túc âu kinh.,沙漲宿鷗驚。
"Quỷ hoả lâm gian bích,",鬼火林間碧，
Ngư đăng vũ ngoại minh.,漁燈雨外明。
"Quy chu dạ vị bạc,",歸舟夜未泊，
Nha yết lỗ do minh.,鴉軋櫓猶鳴。
"Độc chước phương xuân tửu,",獨酌芳春酒，
Đăng lâu dĩ bán huân.,登樓已半曛。
"Thuỳ kinh nhất hàng nhạn,",誰驚一行雁，
Xung đoạn quá giang vân.,沖斷過江雲。
"Giá đắc Cù Đường cổ,",嫁得瞿塘賈，
Triêu triêu ngộ thiếp kỳ.,朝朝誤妾期。
"Tảo tri triều hữu tín,",早知潮有信，
Giá dữ lộng triều nhi.,嫁與弄潮兒。
"Phát hướng Hoành Đường khẩu,",發向橫塘口，
Thuyền khai trị cấp lưu.,船開值急流。
"Tri lang cựu thì ý,",知郎舊時意，
Thả thỉnh long thuyền đầu.,且請攏船頭。
"Lục giang thâm kiến để,",綠江深見底，
Cao lãng trực phiên không.,高浪直翻空。
"Quán thị hồ biên trú,",慣是湖邊住，
Chu khinh bất uý phong.,舟輕不畏風。
"Trục lưu khiên hạnh thính,",逐流牽荇聽，
Lục ngạn trích lô miêu.,綠岸摘蘆苗。
"Vị tích uyên ương điểu,",為惜鴛鴦鳥，
Khinh khinh động hoạ kiêu.,輕輕動畫橈。
"Nhật mộ Trường Giang lý,",日暮長江裏，
Tương yêu quy độ đầu.,相邀歸渡頭。
"Lạc hoa như hữu ý,",落花如有意，
Lai khứ trục thuyền lưu.,來去逐船流。
"Thiếp gia Hoành Đường đông,",妾家橫塘東，
Dữ lang sạ tương phùng.,與郎乍相逢。
"Lang lai bất tu vấn,",郎來不須問，
Môn ngoại thực ngô đồng.,門外植梧桐。
"Thiếp gia Hoành Đường tê,",妾家橫塘西，
Xuân hoa áp chi đê.,春花壓枝低。
"Lục ba tịnh như kính,",綠波淨如鏡，
Chỉ trữ uyên ương thê.,只著鴛鴦棲。
"Thuỷ diện tế phong sinh,",水面細風生，
Lăng ca mạn mạn thanh.,菱歌慢慢聲。
"Khách đình lâm tiểu thị,",客亭臨小市，
Đăng hoả dạ trang minh.,燈火夜妝明。
"Hốt kiến hàn mai thụ,",忽見寒梅樹，
Khai hoa Hán thuỷ tân.,開花漢水濱。
"Bất tri xuân sắc tảo,",不知春色早，
Nghi thị lộng châu nhân.,疑是弄珠人。
"Giang thuỷ dạng tây phong,",江水漾西風，
Giang hoa thoát vãn hồng.,江花脫晚紅。
"Ly tình bị hoạnh địch,",離情被橫笛，
Xuy quá loạn sơn đông.,吹過亂山東。
"Giang thượng vãng lai nhân,",江上往來人，
Đãn ái lô ngư mỹ.,但愛鱸魚美。
"Quân khan nhất diệp chu,",君看一葉舟，
Xuất một phong ba lý.,出沒風波裡。
"Phong ngạn nguyệt tà minh,",楓岸月斜明，
Viên đề lữ mộng kinh.,猿啼旅夢驚。
"Sầu đa trường dị đoạn,",愁多腸易斷，
Bất đãi đệ tam thanh.,不待第三聲。
"Tịch lịch thu giang ngư hoả hy,",寂歷秋江漁火稀，
Khởi khan tàn nguyệt ánh lâm vi.,起看殘月映林微。
"Ba quang thuỷ điểu kinh do túc,",波光水鳥驚猶宿，
Lộ lãnh lưu huỳnh thấp bất phi.,露冷流螢濕不飛。
"Thiên sơn điểu phi tuyệt,",千山鳥飛絕，
Vạn kính nhân tung diệt.,萬徑人蹤滅。
"Cô chu thoa lạp ông,",孤舟簑笠翁，
Độc điếu hàn giang tuyết.,獨釣寒江雪。
"Đạm tảo trường thiên sắc,",淡掃長天色，
Do văn lưu thuỷ thanh.,猶聞溜水聲。
"Phù tây thiên thụ xuất,",浮西千樹出，
Trị bắc chúng phong sinh.,值北眾風生。
"Tác pháp bất tự tễ,",作法不自斃，
Du nhiên quá tứ thập.,悠然過四十。
"Hà phương đổ phì đầu,",何妨賭肥頭，
Để đáng biện chứng pháp.,抵擋辯證法。
"Khả liên chức nữ tinh,",可憐織女星，
Hoá vị mã lang phụ.,化為馬郎婦。
"Ô thước nghi bất lai,",烏鵲疑不來，
Điều điều ngưu nãi lộ.,迢迢牛奶路。
"Thế giới hữu văn học,",世界有文學，
Thiếu nữ đa phong đồn.,少女多豐臀。
"Kê thang đại trư nhục,",雞湯代豬肉，
Bắc tân toại yểm môn.,北新遂掩門。
"Danh nhân tuyển tiểu thuyết,",名人選小說，
Nhập tuyến vân hữu hạn.,入線雲有限。
"Tuy hữu vọng viễn cảnh,",雖有望遠鏡，
Vô nại cận thị nhãn.,無奈近視眼。
"Hạ nguyệt chính tồ thử,",夏月正徂暑，
Dao khê bất đoạn phân.,遙溪不斷芬。
"Nam phong giải dân uấn,",南風解民慍，
Vị trợ ngũ huyền huân.,爲助五弦薰。
"Phất phất sinh tàn huy,",拂拂生殘暉，
Tằng tằng như liệt phi.,層層如裂緋。
"Thiên phong tiễn thành phiến,",天風剪成片，
Nghi tác tiên nhân y.,疑作仙人衣。
"Tuyền xu vô đình vận,",璿樞無停運，
Tứ tự tương thác hành.,四序相錯行。
"Ký ngôn hách hy cảnh,",寄言赫曦景，
Kim nhật nhất âm sinh.,今日一陰生。
"Cố quốc tam thiên lý,",故國三千里，
Thâm cung nhị thập niên.,深宮二十年。
"Nhất thanh “Hà Mãn Tí”,",一聲何滿子，
Song lệ lạc quân tiền.,雙淚落君前。
"Cao tình lâm sảng nguyệt,",高情臨爽月，
Cấp hưởng tống thu phong.,急響送秋風。
"Độc hữu nguy quan ý,",獨有危冠意，
Hoàn tương suy mấn đồng.,還將衰鬢同。
"Tú mạc san hô câu,",繡幕珊瑚鉤，
Xuân khai phí thuý lâu.,春開翡翠樓。
"Thâm tình bất khẳng đạo,",深情不肯道，
Kiều ỷ điền không hầu.,嬌倚鈿箜篌。
"Hàn chúc chiếu thanh dạ,",寒燭照清夜，
Sanh ca cách tiển tường.,笙歌隔蘚墻。
"Nhất tòng Phi Yến nhập,",一從飛燕入，
Tiện bất kiến quân vương.,便不見君王。
"Hiểu phát sơ lâm thuỷ,",曉髮梳臨水，
Hàn đường toạ kiến thu.,寒塘坐見秋。
"Hương tâm chính vô hạn,",鄉心正無限，
Nhất nhạn độ nam lâu.,一雁度南樓。
"Triêu du phù vân kiệu,",朝遊浮雲嶠，
Mộ túc minh nguyệt loan.,暮宿明月灣。
"Hốt nhiên đắc giai thú,",忽然得佳趣，
Vạn tương sinh hào đoan.,萬象生毫端。
"Lãn diêu bạch vũ phiến,",懒搖白羽扇，
Loã thể thanh lâm trung.,裸體青林中。
"Thoát cân quải thạch bích,",脫巾挂石壁，
Lộ đính sái tùng phong.,露嵿洒松風。
"Sinh đương tác nhân kiệt,",生當作人傑，
Tử diệc vi quỷ hùng.,死亦為鬼雄。
"Chí kim tư Hạng Vũ,",至今思項羽，
Bất khẳng quá Giang Đông.,不肯過江東。
"Liêu lạc cổ hành cung,",寥落古行宮，
Cung hoa tịch mịch hồng.,宮花寂寞紅。
"Bạch đầu cung nữ tại,",白頭宮女在，
Nhàn toạ thuyết Huyền Tông.,閒坐說玄宗。
"Vạn tính yếm can qua,",萬姓厭干戈，
Tam biên thượng vị tri.,三邊尚未知。
"Tướng quân khoa bảo kiếm,",將軍誇寶劍，
Công tại sát nhân đa.,功在殺人多。
"Cường dục đăng cao khứ,",強欲登高去，
Vô nhân tống tửu lai.,無人送酒來。
"Dao liên cố viên cúc,",遙憐故園菊，
Ưng bạng chiến trường khai.,應傍戰場開。
"Phổ thiên giai diệt diễm,",普天皆滅焰，
Tạp địa tận tàng yên.,匝地盡藏煙。
"Bất tri hà xứ hoả,",不知何處火，
Lai tựu khách tâm nhiên?,來就客心然。
"Khoảnh thừa chủ nhiệm tống thư lai,",頃乘主任送書來，
Độc bãi tinh thần giác đốn khai;,讀罷精神覺頓開。
"Lãnh tụ vĩ ngôn như tại nhĩ,",領袖偉言如在耳，
Thiên biên oanh động nhất thanh lôi.,天邊轟動一聲雷。
"Ỷ trạo xuân giang thượng,",倚棹春江上，
Hoành chu thạch ngạn tiền.,橫舟石岸前。
"Sơn minh hành nhân đoạn,",山暝行人斷，
Điều điều độc phiếm tiên.,迢迢獨泛仙。
"Thuỳ hệ tây chi mã,",誰系西枝馬，
Mã tê hoa loạn phi.,馬嘶花亂飛。
"Loạn phi hồn tự khả,",亂飛渾自​​可，
Mạc khiển chiết hoa chi.,莫遣折花枝。
"Đội đội xuân canh tượng,",隊隊春耕象，
Phân phân vân thảo cầm.,紛紛耘草禽。
"Tự Nghiêu đăng bảo vị,",嗣堯登寶位，
Hiếu cảm động thiên tâm.,孝感動天心。
"Thử khí hiểu lai thanh,",暑氣曉來清，
Thời thời văn viễn oanh.,時時聞遠鶯。
"Hoàn tư cố viên lộ,",還思故園路，
Tùng hạ lục đài sinh.,松下綠苔生。
"Thiếu văn kê thanh miên,",少聞雞聲眠，
Lão thính kê thanh khỉ.,老聽雞聲起。
"Thiên cổ vạn đại nhân,",千古萬代人，
Tiêu ma sổ thanh lý.,消磨數聲裏。
"Hiểu toạ đối trà âu,",曉坐對茶甌，
Không tâm lãn ứng tiếp.,空心懶應接。
"Kê điểu thanh phục thanh,",雞鳥聲復聲，
Tình vân bố loạn điệp.,晴雲布亂蝶。
"Vân nhật năng thôi hiểu,",雲日能催曉，
Phong quang bất tích niên.,風光不惜年。
"Lại phùng chinh lộ tận,",賴逢征路盡，
Quy tại lạc hoa tiền.,歸在落花前。
"Liên tử bất khả đắc,","蓮子不可得,"
Liên hoa sinh thuỷ trung.,蓮花生水中。
"Do thắng đạo bàng liễu,","猶勝道傍柳,"
Vô sự đãng đông phong.,無事蕩東風。
"Liên diệp vị khai thì,",蓮葉未開時，
Khổ tâm chung nhật quyển.,苦心終日卷。
"Xuân thuỷ đồ đãng dạng,",春水徒蕩漾，
Hà hoa vị khai triển.,荷花未開展。
"Hữu ý hiềm binh bộ,",有意嫌兵部，
Chuyên tâm vọng khảo công.,專心望考功。
"Thuỳ tri cước thặng đặng,",誰知腳蹭蹬，
Kỷ lạc tỉnh tường đông.,幾落省牆東。
"Viễn khan sơn hữu sắc,",遠看山有色，
Cận thính thuỷ vô thanh.,近聽水無聲。
"Xuân khứ hoa hoàn tại,",春去花還在，
Nhân lai điểu bất kinh.,人來鳥不驚。
"Phong điệp khứ phân phân,",蜂蝶去紛紛，
Hương phong cách ngạn văn.,香風隔岸聞。
"Dục tri hoa đảo xứ,",欲知花島處，
Thuỷ thượng mịch hồng vân.,水上覓紅雲。
"Hoa hạ nhất hồ tửu,",花下一壺酒，
Định tương thuỳ cử bôi.,定將誰舉杯。
"Tuyết anh phi lạc cận,",雪英飛落近，
Nghi thị cố nhân lai.,疑是故人來。
Hà vật lệnh nùng tiện?,何物令儂羨，
Tiện lang thuyền vĩ yến.,羨郎船尾燕。
"Nhai nê sấn tường can,",街泥趁檣竿，
Thực túc thường tương kiến.,食宿常相見。
"Đương niên thạch hổ bất sinh phong,",當年石虎不生風，
Nhất đới hoang sơn lục dã trung.,一帶荒山綠野中。
"Bàn cứ thiên thu do bạch địa,",盤據千秋猶白地，
Đỗ quyên thanh xứ lạc hoa hồng.,杜鵑聲處落花紅。
"Tích biệt liễu điều lục,",昔別柳條綠，
Như kim sương diệp phiên.,如今霜葉翻。
"Tư quân độc vô ngữ,",思君獨無語，
Hàn nhật hạ hoang nguyên.,寒日下荒原。
"Đông hoàng tằng chước nhãn,",東皇曾酌眼，
Dĩ hứa bách hoa khôi.,以許百花魁。
"Chỉ vị khiêm khiêm ý,",只爲謙謙意，
Phiên giao tiệm tiệm khai.,番交漸漸開。
"Dao tưởng quan đào xứ,",遙想觀濤處，
Do ức thái liên ca.,猶憶採蓮歌。
"Vô nhân quan tái diệp,",無因關塞葉，
Cộng há Động Đình ba.,共下洞庭波。
"Văn quân đình trúc vịnh,",聞君庭竹詠，
U ý tuế hàn đa.,幽意歲寒多。
"Thán tức vị quan tiểu,",嘆息為冠小，
Lương công tương nại hà.,良工將奈何。
"Thuỷ biên dương liễu khúc trần ty,",水邊楊柳麴塵絲，
Lập mã phiền quân chiết nhất chi.,立馬煩君折一枝。
"Duy hữu xuân phong tối tương tích,",惟有春風最相惜，
Ân cần cánh hướng thủ trung xuy.,殷勤更向手中吹。
"Liệu phố tam thu vũ,",蓼浦三秋雨，
Quân bồng bán dạ thanh.,筠篷半夜聲。
"Cô đăng minh hựu diệt,",孤燈明又滅，
Hồ hải thập niên tình.,湖海十年情。
"Mao xá nhân yên lý,",茅舍人煙裡，
Cô chu tiểu bạc thì.,孤舟小泊時。
"Thôn đồng tam tứ bối,",村童三四輩，
Duyên thuỷ mịch bành kỳ.,沿水覓蟛蜞。
"Nhân nhàn quế hoa lạc,",人閒桂花落，
Dạ tĩnh xuân sơn không.,夜靜春山空。
"Nguyệt xuất kinh sơn điểu,",月出驚山鳥，
Thời minh xuân giản trung.,時鳴春澗中。
"Nhật nhật thái liên khứ,",日日採蓮去，
Châu trường đa mộ quy.,洲長多暮歸。
"Lộng cao mạc tiễn thuỷ,",弄篙莫濺水，
Uý thấp hồng liên y.,畏溼紅蓮衣。
"Sạ hướng hồng liên một,",乍向紅蓮沒，
Phục xuất thanh bồ dương.,復出清蒲揚。
"Độc lập hà ly si,",獨立何褵褷，
Hàm ngư cổ tra thượng.,銜魚古查上。
"Triêu canh thượng bình điền,",朝耕上平田，
Mộ canh thượng bình điền.,暮耕上平田。
"Tá vấn vấn tân giả,",借問問津者，
Ninh tri tự nịch hiền.,寧知沮溺賢。
"Xuân trì thâm thả quảng,",春池深且廣，
Hội đãi khinh chu hồi.,會待輕舟迴。
"Mị mị lục bình hợp,",靡靡綠萍合，
Thuỳ dương tảo phục khai.,垂楊掃復開。
"Trì trì nhật khí ái,",遲遲日氣曖，
Mạn mạn tuyết thiên xuân.,漫漫雪天春。
"Tri quân dục tuý ẩm,",知君欲醉飲，
Tư kiến thử giao thân.,思見此交親。
"Thân giao thử kiến tư,",親交此見思，
Ẩm tuý dục quân tri.,飲醉欲君知。
"Xuân thiên tuyết mạn mạn,",春天雪漫漫，
Ái khí nhật trì trì.,曖氣日遲遲。
"Hà xứ vô minh nguyệt,",何處無明月，
Không sơn độc dạ khan.,空山獨夜看。
"Hồi đầu tư cố hương,",回頭思故鄉，
Cử đầu vọng Trường An.,舉頭望長安。
"Viễn viễn tòng tăng tự,",遠遠從僧寺，
Đông đông lạc khách bồng.,鼕鼕落客篷。
"Triều sinh thiên địa hiểu,",潮生天地曉，
Nguyệt bạch hựu giang không.,月白又江空。
"Xuân lai bán nguyệt độ,",春來半月度，
Tục kỵ nhất triêu nhàn.,俗忌一朝閑。
"Bất chước tha hương tửu,",不酌他鄉酒，
Vô kham đối Sở san.,無堪對楚山。
"Phi điểu khứ bất cùng,",飛鳥去不窮，
Liên sơn phục thu sắc.,連山復秋色。
"Thướng há Hoa Tử cương,",上下華子岡，
Trù trướng tình hà cực.,惆悵情何極！
"Lạc nhật tùng phong khởi,",落日松風起，
Hoàn gia thảo lộ hy.,還家草露晞。
"Vân quang xâm lý tích,",雲光侵履跡，
Sơn thuý phất nhân y.,山翠拂人衣。
"Minh minh thường tự tại,",明明常自在，
Diệc niết mục tác quái.,亦揘目作怪。
"Kiến quái bất kiến quái,",見怪不見怪，
Kỳ quái tất tự hoại.,其怪悉自壞。
"Ngã hữu sổ hàng lệ,",我有數行淚，
Bất lạc thập dư niên.,不落十餘年，
"Kim nhật vị quân tận,",今日為君盡，
Tịnh sái thu phong tiền.,並灑秋風前。
"Chân thân thành vạn tượng,",真身成萬象，
Vạn tượng tức chân thân.,萬象即真身。
"Nguyệt điện vinh đan quế,",月殿榮丹桂，
Đan quế tại nhất luân.,丹桂在一輪。
"Khứ niên vô hoa khán,",去年無花看，
Kim niên vị khán hoa.,今年未看花。
"Cánh văn phiêu lạc tận,",更聞飄落盡，
Tẩu mã hướng thuỳ gia?,走馬向誰家？
"Học nãi thân chi bảo,",學乃身之寶，
Nho vi tịch thượng trân.,儒為席上珍。
"Quân khan vi tể tướng,",君看為宰相，
Tất dụng độc thư nhân.,必用讀書人。
"Học vấn cần trung đắc,",學問勤中得，
Huỳnh song vạn quyển thư.,螢窗萬卷書。
"Tam đông kim túc dụng,",三冬今足用，
Thuỳ tiếu phúc không hư?,誰笑腹空虛？
"Vạn trượng hồng tuyền lạc,",萬丈紅泉落，
Thiều thiều bán tử phân.,迢迢半紫氛。
"Bôn lưu há tạp thụ,",奔流下雜樹，
Sái lạc xuất trùng vân.,灑落出重雲。
"Nhật chiếu hồng nghê tự,",日照虹霓似，
Thiên thanh phong vũ văn.,天清風雨聞。
"Linh sơn đa tú sắc,",靈山多秀色，
Không thuỷ cộng nhân uân.,空水共氤氳。
"Lục diễm nhàn thả tĩnh,",綠艷閒且靜，
Hồng y thiển phục thâm.,紅衣淺復深。
"Hoa tâm sầu dục đoạn,",花心愁欲斷，
Xuân sắc khởi tri tâm.,春色豈知心。
"Đan quế nhất tùng, mai nhất tùng,",丹桂一叢梅一叢，
"Bán viên hồng nhật, mãn viên phong.",半園紅日滿園風。
"Giác lai vấn bộc miên đa thiểu,",覺來問僕眠多少，
Tằng hữu cao ngâm xuất mộng trung.,曾有高吟出夢中。
"Kính xích thiên dư đoá,",徑尺千餘朵，
Nhân gian hữu thử hoa.,人間有此花。
"Kim triêu kiến nhan sắc,",今朝見顏色，
Cánh bất hướng chư gia.,更不向諸家。
"""Dương liễu"" uất thanh thanh,",楊柳郁青青，
"""Trúc chi"" vô hạn tình.",竹枝無限情。
"Chu lang nhất hồi cố,",周郎一回顧，
"Sở xướng ""Hột na"" thanh.",所唱紇那聲。
"Đạp khúc hứng vô cùng,",踏曲興無窮，
Điệu đồng từ bất đồng.,調同詞不同。
"Nguyện quân thiên vạn thọ,",願君千萬壽，
Trường tác chủ nhân ông.,長作主人翁。
"Hiển dương thù phụ mẫu,",顯揚酬父母，
Khai thác dụ nhi tôn.,開拓裕兒孫。
"Phương thị chân nam tử,",方是眞男子，
Phong lưu hạt túc ngôn.,風流曷足言。
"Đại khôi chí ứng cử,",大魁志應舉，
Tể tướng chí vi quan.,宰相志為官。
"Miễn tử tân niên ngữ,",勉子新年語，
Ái thân vô đẳng nhàn.,愛親無等閒。
"Nhị Tuyền kết nham phu,",二泉結岩趺，
Mật tảo nhất hoằng dưỡng.,密藻一泓養。
"Đàm sắc phù xuân không,",潭色浮春空，
Sơn tĩnh du ngư hưởng.,山靜游魚響。
"Tĩnh các đàm huyền dạ,",靜閣談玄夜，
Nam lâu bái nguyệt nhật.,南樓拜月日。
"Thanh phong xuy bất đoạn,",清風吹不斷，
Vi diệu độc tâm tri.,微妙獨心知。
"Vô hạn tương tư khổ,",無限相思苦，
Hàm tình đối đoản song.,含情對短窗。
"Khủng qui Xa Đà Lợi,",恐歸沙吒利，
Hà xứ mịch vô song?,何處覓無雙？
"Tác hữu trần sa hữu,",作有塵沙有，
Vi không nhất thiết không.,為空一切空。
"Hữu, không như thuỷ nguyệt,",有空如水月，
Vật trước hữu không không.,勿著有空空。
"Thiềm gian thanh phong điệm,",簷間清風簟，
Tùng hạ minh nguyệt bôi.,松下明月盃。
"U ý chính như thử,",幽意正如此，
Huống nãi cố nhân lai.,況乃故人來。
"Huyễn pháp giai thị huyễn,",幻法皆是幻，
Huyễn tu giai thị huyễn.,幻修皆是幻。
"Nhị huyễn giai bất tức,",二幻皆不即，
Tức thị trừ chư huyễn.,即是除諸幻。
"Hữu khách khán huyên thảo,",有客看萱草，
Chung thân hối viễn du.,終身悔遠遊。
"Hướng nhân không tự lục,",向人空自綠，
Vô phục giải vong ưu.,無復解忘憂。
"Khách tuý miên vị khởi,",客醉眠未起，
Chủ nhân hô giải trình.,主人呼解酲。
"Dĩ ngôn kê thử thục,",已言雞黍熟，
Phục đạo ủng đầu thanh.,復道甕頭清。
"Giáo ngoại khả biệt truyền,",教外可別傳，
Hy Di tổ phật uyên.,希夷祖佛淵。
"Nhược nhân dục biện đích,",若人欲辨的，
Dương diệm mịch cầu yên.,陽焰覓求煙。
"Hỷ trúng thanh tiền tuyển,",喜中青錢選，
Tài cao áp tuấn anh.,才高壓俊英。
"Huỳnh song tân thoát tích,",螢窗新脱跡，
Nhạn tháp tảo đề danh.,雁塔早題名。
"Hoa chủng hữu sinh tính,",華種有生性，
"Nhân địa, hoa sinh sinh.",因地華生生。
"Đại duyên dữ tín hợp,",大緣與信合，
Đương sinh sinh bất sinh.,當生生不生。
"Dưỡng kê túng kê thực,",養雞縱雞食，
Kê phì nãi phanh chi.,雞肥乃烹之。
"Chủ nhân kế cố giai,",主人計固佳，
Bất khả sử kê tri.,不可使雞知。
"Minh chân như tính hải,",明真如性海，
Kim tường phổ chiếu thông.,金詳譜照通。
"Chỉ đạo thành chính quả,",恉道成正果，
Giác ngộ chứng chân không.,覺悟証真空。
"Hoa chủng tuy nhân địa,",華種雖因地，
Tùng địa chủng hoa sinh.,從地種華生。
"Nhược vô nhân hạ chủng,",若無人下種，
Hoa địa tận vô sinh.,華地盡無生。
"Kha cán như kim thạch,",柯幹如金石，
Tâm kiên nại tuế hàn.,心堅耐歲寒。
Bình sinh thuỳ kết hữu?,平生誰結友？
Nghi cộng trúc tùng khan.,宜共竹松看。
"Thiên địa nhất thân tại,",天地一身在，
Đầu lô ngũ thập qua.,頭顱五十過。
"Lưu niên tiêu tráng chí,",流年消壯志，
Không sử lệ thành hà.,空使淚成河。
"Thánh chúa ân cầu sĩ,",聖主恩求士，
Ngô thân hựu vọng nhi.,吾親又望兒。
"Thử thân tư báo bổ,",此身思報補，
Hồi thủ cảm suy di.,回首感推移。
"Khảng khái trượng phu chí,",慷慨丈夫志，
Sinh đương trung hiếu môn.,生當忠孝門。
"Vi quan tu tác tướng,",為官須作相，
Cập đệ tất tranh tiên.,及第必爭先。
"Trung dạ hốt tự khởi,",中夜忽自起，
Cấp thử bách xích tuyền.,汲此百尺泉。
"Lâm mộc hàm bạch lộ,",林木含白露，
Tinh đẩu tại thanh thiên.,星斗在青天。
"An đắc xả trần võng,",安得捨塵網，
Phất y từ thế huyên.,拂衣辭世喧。
"Du nhiên sách lê trượng,",悠然策藜杖，
Quy hướng đào hoa nguyên.,歸向桃花源。
"Môn kính phủ thanh khê,",門徑俯清溪，
Mao thiềm cổ mộc tề.,茅檐古木齊。
"Hồng trần phiêu bất đáo,",紅塵飄不到，
Thì hữu thuỷ cầm đề.,時有水禽啼。
"Nhật lạc chúng sơn hôn,",日落眾山昏，
Tiêu tiêu mộ vũ phồn.,蕭蕭暮雨繁。
"Na kham lưỡng xứ túc,",那堪兩處宿，
Cộng thính nhất thanh viên.,共聽一聲猿。
"Mẫu chỉ tài phương khiết,",母指才方嚙，
Nhi tâm thống bất câm.,兒心痛不禁。
"Phụ tân quy vị vãn,",負薪歸未晚，
Cốt nhục chí tình thâm.,骨肉至情深。
"Khai khiếp lệ triêm ức,",開篋淚沾臆，
Kiến quân tiền nhật thư.,見君前日書。
"Dạ đài hà tịch mịch,",夜臺何寂寞，
Do thị Tử Vân cư.,猶是子雲居。
"Cố nhân bất khả kiến,",故人不可見，
Hán thuỷ nhật đông lưu.,漢水日東流。
"Tá vấn Tương Dương lão,",借問襄陽老，
Giang sơn không Sái Châu.,江山空蔡州。
"Kỷ tẩu hoàng tuyền lý,",紀叟黃泉裏，
Hoàn ưng nhưỡng lão xuân.,還應釀老春。
"Dạ đài vô Lý Bạch,",夜臺無李白，
Cô tửu dữ hà nhân?,沽酒與何人？
"Phù hương nhiễu khúc ngạn,",浮香繞曲岸，
Viên ảnh phúc hoa trì.,圓影覆華池。
"Thường khủng thu phong tảo,",常恐秋風早，
Phiêu linh quân bất tri.,飄零君不知。
"Hoa minh ỷ mạch xuân,",花明綺陌春，
Liễu phất ngự câu tân.,柳拂御溝新。
"Vị báo Liêu Dương khách,",為報遼陽客，
Lưu quang bất đãi nhân.,流光不待人。
"Viễn thú công danh bạc,",遠戍功名薄，
U khuê niên mạo thương.,幽閨年貌傷。
"Trang thành đối xuân thụ,",妝成對春樹，
Bất ngữ lệ thiên hàng.,不語淚千行。
"Hình ảnh nhất triêu biệt,",形影一朝別，
Yên ba thiên lý phân.,煙波千里分。
"Quân khan vọng quân xứ,",君看望君處，
Chỉ thị khởi hành vân.,只是起行雲。
"Đề oanh lục thụ thâm,",啼鶯綠樹深，
Ngữ yến điêu lương vãn.,語燕雕梁晚。
"Bất tỉnh xuất môn hành,",不省出門行，
Sa trường tri cận viễn.,沙場知近遠。
"Động phòng kim dạ minh,",洞房今夜明，
Như luyện phục như sương.,如練復如霜。
"Vị chiếu ly nhân hận,",為照離人恨，
Đình đình đáo hiểu quang.,亭亭到曉光。
"Nhạn tận thư nan ký,",雁盡書難寄，
Sầu đa mộng bất thành.,愁多夢不成。
"Nguyện tuỳ cô nguyệt ảnh,",願隨孤月影，
Lưu chiếu Phục Ba doanh.,流照伏波營。
"Lũng để ta trường biệt,",隴底嗟長別，
Lưu khâm nhất động quân.,流襟一動君。
"Hà ngôn u yết sở,",何言幽咽所，
Cánh tác tử sinh phân.,更作死生分。
"Triêu tăng oanh bách chuyển,",朝憎鶯百囀，
Dạ đố yến song thê.,夜妒燕雙棲。
"Bất quán kinh xuân biệt,",不慣經春別，
Duy tri đáo hiểu đề.,惟知到曉啼。
"Châu bạc lung hàn nguyệt,",珠箔籠寒月，
Sa song bối hiểu đăng.,紗窗背曉燈。
"Dạ lai cân thượng lệ,",夜來巾上淚，
Nhất bán thị xuân băng.,一半是春冰。
"Quan san chinh thú viễn,",關山征戍遠，
Khuê các biệt ly nan.,閨閣別離難。
"Khổ chiến ưng tiều tuỵ,",苦戰應憔悴，
Hàn y bất yêu khoan.,寒衣不要寬。
"Tam nguyệt tuyết liên dạ,",三月雪連夜，
Vị ưng thương vật hoa.,未應傷物華。
"Chỉ duyến xuân dục tận,",只緣春欲盡，
Lưu trước bạn lê hoa.,留著伴梨花。
"Dữ hoan du trì thượng,",與歡遊池上，
Hà sinh mãn lục trì.,荷生滿綠池。
"Chu hoa tự hoan diện,",朱花似歡面，
Tố ngẫu tự hoan ky.,素藕似歡肌。
"Song phong cát y cửu,",雙峰褐衣久，
Nhất khánh bạch my trường.,一磬白眉長。
"Thuỳ thức dã nhân ý,",誰識野人意，
Đồ khan xuân thảo phương.,徒看春草芳。
"Thập niên ma nhất kiếm,",十年磨一劍，
Sương nhận vị tằng thí.,霜刃未曾試。
"Kim nhật bả tự quân,",今日把似君，
Thuỳ vi bất bình sự.,誰為不平事。
"Kiến giải trình kiến giải,",見解呈見解，
Tự niết mục tác quái.,自揘目作怪。
"Niết mục tác quái liễu,",揘目作怪了，
Minh minh thường tự tại.,明明常自在。
"Tạp anh phân dĩ tích,",雜英紛已積，
Hàm phương độc mộ xuân.,含芳獨暮春。
"Hoàn như cố viên thụ,",還如故園樹，
Hốt ức cố viên nhân.,忽憶故園人。
"Thiên lý bất vi viễn,",千里不為遠，
Thập niên quy vị trì.,十年歸未遲。
"Đồng tại càn khôn nội,",同在乾坤內，
Hà tu oán biệt ly.,何須怨別離。
"Liễn lộ giang phong ám,",輦路江楓暗，
Cung đình dã thảo xuân.,宮廷野草春。
"Thương tâm Dữu khai phủ,",傷心庾開府，
Lão tác bắc triều thần.,老作北朝臣。
"Nhật ẩm kim tiết tuyền,",日飲金屑泉，
Thiểu đương thiên dư tuế.,少當千餘歲。
"Thuý phụng tường văn ly,",翠鳳翔文螭，
Vũ tiết triều ngọc đế.,羽節朝玉帝。
"Oanh đình đạm bất lưu,",縈渟澹不流，
Kim bích như khả thập.,金碧如可拾。
"Nghinh thần hàm tố hoa,",迎晨含素華，
Độc vãng sự triêu cấp.,獨往事朝汲。
"Vạn lý trường thành hoại,",萬里長城壞，
Hoang dinh dã thảo thu.,荒營野草秋。
"Mạt Lăng đa sĩ nữ,",秣陵多士女，
Độc xướng “Bạch phù cưu”.,獨唱白符鳩。
"Giang thuỷ tam thiên lý,",江水三千里，
Gia thư thập ngũ hàng.,家書十五行。
"Hàng hàng vô biệt ngữ,",行行無別語，
Chỉ đạo tảo hoàn hương.,只道早還鄉。
"Ngạn dữ ân đồng quảng,",岸與恩同廣，
Ba tương từ cộng thâm.,波將慈共深。
"Quyên quyên lao nhật dạ,",涓涓勞日夜，
Trường tự hạ lưu tâm.,長似下流心。
"Quái đắc bắc phong cấp,",怪得北風急，
Tiền đình như nguyệt huy.,前庭如月輝。
"Thiên nhân ninh hứa xảo,",天人寧許巧，
Tiễn thuỷ tác hoa phi.,剪水作花飛。
"Cựu sơn chư ẩn luân,",舊山諸隱淪，
Thân tại khổ vô thân.,身在苦無身。
"Mạc toả bạch vân lộ,",莫鎖白雲路，
Bạch vân đa ngộ nhân.,白雲多誤人。
"Mân kiệu thất thiên lý,",閩嶠七千里，
Phong yên thập nhị thu.,烽煙十二秋。
"Bất tri minh kính lý,",不知明鏡裡，
Dã hữu tuyết doanh đầu.,也有雪盈頭。
"Tằng hướng Tiền Đường trụ,",曾向錢塘住，
Văn quyên ức Thục hương.,聞鵑憶蜀鄉。
"Bất tri kim dạ mộng,",不知今夜夢，
"Đáo Thục, đáo Tiền Đường?",到蜀到錢塘？
"Hoàng kim vô túc sắc,",黃金無足色，
Bạch bích hữu vi hà.,白璧有微瑕。
"Cầu nhân bất cầu bị,",求人不求備，
Thiếp nguyện lão quân gia.,妾愿老君家。
"Tiền hữu dung ám quân,",前有庸暗君，
Hôn Đức cập Linh Đức.,昏德及靈德。
"Hà bất tảo an bài,",何不早安排，
Đồ sử lao nhân lực.,徒使勞人力。
"Thí thuyết đồ trung cảnh,",試說途中景，
Phương tri biệt hậu tâm.,方知別後心。
"Hành nhân nhật mộ thiểu,",行人日暮少，
Phong tuyết loạn sơn thâm.,風雪亂山深。
"Ngã tế khứ trùng hồ,",我婿去重湖，
Lâm song khấp huyết thư.,臨窗泣血書。
"Ân cần bằng yến dực,",慇懃憑燕翼，
Ký dữ bạc tình phu.,寄與薄情夫。
"Tùng ám thuỷ quyên quyên,",松暗水涓涓，
Dạ lương nhân vị miên.,夜涼人未眠。
"Tây phong nguyệt do tại,",西峰月猶在，
Dao ức thảo đường tiền.,遙憶草堂前。
"Khách tâm thiên lý quyện,",客心千里倦，
Xuân sự nhất triêu quy.,春事一朝歸。
"Hoàn thương bắc viên lý,",還傷北園裏，
Trùng kiến lạc hoa phi.,重見落花飛。
"Mạch mạch quảng xuyên lưu,",脈脈廣川流，
Khu mã lịch trường châu.,驅馬歷長洲。
"Thước phi sơn nguyệt thự,",鵲飛山月曙，
Thuyền táo dã phong thu.,蟬噪野風秋。
"Tảo thu kinh lạc diệp,",早秋驚落葉，
Phiêu linh tự khách tâm.,飄零似客心。
"Phiên phi vị khẳng há,",翻飛未肯下，
Do ngôn tích cố lâm.,猶言惜故林。
"Đại đạo trực như phát,",大道直如髮，
Xuân nhật giai khí đa.,春日佳氣多。
"Ngũ Lăng quý công tử,",五陵貴公子，
Song song minh ngọc kha.,雙雙鳴玉珂。
Bạch ngọc thuỳ gia lang,白玉誰家郎，
Hồi xa độ Thiên Tân,回車渡天津。
Khán hoa đông mạch thượng,看花東陌上，
Kinh động Lạc Dương nhân.,驚動洛陽人。
"Tạc nhật hoa tốc tốc,",昨日花簌簌，
Kim nhật lạc như tảo.,今日落如掃。
"Phản oán thịnh khai thì,",反怨盛開時，
Bất cập vị khai hảo.,不及未開好。
"Kim Cốc viên trung liễu,",金谷園中柳，
Xuân lai tự vũ yêu.,春來似舞腰。
"Na kham hảo phong cảnh,",那堪好風景，
Độc thướng Lạc Dương kiều.,獨上洛陽橋。
"Bất hỉ Tần Hoài thuỷ,",不喜秦淮水，
Sinh tăng giang thượng thuyền.,生憎江上船。
"Tải nhi phu tế khứ,",載兒夫婿去，
Kinh tuế hựu kinh niên.,經歲又經年。
"Mạc tác thương nhân phụ,",莫作商人婦，
Kim thoa đương bốc tiền.,金釵當卜錢。
"Triêu triêu giang khẩu vọng,",朝朝江口望，
Thác nhận kỷ nhân thuyền.,錯認幾人船。
"Na niên ly biệt nhật,",那年離別日，
Chỉ đạo trụ Đồng Lư.,只道住桐廬。
"Đồng Lư nhân bất kiến,",桐廬人不見，
Kim đắc Quảng Châu thư.,今得廣州書。
"Lạc Dương phỏng tài tử,",洛陽訪才子，
Giang Lĩnh tác lưu nhân.,江嶺作流人。
"Văn thuyết mai hoa tảo,",聞說梅花早，
Hà như thử địa xuân?,何如此地春？
"Tương tống lâm cao đài,",相送臨高臺，
Xuyên nguyên diểu hà cực.,川原杳何極。
"Nhật mộ phi điểu hoàn,",日暮飛鳥還，
Hành nhân khứ bất tức.,行人去不息。
"Sinh tại dương gian hữu tán trường,",生在陽間有散場，
Tử quy địa phủ dã hà phương?,死歸地府也何妨。
"Dương gian địa phủ câu tương tự,",陽間地府俱相似，
Chỉ đáng phiêu lưu tại dị hương.,只當漂流在異鄉。
"Tính tích đam u tĩnh,",性癖耽幽靜，
Nhàn hiên cận bệ la.,閑軒近薜蘿。
"Phong ba vãng lai lộ,",風波往來路，
Tình quyển lục âm đa.,晴卷綠陰多。
"Hữu ý liên diệp gian,",有意蓮葉間，
Miết nhiên há cao thụ.,瞥然下高樹。
"Phách ba đắc tiềm ngư,",擘波得潛魚，
Nhất điểm thuý quang khứ.,一點翠光去。
"Phiến hà chiếu tiên tỉnh,",片霞照仙井，
Tuyền để đào hoa hồng.,泉底桃花紅。
"Na tri u thạch hạ,",那知幽石下，
Bất dữ Vũ Lăng thông.,不與武陵通。
"Phương bình hoạ xuân thảo,",芳屏畫春草，
Tiên trữ chức triêu hà.,仙杼織朝霞。
"Hà như sơn thuỷ lộ,",何如山水路，
Đối diện tức phi hoa.,對面即飛花。
"Đà cổ tam thanh tất,",鼍鼔三聲畢，
Tây sơn nhật hựu tà.,西山日又斜。
"Hoàng tuyền vô khách xá,",黄泉無客舍，
Kim dạ túc thuỳ gia.,今夜宿誰家。
"Nhai cổ xâm nhân cấp,",街鼓侵人急，
Tây khuynh nhật dục tà.,西傾日欲斜。
"Hoàng tuyền vô lữ điếm,",黃泉無旅店，
Kim dạ túc thuỳ gia?,今夜宿誰家？
"Hạo khí hoàn thái hư,",浩氣還太虛，
Đan tâm chiếu vạn cổ.,丹心照萬古。
"Sinh tiền vị liễu sự,",生前未了事，
Lưu dữ hậu nhân bổ!,留與後人補！
"Thiên vương tự thánh minh,",天王自圣明，
Chế độ cao thiên cổ.,制度高千古。
"Bình sinh vị báo ân,",平生未报恩，
Lưu tác trung hồn bổ!,留作忠魂补！
"Khinh chu nghinh thượng khách,",輕舟迎上客，
Du du hồ thượng lai.,悠悠湖上來。
"Đương hiên đối tôn tửu,",當軒對樽酒，
Tứ diện phù dung khai.,四面芙蓉開。
"Đương hiên di hoảng dạng,",當軒彌滉漾，
Cô nguyệt chính bùi hồi.,孤月正裴回。
"Cốc khẩu viên thanh phát,",谷口猿聲髮，
Phong truyền nhập hộ lai.,風傳入戶來。
"Tuế khứ hồng nhan tận,",歲去紅顏盡，
Thu lai bạch phát tân.,秋來白髮新。
"Kim triêu khai kính hạp,",今朝開鏡匣，
Nghi thị biệt phùng nhân.,疑是別逢人。
"Sơ tùng nghi nguyệt bạch,",疎松冝月白，
U giáp túc phong thanh.,幽峽足風淸。
"Tiếu ngạo tung du hý,",笑傲縱遊戱，
Cao đê tuỳ xứ bình.,高低隨處平。
"Thiên hạ thương tâm xứ,",天下傷心處，
Lao Lao tống khách đình.,勞勞送客亭。
"Xuân phong tri biệt khổ,",春風知別苦，
Bất khiển liễu điều thanh.,不遣柳條青。
"Minh triêu du thượng uyển,",明朝遊上苑，
Hoả cấp báo xuân tri.,火急報春知。
"Hoa tu liên dạ phát,",花須連夜發，
Mạc đãi hiểu phong xuy.,莫待曉風吹。
"Vạn sự tiêu thân ngoại,",萬事銷身外，
Sinh nhai tại kính trung.,生涯在鏡中。
"Duy tương mãn mấn tuyết,",唯將滿鬢雪，
Minh nhật đối thu phong.,明日對秋風。
"Nhất thuỷ trung phù địa,",一水中浮地，
Trường lưu đảo tải thiên.,長流倒載天。
"Ngư chu xuân tống khách,",漁舟春送客，
Hồi trạo túc hoa biên.,迴棹宿花邊。
"Lai vô xa mã tích,",來無車馬跡，
Khứ dữ lộ âu quần.,去與鷺鷗群。
"Cửu hữu vong cơ hứng,",久有忘機興，
Ngư ông khẳng bán phân.,漁翁肯半分。
"Hồng nhan xứng tuyệt đại,",紅顏稱絕代，
Dục tịnh chân vô lữ.,欲并真無侶。
"Độc hữu kính trung nhân,",獨有鏡中人，
Do lai tự tương hứa.,由來自相許。
"Phân hàng tiếp ỷ thụ,",分行接綺樹，
Đảo ảnh nhập thanh y.,倒影入清漪，
"Bất học ngự câu thượng,",不學御溝上，
Xuân phong thương biệt ly.,春風傷別離。
"Ánh trì đồng nhất sắc,",映池同一色，
Trục xuy tán như ti.,逐吹散如絲。
"Kết âm ký đắc địa,",結陰既得地，
Hà tạ Đào gia thì.,何謝陶家時。
"Vô phong tài đáo địa,",無風才到地，
Hữu phong hoàn mãn không.,有風還滿空。
"Duyên cừ thiên tự tuyết,",緣渠偏似雪，
Mạc cận mấn mao sinh.,莫近鬢毛生。
"Liễu sắc xâm y lục,",柳色侵衣綠，
Đào hoa ánh tửu hồng.,桃花映酒紅。
"Trường An du dã tử,",長安遊冶子，
Nhật nhật tuý xuân phong.,日日醉春風。
"Diệu vũ Hán cung nhân,",妙舞漢宮人，
Hương hồn hoá kỷ xuân.,香魂化幾春。
"Kiều phi bàng dương liễu,",嬌飛傍楊柳，
Do tự học yêu thân.,猶似學腰身。
"Vấn xuân tòng thử khứ,",問春從此去，
Kỷ nhật đáo Tần Nguyên?,幾日到秦原？
"Bằng ký hoàn hương mộng,",憑寄還鄉夢，
Ân cần nhập cố viên.,殷勤入故園。
"Đông khứ canh trù tận,",冬去更籌盡，
Xuân tuỳ Đẩu bính hồi.,春隨斗柄回。
"Hàn huyên nhất dạ cách,",寒暄一夜隔，
Dung mấn lưỡng niên thôi.,容鬢兩年催。
"Thập niên tằng nhất biệt,",十年曾一別，
Chinh lộ thử tương phùng.,征路此相逢。
"Mã thủ hướng hà xứ,",馬首向何處，
Tịch dương thiên vạn phong.,夕陽千萬峰。
"Lại thanh huyên cực phố,",瀨聲喧極浦，
Duyên thiệp hướng nam tân.,沿涉向南津。
"Phiếm phiếm âu phù độ,",泛泛鷗鳧渡，
Thì thì dục cận nhân.,時時欲近人。
"Không sơn bất kiến nhân,",空山不見人，
Đãn văn nhân ngữ hưởng.,但聞人語響。
"Phản cảnh nhập thâm lâm,",返景入深林，
Phục chiếu thanh đài thượng.,復照青苔上。
"Nhật tịch kiến hàn sơn,",日夕見寒山，
Tiện vi độc vãng khách.,便為獨往客。
"Bất tri thâm lâm sự,",不知深林事，
Đãn hữu quân gia tích.,但有麏麚蹟。
"Tế vũ quá giang đầu,",細雨過江頭，
Cô bồng dạ vị hưu.,孤篷夜未休。
"Quy tâm dữ yên lãng,",歸心與烟浪，
Tương trục há Dương Châu.,相逐下揚州。
"Bách quả hữu long nhãn,",百果有龍眼，
Như nhân kiến Tử Đô.,如人見子都。
"Bất ưng duyên hậu thục,",不應緣後熟，
Hoán tác lệ chi nô.,喚作荔枝奴。
"Tạc nhật đông lâu tuý,",昨日東樓醉，
Hoàn ưng đảo tiếp ly.,還應倒接蘺。
"A thuỳ phù thượng mã,",阿誰扶上馬，
Bất tỉnh hạ lâu thì.,不省下樓時。
"Lục thuỷ minh thu nguyệt,",淥水明秋月，
Nam hồ thái bạch tần.,南湖採白蘋。
"Hà hoa kiều dục ngữ,",荷花嬌欲語，
Sầu sát đãng chu nhân.,愁殺蕩舟人。
"Triêu vi canh chủng nhân,",朝為耕種人，
Mộ vi đao thương quỷ.,暮為刀槍鬼。
"Tương khán phụ tử huyết,",相看父子血，
Cộng nhiễm thành hào thuỷ.,共染城壕水。
"Ngọc tiết tuỳ đông các,",玉節隨東閣，
Kim khuê biệt cựu liêu.,金閨別舊僚。
"Nhược vi hoa mãn tự,",若為花滿寺，
Dược mã thướng hà kiều.,躍馬上河橋。
"Trú mã dục phân khâm,",駐馬欲分襟，
Thanh hàn ngự câu thượng.,清寒御溝上。
"Tiền sơn cảnh khí giai,",前山景氣佳，
Độc vãng hoàn trù trướng.,獨往還惆悵。
"Trú mã dục phân khâm,",駐馬欲分襟，
Thanh hàn ngự câu thượng.,清寒禦溝上。
"Tiền sơn cảnh khí giai,",前山景氣佳，
Độc vãng hoàn trù trướng.,獨往還惆悵。
"Quy sơn thâm thiển khứ,",歸山深淺去，
Tu tận khâu hác mỹ.,須盡丘壑美。
"Mạc học Vũ Lăng nhân,",莫學武陵人，
Tạm du Đào Nguyên lý.,暫遊桃源裏。
"Nhất khứ nhất vạn lý,",一去一萬里，
Thiên tri thiên bất hoàn.,千知千不還。
"Nhai Châu hà xứ tại,",崖州何處在，
Sinh độ Quỷ Môn quan.,生度鬼門關。
"Tự ngọc lai đầu ngục,",似玉來投獄，
Phao gia khứ tựu gia.,拋家去就枷。
"Khả liên lưỡng phiến mộc,",可忴兩片木，
Giáp khước nhất chi hoa.,夾卻一枝花。
"Ly hạ trùng dương cúc,",籬下重陽菊，
Chi đầu thục khí oanh.,枝頭淑氣鶯。
"Trú tắc kim ô chiếu,",晝則金烏照，
Dạ lai ngọc thố minh.,夜來玉兔明。
"Viên trung mạc chủng thụ,",園中莫種樹，
Chủng thụ tứ thì sầu.,種樹四時愁。
"Độc thuỵ nam sàng nguyệt,",獨睡南床月，
Kim thu tự khứ thu.,今秋似去秋。
"Mạc đạo nho quan ngộ,",莫道儒冠誤，
Thi thư bất phụ nhân.,詩書不負人。
"Đạt nhi tướng thiên hạ,",達而相天下，
Cùng diệc thiện kỳ thân.,窮亦善其身。
"Nùng cư Thạch Thành hạ,",儂居石城下，
Lang đáo Thạch Thành du.,郎到石城遊。
"Tự lang Thạch Thành xuất,",自郎石城出，
Trường tại Thạch Thành đầu.,長在石城頭。
"Xuân phong xuy Thạch Thành,",春風吹石城，
Nhật nhật hoán hoa khai.,日日喚花開。
"Khả liên hoa thượng nguyệt,",可憐花上月，
Bất hoán Mạc Sầu lai.,不喚莫愁來。
Mạc Sầu tại hà xứ?,莫愁在何處，
Mạc Sầu Thạch Thành tây.,莫愁石城西。
"Đĩnh tử đả lưỡng tưởng,",艇子打兩槳，
Thôi tống Mạc Sầu lai.,催送莫愁來。
"Văn hoan hạ Dương Châu,",聞歡下揚州，
Tương tống Sở sơn đầu.,相送楚山頭。
"Thám thủ bão yêu khán,",探手抱腰看，
Giang thuỷ đoạn bất lưu.,江水斷不流。
"Đông phong xuy noãn chí,",東風吹暖至，
Bách thảo mị xuân dương.,百草媚春陽。
"Hà sự cưu hoán vũ,",何事鳩喚雨，
Hoa thần dục tẩy trang.,花神欲洗粧。
Húc khí vị tằng chí,旭氣未曾至，
Hoa chi tảo dĩ khai,花枝早已開。
Dã tri thử hương sắc,也知此香色，
Bản tự tuế hàn lai,本自歲寒來。
"Tường giác sổ chi mai,",牆角數枝梅，
Lăng hàn độc tự khai.,凌寒獨自開。
"Dao tri bất thị tuyết,",遙知不是雪，
Vị hữu ám hương lai.,為有暗香來。
"Tái bắc vị quân thú,",塞北為君戍，
Giang Nam thị thiếp gia.,江南是妾家。
"Dao tri quan ngoại tuyết,",遙知關外雪，
Chính tự lĩnh đầu hoa.,正似嶺頭花。
"Tân gia Mạnh Thành khẩu,",新家孟城口，
Cổ mộc dư suy liễu.,古木餘衰柳。
"Lai giả phục vi thuỳ,",來者復為誰，
Không bi tích nhân hữu.,空悲昔人有。
"Kết lư cổ thành hạ,",結廬古城下，
Thì đăng cổ thành thượng.,時登古城上。
"Cổ thành phi trù tích,",古城非疇昔，
Kim nhân tự lai vãng.,今人自來往。
"Giang Nam mạnh xuân thiên,",江南孟春天，
Hạnh diệp đại như tiền.,荇葉大如錢。
"Bạch tuyết trang mai thụ,",白雪裝梅樹，
Thanh bào tự phong điền.,青袍似葑田。
"Thử mã phi phàm mã,",此馬非凡馬，
Phòng tinh bản thị tinh.,房星本是星。
"Hướng tiền xao sấu cốt,",向前敲瘦骨，
Do tự đới đồng thanh.,猶自帶銅聲。
"Đại mạc sa như tuyết,",大漠沙如雪，
Yên sơn nguyệt tự câu.,燕山月似鉤。
"Hà đương kim lạc não,",何當金絡腦，
Khoái tẩu đạp thanh thu?,快走踏清秋？
"Cơ ngoạ cốt tra nha,",飢臥骨查牙，
Thô mao thích phá hoa.,粗毛刺破花。
"Liệp tiêu chu sắc lạc,",鬣焦朱色落，
Phát đoạn cứ trường ma.,髮斷鋸長麻。
"Tây Mẫu tửu tương lan,",西母酒將闌，
Đông vương phạn dĩ can.,東王飯已乾。
"Quân vương nhược yến khứ,",君王若燕去，
Thuỳ vị duệ xa viên.,誰為拽車轅。
"Thôi bảng độ Ô Giang,",催榜渡烏江，
Thần chuy khấp hướng phong.,神騅泣嚮風。
"Quân vương kim giải kiếm,",君王今解劍，
Hà xứ trục anh hùng.,何處逐英雄。
"Bất tòng Hoàn Công liệp,",不從桓公獵，
Hà năng phục hổ uy.,何能伏虎威。
"Nhất triêu câu lũng xuất,",一朝溝隴出，
Khán thủ phất vân phi.,看取拂雲飛。
"Bá Nhạc hướng tiền khan,",伯樂向前看，
Toàn mao tại phúc gian.,旋毛在腹間。
"Chỉ kim bẫu bạch thảo,",只今掊白草，
Hà nhật mạch thanh san?,何日驀青山？
"Hãn huyết đáo vương gia,",汗血到王家，
Tuỳ loan hám ngọc kha.,隨鸞撼玉珂。
"Thiếu Quân kỵ hải thượng,",少君騎海上，
Nhân kiến thị thanh la.,人見是青騾。
"Vũ Đế ái thần tiên,",武帝愛神仙，
Thiêu kim đắc tử yên.,燒金得紫煙。
"Cứu trung giai nhục mã,",廄中皆肉馬，
Bất giải thướng thanh thiên.,不解上青天。
"Minh mục tứ thiên cổ,",瞑目思千古，
Phiêu nhiên nhất hồng trần.,飄然一烘塵。
"Sơn xuyên uyển như cựu,",山川宛如舊，
Đa thiểu vị lai nhân.,多少未來人。
"Đãi nguyệt tây sương hạ,",待月西廂下，
Nghinh phong hộ bán khai.,迎風戶半開。
"Phất tường hoa ảnh động,",拂牆花影動，
Nghi thị ngọc nhân lai.,疑是玉人來。
"Minh tranh kim túc trụ,",鳴箏金粟柱，
Tố thủ ngọc phòng tiền.,素手玉房前。
"Dục đắc Chu Lang cố,",欲得周郎顧，
Thời thời ngộ phất huyền.,時時誤拂弦。
"Thương thương lạc nhật thì,",蒼蒼落日時，
Điểu thanh loạn khê thuỷ.,鳥聲亂溪水。
"Duyên khê lộ chuyển thâm,",緣溪路轉深，
U hứng hà thì dĩ.,幽興何時已。
"Kiến diệp sơ nghi thị,",見葉初疑柿，
Khán hoa hựu thị liên.,看花又是蓮。
"Khả liên vô định tướng,",可憐無定相，
Bất lạc lưỡng đầu biên.,不落兩頭邊。
"Địa hạ đa ngô hữu,",地下多吾友，
Giai vi thương quỷ hùng.,皆為殤鬼雄。
"Dạ lai mộng Tuyết Đậu,",夜來夢雪竇，
Trường tiêu chiến trường trung.,長嘯戰場中。
"Tuý trung hoàn hữu mộng,",醉中還有夢，
Thân ngoại dĩ vô tâm.,身外已無心。
"Minh kính duy tri lão,",明鏡唯知老，
Thanh sơn hà xứ thâm.,青山何處深。
"Đoản trạo các tình sa,",短棹擱晴沙，
Tiền thôn nhật dĩ tà.,前村日已斜。
"Tự vô hoàn tự hữu,",似無還似有，
Yên tế lưỡng tam gia.,煙際兩三家。
"Cửu nhàn lưỡng cước nhuyễn như miên,",久閑兩腳軟如綿，
Kim thí hành hành lũ dục điên;,今試行行屢欲顛。
Phiến khắc dĩ văn Ban trưởng hám:,片刻已聞班長喊，
"""Phản lai, bất chuẩn tái trì diên"".",返來不准再遲延。
"Mục đồng kiến khách bái,",牧童見客拜，
Sơn quả hoài trung lạc.,山果懷中落。
"Trú nhật khu ngưu quy,",晝日驅牛歸，
Tiền khê phong vũ ác.,前溪風雨惡。
"Ngọc quản triêu triêu lộng,",玉管朝朝弄，
Thanh ca nhật nhật tân.,清歌日日新。
"Chiết hoa đương dịch lộ,",折花當驛路，
Ký dữ Lũng Đầu nhân.,寄與隴頭人。
"Bình phố thừa triều thượng,",平浦乘潮上，
Nông dân sấn hiểu canh.,農民趁曉耕。
"Hát ngưu phi bạch điểu,",喝牛飛白鳥，
Phong ngoại lưỡng tam thanh.,風外兩三聲。
"Đạm đạm Trường Giang thuỷ,",澹澹長江水，
Du du viễn khách tình.,悠悠遠客情。
"Lạc hoa tương dữ hận,",落花相與恨，
Đáo địa nhất vô thanh.,到地一無聲。
"Nam Hoang cổ Viêm kiếu,",南荒古炎徼，
Thập nguyệt vô sương phi.,十月無霜飛。
"Đình toa bi viễn đạo,",停梭悲遠道，
Bất dụng ký hàn y.,不用寄寒衣。
"Đại gia khứ yết linh,",大家去謁靈，
Cường đạo trang chính kinh.,強盜裝正經。
"Tĩnh mặc thập phân chung,",靜默十分鐘，
Các tự tưởng quyền kinh.,各自想拳經。
"Khứ quốc Tam Ba viễn,",去國三巴遠，
Đăng lâu vạn lý xuân.,登樓萬里春。
"Thương tâm giang thượng khách,",傷心江上客，
Bất thị cố hương nhân.,不是故鄉人。
"Nam Phố thê thê biệt,",南浦淒淒別，
Tây phong niệu niệu thu.,西風嫋嫋秋。
"Nhất khán trường nhất đoạn,",一看腸一斷，
Hảo khứ mạc hồi đầu.,好去莫回頭。
"Vạn lý nhân nam khứ,",萬里人南去，
Tam xuân nhạn bắc phi.,三春雁北飛。
"Bất tri hà tuế nguyệt,",不知何歲月，
Đắc dữ nhĩ đồng quy.,得與爾同歸。
"Khinh chu nam xá khứ,",輕舟南垞去，
Bắc xá miểu nan tức.,北垞淼難即。
"Cách phố vọng nhân gia,",隔浦望人家，
Dao dao bất tương thức.,遙遙不相識。
"Cô chu tín nhất bạc,",孤舟信一泊，
Nam xá hồ thuỷ ngạn.,南垞湖水岸。
"Lạc nhật há yêm tư,",落日下崦嵫，
Thanh ba thù miểu mạn.,清波殊淼漫。
"Nga nga, lưỡng nga nga,",鵝鵝兩鵝鵝，
Ngưỡng diện hướng thiên nha.,仰面向天涯。
"Bạch mao phô lục thuỷ,",白毛鋪綠水，
Hồng trạo bãi thanh ba.,紅棹擺青波。
"Khả liên ngạn biên thụ,",可怜岸邊樹，
Hồng nhị phát thanh điều.,紅蕊發青條。
"Đông phong xuy độ thuỷ,",東風吹渡水，
Xung trước mộc lan kiêu.,沖著木蘭橈。
"Kim triêu phong nhật hảo,",今朝風日好，
Đường tiền huyên thảo hoa.,堂前萱草花。
"Trì bôi vi mẫu thọ,",持杯為母壽，
Sở hỉ vô huyên hoa.,所喜無喧嘩。
"Cô chu mộ quy khứ,",孤舟暮歸去，
Biệt lộ Giang Nam thụ.,別路江南樹。
"Yên ngoại hữu chung thanh,",煙外有鐘聲，
Cố nhân tại hà xứ.,故人在何處。
"Suy mấn thiên hành tuyết,",衰鬢千莖雪，
Tha hương nhất thụ hoa.,他鄉一樹花。
Kim triêu dữ quân tuý.,今朝與君醉，
Vong khước tại Trường Sa.,忘卻在長沙。
"Kỵ mãn quang tiên khuyết,",忌滿光先缺，
Thừa hôn ảnh tạm lưu.,乘昏影暫流。
"Ký năng minh tự kính,",既能明似鏡，
Hà dụng khúc như câu?,何用曲如鉤？
"Mạc thán tha hương tử,",莫嘆他鄉死，
Quân vương dã bất quy.,君王也不歸。
"Niên niên dã đường thụ,",年年野棠樹，
Hoa tại lộ bàng phi.,花在路傍飛。
"Lệ tận san hô chẩm,",淚盡珊瑚枕，
Hồn tiêu đại mội sàng.,魂銷玳瑁床。
"La y bất nhẫn trước,",羅衣不忍著，
Tu kiến tú uyên ương.,羞見繡鴛鴦。
"Quân khứ kỳ hoa thì,",君去期花時，
Hoa thì quân bất chí.,花時君不至。
"Thiềm tiền song yến phi,",簷前雙燕飛，
Lạc thiếp tương tư lệ.,落妾相思淚。
"Không khuê diệt chúc hậu,",空閨滅燭後，
La hoảng độc miên thì.,羅幌獨眠時。
"Lệ tận trường dục đoạn,",淚盡腸欲斷，
Tâm tri nhân bất tri.,心知人不知。
"Độc tự phi y tọa,",獨自披衣坐，
Canh thâm nguyệt lộ hàn.,更深月露寒。
"Cách liêm trường dục đoạn,",隔簾腸欲斷，
Tranh cảm hạ giai khan.,爭敢下階看。
"Tạc dạ quần đới giải,",昨夜裙帶解，
Kim triêu hỉ tử phi.,今朝蟢子飛。
"Diên hoa bất khả khí,",鉛華不可棄，
Mạc thị cảo châm quy.,莫是稿砧歸。
"Vạn lý hành nhân chí,",萬里行人至，
Thâm khuê dạ vị miên.,深閨夜未眠。
"Song mi đăng hạ tảo,",雙眉燈下掃，
Bất đãi kính đài tiền.,不待鏡臺前。
"Ngọc điện truyền kim bảng,",玉殿傳金榜，
Quân ân tứ trạng đầu.,君恩賜狀頭。
"Anh hùng tam bách bối,",英雄三百輩，
Tuỳ ngã bộ Doanh Châu.,隨我步瀛洲。
Ngọc giai sinh bạch lộ,玉階生白露，
Dạ cửu xâm la miệt,夜久侵羅襪。
Dục hạ thuỷ tinh liêm,欲下水晶簾，
Linh lung vọng thu nguyệt,玲瓏望秋月。
"Lạc Dương nhất biệt lê hoa tân,",洛陽一別梨花新，
Hoàng điểu phi phi phùng cố nhân.,黃鳥飛飛逢故人。
"Huề thủ đương niên cộng vi lạc,",攜手當年共為樂，
Vô kinh huệ thảo tích tàn xuân.,無驚蕙草惜殘春。
"Ngô phụ quốc thị Lan,",吳輔國是蘭，
Lê đô quan thị Kích.,黎都官是擊。
"Án nhất tụng Mạc Tích,",按一訟莫績，
Đãn cục tích nhi dĩ.,但跼蹐而已。
"Ngô tâm tự thu nguyệt,",吾心似秋月，
Bích đàm thanh hiệu khiết.,碧潭清皎潔。
"Vô vật kham tỷ luân,",無物堪比倫，
Giáo ngã như hà thuyết.,教我如何說。
"Đại tạo bản vô phương,",大造本無方，
Vân hà thị ưng trú?,云何是應住？
"Ký tòng không trung lai,",既從空中來，
Ưng hướng không trung khứ.,應向空中去。
"Vũ quá khê sơn tịnh,",雨過溪山淨，
Phong lâm nhất mộng lương.,楓林一夢涼。
"Phản quang trần thế giới,",反光塵世介，
Khai nhãn tuý mang mang.,開眼醉茫茫。
"Dục trục Hoài hồ thượng,",欲逐淮湖上，
Tạm đình Ngư Tử câu.,暫停魚子溝。
"Tương vọng tri bất kiến,",相望知不見，
Chung thị lũ hồi đầu.,終是屢回頭。
"Triêu nhật chiếu hồng trang,",朝日照紅妝，
Nghĩ thượng Đồng Tước đài.,擬上銅雀台。
"Hoạ my do vị liễu,",畫眉猶未了，
Nguỵ đế sử nhân thôi.,魏帝使人催。
"Mộc trung nguyên hữu hoả,",木中元有火，
Nguyên hoả phục hoàn sinh.,元火復還生。
"Nhược vị mộc vô hoả,",若謂木無火，
Toàn toại hà do manh?,鑽燧何由萌。
"Lữ quán khách nhưng tại,",旅館客仍在，
Khứ niên xuân phục lai.,去年春復來。
Quy kỳ hà nhật thị?,歸期何日是？
Lão tận cố viên mai.,老盡故園梅。
"Hảo cảnh phùng nguyên nhật,",好景逢元日，
Vô gia mẫn thử thân.,無家憫此身。
"Khách sầu hồn giảm khứ,",客愁渾減去，
Lão nhãn khán thanh xuân.,老眼看青春。
"Phách y câu dạng tiểu,",魄依鉤樣小，
Phiến trục Hán Cơ đoàn.,扇逐漢機團。
"Tế ảnh tương viên chất,",細影將圓質，
Nhân gian kỷ xứ khan.,人間幾處看。
"Dạ phong xuy tuý vũ,",夜風吹醉舞，
Đình hộ đối hàm ca.,庭戶對酣歌。
"Sầu trục tiền niên thiếu,",愁逐前年少，
Hoan nghinh kim tuế đa.,歡迎今歲多。
"Đào chi kham tích ác,",桃枝堪辟悪，
Bộc trúc hảo kinh miên.,爆竹好驚眠。
"Ca vũ lưu kim tịch,",歌舞留今夕，
Do ngôn tích cựu niên.,猶言惜舊年。
"Nhàn đình bách hoa phát,",閒庭百花發，
Dư hương nhập thử đường.,餘香入此堂。
"Tương đối cộng vô ngữ,",相對共無語，
"Xuân dạ, dạ tương ương.",春夜夜將央。
"Tòng tiền tống phạn thiên thiên tảo,",從前送飯天天早，
Hiện tại khai xan trì hựu trì;,現在開餐遲又遲。
"Huống phục thời gian bất nhất định,",況復時間不一定，
"Thập, thập nhất, hoặc thập nhị thì.",十十一或十二時。
"Nhàn du Hoa đỉnh thượng,",閑遊華頂上，
Thiên lãng trú quang huy.,天朗晝光輝。
"Tứ cố tình không lý,",四顧晴空裏，
Bạch vân đồng hạc phi.,白雲同鶴飛。
"Nhập xuân tài thất nhật,",入春才七日，
Ly gia dĩ nhị niên.,離家已二年。
"Nhân quy lạc nhạn hậu,",人歸落鴈後，
Tư phát tại hoa tiền.,思發在花前。
"Thuỷ quốc thu quang mộ,",水國秋光暮，
Kinh hàn nhạn trận cao.,驚寒雁陣高。
"Ưu tâm triển chuyển dạ,",憂心輾轉夜，
Tàn nguyệt chiếu cung đao.,殘月照弓刀。
"Nhân tại diễm dương trung,",人在豔陽中，
Đào hoa ánh diện hồng.,桃花映面紅。
"Niên niên nhị tam nguyệt,",年年二三月，
Để sự tiếu xuân phong?,底事笑春風？
"Bách niên dĩ quá bán,",百年已過半，
Thu chí chuyển cơ hàn.,秋至轉飢寒。
"Vị vấn bành châu mục,",為問彭州牧，
Hà thì cứu cấp nan.,何時救急難。
"Nhàn tự phỏng cao tăng,",閒自訪高僧，
Yên sơn vạn vạn tằng.,煙山萬萬層。
"Sư thân chỉ quy lộ,",師親指歸路，
Nguyệt quải nhất luân đăng.,月掛一輪燈。
"Mạch mạch quảng xuyên lưu,",脈脈廣川流，
Khu mã biên trường châu.,驅馬邊長洲。
"Thước phi sơn nguyệt thự,",鵲飛山月曙，
Thiền táo dã phong thu.,蟬噪野風秋。
"Sơ sấu cùng thu thuỷ,",疏瘦窮秋水，
Sàm nham lạc chiếu trung.,巉礹落照中。
"Ngang đầu khan bất tận,",昂頭看不盡，
Lai lộ hựu trùng trùng.,來路又重重。
"Nhật nguyệt quang thiên đức,",日月光天德，
Sơn xuyên tráng đế cư.,山川壯帝居。
"Thái bình vô dĩ báo,",太平無以報，
Nguyện thướng đông phong thư.,願上東封書。
"Nhất cử đăng khoa nhật,",一舉登科日，
Song thân vị lão thì.,雙親未老時。
"Cẩm y quy cố lý,",錦衣歸故里，
Đoan đích thị nam nhi.,端的是男兒。
"Sa thượng kiến nhật xuất,",沙上見日出，
Sa thượng kiến nhật một.,沙上見日沒。
"Hối hướng vạn lý lai,",悔向萬里來，
Công danh thị hà vật?,功名是何物。
"Nhật nguyệt quang thiên đức,",日月光天德，
Sơn hà tráng đế cư.,山河壯帝居。
"Thái bình vô dĩ báo,",太平無以報，
Nguyện thướng vạn niên thư.,願上萬年書。
"Tán ảnh ngọc giai liễu,",散影玉階柳，
Hàm thuý ẩn minh thiền.,含翠隱鳴蟬。
"Vi hình tàng diệp lý,",微形藏葉裏，
Loạn hưởng xuất phong tiền.,亂響出風前。
"Niên kỷ tuy nhiên tiểu,",年紀雖然小，
Văn chương nhật tiệm đa.,文章日漸多。
"Đãi khan thập ngũ lục,",待看十五六，
Nhất cử tiện đăng khoa.,一舉便登科。
"Niên thiếu sơ đăng đệ,",年少初登第，
Hoàng đô đắc ý hồi.,皇都得意回。
"Vũ Môn tam cấp lãng,",禹門三汲浪，
Bình địa nhất thanh lôi.,平地一聲雷。
"Dữ quân nhất tịch thoại,",與君一夕話，
Tỷ ngã thập niên giao.,比我十年交。
"Mai chử mang vi biệt,",梅渚忙爲別，
Diên sơn vọng lý dao.,鳶山望裡遙。
"Thí thiếp dữ quân lệ,",試妾與君淚，
Lưỡng xứ trích trì thuỷ.,兩處滴池水。
"Khán thủ phù dung hoa,",看取芙蓉花，
Kim niên vị thuỳ tử.,今年為誰死。
"Mỹ nhân quyển châu liêm,",美人捲珠簾，
Thâm toạ tần nga my.,深坐顰蛾眉。
"Đãn kiến lệ ngân thấp,",但見淚痕濕，
Bất tri tâm hận thuỳ.,不知心恨誰。
"Thiếp hữu la y thường,",妾有羅衣裳，
Tần vương tại thì tác.,秦王在時作。
"Vi vũ xuân phong đa,",為舞春風多，
Thu lai bất kham trước.,秋來不堪著。
"Lâu đầu đào lý sơ,",樓頭桃李疏，
Trì thượng phù dung lạc.,池上芙蓉落。
"Chức cẩm do vị thành,",織錦猶未成，
Cung thanh nhập la mạc.,蛩聲入羅幕。
"Sơn quán yêm hành khách,",山館淹行客，
Biên nam ngạnh sứ trình.,邊南梗使程。
"Khứ gia tài nhị nguyệt,",去家纔二月，
Tiện hữu cố hương tình.,便有故鄉情。
"Phẩm hoạ tiên thần vận,",品畫先神韻，
Luận thi trọng tính tình.,論詩重性情。
"Giao long sinh khí tận,",蛟龍生氣儘，
Bất nhược thử hoành hành.,不若鼠橫行。
"Bắc phong xuy bạch vân,",北風吹白雲，
Vạn lý độ hà Phần.,萬里渡河汾。
"Tâm tự phùng dao lạc,",心緒逢搖落，
Thu thanh bất khả văn.,秋聲不可聞。
"Hiệt lỗ do vi mệnh,",黠虜猶違命，
Phong yên trực bắc sầu.,烽烟直北愁。
"Khước giao nghiêm khiển thiếp,",卻教嚴譴妾，
Bất cảm hướng Tùng Châu.,不敢向松州。
"Văn đạo biên thành khổ,",聞道邊城苦，
Nhi kim đáo thuỷ tri.,而今到始知。
"Khước tương Môn hạ khúc,",卻將門下曲，
Xướng dữ Lũng Đầu nhi.,唱與隴頭兒。
"Giang Hán thâm vô cực,",江漢深無極，
Lương Mân bất khả phan.,梁岷不可攀。
"Sơn xuyên vân vụ lý,",山川雲霧裏，
Du tử kỷ thời hoàn?,遊子幾時還。
"Nhất trạo nguy ư diệp,",一棹危於葉，
Bàng quan diệc tổn thần.,傍觀亦損神。
"Tha thì tại bình địa,",他時在平地，
Vô hốt hiểm trung nhân.,無忽險中人。
"Giải lạc tam thu diệp,",解落三秋葉，
Năng khai nhị nguyệt hoa.,能開二月花。
"Quá giang thiên xích lãng,",過江千尺浪，
Nhập trúc vạn can tà.,入竹萬竿斜。
"Ngã tự giang nam lai,",我自江南來，
Quân tòng giang bắc khứ.,君從江北去。
"Khứ lai bất tương phùng,",去來不相逢，
Hảo sự đa như thử.,好事多如此。
"Văn đạo Ly sơn hạ,",聞道驪山下，
Tây Nhung dĩ kết binh.,西戎已結兵。
"Mỹ nhân phương nhất tiếu,",美人方一笑，
Phong hoả bất tu kinh!,烽火不須驚！
"Phong vũ tam canh dạ,",風雨三更夜，
Cung tương tứ bích thu.,蛩螿四壁秋。
"Thê lương ngâm huống vị,",淒涼吟况味，
Độc yểm tiểu song u.,獨掩小窗幽。
"Nhân yên sinh xứ tích,",人煙生處僻，
Hổ tích quy tân đề.,虎跡歸新蹄。
"Dã cốt phiên khuy thảo,",野鶻翻窺草，
Thôn thuyền nghịch thượng khê.,村船逆上溪。
"Điếu đĩnh thu mân tận,",釣艇收緡盡，
Hôn nha tiếp sí hy.,昏鴉接翅稀。
"Nguyệt sinh sơ học phiến,",月生初學扇，
Vân tế bất thành y.,雲細不成衣。
"Vạn quốc thượng nhung mã,",萬國尚戎馬，
Cố viên kim nhược hà.,故園今若何。
"Tích quy tương thức thiểu,",昔歸相識少，
Tảo dĩ chiến trường đa.,早已戰場多。
"Thân giác tỉnh lang tại,",身覺省郎在，
Gia tu nông sự quy.,家須農事歸。
"Niên thâm hoang thảo kính,",年深荒草徑，
Lão khủng thất sài phi.,老恐失柴扉。
"Kim ty lũ tiễn thốc,",金絲鏤箭簇，
Tạo vĩ xiết kỳ can.,皂尾掣旗竿。
"Nhất tự phong trần khởi,",一自風塵起，
Do ta hành lộ nan.,猶嗟行路難。
"Hồ lỗ hà tằng thịnh,",胡虜何曾盛，
Can qua bất khẳng hưu.,干戈不肯休。
"Lư diêm thính tiểu tử,",閭閻聽小子，
Đàm tiếu mịch phong hầu.,談笑覓封侯。
"Trinh Quán đồng nha nỗ,",貞觀銅牙弩，
Khai Nguyên cẩm thú trương.,開元錦獸張。
"Hoa Môn tiểu tiễn hảo,",花門小箭好，
Thử vật khí sa trường.,此物棄沙場。
"Kim nhật tường lân mã,",今日翔麟馬，
Tiên nghi giá cổ xa.,先宜駕鼓車。
"Vô lao vấn hà bắc,",無勞問河北，
Chư tướng giác vinh hoa.,諸將角榮華。
"Nhậm chuyển Giang Hoài túc,",任轉江淮粟，
Hưu thiêm uyển hữu binh.,休添苑囿兵。
"Do lai tỳ hổ sĩ,",由來貔虎士，
Bất mãn phụng hoàng thành.,不滿鳳凰城。
"Giang thượng diệc thu sắc,",江上亦秋色，
Hoả vân chung bất di.,火雲終不移。
"Vu sơn do cẩm thụ,",巫山猶錦樹，
Nam quốc thả hoàng ly.,南國且黃鸝。
"Mỗi hận Đào Bành Trạch,",每恨陶彭澤，
Vô tiền đối cúc hoa.,無錢對菊花。
"Như kim cửu nhật chí,",如今九日至，
Tự giác tửu tu xa.,自覺酒須賒。
"Bệnh giảm thi nhưng chuyết,",病減詩仍拙，
Ngâm đa ý hữu dư.,吟多意有余。
"Mạc khan Giang Tổng lão,",莫看江總老，
Do bị thưởng thì ngư.,猶被賞時魚。
"Trác lĩnh như nhân lập,",卓嶺如人立，
Đương sơn vô dữ quần.,當山無與群。
"Trung lưu hoặc yển kiển,",中流或偃蹇，
Khuynh nhĩ tẩy phù vân.,傾耳洗浮雲。
"Yên Triệu bi ca sĩ,",燕趙悲歌士，
Tương phùng Kịch Mạnh gia.,相逢劇孟家。
"Thốn tâm ngôn bất tận,",寸心言不盡，
Tiền lộ nhật tương tà.,前路日將斜。
"Lân lân cố thành luỹ,",嶙嶙故城壘，
Hoang lương không thú lâu.,荒涼空戍樓。
"Tại đức bất tại hiểm,",在德不在險，
Phương tri vương đạo hưu.,方知王道休。
"Sương trọng lân giao kình,",霜重麟膠勁，
Phong cao nguyệt ảnh viên.,風高月影圓。
"Ô phi tuỳ đế liễn,",烏飛隨帝輦，
Nhạn lạc trục minh huyền.,雁落逐鳴弦。
"Công tử tam thiên khách,",公子三千客，
Nhân nhân nguyện báo ân.,人人願報恩。
"Ưng liên bão quan giả,",應憐抱關者，
Bần bệnh khảo Di Môn.,貧病考夷門。
"Vân âm đới tàn nhật,",雲陰帶殘日，
Trướng biệt thử hà thì.,悵別此何時。
"Dục vọng Hoàng Sơn đạo,",欲望黃山道，
Vô do kiến sở tư.,無由見所思。
"Nhật mộ thương sơn viễn,",日暮蒼山遠，
Thiên hàn bạch ốc bần.,天寒白屋貧。
"Sài môn văn khuyển phệ,",柴門聞犬吠，
Phong tuyết dạ quy nhân.,風雪夜歸人。
"Phiến phàm hà xứ khứ,",片帆何處去，
Thất mã độc quy trì.,匹馬獨歸遲。
"Trù trướng giang nam bắc,",惆悵江南北，
Thanh sơn dục mộ thì.,青山欲暮時。
"Bảo bang vong khử ác,",保邦忘去惡，
Nguyện trị bất thân hiền.,願治不親賢。
"Dẫn dẫn quy ư loạn,",泯泯歸於亂，
Chung nan thiệp đại xuyên.,終難涉大川。
"Bát phong vũ dao cách,",八風儛遙翮，
Cửu dã lộng thanh âm.,九野弄清音。
"Nhất tồi vân gian chí,",一摧雲間志，
Vi quân uyển trung cầm.,為君苑中禽。
"Biên đầu xạ điêu tướng,",邊頭射雕將，
Tẩu mã xuất trung quân.,走馬出中軍。
"Viễn kiến bình nguyên thượng,",遠見平原上，
Phiên thân hướng mộ vân.,翻身向暮雲。
"Nhất nhạn quá liên dinh,",一雁過連營，
Phồn sương phúc cổ thành.,繁霜覆古城。
"Hồ già tại hà xứ,",胡笳在何處，
Bán dạ khởi biên thanh.,半夜起邊聲。
"Biên địa oanh hoa thiểu,",邊地鶯花少，
Niên lai vị giác tân.,年來未覺新。
"Mỹ nhân thiên thượng lạc,",美人天上落，
Long tái thuỷ ưng xuân.,龍塞始應春。
"Thược dược trảm tân tài,",芍藥斬新栽，
Đương đình sổ đoá khai.,當庭數朵開。
"Đông phong dữ câu thúc,",東風與拘束，
Lưu đãi tế quân lai.,留待細君來。
"Lãng Bạc ta diên truỵ,",浪泊嗟鳶墜，
Phong Khê trúc Kiển thành.,封溪築茧城。
"Nhất thời cân quắc trận,",一時巾幗陣，
Đẩu nhĩ lập công danh!,陡爾立功名。
"Cơ điểu hốt ngộ phạn,",飢鳥忽遇飯，
Tham uý lưỡng nan thu.,貪畏兩難收。
"Nhất trác bách hồi cố,",一啄百回顧，
Bi thành bất tự do.,悲成不自由。
"Thử nhật trường hôn ẩm,",此日長昏飲，
Phi quan dưỡng tính linh.,非關養性靈，
"Nhãn khan nhân tận tuý,",眼看人盡醉，
Hà nhẫn độc vi tinh.,何忍獨為醒。
"Trúc diệp liên tao thuý,",竹葉連糟翠，
Bồ đào đới Khúc hồng.,葡萄帶曲紅。
"Tương phùng bất lệnh tận,",相逢不令盡，
Biệt hậu vị thuỳ không.,別後為誰空。
"Đối tửu đãn tri ẩm,",對酒但知飲，
Phùng nhân mạc cương khiên.,逢人莫彊牽。
"Ỷ lô tiện đắc thuỵ,",倚爐便得睡，
Hoành úng túc kham miên.,橫瓮足堪眠。
"Chung thanh quá hàn điểu,",鐘聲過寒鳥，
Thụ sắc ẩn lương thiền.,樹色隱涼蟬。
"Hành khách vị tằng yết,",行客未曾歇，
Đạo nhân phương đả miên.,道人方打眠。
"Quyện chẩm sầu kê minh,",倦枕愁雞鳴，
Vấn lang kim nhật trình.,問郎今日程。
"Trung lộ bất khả túc,",中路不可宿，
Trường đồ tu tảo hành.,長途須早行。
"Man thụ bất điêu diệp,",蠻樹不凋葉，
Man vân bất phóng tình.,蠻雲不放晴。
"Trường đình vọng bất kiến,",長亭望不見，
Hà xứ thị Tra Thành?,何處是渣城。
"Niểu niểu trầm thuỷ yên,",裊裊沈水煙，
Ô đề dạ lan cảnh.,烏啼夜闌景。
"Khúc chiểu phù dung ba,",曲沼芙蓉波，
Yêu vi bạch ngọc lãnh.,腰圍白玉冷。
"Đông lai vạn lý khách,",東來萬里客，
Loạn định kỷ niên quy.,亂定幾年歸。
"Trường đoạn giang thành nhạn,",腸斷江城雁，
Cao cao chính bắc phi.,高高正北飛。
Lệ mặc sái vi thư,淚墨灑為書，
Tương ký vạn lý thân,將寄萬里親。
Thư khứ hồn diệc khứ,書去魂亦去，
Ngột nhiên không nhất thân.,兀然空一身。
"Giang Nam quý xuân thiên,",江南季春天，
Thuần diệp tế như huyền.,蓴葉細如弦。
"Trì biên thảo tác kính,",池邊草作徑，
Hồ thượng diệp như thuyền.,湖上葉如船。
"Địa thuỷ hoả phong thức,",地水火風識，
Nguyên lai nhất thiết không.,原來一切空。
"Như vân hoàn tụ tán,",如雲還聚散，
Phật nhật chiếu vô cùng.,佛日照無窮。
"Sắc thân dữ diệu thể,",色身與妙體，
Bất hợp bất phân ly.,不合不分離。
"Nhược nhân yếu chân biệt,",若人要甄別，
Lô trung hoa nhất chi.,爐中花一枝。
"Sa đầu nhất thuỷ cầm,",沙頭一水禽，
Cổ dực dương thanh âm.,鼓翼揚清音。
"Chỉ đãi cao phong tiện,",只待高風便，
Phi vô vân hán tâm.,非無雲漢心。
"An bộ hữu đa lạc,",安步有多樂，
Thuỷ lưu phong bất huyên.,水流風不喧。
"Nhất tâm vô quải ngại,",一心無掛礙，
Xứ xứ thị đào nguyên.,處處是桃源。
"Sổ điểm vũ dư vũ,",數點雨餘雨，
Nhất phiên hàn thực hàn.,一番寒食寒。
"Đỗ quyên hoa phát xứ,",杜鵑花發處，
Huyết lệ nhiễm thành đan.,血淚染成丹。
"Tao linh bất khả kiến,",騷靈不可見，
Sở tá cánh thuỳ văn.,楚些竟誰聞。
"Dục thái tần hoa khứ,",欲採蘋花去，
Thương châu cách mộ vân.,滄州隔暮雲。
"Mục đồng kỵ hoàng ngưu,",牧童騎黃牛，
Ca thanh chấn lâm việt.,歌聲振林樾。
"Ý dục bộ minh thiền,",意欲捕鳴蟬，
Hốt nhiên bế khẩu lập.,忽然閉口立。
"Yểu điệu thuỳ giản la,",窈窕垂澗蘿，
Mông nhung thái cát hoa.,蒙茸採葛花。
"Uyên ương lâm bích thuỷ,",鴛鴦臨碧水，
Chiếu ảnh vũ kim sa.,照影舞金沙。
"Ngọc Quan chinh thú cửu,",玉關征戍久，
Không khuê nhân độc sầu.,空閨人獨愁。
"Hàn lộ thấp thanh đài,",寒露濕青苔，
Biệt lai bồng mấn thu.,別來蓬鬢秋。
"Nhân toạ thanh lâu vãn,",人坐青樓晚，
Oanh ngữ bách hoa thì.,鶯語百花時。
"Sầu đa nhân tự lão,",愁多人自老，
Trường đoạn quân bất tri.,腸斷君不知。
"Tương giang ban trúc chi,",湘江斑竹枝，
Cẩm dực giá cô phi.,錦翼鷓鴣飛。
"Xứ xứ Tương vân hợp,",處處湘雲合，
Lang tòng hà xứ quy.,郎從何處歸。
"Dã tự phân tình thụ,",野寺分晴樹，
Sơn đình quá vãn hà.,山亭過晚霞。
"Xuân thâm vô khách đáo,",春深無客到，
Nhất lộ lạc tùng hoa.,一路落松花。
"Thanh sơn nhược vô tố,",青山若無素，
Yển kiển bất tương thân.,偃蹇不相親。
"Yếu thức Lư sơn diện,",要識廬山面，
Tha niên thị cố nhân.,他年是故人。
"Cố hương kim viết hữu,",故鄉今曰友，
Hoan hội toạ ưng đồng.,歡會坐應同。
"Ninh tri Ba Giáp lộ,",寧知巴峽路，
Tân khổ Thạch Vưu phong.,辛苦石尤風。
Độc đáo sơn hạ túc.,獨到山下宿，
Tĩnh hướng nguyệt trung hành.,靜向月中行。
"Hà xứ thuỷ biên đối,",何處水邊碓，
Dạ thung vân mẫu thanh.,夜舂雲母聲。
"Hoà phong khởi thiên lộ,",和風起天路，
Nghiêm khí tiêu băng tỉnh.,嚴氣消冰井。
"Sách sách chi vị nhu,",索索枝未柔，
Yếm yếm lậu do vĩnh.,厭厭漏猶永。
"Sơn quán trường tịch tịch,",山館長寂寂，
Nhàn vân triêu tịch lai.,閒雲朝夕來。
"Không đình phục hà hữu,",空庭復何有，
Lạc nhật chiếu thanh đài.,落日照青苔。
"Châu thực sơn hạ khai,",朱實山下開，
Thanh hương hàn cánh phát.,清香寒更發。
"Hạnh dữ tùng quế hoa,",幸與叢桂花，
Song tiền hướng thu nguyệt.,窗前向秋月。
"Sơn tăng tham nguyệt sắc,",山僧貪月色，
Nhất tịnh cấp bình trung.,一並汲瓶中。
"Đáo tự phương ưng giác,",到寺方應覺，
Bình khuynh nguyệt diệc không.,瓶傾月亦空。
"Hoành trắc sổ phong bích,",橫側數峰碧，
Uy di nhất kính khai.,逶迤一徑開。
"Vô nhân tương tựu túc,",無人相就宿，
Thời hữu bạch vân lai.,時有白雲來。
"Kinh khê bạch thạch xuất,",荊谿白石出，
Thiên hàn hồng diệp hy.,天寒紅葉稀。
"Sơn lộ nguyên vô vũ,",山路元無雨，
Không thuý thấp nhân y.,空翠濕人衣。
"Vị hướng Đông Khê đạo,",為向東溪道，
Nhân lai lộ tiệm xa.,人來路漸賒。
"Sơn trung xuân tửu thục,",山中春酒熟，
Hà xứ đắc đình gia?,何處得停家？
"Sơn trung đa pháp lữ,",山中多法侶，
Thiền tụng tự vi quần.,禪誦自為群。
"Thành quách dao tương vọng,",城郭遙相望，
Duy ưng kiến bạch vân.,唯應見白雲。
"Sơn uấn kim triêu thục,",山醞今朝熟，
Hoàng hoa lão bất hương.,黃花老不香。
"Trầm âm thiên vạn lý,",沈陰千萬里，
Hà xứ hữu trùng dương.,何處有重陽。
"Sơ nhật minh Yên quán,",初日明燕館，
Tân lưu mãn Lương trì.,新溜滿梁池。
"Quy vân bán nhập lĩnh,",歸雲半入嶺，
Tàn trích thượng huyền chi.,殘滴尚懸枝。
"Lạc vũ từ kim điện,",落羽辭金殿，
Cô minh tra tú y.,孤鳴吒繡衣。
"Năng ngôn chung kiến khí,",能言終見棄，
Hoàn hướng Lũng Tây phi.,還向隴西飛。
"Tượng vật hành Chu lễ,",象物行周禮，
Y quan tập Hán đô.,衣冠集漢都。
"Thuỳ liên sự Ngu Thuấn,",誰憐事虞舜，
Hạ lý khấp Thương Ngô.,下里泣蒼梧。
"Lãnh diễm toàn khi tuyết,",冷豔全欺雪，
Dư hương sạ nhập y.,餘香乍入衣。
"Xuân phong thả mạc định,",春風且莫定，
Xuy hướng ngọc giai phi.,吹向玉階飛。
"Lữ hồn kinh tái bắc,",旅魂驚塞北，
Quy vọng đoạn Hà Tê.,歸望斷河西。
"Xuân phong nhược khả ký,",春風若可寄，
Tạm vi nhiễu lan khuê.,暫爲遶蘭閨。
"Duy chu đăng dã ngạn,",維舟登野岸，
Nhân phỏng cố nhân cư.,因訪故人居。
"Loạn hậu tri hà xứ,",亂後知何處，
Kinh trăn táp tệ lư.,荊榛匝弊廬。
"Dục vấn đương niên sự,",欲問當年事，
Canh nhân đô bất tri.,耕人都不知。
"Không dư đê thượng liễu,",空餘堤上柳，
Y cựu tự thuỳ ty.,依舊自垂絲。
"Thứu linh kim bộc cô,",鷲翎金仆姑，
Yến vĩ tú mâu hồ.,燕尾繡蝥弧。
"Độc lập dương tân lịnh,",獨立揚新令，
Thiên dinh cộng nhất hô.,千營共一呼。
"Lâm ám thảo kinh phong,",林暗草驚風，
Tướng quân dạ dẫn cung.,將軍夜引弓。
"Bình minh tầm bạch vũ,",平明尋白羽，
Một tại thạch lăng trung.,沒在石棱中。
"Nguyệt hắc nhạn phi cao,",月黑雁飛高，
Thiền Vu dạ độn đào.,單于夜遁逃。
"Dục tương khinh kỵ trục,",欲將輕騎逐，
Đại tuyết mãn cung đao.,大雪滿弓刀。
"Dã mạc tế quỳnh diên,",野幕蔽瓊筵，
Khương nhung hạ lạo tuyền.,羌戎賀勞旋。
"Tuý hoà kim giáp vũ,",醉和金甲舞，
Lôi cổ động sơn xuyên.,雷鼓動山川。
"Mộng Trạch tam thu nhật,",夢澤三秋日，
Thương Ngô nhất phiến vân.,蒼梧一片雲。
"Hoàn tương uyên lộ vũ,",還將鵷鷺羽，
Trùng nhập giá cô quần.,重入鷓鴣群。
"Đại Hán vô trung sách,",大漢無中策，
Hung Nô phạm Vị Kiều.,匈奴犯渭橋。
"Ngũ Nguyên thu thảo lục,",五原秋草綠，
Hồ mã nhất hà kiêu.,胡馬一何驕。
"Phong kính Hồ giao chiết,",風勁胡膠折，
Sương thâm Lỗ kỵ mê.,霜深虜騎迷。
"Hướng lai trường kỹ tận,",向來長技盡，
Bất cảm đáo Liêu Tê.,不敢到遼西。
"Mệnh tướng chinh Tây cực,",命將征西極，
Hoành hành Âm Sơn trắc.,橫行陰山側。
"Yên Chi lạc Hán gia,",燕支落漢家，
Phụ nữ vô hoa sắc.,婦女無華色。
"Ô thanh kim dạ lạc,",烏聲今夜樂，
Tri thị Lỗ không doanh.,知是虜空營。
"Cấp độ Lâm Hà mã,",急度臨河馬，
Tiên thu Kế Bắc thành.,先收薊北城。
"Tại thế vi nhân thân,",在世為人身，
Tâm vi Như Lai tạng.,心為如來藏。
"Chiếu diệu thả vô phương,",照曜且無方，
Tầm chi cánh tuyệt khoáng.,尋之更絕曠。
"Tùng hạ vấn đồng tử,",松下問童子，
Ngôn sư thái dược khứ.,言師採藥去。
"Chỉ tại thử sơn trung,",只在此山中，
Vân thâm bất tri xứ.,雲深不知處。
"Quý nhân tam các thượng,",貴人三閣上，
Nhật yến vị sơ đầu.,日晏未梳頭。
"Bất ưng hữu hận sự,",不應有恨事，
Kiều thậm khước thành sầu.,嬌甚卻成愁。
"Tam canh phong lộ hải thiên liêu,",三更風露海天寥，
Nhất phiến hàn quang thượng bích tiêu.,一片寒光上璧霄。
"Bất chiếu anh hùng tâm khúc sự,",不照英雄心曲事，
Thừa vân tây tiến dạ thiều thiều.,承雲西進夜迢迢。
"Hành chí cúc hoa đàm,",行至菊花潭，
Thôn tây nhật dĩ tà.,村西日已斜。
"Chủ nhân đăng cao khứ,",主人登高去，
Kê khuyển không tại gia.,雞犬空在家。
"Độ thuỷ phục độ thuỷ,",渡水復渡水，
Khán hoa hoàn khán hoa.,看花還看花。
"Xuân phong giang thượng lộ,",春風江上路，
Bất giác đáo quân gia.,不覺到君家。
"Tùng phong thuỷ nguyệt minh,",松風水月明，
Vô ảnh diệc vô hình.,無影亦無形。
"Sắc thân giá cá thị,",色身這個是，
Không không tầm hưởng thanh.,空空尋響聲。
"Nguyên Tương lưu bất tận,",沅湘流不盡，
Khuất tử oán hà thâm!,屈子怨何深！
"Nhật mộ thu phong khởi,",日暮秋風起，
Tiêu tiêu phong thụ lâm.,蕭蕭楓樹林。
"Văn thuyết đáo Dương Châu,",聞說到揚州，
Xuy tiêu ức cựu du.,吹簫憶舊遊。
"Nhân lai đa bất kiến,",人來多不見，
Mạc thị thướng mê lâu.,莫是上迷樓。
"Tạc nhật nhập thành thị,",昨日入城市，
Quy lai lệ mãn cân.,歸來淚滿巾。
"Biến thân la ỷ giả,",遍身羅綺者，
Bất thị dưỡng tàm nhân.,不是養蠶人。
"Tín thư thành tự ngộ,",信書成自誤，
Kinh sự tiệm tri phi.,經事漸知非。
"Kim nhật lâm kỳ biệt,",今日臨岐別，
Hà niên đãi nhữ quy?,何年待汝歸？
"Đạo bản vô nhan sắc,",道本無顏色，
Tân tiên nhật nhật khoa.,新鮮日日誇。
"Đại thiên thế giới ngoại,",大千世界外，
Hà xứ bất vi gia!,何處不為家。
"Mộc mạt phù dung hoa,",木末芙蓉花，
Sơn trung phát hồng ngạc.,山中發紅萼。
"Giản hộ tịch vô nhân,",澗戶寂無人，
Phân phân khai thả lạc.,紛紛開且落。
"Lục đê xuân thảo hợp,",綠堤春草合，
Vương tôn tự lưu ngoạn.,王孫自留玩。
"Huống hữu tân di hoa,",況有辛夷花，
Sắc dữ phù dung loạn.,色與芙蓉亂。
"Giác Hải tâm như hải,",覺海心如海，
Thông Huyền đạo hựu huyền.,通玄道又玄。
"Thần thông kiêm biến hoá,",神通兼變化，
"Nhất Phật, nhất thần tiên.",一佛一神仙。
"Tam nhật nhập trù hạ,",三日入櫥下，
Tẩy thủ tác canh thang.,洗手作羹湯。
"Vị am cô thực tính,",未諳姑食性，
Tiên khiển tiểu cô thường.,先遣小姑嘗。
"Hán đình vinh xảo hoạn,",漢庭榮巧宦，
Vân các bạc biên công.,雲閣薄邊功。
"Khả liên thông mã sứ,",可憐驄馬使，
Bạch thủ vị thuỳ hùng.,白首為誰雄。
"Dã khách tư mao vũ,",野客思芼宇，
Sơn nhân ái trúc lâm.,山人愛竹林。
"Cầm tôn duy đãi xứ,",琴樽唯待處，
Phong nguyệt tự tương tầm.,風月自相尋。
"Mạc hướng Tung sơn khứ,",莫向嵩山去，
Thần tiên đa ngộ nhân.,神仙多誤人。
"Bất như triều Nguỵ khuyết,",不如朝魏闕，
Thiên tử trọng hiền thần.,天子重賢臣。
"Tam bách lục thập nhật,",三百六十日，
Nhật nhật tuý như nê.,日日醉如泥。
"Tuy vi Lý Bạch phụ,",雖為李白婦，
Hà dị Thái thường thê?,何異太常妻。
"Chiết mai phùng dịch sứ,",折梅逢驛使，
Ký dữ Lũng Đầu nhân.,寄與隴頭人。
"Giang Nam vô sở hữu,",江南無所有，
Liêu tặng nhất chi xuân.,聊贈一枝春。
"Bất phẫn thành cố nhân,",不忿成故人，
Yểm thế mỗi doanh cân.,掩涕每盈巾。
"Tử sinh kim hữu cách,",死生今有隔，
Tương kiến vĩnh vô nhân.,相見永無因。
"Hạp lý tàn trang phấn,",匣裏殘妝粉，
Lưu tương dữ hậu nhân.,留將與後人。
"Hoàng tuyền vô dụng xứ,",黃泉無用處，
Hận tác trủng trung trần.,恨作塚中塵。
"Hữu ý hoài nam nữ,",有意懷男女，
Vô tình diệc nhiệm quân.,無情亦任君。
"Dục tri trường đoạn xứ,",欲知腸斷處，
Minh nguyệt chiếu cô phần.,明月照孤墳。
"Phụng bát kim linh thế,",鳳撥金翎砌，
Đàn tào hậu đới thuỳ.,檀槽後帶垂。
"Tuý kiều vô khí lực,",醉嬌無氣力，
Phong niểu mẫu đơn chi.,風裊牡丹枝。
"Bạch thủ độc nhất thân,",白首獨一身，
Thanh sơn vi tứ lân.,青山為四鄰。
"Tuy hành cố hương mạch,",雖行故鄉陌，
Bất kiến cố hương nhân.,不見故鄉人。
Quần công thuỳ nhượng vị?,群公誰讓位，
Ngũ Liễu độc tri bần.,五柳獨知貧。
"Trù trướng thanh sơn lộ,",惆悵青山路，
Yên hà lão thử nhân.,煙霞老此人。
"Dữ quân thanh nhãn khách,",與君青眼客，
Cộng hữu bạch vân tâm.,共有白雲心。
"Bất tương Đông sơn khứ,",不相東山去，
Nhật lệnh xuân thảo thâm.,日令春草深。
"Tần nga thập tứ ngũ,",秦娥十四五，
Diện bạch ư chỉ trảo.,面白於指爪。
"Tu nhân dạ thái tang,",羞人夜採桑，
Kinh khởi đới thăng điểu.,驚起戴勝鳥。
"Tỉnh ngô lương diệp động,",井梧涼葉動，
Lân chử thu thanh phát.,鄰杵秋聲發。
"Độc hướng thiềm hạ miên,",獨向檐下眠，
Giác lai bán sàng nguyệt.,覺來半床月。
"Giang khoáng xuân triều bạch,",江曠春潮白，
Sơn trường hiểu tụ thanh.,山長曉岫青。
"Tha hương lâm diểu cực,",他鄉臨眺極，
Hoa liễu ánh biên đình.,花柳映邊亭。
"Quân tự cố hương lai,",君自故鄉來，
Ưng tri cố hương sự.,應知故鄉事。
"Lai nhật ỷ song tiền,",來日綺窗前，
Hàn mai trước hoa vị?,寒梅著花未。
"Dĩ kiến hàn mai phát,",已見寒梅發，
Phục văn đề điểu thanh.,復聞啼鳥聲。
"Sầu tâm thị xuân thảo,",愁心視春草，
Uý hướng ngọc giai sinh.,畏向玉階生。
"Gia trú Mạnh Tân hà,",家住孟津河，
Môn đối Mạnh Tân khẩu.,門對孟津口。
"Thường hữu Giang Nam thuyền,",常有江南船，
Ký thư gia trung phủ?,寄書家中否？
"Nguyệt hạ trường minh tố,",月下長鳴訴，
Lệnh nhân chẩm vị an.,令人枕未安。
"Tam canh thu ý khổ,",三更秋意苦，
Lộ thấp thảo song hàn.,露濕草窗寒。
"Cổ nhân phi ngạo lại,",古人非傲吏，
Tự khuyết kinh thế vụ.,自闕經世務。
"Ngẫu ký nhất vi quan,",偶寄一微官，
Bà sa sổ châu thụ.,婆娑數株樹。
"Hảo nhàn tảo thành tính,",好閑早成性，
Quả thử hài túc nặc.,果此諧宿諾。
"Kim nhật tất viên du,",今日漆園遊，
Hoàn đồng trang tẩu lạc.,還同莊叟樂。
"Vị thuỷ đông lưu khứ,",渭水東流去，
Hà thì đáo Ung Châu.,何時到雍州。
"Bằng thiêm lưỡng hàng lệ,",憑添兩行淚，
Ký hướng cố viên lưu.,寄向故園流。
"Thạch mã xỉ cuồng ninh,",石馬齒狂獰，
"Thực miêu, nhật nguyệt minh.",食苗日月鳴。
"Đồ trung nhân cộng quá,",途中人共過，
Mã thượng nhân bất hành.,馬上人不行。
"Vô tài khả khứ bổ thương thiên,",無才可去補蒼天，
Uổng nhập hồng trần nhược hứa niên;,枉入紅塵若許年；
"Thử hệ thân tiền thân hậu sự,",此係身前身後事，
Sảnh thuỳ ký khứ tác kỳ truyền?,倩誰記去作奇傳？
"Lạc nhật thanh giang lý,",落日清江裏，
Kinh ca diễm Sở yêu.,荊歌艷楚腰。
"Thái liên tòng tiểu quán,",採蓮從小慣，
Thập ngũ tức thừa triều.,十五即乘潮。
"Ngọc tự hoa tranh phát,",玉漵花爭發，
Kim đường thuỷ loạn lưu.,金塘水亂流。
"Tương phùng uý tương thất,",相逢畏相失，
Tịnh trước mộc lan chu.,并著木蘭舟。
"Nguy sự phi kinh nhất,",危事非經一，
Phù vinh đắc thị không.,浮榮得是空。
"Bạch đầu quan xá lý,",白頭官舍裏，
Kim nhật hựu xuân phong.,今日又春風。
"Thần đồng sam tử đoản,",神童衫子短，
Tụ đại nhạ xuân phong.,袖大惹春風。
"Vị khứ triều thiên tử,",未去朝天子，
Tiên lai yết tướng công.,先來謁相公。
"Tha nhân kỵ đại mã,",他人騎大馬，
Ngã độc khoá lư tử.,我獨跨驢子。
"Hồi cố đảm sài Hán,",回顧擔柴漢，
Tâm hạ giảo ta tử.,心下較些子。
"Như Lai thành chính giác,",如來成正覺，
Nhất thiết lượng đẳng thân.,一切量等身。
"Hồi hỗ bất hồi hỗ,",迴互不迴互，
Nhãn tình đồng tử thần.,眼晴童子神。
"Khương địch “Mai hoa dẫn”,",羌笛梅花引，
Ngô Khê Lũng thuỷ thanh.,吳溪隴水清。
"Hàn sơn thu phố nguyệt,",寒山秋浦月，
Trường đoạn Ngọc Quan tình.,腸斷玉關情。
"Lữ nhân ỷ chinh trạo,",旅人倚征棹，
Bạc mộ khởi lao ca.,薄暮起勞歌。
"Tiếu lãm Thanh Khê nguyệt,",笑攬清溪月，
Thanh huy bất áp đa.,清輝不厭多。
"Dịch đình lâm Bạch Thuỷ,",驛亭臨白水，
Thạch tháp mãn thương đài.,石榻滿蒼苔。
"Viễn khách hồn vô mộng,",遠客渾無夢，
Giang thanh chẩm thượng lai.,江聲枕上來。
"Thành ngoại thổ man đầu,",城外土饅頭，
Hãm thảo tại thành lý.,餡草在城里。
"Nhất nhân ngật nhất cá,",一人吃一個，
Mạc hiềm một tư vị.,莫嫌沒滋味。
"Sơ huề nhiễu thảo ốc,",蔬畦繞草屋，
Lâm hạ lộc lô trì.,林下轆轤遲。
"Sương mạn dĩ trừ giá,",霜蔓已除架，
Phong phiêu không quải ly.,風飄空挂籬。
"Thanh thanh thuỷ trung bồ,",青青水中蒲，
Hạ hữu nhất song ngư.,下有一雙魚。
"Quân kim thượng Lũng khứ,",君今上隴去，
Ngã tại dữ thuỳ cư?,我在與誰居？
"Thanh thanh thuỷ trung bồ,",青青水中蒲，
Trường tại thuỷ trung cư.,長在水中居。
"Ký ngữ phù bình thảo,",寄語浮萍草，
Tương tuỳ ngã bất như.,相隨我不如。
"Thanh thanh thuỷ trung bồ,",青青水中蒲，
Diệp đoản bất xuất thuỷ.,葉短不出水。
"Phụ nhân bất hạ đường,",婦人不下堂，
Hành tử tại vạn lý.,行子在萬里。
"Nhân hiếu lâm thiên hạ,",仁孝臨天下，
Nguy nguy quán bách vương.,巍巍冠百王。
"Hán đình sự hiền mẫu,",漢庭事賢母，
Thang dược tất thân thường.,湯藥必親嘗。
"Hạp trung tam xích kiếm,",匣中三尺劍，
Thiên thượng Thiếu Vi tinh.,天上少微星。
"Vật vị tương khứ viễn,",勿謂相去遠，
Tráng tâm tằng bất đình.,壯心曾不停。
"Nhất công trì nhất bát,",一公持一缽，
Tưởng phục độ dao sầm.,想復度遥岑。
"Địa sấu vô hoàng độc,",地瘦無黄犢，
Xuân lai thảo cánh thâm.,春來草更深。
"Lộ khí như vi trùng,",露氣如微蟲，
Ba thế như ngoạ ngưu.,波勢如臥牛。
"Minh nguyệt như kiển tố,",明月如繭素，
Khoả ngã giang thượng chu.,裹我江上舟。
"Trầm trầm canh cổ cấp,",沉沉更鼓急，
Tiệm tiệm nhân thanh tuyệt.,漸漸人聲絕。
"Xuy đăng song canh hữu,",吹燈窗更有，
Nguyệt chiếu nhất thiên tuyết.,月照一天雪。
"Nhật nguyệt xuất nham đầu,",日月出岩頭，
Nhân nhân tận thất châu.,人人盡失珠。
"Phú nhân hữu câu tử,",富人有駒子，
Bộ hành bất kỵ câu.,步行不騎駒。
"Chử đậu nhiên đậu ky,",煮豆燃豆萁，
Ky tại phủ hạ khấp.,萁在釜下泣。
"Ngã tẫn nhĩ thục liễu,",我燼你熟了，
Chính hảo biện giao tịch.,正好辦教席。
"Ngã hữu nhất phương tiện,",我有一方便，
Giá trị bách thất luyện.,價值百匹練。
"Tương đả trường thủ nhược,",相打長取弱，
Chí tử bất nhập huyện.,至死不入縣。
"Bát nhã chân vô tông,",般若真無宗，
"Nhân không, ngã diệc không.",人空我亦空。
"Quá hiện vị lai Phật,",過現未來佛，
Pháp tính bản tương đồng.,法性本相同。
"Thường hận ngôn ngữ thiển,",常恨言語淺，
Bất như nhân ý thâm.,不如人意深。
"Kim triêu lưỡng tương thị,",今朝兩相視，
Mạch mạch vạn trùng tâm.,脈脈萬重心。
"Chân tính thường vô tính,",真性常無性，
Hà tằng hữu sinh diệt.,何曾有生滅。
"Thân thị sinh diệt pháp,",身是生滅法，
Pháp tính vị tằng diệt.,法性未曾滅。
"Lộ địch âm thanh viễn,",露滌音清遠，
Phong xuy cố diệp tề.,風吹故葉齊。
"Thanh thanh tự tương tiếp,",聲聲似相接，
Các tại nhất chi thê.,各在一枝棲。
"Thuỳ nhuy ẩm thanh lộ,",垂緌飲清潞，
Lưu hưởng xuất sơ đồng.,流響出疏桐。
"Cư cao thanh tự viễn,",居高聲自遠，
Phi thị tá thu phong.,非是借秋風。
"Bích nhãn đối thanh sơn,",碧眼對靑山，
Trần bất dung kỳ gian.,塵不容其間。
"Tự nhiên thanh đáo cốt,",自然淸到骨，
Hà cánh mịch nê hoàn.,何更覓泥洹。
"Thiên thính tịch vô âm,",天聽寂無音，
Thương thương hà xứ tầm.,蒼蒼何處尋。
"Phi cao diệc phi hoàn,",非高亦非還，
Đô chỉ tại nhân tâm.,都只在人心。
"Thiên tử trọng anh hào,",天子重英豪，
Văn chương giáo nhĩ tào.,文章教爾曹。
"Vạn ban giai hạ phẩm,",萬般皆下品，
Duy hữu độc thư cao.,惟有讀書高。
"Di khước san hô tiên,",遺卻珊瑚鞭，
Bạch mã kiêu bất hành.,白馬驕不行。
"Chương Đài chiết dương liễu,",章台折楊柳，
Xuân nhật lộ bàng tình.,春日路傍情。
"Thiếu tiểu tu cần học,",少小須勤學，
Văn chương khả lập thân.,文章可立身。
"Mãn triều chu tử quý,",滿朝朱紫貴，
Tận thị độc thư nhân.,盡是讀書人。
"Viễn thính giang thượng địch,",遠聽江上笛，
Lâm trường nhất tống quân.,臨觴一送君。
"Hoàn sầu độc túc dạ,",還愁獨宿夜，
Cánh hướng quận trai văn.,更向郡齋聞。
"Hồng thấp bác quy cước,",紅濕剝龜腳，
Hoàng hương chá mã an.,黃香炙馬鞍。
"Sơn tăng trì tịnh giới,",山僧持凈戒，
Đồng toạ bất đồng xan.,同坐不同餐。
"Thi tửu cầm kỳ khách,",詩酒琴棋客，
Phong hoa tuyết nguyệt thiên.,風花雪月天。
"Hữu danh nhàn phú quý,",有名閒富貴，
Vô sự tán thần tiên.,無事散神仙。
"Thành ngung nhất phân thủ,",城隅一分手，
Kỷ nhật hoàn tương kiến?,幾日還相見。
"Sơn trung hữu quế hoa,",山中有桂花，
Mạc đãi hoa như tản.,莫待花如霰。
"Hoạ quân thiếu niên thì,",畫君少年時，
Như kim quân dĩ lão.,如今君已老。
"Kim thì tân thức nhân,",今時新識人，
Tri quân cựu thì hảo.,知君舊時好。
"Liên tiêu phong vũ ác,",連宵風雨惡，
Bồng hộ bất khinh khai.,蓬戶不輕開。
"Sơn tự tương tư cửu,",山似相思久，
Thôi song phác diện lai.,推窗撲面來。
"Tang âm tàm chính miên,",桑喑蠶正眠，
Thiềm đê yến sơ nhũ.,簷低燕初乳。
"Lực quyện hạ sừ quy,",力倦荷耡歸，
Trú vĩnh cưu thanh ngọ.,晝永鳩聲午。
"Phú quý giai vi huyễn,",富貴皆爲幻，
Huân danh bản tự chân.,勲名本自眞。
"Bách niên lưu tính tự,",百年留姓字，
Duy hữu khẩu bi văn.,惟有口碑文。
"Tha hương vị đắc khứ,",他鄕未得去，
Cố quốc bất năng quy.,故國不能歸。
"Thử dạ phùng giai tiết,",此夜逢佳節，
Khuynh hồ đáp cố tri.,傾壺答故知。
"Huyền đăng thiên vạn điểm,",懸燈千萬點，
Chiếu ngã sổ hàng thi.,照我数行詩。
"Đắc tuý hà cầu tỉnh,",得醉何求醒，
Tỉnh lai không tự si.,醒來空自癡。
"Hùng đáo sơn phong vãn thập điểm,",熊到山峰晚十點，
Trùng thanh đoạn tục khánh thu lai;,蟲聲断續慶秋來。
"Tù nhân bất quản thu lai vị,",囚人不管秋來未，
Chỉ quản tù lung hà thời khai.,只管囚籠何時開。
"Khứ tuế thu sơ ngã tự do,",去歲秋初我自由，
Kim niên thu thủ ngã cư tù;,今年秋首我居囚。
"Thảng năng tì ích ngô dân tộc,",倘能裨益吾民族，
Khả thuyết kim thu trị khứ thu.,可說今秋值去秋。
"Tây phong xuy u lâm,",西風吹幽林，
Thu sắc hốt thượng diệp.,秋色忽上葉。
"Cảm thử bách niên thân,",感此百年身，
Lão lai hà đại tiệp.,老來何大捷。
"Thu cảnh kim tiêu bán,",秋景今宵半，
Thiên cao nguyệt bội minh.,天高月倍明。
"Nam lâu thuỳ yến thưởng,",南樓誰宴賞，
Ty trúc tấu thanh thanh.,絲竹奏清聲。
"Khách tâm tranh nhật nguyệt,",客心爭日月，
Lai vãng dự kỳ trình.,來往預期程。
"Thu phong bất tương đãi,",秋風不相待，
Tiên chí Lạc Dương thành.,先至洛陽城。
"Phong diệp lạc không giai,",風葉落空階，
Thu thanh cảm khách hoài.,秋聲感客懷。
"Đa tình thiên thượng nguyệt,",多情天上月，
Dạ dạ nhập duy lai.,夜夜入帷來。
"Bắc trường vân hoắc bãi,",北場芸藿罷，
Đông cao ngải thử quy.,東皋刈黍歸。
"Tương phùng thu nguyệt mãn,",相逢秋月滿，
Cánh trị dạ huỳnh phi.,更值夜螢飛。
"Hoài quân thuộc thu dạ,",懷君屬秋夜，
Tản bộ vịnh lương thiên.,散步詠涼天。
"Không sơn tùng tử lạc,",空山松子落，
U nhân ưng vị miên.,幽人應未眠。
"Vạn lý quyện hành dịch,",萬里倦行役，
Thu lai sấu kỷ phân.,秋來瘦幾分。
"Nhân khan Hà Bắc nguyệt,",因看河北月，
Hốt ức hải đông vân.,忽憶海東雲。
"Thu sắc liên thanh dạ,",秋色憐清夜，
Tân lương đậu khách song.,新涼逗客窗。
"Hạ duy hiềm trú đoản,",下帷嫌晝短，
Sai khả đối ngân công.,差可對銀釭。
"Thu phong duy khổ ngâm,",秋風唯苦吟，
Thế lộ thiểu tri âm.,世路少知音。
"Song ngoại tam canh vũ,",窓外三更雨，
Đăng tiền vạn lý tâm.,燈前萬里心。
"Lão nhân khán thử tịch,",老人看黍席，
Mãn ốc thu dương minh.,滿屋秋陽明。
"Kê trục thảo trùng khứ,",鷄逐草蟲去，
Cúc hoa thâm xứ minh.,菊花深處鳴。
"Nguyệt ảnh xuyên song đạm,",月影穿窗淡，
Đăng hoa chiếu mấn minh.,燈花照鬢明。
"Thì hoài ngâm vị ổn,",蒔懷吟未穩，
Hà xứ hiểu chung thanh.,何處曉鐘聲。
"Kết thực hồng thả lục,",結實紅且綠，
Phục như hoa cánh khai.,復如花更開。
"Sơn trung thảng lưu khách,",山中倘留客，
Trí thử phù dung bôi.,置此芙蓉杯。
"Phiêu hương loạn tiêu quế,",飄香亂椒桂，
Bố diệp gián đàn loan.,布葉間檀欒。
"Vân nhật tuy hồi chiếu,",雲日雖回照，
Sâm trầm do tự hàn.,森沉猶自寒。
"Phàm viễn thượng hồi đầu,",帆遠上回頭，
Đạm quang yên chử lãnh.,淡光煙渚冷。
"Giang thượng đối sầu quy,",江上對愁歸，
Vãn đạp cô hồng ảnh.,晚踏孤鴻影。
"Khứ ý tuỳ nhạn đáo,",去意隨雁到，
Ly tình trục thuỷ lưu.,離情逐水流。
"Tà quang yên đạm xứ,",斜光煙淡處，
Dao thức kiến quy chu.,遙識見歸舟。
Khai quyển thâm âm hạ,開卷深愔下，
Dung quang chiếu tự minh,容光照自明。
Tĩnh trung tâm dị động,靜中心易動，
Lạc diệp tác thu thanh,落葉作秋聲。
"Tâm vị minh thời tận,",心為明時盡，
Quân môn thượng bất dung.,君門尚不容。
"Điền viên mê kính lộ,",田園迷徑路，
Quy khứ dục hà tùng.,歸去欲何從。
"Thu đáo hàn phong khởi,",秋到寒風起，
Ly quốc nhật thăng bi.,離國日昇悲。
"Thập niên song mấn bạch,",十年雙鬢白，
Hồi mã vấn hà thì?,迴馬問何時？
"Mục cực giang thiên viễn,",目極江天遠，
Thu sương há bạch tần.,秋霜下白蘋。
"Khả liên nam khứ nhạn,",可憐南去雁，
Bất vị ỷ lâu nhân.,不為倚樓人。
"Cô loan tương hạc quần,","孤鸞將鶴群,"
Tình nhật lệ xuân vân.,晴日麗春雲。
"Hà hạnh vãn phi giả,","何幸晚飛者,"
Thanh âm trường thử văn.,清音長此聞。
"Phản chiếu nhập lư hạng,",返照入閭巷，
Ưu lai thuỳ cộng ngữ.,憂來誰共語。
"Cổ đạo thiểu nhân hành,",古道少人行，
Thu phong động hoà thử.,秋風動禾黍。
"Lạc nhật Ngũ Hồ du,",落日五湖遊，
Yên ba xứ xứ sầu.,煙波處處愁；
"Phù trầm thiên cổ sự,",浮沈千古事，
Thuỳ dữ vấn đông lưu?,誰與問東流。
"Tích thì quân hảo ẩm,",昔時君好飲，
Chi tửu bất đình trì.,卮酒不停持。
"Kim nhật phần tiền thổ,",今日墳前土，
Đồ nhiên lỗi nhất chi.,徒然酹一卮。
"Bất mị quyện trường canh,",不寐倦長更，
Phi y xuất lộ hành.,披衣出路行。
"Nguyệt hàn thu trúc lãnh,",月寒秋竹冷，
Phong thiết dạ song thanh.,風切夜窗聲。
"Lý trung hữu đề nhi,",里中有啼兒，
Thanh thanh hô a mẫu.,聲聲呼阿母。
"Mẫu tử huyết nhu y,",母死血濡衣，
Do hàm hoài trung nhũ.,猶銜懷中乳。
"Đình tiền thược dược yêu vô cách,",庭前芍葯妖無格，
Trì thượng phù cừ tịnh thiểu tình.,池上芙蕖凈少情。
"Duy hữu mẫu đơn chân quốc sắc,",惟有牡丹真國色，
Hoa khai thời tiết động kinh thành.,花開時節動京城。
"Lục nguyệt nhị thập tứ,",六月二十四，
Thướng đáo thử sơn lai.,上到此山來。
"Cử đầu hồng nhật cận,",舉頭紅日近，
Đối ngạn nhất chi mai.,對岸一枝梅。
"Vạn lý lộ trường tại,",萬里路長在，
Lục niên thân thuỷ quy.,六年身始歸。
"Sở kinh quá cựu quán,",所經過舊館，
Đại bán chủ nhân phi.,大半主人非。
"Phượng phi lâu kỹ tuyệt,",鳳飛樓伎絕，
Loan tử kính đài không.,鸞死鏡台空。
"Độc liên chi phấn khí,",獨憐脂粉氣，
Do trước vũ y trung.,猶著舞衣中。
"Dã thương phù Trịnh chước,",野觴浮鄭酌，
Sơn tửu lộc Đào cân.,山酒漉陶巾。
"Đãn lệnh thiên nhật tuý,",但令千日醉，
Hà tích lưỡng tam xuân.,何惜兩三春。
"Thu Phố cẩm đà điểu,",秋浦錦駝鳥，
Nhân gian thiên thượng hy.,人間天上稀。
"Sơn kê tu lục thuỷ,",山雞羞淥水，
Bất cảm chiếu mao y.,不敢照毛衣。
"Lưỡng mấn nhập Thu Phố,",兩鬢入秋浦，
Nhất triêu táp dĩ suy.,一朝颯已衰。
"Viên thanh thôi bạch phát,",猿聲催白髮，
Trường đoản tận thành ty.,長短盡成絲。
"Thu Phố đa bạch viên,",秋浦多白猿，
Siêu đằng nhược phi tuyết.,超騰若飛雪。
"Khiên dẫn điều thượng nhi,",牽引條上兒，
Ẩm lộng thuỷ trung nguyệt.,飲弄水中月。
Sầu tác Thu Phố khách,愁作秋浦客，
Cưỡng khán Thu Phố hoa,強看秋浦花。
Sơn xuyên như Diễm Huyện,山川如剡縣，
Phong nhật tự Trường Sa.,風日似長沙。
Túy thượng Sơn Công mã,醉上山公馬，
Hàn ca Ninh Thích ngưu,寒歌甯戚牛。
Không ngâm Bạch Thạch Lạn,空吟白石爛，
Lệ mãn hắc điêu cừu.,淚滿黑貂裘。
"Thu Phố thiên trùng lĩnh,",秋浦千重嶺，
Thuỷ Xa Lĩnh tối kỳ.,水車嶺最奇。
"Thiên khuynh dục đoạ thạch,",天傾欲墮石，
Thuỷ phất ký sinh chi.,水拂寄生枝。
Giang tổ nhất phiến thạch,江祖一片石，
Thanh thiên tảo họa bình,青天掃畫屏。
Đề thi lưu vạn cổ,題詩留萬古，
Lục tự cẩm đài sinh.,綠字錦苔生。
La nhân hoành điểu đạo,邏人橫鳥道，
Giang tổ xuất ngư lương,江祖出魚梁。
Thủy cấp khách chu tật,水急客舟疾，
Sơn hoa phất diện hương.,山花拂面香。
Thủy như nhất thất luyện,水如一匹練，
Thử địa tức bình thiên,此地即平天。
Nại khả thừa minh nguyệt,耐可乘明月，
Khán hoa thượng tửu thuyền.,看花上酒船。
"Lục thuỷ tịnh tố nguyệt,",淥水淨素月，
Nguyệt minh bạch lộ phi.,月明白鷺飛。
"Lang thính thái lăng nữ,",郎聽採菱女，
Nhất đạo dạ ca quy.,一道夜歌歸。
Lô hỏa chiếu thiên địa,爐火照天地，
Hồng tinh loạn tử yên,紅星亂紫煙。
Noãn Lang minh nguyệt dạ,赧郎明月夜，
Ca khúc động hàn xuyên.,歌曲動寒川。
"Bạch phát tam thiên trượng,",白髮三千丈，
Ly sầu tự cá trường.,離愁似個長。
"Bất tri minh kính lý,",不知明鏡裡，
Hà xứ đắc thu sương!,何處得秋霜。
"Thu Phố Điền Xá Ông,",秋浦田舍翁，
Thái ngư thuỷ trung túc.,採魚水中宿。
"Thê tử trương bạch nhàn,",妻子張白鷴，
Kết ta ánh thâm trúc.,結罝映深竹。
"Đào ba nhất bộ địa,",桃波一步地，
Liễu liễu ngữ thanh văn.,了了語聲聞。
"Ám dữ sơn tăng biệt,",闇與山僧別，
Đê đầu lễ bạch vân.,低頭禮白雲。
Hà xứ thu phong chí?,何處秋風至，
Tiêu tiêu tống nhạn quần.,蕭蕭送雁群。
"Triêu lai nhập đình thụ,",朝來入庭樹，
Cô khách tối tiên văn.,孤客最先聞。
"Bất nhẫn biệt minh nguyệt,",不忍別明月，
Hư song ngọ dạ khai.,虛窗午夜開。
"Bằng lan thu ngữ xứ,",憑欗秋語處，
Di quá tụ biên lai.,移過袖邊來。
"Hoa lạc xuân vô ngữ,",花落春無語，
Xuân quy điểu tự đề.,春歸鳥自啼。
"Đa tình thị phong điệp,",多情是蜂蝶，
Phi quá phấn tường tê.,飛過粉墻西。
"Khinh âm các tiểu vũ,",輕陰閣小雨，
Thâm viện trú dung khai.,深院晝慵開。
"Toạ khán thương đài sắc,",坐看蒼苔色，
Dục thướng nhân y lai.,慾上人衣來。
"Đãi khách khách vị đáo,",待客客未到，
Tầm tăng tăng diệc vô.,尋僧僧亦無。
"Duy dư lâm ngoại điểu,",唯餘林外鳥，
Khoản khúc khuyến đề hồ.,款曲勸提壺。
"Diệp thanh lạc như vũ,",葉聲落如雨，
Nguyệt sắc bạch tự sương.,月色白似霜。
"Dạ thâm phương độc ngoạ,",夜深方獨臥，
Thùy vị phất trần sàng ?,誰為拂塵床？
"Nhất phiến tha hương nguyệt,",一片他鄉月，
Thu quang diệc khổ tân.,秋光亦苦辛。
"Mỗi tòng phong vũ hậu,",每從風雨後，
Lai chiếu biệt ly nhân.,來照別離人。
"Khách tâm kinh lạc mộc,",客心驚落木，
Dạ toạ thính thu phong.,夜坐聽秋風。
"Triêu nhật khan dung mấn,",朝日看容鬢，
Sinh nhai tại kính trung.,生涯在鏡中。
"Thiết thiết ám song hạ,",切切暗窗下，
Yêu yêu thâm thảo lý.,喓喓深草裏。
"Thu thiên tư phụ tâm,",秋天思婦心，
Vũ dạ sầu nhân nhĩ.,雨夜愁人耳。
"Quan khuyết Trường An cận,",觀闕長安近，
Giang sơn Thục đạo xa.,江山蜀道賒。
"Khách hành triêu phục tịch,",客行朝復夕，
Vô xứ thị hương gia.,無處是鄉家。
"Thuỷ hoả nhật tương tham,",水火日相參，
Do lai vị khả đàm.,由來未可談。
"Báo quân vô xứ sở,",報君無處所，
Tam tam hựu tam tam.,三三又三三。
"Tự cổ lai tham học,",字古來參學，
Nhân nhân chỉ vị Nam.,人人指為南。
"Nhược nhân vấn tân sự,",若人問新事，
Tân sự nguyệt sơ tam.,新事月初三。
"Ám tích xuân tương quý,",暗惜春將季，
Trầm ngâm tiểu uyển trung.,沈吟小苑中。
"Diệp phong phiên hãi lục,",葉風飜駭綠，
Hoa vũ lạc phân hồng.,花雨落紛紅。
"Tịch liêu bão đông tâm,",寂寥抱冬心，
Tài la hựu quýnh quýnh.,裁羅又褧褧。
"Dạ cửu tần thao đăng,",夜久頻挑燈，
Sương hàn tiễn đao lãnh.,霜寒剪刀冷。
"Sóc phong khấu quần mộc,",朔風扣群木，
Nghiêm sương điêu bách thảo.,嚴霜雕百草。
"Tá vấn nguyệt trung nhân,",借問月中人，
An đắc trường bất lão?,安得長不老？
Khai song thu nguyệt quang,開窗秋月光，
Diệt chúc giải la thường,滅燭解羅裳。
Hàm tiếu duy hoảng lý,含笑帷幌裡，
Cử thể lan huệ hương.,舉體蘭蕙香。
"Thụ thượng oanh ca thanh,",樹上鶯歌淸，
Đài tiền yến vũ khinh.,臺前燕舞輕。
"Tiên trà đương cô tửu,",煎茶當沽酒，
Liêu dĩ tiễn quân hành.,聊以餞君行。
"Cảm cánh đào lý sắc,",敢竟桃李色，
Tự trình đao xích công.,自呈刀尺功。
"Điệp do mê tiễn thuý,",蝶猶迷剪翠，
Nhân khởi biện tài hồng?,人豈辯裁紅？
"Triêu lai lâm kính đài,",朝來臨鏡臺，
Trang bãi tạm bồi hồi.,妝罷暫徘徊。
"Thiên kim thuỷ nhất tiếu,",千金始一笑，
Nhất triệu cự năng lai.,一召詎能來。
"Hoa chi xuất Kiến Chương,",花枝出建章，
Phượng quản phát Chiêu Dương.,鳳管發昭陽。
"Tá vấn thừa ân giả,",借問承恩者，
Song nga kỷ hứa trường.,雙蛾幾許長。
"Trù tích uyên ương lữ,",疇昔鴛鴦侶，
Chu môn hạ khách đa.,朱門賀客多。
"Như kim vô thử sự,",如今無此事，
Hảo khứ mạc tương qua.,好去莫相過。
"Vô phong trạm bất ba,",無風湛不波，
Hữu tượng sâm ư mục.,有像森於目。
"Hà tất đãi đa ngôn,",何必待多言，
Tương khan ý dĩ túc.,相看意已足。
"Nguyệt ám tống triều phong,",月暗送潮風，
Tương tầm lộ bất thông.,相尋路不通。
"Lăng ca xướng bất triệt,",菱歌唱不徹，
Tri tại thử đường trung.,知在此塘中。
"Lang thái lăng diệp tiêm,",郎採菱葉尖，
Thiếp thái hà diệp viên.,妾採荷葉圓。
"Thạch Thành sầu nhật mộ,",石城愁日暮，
Các tự bát quy thuyền.,各自撥歸船。
"Quế tôn nghinh đế tử,",桂尊迎帝子，
Đỗ nhược tặng giai nhân.,杜若贈佳人。
"Tiêu tương điện dao tịch,",椒漿奠瑤席，
Dục há vân trung quân.,欲下雲中君。
"Đan thứ quyến nhân y,",丹刺罥人衣，
Phương hương lưu quá khách.,芳香留過客。
"Hạnh kham điều đỉnh dụng,",幸堪調鼎用，
Nguyện quân thuỳ thái trích.,願君垂採摘。
"Sàng tiền minh nguyệt quang,",床前明月光，
Nghi thị địa thượng sương.,疑是地上霜。
"Cử đầu vọng minh nguyệt,",舉頭望明月，
Đê đầu tư cố hương.,低頭思故鄉。
"Đình trừ nhất cổ đồng,",庭除一古桐，
Tủng cán nhập vân trung.,聳幹入雲中。
"Chi nghinh nam bắc điểu,",枝迎南北鳥，
Diệp tống vãng lai phong.,葉送往來風。
"Vũ tế sầu nan tẩy,",雨細愁難洗，
Phong hàn dạ vị miên.,風寒夜未眠。
"Toạ thinh canh sổ chuyển,",坐聽更數轉，
Thiêu tẫn Bác Sơn yên.,燒燼博山煙。
"Toàn dân cảo dược tiến,",全民搞躍進，
Mãn địa sáp hồng kỳ.,滿地插紅旗。
"Nông nghiệp cộng sản hoá,",農業共產化，
Tựu thị thái bình thì.,就是太平時。
"Vạn trùng tu đáo hải,",萬重須到海，
Nhất lộ thuỷ ly sơn.,一路始離山。
"Thành quách phân lưu chuyển,",城郭分流轉，
Nhân tâm không tự nhàn.,人心空自閒。
"Xuân giang sầu tống quân,",春江愁送君，
Huệ thảo sinh nhân uân.,蕙草生氤氳。
"Tuý hậu bất năng ngữ,",醉後不能語，
Hương sơn vũ phân phân.,鄉山雨紛紛。
"Dương liễu đông môn thụ,",楊柳東門樹，
Thanh thanh giáp ngự hà.,青青夾禦河。
"Cận lai phan chiết khổ,",近來攀折苦，
Ưng vị biệt ly đa.,應為別離多。
"Lạc diệp tụ hoàn tán,",落葉聚還散，
Chinh cầm khứ bất quy.,征禽去不歸。
"Dĩ ngã cùng đồ khấp,",以我窮途泣，
Triêm quân xuất tái y.,沾君出塞衣。
"Sơn trung tương tống bãi,",山中相送罷，
Nhật mộ yểm sài phi.,日暮掩柴扉。
"Xuân thảo minh niên lục,",春草明年綠，
Vương tôn quy bất quy?,王孫歸不歸。
"Tiêu thuỷ liên Tương thuỷ,",瀟水連湘水，
Thiên ba vạn lãng trung.,千波萬浪中。
"Tri lang vị đắc khứ,",知郎未得去，
Tàm quý thạch vưu phong.,慚愧石尤風。
"Du nhân Ngũ Lăng khứ,",遊人五陵去，
Bảo kiếm trị thiên kim.,寶劍值千金。
"Phân thủ đoái tương tặng,",分手脫相贈，
Bình sinh nhất phiến tâm.,平生一片心。
"Kinh Môn bất kham biệt,",荊門不堪別，
Huống nãi Tiêu Tương thu!,況乃瀟湘秋。
Hà xứ dao vọng quân?,何處遙望君，
Giang biên minh nguyệt lâu.,江邊明月樓。
"Quân đăng thanh vân khứ,",君登青雲去，
Dư vọng thanh sơn quy.,余望青山歸。
"Vân sơn tòng thử biệt,",雲山從此別，
Lệ thấp bệ la y.,淚濕薜蘿衣。
"Biệt lộ vân sơ khởi,",別路雲初起，
Ly đình diệp chính phi.,離亭葉正飛。
"Sở ta nhân dị nhạn,",所嗟人異雁，
Bất tác nhất hàng quy.,不作一行歸。
"Tây Thục tam thiên lý,",西蜀三千里，
Ba nam thuỷ nhất phương.,巴南水一方。
"Hiểu vân thiên tế đoạn,",曉雲天際斷，
Dạ nguyệt giáp trung trường.,夜月峽中長。
"Thanh sơn lâm Hoàng Hà,",青山臨黃河，
Hạ hữu Trường An đạo.,下有長安道。
"Thế thượng danh lợi nhân,",世上名利人，
Tương phùng bất tri lão.,相逢不知老。
"Thập niên lao viễn biệt,",十年勞遠別，
Nhất tiếu hỉ tương phùng.,一笑喜相逢。
"Hựu thướng thanh sơn khứ,",又上青山去，
Thanh sơn thiên vạn trùng.,青山千萬重。
"Thương thương Trúc Lâm tự,",蒼蒼竹林寺，
Diểu diểu chung thanh vãn.,杳杳鐘聲晚。
"Hạ lạp đới tà dương,",荷笠帶斜陽，
Thanh sơn độc quy viễn.,青山獨歸遠。
"Tống khách quy Nam Phố,",送客歸南浦，
Quan san mãn biệt sầu.,關山滿別愁。
"Sầu tâm tự xuân thuỷ,",愁心似春水，
Xứ xứ trục quân chu.,處處逐君舟。
"Minh nguyệt song khê thuỷ,",明月雙溪水，
Thanh phong Bát Vịnh lâu.,清風八詠樓。
"Tích niên thị khách xứ,",昔年是客處，
Kim nhật tống quân du.,今日送君遊。
"Giang bạn tống hành nhân,",江畔送行人，
Thiên sơn sinh mộ phân.,千山生暮氛。
"Tạ An đoàn phiến thượng,",謝安團扇上，
Hảo hoạ Kính Đình vân.,好畫敬亭雲。
"Quan sơn khách tử lộ,",關山客子路，
Hoa liễu đế vương thành.,花柳帝王城。
"Thử trung nhất phân thủ,",此中一分手，
Tương cố liên vô thanh.,相顧憐無聲。
"A tỷ phù sàng khấp,",阿姊扶床泣，
Chư sanh nhiễu tất đề.,諸甥繞膝啼。
"Bình an chỉ lưỡng tự,",平安只兩字，
Mạc tích quá Giang đề.,莫惜過江題。
"Ánh môn Hoài thuỷ lục,",映門淮水綠，
Lưu kị chủ nhân tâm.,留騎主人心。
"Minh nguyệt tuỳ lương duyện,",明月隨良掾，
Xuân triều dạ dạ thâm.,春潮夜夜深。
"Sóc phong thiên lý kinh,",朔風千里驚，
Hán nguyệt ngũ canh thanh.,漢月五更青。
"Túng hữu hoàn gia mộng,",縱有還家夢，
Do văn xuất tái thanh.,猶聞出塞聲。
"Đại tướng quân xuất chiến,",大將軍出戰，
Bạch nhật ám Du quan.,白日暗榆關。
"Tam diện hoàng kim giáp,",三面黃金甲，
Thiền Vu phá đảm hoàn.,單于破膽還。
"Sóc phong kính ư tiễn,",朔風勁於箭，
Sóc thảo khô như tất.,朔草枯如漆。
"Vạn lý độ Cư Diên,",萬里度居延，
Khắc thắng tại minh nhật.,尅勝在明日。
"Nguyện dĩ Táo hạ dưỡng,",願以竈下養，
Địch bỉ Tả Hiền Vương.,敵彼左賢王。
"Xà mâu khinh chiến đấu,",蛇矛輕戰鬬，
Long kiếm lệ quang mang.,龍劍厲光鋩。
"Liệp liệp vân kỳ ủng,",獵獵雲旗擁，
Tiêu tiêu biên mã minh.,蕭蕭邊馬鳴。
"Lâm Thao tam vạn lý,",臨洮三萬里，
Đại bán Thụ Hàng thành.,大半受降城。
"Quy sơn thâm tiên khứ,",歸山深淺去，
Tu tận khâu hác mỹ.,須盡丘壑美。
"Mạc học Vũ Lăng nhân,",莫學武陵人，
Tạm du Đào Nguyên lý.,暫遊桃源裡。
"Cô vân tương dã hạc,",孤雲將野鶴，
Khởi hướng nhân gian trụ.,豈向人間住。
"Mạc mãi Ốc Châu sơn,",莫買沃洲山，
Thì nhân dĩ tri xứ.,時人已知處。
"Ngã trú Chiết Giang tây,",我住浙江西，
Quân khứ Chiết Giang đông.,君去浙江東。
"Nhật nhật tâm lai vãng,",日日心來往，
Bất uý Chiết Giang phong.,不畏浙江風。
"Phong lâm dĩ sầu mộ,",楓林已愁暮，
Sở thuỷ phục kham bi.,楚水復堪悲。
"Biệt hậu lãnh sơn nguyệt,",別後冷山月，
Thanh viên vô đoạn thì.,清猿無斷時。
"Hải ngạn canh tàn tuyết,",海岸耕殘雪，
Khê sa điếu tịch dương.,溪沙釣夕陽。
Khách trung hà sở hữu?,客中何所有，
Xuân thảo tiệm khan trường.,春草漸看長。
"Tây Tái vân sơn viễn,",西塞雲山遠，
Đông phong đạo lộ trường.,東風道路長。
"Nhân tâm thắng triều thuỷ,",人心勝潮水，
Tương tống quá Tầm Dương.,相送過潯陽。
"Nhật nhật nhân không lão,",日日人空老，
Niên niên xuân cánh quy.,年年春更歸。
"Tương hoan tại tôn tửu,",相歡在尊酒，
Bất dụng tích hoa phi.,不用惜花飛。
"Độ đầu xuân thảo lục như yên,",渡頭春草綠如煙，
Xuân vũ thiêm lai thuỷ phách thiên.,春雨添來水拍天。
"Dã kính hoang lương hành khách thiểu,",野徑荒涼行客少，
Cô chu trấn nhật các sa miên.,孤舟鎮日擱沙眠。
"Giang Nam trọng xuân thiên,",江南仲春天，
Tế vũ sắc như yên.,細雨色如煙。
"Ty vi Vũ Xương liễu,",絲為武昌柳，
Bố tác Thạch Môn tuyền.,布作石門泉。
"Nhất niên chỉ kiến binh hòa cảnh,",一年只見兵和警，
Kim nhật khan kiến nho nhã nhân;,今日看見儒雅人。
"Nhã nhân sử ngã tâm hưng phấn,",雅人使我心興奮，
Ngã phát hắc phản lưỡng tam phân.,我髮黑反兩三分。
"Kết cấu trì tây lang,",結構池西廊，
Sơ lý trì đông thụ.,疏理池東樹。
"Thử ý nhân bất tri,",此意人不知，
Dục vi đãi nguyệt xứ.,欲為待月處。
"Trì đao gian mật trúc,",持刀間密竹，
Trúc thiểu phong lai đa.,竹少風來多。
"Thử ý nhân bất hội,",此意人不會，
Dục lệnh trì hữu ba.,欲令池有波。
"Triêu vi điền xá lang,",朝為田舍郎，
Mộ đăng thiên tử đường.,暮登天子堂。
"Tướng tướng bản vô chủng,",將相本無種，
Nam nhi đương tự cường.,男兒當自强。
"Tiểu oa sanh tiểu đĩnh,",小娃撐小艇，
Thâu thái bạch liên hồi.,偷採白蓮回。
"Bất giải tàng tung tích,",不解藏蹤跡，
Phù bình nhất đạo khai.,芙萍一道開。
"Vi phong dẫn tùng lại,",微風引松籟，
Tiêu tiêu thanh thả ai.,蕭蕭淸且哀。
"Hiệu nguyệt lạc tâm ba,",皎月落心波，
Trừng trừng tịnh vô ai.,澄澄淨無埃。
"Độc toạ u hoàng lý,",獨坐幽篁裏，
Đàn cầm phục trường khiếu.,彈琴復長嘯。
"Thâm lâm nhân bất tri,",深林人不知，
Minh nguyệt lai tương chiếu.,明月來相照。
"Lai quá trúc lý quán,",來過竹裏館，
Nhật dữ đạo tương thân.,日與道相親。
"Xuất nhập duy sơn điểu,",出入惟山鳥，
U thâm vô thế nhân.,幽深無世人。
"Yên vũ bách dư niên,",煙雨百餘年，
Mao tỳ sổ gian ốc.,茅茨數間屋。
"Trung hữu tại gia tăng,",中有在家僧，
Tiêu nhiên như thử trúc.,蕭然如此竹。
"Lương công miễu phương lâm,",良工眇芳林，
Diệu tư xúc vật sính.,妙思觸物騁。
"Miệt nghi thu thiền dực,",篾疑秋蟬翼，
Đoàn thủ vọng thư cảnh.,團取望舒景。
"Gia ký Quan Tây trú,",家寄關西住，
Thân vi Hà Bắc du.,身為河北遊。
"Tiêu điều tuế trừ dạ,",蕭條歲除夜，
Lữ bạc tại Danh Châu.,旅泊在洺州。
"Ký ngữ thiên nhai khách,",寄語天涯客，
Khinh hàn để dụng sầu.,輕寒底用愁。
"Xuân phong lai bất viễn,",春風來不遠，
Chỉ tại ốc đông đầu.,只在屋東頭。
"Quy thì nhật thượng tảo,",歸時日尚早，
Cánh dục hướng phương châu.,更欲向芳洲。
"Độ khẩu thuỷ lưu cấp,",渡口水流急，
Hồi thuyền bất tự do.,回船不自由。
"Doanh khuyết thanh minh ngoại,",盈缺青冥外，
Đông phong vạn cổ xuy.,東風萬古吹。
"Hà nhân chủng đan quế,",何人種丹桂，
Bất trưởng xuất viên chi.,不長出圓枝。
"Viên phách thướng hàn không,",圓魄上寒空，
Giai ngôn tứ hải đồng.,皆言四海同。
"An tri thiên lý ngoại,",安知千里外，
Bất hữu vũ kiêm phong.,不有雨兼風。
"Ngã tích thắng quân tích,",我昔勝君昔，
Quân câm thắng ngã câm.,君今勝我今。
"Vinh hoa các dị đại,",榮華各異代，
Hà dụng khổ truy tầm.,何用苦追尋。
"Kim dạ nguyệt sắc bạch,",今夜月色白，
Ô thước kinh khiếu tư.,烏鵲驚叫滋。
"Thanh bi tư hương quốc,",声悲思郷国，
Bất tri hà xứ y.,不知何処依。
"Dục hướng Giang Đông khứ,",欲向江東去，
Định tương thuỳ cử bôi?,定將誰舉杯？
"Kê sơn vô Hạ lão,",稽山無賀老，
Khước trạo tửu thuyền hồi.,卻棹酒船回。
"Minh tiên quá tửu tứ,",鳴鞭過酒肆，
Huyễn phục du xương môn.,袨服遊倡門。
"Bách vạn nhất thời tận,",百萬一時盡，
Hàm tình vô phiến ngôn.,含情無片言。
"Tây hành nhất thiên lý,",西行一千里，
Minh sắc sinh hàn thụ.,暝色生寒樹。
"Ám văn ca xuy thanh,",暗聞歌吹聲，
Tri thị Trường An lộ.,知是長安路。
"Mạc Sầu mạo như hoa,",莫愁貌如花，
Sinh trưởng Trường Can lý.,生長長干里。
"Giá dữ viễn du lang,",嫁與逺遊郎，
Sầu phong phục sầu thuỷ.,愁風復愁水。
Quân gia tại hà xứ?,君家在何處？
Thiếp trú tại Hoành Đường.,妾住在橫塘。
"Đình thuyền tạm tá vấn,",停船暫借問，
Hoặc khủng thị đồng hương.,或恐是同鄉。
"Gia lâm Cửu Giang thuỷ,",家臨九江水，
Lai khứ Cửu Giang trắc.,來去九江側。
"Đồng thị Trường Can nhân,",同是長干人，
Sinh tiểu bất tương thức.,生小不相識。
"Hạ chử đa phong lãng,",下渚多風浪，
Liên chu tiệm giác hy.,蓮舟漸覺稀。
"Na năng bất tương đãi,",那能不相待，
Độc tự nghịch triều quy.,獨自逆潮歸。
"Tam Giang triều thuỷ cấp,",三江潮水急，
Ngũ Hồ phong lãng dũng.,五湖風浪湧。
"Do lai hoa tính khinh,",由來花性輕，
Mạc uý liên chu trọng.,莫畏蓮舟重。
"Di khước san hô tiên,",遺卻珊瑚鞭，
Bạch mã kiêu bất hành.,白馬驕不行。
"Chương Đài chiết dương liễu,",章臺折楊柳，
Xuân nhật lộ bàng tình.,春日路傍情。
"Hải hạc nhất vi biệt,",海鶴一為別，
Tồn vong tam thập thu.,存亡三十秋。
"Kim lai sổ hàng lệ,",今來數行淚，
Độc thướng dịch nam lâu.,獨上驛南樓。
"Mộng lý quân vương cận,",夢裏君王近，
Cung trung hà Hán cao.,宮中河漢高。
"Thu phong năng tái nhiệt,",秋風能再熱，
Đoàn phiến bất từ lao.,團扇不辭勞。
"Thể nhược sương ưng giác,",体弱霜應覺，
Khâm hàn thu diệc bi.,衿寒秋亦悲。
"Bất từ song lệ tận,",不辭雙淚盡，
Tâm sự hữu thuỳ tri.,心事有誰知。
"Ân đoạn do nghi mộng,",恩斷猶疑夢，
Đăng hàn bất tác hoa.,燈寒不作花。
"Trang thành ngưng hiểu toạ,",粧成凝曉坐，
Cánh dục tẩy diên hoa.,更欲洗鉛華。
"Trường Tín cung trung thảo,",長信宮中草，
Niên niên sầu xứ sinh.,年年愁處生。
"Cố xâm châu lý tích,",故侵珠履跡，
Bất sử ngọc giai hành.,不使玉階行。
"Thanh thanh Trường Tín thảo,",青青長信草，
Vô ý học phùng nghinh.,無意學逢迎。
"Bất yếm thê lương địa,",不厭凄涼地，
Xuân lai hoàn tự sinh.,春來還自生。
"Uất uất tương tư thụ,",鬱鬱相思樹，
Thượng hữu tương tư điểu.,上有相思鳥。
"Tương tư nhân bất lai,",相思人不來，
Phong vũ sầu đa thiểu.,風雨愁多少。
"Quân hành đăng Lũng thượng,",君行登隴上，
Thiếp mộng tại khuê trung.,妾夢在閨中。
"Ngọc trợ thiên hàng lạc,",玉箸千行落，
Ngân sàng nhất bán không.,銀床一半空。
"Ỷ tịch xuân miên giác,",綺席春眠覺，
Sa song hiểu vọng mê.,紗窗曉望迷。
"Mông lung tàn mộng lý,",朦朧殘夢裏，
Do tự tại Liêu tê.,猶自在遼西。
"Bán sơn tàn chiếu ảnh sơ sơ,",半山殘照影初初，
Lưỡng ngạn yên thâm vũ bất như.,兩岸煙深雨不如。
"Ngật ngật đăng tiền thập niên độc,",仡仡燈前十年讀，
Nhãn khuy vị biến thánh hiền thư.,眼窺未遍聖賢書。
"Sùng Phạm cư Nam quốc,",崇范居南國，
Tâm không cập đệ quy.,心空及第歸。
"Nhĩ trường hồi thuỵ chất,",耳長迴瑞質，
Pháp pháp tận ly vi.,法法盡离微。
"Vạn Hạnh dung tam tế,",萬行融三際，
Chân phù cổ sấm thi.,真符古讖詩。
"Hương quan danh Cổ Pháp,",鄉關名古法，
Trụ tích trấn vương kỳ.,拄錫鎮王畿。
"Dạ bán Chương Đình dịch,",夜半樟亭驛，
Sầu nhân khởi vọng hương.,愁人起望鄉。
"Nguyệt minh hà sở kiến,",月明何所見，
Triều thuỷ bạch mang mang.,潮水白茫茫。
"Chúng hưởng tiệm dĩ tịch,",眾響漸已寂，
Trùng ư Phật diện phi.,蟲於佛面飛。
"Bán song quan dạ vũ,",半窗關夜雨，
Tứ bích quải tăng y.,四壁掛僧衣。
"Di chu bạc yên chử,",移舟泊煙渚，
Nhật mộ khách sầu tân.,日暮客愁新。
"Dã khoáng thiên đê thụ,",野曠天低樹，
Giang thanh nguyệt cận nhân.,江清月近人。
"Tiêu điều thu vũ tịch,",蕭條秋雨夕，
Thương mang Sở giang hối.,蒼茫楚江晦。
"Thì kiến nhất chu hành,",時見一舟行，
Mông mông thuỷ vân ngoại.,濛濛水雲外。
"Mạc dĩ kim thời sủng,",莫以今時寵，
Năng vong cựu nhật ân.,能忘舊日恩。
"Khán hoa mãn nhãn lệ,",看花滿眼淚，
Bất cộng Sở vương ngôn.,不共楚王言。
"Bách bảo trang yêu đới,",百寶裝腰帶，
Chân châu lạc tý câu.,真珠絡臂鞲。
"Tiếu thì hoa cận nhãn,",笑時花近眼，
Vũ bãi cẩm triền đầu.,舞罷錦纏頭。
"Tiểu kính điền hồng diệp,",小徑填紅葉，
Đồi viên trưởng lục đài.,頹垣長綠苔。
"Báo nha vô lại đáo,",報衙無吏到，
Khấu hộ hữu tăng lai.,扣戶有僧來。
"Tử đằng quải vân mộc,",紫藤掛雲木，
Hoa mạn nghi dương xuân.,花蔓宜陽春。
"Mật diệp ẩn ca điểu,",密葉隱歌鳥，
Hương phong lưu mỹ nhân.,香風留美人。
"Cận thụ thâm ư nhiễm,",近樹深於染，
Dao sơn đạm hữu ngân.,遙山澹有痕。
"Nhân gia hà xứ thị,",人家何處是，
Thôn kính tự hoàng hôn.,村逕似黃昏。
"Thái Sơn trinh cao,",泰山貞高，
Tượng hốt trinh liệt.,象笏貞列。
"Linh trãi tiến giác,",靈廌進角，
Vi hốt nan chiết.,為笏難折。
"Xuân cầm do cạnh chuyển,",春禽猶競囀，
Hạ mộc hốt giao âm.,夏木忽交陰。
"Sảo giác thu sơn viễn,",稍覺秋山遠，
Nga kinh đông tản thâm.,俄驚冬霰深。
"Đối tửu bất giác minh,",對酒不覺瞑，
Lạc hoa doanh ngã y.,落花盈我衣。
"Tuý khởi bộ khê nguyệt,",醉起步溪月，
Điểu hoàn nhân diệc hy.,鳥還人亦稀。
Thuý sắc năng trường tại,翠色能長在，
Phương tâm bất khả dân,芳心不可民。
Tiêu tiêu phong tuyết lý,蕭蕭風雪裡，
Tiếp dẫn nhất thiên xuân,接引一天春。
"Đoạt sáo Chương Dương độ,",奪槊章陽渡，
Cầm Hồ Hàm Tử quan.,擒胡鹹子關。
"Thái bình tu nỗ lực,",太平須努力，
Vạn cổ thử giang san.,萬古此江山。
"Gia trú Tung sơn hạ,",家住嵩山下，
Hảo thái cựu sơn vi.,好採舊山薇。
"Tự tỉnh du tuyền thạch,",自省遊泉石，
Hà tằng bất dạ quy?,何曾不夜歸。
"Huệ thảo kiều hồng ngạc,",蕙草嬌紅萼，
Thì quang vũ bích kê.,時光舞碧雞。
"Thành trung mỹ niên thiếu,",城中美年少，
"Tương kiến ""Bạch đồng đê"".",相見白銅鞮。
"Tương Dương hành đông xứ,",襄陽行東處，
"Ca vũ ""Bạch đồng đê"".",歌舞白銅鞮。
"Giang thành hồi lục thuỷ,",江城回綠水，
Hoa nguyệt sử nhân mê.,花月使人迷。
"Thiếu niên Tương Dương địa,",少年襄陽地，
Lai vãng Tương Dương thành.,來往襄陽城。
"Thành trung khinh bạc tử,",城中輕薄子，
Tri thiếp giải Tần tranh.,知妾解秦箏。
"Đông sàng quyển tịch bãi,",東床卷席罷，
Hộ lạc tương hành khứ.,護落將行去。
"Thu bạch dao dao không,",秋白遙遙空，
Nhật mãn môn tiền lộ.,日滿門前路。
"Cửu Nghi hà xứ thị,",九嶷何處是，
Ngọc liễn kỷ thời qua.,玉輦幾時過。
"Thiên thu bi đế tử,",千秋悲帝子，
Trúc thượng lệ ngân đa.,竹上淚痕多。
"Tuế cùng duy ích lão,",歲窮惟益老，
Xuân chí khước từ gia.,春至卻辭家。
"Khả tích đông viên thụ,",可惜東園樹，
Vô nhân dã tác hoa.,無人也作花。
"Túc túc Tương phi miếu,",肅肅湘妃廟，
Không tường bích thuỷ xuân.,空牆碧水春。
"Trùng thư ngọc bội tiển,",蟲書玉佩蘚，
Yến vũ thuý duy trần.,燕舞翠帷塵。
"Vãn bạc đăng đinh thụ,",晚泊登汀樹，
Vi hinh tá chử tần.,微馨借渚蘋。
"Thương Ngô hận bất tận,",蒼梧恨不盡，
Nhiễm lệ tại tùng quân.,染淚在叢筠。
"Bão kha dục giáp tuần,",抱痾欲浹旬，
Dạ ngoạ trú phục dược.,夜臥晝服藥。
"Bất khiết nhất lạp mễ,",不喫一粒米，
Lạp lạp giai giảo trước.,粒粒皆咬著。
"Súc dược dục trị bệnh,",蓄藥欲治病，
Vô bệnh an dụng dược?,無病安用藥。
"Kim hữu vô mễ phạn,",今有無米飯，
Vô khẩu nhân giảo trước.,無口人咬著。
"Cách ngạn tương viên khiếu,",隔岸湘猿叫，
Lâm sơn Sở trúc u.,臨山楚竹幽。
"Tịch dương tình cảnh hảo,",夕陽晴景好，
Thuỷ sắc mãn cô chu.,水色滿孤舟。
"Hồng đậu sinh nam quốc,",紅豆生南國，
Xuân lai phát kỷ chi.,春來發幾枝。
"Nguyện quân đa thái hiệt,",願君多採擷，
Thử vật tối tương ti.,此物最相思。
"Gia ký Giang Đông viễn,",家寄江東遠，
Thân đối Giang Tây xuân.,身對江西春。
"Không kiến tương tư thụ,",空見相思樹，
Bất kiến tương tư nhân.,不見相思人。
"Tiểu Uyển oanh ca yết,",小苑鶯歌歇，
Trường Môn điệp vũ đa.,長門蝶舞多。
"Nhãn khan xuân hựu khứ,",眼看春又去，
Thuý liễn bất tằng qua.,翠輦不曾過。
"Tự quân chi xuất hĩ,",自君之出矣，
Lương trần tĩnh bất phi.,梁塵靜不飛。
"Tư quân như mãn nguyệt,",思君如滿月，
Dạ dạ giảm dung huy.,夜夜減容暉。
"Tự quân chi xuất hĩ,",自君之出矣，
Bảo kính vị thuỳ minh?,寶鏡為誰明？
"Tư quân như Lũng thuỷ,",思君如隴水，
Trường văn ô yết thanh.,長聞嗚咽聲。
"Tự quân chi xuất hĩ,",自君之出矣，
Vạn vật khan thành cổ.,萬物看成古。
"Thiên tầm đình lịch chi,",千尋葶藶枝，
Tranh nại trường trường khổ.,爭奈長長苦。
"Tự quân chi xuất hỹ,",自君之出矣，
Tu chiết thanh thanh liễu.,須折青青柳。
"Nguyện tác lạc hoa phi,",願作落花飛，
Tuỳ phong nhập lang thủ.,隨風入郎手。
"Tự quân chi xuất hĩ,",自君之出矣，
Thiên San chỉ đẳng nhàn.,千山只等閒。
"Thác dữ tương tư mộng,",托與相思夢，
Nhất tiêu sổ hồi hoàn.,一宵數迴還。
"Tự quân chi xuất hĩ,",自君之出矣，
Hoa khai hựu hoa tạ.,花開又花謝。
"Tư quân như nhật nguyệt,",思君如日月，
Cảnh cảnh trú phục dạ.,耿耿晝復夜。
"Tự quân chi xuất hĩ,",自君之出矣，
Bất phục lý tàn ky.,不復理殘機。
"Tư quân như mãn nguyệt,",思君如滿月，
Dạ dạ giảm thanh huy.,夜夜減清輝。
"Tự quân chi xuất hĩ,",自君之出矣，
Đồ tả linh lạc nhĩ.,徒寫零落耳。
"Tư quân như xa luân,",思君如車輪，
Triển chuyển sầu bất dĩ.,輾轉愁不已。
"Tự quân chi xuất hĩ,",自君之出矣，
Hồng trang thuỳ nhân khan.,紅妝誰人看。
"Khả liên thạch lựu quần,",可憐石榴裙，
Cửu trí tâm diệc hàn.,久置心亦寒。
"Tự quân chi xuất hĩ,",自君之出矣，
Cầm sắt hà tằng ngự.,琴瑟何曾御。
"Tư quân như lạc diệp,",思君如落葉，
Tiêu sắt bi mộ thu.,蕭瑟悲暮秋。
"Tự quân chi xuất hĩ,",自君之出矣，
Hương uyển tuyệt nhân yên.,香苑絕人煙。
"Thiên thượng hữu thất tịch,",天上有七夕，
Tâm hải vô độ thuyền.,心海無渡船。
"Tự quân chi xuất hỹ,",自君之出矣，
Nhật nhật vọng thanh loan.,日日望青鸞。
"Thanh loan vọng bất chí,",青鸞望不至，
Đồ kiến bạch vân đoan.,徒見白雲端。
"Tự quân chi xuất hỹ,",自君之出矣，
Tần bả quy kỳ kế.,頻把歸期計。
"Chỉ thống bất kham sổ,",指痛不堪數，
Ngũ nhân do vị chí.,五人猶未至。
"Tự quân chi xuất hỹ,",自君之出矣，
Trần mai kính lý loan.,塵埋鏡裏鸞。
"Phạ chiếu thu tâm mạo,",怕照秋心貌，
Bất thị cựu thì nhan.,不是舊時顏。
"Tự quân chi xuất hỹ,",自君之出矣，
Bất cảm thướng cao lâu.,不敢上高樓。
"Lâu ngoại hữu dương liễu,",樓外有楊柳，
Ty ty hội nhạ sầu.,絲絲會惹愁。
"Tự quân chi xuất hỹ,",自君之出矣，
Bất ngôn diệc bất khốc.,不言亦不哭。
"Ngôn tắc vô tri âm,",言則無知音，
Khốc khủng kinh lang ngụ.,哭恐驚郎寤。
"Tự quân chi xuất hỹ,",自君之出矣，
Độc toạ bất thành miên.,獨坐不成眠。
"Bán tư tụ thủ sự,",半思聚首事，
Bán tư ly biệt ngôn.,半思離別言。
"Tự quân chi xuất hỹ,",自君之出矣，
Trương đăng tần cố ảnh.,張燈頻顧影。
"Cố ảnh tự bồi hồi,",顧影自徘徊，
Tiêu sấu khả liên mẫn.,消瘦可憐憫。
"Tự quân chi xuất hỹ,",自君之出矣，
Yếm nguyệt chiếu không sàng.,厭月照空床。
"Bạc khâm bất thành mị,",薄衾不成寐，
Cô chẩm phạ nghiêm sương.,孤枕怕嚴霜。
"Tự quân chi xuất hỹ,",自君之出矣，
Vô nhật bất nam tư.,無日不南思。
"Tư quân quân bất chí,",思君君不至，
Lệ chích mãn la cư.,淚滴滿羅裾。
"Tự quân chi xuất hĩ,",自君之出矣，
Minh kính bãi hồng trang.,明鏡罷紅妝。
"Tư quân như dạ chúc,",思君如夜燭，
Tiền lệ kỷ niên hành.,前淚幾年行。
"Tự quân chi xuất hỹ,",自君之出矣，
Trường đoạn phục tâm hôi.,腸斷復心灰。
"Lưỡng địa tư thiên lý,",兩地思千里，
Tư hồi nhân vị hồi.,思回人未回。
"Tự quân chi xuất hĩ,",自君之出矣，
Hồng nhan chuyển tiều tuỵ.,紅顏轉憔悴。
"Tư quân như minh chúc,",思君如明燭，
Tiễn tâm thả hàm lệ.,煎心且銜淚。
"Mộ nghĩa danh không tại,",慕義名空在，
Thâu trung hiếu bất toàn.,輸忠孝不全。
"Báo ân vô hữu nhật,",報恩無有日，
Quy quốc định hà niên?,歸國定何年？
"Trường Giang bi dĩ trệ,",長江悲已滯，
Vạn lý niệm tương quy.,萬里念將歸。
"Huống thuộc cao phong vãn,",況屬高風晚，
Sơn sơn hoàng diệp phi.,山山黃葉飛。
"Tự tiểu đa tài học,",自小多才學，
Bình sinh chí khí cao.,平生志氣高。
"Biệt nhân hoài bảo kiếm,",別人懷寶劍，
Ngã hữu bút như đao.,我有筆如刀。
"Tật phong tri kình thảo,",疾風知勁草，
Bản đãng thức thành thần.,板蕩識誠臣。
"Dũng phu an thức nghĩa,",勇夫安識義，
Trí giả tất hoài nhân.,智者必懷仁。
"Tính tích thù kham tiếu,",性僻殊堪笑，
Ngâm đa diệc bất công!,吟多亦不工。
"Dạ thâm tài đắc cú,",夜深纔得句，
Mãnh khởi cấp hô đồng!,猛起急呼童。
"Lục thập niên trung sự,",六十年中事，
Thê lương đáo cái quan.,凄涼到蓋棺。
"Bất tương lưỡng hàng lệ,",不將兩行淚，
Khinh hướng nhữ tào đàn.,輕向汝曹彈。
"Hải để hữu minh nguyệt,",海底有明月，
Viên ư thiên thượng luân.,圓於天上輪。
"Đắc chi nhất thốn quang,",得之一寸光，
Khả mãi thiên lý xuân.,可買千里春。
"Nhật xuất ly đông thuỷ,",日出籬東水，
Vân sinh xá bắc nê.,雲生舍北泥。
"Trúc cao minh phí thuý,",竹高鳴翡翠，
Sa tích vũ côn kê.,沙僻舞鵾雞。
"Ái ái hoa nhị loạn,",藹藹花蕊亂，
Phi phi phong điệp đa.,飛飛蜂蝶多。
"U thê thân lãn động,",幽栖身懶動，
Khách chí dục như hà.,客至欲如何。
"Tạc tỉnh giao tông diệp,",鑿井交棕葉，
Khai cừ đoạn trúc căn.,開渠斷竹根。
"Thiên chu khinh diểu lãm,",扁舟輕裊纜，
Tiểu kính khúc thông thôn.,小徑曲通村。
"Cấp vũ sao khê túc,",急雨捎溪足，
Tà huy chuyển thụ yêu.,斜暉轉樹腰。
"Cách sào hoàng điểu tịnh,",隔巢黃鳥并，
Phiên tảo bạch ngư khiêu.,翻藻白魚跳。
"Xá hạ duẫn xuyên tường,",舍下筍穿牆，
Đình trung đằng thích thiềm.,庭中藤刺檐。
"Địa tình ty nhiễm nhiễm,",地晴絲冉冉，
Giang bạch thảo tiêm tiêm.,江白草纖纖。
"Giang động nguyệt di thạch,",江動月移石，
Khê hư vân bạng hoa.,溪虛雲傍花。
"Ô thê tri cố đạo,",烏栖知故道，
Phàm quá túc thuỳ gia?,帆過宿誰家。
"Trì nhật giang sơn lệ,",遲日江山麗，
Xuân phong hoa thảo hương.,春風花草香。
"Nê dung phi yến tử,",泥融飛燕子，
Sa noãn thuỵ uyên ương.,沙暖睡鴛鴦。
"Giang bích điểu du bạch,",江碧鳥逾白，
Sơn thanh hoa dục nhiên.,山青花欲燃。
"Kim xuân khan hựu quá,",今春看又過，
Hà nhật thị quy niên?,何日是歸年？
"Văn đạo Ba Sơn lý,",聞道巴山裏，
Xuân thuyền chính hảo hành.,春船正好行。
"Đô tương bách niên hứng,",都將百年興，
Nhất vọng Cửu Giang thành.,一望九江城。
"Thuỷ hạm Ôn giang khẩu,",水檻溫江口，
Thảo đường Thạch Duẩn tây.,草堂石筍西。
"Di thuyền Tiên Chủ miếu,",移船先主廟，
Tẩy dược Hoán Hoa khê.,洗藥浣花溪。
"Mạn đạo xuân lai hảo,",謾道春來好，
Cuồng phong thái phóng điên.,狂風太放顛。
"Xuy hoa tuỳ thuỷ khứ,",吹花隨水去，
Phiên khước điếu ngư thuyền.,翻卻釣魚船。
"Nguyễn Tịch tỉnh thì thiểu,",阮籍醒時少，
Đào Tiềm tuý nhật đa.,陶潛醉日多。
"Bách niên hà túc độ,",百年何足度，
Thừa hứng thả trường ca.,乘興且長歌。
"Ốc giác nhật quang trì,",屋角日光遲，
Lâu đầu vân ảnh bạc.,樓頭雲影薄。
"Đồi nhiên nhất lãn ông,",頹然一懶翁，
Tuý khởi đình hoa lạc.,醉起庭花落。
"Du du nam quốc tư,",悠悠南國思，
Dạ hướng Giang Nam bạc.,夜向江南泊。
"Sở khách đoạn trường thì,",楚客斷腸時，
Nguyệt minh phong tử lạc.,月明楓子落。
"Bất hướng Đông Sơn cửu,",不向東山久，
Tường vi kỷ độ hoa?,薔薇幾度花。
"Bạch vân hoàn tự tán,",白雲還自散，
Minh nguyệt lạc thuỳ gia?,明月落誰家。
"Ngã kim huề Tạ kỹ,",我今攜謝妓，
Trường khiếu tuyệt nhân quần.,長嘯絕人群。
"Dục báo Đông Sơn khách,",欲報東山客，
Khai quan tảo bạch vân.,開關掃白雲。
"Tần tương tư mẫu lệ,",頻將思母淚，
Tảo mộ sái Tương Âm.,早暮灑湘陰。
"Cực mục giang thiên viễn,",極目江天遠，
Bạch vân hà xứ thâm.,白雲何處深。
"Diểu diểu Giang Lăng đạo,",渺渺江陵道，
Tương tư viễn bất tri.,相思遠不知。
"Cận lai văn quyển lý,",近來文卷裏，
Bán thị ức quân thi.,半是憶君詩。
"Tâm trục nam vân thệ,",心逐南雲逝，
Hình tuỳ bắc nhạn lai.,形隨北雁來。
"Cố hương ly hạ cúc,",故鄉籬下菊，
Kim nhật kỷ hoa khai?,今日幾花開？
"Lục anh mãn hương thế,",綠英滿香砌，
Lưỡng lưỡng uyên ương tiểu.,兩兩鴛鴦小。
"Đãn ngu xuân nhật trường,",但娛春日長，
Bất quản thu phong tảo.,不管秋風早。
"Hướng tịch vấn chu tử,",向夕問舟子，
Tiền trình phục kỷ đa.,前程復幾多。
"Loan đầu chính kham bạc,",灣頭正堪泊，
Hoài lý túc phong ba.,淮裏足風波。
"Văn hạnh tài vi lương,",文杏裁為梁，
Hương mao kết vi vũ.,香茅結為宇。
"Bất tri đống lý vân,",不知棟裏雲，
Khứ tác nhân gian vũ.,去作人間雨。
"Điều điều văn hạnh quán,",迢迢文杏館，
Tễ phàn nhật dĩ lũ.,躋攀日已屢。
"Nam lĩnh dữ bắc hồ,",南嶺與北湖，
Tiền khán phục hồi cố.,前看復回顧。
"Tự ta danh lợi khách,",自嗟名利客，
Nhiễu nhiễu tại nhân gian.,擾擾在人間。
"Hà sự trường Hoài thuỷ,",何事長淮水，
Đông lưu diệc bất nhàn?,東流亦不閒。
"Cửu hỗn phàm trần vị thức câm,",久混凡塵未識金，
Bất tri hà xứ thị chân tâm.,不知何處是真心。
"Nguyện thuỳ chỉ đích khai phương tiện,",願垂指的開方便，
Liễu kiến như như đoạn khổ tầm.,了見如如斷苦尋。
"Phong tồi, nan cải sắc,",風摧難改色，
Hạ tận bất suy hương.,暇盡不衰香。
"Mạc quái khai thiên vãn,",莫怪開偏晚，
Viêm thần lãn đấu phương.,炎晨懶鬥芳。
"Lục nghị tân phôi tửu,",綠螘新醅酒，
Hồng nê tiểu hoả lô.,紅泥小火爐。
"Vãn lai thiên dục tuyết,",晚來天欲雪，
Năng ẩm nhất bôi vô?,能飲一杯無？
Cố viên miểu hà xứ?,故園眇何處？
Quy tư phương du tai.,歸思方悠哉。
"Hoài Nam thu vũ dạ,",淮南秋雨夜，
Cao trai văn nhạn lai.,高齋聞雁來。
"Lạc nhật tảo thiền cấp,",落日早蟬急，
Khách tâm văn cánh sầu.,客心聞更愁。
"Nhất thanh lai chẩm thượng,",一聲來枕上，
Mộng lý cố viên thu.,夢裏故園秋。
"Viện lạc trầm trầm hiểu,",院落沉沉曉，
Hoa khai bạch tuyết hương.,花開白雪香。
"Nhất chi khinh đới vũ,",一枝輕帶雨，
Lệ thấp Quý Phi trang.,淚濕貴妃妝。
"Sơn sắc vô viễn cận,",山色無遠近，
Khán sơn chung nhật hành.,看山終日行。
"Phong loan tuỳ xứ cải,",峰巒隨處改，
Hành khách bất tri danh.,行客不知名。
"Trường Can Ngô nhi nữ,",長干吳兒女，
Mi mục diễm tinh nguyệt.,眉目艷星月。
"Kịch thượng túc như sương,",屐上足如霜，
Bất trước nha đầu miệt.,不著鴉頭襪。
"Ngô nhi đa bạch tích,",吳兒多白皙，
Hảo vi đãng chu kịch.,好為蕩舟劇。
"Mại nhãn trịch xuân tâm,",賣眼擲春心，
Chiết hoa điều hành khách.,折花調行客。
"Da khê thái liên nữ,",耶溪採蓮女，
Kiến khách trạo ca hồi.,見客棹歌回。
"Tiếu nhập hà hoa khứ,",笑入荷花去，
Dương tu bất xuất lai.,佯羞不出來。
"Đông Dương tố túc nữ,",東陽素足女，
Cối Kê tố khả lang.,會稽素舸郎。
"Tương khan nguyệt vị đoạ,",相看月未墮，
Bạch địa đoạn can tràng.,白地斷肝腸。
"Kính hồ thuỷ như nguyệt,",鏡湖水如月，
Da khê nữ như tuyết.,耶溪女如雪。
"Tân trang đãng tân ba,",新妝蕩新波，
Quang cảnh lưỡng kỳ tuyệt.,光景兩奇絕。
"Tần Vọng hoạ trung san,",秦望畫中山，
Nhược Da kính trung thuỷ.,若耶鏡中水。
Thập gia cửu hoán sa.,十家九浣紗，
Vị thủ Trữ La nữ.,為取苧蘿女。
"Thượng huyền minh nguyệt bán,",上弦明月半，
Kích tiễn lưu tinh viễn.,激箭流星遠。
"Lạc nhạn đới thư kinh,",落雁帶書驚，
Đề viên nhiễu chi chuyển.,啼猿繞枝轉。
"Bắc phạt tuy toàn Triệu,",北伐雖全趙，
Đông quy bất vương Tần.,東歸不王秦。
"Không ca bạt sơn lực,",空歌拔山力，
Tu tác độ giang nhân.,羞作渡江人。
"Tử Thôi ngôn tỵ thế,",子推言避世，
Sơn hoả toại phần thân.,山火遂焚身。
"Tứ hải đồng hàn thực,",四海同寒食，
Thiên thu vị nhất nhân.,千秋為一人。
"Cố hương hành vân thị,",故鄉行雲是，
Hư thất toạ gian đồng.,虛室坐間同。
"Nhật lạc tây sơn mộ,",日落西山暮，
Phương tri thiên hạ không.,方知天下空。
"Dục chuyển thanh do sáp,",欲囀聲猶澀，
Tương phi vũ vị điều.,將飛羽未調。
"Cao phong bất tá tiện,",高風不借便，
Hà xứ đắc thiên kiều?,何處得遷喬。
"Bàn căn thực doanh chử,",盤根植瀛渚，
Giao can hoành ỷ thiên.,交干橫倚天。
"Thư hoa quang tứ hải,",舒華光四海，
Quyển diệp âm sơn xuyên.,卷葉蔭山川。
"Hữu vân quang sạ tình,",有雲光乍晴，
Vô thuỷ ảnh hoàn không.,無水影還空。
"Mạc nhạ tây trầm khứ,",莫訝西沉去，
Minh tiêu hựu xuất đông.,明霄又出東。
"Nhật lý dương triêu thái,",日裏颺朝綵，
Cầm trung bạn dạ đề.,琴中伴夜啼。
"Thượng lâm đa thiểu thụ,",上林多少樹，
Bất tá nhất chi thê.,不借一枝棲。
"Trục vũ phiêu khinh tụ,",逐舞飄輕袖，
Truyền ca cộng nhiễu lương.,傳歌共繞梁。
"Động chi sinh loạn ảnh,",動枝生亂影，
Xuy hoa tống viễn hương.,吹花送遠香。
"Sơn kế đương song mãn,",山髻當窗滿，
Tùng thoa lạc tụ khinh.,松釵落袖輕。
"Lão tăng tuy tịch mịch,",老僧雖寂寞，
Quy hữu nhất hoa nghinh.,歸有一花迎。
"Thuỳ trác Côn sơn ngọc,",誰斲崑山玉，
Tài thành Chức Nữ sơ.,裁成織女梳。
"Khiên Ngưu nhất khứ hậu,",牽牛一去後，
Sầu trịch bích không hư.,愁擲碧空虛。
"Thượng hữu đề bào tặng,",尚有綈袍贈，
Ưng lân Phạm thúc hàn.,應憐范叔寒。
"Bất tri thiên hạ sĩ,",不知天下士，
Do tác bố y khan.,猶作布衣看。
"Kiếm ảnh hoành tiêu trướng,",劍影橫綃帳，
Đăng quang yểm hoạ lâu.,燈光掩畫樓。
"Ngô cung thâm tự hải,",吳宮深似海，
Dạ dạ mộng Kinh Châu.,夜夜夢荊州。
"Thượng lưu thanh trủng tại,",尚留青塚在，
Di hận nhập tì bà.,遺恨入琵琶。
"Không đối Hồ thiên nguyệt,",空對胡天月，
Nan vong Hán uyển hoa.,難忘漢苑花。
"Hầu môn thâm tự hải,",侯門深似海，
Cự nhãn thức anh hùng.,巨眼識英雄。
"Lữ điếm khuynh đàm nhật,",旅店傾談日，
Cầu Nhiêm bái hạ phong.,虯髯拜下風。
"Thiên vong phi chiến tội,",天亡非戰罪，
Mạt lộ khốn anh hùng.,末路困英雄。
"Khí tận Ngu đồng tử,",氣盡虞同死，
Tư thần tiếu Bái Công.,司晨笑沛公。
"Dịch thuỷ phong tiêu sắt,",易水風蕭瑟，
Khinh thân phó hổ lang.,輕身赴虎狼。
"Thuỳ vân sơ kiếm thuật,",誰雲疏劍術，
Khí dĩ nhiếp Tần vương.,氣已懾秦王。
"Yên Triệu đa kỳ sĩ,",燕趙多奇士，
Bi ca khởi thị trung.,悲歌起市中。
"Thanh thanh du hiệp lệ,",聲聲遊俠淚，
Kích trúc tiệp thu phong.,擊築挾秋風。
"Vạn mục tự sinh thính,",萬牧自生聽，
Thái không hằng tịch liêu.,太空恆寂寥。
"Hoàn tòng tĩnh trung khởi,",還從靜中起，
Khước hướng tĩnh trung tiêu.,卻向靜中消。
"Trạc trạc đương hiên trúc,",擢擢當軒竹，
Thanh thanh trọng tuế hàn.,青青重歲寒。
"Tâm trinh đồ kiến thưởng,",心貞徒見賞，
Thác tiểu vị thành can.,籜小未成竿。
"Quang ánh trang lâu nguyệt,",光映妝樓月，
Hoa thừa ca phiến phong.,花承歌扇風。
"Dục đố mai tương liễu,",欲妒梅將柳，
Cố lạc tảo xuân trung.,故落早春中。
"Vi thảo đáng tác lan,",為草當作蘭，
Vi mộc đáng tác tùng.,為木當作松。
"Lan u hương phong viễn,",蘭幽香風遠，
Tùng hàn bất cải dung.,松寒不改容。
"Nhân chi vi thiện sự,",人之為善事，
Thiện sự nghĩa đương vi.,善事義當為。
"Kim thạch do năng động,",金石猶能動，
Quỷ thần kỳ khả khi.,鬼神其可欺。
"Sự tu an nghĩa mệnh,",事須安義命，
Ngôn tất đạo can tỳ.,言必道肝脾。
"Mạc vấn thân chi ngoại,",莫問身之外，
Nhân tri dữ bất tri.,人知與不知。
"Mãn mục vô tương thức,",滿目無相識，
Chu trung độc tả thi.,舟中獨寫詩。
"Ngô tâm nan thuyết xứ,",吾心難說處，
Chỉ hữu nhất tu tri.,只有一鬚知。
"Thân thể tại ngục trung,",身体在獄中，
Tinh thần tại ngục ngoại.,精神在獄外。
"Dục thành đại sự nghiệp,",欲成大事業，
Tinh thần cánh yếu đại.,精神更要大。
"Ngã thừa du bích xa,",我乘油壁車，
Lang thừa thanh thông mã.,郎乘青驄馬。
"Hà xứ kết đồng tâm,",何處結同心，
Tây lăng tùng bách hạ.,西陵松柏下。
"Tuy mông kim nhật sủng,",雖蒙今日寵，
Do ức tích thời liên.,猶憶昔時憐。
"Dục tri tâm đoạn tuyệt,",欲知心斷絕，
Ưng khan tất thượng huyền.,應看膝上弦。
"Đại mộng thuỳ tiên giác,",大夢誰先覺，
Bình sinh ngã tự tri.,平生我自知。
"Thảo đường xuân thuỵ túc,",草堂春睡足，
Song ngoại nhật trì trì.,窗外日遲遲。
"Tương phùng hoa mãn thiên,",相逢花滿天，
Tương biệt hoa tại thuỷ.,相別花在水。
"Xuân sắc như mộng trung,",春色如夢中，
Nhược thuỷ diểu thiên lý.,弱水杳千里。
"Thiên phong xuy ngọc bội,",天風吹玉佩，
Bạch vân hà ly ly.,白雲何離離。
"Vu sơn tha dạ vũ,",巫山他夜雨，
Nguyện thấp Tương Vương y.,愿濕襄王衣。
"Vũ vực đa phi tướng,",禹域多飛將，
Oa lư thặng dật dân.,蝸廬剩逸民。
"Dạ yêu đàm để ảnh,",夜邀潭底影，
Huyền tửu tụng Hoàng nhân.,玄酒頌皇仁。
"Yên thuỷ tầm thường sự,",煙水尋常事，
Hoang thôn nhất điếu đồ.,荒村一釣徒。
"Thâm tiêu trầm tuý khởi,",深宵沉醉起，
Vô xứ mịch cô bồ.,無處覓菰蒲。
"Chỉ hữu mông mông ý,",只有蒙蒙意，
Nhân gia dữ điếu ky.,人家與釣磯。
"Tự môn chung sạ khởi,",寺門鐘乍起，
Tiều khách kính do phi.,樵客徑猶非。
"Tứ bách tằng toàn lạc,",四百層全落，
Tam thiên trượng thuý phi.,三千丈翠飛。
"Dữ thuỳ tham hoạ lý,",與誰參畫理，
Bán diện tận tà huy.,半面盡斜暉。
"Thiên Hán lương thu dạ,",天漢涼秋夜，
Trừng trừng nhất kính minh.,澄澄一鏡明。
"Sơn không viên lũ khiếu,",山空猿屢嘯，
Lâm tĩnh thước tần kinh.,林靜鵲頻驚。
"Yêu liêm dục hà chi,",腰鐮欲何之，
Đông viên ngải thu cửu.,東園刈秋韭。
"Thế sự bất phục luân,",世事不復論，
Bi ca hoà tiều tẩu.,悲歌和樵叟。
"Khai môn vọng Trường Xuyên,",開門望長川，
Bạc mộ kiến ngư giả.,薄暮見漁者。
Tá vấn bạch đầu ông:,借問白頭翁，
Thuỳ luân kỷ niên dã?,垂綸幾年也。
"Di miếu đan thanh lạc,",遺廟丹青落，
Không sơn thảo mộc trường.,空山草木長。
"Do văn từ Hậu Chủ,",猶聞辭後主，
Bất phục ngoạ Nam Dương.,不復臥南陽。
"Độc thắng vũ tiền sắc,",獨勝雨前色，
Kỳ như vũ hậu sơn.,其如雨後山。
"Đạm tình vân tự biệt,",淡晴雲自別，
Nùng thuý thụ tương ban.,濃翠樹相斑。
"Vũ tễ lãnh xuất dục,",雨霽冷出浴，
Lam ngưng thuý dục trích.,嵐凝翠欲滴。
"Thục trừng phát tình ngâm,",熟瞪發情吟，
Hỗn thân hoá hàn bích.,渾身化寒碧。
"Tiên nga kim hạ giá,",仙娥今下嫁，
Kiêu tử tự đồng hoà.,驕子自同和。
"Kiếm kích quy điền tận,",劍戟歸田盡，
Ngưu dương nhiễu tái đa.,牛羊繞塞多。
"Hán sứ nam hoàn tận,",漢使南還盡，
Hồ trung thiếp độc tồn.,胡中妾獨存。
"Tử đài miên vọng tuyệt,",紫臺綿望絕，
Thu thảo bất kham luân.,秋草不堪論。
"Chiêu Quân phất ngọc an,",昭君拂玉鞍，
Thượng mã đề hồng giáp.,上馬啼紅頰。
"Kim nhật Hán cung nhân,",今日漢宮人，
Minh triêu Hồ địa thiếp.,明朝胡地妾。
"Vi sân Vương lục sự,",為嗔王錄事，
Bất ký thảo đường ty.,不寄草堂貲。
"Tạc thuộc sầu xuân vũ,",昨屬愁春雨，
Năng vong dục lậu thì.,能忘欲漏時。
"Ngã diệc kỵ lư khách,",我亦騎驢客，
Thô tri hành lộ nan.,粗知行路難。
"Lục niên tam kiến nhữ,",六年三見汝，
Tân khổ độ Tang Càn.,辛苦渡桑乾。
"Vũ quá sơn tẩy dung,",雨過山洗容，
Vân lai sơn nhập mộng.,雲來山入夢。
"Vân vũ tự vãng lai,",雲雨自往來，
Thanh sơn nguyên bất động.,青山原不動。
"Gia trú xuân ba thượng,",家住春波上，
Xuân thâm vị đắc quy.,春深未得歸。
"Đào hoa tân thuỷ trưởng,",桃花新水長，
Ứng một hoán sa ky.,應沒浣紗磯。
"Mạch đầu dương liễu chi,",陌頭楊柳枝，
Dĩ bị xuân phong xuy.,已被春風吹。
"Thiếp tâm chính đoạn tuyệt,",妾心正斷絕，
Quân hoài na đắc tri.,君懷那得知。
"Xuân uyển nhật bồi hồi,",春苑日徘徊，
Trúc đường xâm dạ khai.,竹堂侵夜開。
"Kinh điểu bài lâm độ,",驚鳥排林度，
Phong hoa cách thuỷ lai.,風花隔水來。
"Xuân đáo thanh minh hảo,",春到清明好，
Tình thiên cẩm tú văn.,晴天錦繡紋。
"Niên niên đương thử tiết,",年年當此節，
Để sự vũ phân phân.,底事雨紛紛。
"Xuân trung nhất dạ vũ,",春中一夜雨，
Thiên hạ bán niên tâm.,天下半年心。
"Khán thủ dương hoà ý,",看取陽和意，
Hỉ vô tiêu sắt ngâm.,喜無蕭瑟吟。
"Vạn thụ giang biên hạnh,",萬樹江邊杏，
Tân khai nhất dạ phong.,新開一夜風。
"Mãn viên thâm thiển sắc,",滿園深淺色，
Chiếu tại lục ba trung.,照在綠波中。
"Sính vọng đăng hương các,",騁望登香閣，
Tranh cao há thế đài.,爭高下砌臺。
"Lâm gian đạp thanh khứ,",林間踏青去，
Tịch thượng ký tiên lai.,席上寄箋來。
"Thượng uyển hà cùng thụ,",上苑何窮樹，
Hoa gian thứ đệ tân.,花間次第新。
"Hương xa dữ ti kỵ,",香車與絲騎，
Phong tĩnh diệc sinh trần.,風靜亦生塵。
"Xuân du phương thảo địa,",春遊芳草地，
Hạ thưởng lục hà trì.,夏賞綠荷池。
"Thu ẩm hoàng hoa tửu,",秋飲黃花酒，
Đông ngâm bạch tuyết thi.,冬吟白雪詩。
"Dao dạng Việt giang xuân,",搖漾越江春，
Tương tương thái bạch tần.,相將採白蘋。
"Quy thì bất giác dạ,",歸時不覺夜，
Xuất phố nguyệt tuỳ nhân.,出浦月隨人。
"Giang thuỷ xuân trầm trầm,",江水春沉沉，
Thượng hữu song trúc lâm.,上有雙竹林。
"Trúc diệp hoại thuỷ sắc,",竹葉壞水色，
Lang diệc hoại nhân tâm.,郎亦壞人心。
"Gia ký Chinh Hà ngạn,",家寄征河岸，
Chinh nhân kỷ tuế du.,征人幾歲遊。
"Bất như triều thuỷ tín,",不如潮水信，
Mỗi nhật đáo sa đầu.,每日到沙頭。
"Thừa hiểu nam hồ khứ,",乘曉南湖去，
Sâm si điệp lãng hoành.,參差疊浪橫。
"Tiền Châu tại hà xứ,",前洲在何處，
Sương lý nhạn anh anh.,霜裏雁嚶嚶。
"Thuỵ khởi khải song phi,",睡起啟窗扉，
Bất tri xuân dĩ quy.,不知春已歸。
"Nhất song bạch hồ điệp,",一雙白蝴蝶，
Phách phách sấn hoa phi.,拍拍趁花飛。
"Niểu niểu thành biên liễu,",裊裊城邊柳，
Thanh thanh mạch thượng tang.,青青陌上桑。
"Đề lung vong thái diệp,",提籠忘採葉，
Tạc dạ mộng Ngư Dương.,昨夜夢漁陽。
"Tuyết tận huyên trừu diệp,",雪盡萱抽葉，
Phong khinh thuỷ biến đài.,風輕水變苔。
"Ngọc Quan âm tín đoạn,",玉關音信斷，
Hựu kiến phát đình mai.,又見發庭梅。
"Xuân mộng tuỳ vân tán,",春夢隨雲散，
Phi hoa trục thuỷ lưu;,飛花逐水流；
Ký ngôn chúng nhi nữ:,寄言眾兒女：
Hà tất mịch nhàn sầu.,何必覓閑愁。
"Hoãn hoãn tiền đình bộ,",緩緩前庭步，
Quy mô nhất bệnh nhân.,規模一病人。
"Oanh thanh huyên vật ngoại,",鶯聲喧物外，
Tá vấn thị thuỳ xuân.,借問是誰春。
"Niên trường quy hà xứ,",年長歸何處，
Thanh sơn vị hữu gia.,青山未有家。
"Thưởng xuân vô tửu ẩm,",賞春無酒飲，
Đa khán tự trung hoa.,多看寺中花。
"Tửu bôi xuân tuý hảo,",酒杯春醉好，
Phi tuyết vãn đình nhàn.,飛雪晚庭閒。
"Cửu ức đồng tiền thưởng,",久憶同前賞，
Trung thu đối viễn san.,中秋對遠山。
"San viễn đối thu trung,",山遠對秋中，
Thưởng tiền đồng ức cửu.,賞前同憶久。
"Nhàn đình vãn tuyết phi,",閒庭晚雪飛，
Hảo tuý xuân bôi tửu.,好醉春杯酒。
"Tì hổ thiên môn túc,",貔虎千門肅，
Y quan thất phẩm thông.,衣冠七品通。
"Bạch đầu quân sĩ tại,",白頭軍士在，
Vãng vãng thuyết Nguyên Phong.,往往說元豐。
"Xuân phong như quý khách,",春風如貴客，
Nhất đáo tiện phồn hoa.,一到便繁華。
"Lai tảo thiên sơn tuyết,",來掃千山雪，
Quy lưu vạn quốc hoa.,歸留萬國花。
Nhàn đình phong vũ quá,閒庭風雨過，
Thuỵ giác vô nhân cộng,睡覺無人共。
Thâm viện tĩnh âm âm,深院靜陰陰，
Hàn liêm thần tự động,寒簾辰自動。
"Xuân sắc tam phân nhị,",春色三分二，
Nhân sinh thất thập hy.,人生七十稀。
"Điệp hồn quy nghĩ trủng,",蝶魂歸蟻塚，
Hoa biện bạc ngư y.,花瓣泊魚衣。
"Xuân thảo thanh thanh vạn lý dư,",春草青青萬里餘，
Biên thành lạc nhật kiến ly cư.,邊城落日見離居。
"Tình tri hải thượng tam niên biệt,",情知海上三年別，
Bất ký vân gian nhất chỉ thư.,不寄雲間一紙書。
"Bạch đậu tam cân trọng,",白豆三斤重，
Chất cam nhi vị hương.,質甘而味香。
"Thanh niên tăng sản đắc,",青年增產得，
Thỉnh nhĩ thường nhất thường.,請你嚐一嚐。
"Nghinh xuân vô biệt quỹ,",迎春無別饋，
Duy hữu tửu sổ tôn.,唯有酒數樽。
"Thỉnh nhĩ môn nhất tuý,",請你們一醉，
Cộng khánh thắng lợi xuân.,共慶勝利春。
"Hoa mãn trung đình tửu mãn tôn,",花滿中庭酒滿樽，
Bình minh độc toạ đáo hoàng hôn.,平明獨坐到黃昏。
"Xuân lai thi tứ thiên hà xứ,",春來詩思偏何處，
Phi quá Hàm Quan nhập đỉnh môn.,飛過函關入鼎門。
"Phi tuyết đới xuân phong,",飛雪帶春風，
Bùi hồi loạn nhiễu không.,裴回亂繞空。
"Quân khan tự hoa xứ,",君看似花處，
Thiên tại Lạc thành đông.,偏在洛城東。
"Xuân tuyết mãn không lai,",春雪滿空來，
Xúc xứ tự hoa khai.,觸處似花開。
"Bất tri viên lý thụ,",不知園裏樹，
Nhược cá thị chân mai?,若箇是真梅。
"Xuân tuyết đoạ như si,",春雪墮如簁，
Hồn gia tuý bất tri.,渾家醉不知。
"Nê lưu hổ đấu tích,",泥留虎鬥跡，
Sầu sát lộ bàng nhi.,愁殺路傍兒。
"Hồ điệp mộng trung ý,",胡蝶夢中意，
Đỗ quyên thanh ngoại sầu.,杜鵑聲外愁。
"Vấn xuân xuân bất ngữ,",問春春不語，
Liễu nhứ ám đinh châu.,柳絮暗汀洲。
"Sơn tuyền lưỡng xứ vãn,",山泉兩處晚，
Hoa liễu nhất viên xuân.,花柳一園春。
"Hoàn trì thiên nhật tuý,",還持千日醉，
Cộng tác bách niên nhân.,共作百年人。
"Hoa khai bất đồng thưởng,",花開不同賞，
Hoa lạc bất đồng bi.,花落不同悲。
"Dục vấn tương tư xứ,",欲問相思處，
Hoa khai hoa lạc thì.,花開花落時。
"Lạm thảo kết đồng tâm,",嚂草結同心，
Tương dĩ dị tri âm.,將以遺知音。
"Xuân sầu chính đoạn tuyệt,",春愁正斷絕，
Xuân điểu phục ai ngâm.,春鳥復哀吟。
"Phong hoa nhật tương lão,",風花日將老，
Giai kỳ do diểu diểu.,佳期猶渺渺。
"Bất kết đồng tâm nhân,",不結同心人，
Không kết đồng tâm thảo.,空結同心草。
Na kham hoa mãn chi,那堪花滿枝，
Phiên tác lưỡng tương tư,翻作兩相思。
Ngọc trợ thuỳ triêu kính,玉箸垂朝鏡，
Xuân phong tri bất tri.,春風知不知。
"Oa minh thanh thảo bạc,",蛙鳴青草泊，
Thiền táo thuỳ dương phố.,蟬噪垂楊浦。
"Ngô hành diệc ngẫu nhiên,",吾行亦偶然，
Cập thử tân quá vũ.,及此新過雨。
"Nhất biệt Kinh Kha khứ,",一別荊軻去，
Hạp trần mai chí câm.,匣塵埋至今。
"Vị quân trùng phất thức,",爲君重拂拭，
Sắt sắt động long ngâm.,飋飋動龍吟。
"Nam quốc Tân Phong tửu,",南國新豐酒，
Đông Sơn tiểu kỹ ca.,東山小妓歌。
"Đối quân quân bất lạc,",對君君不樂，
Hoa nguyệt nại sầu hà.,花月奈愁何。
"Đông đạo yên hà chủ,",東道煙霞主，
Tây Giang thi tửu diên.,西江詩酒筵。
"Tương phùng bất giác tuý,",相逢不覺醉，
Nhật đoạ Lịch Dương xuyên.,日墮曆陽川。
"Liễm bí tuân Long Hán,",斂轡遵龍漢，
Hàm thê độ Ngọc Quan.,銜淒渡玉關。
"Kim nhật lưu sa ngoại,",今日流沙外，
Thuỳ thế niệm sinh hoàn.,垂涕念生還。
"Thiên hạ tao mông muội,",天下遭蒙昧，
Trung thần nặc tính danh.,忠臣匿姓名。
"Trung thiên yết nhật nguyệt,",中天揭日月，
Thục bất hiện kỳ hình.,孰不現其形。
"Trùng hưởng đăng quang bạc,",蟲響燈光薄，
Tiêu hàn dược khí nùng.,宵寒藥氣濃。
"Quân liên thuỳ sí khách,",君憐垂翅客，
Tân khổ thượng tương tòng.,辛苦尚相從。
"Đả khởi hoàng oanh nhi,",打起黃鶯兒，
Mạc giao chi thượng đề.,莫教枝上啼。
"Đề thì kinh thiếp mộng,",啼時驚妾夢，
Bất đắc đáo Liêu Tê.,不得到遼西。
"Yên sơn như trường xà,",燕山如長蛇，
Thiên lý hạn Di Hán.,千里限夷漢。
"Thủ hàm tây sơn lộc,",首銜西山麓，
Vĩ quải đông hải ngạn.,尾掛東海岸。
"Tật lê trầm Bắc thuỷ,",蒺藜沉北水，
Lý tử thụ Nam thiên.,李子樹南天。
"Tứ phương qua can tĩnh,",四方戈杆靜，
Bát biểu hạ bình yên.,八表賀平安。
"Xuy tiêu lăng cực phố,",吹簫淩極浦，
Nhật mộ tống phu quân.,日暮送夫君。
"Hồ thượng nhất hồi thủ,",湖上一回首，
Thanh sơn quyển bạch vân.,青山卷白雲。
"Không khoát hồ thuỷ quảng,",空闊湖水廣，
Thanh huỳnh thiên sắc đồng.,青熒天色同。
"Nghĩ chu nhất trường khiếu,",艤舟一長嘯，
Tứ diện lai thanh phong.,四面來清風。
"Thuỷ lục thảo mộc chi hoa, khả ái giả thậm phồn. Tấn Đào Uyên Minh độc ái cúc; tự Lý Đường lai, thế nhân thịnh ái mẫu đơn; dư độc ái liên chi xuất ứ nê nhi bất nhiễm, trạc thanh liên nhi bất yêu, trung thông ngoại trực, bất mạn bất chi, hương viễn ích thanh, đình đình tịnh thực, khả viễn quan nhi bất khả tiết ngoạn yên. Dư vị cúc, hoa chi ẩn dật giả dã; mẫu đơn, hoa chi phú quý giả dã; liên, hoa chi quân tử giả dã. Y! Cúc chi ái, Đào hậu tiển hữu văn; liên chi ái, đồng dư giả hà nhân; mẫu đơn chi ái, nghi hồ chúng hĩ.",水陸草木之花，可愛者甚蕃。晉陶淵明獨愛菊；自李唐來，世人盛愛牡丹；予獨愛蓮之出淤泥而不染 ，濯清漣而不妖，中通外直，不蔓不枝，香遠益清，亭亭靜植，可遠觀而不可褻玩焉。予謂菊，花之隱逸者也；牡 丹，花之富貴 者也；蓮，花之君子者也。噫！菊之愛，陶後鮮有聞；蓮之愛，同予者何人；牡丹之愛，宜乎眾矣。
"Đăng pha đà chi trường bản hề,",登陂阤之長阪兮，
Bộn nhập tằng cung chi tha nga.,坌入曾宮之嵯峨。
"Lâm khúc giang chi kỳ châu hề,",臨曲江之隑州兮，
Vọng nam sơn chi sâm si.,望南山之參差。
"Nham nham thâm sơn chi hồng hồng hề,",巖巖深山之谾谾兮，
Thông cốc hoát hồ hàm ha.,通谷𧯆乎𧮰谺。
"Cốt hức hấp tập dĩ vĩnh thệ hề,",汩淢噏習以永逝兮，
Chú bình cao chi quảng diễn.,注平臯之廣衍。
"Quan chúng thụ chi ống ái hề,",觀眾樹之蓊薆兮，
Lãm trúc lâm chi trăn trăn.,覽竹林之榛榛。
"Đông trì thổ sơn hề,",東馳土山兮，
Bắc yết thạch lại.,北揭石瀨。
"Nhị tiết dung dữ hề,",弭節容與兮，
Lịch điếu Nhị Thế.,歷弔二世。
"Trì thân bất cẩn hề,",持身不謹兮，
Vong quốc thất thế.,亡國失埶。
"Tín sàm bất ngộ hề,",信讒不寤兮，
Tông miếu diệt tuyệt.,宗廟滅絕。
Ô hô ai tai!,嗚呼哀哉！
"Tháo hạnh chi bất đắc hề,",操行之不得兮，
"Mộ vu uế nhi bất tu hề,",墓蕪穢而不修兮，
Hồn vong quy nhi bất thực.,魂亡歸而不食。
"Quýnh mạc tuyệt nhi bất tề hề,",敻邈絕而不齊兮，
Di cửu viễn nhi dũ mại.,彌久遠而愈佅。
"Tinh võng lãng nhi phi dương hề,",精罔閬而飛揚兮，
Thập cửu thiên nhi vĩnh thệ.,拾九天而永逝。
Ô hô ai tai!,嗚呼哀哉！
"Lục vương tất, tứ hải nhất,",六王畢、四海一、
"Thục sơn ngột, A Phòng xuất.",蜀山兀、阿房出。
"Phú áp tam bách dư lý, cách ly thiên nhật.",覆壓三百餘里、隔離天日。
"Ly sơn bắc cấu nhi tây chiết, trực tẩu Hàm Dương.",驪山北構而西折、直走咸陽。
"Nhị xuyên dung dung, lưu nhập cung tường.",二川溶溶、流入宮牆。
"Ngũ bộ nhất lâu, thập bộ nhất các,",五步一樓、十步一閣、
"Lang yêu mạn hồi, thiềm nha cao trác.",廊腰縵迴、簷牙高啄。
"Các bão địa thế, câu tâm đấu giác.",各抱地勢、鉤心鬥角。
"Bàn bàn yên, khuân khuân yên,",盤盤焉、囷囷焉、
"Phong phòng thuỷ oa, súc bất tri kỳ kỷ thiên vạn lạc.",蜂房水渦、矗不知其幾千萬落。
"Trường kiều ngoạ ba, vị vân hà long?",長橋臥波、未雲何龍？
"Phức đạo hành không, bất tễ hà hồng?",複道行空、不霽何虹？
"Cao đê minh mê, bất tri tây đông.",高低冥迷、不知西東。
"Ca đài noãn hưởng, xuân quang dung dung.",歌臺暖響、春光融融。
"Vũ điện lãnh tụ, phong vũ thê thê.",舞殿冷袖、風雨淒淒。
"Nhất nhật chi nội, nhất cung chi gian, nhi khí hậu bất tề.",一日之內、一宮之間、而氣候不齊。
"Phi tần dắng tường, vương tử hoàng tôn, từ lâu hạ điện liễn lai ư Tần.",妃嬪媵嬙、王子皇孫、辭樓下殿輦來於秦。
"Triêu ca dạ huyền, vi Tần cung nhân.",朝歌夜絃、為秦宮人。
"Minh tinh huỳnh huỳnh, khai trang kính dã,",明星熒熒、開妝鏡也、
"Lục vân nhiễu nhiễu, sơ hiểu hoàn dã,",綠雲擾擾、梳曉鬟也、
"Vị lưu trướng nhị, khí chi thuỷ dã,",渭流漲膩、棄脂水也、
"Yên tà vụ hoành, phần tiêu lan dã,",煙斜霧橫、焚椒蘭也、
"Lôi đình sạ kinh, cung xa quá dã,",雷霆乍驚、宮車過也、
"Lộc lộc viễn thính, yểu bất tri kỳ sở chi dã.",轆轆遠聽、杳不知其所之也。
"Nhất cơ nhất dung, tận thái cực nghiên,",一肌一容、盡態極妍、
"Mạn lập viễn thị nhi vọng hạnh yên,",縵立遠視而望幸焉、
Hữu bất đắc kiến giả tam lục niên.,有不得見者三六年。
"Yên Triệu thu tàng, Hàn Nguỵ chi kinh doanh,",燕趙收藏、韓魏之經營、
"Tề Sở chi tinh anh, kỷ thế kỷ niên, thủ lược kỳ nhân, ỷ điệp như sơn.",齊楚之精英、幾世幾年、取掠其人、倚疊如山。
"Nhất đán bất năng hữu, thâu lai kỳ gian.",一旦不能有、輸來其間。
"Đỉnh sanh ngọc thạch, kim khối châu lịch, khí trịch lệ dĩ.",鼎鐺玉石、金塊珠礫、棄擲邐迤。
"Tần nhân thị chi, diệc bất thậm tích.",秦人視之、亦不甚惜。
Ta hồ!,嗟乎！
"Nhất nhân chi tâm, thiên vạn nhân chi tâm dã.",一人之心、千萬人之心也。
"Tần ái phân xa, nhân diệc niệm kỳ gia.",秦愛紛奢、人亦念其家。
"Nại hà thủ chi tận truy thù, dụng chi như nê sa!",奈何取之盡錙銖、用之如泥沙！
"Sử phụ đống chi trụ, đa ư nam mẫu chi nông phu,",使負棟之柱、多於南畝之農夫、
"Giá lương chi chuyên, đa ư cơ thượng chi công nữ,",架梁之椽、多於機上之工女、
"Đinh đầu lân lân, đa tại dữu chi túc lạp,",釘頭磷磷、多在庾之粟粒、
"Ngoã phùng tham soa, đa ư chu thân chi bạch lũ,",瓦縫參差、多於周身之帛縷、
"Trực lan hoành hạm, đa ư cửu thổ chi thành quách,",直欄橫檻、多於九土之城郭、
"Quản huyền ẩu á, đa ư thị nhân chi ngôn ngữ.",管絃嘔啞、多於市人之言語。
"Sử thiên hạ chi nhân bất cảm ngôn nhi cảm nộ,",使天下之人不敢言而敢怒、
"Độc phu chi tâm, nhật ích kiêu cố.",獨夫之心、日益驕固。
"Thú tốt khiếu, Hàm Cốc cử,",戍卒叫、函谷舉、
"Sở nhân nhất cự, khả liên tiêu thổ!",楚人一炬、可憐焦土！
Ô hô!,嗚呼！
"Diệt lục quốc giả, lục quốc dã, phi Tần dã,",滅六國者、六國也、非秦也、
"Tộc Tần giả, Tần dã, phi thiên hạ dã.",族秦者、秦也、非天下也。
Ta hồ!,嗟乎！
"Sử lục quốc các ái kỳ nhân, tắc túc dĩ cự Tần,",使六國各愛其人、則足以拒秦、
"Tần phục ái lục quốc chi nhân, tắc đệ tam thế khả chí;",秦復愛六國之人、則遞三世可至、
"Vạn thế nhi vi quân, thuỳ đắc nhi tộc diệt dã?",萬世而為君、誰得而族滅也。
"Tần nhân bất hạ tự ai, nhi hậu nhân ai chi,",秦人不暇自哀、而後人哀之、
"Hậu nhân ai chi nhi bất giám chi,",後人哀之而不鑑之、
Diệc sử hậu nhân phục ai hậu nhân dã!,亦使後人復哀後人也！
Khách hữu:,客有：
"Quải hạn mạn chi phong phàm,",掛汗漫之風帆，
Thập hạo đãng chi hải nguyệt.,拾浩蕩之海月。
"Triêu dát huyền hề Nguyên, Tương,",朝嘎舷兮沅湘，
Mộ u thám hề Vũ huyệt.,暮幽探兮禹穴。
"Cửu Giang, Ngũ Hồ,",九江五湖，
"Tam Ngô, Bách Việt.",三吳百粵。
"Nhân tích sở chí,",人跡所至，
Mị bất kinh duyệt.,靡不經閱。
"Hung thôn Vân Mộng giả sổ bách nhi,",胸吞雲夢者數百而，
Tứ phương tráng chí do khuyết như dã.,四方壯志猶闕如也。
"Nãi cử tiếp hề trung lưu,",乃舉楫兮中流，
Túng Tử Trường chi viễn du.,縱子長之遠遊。
"Thiệp Đại Than khẩu,",涉大灘口，
Tố Đông Triều đầu.,溯東潮頭。
"Để Bạch Đằng giang,",抵白藤江，
Thị phiếm thị phù.,是泛是浮。
"Tiếp kình ba ư vô tế,",接鯨波於無際，
Trám diêu vĩ chi tương mâu.,蘸繇尾之相繆。
"Thuỷ thiên nhất sắc,",水天一色，
Phong cảnh tam thu.,風景三秋。
"Chử địch ngạn lô,",渚获岸蘆，
Sắt sắt sâu sâu.,瑟瑟颼颼。
"Chiết kích trầm giang,",折戟沉江，
Khô cốt doanh khâu.,枯骨盈丘。
"Thảm nhiên bất lạc,",慘然不樂，
Trữ lập ngưng mâu.,佇立凝眸。
"Niệm hào kiệt chi dĩ vãng,",念豪傑之已往，
Thán tung tích chi không lưu.,嘆蹤跡之空留。
"Giang biên phụ lão,",江邊父老，
Vị ngã hà cầu.,謂我何求。
"Hoặc phù lê trượng,",或扶黎杖，
Hoặc trạo cô châu.,或棹孤舟。
Ấp dư nhi ngôn viết:,揖余而言曰：
"“Thử Trùng Hưng nhị thánh cầm Ô Mã Nhi chi chiến địa,",此重興二聖擒烏馬兒之戰地，
Dữ tích thời Ngô thị phá Lưu Hoằng Thao chi cố châu dã.”,與昔時吳氏破劉弘操之故洲也。
Đương kỳ:,當期：
"Trục lô thiên lý,",舳艫千里，
Tinh kỳ ỷ nỉ.,旌旗旖旎。
"Tỳ hưu lục quân,",貔貅六軍，
Binh nhẫn phong khỉ.,兵刃蜂起。
"Thư hùng vị quyết,",雌雄未決，
Nam Bắc đối luỹ.,南北對壘。
"Nhật nguyệt hôn hề vô quang,",日月昏兮無光，
Thiên địa lẫm hề tương huỷ.,天地凜兮將毀。
Bỉ:,彼：
"Tất Liệt chi thế cường,",必烈之勢強，
Lưu Cung chi kế quỷ.,劉龔之計詭。
"Tự vị đầu tiên,",自謂投鞭，
Khả tảo Nam kỷ.,可掃南紀。
Ký nhi:,既而：
"Hoàng thiên trợ thuận,",皇天助順，
Hung đồ phi mỵ.,凶徒披靡。
"Mạnh Đức Xích Bích chi sư đàm tiếu phi hôi,",孟德赤壁之師談笑飛灰，
Bồ Kiên Hợp Phì chi trận tu du tống tử.,符堅合淝之陣須臾送死。
"Chí kim giang lưu,",至今江流，
Chung bất tuyết sỉ.,終不雪恥。
"Tái tạo chi công,",再造之功，
Thiên cổ xưng mỹ.,千古稱美。
Tuy nhiên:,雖然：
"Tự hữu vũ trụ,",自有宇宙，
Cố hữu giang san.,故有江山。
"Tín thiên tạm chi thiết hiểm,",信天塹之設險，
Lại nhân kiệt dĩ điện an.,賴人傑以奠安。
"Mạnh Tân chi hội ưng dương nhược Lã,",孟津之會鷹揚箬呂，
Duy Thuỷ chi chiến quốc sĩ như Hàn.,濰水之戰國士如韓。
"Duy thử giang chi đại tiệp,",惟此江之大捷，
Do đại vương chi tặc nhàn.,猶大王之賊閒。
"Anh phong khả tưởng,",英風可想，
Khẩu bi bất san.,口碑不刊。
"Hoài cổ nhân hề vẫn thế,",懷古人兮隕涕，
Lâm giang lưu hề hậu nhan.,臨江流兮厚顏。
Hành thả ca viết:,行且歌曰：
"“Đại giang hề cổn cổn,",大江兮滾滾，
Hồng đào cự lãng hề triều tông vô tận.,洪濤巨浪兮朝宗無盡。
"Nhân nhân hề văn danh,",仁人兮聞名，
Phỉ nhân hề câu dẫn.”,匪人兮俱泯。
Khách tòng nhi canh ca viết:,客從而賡歌曰：
"“Nhị thánh hề tịnh minh,",二聖兮並明，
Tựu thử giang hề tẩy giáp binh.,就此江兮洗甲兵。
"Hồ trần bất cảm động hề, thiên cổ thăng bình.",胡塵不敢動兮，千古昇平。
"Tín tri: bất tại quan hà chi hiểm hề,",信知：不在關河之險兮，
Duy tại ý đức chi mạc kinh.”,惟在懿德之莫京。
Ô hô!,嗚呼！
Hoa di vọng trọng;,華夷望重；
Xã tắc công cao.,社稷功高。
Mai sổ Tống triều cự tuấn;,枚數宋朝巨俊；
Kỷ như Khấu lão thời mao.,幾如寇老辰髦。
"Hà cố bất tại trung thư, điều đỉnh nhiệm Thương hành chi trọng;",何故不在中書，調鼎任商衡之重；
"Khước nãi viễn lâm sa tái, chiết xung đương Hán khổn chi lao.",却乃遠臨沙塞，折衝當漢閫之勞。
Tất cánh:,畢竟：
Kiến kỵ vu nhân;,見忌于人；
Nan bình giả sự.,難平者事。
Yêu minh sỉ thậm ư Chân Tông;,要盟恥甚於眞宗；
Tự ước cừu thâm ư Vương tử.,沮約仇深於王子。
"Thiền Uyên hạ bế môn thúc thủ, bỉ ký giao túc oán chi vị thư;",澶淵下閉門束手，彼既膠宿怨之未舒；
"Thái Sơn điên điệp ngọc nê kim, tư cánh lự gian mưu chi kiến tự.",泰山巔牒玉泥金，玆更慮奸謀之見沮。
Cố cửu yêm hà thượng chi cao tường;,故久淹河上之翶翔；
Khởi đặc vị sóc phương chi hãn ngữ.,豈特爲朔方之桿禦。
"Thế sự phù vân, bão kiến cẩu y biến thái.",世事浮雲，飽見狗衣變態。
"Lợi trường nhiệt hoả, không giáo nghĩ khổn thành hôi.",利腸熱火，空教蟻悃成灰。
"Trị thử Lê thị thỉ cương, bỉ Tây cừ cấu nạn.",値此黎氏弛綱，彼西渠搆難。
"Sạ thính Ô châu cổ động, dũng dược khu đoàn hổ chi quần dương.",乍聽烏州鼓動，踴躍驅摶虎之羣羊。
"Điều văn long đỗ chung di, gian quan cân độ giang chi thất mã.",條聞龍肚鐘移，間關跟渡江之匹馬。
"Văn dục phấn, phụ sơn chi thế,",蚊欲奮，負山之勢，
"Hồ nghĩ dương, thác hổ chi uy.",狐擬揚，托虎之威。
"Tồn cô sơ học Tấn Trình Anh, chuyển tác Bao Tư phục Sở tá.",存孤初學晉程嬰，轉作包胥復楚佐。
"Hán hậu hy hàn nhụ tử, phiên thành Tín Quốc tù Yên.",漢後希韓孺子，翻成信國囚燕。
"Ngộ cơ chi biến mi thường, hành sự chi tình hà hạ.",遇機之變靡常，行事之情何暇。
"Vạn lý tằng kinh đông tuyết, mộc đầu vị thế nhi tự khôn.",萬里曾經冬雪，沐頭未剃而自髠。
"Thập niên vô nại bắc phong, xuy quan bất huỷ nhi tận liệt.",十年無奈北風，吹冠不毀而盡裂。
"Tâm phảng phất thổ nê chi dẫn, thân y hy đầu chúc chi nga.",心彷彿吐泥之蚓，身依稀投爥之蛾。
"Trở nhự trường cẩu ổ kê tê, lạc an hữu địa.",沮洳場狗塢鷄栖，樂安有地。
"U tù cảnh thử can trùng tí, tặc dư tuỳ thiên.",幽囚境鼠肝蟲臂，賊予隨天。
"Phương thốn trung duy thận vu tòng, chức phận nội hạt năng vô quý.",方寸中惟愼于從，職分內曷能無愧。
"Bắc hải vị sinh, mã giác ti oanh quế lĩnh cửu hồi trường.",北海未生，馬角絲縈桂嶺九迴腸。
"Đỉnh hồ mạc đãi, long nhiêm cầu tích băng thiên song quán lệ.",鼎湖莫逮，龍髯球滴冰天雙串淚。
"Công nghĩa dĩ phi cảm vọng, tư tình phu phục hà ngôn.",公義已非敢望，私情夫復何言。
"Bạch vân toả thụ chỉ du phần, không chúc hệ thư chi nhạn.",白雲鎖樹指楡枌，空囑繫書之雁。
"Hồng nhật hàm sơn chiêm Dĩ Hỗ, thiên tàm phản bô chi ô.",紅日含山瞻屺岵，偏慚反哺之烏。
"Trí sử trung hiếu tự chi lưỡng khuy, vi khiếm bô bá thần chi nhất tử.",致使忠孝字之兩虧，爲欠逋播臣之一死。
"Ta tự cổ thuỳ năng vô tử, dục liễu phận khủng hoặc thương nhân.",嗟自古誰能無死，欲了分恐或傷仁。
"Thả vi nhân thục bất duyệt sinh, dục tòng quyền khủng vưu hại nghĩa.",且爲人孰不悅生，欲從權恐尤害義。
"Minh bạch đãn tuần thiên lý, thư hoàng hề quản nhân ngôn.",明白但循天理，雌黄奚管人言。
"Ngưu mã nhậm kỳ hô, vô tu tâm tức vô quý sắc.",牛馬任其呼，無羞心卽無愧色。
"Long xà an sở ngộ, bất oán thiên diệc bất vưu nhân.",龍蛇安所遇，不怨天亦不尤人。
Ô hô!,嗚呼。
"Thú hựu thủ khâu chi hồ, cầm hựu nam chi chi điểu.",獸有首邱之狐，禽有南枝之鳥。
"Tống Trân Bùi Bá [Kỳ] tại tích, củng bắc kiến đan trung.",宋珍裴伯[耆]在昔，拱北見丹衷。
"Duy Liêu Lê Quang Bí hà nhân, chỉ nam hoàn tố nguyện.",惟僚黎光賁何人，指南完素願。
"Nhi kim dư sinh do vị mẫn, hạo thủ cánh hà quy.",而今餘生猶未冺，皓首竟何歸。
"Du du bỉ thiên, hạt kỳ hữu cực.",悠悠彼天，曷其有極。
"Khách hữu phương thiên khê, chu vạn hác. Thuấn Kỳ Phong, võ Triền Lạc. Lịch Nghiêm lại nhi tả toàn, chỉ Bàn Khê nhi kính bạc. Nga yên thụ chi vi mang, đạm phong vân chi mãng mạc. Kiển trung tâm hề dao dao, niệm giai hứng hề di ngạc. Hốt sương nhiêm chi lão tẩu, xanh vi hàng nhi dao độ.",客有方千溪，舟萬壑。舜岐豐，武瀍洛。礫嚴瀨而左旋，指磻溪而徑泊。睋煙樹之微茫，澹風雲之莽漠。褰中心兮搖搖，念佳興兮貽愕。忽霜髯之老叟，撐葦航而遙渡。
"Khách xu nhi vấn chi, tẩu viết: Tử bất văn Thái Công chi điếu hoàng giả hồ? Đương kỳ ngược diễm phương xí, Thương thất như huỷ, Bách xuyên phất đằng, Chu đạo như chỉ. Công tỵ đạo nhi khứ chiên, viên vu tư hề lệ chỉ. Thác dĩ điếu nhi ẩn chi, khương cao thượng kỳ tâm chí. Thìn kỳ tình không liễm diễm, biệt phố sâm si, hàn ba luyện nhược, khê thuỷ liên y; niểu trúc can chi địch địch, tản hương nhĩ chi phi phi. Hoặc yển hoặc lý, du dương hồ hạnh tảo chi thượng, hoặc chiên hoặc vị, dương ngữ hồ chiểu chỉ chi my; nhậm bỉ sở thích, phỉ ngã thị kỳ.",客趨而問之，叟曰：子不聞太公之釣璜者乎？當其虐焰方熾，商室如燬，百川沸騰，周道如砥。公避道而去旃，爰于茲兮戾止。托以釣而隱之，姜高尚其心志。辰其晴空瀲灩，別浦參差，寒波練若，溪水漣漪；裊竹竿之籊籊，散香餌之菲菲。或鰋或鯉，遊揚乎荇藻之上；或鱣或鮪，洋圉乎沼沚之湄。任彼所適，匪我是期。
"Thúc hữu hoàng chi hề tự, phân ngã điếu nhi ngộ chi. Tưởng hoàng thiên chi tích thuỵ, khỉ xuyên cơ chi hiệu kỳ. Trạng loại bán bích, vô hà vô tỳ. Phỉ thông phỉ tuy, phỉ châu phỉ ky, như khuê như chương, như tông như ly. Kỳ cương nghị dã khả dĩ tỷ công chi dũng liệt, kỳ kiên ngạnh dã khả dĩ giảo công chi thọ kỳ, kỳ chẩn lật dã khả dĩ bễ công chi tiết tháo, kỳ ôn nhuận dã khả dĩ thị công chi dung nghi, kỳ thuỵ quang dã khả dĩ giảo công tá vương chi tượng, kỳ thương sắc dã khả dĩ biểu Chu gia thụ mệnh chi ky. Khởi phi thiên giáng quyết tường dĩ chương quân thần chi đức ư đương thời hồ?",倏有璜之奚自，紛我釣而遇之。想皇天之錫瑞，豈川姬之效奇。狀類半壁，無瑕無疵。匪璁匪雖，匪珠匪璣，如珪如璋，如琮如璃。其剛毅也可以比公之勇烈，其堅硬也可以較公之壽耆，其縝栗也可以媲公之節操，其溫潤也可以視公之容儀，其瑞光也可以較公佐王之象，其蒼色也可以表周家受命之基。豈非天降厥祥以章君臣之德於當時乎？
"Chí nhược Tây Bá xuất liệp ư bỉ chi cương, thức kỳ hiền triết, đồng tải dĩ trang, suy Thượng phủ dĩ mệnh danh, cầu thị ngã ư chu hàng. Duy lương bỉ chi vũ thần, viết ngã Chu chi thị đương. Nãi đồng tâm nhi hiệp đức, cung thiên phạt nhi túc tương, chí tiền đồ chi đảo qua, lượng nhất phạt nhi khắc Thương. Viên sùng đức nhi báo công, tỷ Chu tộ chi ích xương. Y! thiên mệnh chi như thử, khỉ phi thiên tích ngọc hoàng nhi thị quyết tường giả hồ?",至若西伯出獵於彼之疆，識其賢哲，同載以裝，推上父以命名，求示我於周行。唯涼彼之武臣，曰我周之是當。乃同心而協德，恭天伐而肅將，至前徒之倒戈，諒一伐而克商。爰崇德而報功，俾周祚之益昌。噫！天命之如此，豈非天錫玉璜而示厥祥者乎？
"Khách nan chi viết: tẩu chi ngôn vu hỹ, hà lục kinh vô nhất tự chi ký, tiên triết tuyệt bán ngữ chi từ?",客難之曰：叟之言蕪矣，何六經無一字之記，先哲絕半語之詞？
"Tẩu ngữ chi viết: tử đồ đạm văn, vị thường hải thị. Bất hữu kỳ tường, thục minh chí lý? Hà xuất long mã, dĩ hiệu Hy thị hữu đức chi trưng, thiên tích Huyền Khuê dĩ biểu Đại Vũ bình thành chi trị, khởi bất thị dĩ minh trưng nhi biểu kỳ gia thuỵ giả hồ?",叟語之曰：子徒窞聞，未常海視。不有奇祥，孰明至理？河出龍馬以效羲氏有德之徵，天錫玄圭以表大禹平成之治，豈不示以明徵而表其嘉瑞者乎？
"Tẩu ngôn dĩ, cổ duệ nhi thệ.",叟言已，鼓枻而逝。
"Khách nhược hữu thất, thiểu nhiên trường vị. Nãi ca viết:",客若有失，愀然長喟。乃歌曰：
"Bàn Khê chi thuỷ, thanh thả liên y!",磻溪之水，清且漣漪！
"Điếu hoàng chi sự, kim kỳ dĩ phi,",釣璜之事，今其已非，
"Thái Công phương hình hề, thiên cổ như ty.",太公芳型兮，千古如斯。
"Cửu nguyệt thâm thu hề, tứ dã phi sương,",九月深秋兮，四野飛霜，
"Thiên cao thuỷ hạc hề, hàn nhạn bi thương.",天高水涸兮，寒雁悲傷。
"Tối khổ nhung biên hề, nhật dạ bàng hoàng,",最苦戎邊兮，日夜徬徨，
"Phi kiên chấp nhuệ hề, cốt lật sa cương.",披肩執銳兮，骨慄沙崗。
"Ly gia thập niên hề, phụ mẫu sinh biệt,",離家十年兮，父母生別，
"Thê tử hà kham hề, độc túc cô phòng.",妻子何堪兮，獨宿孤房。
"Tuy hữu du điền hề, thuỳ dữ chi thủ,",雖有腴田兮，誰與之守，
"Lân gia tửu thục hề, thục dữ chi thường.",鄰家酒熟兮，孰與之嚐。
"Bạch phát y môn hề, vọng xuyên thu thuỷ,",白髮依門兮，望穿秋水，
"Trĩ tử ức niệm hề, lệ đoạn can trường.",稚子憶念兮，淚斷肝腸。
"Hồ mã tê phong hề, thượng tri luyến thổ,",胡馬嘶風兮，尚知戀土，
"Nhân sinh khách cửu hề, ninh vong cố hương.",人生客久兮，寧忘故鄉。
"Nhất đán giao binh hề, đạp nhẫn nhi tử,",一旦交兵兮，踏刃而死，
"Cốt nhục vi nê hề, suy thảo hào lương.",骨肉為泥兮，衰草濠梁。
"Hồn phách du du hề, uổng tri sở ỷ,",魂魄悠悠兮，枉知所倚，
"Tráng chí liêu liêu hề, phó chi hoang đường.",壯志寥寥兮，付之荒唐。
"Đương thử vĩnh dạ hề, truy tư thoái tỉnh,",當此永夜兮，追思退省，
"Cập tảo tán Sở hề, miễn tử thù phương.",及早散楚兮，免死殊方。
"Ngã ca khởi đản hề, thiên khiển cáo nhữ,",我歌豈誕兮，天譴告汝，
"Nhữ kỳ tri mệnh hề, vật vị diểu mang.",汝其知命兮，勿謂渺茫。
"Hán vương hữu đức hề, hàng quân bất sát,",漢王有德兮，降軍不殺，
"Ai cáo quy tịch hề, phóng nhữ ngao tường.",哀告歸籍兮，放汝翱翔。
"Vật thủ không doanh hề, lương đạo dĩ tuyệt,",勿守空營兮，糧道已絕，
"Chỉ nhật cầm Vũ hề, ngọc thạch câu thương.",指日擒羽兮，玉石俱傷。
"Sở chi thanh hề, tán Sở tốt,",楚之聲兮，散楚卒，
"Ngã năng xuy hề, hiệp lục luật.",我能吹兮，協六律。
"Ngã phi Tư hề, phẩm Đan Dương,",我非胥兮，品丹陽，
"Ngã phi Trâu hề, ca Yên Thất.",我非鄒兮，歌燕室。
"Tiên âm triệt hề, thông cửu thiên,",仙音徹兮，通九天，
"Thu phong khởi hề, sở vong nhật.",秋風起兮，楚亡日。
"Sở tức vong hề, nhữ yên quy?",楚即亡兮，汝焉歸？
"Thì bất đãi hề, như điện tật.",時不待兮，如電疾。
"Ca hề ca hề tam bách tự,",歌兮歌兮三百字，
Tự tự cú cú hữu thâm ý.,字字句句有深意。
"Vọng nhữ mạc tác đẳng nhàn khan,",望汝莫作等閒看，
"Nhập nhĩ quan tâm, nhĩ môn lao lao địa cẩn ký.",入耳關心，你們牢牢地謹記。
Đại thiên hành hoá hoàng thượng nhược viết:,代天行化皇上若曰。
Cái văn:,蓋聞：
"Nhân nghĩa chi cử, yếu tại an dân,",仁義之舉，要在安民，
"Điếu phạt chi sư, mạc tiên khử bạo.",弔伐之師，莫先去暴。
"Duy, ngã Đại Việt chi quốc,",惟，我大越之國，
Thực vi văn hiến chi bang.,實為文獻之邦。
"Sơn xuyên chi phong vực ký thù,",山川之封域既殊，
Nam bắc chi phong tục diệc dị.,南北之風俗亦異。
"Tự Triệu, Đinh, Lý, Trần chi triệu tạo ngã quốc,",自趙丁李陳之肇造我國，
"Dữ Hán, Đường, Tống, Nguyên nhi các đế nhất phương.",與漢唐宋元而各帝一方。
"Tuy cường nhược thì hữu bất đồng,",雖強弱時有不同
Nhi hào kiệt thế vị thường phạp.,而豪傑世未常乏。
"Cố Lưu Cung tham công dĩ thủ bại,",故劉龔貪功以取敗，
Nhi Triệu Tiết hiếu đại dĩ xúc vong.,而趙禼好大以促亡。
"Toa Đô ký cầm ư Hàm Tử quan,",唆都既擒於鹹子關，
Ô Mã hựu ế ư Bạch Đằng hải.,烏馬又殪於白藤海。
"Kê chư vãng cổ,",嵇諸往古，
Quyết hữu minh trưng.,厥有明徵。
Khoảnh nhân Hồ chính chi phiền hà.,頃因胡政之煩苛。
Chí sử nhân tâm chi oán bạn.,至使人心之怨叛。
"Cuồng Minh tứ khích, nhân dĩ độc ngã dân;",狂明伺隙，因以毒我民；
"Ác đảng hoài gian, cánh dĩ mại ngã quốc.",惡黨懷奸，竟以賣我國。
"Hân thương sinh ư ngược diễm,",焮蒼生於虐焰，
Hãm xích tử ư hoạ khanh.,陷赤子於禍坑。
"Khi thiên võng dân, quỷ kế cái thiên vạn trạng;",欺天罔民，詭計蓋千萬狀；
Liên binh kết hấn nẫm ác đãi nhị thập niên.,連兵結釁稔惡殆二十年。
"Bại nghĩa thương nhân, càn khôn kỷ hồ dục tức;",敗義傷仁，乾坤幾乎欲息；
"Trọng khoa hậu liễm, sơn trạch mi hữu kiết di.",重科厚歛，山澤靡有孑遺。
"Khai kim trường tái mạo lam chướng nhi phủ sơn đào sa,",開金場塞冒嵐瘴而斧山淘沙，
Thái minh châu tắc xúc giao long nhi căng yêu thộn hải.,採明珠則觸蛟龍而緪腰汆海。
"Nhiễu dân thiết huyền lộc chi hãm tịnh,",擾民設玄鹿之陷阱，
Điển vật chức thuý cầm chi võng la.,殄物織翠禽之網羅。
"Côn trùng thảo mộc giai bất đắc dĩ toại kỳ sinh,",昆虫草木皆不得以遂其生，
Quan quả điên liên câu bất hoạch dĩ an kỳ sở.,鰥寡顛連俱不獲以安其所。
Tuấn sinh linh chi huyết dĩ nhuận kiệt hiệt chi vẫn nha;,浚生靈之血以潤桀黠之吻牙；
Cực thổ mộc chi công dĩ sùng công tư chi giải vũ.,極土木之功以崇公私之廨宇。
"Châu lý chi chinh dao trọng khốn,",州里之征徭重困，
Lư diêm chi trữ trục giai không.,閭閻之杼柚皆空。
"Quyết Đông Hải chi thuỷ bất túc dĩ trạc kỳ ô,",決東海之水不足以濯其污，
Khánh Nam Sơn chi trúc bất túc dĩ thư kỳ ác.,罄南山之竹不足以書其惡。
"Thần dân chi sở cộng phẫn,",神民之所共憤，
Thiên địa chi sở bất dung.,天地之所不容。
Dư:,予：
"Phấn tích Lam Sơn,",奮跡藍山，
Thê thân hoang dã.,棲身荒野。
"Niệm thế thù khởi khả cộng đới,",念世讎豈可共戴，
Thệ nghịch tặc nan dữ câu sinh.,誓逆賊難與俱生。
"Thống tâm tật thủ giả thuỳ thập dư niên,",痛心疾首者垂十餘年，
Thường đảm ngoạ tân giả cái phi nhất nhật.,嘗膽臥薪者蓋非一日。
"Phát phẫn vong thực, mỗi nghiên đàm thao lược chi thư,",發憤忘食，每研覃韜略之書，
"Tức cổ nghiệm kim, tế suy cứu hưng vong chi lý.",即古驗今，細推究興亡之理。
"Đồ hồi chi chí,",圖回之志，
Ngộ mị bất vong.,寤寐不忘。
"Đương nghĩa kỳ sơ khởi chi thì,",當義旗初起之時，
Chính tặc thế phương trương chi nhật.,正賊勢方張之日。
Nại dĩ:,奈以：
"Nhân tài thu diệp,",人才秋葉，
Tuấn kiệt thần tinh.,俊傑晨星。
"Bôn tẩu tiên hậu giả ký phạp kỳ nhân,",奔走先後者既乏其人，
Mưu mô duy ác giả hựu quả kỳ trợ.,謀謨帷幄者又寡其助。
"Đặc dĩ cứu dân chi niệm, mỗi uất uất nhi dục đông;",特以救民之念，每鬱鬱而欲東；
"Cố ư đãi hiền chi xa, thường cấp cấp dĩ hư tả.",故於待賢之車，常汲汲已虛左。
Nhiên kỳ:,然其：
"Đắc nhân chi hiệu mang nhược vọng dương,",得人之效茫若望洋，
Do kỷ chi thành thậm ư chửng nịch.,由己之誠甚於拯溺。
"Phẫn hung đồ chi vị diệt,",憤兇徒之未滅，
Niệm quốc bộ chi tao truân.,念國步之遭迍。
"Linh Sơn chi thực tận kiêm tuần,",靈山之食盡兼旬，
Khôi Huyện chi chúng vô nhất lữ.,瑰縣之眾無一旅。
"Cái thiên dục khốn ngã dĩ giáng quyết nhiệm,",蓋天欲困我以降厥任，
Cố dữ ích lệ chí dĩ tế vu nan.,故與益勵志以濟于難。
"Yết can vi kỳ, manh lệ chi đồ tứ tập;",揭竿為旗，氓隸之徒四集
"Đầu giao hưởng sĩ, phụ tử chi binh nhất tâm.",投醪饗士，父子之兵一心。
"Dĩ nhược chế cường, hoặc công nhân chi bất bị;",以弱制彊，或攻人之不備；
Dĩ quả địch chúng thường thiết phục dĩ xuất kỳ.,以寡敵眾常設伏以出奇。
Tốt năng:,卒能：
"Dĩ đại nghĩa nhi thắng hung tàn,",以大義而勝兇殘，
Dĩ chí nhân nhi dị cường bạo.,以至仁而易彊暴。
"Bồ Đằng chi đình khu điện xế,",蒲藤之霆驅電掣，
Trà Lân chi trúc phá hôi phi.,茶麟之竹破灰飛。
"Sĩ khí dĩ chi ích tăng,",士氣以之益增，
Quân thanh dĩ chi đại chấn.,軍聲以之大振。
"Trần Trí, Sơn Thọ văn phong nhi sỉ phách,",陳智山壽聞風而褫魄，
"Lý An, Phương Chính giả tức dĩ thâu sinh.",李安方政假息以偷生。
"Thừa thắng trường khu, Tây Kinh ký vị ngã hữu;",乘勝長驅，西京既為我有；
"Tuyển binh tiến thủ, Đông Đô tận phục cựu cương.",選兵進取，東都盡復舊疆。
"Ninh Kiều chi huyết thành xuyên, lưu tinh vạn lý;",寧橋之血成川，流腥萬里；
"Tốt Động chi thi tích dã, di xú thiên niên.",窣洞之屍積野，遺臭千年。
"Trần Hiệp tặc chi phúc tâm, ký kiêu kỳ thủ;",陳洽賊之腹心，既梟其首；
"Lý Lượng tặc chi gian đố, hựu bạo quyết thi.",李亮賊之奸蠹，又暴厥屍。
"Vương Thông lý loạn nhi phần giả ích phần,",王通理亂而焚者益焚，
Mã Anh cứu đấu nhi nộ giả ích nộ.,馬瑛救鬥而怒者益怒。
"Bỉ trí cùng nhi lực tận, thúc thủ đãi vong;",彼智窮而力盡，束手待亡；
"Ngã mưu phạt nhi tâm công, bất chiến tự khuất.",我謀伐而心攻，不戰自屈。
"Vị bỉ tất dị tâm nhi cải lự,",謂彼必易心而改慮，
Khởi ý phục tác nghiệt dĩ tốc cô.,豈意復作孽以速辜。
"Chấp nhất kỷ chi kiến dĩ giá hoạ ư tha nhân,",執一己之見以嫁禍於他人，
Tham nhất thì chi công dĩ di tiếu ư thiên hạ.,貪一時之功以貽笑於天下。
"Toại linh Tuyên Đức chi giảo đồng, độc binh vô yếm;",遂靈宣德之狡童，黷兵無厭；
"Nhưng mệnh Thạnh Thăng chi noạ tướng, dĩ du cứu phần.",仍命晟昇之懦將，以油救焚。
"Đinh vị cửu nguyệt Liễu Thăng toại dẫn binh do Khâu Ôn nhi tiến,",丁未九月柳昇遂引兵猶邱溫而進，
Bản niên thập nguyệt Mộc Thạnh hựu phân đồ tự Vân Nam nhi lai.,本年十月木晟又分途自雲南而來。
"Dư tiền ký tuyển binh tái hiểm dĩ tồi kỳ phong,",予前既選兵塞險以摧其鋒，
Dư hậu tái điều binh tiệt lộ dĩ đoạn kỳ thực.,予後再調兵截路以斷其食。
"Bản nguyệt thập bát nhật Liễu Thăng vị ngã quân sở công, kế truỵ ư Chi Lăng chi dã;",本月十八日柳昇為我軍所攻，計墜於支稜之野；
"Bản nguyệt nhị thập nhật Liễu Thăng hựu vị ngã quân sở bại, thân tử ư Mã An chi sơn.",本月二十日柳昇又為我軍所敗，身死於馬鞍之山。
"Nhị thập ngũ nhật Bảo Định bá Lương Minh trận hãm nhi táng khu,",二十五日保定伯梁銘陣陷而喪軀，
Nhị thập bát nhật Thượng thư Lý Khánh kế cùng nhi vẫn thủ.,二十八日尚書李慶計窮而刎首。
"Ngã toại nghênh nhận nhi giải,",我遂迎刃而解，
Bỉ tự đảo qua tương công.,彼自倒戈相攻。
"Kế nhi tứ diện thiêm binh dĩ bao vi,",繼而四面添兵以包圍，
Kỳ dĩ thập nguyệt trung tuần nhi điễn diệt.,期以十月中旬而殄滅。
"Viên tuyển tì hưu chi sĩ,",爰選貔貅之士，
Thân mệnh trảo nha chi thần.,申命爪牙之臣。
"Ẩm tượng nhi hà thuỷ càn,",飲象而河水乾，
Ma đao nhi sơn thạch quyết.,磨刀而山石鈌。
"Nhất cổ nhi kình khô ngạc đoạn,",一鼓而鯨刳鱷斷，
Tái cổ nhi điểu tán quân kinh.,再鼓而鳥散麇驚。
"Quyết hội nghĩ ư băng đê,",決潰蟻於崩堤，
Chấn cương phong ư cảo diệp.,振剛風於稿葉。
"Đô đốc Thôi Tụ tất hành nhi tống khoản,",都督崔聚膝行而送款，
Thượng thư Hoàng Phúc diện phọc dĩ tựu cầm.,尚書黃福面縛以就擒。
"Cương thi tái Lượng Giang, Lượng Sơn chi đồ,",僵屍塞諒江諒山之途，
"Chiến huyết xích Xương Giang, Bình Than chi thuỷ.",戰血赤昌江平灘之水。
"Phong vân vị chi biến sắc,",風雲為之變色，
Nhật nguyệt thảm dĩ vô quang.,日月慘以無光。
"Kỳ Vân Nam binh vị ngã quân sở ách ư Lê Hoa, tự đỗng nghi hư hạt nhi tiên dĩ phá phủ;",其雲南兵為我軍所扼於梨花，自恫疑虛喝而先以破腑；
"Kỳ Mộc Thạnh chúng văn Thăng quân sở bại ư Cần Trạm, toại lận tạ bôn hội nhi cận đắc thoát thân.",其沐晟眾聞昇軍所敗於芹站，遂躪藉奔潰而僅得脫身。
"Lãnh Câu chi huyết chử phiếu, giang thuỷ vị chi ô yết;",冷溝之血杵漂，江水為之嗚咽；
"Đan Xá chi thi sơn tích, dã thảo vị chi ân hồng.",丹舍之屍山積，野草為之殷紅。
"Lưỡng lộ cứu binh ký bất toàn chủng nhi câu bại,",兩路救兵既不旋踵而俱敗，
Các thành cùng khấu diệc tướng giải giáp dĩ xuất hàng.,各城窮寇亦將解甲以出降。
"Tặc thủ thành cầm, bỉ ký trạo ngạ hổ khất liên chi vĩ;",賊首成擒，彼既掉餓虎乞憐之尾；
"Thần võ bất sát, dư diệc thể thượng đế hiếu sinh chi tâm.",神武不殺，予亦體上帝孝生之心。
"Tham tướng Phương Chính, Nội quan Mã Kỳ, tiên cấp hạm ngũ bách dư sưu, ký độ hải nhi do thả hồn phi phách tán;",參將方政，內官馬騏，先給艦五百餘艘，既渡海而猶且魂飛魄散；
"Tổng binh Vương Thông, Tham chính Mã Anh, hựu cấp mã sổ thiên dư thất, dĩ hoàn quốc nhi ích tự cổ lật tâm kinh.",總兵王通，參政馬瑛，又給馬數千餘匹，已還國而益自股慄心驚。
"Bỉ ký uý tử tham sinh, nhi tu hảo hữu thành;",彼既畏死貪生，而修好有誠；
"Dư dĩ toàn quân vi thượng, nhi dục dân chi đắc tức.",予以全軍為上，而欲民之得息。
"Phi duy mưu kế chi cực kỳ thâm viễn,",非惟謀計之極其深遠，
Cái diệc cổ kim chi sở vị kiến văn.,蓋亦古今之所未見聞。
"Xã tắc dĩ chi điện an,",社稷以之奠安，
Sơn xuyên dĩ chi cải quan.,山川以之改觀。
"Càn khôn ký bĩ nhi phục thái,",乾坤既否而復泰，
Nhật nguyệt ký hối nhi phục minh.,日月既晦而復明。
"Vu dĩ khai vạn thế thái bình chi cơ,",于以開萬世太平之基，
Vu dĩ tuyết thiên địa vô cùng chi sỉ.,于以雪天地無窮之恥。
"Thị do thiên địa tổ tông chi linh hữu,",是由天地祖宗之靈有，
Dĩ mặc tương âm hữu nhi trí nhiên dã.,以默相陰佑而致然也！
Ô hô!,於戲！
"Nhất nhung đại định, hất thành vô cạnh chi công;",一戎大定，迄成無競之功；
"Tứ hải vĩnh thanh, đản bố duy tân chi cáo.",四海永清，誕布維新之誥。
"Bá cáo hà nhĩ,",播告遐邇，
Hàm sử văn tri.,咸使聞知。
"Tự viết: Tích Thương Hiệt sáng nghiệp, hàn mặc tác dụng, thư khế hưng yên. Phù chế tác thượng thánh tắc hiến giả, mạc tiên hồ bút. Tường nguyên kỳ sở do, cứu sát kỳ thành công, thước hồ hoán hồ, phất khả thượng hỹ.",序曰：昔蒼頡創業，翰墨作用，書契興焉。夫制作上聖則憲者，莫先乎筆。詳原其所由，究察其成功，鑠乎煥乎，弗可尚矣。
"Phú viết: Duy kỳ hàn chi sở sinh, vu quý đông chi giảo thố. Tính tinh cức dĩ phiếu hãn, thể thuyên tấn dĩ sính bộ. Tước văn trúc dĩ vi quản, gia tất ty chi triền thúc. Hình điệu đoàn dĩ trực đoan, nhiễm huyền mặc dĩ định sắc. Hoạ càn khôn chi âm dương, tán Mật hoàng chi hồng huân. Tự Ngũ đế chi hưu đức, dương đãng đãng chi minh văn. Kỷ Tam vương chi công phạt hề, biểu bát bách chi tứ cẩn. Truyền Lục kinh nhi chuế Bách thị hề, kiến hoàng cực nhi tự di luân. Tổng nhân sự ư ám muội hề, tán u minh vu minh thần. Tượng loại đa dụ, mĩ thi bất hiệp. Thượng cương hạ nhu, càn khôn vị dã. Tân cố đại tạ, tứ thời tự dã. Viên hoà chính trực, quy củ cực dã. Nguyên thủ hoàng quản, thiên địa sắc dã. Vân vân.",賦曰：惟其翰之所生，于季冬之狡兔，性精亟以慓悍，體遄迅以騁步。削文竹以為管，加漆絲之纏束，形調摶以直端，染玄墨以定色，畫乾坤之陰陽，讚宓皇之洪勳，敘五帝之休德，揚蕩蕩之明文。紀三王之功伐兮，表八百之肆覲。傳六經而綴百氏兮，建皇極而序彝倫。綜人事於晻昧兮，贊幽冥于明神。象類多喻，靡施不協。上剛下柔，乾坤位也。新故代謝，四時序也。圓和正直，規矩極也。元首黃管，天地色也。云云。
"Duy hoàng Đường chi lục diệp, thực Minh Hoàng chi sơ niên.",維皇唐之六葉，實明皇之初年。
"Thể cần kiệm chi mỹ đức, cung hữu ái chi tính thiên.",體勤儉之美德，躬友愛之性天。
"Ký xích viễn ư nữ sắc, diệc bính tuyệt ư du điền.",既斥遠於女色，亦屏絕於遊畋。
"Cấm cẩm tú nhi bất bửu, thị phác tố vi dân tiên.",禁錦繡而不寶，示樸素為民先。
"Bất dĩ vị vi dật lạc, niệm vương nghiệp chi gian nan.",不以位為逸樂，念王業之艱難。
"Tiêu y cán thực, nhậm sử năng hiền.",宵衣旰食，任使能賢。
"Thân lâm thứ chính, tổng lãm hoá quyền.",親臨庶政，總攬化權。
"Kỳ phối mỹ ư Đường Ngu chi tế, chủng trị công ư Văn hoàng chi gian.",其配美於唐虞之際，踵治功於文皇之間。
"Cần chính danh lâu, cái hữu do nhiên.",勤政名樓，蓋有由然。
"Tưởng kỳ: ly cung biệt quán, ẩn lâu thiền liên.",想其：離宮別館，隱樓蟬聯。
"Chư vương để đệ, la lạc liên diên.",諸王邸弟，羅絡連延。
"Hoa Ngạc tù tốt hề kỳ hữu, Hưng Khánh cùng sùng hề kỳ thiên.",華萼崷崒兮其右，興慶窮崇兮其偏。
"Hoa suy quế đống, chi nhi tảo biên.",花榱桂棟，芝栭藻櫋。
"Tuyền đề loát dao không chi vụ, điêu đống lăng tình hạo chi yên.",璇題刷瑤空之霧，雕棟凌晴昊之煙。
"Khoát càn khôn chi hạp tịch, thông Hy nga chi vãng hoàn.",豁乾坤之闔闢，通羲娥之往還。
"Tráng thần kinh chi vĩ vọng, tủng vũ nội chi quan chiêm.",壯神京之偉望，聳宇內之觀瞻。
"Đãi phù: ngọc lậu thanh tàn, kê nhân báo thự.",迨夫：玉漏聲殘，雞人報曙。
"Trĩ vĩ tà khai, vân cừu tiến ngự.",雉尾斜開，雲裘進御。
"Thanh tất nhất thanh, thiên quan ảnh phụ.",清畢一聲，千官影附。
"Hấp thiên hương hề phức uất, đạm vũ bảo hề dung dữ.",潝天香兮馥鬱，淡羽葆兮容與。
"Liễu tráo triêu yên, hoa hợp túc lộ.",柳罩朝煙，花合宿露。
"San ngọc bội hề tương tương, tân y quan hề sở sở.",珊玉佩兮將將，繽衣冠兮楚楚。
"Đế nãi ngự lâu, dĩ lâm thứ sự.",帝乃御樓，以臨庶事。
"Tướng tướng bách quan, đài viện sảnh thự.",將相百官，臺院省署。
"Chấn chấn uyên hàng, trật trật nhạn tự.",振振鴛行，秩秩雁字。
"Tiến ngôn dĩ chức, tấu sự dĩ thứ.",進言以職，奏事以次。
"Đế ư thị, đạt tứ thông minh tứ mục, thính hiến khả dữ thế phủ, đô du dữ hô phất.",帝於是，達四聰明四目，聽獻可與替否，都俞與呼咈。
Chính hữu vị hành hề tư hữu dĩ phát.,政有未行兮思有以發。
Đức hữu vị phu hề tư hữu dĩ hợp.,德有未敷兮思有以洽。
Hình hữu vị đáng hề tư hữu dĩ tuất.,形有未當兮思有以恤。
Dân hữu vị an hề tư hữu dĩ tập.,民有未安兮思有以輯。
Lợi hữu vị hưng hề tư hữu dĩ thí.,利有未興兮思有以施。
Hại hữu vị trừ hề tư hữu dĩ cách.,害有未除兮思有以革。
"Nghiệp nghiệp căng căng, vạn cơ nhất nhật.",業業兢兢，萬幾一日。
"Duy cơ duy khang, vô lạc vô dật.",惟幾惟康，無樂無逸。
Nhân trạch chu lưu hề bàng tiếp thứ vật.,仁澤周流兮旁浹庶物。
Vạn tính âu ca hề tam thuỳ yến thiếp.,萬姓謳歌兮三陲宴帖。
"Nghi kỳ trí Khai Nguyên thái bình chi thịnh, quang Thái Tông Trinh Quán chi liệt dã!",宜其致開元太平之盛，光太宗貞觀之烈也。
"Tích hồ: tiên khắc hữu chung, đồ hữu kỳ thuỷ.",惜乎：鮮克有終，徒有其始。
"Vô dật chi đồ, hoán dĩ sơn xuyên; dục tâm nhất manh, cùng xa cực xỉ.",無逸之圖，換以山川；欲心一萌，窮奢極侈。
"Cửu Linh sàm nhi Dương Lý tiến, Hàn hưu lão nhi Diêu Tống tử.",九齡讒而楊李進，韓休老而姚宋死。
"Đăng Liên Xương chi Vọng Tiên hề, huyễn Ngọc Hoàn chi châu thuý.",登連昌之望仙兮，眩玉環之珠翠。
"Y Trầm Hương chi lan can hề, phù hải đường chi thuỵ khỉ.",依沉香之欄杆兮，扶海棠之睡起。
"Nghê thường vũ y, minh mâu hạo xỉ.",霓裳羽衣，明眸皓齒。
"Hồ sồ cẩm băng chi du, biến quan cấm nội.",胡雛錦繃之遊，遍觀禁內。
"Ninh vương ngọc địch chi thanh, thâu truyền thành thị.",寧王玉笛之聲，偷傳城巿。
"Bao tàng hoạ tâm, trậm độc cam mỹ.",包藏禍心，鴆毒甘美。
"Như thố hoả ư tích tân, vị quốc gia chi khả thị.",如厝火於積薪，謂國家之可恃。
"Cập hồ: Ngư Dương soái thần, cổ bề động địa.",及乎：漁陽帥臣，鼓鼙動地。
"Thất mã nam tuần, hồ trần tứ khỉ.",匹馬南巡，胡塵四起。
"Phó miếu xã ư kiếp hôi, phỏng kiều danh ư Vạn Lý.",付廟社於劫灰，訪橋名於萬里。
"Lại thiên đạo chi hảo hoàn, hữu Linh Võ chi thánh tử.",賴天道之好還，有靈武之聖子。
"Tu đồn thú chi lỗ lâu, trúc Lệ Tiều chi bách Trĩ.",修屯戍之櫓樓，築麗譙之百雉。
"Hậu sóc vọng chi kinh trần, cảnh sĩ tốt chi đoạ thỉ.",侯朔望之驚塵，警士卒之惰弛。
"Vạn Lý lai qui, Cẩm Giang Ngọc Luỹ.",萬里來歸，錦江玉壘。
"Ngự lâu lạo quân, gia hoàng thoát tử.",御樓勞軍，加黃脫紫。
"Nam Nội thê lương, dĩ vô lực sĩ.",南內凄涼，已無力士。
"Dạ vũ ngô đồng, xuân phong đào lý.",夜雨梧桐，春風桃李。
"Hồi cố sơ tâm, noản nhiên quỷ sỉ.",回顧初心，赧然傀恥。
"Ư thử chi thời, an tri Minh Hoàng chi tâm,",於此之時，安知明皇之心，
"Hối bất sùng tư lâu chi tằng cấu,",悔不崇斯樓之層構，
Bồi tư lâu chi phi chỉ dã da?,培斯樓之丕址也耶？
"Ta phù: hậu thế nhân quân, ân giám bất viễn.",嗟夫：後世人君，殷鑑不遠。
"Trị loạn chi cơ, quân tâm di chuyển.",治亂之機，君心移轉。
"Cần Chính chi cơ, thực địa tu tiễn.",勤政之基，實地須踐。
"Vụ bản chi ý, hành chi mãnh miễn.",務本之意，行之黽勉。
"Thứ hữu thuỷ nhi hữu chung, hạnh tư lâu chi bất điến.",庶有始而有終，幸斯樓之不靦。
"Phương ly liễu ổ, xạ xuất hoa phòng.",方離柳塢，乍出花房。
"Đán hành xứ, điểu kinh đình thụ;",但行處，鳥驚庭樹；
"Tương đáo thì, ảnh độ hồi lang.",將到時，影度回廊。
"Tiên duệ xạ phiêu hề, văn xạ lan chi phức uất;",仙袂乍飄兮，聞麝蘭之馥郁；
"Hà y dục động hề, thính hoàn bội chi khanh thương.",荷衣欲動兮，聽環珮之鏗鏘。
"Yếp tiếu xuân đào hề, vân kết đôi thuý;",靨笑春桃兮，雲髻堆翠；
"Thần trán anh khoả hề, lưu xỉ hàm hương.",唇綻櫻顆兮，榴齒含香。
"Miện tiêm yêu chi sở sở hề, phong hồi tuyết vũ;",盼纖腰之楚楚兮，風回雪舞；
"Diệu châu thuý chi đích đích hề, áp lục nga hoàng.",耀珠翠之的的兮，鴨綠鵝黃。
"Xuất một hoa gian hề, nghi sân nghi hỉ;",出沒花間兮，宜嗔宜喜；
"Bồi hồi trì thượng hề, nhược phi nhược dương.",徘徊池上兮，若飛若揚。
"Nga my dục tần hề, tương ngôn nhi vị ngữ;",蛾眉欲顰兮，將言而未語；
"Liên bộ xạ di hề, dục chỉ nhi nhưng hành.",蓮步乍移兮，欲止而仍行。
"Tiện mỹ nhân chi lương chất hề, băng thanh ngọc nhuận;",羡美人之良質兮，冰清玉潤；
"Mộ mỹ nhân chi hoa phục hề, siểm thước văn chương.",慕美人之華服兮，閃爍文章。
"Ái mỹ nhân chi dung mạo hề, hương bồi ngọc triện;",愛美人之容貌兮，香培玉篆；
"Tỷ mỹ nhân chi thái độ hề, phượng chứ long tường.",比美人之態度兮，鳳翥龍翔。
Kỳ tố nhược hà: xuân mai trán tuyết;,其素若何：春梅綻雪；
Kỳ khiết nhược hà: thu huệ phi sương.,其潔若何：秋蕙披霜。
Kỳ tĩnh nhược hà: tùng sinh không cốc;,其靜若何：松生空谷；
Kỳ diễm nhược hà: hà ánh trừng đường.,其艷若何：霞映澄塘。
Kỳ văn nhược hà: long du khúc chiểu;,其文若何：龍游曲沼；
Kỳ thần nhược hà: nguyệt xạ hàn giang.,其神若何：月射寒江。
"Viễn tàm Tây Tử, cận quý Vương Tường.",遠慚西子，近愧王嬙。
Sinh vu thục địa? Giáng tự hà phương ?,生于孰地？降自何方？
"Nhược phi yến bãi quy lai, Dao Trì bất nhị;",若非宴罷歸來，瑤池不二；
"Định ưng xuy tiêu dẫn khứ, tử phủ vô song giả dã.",定應吹蕭引去，紫府無雙者也。
"Phấn càn cương hề ác xu,",奮乾綱兮握樞，
Hoán minh tinh hề chúc u.,煥明星兮燭幽。
"Nhân ân trạm hề bàng tiếp,",仁恩湛兮旁浹，
Phẩm vựng sán hề chiêu tô.,品彙粲兮昭蘇。
"Đức ký mậu ư vô tư,",德既茂於無私，
Thiên nãi tích hồ ứng phù.,天乃錫乎應符。
"Thử Cảnh Tinh chi dị thuỵ, sở dĩ gián đại nhi cẩn hiện, hữu dĩ chương long bình chi hưu giả hồ!",此景星之異瑞，所以間代而僅見，有以彰隆平之休者乎！
"Quan kỳ quang huy huyến lạn, văn thái anh hoa,",觀其光輝絢爛，文采英華，
"Cảnh tố phách chi cô minh, trám Ngân Hà chi trừng bích.",耿素魄之孤明，蘸銀河之澄碧。
"Tiếp Đế Viên nhi chiêu tích, ánh hoàng đạo nhi đích lịch,",接帝垣而昭晰，映黃道而的皪，
"Ảnh động Tích Mộc chi tân, quang phù Phụ Lộ chi trắc.",影動析木之濱，光浮附路之側。
"Chu Bá hoàng hoàng, dương thái nhi bàng chúc,",周伯煌煌，揚彩而傍燭，
"Hàm Dự dục dục, phân huy nhi giao xạ.",含譽煜煜，分輝而交射。
"Kiển sắc chính nhi mang hàn, viết Đức Tinh chi Cách Trạch.",褰色正而芒寒，曰德星之格澤。
"Đương Nghiêu chi thời, thiên hạ quang trạch, đằng diệu vu thiên, tinh huỳnh huyễn hách,",當堯之時，天下光宅，縢耀于天，晶熒烜赫，
"Hà Hán, Đường chi mạt tạo, lũ minh minh nhi hôn thực!",何漢唐之末造，屢暝暝而昏蝕！
"Tế hưu minh chi thịnh thời, phục chiêu trứ hồ kim nhật,",際休明之盛時，復昭著乎今日，
"Nghi kỳ vi chúng nhân chi sở khoái đổ, nhi túc nghiệm thiên tượng chi chiêu cách.",宜其為眾人之所快睹，而足驗天象之昭格。
"Duy phù thuỵ chi đặc dị, triệu vũ nội chi long bình.",惟符瑞之特異，兆宇內之隆平。
"Âm dương dĩ hoà, thiên địa dĩ ninh,",陰陽以和，天地以寧，
"Phong vũ dĩ thời, bách cốc dụng thành.",風雨以時，百穀用成。
"Lang yên tức ư tam thuỳ, nhân phong tường hồ bát hoành.",狼煙息於三陲，仁風翔乎八紘。
"Lễ nhạc chiêu trứ, pháp độ tu minh.",禮樂昭著，法度修明。
"Nhân điềm vật hy, chính giản hình thanh.",人恬物熙，政簡刑清。
"Phất vạn quốc chi âu ca, dật tứ hải chi tụng thanh,",沸萬國之歐歌，溢四海之頌聲，
"Thành túc dĩ biểu ngã quốc chi thịnh trị, tiến nhất nhân chi gia trinh.",誠足以表我國之盛治，薦一人之嘉禎。
Nhiên thường sát chi:,然嘗察之：
"Thiên nhân nhất lý, cảm thông bất thắc.",天人一理，感通不忒。
"Trưng bất vu thiên nhi vu nhân, phù bất tại tường nhi tại đức.",徵不于天而于人，符不在祥而在德。
"Cố thiên chi thuỵ Thuấn, bất tại thất chính chi tề, nhi tại sắc thiên chi thời cơ,",故天之瑞舜，不在七政之齊，而在敕天之時機，
"Thiên chi tích Vũ, bất tại Lạc thư chi trình, nhi tại lục phủ chi khổng tu.",天之錫禹，不在洛書之呈，而在六府之孔須。
"Thẩn kim: đạo xiển Hy Hiên, trị dật Đường Ngu,",矧今：道闡羲軒，治軼唐虞，
"Tuấn đức khắc minh, quần công thừa hưu.",峻德克明，群工承休。
"Kỵ Ky, Vĩ giả, thí Thương gia chi hiền,",騎箕尾者，媲商家之賢，
"Ứng Mão túc giả, lậu Hán thế chi trù.",應昴宿者，陋漢世之儔。
"Tắc sở dĩ chỉnh đốn càn khôn, để định hoàn khu,",則所以整頓乾坤，底定寰區，
"Trí Cảnh Tinh chi hiệu tường, thực hợp điệp nhi ứng đồ.",致景星之效祥，實合牒而應圖。
"Mạc phi ngã thánh hoàng tham tán chi diệu dụng, hữu dĩ khai ức vạn tải chi hoành mô,",莫非我聖皇參贊之妙用，有以開億萬載之宏謨。
Cẩn bái thủ khể thủ nhi hiến cú viết:,謹拜手稽首而獻句曰：
"Chiêm bỉ thuỵ thái,",瞻彼瑞彩，
Diệp dương minh hề.,燁揚明兮。
"Thái bình chi phù,",太平之符，
Diệc khổng trinh hề.,亦孔貞兮。
"Ư duy thánh hoàng,",於維聖皇，
Tại đức bất tại tinh hề!,在德不在星兮！
"Tích giả Sở Tương Vương dữ Tống Ngọc du ư Vân Mộng chi đài, vọng Cao Đường chi quán. Kỳ thượng độc hữu vân khí, tuỵ hề trực thướng, hốt hề cải dung, tu du chi gian, biến hoá vô cùng.",昔者楚襄王與宋玉遊於雲夢之臺，望高唐之觀。其上獨有雲氣，崒兮直上，忽兮改容，須臾之間，變化無窮。
Vương vấn Ngọc viết: Thử hà khí dã?,王問玉曰：此何氣也？
Ngọc đối viết: Sở vị Triêu Vân giả dã.,玉對曰：所謂朝雲者也。
Vương viết: Hà vị Triêu Vân?,王曰：何謂朝雲？
"Ngọc viết: Tích giả tiên vương thường du Cao Đường, đãi nhi trú tẩm, mộng kiến nhất phụ nhân, viết: “Thiếp Vu sơn chi nữ dã, vi Cao Đường chi khách. Văn quân du Cao Đường, nguyện tiến chẩm tịch.” Vương nhân hạnh chi. Khứ nhi từ viết: “Thiếp tại Vu sơn chi dương, cao khâu chi trở, đán vi Triêu Vân, mộ vi hành vũ. Triêu triêu mộ mộ, Dương Đài chi hạ.” Đán triêu thị chi như ngôn, cố vi lập miếu, hiệu viết Triêu Vân.",玉曰：昔者先王嘗遊高唐，怠而晝寢，夢見一婦人，曰：「妾巫山之女也，為高唐之客。聞君遊高唐，願薦枕席。」王因幸之。去而辭曰：「妾在巫山之陽，高丘之阻，旦為朝雲，暮為行雨。朝朝暮暮，陽臺之下。」旦朝視之如言，故為立廟，號曰『朝雲』。
"Vương viết: Triêu Vân thuỷ xuất, trạng nhược hà dã?",王曰：朝雲始出，狀若何也？
"Ngọc đối viết: Kỳ thuỷ xuất dã, đối hề nhược tùng thì. Kỳ thiểu tiến dã, tích hề nhược giảo cơ. Dương duệ chương nhật, nhi vọng sở tư. Hốt hề cải dung, kệ hề nhược giá tứ mã, kiến vũ kỳ. Tưu hề như phong, thê hề như vũ. Phong chỉ vũ tễ, vân vô xứ sở.",玉對曰：其始出也，㬣兮若松榯。其少進也，晰兮若姣姬。揚袂鄣日，而望所思。忽兮改容，偈兮若駕駟馬，建羽旗。湫兮如風，淒兮如雨。風止雨霽，雲無處所。
Vương viết: Quả nhân phương kim khả dĩ du hồ?,王曰：寡人方今可以遊乎？
Ngọc viết: Khả.,玉曰：可。
Vương viết: Kỳ hà như hĩ?,王曰：其何如矣？
"Ngọc viết: Cao hĩ hiển hĩ, lâm vọng viễn hĩ! Quảng hĩ phổ hĩ, vạn vật tổ hĩ! Thượng thuộc ư thiên, hạ kiến ư uyên, trân quái kỳ vĩ, bất khả xưng luận.",玉曰：高矣顯矣，臨望遠矣！廣矣普矣，萬物祖矣！上屬於天，下見於淵，珍怪奇偉，不可稱論。
Vương viết: Thí vi quả nhân phú chi.,王曰：試為寡人賦之。
Ngọc viết: Duy duy.,玉曰：唯唯。
"Duy Cao Đường chi đại thể hề, thù vô vật loại chi khả nghi tỉ.",惟高唐之大體兮，殊無物類之可儀比。
"Vu sơn hách kỳ vô trù hề, đạo hỗ chiết nhi tằng luỹ.",巫山赫其無疇兮，道互折而曾累。
"Đăng sàm nham nhi hạ vọng hề, lâm đại để chi súc thuỷ.",登巉巖而下望兮，臨大阺之稸水。
"Ngộ thiên vũ chi tân tễ hề, quan bách cốc chi câu tập.",遇天雨之新霽兮，觀百穀之俱集。
"Tị hung hung kỳ vô thanh hề, hội đạm đạm nhi tịnh nhập.",濞洶洶其無聲兮，潰淡淡而並入。
"Bàng dương dương nhi tứ thi hề, ống trạm trạm nhi phất chỉ.",滂洋洋而四施兮，蓊湛湛而弗止。
"Trường phong chí nhi ba khởi hề, nhược ly sơn chi cô mẫu.",長風至而波起兮，若麗山之孤畝。
"Thế bạc ngạn nhi tương kích hề, ách giao dẫn nhi khước hội.",勢薄岸而相擊兮，隘交引而卻會。
"Tuỵ trung nộ nhi đặc cao hề, nhược phù hải nhi vọng kiệt.",崒中怒而特高兮，若浮海而望碣。
"Thạch lịch lỗi lỗi nhi tương ma hề, vanh chấn thiên chi khái khái.",石礫磥磥而相摩兮，巆震天之磕磕。
"Cự thạch nịch nịch chi sàm tiếu hề, mạt đồng đồng nhi cao lệ.",巨石溺溺之瀺灂兮，沫潼潼而高厲。
"Thuỷ đạm đạm nhi bàn hu hề, hồng ba dâm dâm chi dung duệ.",水澹澹而盤紆兮，洪波淫淫之溶㵝。
"Bôn dương dũng nhi tương kích hề, vân hưng thanh chi bái bái.",奔揚踴而相擊兮，雲興聲之霈霈。
"Mãnh thú kinh nhi khiêu hãi hề, vọng bôn tẩu nhi trì mại.",猛獸驚而跳駭兮，妄奔走而馳邁。
"Hổ báo sài huỷ, thất khí khủng uế.",虎豹豺兕，失氣恐喙。
"Điêu ngạc ưng diêu, phi dương phục thoán,",雕鶚鷹鷂，飛揚伏竄，
"Cổ chiến hiếp tức, an cảm vọng chí.",股戰脅息，安敢妄摯。
"Ư thị thuỷ trùng tận bạo, thừa chử chi dương.",於是水蟲盡暴，乘渚之陽。
"Ngoan đà chiên vị, giao tích tung hoành.",黿鼉鱣鮪，交積縱橫。
"Chấn lân phấn dực, uy uy uyển uyển.",振鱗奮翼，蜲蜲蜿蜿。
"Trung phản dao vọng, huyền mộc đông vinh.",中阪遙望，玄木冬榮。
"Hoàng hoàng huỳnh huỳnh, đoạt nhân mục tinh.",煌煌熒熒，奪人目精。
"Lạn hề nhược liệt tinh, tằng bất khả đàn hình.",爛兮若列星，曾不可殫形。
"Trăn lâm uất thịnh, ba hoa phúc cái.",榛林鬱盛，葩華覆蓋。
"Song kỷ thuỳ phòng, củ chi hoàn hội.",雙椅垂房，糾枝還會。
"Tỉ mỹ đạm đạm, tuỳ ba ám ái.",徙靡澹淡，隨波闇藹。
"Đông tây thi dực, y nỉ phong phái.",東西施翼，猗狔豐沛。
"Lục diệp tử khoả, đan hành bạch đế.",綠葉紫裹，丹莖白蔕。
"Tiêm điều bi minh, thanh tự vu lại.",纖條悲鳴，聲似竽籟。
"Thanh trọc tương hoạ, ngũ biến tứ hội.",清濁相和，五變四會。
"Cảm tâm động nhĩ, hồi trường thương khí.",感心動耳，迴腸傷氣。
"Cô tử quả phụ, hàn tâm toan tị.",孤子寡婦，寒心酸鼻。
"Trưởng lại huy quan, hiền sĩ thất chí.",長吏隳官，賢士失志。
"Sầu tư vô dĩ, thán tức thuỳ lệ.",愁思無已，歎息垂淚。
"Đăng cao viễn vọng, sử nhân tâm tuỵ.",登高遠望，使人心瘁。
"Bàn ngạn tán hoàn, chẩn trần ngại ngại.",盤岸巑岏，裖陳磑磑。
"Bàn thạch hiểm tuấn, khuynh khi nhai đồi.",磐石險峻，傾崎崖隤。
"Nham khu tam si, tòng hoành tương truy.",巖嶇參差，從橫相追。
"Tưu hỗ hoành ngỗ, bối huyệt yển chích.",陬互橫啎，背穴偃蹠。
"Giao gia luỹ tích, trùng điệp tăng ích.",交加累積，重疊增益。
"Trạng nhược Chỉ Trụ, tại Vu sơn hạ.",狀若砥柱，在巫山下。
"Ngưỡng thị sơn điên, túc hà thiên thiên,",仰視山顛，肅何千千，
"Huyễn diệu hồng nghê, phủ thị tranh vanh.",炫燿虹蜺，俯視崝嶸。
"Khuê liêu yểu minh, bất kiến kỳ để, hư văn tùng thanh.",窐寥窈冥，不見其底，虛聞松聲。
"Khuynh ngạn dương dương, lập nhi hùng kinh.",傾岸洋洋，立而熊經。
"Cửu nhi bất khứ, túc tận hãn xuất.",久而不去，足盡汗出。
"Du du hốt hốt, siêu trướng tự thất.",悠悠忽忽，怊悵自失。
"Sử nhân tâm động, vô cố tự khủng.",使人心動，無故自恐。
"Bí Dục chi đoán, bất năng vi dũng.",賁育之斷，不能為勇。
"Tốt ngạc dị vật, bất tri sở xuất.",卒愕異物，不知所出。
"Ly ly sân sân, nhược sinh ư quỷ, nhược xuất ư thần.",縰縰莘莘，若生於鬼，若出於神。
"Trạng tự tẩu thú, hoặc tượng phi cầm.",狀似走獸，或象飛禽。
"Quyệt nguỵ kỳ vĩ, bất khả cứu trần.",譎詭奇偉，不可究陳。
"Thượng chí quán trắc, địa cái để bình.",上至觀側，地蓋底平。
"Ky chủng mạn diễn, phương thảo la sinh.",箕踵漫衍，芳草羅生。
"Thu lan thần huệ, giang ly tải tinh.",秋蘭茞蕙，江離載菁。
"Thanh thuyên xạ can, yết xa bao tịnh.",青荃射干，揭車苞並。
"Bạc thảo mỹ mỹ, liên duyên yêu yêu.",薄草靡靡，聯延夭夭。
"Việt hương yểm yểm, chúng tước ngao ngao.",越香掩掩，眾雀嗷嗷。
"Thư hùng tương thất, ai minh tương hào.",雌雄相失，哀鳴相號。
"Vương thư, ly hoàng, chính minh, Sở cưu.",王雎鸝黃，正冥楚鳩。
"Tỉ quy, tư phụ, thuỳ kê cao sào.",姊歸思婦，垂雞高巢。
"Kỳ minh dê dê, đương niên ngao du.",其鳴喈喈，當年遨遊。
"Canh xướng điệt hoạ, phó khúc tuỳ lưu.",更唱迭和，赴曲隨流。
"Hữu phương chi sĩ, Tiện Môn, Cao Khê,",有方之士，羨門高谿。
"Thượng Thành, Uất Lâm, Công Nhạc, Tụ Cốc.",上成鬱林，公樂聚穀。
"Tiến thuần hy, đảo quỳnh thất.",進純犧，禱琁室。
"Tiếu chư thần, lễ Thái Nhất.",醮諸神，禮太一。
"Truyền chúc dĩ cụ, ngôn từ dĩ tất.",傳祝已具，言辭已畢。
"Vương nãi thừa ngọc dư, tứ thảng ly, thuỳ lưu tinh, bái hợp hài.",王乃乘玉輿，駟倉螭，垂旒旌，旆合諧。
"Trừu đại huyền nhi nhã thanh lưu, liệt phong quá nhi tăng bi ai.",紬大絃而雅聲流，冽風過而增悲哀。
"Ư thị điều âu, linh nhân lam lệ thảm thê, hiếp tức tăng hy.",於是調謳，令人惏悷憯悽，脅息增欷。
"Ư thị nãi tung lạp giả, cơ chỉ như tinh.",於是乃縱獵者，基趾如星。
"Truyền ngôn vũ lạp, hàm mai vô thanh.",傳言羽獵，銜枚無聲。
"Cung nỗ bất phát, phù toánh bất khuynh.",弓弩不發，罘潁不傾。
"Thiệp mãng mãng, trì tần tần.",涉漭漭，馳苹苹。
"Phi điểu vị cập khởi, tẩu thú vị cập phát.",飛鳥未及起，走獸未及發。
"Hà tiết yểm hốt, đề túc sái huyết?",何節奄忽，啼足灑血？
"Cử công tiên đắc, hoạch xa dĩ thực.",舉功先得，獲車已實。
"Vương tướng dục vãng kiến, tất tiên trai giới, si thì trạch nhật.",王將欲往見，必先齋戒，差時擇日。
"Giản dư huyền phục, kiến vân bái, nghê vi tinh, thuý vi cái.",簡輿玄服，建雲旆，蜺為旌，翠為蓋。
"Phong khởi vũ chỉ, thiên lý nhi thệ.",風起雨止，千里而逝。
"Cái phát mông, vãng tự hội.",蓋發蒙，往自會。
"Tư vạn phương, ưu quốc hại.",思萬方，憂國害。
"Khai hiền thánh, phụ bất đãi.",開賢聖，輔不逮。
"Cửu khiếu thông uất, tinh thần sát trệ.",九竅通鬱，精神察滯。
Duyên niên ích thọ thiên vạn tuế.,延年益壽千萬歲。
"Thần long khởi hề phi Lam Kinh,",神龍起兮飛藍京，
"Thiên qua chỉ hề sóc tái thanh,",天戈指兮朔塞清，
"Sáng nghiệp chi công thành bí bí,",創業之功成閟毖，
Tây thổ chi sơn xuyên hữu linh.,西土之山川有靈。
"Ê ngã hoàng chi thánh võ,",繄我皇之聖武，
Đương tứ phương chi kinh dinh.,當四方之經營。
"Quốc bộ phương truân,",國步方屯，
Tâm khốn lự hành.,心困慮衡。
"Ký ư thiên nhi thủ tất,",既於天而取必，
Nãi lệ chí dĩ cạnh thành.,乃勵志以競成。
"Thử kim nhật sở dĩ hoá Hồ Việt vi nhất gia,",此今日所以化胡越為一家，
Nhi tư sơn đắc dĩ thiên cổ thuỳ danh dã.,而茲山得以千古垂名也。
Đương kỳ:,當其：
"Nghĩa binh sơ khởi, tặc thế phương trương;",義兵初起，賊勢方張；
"Nhất quốc anh hào, thu thụ vẫn sương.",一國英豪，秋樹隕霜。
"Chí thôn Ngô hề, thục Chủng thục Lãi?",志吞吳兮，孰種孰蠡；
"Đồ hưng Hán hề, thục Bình thục Lương?",圖興漢兮，孰平孰良。
"Ngã hoàng phương độn tích vu tư sơn, duy sạn thái dĩ mai quang.",我皇方遁跡于茲山，惟鏟採以埋光。
"Thê tử lưu ly, sĩ tốt tán vương.",妻子流離，士卒散亡。
"Tuy xử khốn nhi ích hanh, tri tương hưng chi hữu tường.",雖處困而益亨，知將興之有祥。
"Cung giới trụ dĩ vi y, thực thái căn nhi vi lương.",躬介胄以為衣，食菜根而為糧。
"Chí cấp cấp ư đồ hồi, tâm uất uất nhi bất vương.",志汲汲於圖回，心鬱鬱而不忘。
"Tưởng thử sơn ư thử thì hề, khởi bất tự Hán hoàng chi tại Mang Đãng giả gia?",想此山於此時兮，豈不似漢皇之在芒碭者耶？
"Do kỳ tri bỉ tri kỷ, năng nhược năng cường;",由其知彼知己，能弱能強；
"Đãi thì tứ tệ, thu phong liễm mang;",待時伺弊，收鋒斂芒；
"Chẩm tân nhi ngoạ, huyền đảm nhi thường;",枕薪而卧，懸膽而嘗；
"Tư tuyết tiền sỉ, dĩ phục cố cương.",思雪前恥，以復故疆。
"Tưởng thử sơn ư tư thì hề, khởi bất tự Cối Kê chi thê Việt vương giả gia?",想此山於斯時兮，豈不似會稽之棲越王者耶？
Ký nãi:,既乃：
"Thu kỳ tán tốt, phủ dưỡng ích cần;",收其散卒，撫養益勤；
"Nội tu chiến cụ, ngoại thác hoà thân.",內修戰具，外托和親。
"Quyên kim mộ sĩ, sát tượng hưởng quân.",捐金募士，殺象饗軍。
"Nhân hoài thân thượng dĩ tử trưởng,",人懷親上以死長，
Tư dục hiệu lực dĩ thù ân.,思欲效力以酬恩。
Ư thị:,於是:
"Luyện binh khiển tướng, chế thắng xuất kỳ.",練兵遣將，製勝出奇。
"Sinh nhục tử vinh, tri ngã quân chi khả dụng;",生辱死榮，知我軍之可用；
"Hướng lương khí giới, cáo nhân địch dĩ vi tư.",餉糧器械，告因敵以為資。
"Vạn toàn dĩ thủ, nhất thốc bất di.",萬全以取，一簇不遺。
Cầm Bành kê đầu dĩ hiến địa;,琴彭稽頭以獻地；
Phương Chính hư hát dĩ đỗng nghi.,方政虛喝以恫疑。
"Nãi cứ hiểm nhi lập công, hựu đa phương dĩ ngộ chi.",乃據險而立功，又多方以誤之。
"Dạ tắc cử hoả, trú tắc trương kỳ.",夜則舉火，晝則張旗。
"Đỗ Gia chi xâm địa tranh tiện,",杜家之侵地爭便，
Khả Lưu chi độ giang trầm sư.,可留之渡江沉師。
"Lôi khu điện xiết, trúc phá hôi phi.",雷驅電掣，竹破灰飛。
"Châu kiệt doanh xa, Hoàng Thành bạo thi.",朱傑楹車，黃誠暴屍。
"Nghệ An chi địa, dĩ vi ngã hữu;",乂安之地，已為我有；
"Tây Đô chi tiệp, tật vu khu trì.",西都之捷，疾于驅馳。
"Giáp đạo hồ sát, lai giả như quy.",夾道壺察，來者如歸。
"Hào kiệt hàm phẫn dĩ thiết xỉ,",豪傑咸憤以切齒，
"Phụ lão cảm khấp nhi hy hy,",父老感泣而欷欷，
"Ngã chi quân chỉnh, nhật dĩ ích chấn;",我之軍整，日以益振；
"Tặc chi bôn mệnh, nhật dĩ ích bì.",賊之奔命，日以益疲。
"Thị Kiều chi băng đê hội nghĩ,",市橋之崩堤潰蟻，
Tốt Động chi kình phong tồi nuy.,窣洞之勁風摧萎。
"Trần Hiệp, Lý Lượng chi thâm khanh truỵ hổ,",陳洽李亮之深坑墜虎，
"Vương Thông, Mã Kỳ chi phí đỉnh ngư nhi.",王通馬騏之沸鼎魚兒。
"Vạn lý chi sơn hà khắc phục,",萬里之山河剋復，
Đông Đô chi thị tứ bất di.,東都之市肆不移。
"Đương thử chi thì, khởi bất tự Hán Cao Cai Hạ tứ nhi chi vi giả gia?",當此之時，豈不似漢高垓下四而之圍者耶？
"Nại hà,",奈何，
"Cuồng lỗ chi tham tâm bất tập,",狂虜之貪心不戢，
Cử quốc chi viện binh phục lai.,舉國之援兵復來。
"Dĩ du cứu phần, nhạc hoạ hạnh tai.",以油救焚，樂禍幸災。
Liễu Thăng tống tử nhi Chi Lăng lưu huyết;,柳升送死而支棱流血；
Mộc Thạnh tiêu độn nhi Lãnh Kinh tích hài.,沐晟宵遁而冷涇積骸。
"Lưỡng lộ cứu binh, bất toàn chủng nhi câu bại;",兩路救兵，不旋踵而俱敗；
"Các xứ tặc thành, bất huyết nhận nhi tự khai.",各處賊城，不血刃而自開。
"Trạo vĩ khất liên, thành thiết kham ai.",棹尾乞憐，誠切堪哀。
"Đương thử chi thì, khởi bất tự Câu Tiễn chi khốn Ngô vương vu Cô Tô đài giả gia?",當此之時，豈不似勾踐之困吳王于姑蘇台者耶？
"Tuy nhiên,",雖然，
"Hán Cao chi quy mô hoành vi, chính tự Ngô hoàng kim nhật chi thịnh;",漢高之規模宏違，正似吾皇今日之盛；
"Câu Tiễn đặc thủ kỳ phục cừu chi chí nhi kỷ, khởi túc dĩ nghĩ nghị kỳ vạn nhất tai.",勾踐特取其復仇之志而己，豈足以擬議其萬一哉。
Chí nhược:,至若：
"Thần võ bất nghị, đại đức hảo sinh.",神武不毅，大德好生。
"Niệm quốc gia trưởng cửu chi kế,",念國家長久之計，
Phóng thập vạn khất giáng chi binh.,放十萬乞降之兵。
"Tu lưỡng quốc chi hoà hảo,",修兩國之和好，
Tức vạn thế chi chiến tranh.,息萬世之戰爭。
"Toàn quốc vi thượng, duy đồ tập ninh.",全國為上，惟圖輯寧。
"Thị tắc ngã hoàng chi thịnh đức,",是則我皇之盛德，
"Hựu khởi Cao Tổ đồng nhật chi câu ngữ,",又豈高祖同日之俱語，
"Tướng dữ Nhị Đế, Tam Vương nhi tịnh xưng giả dã.",將與二帝三王而並稱者也。
Ta hồ!,嗟乎！
"Cổ vãng kim lai, bách thế khả thôi.",古往今來，百世可推。
"Nghiêu hưng Đường hầu, Thuấn khởi trắc vi.",堯興唐侯，舜起側微。
"Thành Thang chi tai tự Hào,",成湯之哉自毫，
Thái vương chi thiên vu Kỳ.,太王之遷于岐。
"Cái đa nan nãi điển bang chi bản,",蓋多難乃典邦之本，
Nhi ân ưu thực khởi thánh chi cơ.,而殷憂實啟聖之基。
"Lịch biến đa tắc tư hư thâm,",歷變多則思虛深，
Kế sự viễn tắc thành công kỳ.,計事遠則成功奇。
"Đế vương chi hưng, mạc bất do tư.",帝王之興，莫不由斯。
"Nhiên tắc, ngã hoàng chi nghiệp,",然則，我皇之業，
Thực do thử sơn nhi sang thuỷ;,實由此山而創始；
"Nhi ngã hoàng chi long công thịnh đức,",而我皇之隆功盛德，
Trưởng dữ thử sơn nhi nguy nguy giả hồ!,長與此山而巍巍者乎！
Nãi bái thủ kê thủ nhi hiến ca viết:,乃拜首稽首而獻歌曰：
Thiên khởi thánh hề địa hưng vương;,天啟聖兮地興王；
Càn khôn thảo muội hề vận tế phi thường.,乾坤草昧兮運際非常。
"Đổ tư sơn chi nga nga hề, niệm tích nhật chi gian khổ;",睹茲山之峨峨兮，念昔日之艱苦；
"Phủ vương nghiệp chi du cơ hề, hà nhật năng vương.",撫王業之攸基兮，何日能忘。
"Nguyện kỷ thịnh đức dĩ lặc trinh mân hề, vĩnh thuỳ bất hủ;",願紀盛德以勒貞珉兮，永垂不朽；
"Tuyên thiên cổ dữ vạn cổ hề, đồng thiên địa nhi trưởng cửu.",亘千古與萬古兮，同天地而長久。
"Thành Thái Ất Tị niên, Chử tiên giáng bút tự đề:",成泰乙巳年，渚仙降筆自題：
"Hà sơn quá nhãn kỷ thiên niên,",河山過眼幾千年，
Nhất khúc cao ca tán cửu thiên.,一曲高歌散九天。
"Giang chử nguyệt minh vân ảnh đạm,",江渚月明雲影淡，
Trạch lâm thuỷ trướng lũng sa viên.,澤林水漲隴沙圓。
"Mạn truyền cung lạp tiên gia sự,",漫傳筇笠仙家事，
Thuỳ thức lâu đài đế tử duyên.,誰識樓臺帝子緣。
"Đáo để nhất trần hoàn bất nhiễm,",到底一塵還不染，
Kim ngao giá hải ngụ vân yên.,金鰲駕海寓雲煙。
Dạ trạch tiên gia phú:,夜澤仙家賦：
"Ngọc khuyết thiên cao,",玉闕天高，
Kim đài địa tịch.,金臺地闢。
"Vân vạn trượng dĩ đằng phi,",雲萬丈以騰飛，
Thuỷ thiên trùng nhi ngưng bích.,水千重而凝碧。
"Biển chu phiếm phiếm, thuỳ tòng phỏng Bồng Lai tiên cảnh chi hư vô,",扁舟泛泛，誰從訪蓬萊仙境之虛無，
"Dạ Trạch mang mang, ngã độc sáng đế tử nhân duyên chi thuộc tịch.",夜澤汒汒，我獨創帝子因緣之屬籍。
"Tương truyền giang thượng, ngộ hoàng nữ dĩ thành thân,",相傳江上遇皇女以成親，
"Thuỳ thức tiên ban, bản châu cung chi mạc nghịch.",誰識仙班本珠宮之莫逆。
"Hùng Vương chi thế, thập cửu tương thừa,",雄王之世十九相承，
"Đế viết hữu bang, bỉ xu giả tử.",帝曰有邦彼姝者子。
"Nãi tòng tinh nhi hiển diệu, hoàn giá vũ lai Xích Đằng thắng địa chi gian,",乃從星而顯耀，還駕雨來赤藤勝地之間，
"Nhân phạt mộc dĩ tài lâu, biệt hướng phong vấn Bạch Xã viên cơ chi chỉ.",因伐木以裁樓，別向風問白社圓基之址。
"Thị xứ tiên gia kê khuyển, hà sự phi thăng,",是處仙家雞犬，何事飛昇，
"Ngẫu nhiên đại trạch long xà, tương tranh hộ tí.",偶然大澤龍蛇，相爭護庇。
"Hạnh tài thiên thụ, dược nhị biến hồ phương dân,",杏栽千樹，藥餌遍乎方民，
"Đào tặng vạn gia, ngâm vịnh truyền ư lư lý.",桃贈萬家，吟詠傳於閭里。
Thời tắc:,時則:
"Nguyệt minh dạ tĩnh,",月明夜靜，
Giang khoát thiên không.,江闊天空。
"Hoặc thừa chu nhi thuỳ điếu,",或乘舟而垂釣，
Hoặc ỷ trượng dĩ nghinh phong.,或倚杖以迎風。
"Huề thủ cao đài, lộng ngọc tiêu nhi phụng giáng,",攜手高臺，弄玉蕭而鳳降，
"Thí châm dật các, liên kim tự nhi uyên đồng.",試針逸閣，聯金字而鴛同。
"Trần ai phong cảnh thương mang, nan dung cửu trú,",塵埃風景蒼汒，難容久住，
"Nhật nguyệt hồ thiên ẩn ước, mỗi động cao tung.",日月壺天隱約，每動高蹤。
"Nãi từ đế khuyết, thướng biểu trần tình.",乃辭帝闕，上表陳情。
"Toàn hướng thần sơn, phỏng dư cựu lữ.",旋向神山，訪予舊侶。
"Xích Tùng thị vũ sư du hí, Thần Nông chi thế phi dao,",赤松是雨師遊戲，神農之世非遙，
"Thương Hiệt sinh văn tự khế thư, Bàn Cổ chi phong khả tự.",蒼頡生文字契書，盤古之風可緒。
"Hồi đầu giang chử, tam thập niên chi thác tích chuyển không,",回頭江渚，三十年之托跡轉空，
"Khấu thủ thiên môn, cửu vạn lý chi cao ca hữu tự.",扣手天門，九萬里之高歌有自。
"Lâu đài diệc huyễn,",樓臺亦幻，
Phần tử không lưu.,枌梓空留。
"Giang ba tịch tịch,",江波寂寂，
Vân ảnh du du.,雲影悠悠。
"Duyệt cổ kim chi trần tích,",閱古今之陳跡，
Cảm hoà thử ư giao khâu.,感禾黍於郊邱。
"Lai Công chi trúc thành lâm, đức năng triệu dị,",萊公之竹成林，德能兆異，
"Phan Lệnh chi đào kết thực, ngã diệc hà cầu.",潘令之桃結實，我亦何求。
"Nhiên nhi Thiệu Bá cam đường bất phạt, tổng nhân tâm chi tư mộ,",然而召伯甘棠不伐，總人心之思慕，
"Sở dĩ Dương Công nghiễn thủ hưng ngôn, thị lai giả chi trù mâu.",所以羊公峴首興言，示來者之綢繆。
"Viết đình, viết các,",曰庭曰閣，
"Thành ấp, thành đô.",成邑成都。
"Tiên tung phiếu diểu,",仙蹤縹緲，
Vãng sự hoang vu.,往事荒蕪。
"Cung lạp lâm gian, Tề đông dã chi vọng ngôn khả tiếu,",筇笠林間，齊東野之妄言可笑，
"Mạc duy giang thượng, Triệu bắc phương chi giai thoại hoàn vô.",幕帷江上，趙北方之佳話還無。
"Hư dĩ truyền hư,",虛以傳虛，
Tín nan khả tín.,信難可信。
"Nhân tư cựu trạch nhi bất vong,",人思舊澤，而不忘，
Ngã độc phi linh nhi mặc vận.,我獨飛靈，而默運。
"Thạch khởi năng ngôn chi vật, chuyển dã hà tằng,",石豈能言之物，轉也何曾，
"Cối truyền tả nữu chi văn, thị thuỳ mậu dẫn.",檜傳左紐之文，是誰謬引。
"Toại sử thiên thu vận sự, di tích nan bằng,",遂使千秋韻事，遺跡難憑，
"Thức khán nhất phiến nhàn vân, tiên tích bất mẫn.",識看一片閒雲，仙跡不泯。
"Chư quân độc thư, nghi tế tâm phẫu tích, vật khả nhân vân diệc vân.",諸君讀書，宜細心剖析，勿可人云亦云。
"Kim ngã dữ chư quân hữu duyên, đặc phụ kê bút giáng đàn, tác thử “Dạ Trạch tiên gia phú”, dĩ phá thiên cổ chi hoặc.",今我與諸君有緣，特附乩筆降壇，作此夜澤仙家賦以破千古之惑。
Khả huyền vu chính trung điện ngoại.,可懸于正中殿外。
"Đế trụ đương hưng, thiên thần đản giáng, đỉnh đồ huy xích nhất đao.",帝冑當興，天神誕降，鼎圖揮斥一刀。
"Hách hách anh thanh nghĩa khái, trực dục xương Thục Hán nhi điễn Tôn Tào.",赫赫英聲義概，直欲昌蜀漢而殄孫曹。
"Thiên tải hạ đan thanh miêu hội, nãi kỳ tu my chi tự;",千載下丹青描繪，乃其鬚眉之似。
"Nhược phù tinh linh dương trạc, chung cổ vô cực;",若夫精靈洋濯，終古無極。
"Phổ hoàn doanh nhi đồng kính, nghiễm nhiên chiêu cách vu huân hao.",普寰瀛而同敬，儼然昭格于焄蒿。
"Nhược hữu vật hề chí vi, sấm diệu xảo hề hoá ky.",若有物兮至微，闖妙巧兮化機。
"Hà linh linh nhi dị dị, phục quái quái nhi kỳ kỳ.",何靈靈而異異，復怪怪而奇奇。
"Hình tuy trùng chi đặc tiếu, thân thị diệp chi giai vi.",形雖虫之特肖，身是葉之皆為。
"Sưu đồ kinh ư vãng điệp, cánh mạc thức nhi mạc tri.",蒐圖經於往牒，竟莫識而莫知。
Tư phi Kim Âu sơn trang chi thụ thượng nhi hoá tác diệp mã nhi giả hồ!,茲非金甌山莊之樹上而化作葉馬兒者乎。
Quan kỳ:,觀其：
"Thông thiến thái phù, quyền kỳ tú trạc.",蔥蒨彩浮，權奇秀擢。
"Bối thụ tích hề cắng liên, phúc hoành văn hề ẩn ước.",背豎脊兮亙連，腹橫文兮隱約。
"Bỉ giác bỉ đề, thục tiễn thục tước?",彼角彼蹄，孰剪孰削？
"Tố tưởng tượng ư hồng mông, uyển long mã chi tương nhược.",溯想像於鴻蒙，苑龍馬之相若。
"Tích tuy bạng ư lâm tuyền, chí tẩm trì ư liêu khoác.",跡雖傍於林泉，志寔馳於寥廓。
"Khế Hầu Lĩnh chi nguyệt minh, hy Phù Tang chi hiểu trạc.",憩緱嶺之月明，晞扶桑之曉濯。
"Phong dao chi ảnh, kinh ngọc lặc chi tương huy.",風搖枝影，驚玉勒之將揮。
"Hà chuyển thụ yêu, hoảng kim ky chi sơ lạc.",霞轉樹腰，恍金羈之初絡。
"Thích ngộ viên đinh, như phùng Bá Nhạc.",適遇園丁，如逢伯樂。
"Chuyển miện hồ thanh lâm chi trắc, la trí hồ ỷ tịch chi tiền.",轉眄乎青林之側，羅置乎綺席之前。
"Hoan thừa nặc nhất, giá trọng kim thiên.",歡承諾一，價重金千。
"Bỉ tập liệu chi đào trùng, do kiến ca ư “Chu tụng”.",彼集蓼之桃蟲，猶見歌於周頌。
"Nhi tại tang chi hoắc thục, thượng bá vịnh ư “Mân thiên”.",而在桑之藿蠋，尚播詠於豳篇。
"Thẩn thị vật chi chí vi, ngụ hoá công chi thâm ý.",矧是物之至微，寓化工之深意。
"Bất sinh hồ khoan nhàn chi dã, nhi thác tích ư động thiên.",不生乎寬閒之野，而托跡於洞天。
"Bất xứ hồ tịch mịch chi tân, nhi lai du ư phúc địa.",不處乎寂寞之濱，而來遊於福地。
"Đắc phi huỷ trung chi linh, mao trung chi dị hồ!",得非卉中之靈，毛中之異乎。
"Phủ ngưỡng kim cổ, thiên tải phù khế.",俯仰今古，千載符契。
"Trị thuỷ tất nhi qui trình, tác kinh thành nhi lân chí.",治水畢而龜程，作經成而麟至。
"Lượng khí ứng chi thích nhiên, diệc thánh hiền chi lực trí.",諒氣應之適然，亦聖賢之力致。
Ngã Thánh tướng: tâm tạo hoá chi tâm dĩ vi tâm; trí tạo hoá chi trí dĩ vi trí.,我聖相：心造化之心以為心，智造化之智以為智。
"Thủ thiên xích nhi đế tượng hồ càn khôn, cung hoá quân nhi đào thành hồ thứ vị.",手天尺而締匠乎乾坤，躬化鈞而陶成乎庶彙。
"Phàm phú hình tiếu chất ư lưỡng gian giả, mạc bất cổ vũ hồ xuân phong mộc dục hồ hoà khí.",凡賦形肖質於兩間者，莫不鼓舞乎春風沐浴乎和氣。
"Sinh giả lạc kỳ sinh, toại giả đắc kỳ toại.",生者樂其生，遂者得其遂。
"Công giả trình kỳ năng, thuật giả thụ kỳ kỹ.",工者程其能，術者售其技。
"Chí tư quyên nhuyễn chi vi trùng, diệc hiệu xảo tâm chi nhất thí.",至茲蜎蝡之微虫，亦效巧心之一試。
"Nhân quan vật dĩ hưng hoài, mặc cảm phu hồ khí loại.",因觀物以興懷，默感孚乎氣類。
"Kỳ kỷ thuật dã, Đường Thúc đắc Gia Hoà chi thư.",其紀述也，唐叔得嘉禾之書。
"Kỳ thưởng ngoạn dã, Thành Vương vô tiễn đồng chi hí.",其賞玩也，成王無剪桐之戲。
"Cẩu phi tạo vật chi diệu, hoá công chi chí, an năng trí thị hồ!",苟非造物之妙，化工之至，安能致是乎！
"Ngưỡng duy: thánh trí chi năng, nhi phi chúng nhân chi sở khả nghị dã.",仰惟：聖智之能，而非眾人之所可議也。
"Thiết hựu: phản phúc thiên tâm, trừu dịch nhân sự.",竊又：反覆天心，紬繹人事。
"Dữ kỳ sinh thụ thượng linh dị chi trùng, thục nhược sản nhân trung tuấn dật chi tài, cao mại chi sĩ?",與其生樹上靈異之虫，孰若產人中俊逸之才，高邁之士？
"Dữ kỳ vịnh “Mã nhi” chi thi, thục nhược giảng “Lỗ tụng” “Hữu bật” chi chương, cứu “Lỗ luận” “Đức ký” chi chỉ?",與其詠馬兒之詩，孰若講魯頌有駜之章，究魯論德冀之旨？
"Nhiên nhi vật chi linh dị giả, do thả ái chi; huống hiền ư vật nhi tối linh tối dị giả hồ!",然而物之靈異者，猶且愛之，況賢於物而最靈最異者乎。
"Nguyện sung ái vật chi tâm, nhi vi ái hiền chi tâm; suy đãi vật chi chí, nhi vi đãi hiền chi chí.",願充愛物之心，而為愛賢之心，推待物之志，而為待賢之志。
"Quan thụ diệp tắc tư “Vực phác” tác nhân chi phương, “Tinh nga” dục tài chi nghĩa.",觀樹葉則思棫樸作人之方，菁莪育才之義。
"Ngoạn “Mã nhi” tắc niệm “Sô ngu”, “Lân chỉ” chi nhân, “Quan thư”, “Thước sào” chi mỹ.",玩馬兒則念騶虞，麟趾之仁，關雎，鵲巢之美。
"Tài quán chi hạ, tuấn khả thị nhi kim khả quyên.",材館之下，駿可巿而金可捐。
"Tân mạc chi gian, Ôn khả chiêu nhi Thạch khả trí.",賓幕之間，溫可招而石可致。
"Sử lang miếu trăn tiếu tượng chi cầu, sơn trạch phấn ngoạ long chi khởi.",使廊廟臻肖像之求，山澤奮臥龍之起。
"Phù như thị tắc phô trương hoằng hưu, vịnh ca thịnh đức, cố bất quang đại nhi diệp vĩ giả da?",夫如是則，鋪張宏休，詠歌盛德，顧不光大而燁韙者耶？
"Ta vi sinh chi hà tu, hạnh tao phùng ư thịnh tế.",嗟微生之何修，幸遭逢於盛際。
"Thiểm nhập mạc chi gia tân, hà mệnh đề chi thịnh ý.",忝入幕之嘉賓，苛命題之盛意。
"Đàn khắc chử chi tiện công, hiệu điêu trùng chi mạt kỹ.",殫刻楮之賤工，效彫虫之末技。
"Ký vi vật dĩ dã hoài, hiến đắc hiền vi thượng thuỵ!",記微物以野懷，獻得賢為上瑞！
"Duy đại quân chi bá vật, phú yêu cự chi vạn thù.",維大鈞之播物，賦么鉅之萬殊。
"Bỉ nhu nhuyễn dữ hội tối, phân động thực chi nan câu.",彼蠕蝡與薈蕞，紛動植之難俱。
"Hà diệp thượng chi mã nhi, nhân giả hợp nhi thành khu.",荷葉上之馬兒，因假合而成軀。
"Phúc diệp nhi bối hề, văn hữu luân nhi hữu tích; ngưỡng diệp nhi phúc hề, lục phi cảo nhi phi khô.",覆葉而背兮，文有倫而有脊；仰葉而腹兮，綠非槁而非枯。
"Lưỡng giác khuê tiêm, tự tiễn đồng nhi vi hý; tứ đề sương bạc, loại khắc chử nhi thành mô.",兩角圭尖，似剪桐而為戲；四蹄霜薄，類刻楮而成模。
"Cụ thể nhi vi, sàm thủ ngang nhi ức quảng; ngụ hình mạc biện, hỗn chi chuyết nhi anh phu.",具體而微，巉首昂而臆廣；寓形莫瓣，混枝綴而英敷。
"Tế phí thị chi nhi bất kiến, tiêu kiều sạ hữu nhi sạ vô.",蔽芾視之而不見，肖翹乍有而乍無。
"Vị vi bão diệp chi thiền, nhi huế minh chi phỉ thất; thí tắc hoá Trang chi điệp, hựu phúc bối nhi phi đồ.",謂為抱葉之蟬，而嘒鳴之匪匹；譬則化莊之蝶，又腹背而非徒。
"Khởi tiêu lộc chi hoang thuyết, hạt mao quân chi hậu vu.",豈蕉鹿之荒說，曷茅麇之厚誣。
"Nhận thiên giáng diệp thân chi thuỵ trùng, nhi kỳ trạng hữu loại hồ long câu dã.",認天降葉身之瑞虫，而其狀有類乎龍駒也。
Tưởng phù:,想夫：
"Trường lâm tiêu táp, diệp động thiên giáp.",長林蕭颯，葉動千甲。
"Kình khí chỉ hề phù sơ, cương phong chấn hề đằng đạp.",勁氣砥兮扶疏，剛風振兮騰踏。
"Phi quan ngự bí, thục kỳ ký chi khả câu; tri kỷ xuân thu, tiếu huệ cô chi tương hiệp.",非關御轡，孰騏驥之可拘；知幾春秋，笑蟪蛄之相狎。
"Phiêu ngô đồng nhi phi khứ, Ký Bắc quần không; ma dương liễu nhi tương y, Hoa Dương tức tiệp.",飄梧桐而飛去，冀北群空；磨楊柳而相依，華陽息捷。
"Hạp quy lễ nghĩa chi đại nhàn, thệ uỷ khinh vi nhi báo đáp.",盍歸禮義之大閑，誓委輕微而報答。
Nhĩ nãi:,爾乃：
"Tích độn hoang dã, kim lai động thiên.",昔遯荒野，今來洞天。
"Từ thảo mộc chi câu hủ, căng súc dưỡng chi đại ân.",辭草木之俱腐，矜畜養之大恩。
"Thê tung hồ quỳnh chi chi thượng, tức ảnh ư châu liêm chi tiền.",棲蹤乎瓊枝之上，息影於珠簾之前。
"Tịch ẩm mộc lan chi cam lộ, triều xan tử phủ chi tường yên.",夕飲木蘭之甘露，朝餐紫府之祥煙。
"Nhất cố nhi giá tăng bách bội, thân chỉ nhi như trước tiên tiên.",一顧而價增百倍，親指而如著先鞭。
"Ngoại mẫu tẫn ly hoàng chi tướng pháp, miễn kỳ hành huế tức chi khuynh điên.",外牡牝驪黃之相法，免蚑行喙息之傾顚。
"Thiết quan phù hoá công tiêu hình chi xảo diệu, nhi tri phù hiền tướng tạo hoá chi đại toàn.",竊觀夫化工肖形之巧妙，而知夫賢相造化之大全。
Ta phù!,嗟夫！
"Nhân chi hữu thường, thời đăng chí trị.",人之有常，時登至治。
"Ký bảo hợp ư thái hoà, nghi chư phúc chi tất chí.",既保合於太和，宜諸福之畢至。
"Thiên giáng tư trùng, khỉ vô thâm ý.",天降斯虫，豈無深意。
"Mã như quyết trạng, thị quân tử chi đắc dư; diệp tác kỳ thân, kiến thương sinh chi đại tý.",馬如厥狀，視君子之得與；葉作其身，見蒼生之大庇。
Thả:,且：
"Mã giả long dã, phù khai địa chi vô cương; diệp giả mậu dã, triệu bản chi chi bách thế.",馬者龍也，符開地之無疆；葉者茂也，兆本支之百世。
"Thẩn tư trùng dã: sản ư Kim Âu chi thượng, diệu ư động thiên chi địa.",矧斯虫也：產於金甌之上，曜於洞天之地。
"Thích đương Linh Đài kinh thuỷ chi sơ, xuất ứng Lạc Ấp trạch trung chi tế.",適當靈臺經始之初，出應洛邑宅中之際。
"Vi vật tao phùng, ức niên quan hệ.",微物遭逢，億年關係。
"Nô tài hà hạnh, đổ tư hưu mỹ.",駑材何幸，睹斯休美。
"Cảm hủ mộc chi tái sinh, hà thức đạo chi bất bỉ.",感腐木之再生，苛識道之不鄙。
"Thao Phượng Trì Kim Mã chi vinh, tạo Lãng Uyển Bồng Hồ chi bí.",叨鳳池金馬之榮，造閬苑蓬壼之秘。
"Cố điêu trùng khắc triện chi phỉ công, phú đắc hiền vi thượng thuỵ.",顧雕虫刻篆之匪工，賦得賢為上瑞。
"Hạo hạo hồ bình sa vô ngân, quýnh bất kiến nhân. Hà thuỷ oanh đới, quần sơn củ phân. Ảm hề thảm tuỵ, phong bi nhật huân. Bồng đoạn thảo khô, lẫm nhược sương thần. Điểu phi bất há, thú đĩnh vong quần. Đình trưởng cáo dư viết: “Thử cổ chiến trường dã. Thường phúc tam quân, vãng vãng quỷ khốc, thiên âm tắc văn.” Thương tâm tai! Tần dư? Hán dư? Tương cận đại dư?",浩浩乎平沙無垠，敻不見人。河水縈帶，羣山糾紛。黯兮慘悴，風悲日曛。蓬斷草枯，凜若霜晨。鳥飛不下，獸鋌亡羣。亭長告余曰：「此古戰場也。嘗覆三軍，往往鬼哭，天陰則聞。」傷心哉！秦歟？漢歟？將近代歟？
"Ngô văn phu Tề, Nguỵ dao thú, Kinh, Hàn triệu mộ. Vạn lý bôn tẩu, liên niên bạo lộ. Sa thảo thần mục, hà băng dạ độ. Địa khoát thiên trường, bất tri quy lộ. Ký thân phong nhận, phức ức thuỳ tố? Tần, Hán nhi hoàn, đa sự tứ di; Trung Châu háo dịch, vô thế vô chi. Cổ xưng nhung, hạ, bất kháng vương sư. Văn giáo thất tuyên, võ thần dụng kỳ. Kỳ binh hữu dị ư nhân nghĩa, vương đạo vu khoát nhi mạc vi. Ô hô! Y hy!",吾聞夫齊、魏徭戍，荊、韓召募。萬里奔走，連年暴露。沙草晨牧，河冰夜渡。地闊天長，不知歸路。寄身鋒刃，腷臆誰訴？秦、漢而還，多事四夷；中州耗斁，無世無之。古稱戎、夏，不抗王師。文教失宣，武臣用奇。奇兵有異於仁義，王道迂闊而莫為。嗚呼！噫嘻！
"Ngô tưởng phù bắc phong chấn mạc, Hồ binh tứ tiện. Chủ tướng kiêu địch, kỳ môn thâu chiến. Dã thụ mao kỳ, xuyên hồi tổ luyện. Pháp trùng tâm hãi, uy tôn mệnh tiện. Lợi thốc xuyên cốt, kinh sa nhập diện. Chủ khách tương bác, sơn xuyên chấn huyễn. Thanh tích giang hà, thế băng lôi điện. Chí nhược cùng âm ngưng bế, lẫm liệt hải ngung; tích tuyết một hĩnh, kiên băng tại tu. Chí điểu hưu sào, chinh mã trì trù, tăng khoáng vô ôn, đoạ chỉ liệt phu. Đương thử khổ hàn, thiên giả cường Hồ, bằng lăng sát khí, dĩ tương tiễn đồ. Kính tiệt truy trùng, hoành công sĩ tốt; đô uý tân hàng, tướng quân phúc một. Thi điền cự cảng chi ngạn, huyết mãn trường thành chi quật. Vô quý vô tiện, đồng vi khô cốt, khả thắng ngôn tai! Cổ suy hề lực kiệt, thi tận hề huyền tuyệt. Bạch nhận giao hề bảo đao chiết, lưỡng quân túc hề sinh tử quyết. Giáng hỹ tai, chung thân di địch! Chiến hỹ tai, cốt bạo sa lịch! Điểu vô thanh hề sơn tịch tịch, dạ chính trường hề phong tích tích. Hồn phách kết hề thiên trầm trầm, quỷ thần tụ hề vân mạc mạc. Nhật quang hàn hề thảo đoản, nguyệt sắc khổ hề sương bạch. Thương tâm thảm mục, hữu như thị gia!",吾想夫北風振漠，胡兵伺便。主將驕敵，期門受戰。野豎旄旗，川迴組練。法重心駭，威尊命賤。利鏃穿骨，驚沙入面。主客相搏，山川震眩。聲析江河，勢崩雷電。至若窮陰凝閉，凜冽海隅；積雪沒脛，堅冰在鬚。鷙鳥休巢，征馬踟躕，繒纊無溫，墮指裂膚。當此苦寒，天假強胡，憑陵殺氣，以相剪屠。徑截輜重，橫攻士卒；都尉新降，將軍覆沒。屍填巨港之岸，血滿長城之窟。無貴無賤，同為枯骨，可勝言哉！鼓衰兮力竭，矢盡兮絃絕。白刃交兮寶刀折，兩軍蹙兮生死決。降矣哉，終身夷狄！戰矣哉，骨暴沙礫！鳥無聲兮山寂寂，夜正長兮風淅淅。魂魄結兮天沈沈，鬼神聚兮雲冪冪。日光寒兮草短，月色苦兮霜白。傷心慘目，有如是耶！
"Ngô văn chi: mục dụng triệu tốt, đại phá lâm hồ, khai địa thiên lý, độn đào hung nô. Hán khuynh thiên hạ, tài đàn lực phô. Nhậm nhân nhi dĩ, kỳ tại đa hồ? Chu trục hiểm duẫn, bắc chí thái nguyên, ký thành sóc phương, toàn sư nhi hoàn. Ẩm chí sách huân, hoà nhạc thả nhàn. Mục mục lệ lệ, quân thần chi gian. Tần khởi trưởng thành, cánh hải vi quan; đồ độc sinh linh, vạn lý châu ân. Hán kích hung nô, tuy đắc âm sơn, chẩm hài biến dã, công bất bổ hoạn.",吾聞之：牧用趙卒，大破林胡，開地千里，遁逃匈奴。漢傾天下，財殫力痡。任人而已，其在多乎？周逐玁狁，北至太原，既城朔方，全師而還。飲至策勳，和樂且閑。穆穆棣棣，君臣之間。秦起長城，竟海為關；荼毒生靈，萬里朱殷。漢擊匈奴，雖得陰山，枕骸遍野，功不補患。
"Thương thương chưng dân, thuỳ vô phụ mẫu? Đề huề phủng phụ, uý kỳ bất thọ. Thuỳ vô huynh đệ? Như túc như thủ. Thuỳ vô phu phụ? Như tân như hữu. Sinh dã hà ân? Sát chi hà cữu? Kỳ tồn kỳ một, gia mạc văn tri. Nhân hoặc hữu ngôn, tướng tín tướng nghi. Quyên quyên tâm mục, tẩm mị kiến chi. Bố điện khuynh trường, khốc vọng thiên nhai. Thiên địa vi sầu, thảo mộc thê bi. Điếu tế bất chí, tinh hồn hà y? Tất hữu hung niên, nhân kỳ lưu ly. Ô hô y hy! Thì gia mệnh gia? Tòng cổ như tư. Vi chi nại hà? Thủ tại tứ di.",蒼蒼蒸民，誰無父母？提攜捧負，畏其不壽。誰無兄弟？如足如手。誰無夫婦？如賓如友。生也何恩？殺之何咎？其存其歿，家莫聞知。人或有言，將信將疑。悁悁心目，寢寐見之。布奠傾觴，哭望天涯。天地為愁，草木淒悲。弔祭不至，精魂何依？必有凶年，人其流離。嗚呼噫嘻！時耶命耶？從古如斯。為之奈何？守在四夷。
"Đệ, dã ngu Phan Đình Phùng bút phục.",弟，野愚潘廷逢筆復。
"Trần Đình Túc, Nguyễn Hữu Độ, Hoàng Hữu Thường, Võ Nhự đồng bái.",陳廷肅，阮有度，黃有常，武洳仝拜。
"Trượng phu hứa quốc, duy kiệt lực ư đương vị;",丈夫許國，惟竭力於當為；
"Chí sĩ thành nhân, khởi sát thân chi túc tích.",志士成仁，豈殺身之足惜。
"Tự phi kiến nguy trí mệnh, xác hữu cương trường;",自非見危致命，確有剛腸；
"Thế năng thị tử như quy, hào vô chuyển kế.",世能視死如歸，毫無轉計。
Cố Hà Ninh tổng đốc Hoàng đại nhân:,故河寧總督黃大人：
Tằng lăng khí cốt;,嶒崚氣骨；
Lỗi lạc phong tư.,磊落風姿。
"Cụ công minh thanh chính chi tài, triều hữu trực thanh, quận hữu năng tích;",具公明清正之才，朝有直聲，郡有能績；
"Phụ tuấn tiễu quảng ngung chi khí, môn vô tư yết, gia vô hậu thuý.",負峻悄廣隅之氣，門無私謁，家無厚邃。
Phương đương Long Biên kiến tiết chi sơ;,方當龍邊建節之初；
Dĩ hữu kình hải dương ba chi lự.,已有鯨海揚波之慮。
"Bất đồng giả lực, cố tri thời thế chi nan;",不同者力，固知時勢之難；
"Duy ký quyết tâm, diệc viết phong cương chi trách.",惟既厥心，亦曰封疆之責。
"Hi sinh cảnh thượng, ký hoà hiếu nhi đãi bỉ chi lai;",犧牲境上，既和好而待彼之來；
"Giáp mã thành biên, nại lăng bách nhi thụ ngã dĩ khốn.",甲馬城邊，奈陵迫而受我以困。
"Phong đình nhất trận, yên trần cô dung;",風霆一陣，煙塵孤墉；
"Quân khí ký suy, công kế toại quyết.",軍氣既衰，公計遂決。
"Vân quan hồi thủ, khởi vô Quản Di Ngô tam tẩu chi tư;",雲關回首，豈無管夷吾三走之思；
"Nùng lĩnh ngưng mâu, cánh thiết Hoa Tư Mã phục lai chi sỉ.",濃嶺凝眸，更切花司馬復來之恥。
"Thảng thốt hoàng cung bái mỹ, thần tội đương tru;",倉卒皇宮拜鎂，臣罪當誅；
"Thung dung Võ Miếu quyên sinh, minh thần cộng chứng.",從容武廟捐生，明神共證。
"Cô trung khả bạch, tố nhất trường chi liệt liệt oanh oanh;",孤忠可白，做一場之烈烈轟轟；
"Công luận do tồn, phó chúng khẩu chi phi phi thị thị.",公論猶存，付眾口之非非是是。
Ô hô!,嗚呼！
"Doanh hoàn vận hội, thiên cổ sáng văn;",瀛寰運會，千古創聞；
"Nhĩ chử phong ai, thập niên lưỡng độ.",珥渚風埃，十年兩度。
"Khách sái Tân Đình chi lệ, thử nhật sơn hà;",客灑新亭之淚，此日山河；
"Sĩ chiêu lữ sấn chi hồn, cựu thời bộ khúc.",士招旅襯之魂，舊時部曲。
"Độc thị trung can nghĩa phủ, văn kiến đồng khâm;",獨是忠肝義腑，聞見同欽；
"Thứ cơ thiên trụ địa duy, cương thường bất truỵ.",庶幾天柱地維，綱常不墜。
"Duy tiền bằng điếu, thực quan nhân sinh ý khí chi bi;",惟前憑吊，寔關人生意氣之悲；
"Tận hậu cán hoàn, ích hệ thế đại tích kim chi cảm.",盡後幹還，益係世大昔今之感。
Viên sơ vu dẫn dụng đương phỉ ca.,爰疏蕪引用當𢸿歌。
Tiêu lộc hác xà;,蕉鹿壑蛇；
Đồng ngưu giác mã.,童牛角馬。
"Thiên vạn lý ba đào vô dạng, hốt nhiên ký ngạn tá hư chu;",千萬里波濤無恙，忽然旣岸卸虛舟；
"Nhị bát ky sương tuyết bất xâm, hà giả vị hàn điêu lão bá.",二八朞霜雪不侵，何者未寒凋老柏。
Duy dư nghĩa liệt ư nhân gian;,惟餘義烈於人間；
Khả đối quân thân ư địa hạ.,可對君親於地下。
"Hình quy truân tịch, huân hao chi tinh sảng như tồn;",形歸窀穸，焄蒿之精爽如存；
"Thần phản đoạn đường, liêu thảo chi minh thành dĩ thoả.",神返斷堂，藔草之明誠以妥。
"Ê nhân văn chi vị tuyên hề, ẩn thái phác chi thuần chất.",繄人文之未宣兮，隱太璞之醇質。
"Viên kết thằng dĩ vi ước hề, cố vị tri phù kỷ thuật.",爰結繩以為約兮，固未知夫紀述。
"Vĩ Hy Hiên chi thánh thần hề, nguyên thiên đạo nhi kiến cực.",偉羲軒之聖神兮，原天道而建極。
"Tạo thư khế dĩ lợi dụng hề, hiệp tư văn ư tải tịch.",造書契以利用兮，協斯文於載籍。
"Lập sử quan dĩ trì pháp hề, chính quân thần chi điển tắc.",立史官以持法兮，正君臣之典則。
"Đãi Nghiêu, Thuấn chi kế thống hề, công hữu quang ư tiền nhật.",迨堯舜之繼統兮，功有光於前日。
"Vũ, Thang nghiễm dĩ chỉ kính hề, Kiệt, Trụ túng dĩ bạo ngược.",禹湯儼以祇敬兮，桀紂縱以暴虐。
"Văn, Vũ mục dĩ ý cung hề, U, Lệ hôn nhi tường tặc.",文武穆以懿恭兮，幽厲昏而戕賊。
"Bỉ dĩ đức nhi hưng long hề, thử dĩ hôn nhi táng quốc.",彼以德而興隆兮，此以昏而喪國。
"Thuỳ bỉnh bút nhi trực thư hề, cụ chiêu chiêu ư sử sách?",誰秉筆而直書兮，具昭昭於史冊。
"Ta! Cơ triệt chi đông thiên hề, vương cương đồi nhi phất thực.",嗟！姬轍之東遷兮，王綱頹而弗植。
"Can qua mãn ư vũ nội hề, nhân cầm thú nhi tương thực.",干戈滿於宇內奚，人禽獸而相食。
"Thần thí quân nhi tử thí phụ hề, di luân tòng nhi dẫn tức.",臣弒君而子弒父兮，彞倫從而泯息。
"Xác Đổng Hồ chi đặc lập hề, tư cổ nhân chi thị thức.",確董狐之特立兮，思古人之是式。
"Thường kiển kiển nhi phỉ cùng hề, tận trung thành ư sử chức.",常褰褰而匪窮兮，盡忠誠於史職。
"Khu lôi đình dĩ phấn uy hề, định giám hành ư hung ức.",驅雷霆以奮威兮，定鑑衡於胸臆。
"Thục phi thiện chi khả xưng hề, thục phi ác nhi khả truất.",孰非善之可稱兮，孰非惡而可黜。
"Chấp bút trực dĩ đại thư hề, vô hào ly chi cảm thắc.",執筆直以大書兮，無毫釐之敢忒。
"Minh vạn cổ chi thị phi hề, chính đương thời chi đắc thất.",明萬古之是非鼷，正當時之得失。
"Bao biếm nghiêm ư thưởng phạt hề, nghị luận đoạn ư phủ chất.",褒貶嚴於賞罰兮，議論斷於斧鑕。
"Khái Linh Công chi vô đạo hề, vụ hậu liễm ư sinh dân.",慨靈公之無道兮，務厚斂於生民。
"Sát tể phu chi nhi hùng hề, tòng đài thượng dĩ đạn nhân.",殺宰夫之胹熊兮，從臺上以彈人。
"Nhật khang ngu nhi bất dĩ hề, Tuyên Tử gián nhi di sân.",日康娛而不已兮，宣子諫而彌嗔。
"Nãi mệnh Nghê dĩ kích sát hề, Nghê xúc hoè nhi tễ.",乃命麑以擊殺兮，麑觸槐而斃。
"Phục thiết tửu dĩ thốc ngao hề, ngao sước giai nhi truy phệ.",復設酒以嗾獒兮，獒躇階而追噬。
"Tuyên Tử cụ nhi vong tẩu hề, Tấn quốc loạn dĩ phân phân.",宣子懼而亡走兮，晉國亂以紛紛。
"Phân tập sát ư đào viên hề, nại thần tử chi nhẫn văn.",分襲殺於桃園兮，奈臣子之忍聞。
"Thuẫn văn chi nhi phục khấp hề, tích tự nhĩ ư sát quân.",盾聞之而復泣兮，跡似邇於殺君。
"Vong bất việt cảnh dĩ tuyệt phận hề, quy bất thảo tặc dĩ thù ân.",亡不越境以絕分兮，歸不討賊以酬恩。
"Y! Khứ tựu tịnh thất nghĩa hề, cố nan đào kỳ trách vân.",伊！去就並失義兮，固難逃其責云。
"Vĩ Thái sử chi bút pháp hề, yết quân thần chi đại nghĩa.",偉太史之筆法兮，揭君臣之大義。
"Thư hữu tội dĩ thị triều hề, bất thủ sát nhi viết sát.",書有罪以示朝兮，不手殺而曰殺。
"Xả thao qua nhi tru đồng thất hề, nguyên Chính Khanh chi hữu ý.",捨操戈而誅同室兮，原正卿之有意。
"Danh Di Cao dĩ hiển ác hề, thị quân đức chi mỹ ý.",名夷皋以顯惡兮，示君德之靡懿。
"Nhất lạc bút, nhi lưỡng tội chương hề, đắc Xuân thu chi vi chỉ.",一落筆而兩罪彰兮，得春秋之微旨。
"Phương hàm hào nhi nhu mặc hề, quỷ thần kinh nhi ảnh tị.",方含毫而濡墨兮，鬼神驚而影避。
"Bài trùng môn nhi khải độc hề, thư đại ác nhi bất huý.",排重門而啟牘兮，書大惡而不諱。
"Phù vương cương ư ký hoại hề, chấn vương pháp ư dĩ truỵ.",扶王綱於既壞兮，振王法於已墜。
"Lẫm kình khí ư mang đoan hề, thuỳ thâm giới ư hậu thế.",凜勁氣於鋩端兮，垂深戒於後世。
"Vu dĩ bế tiểu nhân chi tà tâm hề, vu dĩ cảnh hậu vương chi tứ chí.",于以閉小人之邪心兮，于以警後王之肆志。
"Vu dĩ cẩn lý sương chi tiệm hề, vu dĩ phòng kiên băng chi chí.",于以謹履霜之漸兮，于以防堅冰之至。
"Loạn thần văn chi nhi ty phách hề, tặc tử kiến chi nhi táng khí.",亂臣聞之而禠魄兮，賊子見之而喪氣。
"Cố sử dật chi tiền văn hề, thị Đổng Hồ nhi hữu quý.",顧史佚之前聞兮，視董狐而有愧。
"Ý Trọng Ni chi pháp thiên hề, hoạn tiền sử chi đảo trí.",懿仲尼之法天兮，患前史之倒置。
"Nhân cựu văn nhi bút tước hề, đoán trung tà chi thành nguỵ.",因舊文而筆削兮，斷忠邪之誠偽。
"Vị Hồ bút chi vi chân hề, cố bất soán ư nhất tự.",謂狐筆之為真兮，故不竄於一字。
"Sử thiên tải chi nghịch loạn hề, thượng văn phong nhi chuý chuý.",使千載之逆亂兮，尚聞風而惴惴。
"Tự phi hung trung minh kính, bút hạ Xuân thu hề, hạt năng chí thị.",自非胸中明鏡，筆下春秋兮，曷能至是。
"Nghi hồ Tả thị thư chi, vi cổ lương sử hề, lịch thiên tải nhi bất dẫn kỳ nghĩa.",宜乎左氏書之，為古良史兮，歷千載而不泯其義。
"Ta dư sinh chi cống trực hề, ngưỡng tiền thánh nhi tự xí.",嗟予生之戇直兮，仰前聖而自企。
"Phủ Lân kinh nhi tăng hy hề, nhận trung chính dĩ tự bội.",拊麟經而增欷兮，紉中正以自佩。
"Y dục chỉ thanh thiên nhi bút Thái Hoa hề, thứ hồ thư thánh triều chi tường thuỵ nhi dĩ.",伊欲紙青天而筆太華兮，庶乎書聖朝之祥瑞而已。
"Tòng minh hậu nhi hi du hề,",從明後而嬉遊兮，
"Đăng tằng đài, dĩ ngu tình.",登層臺以娛情。
Kiến thái phủ chi quảng khai hề.,見太府之廣開兮，
Quan Thánh đức chi sở dinh,觀聖德之所營。
"Kiến cao môn chi tha nga hề,",建高門之嵯峨兮，
Phù song khuyết hồ Thái thanh.,浮雙闕乎太清。
"Lập trung thiên chi hoa quan hề,",立中天之華觀兮，
Liên phi các hồ Tây Thành.,連飛閣乎西城。
"Lâm Chương thuỷ chi trường lưu hề,",臨漳水之長流兮，
Vọng viên quả chi tư vinh.,望園果之滋榮。
"Lập song đài ư tả hữu hề,",立雙臺於左右兮，
Hữu Ngọc Long dữ Kim Phụng.,有玉龍與金鳳。
"Liên nhị kiều ư đông tây hề,",連二橋於東西兮，
Nhược trường không chi đế đống.,若長空之蝃蝀。
"Phủ hoàng đô chi hoành lệ hề,",俯皇都之宏麗兮，
Khám vân hà chi phù động.,瞰雲霞之浮動。
Hân quần tài chi lai tuỵ hề.,欣群才之來萃兮，
Hiệp phi hùng chi cát mộng.,協飛熊之吉夢。
Ngưỡng xuân phong chi hoà mục hề.,仰春風之和穆兮，
Thính bách điểu chi bi minh.,聽百鳥之悲鳴。
"Thiên vân viên kỳ ký lập hề,",天雲垣其既立兮，
Gia nguyện đắc nhi hoạch sinh.,家願得而獲逞。
"Dương nhân hoá ư vũ nội hề,",揚仁化於宇內兮，
Tận túc cung ư thượng kinh.,盡肅恭於上京。
"Duy hoàn, văn chi vi thịnh hề,",惟桓文之為盛兮，
Khởi túc phương hồ thánh minh.,豈足方乎聖明！
Hưu hỹ! Mỹ hỹ!,休矣！美矣！
Huệ trạch viễn dương.,惠澤遠揚。
Dực tá ngã hoàng gia hề.,翼佐我皇家兮，
Ninh bỉ tứ phương.,寧彼四方。
Đồng thiên địa chi quy lượng hề.,同天地之規量兮，
Tề nhật nguyệt chi huy quang.,齊日月之暉光。
Vĩnh quý tôn nhi vô cực hề.,永貴尊而無極兮，
Đẳng quân thọ ư đông hoàng.,等君壽於東皇。
Ngự long kỳ dĩ ngao du hề,御龍旂以遨遊兮，
Hồi loan giá nhi chu chương.,迴鸞駕而周章。
"Ân hoá cập hồ tứ hải hề,",恩化及乎四海兮，
Gia vật phụ nhi dân khang.,嘉物阜而民康。
"Nguyện tư đài chi vĩnh cố hề,",願斯臺之永固兮，
Lạc chung cổ nhi vị ương!,樂終古而未央！
"Há Tung sơn hề đa sở tư,",下嵩山兮多所思，
Huề giai nhân hề bộ trì trì.,攜佳人兮步遲遲。
"Tùng gian minh nguyệt trường như thử,",松間明月長如此，
Quân tái du hề phục hà thì?,君再遊兮復何時？
"Thị tuế thập nguyệt chi vọng, bộ tự Tuyết Đường, tương quy ư Lâm Cao. Nhị khách tòng dư, quá Hoàng Nê chi phản. Sương lộ ký giáng, mộc diệp tận thoát, nhân ảnh tại địa, ngưỡng kiến minh nguyệt. Cố nhi lạc chi, hành ca tương đáp.",是歲十月之望，步自雪堂，將歸於臨皋。二客從予，過黃泥之阪。霜露既降，木葉盡脫，人影在地，仰見明月。顧而樂之，行歌相答。
"Dĩ nhi thán viết: “Hữu khách vô tửu, hữu tửu vô hào; nguyệt bạch phong thanh, như thử lương dạ hà?” Khách viết: “Kim giả bạc mộ, cử võng đắc ngư, cự khẩu tế lân, trạng như Tùng giang chi lô. Cố an sở đắc tửu hồ?” Quy nhi mưu chư phụ. Phụ viết: “Ngã hữu đấu tửu, tàng chi cửu hĩ, dĩ đãi dư bất thì chi nhu.”",已而歎曰：「有客無酒，有酒無肴；月白風清，如此良夜何？」客曰：「今者薄暮，舉網得魚，巨口細鱗，狀如松江之鱸。顧安所得酒乎？」歸而謀諸婦。婦曰：「我有鬥酒，藏之久矣，以待予不時之需。」
"Ư thị huề tửu dữ ngư, phục du ư Xích Bích chi hạ. Giang lưu hữu thanh, đoạn ngạn thiên xích. Sơn cao nguyệt tiểu, thuỷ lạc thạch xuất. Tằng nhật nguyệt chi kỷ hà, nhi giang sơn bất khả phục thức hĩ. Dư nãi nhiếp y nhi thượng, lý sàm nham, phi mông nhung, cứ hổ báo, đăng cầu long; phan thê cốt chi nguy sào, phủ Phùng Di chi u cung. Cái nhị khách bất năng tòng yên. Hoạch nhiên trường khiếu, thảo mộc chấn động, sơn minh cốc ưng, phong khởi thuỷ dũng. Dư diệc tiễu nhiên nhi bi túc nhiên nhi khủng, lẫm hồ kỳ bất khả lưu dã. Phản nhi đăng chu, phóng hồ trung lưu, thính kỳ sở chỉ nhi hưu yên. Thì dạ tương bán, tứ cố tịch liêu. Thích hữu cô hạc, hoành giang đông lai, sí như xa luân, huyền thường cảo y, kiết nhiên trường minh, lược dư chu nhi tây dã.",於是攜酒與魚，復遊於赤壁之下。江流有聲，斷岸千尺。山高月小，水落石出。曾日月之幾何，而江山不可復識矣。予乃攝衣而上，履巉岩，披蒙茸，踞虎豹，登虯龍；攀棲鶻之危巢，俯馮夷之幽宮。蓋二客不能從焉。劃然長嘯，草木震動，山鳴谷應，風起水湧。餘亦悄然而悲肅然而恐，凜乎其不可留也。返而登舟，放乎中流，聽其所止而休焉。時夜將半，四顧寂寥。適有孤鶴，橫江東來，翅如車輪，玄裳縞衣，戛然長鳴，掠予舟而西也。
"Tu du khách khứ dư diệc tựu thuỵ. Mộng nhất đạo sĩ, vũ y biên tiên, quá Lâm Cao chi hạ, ấp dư nhi ngôn viết: “Xích Bích chi du lạc hồ?” Vấn kỳ tính danh, phủ nhi bất đáp. “Ô hô y hy! Ngã tri chi hĩ. Trù tích chi dạ, phi minh nhi quá ngã giả, phi dư dã gia?” Đạo sĩ cố tiếu, dư diệc kinh ngộ. Khai hộ thị chi, bất kiến kỳ xứ.",須臾客去予亦就睡。夢一道士，羽衣蹁躚，過臨皋之下，揖予而言曰：「赤壁之遊樂乎？」問其姓名，俯而不答。「嗚呼噫嘻！我知之矣。疇昔之夜，飛鳴而過我者，非予也耶？」道士顧笑，予亦驚悟。開戶視之，不見其處。
"Tô tử dạ toạ, hữu thử phương ngão. Phụ sàng nhi chỉ chi, ký chỉ phục tác. Sử đồng tử chúc chi, hữu thác trung không. Hao hao ngao ngao, thanh tại thác trung. Viết: “Y! Thử thử chi kiến bế nhi bất đắc khứ giả dã.” Phát nhi thị chi, tịch vô sở hữu, cử chúc nhi tác, trung hữu tử thử. Đồng tử kinh viết: “Thị phương ngão dã, nhi cự tử dã? Hướng vi hà thanh, khởi kỳ quỷ da?” Phúc nhi xuất chi, đoạ địa nãi tẩu, tuy hữu mẫn giả, mạc thố kỳ thủ.",蘇子夜坐，有鼠方嚙。拊床而止之，既止復作。使童子燭之，有橐中空。嘐嘐聱聱，聲在橐中。曰：『噫！此鼠之見閉而不得去者也。』發而視之，寂無所有，舉燭而索，中有死鼠。童子驚曰：『是方嚙也，而遽死也？向為何聲，豈其鬼耶？』覆而出之，墮地乃走，雖有敏者，莫措其手。
"Tô tử thán viết: “Dị tai, thị thử chi hiệt dã! Bế ư thác trung, thác kiên nhi bất khả huyệt dã. Cố bất ngão nhi ngão, dĩ thanh trí nhân; bất tử nhi tử, dĩ hình cầu thoát dã. Ngô văn hữu sinh, mạc trí ư nhân. Nhiễu long phạt giao, đăng quy thú lân, dịch vạn vật nhi quân chi, tốt kiến sử ư nhất thử, đoạ thử trùng chi kế trung, kinh thoát thố ư xứ nữ, ô tại kỳ vi trí dã?”",蘇子嘆曰：『異哉，是鼠之黠也！閉於橐中，橐堅而不可穴也。故不嚙而嚙，以聲緻人；不死而死，以形求脫也。吾聞有生，莫智於人。擾龍伐蛟，登龜狩麟，役萬物而君之，卒見使於一鼠，墮此蟲之計中，驚脫兔於處女，烏在其為智也？』
"Toạ nhi giả mị, tư niệm kỳ cố. Nhược hữu cáo dư giả, viết: “Nhữ vi đa học nhi thức chi, vọng đạo nhi vị kiến dã, bất nhất ư nhữ nhi nhị ư vật, cố nhất thử chi ngão nhi vi chi biến dã. Nhân năng toái thiên kim chi bích nhi bất năng vô thất thanh ư phá phủ, năng bác mãnh hổ bất năng vô biến sắc ư phong sái, thử bất nhất chi hoạn dã. Ngôn xuất ư nhữ nhi vong chi da!” Dư miễn nhi tiếu, ngưỡng nhi giác. Sử đồng tử chấp bút, ký dư chi tác.",坐而假寐，私念其故。若有告余者，曰：『汝為多學而識之，望道而未見也，不一於汝而二於物，故一鼠之嚙而為之變也。人能碎千金之璧而不能無失聲於破釜，能搏猛虎不能無變色於蜂蠆，此不一之患也。言出於汝而忘之耶！』余俛而笑，仰而覺。使童子執筆，記余之作。
"Hoàng Sơ tam niên, dư triều kinh sư, hoàn tế Lạc xuyên.",黃初三年，余朝京師，還濟洛川。
"Cổ nhân hữu ngôn, tư thuỷ chi thần danh viết Phục phi.",古人有言，斯水之神名曰宓妃。
"Cảm Tống Ngọc đối Sở vương thuyết thần nữ chi sự, toại tác tư phú.",感宋玉對楚王說神女之事，遂作斯賦。
Kỳ từ viết:,其詞曰：
"Dư tòng kinh vực,",余從京域，
Ngôn quy đông phiên.,言歸東藩。
"Bối Y Khuyết, Hoàn Viên,",背伊闕，轘轅，
"Kinh Thông Cốc, lăng Cảnh Sơn.",經通谷，陵景山。
"Nhật ký tây khuynh,",日既西傾，
Xa đãi mã phiền.,車殆馬煩。
"Nhĩ nãi thuế giá hồ hành cao,",爾乃稅駕乎蘅皋，
Mạt tứ hồ chi điền.,秣駟乎芝田。
"Dung dữ hồ Dương Lâm,",容與乎陽林，
Lưu miện hồ Lạc xuyên.,流盼乎洛川。
"Ư thị tinh di thần hãi,",於是精移神駭，
Hốt yên tứ tán.,忽焉思散。
"Phủ tắc vị sát,",俯則未察，
Ngưỡng dĩ thù quán.,仰以殊觀。
"Đổ nhất lệ nhân,",睹一麗人，
Ư nham chi bạn.,於岩之畔。
Nãi viện ngự giả nhi cáo chi viết:,乃援御者而告之曰：
“Nhĩ hữu địch ư bỉ giả hồ?,「爾有覿於彼者乎？
"Bỉ hà nhân tư, nhược thử chi diễm dã!”",彼何人斯，若此之艷也！」
Ngự giả đối viết:,御者對曰：
"“Thần văn hà Lạc chi thần,",「臣聞河洛之神，
Danh viết Phục phi.,名曰宓妃。
"Nhiên tắc quân vương chi sở kiến dã,",然則君王之所見也，
Vô nãi thị hồ!,無乃是乎！
Kỳ trạng nhược hà?,其狀若何？
Thần nguyện văn chi.”,臣愿聞之。」
Dư cáo chi viết:,余告之曰：
"Kỳ hình dã,",其形也，
"Phiên nhược kinh hồng,",翩若驚鴻，
Uyển nhược du long.,婉若遊龍。
"Vinh diệu thu cúc,",榮曜秋菊，
Hoa mậu xuân tùng.,華茂春松。
"Phảng phất hề nhược khinh vân chi tế nguyệt,",仿佛兮若輕雲之蔽月，
Phiêu diêu hề nhược lưu phong chi hồi tuyết.,飄颻兮若流風之迴雪。
"Viễn nhi vọng chi, hạo nhược thái dương thăng triêu hà,",遠而望之，皎若太陽昇朝霞，
"Bách nhi sát chi, chước nhược phù dung xuất lục ba.",迫而察之，灼若芙蓉出淥波。
"Nùng tiêm đắc trung,",穠纖得中，
Tu đoản hợp độ.,修短合度。
"Khiên nhược tước thành,",肩若削成，
Yêu như thúc tố.,腰如束素。
"Duyên cảnh tú hạng,",延頸秀項，
Hạo chất trình lộ.,皓質呈露。
"Phương trạch vô gia,",芳澤無加，
Duyên hoa phất ngự.,鉛華弗御。
"Vân kế nga nga,",雲髻峨峨，
Tu my liên quyên.,修眉連娟。
"Đan thần ngoại lãng,",丹唇外朗，
Hạo xỉ nội tiên.,皓齒內鮮。
"Minh mâu thiện lãi,",明眸善睞，
Yếp phụ thừa quyền.,靨輔承權。
"Khôi tư diễm dật,",瑰姿艷逸，
Nghi tĩnh thể nhàn.,儀靜體閑。
"Nhu tình xước thái,",柔情綽態，
Mị ư ngữ ngôn.,媚於語言。
"Kỳ phục khoáng thế,",奇服曠世，
Cốt tượng ưng đồ.,骨像應圖。
"Phi la y văn thôi xán hề,",披羅衣文璀燦兮，
Nhĩ dao bích chi hoa cư.,珥瑤碧之華琚。
"Đới kim thuý chi thủ sức,",戴金翠之首飾，
Chuế minh châu dĩ diệu khu.,綴明珠以耀軀。
"Tiễn viễn du chi văn lý,",踐遠遊之文履，
Duệ vụ tiêu chi khinh cư.,曳霧綃之輕裾。
"Vi u lan chi phương ái hề,",微幽蘭之芳藹兮，
Bộ trì trù ư sơn ngung.,步踟蹰於山隅。
"Ư thị hốt yên túng thể,",於是忽焉縱體，
Dĩ ngao dĩ hy.,以遨以嬉。
"Tả ỷ thái mao,",左倚采旄，
Hữu âm quế kỳ.,右陰桂旗。
"Nhương hạo oản ư thần hử hề,",攘皓腕於神滸兮，
Thái thoan lại chi huyền chi.,採湍瀨之玄芝。
"Dư tình duyệt kỳ thục mỹ hề,",余情悅其淑美兮，
Tâm chấn đãng nhi bất di.,心振蕩而不怡。
"Vô lương môi dĩ tiếp hoan hề,",無良媒以接歡兮，
Thác vi ba nhi thông từ.,托微波而通辭。
"Nguyện thành tố chi tiên đạt hề,",愿誠素之先達兮，
Giải ngọc bội dĩ yếu chi.,解玉佩以要之。
"Ta giai nhân chi tín tu hề,",嗟佳人之信修兮，
Khương tập lễ nhi minh thi.,羌習禮而明詩。
"Kháng quỳnh đệ dĩ hoạ dư hề,",抗瓊珶以和予兮，
Chỉ tiềm uyên nhi vi kỳ.,指潛淵而為期。
"Chấp quyến quyến chi khoản thực hề,",執眷眷之款實兮，
Cụ tư linh chi ngã khi.,懼斯靈之我欺。
"Cảm Giao Phủ chi khí ngôn hề,",感交甫之棄言兮，
Trướng do dự nhi hồ nghi.,悵猶豫而狐疑。
"Thâu hoà nhan nhi tĩnh chí hề,",收和顏而靜志兮，
Thân lễ phòng dĩ tự trì.,申禮防以自持。
"Ư thị Lạc linh cảm yên,",於是洛靈感焉，
Tỷ ỷ bàng hoàng.,徙倚徬徨。
"Thần quang ly hợp,",神光离合，
Sạ âm sạ dương.,乍陰乍陽。
"Tủng khinh khu dĩ hạc lập,",竦輕軀以鶴立，
Nhược tương phi nhi vị tường.,若將飛而未翔。
"Tiễn tiêu đồ chi uất liệt,",踐椒途之郁烈，
Bộ hành bạc nhi lưu phương.,步蘅薄而流芳。
"Siêu trường ngâm dĩ vĩnh mộ hề,",超長吟以永慕兮，
Thanh ai lệ nhi my trường.,聲哀厲而彌長。
"Nhĩ nãi chúng linh tạp đạp,",爾乃眾靈雜沓，
Mệnh trù khiếu lữ.,命儔嘯侶。
"Hoặc hý thanh lưu,",或戲清流，
"Hoặc tường thần chử,",或翔神渚，
"Hoặc thái minh châu,",或採明珠，
Hoặc thập thuý vũ.,或拾翠羽。
"Tòng nam Tương chi nhị phi,",從南湘之二妃，
Huề Hán tân chi du nữ.,攜漢濱之遊女。
"Thán Bào Qua chi vô thất hề,",嘆匏瓜之無匹兮，
Vịnh Khiên Ngưu chi độc xứ.,詠牽牛之獨處。
"Dương khinh khuê chi uy mỹ hề,",揚輕袿之猗靡兮，
Ế tu tụ dĩ duyên trữ.,翳修袖以延佇。
"Thể tấn phi phù,",體迅飛鳧，
Phiêu hốt nhược thần.,飄忽若神。
"Lăng ba vi bộ,",陵波微步，
La miệt sinh trần.,羅襪生塵。
"Động vô thường tắc, nhược nguy nhược an.",動無常則，若危若安，
"Tiến chỉ nan kỳ, nhược vãng nhược hoàn.",進止難期，若往若還。
"Chuyển phán lưu tinh,",轉盼流精，
Quang nhuận ngọc nhan.,光潤玉顏。
"Hàm từ vị thổ,",含辭未吐，
Khí nhược u lan.,氣若幽蘭。
"Hoa dung a na,",華容婀娜，
Linh ngã vong xan.,令我忘餐。
"Ư thị Bình Ế thu phong,",於是屏翳收風，
Xuyên Hậu tĩnh ba.,川後靜波。
"Phùng Di minh cổ,",馮夷鳴鼓，
Nữ Oa thanh ca.,女媧清歌。
"Đằng văn ngư dĩ cảnh thừa,",騰文魚以警乘，
Minh ngọc loan dĩ giai thệ.,鳴玉鑾以偕逝。
"Lục long nghiễm kỳ tề thủ,",六龍儼其齊首，
Đới vân xa chi dung duệ.,戴雲車之容裔。
"Kình nghê dũng nhi giáp cốc,",鯨鯢踴而夾轂，
Thuỷ cầm tường nhi vi vệ.,水禽翔而為衛。
"Ư thị việt bắc chỉ,",於是越北沚，
Quá nam cương.,過南岡，
"Hu tố lĩnh,",紆素領，
Hồi thanh dương.,迴清揚。
"Động chu thần dĩ từ ngôn,",動朱唇以徐言，
Trần giao tiếp chi đại cương.,陳交接之大綱。
"Hận nhân thần chi đạo thù hề,",恨人神之道殊兮，
Oán thịnh niên chi mạc đương.,怨盛年之莫當。
"Kháng la duệ dĩ yểm thế hề,",抗羅袂以掩涕兮，
Lệ lưu khâm chi lang lang.,淚流襟之浪浪。
"Điệu lương hội chi vĩnh tuyệt hề,",悼良會之永絕兮，
Ai nhất thệ nhi dị hương.,哀一逝而異鄉。
"Vô vi tình dĩ hiệu ái hề,",無微情以效愛兮，
Hiến Giang Nam chi minh đương.,獻江南之明璫。
"Tuy tiềm xứ ư Thái Âm,",雖潛處於太陰，
Trường ký tâm ư quân vương.,長寄心於君王。
"Hốt bất ngộ kỳ sở xá,",忽不悟其所舍，
Trướng thần tiêu nhi tế quang.,悵神宵而蔽光。
"Ư thị bối hạ lăng cao,",於是背下陵高，
Túc vãng thần lưu.,足往神留。
"Di tình tưởng tượng,",遺情想像，
Cố vọng hoài sầu.,顧望懷愁。
"Ký linh thể chi phục hình,",冀靈體之復形，
Ngự khinh chu nhi thượng tố.,御輕舟而上溯。
"Phù trường xuyên nhi vong phản,",浮長川而忘返，
Tư miên miên nhi tăng mộ.,思綿綿而增慕。
"Dạ cảnh cảnh nhi bất mị,",夜耿耿而不寐，
Triêm phồn sương nhi chí thự.,沾繁霜而至曙。
"Mệnh bộc phu nhi tựu giá,",命仆夫而就駕，
Ngô tương quy hồ đông lộ.,吾將歸乎東路。
"Lãm phi bí dĩ kháng sách,",攬騑轡以抗策，
Trướng bàn hoàn nhi bất năng khứ.,悵盤桓而不能去。
"Ngọc giám trần sinh,",玉鑒塵生，
Phượng liêm hương trân.,鳳奩香珍。
"Lãn thiền mấn chi xảo sơ,",懶蟬鬢之巧梳，
Bế lũ y chi khinh luyện.,閉縷衣之輕練。
"Khổ tịch mịch ư thông cung,",苦寂寞於蔥宮，
Đãn chú tư hồ lan điện.,但注思乎蘭殿。
"Tín tiêu mai chi tận lạc,",信標梅之盡落，
Cách Trường Môn nhi bất kiến.,隔長門而不見。
Huống nãi:,況乃：
"Hoa tâm dương hận,",花心颺恨，
Liễu nhãn lộng sầu.,柳眼弄愁。
"Noãn phong tập tập,",暖風習習，
Xuân điểu thu thu.,春鳥瞅瞅。
"Lâu thượng hoàng hôn hề, thính phượng xuy nhi hồi thủ,",樓上黃昏兮，聽鳳吹而回首，
"Bích vân nhật mộ hề, đối tố nguyệt nhi ngưng mâu.",碧雲日暮兮，對素月而凝眸。
"Ôn Tuyền bất đáo, ức thập thuý chi cựu sự,",溫泉不到，憶拾翠之舊事，
"Nhàn đình thâm bế, ta thanh điểu chi tín tu.",閒庭深閉，嗟青鳥之信修。
Miễn phù:,緬夫：
"Thái Dịch thanh ba,",太液清波，
Thuỷ quang đãng phù.,水光蕩浮。
"Lạp ca thưởng yến,",笠歌賞宴，
Bồi tòng thần tu.,陪從宸修。
"Tấu vũ loan chi diệu khúc,",奏舞鸞之妙曲，
Thừa hoạ nghịch chi tiên chu.,乘畫鷁之仙舟。
"Quân tình khiển quyển,",君情繾綣，
Thâm tự trừu đoạn.,深敘綢緞。
"Thệ sơn hải nhi thường tại,",誓山海而常在，
Tự nhật nguyệt nhi mị hưu.,似日月而靡休。
Hà kỳ:,何期：
"Tật sắc dung dung,",嫉色庸庸，
Đố tâm xung xung.,妒心衝衝。
"Đoạt ngã chi ái hạnh,",奪我之愛幸，
Xích ngã hồ u cung.,斥我乎幽宮。
"Tư cựu hoan nhi bất đắc,",思舊歡而不得，
Tương mộng trước hồ mông lung.,相夢著乎朦朧。
"Độ hoa triêu dữ nguyệt tịch,",度花朝與月夕，
Dung độc đối hồ xuân phong.,慵獨對乎春風。
"Dục Tương Như chi tấu phú,",欲相如之奏賦，
Nại thế tài chi bất công.,奈世才之不工。
"Thuộc sầu ngâm chi vị cánh,",屬愁吟之未竟，
Dĩ hưởng động hồ sơ chung.,已響動乎疏鐘。
"Không trường thán nhi yểm duệ,",空長歎而掩袂，
Bộ trù trừ hồ lâu đông.,步躊躇乎樓東。
"Mỹ liên quyên dĩ tu hộ hề,",美連娟以脩嫮兮，
"Mệnh sào tuyệt nhi bất trưởng,",命樔絕而不長，
"Sức tân cung dĩ duyên trữ hề,",飾新宮以延貯兮，
Mẫn bất quy hồ cố hương.,泯不歸乎故鄉。
"Thảm uất uất kỳ vu uế hề,",慘鬱鬱其蕪穢兮，
"Ẩn xứ u nhi hoài thương,",隱處幽而懷傷，
"Thích dư mã ư sơn tiêu hề,",釋輿馬於山椒兮，
Yểm tu dạ chi bất dương.,奄修夜之不陽。
"Thu khí thảm dĩ thê lệ hề,",秋氣憯以淒淚兮，
"Quế chi lạc nhi tiêu vong,",桂枝落而銷亡，
"Thần quỳnh quỳnh dĩ dao tư hề,",神煢煢以遙思兮，
Tinh phù du nhi xuất cương.,精浮游而出畺。
"Thác trầm âm dĩ khoáng cửu hề,",託沈陰以壙久兮，
"Tích phiền hoa chi Vị Ương,",惜蕃華之未央，
"Niệm cùng cực chi bất hoàn hề,",念窮極之不還兮，
Duy ấu miễu chi tương dương.,惟幼眇之相羊。
"Hàm tuy phù dĩ sĩ phong hề,",函荾荴以俟風兮，
"Phương tạp tập dĩ my chương,",芳雜襲以彌章，
"Đích dung dữ dĩ y mỹ hề,",的容與以猗靡兮，
Phiêu phiêu diêu hô dũ trang.,縹飄姚虖愈莊。
"Yến dâm diễn nhi phủ doanh hề,",燕淫衍而撫楹兮，
"Liên lưu thị nhi nga dương,",連流視而娥揚，
"Ký khích cảm nhi tâm trục hề,",既激感而心逐兮，
Bao hồng nhan nhi phất minh.,包紅顏而弗明。
"Hoan tiếp hiệp dĩ ly biệt hề,",驩接狎以離別兮，
"Tiêu ngụ mộng chi mang mang,",宵寤夢之芒芒，
"Hốt thiên hoá nhi bất phản hề,",忽遷化而不反兮，
Phách phóng dật dĩ phi dương.,魄放逸以飛揚。
"Hà linh hồn chi phân phân hề,",何靈魂之紛紛兮，
"Ai bùi hồi dĩ trù trừ,",哀裴回以躊躇，
"Thế lộ nhật dĩ viễn hề,",勢路日以遠兮，
Toại hoang hốt nhi từ khứ.,遂荒忽而辭去。
"Siêu hề tây chinh,",超兮西征，
Tiết hề bất kiến.,屑兮不見。
"Tẩm dâm sưởng hoảng,",寢淫敞怳，
"Tịch hề vô âm,",寂兮無音，
"Tư nhược lưu ba,",思若流波，
Đát hề tại tâm.,怛兮在心。
"Ngã sở cư hề, Thanh Ngạnh chi phong;",我所居兮，青埂之峰；
"Ngã sở du hề, hồng mông thái không.",我所遊兮，鴻蒙太空。
"Thuỳ dữ ngã thệ hề, ngô thuỳ dữ tòng?",誰與我逝兮，吾誰與從？
"Diểu diểu mang mang hề, quy bỉ Đại Hoang!",渺渺茫茫兮，歸彼大荒！
Khách hữu:,客有：
"Ẩn kỷ cao trai, hạ nhật chính ngọ.",隱几高齋，夏日正午。
"Lâm bích thuỷ chi thanh trì, vịnh phù dung chi Nhạc phủ.",臨碧水之清池，詠芙蓉之樂府。
Hốt hữu nhân yên:,忽有人焉：
"Dã kỳ phục, hoàng kỳ quan.",野其服，黃其冠。
"Huýnh xuất trần chi tiên cốt, lẫm tích cốc chi cù nhan.",迥出塵之仙骨，凜辟穀之臞顏。
"Vấn chi hà lai, viết tòng Hoa San.",問之何來，曰從華山。
"Nãi thụ chi kỷ, nãi sử chi toạ.",迺授之几，迺使之坐。
"Phá Đông Lăng chi qua, trãi Dao Trì chi quả,",破東陵之瓜，薦瑤池之果，
"Tái ngôn chi lang, tái tiếu chi tha.",載言之琅，載笑之瑳。
Ký nhi mục khách viết:,既而目客曰：
Tử phi ái liên chi quân tử gia!,子非愛蓮之君子耶！
"Ngã hữu dị chủng, tàng chi tụ gian.",我有異種，藏之袖間。
"Phi đào lý chi thô tục, phi mai trúc chi cô hàn.",非桃李之粗俗，非梅竹之孤寒。
"Phi tăng phòng chi cẩu kỷ, phi Lạc thổ chi mẫu đan.",非僧房之枸杞，非洛土之牡丹。
"Phi Đào lệnh đông ly chi cúc, phi Linh quân cửu uyển chi lan.",非陶令東籬之菊，非靈均九畹之蘭。
Nãi Thái Hoa san đầu ngọc tỉnh chi liên.,乃泰華山頭玉井之蓮。
Khách viết:,客曰：
"Dị tai! Khởi sở vị ngẫu như thuyền hề hoa thập trượng, lãnh như sương hề cam tỷ mật giả gia!",異哉!豈所謂藕如船兮花十丈，冷如霜兮甘比蜜者耶！
"Tích văn kỳ danh, kim đắc kỳ thực.",昔聞其名，今得其實。
"Đạo sĩ hân nhiên, nãi tụ trung xuất.",道士欣然，乃袖中出。
"Khách nhất kiến chi, tâm trung uất uất.",客一見之，心中鬱鬱。
"Nãi phất thập dạng chi tiên, thử ngũ sắc chi bút.",乃拂十樣之牋，泚五色之筆。
Dĩ nhi ca viết:,以而歌曰：
"Giá thuỷ tinh hề vi cung,",架水晶兮為宮，
Tạc lưu ly hề vi hộ.,鑿琉璃兮為戶。
"Toái pha ly hề vi nê,",碎玻璃兮為泥，
"Sái minh châu hề vi lộ,",洒明珠兮為露，
"Hương phức uất hề tằng tiêu,",香馥郁兮層霄，
Đế văn phong hề nữ mộ.,帝聞風兮女慕。
"Quế tử lãnh hề vô hương,",桂子冷兮無香，
Tố Nga phân hề nữ đố.,素娥紛兮女妒。
"Thái dao thảo hề Phương châu,",採瑤草兮芳州，
Vọng mỹ nhân hề Tương phố.,望美人兮湘浦。
"Kiển hà vi hề trung lưu,",蹇何為兮中流，
Hạp tương phản hề cố vũ.,盍將返兮故宇。
"Khởi hộ lạc hề vô dung,",豈護落兮無容，
Thán thiền quyên hề đa ngộ.,嘆嬋娟兮多誤。
"Cẩu dư bính chi bất a,",苟予柄之不阿，
Quả hà thương hề phong vũ.,果何傷兮風雨。
"Khủng phương hồng hề dao lạc,",恐芳紅兮搖落，
Mỹ nhân lai hề tuế mộ.,美人來兮歲暮。
Đạo sĩ văn nhi thán viết:,道士聞而嘆曰：
Tử hà vi ai thả oán dã.,子何為哀且怨也！
"Độc bất kiến Phượng Hoàng trì thượng chi tử vi, Bạch Ngọc đường tiền chi hồng dược!",讀不見鳳凰池上之紫薇，白玉堂前之紅藥！
"Quýnh địa vị chi thanh cao, ái thanh danh chi chiêu chước.",敻地位之清高，藹聲名之昭灼。
"Bỉ giai kiến quý ư thánh minh chi triều, tử độc hà chi hồ tao nhân chi quốc!",彼皆見貴於聖明之朝，子獨何之乎騷人之國！
"Ư thị hữu cảm kỳ ngôn, khởi kính khởi mộ.",於是有感其言，起敬起慕。
"Nga Thành Trai đình thượng chi thi, canh Xương Lê phong đầu chi cú.",哦誠齋亭上之詩，庚昌黎峰頭之句。
"Khiếu xương hạp dĩ phi tâm, kính hiến “Ngọc tỉnh liên” chi phú.",叫閶闔以披心，敬獻玉井蓮之賦。
"Nghị vi Trường Sa vương phụ tam niên, hữu phục điểu phi nhập Nghị xá chỉ ư toạ ngung, phục tự hiêu, bất tường điểu dã. Nghị ký dĩ trích cư Trường Sa, Trường Sa ty thấp, Nghị tự thương điệu, dĩ vi thọ bất đắc trường, nãi vi phú dĩ tự quảng. Kỳ từ viết:",誼為長沙王傅三年，有鵩鳥飛入誼舍，止於坐隅，鵩似鴞，不祥鳥也。誼既以謫居長沙，長沙卑濕，誼自傷悼，以為壽不得長，迺為賦以自廣。其辭曰：
"Đan át chi tuế, tứ nguyệt mạnh hạ, Canh Tý nhật tà, phục tập dư xá, chỉ ư toạ ngung, mạo thậm nhàn hạ. Dị vật lai tuỵ, tư quái kỳ cố, phát thư chiêm chi, sấm ngôn kỳ độ. Viết: “Dã điểu nhập thất, chủ nhân tương khứ.” Vấn ư tử phục: “Dư khứ hà chi? Cát hô cáo ngã, hung ngôn kỳ tai. Yêm tốc chi độ, ngữ dư kỳ kỳ.”",單閼之歲，四月孟夏，庚子日斜，鵩集余舍，止於坐隅，貌甚閒暇。異物來崪，私怪其故，發書占之，讖言其度。曰「野鳥入室，主人將去。」問於子鵩：「余去何之？吉虖告我，凶言其災。淹速之度，語余其期。」
"Phục nãi thái tức, cử thủ phấn dực, khẩu bất năng ngôn, thỉnh đối dĩ ý: “Vạn vật biến hoá, cố vô hưu tức. Oát lưu nhi thiên, hoặc thôi nhi hoàn. Hình khí chuyển tục, biến hoá nhi thiện. Vật mục vô gian, hồ khả thăng ngôn. Hoạ hề phúc sở ỷ, phúc hề hoạ sở phục; ưu hỉ tụ môn, cát hung đồng vực. Bỉ Ngô cường đại, Phù Sai dĩ bại; Việt thê Cối Kê, Câu Tiễn bá thế. Tư du toại thành, tốt bị ngũ hình; Phó Duyệt tư mỹ, nãi tướng Vũ Đinh. Phù hoạ chi dữ phúc, hà dị củ mặc! Mệnh bất khả thuyết, thục tri kỳ cực? Thuỷ kích tắc hạn, thỉ kích tắc viễn. Vạn vật hồi bạc, chấn đãng tương chuyển. Vân chưng vũ giáng, củ thác tương phân. Đại quân bá vật, dưỡng át vô ngân. Thiên bất khả dữ lự, đạo bất khả dữ mưu. Trì tốc hữu mệnh, ô thức kỳ thời.”",鵩乃太息，舉首奮翼，口不能言，請對以意：「萬物變化，固無休息。斡流而遷，或推而還。形氣轉續，變化而嬗。沕穆無間，胡可勝言！禍兮福所倚，福兮禍所伏；憂喜聚門，吉凶同域。彼吳彊大，夫差以敗；粵棲會稽，句踐伯世。斯遊遂成，卒被五刑；傅說胥靡，乃相武丁。夫禍之與福，何異糾纆！命不可說，孰知其極？水激則旱，矢激則遠。萬物回薄，震蕩相轉。雲烝雨降，糾錯相紛。大鈞播物，坱圠無垠。天不可與慮，道不可與謀。遲速有命，烏識其時？」
"Thả: “Phù thiên địa vi lô, tạo hoá vi công; âm dương vi thán, vạn vật vi đồng, hợp tán tiêu tức, an hữu thường tắc? Thiên biến vạn hoá, vị thuỷ hữu cực. Hốt nhiên vi nhân, hà túc khống tuy; hoá vi dị vật, hựu hà túc hoạn. Tiểu trí tự tư, tiện bỉ quý ngã; đạt nhân đại quan, vật vô bất khả. Tham phu tuẫn tài, liệt sĩ tuẫn danh; khoa giả tử quyền, phẩm thứ mỗi sinh. Truật bách chi đồ, hoặc xu tây đông; đại nhân bất khúc, ý biến tề đồng. Ngu sĩ hệ tục, thời nhược tù câu; chí nhân di vật, độc dữ đạo câu. Chúng nhân hoặc hoặc, hiếu ác tích ý; chân nhân điềm mạc, độc dữ đạo tức. Thích trí di hình, siêu nhiên tự táng; liêu khoác hốt hoang, dữ đạo cao tường. Thừa lưu tắc thệ, đắc khảm tắc chỉ; tung khu uỷ mệnh, bất tư dữ kỷ. Kỳ sinh hề nhược phù, kỳ tử hề nhược hưu. Đạm hô nhược thâm uyên chi tĩnh, phiếm hô nhược bất hệ chi chu. Bất dĩ sinh cố tự bảo, dưỡng không nhi phù. Đức nhân vô luỹ, tri mệnh bất ưu. Tế cố đế giới, hà túc dĩ nghi.”",且：「夫天地為鑪，造化為工；陰陽為炭，萬物為銅，合散消息，安有常則？千變萬化，未始有極。忽然為人，何足控揣；化為異物，又何足患！小智自私，賤彼貴我；達人大觀，物無不可。貪夫徇財，列士徇名；夸者死權，品庶每生。怵迫之徒，或趨西東；大人不曲，意變齊同。愚士繫俗，時若囚拘；至人遺物，獨與道俱。衆人惑惑，好惡積意；真人恬漠，獨與道息。釋智遺形，超然自喪；寥廓忽荒，與道翱翔。乘流則逝，得坎則止；縱軀委命，不私與己。其生兮若浮，其死兮若休。澹虖若深淵之靚，氾虖若不繫之舟。不以生故自保，養空而浮。德人無累，知命不憂。細故蔕芥，何足以疑！」
"Thiên hà như thị chi thương thương hề,",天何如是之蒼蒼兮，
Thừa ngọc cầu dĩ du hồ khung lung da?,乘玉虯以遊乎穹窿耶？
"Địa hà như thị chi mang mang hề,",地何如是之茫茫兮，
Giá dao tượng dĩ giáng hồ tuyền nhưỡng da?,駕瑤象以降乎泉壤耶？
"Vọng tản cái chi lục ly hề,",望傘蓋之陸離兮，
"Ức Cơ, Vĩ chi quang da?",抑箕尾之光耶？
"Liệt vũ bảo nhi vi tiền đạo hề,",列羽葆而為前導兮，
Vệ Nguy hư vu bàng da?,衛危虛于傍耶？
"Khu phong long dĩ vi tý tòng hề,",驅豐隆以為庇從兮，
Vọng thư nguyệt dĩ lâm da?,望舒月以臨耶？
"Thính xa quỹ nhi y yết hề,",聽車軌而伊軋兮，
Ngự loan ê dĩ chinh da?,御鸞鷖以征耶？
"Văn phức uất nhi phiêu nhiên hề,",聞馥郁而飄然兮，
Nhận hành đỗ dĩ vi nhương da?,紉蘅杜以為纕耶？
"Lan quần cư chi thước thước hề,",斕裙裾之爍爍兮，
Lũ minh nguyệt dĩ vi đương da?,鏤明月以為璫耶？
"Tá uy nhuy nhi thành trĩ hề,",借葳蕤而成畤兮，
Kềnh liên diễm dĩ chúc lan cao da?,檠蓮焰以燭蘭膏耶？
"Văn hồ bào dĩ vi chí giả hề,",文瓠匏以為觶斝兮，
Sái linh lục dĩ phù quế tữ da?,灑醽醁以浮桂醑耶？
"Chiêm vân khí nhi ngưng mâu hề,",瞻雲氣而凝眸兮，
Phỏng phật hữu sở chiêm da?,仿佛有所覘耶？
"Phủ ba ngân nhi cư nhĩ hề,",俯波痕而居耳兮，
Hoảng dịch hữu sở văn da?,恍惚有所聞耶？
"Kỳ hãn mạn nhi vô tế hề,",期汗漫而無際兮，
Nhẫn quyên khí dư vu trần ai da?,忍捐棄予于塵埃耶？
"Thiến phong liêm chi vi dư khu xa hề,",倩風廉之為余驅車兮，
Ký liên bí nhi huề quy da?,冀聯轡而攜歸耶？
"Dư trung tâm vi chi khái nhiên hề,",余中心為之慨然兮，
Đồ khiếu khiếu nhi hà vi da?,徒噭噭而何為耶？
"Khanh yển nhiên nhi trường tẩm hề,",卿偃然而長寢兮，
Khởi thiên vận chi biến vu tư da?,豈天運之變于斯耶？
"Ký truân tịch thả an ổn hề,",既窀穸且安穩兮，
Phản kỳ chân nhi hựu hề hoá da?,反其真而又奚化耶？
"Dư do trất cốc nhi huyền phụ hề,",余猶桎梏而懸附兮，
Linh cách dư dĩ ta lai da?,靈格余以嗟來耶？
"Lai hề chỉ hề,",來兮止兮，
Khanh kỳ lai da?,卿其來耶？
"Nhược phu hồng mông nhi cư,",若夫鴻蒙而居，
"Tịch tĩnh dĩ xứ,",寂靜以處，
"Tuy lâm vu tư,",雖臨于茲，
Dư diệc mạc đổ.,余亦莫睹。
"Khiên yên la nhi vi bộ chướng,",搴煙蘿而為步障，
Liệt xương bồ nhi sâm hàng ngũ.,列菖蒲而森行伍。
"Cảnh liễu nhãn chi tham miên,",警柳眼之貪眠，
Thích liên tâm chi vị khổ.,釋蓮心之味苦。
"Tố nữ ước vu quế nham,",素女約于桂岩，
Mật phi nghinh lan chử.,宓妃迎蘭渚。
"Lộng Ngọc xuy sinh,",弄玉吹笙，
Hàn hoàng kích ngữ.,寒簧擊敔。
"Chinh Tung Nhạc chi phi,",征嵩嶽之妃，
Khởi Ly Sơn chi mụ.,啟驪山之姥。
"Quy trình Lạc phố chi linh,",龜呈洛浦之靈，
Thú tác Hàm trì chi vũ.,獸作咸池之舞。
"Tiềm Xích thuỷ hề long ngâm,",潛赤水兮龍吟，
Tập Châu lâm hề phụng giả chứ.,集珠林兮鳳者翥。
"Viên cách viên thành,",爰格爰誠，
Phỉ phủ phỉ cử.,匪簠匪莒。
"Phát nhận hồ Hà thành,",發軔乎霞誠，
Hoàn tinh hồ Huyền phố.,還旌乎玄圃。
"Ký hiển vi nhi nhược thông,",既顯微而若通，
Phúc nhân uân nhi thúc trở.,復氤氳而倏阻。
"Ly hợp hề yên vân,",離合兮煙雲，
Không mông hề vụ vũ.,空蒙兮霧雨。
"Trần mai liễm hề tinh cao,",塵霾斂兮星高，
Khê sơn lệ hề nguyệt ngọ.,溪山麗兮月午。
"Hà tâm ý chi phanh phanh,",何心意之怦怦，
Nhược ngụ mị chi hủ hủ?,若寤寐之栩栩？
"Dư nãi hy hư trướng ưởng,",余乃欷歔悵怏，
Khấp thế bàng hoàng.,泣涕徬徨。
"Nhân ngữ hề tịch lịch,",人語兮寂歷，
Thiên lại hề vân đương.,天籟兮篔簹。
"Điểu kinh tán nhi phi,",鳥驚散而飛，
Ngư xiệp điệp dĩ hưởng.,魚唼喋以響。
"Chí ai hề thị đảo,",志哀兮是禱，
Thành lễ hề kỳ tường.,成禮兮期祥。
Ô hô! Ai tai!,嗚呼！哀哉！
Thượng hưởng!,尚饗！
"Cơ triệt đông thiên, bá diễm hồng thiên. Văn, Võ chi lễ nhạc vị truỵ; Chu công chi miêu duệ do truyền. Vĩ Diên Lăng chi nhã thức, nhân vãng sứ nhi thỉnh quan. Hoảng dương dương nhi doanh nhĩ, tiếu tục điệu hề nan phan.",姬轍東遷，伯焰紅天。文武之禮樂未墜，周公之苗裔猶傳。偉延陵之雅識，因往使而請觀。恍洋洋而盈耳，笑俗調兮難攀。
"Tưởng kỳ, công đường thuý mật, quần quan túc ung. Nãi Trần nhạc khí, nãi mệnh nhạc công. Xuy sinh cổ sắt, kích thạch chàng chung. Giản Tam Hạ dĩ điệt tấu, hài ngũ âm nhi tương thông. Chính thanh phát hề liệu lượng, tán thanh hưởng hề xung dung. Đạo thái cổ trung hoà chi khí, tẩy suy thế thê uyển chi phong. Niệm di âm hề yểu yểu, cổ dư vận hề phùng phùng.",想其公堂邃密，群官肅雍。乃陳樂器，乃命樂工。吹笙鼓瑟，擊石撞鐘。簡三夏以迭奏，諧五音而相通。正聲發兮嘹喨，散聲響兮沖融。導太古中和之氣，洗衰世悽惋之風。念遺音兮杳杳，鼓餘韻兮渢渢。
"Thị dĩ: quan Tiêu thiều chi vũ, nhi khả tri Thuấn đức chi long. Văn Quan thư chi loạn, tắc tư Chu Nam chi hoá; thính Hoàn, Lại chi thuỷ, tắc niệm Mục dã chi công. Giai thẩm nhạc dĩ tri chính, hoài cổ đạo ư hồng mông. Hồi thị đương thời chi tang bộc, ích tăng thoá ách nhi bi đồng. Truy tiên vương hề cảnh cảnh; khái dục thệ hề yên tòng!",是以：觀蕭韶之舞，而可知舜德之隆。聞關雎之亂，則思周南之化；聽桓賚之始，則念牧野之功。皆審樂以知政，懷古道於鴻蒙。迴視當時之桑濮，益增唾啞而悲恫。追先王兮耿耿，慨欲逝兮焉從。
"Ta phù! Thế chí Xuân Thu, Đại Nhã vong hĩ. Bỉ liệt quốc chi danh khanh, cạnh bôn trì ư danh lợi. Bát Dật, Ung Triệt, ký manh tiếm thiết chi tâm; Thiều Hạ Hộ Võ, khởi nhập tục nhân chi nhĩ! Phân Trịnh Vệ chi thị đam, mộ nhã nhạc hề năng kỷ? Trác tự bát ư nhân quần, nãi độc văn ư Quí Tử.",嗟夫！世至春秋，大雅亡矣。彼列國之名卿，競奔馳於名利。八佾，雍徹，既萌僭竊之心；韶夏護武，豈入俗人之耳。紛鄭衛之是眈，慕雅樂兮能幾？卓自撥於人群，乃獨聞於季子。
"Thị tri: dĩ đức quan nhạc, duy hiền giả nhiên hậu năng chi; ngoại nhạc cầu đức, bỉ tục lưu yên năng thức thử! Liệu Quí Tử chi tâm, hận bất thân kiến ư đương niên; nhi Quí Tử chi thán, ích thâm hữu vọng ư lai thế.",是知：以德觀樂，唯賢者然後能之；外樂求德，彼俗流安能識此。料季子之心，恨不親見於當年；而季子之嘆，益深有望於來世。
"Phương kim: thời đăng thánh triết, vận thuộc hưu minh. Công thành trị định, chế tác tư hưng. Phóng dâm oa nhi tồn nhã nhạc, hài thứ doãn nhi cách bách linh. Phượng nghi thú vũ, mã phụ quy trình. Tuy phú tái chi thịnh đức, diệc cổ kim chi tịnh xưng.",方今：時登聖哲，運屬休明。功成治定，制作斯興。放淫哇而存雅樂，諧庶尹而格百靈。鳳儀獸舞，馬負歸呈。雖覆載之盛德，亦古今之並稱。
"Tiểu thần hà hạnh, hoạch thân đổ ư kim nhật, khởi đán như Quí Tử, đồ niệm kỳ di thanh dã tai!",小臣何幸，獲親睹於今日，豈但如季子，徒念其遺聲也哉！
"Quy khứ lai hề, điền viên tương vu, hồ bất quy!",歸去來兮，田園將蕪，胡不歸！
"Ký tự dĩ tâm vi hình dịch, hề trù trướng nhi độc bi?",既自以心為形役，奚惆悵而獨悲？
"Ngộ dĩ vãng chi bất gián, tri lai giả khả truy.",悟已往之不諫，知來者可追。
"Thực mê đồ kỳ vị viễn, giác kim thị nhi tạc phi.",實迷途其未遠，覺今是而昨非。
"Chu dao dao dĩ khinh dương, phong phiêu phiêu nhi xuy y.",舟遙遙以輕颺，風飄飄而吹衣。
"Vấn chinh phu dĩ tiền lộ, hận thần quang chi hy vi.",問征夫以前路，恨晨光之熹微。
"Nãi chiêm hành vũ, tái hân tái bôn.",乃瞻衡宇，載欣載奔。
"Đồng bộc hoan nghinh, trĩ tử hậu môn.",僮僕歡迎，稚子候門。
"Tam kính tựu hoang, tùng cúc do tồn.",三徑就荒，松菊猶存。
"Huề ấu nhập thất, hữu tửu doanh tôn.",攜幼入室，有酒盈樽。
"Dẫn hồ trường dĩ tự chước, miện đình kha dĩ di nhan.",引壺觴以自酌，眄庭柯以怡顏。
"Ỷ nam song dĩ ký ngạo, thẩm dung tất chi dị an.",倚南窗以寄傲，審容膝之易安。
"Viên nhật thiệp dĩ thành thú, môn tuy thiết nhi thường quan.",園日涉以成趣，門雖設而常關。
"Sách phù lão dĩ lưu khế, thời kiểu thủ nhi du quan.",策扶老以流憩，時矯首而遊觀。
"Vân vô tâm dĩ xuất tụ, điểu quyện phi nhi tri hoàn.",雲無心以出岫，鳥倦飛而知還。
"Cảnh ế ế dĩ tương nhập, phủ cô tùng nhi bàn hoàn.",景翳翳以將入，撫孤松而盤桓。
"Quy khứ lai hề, thỉnh tức giao dĩ tuyệt du.",歸去來兮，請息交以絕遊。
"Thế dữ ngã nhi tương vi, phục giá ngôn hề yên cầu?",世與我而相違，復駕言兮焉求？
"Duyệt thân thích chi tình thoại, lạc cầm thư dĩ tiêu ưu.",悅親戚之情話，樂琴書以消憂。
"Nông nhân cáo dư dĩ xuân cập, tương hữu sự ư tây trù.",農人告余以春及，將有事於西疇。
"Hoặc mệnh cân xa, hoặc trạo cô chu.",或命巾車，或棹孤舟。
"Ký yểu điệu dĩ tầm hác, diệc khi khu nhi kinh khâu.",既窈窕以尋壑，亦崎嶇而經丘。
"Mộc hân hân dĩ hướng vinh, tuyền quyên quyên nhi thuỷ lưu.",木欣欣以向榮，泉涓涓而始流。
"Tiện vạn vật chi đắc thời, cảm ngô sinh chi hành hưu.",羨萬物之得時，感吾生之行休。
Dĩ hĩ hồ!,已矣乎！
"Ngụ hình vũ nội phục kỷ thời, hạt bất uỷ tâm nhiệm khứ lưu?",寓形宇內復幾時，曷不委心任去留？
"Hồ vi hoàng hoàng, dục hà chi?",胡為遑遑，欲何之？
"Phú quý phi ngô nguyện, đế hương bất khả kỳ.",富貴非吾願，帝鄉不可期。
"Hoài lương thần dĩ cô vãng, hoặc thực trượng nhi vân tỷ.",懷良辰以孤往，或植杖而耘耔。
"Đăng đông cao dĩ thư khiếu, lâm thanh lưu nhi phú thi.",登東皋以舒嘯，臨清流而賦詩。
"Liêu thừa hoá dĩ quy tận, lạc phù thiên mệnh phục hề nghi?",聊乘化以歸盡，樂夫天命復奚疑!
"Cái Thi hữu lục nghĩa yên, kỳ nhị viết phú. Dương Hùng viết: “Thi nhân chi phú lệ dĩ tắc.” Ban Cố viết: “Phú giả, cổ thi chi lưu dã.” Tiên vương thái yên, dĩ quan thổ phong. Kiến “lục trúc y y”, tắc tri Vệ địa Kỳ Úc chi sản; kiến “tại kỳ bản ốc”, tắc tri Tần dã Tây Nhung chi trạch. Cố năng cư nhiên nhi biện bát phương. Nhiên Tương Như phú Thượng Lâm nhi dẫn “lô quất hạ thục”, Dương Hùng phú Cam Tuyền nhi trần “ngọc thụ thanh thông”, Ban Cố phú Tây Đô nhi thán dĩ xuất tỷ mục, Trương Hành phú Tây Kinh nhi thuật dĩ du Hải Nhược. Giả xưng trân quái, dĩ vi nhuận sắc, nhược tư chi loại, phỉ chỉ vu tư. Khảo chi quả mộc, tắc sinh phi kỳ nhưỡng; hiệu chi thần vật, tắc xuất phi kỳ sở. Ư từ tắc dị vi tảo sức, ư nghĩa tắc hư nhi vô trưng. Thả phu ngọc chi vô đương, tuy bảo phi dụng; xỉ ngôn vô nghiệm, tuy lệ phi kinh. Nhi luận giả mạc bất để kết kỳ nghiên tinh, tác giả đại để cử vi hiến chương. Tích tập sinh thường, hữu tự lai hỹ.",蓋詩有六義焉，其二曰賦。楊雄曰：「詩人之賦麗以則。」班固曰：「賦者，古詩之流也。」先王采焉，以觀土風。見「緑竹猗猗」，則知衛地淇澳之產；見「在其版屋」，則知秦野西戎之宅。故能居然而辨八方。然相如賦上林而引「盧橘夏熟」，楊雄賦甘泉而陳「玉樹青葱」，班固賦西都而歎以出比目，張衡賦西京而述以遊海若。假稱珍怪，以爲潤色，若斯之類，匪啻于茲。考之果木，則生非其壤；校之神物，則出非其所。於辭則易爲藻飾，於義則虛而無徵。且夫玉巵無當，雖寶非用；侈言無驗，雖麗非經。而論者莫不詆訐其研精，作者大氐舉爲憲章。積習生常，有自來矣。
"Dư ký tư mô “Nhị kinh” nhi phú “Tam đô”, kỳ sơn xuyên thành ấp tắc kê chi địa đồ, kỳ điểu thú thảo mộc tắc nghiệm chi phương chí. Phong dao ca vũ, các phụ kỳ tục; khôi ngô trưởng giả, mạc phi kỳ cựu. Hà tắc? Phát ngôn vi thi giả, vịnh kỳ sở chí dã; thăng cao năng phú giả, tụng kỳ sở kiến dã. Mỹ vật giả quý y kỳ bản, tán sự giả nghi bản kỳ thực. Phỉ bản phỉ thực, lãm giả hề tín? Thả phu nhâm thổ tác cống, Ngu thư sở trứ; biện vật cư phương, Chu Dịch sở thận. Liêu cử kỳ nhất ngu, nhiếp kỳ thể thống, quy chư cổ huấn yên.",余旣思摹二京而賦三都，其山川城邑則稽之地圖，其鳥獸草木則驗之方志。風謠歌舞，各附其俗；魁梧長者，莫非其舊。何則？發言爲詩者，詠其所志也；升高能賦者，頌其所見也。美物者貴依其本，讚事者宜本其實。匪本匪實，覽者奚信？且夫任土作貢，虞書所著；辯物居方，周易所慎。聊舉其一隅，攝其體統，歸諸詁訓焉。
"Hoàng hoa mãn địa,",黃花滿地，
Bạch liễu hoành pha.,白柳橫坡。
"Tiểu kiều thông Nhược Gia chi khê,",小橋通若耶之溪，
Khúc kính tiếp Thiên Thai chi lộ.,曲徑接天台之路。
"Thạch trung thanh lưu trích trích, ly lạc phiêu hương;",石中清流滴滴，籬落飄香；
"Thụ đầu hồng diệp phiên phiên, sơ lâm như hoạ.",樹頭紅葉翩翩，疏林如畫。
"Tây phong xạ khẩn, do thính oanh đề;",西風乍緊，猶聽鶯啼；
"Noãn nhật thường huyên, hựu thiêm cung ngữ.",暖日常暄，又添蛩語。
"Dao vọng đông nam, kiến kỷ xứ y sơn chi tạ;",遙望東南，建幾處依山之榭；
"Cận quan tây bắc, kết tam gian lâm thuỷ chi hiên.",近觀西北，結三間臨水之軒。
"Sinh hoàng doanh toạ, biệt hữu u tình;",笙簧盈座，別有幽情；
"La ỷ xuyên lâm, bội thiêm vận trí.",羅綺穿林，倍添韻致。
"Lưỡng loan tự xúc phi xúc quyến yên my,",兩彎似蹙非蹙罥煙眉，
Nhất song tự hỉ phi hỉ hàm tình mục.,一雙似喜非喜含情目。
"Thái sinh lưỡng yếp chi sầu,",態生兩靨之愁，
Kiều tập nhất thân chi bệnh.,嬌襲一身之病。
"Lệ quang điểm điểm,",淚光點點，
Kiều suyễn vi vi.,嬌喘微微。
"Nhàn tĩnh tự kiều hoa chiếu thuỷ,",閑靜似嬌花照水，
Hành động như nhược liễu phù phong.,行動如弱柳扶風。
"Tâm giảo Tỷ Can đa nhất khiếu,",心較比干多一竅，
Bệnh như Tây Tử thắng tam phân.,病如西子勝三分。
"Thượng chương Khốn Đôn chi tuế, Giả tử tế thi chi tịch, Cối Kê Kiết Kiếm sinh đẳng cẩn dĩ hàn tuyền lãnh hoa, tự thư thần Trường Ân, nhi chuế chi dĩ lý từ viết:","上章困敦之歲,賈子祭詩之夕，會稽戛劍生等謹以寒泉冷華，祀書神長恩，而綴之以俚詞曰："
"Kim chi tịch hề trừ tịch,",今之夕兮除夕，
Hương diễm nhân uẩn hề chúc diễm xích.,香焰絪縕兮燭焰赤。
"Tiền thần tuý hề tiền nô mang,",錢神醉兮錢奴忙，
Quân độc hà vi hề thủ tàn tịch?,君獨何為兮守殘籍？
"Hoa diên khai hề lạp tửu hương,",華筵開兮腊酒香，
Canh điểm điểm hề dạ trường.,更點點兮夜長。
"Nhân huyên hô hề nhập tuý hương,",人喧呼兮入醉鄉，
Thuỳ trãi quân hề nhất trường.,誰薦君兮一觴。
"Tuyệt giao a đổ hề thượng thặng tàn thư,",絕交阿堵兮尚剩殘書，
Bả tửu đại hô hề quân lâm ngã cư.,把酒大呼兮君臨我居。
"Tương kỳ hề vân dư,",湘旗兮芸輿，
Khiết Mạch vọng hề giá đố ngư.,挈脈望兮駕蠹魚。
"Hàn tuyền hề cúc thư,",寒泉兮菊菹，
Cuồng tụng “Ly tao” hề vi quân ngu.,狂誦《离騷》兮為君娛。
"Quân chi lai hề vô từ từ,",君之來兮毋徐徐，
Quân hữu Tất phi hề Quản Thành hầu.,君友漆妃兮管城侯。
"Hướng bút hải nhi khiếu ngạo hề,",向筆海而嘯傲兮，
Ỷ văn trủng dĩ yêm lưu.,倚文塚以淹留。
"Bất phương đạo Mạch vọng nhi đăng tiên hề,",不妨導脈望而登仙兮，
Dẫn đố ngư chi lai du.,引蠹魚之來游。
"Tục đinh sanh phụ hề vi quân cừu,",俗丁傖父兮為君仇，
Vật sử lý quắc hề tăng quân tu.,勿使履閾兮增君羞。
"Nhược phất thính hề chỉ dĩ ngô câu,",若弗聽兮止以吳鉤，
"Thị chi “Khâu”, “Sách” hề cức kỳ hầu.",示之《丘》《索》兮棘其喉。
"Lệnh quản thành thoát dĩnh dĩ xuất hề,",令管城脫穎以出兮，
Sử bỉ chuyết chuyết dĩ tâm ưu.,使彼惙惙以心懮。
"Ninh chiêu thư tích hề lai thi tù,",寧招書癖兮來詩囚，
Quân vi ngã thủ hề nhạc vị hưu.,君為我守兮樂未休。
"Tha niên cần mậu nhi tê hương hề,",他年芹茂而樨香兮，
Dị tịch dĩ tương thù.,異籍以相酬。
"Y dư Thành Thang, tuấn triết ôn lương.",猗歟成湯，濬哲溫良。
Nhân phong táp đạp hề cửu hữu; nghĩa võ hiển hách hề tứ phương.,仁風馺沓兮九有；義武顯赫兮四方。
Nãi trượng đại thuận; cách Hạ uy Thương.,乃丈大順；革夏委商。
Tham thiên địa dĩ lập cực; chính vạn quốc chi kỷ cương.,參天地以立極；正萬國之紀綱。
Tảo phân ai ư tuyệt vực; đào nguyên khí ư hà hoang.,掃氛埃於絕域；陶元氣於遐荒。
Nhiên do tàm di đức chi vị nhất; khủng đại đạo chi mị thường.,然由慚台德之未一；恐大道之靡常。
Nãi mậu chiêu kỳ đại đức; tư dư nhật nhi tề quang.,乃懋昭其大德；思與日而齊光。
Viên tác bàn dĩ nhật tục; thứ táo tuyết nhi chiêu chương.,爰作盤以日俗；庶澡雪而昭彰。
Thị bàn dã:,是盤也：
Hình mô kiên phác; khí lượng khôi hồng.,形模堅朴；器量恢洪。
Viên quy tượng nhật; thụ phù hàm không.,圓規象日；受夫含空。
Trạm trạm hồ ba quang chi đãng dạng; uyên uyên hồ thuỷ sắc chi linh lung.,湛湛乎波光之蕩漾；淵淵乎水色之玲瓏。
Trĩ Liêm Tuyền nhi trần Thái Trạch; nô Thừa Lộ nhi trĩ Kim Đồng.,涬廉泉而塵太澤；奴承露而稚金銅。
Thử ngô tri kỳ phi đồ sự ư tẩy địch; nhi tất thuỳ huấn ư vô cùng giả dã.,此吾知其非徒事於洗滌，而必垂訓於無窮者也。
"Cái nhật giả, quân chi tượng; bàn giả, nguyệt chi hình.",蓋日者君之象；盤者月之形。
Tuy viên phách bất dịch kỳ cựu thể; nhi linh diệu thường đổ kỳ tân minh.,雖圓魄不易其舊體；而靈曜常覩其新明。
Niệm thánh nhân chi thể đạo; cố ư tư nhi hữu đắc.,念聖人之體道；固於斯而有得。
Nguyên giáng trung chi hằng tính; nhược nhật nguyệt chi hách dịch.,原降衷之恆性；若日月之赫奕。
Khủng tư dục chi nhất manh; như vân vụ chi tứ tắc.,恐私慾之一萌；如雲霧之四塞。
Luỵ chí tính chi hư minh; thất bản tâm chi động triệt.,累至性之虛明；失本心之洞徹。
Nãi tác minh ư tư bàn; ngụ chí thành chi bất tức.,乃作明於斯盤；寓至誠之不息。
Ký táo tuyết kỳ hôn ai; hựu khắc minh ư tuấn đức.,既澡雪其昏埃；又克明於俊德。
Vu dĩ tồn tỉnh sát chi công; vu dĩ cực hàm dưỡng chi lực.,于以存省察之功；于以極函養之力。
Vu dĩ chiêu trạc trạc chi linh; vu dĩ trứ hoàng hoàng chi thực.,于以昭濯濯之靈；于以著煌煌之寔。
Vu dĩ tiêu chí thiện ư tư dân; vu dĩ tẩy cựu ô ư vạn quốc.,于以標至善於斯民；于以洗舊污於萬國。
"Vu dĩ thích tiền nhật chi tàm tâm, vu dĩ thuỳ hậu vương chi phi tắc.",于以釋前日之慚心；于以垂後王之丕則。
Thử kỳ công dụng khả dĩ phối ư càn khôn; tính tình khả dĩ đồng ư nhật nguyệt.,此其功用可以配於乾坤；性情可以同於日月。
"Khởi chỉ sơ luân kỳ bì phu, nhi vọng nhất thân chi quyên khiết dã tai.",豈止疏淪其皮膚；而望一身之蠲潔也哉。
Tưởng kỳ:,想其：
Trường mộc tắc hưu tường trường phát; nhật dục tắc thánh kính nhật tê.,長沐則休祥長發；日浴則聖敬日躋。
Lẫm lẫm hồ nhược lâm uyên chi khủng truỵ; lãnh lãnh hồ nhược khải ốc chi dĩ thuỳ.,凜凜乎若臨淵之恐墜；冷冷乎若啟沃之已垂。
Ký tiễn phất ư Tang Lâm chi đảo vũ; hựu trai túc ư Sằn Dã chi tệ nghi.,既湔祓於桑林之禱雨；又齋肅於莘野之弊儀。
"Ác phát vị hy, tư thi trạch ư bách tính; táo thân nhi tịnh, chiêu tuấn khiết ư cửu vi.",握髮未晞，思施擇於百姓；澡身而淨，昭濬潔於九圍。
Bàn nhất dụng nhi minh nhất quy; tâm dũ oánh nhi đức dũ huy.,盤一用而銘一規；心愈瑩而德愈輝。
Kỵ phù:,暨夫：
"Khắc khoan khắc nhân, chương tín triệu dân.",克寬克仁，彰信兆民。
"Bách lộc thị tổng, vi thiên hạ dân.",百祿是總，為天下民。
"Thể càn khôn chi phúc tái, dữ vạn vật nhi vi xuân.",体乾坤之覆載，與萬物而為春。
"Duẫn đức hiệp hạ, vạn bang duy tân.",允德協下，萬邦維新。
"Vô tệ khả trừ, chính sự nhật thuần.",無弊可除，政事日醇。
"Vật thái dĩ chi nhi dung tiết, dân phong dĩ chi chân thuần.",物態以之而溶潷；民風以之真淳。
"Diệc mạc bất do ư tư bàn, dĩ thành hoà khí chi nhân uân giả dã!",亦莫不由於斯盤，以成和器之氤氳者也。
Ta phù!,嗟夫！
"Đạo bất tự hiện, dĩ khí nhi hiện; khí bất tự thọ, dĩ minh nhi thọ.",道不自見，以器而見；器不自壽，以銘而壽。
Kỳ Dương chi cổ thập; Đại Vũ chi đỉnh cửu.,岐陽之鼓十；大禹之鼎九。
Bỉ chí bảo chi thượng nhân; huống minh bàn chi bất hủ.,彼至寶之尚湮；況銘盤之不朽。
Cẩu nhật tân chi vô văn; tín ư nhĩ hồ hà hữu.,苟日新之無聞；信於爾乎何有。
Thử dư sinh chi trường cần; xí tiền tu nhi kỷ hậu.,此予生之長勤；企前羞而己後。
Liêu tác ca dĩ tự miễn; nguyện trì thành ư vĩnh cửu.,聊作歌以自勉；願持誠於永久。
Ca viết:,歌曰：
"Thang bàn hề hách hi,",湯盤兮赫曦，
Tượng nhật hề quyên quy.,象日兮捐規。
"Quần sinh hề nhuận trạch,",群生兮潤澤，
Thánh kính hề nhật tê.,聖敬兮日躋。
"Bàn minh hề cửu tự,",盤銘兮九字，
Thiên cổ hề bất truỵ.,千古兮不墜。
"Nhân dục hề tịnh tận,",人欲兮淨盡，
Thánh đức hề quang huy.,聖德兮光輝。
"Ta dư sinh hề nhật tụng,",嗟予生兮日誦，
Thứ dư học hề tập hy.,庶予學兮緝熙。
"Kỳ vạn vũ hề ngọc chúc,",其萬宇兮玉燭，
Ngưỡng ngô đạo hề trùng hy.,仰吾道兮重熙。
"Sở Tương Vương dữ Tống Ngọc du ư Vân Mộng chi phố, sử Ngọc phú Cao Đường chi sự. Kỳ dạ vương tẩm, quả mộng dữ Thần nữ ngộ, kỳ trạng thậm lệ. Vương dị chi, minh nhật dĩ bạch Ngọc.",楚襄王與宋玉遊於雲夢之浦，使玉賦高唐之事。其夜王寢，果夢與神女遇，其狀甚麗。王異之，明日以白玉。
Ngọc viết: Kỳ mộng nhược hà?,玉曰：其夢若何？
"Vương đối viết: Bô tịch chi hậu, tinh thần hoảng hốt, nhược hữu sở hỉ. Phân phân nhiễu nhiễu, vị tri hà ý. Mục sắc phảng phất, sạ nhược hữu ký. Kiến nhất phụ nhân, trạng thậm kỳ dị. Mị nhi mộng chi, ngụ bất tự chí. Võng hề bất lạc, trướng nhiên thất chí. Ư thị phủ tâm định khí, phục kiến sở mộng.",王對曰：晡夕之後，精神怳忽，若有所喜。紛紛擾擾，未知何意。目色髣髴，乍若有記。見一婦人，狀甚奇異。寐而夢之，寤不自識。罔兮不樂，悵然失志。於是撫心定氣，復見所夢。
Ngọc viết: Trạng hà như dã?,玉曰：狀何如也？
"Vương viết: Mậu hĩ mỹ hĩ, chư hảo bị hĩ. Thịnh hĩ lệ hĩ, nan trắc cứu hĩ. Thượng cổ ký vô, thế sở vị kiến. Khôi tư vĩ thái, bất khả thắng tán. Kỳ thuỷ lai dã, diệu hồ nhược bạch nhật sơ xuất chiếu ốc lương. Kỳ thiểu tiến dã, hạo nhược minh nguyệt thư kỳ quang. Tu du chi gian, mỹ mạo hoành sinh. Diệp hề như hoa, ôn hồ như oánh. Ngũ sắc tịnh trì, bất khả đàn hình. Tường nhi thị chi, đoạt nhân mục tinh. Kỳ thịnh sức dã, tắc la hoàn ỷ hội thịnh văn chương, cực phục diệu thái chiếu vạn phương. Chấn tú y, bị quái thường. Nùng bất đoản, tiêm bất trường. Bộ duệ duệ hề diệu điện đường. Hốt hề cải dung, uyển nhược du long thừa vân tường. Đoạ bị phục, đoái bạc trang. Mộc lan trạch, hàm nhược phương. Tính hoà thích, nghi thị bàng. Thuận tự ti, điều tâm trường.",王曰：茂矣美矣，諸好備矣。盛矣麗矣，難測究矣。上古既無，世所未見。瑰姿瑋態，不可勝贊。其始來也，耀乎若白日初出照屋梁。其少進也，皎若明月舒其光。須臾之間，美貌橫生。曄兮如華，溫乎如瑩。五色並馳，不可殫形。詳而視之，奪人目精。其盛飾也，則羅紈綺繢盛文章，極服妙采照萬方。振繡衣，被褂裳。穠不短，纖不長。步裔裔兮曜殿堂。忽兮改容，婉若遊龍乘雲翔。嫷被服，侻薄裝。沐蘭澤，含若芳。性和適，宜侍旁。順序卑，調心腸。
Vương viết: Nhược thử thịnh hĩ! Thí vi quả nhân phú chi.,王曰：若此盛矣！試為寡人賦之。
Ngọc viết: Duy duy.,玉曰：唯唯。
"Phù hà Thần nữ chi giảo lệ hề, hàm âm dương chi ác sức.",夫何神女之姣麗兮，含陰陽之渥飾。
"Bị hoa tảo chi khả hảo hề, nhược phí thuý chi phấn dực.",被華藻之可好兮，若翡翠之奮翼。
"Kỳ tượng vô song, kỳ mỹ vô cực.",其象無雙，其美無極。
"Mao Tường chương duệ, bất túc trình thức.",毛嬙鄣袂，不足程式。
"Tây Thi yểm diện, tỉ chi vô sắc.",西施掩面，比之無色。
"Cận chi ký yêu, viễn chi hữu vọng.",近之既妖，遠之有望。
"Cốt pháp đa kỳ, ưng quân chi tướng.",骨法多奇，應君之相。
"Thị chi doanh mục, thục giả khắc thượng.",視之盈目，孰者克尚。
"Tư tâm độc duyệt, lạc chi vô lượng.",私心獨悅，樂之無量。
"Giao hy ân sơ, bất khả tận sướng.",交希恩疏，不可盡暢。
"Tha nhân mạc đổ, vương lãm kỳ trạng.",他人莫睹，王覽其狀。
"Kỳ trạng nga nga, hà khả cực ngôn.",其狀峨峨，何可極言。
"Mạo phong doanh dĩ trang xu hề, bao ôn nhuận chi ngọc nhan.",貌豐盈以莊姝兮，苞溫潤之玉顏。
"Mâu tử quýnh kỳ tinh lãng hề, liễu đa mỹ nhi khả quan.",眸子炯其精朗兮，瞭多美而可觀。
"My liên quyên dĩ nga dương hề, châu thần đích kỳ nhược đan.",眉聯娟以蛾揚兮，朱脣的其若丹。
"Tố chất cán chi nùng thực hề, chí giải thái nhi thể nhàn.",素質幹之醲實兮，志解泰而體閑。
"Ký quỷ hoạ ư u tĩnh hề, hựu bà sa hồ nhân gian.",既姽嫿於幽靜兮，又婆娑乎人間。
"Nghi cao điện dĩ quảng ý hề, dực phóng túng nhi xước khoan.",宜高殿以廣意兮，翼放縱而綽寬。
"Động vụ hộc dĩ từ bộ hề, phất trì thanh chi san san.",動霧縠以徐步兮，拂墀聲之珊珊。
"Vọng dư duy nhi duyên thị hề, nhược lưu ba chi tương lan.",望余帷而延視兮，若流波之將瀾。
"Phấn trường tụ dĩ chính nhẫm hề, lập trịch trục nhi bất an.",奮長袖以正衽兮，立躑躅而不安。
"Đạm thanh tĩnh kỳ am ế hề, tính trầm tường nhi bất phiền.",澹清靜其愔嫕兮，性沈詳而不煩。
"Thì dung dữ dĩ vi động hề, chí vị khả hồ đắc nguyên.",時容與以微動兮，志未可乎得原。
"Ý tự cận nhi ký viễn hề, nhược tương lai nhi phục toàn.",意似近而既遠兮，若將來而復旋。
"Khiên dư trù nhi thỉnh ngự hề, nguyện tận tâm chi quyền quyền.",褰余幬而請御兮，願盡心之惓惓。
"Hoài trinh lượng chi khiết thanh hề, tốt dữ ngã hề tương nan.",懷貞亮之絜清兮，卒與我兮相難。
"Trần gia từ nhi vân đối hề, thổ phân phương kỳ nhược lan.",陳嘉辭而云對兮，吐芬芳其若蘭。
"Tinh giao tiếp dĩ lai vãng hề, tâm khải khang dĩ lạc hoan.",精交接以來往兮，心凱康以樂歡。
"Thần độc hanh nhi vị kết hề, hồn quỳnh quỳnh dĩ vô đoan.",神獨亨而未結兮，魂煢煢以無端。
"Hàm nhiên nặc kỳ bất phân hề, vị dương âm nhi ai thán.",含然諾其不分兮，喟揚音而哀歎。
"Bình bạc nộ dĩ tự trì hề, tằng bất khả hồ phạm can.",頩薄怒以自持兮，曾不可乎犯干。
"Ư thị dao bội sức, minh ngọc loan.",於是搖珮飾，鳴玉鸞。
"Chỉnh y phục, liễm dung nhan.",整衣服，歛容顏。
"Cố nữ sư, mệnh thái phó.",顧女師，命太傅。
"Hoan tình vị tiếp, tương từ nhi khứ.",歡情未接，將辭而去。
"Thiên duyên dẫn thân, bất khả thân phụ.",遷延引身，不可親附。
"Tự thệ vị hành, trung nhược tương thủ.",似逝未行，中若相首。
"Mục lược vi miện, tinh thái tương thụ.",目略微眄，精彩相授。
"Chí thái hoành xuất, bất khả thắng ký.",志態橫出，不可勝記。
"Ý ly vị tuyệt, thần tâm phố phúc.",意離未絕，神心怖覆。
"Lễ bất hoàng cật, từ bất cập cứu.",禮不遑訖，辭不及究。
"Nguyện giả tu du, Thần nữ xưng cự.",願假須臾，神女稱遽。
"Hồi trường thương khí, điên đảo thất cứ.",徊腸傷氣，顛倒失據。
"Ám nhiên nhi minh, hốt bất tri xứ.",闇然而暝，忽不知處。
"Tình độc tư hoài, thuỳ giả khả ngữ?",情獨私懷，誰者可語？
"Trù trướng thuỳ thế, cầu chi chí thự.",惆悵垂涕，求之至曙。
"Bộc bố huyền sương, long đê ỷ không.",瀑布懸霜，龍隄倚空。
"Tản Viên xanh không nhi trấn bắc, Đà giang thấu ngọc dĩ lưu đông.",傘圓撐空而鎮北，沱江漱玉以流東。
"Thử thiên địa thiết hiểm, dĩ tráng Nam cực khôn duy chi thế; nhi Nghệ Hoàng trú tất, dĩ khai vạn thế trung hưng chi công.",此天地設險，以壯南極坤維之勢；而藝皇駐驆，以開萬世中興之功。
"Quan kỳ: liên lạc Lao quan, khống ách Vân kiêu.",觀其：聯洛牢關，控扼雲徼。
"Khâm đái bách Man, hầu yết lục Chiếu.",襟帶百蠻，喉咽六詔。
"Toàn ngoan tù tốt, vạn sơn hoàn ủng nhi thanh lai; đãng quyết uông dương, chúng thuỷ bôn đằng nhi bạch nhiễu.",嶜岏崷崒，萬山環擁而青來；蕩潏汪洋，眾水奔騰而白繞。
Hãn chư trấn chi hạn phiên; cứ thượng lưu chi tân yếu.,捍諸鎮之限藩；據上流之津要。
"Nhĩ nãi: tiện nam quát bách, kỷ tử dự chương.",爾乃：楩柟栝柏，杞梓豫章。
Thúc mạch bái bái hề đôi lũng; tang ma truỵ truỵ hề thành hàng.,菽麥旆旆兮堆壟，桑麻隧隧兮成行。
"Vũ mao xỉ cách hề, ba cập ư lân giới; kim ngân châu ngọc hề, diễn dật ư biên cương.",羽毛齒革兮，波及於鄰界；金銀珠玉兮，衍溢於邊疆。
"Tra phù sách dẫn, điểu đạo thố khanh.",槎浮索引，鳥道兔坑。
"Liễn sâm hiến chí, phủ ngưỡng quan quang.",輦琛獻贄，俯仰觀光。
"Thành vi quốc gia chi ngoại phủ, nhi vạn bảo chi sở trân tàng.",誠為國家之外府，而萬寶之所珍藏。
"Tư tích: ngao cực chấn kinh, la đồ điên chí.",思昔：鰲極震驚，蘿圖顛躓。
"Ách tao tứ bách, vận đinh nhuận quý.",厄遭四百，運丁潤季。
"Hoang dâm vô độ, Xương Vương di Hán tộ chi long; hồ mị phi xương, Vũ thị thiết Đường gia chi khí.",荒淫無度，昌王移漢祚之隆；狐媚披猖，武氏竊唐家之器。
"Nhật nguyệt hôn nhi vô quang, thiên địa lẫm kỳ tương huỷ.",日月昏而無光，天地凜其將毀。
"Duy Nghệ Hoàng chi hiềm thân, thường tiểu tâm chi chuý chuý.",惟藝皇之嫌親，常小心之惴惴。
"Đãi vô khả ư nại hà, nãi nhập sơn nhi đào tỵ.",逮無可於奈何，乃入山而逃避。
"Môn la vạn lý, nhi tuyết nhiễm thiên hành; hồi thủ thất lăng, nhi huyết ban song lệ.",捫蘿萬里，而雪染千莖；回首七陵，而血班雙淚。
"Chiêm thuý hoa hề dao dao, nghiễm lục long chi lệ chỉ.",瞻翠華兮搖搖，儼六龍之淚止。
"Hấp chư hầu hề ảnh tòng, ống quần anh hề khuân chí.",翕諸侯兮影從，蓊群英兮麇至。
"Hùng bi chi sĩ, tam thiên nhi đồng tâm; tì hổ chi quân, bách vạn nhi lai tuỵ.",熊羆之士，三千而同心；貔虎之軍，百萬而來萃。
"Chỉnh đại giá dĩ hồi kinh, tân hồ tương nhi nghinh quĩ.",整大駕以回京，繽壺漿而迎餽。
"Chỉ huy nhi yêu nghiệt nghinh hàng, đàm tiếu nhi hung đồ tống tử.",指揮而妖孽迎降，談笑而兇徒送死。
"Tẩy lục hợp chi tinh chiên, đãng cung đình chi phân ế.",洗六合之腥羶，蕩宮庭之氛翳。
"Huyền nhật nguyệt ư trung thiên, điện phi cơ ư vạn thế.",懸日月於中天，奠丕基於萬世。
"Nhiên hậu tri: Nghệ Hoàng vi tư trấn, an năng chí thành công chi nguy nguy;",然後知：藝皇微斯鎮，安能至成功之巍巍；
"Tư trấn vi Nghệ Hoàng, an năng xứng gia danh chi vĩ vĩ tai!",斯鎮微藝皇，安能稱嘉名之煒煒哉！
Ô hô! Y hi!,嗚呼！噫嘻！
"Vân Sạn oanh vu, Kiếm Các khung sùng, tuy túc dĩ thoát Minh Hoàng chi nạn, nhi Ngọc Luỹ yêm lưu, bất năng hồi Đường triệt nhi đông;",雲棧縈紆，劍閣穹崇，雖足以脫明皇之難，而玉纍淹流，不能回唐轍而東；
"Hào Lũng hiểm trở, Lạc Dương thích trung, tuy túc dĩ chí Bình Vương chi hạnh, nhi ngũ thành tự tiểu, bất năng phản Kỳ Chu chi Phong.",淆隴險阻，洛陽適中，雖足以至平王之幸，而五城自小，不能返岐周之封。
"Nhiên hậu tri: Nghệ Hoàng chi công, Thiên Hưng chi trấn, lịch vạn thế nhi mạc dữ chi thất mỹ nhi tỷ long dã.",然後知：藝皇之功，天興之鎮，歷萬世而莫與之匹美而比隆也。
Nãi bái thủ khể thủ nhi vi chi ca viết:,乃拜手稽首而為之歌曰：
"Tráng tai Thiên Hưng, vi Nam phương chi biểu cực hề.",壯哉天興，為南方之表極兮。
"Khải ngã hoàng đồ thuỳ thiên ức hề,",啟我皇圖垂千憶兮，
"Ô duy Nghệ Hoàng, bất thị hiểm nhi thị đức hề.",於維藝皇，不恃險而恃德兮。
"Dã hấp, dã tịch:",也翕，也闢；
"Hà lự, hà tư?",何慮，何思？
Cái đào chú chi do mệnh;,蓋陶鑄之由命；
Khởi trí lực chi năng vi?,豈智力之能為？
"Thiên quân thái nhiên, tuân đạo hồ vô phản vô trắc;",天君泰然，遵道乎無反無側；
"Thượng đế lâm nhữ, thuận tắc ư bất thức bất tri.",上帝臨汝，順則於不識不知。
Hà vi thiên?,何為天？
Hạo hạo vô ngân;,浩浩無垠；
Dương dương tuấn cực.,洋洋峻極。
Vân hành vũ thí các lưu hình;,雲行雨施各流形；
Nhật vãng nguyệt lai vô hưu tức.,日往月來無休息。
"Cổ chú cơ giam mặc vận, thảm tắc vạn vật giai thảm, thư tắc vạn vật giai thư;",鼓鑄機緘默運，慘則萬物皆慘，舒則萬物皆舒；
"Phát sinh đạo lí tự nhiên, bạch giả vạn cổ thường bạch, hắc giả vạn cổ thường hắc.",發生道理自然，白者萬古常白，黑者萬古常黑。
Hà vị thiên quân?,何謂天君？
Linh đài oánh tĩnh;,靈臺瑩靜；
Hư thất linh lung.,虛室玲瓏。
"Vô ý, tất, cố, ngã;",無意，必，固，我；
"Tri cương, nhu, biến, thông.",知剛，柔，變，通。
"Dụng tắc hành, xả tắc tàng, xuất, xử, ngữ, mặc, giai thông hồ thời nghĩa;",用則行，舍則藏，出，處，語，黙，皆通乎時義；
"Ngôn chi tín, hành chi quả, tử, sinh, kinh, cụ, bất nhập hồ hung trung.",言之信，行之果，死，生，驚，懼，不入乎胸中。
Cố quân tử:,故君子：
Tri sở thao trì;,知所操持；
Tại tư trừu dịch.,在茲紬繹。
Ung ung dĩ nhạ giai giai;,雍雍以迓喈喈；
Đãng đãng nhi vô thích thích.,蕩蕩而無戚戚。
"Cung kính nhi sự thượng, như phong tòng hổ, vân tòng long;",恭敬而事上，如風從虎，雲從龍；
"Minh triết dĩ bảo thân, vô cứ vu lê, khốn vu thạch.",明哲以保身，毋據于藜，困于石。
Nãi năng:,乃能：
Cát vô bất lợi;,吉無不利；
Động võng phất tàng.,動罔弗藏。
Khả dĩ nhậm trọng trí viễn;,可以任重致遠；
Ư yên thụ chỉ phát tường.,於焉受祉發祥。
"Hưởng quân tử chi bị phúc, hoàn quân tử chi lệnh danh, Thiên bảo: “Tỉ nhĩ tiển cốc”;",享君子之備福，完君子之令名，天保：「俾爾戩榖」；
"Cư thiên hạ chi quảng cư, hành thiên hạ chi đạt đạo, Hồng phạm: “Thân kỳ khang cường”.",居天下之廣居，行天下之達道，洪範：「身其康彊」。
Thí quan:,試觀：
Tái chư giản biên;,載諸簡編；
Túc vi giám giới.,足為監戒。
"Khuất Nguyên, Giới Tử, cô phẫn tự tường;",屈原，介子，孤憤自戕；
"Linh Vận, Hy Chi, khinh đầu thủ bại.",靈運，羲之，輕投取敗。
"Quách Phần Dương an nghĩa mệnh, trượng trung tín, thiếu quý, lão toàn;",郭汾陽安義命，仗忠信，少貴，老全；
"Lã Bình Chương xử đại sự bất hồ đồ, quốc an, gia thái.",呂平章處大事，不糊塗，國安，家泰。
Cư ngô ngữ tử:,居吾語子：
Vi thần bất dị;,為臣不易；
Hành lộ thậm nan.,行路甚難。
Đầu giác tuy vân ngang tủng;,頭角雖云昂聳；
Mấn mao hốt dĩ thương ban.,鬢髦忽已蒼班。
"Thượng hạ vô thường, tiến thoái vô hằng, thả yếu cần hành bất tức;",上下無常，進退無恆，且要勤行不息；
"Tây nam vi di, đông bắc vi hiểm, tất tư thuận xử nãi an.",西南為夷，東北為險，必思順處乃安。
Thâm tư tai:,深思哉：
Thái Thanh nhất chung;,太清一鐘；
Đại yến tam tước.,大燕三爵。
Tu giác ngộ ư vị minh;,須覺悟於未明；
Vật trầm hàm nhi tự ngược.,勿沈酣而自虐。
"Thời suy di nhi biến hoá, luân đàn tuỳ dữ vãng lai;",時推移而變化，輪彈隨與往來；
"Cương đoản chiết nhu cửu trường, xỉ thiệt khởi tranh cường nhược.",剛短折柔久長，齒舌豈爭彊弱。
"Dư cái luận tính mệnh chi nhất đoan,",余蓋論性命之一端，
Nhược toàn thể xứ thượng do thương hải chi nhất thược!,若全體處，尚猶滄海之一勺！
"Y tích đế đình,",伊昔帝庭，
Hữu thần Cửu Linh.,有臣九齡。
"Hoài đan bão tố,",懷丹抱素，
Hàm hoa thổ anh.,含華吐英。
Động đạt hồ trị loạn chi lý; cảm thông hồ hiến thế chi thành.,洞達乎治亂之理；感通乎獻替之誠。
Nãi toản thuật kỳ hưng phế; dụ quyết giám chi thậm minh.,乃纂述其興廢；喻厥鑑之甚明。
Ư thị:,於是：
Vận ứng thiên thu; thần đương lệnh tiết.,運應千秋；辰當令節。
Y dư hưu tai; kỳ ý nhược viết:,猗歟休哉；其意若曰：
"Linh phinh quy hạc, khởi túc vi chúc thánh chi phù; đản mạn thần tiên, hồ khả ngữ trường sinh chi quyết.",竛竮龜鶴，豈足為祝聖之符；誕謾神仙，胡可語長生之訣。
Thị giám dã:,是鑑也：
Chí tinh chí minh; ký dung ký triệt.,至精至明；既融既徹。
Đạo đức quảng hồ quy mô; lễ nghĩa kiên hồ kim thiết.,道德廣乎規模；禮義堅乎金鐵。
Lẫm kỳ khí hề băng sương; bính kỳ văn hề nhật nguyệt.,凜其氣兮冰霜；炳其文兮日月。
Chiếu chi hôn giả khả sử minh; ma chi ngu giả khả sử triết.,照之昏者可使明；磨之愚者可使哲。
Nhân tái tả dĩ tái trình; dụng viên minh nhi viên khiết.,因載寫以載呈；用爰明而爰潔。
Phi độc quy mỹ ư ngô quân; nhi khả dĩ vi vạn thế chi quỹ triệt.,非獨歸美於吾君；而可以為萬世之軌轍。
Đãi phù:,迨夫：
Kim môn ký tịch; ngọc lậu sơ tàn.,金門既闢；玉漏初殘。
Tương nguỵ hội thê hàng chi vạn quốc; long trì la kiếm bội chi thiên quan.,象魏會梯杭之萬國；龍墀羅劍佩之千官。
Hải vũ khánh hồng lưu chi thuỵ; tung hô đằng điện nhiễu chi hoan.,海宇慶虹流之瑞；嵩呼騰電繞之驩。
Cửu Linh nãi:,九齡乃：
Nga quan bệ trắc; tấn hốt yêu gian,峨冠陛側；搢笏腰間。
Dung nghi nghiêm túc; bộ vũ thư nhàn.,容儀嚴肅；步武舒閒。
Gián quần thần ư triều liệt; hồi nhất cố ư uy nhan.,間群臣於朝列；回一顧於威顏。
"Ký suy thành nhi hiến giám; phục khể thủ nhi phi can,",既推誠而獻鑑；復稽首而披肝。
Thần ngôn minh hồ tự giám; thần tâm hách hề nhược đan.,臣言明乎似鑑；臣心赫兮若丹。
Chúng chính ư thị hồ chí thư nhi khí khoát; quần tà ư thị hồ đảm lạc nhi mao hàn.,眾正於是乎志舒而氣豁；群邪於是乎膽落而毛寒。
Cố năng:,故能：
"Truy tung Bính, Hàn; tịnh mỹ Diêu, Tống.",追蹤丙韓；並美姚宋。
Chiếu phát Phủ chi gian tà; động kiến Lộc chi tình trạng dã.,照發甫之奸邪；洞見祿之情狀也。
Nhiên thường quái:,然常怪：
"Thái Tông hữu Nguỵ Trưng nhi vi giám dã, hồ vi bất năng trí Trinh Quán tam thập niên chi thái bình; Minh Hoàng diệc hữu Cửu Linh vi giám dã, hồ vi bất cứu Thiên Bảo mạt niên chi điên chí.",太宗有魏徵而為鑑也，胡為不能致貞觀三十年之太平；明皇亦有九齡為鑑也，乎為不救天寶末年之顛躓。
Cố sở dụng chi như hà; thiết hữu cảm ư Lý Đường chi sự.,顧所用之如何；竊有感於李唐之事。
Phương kim:,方今：
Tường khai thuỵ đán; khánh diệp xương kỳ.,祥開瑞旦；慶葉昌期。
Vạn niên ức niên tỷ thọ; nhất nhật nhị nhật duy ky.,萬年億年俾壽；一日二日惟幾。
"Giám ư tiên vương, tắc hữu tổ tông chi thành hiến; giám ư vãng sự tắc hữu kỳ ngải chi quang huy.",鑑於先王則有祖宗之成憲；鑑於往事則有耆艾之光輝。
"Dĩ trị loạn vi giám giả, thục mỹ thục ác; dĩ đắc thất vi giám giả thục nghiên thục si.",以治亂為鑑者，孰美孰惡；以得失為鑑者，孰妍孰媸。
"Thử ngu thần sở dĩ khể thủ hiến Thiên thu giám giả, kỳ thiên tử kỳ giám vu tư.",此愚臣所以稽首獻千秋鑑者，期天子其鑑于茲。
"Âu Dương tử phương dạ độc thư, văn hữu thanh tự tây nam lai giả, tủng nhiên nhi thính chi, viết: “Dị tai! Sơ tích lịch dĩ tiêu táp, hốt bôn đằng nhi phanh vi; như ba đào dạ kinh, phong vũ sậu chí; kỳ xúc ư vật dã, thung thung tranh tranh, kim thiết giai minh; hựu như phó địch chi binh, hàm mai tật tẩu, bất văn hiệu lệnh, đãn văn nhân mã chi hành thanh.” Dư vị đồng tử: “Thử hà thanh dã? Nhữ xuất thị chi!” Đồng tử viết: “Tinh nguyệt hiệu khiết, minh hà tại thiên; tứ vô nhân thanh, thanh tại thụ gian.”",歐陽子方夜讀書，聞有聲自西南來者，悚然而聽之曰︰「異哉﹗初淅瀝以瀟颯，忽奔騰而砰湃；如波濤夜驚，風雨驟至；其觸於物也，鏦鏦錚錚，金鐵皆鳴；又如赴敵之兵，啣枚疾走，不聞號令，但聞人馬之行聲。」予謂童子︰「此何聲也？汝出視之﹗」童子曰︰「星月皎潔，明河在天；四無人聲，聲在樹間。」
"Dư viết: “Y hy! Bi tai! Thử thu thanh dã, hồ vi hồ lai tai! Cái phu thu chi vi trạng dã, kỳ sắc thảm đạm, yên phi vân liễm; kỳ dung thanh minh, thiên cao nhật tinh; kỳ khí lật liệt, biêm nhân cơ cốt; kỳ ý tiêu điều, sơn xuyên tịch liêu. Cố vi kỳ thanh dã, thê thê thiết thiết, hô hiệu phấn phát, phong thảo lục nhục nhi tranh mậu, giai mộc thông lung nhi khả duyệt, thảo phất chi nhi sắc biến, mộc tao chi nhi diệp thoát; kỳ sở dĩ tồi bại linh lạc giả, nãi nhất khí chi dư liệt.",予曰︰「噫嘻﹗悲哉﹗此秋聲也，胡為乎來哉﹗蓋夫秋之為狀也，其色慘淡，煙霏雲歛；其容清明，天高日晶；其氣慄冽，砭人肌骨；其意蕭條，山川寂寥。故為其聲也，淒淒切切，呼號奮發，豐草綠縟而爭茂，佳木蔥蘢而可悅，草拂之而色變，木遭之而葉脫；其所以摧敗零落者，乃一氣之餘烈。
"“Phù thu, hình quan dã, ư thì vi âm; hựu binh tượng dã, ư hành vi kim. Thị vị thiên địa chi nghĩa khí, thường dĩ túc sát nhi vi tâm. Thiên chi sinh vật, xuân sinh thu thực, cố kỳ tại lạc dã, thương thanh chủ tây phương chi âm, di tắc vi thất nguyệt chi luật. Thương thương dã, vật ký lão nhi bi thương; di lục dã, vật quá thịnh nhi đương sát.",「夫秋、刑官也，於時為陰；又兵象也，於行為金。是謂天地之義氣，常以肅殺而為心。天之生物，春生秋實，故其在樂也，商聲主西方之音，夷則為七月之律。商傷也，物既老而悲傷；夷戮也，物過盛而當殺。
"“Ta phù! Thảo mộc vô tình, hữu thì phiêu linh; nhân vi động vật, duy vật chi linh. Bách ưu cảm kỳ tâm, vạn sự lao kỳ hình, hữu động hồ trung, tất dao kỳ tinh; nhi huống tư kỳ lực chi sở bất cập, ưu kỳ trí chi sở bất năng, nghi kỳ ác nhiên đan giả vi cảo mộc, y nhiên hắc giả vi tinh tinh. Nại hà phi kim thạch chi chất, dục dữ thảo mộc nhi tranh vinh! Niệm thuỳ vi chi tường tặc, diệc hà hận hồ thu thanh!”",「嗟夫﹗草木無情，有時飄零；人為動物，惟物之靈。百憂感其心，萬事勞其形，有動乎中，必搖其精；而況思其力之所不及，憂其智之所不能，宜其渥然丹者為槁木，黟然黑者為星星。奈何非金石之質，欲與草木而爭榮﹗念誰為之戕賊，亦何恨乎秋聲﹗」
"Đồng tử mạc đối, thuỳ đầu nhi thuỵ, đãn văn tứ bích trùng thanh tức tức, như trợ dư chi thán tức.",童子莫對，垂頭而睡，但聞四壁蟲聲唧唧，如助予之歎息。
"Nhâm Tuất chi thu, thất nguyệt ký vọng, Tô tử dữ khách phiếm chu du ư Xích Bích chi hạ. Thanh phong từ lai, thuỷ ba bất hứng, cử tửu chúc khách, tụng Minh nguyệt chi thi, ca Yểu điệu chi chương. Thiểu yên, nguyệt xuất ư đông sơn chi thượng, bồi hồi ư Đẩu Ngưu chi gian. Bạch lộ hoành giang, thuỷ quang tiếp thiên. Túng nhất vĩ chi sở như, lăng vạn khoảnh chi mang nhiên. Hạo hạo hồ như bằng hư ngự phong, nhi bất tri kỳ sở chỉ; phiêu phiêu hồ như di thế độc lập, vũ hoá nhi đăng tiên. Ư thị ẩm tửu lạc thậm, khấu huyền nhi ca chi. Ca viết:",壬戌之秋，七月既望，蘇子與客泛舟遊於赤壁之下。清風徐來，水波不興，舉酒屬客，誦明月之詩，歌窈窕之章。少焉，月出於東山之上，徘徊於斗牛之間。白露橫江，水光接天。縱一葦之所如，凌萬頃之茫然。浩浩乎如馮虛御風，而不知其所止；飄飄乎如遺世獨立，羽化而登仙。於是飲酒樂甚，扣舷而歌之。歌曰︰
"“Quế trạo hề lan tương,",「桂棹兮蘭槳，
"Kích không minh hề tố lưu quang,",擊空明兮泝流光。
"Diểu diểu hề ư hoài,",渺渺兮於懷，
Vọng mỹ nhân hề thiên nhất phương.”,望美人兮天一方。」
"Khách hữu xuy động tiêu giả, ỷ ca nhi hoạ chi; kỳ thanh ô ô nhiên, như oán như mộ, như khấp như tố, dư âm diểu diểu bất tuyệt như lũ; vũ u hác chi tiềm giao, khấp cô chu chi ly phụ.",客有吹洞蕭者，倚歌而和之，其聲嗚嗚然，如怨如慕，如泣如訴；餘音裊裊，不絕如縷；舞幽壑之潛蛟，泣孤舟之嫠婦。
"Tô tử sậu nhiên chính khâm, nguy toạ nhi vấn khách, viết:",蘇子愀然，正襟危坐，而問客曰︰
- Hà vi kỳ nhiên dã?,「何為其然也？」
Khách viết:,客曰︰
"- “Nguyệt minh tinh hy, ô thước nam phi”, thử phi Tào Mạnh Đức chi thi hồ? Tây vọng Hạ Khẩu, đông vọng Vũ Xương; sơn xuyên tương mâu, uất hồ thương thương, thử phi Mạnh Đức chi khốn ư Chu Lang giả hồ? Phương kỳ phá Kinh Châu, há Giang Lăng, thuận lưu nhi đông dã, trục lô thiên lý, tinh kỳ tế không, si tửu Lâm giang, hoành sáo phú thi, cố nhất thế chi hùng dã, nhi kim an tại tai? Huống ngô dữ tử, ngư tiều ư giang chử chi thượng, lữ ngư hà nhi hữu mi lộc, giá nhất diệp chi biển chu, cử bào tôn dĩ tương chúc, ký phù du ư thiên địa, diểu thương hải chi nhất túc. Ai ngô sinh chi tu du, tiện Trường Giang chi vô cùng, hiệp phi tiên dĩ ngao du, bão minh nguyệt nhi trường chung. Tri bất khả hồ sậu đắc, thác di hưởng ư bi phong.",「月明星稀，烏鵲南飛，此非曹孟德之詩乎？西望夏口，東望武昌；山川相缪，鬱乎蒼蒼；此非孟德之困於周郎者乎？方其破荊州，下江陵，順流而東也，舳艫千里，旌旗蔽空，釃酒臨江，橫槊賦詩；固一世之雄也，而今安在哉？況吾與子，漁樵於江渚之上，侶魚蝦而友糜鹿，駕一葉之扁舟，舉匏樽以相屬；寄蜉蝣於天地，渺滄海之一粟。哀吾生之須臾，羨長江之無窮；挾飛仙以遨遊，抱明月而長終。知不可乎驟得，托遺響於悲風。」
Tô tử viết:,蘇子曰︰
"- Khách diệc tri phù thuỷ dữ nguyệt hồ? Thệ giả như tư nhi vị thường vãng dã; doanh hư giả như bỉ nhi tốt mạc tiêu trưởng dã. Cái tương tự kỳ biến giả nhi quan chi, nhi thiên địa tằng bất năng dĩ nhất thuấn. Tự kỳ bất biến giả nhi quan chi, tắc vật dữ ngã giai vô tận dã, nhi hựu hà tiện hồ? Thả phù thiên địa chi gian, vật các hữu chủ. Cẩu phi ngô chi sở hữu, tuy nhất hào nhi mạc thủ. Duy giang thượng chi thanh phong, dữ sơn gian chi minh nguyệt, nhĩ đắc chi nhi vi thanh, mục ngộ chi nhi thành sắc. Thủ chi vô cấm, dụng chi bất kiệt. Thị tạo vật giả chi vô tận tàng dã, nhi ngô dữ tử chi sở cộng thích.",「客亦知夫水與月乎？逝者如斯，而未嘗往也；盈虛者如彼，而卒莫消長也。蓋將自其變者而觀之，而天地曾不能以一瞬。自其不變者而觀之，則物與我皆無盡也，而又何羨乎？且夫天地之間，物各有主。苟非吾之所有，雖一毫而莫取。惟江上之清風，與山間之明月，耳得之而為聲，目遇之而成色。取之無禁，用之不竭。是造物者之無盡藏也，而吾與子之所共適。」
"Khách hỉ nhi tiếu, tẩy trản cánh chước. Hào hạch ký tận, bôi bàn lang tạ. Tương dữ chẩm tạ hồ chu trung, bất tri đông phương chi ký bạch.",客喜而笑，洗盞更酌。肴核既盡，杯盤狼藉。相與枕藉乎舟中，不知東方之既白。
"Phong hoà nhật noãn,",風和日暖，
"Cảnh thanh vật u,",景清物幽。
"Vân gian ông hề tiêu dao du,",雲間翁兮逍遙遊，
"Thi nhất nang hề, tửu nhất hồ.",詩一囊兮酒一壼。
"Tụng giả ngũ, lục nhân,",從者五六人，
"“Thi vân”, “Tử viết” trù.",詩云子曰儔。
"Vấn tiên sinh hề hà chi,",問先生兮何之，
Dư tương phỏng hề bàn chi lưu.,余將訪兮蟠之流。
Ư thị:,於是：
"Thư từ tản bộ,",舒徐散步，
Dục khê thuỷ hử,浴溪水滸。
"Tầm độc lạc chi phương viên,",尋獨樂之芳園，
Phỏng vi kỳ chi danh thự.,訪圍棋之名墅。
"Thụ đối khách hề như nghinh,",樹對客兮如迎，
Hoa hướng nhân hề bất ngữ.,花向人兮不語。
"Kí phi phất dĩ ngâm nga,",既披拂以吟哦，
Nãi bồi hồi nhi diên trữ.,乃徘徊而延佇。
"Mao y ước hề ngạn thượng đình,",茅依約兮岸上亭，
"Ngoã sâm si hề thôn biên tự,",瓦參差兮村邊寺。
"Duy xuân thuỷ chi thanh liên,",帷春水之清漣，
Nhược thức dư chi tâm tự.,若識予之心緒。
Ký nhi:,既而：
"Viên trung chủ nhân,",園中主人，
"Khoái lô, canh thuần,",鱠鱸羹蓴。
"Hoảng bàn xan nhi trí bích,",洸盤餐而寘璧，
"Nghi phương thốn chi la trân,",疑方寸之羅珍。
"Hào phỉ tải hề tình thậm chân,",殽匪酨兮情甚真，
Tửu bất nùng hề cam như thuần.,酒不濃兮甘如醇。
"Bỉ mính đính hề tục ẩm,",鄙酩酊兮俗飲，
"Lạc thái hoà hề vi huân,",樂太和兮微薰。
"Thiết uất đào hề dư tâm,",切欝陶兮予心，
"Vọng tây phương hề mĩ nhân,",望西方兮美人，
Bỉ mĩ nhân hề ủng thuý vân.,彼美人兮擁翠雲。
"Ngũ Nhạc thâm hề Anh Vũ lâu,",五岳深兮鸚鵡樓，
Tam Quy tịch hề ngư long động.,三歸寂兮魚龍洞。
"Dịch lộ tam thiên hề thảo thụ vi,",驛路三千兮草樹微，
Hải môn thập nhị hề yên ba mộng.,海門十二兮煙波濛。
"Tưởng tử thát chi hà niên,",想紫闥之何年，
Thực Kinh sơn chi tại mộng.,實荊山之在夢。
"Chước nhất chước hề tuý như si,",酌一酌兮醉如癡，
Ngâm phục ngâm hề chiêm hựu vọng.,吟復吟兮瞻又望。
"Vọng tri kỷ hề thuỳ dữ quy,",望知己兮誰與歸？
Hồng hà lạc hề bạch vân phi.,紅霞落兮白雲飛。
"Cẩu vô oán hề quả oán,",苟無怨兮寡怨，
Năng bất tri hề thị tri.,能不知兮是知。
"Hồi như ngu hề lạc đan biều,",回如愚兮樂簞瓢，
Ung tự tại hề an sài phi.,雍自在兮安柴扉。
"Cổ Uyên Minh hề tố cầm,",鼓淵明兮素琴，
Ca Bát Khuyết hề ly huy.,歌八闋兮離徽。
"Quan thái hư hề tượng mang mang,",觀太虛兮象茫茫，
Phát thiên quang hề ngô hi hi.,發天光兮吾熙熙。
"Thí quan Hà thuỷ,",試觀河水，
"Uông dương thiên lý,",汪洋千里。
"Lưu hồi hoàn hề sinh lạc châu,",流迴還兮生落洲，
Phàm khứ lai hề danh lợi thị.,帆去來兮名利市。
"Vạn hạm kim qua hề, xuất hải nhưng,",萬艦金戈兮出海陾，
"Thiên trùng thiết võng hề, trầm giang để.",千重鐵網兮沈江底。
"Thị phi thành bại hề, nguyệt hà tâm.",是非成敗兮月何心，
"Đắc táng doanh khuy hề, vân vô ý.",得喪盈虧兮雲無意。
"Tiện điền thượng hề quần âu,",羡田上兮群鷗，
Tiếu khích trung hề lục ký.,笑隙中兮六驥。
Hà như:,何如：
"Cao ngâm khảo bàn,",高吟考盤，
Trường ca khứ lai.,長歌去來。
"Kim cúc hoa hề mãn kính,",金菊花兮滿徑，
"Ngọc lan hương hề doanh hoài,",玉蘭香兮盈懷。
"Tân đức, tân tâm hề, ba tiêu diệp,",新德新心兮芭蕉葉，
"Trạc anh, trạc túc hề, Thương Lang ôi.",濯纓濯足兮滄浪隈。
"Ngộ hoá công hề sinh ý,",悟化工兮生意，
Tĩnh trần cơ hề tử hôi.,靜塵機兮死灰。
"Thiên địa trung hề ngô minh mệnh,",天地中兮吾明命，
Vũ trụ nội hề ngô linh đài.,宇宙内兮吾靈臺。
"Mã sinh noãn hề, ngoại vật quan vật,",馬生卵兮外物觀物，
"Bằng phù dao hề, thiên nhai chi nhai.",鵬扶搖兮天涯之涯。
Nãi tòng nhi vi Ngô ca viết:,乃從而爲吳歌曰：
Kiển hà vi hề tịch nùng thuỵ?,蹇何爲兮夕儂睡，
Khương hà vi hề đán nùng khởi?,羌何爲兮旦儂起。
"Hy hà vi hề thuỷ nùng thuyền,",嘻何爲兮水儂船，
Ha hồ vi hề lục nùng chiên?,呵胡爲兮陸儂氈！
"Động, tĩnh, khuất, thân hề nhất thái cực,",動靜屈伸兮一太極，
Ngu giả minh hề trí giả thức.,愚者冥兮智者識。
"Phân náo phồn hoa hề lạc yến nê,",紛閙䌓花兮落燕泥，
Đạt giả khoát hề minh giả mê.,達者豁兮冥者迷。
"Đối hư không hề tâm tự tri,",對虛空兮心自知，
"Huề ngô tụng hề vịnh Vu, Nghi,",擕吾從兮詠雩沂。
"Vịnh Vu, Nghi hề quan xích tố;",詠雩沂兮觀尺素，
Đãn kiến:,但見：
"Hằng, Tâm, Hà, Hán,",恆心河漢，
"Nam, Bắc tinh huỳnh.",南北晶熒。
Thục chuyển luân hề đồng thử lộ?,孰轉輪兮同此路？
"Hậu xa hề bão xú, trường thành hề huyết tinh;",後車兮鮑臭，長城兮血腥；
"Long hưng hề Bái ấp, lộc tẩu hề Hàm Kinh.",龍興兮沛邑，鹿走兮咸京。
"Bạt Thanh Bình chi tiêm nhận, tru Bạch Đế chi âm tinh. Tảo phong trần ư lục hợp, quách vũ trụ nhi nhất thanh. Tư vi Hán gia chi thần khí, nhi trảm xà chi sở dĩ đắc danh dã.",拔青萍之銛刃，誅白帝之陰精。掃風塵於六合，郭宇宙而一清。斯為漢家之神器，而斬蛇之所以得名也。
"Thị kiếm dã, tuỵ Khôn lục chi trinh, cụ Kiền cửu chi cương. Công chi dĩ tạo hoá, hà chi dĩ âm dương. Thu thuỷ trạm hề đàm ngạc, băng sương lẫm hề phong mang. Trú bội hề nhật thất sắc, dạ hạp hề nguyệt thổ quang. Tuệ tinh vị chi thoái xá, yêu mị vị chi phục tàng. Bạch bích minh châu, vị túc nghĩ kỳ giá; Ngô Câu, Cự Khuyết, an đắc dữ kỳ đương.",是劍也，萃坤六之貞，具乾九之剛。工之以造化，煆之以陰陽。秋水湛兮鐔鍔，冰霜凜兮鋒芒。晝佩兮日失色，夜匣兮月吐光。彗星為之退舍，夭魅為之伏藏。白璧明珠，未足擬其價；吳鉤巨闕，安得與其當。
"Tưởng kỳ: tống đồ Ly Sơn, dạ kinh trạch bạn. Kiến cự xà chi đương đạo, trí tiền hành chi kinh phản. Hách vương uy chi chấn nộ, phấn tráng chí chi tinh hãn, bạt chi dĩ trảm, hoạch nhiên nhi đoạn. Tố linh ư thị hồ tiềm khấp, Viêm tộ ư thị hồ hách xiển. Mang Đãng chi thuỵ khí khởi, Chỉ Đạo chi ngọc tỉ hiến. Tru Cai Hạ chi âm ô, lục Hoài Âm chi nghịch bạn, khả vị vật chi thần nhi kiếm chi thiện dã.",想其：送徒驪山，夜經澤畔。見巨蛇之當道，致前行之驚返。赫王威之震怒，奮壯志之精悍，拔之以斬，劃然而斷。素靈於是乎潛泣，炎祚於是乎赫闡。芒碭之瑞氣起，軹道之玉璽獻。誅垓下之喑嗚，戮淮陰之逆叛，可謂物之神而劍之善也。
"Nhiên thường văn chi: phàm vật chi bảo, nhân nhân chi trân. Bỉ Can Tương chi linh, Mạc Da chi thần, bất tế anh minh chi chủ, thần vũ chi quân; tắc đồ mai tinh ư Phong ngục, thao thái ư Long Tân. Hạt nhược tư kiếm, thân ngộ Cao hoàng. Cắng thiên cổ chi bất dẫn, lưu gia anh nhi dũ chương.",然嘗聞之：凡物之寶，因人之珍。彼干將之靈，莫邪之神，不際英明之主，神武之君；則徒埋精於豐獄，韜采於龍津。曷若斯劍，親遇高皇。亙千古之不泯，留嘉英而愈章。
"Phú vị tất, khách nạn chi viết: “Sinh văn minh chi thời giả, bất đàm uy vũ chi công; đăng ung hi chi triều giả, bất ngôn chiến phạt chi sự. Quyết kim thánh triều, thăng bình cực trị. Hỗn tứ hải ư nhất gia, đồng xa thư ư văn quĩ. Bao can qua dĩ hổ bì, tiêu phong đích vi nông khí. Hoà khí áng hồ cửu châu, nhân phong huân hồ lưỡng tế. Tử phương ngao tường phượng nghi chi đình, vũ đạo tấu Thiều chi địa. Phản nhi chi khu khu sính điêu trùng chi mạt kỹ, xưng tạp bá chi tích, muội đế vương chi ý. Hề thời vụ chi bất thông, vi hữu thức chi sở bỉ”.",賦未畢，客難之曰：生文明之時者，不談威武之功；登雍熙之朝者，不言戰伐之事。厥今聖朝，昇平極治。混四海於一家，同車書於文軌。包干戈以虎皮，銷鋒鏑為農器。和氣盎乎九州，仁風薰乎兩際。子方翱翔鳳儀之庭，舞蹈奏韶之地。反而之區區騁雕虫之末技，稱雜伯之蹟，昧帝王之懿。奚時務之不通，為有識之所鄙。
Phú giả hỷ nhi ca viết:,賦者喜而歌曰：
Kiếm hồ! Kiếm hồ! Bất tường chi khí!,劍乎！劍乎！不祥之器！
"Thánh nhân bất đắc dĩ nhi dụng chi, thành phi sở quí.",聖人不得已而用之，誠非所貴。
"Y dư thánh triều, sùng văn thịnh thế.",猗歟聖朝，崇文盛世。
"Thiên hạ nhất thống hề, an nhiên vô sự.",天下一統兮，安然無事。
"Túng hữu thị kiếm hề, tương yên dụng bỉ!",縱有是劍兮，將焉用彼。
"Bi thì tự chi đệ thiện hề,",悲時序之遞嬗兮，
Hựu thuộc thanh thu.,又屬清秋。
"Cảm tao gia chi bất tạo hề,",感遭家之不造兮，
Độc xứ ly sầu.,獨處離愁。
"Bắc đường hữu huyên hề,",北堂有萱兮，
Hà dĩ vong ưu?,何以忘憂？
"Vô dĩ giải ưu hề,",無以解憂兮，
Ngã tâm hưu hưu!,我心咻咻！
"Vân bằng bằng hề, thu phong toan,",雲憑憑兮，秋風酸，
"Bộ trung đình hề, sương diệp can;",步中庭兮，霜葉乾；
"Hà khứ hà tòng hề, thất ngã cố hoan!",何去何從兮，失我故歡！
"Tĩnh ngôn tư chi hề, trắc phế can?",靜言思之兮，惻肺肝？
"Duy vị hữu đàm hề, duy hạc hữu lương.",惟鮪有潭兮，惟鶴有梁。
"Lân giáp tiềm phục hề, vũ mao hà trường!",鱗甲潛伏兮，羽毛何長！
"Tao thủ vấn hề mang mang,",搔首問兮茫茫，
"Cao thiên hậu địa hề, thuỳ tri dư chi vĩnh thương?",高天厚地兮，誰知余之永傷？
"Ngân hà cảnh cảnh hề hàn khí xâm,",銀河耿耿兮寒氣侵，
Nguyệt sắc hoành tà hề ngọc lậu trầm.,月色橫斜兮玉漏沉。
"Ưu tâm bính bính hề, phát ngã ai ngâm.",憂心炳炳兮，發我哀吟。
"Ngâm phục ngâm hề, ký ngã tri âm.",吟復吟兮，寄我知音。
"Phù hà nhất giai nhân hề, bộ tiêu dao dĩ tự ngu.",夫何一佳人兮，步逍遙以自虞。
"Hồn du dật nhi bất phản hề, hình khô cảo nhi độc cư.",魂踰佚而不反兮，形枯槁而獨居。
"Ngôn ngã triêu vãng nhi mộ lai hề, ẩm thực lạc nhi vong nhân.",言我朝往而暮來兮，飲食樂而忘人。
"Tâm khiểm di nhi bất tỉnh cố hề, giao đắc ý nhi tương thân.",心慊移而不省故兮，交得意而相親。
"Y dư chí chi mạn ngu hề, hoài trinh xác chi hoàn tâm.",伊予志之慢愚兮，懷貞愨之懽心。
"Nguyện tứ vấn nhi tự tiến hề, đắc thượng quân chi ngọc âm.",願賜問而自進兮，得尚君之玉音。
"Phụng hư ngôn nhi vọng thành hề, kỳ Thành Nam chi ly cung.",奉虛言而望誠兮，期城南之離宮。
"Tu bạc cụ nhi tự thiết hề, quân tằng bất khẳng hồ hạnh lâm.",修薄具而自設兮，君曾不肯乎幸臨。
"Khuếch độc tiềm nhi chuyên tinh hề, thiên phiêu phiêu nhi tật phong.",廓獨潛而專精兮，天漂漂而疾風。
"Đăng lan đài nhi dao vọng hề, thần hoảng hoảng nhi ngoại dâm.",登蘭臺而遙望兮，神怳怳而外淫。
"Phù vân uất nhi tứ tái hề, thiên yểu yểu nhi trú âm.",浮雲鬱而四塞兮，天窈窈而晝陰。
"Lôi ân ân nhi hưởng khởi hề, thanh tượng quân chi xa âm.",雷殷殷而響起兮，聲像君之車音。
"Phiêu phong hồi nhi khởi khuê hề, cử duy ác chi xiêm xiêm.",飄風迴而起閨兮，舉帷幄之襜襜。
"Quế thụ giao nhi tương phân hề, phương khốc liệt chi ngân ngân.",桂樹交而相紛兮，芳酷烈之誾誾。
"Khổng tước tập nhi tương tồn hề, huyền viên khiếu nhi trường ngâm.",孔雀集而相存兮，玄猿嘯而長吟。
"Phí thuý hiếp dực nhi lai tuỵ hề, loan phụng tường nhi bắc nam.",翡翠脅翼而來萃兮，鸞鳳翔而北南。
"Tâm bằng y nhi bất thư hề, tà khí tráng nhi công trung.",心憑噫而不舒兮，邪氣壯而攻中。
"Hạ lan đài nhi chu lãm hề, bộ thung dung ư thâm cung.",下蘭臺而周覽兮，步從容於深宮。
"Chính điện khối dĩ tạo thiên hề, uất tịnh khởi nhi khung sùng.",正殿塊以造天兮，鬱並起而穹崇。
"Gian tỷ ỷ ư đông sương hề, quan phù mỹ mỹ nhi vô cùng.",間徙倚於東廂兮，觀夫靡靡而無窮。
"Tễ ngọc hộ dĩ hám kim phô hề, thanh tăng hoành nhi tự chung âm.",擠玉戶以撼金鋪兮，聲噌吰而似鍾音。
"Khắc mộc lan dĩ vi suy hề, sức văn hạnh dĩ vi lương.",刻木蘭以為榱兮，飾文杏以為梁。
"La phong nhung chi du thụ hề, ly lâu ngô nhi tương sanh.",羅豐茸之遊樹兮，離樓梧而相撐。
"Thi khôi mộc chi bạc lô hề, uỷ sâm si dĩ khang lương.",施瑰木之欂櫨兮，委參差以槺梁。
"Thì phảng phất dĩ vật loại hề, tượng Tích Thạch chi tương tương.",時彷彿以物類兮，像積石之將將。
"Ngũ sắc huyễn dĩ tương diệu hề, lạn diệu diệu nhi thành quang.",五色炫以相曜兮，爛耀耀而成光。
"Trí thác thạch chi linh bích hề, tượng đại mội chi văn chương.",緻錯石之瓴甓兮，像玳瑁之文章。
"Trương la ỷ chi mạn duy hề, thuỳ Sở tổ chi liên cương.",張羅綺之幔帷兮，垂楚組之連綱。
"Phủ trụ my dĩ thung dung hề, lãm Khúc Đài chi ương ương.",撫柱楣以從容兮，覽曲臺之央央。
"Bạch hạc khiếu dĩ ai hiệu hề, cô thư trĩ ư khô dương.",白鶴噭以哀號兮，孤雌跱於枯楊。
"Nhật hoàng hôn nhi vọng tuyệt hề, trướng độc thác ư không đường.",日黃昏而望絕兮，悵獨託於空堂。
"Huyền minh nguyệt dĩ tự chiếu hề, tồ thanh dạ ư động phòng.",懸明月以自照兮，徂清夜於洞房。
"Viện nhã cầm dĩ biến điệu hề, tấu sầu tứ chi bất khả trường.",援雅琴以變調兮，奏愁思之不可長。
"Án lưu chuỷ dĩ khước chuyển hề, thanh ấu miểu nhi phục dương.",案流徵以卻轉兮，聲幼眇而復揚。
"Quán lịch lãm kỳ trung tháo hề, ý khảng khái nhi tự ngang.",貫歷覽其中操兮，意慷慨而自卬。
"Tả hữu bi nhi thuỳ lệ hề, thế lưu ly nhi tòng hoành.",左右悲而垂淚兮，涕流離而從橫。
"Thư tức ấp nhi tăng hy hề, sỉ lý khởi nhi bàng hoàng.",舒息悒而增欷兮，蹝履起而彷徨。
"Du trường duệ dĩ tự ế hề, sổ tích nhật chi khiên ương.",揄長袂以自翳兮，數昔日之愆殃。
"Vô diện mục chi khả hiển hề, toại đồi tứ nhi tựu sàng.",無面目之可顯兮，遂頹思而就床。
"Đoàn phân nhược dĩ vi chẩm hề, tịch thuyên lan nhi thần hương.",摶芬若以為枕兮，席荃蘭而茞香。
"Hốt tẩm mị nhi mộng tưởng hề, phách nhược quân chi tại bàng.",忽寢寐而夢想兮，魄若君之在旁。
"Dịch ngụ giác nhi vô kiến hề, hồn vương vương nhược hữu vong.",惕寤覺而無見兮，魂迋迋若有亡。
"Chúng kê minh nhi sầu dư hề, khởi thị nguyệt chi tinh quang.",眾雞鳴而愁予兮，起視月之精光。
"Quan chúng tinh chi hàng liệt hề, Tất, Mão xuất ư đông phương.",觀眾星之行列兮，畢昴出於東方。
"Vọng trung đình chi ái ái hề, nhược quý thu chi giáng sương.",望中庭之藹藹兮，若季秋之降霜。
"Dạ mạn mạn kỳ nhược tuế hề, hoài uất uất kỳ bất khả tái canh.",夜曼曼其若歲兮，懷鬱鬱其不可再更。
"Đạm yển kiển nhi đãi thự hề, hoang đình đình nhi phục minh.",澹偃蹇而待曙兮，荒亭亭而復明。
"Thiếp nhân thiết tự bi hề, cứu niên tuế nhi bất cảm vong.",妾人竊自悲兮，究年歲而不敢忘。
"Thị tuế thập nguyệt ký vọng, Học Tốn thị tự Bảo Triện chi dưỡng trai quy vu Hà Khẩu thư viện, kê minh sách mã vu kỳ đồ nhi chi Thiên Thai sơn.",是歳十月既望，學遜氏自寶篆之養齋，歸于河口書院，雞鳴策馬迂其途而之天台山。
"Đông phương dục minh, thiên sắc thượng lê.",東方欲明，天色尚黎。
"Ải nãi nhất thanh, quần sơn chuyển huy.",欸乃一聲，群山轉暉。
"Trắc bỉ thôi ngôi, phóng nhãn hoành di.",陟彼崔嵬，放眼紘夤。
"Yên quang vạn thái, tỉ bộ bất tề.",煙光萬態，徙步不齊。
"Nãi uỷ bí chỉ sách, túng mã chi sở chi.",乃委轡止策，縱馬之所之。
"Hốt yên sơn đê thụ thuý, loan hồi thuỷ mị.",忽焉山低樹翠，灣迴水媚。
"Tán lịch ngại lý, bình cương sa khỉ.",散礫礙履，平崗沙起。
"Hổ báo củng thị, cầu long tác thế.",虎豹拱視，虯龍作勢。
"Kim cương ủ lũ, sư tử phục địa.",金剛傴僂，獅子伏地。
"Bại bích thành đôi, phác bi thất lệ.",敗壁成堆，撲碑失隸。
"Thác nhận thiền căn, hoảng nhiên thiên thị.",錯認禪根，恍然天市。
Dã tẩu vị ngôn:,野叟為言：
- Thử tiên triều hành cung chi cố chỉ dã.,此先朝行宮之故址也。
"Dư tòng nhi vấn kỳ sự,",余從而問其事，
Tắc lịch lịch như Vân Du chi sở ký.,則歷歷如雲遊之所記。
"Thịnh vãn tuần hoàn, cố sự thành lan.",盛晩循環，故事成瀾。
"Ngẫu xúc mục nhi thương tâm, giác lâm phong nhi hậu nhan.",偶觸目而傷心，覺臨風而厚顔。
"Khoảnh hữu nhất nhân, tòng sơn biên lai,",頃有一人，從山邊來，
"Nhận thị cố nhân, tương kiến thậm hoan.",認是故人，相見甚歡。
"Tương dữ bả ác vu tùng phong chi hạ,",相與把握于松風之下，
Đề huề ư trúc thạch chi gian.,提攜於竹石之間。
"Tự bình sinh chi khế khoát,",敘平生之契闊，
Bình vũ trụ chi đại quan.,評宇宙之大觀。
"Cố nhân hứng tận, dư do bàn hoàn.",故人興盡，余猶盤桓。
Quái nhi vấn dư viết:,怪而問余曰：
"- Thiên địa danh thắng đa hỹ,",天地名勝多矣，
Nhi tử hà luyến hồ tư san?,而子何戀乎斯山。
Viết:,曰：
"- Tạo thiết vô cùng, tế bàn phi trách.",造設無窮，際蟠非窄。
"Nhân sinh kỳ gian, quý hồ thuận thích.",人生其間，貴乎順適。
"Dư cái ố thành thị chi huyên hoa,",余蓋惡城市之諠譁，
Hỷ sơn cư chi nhã tịch.,喜山居之雅寂。
"Tương dĩ sảng hồ dư hoài,",將以爽乎余懷，
Khởi dư hiếu vu cùng tịch.,豈余好于窮僻。
"Sơn bất tại cao, thuỷ bất tại thâm.",山不在高，水不在深。
"Sơn thuỷ chi lạc, ngụ ư mục nhi đắc ư tâm.",山水之樂，寓於目而得於心。
Hà tất:,何必：
"Cùng Hổ Khê chi nguyên, thám Nhạn Đãng chi quật.",窮虎溪之源，探雁蕩之窟，
"Phan thê cốt chi sào, khám tiềm giao chi thất.",攀梯鶻之巢，瞰潛蛟之室。
Nhiên hậu túc dĩ sướng ngô hoài nhi tiêu tục lự dã tai?,然後足以暢吾懷而消俗慮也哉？
"Nãi đăng vọng giang chi lâu, cô thị tửu nhi ẩm chi.",乃登望江之樓，沽市酒而飲之。
"Tửu cập vi huân, cố nhân quắc nhiên khởi viết:",酒及微醺，故人矍然起曰：
"- Văn chương, thái cực chi tuý dã,",文章，太極之粹也，
"Giang sơn, pháp tương chi bí dã.",江山，法像之秘也。
"Đại khối ký giả ngã dĩ văn chương,",大塊既假我以文章，
Giang sơn phục triệu ngã dĩ yên cảnh.,江山復召我以煙景。
Hà dĩ đắc tư ư thiên địa tai?,何以得斯於天地哉？
"Hoặc giả các tỉnh ngô thân, tài ngô văn.",或者各省吾身，栽吾文。
"Khứ hoa tựu thực, san ngoa vi thuần.",去華就寔，刊訛為純。
"Tước kỳ chi diệp, dĩ toàn ngô chân.",削其枝葉，以全吾真。
"Thứ bất đố hồ tạo hoá, diệc vô phụ hồ hồng quân.",庶不妒乎造化，亦無負乎洪鈞。
"Nhân bả trản canh chước, phách án nhi ngâm vân:",因把盞更酌，拍案而吟云：
"Giang sơn duyệt nhân đại, thiên tải nhược đán mộ.",江山閲人代，千載若旦暮。
"Ngẫu vu trần ngoại chẩn, phổ cực hoàn trung thú.",偶迂塵外軫，溥極寰中趣。
"Đăng quan khoát tráng mâu, sơ dương kiển túc vụ.",登觀豁壯眸，初陽蹇宿霧。
"Ẩn ước Lãm Sơn vân, hy vi Thiên Đức thụ.",隱約覽山雲，稀微天德樹，
"Thời lai thiên lý phong, tập tập xuy phương đỗ.",時來千里風，習習吹芳杜。
"Xung tưởng mịch liêu thiên, ngô ngữ thục dữ ngộ.",沖想寞寥天，吾語孰與晤。
"Cổ nhân nan dữ kim, kim nhật thúc thành cổ.",古人難與今，今日倏成古。
"Hiền thánh khứ bất quy, trí ngu đồng thử lộ.",賢聖去不歸，智愚同此路。
"Tài đa đạo sở tăng, học quảng nhân tranh đố.",才多道所憎，學廣人爭妒。
"Thông minh tạc hỗn độn, anh phát táng trung tố.",聰明鑿混沌，英發喪衷素。
"Đãn toàn thử nhân trí, thứ thứ hồ lạc thọ.",但全此仁智，庶庶乎樂壽。
"Ngâm thành tửu hạc, yên ngưng sơn mộ.",吟成酒涸，煙凝山暮。
Dư cố thư đồng viết:,余顧書童曰：
- Tiểu tử chí chi!,小子識之，
Tác biệt nhi khứ.,作別而去。
Ta ta tạo vật hề dĩ ngã vi sinh?,嗟嗟造物奚以我為生？
"Dữ ngã dĩ trí nhi đoản kỳ chí,",與我以智而短其志，
Dữ ngã dĩ thành nhi bệnh kỳ hình.,與我以成而病其形。
"Ký bất năng vi câu chi ngang ngang thiên lý,",既不能為駒之昂昂千里，
Hựu bất năng vi phù chi phiếm phiếm trung hành.,又不能為鳧之泛泛中行。
"Ký bất năng vi chí điểu chi tủng thân trắc mục,",既不能為鷙鳥之竦身側目，
Hựu bất năng vi ẩn báo chi liễm thái tàng thanh.,又不能為隱豹之歛彩藏聲。
Ta ta tạo vật hề dĩ ngã vi sinh?,嗟嗟造物奚以我為生？
"Lạm tòng khoa hoạn lịch duyệt chu tinh,",濫從科宦歷閱周星，
Cửu an điềm thoái ngẫu thử gian trinh.,久安恬退偶此艱貞。
"Hốt văn hữu mệnh bất cảm dĩ hoàng ninh,",忽聞有命不敢以遑寧，
Danh nghĩa vi trọng lợi hại vi khinh.,名義為重利害為輕。
"Dục dĩ lý thắng nạn dữ thế tranh,",欲以理勝難與勢爭，
Hãn nhiên bất cố hữu vi vô thành.,悍然不顧有為無成。
Ta ta tạo vật hề dĩ ngã vi sinh?,嗟嗟造物奚以我為生？
"Thượng vô dĩ báo đáp quân phụ,",上無以報答君父，
Hạ vô dĩ cực tế sinh linh.,下無以極濟生靈。
"Nội vô dĩ nghĩa hối tử điệt thiện hoá tộc lý,",內無以義誨子姪善化族里，
Ngoại vô dĩ trung tín tòng giả thuỷ chung bằng tình.,外無以忠信從者始終朋情。
Dân sinh tam sự tàm phụ thế linh.,民生三事慚負涕零。
Ta ta tạo vật hề dĩ ngã vi sinh?,嗟嗟造物奚以我為生？
"Sinh nhi luân ư khuyển dương chi dị vực,",生而淪於犬羊之異域，
Hà như tử nhi đồng hồ thiên địa diểu minh.,何如死而同乎天地杳冥。
"Sinh nhi vi nhân gian chi huyền vưu phụ chuế,",生而為人間之懸疣附贅，
Hà như tử nhi vị giang sơn chi quỳnh chi ngọc anh.,何如死而為江山之瓊枝玉英。
"Nhị triêm thuỷ bích Nùng thường sơn thanh,",弭霑水碧濃常山青，
Nhất thốn tĩnh địa thiên cổ giai thành.,一寸靜地千古佳城。
Du du hồ! Dương dương hồ!,悠悠乎！洋洋乎！
Sóc chi kiếm! Không chi thi! Đằng chi thung!,朔之劍！空之詩！藤之樁！
"Tương dữ vi trắc giáng tả hữu phong vũ lôi đình,",相與為陟降左右風雨雷霆，
Dĩ tẩy hồ my thiên chi tinh.,以洗乎弥天之腥。
Ta ta tạo vật hề dĩ ngã vi sinh?,嗟嗟造物奚以我為生？
Trù tích chi dạ mộng dữ Khuất Tử Bình đối ngã ngôn:,疇昔之夜夢與屈子平對我言：
"“Khứ điếu tựu hạ, khứ hạ tựu điếu”.",「去弔就賀，去賀就弔」。
"Hí kịch sổ đoạn tửu trường vị khuynh,",戲劇數段酒觴未傾，
"Nhi kim yên như mộng như giác, như tuý như tinh.",而今焉如夢如覺，如醉如醒。
"Tri ngã giả hoặc cơ kỳ quá phẫn,",知我者或譏其過憤，
Bất tri giả hoặc ác kỳ yêu danh.,不知者或惡其要名。
"Tri dữ bất tri,",知與不知，
Hựu an kế đương thế hậu thế chi thị phi xứng hành.,又安計當世後世之是非稱衡，
Tự tri tự phận liêu dĩ tự minh.,自知自分聊以自銘。
Ta ta tạo vật hề dĩ ngã vi sinh?,嗟嗟造物奚以我為生？
"Nhân thuỳ mãn bách, bán bách ngải linh,",人誰滿百，半百艾零，
Ngã dĩ vi thọ trần đương giải anh.,我以為壽塵當解纓。
"Nhi hựu hà tiện hồ nhân sinh chi trường cần,",而又何羨乎人生之長勤，
Thương khổ hải chi linh đinh.,傷苦海之零汀。
Ta ta tạo vật hề dĩ ngã vi sinh?,嗟嗟造物奚以我為生？
Thượng kỳ quy cáo gia nhi chúc ngã cố thất:,尚其歸告家兒祝我故室：
"Tích khanh ư gia chi giang,",昔卿於家之江，
"Kim ngã ư quốc chi giang,",今我於國之江，
"Tuy bất đắc đồng thì đồng nhật,",雖不得同時同日，
Do đắc đồng lưu đồng thanh.,猶得同流同清。
Ta ta tạo vật hề dĩ ngã vi sinh?,嗟嗟造物奚以我為生？
"Nhất sắc phân phân, ngô bất tri kỳ hà vi hề, tiêu dư thần,",一色紛紛，吾不知其何為兮，宵歟晨。
"Ngô dục quan thái hư hề, Trường Canh dữ Khải Minh nhi câu dân.",吾欲觀太虛兮，長庚與啟明而俱泯。
"Chỉ tiền sơn nhi thức chiêm hề, thảo thụ đôi bạch dĩ luân khuân.",指前山而拭瞻兮，草樹堆白以輪囷。
"Khởi trường dạ chi vị ương hề, hồ vi hồ điểu thanh ước lược tương văn.",豈長夜之未央兮，胡為乎鳥聲約略相聞。
"Tương thanh thần chi sơ hi hề, hồ vi hồ bản kiều quýnh bất kiến nhân.",將清晨之初稀兮，胡為乎板橋敻不見人。
"Dư hữu nghi hồ tuyết nguyệt hề, hoán dư giả nhi tư tuân.",予有疑乎雪月兮，喚輿者而咨詢。
"Nãi thù ly chi bất biện hề, thủ chỉ khẩu nhi vân vân.",乃殊離之不辨兮，手指口而云云。
"Hành độc hội ư dư tâm hề, vũ trụ hồng hoang chi vị phân.",行獨會於予心兮，宇宙洪荒之未分。
"Hạ thuỳ vi xuyên nhạc hề, thượng thuỳ vi tinh vân.",下誰為川岳兮，上誰為星雲。
"Trung dĩ hà trạng nhi vi vật hề, dĩ hà hình nhi vi nhân.",中以何狀而為物兮，以何形而為人。
"Hựu hà vi thượng trung hạ hề, sử các loại tụ nhi quần phân.",又何為上中下兮，使各類聚而群分。
"Thị lý để không đồng hề, thị khí để hỗn luân.",是理底倥侗兮，是氣底渾淪。
"Hà danh lợi chi tương trục hề, thục vi sơ nhi vi thân.",何名利之相逐兮，孰為疏而為親。
"Hà tống nghênh chi tương phiền hề, thục vi nguỵ nhi vi chân.",何送迎之相煩兮，孰為偽而為真。
"Tự chu xa chi ký trần hề, bỉ vi Miêu nhi thử vi Huân;",自舟車之既陳兮，彼為猫而此為獯。
"Ký mâu kích chi tương tầm hề, nãi ngọc bạch chi tương lân...",既矛戟之相燖兮，乃玉帛之相鄰。
"Thuỷ hữu vạn thiên lý chi tu đồ hề, trùng tam dịch nhi sách hoa nhân,",始有萬千里之修途兮，重三譯而策驊駰。
"Cẩu nhân tích chi sở đáo hề, giai khả lý thanh sương nhi đạp hồng trần.",苟人迹之所到兮，皆可履青霜而踏紅塵。
"Hựu hà nghi phù tuyết nguyệt hề, kế giảo phù thâm tiêu chi dữ đại hân.",又何疑夫雪月兮，計較夫深宵之與大昕。
"Nguyện trường khang hồ thử thân hề, hiệu Cừ xa chi lân lân.",願長康乎此身兮，效蘧車之轔轔。
"Hạnh tư tưu chi vô cữu hề, kỳ thiểu đáp phù hồng quân.",幸諮諏之無咎兮，期少答夫洪均。
"Phú Liên xã chi quy lai hề, hiêu hiêu nhiên hy Sằn dã chi thiên dân.",賦蓮社之歸來兮，囂囂然希莘野之天民。
"Cư bất tri sở vi hề, hành bất tri sở chi,",居不知所為兮行不知所之，
"Vi sở bất đương vi hề, ngã tâm nghi,",為所不當為兮我心疑，
"Chi sở bất đương chi hề, ngô cước trì,",之所不當之兮吾腳遲，
"Ngã tâm nghi hề, ngô bất vi,",我心疑兮吾不為，
"Ngô cước trì hề, ngã bất chi.",吾腳遲兮我不之。
Phù hà vi hề đương vi?,夫何為兮當為？
"Xuyết ngô văn hề, ngâm ngô thi,",綴吾文兮吟吾詩，
"Phụng vương ngôn hề, diễn luân ti,",奉王言兮演綸絲，
Phù hà chi hề đương chi?,夫何之兮當之？
"Tảo ngô triều hề, vãn ngô quy.",早吾朝兮晚吾歸。
"Cần chức vụ hề, giới bôn trì.",勤職務兮戒奔馳。
Quân bất kiến:,君不見：
"Thời vũ lai hề, điền trù ốc,",時雨來兮田疇沃，
"Nhất lê xuân hề, thiên khoảnh túc.",一犁春兮千頃足。
"Khải phong xuy hề, giang hải bình,",凱風吹兮江海平，
"Phiến phàm trương hề, thiên chu doanh.",片帆張兮扁舟盈。
"Tài mộc cụ hề, quân tương tác,",材木具兮君將作，
"Phủ cân huy hề, thành lương giác.",斧斤揮兮成樑桷。
"Vi đương vi hề, nông công thương,",為當為兮農工商，
"Khởi ngô nho hề, bất tư lượng.",豈吾儒兮不思量。
Hựu bất kiến:,又不見：
"Lôi vũ tác hề, long nãi dược,",雷雨作兮龍乃躍，
"Chấn sơn linh hề, kinh hải nhược.",震山靈兮驚海若。
"Triêu dương xuất hề, phụng nãi minh,",朝陽出兮鳳乃鳴，
"Đạo cửu thiều hề, vũ lục anh.",蹈九韶兮舞六英。
"Chi thảo sinh hề, lân nãi chí,",芝草生兮麟乃至，
"Hổ vô uy hề, lang thất thế.",虎無威兮狼失勢。
"Chi đương chi hề, long phụng lân,",之當之兮龍鳳麟，
"Khởi ngô nhân hề, bất tịch trân.",豈吾人兮不席珍。
"Uý thế đồ hề, tối khuynh hiểm,",畏世途兮最傾險，
"Ngôn đương thúc hề, hạnh đương kiểm,",言當束兮行當檢，
"Cư bất tri kỳ sở vi hề, thuỳ tiêu minh chi túc yếm.",居不知其所為兮誰蟭螟之足厭。
"Thương nhân tình hề, thái thâm u,",傷人情兮太深幽，
"Bác nghi ước hề, phóng nghi thu,",博宜約兮放宜收，
"Hành bất tri sở chi hề, hà tiêu liêu chi đa cầu.",行不知所之兮何鷦鷯之多求。
"Ngô tĩnh ngô tâm,",吾靜吾心，
Cư ngô ẩn ước.,居吾隱約。
"Cái sở vi chi thuận mệnh hề, hành thiên hạ nhi bất dĩ vi xước.",蓋所為之順命兮衡天下而不以為綽。
"Ngô bảo ngô thân,",吾保吾身，
Hành ngô khang trang.,行吾康莊。
"Cái sở chi chi thích đạo hề, lý hổ vĩ nhi sở năng vi thương.",蓋所之之適道兮履虎尾而所能為傷。
"Ngô quan chi Càn,",吾觀之乾，
Chung thuỷ đại minh.,終始大明。
"Hà mạc bất vi,",何莫不為，
Vũ thí vân hành.,雨施雲行。
"Càn vi phụ hề, ngô tác hỗ,",乾為父兮吾作怙，
"Vân tòng long hề, phong tòng hổ.",雲從龍兮風從虎。
"Ngô quan chư Khôn,",吾觀諸坤，
Hành địa vô cương.,行地無彊。
"Hà mạc bất chi,",何莫不之，
Tây nam âm phương.,西南陰方。
"Khôn xưng mẫu hề, ngô tư thị,",坤稱母兮吾斯恃，
"Giới lý sương hề, phòng băng chí.",戒履霜兮防冰至。
"Ngô quan chư Ly,",吾觀諸離，
Trung hư nãi liệt.,中虛乃烈。
"Thốn yên phần lâm,",寸煙焚林，
Hoả tàn hôi diệt.,火殘灰滅。
"Hà như thái dương chi kiện hành hề, tây di tiễn nhi đông di tân,",何如太陽之健行兮西寅餞而東寅賓，
"Duy ẩn hiện chi hữu tiết hề, cánh nhị bát nhi độ bất sai phân.",惟隱現之有節兮更二八而度不差分。
"Ngô quan chư Khảm,",吾觀諸坎，
Nội thực tắc cường.,內實則強。
"Nhất tích hội đê,",一滴潰堤，
Thuỷ hạc trần dương.,水涸塵揚。
"Hà như thái âm chi hằng trinh hề, hối tái sinh nhi huyền tái tử,",何如太陰之恆貞兮晦載生而弦載死，
"Duy doanh khuyết chi hữu độ hề, lịch tam ngũ nhi triền bất ly thứ.",惟盈缺之有度兮歷三五而纏不離次。
"Ngô quan Chấn, Tốn,",吾觀震巽，
Lôi phong tương bạc.,雷風相泊。
"Vị bất thất tắc,",為不失則，
Hằng đức vô tạc.,恆德無怍。
"Giới mạc ích chi thiên từ hề, tâm bất hằng nhi thụ ác.",戒莫益之偏辭兮心不恆而受惡。
"Ngô quan Đoài, Cấn,",吾觀兌艮，
Sơn trạch thông khí.,山澤通氣。
"Chi bất dịch phương,",之不易方，
Hàm trung hữu hỉ.,咸中有喜。
"Tổn tam hành chi nhất nhân hề, vị bất đáng nhi thủ lệ.",損三行之一人兮位不當而取厲。
"Kỳ tiểu vô nội,",其小無內，
Duy thâm cố thông.,惟深故通。
"Nhân dục vô nhai,",人欲無涯，
Tạo hoá vô cùng.,造化無窮。
"Vi chi tại tâm,",為之在心，
Trì thủ tại chí.,持守在志。
"Tiểu nhân vị nhân,",小人為人，
Quân tử vị kỷ.,君子為己。
"Cái ngô ẩn ư hoạn lộ hề, giới dũng thoái phù cấp lưu,",蓋吾隱於宦路兮戒勇退夫急流，
"Phi duyên nhai chi xạ lợi hề, khủng xúc thạch nhi kinh chu.",非緣崖之射利兮恐觸石而驚舟。
"Đãn trầm tiềm dĩ tự thủ hề, ký chu tuyền nhi vãn lộ,",但沉潛以自守兮冀周漩于晚路，
"Học Khang Tiết chi đả quai hề, liêu ngụ tình nhi tác phú.",學康節之打乖兮聊寓情而作賦。
"Quy dĩ cáo phù tử đệ hề, vô dĩ dịch phù ngô ngôn,",歸以吿夫子弟兮無以易夫吾言，
"Tri vãng lai chi năng nhàn hề, tu tham nguyệt quật dĩ nhiếp thiên căn.",知往來之能閒兮須參月窟以攝天根。
Kế hựu vi hô khoan chi ngâm viết:,繼又為呼寬之吟曰：
Khoan hĩ khoan!,寬矣寬！
"Thướng than dị, há than nan.",上灘易下灘難。
"Chu trung tĩnh chước tam bôi tửu,",舟中靜酌三杯酒，
Tiến thoái ngã sinh quan.,進退我生觀。
Khoan hô khoan!,寬乎寬！
"Há than thâm, thướng than gian.",下灘深上灘艱。
"Chu trung hảo xướng Thương Lang khúc,",舟中好唱滄浪曲，
Năng tĩnh hậu năng an.,能靜後能安。
"Thiếu Lăng dã lão thôn thanh khốc,",少陵野老吞聲哭，
Xuân nhật tiềm hành Khúc giang khúc.,春日潛行曲江曲。
"Giang đầu cung điện toả thiên môn,",江頭宮殿鎖千門，
Tế liễu tân bồ vị thuỳ lục?,細柳新蒲為誰綠。
"Ức tích nghê tinh há nam uyển,",憶昔霓旌下南苑，
Uyển trung vạn vật sinh nhan sắc.,苑中萬物生顏色。
"Chiêu Dương điện lý đệ nhất nhân,",昭陽殿裡第一人，
Đồng liễn tuỳ quân thị quân trắc.,同輦隨君侍君側。
"Liễn tiền tài nhân đới cung tiễn,",輦前才人帶弓箭，
Bạch mã tước khiết hoàng kim lặc.,白馬嚼嚙黃金勒。
"Phiên thân hướng thiên ngưỡng xạ vân,",翻身向天仰射雲，
Nhất tiếu chính truỵ song phi dực.,一笑正墜雙飛翼。
Minh mâu hạo xỉ kim hà tại?,明眸皓齒今何在，
Huyết ô du hồn quy bất đắc.,血污遊魂歸不得，
"Thanh Vị đông lưu, Kiếm Các thâm,",清渭東流劍閣深，
Khứ trú bỉ thử vô tiêu tức.,去住彼此無消息。
"Nhân sinh hữu tình lệ triêm ức,",人生有情淚沾臆，
Giang thuỷ giang hoa khởi chung cực.,江水江花豈終極。
"Hoàng hôn Hồ kỵ trần mãn thành,",黃昏胡騎塵滿城，
Dục vãng thành nam vọng thành bắc.,欲往城南望城北。
"Trường An thành đầu đầu bạch ô,",長安城頭頭白烏，
Dạ phi Diên Thu môn thượng hô.,夜飛延秋門上呼。
"Hựu hướng nhân gia trác đại ốc,",又向人家啄大屋，
Ốc để đạt quan tẩu tị Hồ.,屋底達官走避胡。
"Kim tiên đoạn chiết cửu mã tử,",金鞭斷折九馬死，
Cốt nhục bất đãi đồng trì khu.,骨肉不待同馳驅。
"Yêu hạ bảo quyết thanh san hô,",腰下寶玦青珊瑚，
Khả liên vương tôn khấp lộ ngung.,可憐王孫泣路隅。
"Vấn chi bất khẳng đạo tính danh,",問之不肯道姓名，
Đãn đạo khốn khổ khất vi nô.,但道困苦乞為奴。
"Dĩ kinh bách nhật thoán kinh cức,",已經百日竄荊棘，
Thân thượng vô hữu hoàn cơ phu.,身上無有完肌膚。
"Cao Đế tử tôn tẫn long chuyết,",高帝子孫盡隆準，
Long chủng tự dữ thường nhân thù.,龍種自與常人殊。
"Sài lang tại ấp long tại dã,",豺狼在邑龍在野，
Vương tôn thiện bảo thiên kim khu.,王孫善保千金軀。
"Bất cảm trường ngữ lâm giao cù,",不敢長語臨交衢，
Thả vị vương tôn lập tư tu.,且為王孫立斯須。
"Tạc dạ đông phong xuy huyết tinh,",昨夜東風吹血腥，
Đông lai thác đà mãn cựu đô.,東來橐駝滿舊都。
"Sóc phương kiện nhi hảo thân thủ,",朔方健兒好身手，
Tích hà dũng nhuệ kim hà ngu!,昔何勇銳今何愚。
"Thiết văn thiên tử dĩ truyền vị,",竊聞天子已傳位，
Thánh đức bắc phục Nam Thiền Vu.,聖德北服南單于。
"Hoa Môn ly diện thỉnh tuyết sỉ,",花門剺面請雪恥，
Thận vật xuất khẩu tha nhân thư.,慎勿出口他人狙。
"Ai tai vương tôn thận vật sơ,",哀哉王孫慎勿疏，
Ngũ Lăng giai khí vô thời vô.,五陵佳氣無時無。
"Anh vũ lai quá Ngô giang thuỷ,",鸚鵡來過吳江水，
Giang thượng châu truyền Anh Vũ danh.,江上洲傳鸚鵡名。
"Anh vũ tây phi Lũng sơn khứ,",鸚鵡西飛隴山去，
Phương châu chi thụ hà thanh thanh.,芳洲之樹何青青。
"Yên khai lan diệp hương phong noãn,",煙開蘭葉香風暖，
Ngạn giáp đào hoa cẩm lãng sinh.,岸夾桃花錦浪生。
"Thiên khách thử thời đồ cực mục,",遷客此時徒極目，
Trường châu cô nguyệt hướng thuỳ minh?,長洲孤月向誰明？
"Trường hồng đẩu lạc sinh khiêu ba,",長洪斗落生跳波，
Khinh chu nam hạ như đầu thoa.,輕舟南下如投梭。
"Thuỷ sư tuyệt khiếu phù nhạn khởi,",水師絕叫鳧雁起，
Loạn thạch nhất tuyến tranh tha ma.,亂石一線爭磋磨。
"Hữu như thố tẩu ưng chuẩn lạc,",有如兔走鷹隼落，
Tuấn mã hạ chú thiên trượng pha.,駿馬下注千丈坡。
"Đoạn huyền ly trụ tiễn thoát thủ,",斷絃離柱箭脫手，
Phi điện quá khích châu phiên hà.,飛電過隙珠翻荷。
"Tứ san huyễn chuyển phong lược nhĩ,",四山眩轉風掠耳，
Đãn kiến lưu mạt sinh thiên qua.,但見流沫生千渦。
"Hiểm trung đắc lạc tuy nhất khoái,",嶮中得樂雖一快，
Hà ý thuỷ bá khoa thu hà.,何意水伯誇秋河。
"Ngã sinh thừa hoá nhật dạ thệ,",我生乘化日夜逝，
Toạ giác nhất niệm du Tân La.,坐覺一念逾新羅。
"Phân phân tranh đoạt tuý mộng lý,",紛紛爭奪醉夢裏，
Khởi tín kinh cức mai đồng đà.,豈信荊棘埋銅駝。
"Giác lai phủ ngưỡng thất thiên kiếp,",覺來俯仰失千劫，
Hồi thị thử thuỷ thù uỷ xà.,回視此水殊委蛇。
"Quân khán ngạn biên thương thạch thượng,",君看岸邊蒼石上，
Cổ lai cao nhãn như phong khoa.,古來篙眼如蜂窠。
"Đãn ưng thử tâm vô sở trụ,",但應此心無所住，
Tạo vật tuy sử như ngô hà.,造物雖駛如吾何。
"Hồi thuyền thướng mã các quy khứ,",回船上馬各歸去，
Đa ngôn nao nao sư sở a.,多言譊譊師所呵。
"Ngô vương tại thì bách hoa khai,",吳王在時百花開，
Hoạ thuyền tải lạc châu biên lai.,畫船載樂洲邊來。
"Ngô vương khứ hậu bách hoa lạc,",吳王去後百花落，
Ca xuý vô văn châu tịch mịch.,歌吹無聞洲寂寞。
"Hoa khai hoa lạc niên niên xuân,",花開花落年年春，
Tiền hậu khán hoa ưng kỷ nhân?,前後看花應幾人？
"Đãn kiến chi chi ánh lưu thuỷ,",但見枝枝映流水，
Bất tri phiến phiến đoạ hành trần.,不知片片墮行塵。
"Niên lai phong vũ hoang đài bạn,",年來風雨荒臺畔，
Nhật mộ hoàng ly trường dục đoạn.,日暮黄鸝腸欲斷。
"Khởi duy thế thiểu khán hoa nhân,",豈唯世少看花人，
Túng lai thử địa vô hoa khán.,縱來此地無花看。
Quân bất kiến:,君不見：
"Hoàng hộc cao ư ngũ xích đồng,",黃鵠高於五尺童，
Hoá vi bạch phù tự lão ông.,化為白鳧似老翁。
"Cố huề di tuệ dĩ đãng tận,",故畦遺穗已蕩盡，
Thiên hàn tuế mộ ba đào trung.,天寒歲暮波濤中。
"Lân giới tinh thiên tố bất thực,",鱗介腥膻素不食，
Chung nhật nhẫn cơ tây phục đông.,終日忍饑西復東。
"Lỗ môn viên cư diệc thặng đặng,",魯門鶢鶋亦蹭蹬，
Văn đạo như kim do tị phong.,聞道如今猶避風。
"Vạn lý thuỷ hối nhất thuỷ đại,",萬里水匯一水大，
Hoanh hoanh thanh văn thập lý ngoại.,訇訇聲聞十里外。
"Nham khẩu bức trắc thế cánh hung,",岩口逼仄勢更凶，
Đoạt môn nhi xuất huyền bạch long.,奪門而出懸白龍。
"Long tu đái vũ dục nhật hồng,",龍須帶雨浴日紅，
Kim quang ngọc sắc tương đãng thung.,金光玉色相蕩舂。
"Tuyết tịnh giao tiêu lạc đao xích,",雪凈鮫綃落刀尺，
Đại châu tiểu châu phiêu tuỳ phong.,大珠小珠飄隨風。
"Phong chiết điệp chi hội biến tướng,",風折疊之繪變相，
Tam giáng tam thăng thạch bất nhượng.,三降三升石不讓。
"Hữu như trường can đảo phách Nhục Phi Tiên,",有如長竿倒拍肉飛仙，
Trung tuyệt viên thằng dược phục thượng.,中絕援繩躍復上。
"Phục Tê mai đầu bất cảm xuất,",伏犀埋頭不敢出，
Hoài bảo an miên già bộ chướng.,懷寶安眠遮步障。
"Ngã dục cát thủ thử thuỷ trí tụ trung,",我欲割取此水置袖中，
Viết hằng úc nhược thư càn phong.,曰恆燠若書乾封。
"Khấu môn kiết bình trích mã tùng,",叩門絜瓶滴馬鬃，
Cảo miêu bình địa thanh bồng bồng.,搞苗平地青芃芃。
"Khởi bất hiền vu Cốc Tuyền chi tại Hương Lô phong,",豈不賢于谷泉之在香爐峰，
Toạ hưởng đại danh nhi vô công.,坐享大名而無功。
"Bắc phong quyển địa bạch thảo chiết,",北風捲地白草折，
Hồ thiên bát nguyệt tức phi tuyết.,胡天八月即飛雪；
"Hốt như nhất dạ xuân phong lai,",忽如一夜春風來，
Thiên thụ vạn thụ lê hoa khai.,千樹萬樹梨花開。
"Tán nhập châu liêm thấp la mạc,",散入珠簾濕羅幕，
Hồ cừu bất noãn cẩm khâm bạc.,狐裘不煖錦衾薄。
"Tướng quân giác cung bất đắc khống,",將軍角弓不得控，
Đô hộ thiết y lãnh do trước.,都護鐵衣冷猶著。
"Hãn hải lan can bách trượng băng,",瀚海闌干百丈冰，
Sầu vân thảm đạm vạn lý ngưng.,愁雲黲淡萬里凝。
"Trung quân trí tửu ẩm quy khách,",中軍置酒飲歸客，
Hồ cầm tỳ bà dữ Khương địch.,胡琴琵琶與羌笛。
"Phân phân mộ tuyết hạ viên môn,",紛紛暮雪下轅門，
Phong xế hồng kỳ đống bất phiên.,風掣紅旗凍不翻。
"Luân Đài đông môn tống quân khứ,",輪臺東門送君去，
Khứ thời tuyết mãn Thiên San lộ.,去時雪滿天山路；
"Sơn hồi lộ chuyển bất kiến quân,",山迴路轉不見君，
Tuyết thượng không lưu mã hành xứ.,雪上空留馬行處。
"Sào ty tu trường bất tu bạch,",繅絲須長不須白，
Việt la thục cẩm kim túc xích.,越羅蜀錦金粟尺。
"Tượng sàng ngọc thủ loạn ân hồng,",象床玉手亂殷紅，
Vạn thảo thiên hoa động ngưng bích.,萬草千花動凝碧。
"Dĩ bi tố chất tuỳ thì nhiễm,",已悲素質隨時染，
Liệt hạ minh ky sắc tương xạ.,裂下鳴機色相射。
"Mỹ nhân tế ý uý thiếp bình,",美人細意熨帖平，
Tài phùng diệt tận châm tuyến tích.,裁縫滅盡針線蹟。
"Xuân thiên y trước vị quân vũ,",春天衣著為君舞，
Giáp điệp phi lai hoàng ly ngữ.,蛺蝶飛來黃鸝語。
"Lạc nhứ du ty diệc hữu tình,",落絮遊絲亦有情，
Tuỳ phong chiếu nhật nghi khinh cử.,隨風照日宜輕舉。
"Hương hãn khinh trần ô nhan sắc,",香汗輕塵污顏色，
Khai tân hợp cố trí hà hử.,開新合故置何許。
"Quân bất kiến tài sĩ cấp dẫn nan,",君不見才士汲引難，
Khủng cụ khí quyên nhẫn ky lữ.,恐戄棄捐忍羈旅。
"Ức niên thập ngũ tâm thượng hài,",憶年十五心尚孩，
Kiện như hoàng độc tẩu phục lai.,健如黃犢走復來。
"Đình tiền bát nguyệt lê tảo thục,",庭前八月梨棗熟，
Nhất nhật thượng thụ năng thiên hồi.,一日上樹能千回。
"Tức kim thúc hốt dĩ ngũ thập,",即今倏忽已五十，
"Toạ ngoạ chỉ đa, thiểu hành lập.",坐臥只多少行立。
"Cưỡng tương tiếu ngữ cung chủ nhân,",強將笑語供主人，
Bi kiến sinh nhai bách ưu tập.,悲見生涯百憂集。
"Nhập môn y cựu tứ bích không,",入門依舊四壁空，
Lão thê đổ ngã nhan sắc đồng.,老妻睹我顏色同。
"Si nhi bất tri phụ tử lễ,",痴兒不知父子禮，
Khiếu nộ sách phạn đề môn đông.,叫怒索飯啼門東。
"Viễn bang mộ hoá lai tuần tuyên,",遠邦慕化來旬宣，
Xuân ôn áng áng huân đại diên.,春溫盎盎薰玳筵。
"Thánh triều thiên tử chí minh triết,",聖朝天子至明哲，
Cổ quăng phụ bật câu lương hiền.,股肱輔弼俱良賢。
"Khoan hồng bác đại đẳng thiên địa,",寬洪博大等天地，
Bao hoang nạp ô lâm nguyên nguyên.,包荒納汙臨元元。
"Vi sinh hà hạnh phùng thịnh thế,",微生何幸逢盛世，
Khoản thành thuật chức lai triều thiên.,款誠述職來朝天。
"Doanh doanh kim tôn mộc ân ác,",盈盈金鐏沐恩渥，
Huân đào hàm vịnh tuỳ phồn huyền.,薰陶涵泳隨繁絃。
"Thai quang chỉ xích phụng đức ý,",台光咫尺奉德意，
Mãn đường thù tạc tác chu tuyền.,滿堂酬酢作周旋。
"Hồng quân nhất khí chuyển thiên địa,",洪鈞一氣轉天地，
Bát phương tứ hải tịnh đào chiên.,八方四海並陶甄。
"Khởi duy, ngã bối thụ kỳ tứ,",豈惟我輩受其賜，
Hà hoang lạc nghiệp trường miên miên.,遐荒樂業長綿綿。
"Chung Nam tàn nguyệt quải thành đầu,",終南殘月掛城頭，
Hoa lạc kỳ đình thuỷ loạn lưu.,花落旗亭水亂流。
"Bất dụng phong tiền “Chiết dương liễu”,",不用風前折楊柳，
Tỳ bà đàn xuất Bá Lăng thu.,琵琶彈出灞陵秋。
"Thụ lý Hoàng Hà nhiễu tái trường,",樹裡黃河繞塞長，
Biên phong xuy giốc thuỷ mang mang.,邊風吹角水茫茫。
"Quan Tây lão tướng đầu như tuyết,",關西老將頭如雪，
Tuý ỷ cung đao thuyết chiến trường.,醉倚弓刀說戰場。
"Lãnh lạc đông phong vạn liễu ty,",冷落東風萬柳絲，
Tiêu Hồn kiều thượng lập đa thì.,銷魂橋上立多時。
"Tửu ngân lang tạ xuân sam thấp,",酒痕狼藉春衫濕，
Hưu xướng Hà Kham tuyệt diệu từ.,休唱何戡絕妙詞。
"Phóng quan Bạng cáp chi phù sa,",放觀蚌蛤之浮沙，
Nhất đới triền khiên đáo hải ba.,一帶纏牽到海波。
"Bắc tự Ông Phùng chi giang thuỷ,",北自翁馮之江水，
Nam liên Mộ Dạ chi nham a.,南聯暮夜之岩阿。
"Tằng tằng loa xác thành đôi điệp,",層層螺殼成堆疊，
Niên đại bất tri dĩ kỷ hà.,年代不知已幾何。
Y!,噫！
"Mang mang vũ trụ vô chung cùng,",茫茫宇宙無終窮，
Miểu miểu càn khôn đa biến thái.,渺渺乾坤多變態。
"Như kim hải ký biến vi sa,",如今海既變為沙，
An tri sa bất biến vi hải.,安知沙不變為海。
"Tang thương thế cục hồn như tư,",桑滄世局渾如斯，
Duy hữu chính khí trường bất cải.,惟有正氣長不改。
"Lương uyển thành tây nhị thập lý,",梁苑城西二十里，
Nhất cừ xuân thuỷ liễu thiên điều.,一渠春水柳千條。
"Nhược vi thử lộ kim trùng quá,",若為此路今重過，
Thập ngũ niên tiền cựu bản kiều.,十五年前舊板橋。
"Tằng cộng ngọc nhan kiều thượng biệt,",曾共玉顏橋上別，
Bất tri tiêu tức đáo kim triêu.,不知消息到今朝。
"Tiêm vân tứ quyển thiên vô hà,",纖雲四卷天無河，
Thanh phong xuy không nguyệt thư ba.,清風吹空月舒波。
"Sa bình thuỷ tức thanh ảnh tuyệt,",沙平水息聲影絕，
Nhất bôi tương thuộc quân đương ca.,一杯相屬君當歌。
"Quân ca thanh toan từ thả khổ,",君歌聲酸辭且苦，
Bất năng thính chung lệ như vũ.,不能聽終淚如雨。
"Động Đình liên thiên, Cửu Nghi cao,",洞庭連天九疑高，
Giao long xuất một tinh ngô hào.,蛟龍出沒猩鼯號。
"Thập sinh cửu tử đáo quan sở,",十生九死到官所，
U cư mặc mặc như tàng đào.,幽居默默如藏逃。
"Hạ sàng uý xà thực uý dược,",下床畏蛇食畏藥，
Hải khí thấp chập huân tinh tao.,海氣濕蟄熏腥臊。
"Tạc giả châu tiền chuý đại cổ,",昨者州前捶大鼓，
Tự hoàng kế thánh đăng Quỳ Cao.,嗣皇繼聖登夔皋。
"Xá thư nhất nhật hành vạn lý,",赦書一日行萬里，
Tội tòng đại tích giai trừ tử.,罪從大辟皆除死。
"Thiên giả truy hồi lưu giả hoàn,",遷者追回流者還，
Địch hà đãng cấu thanh triêu ban.,滌瑕蕩垢清朝班。
"Châu gia thân danh sử gia ức,",州家申名使家抑，
Khảm kha chỉ đắc di Kinh Man.,坎軻只得移荊蠻。
"Phán ty ty quan bất kham thuyết,",判司卑官不堪說，
Vị miễn chuý sở trần ai gian.,未免捶楚塵埃間。
"Đồng thì bối lưu đa thượng đạo,",同時輩流多上道，
Thiên lộ u hiểm nan truy phan.,天路幽險難追攀。
"Quân ca thả hưu thính ngã ca,",君歌且休聽我歌，
Ngã ca kim dữ quân thù khoa.,我歌今與君殊科。
"Nhất niên minh nguyệt kim tiêu đa,",一年明月今宵多，
Nhân sinh do mệnh phi do tha.,人生由命非由他。
Hữu tửu bất ẩm nại minh hà.,有酒不飲奈明何。
"Vũ sư thế khấp Bằng di nộ,",羽師涕泣憑夷怒，
Ngũ chỉ sơn tiền thủy bạo chú.,五指山前水暴注。
"Bạch ba chung nhật tẩu xà long,",白波終日走蛇龍，
Thanh sơn lưỡng ngạn giai sài hổ.,青山兩岸皆豺虎。
"Chu tiếp phân phân đồng nhất lưu,",舟楫紛紛同一流，
Há than nhân hỉ thướng than sầu.,下灘人喜上灘愁。
"Bách trượng trường thằng vãn bất tiến,",百丈長繩挽不進，
Chu trung niên thiếu giai bạch đầu.,舟中年少皆白頭。
"Mục Vương bát tuấn thiên mã câu,",穆王八駿天馬駒，
Hậu nhân ái chi tả vi đồ.,後人愛之寫為圖。
"Bối như long hề cảnh như tượng,",背如龍兮頸如象，
Cốt tủng cân cao chỉ nhục tráng.,骨聳筋高脂肉壯。
"Nhật hành vạn lý tật như phi,",日行萬里疾如飛，
Mục Vương độc thừa hà sở chi?,穆王獨乘何所之？
"Tứ hoang bát cực tháp dục biến,",四荒八極蹋欲遍，
Tam thập nhị đề vô yết thì.,三十二蹄無歇時。
"Thuộc xa trục chiết sấn bất cập,",屬車軸折趁不及，
Hoàng ốc thảo sinh khí nhược di.,黃屋草生棄若遺。
"Dao Trì tây phó Vương Mẫu yến,",瑤池西赴王母宴，
Thất miếu kinh niên bất thân tiến.,七廟經年不親薦。
"Bích Đài nam dữ thịnh cơ du,",壁臺南與盛姬遊，
Minh đường bất phục triều chư hầu.,明堂不復朝諸侯。
"Bạch vân hoàng trúc ca thanh động,",白雲黃竹歌聲動，
Nhất nhân hoang lạc vạn nhân sầu.,一人荒樂萬人愁。
"Chu tòng Hậu Tắc chí Văn, Vũ,",周從后稷至文武，
Tích đức luỹ công thế cần khổ.,積德累功世勤苦。
"Khởi tri tài cập tứ đại tôn,",豈知纔及四代孫，
Tâm khinh vương nghiệp như hôi thổ.,心輕王業如灰土。
"Do lai vưu vật bất tại đại,",由來尤物不在大，
Năng đãng quân tâm tắc vi hại.,能蕩君心則為害。
"Văn đế khước chi bất khẳng thừa,",文帝卻之不肯乘，
Thiên lý mã khứ Hán đạo hưng.,千里馬去漢道興。
"Mục Vương đắc chi bất vi giới,",穆王得之不為戒，
Bát tuấn câu lai chu thất hoại.,八駿駒來周室壞。
"Chí kim thử vật thượng xưng trân,",至今此物尚稱珍，
"Bất tri phòng tinh chi tinh hạ vi quái,",不知房星之精下為怪，
Bát tuấn đồ quân mạc ái.,八駿圖君莫愛。
"Thanh thiên hữu nguyệt lai kỷ thì,",青天有月來幾時，
Ngã kim đình bôi nhất vấn chi!,我今停杯一問之。
"Nhân phan minh nguyệt bất khả đắc,",人攀明月不可得，
Nguyệt hành khước dữ nhân tương tuỳ.,月行卻與人相隨。
"Kiểu như phi kính lâm đan khuyết,",皎如飛鏡臨丹闕，
Lục yên diệt tận thanh huy phát,綠煙滅盡清輝發。
"Đãn kiến tiêu tòng hải thượng lai,",但見宵從海上來，
Ninh tri hiểu hướng vân gian một.,寧知曉向雲間沒。
"Bạch thố đảo dược thu phục xuân,",白兔搗藥秋復春，
Thường nga cô thê dữ thuỳ lân.,嫦娥孤棲與誰鄰。
"Kim nhân bất kiến cổ thì nguyệt,",今人不見古時月，
Kim nguyệt tằng kinh chiếu cổ nhân.,今月曾經照古人。
"Cổ nhân kim nhân nhược lưu thuỷ,",古人今人若流水，
Cộng khan minh nguyệt giai như thử.,共看明月皆如此。
"Duy nguyện đương ca đối tửu thì,",唯願當歌對酒時，
Nguyệt quang thường chiếu kim tôn lý.,月光常照金樽裡。
"Lân giác phượng chuỷ thế mạc thức,",麟角鳳觜世莫識，
Tiên giao tục huyền kỳ tự kiến.,煎膠續弦奇自見。
"Thượng khan Vương sinh bão thử hoài,",尚看王生抱此懷，
Tại ư Phủ dã hà do tiện.,在於甫也何由羨。
"Thả ngộ Vương sinh uỷ trù tích,",且遇王生慰疇昔，
Tố tri tiện tử cam bần tiện.,素知賤子甘貧賤。
Khốc kiến đống nỗi bất túc sỉ.,酷見凍餒不足恥，
Đa bệnh trầm niên khổ vô kiện.,多病沈年苦無健。
"Vương sinh quái ngã nhan sắc ác,",王生怪我顏色惡，
Đáp vân phục chẩm gian nan biến.,答雲伏枕艱難遍。
"Ngược lệ tam thu thục khả nhẫn,",瘧癘三秋孰可忍，
Hàn nhiệt bách nhật tương giao chiến.,寒熱百日相交戰。
"Đầu bạch nhãn ám toạ hữu đê,",頭白眼暗坐有胝，
Nhục hoàng bì trứu mệnh như tuyến.,肉黃皮皺命如線。
"Duy sinh ai ngã vị bình phục,",惟生哀我未平復，
Vị ngã lực trí mĩ hào thiện.,為我力致美肴膳。
"Khiển nhân hướng thị xa hương canh,",遣人向市賒香粳，
Hoán phụ xuất phòng thân tự soạn.,喚婦出房親自饌。
"Trường An đông thư toan thả lục,",長安冬菹酸且綠，
Kim thành thổ tô tĩnh như luyện.,金城土酥靜如練。
"Kiêm cầu phú hào thả cát tiên,",兼求富豪且割鮮，
Mật cô đấu tửu hài chung yến.,密沽鬥酒諧終宴。
"Cố nhân tình nghĩa vãn thuỳ tự,",故人情義晚誰似，
Linh ngã thủ cước khinh dục triển.,令我手腳輕欲漩。
"Lão mã vi câu tín bất hư,",老馬為駒信不虛，
Đương thì đắc ý huống thâm quyến.,當時得意況深眷。
"Đãn sử tàn niên bão cật phạn,",但使殘年飽吃飯，
Chỉ nguyện vô sự thường tương kiến.,只願無事常相見。
"Bất kiến bí thư tâm nhược thất,",不見秘書心若失，
Cập kiến bí thư thất tâm tật.,及見秘書失心疾。
"An vi động chủ lý tín nhiên,",安為動主理信然，
Ngã độc giác tử thần sung thật.,我獨覺子神充實。
"Trùng văn tây phương chỉ quán kinh,",重聞西方止觀經，
Lão thân cổ tự phong linh linh.,老身古寺風泠泠。
"Thê nhi đãi ngã thả quy khứ,",妻兒待我且歸去，
Tha nhật trượng lê lai tế thinh.,他日杖藜來細聽。
"Tiên cương bạch mã hoàng kim lặc,",絲韁白馬黃金勒，
Phó ngự môn tiền khổ xúc bức.,僕御門前苦促逼。
"Đinh ninh ác thủ tạm trù trù,",叮嚀握手蹔躊蹰，
Dục trú tu du cánh bất đắc.,欲住須臾竟不得。
"Tâm tri thử biệt vô hoàn kỳ,",心知此别無還期，
Do vấn quân quy thị kỷ thì.,猶問君歸是幾時。
"Tâm tri thử biệt thư nan ký,",心知此别書難寄，
Do vấn chinh hồng hà nhật chí.,猶問征鴻何日至。
"Vi quân chỉnh phái quân thượng an,",為君整轡君上鞍，
Tần tần lặc mã hồi đầu khán.,頻頻勒馬回頭看。
"Vô tình mã túc như phi điện,",無情馬足如飛電，
Lộ chuyển kiều hồi quân bất kiến.,路轉橋回君不見。
"Quy lai trang các song lệ thuỳ,",歸來妝閣雙淚垂，
Thử thân ngộ giá du hiệp nhi.,此身誤嫁逰俠兒。
"Nam sơn hữu cầm, kỳ tự viết hy hữu,",南山有禽其字曰希有，
"Bắc sơn hữu điểu, kỳ danh viết phụng hoàng.",北山有鳥其名曰鳳凰。
"Lưỡng điểu bài vân phù vụ nhập hư không,",兩鳥排雲扶霧入虛空，
Hư không mãng mãng tứ xứ tuyệt đạo lương.,虛空莽莽四處絕稻梁。
"Hạ giới khởi vô thất thốn chi canh mễ,",下界豈無七寸之粳米，
Tranh nại võng la hiệt hiệt thường cao trương.,爭奈網羅纈纈常高張。
"Dương liễu đê biên khống tử lưu,",楊柳堤邊控紫騮，
Bồ đào tân cẩm phí triền đầu.,葡萄新錦費纏頭。
"Xuân đăng biến chiếu Bình Dương vũ,",春燈徧照平陽舞，
Bất tín Lưu hoàng nhất đoạn sầu.,不信劉黄一段愁。
"Ngọc vi ca quản thốc điêu lan,",玉爲歌管簇雕欄，
Cẩm tác liên hoa phủng thuý bàn.,錦作蓮花捧翠盤。
"Nhất phiến tân trang kinh nguyệt sắc,",一片新糚驚月色，
Vạn hàng quỳnh thụ tuyết trung khan.,萬行瓊樹雪中看。
"Nhữ Nam thần kê ốc ốc minh,",汝南晨雞喔喔鳴，
Thành đầu cổ giốc âm hoà bình.,城頭鼓角音和平。
"Lộ bàng lão nhân ức cựu sự,",路旁老人憶舊事，
Tương dữ cảm kích giai thế linh.,相與感激皆涕零。
Lão nhân thu lệ tiền trí từ:,老人收淚前致辭：
“Quan quân nhập thành nhân bất tri.,官軍入城人不知。
"Hốt kinh Nguyên Hoà thập nhị tải,",忽驚元和十二載，
Trùng kiến Thiên Bảo thừa bình thì.”,重見天寶承平時。
"Ngô gia giá ngã hề thiên nhất phương,",吾家嫁我兮天一方，
Viễn thác dị quốc hề Ô Tôn vương.,遠托異國兮烏孫王。
"Khung lư vi thất hề chiên vi tường,",穹廬為室兮氈為牆，
Dĩ nhục vi thực hề lạc vi tương.,以肉為食兮酪為漿。
"Cư thường thổ tư hề tâm nội thương,",居常土思兮心內傷，
Nguyện vi hoàng hộc hề quy cố hương.,願為黃鵠兮歸故鄉。
"Ngã quân Thanh Bản tại đông môn,",我軍青阪在東門，
Thiên hàn ấm mã Thái Bạch quật.,天寒飲馬太白窟。
"Hoàng đầu Hề nhi nhật hướng tây,",黃頭奚儿日向西，
Sổ kỵ loan cung cảm trì đột.,數騎彎弓敢馳突。
"Sơn tuyết, hà băng dã tiêu sắt,",山雪河冰野蕭瑟，
"Thanh thị phong yên, bạch thị cốt.",青是烽煙白是骨。
"Yên đắc phụ thư dữ ngã quân,",焉得附書與我軍，
"Nhẫn đãi minh niên, mạc thảng thốt.",忍待明年莫倉卒。
"Mạnh đông thập quận lương gia tử,",孟冬十郡良家子，
Huyết tác Trần Đào trạch trung thuỷ.,血作陳陶澤中水。
"Dã khoáng thiên thanh vô chiến thanh,",野曠天清無戰聲，
Tứ vạn nghĩa quân đồng nhật tử.,四萬義軍同日死。
"Quần Hồ quy lai huyết tẩy tiễn,",群胡歸來血洗箭，
Nhưng xướng Hồ ca ẩm đô thị.,仍唱胡歌飲都市。
"Đô nhân hồi diện hướng bắc đề,",都人回面向北啼，
Nhật dạ cánh vọng quan quân chí.,日夜更望官軍至。
"Lâu các cao đê thụ thiển thâm,",樓閣高低樹淺深，
Sơn quang thuỷ sắc minh trầm trầm.,山光水色暝沉沉。
"Tung yên bán quyển thanh tiêu mộ,",嵩煙半卷青綃幕，
Y lãng bình phô lục ỷ khâm.,伊浪平鋪綠綺衾。
"Phi điểu diệt thời nghi cực mục,",飛鳥滅時宜極目，
Viễn phong lai xứ hảo khai khâm.,遠風來處好開襟。
"Thuỳ tri bất ly trâm anh nội,",誰知不離簪纓內，
Trường đắc tiêu diêu tự tại tâm?,長得逍遙自在心？
"Thanh Khê đạo sĩ nhân bất thức,",青溪道士人不識，
Thướng thiên há thiên hạc nhất chỉ.,上天下天鶴一只。
"Động môn thâm toả bích song hàn,",洞門深鎖碧窗寒，
Trích lộ nghiên chu tả Chu Dịch.,滴露研朱寫周易。
"Quan hà xuân thuỷ lục du du,",官河春水綠悠悠，
Thuỷ thượng nhân gia tận hoạ lâu.,水上人家盡畫樓。
"Mãi thủ Ngô oa tam nhật tửu,",買取吳娃三日酒，
Phóng thuyền trực đáo Bách Hoa Châu.,放船直到百花洲。
"Cao đài thiên xích đối tằng loan,",高臺千尺對層巒，
Chỉ hứa Ngô vương tuý lý khan.,只許吳王醉里看。
"Sơn sắc bất tuỳ Câu Tiễn khứ,",山色不隨勾踐去，
Du nhân hoàn đắc ỷ lan can.,游人還得倚闌乾。
"Trịnh giám phong lưu lão bất suy,",鄭監風流老不衰，
Nghê khoan đầu bạch cánh ưng si.,倪寬頭白更應癡。
"Ngô Việt anh hùng dĩ nê thổ,",吳越英雄已泥土，
Dục tòng giang hải vấn Tây Thi.,欲從江海問西施。
"Bách Hoa Châu thượng bách hoa khai,",百花洲上百花開，
Hoa thị Ngô vương cựu nhật tài.,花是吳王舊日栽。
"Ngô vương khứ hậu vô tiêu tức,",吳王去後無消息，
Tuế tuế khan hoa nhân tự lai.,歲歲看花人自來。
"Diêu công mĩ chính thuỳ dữ trù,",姚公美政誰與儔，
Bất giảm tích thì Trần Thái Khâu.,不減昔時陳太丘。
"Ấp trung thượng khách hữu trụ sử,",邑中上客有柱史，
Đa hạ nhật bồi thông mã du.,多暇日陪驄馬遊。
"Đông sơn cao đỉnh la trân tu,",東山高頂羅珍羞，
Hạ cố thành quách tiêu ngã ưu.,下顧城郭銷我憂。
"Thanh giang bạch nhật lạc dục tận,",清江白日落欲盡，
Phục huề mỹ nhân đăng thái chu.,復攜美人登彩舟。
"Địch thanh phẫn oán ai trung lưu,",笛聲憤怨哀中流，
Diệu vũ uy di dạ vị hưu.,妙舞逶迤夜未休。
"Đăng tiền vãng vãng đại ngư xuất,",燈前往往大魚出，
Thính khúc đê ngang như hữu cầu.,聽曲低昂如有求。
"Tam canh phong khởi hàn lãng dũng,",三更風起寒浪湧，
Thủ lạc huyên hô giác thuyền trọng.,取樂喧呼覺船重。
"Mãn không tinh hà quang phá toái,",滿空星河光破碎，
Tứ toà tân khách sắc bất động.,四座賓客色不動。
"Thỉnh công lâm thâm mạc tương vi,",請公臨深莫相違，
Hồi thuyền bãi tửu thướng mã qui.,回船罷酒上馬歸。
"Nhân sinh hoan hội khởi hữu cực,",人生歡會豈有極，
Vô sử sương quá triêm nhân y.,無使霜過沾人衣。
"Bức trắc hà bức trắc,",逼仄何逼仄，
Ngã cư hạng nam tử hạng bắc.,我居巷南子巷北。
"Khả hận lân lý gian,",可恨鄰里間，
Thập nhật bất nhất kiến nhan sắc.,十日不一見顏色。
"Tự tòng quan mã tống hoàn quan,",自從官馬送還官，
Hành lộ nan hành sáp như cức.,行路難行澀如棘。
"Ngã bần vô thặng phi vô túc,",我貧無乘非無足，
Tích giả tương qua kim bất đắc.,昔者相過今不得。
"Thực bất thị ái vi khu,",實不是愛微軀，
Hựu phi quan túc vô lực.,又非關足無力。
"Đồ bộ phiên sầu quan trưởng nộ,",徒步翻愁官長怒，
Thử tâm quýnh quýnh quân ưng thức.,此心炯炯君應識。
"Hiểu lai cấp vũ xuân phong điên,",曉來急雨春風顛，
Thuỵ mỹ bất văn chung cổ truyền.,睡美不聞鐘鼓傳。
"Đông gia kiển lư hứa tá ngã,",東家蹇驢許借我，
Nê hoạt bất cảm kỵ triều thiên.,泥滑不敢騎朝天。
"Dĩ lệnh thỉnh cấp hội thông tịch,",已令請急會通籍，
Nam nhi tín mệnh tuyệt khả liên.,男兒信命絕可憐。
Yên năng chung nhật tâm quyền quyền.,焉能終日心拳拳，
Ức quân tụng thi thần lẫm nhiên.,憶君誦詩神凜然。
"Tân di thuỷ hoa diệc dĩ lạc,",辛夷始花亦已落，
Huống ngã dữ tử phi tráng niên.,況我與子非壯年。
"Nhai đầu tửu giá thường khổ quý,",街頭酒價常苦貴，
Phương ngoại tửu đồ hy tuý miên.,方外酒徒稀醉眠。
"Tốc nghi tương tựu ẩm nhất đẩu,",速宜相就飲一斗，
Kháp hữu tam bách thanh đồng tiền.,恰有三百青銅錢。
"Nê nính thượng thức cao thâm xứ,",泥濘尚識高深處，
Mạc quái anh hùng lưỡng thủ mô.,莫怪英雄兩手摸。
"Chủ nhân hữu tửu hoan kim tịch,",主人有酒歡今夕，
Thỉnh tấu minh cầm Quảng Lăng khách.,請奏鳴琴廣陵客。
"Nguyệt chiếu thành đầu ô bán phi,",月照城頭烏半飛，
Sương thê vạn thụ phong nhập y.,霜淒萬樹風入衣。
"Đồng lô hoa chúc chúc tăng huy,",銅鑪華燭燭增輝，
Sơ đàn “Lục thuỷ” hậu “Sở phi”.,初彈淥水後楚妃。
"Nhất thanh dĩ động vật giai tĩnh,",一聲已動物皆靜，
Tứ toạ vô ngôn tinh dục hy.,四座無言星欲稀。
"Thanh Hoài phụng sứ thiên dư lý,",清淮奉使千餘里，
Cảm cáo Vân Sơn tòng thử thuỷ.,敢告雲山從此始。
"Phượng hề phượng hề quy cố hương,",鳳兮鳳兮歸故鄉，
Ngao du tứ hải cầu kỳ hoàng.,遨遊四海求其凰。
"Thì vị ngộ hề vô sở tương,",時未遇兮無所將，
Hà ngộ kim hề thăng tư đường!,何悟今兮昇斯堂！
"Hữu diễm thục nữ tại khuê phòng,",有艷淑女在閨房，
Thất nhĩ nhân hà độc ngã trường.,室邇人遐毒我腸。
"Hà duyên giao cảnh vi uyên ương,",何緣交頸為鴛鴦，
Hồ hiệt hàng hề cộng ngao tường!,胡頡頏兮共翱翔！
"Phượng hề phượng hề tùng ngã tê,",鳳兮鳳兮從我棲，
Đắc thác tư vĩ vĩnh vi phi.,得託孳尾永為妃。
"Giao tình thông thể tâm hoà hài,",交情通體心和諧，
Trung dạ tương tùng tri giả thuỳ?,中夜相從知者誰？
"Song dực câu khởi phiên cao phi,",雙翼俱起翻高飛，
Vô cảm ngã tư sử dư bi.,無感我思使余悲。
"Kim nhật khổ đoản tạc nhật hưu,",今日苦短昨日休，
Tuế vân mộ hĩ tăng ly ưu.,歲雲暮矣增離憂。
"Sương điêu bích thụ đãi cẩm thụ,",霜凋碧樹待錦樹，
Vạn hác đông thệ vô đình lưu.,萬壑東逝無停留。
"Hoang thú chi thành thạch sắc cổ,",荒戍之城石色古，
Đông quách lão nhân trú thanh khâu.,東郭老人住青丘。
"Phi thư Bạch Đế doanh đấu túc,",飛書白帝營鬥粟，
Cầm sắt kỷ trượng sài môn u.,琴瑟幾杖柴門幽。
"Thanh thảo thê thê tận khô tử,",青草萋萋盡枯死，
Thiên mã kỳ túc tuỳ mao ngưu.,天馬跂足隨犛牛。
"Tự cổ thánh hiền đa bạc mệnh,",自古聖賢多薄命，
Gian hùng ác thiểu giai phong hầu.,奸雄惡少皆封侯。
"Cố quốc tam niên nhất tiêu tức,",故國三年一消息，
"Chung Nam, Vị thuỷ hàn du du.",終南渭水寒悠悠。
"Ngũ lăng hào quý phản điên đảo,",五陵豪貴反顛倒，
Hương lý tiểu nhi hồ bạch cừu.,鄉里小兒狐白裘。
"Sinh nam đoạ địa yếu lữ lực,",生男墮地要膂力，
Nhất sinh phú quý khuynh bang quốc.,一生富貴傾邦國。
"Mạc sầu phụ mẫu thiểu hoàng kim,",莫愁父母少黃金，
Thiên hạ phong trần nhi diệc đắc.,天下風塵兒亦得。
"Xuân thôi nông công động thiên mạch,",春催農工動阡陌，
Canh lê phân vân ngưu bội huyết.,耕犁紛紜牛揹血。
"Chủng thì dĩ biến phục vân tỉ,",种蒔已遍复耘耔，
Cửu tình khát vũ xa thanh phát.,久晴渴雨車聲發。
"Vãng lai tuần thị hiểu tịch mang,",往來巡視曉夕忙，
Hương tuệ thuỳ đầu thu đăng trường.,香穗垂頭秋登場。
"Nhất niên khổ tân kim hạnh thục,",一年楛辛今幸熟，
Tráng nhi kiện phụ tranh tảo thương.,壯儿健婦爭掃倉。
"Quan du tư phụ sách giao chí,",官輸私負索交至，
Thược hợp bất lưu đãn khang tì.,勺合不留但糠秕。
"Ngã phúc bất bão bão tha nhân,",我腹不飽飽他人，
Chung nhật mao thiềm sầu ngạ tử.,終日茅檐愁餓死。
"Xuân khí huân đào tàm động chỉ,",春氣熏陶蠶動紙，
Thái tang nhi nữ hống như thị.,採桑兒女哄如市。
"Trú tự dạ uỷ thời phân bàn,",晝飼夜餧時分盤，
Quynh môn tạ khách cẩn tục kỵ.,扃門謝客謹俗忌。
"Tuyết đoàn lạc giá trừu kiển ty,",雪團落架抽繭絲，
Tiểu cô tao xa phụ chức ky.,小姑繅車婦織機。
"Toàn gia cần lao các hữu vọng,",全家勤勞各有望，
Ông ảo xử phân tương tài y.,翁媼處分將裁衣。
"Quan du tư phụ sách giao chí,",官輸私負索交至，
Xích thốn bất lưu đãn sương tứ.,尺寸不留但箱笥。
"Ngã thân bất noãn noãn tha nhân,",我身不暖暖他人，
Chung nhật mao thiềm sầu đống tử.,終日茅檐愁凍死。
"Hữu đệ, hữu đệ tại viễn phương,",有弟有弟在遠方，
"Tam nhân các sấu, hà nhân cường.",三人各瘦何人強。
"Sinh biệt triển chuyển bất tương kiến,",生別展轉不相見，
Hồ trần ám thiên đạo lộ trường.,胡塵暗天道路長。
"Đông phi gia nga, hậu thu thương,",東飛鴐鵝後鶖鶬，
An đắc tống ngã trí nhữ bàng?,安得送我置汝旁。
"Ô hô! Tam ca hề, ca tam phát,",嗚呼！三歌兮歌三發，
Nhữ quy hà xứ thu huynh cốt?,汝歸何處收兄骨。
"Ngột toạ tư quy bất cử đầu,",兀坐思歸不舉頭，
Song phong vị ngã phiên thư diệp.,窗風為我翻書葉。
"Chúng trung văn ngữ nhận hương lý,",眾中聞語認鄉里，
Tiện giác thạch môn hàn điệp điệp.,便覺石門寒疊疊。
"Vân Am dĩ tác bạch tháp tân,",雲庵已作白塔新，
Đương nhãn phong chi tâm dục chiết.,當眼風枝心欲折。
"Đạo nhân tùng lâm thập niên cựu,",道人叢林十年舊，
Cổ tự thanh đăng dạ tương tiếp.,古寺清燈夜相接。
"Thất thanh phương dục vấn Giang Nam,",失聲方欲問江南，
Hốt ức khứ niên Hoài thượng biệt.,忽憶去年淮上別。
"Đào không củng nhiên văn túc âm,",逃空跫然聞足音，
Kiến tử linh nhân giải sầu kết.,見子令人解愁結。
"Địa lô hoả lãnh sương nguyệt khổ,",地爐火冷霜月苦，
Nhất thất huyên hoa chung noãn nhiệt.,一室喧嘩終暖熱。
"Tương Sơn phá hiểu lập binh đình,",湘山破曉立俜停，
Tú mạt duyên hoa dư tích tuyết.,秀抹鉛華餘積雪。
"Cố Ứng sơn diệc vị dư hỷ,",故應山亦為餘喜，
Cách ngạn dao khan viên tiếu yếp.,隔岸遙看圓笑靨。
"Thiên nhai giai xứ khả đồng du,",千崖佳處可同游，
Minh nguyệt ba tình đương lý tiếp.,明月波情當理楫。
"Cận văn Khuyển Nhung viễn độn đào,",近聞犬戎遠遁逃，
Mục mã bất cảm xâm Lâm Thao.,牧馬不敢侵臨洮。
"Vị thuỷ uy di bạch nhật tịnh,",渭水逶迤白日淨，
Lũng sơn tiêu sắt thu vân cao.,隴山蕭瑟秋雲高。
"Không Đồng, Ngũ nguyên diệc vô sự,",崆峒五原亦無事，
Bắc Đình sổ hữu Quan Trung sứ.,北庭數有關中使。
"Tự văn tán phổ cánh cầu thân,",似聞贊普更求親，
Cữu sanh hoà hảo ưng nan khí.,舅甥和好應難棄。
"Cao Bưu hồ thuỷ thanh thả u,",高郵湖水清且幽，
Cao Bưu nữ nhi năng đãng chu.,高郵女兒能蕩舟。
"Thập bát sơ trang hảo cao kế,",十八梳妝好高髻，
Nhị thập giá phu trường viễn du.,二十嫁夫長遠遊。
"Thanh lăng kính phá bảo thoa chiết,",青菱鏡破寶釵折，
Phỉ thuý khâm hàn điệp hương tuyết.,翡翠衾寒疊香雪。
"Phương thảo vương tôn khứ bất quy,",芳草王孫去不歸，
Huệ cô đề xứ Tần lâu nguyệt.,蟪蛄啼處秦樓月。
"Lâu tiền dương liễu phi nhứ đa,",樓前楊柳飛絮多，
Môn ngoại thù ty thành võng la.,門外蛛絲成網羅。
"Cao Bưu hồ thuỷ tăng tịch ba,",高郵湖水增夕波，
Cao Bưu nữ nhi tương nại hà.,高郵女兒將奈何。
"An Tây đô hộ hồ thanh thông,",安西都護胡青驄，
Thanh giá hốt nhiên lai hướng đông.,聲價欻然來向東。
"Thử mã lâm trận cửu vô địch,",此馬臨陣久無敵，
Dữ nhân nhất tâm thành đại công.,與人一心成大功。
"Công thành huệ dưỡng tuỳ sở trí,",功成惠養隨所致，
Phiêu phiêu viễn tự lưu sa chí.,飄飄遠自流沙至。
"Hùng tư vị thụ phục lịch ân,",雄姿未受伏櫪恩，
Mãnh khí do tư chiến trường lợi.,猛氣猶思戰場利。
"Oản xúc đề cao như bặc thiết,",腕促蹄高如踣鐵，
Giao hà kỷ xúc tằng băng liệt.,交河幾蹴曾冰裂。
"Ngũ hoa tán tác vân mãn thân,",五花散作雲滿身，
Vạn lý phương khan hãn lưu huyết.,萬里方看汗流血。
"Trường An tráng nhi bất cảm kỵ,",長安壯兒不敢騎，
Tẩu quá xiết điện khuynh thành tri.,走過掣電傾城知。
"Thanh ty lạc đầu vị quân lão,",青絲絡頭為君老，
Hà do khước xuất Hoành Môn đạo.,何由卻出橫門道。
"Ngân sàng tà áp ngô đồng tỉnh,",銀床斜壓梧桐井，
Khiên động tàn ti ngũ sắc cảnh.,牽動殘絲五色綆。
"Tí quyển la tiêu bảo xuyến cao,",臂捲羅綃寶釧髙，
Ba ngưng ngọc nhũ kim bình lãnh.,波凝玉乳金瓶冷。
"Trầm trầm áp lục tẩm nha hoàng,",沈沈鴨緑浸鴉黃，
Lộc lô nhất thanh sầu đoạn trường.,轆轤一聲愁斷腸。
"Toái quang dao động lan can thấp,",碎光揺動闌干濕，
Thảo căn trích lộ âm cùng khấp.,草根滴露隂蛩泣。
"Nghệ An dĩ bắc tam thiên lý,",乂安以北三千里，
Đồn trấn nhi kim nhất bách niên.,屯鎮而今一百年。
"Vãng sự dĩ tùy lưu thủy khứ,",往事已隨流水去，
Tích nhân thặng giả bi truyền.,昔人剩者碑傳。
"Ô hô Phòng, Nguỵ bất phục kiến,",嗚呼房魏不復見，
Tần vương học sĩ thời nan tiện.,秦王學士時難羨。
"Thanh khâm trụ tử khốn nê đồ,",青衿胄子困泥塗，
Bạch mã tướng quân nhược lôi điện.,白馬將軍若雷電。
"Thiên tái thiểu tự Chu Vân nhân,",千載少似朱雲人，
Chí kim chiết hạm không lân tuân.,至今折檻空嶙峋。
"Lâu công bất ngữ, Tống công ngữ,",婁公不語宋公語，
Thượng ức tiên hoàng dung trực thần.,尚憶先皇容直臣。
"Chinh phụ lâm hành hiểu trang bạc,",征婦臨行曉妝薄，
Thượng đường từ cô song lệ lạc.,上堂辭姑雙淚落。
"Hàm tình dục tố khốc thanh trường,",含情欲訴哭聲長，
Nhất đoạn thê lương động lâm hác.,一段悽涼動林壑。
"Tòng phu bất từ hành lộ tu,",從夫不辭行路羞，
"Phụ khứ, thuỳ vi dưỡng cô mưu.",婦去誰為養姑謀。
"Phụ nhân tại quân cổ sở kỵ,",婦人在軍古所忌，
Kim nhật triệu mộ như truy tù.,今日召募如追囚。
"Thập niên phụ cô cộng cam khổ,",十年婦姑共甘苦，
Nhất thất đảo huyền không tứ cố.,一室倒懸空四顧。
"Tiểu lang tảo một cánh vô nhân,",小郎早沒更無人，
Khước bả thần hôn thác lân phụ.,卻把晨昏托鄰婦。
"Tình tri tống nhi thị mai nhi,",情知送儿是埋儿，
Cô niên lão đại mạc khổ bi.,姑年老大莫苦悲。
"Vạn nhất quân trung phế cơ trữ,",萬一軍中廢机杼，
Giảm mễ hoán y đương ký quy.,減米換衣當寄歸。
"Tiểu kỳ khiếu hô thôi tảo biệt,",小旗叫呼催早別，
Xuất môn tiện thành thiên lý cách.,出門便成千里隔。
"Kim dạ bất văn hoán phụ thanh,",今夜不聞喚婦聲，
Sầu tâm cộng quải thiên biên nguyệt.,愁心共挂天邊月。
"Hà sừ uý quan khứ hà qua,",荷鋤畏官去荷戈，
Hổ phù hạ điều chinh Giao Hà.,虎符下調征交河。
"Kinh niên bất đổ vân trung nhạn,",經年不睹雲中雁，
Dạ dạ không khuê ác mộng đa.,夜夜空閨惡夢多。
"Triêu lai thảm báo toàn quân một,",朝來慘報全軍沒，
Thốn cốt bất quy quy biện phát.,寸骨不歸歸辮髮。
"Kết phát ân thâm tiễn chỉ phan,",結髮恩深剪紙幡，
Táng quân di phát chiêu quân hồn.,葬君遺髮招君魂。
"Hồn hề mạc oán sa tràng tử,",魂兮莫怨沙場死，
Chiến tử sa trường tiên dư tội.,戰死沙場鮮餘罪。
"Đông gia a phụ tử quan lương,",東家阿父死官粮，
Quan phủ hạ lệnh giới thê tử.,官府下令械妻子。
"Cửu nguyệt Hung Nô sát biên tướng,",九月匈奴殺邊將，
Hán quân toàn một Liêu thuỷ thượng.,漢軍全沒遼水上。
"Vạn lý vô nhân thu bạch cốt,",萬里無人收白骨，
Gia gia thành hạ chiêu hồn táng.,家家城下招魂葬。
"Phụ nhân y ỷ tử dữ phu,",婦人依倚子與夫，
Đồng cư bần tiện tâm diệc thư.,同居貧賤心亦舒。
"Phu tử chiến trường tử tại phúc,",夫死戰場子在腹，
Thiếp thân tuy tồn như trú chúc.,妾身雖存如晝燭。
"Ngô Trung bạch trữ bạch như sương,",吳中白紵白如霜，
Xuân phong nhập y lan xạ hương.,春風入衣蘭麝香。
"Nhị nguyệt thành nam tang diệp lục,",二月城南桑葉綠，
Tân tàm sơ xuất vi ư túc.,新蠶初出微於粟。
"Thái tang nhật yến huề khuông quy,",采桑日晏攜筐歸，
Dạ bán huyền đăng đãi tàm thục.,夜半懸燈待蠶熟。
"Sào thành tố ti kinh thượng cơ,",繅成素絲經上機，
Lưỡng nhật nhất thất do khổ trì.,兩日一匹猶苦遲。
"Chức thành tài y dữ lang trứ,",織成裁衣與郎著，
Thiếp ninh tân khổ giao lang lạc.,妾甯辛苦教郎樂。
"Gia trung bần phú thuỳ đắc tri,",家中貧富誰得知，
Lang vô y trứ tha nhân xi.,郎無衣著他人嗤。
"Chức phụ hà thái mang,",織婦何太忙，
Tàm kinh tam ngoạ hành dục lão.,蠶經三臥行欲老。
"Tàm thần nữ thánh tảo thành ty,",蠶神女聖早成絲，
Kim niên ty thuế trừu trưng tảo.,今年絲稅抽徵早。
"Tảo trưng phi thị quan nhân ác,",早徵非是官人惡，
Khứ tuế quan gia sự nhung tác.,去歲官家事戎索。
"Trưng nhân chiến khổ thúc đao sang,",徵人戰苦束刀瘡，
Chủ tướng huân cao hoán la mán.,主將勳高換羅幕。
"Sào ty chức bạch do nỗ lực,",繅絲織帛猶努力，
Biến tập liêu cơ khổ nan chức.,變緝撩機苦難織。
"Đông gia đầu bạch song nữ nhi,",東家頭白雙女兒，
Vị giải khiêu văn giá bất đắc.,爲解挑紋嫁不得。
"Thiềm tiền niệu niệu du ty thượng,",檐前嫋嫋遊絲上，
Thượng hữu tri thù xảo lai vãng.,上有蜘蛛巧來往。
"Tiện tha trùng trãi giải duyên thiên,",羨他蟲豸解緣天，
Năng hướng hư không chức la võng.,能向虛空織羅網。
"Chử hải chi dân hà sở dinh,",煮海之民何所營，
Phụ vô tàm chức phu vô canh.,婦無蠶織夫無耕。
"Y thực chi nguyên thái liêu lạc,",衣食之源太寥落，
Lao bồn chử tựu nhữ luân chinh.,牢盆煮就汝輪征。
"Niên niên xuân hạ triều doanh phố,",年年春夏潮盈浦，
Triều thoái quát nê thành đảo tự.,潮退刮泥成島嶼。
"Phong can nhật bộc hàm vị gia,",風乾日曝咸味加，
Thuỷ quán triều ba lựu thành lỗ.,始灌潮波塯成滷。
"Lỗ nùng kiềm đạm vị đắc nhàn,",滷濃堿淡未得閑，
Thái tiều thâm nhập vô cùng sơn.,採樵深入無窮山。
"Báo tung hổ tích bất cảm tỵ,",豹蹤虎跡不敢避，
Triêu dương sơn khứ tịch dương hoàn.,朝陽山去夕陽還。
"Thuyền tải kiên kình vị hoàng yết,",船載肩擎未遑歇，
Đầu nhập cự táo viêm viêm nhiệt.,投入巨灶炎炎熱。
"Thần thiêu mộ thước đồi tích cao,",晨燒暮爍堆積高，
Tài đắc ba đào biến thành tuyết.,才得波濤變成雪。
"Tự tòng chư lỗ chí phi sương,",自從瀦滷至飛霜，
Vô phi giá thải sung hầu lương.,無非假貸充餱糧。
"Xưng nhập quan trung đắc vi trực,",稱入官中得微直，
Nhất mân vãng vãng thập mân thường.,一緡往往十緡償。
"Chu nhi phục thuỷ vô hưu tức,",周而復始無休息，
Quan tô vị liễu tư tô bức.,官租未了私租逼。
"Khu thê trục tử khoá công trình,",驅妻逐子課工程，
Tuy tác nhân hình câu thái sắc.,雖作人形俱菜色。
"Chúc hải chi dân hà khổ môn,",鬻海之民何苦門，
An đắc mẫu phú tử bất bần.,安得母富子不貧。
"Bản triều nhất vật bất thất sở,",本朝一物不失所，
Nguyện quảng hoàng nhân đáo hải tân.,愿廣皇仁到海濱。
"Giáp binh tịnh tẩy chinh luân chuyết,",甲兵淨洗征輪輟，
Quân hữu dư tài bãi diêm thiết.,君有餘財罷鹽鐵。
"Thái bình tương nghiệp nhĩ duy diêm,",太平相業爾惟鹽，
Hoá tác Hạ Thương Chu thời tiết.,化作夏商周時節。
"Biểu sơn thương lý sơn xích,",表山蒼裏山赤，
Tà đới sơn gian cổn cổn bích.,斜帯山間滾滾碧。
"Tùng phong trúc ảnh giáp cô chu,",松風竹影夾孤舟，
Khúc thuỷ hồi lưu triết lạc thạch.,曲水回流哲落石。
"Dư ba đáo hải bất cập bôn,",餘波到海不及奔，
Dẫn xuất lâu đài hoành thuỷ khuếch.,引出樓臺橫水廓。
"Tư Dung phiến nguyệt phù vân lai,",思容片月浮雲來，
Thuận An hạo hạo trường phong kích.,順安灝灝長風撃。
"Thiên lý chung tồn Giang Hán tư,",千里終存江漢思，
Nhất phàm bất biện vân bình tích.,一帆不瓣雲萍跡。
"Thiên địa ngoại hữu vô trung,",天地外有無中，
Giải đắc tâm khoan nhãn bất trách.,解得心寬眼不窄。
"Chước tửu dữ quân, quân tự khoan,",酌酒與君君自寬，
Nhân tình phiên phúc tự ba lan.,人情翻覆似波瀾。
"Bạch thủ tương tri do án kiếm,",白首相知猶按劍，
Chu môn tiên đạt tiếu đàn quan.,朱門先達笑彈冠。
"Thảo sắc toàn kinh tế vũ thấp,",草色全經細雨濕，
Hoa chi dục động xuân phong hàn.,花枝欲動春風寒。
"Thế sự phù vân hà túc vấn,",世事浮雲何足問，
Bất như cao ngoạ thả gia xan.,不如高臥且加餐。
Quân bất kiến:,君不見：
"Tiêu Tương chi sơn Hành sơn cao,",瀟湘之山衡山高，
Sơn điên chu phụng thanh ngao ngao.,山巔朱鳳聲嗷嗷。
"Trắc thân trường cố cầu kỳ quần,",側身長顧求其群，
Sí thuỳ khẩu cấm tâm thậm lao.,翅垂口噤心甚勞。
"Hạ mẫn bách điểu tại la võng,",下湣百鳥在羅網，
Hoàng tước tối tiểu do nan đào.,黃雀最小猶難逃。
"Nguyện phân trúc thực cập lâu nghĩ,",願分竹實及螻蟻，
Tận sử si kiêu tương nộ hào.,盡使鴟梟相怒號。
"Trâu, Mai biệt hậu kim kỷ niên,",邾枚別後今幾年，
Tương phùng phiên tác Hàn dữ Điên.,相逢翻作韓與顛。
"Vấn đạo tàm phi nhất túc giác,",問道慚非一宿覺，
Luận giao hỷ đắc tam sinh duyên.,論教喜得三生緣。
"Ngâm quy thương hải dạ thuyền nguyệt,",吟歸滄海夜船月，
Mộng nhiễu hoàng các hương lô yên.,夢繞黃閣香爐煙。
"Khổng Minh miếu tiền hữu lão bách,",孔明廟前有老柏，
Kha như thanh đồng căn như thạch.,柯如青銅根如石。
"Song bì lưu vũ tứ thập vi,",雙皮溜雨四十圍，
Đại sắc sâm thiên nhị thiên xích.,黛色參天二千尺。
"Quân thần dĩ dữ thì tế hội,",君臣已與時際會，
Thụ mộc do vi nhân ái tích.,樹木猶為人愛惜。
"Vân lai khí tiếp Vu Giáp trường,",雲來氣接巫峽長，
Nguyệt xuất hàn thông Tuyết Sơn bạch.,月出寒通雪山白。
"Ức tạc lộ nhiễu Cẩm đình đông,",憶昨路繞錦亭東，
"Tiên Chủ, Vũ Hầu đồng bí cung.",先主武侯同閟宮。
"Thôi ngôi chi cán giao nguyên cổ,",崔嵬枝幹郊原古，
Yểu điệu đan thanh hộ dũ không.,窈窕丹青戶牖空。
"Lạc lạc bàn cứ tuy đắc địa,",落落盤踞雖得地，
Minh minh cô cao đa liệt phong.,冥冥孤高多烈風。
"Phù trì tự thị thần minh lực,",扶持自是神明力，
Chánh trực nguyên nhân tạo hoá công.,正直元因造化功。
"Đại hạ như khuynh yếu lương đống,",大廈如傾要梁棟，
Vạn ngưu hồi thủ khâu sơn trọng.,萬牛迴首丘山重。
"Bất lộ văn chương thế dĩ kinh,",不露文章世已驚，
Vị từ tiễn phạt thuỳ năng tống.,未辭剪伐誰能送。
"Khổ tâm khởi miễn dung lâu nghị,",苦心豈免容螻蟻，
Hương diệp chung kinh túc loan phượng.,香葉終經宿鸞鳳。
"Chí sĩ u nhân mạc oán ta,",志士幽人莫怨嗟，
Cổ lai tài đại nan vi dụng.,古來材大難為用。
"Cổ nhân man ca tây phi yến,",古人謾歌西飛燕，
Thập niên bất kiến cuồng phu diện.,十年不見狂夫面。
"Tam canh phong tác thiết mộng đao,",三更風作切夢刀，
Vạn chuyển sầu thành hệ trường tuyến.,萬轉愁成系腸線。
"Sở ta bất cập Ngưu Nữ tinh,",所嗟不及牛女星，
Nhất niên nhất độ đắc tương kiến.,一年一度得相見。
"Quân bất kiến: Cố cung yến,",君不見：故宮燕，
Xuân vũ thu phong kỷ hồi chuyển.,春雨秋風幾回轉。
"Cung trung phong vũ trưởng bồng hao,",宮中風雨長蓬蒿，
Phi nhập cung tường nhiễu hư điện.,飛入宮墻繞虛殿。
"Xuyên liêm độ các vũ si trì,",穿帘度閣羽差池，
Tận nhật ni nam nhân vị tri.,盡日呢喃人未知。
"Liễu lục sạ hàm thiên xích nhứ,",柳綠乍銜千尺絮，
Hoa khai nhưng phất vạn niên chi.,花開仍拂萬年枝。
"Ngọc giai tịch mịch phù ty lãnh,",玉階寂寞罘罳冷，
Hoạ đống si trì xuân yến ảnh.,畫棟差池春燕影。
"Tuế tuế doanh sào cánh bất thành,",歲歲營巢竟不成，
Xuân lai thu khứ thuỳ tằng tỉnh.,春來秋去誰曾省。
"Khả lân thử độ thu phong tảo,",可憐此度秋風早，
Chỉnh đốn mao y do tự hảo.,整頓毛衣猶自好。
"Bồi hồi dục biệt Vị Ương cung,",徘徊欲別未央宮，
Vạn hộ thiên môn hốt như tảo.,萬戶千門忽如掃。
"Chung cự hà niên khứ Lạc Dương,",鍾簴何年去洛陽，
Tiên nhân từ Hán lệ thành hàng.,仙人辭漢淚成行。
"Tối khổ tây phi song yến tử,",最苦西飛雙燕子，
Hồi đầu bất kiến cựu cung tường.,回頭不見舊宮墻。
"Trường niên hà tằng tại hương quốc,",長年何曾在鄉國，
Tâm tính do lai hiếu vi khách.,心性由來好為客。
"Chỉ tương sinh sự ký giang hồ,",只將生事寄江湖，
Lợi thị hà sầu viễn hành dịch.,利市何愁遠行役。
"Thiêu tiền si tửu hiểu kỳ phong,",燒錢釃酒曉祈風，
Trục lữ du du tây phục đông.,逐侶悠悠西復東。
"Phù gia phiếm trạch vô khiên quải,",浮家泛宅無牽掛，
Tính danh bất hệ quan tịch trung.,姓名不繫官籍中。
"Tha nga đại bạch giáp song lỗ,",嵯峨大舶夾雙櫓，
Đại phụ năng ca tiểu phụ vũ.,大婦能歌小婦舞。
"Kỳ đình mỹ tửu nhật nhật cô,",旗亭美酒日日沽，
Bất thức nhân gian ly biệt khổ.,不識人間離別苦。
"Trường Giang lưỡng ngạn xướng lâu đa,",長江兩岸娼樓多，
Thiên môn vạn hộ tứ kinh qua.,千門萬戶恣經過。
"Nhân sinh hà như cổ khách lạc,",人生何如賈客樂，
Trừ khước phong ba nại nhược hà!,除卻風波奈若何。
Quân bất kiến:,君不見：
"Côn Ngô thiết dã phi viêm yên,",昆吾鐵冶飛炎煙，
Hồng quang tử khí câu hách nhiên.,紅光紫氣俱赫然。
"Lương công đoàn luyện phàm kỷ niên,",良工鍛煉凡幾年，
Chú đắc bảo kiếm danh Long Tuyền.,鑄得寶劍名龍泉。
"Long Tuyền nhan sắc như sương tuyết,",龍泉顏色如霜雪，
Lương công tư ta thán kỳ tuyệt.,良工咨嗟嘆奇絕。
"Lưu ly ngọc hạp thổ liên hoa,",琉璃玉匣吐蓮花，
Thác lũ kim hoàn ánh minh nguyệt.,錯鏤金環映明月。
"Chính phùng thiên hạ vô phong trần,",正逢天下無風塵，
Hạnh đắc chu phòng quân tử thân.,幸得周防君子身。
"Tinh quang ảm ảm thanh xà sắc,",精光黯黯青蛇色，
Văn chương phiến phiến lục quy lân.,文章片片綠龜鱗。
"Phi trực tiếp giao du hiệp tử,",非直接交遊俠子，
Diệc tằng thân cận anh hùng nhân.,亦曾親近英雄人。
"Hà ngôn trung lộ tao khí quyên,",何言中路遭棄捐，
Linh lạc phiêu luân cổ ngục biên.,零落飄淪古獄邊。
"Tuy phục trầm mai vô sở dụng,",雖復沉埋無所用，
Do năng dạ dạ khí xung thiên.,猶能夜夜氣衝天。
"Thiên Tân kiều hạ dương xuân thuỷ,",天津橋下陽春水，
Thiên Tân kiều thượng phồn hoa tử.,天津橋上繁華子。
"Mã thanh hồi hợp thanh vân ngoại,",馬聲回合青雲外，
Nhân ảnh động dao lục ba lý.,人影動搖綠波裏。
"Lục ba đãng dạng ngọc vi sa,",綠波蕩漾玉為砂，
Thanh vân ly phi cẩm tác hà.,青雲離披錦作霞。
"Khả liên dương liễu thương tâm thụ,",可憐楊柳傷心樹，
Khả liên đào lý đoạn trường hoa.,可憐桃李斷腸花。
"Thử nhật ngao du yêu mỹ nữ,",此日遨遊邀美女，
Thử thì ca vũ nhập xướng gia.,此時歌舞入娼家。
"Xướng gia mỹ nữ uất kim hương,",娼家美女郁金香，
Phi lai phi khứ công tử bàng.,飛來飛去公子傍。
"Đích đích châu liêm bạch nhật ánh,",的的珠帘白日映，
Nga nga ngọc nhan hồng phấn trang.,娥娥玉顏紅粉妝。
"Hoa tế bùi hồi song giáp điệp,",花際裴回雙蛺蝶，
Trì biên cố bộ lưỡng uyên ương.,池邊顧步兩鴛鴦。
"Khuynh quốc khuynh thành Hán Vũ Đế,",傾國傾城漢武帝，
Vi vân vi vũ Sở Tương Vương.,為雲為雨楚襄王。
"Cổ lai dung quang nhân sở tiện,",古來容光人所羨，
Huống phục kim nhật dao tương kiến.,況復今日遙相見。
"Nguyện tác khinh la trước tế yêu,",願作輕羅著細腰，
Nguyện vi minh kính phân kiều diện.,願為明鏡分嬌面。
"Dữ quân tương hướng chuyển tương thân,",與君相向轉相親，
Dữ quân song thê cộng nhất thân.,與君雙棲共一身。
"Nguyện tác trinh tùng thiên tuế cổ,",願作貞松千歲古，
Thuỳ luận phương cẩn nhất triêu tân.,誰論芳槿一朝新。
"Bách niên đồng tạ Tây sơn nhật,",百年同謝西山日，
Thiên thu vạn cổ Bắc Mang trần.,千秋萬古北邙塵。
"Môn ngoại phương đường nhất mẫu dư,",門外方溏一畝餘，
Niên niên bất súc tự đa ngư.,年年不畜自多魚。
"Phú nhân chủ chi thập thiên lợi,",富人主之十千利，
Bần nhân cô chi vô nhất như.,貧人沽之無一如。
"Mễ quý dĩ nan phu khẩu thực,",米貴已難敷口食，
Ba thâm hựu trị tác lâm sơ.,波深又值作霖初。
"An tri bần phú phi do mệnh,",安知貧富非由命，
Kiệt lực đương vi mạc hận cừ.,竭力當為莫恨渠。
"Bành gia nữ nhi thập lục thất,",彭家女兒十六七，
Xúc cúc trường trung xưng đệ nhất.,蹴踘場中稱第一。
"Chỉ kim niên dĩ nhị thập dư,",只今年已二十餘，
Mãn thân cổn lộng vưu tinh cực.,滿身袞弄尤精极。
"Bích ngọc thoa hoành kế oản vân,",碧玉釵橫髻綰雲，
Tiêu y thuý tụ thạch lựu quần.,綃衣翠袖石榴裙。
"Hương trần bất động bạch nhật noãn,",香塵不動白日暖，
Nhất thập lục giải đương trình quân.,一十六解當呈君。
"Chiết toàn tả hữu tật phục hoãn,",折旋左右疾復緩，
Kim liên bộ bộ đa kỳ ngoạn.,金蓮步步多奇玩。
"Đắc phi dao hoàn liên bất khai,",得非瑤環連不開，
Vô nãi loan giao tục nan đoạn.,無乃鸞膠續難斷。
"Lạc hoa lưu thuỷ khứ phục hồi,",落花流水去復回，
Phi yến nghinh phong tụ hoàn tán.,飛燕迎風聚還散。
"Trường trung nhất thời bách xảo xuất,",場中一時百巧出，
Quan giả như sơn tổng kinh thán.,觀者如山總驚嘆。
Liêu hoàn Bố xạ kim hữu vô?,遼丸布射今有無？
Nữ lưu thử kỹ diệc thiểu như.,女流此伎亦少如。
"Khởi độc Công Tôn đại nương vũ kiếm khí,",豈獨公孫大娘舞劍器，
Sử nhân quan chi năng thảo thư.,使人觀之能草書。
"Ức tích thanh minh giai tiết thì,",憶昔清明佳節時，
Dữ quân giải cấu thành tương tri.,與君邂逅成相知。
"Trào phong lộng nguyệt thông lai vãng,",嘲風弄月通來往，
Bát động phong tình vô hạn tư.,撥動風情無限思。
"Hầu môn duệ đoạn thiên kim tác,",侯門曳斷千金索，
Huề thủ ai kiên du hoạ các.,攜手挨肩遊畫閣。
"Hảo bả thanh ty kết tử sinh,",好把青絲結死生，
Minh sơn thệ hải tình bất bạc.,盟山誓海情不薄。
"Bạch vân diểu diểu thảo thanh thanh,",白雲渺渺草青青，
Tài tử tư thân dục biệt tình.,才子思親欲別情。
"Đốn giác đào kiểm vô xuân sắc,",頓覺桃臉無春色，
Sầu thính truyền thư nhạn kỷ thanh.,愁聽傳書雁幾聲。
"Quân hành tuy bất bài loan ngự,",君行雖不排鸞馭，
Thắng tự chinh man phụ huynh khứ.,勝似征蠻父兄去。
"Bi bi thiết thiết đoạn trường thanh,",悲悲切切斷腸聲，
Chấp thủ khiên y lý tiền thệ.,執手牽衣理前誓。
"Dữ quân thành tựu loan phượng hữu,",與君成就鸞鳳友，
Thiết mạc Tô thành luyến hoa liễu.,切莫蘇城戀花柳。
"Tự quân chi khứ thiếp toàn my,",自君之去妾攢眉，
Chi phấn thung điều phát như trửu.,脂粉慵調發如帚。
"Nhân duyên lưỡng địa tương tư trọng,",姻緣兩地相思重，
Tuyết nguyệt phong hoa thuỳ dữ cộng.,雪月風花誰與共？
"Khả liên phu phụ chính đương niên,",可憐夫婦正當年，
Không sử mai hoa hồ điệp mộng.,空使梅花蝴蝶夢。
"Lâm phong đối nguyệt vô hoan hảo,",臨風對月無歡好，
Thê lương chẩm thượng hồn điên đảo.,淒涼枕上魂顛倒。
"Nhất tiêu hốt mộng nhữ thú thân,",一宵忽夢汝娶親，
Lai triêu bất giác sầu nhan lão.,來朝不覺愁顏老。
"Minh ngôn nguyện tác thần lôi điện,",盟言願作神雷電，
Cửu thiên huyền nữ tương truyền biến.,九天玄女相傳遍。
"Chỉ quy cố lý vị quy tuyền,",只歸故里未歸泉，
Hà cố âm dung nan đắc kiến.,何故音容難得見？
"Tài lang ý giả thiếp ý chân,",才郎意假妾意真，
Tái trì dịch sử trần đan tâm.,再馳驛使陳丹心。
"Khả liên tam thất tu hoa mạo,",可憐三七羞花貌，
Tịch mịch hương khuê lý bất câm.,寂寞香閨裡不禁。
"Thanh hải uông dương thuý đại tòng,",青海汪洋翠岱從，
Ba trừng nhật hạo trạm khung thông.,波澄日皜湛穹蔥。
"Bàn Đào dị chủng yếm khung cùng,",盤桃異種厭芎藭，
Thê thê bổng bổng triêu dương đồng.,萋萋菶菶朝陽桐。
"Vật trân châu bối ngân sa đồng,",物珍珠貝銀沙銅，
Bì cách văn ban hổ báo hùng.,皮革文斑虎豹熊。
"Thiên niên xuân âm hạc quy tông,",千年春蔭鶴龜嵕，
Tú chung tinh dục toàn hoá công.,秀鍾精毓全化工。
"Tuấn ngạn đĩnh xuất khoa trường trung,",俊彥挺出科場中，
Thần ái nhân hiền quốc bất không.,茞藹人賢國不空。
"Đa văn bác lãm phát tâm lung,",多聞博覽發心聾，
Nhất đại Sơn Đẩu ngưỡng cự công.,一代山斗仰鉅公。
"Cao từ kiện bút sách kỳ công,",高詞健筆策奇功，
Diệp diệp tài hoa cái thế hùng.,燁燁才華蓋世雄。
"Khí lăng trường kiếm ỷ không đồng,",氣凌長劍倚崆峒，
Bút vãn văn tinh diễm thổ hồng.,筆挽文星焰吐紅。
"Hầu thiệt ban liên đài toạ hàng,",喉舌班聯台座降，
Yêu bội khanh thương ngọc sắc lung.,腰佩鏗鏘玉色瓏。
"Nhã vịnh hoàng hoa thịnh tuyển sung,",雅詠黃華盛選充，
Khinh giá chinh yên phất liễu phong.,輕駕征鞍拂柳風。
"Huyền hà đối ngữ phái vô cùng,",懸河對語沛無窮，
Đô đắc thực học đắc tâm hung.,都得實學得心胸。
"Ngô đạo tương truyền vô cực ông,",吾道相傳無極翁，
Vân bình vạn lý khánh lai đồng.,雲萍萬里慶來同。
"Cửu trùng sạ tấu nhất thư phong,",九重乍奏一書封，
Sứ tinh mật tiếp Tử Vi cung.,使星密接紫微宮。
"Uyên hành thú vũ ánh nga nhung,",鵷行獸舞映鵝絨，
Ngũ Phụng lâu tiền bát bách chung.,五鳳樓前八百鍾。
"Ngưỡng chiêm hoàng cực thiên hình dung,",仰瞻皇極天形容，
Vạn tuế liên hô chúc Đại Tông.,萬歲連呼祝岱宗。
"Hỉ kim thiên tải nhất kỳ phùng,",喜今千載一奇逢，
Tam sinh tự giác thoát trần tung.,三生自覺脫塵蹤。
"Bái quan hy triều hiệp hoà trung,",拜觀熙朝協和衷，
Thanh minh quân hữu thế dung dung.,聲明均囿世融融。
"Thi hoài sái lạc chỉ chinh sung,",詩懷洒落旨怔忡，
Gia tình hà tất ký thư đồng.,家情何必寄書筒。
"Nhẫm nhiễm sơ thu khách tư hốt,",荏苒初秋客思忽，
Đoạn tục gian văn thế bạng trùng.,斷續閒聞砌傍虫。
"Nhất luân minh nguyệt quản vân bồng,",一輪明月斡雲蓬，
Hành nam ngưng mục hiểu quy hồng.,衡南凝目曉歸鴻。
"Tương ức canh thâm mộng diệc dung,",相憶更深夢亦慵，
Thiên biên vọng khoát hải chi đông.,天邊望闊海之東。
Dư văn:,余聞：
"Liêu nhuyên sản xuất thần thảo tùng,",遼堧產出神草叢，
Y quốc lương phương mạch lý thông.,醫國良方脈理通。
"Quân điệu tiên tễ trú xuân dung,",勻調仙劑駐春容，
Thọ lương phát bạch áng nhan đồng.,壽涼髮白盎顏童。
"Đán hoa Nghiêu Thuấn tuế kiều tùng,",旦華堯舜歲喬松，
Đắc bằng tải tửu thả tương tòng.,得朋載酒且相從。
Mỹ tai!,美哉！
Đắc bằng tải tửu khả tương tòng.,得朋載酒可相從。
"Tuyết ý các vân, vân bất lưu,",雪意閣雲雲不流，
Cựu vân chính áp tân vân đầu.,舊雲正壓新雲頭。
"Mễ điên điên bút lạc song ngoại,",米顛顛筆落窗外，
Tùng lam tú xứ đương ngã lâu.,松嵐秀處當我樓。
"Thuỳ liêm chỉ sầu hảo cảnh thiểu,",垂帘只愁好景少，
Quyển liêm hựu phạ phong liễu nhiễu.,捲帘又怕風繚繞。
Liêm quyển liêm thuỳ để sự nan?,帘捲帘垂底事難，
Bất tình bất tự thuỳ năng hiểu!,不情不緒誰能曉！
"Lô yên tiệm sấu tiễn thanh tiểu,",爐煙漸瘦剪聲小，
Hựu thị cô hồng lệ tiễu tiễu.,又是孤鴻唳悄悄。
"Cổ thụ y tà lâm cổ đạo,",古樹欹斜臨古道，
Chi bất sinh hoa phúc sinh thảo.,枝不生花腹生草。
"Hành nhân bất kiến thụ thiếu thời,",行人不見樹少時，
Thụ kiến hành nhân kỷ phiên lão.,樹見行人幾番老。
"Bạch nhật đăng sơn vọng phong hoả,",白日登山望烽火，
Hoàng hôn ẩm mã bạng Giao Hà.,黃昏飲馬傍交河。
"Hành nhân điêu đẩu phong sa ám,",行人刁斗風沙暗，
Công chúa tỳ bà u oán đa!,公主琵琶幽怨多。
"Dã doanh vạn lý vô thành quách,",野營萬里無城郭，
Vũ tuyết phân phân liên đại mạc.,雨雪紛紛連大漠。
"Hồ nhạn ai minh dạ dạ phi,",胡雁哀鳴夜夜飛，
Hồ nhi nhãn lệ song song lạc.,胡兒眼淚雙雙落。
"Văn đạo Ngọc Môn do bị già,",聞道玉門猶被遮，
Ứng tương tính mệnh trục Khinh xa.,應將性命逐輕車。
"Niên niên chiến cốt mai hoang ngoại,",年年戰骨埋荒外，
Không kiến bồ đào nhập Hán gia.,空見葡萄入漢家。
"Giang thượng phóng thuyền như phóng mã,",江上放船如放馬，
Ba thanh bất hiết phàm bất hạ.,波聲不歇帆不下。
"Tài phát Kim Lăng hựu Tấn Lăng,",才發金陵又晉陵，
Thế khuynh thiên lý long tương giả.,勢傾千里龍驤者。
"Thế gian khoái sự năng kỷ hà,",世間快事能幾何，
Đối quân cô tửu quân xướng ca.,對君沽酒君唱歌。
Quân bất kiến:,君不見：
"Tạc nhật hành nhân thuyết vãng sự,",昨日行人說往事，
Ác phong tam nguyệt toạ Hoàng Hà.,惡風三月坐黃河。
"Thái Hoá phong đầu ngọc tỉnh liên,",太華峰頭玉井蓮，
Khai hoa thập trượng ngẫu như thuyền.,開花十丈藕如船。
"Lãnh tỷ tuyết sương cam tỉ mật,",冷比雪霜甘比蜜，
Nhất phiến nhập khẩu trầm kha thuyên.,一片入口沈痾痊。
"Ngã dục cầu chi bất đạn viễn,",我欲求之不憚遠，
Thanh bích vô lộ nan di duyên.,青壁無路難夤緣。
"An đắc trường thê thướng trích thực,",安得長梯上摘實，
Hạ chủng thất trạch căn chu liên.,下種七澤根株連。
"Trường Bạch long can tây nam lai,",長白龍干西南來，
Linh sơn khải vận thần đường khai.,靈山啟運神堂開。
"Nguyên viễn lưu trường miên dịch thế,",源遠流長綿奕世，
Biền phiên đề chỉ hoàng đồ bồi.,駢蕃褆祉皇圖培。
"Triệu tổ y quan bí lăng thất,",肇祖衣冠秘陵室，
Tam tổ nguyên cung thiên tải mật.,三祖元宮千載謐。
"Cừu thành bất cộng hà nhẫn ngôn,",仇成不共何忍言，
Thất hận hưng sư thử đệ nhất.,七恨興師此第一。
"Viên thuỷ viên mưu miễn Đản Phụ,",爰始爰謀緬亶父，
Kiều Sơn cảnh hựu do cố thổ.,橋山景佑猶故土。
"Xương Bình tiều thái cấm chí kim,",昌平樵采禁至今，
Triều gia hậu đức chiêu thiên cổ.,朝家厚德昭千古。
"Lạp quang cao huyền chiếu sa không,",蠟光高懸照紗空，
Hoa phòng dạ đảo hồng thủ cung.,花房夜搗紅守宮。
"Tượng khẩu xuy hương tháp đăng noãn,",象口吹香毾覴暖，
Thất tinh quải thành văn lậu bản.,七星掛城聞漏板。
"Hàn nhập phù ti điện ảnh hôn,",寒入罘罳殿影昏，
Thải loan liêm ngạch trước sương ngân.,彩鸞簾額著霜痕。
"Đề cô điếu nguyệt câu lan hạ,",啼蛄弔月鉤欄下，
Khuất tất đồng phô toả A Chân.,屈膝銅鋪鎖阿甄。
"Mộng nhập gia môn thượng sa chử,",夢入家門上沙渚，
Thiên hà lạc xứ trường châu lộ.,天河落處長洲路。
"Nguyện quân quang minh như thái dương,",願君光明如太陽，
Phóng thiếp kỵ ngư phiết ba khứ.,放妾騎魚撇波去。
"Dữ huynh hành niên hiệu nhất tuế,",與兄行年校一歲，
Hiền giả thị huynh ngu giả đệ.,賢者是兄愚者弟。
"Huynh tương phú quý đẳng phù vân,",兄將富貴等浮雲，
Đệ thiết công danh hảo quyền thế.,弟切功名好權勢。
"Trường An thu vũ thập nhật nê,",長安秋雨十日泥，
Ngã tào bị mã thính thần kê.,我曹鞴馬聽晨雞。
"Công khanh chu môn vị khai toả,",公卿朱門未開鎖，
Ngã tào dĩ đáo kiên tương tề.,我曹已到肩相齊。
"Ngô huynh thuỵ ổn phương thư tất,",吾兄睡穩方舒膝，
Bất miệt bất cân tháp hiểu nhật.,不襪不巾蹋曉日。
"Nam đề nữ khốc mạc ngã tri,",男啼女哭莫我知，
Thân thượng tu tăng phúc trung thực.,身上須繒腹中實。
"Kim niên tư ngã lai Gia Châu,",今年思我來嘉州，
Gia Châu tửu trùng hoa nhiễu lâu.,嘉州酒重花繞樓。
"Lâu đầu khiết tửu lâu hạ ngoạ,",樓頭喫酒樓下臥，
Trường ca đoản vịnh hoàn tương thù.,長歌短詠還相酬。
"Tứ thì bát tiết hoàn câu lễ,",四時八節還拘禮，
Nữ bái đệ thê nam bái đệ.,女拜弟妻男拜弟。
"Bức cân bàn đới bất quải thân,",幅巾鞶帶不挂身，
Đầu chỉ túc cấu hà tằng tẩy.,頭脂足垢何曾洗。
"Ngô huynh ngô huynh Sào, Hứa luân,",吾兄吾兄巢許倫，
Nhất sinh hỉ nộ trường nhậm chân.,一生喜怒長任真。
"Nhật tà chẩm trửu tẩm dĩ thục,",日斜枕肘寢已熟，
Thu thu tức tức vị hà nhân.,啾啾唧唧為何人。
"Cám trừu mạc kiến hoàng kim câu,",紺紬幕見黃金鉤，
Bối ky lỗi lạc trừng bất lưu.,貝璣磊落澄不流。
"Phân phân mỵ ảnh động ba thượng,",紛紛媚影動波上，
Đích đích viễn thế hoành sa đầu.,的的遠勢橫沙頭。
"Tiền sơn tiệm hôn ngư xướng tức,",前山漸昏漁唱息，
Duy hữu sơ vi ngâm cùng thu.,唯有疏葦吟窮秋。
"Dư phương nhị tiếp đối thử cảnh,",予方弭楫對此景，
Thời dục thừa hứng trường dạ du.,時欲乘興長夜游。
"Thanh nga đãng tương hốt viễn chí,",青蛾蕩槳忽遠至，
Tuy hữu nhã ước do tần tu.,雖有雅約猶嚬羞。
"Thái chu tiên minh tứ song tịch,",彩舟鮮明四窗辟，
Lan trửu tân hoạt gia tân lưu.,蘭酎辛滑嘉賓留。
"Ca dư thanh liệt quán chúng nhĩ,",歌餘清洌貫眾耳，
Tiếu động tư thái sinh hương cấu.,笑動姿采生香㡚。
"Ngọc bàn khoái lô quang nhất sắc,",玉盤膾鱸光一色，
Đính thốc hào hạch tuỳ sở sưu.,飣簇殽核隨所搜。
"Hà tà Sâm đảo khí du hạo,",河斜參倒氣遊浩，
Ngã khởi ẩm tử tử tất thù.,我起飲子子必酬。
"Cộng tri thử hội bất dị đắc,",共知此會不易得，
Giải cấu đắc thử nan tái cầu.,邂逅得此難再求。
"Khu khu tài tri tự lao dịch,",區區才知自勞役，
Nhiễu nhiễu trần tục đa bi ưu.,擾擾塵俗多悲憂。
"Dĩ tuý cánh ca cánh khởi vũ,",已醉更歌更起舞，
Minh nhật phân tán không ly sầu.,明日分散空離愁。
"Ngã tích học thi vị hữu đắc,",我昔學詩未有得，
Tàn dư vị miễn tòng nhân khất.,殘余未免從人乞。
"Lực sàn khí nỗi tâm tự tri,",力孱氣餒心自知，
Vọng thủ hư danh hữu tàm sắc.,妄取虛名有慚色。
"Tứ thập tòng nhung trú Nam Trịnh,",四十從戎駐南鄭，
Hàm yến quân trung dạ liên nhật.,酣宴軍中夜連日。
"Đả cầu trúc trường nhất thiên bộ,",打球筑場一千步，
Duyệt mã liệt cứu tam vạn thất.,閱馬列廄三萬匹。
"Hoa đăng túng bác thanh mãn lâu,",華燈縱博聲滿樓，
Bảo thoa diễm vũ quang chiếu tịch.,寶釵艷舞光照席。
"Tỳ bà huyền cấp băng bạo loạn,",琵琶弦急冰雹亂，
Yết cổ thủ quân phong vũ tật.,羯鼓手勻風雨疾。
"Thi gia tam muội hốt kiến tiền,",詩家三昧忽見前，
Khuất Giả tại nhãn nguyên lịch lịch.,屈賈在眼元歷歷。
"Thiên cơ vân cẩm dụng tại ngã,",天機雲錦用在我，
Tiễn tài diệu xứ phi đao xích.,剪裁妙處非刀尺。
"Thế gian tài kiệt cố bất phạp,",世間才杰固不乏，
Thu hào vị hợp thiên địa cách.,秋毫未合天地隔。
"Phóng Ông lão tử hà túc luân,",放翁老死何足論，
Quảng Lăng tán tuyệt hoàn kham tích.,廣陵散絕還堪惜。
"Nhật Bản đông phương pháp tây tư,",日本東方法西斯，
Dã man hung bạo hựu tàn khốc.,野蠻凶暴又殘酷。
"Phát động Liễu xâm Hoa chiến tranh,",發動了侵華戰爭，
Trung Quốc nhân dân bị đồ độc.,中國人民被荼毒。
"Nhân bị sát liễu, gia bị phần,",人被殺了家被焚，
"Mãn địa huyết hồng, mãn sơn cốt.",滿地血紅滿山骨。
"Phi cơ lạc đạn vô khả miễn,",飛機落彈無可免，
Cơ hàn tật bệnh nan sinh hoạt.,饑寒疾病難生活。
"Tha môn gian khổ địa đấu tranh,",他們艱苦地斗爭，
Bảo vệ dân chủ dữ hoà bình.,保衛民主與和平。
"Tha môn nhu yếu viện trợ giả,",他門需要援助者，
Tha môn nhu yếu hữu đồng tình.,他門需要有同情。
"Nhật quỷ hướng thế giới tiến công,",日鬼向世界進攻，
Tha thị nhân loại chi công địch.,他是人類之公敵。
"Việt Nam huynh đệ tỉ muội a,",越南兄弟姊妹阿，
Khoái khoái khởi lai trợ Trung Quốc.,快快起來助中國。
"Nỗ lực bang trợ Trung Quốc nhân,",努力幫助中國人，
Trung Quốc - Việt Nam như thần xỉ.,中國越南如唇齒。
"Tu tri thần vong tắc xỉ hàn,",須知唇亡則齒寒，
Cứu Trung Quốc thị cứu tự kỷ.,救中國是救自己。
"Thiên vũ tiêu tiêu trệ mao ốc,",天雨蕭蕭滯茅屋，
Không sơn vô dĩ uý u độc.,空山無以慰幽獨。
"Nhuệ đầu tướng quân lai hà trì,",銳頭將軍來何遲，
Linh ngã tâm trung khổ bất túc.,令我心中苦不足。
"Sổ khan hoàng vụ loạn huyền vân,",數看黃霧亂玄雲，
Thì thính nghiêm phong chiết kiều mộc.,時聽嚴風折喬木。
"Tuyền nguyên linh linh tạp viên dứu,",泉源泠泠雜猿狖，
Nê nính mạc mạc cơ hồng hộc.,泥濘漠漠饑鴻鵠。
"Tuế mộ cùng âm cảnh vị dĩ,",歲暮窮陰耿未已，
Nhân sinh hội diện nan tái đắc.,人生會面難再得。
"Ức nhĩ yêu hạ thiết ti tiễn,",憶爾腰下鐵絲箭，
Xạ sát lâm trung tuyết sắc lộc.,射殺林中雪色鹿。
"Tiền giả toạ bì nhân vấn mao,",前者坐皮因問毛，
Tri tử lịch hiểm nhân mã lao.,知子歷險人馬勞。
"Dị thú như phi tinh tú lạc,",異獸如飛星宿落，
Ưng huyền bất ngại thương sơn cao.,應弦不礙蒼山高。
"An đắc đột kỵ chỉ ngũ thiên,",安得突騎只五千，
Tốt nhiên my cốt giai nhĩ tào.,崒然眉骨皆爾曹。
"Tẩu bình loạn thế tương thôi xúc,",走平亂世相催促，
Nhất khoát minh chủ chính úc đào.,一豁明主正郁陶。
"Ức tích Phạm Tăng toái ngọc đẩu,",憶昔範增碎玉斗，
Vị sử ngô binh trước bạch bào.,未使吾兵著白袍。
"Hôn hôn xương hạp bế phân tẩm,",昏昏閶闔閉氛祲，
Thập nguyệt Kinh Nam lôi nộ hào.,十月荊南雷怒號。
"Đả hổ nhi,",打虎兒，
"Nãi tại Biện Lương chi Vũ Châu,",乃在汴梁之禹州，
Vũ Châu thành ngoại Chu gia lâu.,禹州城外朱家樓。
"Tiểu nhi thập nhất tuỳ phụ canh,",小兒十一隨父耕，
Thâm lâm hữu hổ ban mao thành.,深林有虎斑毛成。
"Lưu lưu hắc phong xuy thảo căn,",飀飀黑風吹草根，
Thừa phong quắc nhân thuỳ cảm anh?,乘風攫人誰敢攖？
"Tiểu nhi bất thức hổ,",小兒不識虎，
Nghi thị hồ dữ ly.,疑是狐與狸。
"Đẩu nhiên kiến hổ hàm phụ chi,",陡然見虎銜父肢，
Bào hao thảo tế phong lai xuy.,咆哮草際風來吹。
"Nhi đề hướng phong bất đắc phụ,",兒啼向風不得父，
Bả dặc đả hổ tiệt hổ lộ.,把杙打虎截虎路。
"Tam xích đồng tử ngũ xích dặc,",三尺童子五尺杙，
Bằng không kích khứ trước hổ ức.,憑空擊去著虎臆。
"Hổ kinh cố nhi xả phụ dật,",虎驚顧兒捨父逸，
Thâm lâm phong thảo giai vô sắc.,深林風草皆無色。
"Vũ Châu thái thú hô tiểu nhi,",禹州太守呼小兒，
Dữ chi dĩ bạch bão dĩ mi.,予之以帛飽以糜。
"Dư thời tại thự thức nhi diện,",予時在署識兒面，
Phi phát khiêu trịch chân nhi hy.,披發跳擲真兒嬉。
Vấn nhi đả hổ hổ hà tự?,問兒打虎虎何似？
"Cử thủ trương nha tác hổ thế,",舉手張牙作虎勢。
Giả hổ ẩn mạn khủng tiểu nhi.,假虎隱幔恐小兒，
"Tiểu nhi kinh tỵ lực bất chi,",小兒驚避力不支。
Đương thời kiến hổ đắc vô bố.,當時見虎得無怖，
"Thử sự ngã diệc muội kỳ cố,",此事我亦昧其故。
Vũ Châu thái thú tỉnh đắc tri.,禹州太守省得知，
"Thị thời tiểu nhi tri hữu phụ,",是時小兒知有父。
Nam nhi thất xích tung phục hoành.,男兒七尺縱復橫，
"Tranh danh quắc lợi vạn lý hành,",爭名攫利萬里行。
Cao đường tồn một tổng bất vấn.,高堂存沒總不問，
Na khẳng xả mệnh luyến sở sinh?,那肯捨命戀所生？
"Ngã sở tư, đả hổ nhi.",我所思，打虎兒。
"Lạc Dương thành đông đào lý hoa,",洛陽城東桃李花，
Phi lai phi khứ lạc thuỳ gia?,飛來飛去落誰家？
"Lạc Dương nữ nhi hảo nhan sắc,",洛陽女兒好顏色，
Hành phùng lạc hoa trường thán tức.,行逢落花長歎息。
"Kim niên hoa lạc nhan sắc cải,",今年花落顏色改，
Minh niên hoa khai phục thuỳ tại.,明年花開復誰在。
"Dĩ kiến tùng bách tồi vi tân,",已見松柏摧為薪，
Cánh văn tang điền biến thành hải.,更聞桑田變成海。
"Cổ nhân vô phục Lạc thành đông,",古人無復洛城東，
Kim nhân hoàn đối lạc hoa phong.,今人還對落花風。
"Niên niên tuế tuế hoa tương tự,",年年歲歲花相似，
Tuế tuế niên niên nhân bất đồng.,歲歲年年人不同。
"Ký ngôn toàn thịnh hồng nhan tử,",寄言全盛紅顏子，
Ưng liên bán tử bạch đầu ông.,應憐半死白頭翁。
"Thử ông bạch đầu chân khả liên,",此翁白頭真可憐，
Y tích hồng nhan mỹ thiếu niên.,伊昔紅顏美少年。
"Công tử vương tôn phương thụ hạ,",公子王孫芳樹下，
Thanh ca diệu vũ lạc hoa tiền.,清歌妙舞落花前。
"Quang lộc trì đài khai cẩm tú,",光祿池臺開錦繡，
Tướng quân lâu các hoạ thần tiên.,將軍樓閣畫神仙。
"Nhất triêu ngoạ bệnh vô tương thức,",一朝臥病無相識，
Tam xuân hành lạc tại thuỳ biên.,三春行樂在誰邊。
"Uyển chuyển nga mi năng kỷ thì,",宛轉蛾眉能幾時，
Tu du hạc phát loạn như ti.,須臾鶴發亂如絲。
"Đãn khán cổ lai ca vũ địa,",但看古來歌舞地，
Duy hữu hoàng hôn điểu tước phi.,惟有黃昏鳥雀飛。
"Đại Đê nữ nhi nhan như hoa,",大堤女兒顏如花，
Đại Đê đê thượng vô hào gia.,大堤堤上無豪家。
"Đông gia nữ tác tây gia phụ,",東家女作西家婦，
Phu năng trạo thuyền nữ cô tửu.,夫能棹船女沽酒。
"Xuân khứ thu lai niên phục niên,",春去秋來年復年，
Sinh ca tử khốc trường tương thủ.,生歌死哭長相守。
Quân bất kiến:,君不見：
"Tương Dương nữ nhi giá Kinh Châu,",襄陽女兒嫁荊州，
Tràng chung kích cổ phanh phì ngưu.,撞鍾擊鼓烹肥牛。
"Lâu thuyền nhất khứ vô hồi nhật,",樓船一去無回日，
Hồng lệ không tuỳ giang thuỷ lưu.,紅淚空隨江水流。
"Đại Đê nhị tam nguyệt,",大堤二三月，
Thuỳ dương thiên vạn bả.,垂楊千萬把。
"Thượng chi kham tàng áp,",上枝堪藏鴨，
Hạ căn kham hệ mã.,下根堪繫馬。
"Tàng nha hệ mã vãn lâu biên,",藏鴉繫馬晚樓邊，
Trầm thuỷ hương phần thanh tửu truyền.,沈水香焚清酒傳。
"Hồng hà uyển uyển ca thanh ngoại,",紅霞宛宛歌聲外，
Hán thuỷ đoàn đoàn minh kính tiền.,漢水團團明鏡前。
"Dạ ẩm triêu miên hoan bất túc,",夜飲朝眠歡不足，
Thu khứ xuân lai phương thảo lục.,秋去春來芳草綠。
"Chỉ tri lang thác tận hoàng kim,",只知郎橐盡黃金，
Bất đạo thiếp nhan tiêu bạch ngọc.,不道妾顏銷白玉。
"Giang hữu phương châu ngạn hữu sa,",江有方州岸有沙，
Nha tường ty lãm các thiên nha.,牙檣絲纜各天涯。
"Thoa hoành hoa khốn kinh tàn mộng,",釵橫花困驚殘夢，
Bất tín hành nhân bất ức gia.,不信行人不憶家。
"Nhị bát thiền quyên Đại Đê nữ,",二八嬋娟大堤女，
Khai lô tương đối y giang chử.,開壚相對依江渚。
"Đãi khách đăng lâu hướng thuỷ khan,",待客登樓向水看，
Yêu lang quyển mạn lâm hoa ngữ.,邀郎卷幔臨花語。
"Tế vũ mông mông thấp kỵ hà,",細雨濛濛濕芰荷，
Ba Đông thương lữ quải phàm đa.,巴東商侶掛帆多。
"Tự truyền phương tửu uyển hồng tụ,",自傳芳酒涴紅袖，
Thuỳ điệu nghiên trang hồi thuý nga.,誰調妍妝回翠娥。
"Trân điệm hoa đăng tịch dương hậu,",珍簟華燈夕陽後，
Đương lô lý sắt căng tiêm thủ.,當壚理瑟矜纖手。
"Nguyệt lạc tinh vi ngũ cổ thanh,",月落星微五鼓聲，
Xuân phong dao đãng song tiền liễu.,春風搖盪窗前柳。
"Tuế tuế phùng nghênh sa ngạn gian,",歲歲逢迎沙岸間，
Bắc nhân đa thức lục vân hoàn.,北人多識綠雲鬟。
"Vô đoan giá dữ Ngũ Lăng thiếu,",無端嫁與五陵少，
Ly biệt yên ba thương ngọc nhan.,離別煙波傷玉顏。
"Vu sơn bất kiến Lư sơn viễn,",巫山不見廬山遠，
Tùng lâm lan nhã thu phong vãn.,松林蘭若秋風晚。
"Nhất lão do minh nhật mộ chung,",一老猶鳴日暮鐘，
Chư tăng thượng khất trai thì phạn.,諸僧尚乞齋時飯。
"Hương Lô phong sắc ẩn tình hồ,",香爐峰色隱晴湖，
Chủng hạnh tiên gia cận bạch du.,種杏仙家近白榆。
"Phi tích khứ niên đề ấp tử,",飛錫去年啼邑子，
Hiến hoa hà nhật hứa môn đồ.,獻花何日許門徒。
"Đại mạch can khô, tiểu mạch hoàng,",大麥乾枯小麥黃，
"Phụ nữ hành khấp, phu tẩu tàng.",婦女行泣夫走藏。
"Đông chí Tập Bích, tây Lương Dương,",東至集壁西梁洋，
Vấn thuỳ yêu liêm Hồ dữ Khương.,問誰腰鐮胡與羌。
"Khởi vô Thục binh tam thiên nhân,",豈無蜀兵三千人，
Bộ lĩnh tân khổ giang sơn trường.,部領辛苦江山長。
"An đắc như điểu hữu vũ sí,",安得如鳥有羽翅，
Thác thân bạch vân hoàn cố hương.,托身白雲還故鄉。
"Đạo nhân lai tự Sùng Thiên cung,",道人來自崇天宮，
"Thủ đề nhất bức mô hồ long,",手提一幅糢糊龍。
"Vân thị Trùng Hoa thánh nhân vạn cơ hạ,",云是重華聖人萬幾暇，
Mặc hý tam muội thời thung dung.,墨戲三昧時從容。
"Thủ trung tạo hoá diệu vô tích,",手中造化妙無蹟，
Ngư thoa tạm thác Đào gia bích.,漁梭暫托陶家壁。
"Động tiền độc đới thấp vân quy,",洞前獨帶濕雲歸，
Tiên khởi Bình Ế khu tích lịch.,鞭起屏翳驅霹靂。
"Xuân hồi ngũ tự khê lưu quang,",春回五字溪流光，
Ấn phân tam đạo châu ngưng hương.,印分三道珠凝香。
"Nhiệt đàn triển bái tạ thiên tứ,",熱檀展拜謝天賜，
Ngâm thanh phảng phất sinh công đường.,吟聲彷彿生公堂。
"Bình sinh phan long sự tắc dĩ,",平生攀龍事則已，
Nhất phiến thiền tâm tuỳ hải thuỷ.,一片禪心隨海水。
"Chí tôn nhược đãi vi lâm thời,",至尊若待為霖時，
Chỉ hợp hình cầu trúc nham sĩ.,只合形求築岩士。
"Lão nông gia bần tại sơn trú,",老農家貧在山住，
Canh chủng sơn điền tam tứ mẫu.,耕種山田三四畝。
"Miêu sơ thuế đa bất đắc thực,",苗疏稅多不得食，
Thâu nhập quan thương hoá vi thổ.,輸入官倉化為土。
"Tuế mộ sừ lê bàng không thất,",歲暮鋤犁傍空室，
Hô nhi đăng sơn thu tượng thực.,呼兒登山收橡實。
"Tây Giang cổ khách châu bách hộc,",西江賈客珠百觳，
Thuyền trung dưỡng khuyển trường thực nhục.,船中養犬長食肉。
"Đả mạch đả mạch,",打麥打麥，
Bành bành phách phách.,彭彭魄魄。
"Thanh tại sơn nam ứng sơn bắc,",聲在山南應山北，
Tứ nguyệt thái dương xuất đông bắc.,四月太陽出東北。
"Tài ly hải kiêu mạch thượng thanh,",才离海嶠麥尚青，
Chuyển đáo thiên tâm mạch dĩ thục.,轉到天心麥已熟。
"Hạt đán thôi nhân dạ bất miên,",鹖旦催人夜不眠，
Trúc kê khiếu vũ vân như mặc.,竹雞叫雨雲如墨。
"Đại phụ yêu liêm xuất,",大婦腰鐮出，
Tiểu phụ cụ khuông trục.,小婦具筐逐。
"Thượng lũng tiên loát thanh,",上壟先捋青，
Hạ lũng dĩ thành thúc.,下壟已成束。
"Điền gia dĩ khổ nãi vi lạc,",田家以苦乃為樂，
Cảm đạn đầu khô diện tiều hắc.,敢憚頭枯面焦黑。
"Quý nhân tiến miếu dĩ thường tân,",貴人荐廟已嘗新，
Tửu lễ ung dung hội sở thân.,酒醴雍容會所親。
"Khúc chung yếm ứ lạo đồng bộc,",曲終厭飫勞童仆，
Khởi tín điền gia vị nhập thần.,豈信田家未入脣。
"Tận tương tinh hảo du công phú,",盡將精好輸公賦，
Thứ bả thăng đẩu cầu thị nhân.,次把升斗求巿人。
"Mạch thu chính cấp hựu ương hoà,",麥秋正急又秧禾，
"Phong tuế tự thiểu hung tuế đa,",丰歲自少兇歲多，
Điền gia tân khổ khả nại hà.,田家辛苦可奈何！
"Tương thử đả mạch từ,",將此打麥詞，
Kiêm tác tháp hoà ca.,兼作插禾歌。
"Nam từ kinh khuyết sấn triêu vũ,",南辭京闕趁朝雨，
Dương liễu thanh thanh phàm kỷ thụ.,楊柳青青凡幾樹。
"Tân bằng tương tống xa thanh huyên,",賓朋相送車聲喧，
Xa hạ ân cần mỗi chấp thủ.,車下慇懃每執手。
"Nhi tình tối thị Từ công tôn,",兒情最是徐公孫，
Song hàng biệt lệ vô nhất ngôn.,雙行別淚無一言。
"Ấu nhãn thông tiêu miên bất đắc,",幼眼通宵眠不得，
Bình minh khởi tống cập đài môn.,平明起送及臺門。
"Quân bất kiến: Nam Bắc thiên vô tư vũ lộ,",君不見南北天無私雨露，
Trường An định hữu trùng lai lộ.,長安定有重來路。
"Chi kim lưu khứ nan vi tình,",祗今留去難為情，
Hoả luân nhất chuyển nhất hồi cố.,火輪一轉一回顧。
"Xa hành tấn tốc quá Hải Vân,",車行迅速過海雲，
Hương Bình thiên dĩ cách hồng trần.,香屏天已隔紅塵。
"Nhất phiến ly tình lưỡng tương hệ,",一片離情兩相繫，
Trường luyến thần kinh hoài cố nhân.,長戀神京懷故人。
"Thanh sơn điệp điệp vi Bành Thành,",青山疊疊圍彭城，
Xâm vân sáp Hán thanh ngọc bình.,侵雲插漢青玉屏。
"Hoàng Hà thao thao tẩm khôn trục,",黃河滔滔浸坤軸，
Khiêu ba tiễn mạt đông nam khuynh.,跳波濺沫東南傾。
"Hoàng Lâu khởi xuất bán thiên lý,",黃樓起出半天裡，
Bằng cao nhất vọng tam thiên lý.,憑高一望三千里。
"Hạng Vương đài tiền lạc nhật hồng,",項王臺前落日紅，
Quán Quân mộ thượng bi phong khởi.,冠軍墓上悲風起。
"Thiên hoang địa lão cổ chiến trường,",天荒地老古戰場，
Thiên tải anh hùng kim dĩ hỹ!,千載英雄今已矣！
"Ngã gia viễn tại Giao Nam đầu,",我家遠在交南頭，
Thủ trì ngọc tiết đăng Hoàng Lâu.,手持玉節登黃樓。
"Ma sa thạch khắc Pha công tự,",摩挲石刻坡公字，
Như kim bất phụ bình sinh du.,如今不負平生遊。
"Đại giang lai tòng vạn sơn trung,",大江來從萬山中，
Sơn thế tận dữ giang lưu đông.,山勢盡與江流東。
"Chung sơn như long độc tây thướng,",鍾山如龍獨西上，
Dục phá cự lãng thừa trường phong.,欲破巨浪乘長風。
"Giang sơn tương hùng bất tương nhượng,",江山相雄不相讓，
Hình thắng tranh khoa thiên hạ tráng.,形勝爭誇天下壯。
"Tần Hoàng không thử ế hoàng kim,",秦皇空此瘞黄金，
Giai khí thông thông chí kim vượng.,佳氣蔥蔥至今旺。
Ngã hoài úc tắc hà do khai?,我懷鬱塞何由開，
Tửu hàm tẩu thướng thành nam đài.,酒酣走上城南臺。
"Toạ giác thương mang vạn cổ ý,",坐覺蒼茫萬古意，
Viễn tự hoang yên lạc nhật chi trung lai.,遠自荒煙落日之中來。
"Thạch Đầu thành hạ đào thanh nộ,",石頭城下濤聲怒，
Vũ kỵ thiên quần thuỳ cảm độ?,武騎千群誰敢渡？
Hoàng kỳ nhập Lạc cánh hà tường?,黄旗入洛竟何祥？
Thiết toả hoành giang vị vi cố.,鐵鎖橫江未為固。
"Tiền Tam quốc, hậu Lục triều,",前三國後六朝，
Thảo sinh cung khuyết hà tiêu tiêu!,草生宮闕何蕭蕭！
"Anh hùng thừa thời vụ cát cứ,",英雄乘時務割据，
Kỷ độ chiến huyết lưu hàn trào.,幾度戰血流寒潮。
"Ngã kim hạnh phùng thánh nhân khởi Nam quốc,",我今幸逢聖人起南國，
Hoạ loạn sơ bình sự hưu tức.,禍亂初平事休息。
"Tòng kim tứ hải vĩnh vi gia,",從今四海永為家，
Bất dụng Trường Giang hạn nam bắc.,不用長江限南北。
"Đăng cổ thành hề tư cổ nhân,",登古城兮思古人，
Cảm hiền đạt hề đồng ai trần.,感賢達兮同埃塵。
"Vọng bình nguyên hề ký viễn mục,",望平原兮寄遠目，
Thán Cô Tô hề tụ my lộc.,歎姑蘇兮聚麋鹿。
"Hoàng Trì cao hội sự vị chung,",黃池高會事未終，
Thương hải hoành lưu nhân đãng phúc.,滄海橫流人蕩覆。
"Ngũ Viên sát thân thuỳ bất oan,",伍員殺身誰不冤，
Cánh khan mộ thụ như sở ngôn.,竟看墓樹如所言。
"Việt Vương thường đảm yên khả địch,",越王嘗膽安可敵，
Viễn thủ thạch điền hà sở ích.,遠取石田何所益。
"Nhất triêu không tạ hội kê nhân,",一朝空謝會稽人，
Vạn cổ do thương Dũng đông khách.,萬古猶傷甬東客。
"Thử ly ly hề thành pha đà,",黍離離兮城坡坨，
Ngưu dương tiễn hề mục thụ ca.,牛羊踐兮牧豎歌。
"Dã vô nhân hề thu thảo lục,",野無人兮秋草綠，
Viên vi khư hề cổ mộc đa.,園為墟兮古木多。
"Bạch dương tiêu tiêu bi cố kha,",白楊蕭蕭悲故柯，
Hoàng tước thu thu tranh vãn hoà.,黃雀啾啾爭晚禾。
"Hoang thiên đoạn hề thuỳ trùng quá,",荒阡斷兮誰重過，
Cô chu thệ hề sầu nhược hà.,孤舟逝兮愁若何。
"Thiên hàn nhật mộ giang phong lạc,",天寒日暮江楓落，
Diệp khứ từ phong thuỷ tự ba.,葉去辭風水自波。
"Cửu nguyệt vọng hậu thiên khí lương,",九月望後天氣涼，
Bạch nhật ảm thảm thần vô quang.,白日黯慘晨無光。
"Ky nhân bồng phát toạ đoạn sàng,",羈人蓬髮坐斷床，
Bi phong táp táp xuy y thường.,悲風颯颯吹衣裳。
"Bộ đinh khiết lai thanh lang lang,",部丁朅來聲琅琅，
Hoán thủ túc xúc phó sảnh đường.,喚取蹙促赴廳堂。
"Phiên thân hà giới tuỳ nhạn hàng,",翻身荷械隨雁行，
Tệ cân bất chỉnh tẩu thả mang.,敝巾不整走且忙。
"Nhập môn ngục tốt hiệp lưỡng bàng,",入門獄卒挾兩傍，
Đô nhân hãi quan như đổ tường.,都人駭觀如堵牆。
"Đại quan liệt toạ hạ nhất lang,",大官列坐下一郎，
Hô xuất ngục cụ la trí tương.,呼出獄具羅致將。
"Cự đằng chi tiên trường thả trường,",巨藤之鞭長且長，
Phu tử nhục ngạnh nhu như cương.,膚紫肉硬揉如僵。
"Ky nhân yển ngoạ hình thương hoàng,",羈人偃臥形蒼黃，
Hồi đầu trắc cố như kinh dương.,回頭側顧如驚羊。
"Thủ thân cước trực lưỡng nhãn hoang,",手伸脚直兩眼慌，
Vũ hậu thấp độc chưng bàng quang.,雨後濕毒烝膀胱。
"Lương cửu vấn tấn khẩu bất trương,",良久問訊口不張，
Khổ đạo khuất khuất hào khung thương.,苦道屈屈號穹蒼。
"Quan thanh tích lịch tồi đài lương,",官聲霹靂摧臺樑，
Điện quang thiểm thiểm giao phi tường.,電光閃閃交飛翔。
"Hân như song giao bác hoại đường,",掀如雙蛟搏壞塘，
Bãi như lãnh thuỷ quán cấp thang.,罷如冷水灌急湯。
"Lưỡng mộc trác lập thế quật cường,",兩木卓立勢倔彊，
Thân thanh thập nhị hồi tu lang.,呻聲十二迴修廊。
"Ô hô nhất chi xuân hải đường,",嗚呼一枝春海棠，
Tồi chiết bất biện Xương Châu hương.,摧折不辨昌州香。
"Thử thì mộ thiên quýnh thương mang,",此時暮天迥蒼茫，
Đài giác vị ngã phi thanh sương.,臺角為我飛清霜。
"Đằng tiên thuỳ thuỳ khí bất dương,",藤鞭垂垂氣不揚，
Củng lập nhiễu chỉ hồi nhu trường.,拱立繞指迴柔腸。
"Đắc táng mệnh dã nhân chi thường,",得喪命也人之常，
My mục như nhân hà thích thương?,眉目如人何戚傷？
"Quốc ân gia trạch vị thiểu thường,",國恩家澤未少償，
Dũng phu na tử hàn mặc trường.,勇夫那死翰墨場。
Ta tai đằng tiên!,嗟哉藤鞭！
Nhĩ bất kiến:,爾不見：
"Đức Giang chi dương,",德江之陽，
Nguyệt Hằng chi cương.,月恆之崗。
"Thượng hữu bán tử chi tùng bách,",上有半死之松柏，
Đột ngột đống cửu nhi tương vọng.,突兀凍久而相望。
"Cẩu phất khí vu triết tượng,",苟弗棄于哲匠，
Cố vô thủ hồ kê thê dữ dự chương.,固無取乎雞棲與豫章。
Nhi hà tiễn phạt chi đương.,而何剪伐之當。
"Sơn đầu bạch nhật vân anh anh,",山頭白日雲英英，
Thiên phong đảo tháp thiên giang minh.,千峰倒插千江明。
"Thủ bả phù dung bộ thạch bích,",手把芙蓉步石壁，
Thương thuý loạn xạ viên điểu kinh.,蒼翠亂射猿鳥驚。
"Thuỳ tri vân ngoại xuy tử sinh,",誰知雲外吹紫笙，
Dục lai bất lai không phục tình.,欲來不來空復情。
"Thiên phong xuy ngã bội tiêu sắt,",天風吹我佩簫瑟，
Hoảng nghi thân tại Côn Lôn hành.,恍疑身在昆侖行。
"Đằng Vương cao các lâm giang chử,",滕王高閣臨江渚，
Bội ngọc minh loan bãi ca vũ.,佩玉鳴鸞罷歌舞。
"Hoạ đống triêu phi Nam phố vân,",畫棟朝飛南浦雲，
Châu liêm mộ quyển Tây Sơn vũ.,珠簾暮捲西山雨。
"Nhàn vân đàm ảnh nhật du du,",閒雲潭影日悠悠，
Vật hoán tinh di kỷ độ thu.,物換星移幾度秋。
"Các trung đế tử kim hà tại,",閣中帝子今何在，
Hạm ngoại Trường Giang không tự lưu.,檻外長江空自流。
"Tướng quân Nguỵ Vũ chi tử tôn,",將軍魏武之子孫，
Ư kim vi thứ vi thanh môn.,於今為庶為青門。
"Anh hùng cát cứ tuy dĩ hĩ,",英雄割據雖已矣，
Văn thái phong lưu kim thượng tồn.,文采風流今尚存。
"Học thư sơ học Vệ phu nhân,",學書初學衛夫人，
Đãn hận vô quá Vương Hữu Quân.,但恨無過王右軍。
"Đan thanh bất tri lão tương chí,",丹青不知老將至，
Phú quý ư ngã như phù vân.,富貴於我如浮雲。
"Khai Nguyên chi trung thường dẫn kiến,",開元之中常引見，
Thừa ân sác thướng Nam Huân điện.,承恩數上南熏殿。
"Lăng Yên công thần thiểu nhan sắc,",凌煙功臣少顏色，
Tướng quân hạ bút khai sinh diện.,將軍下筆開生面。
"Lương tướng đầu thượng tiến hiền quan,",良相頭上進賢冠，
Mãnh tướng yêu gian đại vũ tiễn.,猛將腰間大羽箭。
"Bao công, Ngạc công mao phát động,",褒公鄂公毛髮動，
Anh tư táp sảng do hàm chiến.,英姿颯爽猶酣戰。
"Tiên đế thiên mã Ngọc Hoa Thông,",先帝天馬玉花驄，
Hoạ công như sơn mạc bất đồng.,畫工如山貌不同。
"Thị nhật khiên lai xích trì hạ,",是日牽來赤墀下，
Quýnh lập xương hạp sinh trường phong.,迥立閶闔生長風。
"Chiếu vị tướng quân phất quyên tố,",詔謂將軍拂絹素，
Ý tượng thảm đạm kinh dinh trung.,意匠慘淡經營中。
"Tư tu cửu trùng chân long xuất,",斯須九重真龍出，
Nhất tiển vạn cổ phàm mã không.,一洗萬古凡馬空。
"Ngọc Hoa khước tại ngự tháp thượng,",玉花卻在御榻上，
Tháp thượng đình tiền ngật tương hướng.,榻上庭前屹相向。
"Chí tôn hàm tiếu thôi tứ kim,",至尊含笑催賜金，
Ngữ nhân thái bộc giai trù trướng.,圉人太僕皆惆悵。
"Đệ tử Hàn Cán tảo nhập thất,",弟子韓幹早入室，
Diệc năng hoạ mã cùng thù tướng.,亦能畫馬窮殊相。
"Cán duy hoạ nhục bất hoạ cốt,",幹惟畫肉不畫骨，
Nhẫn sử Hoa Lưu khí điêu táng.,忍使驊騮氣凋喪。
"Tướng quân hoạ thiện cái hữu thần,",將軍畫善蓋有神，
Ngẫu phùng giai sĩ diệc tả chân.,偶逢佳士亦寫真。
"Tức kim phiêu bạc can qua tế,",即今漂泊干戈際，
Lũ mạo tầm thường hành lộ nhân.,屢貌尋常行路人。
"Đồ cùng phản tao tục nhãn bạch,",塗窮反遭俗眼白，
Thế thượng vị hữu như công bần.,世上未有如公貧。
"Đãn khán cổ lai thịnh danh hạ,",但看古來盛名下，
Chung nhật khảm lẫm triền kỳ thân.,終日坎壈纏其身。
"Nhi vi vương, mẫu vi tù,",兒為王，母為囚，
Đán thung mộ thung vô thì hưu.,旦舂暮舂無時休。
"Thiên cao địa nhục nhật nguyệt lưu,",天高地辱日月流，
Mẫu khổ bất đắc tòng nhi du.,母苦不得從兒遊。
"Hán gia mưu thần Trương Lưu Hầu,",漢家謀臣張留侯，
Lão nhân lập trí Thương Sơn đầu.,老人立致商山頭。
"Quân vương khinh tín vũ dực sầu,",君王輕信羽翼愁，
"Thập niên thân hậu trí an Lưu,",十年身後知安劉，
Khôn kiềm chi nhân hà dĩ lưu.,髡鉗之人何以留。
"Nguyệt Giáp, Cù Đường vân tác đỉnh,",月峽瞿塘雲作頂，
Loạn thạch tranh vanh tục vô tỉnh.,亂石崢嶸俗無井。
"Vân An cô thuỷ nô bộc bi,",雲安酤水奴僕悲，
Ngư Phúc di cư tâm lực tỉnh.,魚復移居心力省。
"Bạch Đế thành tây vạn trúc bàn,",白帝城西萬竹蟠，
Tiếp đồng dẫn thuỷ hầu bất can.,接筒引水喉不幹。
"Nhân sinh lưu trệ sinh lý nan,",人生留滯生理難，
Đẩu thuỷ hà trực bách ưu khoan.,斗水何直百憂寬。
"Đạo bàng bi thạch hà luỹ luỹ,",道傍碑石何累累，
Thập lý ngũ lý hành tương truy.,十里五里行相追。
"Tế quan văn tự vị ma diệt,",細觀文字未磨滅，
Kỳ từ như xuất nhất thủ vi.,其詞如出一手為。
"Thịnh xưng trưởng lại hữu huệ chính,",盛稱長吏有惠政，
Di ái tưởng tượng thiên thu thuỳ.,遺愛想像千秋垂。
"Tựu trung hành sự cực toả tế,",就中行事極瑣細，
Thư ngữ bất cố thức giả xuy.,齟齬不顧識者嗤。
"Trưng du tảo tất đạo kiếp hoạch,",徵輸早畢盜劫獲，
Huỳnh cung ký tập thành điệp tuỳ.,黌宮既葺城堞隨。
"Tiên thánh thả vi yếu danh cụ,",先聖且為要名具，
Hạ thử lê thứ giao khả bi.,下此黎庶教可悲。
"Cư nhân ngộ giả liêu tá vấn,",居人遇者聊借問，
Tính danh hoảng hốt vân bất tri.,姓名恍惚云不知。
"Vãng thì vu ngã bản vô ân,",往時于我本無恩，
Khứ hậu khiển ngã như hà ti.,去後遣我如何思？
"Khứ giả bất tư, lai giả nộ,",去者不思來者怒，
Hậu xa khủng đạo tiền triệt nguy.,後車恐蹈前轍危。
"Thâm sơn tạc thạch thu vũ hoạt,",深山鑿石秋雨滑，
Canh thời ngưu lực lao vãn suy.,耕時牛力勞挽推。
"Lý xã hợp tiền dĩ tác ký,",里社合錢以作記，
Thố viên lão tẩu di chỉ huy.,兔園老叟頤指揮。
"Thỉnh khan bi thạch câu chuyên trứu,",請看碑石俱磚甃，
Thân cập thê tử vô hoàn y.,身及妻子無完衣。
"Đãn nguyện Thái Hàng sơn thượng thạch,",但愿太行山上石，
Hoá vi Hô Đà thuỷ trung nê.,化為滹沱水中泥。
"Bất giao đạo bàng khích địa chính vô hạn,",不教道傍隙地正無限，
Ná miễn niên niên thường lập bi.,那免年年常立碑。
"Thanh đô chúng mộc tổng vinh phân,",清都眾木總榮芬，
Truyền đạo cô tùng tối xuất quần.,傳道孤松最出群。
"Danh tiếp thiên đình trường cảnh sắc,",名接天庭長景色，
Khí liên cung khuyết tá phân uân.,氣連宮闕借氛氳。
"Huyền trì đích đích đình hoa lộ,",懸池的的停華露，
Yển cái trùng trùng phất thuỵ vân.,偃蓋重重拂瑞雲。
"Bất tá lưu cao trợ tiên đỉnh,",不借流膏助仙鼎，
Nguyện tương trinh cán bổng minh quân.,願將楨幹捧明君。
"Mạc tỷ Minh Linh Sở nam thụ,",莫比冥靈楚南樹，
Hủ lão giang biên đại bất văn.,朽老江邊代不聞。
"Đào hoa ổ lý đào hoa am,",桃花塢裏桃花庵，
Đào hoa am lý đào hoa tiên.,桃花庵裏桃花仙。
"Đào hoa tiên nhân chủng đào thụ,",桃花仙人種桃樹，
Hựu trích đào hoa hoán tửu tiền.,又摘桃花換酒錢。
"Tửu tỉnh chỉ tại hoa tiền toạ,",酒醒只在花前坐，
Tửu tuý hoàn lai hoa hạ miên.,酒醉還來花下眠。
"Bán tỉnh bán tuý nhật phục nhật,",半醒半醉日復日，
Hoa lạc hoa khai niên phục niên.,花落花開年復年。
"Đãn nguyện lão tử hoa tửu gian,",但願老死花酒間，
Bất nguyện cúc cung xa mã tiền.,不願鞠躬車馬前。
"Xa trần mã túc quý giả thú,",車塵馬足貴者趣，
Tửu trản hoa chi bần giả duyên.,酒盞花枝貧者緣。
"Nhược tương phú quý tỉ bần tiện,",若將富貴比貧賤，
Nhất tại bình địa nhất tại thiên.,一在平地一在天。
"Nhược tương bần tiện tỉ xa mã,",若將貧賤比車馬，
Tha đắc khu trì ngã đắc nhàn.,他得驅馳我得閑。
"Biệt nhân tiếu ngã thắc phong điên,",別人笑我忒瘋癲，
Ngã tiếu tha nhân khán bất xuyên.,我笑他人看不穿。
"Bất kiến Ngũ Lăng hào kiệt mộ,",不見五陵豪傑墓，
Vô hoa vô tửu sừ tác điền.,無花無酒鋤作田。
"Đào hoa đàm trung xuân thuỷ thâm,",桃花潭中春水深，
Đào hoa đàm thượng xuân vân âm.,桃花潭上春雲陰。
"Vân âm bất kiến cổ nhân diện,",雲陰不見古人面，
Thuỷ thâm tằng chiếu cổ nhân tâm.,水深​​曾照古人心。
"Như hà Lý Bạch Uông Luân hậu,",如何李白汪倫後，
Vân thuỷ hoang lương trực chí câm.,雲水荒涼直至今。
"Ngô văn đằng dĩ mạn đắc danh,",吾聞藤以蔓得名，
Thân vô sở y bất sinh thành.,身無所依不生成。
"Khán quân yển ngoạ như khởi lập,",看君偃臥如起立，
Nhã phụ tiết mục bất tự khinh.,雅負節目不自輕。
"Ngang tàng khiết khuất tự vi thụ,",昂藏潔屈自為樹，
Bàng hữu trường tùng nghĩa bất phụ.,傍有長松義不附。
"Xuân lai ảnh lạc giản thuỷ trung,",春來影落澗水中，
Bất dữ đào hoa đồng kỳ khứ.,不與桃花同其去。
Đào hoa liêm ngoại đông phong nhuyễn,桃花簾外東風軟，
Đào hoa liêm nội thần trang lãn,桃花簾內晨妝懶：
Liêm ngoại đào hoa liêm nội nhân,簾外桃花簾內人，
Nhân dữ đào hoa cách bất viễn,人與桃花隔不遠；
Đông phong hữu ý yết liêm lung,東風有意揭簾櫳，
Hoa dục khuy nhân liêm bất quyển,花欲窺人簾不卷。
Đào hoa liêm ngoại khai nhưng cựu,桃花簾外開仍舊，
Liêm trung nhân tỉ đào hoa sấu,簾中人比桃花瘦；
Hoa giải liên nhân hoa diệc sầu,花解憐人花亦愁，
Cách liêm tiêu tức phong xuy thấu,隔簾消息風吹透。
Phong thấu liêm lung hoa mãn đình,風透簾櫳花滿庭，
Đình tiền xuân sắc bội thương tình,庭前春色倍傷情：
Nhàn đài viện lạc môn không yểm,閑苔院落門空掩，
Tà nhật lan can nhân tự bằng,斜日欄杆人自憑。
Bằng lan nhân hướng đông phong khấp,憑欄人向東風泣，
Thiến quần thâu bạng đào hoa lập,茜裙偷傍桃花立；
Đào hoa đào diệp loạn phân phân,桃花桃葉亂紛紛，
Hoa trán tân hồng diệp ngưng bích,花綻新紅葉凝碧。
Vụ khoả yên phong nhất vạn chu,霧裹煙封一萬株，
Hồng lâu chiếu bích hồng mô hồ,烘樓照壁紅模糊；
Thiên cơ thiêu phá uyên ương cẩm,天機燒破鴛鴦錦，
Xuân hàm dục tỉnh di san chẩm,春酣欲醒移珊枕。
Thị nữ kim bồn tiến thuỷ lai,侍女金盆進水來，
Hương tuyền ảnh trám yên chi lãnh,香泉影蘸胭脂冷！
Yên chi tiên diễm hà tương loại,胭脂鮮艷何相類，
Hoa chi nhan sắc nhân chi lệ,花之顏色人之淚，
Nhược tương nhân lệ tỉ đào hoa,若將人淚比桃花，
Lệ tự trường lưu hoa tự mỵ,淚自長流花自媚，
Lệ nhãn quan hoa lệ dị can,淚眼觀花淚易乾，
Lệ can xuân tận hoa tiều tuỵ,淚乾春盡花憔悴。
Tiều tuỵ hoa già tiều tuỵ nhân,憔悴花遮憔悴人，
Hoa phi nhân quyện dịch hoàng hôn,花飛人倦易黃昏；
Nhất thanh đỗ vũ xuân quy tận,一聲杜宇春歸盡，
Tịch mịch liêm lung không nguyệt ngân.,寂寞簾櫳空月痕！
"Vọng Di cung trung lộc vi mã,",望夷宮中鹿為馬，
Tần nhân bán tử Trường Thành hạ.,秦人半死長城下。
"Tỵ thì bất độc Thương Sơn ông,",避時不獨商山翁，
Diệc hữu Đào Nguyên chủng đào giả.,亦有桃源種桃者。
"Thử lai chủng đào kinh kỷ xuân,",此來種桃經幾春，
Thái hoa thực thực chi vi tân.,採花食實枝為薪。
"Nhi tôn sinh trưởng dữ thế cách,",兒孫生長與世隔，
Tuy hữu phụ tử vô quân thần.,雖有父子無君臣。
"Ngư lang dạng chu mê viễn cận,",漁郎漾舟迷遠近，
Hoa gian tương kiến nhân tương vấn.,花間相見因相問。
"Thế thượng na tri cổ hữu Tần,",世上那知古有秦，
Sơn trung khởi liệu kim vi Tấn.,山中豈料今為晉。
"Văn đạo Trường An xuy chiến trần,",聞道長安吹戰塵，
Xuân phong hồi thủ nhất triêm cân.,春風回首一霑巾。
"Trùng Hoa nhất khứ ninh phục đắc,",重華一去寧復得，
Thiên hạ phân phân kinh kỷ Tần.,天下紛紛經幾秦。
"Ngư châu trục thuỷ ái sơn xuân,",漁舟逐水愛山春，
Lưỡng ngạn đào hoa giáp cổ tân.,兩岸桃花夾古津。
"Toạ khán hồng thụ bất tri viễn,",坐看紅樹不知遠，
Hành tận thanh khê bất kiến nhân.,行盡青溪不見人。
"Sơn khẩu tiềm hành thuỷ ôi áo,",山口潛行始隈隩，
Sơn khai khoáng vọng toàn bình lục.,山開曠望旋平陸。
"Dao khan nhất xứ toản vân thụ,",遙看一處攢雲樹，
Cận nhập thiên gia tán hoa trúc.,近入千家散花竹。
"Tiều khách sơ truyền Hán tính danh,",樵客初傳漢姓名，
Cư nhân vị cải Tần y phục.,居人未改秦衣服。
"Cư nhân cộng trú Võ Lăng nguyên,",居人共住武陵源，
Hoàn tùng vật ngoại khởi điền viên.,還從物外起田園。
"Nguyệt minh tùng hạ phòng long tịnh,",月明松下房櫳靜，
Nhật xuất vân trung kê khuyển huyên.,日出雲中雞犬喧。
"Kinh văn tục khách tranh lai tập,",驚聞俗客爭來集，
Cạnh dẫn hoàn gia vấn đô ấp.,競引還家問都邑。
"Bình minh lư hạng tảo hoa khai,",平明閭巷掃花開，
Bạc mộ ngư tiều thừa thuỷ nhập.,薄暮漁樵乘水入。
"Sơ nhân tị địa khứ nhân gian,",初因避地去人間，
Cập chí thành tiên toại bất hoàn.,及至成仙遂不還。
"Giáp lý thuỳ tri hữu nhân sự,",峽裡誰知有人事，
Thế trung diêu vọng không vân sơn.,世中遙望空雲山。
"Bất nghi linh cảnh nan văn kiến,",不疑靈境難聞見，
Trần tâm vị tận tư hương huyện.,塵心未盡思鄉縣。
"Xuất động vô luận cách sơn thuỷ,",出洞無論隔山水，
Từ gia chung nghĩ trường du diễn.,辭家終擬長遊衍。
"Tự vị kinh quá cựu bất mê,",自謂經過舊不迷，
An tri phong hác kim lai biến.,安知峰壑今來變。
"Đương thời chỉ ký nhập sơn thâm,",當時只記入山深，
Thanh khê kỷ độ đáo vân lâm.,青溪幾度到雲林？
"Xuân lai biến thị Đào hoa thuỷ,",春來遍是桃花水，
Bất biện tiên nguyên hà xứ tầm?,不辨仙源何處尋？
"Tổ Long môn ngoại thần truyền bích,",祖龍門外神傳璧，
Phương sĩ do ngôn tiên khả đắc.,方士猶言仙可得。
"Đông hành dục dữ Tiễn Môn thân,",東行欲與羨門親，
Chỉ xích Bồng Lai thương hải cách.,咫尺蓬萊滄海隔。
"Na tri bình địa hữu thanh vân,",那知平地有青雲，
Chỉ thuộc tầm thường tỵ thế nhân.,只屬尋常避世人。
"Quan Trung nhật nguyệt không vạn cổ,",關中日月空萬古，
Hoa hạ sơn xuyên trưởng nhất thân.,花下山川長一身。
"Trung Nguyên biệt hậu vô tiêu tức,",中原別后無消息，
Văn thuyết Hồ trần nhân cảm tích.,聞說胡塵因感昔。
"Thuỳ giao Tấn đỉnh phán đông tây,",誰教晉鼎判東西，
Khước quý Tần thành hạn nam bắc.,卻愧秦城限南北。
"Nhân gian vạn sự dũ kham lân,",人間萬事愈堪怜，
Thử địa đương thời diệc ngẫu nhiên.,此地當時亦偶然。
"Hà sự khu khu Hán thiên tử,",何事區區漢天子，
Chủng đào tân khổ cầu trường niên.,种桃辛苦求長年。
Khuê lý giai nhân niên thập dư,閨里佳人年十余，
Tần nga đối ảnh hận ly cư,顰蛾對影恨離居。
Hốt phùng giang thượng xuân qui yến,忽逢江上春歸燕，
Hàm đắc vân trung xích tố thư,銜得雲中尺素書。
Ngọc thủ khai giam trường thán tức:,玉手開緘長嘆息，
Cuồng phu do thú Giao Hà bắc!,狂夫猶戍交河北。
Vạn lý Giao Hà thuỷ bắc lưu,萬里交河水北流，
Nguyện vi song yến phiếm trung châu,愿為雙燕泛中洲。
Quân biên vân ủng thanh ty kỵ,君邊雲擁青絲騎，
Thiếp xứ đài sinh hồng phấn lâu,妾處苔生紅粉樓。
Lâu thượng xuân phong nhật tương yết,樓上春風日將歇，
Thuỳ năng lãm kính khan sầu phát?,誰能攬鏡看愁發。
Hiểu xuy viên quản tuỳ lạc hoa,曉吹員管隨落花，
Dạ đảo nhung y hướng minh nguyệt,夜搗戎衣向明月。
Minh nguyệt cao cao khắc lậu trường,明月高高刻漏長，
Chân châu liêm bạc yểm lan đường,真珠帘箔掩蘭堂。
Hoành thuỳ bảo ác đồng tâm kết,橫垂寶幄同心結，
Bán phất quỳnh diên tô hợp hương,半拂瓊筵蘇合香。
"Quỳnh diên, bảo ác liên chi cẩm",瓊筵寶幄連枝錦，
Đăng chúc huỳnh huỳnh chiếu cô tẩm,燈燭熒熒照孤寢。
Hữu sứ bằng tương kim tiễn đao,有使憑將金剪刀，
Vị quân lưu hạ tương tư chẩm,為君留下相思枕。
Trích tận đình lan bất kiến quân,摘盡庭蘭不見君，
Hồng cân thức lệ sinh nhân uân,紅巾拭淚生氤氳。
Minh niên nhược cánh chinh biên tái,明年若更征邊塞，
Nguyện tác Dương Đài nhất đoạn vân.,愿作陽臺一斷雲。
"Thời ký mộ hề tiết dục xuân,",時既暮兮節欲春，
Sơn lâm tịch hề hoài u nhân.,山林寂兮懷幽人。
"Đăng kỳ phong hề vọng bạch vân,",登奇峰兮望白雲，
Trướng miến mạc hề tượng dục phân.,悵緬邈兮象欲紛。
"Bạch vân du du khứ bất phản,",白雲悠悠去不返，
Hàn phong sưu sưu xuy nhật vãn.,寒風颼颼吹日晚。
"Bất kiến kỳ nhân thuỳ dữ ngôn,",不見其人誰與言，
Quy toạ đàn cầm tứ du viễn.,歸坐彈琴思逾遠。
"Viêm viêm thử khí hãn thông thân,",炎炎暑氣汗通身，
Vị tằng cán ngã nương sinh khố.,未曾浣我娘生褲。
"Tạc dạ Ngô trung tuyết,",昨夜吳中雪，
Tử Du giai hứng phát.,子猷佳興發。
"Vạn lý phù vân quyển bích sơn,",萬里浮雲卷碧山，
Thanh thiên trung đạo lưu cô nguyệt.,青天中道流孤月。
"Cô nguyệt thương lãng Hà Hán thanh,",孤月滄浪河漢清，
Bắc Đẩu thác lạc Trường Canh minh.,北斗錯落長庚明。
"Hoài dư đối tửu dạ sương bạch,",懷餘對酒夜霜白。
Ngọc sàng kim tĩnh băng tranh vanh.,玉床金井冰崢嶸。
"Nhân sinh phiêu hốt bách niên nội,",人生飄忽百年內，
Thả tu hàm sướng vạn cổ tình.,且須酣暢萬古情。
"Quân bất năng ly cao kim cự học đấu kê,",君不能狸膏金距學斗雞，
Toạ linh tị tức xuy hồng nghê.,坐令鼻息吹虹霓。
"Quân bất năng học Kha Thư,",君不能學哥舒，
"Hoành hành Thanh Hải dạ đới đao,",橫行青海夜帶刀。
Tây đồ Thạch Bảo thủ tử bào.,西屠石堡取紫袍。
"Ngâm thi tác phú bắc song lý,",吟詩作賦北窗裏，
Vạn ngôn bất trị nhất bôi thuỷ.,萬言不值一杯水。
"Thế nhân văn thử giai điệu đầu,",世人聞此皆掉頭，
Hữu như đông phong xạ mã nhĩ.,有如東風射馬耳。
"Ngư mục diệc tiếu ngã,",魚目亦笑我，
Vị dữ minh nguyệt đồng.,謂與明月同。
"Hoa lưu quyền cục bất năng thực,",驊騮拳跼不能食，
Kiển lư đắc chí minh xuân phong.,蹇驢得志鳴春風。
"“Chiết dương”, “Hoàng hoa” hợp lưu tục,",折楊黃華合流俗，
Tấn quân thính cầm uổng “Thanh giác”.,晉君聽琴枉清角。
"“Ba nhân” thuỳ khẳng hoà “Dương xuân”,",巴人誰肯和陽春，
Sở địa do lai tiện kỳ phác.,楚地猶來賤奇璞。
"Hoàng kim tán tận giao bất thành,",黃金散盡交不成，
Bạch thủ vi nho thân bị khinh.,白首為儒身被輕。
"Nhất đàm nhất tiếu thất nhan sắc,",一談一笑失顏色，
Thương dăng bối cẩm huyên báng thanh.,蒼蠅貝錦喧謗聲。
Tằng Tham khởi thị sát nhân giả?,曾參豈是殺人者？
Sàm ngôn tam cập từ mẫu kinh.,讒言三及慈母惊。
"Dữ quân luận tâm ác quân thủ,",與君論心握君手，
Vinh nhục vu dư diệc hà hữu?,榮辱于余亦何有？
"Khổng thánh do văn thương phụng lân,",孔聖猶聞傷鳳麟，
Đổng Long cánh thị hà kê cẩu!,董龍更是何雞狗！
"Nhất sinh ngạo ngạn khổ bất hài,",一生傲岸苦不諧，
Ân sơ môi lao chí đa quai.,恩疏媒勞志多乖。
"Nghiêm Lăng cao ấp Hán thiên tử,",嚴陵高揖漢天子，
Hà tất trường kiếm trụ di sự ngọc giai.,何必長劍拄頤事玉階。
"Đạt diệc bất túc quý, cùng bất túc bi.",達亦不足貴，窮不足悲。
"Hàn Tín tu tương Giáng, Quán tỉ,",韓信羞將絳灌比，
Nễ Hành sỉ trục đồ cổ nhi.,檷衡恥逐屠沽兒。
"Quân bất kiến Lý Bắc Hải,",君不見李北海，
Anh phong hào khí kim hà tại!,英風豪氣今何在！
"Quân bất kiến Bùi thượng thư,",君不見裴尚書，
Thổ phần tam xích hao cức cư!,土墳三尺蒿棘居！
"Thiếu niên tảo dục Ngũ Hồ khứ,",少年早欲五湖去，
Kiến thử di tương chung đỉnh sơ.,見此彌將鍾鼎疏。
"Dạ lai quy lai trùng hổ quá,",夜來歸來沖虎過，
Sơn hắc gia trung dĩ miên ngoạ.,山黑家中已眠臥。
"Bàng kiến Bắc Đẩu hướng giang đê,",傍見北斗向江低，
Ngưỡng khán minh tinh đương không đại.,仰看明星當空大。
"Đình tiền bả chúc sân lưỡng cự,",庭前把燭嗔兩炬，
Hạp khẩu kinh viên văn nhất cá.,峽口驚猿聞一個。
"Bạch đầu lão bãi vũ phục ca,",白頭老罷舞復歌，
Trượng lê bất thuỵ thuỳ năng na?,杖藜不睡誰能那？
"Sơn tự minh chung trú dĩ hôn,",山寺鳴鐘晝已昏，
Ngư lương độ đầu tranh độ huyên.,漁樑渡頭爭渡喧。
"Nhân tuỳ sa ngạn hướng giang thôn,",人隨沙岸向江村，
Dư diệc thừa chu quy Lộc Môn.,余亦乘舟歸鹿門。
"Lộc Môn nguyệt chiếu khai yên thụ,",鹿門月照開煙樹，
"Hốt đáo Bàng Công thê ẩn xứ,",忽到龐公棲隱處。
"Nham phi tùng kính trường tịch liêu,",岩扉松徑長寂寥，
Duy hữu u nhân độc lai khứ.,唯有幽人獨來去。
"Xích huyện quan tào ủng tài kiệt,",赤縣官曹擁才傑，
"Nhuyễn cừu, khoái mã đương băng tuyết.",軟裘快馬當冰雪。
"Trường An khổ hàn thuỳ độc bi,",長安苦寒誰獨悲？
Đỗ Lăng dã lão cốt dục chiết.,杜陵野老骨欲折。
Nam sơn đậu miêu tảo hoang uế.,南山豆苗早荒穢，
Thanh Môn qua địa tân đống liệt.,青門瓜地新凍裂。
"Hương lý nhi đồng hạng lĩnh thành,",鄉里兒童項領成，
Triều đình cố cựu lễ số tuyệt.,朝廷故舊禮數絕。
"Tự nhiên khí trịch dữ thì dị,",自然棄擲與時異，
Huống nãi sơ ngoan lâm sự chuyết.,況乃疏頑臨事拙。
Cơ ngoạ động tức hướng nhất tuần.,饑臥動即向一旬。
Tệ y hà thí liên bách kết.,敝衣何啻聯百結。
"Quân bất kiến không tường nhật sắc vãn,",君不見空牆日色晚，
Thử lão vô thanh lệ thuỳ huyết.,此老無聲淚垂血！
"Dạ văn tất lật thương giang thượng,",夜聞觱篥滄江上，
Suy niên trắc nhĩ tình sở hưởng.,衰年側耳情所響。
"Lân chu nhất thính đa cảm thương,",鄰舟一聽多感傷，
Tái khúc tam canh hốt bi tráng.,塞曲三更欻悲壯。
"Tích tuyết phi sương thử dạ hàn,",積雪飛霜此夜寒，
Cô đăng cấp quản phục phong thoan.,孤燈急管復風湍。
"Quân tri thiên địa can qua mãn,",君知天地干戈滿，
Bất kiến giang hồ hành lộ nan.,不見江湖行路難。
"Vi hầu biệt ngã hữu sở thích,",韋侯別我有所適，
Tri ngã liên cừ hoạ vô địch.,知我憐渠畫無敵。
"Hí niêm ngốc bút tảo hoa lưu,",戲拈禿筆掃驊騮，
Hốt kiến kỳ lân xuất đông bích.,欻見騏驎出東壁。
"Nhất thất hột thảo nhất thất tê,",一匹齕草一匹嘶，
Toạ khán thiên lý đương sương đề.,坐看千里當霜蹄。
"Thì nguy an đắc chân trí thử,",時危安得真致此，
Dữ nhân đồng sinh diệc đồng tử.,與人同生亦同死。
"Vi hầu biệt ngã hữu sở thích,",韋侯別我有所適，
Tri ngã lân quân hoạ vô địch.,知我憐君畫無敵。
"Hí niêm ngốc bút tảo hoa lưu,",戲拈禿筆掃驊騮，
Hốt kiến kỳ lân xuất đông bích.,欻見騏驎出東壁。
"Nhất thất hột thảo, nhất thất tê,",一匹齕草一匹嘶，
"Toạ khan thiên lý đương sương đề,",坐看千里當霜蹄。
"Thì nguy an đắc chân trí thử,",時危安得真致此，
Dữ nhân đồng sinh diệc đồng tử.,與人同生亦同死。
"Nam Dương Cam Cốc gia gia cúc,",南陽甘谷家家菊，
Vạn cổ diên niên chủng nhất hoa.,萬古延年種一花。
"Mạch đầu liễu sắc ám tam tam,",陌頭柳色暗毿毿，
Dục tả ly tình nhẫn lệ giam.,欲寫離情忍淚緘。
"Xuân nhạn khả liên tề hướng bắc,",春雁可憐齊向北，
Na kham du tử tại Giang Nam.,那堪游子在江南。
"Vũ hiết dao thiên thuỷ khí tinh,",雨歇遥天水氣腥，
Thụ liên tăng ốc nhạn liên đinh.,樹連僧屋雁連汀。
"Tùng phong tắc tắc hành nhân thiểu,",松風謖謖行人少，
Vân bạch sơn thanh lãnh hoạ bình.,雲白山青冷畫屏。
"Xuân phong thiên mạch thảo sơ bình,",春風阡陌草初平，
Viễn tụ yên phù tế vũ tình.,遠岫烟浮細雨晴。
"Bạch ốc môn tiền ô cữu thụ,",白屋門前烏桕樹，
Tịch dương cao hạ giá cô thanh.,夕陽高下鷓鴣聲。
"Mộng hồi tây vọng bích sơn vi,",夢回西望碧山微，
Nhất thuỷ tà dương điểu bất phi.,一水斜陽鳥不飛。
"Dục thái thanh hoàng liên tử diệp,",欲採青黄蓮子葉，
Ký quân tiên chế ngoạ vân y.,寄君先製臥雲衣。
"Lục bãi dương chi sinh bạch yên,",綠擺楊枝生白烟，
Mao đường thâm yểm bán khê biên.,茅堂深掩半溪邊。
"Nhị niên đạp tuyết Yên đài bạn,",二年踏雪燕臺畔，
Cô phụ mai hoa nguyệt ảnh miên.,辜負梅花月影眠。
"Dương bạch hoa phi Sở thuỷ đông,",楊白花飛楚水東，
Trúc lâm tây chuyển trúc kiều thông.,竹林西轉竹橋通。
"Biên chu tái tửu xung yên khứ,",扁舟載酒沖烟去，
Nhất lộ Tiêu Tương bát mặc trung.,一路瀟湘潑墨中。
"Cốc khẩu nhàn nhàn vân khí thu,",谷口閑閑雲氣收，
Tùng sam cao hạ tự thành khâu.,松杉高下自成丘。
"Thảo đường thả hỉ Chung Nam ngoại,",草堂且喜終南外，
Thúc bạch vô lao nhậm bạch đầu.,束帛無勞任白頭。
"Tiêu sơ trúc mộc ỷ giang tân,",蕭疏竹木倚江濱，
Thạch cước phi toa phất lãng tân.,石腳披莎拂浪新。
"Nhất đới viễn sơn hàm lạc nhật,",一帶遠山銜落日，
Thảo đình thu ảnh đạm vô nhân.,草亭秋影澹無人。
Quân bất kiến:,君不見：
"Hán gia công thần thướng Kỳ Lân,",漢家功臣上麒麟，
Khí mạo khởi thị tầm thường nhân.,氣貌豈是尋常人。
Hựu bất kiến:,又不見：
"Đường gia chư tướng đồ Lăng Yên,",唐家諸將圖凌煙，
Trường kiếm đại vũ liên điêu thiền.,長劍大羽聯貂蟬。
"Long chương chung phỉ trần tục trạng,",龍章終匪塵俗狀，
Hổ đầu nãi thị phong hầu tướng.,虎頭乃是封侯相。
"Ngã sinh sơn dã vô năng vi,",我生山野無能為，
"Học kiếm, học thư không phóng đãng.",學劍學書空放蕩。
"Lão lai hối tích nham huyệt cư,",老來晦跡岩穴居，
Mộng mị vị hình an khả mô.,夢寐未形安可模。
"Tạc nhật lãnh biểu động tư tu,",昨日冷飚動髭須，
Trụ trượng há sơn văn giá cô.,拄杖下山聞鷓鴣。
"Ô cân bán ngạn y lộ trửu,",烏巾半岸衣露肘，
Vong cơ hốt lạc đan thanh thủ.,忘机忽落丹青手。
"Khí thức khả đồng Sằn Dã phu,",器識可同莘野夫，
Cô cao sai nghĩ Bàn Khê tẩu.,孤高差擬蟠溪叟。
"Sơn ông dã lão tranh đạo chân,",山翁野老爭道真，
"Tùng hoàng tiết tháo, mai tinh thần.",松篁節操梅精神。
"Ngâm phong tiếu nguyệt ý tự tại,",吟風笑月意自在，
Chỉ khiếm lộc thỉ lai tương thân.,只欠鹿豕來相親。
"Giang Bắc, Giang Nam cạnh truyền tả,",江北江南競傳寫，
Chúc quân thán kỳ tài tận hạ.,祝君嘆其才盡下。
"Ngã lai đối diện bất thức ngã,",我來對面不識我，
"Hà giả thị chân, hà giả giả.",何者是真何者假。
"Chúc quân phóng bút nhất đại tiếu,",祝君放筆一大笑，
Bất tu lãm kính diệc tự tiểu.,不須覽鏡亦自小。
"Tương huề thả mãi sổ đấu tửu,",相攜且買數斗酒，
Toạ đối thanh sơn tứ khuynh đảo.,坐對青山恣傾倒。
"Minh triêu tửu tinh hô hạc quy,",明朝酒醒呼鶴歸，
Bạch vân mãn địa chi thảo phì.,白雲滿地芝草肥。
"Ngọc tiêu xuy lai vũ phi phi,",玉蕭吹來雨霏霏，
Kỳ hoa loạn điểm xuân phong y.,琪花亂點春風衣。
"Chúc quân hứa ngã lão cánh kỳ,",祝君許我老更奇，
Ngã lão tự giác đầu thuỳ ty.,我老自覺頭垂絲。
"Thời dữ bất thời hà dĩ vi,",時與不時何以為，
Tặng quân bạch tuyết mai hoa chi.,贈君白雪梅花枝。
"Trãi quan nga nga diện tự thiết,",豸冠峨峨面似鐵，
Bất độc ái mai kiêm ái tuyết.,不獨愛梅兼愛雪。
"Ái mai ái tuyết ái duyên hà,",愛梅愛雪愛緣何？
Ái duyên tuyết bạch mai thanh khiết.,愛緣雪白梅清潔。
"Thiên nhiên mai tuyết tự lưỡng kỳ,",天然梅雪自兩奇，
Cánh thiêm đài bách chân tam tuyệt.,更添臺柏真三絕。
"La Phù tiên tử băng vi hồn,",羅浮仙子冰為魂，
Khoảnh khắc năng linh quỳnh tác tiết.,頃刻能令瓊作屑。
"Dạ thâm kỳ thụ toái linh lung,",夜深琪樹碎玲瓏，
Nguyệt hộ phong song hàn lẫm liệt.,月戶風窗寒凜烈。
"Nhược phi phong đệ ám hương lai,",若非風遞暗香來，
Phân phân nhất sắc hà do biệt.,紛紛一色何由別。
"Tuần thiềm bất phạ ngọc lâu hàn,",巡簷不怕玉樓寒，
Ngân hải dao quang cánh thanh triệt.,銀海搖光更清徹。
"Cửu trùng chẩn niệm cập hà manh,",九重軫念及遐氓，
Vạn lý cẩm y dao trú tiết.,萬里錦衣遙駐節。
"Sương phong quyển địa khí hoành thu,",霜風捲地氣橫秋，
Thân tại viêm hoang tâm nguỵ khuyết.,身在炎荒心魏闕。
"Giao nam thập nguyệt noãn như xuân,",交南十月暖如春，
Mộng trung chỉ hữu hoa kham chiết.,夢中只有花堪折。
"Tương tâm thác vật cổ hữu chi,",將心托物古有之，
Cao trục thâm kỳ đạo tiền triết.,高蠋深期蹈前哲。
"Đông Pha vị trúc bất khả vô,",東坡謂竹不可無，
Liêm Khê ái liên diệc hữu thuyết.,濂溪愛連亦有說。
"Càn khôn vạn cổ nhất thanh trí,",乾坤萬古一清致，
Bá Kiều thi tứ Tây Hồ nguyệt.,灞橋詩思西湖月。
"Thạch Môn sơn thượng đăng lâm xứ,",石門山上登臨處，
Hư thất cao song nhàn bạch trú.,虛室高窗閑白晝。
"Cự khẩu hàm a thổ phạn cung,",巨口谽呀吐梵宮，
Tha nga quái thạch cao đê thụ.,嵯峨怪石高低樹。
"Bất nhân thần quỷ phủ cân dư,",不因神鬼斧斤餘，
"Khắc xảo công phu nguyên thái tố,",刻巧工夫元太素。
"Hồi đầu diểu diểu bát hoang khoan,",回頭渺渺八荒寬，
"Thanh thiên bất tận, sơn vô số.",青天不盡山無數。
Động môn bất toả trấn trường khai.,洞門不鎖鎮長開，
Biệt hữu nhất trùng thiên thượng khứ.,別有一重天上去。
"Tính tinh kim tự luyện sơ thành,",性精金自鍊初成，
Nhân ngã sơn căn xứ xứ bình.,人我山根處處平。
"Giang thuỷ đạm ư tăng nhãn bích,",江水淡於僧眼碧，
Hải sơn nùng tự Phật đầu thanh.,海山濃似佛頭青。
"Kim ngao bối thượng Kỳ viên địa,",金鰲背上祇園地，
Bảo ốc quang trung Xá Vệ thành.,寶屋光中舍衛城。
"Quyện điểu hữu tình y mật diệp,",倦鳥有情依密葉，
Nhàn vân vô ý lạc không đình.,閑雲無意落空庭。
"Đông phong vũ tễ tình quang bạc,",東風雨霽晴光薄，
Số điểm yên tiêu nhật sắc minh.,數點煙消日色明。
"Kinh vũ dư nhàn truy thắng tiễn,",經武餘閑追勝踐，
Chung thân tâm tuý tạm hoàn tinh.,終身心醉暫還醒。
"Mỹ nhân điêu mạo ngọc thông mã,",美人貂帽玉驄馬，
Thuỳ kỳ tòng chi tý ưng giả?,誰其從之臂鷹者。
"Sa hàn thảo bạch thiên vũ sương,",沙寒草白天雨霜，
Lạc nhật trì lạp Liêu thành hạ.,落日馳獵遼城下。
"Tái nam kiện phụ phương bả sừ,",塞南健婦方把耡，
Trượng phu thú biên quan sách tô.,丈夫戍邊官索租。
Quân bất kiến:,君不見：
"Cối Kê Sơn Âm mại hoa tẩu,",會稽山陰賣花叟，
Mại hoa đắc tiền tức mãi tửu.,賣花得錢即買酒。
"Đông phương nhật xuất chiếu tử mạch,",東方日出照紫陌，
Thử tẩu dĩ tác tuý hương khách.,此叟已作醉鄉客。
"Phá ốc hàm tinh tịch tác môn,",破屋含星席作門，
Thấp huỳnh sinh táo hoa mãn viên.,溼螢生竈花滿園。
"Ngũ canh phong điên vũ thanh ác,",五更風顛雨聲惡，
Bất ưu ốc đảo ưu hoa lạc.,不憂屋倒憂花落。
"Mại hoa tẩu,",賣花叟，
"Đãn nguyện tứ hải vô trần sa,",但愿四海無塵沙，
Hữu nhân mại tửu nhưng mại hoa.,有人賣酒仍賣花。
"Đương thời Lang Quan phụng sứ xuất Hàm kinh,",當時郎官奉使出鹹京，
Tiên nhân thiên lý lai tương nghênh.,仙人千里來相迎。
"Hoạ thuyền xuy địch lộng Lục Thuỷ,",畫船吹笛弄綠水，
Hà ý phương châu di cựu danh.,何意芳洲遺舊名。
"Đường từ vu một tri hà đại,",唐祠蕪沒知何代，
Duy hữu đông lưu thuỷ trường tại.,惟有東流水長在。
"Lê hầu độc khởi lương đống tài,",黎侯獨起梁棟材，
Phảng phất vân trung tích hiên cái.,彷彿雲中昔軒蓋。
"Nam phi Việt điểu, bắc phi hồng,",南飛越鳥北飛鴻，
Kim cổ du du khứ trú đồng.,今古悠悠去住衕。
"Phú quý hà như nhất bôi tửu,",富貴何如一杯酒，
Sầu lai vô địa lỗi tây phong.,愁來無地酹西風。
"Đại Biệt sơn cao kỷ thiên xích,",大別山高幾千尺，
Cách thành chánh dữ từ tương trị.,隔城正與祠相值。
"Thanh viên dạ bão nguyệt quang đề,",青猿夜抱月光啼，
Quải tại đông hồ chi thạch bích.,掛在東湖之石壁。
"Lê hầu bổn tại đẩu Nam gia,",黎侯本在斗南家，
Chẩm qua do tự ức yên hà.,枕戈猶自憶煙霞。
"Kỳ nghĩ tương thân báo thiên tử,",祇擬將身報天子，
Bất phụ hung trung thư ngũ xa.,不負胸中書五車。
"Tạc giả tương phùng ngọc khuyết hạ,",昨者相逢玉闕下，
Biệt lai kỷ nhật thu tiêu sái.,別來幾日秋瀟灑。
"Hoàng diệp đương đầu loạn đả nhân,",黃葉當頭亂打人，
Môn tiền hệ trứ thanh thông mã.,門前繫著青驄馬。
"Quân kim quy khứ điếu tình hồ,",君今歸去釣晴湖，
Ngã diệc minh niên từ đế đô.,我亦明年辭帝都。
"Nhược quá hồ biên định tương kiến,",若過湖邊定相見，
Vi vấn tiên nhân an ổn vô.,為問仙人安穩無。
"Thái Thạch giang biên nhất đôi thổ,",采石江邊一堆土，
Lý Bạch chi danh cao thiên cổ.,李白之名高千古。
"Lai lai vãng vãng nhất thủ thi,",來來往往一首詩，
Lỗ Ban môn tiền lộng đại phủ.,魯班門前弄大斧。
"Lão phu thanh thần sơ bạch đầu,",老夫清晨梳白頭，
Huyền Đô đạo sĩ lai tương phỏng.,玄都道士來相訪。
Ác phát hô nhi diên nhập hộ.,握髮呼兒延入戶，
Thủ đề tân hoạ thanh tùng chướng.,手提新畫青松障。
"Chướng tử tùng lâm tĩnh liểu minh,",障子松林靜杳冥，
Bằng hiên hốt nhược vô đan thanh.,憑軒忽若無丹青。
"Âm nhai khước thừa sương tuyết cán,",陰崖卻承霜雪幹，
Yển cái phản tẩu cầu long hình.,偃蓋反走虯龍形。
"Lão phu bình sinh hiếu kỳ cổ,",老夫平生好奇古，
Đối thử hứng dữ tinh linh tụ.,對此興與精靈聚。
"Dĩ tri tiên khách ý tương thân,",已知仙客意相親，
Cánh giác lương công tâm độc khổ.,更覺良工心獨苦。
"Tùng hạ trượng nhân cân lũ đồng,",松下丈人巾屨同，
Ngẫu toạ tự thị Thương Sơn ông.,偶坐似是商山翁。
"Trướng vọng liêu ca Tử chi khúc,",悵望聊歌紫芝曲，
Thì nguy thảm đạm lai bi phong.,時危慘澹來悲風。
"Long Môn dược thuỷ tam thiên túng,",龍門躍水三千縱，
Bắc hải du côn vọng nhi khấp.,北海遊鯤望而泣。
"Bán nguyệt hồ đầu nhất dạ tiêu,",半月湖頭一夜霄，
Sạ giác tiềm lân trạo ba lập.,乍覺潛鱗掉波立。
"Sứ quân diệu đắc Tôn gia pháp,",使君妙得孫家法，
Mạo thuỷ hữu thần chỉ do thấp.,貌水有神紙猶濕。
"Tín thủ niêm thành hoạt lý ngư,",信手拈成活鯉魚，
Sỉ khẩu ngang đằng ngưỡng thiên hấp.,哆口昂騰仰天吸。
"Phiên thân dục dược thế như cấp,",翻身欲躍勢如急，
Song nhãn huỳnh huỳnh nhĩ tập tập.,雙眼熒熒耳戢戢。
"Mê ly nguyệt ảnh dạng bích y,",迷離月影漾碧漪，
Tảo giám thiên trùng xuất kỳ liệp.,藻鑑千重出鬐鬣。
"Ngư long biến hoá sự an tri,",魚龍變化事安知，
Tứ hải phong vân hội hữu kỳ.,四海風雲會有期。
"Như kim mạc trục cầm cao khứ,",如今莫逐琴高去，
Lưu dữ nhân gian tác vũ sư.,留與人間作雨師。
"Ngã gia Liêu Thuỷ Ninh Khê tân,",我家遼水寧溪濱，
"Điều, thường, chiên, vị, sắc thắng ngân.",鰷鱨鱣鮪色勝銀。
"Thanh thần tiệt giang bố cự võng,",清晨截江布鉅網，
Tuyết phi ngọc toái thù phân phân.,雪飛玉碎殊紛紛。
"Khoái phường trinh vĩ phanh cẩm lân,",鱠魴赬尾烹錦鱗，
Hứng trung bất sổ thu phong thuần.,興中不數秋風蒪。
"Tự tòng lữ thực kinh hoa xuân,",自從旅食京花春，
Đa niên nhuyễn đạp Đông Hoa trần.,多年軟沓東華塵。
"Quan sàm hương vị lũ nhập mộng,",官饞鄉味屢入夢，
Thanh y đường hạ tư thuỳ mân.,清漪堂下思垂緡。
"Thi vương tối thị hiếu sự giả,",詩王最是好事者，
Bất tích thiên kim cấu danh hoạ.,不惜千金購名畫。
"Kỷ đa diệu bút trữ hoa hiên,",幾多妙筆貯華軒，
Đằng Vương giáp điệp Giang Đô mã.,滕王蛺蝶江都馬。
"Thị thuỳ hoạ sử xảo vi thử,",是誰畫史巧為此，
Vạn khoảnh ba đào ám khuynh tả.,萬頃波濤暗傾瀉。
"Sâm si hạnh thái tương cấu mạt,",參差荇菜相呴沫，
Dương dương vi vi chính phồn khoả.,洋洋圍圍正繁夥。
"Thiên đầu tranh hướng xích lân công,",千頭爭向赤鱗公，
Vi vật do giải tương tôn sùng.,微物猶解相尊崇。
"Chúng tinh lạc lạc tận củng bắc,",眾星落落盡拱北，
Vạn thuỷ cổn cổn giai triều đông.,萬水滾滾皆朝東。
"Chủ nhân bất thị tâm khâu hác,",主人不是心丘壑，
Viễn chướng bình lâm diệc đồ tác.,遠嶂平林亦徒作。
"Nguyện ngôn thập tập tàng thử đồ,",願言什襲藏此圖，
Hội kiến nhất đường ngư thuỷ lạc.,會見一堂魚水樂。
"Hành, Nhạc, Thái Hàng thiên hạ sơn,",衡岳太行天下山，
"Hoàng Hà, Giang, Hán thiên hạ thuỷ.",黃河江漢天下水。
"Thuỳ khiển tam xích thằng sàng gian,",誰遣三尺繩床間，
Điệp điệp trùng trùng kiến lưu trĩ.,疊疊重重見流峙。
"Thử trung vô số thánh hiền hào,",此中無數聖賢豪，
Dữ ngã lai vãng tận tri kỷ.,與我來往盡知己。
"Bệnh trung hốt toạ, toạ hốt khỉ,",病中忽坐坐忽起，
"Hạp ngô lưỡng mục, bế ngô nhĩ.",闔吾兩目閉吾耳。
"Trừng thần địch lự mặc dĩ du,",澄神滌慮默以遊，
"Nhược thân ngô lịch, túc ngô lý.",若身吾歷足吾履。
Khởi dư giả thuỳ? Bùi sứ quân!,起余者誰？裴使君！
Cước để giang sơn vạn dư lý.,腳底江山萬餘里。
"Quy lai mãn phúc trữ đồ thư,",歸來滿腹貯圖書，
Đốt đốt nam nhi chân khoái sự!,咄咄男兒真快事。
"Ta ngã bế hộ điêu trùng, xỉ khẩu giảo văn tự.",嗟我閉戶雕虫侈口咬文字。
"Hữu như xích hoạch lượng thiên địa,",有如尺蠖量天地，
Tự tòng phiếm hải lịch Ba Sơn.,自從泛海歷巴山。
Thuỷ giác lục hợp hà mang mang!,始覺六合何茫茫，
Hướng tích văn chương đẳng nhi hí!,向昔文章等兒戲。
"Thế gian thuỳ thị chân nam tử,",世間誰是真男子，
Uổng cá bình sinh độc thư sử.,枉箇平生讀書史。
"Yên Đài sứ giả lão thế đồ,",燕臺使者老世途，
Thượng học anh ngôn dục hà sĩ?,尚學嬰言欲何俟。
Quân bất kiến:,君不見：
"Cao ngoạ thất trung quyện du sĩ,",高臥室中倦遊士，
Tứ bích danh sơn lạn như ỷ.,四壁名山爛如綺。
"Cầm, Hướng cao tung mạc bất phan,",禽向高蹤邈不扳，
Nhất danh cơ bạn trường như thử!,一名羈絆長如此。
Ô hô!,嗚呼：
"Nhất danh cơ bạn trường như thử,",一名羈絆長如此，
"Bạch phát, thanh bào, ngô lão hĩ!",白髮青袍吾老矣。
"Ngã hành Lạc Dương đại đạo biên,",我行洛陽大道邊，
Nhất song thương nga phi thướng thiên.,一雙蒼鵝飛上天。
"Tích tai xuân thuỷ ngự câu khứ,",惜哉春水御溝去，
Hoá tác Hồ nhi ẩm mã tuyền.,化作胡儿飲馬泉。
"Tiền sơn kê minh dạ dục bán,",前山雞鳴夜欲半，
Cổ kiếm tuỳ thân vũ lăng loạn.,古劍隨身舞凌亂。
"Bạch quang hổ dược đằng tuyết sương,",白光虎躍騰雪霜，
Thần khí long bàn quán tinh Hán.,神氣龍蟠貫星漢。
"Vọng trung sa trần y chính hàn,",望中沙塵衣正寒，
Cử thủ điên đảo phát xung quan.,舉手顛倒髮沖冠。
"Lộc lô cược động tức thiên lý,",鹿盧屩動即千里，
Lan Tử hý thành đồ thất bàn.,蘭子戲成徒七盤。
Nhân sinh khởi vô chí?,人生豈無志？
Sự vãng cận hữu lệ.,事往僅有淚。
"Bì binh độc khốn thủ,",疲兵獨困守，
Kịch lỗ phiên cường chí.,劇虜翻強鷙。
"Khổng Dung tài sơ bất túc đa,",孔融才疏不足多，
Viên Thiệu chúng thịnh không Hoàng Hà.,袁紹眾盛空黃河。
"Đại công thổ địa nhưng đồng hoạn,",代公土地仍同患，
Đoàn quốc phong trần mạn trợ qua.,段國風塵漫助戈。
"Thế gian tráng sĩ đãn lão tử,",世間壯士但老死，
Đống thiết trầm mai hà xứ sử.,凍銕沉埋何處使！
"Thiên thu vạn tuế thanh kim cầu,",千秋萬歲青金虯，
Hận bất chú đắc Lưu Tinh Châu.,恨不鑄得劉并州。
"Thu phong xuy khê khê thuỷ hàn,",秋風吹溪溪水寒，
Trường phong lạc tận chi đầu đan.,長楓落盡枝頭丹。
"Ngư lang cử tăng đắc song lý,",漁郎舉罾得雙鯉，
Phanh ngư noãn tửu hoan phụ tử.,烹魚煖酒歡婦子。
"Giang đình hữu khách thu vọng diêu,",江亭有客秋望遥，
Thanh yên mạc mạc sơn điều điều.,青烟漠漠山迢迢。
"Sa đầu lạc nhật hô độ cấp,",沙頭落日呼渡急，
Chu tử vô ngôn ỷ bồng lập.,舟子無言倚篷立。
"Thuỳ kỳ hoạ thử lão Trĩ Xuyên,",誰其畫此老稚川，
Sử ngã nhất kiến tâm mang nhiên.,使我一見心茫然。
"Y hi nghĩ trạo Sầm Dương phố,",依稀艤櫂涔陽浦，
Phảng phất khai tôn Thái Thạch độ.,髣髴開樽采石渡。
"An đắc toạ ngã mao đình trung,",安得坐我茅亭中，
Cát cân tương đối tam lão ông.,葛巾相對三老翁。
"Mãi ngư cô tửu thiêu dã địch,",買魚沽酒燒野荻，
Biện dữ cừ nùng tuý chung nhật.,拚與渠儂醉終日。
"Thai châu địa khoát hải minh minh,",台州地闊海冥冥，
Vân thuỷ trường hoà đảo tự thanh.,雲水長和島嶼青。
"Loạn hậu cố nhân song biệt lệ,",亂後故人雙別淚，
Xuân thâm trục khách nhất phù bình.,春深逐客一浮萍。
"Tửu hàm lãn vũ thuỳ tương duệ,",酒酣懶舞誰相拽，
Thi bãi năng ngâm bất phục thính.,詩罷能吟不復聽。
"Đệ ngũ kiều đông lưu hận thuỷ,",第五橋東流恨水，
Hoàng pha ngạn bắc kết sầu đình.,皇陂岸北結愁亭。
"Giả Sinh đối phục thương Vương phó,",賈生對鵩傷王傅，
Tô Vũ khán dương hãm tặc đình.,蘇武看羊陷賊庭。
"Khả niệm thử ông hoài trực đạo,",可念此翁懷直道，
Dã triêm tân quốc dụng khinh hình.,也沾新國用輕刑。
"Nễ Hành thực khủng tao giang hạ,",禰衡實恐遭江夏，
Phương Sóc hư truyền thị tuế tinh.,方朔虛傳是歲星。
"Cùng hạng tiễu nhiên xa mã tuyệt,",窮巷悄然車馬絕，
Án đầu can tử độc thư huỳnh.,案頭干死讀書螢。
"Chiêu dân khai khẩn đắc lương điền,",招民開墾得良田，
Vạn Khoảnh ư kim ấp thượng truyền.,萬頃於今邑尚傳。
"Trần mạt hữu tiền năng tán cấp,",陳末有錢能散给，
Diệp phi công đức phối thương thiên.,葉妃功德配蒼天。
"Lựu Viên cố quán đạo kỳ sơ,",榴園故貫道其初，
Vạn Khoảnh lai cư hậu bất hư.,萬頃來居後不虚。
"Thập nhật tuế chung sinh nhật chí,",十日歲终生日至，
Thử kê hoa quả tế vu từ.,黍鷄花果祭于祠。
"Mạch thượng trường, tàm xuất khuông,",麥上場，蚕出筐，
Thử thời chỉ hữu điền gia mang.,此時只有田家忙。
"Bán nguyệt thiên tình nhất dạ vũ,",半月天晴一夜雨，
Tiền nhật mạch địa giai thanh ương.,前日麥地皆青秧。
"Âm tình tuỳ ý cổ nan đắc,",陰晴隨意古難得，
Phụ hậu phu tiên các nỗ lực.,婦后夫先各努力。
"Thúc lương sậu noãn kiển dị nga,",倏涼驟暖繭易蛾，
Đại phụ lạc ty trung phụ chức.,大婦絡絲中婦織。
"Trung phụ xuyết nhàn sự duyên hoa,",中婦輟閑事鉛華，
Bất tỷ đại phụ năng ưu gia.,不比大婦能憂家。
"Phạn thục hà tằng sấn thì ngật,",飯熟何曾趁時吃，
Tân khổ cận đắc tàm sự tất.,辛苦僅得蚕事畢。
"Tiểu phụ sơ giá đương thiểu khoan,",小婦初嫁當少寬，
Linh bạn a cô ngoan qua nhật.,令伴阿姑頑過日。
"Minh niên nguyện đắc như kim niên,",明年原得如今年，
Thặng trữ nhị mạch nhiêu ty miên.,剩貯二麥饒絲綿。
"Tiểu phụ mạc từ đảm thượng kiên,",小婦莫辭擔上肩，
Khước phóng đại phụ đương cô tiền.,卻放大婦當姑前。
"Nam thanh hân hân nữ nhan duyệt,",男聲欣欣女顏悅，
Nhân gia bất oán ngôn ngữ biệt.,人家不怨言語別。
"Ngũ nguyệt tuy nhiệt mạch phong thanh,",五月雖熱麥風清，
Thiềm đầu tác tác tảo xa minh.,檐頭索索繰車鳴。
"Dã tàm tác kiển nhân bất thủ,",野蠶作茧人不取，
Diệp gian phác phác thu nga sinh.,葉間扑扑秋蛾生。
"Mạch thu thượng trường quyên tại trục,",麥收上場絹在軸，
Đích tri thâu đắc quan gia túc.,的知輸得官家足。
"Bất nguyện nhập khẩu phục thượng thân,",不願入口復上身，
Thả miễn hướng thành mại hoàng độc.,且免向城賣黃犢。
"Điền gia y thực vô hậu bạc,",田家衣食無厚薄，
Bất kiến huyện môn thân tức lạc.,不見縣門身即樂。
"Tráng tuế cử gia triêu Ái Châu,",壯歲舉家朝爱州，
Nam Quan “thất cáo” khảo phân du.,南關七誥考分猷。
"Ngã Lê cấu tạo hưng trùng nhật,",我黎搆造興重日，
Ngô tổ tiên lao ngũ thập niên.,吾祖先勞五十年。
"Hứa quốc trì khu ngũ thập niên,",許國馳驅五十年，
Kinh luân tu phát dĩ bà nhiên.,經綸鬚髮已皤然。
"Tây phù bắc khám công hoàn nhật,",西扶北勘功完日，
Diên Thọ di nhàn bách thọ tiên.,延壽頤閒百壽仙。
"Sinh lai anh hùng ký khu xác,",生來英雄寄軀殼，
Tử khứ tinh thần lưu bàng bạc.,死去精神留磅礡。
"Khu xác hữu hoại bàng bạc tồn,",軀殼有壞磅礡存，
Ngưỡng chân bất quý phủ bất tạc.,仰真不愧俯不怍。
"Tầm thường quan quách dã hà vi,",尋常棺郭也何爲，
Chí sĩ bất vong tại câu hác.,志士不忘在溝壑。
"Vạn lý ương ương Lô Nhĩ hà,",萬里泱泱瀘珥河，
Cửu long súc súc Nham Biền nhạc.,九龍矗矗岩軿岳。
"Trường châu tuy nhiên mai thử nhân,",長洲雖然埋此人，
Tu sát vị mai ngoan dữ bạc.,羞剎未埋頑與薄。
"Vị bằng nhất bút điếu trung hồn,",為憑一筆吊忠魂，
Thiên tải cửu tuyền do khả tác.,天載九泉猶可作。
"Thất hùng hùng thư do vị phân,",七雄雄雌猶未分，
Công thành sát tướng hà phân phân.,攻城殺將何紛紛。
"Tần binh ích vi Hàm Đan cấp,",秦兵益圍邯鄲急，
Nguỵ vương bất cứu Bình Nguyên Quân.,魏王不救平原君。
"Công tử vị Doanh đình tứ mã,",公子為嬴停駟馬，
Chấp bí dũ cung ý dũ hạ.,執轡愈恭意愈下。
"Hợi vi đồ tứ cổ đao nhân,",亥為屠肆鼓刀人，
Doanh nãi Di môn bão quan giả.,嬴乃夷門抱關者。
"Phi đãn khảng khái hiến kỳ mưu,",非但慷慨獻奇謀，
Ý khí kiêm tương sinh mệnh thù.,意氣兼將生命酬。
"Hướng phong vẫn cảnh tống công tử,",向風刎頸送公子，
Thất thập lão ông hà sở cầu.,七十老翁何所求。
"Dĩnh Châu lão ông bệnh thả luy,",穎州老翁病且羸，
Tiêu tiêu đoản phát thu sương thuỳ.,蕭蕭短髮秋霜垂。
"Thủ phù khô cùng hành phục khước,",手扶枯筇行復卻，
Thám biều cái thực hà chi mi.,探瓢丐食河之湄。
"Ngã ai kỳ bần vị cố vấn,",我哀其貧為顧問，
Dục ngữ ngạnh yết thôn thanh bi.,欲語哽咽吞聲悲。
"Tự ngôn thành đông tích đại hộ,",自言城東昔大戶，
Du điền thập khoảnh tang âm vi.,腴田十頃桑陰圍。
"Hạp môn lão trĩ tam bách chỉ,",闔門老稚三百指，
Y thực tận túc thường hy hy.,衣食盡足常熙熙。
"Hà Nam niên lai sổ cang hạn,",河南年來數亢旱，
Xích địa thiên lý hoàng trần phi.,赤地千里黃塵飛。
"Mạch hoà cảo tử túc bất thục,",麥禾稿死粟不熟，
Trường sàm quải bích lê sinh y.,長饞挂壁犁生衣。
"Hoàng đường thái thú túc yến tẩm,",黃堂太守足宴寢，
Tiên phác bách tính cùng cao chi.,鞭扑百姓窮膏脂。
"Quát thiên ty trúc dạ hàm ẩm,",聒天絲竹夜酣飲，
Dương dương bất vấn dân đề ky.,陽陽不問民啼饑。
"Thị trung đẩu mễ thường thập thiên,",市中斗米償十千，
Cơ nhân chử quyết cung thần xuy.,饑人煮蕨供晨炊。
"Mộc bì bác tận thảo căn tử,",木皮剝盡草根死，
Thê tử tương đối sầu song mi.,妻子相對愁雙眉。
"Hộc hình luỵ luỵ khẩu sinh diệm,",鵠刑累累口生焰，
Luyến cát ngạ biễu vô hoàn ky.,臠割餓莩無完肌。
"Gian dân thừa khích tác đại đạo,",奸民乘隙作大盜，
Yêu cung khoá mã phân khu trì.,腰弓跨馬紛驅馳。
"Tiêu hô thâm lâm tụ hung ác,",嘯呼深林聚凶惡，
Hiệp lộng kiếm sáo dao tinh kỳ.,狎弄劍槊搖旌旗。
"Khứ niên tam nguyệt nhập châu trị,",去年三月入州治，
Cứ toạ đường thượng như hùng bi.,踞坐堂上如熊羆。
"Trường quan yêu nghinh lại tái bái,",長官邀迎吏再拜，
Quỹ tống ngưu tửu la giai trì.,饋送牛酒羅階墀。
"Thành trung hào gia tận phiêu lược,",城中豪家盡剽掠，
Huống tại thôn lạc nhân yên hy.,況在村落人煙稀。
"Liệt nang phẫu khuông thủ kim bạch,",裂囊剖筐取金帛，
Chử kê sát cẩu thi tiên si.,煮雞殺狗施鞭笞。
"Kim niên tai ngược cập Trần, Dĩnh,",今年災虐及陳穎，
Dịch độc tứ khởi dân lưu ly.,疫毒四起民流離。
"Liên thôn tỵ ốc tương chẩm tạ,",連村比屋相枕藉，
Túng hữu dược thạch nan phù trị.,縱有葯石難扶治。
"Nhất gia thập khẩu bất tam nhật,",一家十口不三日，
Cảo thúc tịch quyển mai hoang bi.,藁束席卷埋荒陂。
"Tử sinh thuỳ phục cố cốt nhục,",死生誰復顧骨肉，
Tính mệnh suyễn tức huyền hào ly.,性命喘息懸毫厘。
"Đại tôn thập tuế mại ngũ thiên,",大孫十歲賣五千，
Tiểu tôn tam tuế đầu thanh y.,小孫三歲投清漪。
"Chí kim Bình Chính kiều hạ thuỷ,",至今平正橋下水，
Độc lâu bạch cốt như sơn nhi.,髑髏白骨如山崖。
"Tú y sứ giả túc phong kỷ,",繡衣使者肅風紀，
Hạ xa phỏng sát dân sang di.,下車訪察民瘡痍。
"Lục chương trần từ đạt cửu bệ,",綠章陳辭達九陛，
Triệt dược giảm thiện tâm ưu nguy.,徹葯減膳心憂危。
"Triều đường tạp nghị hội nguyên lão,",朝堂雜議會元老，
Tuất hoang thảo tặc lao thâm ky.,恤荒討賊勞深机。
"Sơn Đông kiến tiết khai đại phủ,",山東建節開大府，
Tiện nghi khảm trảm dương thiên uy.,便宜砍斬揚天威。
"Thân quân tứ xuất tặc bôn hội,",親軍四出賊奔潰，
Cừ khôi kiêu thủ càn khôn di.,渠魁梟首乾坤夷。
"Bái quan nạp túc tuần cựu điển,",拜官納粟循舊典，
Chiến sĩ dũng dược giai hoan di.,戰士踴躍皆歡怡。
"Hoài Nam tư lẫm cửu hồng hủ,",淮南私廩久紅腐，
Chuyển du khởi tích thiên kim tư.,轉輸豈惜千金資。
"Khiển quan tuần hành cần phủ uý,",遣官巡行勤撫慰，
Chẩn túc cấp tệ tô dân bì.,賑粟給幣蘇民疲。
"Hoạch tồn suy hủ kiến kim nhật,",獲存衰朽見今日，
Bệnh cốt thượng nhĩ nan xanh trì.,病骨尚爾難撐持。
"Hướng phi thánh nhân niệm xích tử,",向非聖人念赤子，
Điền uỷ câu hác ưng vô nghi.,填委溝壑應無疑。
"Lão ông ngưỡng thiên lệ như vũ,",老翁仰天淚如雨，
Ngã diệc cảm kích sầu hư hy.,我亦感激愁歔欷。
"An đắc tứ hải khang thả phụ,",安得四海康且阜，
Ngũ phong thập vũ tư ứng kỳ.,五風十雨斯應期。
"Trưởng quan liêm bình huyện lệnh hảo,",長官廉平縣令好，
Sinh dân kích nhưỡng ca thanh thì.,生民擊壤歌清時。
"Nguyện ngôn quan phong thái thi giả,",愿言觀風采詩者，
Thận vật phế ngã Dĩnh Châu lão ông ai khổ từ.,慎勿廢我潁州老翁哀苦辭。
Tam niên kinh để hoạn du nhân,三年京邸宦遊人，
Đoản đoản thanh sam dục thượng trần,短短青衫欲上塵。
Ngột ngột lê viên thư đố khách,兀兀藜園書蠹客，
Xuân phong thuỳ liệu đáo Hương tân,春風誰料到香津。
Điểu đề hoa tiếu bán song hư,鳥啼花笑半窗虛，
Đế lý phong quang lạc hữu dư,帝里風光樂有餘。
Cử mục Mai Sơn thiên lý viễn,舉目梅山千里遠，
Kim triêu xuân sắc cánh hà như,今朝春色更何如。
Cố lý yên hoa nhập mộng trường,故里煙花入夢長，
Hoành sơn Linh thuỷ lộ mang mang,橫山𤅷水路茫茫。
Cao đường mấn phát như kim nhật,高堂鬢髮如今日，
Thanh phúc hoàn bằng nhất triện hương,清福還憑一篆香。
Cương thường mạc trọng thị quân thân,綱常莫重是君親，
Vi tử vi thần thử nhất thân,為子為臣此一身。
Sơn hải vị năng quyên trích bổ,山海未能涓滴補，
Hồi đầu nhị thập bát niên xuân,回頭二十八年春。
"Khứ tuế trung thu vũ áp vân,",去歲中秋雨壓雲，
Thanh huy bất lai nguyệt phụ nhân.,清輝不來月負人。
"Kim niên trung thu quang hạo khiết,",今年中秋光皎潔，
Lữ huống vô liêu nhân phụ nguyệt.,旅況無聊人負月。
"Nguyệt nhân tương phụ hứa đa ban,",月人相負許多般，
Tứ mỹ kiêm toàn dã thực nan.,四美兼全也實難。
"Thuỳ thị nhất tâm vô phụ giả,",誰是一心無負者，
Bạch đầu minh nguyệt kính trung khan.,白頭明月鏡中看。
"Sở cuồng tuý ca ca chính phát,",楚狂醉歌歌正發，
Cánh thướng Lương Đài vọng minh nguyệt.,更上梁臺望明月。
"Sóc phong lạp lạp xuy ngã y,",朔風獵獵吹我衣，
Tuyệt đại giai nhân hạo như tuyết.,絕代佳人皎如雪。
"Truỳ yết cổ, đàn không hầu,",搥羯鼓，彈箜篌，
"Phanh dương tể ngưu toạ tao khâu,",烹羊宰牛坐糟丘，
Nhất tiếu tái tiếu dương thanh âu.,一笑再笑揚清謳。
"Dao khan Biện thuỷ ba thanh tiểu,",遙看汴水波聲小，
Cẩm trạc vong hoàn sự đa thiểu?,錦櫂忘還事多少。
"Tạc nhật Kim Minh trì thượng lai,",昨日金明池上來，
Cấn Nhạc thê lương my lộc nhiễu.,艮岳凄涼麋鹿繞。
"Mạch thanh thanh, thử ly ly,",麥青青，黍離離，
Vạn niên chi thượng nha loạn đề.,萬年枝上鴉亂啼。
"Nhị long bắc thú bất phục phản,",二龍北狩不復返，
Lục long nam độ vô hoàn kỳ.,六龍南渡無還期。
"Kim đồng lệ bính lộ bàn thấp,",金銅淚迸露盤濕，
Hoạ lan quế trụ toan phong cấp.,畫闌桂柱酸風急。
"Cưu cư thước cấu thương chuẩn nhập,",鳩居鵲構蒼隼入，
Xà xuất yến sào bạch hồ lập.,蛇出燕巢白狐立。
"Đông nam địa hãm yêu khí hắc,",東南地陷妖氣黑，
Song phụng cao phi Hải Nam mạch.,雙鳳高飛海南陌。
"Ngô Sơn nhật lạc vô trầm trầm,",吳山日落無沈沈，
Mẫu tử đồng hành hướng thiên bắc.,母子同行向天北。
"Quan hà vạn lý vũ lộ thâm,",關河萬里雨露深，
Tiểu nho hà tất bi khổ tân.,小儒何必悲苦辛。
"Quy lai nhĩ nhiệt vong đầu bạch,",歸來耳熱忘頭白，
Mãi tiếu huy kim mạc tương thất.,買笑揮金莫相失。
"Hô hề nô, xuy tất lật.",呼奚奴，吹觱篥，
"Mỹ nhân tung phục hoành,",美人縱復橫，
Kim tịch phục hà tịch?,今夕復何夕。
"Sở cuồng tuý ca ca dục chuyết,",楚狂醉歌歌欲輟，
Lão viên vị ngã đề trúc liệt.,老猿為我啼竹裂。
"Tiền giả đồ trung nhất tương kiến,",前者途中一相見，
Nhân sự kinh niên ký quân diện.,人事經年記君面。
"Hậu sinh tương động hà tịch liêu,",後生相動何寂寥，
Quân hữu trường tài bất bần tiện.,君有長才不貧賤。
"Quân kim khởi đà xuân giang lưu,",君今起柁春江流，
Dư diệc sa biên cụ tiểu chu.,余亦沙邊具小舟。
"Hạnh vị đạt thư hiền phủ chủ,",幸為達書賢府主，
Giang hoa vị tận hội giang lâu.,江花未盡會江樓。
"Minh công tráng niên trị thì nguy,",明公壯年值時危，
Kinh tế thực tạ anh hùng tư.,經濟實藉英雄姿。
"Quốc chi xã tắc kim nhược thị,",國之社稷今若是，
Vũ định hoạ loạn phi công thuỳ.,武定禍亂非公誰。
"Phụng Tường thiên quan thả bão phạn,",鳳翔千官且飽飯，
Y mã bất phục năng khinh phì.,衣馬不復能輕肥。
"Thanh bào triều sĩ tối khốn giả,",青袍朝士最困者，
Bạch đầu thập di đồ bộ quy.,白頭拾遺徒步歸。
"Nhân sinh giao khế vô lão thiếu,",人生交契無老少，
Luận giao hà tất tiên đồng điệu.,論交何必先同調。
"Thê tử sơn trung khốc hướng thiên,",妻子山中哭向天，
Tu công lịch thượng truy phong phiếu.,須公櫪上追風驃。
"An Nam bản đồ sổ thiên lý,",安南版圖數千里，
Thiểu thị cư dân đa sơn thuỷ.,少是居民多山水。
"Đông lân Hợp Phố, bắc Nghi Ung,",東鄰合浦北宜邕，
"Nam để Chiêm Thành, tây Đại Lý.",南抵占城西大理。
"Cổ lai Ngũ Lĩnh hiệu man di,",古來五嶺號蠻夷，
Triệu tự Đào Đường hữu Giao Chỉ.,肇自陶唐有交趾。
"Kỳ tại Thành Chu vi Việt Thường,",其在成周為越裳，
Trùng dịch tằng lai cống bạch trĩ.,重譯曾來貢白雉。
"Tần danh Tượng Quận, Hán Giao Châu,",秦名象郡漢交州，
"Cửu Chân, Nhật Nam tiếp kỳ địa.",九真日南接其地。
"Hán sơ Triệu Đà tổng hùng cứ,",漢初趙佗總雄據，
Nãi mệnh vi vương miễn tru tỷ.,乃命為王免誅徙。
"Kế nhân Cao Hậu cấm quan thị,",繼因高後禁關市，
Đà phục hỗ cường tuỳ tiếm nguỵ.,佗復怙強隨僭偽。
"Tức xưng đế dữ Trung Quốc mâu,",即稱帝與中國侔，
Tường hại biên dân nghiêm vũ bị.,戕害邊民嚴武備。
"Hán gia tự thị khởi binh qua,",漢家自是起兵戈，
Mỗi chiến vô công bãi lực sĩ.,每戰無功罷力士。
"Hán văn tu đức bất sự vũ,",漢文修德不事武，
Thích tội bất tru phong Triệu Thị.,釋罪不誅封趙氏。
"Đà nhân cảm đức xưng phiên thần,",佗因感德稱藩臣，
Toại sử Anh Tề lai nhập thị.,遂使嬰齊來入侍。
"Phương vật trân kỳ tuế cống thâu,",方物珍奇歲貢輸，
Truyền tập tử tôn cấp ngũ thế.,傳襲子孫給五世。
"Lữ Gia mưu bạn ám hưng binh,",呂嘉謀叛暗興兵，
Cố sát kỳ vương tịnh Hán sứ.,故殺其王並漢使。
"Vũ hoàng nhất nộ phấn thiên qua,",武皇一怒奮天戈，
Thiên lý tinh binh tảo hung uế.,千里精兵掃凶穢。
"Lộ hầu Bác Đức dũng hữu mưu,",路侯博德勇有謀，
Phá Việt như đồng phá trúc thế.,破越如同破竹勢。
"Phân vi cửu quận trí quan thủ,",分為九郡置官守，
Nam Việt tòng tư quốc nãi phế.,南越從茲國乃廢。
"Trung Hoa văn hoá biến miễn thu,",中華聞化遍免收，
Tiệm giáo viễn nhân thông lễ nghĩa.,漸教遠人通禮義。
"Quang Vũ sơ trừ tân thất nạn,",光武初除新室難，
Vị hoàng tuyển trạc nam phương sử.,未遑選擢南方使。
"Mê Linh nhị nữ sính gian hùng,",糜泠二女逞奸雄，
"Tỉ danh Trưng Trắc, muội Trưng Nhị.",姊名徵側妹徵貳。
"Chiêu hô yếu đảng cứ Nam Giao,",招呼要黨據南交，
Uy phục bách man vô dữ tỉ.,威服百蠻無與比。
"Xâm biên khấu lược lục thập thành,",侵邊寇略六十城，
"Nhất lập vi vương, nhất vi suý.",壹立為王壹為帥。
"Đường đường Hán tướng Mã Phục Ba,",堂堂漢將馬伏波，
Khổ chiến tam niên thường thiết xỉ.,苦戰三年常切齒。
"Phân quân khu trục đáo Man Khê,",分軍驅逐到璽溪，
Tặc tù thụ thủ tất bình trị.,賊酋授首悉平治。
"Quảng khai Hán giới cực thiên nam,",廣開漢界極天南，
Đồng trụ cao tiêu truyền Hán sử.,銅柱高標傳漢史。
"Mệnh quan khiển tướng trấn kỳ dân,",命官遣將鎮其民，
Đức chính thanh tân đa huệ thi.,德政清新多惠施。
"Chí ư Sĩ Nhiếp thiện phủ tuy,",至於士燮善撫綏，
Quý trọng nhất phương nhân sở tư.,貴重一方人所思。
"Quốc chính phân phân [?] [?] [?],",國政紛紛◆◆◆，
Ngô Thục tại tranh vi bích luỹ.,吳蜀在爭為壁壘。
"Tấn hưng Giao giới nhập Hán chế,",晉興交界入漢制，
"Tống, Tề, Lương, Trần thừa nhất quỹ.",宋齊梁陳承一軌。
"Du du duyệt thế đãi Tuỳ, Đường,",悠悠閱世逮隋唐，
Thuỷ hiệu An Nam kim nhưng thị.,始號安南今仍是。
"Trương Chu thuỷ tác đô hộ thì,",張舟始作都護時，
Tu trúc La Thành chế quân khí.,修築羅城製軍器。
"Cao Biền uy tín hành tại bỉ,",高駢威信行在彼，
Thử bang nhân nhân đa mạn dị.,此邦人人多慢易。
"Hàm Thông mạt tuế Trung Quốc loạn,",咸通末歲中國亂，
Chuyển vận hà phương tứ kiêu tứ.,轉運遐方肆驕恣。
"Ngô Quyền, Khúc Hạo, Kiều dữ Dương,",吳權曲顥矯與楊，
Thoán đoạt tương tranh dân lực quỹ.,篡奪相爭民力匱。
"Tống sơ Đinh thị thuỷ phong vương,",宋初丁氏始封王，
Đinh tuyệt chuyển phong Lê dữ Lý.,丁絕轉封黎與李。
"Lý truyền cửu thế nhất bách niên,",李傳九世一百年，
Tự hữu Trần vương lai tập vị.,嗣有陳王來襲位。
"Thái bình nhật cửu trọng nho phong,",泰平日久重儒風，
Lễ nhạc y quan lược sơ tự.,禮樂衣冠略初似。
"Hoàng Nguyên nhất thống tự cổ vô,",皇元一統自古無，
Đức phục vạn bang ân trạch bị.,德服萬邦恩澤被。
"Trần vương nạp khoản tam thập niên,",陳王納款三十年，
Hậu tự bất đạo vi thượng chỉ.,後嗣不道違上旨。
"Giáp Thân giả đạo chinh Chiêm Thành,",甲申假道征占城，
Linh trợ quân khí cung hướng quỹ.,令助軍器供餉饋。
"Cư nhiên nghịch mệnh tương kháng hành,",居然逆命相抗衡，
Cự hãn vương sư tâm hoài dị.,拒捍王師心懷異。
"Trần vương tử điệt nhị tam nhân,",陳王子侄二三人，
Mộ nghĩa lai quy mộc ân tứ.,慕義來歸沐恩賜。
"Hưng sư phạt tội xuất hữu danh,",興師伐罪出有名，
Thiên lý ưng dương diệu kỳ xí.,千里鷹揚耀旗幟。
"Tiến binh sổ đạo hội ư Giao,",進兵數道會於交，
Thế nhược lôi điện trì vạn kỵ.,勢若雷電馳萬騎。
"Kỳ vương đào hải nặc sơn lâm,",其王逃海匿山林，
Bàng cập vô cô tao tội lệ.,旁及無辜遭罪戾。
"Sư hoàn phục tội tiến biểu chương,",師還伏罪進表章，
Tê tượng tỉ châu thường chủng chí.,犀象璽珠常踵至。
"Thánh tâm đãng đãng niệm tư dân,",聖心蕩蕩念斯民，
Bãi chiến hưu binh hợp thiên ý.,罷戰休兵合天意。
"Nam lục tòng thử tất an nhiên,",南陸從此悉安然，
Ức vạn sinh linh mông kỳ tí.,億萬生靈蒙其庇。
"Viễn nhân hoài đức tự tâm quy,",遠人懷德自心歸，
Thiên hạ vi gia đương thịnh tế.,天下為家當盛際。
"Tiểu thần cư Miện bái hoàng ân,",小臣居沔拜皇恩，
Thiết lộc tố xan tâm tự quý.,竊祿素餐心自愧。
"Thừa gian chuế tập cựu sở văn,",乘間綴緝舊所聞，
Tả tác An Nam phong thổ chí.,寫作安南風土誌。
"Tiền niên vọng quy, quy bất đắc,",前年望歸歸不得，
Khứ niên trung đồ cước vô lực.,去年中途腳無力。
"Tàn sinh hà ý hữu kim niên,",殘生何意有今年？
Đột ngột gia sơn đoạ nhãn tiền.,突兀家山墮眼前。
"Đông gia, tây gia bách hồ tửu,",東家西家百壺酒，
Chủ nhân bổng thương khách trường thọ.,主人捧觴客長壽。
"Tiên sinh tuý tụ vãn xuân hồi,",先生醉袖挽春回，
Vạn lạc thiên thôn mãn hoa liễu.,萬落千村滿花柳。
"Sơn linh vi cừ dã phóng điên,",山靈為渠也放顛，
Thế giới huyễn nhập đâu la miên,世界幻入兜羅綿。
"Tự hiềm ý cẩm thái hàn khất,",似嫌衣錦太寒乞，
Biệt tác ngọc tiết trang sơn xuyên.,別作玉屑妝山川。
"Nhân ngôn Thiếu Vi chiếu hương tỉnh,",人言少微照鄉井，
Chuẩn bị hoàng vân tam vạn khoảnh.,準備黃雲三萬頃。
"Hà nhân biện tác Trần Oánh Trung,",何人辦作陳瑩中？
Lai dữ tiên sinh cộng xuy bính.,來與先生共炊餅。
"Hữu thân mạc phạm phi long lân,",有身莫犯飛龍鱗，
Hữu thủ mạc biện mãnh hổ tu.,有手莫辮猛虎鬚。
"Quân khán tích nhật Nhữ Nam thị,",君看昔日汝南市，
Bạch đầu tiên nhân ẩn ngọc hồ.,白頭仙人隱玉壺。
"Tử du văn phong động song trúc,",子猷聞風動窗竹，
Tương yêu cộng tuý bôi trung lục.,相邀共醉杯中綠。
"Lịch dương hà dị sơn âm thì,",歷陽何異山陰時，
Bạch tuyết phi hoa loạn nhân mục.,白雪飛花亂人目。
"Quân gia hữu tửu ngã hà sầu,",君家有酒我何愁，
Khách đa lạc hàm bỉnh chúc du.,客多樂酣秉燭遊。
"Tạ thượng tự năng cù dục vũ,",謝尚自能鴝鵒舞，
Tương như miễn thoát túc sương cừu.,相如免脫鷫鷞裘。
"Thanh thần cổ trạo quá giang khứ,",清晨鼓櫂過江去，
Thiên lý tương tư minh nguyệt lâu.,千里相思明月樓。
"Nhân sinh tam vạn lục thiên nhật,",人生三萬六千日，
Dư dĩ nhị vạn thất thiên vị đắc tức.,余已二萬七千未得息。
"Túng nhiên thiên thọ xỉ Kiều Bành,",縱然天壽齒喬彭，
Đắc táng bi hoan khởi chung cực.,得喪悲歡豈終極。
"Thiều linh chi niên phó bất tri,",髫齡之年付不知，
Cập dĩ trưởng thành thượng ký ức.,及已長成尚記憶。
"Thất hỗ hu ta tảo viết cô,",失怙吁嗟早曰孤，
Dưỡng dục địch phong tư mẫu đức.,養育荻風思母德。
"Ư quốc ư gia ký quyết tâm,",於國於家既厥心，
Vi tử vi thần cung bính chức.,為子為臣供屏織。
"Phong đào lam chướng nhất thân khinh,",風濤嵐瘴一身輕，
Bôn tẩu tiên hậu phi bất lực.,奔走先後非不力。
"Hoạn hải thăng trầm tứ thập niên,",宦海升沉四十年，
Lao lao hoàn hữu hưu hưu đắc.,勞勞還有休休得。
"Kỷ kinh thương hải biến tang điền,",幾經滄海變桑田，
Vô hạn tiêu lao tịnh mục tật.,無限焦勞并目疾。
"Phục ngoại cô trung lão vị hưu,",伏外孤忠老未休，
Đồ bào Kỷ ưu chung uất ức.,徒抱杞憂終鬱抑。
"Tự phận càn khôn nhất chuế vưu,",自分乾坤一贅疣，
Bệnh ký bi minh kỳ tẩm thực.,病驥悲鳴其寢食。
"Hồ nhiên nhi đế sử hư sinh,",胡然而帝使虛生，
Hồ nhiên nhi thiên bất tảo cức.,胡然而天不早殛。
"Tích thệ tuỳ bỉ Phan An Nhân,",惜逝隨彼潘安人，
Đương cùng lãng tiếu Đoàn Thành Thức.,當窮浪笑段成式。
"An tri sự vật tổng quy vô,",安知事物總歸無，
"Sắc tức thị không, không thị sắc.",色即是空空是色。
"Hoạ phúc thương thương dã chủ trì,",禍福蒼蒼也主持，
Khởi tuẫn nhân gian cầu túc dục.,豈徇人間求足欲。
"Yếm trần cổ hữu Phạm Vũ Tử,",厭塵古有范武子，
Kỳ tử kim vô thiện vu chúc.,祈死今無善巫祝。
"Thiện chúc cổ hữu Hoa Phong nhân,",善祝古有華封人，
Đa thọ chuyển tư đa sỉ nhục.,多壽轉思多聇辱。
"Cố dư mấn phát tự Đồng Sơn,",顧余鬢髮似童山，
Bất giả tương nghinh tê thọ vực.,不假相迎躋壽域。
"Ý dã thiên công gia ngã niên,",意也天工加我年，
Thử gian ổi lỗi tu chung khúc.,此間傀儡須終曲。
"Ý dã thiên quý sắc ngã tử,",意也天愧嗇我死，
Thử gian dịch kỳ tu chung cục.,此間奕棋須終局。
"Cư dịch sĩ mệnh phục hà khinh,",居易俟命復何輕，
Na tri tu đoản dữ tốc trì.,那知修短與速遲。
"Kim tiêu tịch mịch khổ canh trường,",今宵寂寞苦更長，
Toạ lập thư trai chân cục cục.,坐立書齋真跼跼。
"Uyển nhược Đường Lô dĩ thượng nhân,",宛若唐盧以上人，
Hồn vô tri thức hồn vô tục.,渾無知識渾無俗。
"Há mã Đồng nhai nhật dĩ tà,",下馬銅街日已斜，
Bắc phong y mệ mãn trần sa.,北風衣袂滿塵沙。
"Thu quang khước tại nhàn môn hạng,",秋光卻在閒門巷，
Thâm toả vong ưu nhất thụ hoa.,深鎖忘憂一樹花。
"Khước lập tây phong vũ thuý nhân,",卻立西風舞翠茵，
Nhất chi chi tự phất lương trần.,一枝枝似拂梁塵。
"Hán cung tối đố đồ hoàng ngạch,",漢宮最妒塗黄額，
Mạc khiển Sương Nga kiến lệ nhân.,莫遣霜娥見麗人。
"Trùng cửu hoa khai dĩ tự trì,",重九花開已自遲，
Tuyết trung do diểu tối phồn chi.,雪中猶裊最繁枝。
"Kim môn bạch thủ bi từ khách,",金門白首悲詞客，
Tự nhĩ phiêu linh quá tuế thì.,似爾飄零過歲時。
"Tật phong xuy trần ám Hà huyện,",疾風吹塵暗河縣，
Hành tử cách thủ bất tương kiến.,行子隔手不相見。
"Hồ Thành thành nam nhất khai nhãn,",湖城城南一開眼，
Trú mã ngẫu thức Vân Khanh diện.,駐馬偶識雲卿面。
"Hướng phi Lưu Hạo vi địa chủ,",向非劉顥為地主，
Lãn hồi tiên bí thành cao yến.,懶回鞭轡成高宴。
"Lưu hầu thán ngã huề khách lai,",劉侯歎我攜客來，
Trí tửu trương đăng xúc hoa soạn.,置酒張燈促華饌。
"Thả tương khoản khúc chung kim tịch,",且將款曲終今夕，
Hưu ngữ gian nan thượng hàm chiến.,休語艱難尚酣戰。
"Chiếu thất hồng lô xúc thự quang,",照室紅爐促曙光，
Oanh song tố nguyệt thuỳ văn luyện.,縈窗素月垂文練。
"Thiên khai địa liệt Trường An mạch,",天開地裂長安陌，
Hàn tận xuân sinh Lạc Dương điện.,寒盡春生洛陽殿。
"Khởi tri khu xa phục đồng quỹ,",豈知驅車復同軌，
Khả tích khắc lậu tuỳ canh tiễn.,可惜刻漏隨更箭。
"Nhân sinh hội hợp bất khả thường,",人生會合不可常，
Đình thụ kê minh lệ như tuyến.,庭樹雞鳴淚如線。
"Cố nhân hữu tửu mạc trù trướng,",故人有酒莫惆悵，
Chước chước nguyện quân ẩm vô lượng.,酌酌願君飲無量。
Quân bất kiến:,君不見：
"Hồng hộc cao phi thanh vân thượng,",鴻鵠高飛青雲上，
Huyền hạc độc túc thanh sơn bạng.,玄鶴獨宿青山傍。
"Hoàng điểu hoàng điểu quy thực trường,",黃鳥黃鳥歸食長，
Do lai bất cảm lưỡng tương kháng.,由來不敢兩相抗。
"Cố nhân nỗ lực sự công danh,",故人努力事功名，
Tản nhân quy khứ ngoạ giang thành.,散人歸去臥江城。
Tương khan bôi tửu tối phân minh.,相看杯酒最分明。
"Quân bất kiến Đông Xuyên tiết độ binh mã hùng,",君不見東川節度兵馬雄，
Hiệu liệp diệc tự quan thành công.,校獵亦似觀成功。
"Dạ phát mãnh sĩ tam thiên nhân,",夜發猛士三千人，
Thanh thần hợp vi bộ sậu đồng.,清晨合圍步驟同。
"Cầm thú dĩ tệ thập thất bát,",禽獸已斃十七八，
Sát thanh lạc nhật hồi thương khung.,殺聲落日回蒼穹。
"Mạc tiền sinh trí cửu thanh huỷ,",幕前生致九青兕，
Lạc đà lỗi quỵ thuỳ huyền hùng.,駱駝礨峞垂玄熊。
"Đông tây nam bắc bách lý gian,",東西南北百里間，
Phảng phật xúc đạp hàn sơn không.,仿佛蹴踏寒山空。
"Hữu điểu danh cù dục,",有鳥名鴝鵒，
Lực bất năng cao phi trục tẩu bồng.,力不能高飛逐走蓬。
"Nhục vị bất túc đăng đỉnh trở,",肉味不足登鼎俎，
Hà vị kiến ky ngu la trung.,何為見羈虞羅中。
"Xuân sưu đông thú hầu đắc đồng,",春搜冬狩侯得同，
Sứ quân ngũ mã nhất mã thông.,使君五馬一馬驄。
"Huống kim nhiếp hành đại tướng quyền,",況今攝行大將權，
Hiệu lệnh pha hữu tiền hiền phong.,號令頗有前賢風。
"Phiêu nhiên thì nguy nhất lão ông,",飄然時危一老翁，
Thập niên yếm kiến tinh kỳ hồng.,十年厭見旌旗紅。
"Hỉ quân sĩ tốt thậm chỉnh túc,",喜君士卒甚整肅，
Vị ngã hồi bí cầm Tây Nhung.,為我回轡擒西戎。
"Thảo trung hồ thố tận hà ích,",草中狐兔盡何益，
Thiên tử bất tại Hàm Dương cung.,天子不在咸陽宮。
"Triều đình tuy vô U vương hoạ,",朝廷雖無幽王禍，
Đắc bất ai thống trần tái mông.,得不哀痛塵再蒙。
"Ô hô, đắc bất ai thống trần tái mông.",嗚呼，得不哀痛塵再蒙。
"Nhất thế chi hùng an tại tai,",一世之雄安在哉，
Cổ nhân khứ hề kim nhân lai.,古人去兮今人來。
"Bất kiến Nghiệp trung Nguỵ Vũ Đế,",不見鄴中魏武帝，
Đãn kiến giang biên Đồng Tước đài.,但見江邊銅雀臺。
"Đài cơ tuy tại dĩ khuynh bĩ,",臺基雖在已傾圮，
Âm phong nộ hào thu thảo mĩ.,陰風怒號秋草靡。
"Ngọc Long, Kim Phượng tận mang mang,",玉龍金鳳盡茫茫，
Hà huống đài trung ca vũ kỹ.,何況臺中歌舞妓。
"Tư nhân thịnh thời thuỳ cảm đương,",斯人盛時誰敢當，
Miễu thị hoàng đế lăng hầu vương.,眇視皇帝凌侯王。
"Chỉ hận tằng đài không luật ngột,",只恨層臺空律屼，
Tiểu Kiều chung lão giá Chu Lang.,小喬終老嫁周郎。
"Nhất triêu đại hạn hữu thì chí,",一朝大限有時至，
Thượng thực tấu ca đồ duyệt quỷ.,尚食奏歌圖悅鬼。
"Phân hương mại lí khổ đinh ninh,",分香賣履苦叮嚀，
Lạc lạc trượng phu hà nhĩ nhĩ.,落落丈夫何爾爾。
"Gian hùng biệt tự hữu cơ tâm,",奸雄別自有機心，
Bất thị minh ai nhi nữ khí.,不是鳴哀兒女氣。
"Thiên cơ vạn xảo tận thành không,",千機萬巧盡成空，
Chung cổ thương tâm Chương Giang thuỷ.,終古傷心漳江水。
"Ngã tư cổ nhân thương ngã tình,",我思古人傷我情，
Bồi hồi phủ ngưỡng bi phù sinh.,徘徊俯仰悲浮生。
"Như thử anh hùng thả như thử,",如此英雄且如此，
Huống hồ thốn công dữ bạc danh.,況乎寸功與薄名。
"Nhân gian huân nghiệp nhược trường tại,",人間勳業若長在，
Thử địa cao đài ưng vị khuynh.,此地高臺應未傾。
Quân bất kiến:,君不見：
"Ba Đông sơn sắc liên Ba Tây,",巴東山色連巴西，
Giang đầu nhật lạc phong thê thê.,江頭日落風凄凄。
"Hành nhân quá thử bất năng khứ,",行人過此不能去，
Đình xa sầu thính giang viên đề.,停車愁聽江猿啼。
"Nham hác thiên lý đoạn hành lộ,",岩壑千里斷行路，
Đằng sao cát thứ phân vô số.,藤梢葛刺紛無數。
"Đề viên lộng thử do vị liễu,",啼猿弄此猶未了，
Thúc nhiên đằng thượng thanh phong thụ.,倏然騰上青楓樹。
"Sử quân hành chỉ Tàm Tùng từ,",使君行指蠶叢祠，
Ba nhân đạo nghênh ca “Trúc chi”.,巴人道迎歌竹枝。
"Ca thanh tương tuyệt viên thanh tục,",歌聲將絕猿聲續，
Thanh âm diểu diểu như ai ngọc.,清音裊裊如哀玉。
"Cẩm quan dịch ngoại tạp minh tuyền,",錦官驛外雜鳴泉，
Đại Kiếm sơn đầu bi lạc mộc.,大劍山頭悲落木。
"Thử nhật Trường An nhất ức quân,",此日長安一憶君，
Tri quân dao túc Lãng thành vân.,知君遙宿閬城雲。
"Các trung dạ dạ đề viên khởi,",各中夜夜啼猿起，
Nhược đáo tam thanh na khả văn.,若到三聲那可聞。
"Nhĩ gia hà tại Tiêu Tương xuyên,",爾家何在瀟湘川，
Thanh toa bạch thạch Trường Sa biên.,青莎白石長沙邊。
"Tạc mộng giang hoa chiếu giang nhật,",昨夢江花照江日，
Kỷ chi chính phát đông song tiền.,幾枝正發東窗前。
"Giác lai dục vãng tâm du nhiên,",覺來欲往心悠然，
Hồn tuỳ Việt điểu phi nam thiên.,魂隨越鳥飛南天。
"Tần vân liên sơn hải tương tiếp,",秦雲連山海相接，
Quế thuỷ hoành yên bất khả thiệp.,桂水橫煙不可涉。
"Tống quân thử khứ lịnh nhân sầu,",送君此去令人愁，
Phong phàm mang mang cách hà châu.,風帆茫茫隔河洲。
"Xuân đàm quỳnh thảo lục khả chiết,",春潭瓊草綠可折，
Tây ký Trường An minh nguyệt lâu.,西寄長安明月樓。
"Lão khứ hoa tàn xuân nhật mộ,",老去花殘春日暮，
Hoạn du ngẫu chí Đàn Khê lộ;,宦遊偶至檀溪路；
"Đình tham dao vọng độc bồi hồi,",停驂遙望獨徘徊，
Nhãn tiền linh lạc phiêu hồng nhứ.,眼前零落飄紅絮。
"Ám tưởng Hàm Dương hoả đức suy,",暗想咸陽火德衰，
Long tranh hổ đấu giao tương trì;,龍爭虎鬥交相持。
"Tương Dương hội thượng vương tôn ẩm,",襄陽會上王孫飲，
Toạ trung Huyền Đức thân tương nguy.,坐中玄德身將危。
"Đào sinh độc xuất tây môn đạo,",逃生獨出西門道，
Bối hậu truy binh phục tương đáo.,背後追兵復將到。
"Nhất xuyên yên thuỷ trướng Đàn Khê,",一川煙水漲檀溪，
Cấp sất chinh kị vãng tiền khiêu.,急叱征騎往前跳。
"Mã đề đạp toái thanh pha ly,",馬蹄踏碎青玻璃，
Thiên phong hưởng xử kim tiên huy.,天風響處金鞭揮。
"Nhĩ bạn đãn văn thiên kị tẩu,",耳畔但聞千騎走，
Ba trung hốt kiến song long phi.,波中忽見雙龍飛。
"Tây Xuyên độc phách chân anh chủ,",西川獨霸真英主，
Toạ hạ long câu lưỡng tương ngộ.,坐下龍駒兩相遇。
"Đàn Khê khê thuỷ tự đông lưu,",檀溪溪水自東流，
Long câu anh chủ kim hà xử!,龍駒英主今何處？
"Lâm lưu tam thán tâm dục toan,",臨流三歎心欲酸，
Tà dương tịch tịch chiếu không san;,斜陽寂寂照空山。
"Tam phân đỉnh túc hồn như mộng,",三分鼎足渾如夢，
Tung tích không lưu tại thế gian.,蹤跡空留在世間。
"Cổ thì Đỗ Vũ xưng Vọng Đế,",古時杜宇稱望帝，
Hồn tác đỗ quyên hà vi tế.,魂作杜鵑何微細。
"Khiêu chi thoán diệp thụ mộc trung,",跳枝竄葉樹木中，
Thưởng dương miết liệt thư tuỳ hùng.,搶佯瞥捩雌隨雄。
"Mao y thảm hắc mạo tiều tuỵ,",毛衣慘黑貌憔悴，
Chúng điểu an khẳng tương tôn sùng.,眾鳥安肯相尊崇。
"Huy hình bất cảm thê hoa ốc,",隳形不敢棲華屋，
Đoản cách duy nguyện sào thâm tùng.,短翮唯願巢深叢。
"Xuyên bì trác hủ tuy dục ngốc,",穿皮啄朽觜欲禿，
Khổ cơ thuỷ đắc thực nhất trùng.,苦饑始得食一蟲。
"Thuỳ ngôn dưỡng sồ bất tự bộ,",誰言養雛不自哺，
Thử ngữ diệc túc vi ngu mông.,此語亦足為愚蒙。
"Thanh âm yết yết như hữu vị,",聲音咽咽如有謂，
Hào đề lược dữ anh nhi đồng.,號啼略與嬰兒同。
"Khẩu cán thuỳ huyết chuyển bách xúc,",口幹垂血轉迫促，
Tự dục thượng tố ư thương khung.,似欲上訴於蒼穹。
"Thục nhân văn chi giai khởi lập,",蜀人聞之皆起立，
Chí kim hiệu học hiệu di phong.,至今斅學效遺風，
Nãi tri biến hoá bất khả cùng.,乃知變化不可窮。
"Khởi tri tích nhật cư thâm cung,",豈知昔日居深宮，
Tần tường tả hữu như hoa hồng.,嬪嬙左右如花紅。
Quân bất kiến:,君不見：
"Tích nhật Thục thiên tử,",昔日蜀天子，
Hoá tác đỗ quyên tự lão ô.,化作杜鵑似老烏。
"Ký sào sinh tử bất tự trác,",寄巢生子不自啄，
Quần điểu chí kim vi bô sồ.,群鳥至今為哺雛。
"Tuy đồng quân thần hữu cựu lễ,",雖同君臣有舊禮，
Cốt nhục mãn nhãn thân ky cô.,骨肉滿眼身羈孤。
"Nghiệp công thoán phục thâm thụ lý,",業工竄伏深樹裏，
Tứ nguyệt ngũ nguyệt thiên hào hô.,四月五月偏號呼。
"Kỳ thanh ai thống khẩu lưu huyết,",其聲哀痛口流血，
Sở tố hà sự thường khu khu.,所訴何事常區區。
"Nhĩ khởi thôi tàn thuỷ phát phẫn,",爾豈摧殘始發憤，
Tu đới vũ cách thương hình ngu.,羞帶羽翮傷形愚。
"Thương thiên biến hoá thuỳ liệu đắc,",蒼天變化誰料得，
Vạn sự phản phúc hà sở vô.,萬事反復何所無。
"Vạn sự phản phúc hà sở vô,",萬事反復何所無，
Khởi ức đương điện quần thần xu.,豈憶當殿群臣趨。
"Hạnh tai di lê miễn phu lỗ,",幸哉遺黎免俘虜，
Tam thần ký lãng ngộ từ phụ.,三辰既朗遇慈父。
"Huyền tửu vong lao cam hồ phủ,",玄酒忘勞甘瓠脯，
Hà dĩ vịnh ân ca thả vũ.,何以詠恩歌且舞。
"Ngã gia Giang thuỷ sơ phát nguyên,",我家江水初發源，
Hoạn du trực tống Giang nhập hải.,宦遊直送江入海。
"Văn đạo triều đầu nhất trượng cao,",聞道潮頭一丈高，
Thiên hàn thượng hữu sa trần tại.,天寒尚有沙塵在。
"Trung Linh nam bạn thạch bàn đà,",中泠南畔石盤陀，
Cổ lai xuất một tuỳ đào ba.,古來出沒隨濤波。
"Thí đăng tuyệt đỉnh vọng hương quốc,",試登絕頂望鄉國，
Giang nam Giang bắc thanh sơn đa.,江南江北青山多。
"Ky sầu uý vãn tầm quy tiếp,",羈愁畏晚尋歸楫，
Sơn tăng khổ lưu khan lạc nhật.,山僧苦留看落日。
"Vi phong vạn khoảnh ngoa văn tế,",微風萬頃靴文細，
Đoạn hà bán không ngư vĩ xích.,斷霞半空魚尾赤。
"Thị thì Giang nguyệt sơ sinh phách,",是時江月初生魄，
Nhị canh nguyệt lạc thiên thâm hắc.,二更月落天深黑。
"Giang tâm tự hữu cự hoả minh,",江心似有炬火明，
Phi diễm chiếu sơn thê điểu kinh.,飛燄照山棲鳥驚。
"Trướng nhiên quy ngoạ tâm mạc thức,",悵然歸臥心莫識，
Phi quỷ phi nhân cánh hà vật.,非鬼非人竟何物。
"Giang sơn như thử bất quy sơn,",江山如此不歸山，
Giang thần kiến quái cảnh ngã ngoan.,江神見怪警我頑。
"Ngã tạ Giang thần khởi đắc dĩ,",我謝江神豈得已，
Hữu điền bất quy như Giang thuỷ.,有田不歸如江水。
"Nhân gian hữu thử bạch ngọc kinh,",人間有此白玉京，
La phù kiến nhật kê nhất minh.,羅浮見日雞一鳴。
"Nam lâu vị tất Tề nhật quán,",南樓未必齊日觀，
Uất nghi tự dục triều Chu Minh.,鬱儀自欲朝朱明。
"Đông Pha chi sư Bão Phác lão,",東坡之師抱朴老，
Chân Khế cửu dĩ giao tiền sinh.,真契久已交前生。
"Ngọc đường kim mã cửu lưu lạc,",玉堂金馬久流落，
Thốn điền xích trạch kim thuỳ canh.,寸田尺宅今誰耕。
"Đạo Hoa diệc thường đạm nhất tảo,",道華亦嘗啖一棗，
Khế Hư chính dục cừu tam bành.,契虛正欲仇三彭。
"Thiết kiều thạch trụ liên không hoành,",鐵橋石柱連空橫，
Trượng lê dục sấn phi nhu khinh.,杖藜欲趁飛猱輕。
"Vân Khê dạ phùng âm hổ phục,",雲溪夜逢瘖虎伏，
Đẩu đàn trú xuất đồng long ninh.,斗壇晝出銅龍獰。
"Tiểu nhi thiếu niên hữu kỳ chí,",小兒少年有奇志，
Trung tiêu khởi toạ tồn Hoàng đình.,中宵起坐存黃庭。
"Cận giả hý tác “Lăng vân phú”,",近者戲作《凌雲賦》，
Bút thế bàng phất “Ly tao kinh”.,筆勢彷彿《離騷經》。
"Phụ thư tòng ngã hạp quy khứ,",負書從我盍歸去，
Quần tiên chính thảo “Tân cung minh”.,群仙正草《新宮銘》。
"Nhữ ưng nô lệ Thái Thiếu Hà,",汝應奴隸蔡少霞，
Ngã diệc quý mạnh Sơn Huyền Khanh.,我亦季孟山玄卿。
"Hoàn tu lược báo lão Đồng Thúc,",還須略報老同叔，
Doanh lương vạn lý tầm Sơ Bình.,贏糧萬里尋初平。
"Tấn Dương thành ngoại thao thao thuỷ,",晉陽城外滔滔水，
Trí Bá tất đầu vi niệu khí.,智伯漆頭為溺器。
"Vô nhân báo cừu thành khả bi,",無人報仇誠可悲，
Kỳ thần Dự Nhượng thân đương chi.,其臣豫讓身當之。
"Tất thân vi lại dịch tu mi,",漆身為癩剔鬚眉，
Đương đạo khất thực thê bất tri.,當道乞食妻不知。
"Thân hiệp chuỷ thủ phục kiều hạ,",身挾匕首伏橋下，
Nộ thị cừu phúc cam như di.,怒視仇腹甘如飴。
"Sát khí lẫm lẫm bất khả cận,",殺氣凜凜不可近，
Bạch nhật vô quang sương tuyết phi.,白日無光霜雪飛。
"Tái hoạch tái xả tâm bất di,",再擭再舍心不移，
Lâm tử do năng tam kích y.,臨死猶能三擊衣。
"Lăng lăng kỳ khí thiên tiêu thượng,",凌凌奇氣千霄上，
Tự thử kiều danh canh Dự Nhượng.,自此橋名更豫讓。
"Quân thần đại nghĩa tối phân minh,",君臣大義最分明，
Quốc sĩ chúng nhân các dị thượng.,國士眾人各易尙。
"Quý sát nhân thần hoài nhị tâm,",愧剎人臣懷二心，
Thiên cổ văn chi sắc trù trướng.,千古聞之色惆悵。
"Bất thị Kinh Kha Nhiếp Chính đồ,",不是荊軻聶政徒，
Cam nhân hoạn dưỡng khinh kỳ khu.,甘人豢養輕其軀。
"Huyết khí chi dũng bất túc đạo,",血氣之勇不足道，
Quân độc tranh tranh thiết trượng phu.,君獨錚錚鐵丈夫。
"Lộ kinh Tam Tấn giai khâu thổ,",路經三晉皆丘土，
Chú mục kiều biên như hữu đổ.,注目橋邊如有睹。
"Tây phong thê thê hàn bức nhân,",西風凄凄寒逼人，
Chinh mã tần tần kinh thất lộ.,征馬頻頻驚失路。
"Chuỷ thủ đương thì thất thốn trường,",匕首當時七寸長，
Độc hữu vạn trượng quang mang cắng kim cổ.,獨有萬丈光茫亙今古。
"Nga My cao xuất tây cực thiên,",峨眉高出西極天，
La Phù trực dữ Nam minh liên.,羅浮直與南溟連。
"Danh công dịch tư huy thái bút,",名公繹思揮彩筆，
Khu sơn tẩu hải trí nhãn tiền.,驅山走海置眼前。
"Mãn đường không thuý như khả tảo,",滿堂空翠如可掃，
Xích thành hà khí thương ngô yên.,赤城霞氣蒼梧煙。
"Động Đình, Tiêu Tương ý diểu miên,",洞庭瀟湘意渺綿，
Tam giang thất trạch tình hồi duyên.,三江七澤情洄沿。
"Kinh đào hung dũng hướng hà xứ,",驚濤洶湧向何處，
Cô chu nhất khứ mê quy niên.,孤舟一去迷歸年。
"Chinh phàm bất động diệc bất toàn,",征帆不動亦不旋，
Phiêu như tuỳ phong lạc thiên biên.,飄如隨風落天邊。
"Tâm dao mục đoạn hứng nan tận,",心搖目斷興難盡，
Kỷ thời khả đáo Tam sơn điên.,幾時可到三山巔。
"Tây phong tranh vanh phún lưu tuyền,",西峰崢嶸噴流泉，
Hoành thạch túc thuỷ ba sàn viên.,橫石蹙水波潺湲。
"Đông nhai hợp đạp tế khinh vụ,",東崖合沓蔽輕霧，
Thâm lâm tạp thụ không thiên miên.,深林雜樹空芊綿。
"Thử trung minh muội thất trú dạ,",此中冥昧失晝夜，
Ẩn kỷ tịch thính vô minh thiền.,隱幾寂聽無鳴蟬。
"Trường tùng chi hạ liệt vũ khách,",長松之下列羽客，
Đối toạ bất ngữ Nam Xương tiên.,對坐不語南昌仙。
"Nam Xương tiên nhân Triệu phu tử,",南昌仙人趙夫子，
Diệu niên lịch lạc thanh vân sĩ.,妙年歷落青雲士。
"Tụng đình vô sự la chúng tân,",訟庭無事羅眾賓，
Hương nhiên như tại đan thanh lý.,香然如在丹青裏。
Ngũ sắc phấn đồ an túc trân?,五色粉圖安足珍？
Chân tiên khả dĩ toàn ngô thân?,真仙可以全吾身。
"Nhược đãi công thành phất y khứ,",若待功成拂衣去，
Vũ Lăng đào hoa tiếu sát nhân.,武陵桃花笑殺人。
"Không trung du ty dĩ vô lại,",空中游絲已無賴，
Uyển chuyển dương hoa do bách thái.,宛轉楊花猶百態。
"Tuỳ phong phác trướng phất hương liêm,",隨風扑帳拂香奩，
Độ thuỷ điểm y oanh cẩm đái.,度水點衣縈錦帶。
"Khinh bạc điên cuồng phong thướng há,",輕薄顛狂風上下，
Yến tử oanh nhi các tân giá.,燕子鶯儿各新嫁。
"Thoa đầu tẫn truỵ ngọc trùng sơ,",釵頭燼墜玉蟲初，
Bồn lý ty tao ngân kiển sạ.,盆里絲繅銀繭乍。
"Dục lạc bất lạc xuân chiểu bình,",欲落不落春沼平，
Vô căn vô đế tác phù bình.,無根無蒂作浮萍。
"Hiệt ba tú đài tổng thành mị,",纈波繡苔總成媚，
Nhân gian tối hảo thị thanh minh.,人間最好是清明。
"Thanh minh diễm dương tam nguyệt thiên,",清明艷陽三月天，
Đế lý yên hoa táp tửu thuyền.,帝里煙花匝酒船。
"Thạch kiều hoành trực nhân gia hảo,",石橋橫直人家好，
Tiểu hải bạch ngư khiêu bích tảo.,小海白魚跳碧藻。
"Du giáp hà tiền oán biệt ly,",榆莢荷錢怨別離，
Bất tự dương hoa uyển chuyển phi.,不似楊花宛轉飛。
"Dương hoa phi tận lục âm hợp,",楊花飛盡綠陰合，
Cánh khán minh niên xuân vũ thì.,更看明年春雨時。
"Hiền vương ái mã như ái nhân,",賢王愛馬如愛人，
Nhân dữ mã tịnh phân vương nhân.,人與馬並分王仁。
"Vương lạc dưỡng mã vong khổ tân,",王樂養馬忘苦辛，
Cung cấp vương mã vương chi dân.,供給王馬王之民。
"Mã nhật hột thuỷ thảo bách cân,",馬日齕水草百斤，
Đại mạch tiểu mạch thập đẩu quân.,大麥小麥十斗勻。
"Tiểu đậu đại đậu dịch đệ tần,",小豆大豆驛遞頻，
Mã dạ hột đậu nhưng sổ tuần.,馬夜齕豆仍數巡。
"Mã phì vương hỷ vương bất sân,",馬肥王喜王不嗔，
Mã tích vương nộ vương phác nhân.,馬瘠王怒王扑人。
"Đông sơn giáo trường địa quảng khoát,",東山教場地廣闊，
Trúc cứu dưỡng mã phàm thiên quần.,築廄養馬凡千群。
"Bắc thành mã cứu tiên quỷ phần,",北城馬廄先鬼墳，
Mã cứu dưỡng mã vương quan quân.,馬廄養馬王官軍。
"Thành nam mã cứu cận đại hải,",城南馬廄近大海，
Mã ái ẩm thuỷ hải thuỷ thanh.,馬愛飲水海水清。
"Tây quan mã cứu tại thành hạ,",西關馬廄在城下，
thành hạ phóng mã mã tản hành.,城下放馬馬散行。
"Thành hạ không địa đa thảo sinh,",城下空地多草生，
Mã đầu thực thảo mã vĩ hoành.,馬頭食草馬尾橫。
"Vương dụ: “Dưỡng mã yếu đắc mã tính tình,",王諭『養馬要得馬性情，
Mã lai tự biên tái mã bất khinh.,馬來自邊塞馬不輕。
"Nhân hữu xỉ mã, phục dĩ thượng hình.”",人有齒馬，服以上刑。』
"Bạch mã vương lạc dĩ châu lặc,",白馬王絡以珠勒，
Hắc mã vương lạc dĩ tử anh.,黑馬王絡以紫纓。
Tử lưu mã dĩ Đào Hoa danh.,紫騮馬以桃花名。
"Ban mã xuyết ngọc tao,",斑馬綴玉繅，
Hồng mã xuyết kim linh.,紅馬綴金鈴。
"Vương nhật sổ mã, điểm dưỡng mã đinh.",王日數馬，點養馬丁。
"Nhất mã bất kiến, vương tâm bất ninh.",一馬不見，王心不寧。
"bách tính khất vi vương mã, vương bất ưng.",百姓乞為王馬王不應。
"Tây Dương thiếu phụ y như tuyết,",西洋少婦衣如雪，
Độc bằng lang kiên toạ thanh nguyệt.,獨憑郎肩坐清月。
"Khước vọng Nam thuyền đăng hoả minh,",卻望南船燈火明，
Bả duệ nam nam hướng lang thuyết.,把袂喃喃向郎說。
"Nhất uyển đề hồ thủ lãn trì,",一碗醍醐手懶持，
Dạ hàn vô ná hải phong xuy.,夜寒無那海風吹。
"Phiên thân cánh thiến lang phù khởi,",翻身更倩郎扶起，
Khởi thức Nam nhân hữu biệt ly!,豈識南人有別離。
"Đoan châu thạch công xảo như thần,",端州石工巧如神，
Đạp thiên ma đao cát tử vân.,踏天磨刀割紫雲。
"Dong ngoan bão thuỷ hàm mãn thần,",傭刓抱水含滿辰，
Ám tửu Trường Hoằng lãnh huyết ngân.,暗酒萇弘冷血痕。
"Sa duy trú noãn mặc hoa xuân,",紗帷晝煖墨花春，
Khinh âu phiêu mạt tùng xạ huân.,輕漚漂沫松麝薰。
"Can nị bạc trùng lập cước quân,",干膩薄重立腳勻，
Sổ thốn quang thu vô nhật hôn.,數寸光秋無日昏。
"Viên hào xúc điểm thanh tĩnh tân,",圓毫促點聲靜新，
Khổng nghiễn khoan thạc hà túc vân.,孔硯寬碩何足云。
"Đông gia tây gia bãi lai vãng,",東家西家罷來往，
Tình nhật thâm song phong vũ hưởng.,晴日深窗風雨響。
"Nhị miên tàm khởi thực diệp đa,",二眠蠶起食葉多，
Mạch đầu tang thụ không chi kha.,陌頭桑樹空枝柯。
"Tân phụ thủ bạc nữ chấp khuông,",新婦守箔女執筐，
Đầu phát bất sơ nhất nguyệt mang.,頭髮不梳一月忙。
"Tam cô tế hậu kim niên hảo,",三姑祭後今年好，
Mãn thốc như vân kiển thành tảo.,滿簇如雲繭成早。
"Diêm tiền sào xa cấp tác ti,",檐前繰車急作絲，
Hựu thị hạ thuế tương thôi thì.,又是夏稅相催時。
"Tích niên tằng tác Phù Thạch du,",昔年曾作浮石遊，
Đồng nhan a kế bồi thân ngu.,童顏丫髻陪親娛。
"Đề thi khiếu vịnh thạch bích hạ,",題詩叫詠石壁下，
Thời nhân thiết tỉ Mi tam Tô.,時人竊比眉三蘇。
"Kim niên trùng tác Phù Thạch du,",今年重作浮石遊，
"Giang sơn như cố, nhân bạch đầu.",江山如故人白頭。
"Truy hoan tuế nguyệt dĩ bất tái,",追歡歲月已不再，
Yên ba thiên lý sinh nhàn sầu.,煙波千里生閒愁。
"Thắng du giải cấu na khả tất,",勝遊邂逅那可必，
Trần thổ trùng lai hựu hà nhật.,塵土重來又何日。
"Du du thân thế ỷ lan can,",悠悠身世倚欄杆，
Thiên ngoại khách phàm quy điểu tật.,天外客帆歸鳥疾。
"Tây Hồ xuân thuỷ bích như thiên,",西湖春水碧如天，
Tây Hồ xuân cảnh khả nhân liên.,西湖春景可人憐。
"Miểu miểu xuân phong vọng vô tế,",渺渺春風望無際，
Sổ thanh nhân ngữ cách xuân yên.,數聲人語隔春煙。
"Xuân yên mạc mạc mê xuân thụ,",春煙漠漠迷春樹，
Xuân thụ thanh thanh ấm tiền độ.,春樹青青蔭前渡。
"Lâm hồ nhân gia biệt dạng kiều,",臨湖人家別樣嬌，
Phù dung kỷ đoá hồ biên lộ.,芙蓉幾朵湖邊路。
"Biên lộ ba ảnh dạng sơ liêm,",邊路波影樣疏簾，
Nhất vọng thi tình hoạ ý kiêm.,一望詩情畫意兼。
"Hữu vị du ngư khiên lục tảo,",有味遊魚牽綠藻，
Vô trần xuân thuỷ triển minh liêm.,無塵春水展明奩。
"Xuân thuỷ vô ba tịnh như luyện,",春水無波淨如練，
Xuân phong tống sảng lương như phiến.,春風送爽涼如扇。
"Sơ hôn xuân nguyệt khúc như cung,",初昏春月曲如弓，
Khả tích xuân quang mang như tiễn.,可惜春光忙如箭。
"Khả tích xuân quang ám lý thôi,",可惜春光暗裏催，
Ly cung biệt quán dĩ thành khôi.,離宮別館已成灰。
"Do tự đương thời hồ thuỷ sắc,",猶似當時湖水色，
Tiền nhân di tích hậu nhân ai.,前人遺跡後人哀。
"Hậu nhân bất tất đa bi động,",後人不必多悲慟，
Đương tiền thả thính xuân cầm lộng.,當前且聽春禽哢。
"Cập thời hành lạc ưng hy du,",及時行樂應嬉遊，
Vật ngâm xử thế như đại mộng.,勿吟處世如大夢。
"Xử thế tâm trung bất tất ky,",處世心中不必機，
Phùng xuân tu thưởng mạc tương vi.,逢春須賞莫將違。
"Lai thời nam mạch hoa nghênh nhập,",來時南陌花迎入，
Ngâm bãi Tây Hồ nguyệt tống quy.,吟罷西湖月送歸。
"Quân bả tửu, thính ngã ca.",君把酒，聽我歌。
"Quân bất kiến mạch thượng tang,",君不見陌上桑，
Thuần bôn bôn hề thước cương cương.,鶉奔奔兮鵲疆疆。
"Cao đường kim tịch đăng chúc quang,",高堂今夕燈燭光，
Yên xu Triệu nữ xuy sanh hoàng.,燕姝趙女吹笙簧。
"Quân bả tửu, thính ngã ca.",君把酒，聽我歌。
"Mỹ nhân mỹ nhân mỹ như thử,",美人美人美如此，
Khuynh thành khuynh quốc lương hữu dĩ.,傾城傾國良有以。
"Chu hoặc Bao Tự phong hoả khởi,",周惑褒姒烽火起，
Trụ hoặc Đát Kỷ hiền nhân tử.,紂惑妲己賢人死。
"Quân bả tửu, thính ngã ca.",君把酒，聽我歌。
"Hán gia chi loạn Lữ thái hậu,",漢家之亂呂太後，
Đường gia chi loạn Vũ Tắc Thiên.,唐家之亂武則天。
"Nguỵ công Đồng đài hoá tiêu thổ,",魏公銅臺化焦土，
Tuỳ Dương Nguyệt điện thành phi yên.,隋煬月殿成飛烟。
"Quân bả tửu, thính ngã ca.",君把酒，聽我歌。
"Mỹ nhân mỹ nhân sắc khả thực,",美人美人色可食，
Mỹ nhân mỹ nhân tiếu khả ái.,美人美人笑可愛。
"Mỹ nhân mệnh bạc tranh nại hà,",美人命薄爭奈何，
Mỹ nhân sắc suy tương khí bối.,美人色衰相棄背。
"Mỹ nhân nhất tiếu nan tái đắc,",美人一笑難再得，
Mỹ nhân tuyệt sắc kim hà tại.,美人絕色今何在。
Quân bất kiến:,君不見：
"Mã Ngôi pha hạ Dương Thái Chân,",馬嵬坡下楊太真，
Thiên sinh vưu vật bất túc trân.,天生尤物不足珍。
"Na cập Đường Ngu cửu phụ nhân,",那及唐虞九婦人，
Thiên cổ vạn cổ danh bất nhân.,千古萬古名不湮。
Cổ lai hà vật bất thành thổ?,古來何物不成土？
Tử hậu duy thi khả thắng kim.,死後惟詩可勝金。
"Hồ kiêu mã kinh sa trần khởi,",胡驕馬驚沙塵起，
Hồ sồ ẩm mã Thiên Tân thuỷ.,胡雛飲馬天津水。
"Quân vi trương dịch cận tửu gia,",君為張掖近酒家，
Ngã thoán Tam Ba cửu thiên lý.,我竄三巴九千里。
"Thiên địa tái tân pháp lệnh khoan,",天地再新法令寬，
Dạ Lang thiên khách đái sương hàn.,夜郎遷客帶霜寒。
"Tây ức cố nhân bất khả kiến,",西憶故人不可見，
Đông phong xuy mộng đáo Trường An.,東風吹夢到長安。
"Ninh kỳ thử địa hốt tương ngộ,",寧期此地忽相遇，
Kinh hỉ mang như đoạ yên vụ.,驚喜茫如墮煙霧。
"Ngọc tiêu kim quản huyên tứ diên,",玉簫金管喧四筵，
Khổ tâm bất đắc thân trường cú.,苦心不得申長句。
"Tạc nhật tú y khuynh lục tôn,",昨日繡衣傾綠樽，
Bệnh như đào lý cánh hà ngôn.,病如桃李竟何言。
"Tích kỵ thiên tử đại uyển mã,",昔騎天子大宛馬，
Kim thừa khoản đoạn chư hầu môn.,今乘款段諸侯門。
"Lại ngộ Nam Bình khoát phương thốn,",賴遇南平豁方寸，
Phục kiêm phu tử trì thanh luận.,復兼夫子持清論。
"Hữu tự sơn khai vạn lý vân,",有似山開萬里雲，
Tứ vọng thanh thiên giải nhân muộn.,四望青天解人悶。
"Nhân muộn hoàn tâm muộn,",人悶還心悶，
Khổ tân trường khổ tân.,苦辛長苦辛。
"Sầu lai ẩm tửu nhị thiên thạch,",愁來飲酒二千石，
Hàn hôi trùng noãn sinh dương xuân.,寒灰重暖生陽春。
"Sơn công tuý hậu năng kỵ mã,",山公醉後能騎馬，
Biệt thị phong lưu hiền chủ nhân.,別是風流賢主人。
"Đầu Đà vân nguyệt đa tăng khí,",頭陀雲月多僧氣，
"Sơn thuỷ hà tằng xứng nhân ý,",山水何曾稱人意。
"Bất nhiên minh già án cổ hí thương lưu,",不然鳴笳按鼓戲滄流，
Hô thủ Giang Nam nữ nhi ca trạo âu.,呼取江南女兒歌棹謳。
"Ngã thả vi quân chuý toái Hoàng Hạc lâu,",我且為君捶碎黃鶴樓，
Quân diệc vi ngô đảo khước Anh Vũ châu.,君亦為吾倒卻鸚鵡洲。
"Xích Bích tranh hùng như mộng lý,",赤壁爭雄如夢裏，
Thả tu ca vũ khoan ly ưu.,且須歌舞寬離憂。
"Giang Nam quang cảnh thù vô lại,",江南光景殊無賴，
Thuỷ như bích ngọc sơn như đại.,水如碧玉山如黛。
"Ngô Vương cựu uyển phương thảo đa,",吳王舊苑芳草多，
Uyên ương phi quá tà dương ngoại.,鴛鴦飛過斜陽外。
"Thuyền đầu tuý ngạn ô sa cân,",船頭醉岸烏紗巾，
Hứng lai khán biến Giang Nam xuân.,興來看遍江南春。
"Ngũ Hồ thảng ngộ Phạm Thiếu Bá,",五湖倘遇范少伯，
Đoạt thủ đương thời khuynh quốc nhân.,奪取當時傾國人。
"Thuyền thượng khán sơn như tẩu mã,",船上看山如走馬，
Thúc hốt quá khứ sổ bách quần.,倏忽過去數百群。
"Tiền sơn tra nha hốt biến thái,",前山槎牙忽變態，
Hậu lĩnh tạp đạp như kinh bôn.,後嶺雜沓如驚奔。
"Ngưỡng khan vi kính tà liễu nhiễu,",仰看微徑斜繚繞，
"Thượng hữu hành nhân cao phiếu diểu,",上有行人高縹渺。
"Chu trung cử thủ dục dữ ngôn,",舟中舉手欲與言，
Cô phàm nam khứ như phi điểu.,孤帆南去如飛鳥。
"Mộc lan chi duệ sa đường châu,",木蘭之枻沙棠舟，
Ngọc tiêu kim quản toạ lưỡng đầu.,玉簫金管坐兩頭；
"Mỹ tửu tôn trung trí thiên hộc,",美酒樽中置千斛，
Tái kỹ tuỳ ba nhiệm khứ lưu.,載妓隨波任去留。
"Tiên nhân hữu đãi thừa hoàng hạc,",仙人有待乘黃鶴，
Hải khách vô tâm tuỳ bạch âu.,海客無心隨白鷗。
"Khuất Bình từ phú huyền nhật nguyệt,",屈平詞賦懸日月，
Sở vương đài tạ không sơn khâu.,楚王臺榭空山丘。
"Hứng hàm lạc bút dao ngũ nhạc,",興酣落筆搖五嶽，
Thi thành tiếu ngạo lăng thương châu.,詩成笑傲凌滄洲。
"Công danh phú quý nhược trường tại,",功名富貴若長在，
Hán thuỷ diệc ưng tây bắc lưu.,漢水亦應西北流。
"Cửu nguyệt xuất Kế Môn,",九月出薊門，
Bắc phong xuy tuyết y cừu ôn.,北風吹雪衣裘溫。
"Chánh nguyệt chí Giao Chỉ,",正月至交趾，
Xích nhật thiêu không hãn như thuỷ.,赤日燒空汗如水。
"Thiên nhai hải giác mang mang lộ,",天涯海角茫茫路，
Mã đề thanh lý quang âm độ.,馬蹄聲里光陰度。
"Vạn lý trường không nhất phi nhứ,",萬里長空一飛絮，
Phiêu phiêu tri phục đoạ hà xứ.,飄飄知復墮何處。
"Dạ chiêm thiên cực tư uất kết,",夜瞻天極思鬱結，
Thần thân nam kiệu tâm bắc khuyết.,臣身南嶠心北闕。
"Nguyện tụng thánh hoàng như thiên phúc,",愿頌聖皇如天福，
Tảo kiến Đồ Sơn ban vạn ngọc.,早見塗山班萬玉。
"Trấp niên du tử bất đắc quy,",廿年遊子不得歸，
Gia hương thiên lý âm vấn hy.,家鄉千里音問稀。
"Kính đường tinh tinh song mấn thuỳ,",鏡棠星星雙鬢垂，
Thảo tâm luyến luyến tam xuân huy.,草心戀戀三春暉。
"Quy lai nhất nhật quan dĩ ty,",歸來一日官已卑，
Phong phong vũ vũ bôn thả trì.,風風雨雨奔且馳。
"Đường thượng tiếu vấn lai hà trì,",堂上笑問來何遲，
Giai tiền phủ phục tu mấn mi.,階前頫伏鬚鬢眉。
"Khởi ký sơ cuồng đệ diệc si,",啟旣疏狂弟亦癡，
Gia bần hà dĩ cung cam chi.,家貧何以供甘脂。
"Tái tiếu vị nhữ hà dĩ vi,",再笑謂汝何以爲，
Canh điền thực lực ngô an chi.,耕田食力吾安之。
"Thế gian vạn sự hôi trần phi,",世間萬事灰塵飛，
Duy hữu lý nghĩa năng tự tri.,惟有理義能自治。
"Mãn nhi bất dật cao bất nguy,",滿而不溢高不危，
Thánh hiền hà sự ngôn thao trì.,聖賢何事言操持。
"Tam nguyệt tắc điếu điếu giả bi,",三月則弔弔者悲，
Điếu giả an tri phi hạ tuỳ.,弔者安知非賀隨。
"Khởi khởi tái bái tiền trí từ,",啟起再拜前致辞，
Vạn thiên nhi tội đa khoáng khuy.,萬千兒罪多曠虧。
"Nô thai tiền lộ do vị bì,",駑駘前路猶未疲，
Cố thử thần hôn bất cảm vi.,顧此晨昏不敢違。
"Trần tình luỹ tố thiên xương phi,",陳情累素天閶披，
Nhất phiến thần tâm minh thánh tri.,一片臣心明聖知。
"Đầu lô man han phát như ty,",頭顱顢頇髪如絲，
Lão nhân đường thượng vi anh nhi.,老人堂上爲嬰兒。
"Tích tuế Bàn Đào xưng thọ chi,",昔歲蟠桃稱壽卮，
Bồng Lai khuyết hạ hoàng long trì.,蓬萊闕下黃龍墀。
"Kim nhật hà nhật ban lan y,",今日何日斑斕衣，
Xuân phong xuy động mai ba chi.,春風吹動梅葩枝。
"Trường nguyện niên niên tự kim nhật,",長願年年似今日，
Nam cai tuần bộ tương hài hy.,南陔循步相諧煕。
"Giới am bán gian khả dung tất,",芥庵半間可容膝，
Ngột ngột đằng đằng tự độ nhật.,兀兀騰騰自度日。
"Bách điểu bất lai xuân trú nhàn,",百鳥不來春晝閒，
Tiêu nhiên tứ bích chân vô vật.,翛然四壁真無物。
"Vật nhược vô trần bích bất lập,",物若無塵壁不立，
Mê lư giới tử tòng hà nhập.,迷廬芥子從何入
"Thuỳ nhân thứ phá giới am trung,",誰人覷破芥庵中，
Thất lộ tiện sử thiên ma khấp.,失路便使天魔泣
"Cơ lai bão khiết phạn nhất bát,",饑來飽喫飯一缽，
Thanh thuỷ mãn bình khả tiêu khát.,清水滿瓶可消渴。
"Đằng sàng chẩm thượng trác ngọ miên,",藤床枕上卓午眠，
Chính thị cá trung chân khoái hoạt.,正是個中真快活。
"Kinh dã bất khan Phật bất nghĩ,",經也不看佛不擬，
Y nhãn hà vi kim tiết quí.,醫眼何為金屑貴。
"Khách lai vấn cập bản lai nhân,",客來問及本來人，
Nhận khán y tiền hoàn bất thị.,認看依前還不是。
"Hưu hưu ngoại mịch khổ thi công,",休休外覓苦施功，
Phất phất tị khổng cổ kim đồng.,拂拂鼻孔古今同。
"Giới am tất cánh vô kỳ vật,",芥庵畢竟無奇物，
Chỉ ma mi hoành tị trực ông.,只麼眉橫鼻直翁。
"Hà Bắc dân,",河北民，
Sinh cận nhị biên trường khổ tân.,生近二邊長苦辛。
"Gia gia dưỡng tử học canh chức,",家家養子學耕織，
Thâu dữ quan gia sự nhung địch.,輸與官家事戎狄。
"Kim niên đại hạn thiên lý xích,",今年大旱千里赤，
Châu huyện nhưng thôi cấp hà dịch.,州縣仍催給河役。
"Lão thiếu tương huề lai tựu nam,",老少相攜來就南，
Nam nhân phong niên tự vô thực.,南人豐年自無食。
"Bi sầu bạch nhật thiên địa hôn,",悲愁白日天地昏，
Lộ bàng quá giả vô nhan sắc.,路傍過者無顏色。
"Nhữ sinh bất cập Trinh Quán trung,",汝生不及貞觀中，
Đấu túc sổ tiền vô binh nhung.,鬥粟數錢無兵戎。
"Cô chu dạ hành thu thuỷ quảng,",孤舟夜行秋水廣，
Thu phong mãn phàm bất dao tương.,秋風滿帆不搖漿。
"Hoang điền tịch tịch vô nhân thanh,",荒田寂寂無人聲，
Thuỷ biên khiêu ngư phiên thuỷ hưởng.,水邊跳魚翻水響。
"Hà biên thủ tăng mao tác ốc,",河邊守罾茅作屋，
Tăng đầu nguyệt minh nhân dạ túc.,罾頭月明人夜宿。
"Thuyền trung khách giác thiên vị minh,",船中客覺天未明，
Thuỳ gia tiên ngưu đăng lũng thanh.,誰家鞭牛登隴聲。
"Tả Miên công quán thanh giang phẫn,",左綿公館清江濆，
Hải tông nhất chu cao nhập vân.,海棕一株高入雲。
"Long lân tê giáp tương thố lạc,",龍鱗犀甲相錯落，
Thương lăng bạch bì thập bão văn.,蒼棱白皮十抱文。
"Tự thị chúng mộc loạn phân phân,",自是眾木亂紛紛，
Hải tông yên tri thân xuất quần.,海棕焉知身出群。
"Di tài bắc thần bất khả đắc,",移栽北辰不可得，
Thì hữu Tây Vực Hồ tăng thức.,時有西域胡僧識。
"Hàm Đan thành nam du hiệp tử,",邯鄲城南遊俠子，
Tự căng sinh trưởng Hàm Đan lý.,自矜生長邯鄲裏。
"Thiên trường túng bác gia nhưng phú,",千場縱博家仍富，
Kỷ độ báo cừu thân bất tử.,幾度報仇身不死。
"Trạch trung ca tiếu nhật phân phân,",宅中歌笑日紛紛，
Môn ngoại xa mã thường như vân.,門外車馬常如雲。
"Vị tri can đảm hướng thuỳ thị,",未知肝膽向誰是，
Kim nhân khước ức Bình Nguyên Quân.,今人卻憶平原君。
"Quân bất kiến tức kim giao thái bạc,",君不見即今交態薄，
Hoàng kim dụng tận hoàn sơ tác.,黃金用盡還疏索。
"Dĩ tư cảm thán từ cựu du,",以茲感嘆辭舊遊，
Canh ư thời sự vô sở cầu.,更於時事無所求。
"Thả dữ thiếu niên ẩm mỹ tửu,",且與少年飲美酒，
Vãng lai xạ lạp Tây sơn đầu.,往來射獵西山頭。
"Nguyên Hoà thiên tử thần vũ tư,",元和天子神武姿，
Bỉ hà nhân tai Hiên dữ Hy.,彼何人哉軒與羲。
"Thệ tương thượng tuyết liệt thánh sỉ,",誓將上雪列聖恥，
Toạ pháp cung trung triều tứ di.,坐法宮中朝四夷。
"Hoài Tây hữu tặc ngũ thập tải,",淮西有賊五十載，
"Phong lang sinh khu, khu sinh bi.",封狼生貙貙生羆。
"Bất cứ sơn hà, cứ bình địa,",不據山河據平地，
Trường qua lợi mâu nhật khả huy.,長戈利矛日可麾。
"Đế đắc thánh tướng, tướng viết Độ,",帝得聖相相曰度，
Tặc chước bất tử thần phù trì.,賊斫不死神扶持。
"Yêu huyền tướng ấn tá đô thống,",腰懸相印作都統，
Âm phong thảm đạm thiên vương kỳ.,陰風慘澹天王旗。
"Tố Vũ Cổ Thông tác nha trảo,",愬武古通作牙爪，
Nghi tào ngoại lang tái bút tuỳ.,儀曹外郎載筆隨。
"Hành quân tư mã trí thả dũng,",行軍司馬智且勇，
Thập tứ vạn chúng do hổ tỳ.,十四萬眾猶虎貔。
"Nhập Thái phọc tặc hiến thái miếu,",入蔡縛賊獻太廟，
Công vô dữ nhượng ân bất tý.,功無與讓恩不訾。
"Đế viết: “Nhữ độ công đệ nhất,",帝曰汝度功第一，
Nhữ tòng sự Dũ nghi vi từ.”,汝從事愈宜為辭。
Dũ bái khể thủ đạo thả vũ:,愈拜稽首蹈且舞：
“Kim thạch khắc hoạch thần năng vi.,金石刻畫臣能為。
"Cổ giả thế xưng đại thủ bút,",古者世稱大手筆，
Thử sự bất hệ ư chức ty.,此事不係於職司。
"Đương nhân tự cổ hữu bất nhượng”,",當仁自古有不讓，
Ngôn cật lũ hàm thiên tử di.,言訖屢頷天子頤。
"Công thoái trai giới toạ tiểu các,",公退齋戒坐小閣，
Nhu nhiễm đại bút hà lâm ly.,濡染大筆何淋灕。
"Điểm thoán Nghiêu điển Thuấn điển tự,",點竄堯典舜典字，
Đồ cải Thanh miếu Sinh dân thi.,塗改清廟生民詩。
"Văn thành phá thể, thư tại chỉ,",文成破體書在紙，
Thanh thần tái bái phô đan trì.,清晨再拜鋪丹墀。
"Biểu viết: “Thần Dũ muội tử thướng,",錶曰臣愈昧死上，
Vịnh thần thánh công thư chi bi.”,詠神聖功書之碑。
"Bi cao tam trượng tự như đấu,",碑高三丈字如鬥，
"Phụ dĩ linh ngao, bàn dĩ ly.",負以靈鰲蟠以螭。
"Cú kỳ ngữ trọng dụ giả thiểu,",句奇語重喻者少，
Sàm chi thiên tử ngôn kỳ tư.,讒之天子言其私。
"Trường thằng bách xích duệ bi đảo,",長繩百尺拽碑倒，
Thô sa đại thạch tương ma trì.,粗砂大石相磨治。
"Công tử tư văn nhược nguyên khí,",公子斯文若元氣，
Tiên thì dĩ nhập nhân can tỳ.,先時已入人肝脾。
"Thang bàn khổng đỉnh hữu thuật tác,",湯盤孔鼎有述作，
Kim vô kỳ khí tồn kỳ từ.,今無其器存其辭。
"Ô hô! Thánh vương cập thánh tướng,",嗚呼！聖王及聖相，
Tương dữ huyên hách lưu thuần hy.,相與烜赫流淳熙。
"Công chi tư văn bất thị hậu,",公之斯文不示後，
Hạt dữ tam ngũ tương phan truy.,曷與三五相攀追。
"Nguyện thư vạn bản, tụng vạn quá,",願書萬本頌萬過，
"Khẩu giác lưu mạt, hữu thủ chi.",口角流沫右手胝。
"Truyền chi thất thập hữu nhị đại,",傳之七十有二代，
Dĩ vi phong thiện ngọc kiểm minh đường cơ.,以為封禪玉檢明堂基。
"Quân bất kiến,",君不見：
"Khoa Phụ trục nhật khuy Ngu Uyên,",夸父逐日窺虞淵，
Đào cân bắc hải siêu Côn Luân.,跳跟北海超昆侖。
"Phi tiêu quyết Hán xuất hãng dới,",披霄抉漢出沆瀣，
Miết liệt tả hữu di tinh thần.,瞥裂左右遺星辰。
"Tu du lực tận đạo khát tử,",須臾力盡道渴死，
Hồ thử phong nghĩ tranh phệ thôn.,狐鼠蜂蟻爭噬吞。
"Bắc phương Tĩnh nhân trường cửu thốn,",北方竫人長九寸，
Khai khẩu chỉ chưởng canh tiếu huyên.,開口扺掌更笑喧。
"Thu thu ẩm thực trích dữ lạp,",啾啾飲食滴與粒，
Sinh tử diệc túc chung thiên niên.,生死亦足終天年。
"Huy hu đại chí tiểu thành toại,",睢盱大志小成遂，
Toạ sử nhi nữ tương bi lân.,坐使兒女相悲憐。
"Đại đạo như thanh thiên,",大道如青天，
Ngã do bất đắc xuất.,我猶不得出。
"Tu trục Trường An xã trung nhi,",羞逐長安社中兒，
Xích kê bạch cẩu đổ lê lật.,赤雞白狗賭梨栗。
"Đàn kiếm tác ca tấu khổ thanh,",彈劍作歌奏苦聲，
Duệ cứ vương môn bất xứng tình.,曳裾王門不稱情。
"Hoài Âm thị tỉnh tiếu Hàn Tín,",淮陰巿省笑韓信，
Hán triều công khanh kỵ Giả Sinh.,漢朝公卿忌賈生。
Quân bất kiến:,君不見：
"Tích thì Yên gia trọng Quách Ngỗi,",昔時燕家重郭隗，
Ủng tuệ chiết tiết vô hiềm sai.,擁篲折節無嫌猜。
"Kịch Tân, Nhạc Nghị cảm ân phân,",劇辛樂毅感恩分，
Thâu can phẫu đảm hiệu anh tài.,輸肝剖膽效英才。
"Chiêu Vương bạch cốt oanh man thảo,",昭王白骨縈蔓草，
Thuỳ nhân cánh tảo Hoàng Kim đài?,誰人更掃黃金臺。
Hành lộ nan! Quy khứ lai...,行路難！歸去來。
"Hữu nhĩ mạc tẩy Dĩnh Xuyên thuỷ,",有耳莫洗穎川水
Hữu khẩu mạc thực Thú Dương quyết!,有口莫食首陽蕨
"Hàm quang hỗn thế quý vô danh,",含光混世貴無名，
Hà dụng cô cao tỷ vân nguyệt!,何用孤高比雲月。
"Ngô quan tự cổ hiền đạt nhân,",吾觀自古賢達人，
Công thành bất thoái giai vẫn thân.,功成不退皆殞身。
"Tử Tư ký khí Ngô giang thượng,",子胥既棄吳江上，
Khuất Nguyên chung đầu Tương thuỷ tân.,屈原終投湘水濱。
"Lục Cơ hùng tài khởi tự bảo,",陸機雄才豈自保，
Lý Tư thuế giá khổ bất tảo.,李斯稅駕苦不早。
"Hoa Đình hạc lệ cự khả văn,",華亭鶴唳詎可聞，
Thượng Thái thương ưng hà túc đạo?,上蔡蒼鷹何足道。
Quân bất kiến:,君不見：
"Ngô Trung Trương Hàn xưng đạt sinh,",吳中張翰稱達生，
Thu phong hốt ức Giang Đông hành.,秋風忽憶江東行。
"Thả lạc sinh tiền nhất bôi tửu,",且樂生前一杯酒，
Hà tu thân hậu thiên tải danh?,何須身後千載名。
"Minh đăng cao quán phách thanh thôi,",明燈高館拍聲催，
Đại Nguyễn chiêu yêu Tiểu Lục bồi.,大阮招邀小陸陪。
"Nan đắc dị hương phùng mật thích,",難得異鄉逢密戚，
Khả năng lương dạ bất thâm bôi.,可能良夜不深杯。
"Giang liên Thanh Hán phân hoàn hợp,",江連清漢分還合，
Nhân quá trung niên lạc diệc ai.,人過中年樂亦哀。
"Trân trọng thiên nhai lão huynh đệ,",珍重天涯老兄弟，
Hoài Nam mễ tiện hảo quy lai.,淮南米賤好歸來。
"Hán kinh sùng phiệt duyệt,",漢京崇閥閱，
Hán đại đa cao huân.,漢代多高勛。
"Cổ đao cẩu đồ giai đắc thế,",鼓刀狗屠皆得勢，
Hà huống Vệ Hoắc thiên gia thân.,何況衛霍天家親。
"Thiên gia chi thân bản vinh quý,",天家之親本榮貴，
Sất sá phong vân chúng nhân uý.,叱咤風雲眾人畏。
"Hỗn Tà thử nhật thượng xưng vương,",渾邪此日尚稱王，
Chiếu khiển lập công hướng biên địa.,詔遣立功向邊地。
"Truy tuỳ bất sổ chấp kim ngô,",追隨不數执金吾，
Tiên thát thường như kỵ đô uý.,鞭撻常如騎都尉。
"Quy lai hiến tiệp cận vương đô,",歸來獻捷覲王都，
Kiếm lý công nhiên điện thượng xu.,劍履公然殿上趨。
"Tính danh dĩ lặc Yên Nhiên thạch,",姓名已勒燕然石，
Phương lược hoàn thành Sung Quốc đồ.,方略還成充國圖。
"Thỉnh đoạt điền viên Vũ An khách,",請奪田園武安客，
Hoành hành triêu thị Hoắc gia nô.,橫行朝市霍家奴。
"Ngọc khí trưng cầu quy để đệ,",玉器征求歸邸第，
Thông hầu tước thưởng cập đồng sồ.,通侯爵賞及童雛。
"Thệ từ chân hứa thiên trường cửu,",誓辭真許天長久，
Vũ lộ ân tư vô nhật vô.,雨露恩私無日無。
"Hoạ phúc tuần hoàn ỷ hoàn phục,",禍福循環倚還伏，
Tòng lai khi khí thường khuynh phúc.,從來欹器常傾覆。
"Tỉnh tuyền lưu dật đán trú minh,",井泉流溢鴠晝鳴，
Mao anh gia kiếm toàn gia khốc.,犛纓加劍全家哭。
"Thiết khoán đan thư phản nội đình,",鐵券丹書返內庭，
Chá lâm thố uyển di tha tộc.,柘林兔菀移他族。
"Báo ân chi tử thúc thao qua,",報恩之子焂操戈，
Châu lý tam thiên khứ hà tốc.,珠履三千去何速。
"Bắc Mang bồi thổ cánh vô tồn,",北邙抔土竟無存，
Vạn sự hào hoa như chuyển chúc.,萬事豪華如轉燭。
"Tiền xa chi phúc hậu xa giới,",前車之覆後車誡，
Hậu xa bất giới chung đương bại.,後車不誡終當敗。
"Đậu Điền kiêu hoành tổng luân vong,",竇田驕橫總淪亡，
Bác Lục công danh không cái đại.,博陸功名空蓋代。
"Quân bất kiến, ba lãng hân thiên khả hạm nguy,",君不見波浪掀天舸艦危，
Sử phàm toàn tại chuyển phàm thì.,使帆全在轉帆時。
"Công thành tảo biện tàng cung ý,",功成早辦藏弓意，
Chỉ hữu phù gia Phạm Lãi tri.,只有浮家范蠡知。
"Sài môn ủng thụ hướng thiên chu,",柴門擁樹向千株，
Đan quất hoàng cam thử địa vô.,丹橘黃甘此地無。
"Giang thượng kim triêu hàn vũ hiết,",江上今朝寒雨歇，
Ly trung tú sắc hoạ bình hu.,籬中秀色畫屏紆。
"Đào hề lý kính niên tuy cố,",桃蹊李徑年雖故，
Chi tử hồng tiêu diễm phục thù.,梔子紅椒豔復殊。
"Toả thạch đằng sao nguyên tự lạc,",鎖石藤稍元自落，
Ỷ thiên tùng cốt kiến lai khô.,倚天松骨見來枯。
"Lâm hương xuất thật thuỳ tương tận,",林香出實垂將盡，
Diệp đế từ chi bất trùng tô.,葉蒂辭枝不重蘇。
"Ái nhật ân quang mông tá thải,",愛日恩光蒙借貸，
Thanh sương sát khí đắc ưu ngu.,清霜殺氣得憂虞。
"Suy nhan cánh mịch lê sàng toạ,",衰顏更覓藜床坐，
Hoãn bộ nhưng tu trúc trượng phù.,緩步仍須竹杖扶。
"Tán kỵ vị tri vân các xử,",散騎未知雲閣處，
Đề viên tích tại Sở sơn ngu.,啼猿僻在楚山隅。
"Thiên trường địa cửu vô chung tất,",天長地久無終畢，
Tạc dạ kim triều hựu minh nhật.,昨夜今朝又明日。
"Mấn phát thương lãng nha xỉ sơ,",鬢髮蒼浪牙齒疏，
Bất giác thân niên tứ thập thất.,不覺身年四十七。
"Tiền khứ ngũ thập hữu kỉ niên,",前去五十有幾年，
Bả kính chiếu diện tâm mang nhiên.,把鏡照面心茫然。
"Kí vô trường thằng hệ bạch nhật,",既無長繩系白日，
Hựu vô đại dược trú chu nhan.,又無大藥駐朱顏。
"Chu nhan nhật tiệm bất như cố,",朱顏日漸不如故，
Thanh sử công danh tại hà xứ?,青史功名在何處。
"Dục lưu niên thiếu đãi phú quý,",欲留年少待富貴，
Phú quý bất lai niên thiếu khứ.,富貴不來年少去。
"Khứ phục khứ hề như trường hà,",去復去兮如長河，
Đông lưu phó hải vô hồi ba.,東流赴海無回波。
"Hiền ngu quý tiện đồng quy tận,",賢愚貴賤同歸盡，
Bắc Mang trủng mộ cao tha nga!,北邙塚墓高嵯峨。
"Cổ lai như thử phi độc ngã,",古來如此非獨我，
Vị tử hữu tửu thả cao ca.,未死有酒且高歌。
"Nhan Hồi đoản mệnh Bá Di ngạ,",顏回短命伯夷餓，
Ngã kim sở đắc diệc dĩ đa.,我今所得亦已多。
"Công danh phú quý tu đãi mệnh,",功名富貴須待命，
Mệnh nhược bất lai tri nại hà?,命若不來知奈何。
"Hà trung chi thuỷ hướng đông lưu,",河中之水向東流，
Lạc Dương nữ nhi danh Mạc Sầu.,洛陽女兒名莫愁。
"Mạc Sầu thập tam năng chức ỷ,",莫愁十三能織綺，
"Thập tứ thái tang nam mạch đầu,",十四采桑南陌頭，
"Thập ngũ giá vi Lư lang phụ,",十五嫁為盧郎婦，
Thập lục sinh nhi tự A Hầu.,十六生兒字阿侯。
"Lư gia lan thất quế vi lương,",盧家蘭室桂為梁，
Trung hữu úc kim tô hợp hương.,中有郁金蘇合香。
"Đầu thượng kim thoa thập nhị hàng,",頭上金釵十二行，
Túc hạ ti lý ngũ văn chương.,足下絲履五文章。
"San hô quải kính lạn sinh quang,",珊瑚掛鏡爛生光，
Bình đầu nô tử kình lý tương.,平頭奴子擎履箱。
"Nhân sinh phú quý hà sở vọng,",人生富貴何所望，
Hận bất tảo giá đông gia Vương.,恨不早嫁東家王。
"Chinh trang trịnh trọng tiền lâm biệt,",征裝鄭重前臨別，
Tích ngọc liên hương khuê tứ thiết.,惜玉憐香睽思切。
"Trường đình dạ dạ mộng bình vi,",長亭夜夜夢屏幃，
Y cựu hàn huyên đăng hạ thuyết.,依舊寒暄燈下說。
"Cự ý phân huề tuần nhật gian,",詎意分攜旬日間，
Khiển quyển ly tôn thành vĩnh quyết.,繾綣離樽成永訣。
"Hung tấn dao bằng bưu dịch lai,",凶訊遙憑郵驛來，
Phi hàm nhất lãm trường ô yết.,披函一覽長嗚咽。
"Tòng lang khứ hậu đới tiều dung,",從郎去後帶憔容，
Thang thiện hy sơ quang thái yết.,湯膳希疏光彩歇。
"Chi chẩm hi hư tài kiến nhi,",支枕欷歔纔見兒，
Yêm nhiên quy hoá trần căn tuyệt.,奄然歸化塵根絕。
"Gia nhân kinh thống tương tụ hào,",家人驚痛相聚號，
Huynh trưởng lâm tang vị bài thiết.,兄長臨喪為排設。
"Phiên cung hậu tống cẩm dữ tiền,",藩宮厚送錦與錢，
Quyền thấn nghi văn tuần lễ tiết.,權殯儀文循禮節。
"Ta tai kết phát trấp bát niên,",嗟哉結髮廿八年，
"Trường khế khoát,",長契闊，
Tương Tần Việt.,相秦越。
"Du du bắc vọng lệ triêm y,",悠悠北望淚沾衣，
Lữ quán đề quyên thôi dạ nguyệt.,旅館啼鵑催夜月。
"Ki tình bôn phó vị tri kỳ,",羈情奔訃未知期，
Thiên lý quan phu trường uất kết.,千里鰥夫腸鬱結。
"Nam kỷ vu lư chướng bất tuyệt,",南紀巫廬瘴不絕，
Thái cổ dĩ lai vô xích tuyết.,太古以來無尺雪。
"Man di trưởng lão oán khổ hàn,",蠻夷長老怨苦寒，
Côn Luân thiên quan đống ưng chiết.,昆侖天關凍應折。
"Huyền viên khẩu cấm bất năng khiếu,",玄猿口噤不能嘯，
Bạch hộc sí thuỳ nhãn lưu huyết.,白鵠翅垂眼流血。
An đắc xuân nê bổ địa liệt.,安得春泥補地裂。
"Vãn lai giang môn thất đại mộc,",晚來江門失大木，
Mãnh phong trung dạ xuy bạch ốc.,猛風中夜吹白屋。
"Thiên binh trảm đoạn Thanh Hải nhung,",天兵斬斷青海戎，
"Sát khí nam hành động địa trục,",殺氣南行動地軸，
Bất nhĩ khổ hàn hà thái khốc.,不爾苦寒何太酷。
"Ba Đông chi giáp sinh lăng ty,",巴東之峽生淩澌，
Bỉ thương hồi hiên nhân đắc tri.,彼蒼回軒人得知。
"Lão phụ điền hoang thu vũ lý,",老父田荒秋雨裡，
Cựu thì cao ngạn kim giang thuỷ.,舊時高岸今江水。
"Dong canh do tự bão trường cơ,",傭耕猶自抱長飢，
Đích tri vô lực thâu tô mễ.,的知無力輸租米。
"Tự tòng hương quan tân thượng lai,",自從鄉官新上來，
Hoàng chỉ phóng tận bạch chỉ thôi.,黃紙放盡白紙催。
"Mại y đắc tiền đô nạp khước,",賣衣得錢都納卻，
Bệnh cốt tuy hàn liêu miễn phược.,病骨雖寒聊免縛。
"Khứ niên y tận đáo gia khẩu,",去年衣盡到家口，
Đại nữ lâm kỳ lưỡng phân thủ.,大女臨岐兩分首。
"Kim niên thứ nữ dĩ hành môi,",今年次女已行媒，
Diệc phục khu tương hoán thăng đấu.,亦復驅將換升斗。
"Thất trung cánh hữu đệ tam nữ,",室中更有第三女，
Minh niên bất phạ thôi tô khổ.,明年不怕催租苦。
"Thập nhật hoạ nhất thuỷ,",十日畫一水，
Ngũ nhật hoạ nhất thạch.,五日畫一石。
"Năng sự bất thụ tương xúc bách,",能事不受相促迫，
Vương Tể thuỷ khẳng lưu chân tích.,王宰始肯留真跡。
"Tráng tai Côn Lôn phương hồ đồ,",壯哉崑崙方壺圖，
Quải quân cao đường chi tố bích.,掛君高堂之素壁。
"Ba Lăng, Động Đình nhật bản đông,",巴陵洞庭日本東，
"Xích ngạn thuỷ dữ Ngân hà thông,",赤岸水與銀河通，
Trung hữu vân khí tuỳ phi long.,中有雲氣隨飛龍。
"Chu nhân ngư tử nhập phố tự,",舟人漁子入浦漵，
Sơn mộc tận á hồng đào phong.,山木盡亞洪濤風。
"Vưu công viễn thế cổ mạc tỷ,",尤工遠勢古莫比，
Chỉ xích ưng tu luận vạn lý.,咫尺應須論萬里。
"Yên đắc Tinh Châu khoái tiễn đao,",焉得并州快剪刀，
Tiễn thủ Ngô Tùng bán giang thuỷ.,翦取吳松半江水。
"Dã hoa già nhãn tửu triêm thế,",野花遮眼酒沾涕，
Tắc nhĩ sầu thinh tân triều sự.,塞耳愁聽新朝事。
"Để báo thúc tác nhất khuông khôi,",邸報束作一筐灰，
Triều y điển dữ tài hoa thị.,朝衣典與栽花市。
"Tân thi nhật nhật thiên dư ngôn,",新詩日日千餘言，
Thi trung vô nhất ưu dân tự.,詩中無一憂民字。
"Bàng nhân đạo ngã chân hội hội,",旁人道我真聵聵，
Khẩu bất năng đáp chỉ sơn thuý.,口不能答指山翠。
"Tự tòng lão Đỗ đắc thi danh,",自從老杜得詩名，
Ưu quân ái quốc thành nhi hý.,憂君愛國成兒戲。
"Ngôn ký vô dung mặc bất khả,",言既無庸默不可，
Nguyễn gia ná đắc bất trầm tuý?,阮家那得不沉醉？
"Nhãn để nùng nùng nhất bôi xuân,",眼底濃濃一杯春，
Đỗng vu Lạc Dương niên thiếu lệ.,慟于洛陽年少淚。
"Xuân phong uyển chuyển nhập khúc phòng,",春風宛轉入曲房，
Kiêm tống tiểu uyển bách hoa hương.,兼送小苑百花香。
"Bạch mã kim yên khứ vị phản,",白馬金鞍去未返，
Hồng trang ngọc trợ há thành hàng.,紅妝玉箸下成行。
"Thả xướng hoàng kê thôi hiểu ca,",且唱黃雞催曉歌，
Thỉnh quân tiễn thủ thanh trà chước.,請君剪取清茶酌。
"Tối quang sơ ái xuân minh minh,",最光初靄春冥冥，
Dư tỉnh tiệm giải khách dục tác.,餘醒漸解客欲作。
"Đào xã phong lưu các tự hào,",陶社風流各自豪，
Tu dẫn kim bôi khuynh cẩm thác.,須引金杯傾錦橐。
Trường Canh khứ hậu thuỳ phục luân?,長庚去後誰復淪？
Hắc dạ trầm trầm hàn tác tác.,黑夜沈沈寒索索。
"Độc đắc tầm quân nhập tuý hương,",獨得尋君入醉鄉，
Ngâm mai thi hứng mãn đông các.,吟梅詩興滿東閣。
"Xuân lai hoa thụ thái tự kiêu,",春來花樹太自驕，
Thanh nguyệt đình đình chiếu ly lạc.,清月亭亭照籬落。
"Thi cảnh thi tình chính vị lan,",詩景詩情正未闌，
Cốt lão khí thanh thần ảm mạc.,骨老氣清神黯漠。
"Chỉ khủng cao ngâm hạo mạc thu,",祇恐高吟浩莫收，
Phong khởi đảo xuy hoa lực bạc.,風起倒吹花力薄。
"Thả đãi trùng lai hứng hựu sinh,",且待重來興又生，
Dữ quân thưởng tận viên trung lạc.,與君賞盡園中樂。
"Thu hán phi ngọc sương,",秋漢飛玉霜，
Bắc phong tảo hà hương.,北風掃荷香。
"Hàm tình phưởng chức cô đăng tận,",含情紡織孤燈盡，
Thức lệ tương tư hàn lậu trường.,拭淚相思寒漏長。
"Thiềm tiền bích vân tĩnh như thuỷ,",簷前碧雲靜如水，
Nguyệt điếu thê ô đề điểu khởi.,月弔棲烏啼鳥起。
"Thuỳ gia thiếu phụ sự uyên ky,",誰家少婦事鴛機，
Cẩm mán vân bình thâm yểm phi.,錦幕雲屏深掩扉。
"Bạch ngọc song trung văn lạc diệp,",白玉窗中聞落葉，
Ưng liên hàn nữ độc vô y.,應憐寒女獨無衣。
"Thập nhị lâu đài thập nhị thiên,",十二樓台十二天，
Trùng trùng thâm toả ngọc thiền quyên.,重重深鎖玉嬋娟。
"Giác lai hận bất trường như mộng,",覺來恨不長如夢，
Phi đáo quân vương ngọc chẩm biên.,飛到君王玉枕邊。
"Quyển khởi châu liêm vọng thuý hoa,",捲起珠簾望翠花，
Cửu trùng cao vọng nguyệt như ba.,九重高望月如波。
"Xuân phong bất vị trường môn cách,",春風不為長門隔，
Thâu tống thiên hương đáo ỷ la.,偷送天香到綺羅。
"Sinh lai lãn tráng đa thành tích,",生來懶戇多成癖，
Nhập thế khiếp tương hình khí dịch.,入世怯將形氣役。
"Vân đình thuỷ chỉ bổn nhiên tâm,",雲停水止本然心，
Tài đắc phiến nhàn ngã hứng thích.,纔得片閒我興適。
"Vãn linh cánh giác cân lực khiên,",晚齡更覺筋力愆，
Tịnh kỷ minh song dưỡng tính thiên.,淨几明窗養性天。
"Đạo nhân cấu tựu Bảo Chân quán,",道人構就葆真觀，
"Đình hữu phương hoa, chiểu hữu liên.",庭有芳花沼有蓮。
"Thiều thiều cận bí lai kinh khuyết,",迢迢覲轡來京闕，
Hựu trị thiều xuân hoà hú tiết.,又值韶春和煦節。
"Triều đình thiểu sự, giản thư hi,",朝廷少事簡書稀，
Bất cấm du nhân tuý phong nguyệt.,不禁遊人醉風月。
"Tiêu tao khách quán cấm thành đông,",蕭騷客觀禁城東，
Cầm kiếm cô thê viên phố trung.,琴劍孤棲園圃中。
"Mao diêm tứ cố vân yên quýnh,",茅簷四顧雲煙迥，
Độc ỷ song lan đối thái không.,獨倚窗欄對太空。
"Triều tham dư hạ vô cơ nhũng,",朝參餘暇無機冗，
Trường yểm bồng phi trần bất động.,長掩蓬扉塵不動。
"Xuân quang bão nhãn sác đê châm,",春光飽眼數低斟，
Mãn giá đồ thư cung ngoạn tụng.,滿架圖書供玩誦。
"Nhiễu lư thảo thụ lục thành hề,",繞廬草樹綠成蹊，
Kiệp điệp phân phi điểu tước đề.,蛺蝶紛飛鳥雀啼。
"Ngâm án tích thành thiên thập phú,",吟案積成篇什富，
Điệt nhi thừa hạ thỉnh văn đề.,侄兒乘暇請文題。
"Ngô tiền vạn tượng đô phong nhã,",吾前萬象都風雅，
Bất vấn hồng trần kỷ xa mã.,不問紅塵幾車馬。
"Thi đường chủ nhân thục đắc kỳ,",詩堂主人孰得奇，
Liêu khuếch du thần vong vật ngã.,寥廓游神忘物我。
"Liêm lung trú tịch tiễu vô ngôn,",簾櫳晝寂悄無言，
Ngọ thuỵ tỉnh lai nhật hướng hôn.,午睡醒來日向昏。
"Trừ dữ tỉnh thần hoan yến ngoại,",除與省臣歡讌外，
Du an tiển hữu xuất sài môn.,遊鞍鮮有出柴門。
"Điểm kiểm oanh hoa ngâm bất tận,",點檢鶯花吟不盡，
Hảo hướng lâm tuyền nhất cao ẩn.,好向林泉一高隱。
Tiêu dao dưỡng đắc ngô bản chân,逍遙養得吾本真，
Tạo hoá dữ nhàn vô thiểu trác.,造化與閒無少斲。
"Càn khôn đáo xứ tức vi gia,",乾坤到處即為家，
Lạc tương quan cái ngạo yên hà.,樂將冠蓋傲煙霞。
"Hoài thổ khởi tu nhi nữ ý,",懷土豈須兒女意，
Nguyệt trung bả trản phát cao ca.,月中把盞發高歌。
"Thành Đô mãnh tướng hữu Hoa khanh,",成都猛將有花卿，
Học ngữ tiểu nhi tri tính danh.,學語小兒知姓名。
"Dụng như khoái cốt phong hoả sinh,",用如快鶻風火生，
Kiến tặc duy đa thân thuỷ khinh.,見賊惟多身始輕。
"Miên châu phó sứ trước giá hoàng,",綿州副使著柘黃，
Ngã khanh tảo trừ tức nhật bình.,我卿掃除即日平。
"Tử Chương độc lâu huyết mô hồ,",子章髑髏血模糊，
Thủ đề trịch hoàn Thôi đại phu.,手提擲還崔大夫。
"Lý hầu trùng hữu thử tiết độ,",李侯重有此節度，
Nhân đạo ngã khanh tuyệt thế vô.,人道我卿絕世無。
"Ký xưng tuyệt thế vô,",既稱絕世無，
Thiên tử hà bất hoán thủ thủ kinh đô.,天子何不喚取守京都。
"Thiên hạ kỷ nhân hoạ cổ tùng,",天下幾人畫古松，
Tất Hoằng dĩ lão Vi Yển thiểu.,畢宏已老韋偃少。
"Tuyệt bút trường phong khởi tiêm mạt,",絕筆長風起纖末，
Mãn đường động sắc ta thần diệu!,滿堂動色嗟神妙！
"Lưỡng châu thảm liệt đài tiển bì,",兩株慘裂苔蘚皮，
Quật thiết giao thác hồi cao chi.,屈鐵交錯回高枝。
"Bạch tồi hủ cốt long hổ tử,",白摧朽骨龍虎死，
Hắc nhân thái âm lôi vũ thuỳ.,黑人太陰雷雨垂。
"Tùng căn Hồ tăng khế tịch mịch,",松根胡僧憩寂寞，
Bàng my hạo thủ vô trú trước.,龐眉皓首無住著。
"Thiên đản hữu khiên lộ song cước,",偏袒右肩露雙腳，
Diệp lý tùng tử tăng tiền lạc.,葉裡松子僧前落。
"Vi hầu, Vi hầu, sổ tương kiến?",韋侯韋侯數相見，
"Ngã hữu nhất thất hảo đông quyên,",我有一匹好東絹，
Trọng chi bất giảm cẩm tú đoạn.,重之不減錦繡段。
"Dĩ linh phất thức quang lăng loạn,",已令拂拭光淩亂，
Thỉnh công phóng bút vi trực cán.,請公放筆為直幹。
"Tam nguyệt thập nhật xuân mông mông,",三月十日春濛濛，
Mãn giang hoa vũ thấp đông phong.,滿江花雨濕東風。
"Mỹ nhân doanh doanh yên vũ lý,",美人盈盈煙雨里，
Xướng triệt hồ yên dữ hồ thuỷ.,唱徹湖煙與湖水。
"Thuỷ thiên hồng nữ hốt đương môn,",水天虹女忽當門，
Ngọ quang xuyên lậu hải hà quần.,午光穿漏海霞裙。
"Mỹ nhân lăng không nhiếp phi bộ,",美人凌空躡飛步，
Bộ thướng sơn đầu Tiểu Chân mộ.,步上山頭小真墓。
"Hoa Dương lão tiên hải thượng lai,",華陽老仙海上來，
Ngũ Hồ thổ nạp chưởng trung bôi.,五湖吐納掌中杯。
"Bảo sơn khô thiền khai mính uyển,",寶山枯禪開茗碗，
Mộc kình hống bãi thôi hoa bản.,木鯨吼罷催花板。
"Lão tiên tuý bút thạch lan tây,",老仙醉筆石欄西，
Nhất phiến phi hoa lạc phấn đề.,一片飛花落粉題。
"Bồng Lai cung trung hoa báo sứ,",蓬萊宮中花報使，
Hoa tín minh triêu nhị thập tứ.,花信明朝二十四。
"Lão tiên cánh thí Thục ma tiên,",老仙更試蜀痲牋，
Tả tận xuân sầu Tử Dạ thiên.,寫盡春愁子夜篇。
"Cửu thập xuân quang nhất trịch thoa,",九十春光一擲梭，
Hoa tiền chước tửu xướng cao ca.,花前酌酒唱高歌。
Chi thượng hoa khai năng kỷ nhật?,枝上花開能幾日，
Thế thượng nhân sinh năng kỷ hà?,世上人生能幾何。
"Tạc triêu hoa thắng kim triêu hảo,",昨朝花勝今朝好，
Kim triêu hoa lạc thành thu thảo.,今朝花落成秋草。
"Hoa tiền nhân thị khứ niên thân,",花前人是去年身，
Khứ niên nhân tỷ kim niên lão.,去年人比今年老。
"Kim nhật hoa khai hựu nhất chi,",今日花開又一枝，
Minh nhật lai khan tri thị thuỳ?,明日來看知是誰？
Minh niên kim nhật hoa khai phủ?,明年今日花開否？
Kim nhật minh niên thuỳ đắc tri?,今日明年誰得知。
"Thiên thời bất trắc đa phong vũ,",天時不測多風雨，
Nhân sự nan lường đa thư ngữ.,人事難量多齟齬。
"Thiên thời nhân sự lưỡng bất tề,",天時人事兩不齊，
Mạc bả xuân quang phó lưu thuỷ.,莫把春光付流水。
"Hảo hoa nan chủng bất trường khai,",好花難種不長開，
Thiếu niên dị lão bất trùng lai.,少年易老不重來。
"Nhân sinh bất hướng hoa tiền tuý,",人生不向花前醉，
Hoa tiếu nhân sinh giã thị ngai.,花笑人生也是呆。
"Cửu địa hà tu nhất ngoã quan,",九地何須一瓦棺，
Danh năng bất hủ độc tao đàn.,名能不朽獨騷壇。
"Sắc không không sắc tùng lai huyễn,",色空空色從來幻，
Bất tín Nam Hoa thức nhất quan.,不信南華識一觀。
"Tương phùng thả mạn vấn xuân thu,",相逢且漫問春秋，
Sở quý nam nhi túc vị thù.,所貴南兒夙未酬。
"Lãng tiếu thế gian nhân huý tử,",浪笑世間人諱死，
Mạc nhiên tịnh tiết cánh thuỳ trù.,邈然靖節更誰儔。
"Quan đầu mộng giác vị thành chân,",關頭夢觉未成眞，
Do hướng nhân hoàn điệt chủ tân.,猶向人寰迭主賓。
"Chính khí túng nhiên hoàn tuyển hoá,",正氣縱然還選化，
Dã vô đại hoạn dã vô thân.,也無大患也無身。
"Tử sinh hữu mệnh cổ nhi nhiên,",死生有命古而然，
Duy thị bành thương tổng tượng tiên.,維是彭殤總象先。
"Chí nghiệp tự ngô tu tố đáo,",志業自吾須做到，
Trần tiêu khước bộ cánh giai tiền.,塵消却步更皆前。
"Thành thượng nguy lâu cao phiếu diểu,",城上危樓高縹緲，
Thành hạ trừng giang phục tương nhiễu.,城下澄江復相繞。
"Hữu thời dạng ảnh nhập trung lưu,",有時漾影入中流，
Phủ khán du ngư ngưỡng phi điểu.,俯看游魚仰飛鳥。
"Cận lâu đa thiểu vị hành chu,",近樓多少未行舟，
Mãn giang lạc hoa sái đinh châu.,滿江落花灑汀洲。
"Nhân đồng giang hiệp bất phạ lãng,",人同江狎不怕浪，
Đăng lâu đối tửu đàn không hầu.,登樓對酒彈箜篌。
"Đại Biệt sơn đầu bạch vân khởi,",大別山頭白雲起，
Kim Khẩu độ biên vũ như tẩy.,金口渡邊雨如洗。
"Bán câu tân nguyệt thướng cô thành,",半鉤新月上孤城，
Hoàn chiếu cao lâu dữ giang thuỷ.,還照高樓與江水。
"Tình giang y cựu tả Tầm Dương,",晴江依舊瀉潯陽，
Hoàng hạc vô do quy cố hương.,黃鶴無由歸故鄉。
"Nhất thanh ngọc địch khởi hà xứ,",一聲玉笛起何處，
Yến phác lan can hoa ảnh trường.,燕撲闌干花影長。
"Phụ vũ thiên doanh tí giác đoan,",負羽千營臂角端，
Bình minh quyển mạc bắc phong hàn.,平明卷幕北風寒。
"Thanh thiên tây quải Hoàng Hà thuỷ,",青天西掛黃河水，
Lập mã trường du tái ngoại khan.,立馬長榆塞外看。
"Hoàng Hà liễu nhiễu mạc nam san,",黃河繚繞漠南山，
Thu tận Bồ Xương nhạn tận hoàn.,秋盡蒲昌鴈盡還。
"Vạn lý bạch vân phi bất khứ,",萬里白雲飛不去，
Triêu triêu trường kết Ngọc Môn quan.,朝朝長結玉門關。
Quân bất kiến:,君不見：
Hải thượng bạch ba như bạch đầu.,海上白波如白頭，
Nộ phong hám phá vạn hộc châu.,怒風撼破萬斛舟。
"Lôi khu điện bác hãi nhân mục,",雷驅電搏駭人目，
Trung hữu điểm điểm phù khinh âu.,中有點點浮輕鷗。
"Hải khí quyển sơn, sơn như chỉ,",海氣捲山山如指，
"Sơn bắc, sơn nam thiên vạn lý.",山北山南千萬里。
Công danh nhất lộ kỷ nhân nhàn?,功名一路幾人閒？
Quan cái phân phân ngã hành hỹ!,冠蓋紛紛我行矣。
"Nhai đông nhai tây giảng Phật kinh,",街東街西講佛經，
Tràng chung xuy loa náo cung đình.,撞鍾吹螺鬧宮庭。
"Quảng trương phúc tội tư dụ hiếp,",廣張福罪資誘脅，
Thính chúng hiệp kháp bài phù bình.,聽眾狎恰排浮萍。
"Hoàng y đạo sĩ diệc giảng thuyết,",黃衣道士亦講說，
Toà hạ liêu lạc như minh tinh.,座下寥落如明星。
"Hoa sơn nữ nhi gia phụng đạo,",華山女兒家奉道，
Dục khu dị giáo quy tiên linh.,欲驅異教歸仙靈。
"Tẩy trang thức diện trước quan bí,",洗妝拭面著冠帔，
Bạch yết hồng giáp trường mi thanh.,白咽紅頰長眉青。
"Toại lai thăng toà diễn chân quyết,",遂來升座演真訣，
Quan môn bất hứa nhân khai quynh.,觀門不許人開扃。
"Bất tri thuỳ nhân ám tương báo,",不知誰人暗相報，
Hoanh nhiên chấn động như lôi đình.,訇然振動如雷霆。
"Tảo trừ chúng tự nhân tích tuyệt,",掃除眾寺人跡絕，
Hoa lưu tái lộ liên truy bình.,驊騮塞路連輜軿。
"Quan trung nhân mãn toạ quan ngoại,",觀中人滿坐觀外，
Hậu chí vô địa vô do thính.,後至無地無由聽。
"Trừu thoa thoát xuyến giải hoàn bội,",抽釵脫釧解環珮，
Đôi kim điệp ngọc quang thanh huỳnh.,堆金疊玉光青熒。
Thiên môn quý nhân truyền chiếu triệu:,天門貴人傳詔召：
“Lục cung nguyện thức suất nhan hình”.,六宮願識帥顏形。
"Ngọc hoàng lãnh thủ hứa quy khứ,",玉皇領首許歸去，
Thừa long giá hạc lai thanh minh.,乘龍駕鶴來青冥。
"Hào gia thiếu niên khởi tri đạo,",豪家少年豈知道，
Lai nhiễu bách tạp cước bất đình.,來繞百匝腳不停。
"Vân song vụ các sự hoảng hốt,",雲窗霧閣事慌惚，
Trùng trùng thuý mạn thâm kim bình.,重重翠幔深金屏。
"Tiên thê nan phan tục duyên trọng,",仙梯難攀俗緣重，
Lãng bằng thanh điểu thông đinh ninh.,浪憑青鳥通丁寧。
"Hoả sơn đột ngột Xích Đình Khẩu,",火山突兀赤亭口，
Hoả sơn ngũ nguyệt hoả vân hậu.,火山五月火雲厚。
"Hoả vân mãn sơn ngưng vị khai,",火雲滿山凝未開，
Phi điểu thiên lý bất cảm lai.,飛鳥千里不敢來。
"Bình minh sạ trục Hồ phong đoạn,",平明乍逐胡風斷，
Bạc mộ hỗn tuỳ tái vũ hồi.,薄暮渾隨塞雨回。
"Liễu nhiễu tà thôn Thiết Quan thụ,",繚繞斜吞鐵關樹，
Phân uân bán yểm Giao Hà thú.,氛氳半掩交河戍。
"Điều điều chinh lộ hoả sơn đông,",迢迢征路火山東，
Sơn thượng cô vân tuỳ mã khứ.,山上孤雲隨馬去。
"Ức đắc khứ niên xuân phong chí,",憶得去年春風至，
Trung đình đào lý ánh toả song.,中庭桃李映瑣窗。
"Mỹ nhân hiệp sắt đối phương thụ,",美人挾瑟對芳樹，
Ngọc nhan đình đình dữ hoa song.,玉顏亭亭與花雙。
"Kim niên tân hoa như cựu thì,",今年新花如舊時，
Khứ niên mỹ nhân bất tại tư.,去年美人不在茲。
"Tá vấn ly cư hận thâm thiển,",借問离居恨深淺，
Chỉ ưng độc hữu đình hoa tri.,只應獨有庭花知。
"Thực vật chi trung trúc nan tả,",植物之中竹難寫，
Cổ kim tuy hoạ vô tự giả.,古今雖畫無似者。
"Tiêu lang há bút độc bức chân,",蕭郎下筆獨逼真，
Đan thanh dĩ lai duy nhất nhân.,丹青以來唯一人。
"Nhân hoạ trúc thân phì ủng thũng,",人畫竹身肥擁腫，
Tiêu hoạ hành sấu tiết tiết tủng.,蕭畫莖瘦節節竦。
"Nhân hoạ trúc tiêu tử nuy thuỳ,",人畫竹梢死羸垂，
Tiêu hoạ chi hoạt diệp diệp động.,蕭畫枝活葉葉動。
"Bất căn nhi sinh tòng ý sinh,",不根而生從意生，
Bất duẩn nhi thành do bút thành.,不筍而成由筆成。
"Dã đường thuỷ biên kỳ ngạn trắc,",野塘水邊碕岸側，
Sâm sâm lưỡng tùng thập ngũ hành.,森森兩叢十五莖。
"Thuyền quyên bất thất quân phấn thái,",嬋娟不失筠粉態，
Tiêu táp tận đắc phong yên tình.,蕭颯盡得風煙情。
"Cử đầu hốt khan bất tự hoạ,",舉頭忽看不似畫，
Đê nhĩ tĩnh thinh nghi hữu thanh.,低耳靜聽疑有聲。
"Tây tùng thất hành kính nhi kiện,",西叢七莖勁而健，
Tỉnh vấn Thiên Trúc tự tiền thạch thượng kiến.,省問天竺寺前石上見。
"Đông tùng bát hành sơ thả hàn,",東叢八莖疏且寒，
Ức tằng Tương phi miếu lý vũ trung khán.,憶曾湘妃廟裏雨中看。
"U tư viễn tứ thiểu nhân biệt,",幽姿遠思少人別，
Dữ quân tương cố không trường thán.,與君相顧空長嘆。
"Tiêu lang! Tiêu Lang! Lão khả tích,",蕭郎！蕭郎！老可惜，
Thủ đản nhãn hôn đầu tuyết sắc.,手顫眼昏頭雪色。
"Tự ngôn tiện thị tuyệt bút thì,",自言便是絕筆時，
Tòng kim thử trúc vưu nan đắc!,從今此竹尤難得！
"Nhật khứ tây sơn tập trường dạ,",日去西山襲長夜，
Hương Phong chủ nhân trập ngô mã.,香峰主人縶吾馬。
"Thú quân dục quy quy bất đắc,",守君欲歸歸不得，
Thiểu yên minh nguyệt thượng đông xá.,少焉明月上東舍。
"Nguyệt lai tương đối hựu hàm bôi,",月來相對又啣杯，
Khoa đầu khởi hướng ly biên khai.,科頭起向籬邊開。
"Vãng lai thiên cổ tứ đàm luận,",往來千古肆談論，
Ngọc sơn dĩ đồi bất khả bả.,玉山已頹不可把。
"Phủ ngưỡng thiên địa giai mạc tịch,",俯仰天地皆幕席，
Chủ nhân vô tâm khách diệc phả.,主人無心客亦叵。
"Hoàng hoa tận vị tuý ông khai,",黃花盡為醉翁開，
Vạn hộc thanh hương hữu phục tả.,萬斛清香右復左。
"Sứ quân phiêu nhiên thừa mã quy,",使君飄然乘馬歸，
Chủ nhân bất lưu tống chi dã.,主人不留送之也。
"Quy lai minh nguyệt chính đương đầu,",歸來明月正當頭，
Giải y phục hướng thiềm doanh ngoạ.,解衣復向簷楹臥。
"Bất tri thân hoá tác Hương Phong,",不知身化作香峰，
Giác tắc cự cự nhiên ngô dã.,覺則遽遽然吾也。
"Hồ Châu khê thuỷ xuyên thành quách,",湖州溪水穿城郭，
Bạng thuỷ nhân gia khởi lâu các.,傍水人家起樓閣。
"Xuân phong thuỳ liễu lục hiên song,",春風垂柳綠軒窗，
Tế vũ phi hoa thấp liêm mạc.,細雨飛花濕帘幕。
"Tứ nguyệt ngũ nguyệt nam phong lai,",四月五月南風來，
Đương môn xứ xứ kỵ hà khai.,當門處處芰荷開。
"Ngô cơ hoạ phảng tiểu vu hộc,",吳姬畫舫小于斛，
Đãng tương xuất thành duyên nguyệt hồi.,蕩槳出城沿月回。
"Cô bồ lãng thâm mê bạch trữ,",菰蒲浪深迷白紵，
Hữu thời cách hoa văn tiếu ngữ.,有時隔花聞笑語。
"Lý ngư phong khởi yến phi tà,",鯉魚風起燕飛斜，
Lăng ca thanh nhập uyên ương chử.,菱歌聲入鴛鴦渚。
"Quân bất văn Hồ già thanh tối bi,",君不聞胡笳聲最悲，
Tử nhiêm lục nhãn Hồ nhân xuy.,紫髯綠眼胡人吹。
"Xuy chi nhất khúc do vị liễu,",吹之一曲猶未了，
Sầu sát Lâu Lan chinh thú nhi.,愁殺樓蘭征戍兒。
"Lương thu bát nguyệt Tiêu quan đạo,",涼秋八月蕭關道，
Bắc phong xuy đoạn Thiên sơn thảo.,北風吹斷天山草。
"Côn Lôn sơn nam nguyệt dục tà,",昆侖山南月欲斜，
Hồ nhân hướng nguyệt xuy Hồ già.,胡人向月吹胡笳。
"Hồ già oán hề tương tống quân,",胡笳怨兮將送君，
Tần sơn dao vọng Lũng sơn vân.,秦山遙望隴山雲。
"Biên thành dạ dạ đa sầu mộng,",邊城夜夜多愁夢，
Hướng nguyệt Hồ già thuỳ hỷ văn.,向月胡笳誰喜聞。
"Hỗn độn dĩ lai bất khả sổ,",渾沌以來不可數，
Vạn bát thiên tuế sinh Bàn Cổ.,萬八千歲生盤古。
"Nhân uân nãi tại quyền thạch gian,",絪縕乃在拳石間，
Quang quái tiềm thông lạc tinh chử.,光怪潛通落星渚。
"Lai tòng Ngư Phúc nhân tận nhạ,",來從魚腹人盡訝，
Toạ niệm Vũ Hầu tâm độc khổ.,坐念武侯心獨苦。
"Bát trận đồ thành khấp quỷ thần,",八陣圖成泣鬼神，
Tam giang thạch chuyển điêu hàn thử.,三江石轉凋寒暑。
"Thương ba phún tẩm viên thả kiên,",蒼波噴浸圓且堅，
Kê tử kết thành sinh lý toàn.,雞子結成生理全。
"Cửu đương hoá điểu phi vi quái,",久當化鳥非為怪，
Khuyển vị thành dương diệc khả tiên.,犬未成羊亦可仙。
"Ngọc tinh ẩn nguyệt tương chiếu xạ,",玉精隱月相照射，
Kim dịch lưu hà phân nhiễu triền.,金液流霞紛繞纏。
"Khinh thanh dĩ phán trung hoàng ngoại,",輕清已判中黃外，
Nguyên khí do hàm thái tố tiền.,元氣猶含太素前。
"Anh hùng sự vãng duy tồn thạch,",英雄事往唯存石，
Thiên hành địa trục kim thuỳ thức.,天衡地軸今誰識。
"Giang thượng thường nghi vụ vũ hàn,",江上嘗疑霧雨寒，
Toạ trung hốt khủng phong lôi hắc.,坐中欻恐風雷黑。
"Ma sa trực như kiến minh hãnh,",摩挲直如見溟涬，
Vị trí khởi khẳng đồng sa lịch.,位置豈肯同沙礫。
"Trường lộ tương tương phất kiếm tuỳ,",長路相將拂劍隨，
Thiên âm vật sử tinh linh đắc.,天陰勿使精靈得。
"Khứ niên yến sào chủ nhân ốc,",去年燕巢主人屋，
Kim niên hoa phát lộ bàng chi.,今年花發路傍枝。
"Niên niên vi khách bất đáo xá,",年年為客不到舍，
Cựu quốc tồn vong na đắc tri.,舊國存亡那得知。
"Hồ trần nhất khởi loạn thiên hạ,",胡塵一起亂天下，
Hà xứ xuân phong vô biệt ly.,何處春風無別離。
"Thiên mê quan, địa mê hộ,",天迷關，地迷戶，
"Đông long bạch nhật, tây long vũ.",東龍白日西龍雨。
"Chàng chung ẩm tửu sầu hải phiên,",撞鐘飲酒愁海翻，
Bích hoả xuy sào song trát dũ.,碧火吹巢雙猰貐。
"Chiếu thiên vạn cổ vô nhị ô,",照天萬古無二烏，
Tàn tinh phá nguyệt khai thiên dư.,殘星破月開天余。
"Toạ trung hữu khách thiên tử khí,",座中有客天子氣，
Tả cổ thất thập nhị tử liên minh châu.,左股七十二子連明珠。
"Quân thanh thập vạn chấn ốc ngoã,",軍聲十萬振屋瓦，
Bạt kiếm đương nhân diện như giả.,拔劍當人面如赭。
"Tướng quân hạ mã lực bạt san,",將軍下馬力拔山，
Khí quyển Hoàng Hà tửu trung tả.,氣卷黃河酒中瀉。
"Kiếm quang thượng thiên hàn tuệ tàn,",劍光上天寒彗殘，
Minh triêu hoạch địa phân hà san.,明朝畫地分河山。
"Tướng quân hô long tương khách tẩu,",將軍呼龍將客走，
Thạch phá thanh thiên chàng ngọc đẩu.,石破青天撞玉斗。
"Hồng tuyến thảm,",紅線毯，
"Trạch kiển sào ty thanh thuỷ chử,",擇繭繅絲清水煮，
Giản ty luyện tuyến hồng lam nhiễm.,揀絲練線紅藍染。
"Nhiễm vi hồng tuyến hồng vu hoa,",染為紅線紅于花，
Chức tác Phi Hương điện thượng thảm.,織作披香殿上毯。
"Phi Hương điện quảng thập dư trượng,",披香殿廣十余丈，
Hồng tuyến chức thành khả điện phô.,紅線織成可殿鋪。
"Thái ty nhung nhung hương phất phất,",彩絲茸茸香拂拂，
Tuyến nhuyễn hoa hư bất thắng vật.,線軟花虛不勝物。
"Mỹ nhân đạp thượng lai ca vũ,",美人踏上來歌舞，
La miệt tú hài tuỳ bộ một.,羅襪繡鞋隨步沒。
"Thái Nguyên thảm sáp thuế lũ ngạnh,",太原毯澀毳縷硬，
Thục đô nhục bạc cẩm hoa lãnh.,蜀都褥薄錦花冷。
"Bất như thử thảm ôn thả nhu,",不如此毯溫且柔，
Niên niên thập nguyệt lai Tuyên châu.,年年十月來宣州。
"Tuyên châu thái thú gia dạng chức,",宣州太守加樣織，
Tự vị vi thần năng kiệt lực.,自謂為臣能竭力。
"Bách phu đồng đảm tiến cung trung,",百夫同擔進宮中，
Tuyến hậu ty đa quyển bất đắc.,線厚絲多卷不得。
Tuyên châu thái thú tri bất tri?,宣州太守知不知？
"Nhất trượng thảm, thiên lưỡng ty,",一丈毯，千兩絲，
"Địa bất tri hàn nhân yếu noãn,",地不知寒人要暖，
Thiểu đoạt nhân y tác địa y.,少奪人衣作地衣。
"Thu phong huất hấp xuy nam quốc,",秋風欻吸吹南國，
Thiên địa thảm thảm vô nhan sắc.,天地慘慘無顏色。
"Động Đình dương ba Giang Hán hồi,",洞庭揚波江漢回，
Hổ Nha đồng trụ giai khuynh trắc.,虎牙銅柱皆傾側。
"Vu Giáp âm sầm sóc mạc khí,",巫峽陰岑朔漠氣，
Phong loan yểu điệu khê cốc hắc.,峰巒窈窕溪谷黑。
"Đỗ quyên bất lai viên dứu hàn,",杜鵑不來猿狖寒，
Sơn quỉ u ưu tuyết sương bức.,山鬼幽憂雪霜逼。
"Sở lão trường ta ức viêm chướng,",楚老長嗟憶炎瘴，
Tam xích giác cung lưỡng hộc lực.,三尺角弓兩斛力。
"Bích lập thạch thành hoành tái khởi,",壁立石城橫塞起，
Kim thố tinh can mãn vân trực.,金錯旌竿滿雲直。
"Ngư Dương đột kỵ lạp thanh khâu,",漁陽突騎獵青丘，
Khuyển Nhung toả giáp văn đan cực.,犬戎鎖甲聞丹極。
Bát hoang thập niên phòng đạo tặc.,八荒十年防盜賊，
"Chinh thú tru cầu quả thê khốc,",征戍誅求寡妻哭，
Viễn khách trung tiêu lệ triêm ức.,遠客中宵淚沾臆。
"Dạ toạ bất yếm hồ thượng nguyệt,",夜坐不厭湖上月，
Trú hành bất yếm hồ thượng san.,晝行不厭湖上山。
"Nhãn tiền nhất tôn hựu trường mãn,",眼前一尊又長滿，
Tâm trung vạn sự như đẳng nhàn.,心中萬事如等閑。
"Chủ nhân hữu thử bách dư thạch,",主人有黍百餘石，
Trọc dao sổ đẩu ưng bất tích.,濁醪數斗應不惜。
"Tức kim tương đối bất tận hoan,",即今相對不盡歡，
Biệt hậu tương tư phục hà ích.,別後相思復何益。
"Thù Du loan đầu quy lộ xa,",茱萸灣頭歸路賒，
Nguyện quân thả túc Hoàng công gia.,願君且宿黃公家。
"Phong quang nhược thử nhân bất tuý,",風光若此人不醉，
Sâm si cô phụ đông viên hoa.,參差辜負東園花。
"Thương giang ngư tử thanh thần tập,",蒼江魚子清晨集，
Thiết võng đề cương vạn ngư cấp.,設網提綱萬魚急。
"Năng giả thao chu tật nhược phong,",能者操舟疾若風，
Sanh đột ba đào đĩnh xoa nhập.,撐突波濤挺叉入。
"Tiểu ngư thoát lậu bất khả ký,",小魚脫漏不可記，
Bán tử bán sinh do tập tập.,半死半生猶戢戢。
"Đại ngư thương tổn giai thuỳ đầu,",大魚傷損皆垂頭，
Quật cường nê sa hữu thì lập.,屈強泥沙有時立。
"Đông tân quan ngư dĩ tái lai,",東津觀魚已再來，
Chủ nhân bãi khoái hoàn khuynh bôi.,主人罷鱠還傾杯。
"Nhật mộ giao long cải quật huyệt,",日暮蛟龍改窟穴，
Sơn căn chiên vị tuỳ vân lôi.,山根鱣鮪隨雲雷。
"Can qua binh cách đấu vị chỉ,",干戈兵革鬥未止，
Phụng hoàng kỳ lân an tại tai.,鳳凰麒麟安在哉。
"Ngô đồ hồ vi túng thử lạc,",吾徒胡為縱此樂，
Bạo điễn thiên vật thánh sở ai.,暴殄天物聖所哀。
"Cố nhân tích ẩn Đông Mông phong,",故人昔隱東蒙峰，
Dĩ bội hàm cảnh thương tinh long.,已佩含景蒼精龍。
"Cố nhân kim cư Tí Ngọ cốc,",故人今居子午谷，
Độc tại âm nhai kết mao ốc.,獨在陰崖結茅屋。
"Ốc tiền thái cổ Huyền Đô đàn,",屋前太古玄都壇，
Thanh thạch mạc mạc thường phong hàn.,青石漠漠常風寒。
"Tử quy dạ đề sơn trúc liệt,",子規夜啼山竹裂，
Vương Mẫu trú há vân kỳ phiên.,王母晝下雲旗翻。
"Tri quân thử kế thành trường vãng,",知君此計成長往，
"Chi thảo, lang can nhật ưng trưởng.",芝草琅玕日應長。
"Thiết toả cao thuỳ bất khả phan,",鐵鎖高垂不可攀，
Trí thân phúc địa hà tiêu sảng.,致身福地何蕭爽。
"Xương Môn nữ nhi trang kế khinh,",閶門女兒糚髻輕，
Thập tam thập tứ học ngân tranh.,十三十四學銀箏。
"Hành nhân bất giải ti trung ngữ,",行人不解絲中語，
Đô đạo Dương Quan tống biệt thanh.,都道陽關送別聲。
"Kim Lăng vọng trung sơn mạt yên,",金陵望中山抹煙，
Thiết Úng thành đầu lãng phách thiên.,鐵甕城頭浪拍天。
"Cư nhân tận thuyết phong ba ác,",居人盡說風波惡，
Giang khẩu hà thời bất phóng thuyền.,江口何時不放船。
"Nhật lạc Từ hà thuỷ loạn lưu,",日落徐河水亂流，
Cao thành truỳ thác lậu thanh sầu.,高城椎柝漏聲愁。
"Tương phùng dục giải san hô quyết,",相逢欲解珊瑚玦，
Bất kiến hồ cơ cựu tửu lâu.,不見胡姬舊酒樓。
"Tế hà bắc lưu phục nam lưu,",濟河北流復南流，
Hành đáo Thiên Tân nam bắc sầu.,行到天津南北愁。
"Nhân sinh thuận nghịch tuy hữu phận,",人生順逆雖有分，
Nại khả thử thân cư thượng du.,耐可此身居上游。
"Kết trường kết trường nhẫn cánh văn,",結腸結腸忍更聞，
Thiếp niên thập lục sơ thị quân.,妾年十六初侍君。
"Phụ giã tảo thệ mẫu độc tồn,",父也早逝母獨存，
Vị quân sinh tử kim hữu tôn.,為君生子今有孫。
"Tích tẩu Sở Việt mại Yên Tần,",昔走楚越邁燕秦，
Vạn lý quân ninh tuất phụ nhân?,萬里君寧恤婦人。
"Ngoại hảo bất bổ trung khổ tân,",外好不補中苦辛，
Trung niên đắc quy kế vĩnh cửu.,中年得歸計永久。
"Mệnh giã bách bệnh toản thiếp thân,",命也百病攢妾身，
Ngôn tất ý vi thời phản thần.,言畢意違時反唇。
"Thiếp phỉ vô ngỗ quân đa sân,",妾匪無迕君多嗔，
Trung trường kết khúc nan vi từ.,中腸結曲難為辭。
Sinh ký nan minh tử cự tri?,生既難明死詎知？
"Thiên kết vạn kết vị quân nhĩ,",千結萬結為君爾，
Quân bất tri thiếp trường tại thử.,君不知妾腸在此。
"Thu phong xuy địa bách thảo can,",秋風吹地百草幹，
Hoa dung bích ảnh sinh vãn hàn.,華容碧影生晚寒。
"Ngã đương nhị thập bất đắc ý,",我當二十不得意，
Nhất tâm sầu tạ như khô lan.,一心愁謝如枯蘭。
"Y như phi thuần mã như cẩu,",衣如飛鶉馬如狗，
Lâm kỳ kích kiếm sinh đồng hống.,臨岐擊劍生銅吼。
"Kỳ đình hạ mã giải thu y,",旗亭下馬解秋衣，
Thỉnh thế Nghi Dương nhất hồ tửu.,請貰宜陽一壺酒。
"Hồ trung hoán thiên vân bất khai,",壺中喚天雲不開，
Bạch trú vạn lý nhàn thê mê.,白晝萬里閒悽迷。
"Chủ nhân khuyến ngã dưỡng tâm cốt,",主人勸我養心骨，
Mạc thâu tục vật tương điền hôi.,莫受俗物相填豗。
Bộc bố chi thuỷ nguyên hà lai?,瀑布之水源何來？
Hoạch nhiên há liệt trường phong khai.,劃然下裂長峰開。
"Hạ sĩ mục hãi tự thiên lạc,",下士目駭自天落，
Tuyệt đính nãi hữu thiên bàn hồi.,絕頂乃有千盤回。
"Thanh sơn đoạn khuyết tủng Song Kiếm,",青山斷缺聳雙劍，
Nguyên khí trực tả nham đầu tồi.,元氣直瀉岩頭摧。
"Phi lưu dĩ xuất bất khẳng há,",飛流已出不肯下，
Nhất tuyến trung chiết phân oanh hồi.,一線中折分瀠洄。
"Ẩn hiện sổ chiết súc tinh nhuệ,",隱現數折蓄精銳，
Thất thế nhất lạc như bôn lôi.,失勢一落如奔雷。
"Khiêu ba loạn kích đàm thuỷ lập,",跳波亂擊潭水立，
Quái vật tiềm phục ninh kỳ tai.,怪物潛伏寧鬐顋。
"Âm thanh khoảnh khắc trục thiên biến,",音聲頃刻逐千變，
Vạn mã phó địch kim bề thôi.,萬馬赴敵金鼙催。
"Thiên quang bán bích chiếu không cốc,",天光半壁照空谷，
Thử địa vạn cổ vô âm mai.,此地萬古無陰霾。
"Hàm ha tích tuyết quải thiên nhận,",谽谺積雪掛千仞，
Sơn trung viên hạc do kinh sai.,山中猿鶴猶驚猜。
"Ngân hoa há tán bố thuỷ đài,",銀花下散布水臺，
Hỗn độn tạc phá sơn căn ôi.,混沌鑿破山根隈。
"Phách khoa đại tự tẩy bất tận,",擘窠大字洗不盡，
Thiết hoạch mãn địa tuyên thanh đài.,鐵畫滿地鐫青苔。
"Thái Bạch dĩ vãng Lão Pha tử,",太白已往老坡死，
Ngã bối thả phạp Từ Ngưng tài.,我輩且乏徐凝才。
"Ác thi tẩu bút bất cảm tả,",惡詩走筆不敢寫，
San đình chử cấp thiêu tùng thoa.,山亭煮汲燒松釵。
"Minh triêu trúc trượng thanh mang hài,",明朝竹杖青芒鞋，
Lăng phong đạp toái yên vân đôi.,凌風踏碎煙雲堆。
"Phi tuyền Tam Điệp tuyệt ỷ bạng,",飛泉三疊絕倚傍，
Toạ quan nhất tẩy trần phân hoài.,坐觀一洗塵氛懷。
"Thiên thượng phù vân như bạch y,",天上浮雲如白衣，
Tư tu cải biến như thương cẩu.,斯須改變如蒼狗。
"Cổ vãng kim lai cộng nhất thì,",古往今來共一時，
Nhân sinh vạn sự vô bất hữu.,人生萬事無不有。
"Cận giả quyết nhãn khứ kỳ phu,",近者抉眼去其夫，
Hà Đông nữ nhi thân tính Liễu.,河東女兒身姓柳。
"Trượng phu chính sắc động dẫn kinh,",丈夫正色動引經，
Phong Thành khách tử Vương Quý Hữu.,酆城客子王季友。
"Quần thư vạn quyển thường ám tụng,",群書萬卷常暗誦，
Hiếu kinh nhất thông khán tại thủ.,孝經一通看在手。
"Bần cùng lão sấu gia mại kịch,",貧窮老瘦家賣屐，
Hảo sự tựu chi vi huề tửu.,好事就之為攜酒。
"Dự Chương thái thú cao đế tôn,",豫章太守高帝孫，
Dẫn vi tân khách kính pha cửu.,引為賓客敬頗久。
"Văn đạo tam niên vị tằng ngữ,",聞道三年未曾語，
Tiểu tâm khủng cụ bế kỳ khẩu.,小心恐懼閉其口。
"Thái thú đắc chi cánh bất nghi,",太守得之更不疑，
Nhân sinh phản phục khán diệc xú.,人生反復看亦醜。
"Minh nguyệt vô hà khởi dung dị,",明月無瑕豈容易，
Tử khí uất uất do xung đấu.,紫氣鬱鬱猶沖鬥。
"Thì nguy khả trượng chân hào tuấn,",時危可仗真豪俊，
Nhị nhân đắc trí quân trắc phủ.,二人得置君側否。
"Thái thú khoảnh giả lĩnh Sơn Nam,",太守頃者領山南，
Bang nhân tứ chi tỷ phụ mẫu.,邦人思之比父母。
"Vương sinh tảo tằng bái nhan sắc,",王生早曾拜顏色，
Cao sơn chi ngoại giai bồi lũ.,高山之外皆培塿。
"Dụng vi hy hoà thiên vi thành,",用為羲和天為成，
Dụng bình thuỷ thổ địa vi hậu.,用平水土地為厚。
"Vương dã luận đạo trở giang hồ,",王也論道阻江湖，
Lý dã thừa nghi khoáng tiền hậu.,李也丞疑曠前後。
"Tử vi tinh thần chung bất diệt,",死為星辰終不滅，
Trí quân nghiêu thuấn yên khẳng hủ.,致君堯舜焉肯朽。
"Ngô bối lục lục bão phạn hành,",吾輩碌碌飽飯行，
Phong hậu lực mục trường hồi thủ.,風後力牧長回首。
"Trắc Lương Phủ hề mã huỷ tuỳ,",陟梁甫兮馬虺隋，
Đảm Thái Sơn hề vân bất khai.,膽泰山兮雲不開。
"Vân bất khai hề nhật mạc vũ,",雲不開兮日莫雨，
Hồi vọng Lỗ hề thệ hà sở.,回望魯兮逝何所。
"Tam thập sinh nam bất giải ái,",三十生男不解愛，
Phả yếm thế gian nhi nữ thái.,頗厭世間兒女態。
"Niên lai bão nữ tâm thậm lân,",年來抱女心甚憐，
Khước hối tòng tiền không khảng khái.,卻悔從前空慷慨。
"Nữ sinh nhất tuế my mục dương,",女生一歲眉目揚，
Tiếu chỉ huynh tỷ la thành hàng.,笑指兄姊羅成行。
"Kính lý kiều đề ánh song dũ,",鏡裏嬌啼映窗牖，
Sàng tiền học bộ khiển y thường.,床前學步遣衣裳。
"Xuân phong xuy hồn hồn bất trụ,",春風吹魂魂不住，
Lai tòng hà lai khứ hà khứ.,來從何來去何去。
"Cẩm bảo tằng chiêm mộng nguyệt thì,",錦褓曾占夢月時，
Ngọc tiền hựu khốc mai hương xứ.,玉錢又哭埋香處。
"Càn khôn đắc thất an hữu bằng,",乾坤得失安有憑，
Tạc nhật lạc cực kim ai sinh.,昨日樂極今哀生。
"Thường quái tha nhân bất khoái ý,",常怪他人不快意，
Nãi tri ngã bối chân chung tình.,乃知我輩真鍾情。
"Hoàng thiên năng sinh diệc năng tử,",皇天能生亦能死，
Tạo vật lộng nhân mỗi như thử.,造物弄人每如此。
"Vân tán vân ngưng diệc ngẫu nhiên,",雲散雲凝亦偶然，
Hoa khai hoa tạ duyên hà sự?,花開花謝緣何事?
"Phụ nhân tính si hoàn quá thương,",婦人性癡還過傷，
Bôn tẩu khiếu hào như bệnh cuồng.,奔走叫號如病狂。
"Tác thi thị thê kiêm tự giải,",作詩示妻兼自解，
Chuyển kiến nhân gian phụ mẫu trường.,轉見人間父母腸。
"Hữu đệ hữu đệ thuần thả lương,",有弟有弟純且良，
Phú mệnh nhất sinh ly đa ương.,賦命一生罹多殃。
"Sinh hài lục nguyệt mẫu từ thế,",生孩六月母辭世，
Oa oa khổ đề thu dạ trường.,呱呱苦啼秋夜長。
"Nhũ ngã lão ảo kiến chi thán,",乳我老媼見之歎，
Cúc dục thổ bộ bất ly sàng.,鞠育吐哺不離牀。
"Ô hô nhất ca hề ca thuỷ phát,",嗚呼一歌兮歌始發，
Sầu vân thê thê phong táp táp.,愁雲淒淒風颯颯。
"Hồng nhan trúc mã niên thiếu thì,",紅顏竹馬年少時，
Độc thư thông tuệ nhân xưng kỳ.,讀書聰慧人稱奇。
"Thái y lộng sồ nhật vi lạc,",彩衣弄雛日為樂，
Từ phụ ái nhĩ quá quần nhi.,慈父愛爾過群兒。
"Khởi kỳ trung đạo phụ cáo một,",豈其中道父告歿，
Hối dục chi trách ngô khởi từ.,誨育之責吾豈辭。
"Ô hô nhị ca hề ca hứng động,",嗚呼二歌兮歌興動，
Vãng sự thê lương tổng như mộng.,往事淒涼總如夢。
"Nam Ninh vạn lý quan san cách,",南寧萬里關山隔，
Địa giác thiên nhai yểu nam bắc.,地角天涯杳南北。
"Kính tuyết điên phong hướng kỷ hà,",勁雪顛風向幾何，
Tạc nhật phó âm báo tiêu tức.,昨日訃音報消息。
Cùng mâu không trục mộ vân ngưng.,窮眸空逐暮雲凝，
Phi lệ ám tuỳ thu vũ tích.,飛淚暗隨秋雨滴。
"Ô hô tam ca hề ca chuyển thương,",嗚呼三歌兮歌轉傷，
Hồn chiêu bất lai đáo Liêu Dương.,魂招不來到遼陽。
"Nhữ huynh nhữ huynh đồ tự thiết,",汝兄汝兄徒自切，
Vạn hộc sầu hoài hướng thuỳ thuyết.,萬斛愁懷向誰說。
"Nhạn hành tương phân chung hữu kỳ,",雁行相分終有期，
Khởi ý kim vi sinh tử biệt.,豈意今為生死別。
"Nam vọng quan san vị đắc quy,",南望關山未得歸，
Mộng nhập Nam Ninh lệ thành huyết.,夢入南寧淚成血。
"Ô hô tứ ca hề bất nhẫn thính,",嗚呼四歌兮不忍聽，
Thái không thất sắc vân minh minh.,太空失色雲冥冥。
"Sóc phong xuy tuyết sầu vân ngưng,",朔風吹雪愁雲凝，
Ức nhĩ triển chuyển Liêu Dương thành.,憶爾輾轉遼陽城。
"Âm dung tiễu tiễu hoảng như mộng,",音容悄悄恍如夢，
Thư không đốt đốt thần hồn kinh.,書空咄咄神魂驚。
"Nhãn khô lệ tận cánh hà ích,",眼枯淚盡竟何益，
Bỉ thương mặc mặc chung vô tình.,彼蒼默默終無情。
"Ô hô ngũ ca hề ca chuyển cấp,",嗚呼五歌兮歌轉急，
Cô nhạn ai minh nhược tương thất.,孤雁哀鳴若相失。
"Tự thán tử sinh sinh biệt ly,",自歎死生生別離，
Vạn lý độc kiến viêm vân phi.,萬里獨見炎雲飛。
"Hồng nhan nhược đệ phụ ly biệt,",紅顏弱弟負離別，
Du hồn yểu yểu tương an chi.,遊魂杳杳將安之。
"Thệ thuỷ đông lưu bất phục phản,",逝水東流不復返，
Thử hận miên miên vô tận kỳ,此恨綿綿無盡期。
"Ô hô lục ca hề ca cảm kích,",嗚呼六歌兮歌感激，
Tích linh trợ ngã thanh tức tức.,鶺鴒助我聲唧唧。
"Khổ chiến thân tử Mã tướng quân,",苦戰身死馬將軍，
Tự vân Phục Ba chi tử tôn.,自雲伏波之子孫。
"Can qua vị định thất tráng sĩ,",干戈未定失壯士，
Sử ngã thán hận thương tinh hồn.,使我歎恨傷精魂。
"Khứ niên giang nam thảo cuồng tặc,",去年江南討狂賊，
Lâm giang bả tý nan tái đắc.,臨江把臂難再得。
"Biệt thì cô vân kim bất phi,",別時孤雲今不飛，
Thì độc khán vân lệ hoành ức.,時獨看雲淚橫臆。
"Nê ô hậu thổ du nguyệt dư,",泥污后土踰月余，
Tứ nguyệt vũ chí ngũ nguyệt sơ.,四月雨至五月初。
"Thất nhật thất dạ phục bất chỉ,",七日七夜复不止，
Tiền vương cựu thành thị vô mễ.,錢王舊城巿無米。
"Thành trung chi dân bất cơ tử,",城中之民不飢死，
Diệc khủng thành ngoại đạo tặc khởi.,亦恐城外盜賊起。
"Đông lân cao lâu xuy ngọc sinh,",東鄰高樓吹玉笙，
Tiền a đại mã phương hoành hành.,前呵大馬方橫行。
"Uỷ hạng tỵ môn tuyệt triêu phạn,",委巷比門絕朝飯，
Tửu lô nhật trưng thất bách vạn.,酒壚日征七百萬。
"Khúc giang tiêu điều thu khí cao,",曲江蕭條秋氣高，
"Lăng hà khô chiết tuỳ phong đào,",菱荷枯折隨風濤，
Du tử không ta thuỳ nhị mao.,遊子空嗟垂二毛。
"Bạch thạch tố sa diệc tương đãng,",白石素沙亦相蕩，
Ai hồng độc khiếu cầu kỳ tào.,哀鴻獨叫求其曹。
"Tức sự phi kim diệc phi cổ,",即事非今亦非古，
"Trường ca kích việt tiêu lâm mãng,",長歌激越梢林莽，
Tỷ ốc hào hoa cố nan số.,比屋豪華固難數。
"Ngô nhân cam tác tâm tự hôi,",吾人甘作心似灰，
Đệ điệt hà thương lệ như vũ.,弟侄何傷淚如雨。
"Tự đoạn thử sinh hưu vấn thiên,",自斷此生休問天，
"Đỗ Khúc hạnh hữu tang ma điền,",杜曲幸有桑麻田，
Cố tương di trú Nam sơn biên.,故將移住南山邊。
"Đoản y thất mã tuỳ Lý Quảng,",短衣匹馬隨李廣，
Khán xạ mãnh hổ chung tàn niên.,看射猛虎終殘年。
"Giang đầu nhật noãn hoa hựu khai,",江頭日暖花又開，
Giang đông hành khách tâm du tai!,江東行客心悠哉。
"Cao Dương tửu đồ bán điêu lạc,",高陽酒徒半凋落，
Chung Nam sơn sắc không thôi ngôi.,終南山色空崔嵬。
"Thánh đại dã tri vô khí vật,",聖代也知無棄物，
Hầu môn vị tất dụng phi tài.,侯門未必用非才。
"Nhất thuyền minh nguyệt nhất can trúc,",一船明月一竿竹，
Gia trú Ngũ Hồ quy khứ lai.,家住五湖歸去來。
"Sở công hoạ ưng ưng đới giác,",楚公畫鷹鷹戴角，
Sát khí sâm sâm đáo U sóc.,殺氣森森到幽朔。
"Quan giả tham sầu xiết tí phi,",觀者貪愁掣臂飛，
Hoạ sư bất thị vô tâm học.,畫師不是無心學。
"Thử ưng tả chân tại Tả Miên,",此鷹寫真在左綿，
Khước ta chân cốt toại hư truyền.,卻嗟真骨遂虛傳。
"Lương gian yến tước hưu kinh phạ,",梁間燕雀休驚怕，
Diệc vị đoàn không thướng cửu thiên.,亦未摶空上九天。
"Thích xúc hà thích xúc,",刺促何刺促，
Đông gia nghênh hôn tây gia khốc.,東家迎婚西家哭。
"Khốc thanh hưu sử đông gia văn,",哭聲休使東家聞，
Đông gia xa mã phương như vân.,東家車馬方如雲。
"Mãn đường tiếu ngữ khan châu thuý,",滿堂笑語看珠翠，
Giáp đạo phong truyền lan xạ huân.,夾道風傳蘭麝薰。
"Phù vân thướng thiên hoa lạc thụ,",浮雲上天花落樹，
Quân tâm nhất thất vô hồi ngộ.,君心一失無回悟。
"Minh tri khiển thiếp hà sở quy,",明知遣妾何所歸，
Ẩm lệ hành tầm xuất môn lộ.,飲淚行尋出門路。
"Thanh đồng kính diện vô quang thái,",青銅鏡面無光彩，
Thiếp tâm thượng tại dung hoa cải.,妾心尚在容華改。
"Đông gia tân phụ khuynh thành tư,",東家新婦傾城姿，
Tự thiếp tòng tiền sơ giá thì.,似妾從前初嫁時。
"Khứ thu Phù giang mộc lạc thì,",去秋涪江木落時，
Tý thương tẩu mã thuỳ gia nhi.,臂槍走馬誰家兒。
"Đáo kim bất tri bạch cốt xứ,",到今不知白骨處，
Bộ khúc hữu khứ giai vô quy.,部曲有去皆無歸。
"Toại Châu thành trung Hán tiết tại,",遂州城中漢節在，
Toại Châu thành ngoại Ba nhân hy.,遂州城外巴人稀。
"Chiến trường oan hồn mỗi dạ khốc,",戰場冤魂每夜哭，
Không linh dã dinh mãnh sĩ bi.,空令野營猛士悲。
"Đô môn tuế thủ trần bách kỹ,",都門歲首陳百技，
Ngư long quái thú hãn bất bị.,魚龍怪獸罕不備。
"Hà vật thị thượng du thủ nhi,",何物市上游手兒，
Dịch sử sơn quân tác nhi hý.,役使山君作兒戲。
"Sơ dư hổ khuyên lai quảng trường,",初舁虎圈來廣場，
Khuynh thành quan giả như đổ tường.,傾城觀者如堵墻。
"Tứ chu lập sách khiên hổ xuất,",四周立柵牽虎出，
Mao quyền nhĩ tập khí bất dương.,毛拳耳戢氣不揚。
"Tiên liệu hổ tu hổ do thiếp,",先撩虎須虎猶帖，
Dĩ bạng trác địa hổ nhân lập.,以棓卓地虎人立。
"Nhân hô hổ hống thanh như lôi,",人呼虎吼聲如雷，
Nha trảo tùng trung phấn thân nhập.,牙爪叢中奮身入。
"Hổ khẩu nha khai đại như đấu,",虎口呀開大如斗，
Nhân chuyển thung dung thám dĩ thủ.,人轉從容探以手。
"Cánh thoát đầu lô để hổ khẩu,",更脫頭顱抵虎口，
Dĩ đầu tự hổ hổ bất thụ.,以頭飼虎虎不受。
"Hổ thiệt thị nhân như thị cốc,",虎舌舐人如舐穀，
Hốt án hổ tích sất sử hành.,忽按虎脊叱使行。
"Hổ tiện thuân tuần nhiễu lan tẩu,",虎便逡巡繞闌走，
Phiên thân cứ địa xúc đống trần.,翻身踞地蹴凍塵。
"Hồn thân đẩu khai hoa cẩm nhân,",渾身抖開花錦茵，
Bàn hồi vũ thế học hồ toàn.,盤回舞勢學胡旋。
"Tự trương hổ uy thực mỵ nhân,",似張虎威實媚人，
Thiểu yên ngưỡng ngoạ nhược dương tử.,少焉仰臥若佯死。
"Đầu chi dĩ nhục hoắc nhiên khởi,",投之以肉霍然起，
Quan giả nhất tiếu tranh cự tiền.,觀者一笑爭醵錢。
"Nhân ký đắc tiền hổ dao vĩ,",人既得錢虎搖尾，
Nhưng khu nhập khuyên phụ dĩ xu.,仍驅入圈負以趨。
"Thử gian lạc diệc vong sơn cư,",此間樂亦忘山居，
Y nhân hổ nhiệm nhân di sử.,依人虎任人頤使。
"Bạn hổ nhân giai hổ thoá dư,",伴虎人皆虎唾餘，
Ngã quan thử trạng ý tiêu tự.,我觀此狀意消沮。
"Ta nhĩ ban nô diệc hà khổ,",嗟爾斑奴亦何苦！
Bất năng quyết phiền nhĩ bất trí.,不能決蹯爾不智。
"Bất năng phá hạm nhĩ bất vũ,",不能破檻爾不武，
Thử tào nhất sinh y thực nhữ.,此曹一生衣食汝。
"Bỉ khởi hữu lực như Trung Hoàng,",彼豈有力如中黄，
Phục tự Lương Ương năng hỷ nộ.,復似梁鴦能喜怒。
Nhữ đắc tàn xan cứu hề bổ?,汝得殘餐究奚補？
Trành quỷ tu nhan diệc cánh sinh.,倀鬼羞顏亦更生。
"Cựu sơn đồng bạn thảng tương phùng,",舊山同伴倘相逢，
Tiếu nhĩ hành tàng bất như thử.,笑爾行藏不如鼠。
"Khuyến quân nhất trản quân mạc từ,",勸君一醆君莫辭，
"Khuyến quân lưỡng trản quân mạc nghi,",勸君兩醆君莫疑，
Khuyến quân tam trản quân thuỷ tri.,勸君三醆君始知。
"Diện thượng kim nhật lão tạc nhật,",面上今日老昨日，
Tâm trung tuý thì thắng tỉnh thì.,心中醉時勝醒時。
"Thiên địa điều dao tự trường cửu,",天地迢遙自長久，
Bạch thố xích ô tương sấn tẩu.,白兔赤烏相趁走。
"Thân hậu đôi kim trụ Bắc Đẩu,",身後堆金拄北斗，
Bất như sinh tiền nhất tôn tửu.,不如生前一樽酒。
Quân bất kiến:,君不見：
"Xuân Minh môn ngoại thiên dục minh,",春明門外天欲明，
Huyên huyên ca khốc bán tử sinh.,喧喧歌哭半死生。
"Du nhân trú mã xuất bất đắc,",遊人駐馬出不得，
Bạch dư tố xa tranh lộ hành.,白轝素車爭路行。
"Quy khứ lai, đầu dĩ bạch,",歸去來，頭已白，
Điển tiền tương dụng mãi tửu khiết.,典錢將用買酒喫。
"Mậu Lăng Lưu lang thu phong khách,",茂陵劉郎秋風客，
Dạ văn mã tê hiểu vô tích.,夜聞馬嘶曉無跡。
"Hoạ lan quế thụ huyền thu hương,",畫欄桂樹懸秋香，
Tam thập lục cung thổ hoa bích.,三十六宮土花碧。
"Nguỵ quan khiên xa chỉ thiên lý,",魏官牽車指千里，
Đông quan toan phong xạ mâu tử.,東關酸風射眸子。
"Không tương Hán nguyệt xuất cung môn,",空將漢月出宮門，
Ức quân thanh lệ như duyên thuỷ.,憶君清淚如鉛水。
"Suy lan tống khách Hàm Dương đạo,",衰蘭送客咸陽道，
Thiên nhược hữu tình thiên diệc lão.,天若有情天亦老。
"Huề bàn độc xuất nguyệt hoang lương,",攜盤獨出月荒涼，
Vị thành dĩ viễn ba thanh tiểu.,渭城已遠波聲小。
"Kim Lăng dạ tịch lương phong phát,",金陵夜寂涼風發，
Độc thướng cao lâu vọng Ngô Việt.,獨上高樓望吳越。
"Bạch vân ánh thuỷ dao không thành,",白雲映水搖空城，
Bạch lộ thuỳ châu trích thu nguyệt.,白露垂珠滴秋月。
"Nguyệt hạ trầm ngâm cửu bất quy,",月下沉吟久不歸，
Cổ lai tương tiếp nhãn trung hy.,古來相接眼中稀。
"Giải đạo ""trừng giang tịnh như luyện"",",解道澄江淨如練，
Linh nhân trường ức Tạ Huyền Huy.,令人長憶謝玄暉。
"Kim Lăng thành đông thuỳ gia tử,",金陵城東誰家子，
Thiết thính cầm thanh bích song lý.,竊聽琴聲碧窗裏。
"Lạc hoa nhất phiến thiên thượng lai,",落花一片天上來，
Tuỳ nhân trực độ Tây giang thuỷ.,隨人直渡西江水。
"Sở ca Ngô ngữ kiều bất thành,",楚歌吳語嬌不成，
Tự năng vị năng tối hữu tình.,似能未能最有情。
"Tạ Công chánh yếu Đông Sơn kỹ,",謝公正要東山妓，
Huề thủ lâm tuyền xứ xứ hành.,攜手林泉處處行。
"Phong xuy liễu hoa mãn điếm hương,",風吹柳花滿店香，
Ngô cơ áp tửu hoán khách thường.,吳姬壓酒喚客嘗。
"Kim Lăng tử đệ lai tương tống,",金陵子弟來相送，
"Dục hành bất hành, các tận trường.",欲行不行各盡觴。
"Thỉnh quân thí vấn đông lưu thuỷ,",請君試問東流水，
Biệt ý dữ chi thuỳ đoản trường?,別意與之誰短長。
"Hoàng kim thác đao bạch ngọc trang,",黃金錯刀白玉裝，
Dạ xuyên song phi xuất quang mang.,夜穿窗扉出光芒。
"Trượng phu ngũ thập công vị lập,",丈夫五十功未立，
Đề đao độc lập cố bát hoang.,提刀獨立顧八荒。
"Kinh hoa kết giao tận kỳ sĩ,",京華結交盡奇士，
Ý khí tương kỳ cộng sinh tử.,意氣相期共生死。
"Thiên niên sử sách sỉ vô danh,",千年史策恥無名，
Nhất phiến đan tâm báo thiên tử.,一片丹心報天子。
"Nhĩ lai tòng quân thiên Hán Tân,",爾來從軍天漢濱，
Nam Sơn hiểu tuyết ngọc lân tuân.,南山曉雪玉嶙峋。
"Ô hô! Sở tuy tam hộ năng vong Tần,",嗚呼！楚雖三戶能亡秦，
Khởi hữu đường đường Trung Quốc không vô nhân!,豈有堂堂中國空無人！
"Kim tịch hà tịch tuế vân tồ,",今夕何夕歲云徂，
Canh trường chúc minh bất khả cô.,更長燭明不可孤。
"Hàm Dương khách xá nhất sự vô,",咸陽客舍一事無，
Tương dữ bác tái vi hoan ngu.,相與博塞為歡娛。
"Phùng lăng đại khiếu hô ngũ bạch,",馮陵大叫呼五白，
Đản tiển bất khẳng thành kiêu lô.,袒跣不肯成梟盧。
"Anh hùng hữu thì diệc như thử,",英雄有時亦如此，
Giải cấu khởi tức phi lương đồ.,邂逅豈即非良圖。
"Quân mạc tiếu, Lưu Nghị tòng lai bố y nguyện,",君莫笑，劉毅從來布衣願，
Gia vô đảm thạch thâu bách vạn.,家無儋石輸百萬。
"Đông hoàng phóng tình diệc bất ác,",東皇放晴亦不惡，
Hà sự phi anh xảo xuyên tạc.,何事飛雵巧穿鑿？
"Nhập thị bất thận vạn tỉnh cơ,",入市不慎萬井飢，
Tích hiệp duy trợ giang thần ngược.,積峽惟助江神虐。
"Sơ bàn nhật nhật tước băng ty,",蔬盤日日嚼冰絲，
Khởi hữu dương chi sung canh hoắc.,豈有羊脂充羹臛。
"Phác song đả mạn thập nhật lạc,",朴窗打幔十日落，
Thiên môn vô lộ thải kim thác.,千門無路貸金錯。
"Trù đoạn yên tiêu nha xỉ các,",廚斷煙銷牙齒擱，
Hạ phương tự khổ thiên tự lạc.,下方自苦天自樂。
"Ngọc Nương tà toạ bão song cước,",玉娘斜坐抱雙腳，
Tiên quan vân lại cung trào hước.,仙官雲吏供嘲謔。
"Đông hải thịnh tử Hoàng Cô chước,",東海盛醑黃姑酌，
Thiên ly dạ thiết cửu quan thược.,天貍夜竊九關鑰。
"Đảo kỵ ninh long chuý kim lạc,",倒騎獰龍捶金絡，
Hy Hoà thướng thư phiên kiến phược.,羲和上書翻見縛。
"Đinh Lệnh vô quan hoá phi hạc,",丁令無官化飛鶴，
Hu ta thiên công đãi dân hà kỳ bạc!,吁嗟天公待民何其薄！
Dã nhân phù bạch mịch câu hác.,野人扶白覓溝壑。
"Tường đông hoang hề bão thôn tà,",墻東荒蹊抱村斜，
Kinh cức lang tạ bàn căn nha.,荊棘狼籍盤根芽。
"Hà niên đan hạnh thử lưu chủng,",何年丹杏此留种，
Tiểu hồng trấp trấp tranh xuân hoa.,小紅濈濈爭春華。
"Dã nhân quán kiến mạn bất tỉnh,",野人慣見謾不省，
Độc hữu thi khách lai tư ta.,獨有詩客來咨嗟。
"Thiên chân bất đáo duyên phấn bút,",天真不到鉛粉筆，
Phú diễm tự thị cung vi hoa.,富艷自是宮闈花。
"Khúc trì phương kinh phi túc tích,",曲池芳經非宿昔，
Thương đài trọc tửu đồng thiên nha.,蒼苔濁酒同天涯。
"Kinh sư tích hoa như tích ngọc,",京師惜花如惜玉，
Hiểu thiềm mại triệt đông tây gia.,曉檐賣徹東西家。
"Hạnh hoa khan hồng bất khan bạch,",杏花看紅不看白，
Thập nhật mang sát du xuân xa.,十日忙殺遊春車。
"Thuỳ gia viên lý hữu thử thụ,",誰家園里有此樹，
Trịnh trọng dĩ trước trùng vi già.,鄭重已著重幃遮。
"A Kiều tân sủng trữ kim ốc,",阿嬌新寵貯金屋，
Minh phi viễn giá sầu thanh già.,明妃遠嫁愁清笳。
"Lạc hoa oanh liêm phất sàng tịch,",落花縈帘拂床席，
Diệc hữu phiêu bạc triêm nễ sa.,亦有飄泊沾泥沙。
"Thiên công vô tâm vật tự vật,",天公無心物自物，
Đắc ý vị dụng tương lăng khoa.,得意未用相凌夸。
"Hoàng hôn nhân quy hoa bất ngữ,",黃昏人歸花不語，
Duy hữu lạc nguyệt đề thê nha.,惟有落月啼棲鴉。
"Bạch hồng quán nhật thiên man man,",白虹貫日天漫漫，
Phong tiêu tiêu hề Dịch Thuỷ hàn.,風蕭蕭兮易水寒。
"Ca thanh khảng khái kim thanh liệt,",歌聲慷慨金聲烈，
Kinh Kha tòng thử nhập Tần quan.,荊軻從此入秦關。
"Nhập Tần quan hề trì chuỷ thủ,",入秦關兮持匕首，
Lục quốc thâm cừu nhất dẫn thủ.,六國深仇一引手。
"Điện thượng thốt nhiên nhất chấn kinh,",殿上卒然一震驚，
Tả hữu thủ bác vương hoàn trụ.,左右手搏王環柱。
"Giai hạ Vũ Dương như tử nhân,",階下舞陽如死人，
Thần dũng nghị nhiên duy độc quân.,神勇毅然惟獨君。
"Túng nhiên bất sát Tần hoàng đế,",縱然不殺秦皇帝，
Dã toán cổ kim vô bỉ luân.,也算古今無比倫。
"Quái để hành tung nguyên thị ẩn,",怪底行蹤原市隱，
Tằng dữ Yên Đan vô túc phận.,曾與燕丹無夙分。
"Sát thân chỉ vi thụ nhân tri,",殺身只為受人知，
Đồ đắc Điền Quang khinh nhất vẫn.,徒得田光輕一刎。
"Khả liên vô cô Phàn Ô Kỳ,",可憐無辜樊於期，
Dĩ đầu tá nhân vô hoàn thì.,以頭借人無還時。
"Nhất triêu uổng sát tam liệt sĩ,",一朝枉殺三烈士，
Hàm Dương thiên tử chung nguy nguy.,咸陽天子終巍巍。
"Yến giao nhất vọng giai trần thổ,",燕郊一望皆塵土，
Thu nhật thu phong mãn quan lộ.,秋日秋風滿官路。
"Thị thượng ca thanh bất phục văn,",市上歌聲不復聞，
Dịch Thuỷ ba lưu tự kim cổ.,易水波流自今古。
"Cố lí chỉ cức tung phục hoành,",故里枳棘縱復橫，
Chỉ hữu tàn bi do vị khuynh.,只有殘碑猶未傾。
"Mạc đạo chuỷ thủ canh vô tế,",莫道匕首更無濟，
Kiệt can trảm mộc vi tiên thanh.,楬竿斬木為先聲。
"Thái thường lâu thuyền thanh ngao tào,",太常樓船聲嗷嘈，
Vấn binh quát khấu xu Hạ Lao.,問兵刮寇趨下牢。
"Mục xuất lệnh bôn phi bách tao,",牧出令奔飛百艘，
Mãnh giao đột thú phân đằng đào.,猛蛟突獸紛騰逃。
"Bạch Đế hàn thành trú cẩm bào,",白帝寒城駐錦袍，
Huyền đông thị ngã hồ quốc đao.,玄冬示我胡國刀。
"Tráng sĩ đoản y đầu hổ mao,",壯士短衣頭虎毛，
Bằng hiên bạt sao thiên vi cao.,憑軒拔鞘天為高。
"Phiên phong chuyển nhật mộc nộ hào,",翻風轉日木怒號，
Băng dực tuyết đạm thương ai nhu.,冰翼雪澹傷哀猱。
"Tuyên thác bích anh tịch đề cao,",鐫錯碧罌鷿鵜膏，
"Mang ngạc dĩ oánh hư thu đào,",鋩鍔已瑩虛秋濤，
Quỷ vật phiết liệt từ khanh hào.,鬼物撇捩辭坑壕。
"Thương Thuỷ sứ giả môn xích thao,",蒼水使者捫赤絛，
Long Bá quốc nhân bãi điếu ngao.,龍伯國人罷釣鼇。
"Nhuế Công hồi thủ nhan sắc lao,",芮公回首顏色勞，
Phân khổn cứu thế dụng hiền hào.,分閫救世用賢豪。
"Triệu công ngọc lập cao ca khởi,",趙公玉立高歌起，
"Lãm hoàn kết bội tương chung thuỷ,",攬環結佩相終始，
Vạn tuế trì chi hộ thiên tử.,萬歲持之護天子。
"Đắc quân loạn ty dữ quân lý,",得君亂絲與君理，
Thục giang như tuyến như châm thuỷ.,蜀江如線如針水。
"Kinh sầm đàn hoàn tâm vị dĩ,",荊岑彈丸心未已，
Tặc thần ác tử hưu cán kỷ.,賊臣惡子休幹紀。
"Ly mị võng lượng đồ vi nhĩ,",魑魅魍魎徒為耳，
Yêu yêu loạn lĩnh cảm hân hỉ.,妖腰亂領敢欣喜。
"Dụng chi bất cao diệc bất bí,",用之不高亦不庳，
Bất tự trường kiếm tu thiên ỷ.,不似長劍須天倚。
"Dụ ta quang lộc anh hùng nhị,",籲嗟光祿英雄弭，
Đại Thực bảo đao liêu khả tỷ.,大食寶刀聊可比。
"Đan thanh uyển chuyển Kỳ Lân lý,",丹青宛轉麒麟裏，
Quang mang lục hợp vô nê chỉ.,光芒六合無泥滓。
"Kinh trung hữu nhân tòng bắc lai,",京中有人從北來，
Truyền thuyết dân gian thuỷ giáng tai.,傳說民間水降灾。
"Nhị thập dư huyện vọng như hải,",二十餘縣望如海，
Thao thao bạch lãng vô tân nhai.,滔滔白浪無津涯。
"Sơ văn kỳ ngữ bán nghi tín,",初聞其語半疑信，
Nghiêu thế hoài tương như thị tai.,堯世懷襄如是哉。
"Quy bí nhất kinh Thanh Quyết độ,",歸轡一經青厥渡，
Ứ thuỷ xuyên đê do tại đổ.,淤水穿堤猶在睹。
"Liêm ốc y y đái thuỷ ngân,",簾屋依依帶水痕，
Thụ chi lịch lịch nhiễm sa thổ.,樹枝歷歷染沙土。
"Điền nguyên nê nính vô thu hoà,",田原泥濘無秋禾，
"Dân khí cử sừ, thượng võng cổ.",民棄耜鋤尚網罟。
"Ấp tẩu đề hô thuỷ hoạn kỳ,",邑叟啼呼水患奇，
"Hội, dật, phiêu, trầm đa khiết khổ.",潰溢漂沉多喫苦。
"Giang hà thu lạo tự niên niên,",江河秋潦自年年，
Lưu sử bôn thoan quy hải nhiên.,流駛奔湍歸海陾。
"Vị văn tích trướng ngũ thập nhật,",未聞積漲五十日，
Tận tương hồng trạch uỷ ngư uyên.,盡將鴻宅委魚淵。
"Âm lệ phi thường kham truật dịch,",陰沴非常堪怵惕，
Ta ta dân mệnh chế hồ thiên.,嗟嗟民命制乎天。
"Hoành lưu bất đặc thượng nguyên thuỷ,",橫流不特上源水，
Hải tế tấn hàm vưu nhạ dị.,海際汛鹹尤訝異。
Quân bất kiến:,君不見:
"Hoan Thuận đông phong dẫn bạo trào lai,",驩順東風引暴潮來，
Vĩ Lư cổn lai yểm điền lý.,尾閭滾來渰田里。
"Kỳ Hoa thiên gia trục ba gian,",奇華千家逐波間，
Nhật Lệ bách sưu điền lãng lý.,日麗百艘填浪裏。
"Thiên tai lưu hành ức hoặc nhiên,",天哉流行抑或然，
Tây nam sổ lộ hưu oán phỉ.,西南數路休怨誹。
"Tự Hồ chi phản trì can qua,",自胡之反持干戈，
Thiên hạ học sĩ diệc bôn ba.,天下學士亦奔波。
"Thán bỉ u thê tái điển tịch,",歎彼幽棲載典籍，
Tiêu nhiên bộc lộ y sơn a.,蕭然暴露依山阿。
"Thanh sơn vạn lý tĩnh tán địa,",青山萬里靜散地，
Bạch vũ nhất tẩy không thuỳ la.,白雨一洗空垂蘿。
"Loạn đại phiêu linh dư đáo thử,",亂代飄零餘到此，
Cổ nhân thành bại tử như hà.,古人成敗子如何。
"Kinh Dương xuân đông dị phong thổ,",荊揚春冬異風土，
Vu Giáp nhật dạ đa vân vũ.,巫峽日夜多雲雨。
"Xích diệp phong lâm bách thiệt minh,",赤葉楓林百舌鳴，
Hoàng nê dã ngạn thiên kê vũ.,黃泥野岸天雞舞。
"Đạo tặc tung hoành thậm mật nhĩ,",盜賊縱橫甚密邇，
Hình thần tịch mịch cam tân khổ.,形神寂寞甘辛苦。
"Kỷ thì cao nghị bài kim môn,",幾時高議排金門，
Các sử thương sinh hữu hoàn đổ.,各使蒼生有環堵。
"Lang miếu chi cụ Bùi Thi Châu,",廊廟之具裴施州，
Túc tích nhất phùng vô thử lưu.,宿昔一逢無此流。
"Kim chung đại dong tại đông tự,",金鐘大鏞在東序，
Băng hồ ngọc hành huyền thanh thu.,冰壺玉衡懸清秋。
"Tự tòng tương ngộ cảm đa bệnh,",自從相遇感多病，
Tam tuế vi khách khoan biên sầu.,三歲為客寬邊愁。
"Nghiêu hữu tứ nhạc minh chí lý,",堯有四嶽明至理，
Hán nhị thiên thạch chân phân ưu.,漢二千石真分憂。
"Kỷ độ ký thư Bạch Diêm bắc,",幾度寄書白鹽北，
Khổ hàn tặng ngã thanh cao cừu.,苦寒贈我青羔裘。
"Sương tuyết hồi quang tị cẩm tụ,",霜雪回光避錦袖，
Long xà động khiếp bàn ngân câu.,龍蛇動篋蟠銀鉤。
"Tử y sứ giả từ phục mệnh,",紫衣使者辭復命，
Tái bái cố nhân tạ giai chính.,再拜故人謝佳政。
"Tương lão dĩ thất tử tôn ưu,",將老已失子孫憂，
Hậu lai huống tiếp tài hoa thịnh.,後來況接才華盛。
"Lương công tằng tôn, ngã di đệ,",梁公曾孫我姨弟，
Bất kiến thập niên quan tế tế.,不見十年官濟濟。
"Đại hiền chi hậu cánh lăng trì,",大賢之後竟陵遲，
Hạo đãng cổ kim đồng nhất thể.,浩蕩古今同一體。
"Tỉ khan thúc bá tứ thập nhân,",比看叔伯四十人，
Hữu tài vô mệnh bách liêu để.,有才無命百寮底。
"Kim giả huynh đệ nhất bách nhân,",今者兄弟一百人，
Kỉ nhân trác tuyệt bỉnh Chu lễ.,幾人卓絕秉周禮。
"Tại nhữ cánh dụng văn chương vi,",在汝更用文章為，
Trưởng huynh bạch mi phục thiên khải.,長兄白眉復天啟。
"Nhữ môn thỉnh tùng tằng ông thuyết,",汝門請從曾翁說，
Thái hậu đương triều đa xảo để.,太后當朝多巧詆。
"Địch công chấp chính tại mạt niên,",狄公執政在末年，
Trọc hà chung bất ô thanh tế.,濁河終不汙清濟。
"Quốc tự sơ tương phó chư Vũ,",國嗣初將付諸武，
Công độc đình tránh thủ đan bệ.,公獨廷諍守丹陛。
"Cấm trung quyết sách thỉnh Phòng Lăng,",禁中決冊請房陵，
Tiền triều trường lão giai lưu thế.,前朝長老皆流涕。
"Thái Tông xã tắc nhất triều chính,",太宗社稷一朝正，
Hán quan uy nghi trọng chiêu tẩy.,漢官威儀重昭洗。
"Thì nguy thuỷ thức bất thế tài,",時危始識不世才，
Thuỳ vị trà khổ cam như tề.,誰謂茶苦甘如薺。
"Nhữ tào hựu nghi liệt thổ thực,",汝曹又宜列土食，
Thân sử môn hộ đa tinh khể.,身使門戶多旌棨。
"Hồ vi phiêu bạc Mân, Hán gian,",胡為漂泊岷漢間，
Can yết vương hầu phả lịch để.,幹謁王侯頗曆抵。
"Huống nãi sơn cao thuỷ hữu ba,",況乃山高水有波，
Thu phong tiêu tiêu lộ nễ nễ.,秋風蕭蕭露泥泥。
"Hổ chi cơ, há sàm nham,",虎之饑，下巉岩，
"Giao chi hoành, xuất thanh thử.",蛟之橫，出清泚。
"Tảo quy lai,",早歸來，
Hoàng thổ nê y nhãn dị mị.,黃土泥衣眼易瞇。
"Hữu thử thân lai bách trách huyền,",有此身來百責懸，
Hành vi bản lĩnh nghiệp vi tiên.,行為本領業為先。
"Hạnh tu vô quý đức phương đạt,",行須無愧德方達，
Nghiệp tất hữu thành công nãi toàn.,業必有成攻乃全。
"Vô quý mạc như tuần lễ độ,",無愧莫如循禮度，
Hữu thành chỉ tại hảo tinh chuyên.,有成只在好精專。
"Đoạ lai vật vị do đa nhật,",惰來勿謂猶多日，
Khiểm xứ hưu ngôn thượng thiếu niên.,歉處休言尚少年。
"Chất phán cao đê ưng hữu mệnh,",質判高低應有命，
Học quan cần đãi khởi do thiên.,學關勤怠豈由天。
"Chỉ văn tiểu tuệ vô túc thị,",衹聞小慧無足恃，
Vị kiến trung thôn bất khả thiên.,未見中村不可遷。
"Khắc niệm nhược năng cuồng tác thánh,",克念若能狂作聖，
Khốn tri tu tín sĩ hy hiền.,困知須信士希賢。
"Du du thiên lý vô tha thoại,",悠悠千里無他話，
Tự ái quan tình yếu miễn chiên.,自愛關情要勉旃。
"Kim ngã bất lạc tư Nhạc Dương,",今我不樂思岳陽，
Thân dục phấn phi bệnh tại sàng.,身欲奮飛病在床。
"Mỹ nhân quyên quyên cách thu thuỷ,",美人娟娟隔秋水，
Trạc túc Động Đình vọng bát hoang.,濯足洞庭望八荒。
"Hồng phi minh minh nhật nguyệt bạch,",鴻飛冥冥日月白，
"Thanh phong diệp xích, thiên vũ sương.",青楓葉赤天雨霜。
"Ngọc Kinh quần đế tập Bắc Đẩu,",玉京群帝集北斗，
"Hoặc kỵ kỳ lân, ế phụng hoàng.",或騎麒麟翳鳳凰。
"Phù dung tinh kỳ yên vụ lạc,",芙蓉旌旗煙霧落，
Ảnh động đáo cảnh dao Tiêu Tương.,影動倒景搖瀟湘。
"Tinh cung chi quân tuý quỳnh tương,",星宮之君醉瓊漿，
Vũ nhân hy thiểu bất tại bàng,羽人稀少不在旁。
Tự văn tạc giả Xích Tùng Tử.,似聞昨者赤松子，
"Khủng thị Hán đại Hàn Trương Lương,",恐是漢代韓張良。
"Tích tuỳ Lưu thị định Trường An,",昔隨劉氏定長安，
Duy ác vị cải thần thảm thương.,帷幄未改神慘傷。
Quốc gia thành bại ngô khởi cảm?,國家成敗吾豈敢，
Sắc nan tinh hủ xan phong hương.,色難腥腐餐楓香。
Chu Nam lưu trệ cổ sở tích.,周南留滯古所惜，
Nam Cực lão nhân ưng thọ xương.,南極老人應壽昌。
Mỹ nhân hồ vi cách thu thuỷ.,美人胡為隔秋水，
Yên đắc trí chi cống Ngọc Đường?,焉得置之貢玉堂？
"Đăng khoa chi hậu thuỷ tương thức,",登科之後始相識，
Thần tịch dữ quân nhã tương đắc.,晨夕與君雅相得。
"Hồi thủ phong trần tam thập niên,",回首風塵三十年，
Hải nguyệt sơn vân đồng tẩm thực.,海月山雲同寑食。
"Thất bạch ngã tri quân vi thân,",匹帛我知君為親，
Đẩu mễ quân tri ngã chi bần.,斗米君知我之貧。
"Tầm thường sở chí tại ôn bão,",尋常所志在溫飽，
Hà cảm liêu liêu đàm cổ nhân.,何敢寥廖談古人。
"Tạc dạ phỏng quân chi bị hĩ,",昨夜訪君之憊矣，
Bệnh trung nhất kiến dược nhiên khởi.,病中一見躍然起。
"Thương tai! Quân bệnh ngã diệc suy,",傷哉！君病我亦衰，
Thử hậu giao du cánh hà tự.,此後交遊更何似。
"Bất kiến cố nhân thập niên dư,",不見故人十年餘，
Bất đạo cố nhân vô tố thư.,不道故人無素書。
"Nguyện phùng nhan sắc quan tái viễn,",願逢顏色關塞遠，
Khởi ý xuất thủ giang thành cư.,豈意出守江城居。
"Ngoại giang Tam Giáp thả tương tiếp,",外江三峽且相接，
Đấu tửu tân thi chung nhật sơ.,鬥酒新詩終日疏。
"Tạ Diễu mỗi thiên kham phúng tụng,",謝脁每篇堪諷誦，
Phùng Đường dĩ lão thính xuy hư.,馮唐已老聽吹噓。
"Bạc thuyền thu dạ kinh xuân thảo,",泊船秋夜經春草，
Phục chẩm thanh phong hạn ngọc trừ.,伏枕青楓限玉除。
"Nhãn tiền sở ký tuyển hà vật,",眼前所寄選何物，
Tặng tử Vân An song lý ngư.,贈子雲安雙鯉魚。
"Tha nga Bạch Đế thành đông tê,",嵯峨白帝城東西，
"Nam hữu Long tưu, bắc Hổ khê.",南有龍湫北虎溪。
"Ngô tôn kỵ tào bất kỵ mã,",吾孫騎曹不騎馬，
Nghiệp học Thi Hương đa dưỡng kê.,業學屍鄉多養雞。
"Bàng công ẩn thì tận thất khứ,",龐公隱時盡室去，
Vũ Lăng xuân thụ tha nhân mê.,武陵春樹他人迷。
"Dữ nhữ lâm cư vị tương thất,",與汝林居未相失，
Cận thân dược khoả tửu trường huề.,近身藥裹酒長攜。
"Mục thụ tiều đồng diệc vô lại,",牧豎樵童亦無賴，
Mạc linh trảm đoạn thanh vân thê.,莫令斬斷青雲梯。
"Lưu hoàng cơ thượng uyên ương cẩm,",流黃機上鴛鴦錦，
Minh diệt sơ đăng chiếu cô chẩm.,明滅疎燈照孤枕。
"Không khuê lãnh nguyệt tự quyên quyên,",空閨冷月自娟娟，
Tuyệt tắc kim phong hà lẫm lẫm.,絶塞金風何凜凜。
"Khởi thị minh hà lậu dĩ tàn,",起視明河漏已殘，
Sa trường dao vọng lộ man man.,沙塲遥望路漫漫。
La vi cẩm trướng nhân hà tại?,羅幃錦帳人何在，
Thuý mạc chiên cừu địa cánh hàn.,毳幙氊裘地更寒。
"Thủ dịch tàn đăng thủ đao xích,",手剔殘燈取刀尺，
Chế đắc chinh y ký chinh khách.,製得征衣寄征客。
"Khứ niên ký khứ vô hồi âm,",去年寄去無回音，
Thử nhật vô do thức khoan trách.,此日無由識寛窄。
"Khoan trách như kim vị khả tri,",寛窄如今未可知，
Kỷ hồi dục tiễn hựu trì nghi.,幾回欲剪又遲疑。
"Kim đao vị hạ tràng tiên đoạn,",金刀未下腸先斷，
Nhược tuyến sơ phùng lệ tự thuỳ.,弱線初縫淚自垂。
"Lệ thuỳ điểm điểm câu thành huyết,",淚垂㸃㸃俱成血，
Ô tại chinh y bất năng diệt.,汚在征衣不能滅。
"Ân cần vi thức y thượng ngân,",殷勤為拭衣上痕，
Khủng lệnh cô khách thiêm sầu tuyệt.,恐令孤客添愁絶。
"Yểm lệ tài y viễn ký tương,",掩淚裁衣逺寄将，
Thiếp thân bất cập thử y thường.,妾身不及此衣裳。
"Y thường do đắc thân quân thể,",衣裳猶得親君體，
Tiện thiếp không cư thiên nhất phương.,賤妾空居天一方。
"Lạc Dương nữ nhi đối môn cư,",洛陽女兒對門居，
Tài khả dung nhan thập ngũ dư.,纔可容顏十五餘。
"Lương nhân ngọc lặc thừa thông mã,",良人玉勒乘驄馬，
Thị nữ kim bàn khoái lý ngư.,侍女金盤膾鯉魚。
"Hoạ các chu lâu tận tương vọng,",畫閣朱樓盡相望，
Hồng đào lục liễu thuỳ thiềm hướng.,紅桃綠柳垂簷向。
"La vi tống thượng thất hương xa,",羅幃送上七香車，
Bảo phiến nghinh quy cửu hoa trướng.,寶扇迎歸九華帳。
"Cuồng phu phú quý tại thanh xuân,",狂夫富貴在青春，
Ý khí kiêu xa kịch Quý Luân.,意氣驕奢劇季倫。
"Tự liên Bích Ngọc thân giao vũ,",自憐碧玉親教舞，
Bất tích san hô trì dữ nhân.,不惜珊瑚持與人。
"Xuân song thự diệt cửu vi hoả,",春窗曙滅九微火，
Cửu vi phiến phiến phi hoa toả.,九微片片飛花璅。
"Hí bãi tằng vô lý khúc thì,",戲罷曾無理曲時，
Trang thành kỳ thị huân hương toạ.,妝成祇是薰香坐。
"Thành trung tương thức tận phồn hoa,",城中相識盡繁華，
"Nhật dạ kinh quá Triệu, Lý gia.",日夜經過趙李家。
"Thuỳ liên Việt nữ nhan như ngọc,",誰憐越女顏如玉，
Bần tiện giang đầu tự hoán sa.,貧賤江頭自浣紗。
"Lạc Du cổ viên tốt sâm sảng,",樂游古園崒森爽，
Yên miên bích thảo thê thê trưởng.,煙綿碧草萋萋長。
"Công tử hoa diên thế tối cao,",公子華筵勢最高，
Tần Xuyên đối tửu bình như chưởng.,秦川對酒平如掌。
"Trường sinh mộc biều thị chân suất,",長生木瓢示真率，
Cánh điều yên mã cuồng hoan thưởng.,更調鞍馬狂歡賞。
"Thanh xuân ba lãng Phù Dung viên,",青春波浪芙蓉園，
Bạch nhật lôi đình Giáp Thành trượng.,白日雷霆夾城仗。
"Xương hạp tình khai dật đãng đãng,",閶闔晴開昳蕩蕩，
Khúc Giang thuý mạc bài ngân bảng.,曲江翠幕排銀榜。
"Phất thuỷ đê hồi vũ tụ phiên,",拂水低徊舞袖翻，
Duyên vân thanh thiết ca thanh thượng.,緣雲清切歌聲上。
"Khước ức niên niên nhân tuý thì,",卻憶年年人醉時，
Chỉ kim vị tuý dĩ tiên bi.,只今未醉已先悲。
"Số hành bạch phát nả phao đắc,",數莖白髮那拋得，
Bách phạt thâm bôi diệc bất từ.,百罰深杯亦不辭。
"Thánh triều diệc tri tiện sĩ xú,",聖朝亦知賤士醜，
Nhất vật tự hà hoàng thiên tư.,一物自荷皇天慈。
"Thử thân ẩm bãi vô quy xứ,",此身飲罷無歸處，
Độc lập thương mang tự vịnh thi.,獨立蒼茫自詠詩。
"Giáp ngạn nhân yên tống khách chu,",夾岸人烟送客舟，
Nhĩ hà nhất trạo nhất hồi đầu.,珥河一棹一囬頭。
"Ba đào tẫn trục đông lưu túc,",波濤儘逐東流宿，
Tiêu cán do huyền bắc cố ưu.,宵旰猶懸北顧憂。
"Đồ hữu bi minh nhưng bệnh ký,",徒有悲鳴仍病驥，
Bất tương phụ tiến vị bì ngưu.,不將負荐爲疲牛。
"Tự lân hứa quốc tam triều lão,",自憐許國三朝老，
Vị giải hoà nhung ngũ lợi mưu.,未解和戎五利謀。
"Thiên lự ngu trung cầu nhất đắc,",千慮愚衷求一得，
Bách linh nhân sự đáng tam hưu.,百齡人事當三休。
"Đàn luân tuỳ hoá hà lao kế,",彈輪随化何劳計，
Túc mục câu suy khẳng trệ lưu.,足目俱衰肯滞留。
"Hàn tuế ca ly nhân các biệt,",寒歲歌離人各別，
Luân giao ẩm tiễn lệ song lưu.,輪交飲餞淚双流。
"Loan loan khúc khúc tuỳ giang khứ,",湾湾曲曲随江去，
Vãng vãng lai lai khởi khách sầu.,往往來來起客愁。
"Vãn hỷ cúc tùng tuần cựu kính,",晚矣菊松循舊徑，
Du tai phong vật ký danh ưu.,悠哉風物記名優。
"Tương tư tương chiếu duy luân nguyệt,",相思相炤惟輪月，
Tam ngũ viên quang diệc nhất chu.,三五圓光亦一週。
"Tích văn Nguyên Cửu vịnh quân thi,",昔聞元九詠君詩，
Trướng dữ Lư quân tương thức trì.,悵與盧君相識遲。
"Kim nhật phùng quân khai cựu quyển,",今日逢君開舊卷，
Quyển trung đa đạo tặng Vi Chi.,卷中多道贈微之。
"Tương khan lệ nhãn tình nan thuyết,",相看淚眼情難說，
Biệt hữu thương tâm sự khởi tri.,別有傷心事豈知。
"Văn đạo Hàm Dương phần thượng thụ,",聞道咸陽墳上樹，
Dĩ trừu tam trượng bạch dương chi.,已抽三丈白楊枝。
"Tĩnh toả thâm cung thập thất niên,",靜鎖深宮十七年，
Thuỳ tương cố quốc vấn thanh thiên.,誰將故國問青天？
"Nhàn khan điện tự phong kiều mộc,",閒看殿字封喬木，
Khấp vọng quân vương hoá đỗ quyên.,泣望君王化杜鵑。
"Hải quốc ba đào tà tịch chiếu,",海國波濤斜夕照，
Hán gia tiêu cổ tĩnh phong yên.,漢家簫鼓靜烽煙。
"Hồng nhan lực nhược nan vi lệ,",紅顏力弱難為厲，
Huệ chất tâm bi chỉ vấn thiền.,惠質心悲只問禪。
"Nhật tụng “Bồ đề” thiên bách cú,",日誦菩提千百句，
Nhàn khan “Bối diệp” lưỡng tam thiên.,閒看貝葉兩三篇。
"Cao xướng lê viên ca đại khốc,",高唱梨園歌代哭，
"Thỉnh quân độc thính, diệc san nhiên.",請君獨聽亦潸然。
"Khê thuỷ trường hàm u thảo phương,",溪水長涵幽草芳，
Xuân khê lộ tích lan diệp quang.,春溪露滴蘭葉光。
"Mỹ nhân nhật mộ thái lan khứ,",美人日暮采蘭去，
Phong xuy lộ thấp phù dung thường.,風吹露溼芙蓉裳。
"Phù dung vi thường lan kết bội,",芙蓉為裳蘭結珮，
Ngọc lập đình đình lâm thuỷ tế.,玉立亭亭臨水際。
"Thiên hàn tụ bạc nhân bất tri,",天寒袖薄人不知，
Sơ vũ lan điều minh phỉ thuý.,疏雨蘭苕鳴翡翠。
"U lan nhật nhật xuy cổ hương,",幽蘭日日吹古香，
Mỹ nhân bất lai khê thuỷ trường.,美人不來溪水長。
"Lãng Châu thành đông Linh sơn bạch,",閬州城東靈山白，
Lãng Châu thành bắc Ngọc Đài bích.,閬州城北玉臺碧。
"Tùng phù dục tận bất tận vân,",松浮欲盡不盡雲，
Giang động tương băng vị băng thạch.,江動將崩未崩石。
Na tri căn vô quỷ thần hội.,那知根無鬼神會，
Dĩ giác khí dữ Tung Hoa địch.,已覺氣與嵩華敵。
"Trung nguyên cách đấu thả vị quy,",中原格鬥且未歸，
Ưng kết mao trai khán thanh bích.,應結茅齋看青壁。
"Lân phụ khốc, khốc thanh khổ,",鄰婦哭，哭聲苦！
Nhất gia thập khẩu kim tồn ngũ.,一家十口今存五！
Ngã thân vấn chi vong giả thuỳ?,我親問之忘者誰？
Nhi lang bị sát phu tao lỗ.,儿郎被殺夫遭虜。
"Lân phụ khốc, khốc thanh ai,",鄰婦哭，哭聲哀！
Nhi lang vị mai phu vị hồi.,儿郎未埋夫未回。
"Thiêu tàn phá ốc bất hạ tập,",燒殘破屋不暇葺，
Điền trù thất sừ đa thảo lai.,田疇失耡多草萊。
"Lân phụ khốc, khốc bất đình,",鄰婦哭，哭不停，
Ứng đương môn hộ vô dư đinh.,應當門戶無余丁。
"Truy tư dạ chí tinh hoả cấp,",追胥夜至星火急，
Tính Châu vận mễ vân trung hành.,并州運米雲中行。
"Kim Lăng lao lao tống khách đường,",金陵勞勞送客堂。
Man thảo ly ly sinh đạo bàng.,蔓草離離生道旁。
"Cổ tình bất tận đông lưu thuỷ,",古情不盡東流水。
Thử địa bi phong sầu bạch dương.,此地悲風愁白楊。
"Ngã thừa tố khả đồng khang lạc,",我乘素舸同康樂。
Lãng vịnh Thanh Xuyên phi dạ sương.,朗詠清川飛夜霜。
"Tích văn Ngưu Chử ngâm ngũ chương,",昔聞牛渚吟五章。
Kim lai hà Tạ Viên gia lang.,今來何謝袁家郎。
"Khổ trúc hàn thanh động thu nguyệt,",苦竹寒聲動秋月。
Độc túc không liêm quy mộng trường.,獨宿空帘歸夢長。
"Thái ngọc thái ngọc tu thuỷ bích,",採玉採玉須水碧，
Trác tác bộ dao đồ hảo sắc.,琢作步搖徒好色。
"Lão phu cơ hàn long vi sầu,",老夫飢寒龍為愁，
Lam khê thuỷ khí vô thanh bạch.,藍溪水氣無清白。
"Dạ vũ cương đầu thực trăn tử,",夜雨岡頭食榛子，
Đỗ quyên khẩu huyết lão phu lệ.,杜鵑口血老夫淚。
"Lam khê chi thuỷ yếm sinh nhân,",藍溪之水厭生人，
Thân tử thiên niên hận khê thuỷ.,身死千年恨溪水。
"Tà sơn bách phong vũ như khiếu,",斜山柏風雨如嘯，
Tuyền cước quải thằng thanh diểu diểu.,泉腳掛繩青裊裊。
"Thôn hàn bạch ốc niệm kiều anh,",村寒白屋念嬌嬰，
Cổ đài thạch đặng huyền trường thảo.,古臺石磴懸腸草。
"Ngô châu nhất sơn thị An Lão,",吾州一山是安老，
Thông thông uất uất hà tiên hảo.,蔥蔥鬱鬱何鮮好。
"Ngã tằng lịch quá vạn trùng sơn,",我曾歷過萬重山，
Khước quái bất qua thử sơn đạo.,卻怪不過此山道。
"Thử sơn dữ ngã tối tương lân,",此山與我最相鄰，
Hiểu thuý hôn âm nhập hộ tần.,曉翠昏陰入戶頻。
"Bình nguyên tuyệt nghiễn bán không biểu,",平原絕巘半空表，
Viễn vọng nghi thị độc lập nhân.,遠望疑是獨立人。
"Sơn cận ngã vô khoảnh khắc bộ,",山近我無頃刻步，
Ngã quy sơn nghinh bán nhật lộ.,我歸山迎半日路。
"Bỉ thử địch diện hân hân nhiên,",彼此覿面欣欣然，
Uyển nhược tương liên bất tương ngỗ.,宛若相憐不相忤。
"Xuân tiền các lão Nguyễn Bàng Linh,",春前各老阮龐齡，
Phỏng ngã ước ngã thử sơn hành.,訪我約我此山行。
"Ngã cửu suy bệnh dật hứng thiểu,",我久衰病逸興少，
Hà dĩ đối thử du nhiên sinh.,何以對此油然生。
"Cận văn sơn khê tiệm mao tắc,",近聞山溪漸茅塞，
Miễn cưỡng phù cùng thả nhất trắc.,勉強扶筇且一陟。
"Sơn danh An Lão lão giả an,",山名安老老者安，
Hoặc giả vãn niên lưỡng tương đắc.,或者晚年兩相得。
"Thiếu niên thập ngũ nhị thập thì,",少年十五二十時，
Bộ hành đoạt đắc Hồ mã kỵ.,步行奪得胡馬騎。
"Xạ sát trung sơn bạch ngạch hổ,",射殺中山白額虎，
Khẳng sổ Nghiệp Hạ hoàng tu nhi.,肯數鄴下黃須兒。
"Nhất thân chuyển chiến tam thiên lý,",一身轉戰三千里，
Nhất kiếm tằng đương bách vạn sư.,一劍曾當百萬師。
"Hán binh phấn tấn như phích lịch,",漢兵奮迅如霹靂，
Lỗ kỵ băng đằng uý tật lê.,虜騎崩騰畏蒺藜。
"Vệ Thanh bất bại do thiên hạnh,",衛青不敗由天幸，
Lý Quảng vô công duyên số kỳ.,李廣無功緣數奇。
"Tự tòng khí trí tiện suy hủ,",自從棄置便衰朽，
Thế sự tha đà thành bạch thủ.,世事蹉跎成白首。
"Tích thì phi tiễn vô toàn mục,",昔時飛箭無全目，
Kim nhật thuỳ dương sinh tả trửu.,今日垂楊生左肘。
"Lộ bàng thì mại Cố hầu qua,",路傍時賣故侯瓜，
Môn tiền học chủng tiên sinh liễu.,門前學種先生柳。
"Thương mang cổ mộc liên cùng hạng,",蒼茫古木連窮巷，
Liêu lạc hàn sơn đối hư dũ.,寥落寒山對虛牖。
"Thệ lệnh Sơ Lặc xuất phi tuyền,",誓令疏勒出飛泉，
Bất tự Dĩnh Xuyên không sứ tửu.,不似潁川空使酒。
"Hạ Lan sơn hạ trận như vân,",賀蘭山下陣如雲，
Vũ hịch giao trì nhật tịch văn.,羽檄交馳日夕聞。
"Tiết sứ Tam Hà mộ niên thiếu,",節使三河募年少，
Chiếu thư ngũ đạo xuất tướng quân.,詔書五道出將軍。
"Thí phất thiết y như tuyết sắc,",試拂鐵衣如雪色，
Liêu trì bảo kiếm động tinh văn.,聊持寶劍動星文。
"Nguyện đắc Yên cung xạ thiên tướng,",願得燕弓射天將，
Sỉ lệnh Việt giáp minh ngô quân.,恥令越甲鳴吳軍。
"Mạc hiềm cựu nhật Vân Trung thủ,",莫嫌舊日雲中守，
Do kham nhất chiến thủ công huân.,猶堪一戰取功勳。
"Lão phu nguyên thị lương gia tử,",老夫元是良家子，
Thiếu niên lưu lạc nhung hành lý.,少年流落戎行裏。
"Năng tương nhất kiếm tịnh yên trần,",能將一劍淨烟塵，
Kỉ nhập trùng vi thân bất tử.,幾入重圍身不死。
"Luy luy kim ấn trửu gian huyền,",纍纍金印肘間懸，
Tái thượng trì khu ngũ thập niên.,塞上馳驅五十年。
"Dĩ tiện công huân tải minh phủ,",已羨功勲載盟府，
Cửu khan tính tự thư Yên Nhiên.,久看姓字書燕然。
"Nhất triêu tạ bệnh quy nham hác,",一朝謝病歸巖壑，
Môn ngoại tiêu điều khả la tước.,門外蕭條可羅雀。
"Thân kinh bách chiến vị long chung,",身經百戰未龍鍾，
Do hướng nhân tiền khoa quắc thước.,猶向人前誇矍鑠。
"Bảo kiếm niên đa phong ngạc tiêu,",寳劍年多鋒鍔銷，
Lịch trung lão ký minh tiêu tiêu.,櫪中老驥鳴蕭蕭。
"Nhung y quải bích thành trần thổ,",戎衣掛壁成塵土，
Cựu nhật hồng kỳ nhan sắc điêu.,舊日紅旗顔色凋。
"Nhất tự đầu nhàn kinh kỉ tải,",一自投閒經幾載，
Thỉnh anh tráng chí hoàn ưng tại.,請纓壯志還應在。
"Dao vọng sa trường nguyện khoả thi,",遥望沙場願裹屍，
Do tư đồng trụ tiêu Viêm Hải.,猶思銅柱標炎海。
"Phong đích kim niên khứ bị biên,",鋒鏑今年去備邊，
Liên doanh phong hoả thông Cam Tuyền.,連營烽火通甘泉。
"Đa thiểu tài quan câu thúc thủ,",多少材官俱束手，
Vô nhân cổ dũng năng đăng tiên.,無人賈勇能登先。
"Tướng quân văn thử khí bột bột,",將軍聞此氣勃勃，
Mục tí liệt tận quan xung phát.,目眥裂盡冠衝髪。
"Tiện vãng đầu thư hiến chí tôn,",便往投書獻至尊，
Hùng tâm thệ dục tham hổ quật.,雄心誓欲探虎窟。
"Cứ an cố phán xuất viên môn,",據鞍顧盼出轅門，
Chuỳ lão hoàn kham báo chủ ân.,埀老還堪報主恩。
"Đãn lệnh thử khứ thanh sa mạc,",但令此去清沙漠，
Bất quản kim thương tí thượng ngân.,不管金鎗臂上痕。
"Thiên dục tuyết vân mãn hồ,",天欲雪雲滿湖，
Lâu đài minh diệt san hữu vô.,樓臺明滅山有無。
"Thuỷ thanh thạch xuất ngư khả sổ,",水清石出魚可數，
Lâm thâm vô nhân điểu tương hô.,林深無人鳥相呼。
"Lạp nhật bất quy đối thê nô,",臘日不歸對妻孥，
Danh tầm đạo nhân thực tự ngu.,名尋道人實自娛。
"Đạo nhân chi cư tại hà hử?,",道人之居在何許，
Bảo Vân sơn tiền lộ bàn vu.,寶雲山前路盤紆。
"Cô sơn cô tuyệt thuỳ khẳng lư?,",孤山孤絕誰肯廬，
Đạo nhân hữu đạo sơn bất cô.,道人有道山不孤。
"Chỉ song trúc ốc thâm tự noãn,",紙窗竹屋深自暖，
Ủng hạt toạ thuỵ y đoàn bồ.,擁褐坐睡依團蒲。
"Thiên hàn lộ viễn sầu bộc phu,",天寒路遠愁僕夫，
Chỉnh giá thôi quy cập vị bô.,整駕催歸及未晡。
"Xuất san hồi vọng vân mộc hợp,",出山回望雲木合，
Đãn kiến dã cốt bàn phù đồ.,但見野鶻盤浮圖。
"Tư du đạm bạc hoan hữu dư,",慈遊淡泊歡有餘，
Đáo gia hoảng như mộng cừ cừ.,到家恍如夢蘧蘧。
"Tác thi hoả cấp truy vong bô,",作詩火急追亡逋，
Thanh cảnh nhất thất hậu nan mô.,清景一失後難摹。
"Thập lý nhất trí phi trần hôi,",十里一置飛塵灰，
Ngũ lý nhất hậu binh hoả thôi.,五里一堠兵火催。
"Điên khanh phó cốc tương chẩm tạ,",顛坑仆谷相枕藉，
Tri thị lệ chi long nhãn lai.,知是荔枝龍眼來。
"Phi xa khoá sơn cốt kỳ hải,",飛車跨山鶻棋海，
Phong chi lộ nghiệp như tân thái.,風枝露業如新採。
"Cung trung mỹ nhân nhất phá nhan,",宮中美人一破顏，
Kinh trần tiễn huyết lưu thiên tải.,驚塵濺血流千載。
"Vĩnh Nguyên lệ chi lai Giao Châu,",永元荔枝來交州，
Thiên Bảo tuế cống thủ chi Phù.,天寶歲貢取之涪。
"Chí kim dục thực Lâm Phủ nhục,",至今欲姇林甫肉，
Vô nhân cử trường lỗi Bá Du.,無人舉觴酹伯遊。
"Ngã nguyện thiên công liên xích tử,",我願天公憐赤子，
Mạc sinh vưu vật vi sang vị.,莫生尤物為瘡痏。
"Vũ thuận phong điều bách cốc đăng,",雨順風調百穀登，
Dân bất cơ hàn vi thượng thuỵ.,民不饑寒為上瑞。
Quân bất kiến:,君不見：
"Vũ Di khê biên túc lạp nha,",武夷溪邊粟粒芽，
Tiền Đinh hậu Sái tương lung gia.,前丁後蔡相籠加。
"Tranh tân mãi sủng xuất tân ý,",爭新買寵出新意，
Kim niên đấu phẩm sung quan trà.,今年鬥品充官茶。
Ngô quân sở phạp khởi thử vật?,吾君所乏豈此物？
Trí dưỡng khẩu thể hà lậu da!,致養口體何陋耶！
"Lạc Dương tướng quân trung hiếu gia,",洛陽相君忠孝家，
Khả liên diệc tiến diêu hoàng hoa.,可憐亦進姚黃花。
"Chiết liễu ca trung đắc thuý điều,",折柳歌中得翠條，
Viễn di kim điện chủng thanh tiêu.,遠移金殿種青霄。
"Thượng Dương cung nữ hàm thanh tống,",上陽宮女含聲送，
Bất phẫn tiên quy vũ tế yêu.,不忿先歸舞細腰。
"Liễu lăng, liễu lăng hà sở tự,",繚綾繚綾何所似，
Bất tự la tiêu dữ hoàn ỷ.,不似羅綃與紈綺。
"Ưng tự Thiên Thai sơn thượng nguyệt minh tiền,",應似天台山上月明前，
Tứ thập ngũ xích bộc bố tuyền.,四十五尺瀑布泉。
"Trung hữu văn chương hựu kỳ tuyệt,",中有文章又奇絕，
Địa phô bạch yên hoa thốc tuyết.,地鋪白煙花簇雪。
"Chức giả hà nhân y giả thuỳ,",織者何人衣者誰，
Việt khê hàn nữ Hán cung cơ.,越溪寒女漢宮姬。
"Khứ niên trung sứ tuyên khẩu sắc,",去年中使宣口敕，
Thiên thượng thủ dạng nhân gian chức.,天上取樣人間織。
"Chức vi vân ngoại thu nhạn hành,",織為雲外秋雁行，
Nhiễm tác Giang Nam xuân thuỷ sắc.,染作江南春水色。
"Quảng tài sam tụ trường chế quần,",廣裁衫袖長制裙，
Kim đấu uất ba đao tiễn văn.,金鬥熨波刀翦紋。
"Dị thái kỳ văn tương ẩn ánh,",異彩奇文相隱映，
Chuyển trắc khán hoa hoa bất định.,轉側看花花不定。
"Chiêu Dương vũ nhân ân chính thâm,",昭陽舞人恩正深，
Xuân y nhất đối trực thiên kim.,春衣一對直千金。
"Hãn triêm phấn ô bất tái trước,",汗沾粉污不再著，
Duệ thổ tháp nê vô tích tâm.,曳土蹋泥無惜心。
"Liễu lăng chức thành phí công tích,",繚綾織成費功績，
Mạc tỷ tầm thường tăng dữ bạch.,莫比尋常繒與帛。
"Ty tế sào đa nữ thủ đông,",絲細繰多女手疼，
Trát trát thiên thanh bất doanh xích.,扎扎千聲不盈尺。
"Chiêu Dương điện lý ca vũ nhân,",昭陽殿裏歌舞人，
Nhược kiến chức thì ưng dã tích.,若見織時應也惜。
"Liễu ngộ thân tâm khai tuệ nhãn,",了悟身心開慧眼，
Biến hoá linh thông hiện thực tướng.,變化靈通現實相。
"Hành, trụ, toạ, ngoạ độc trác nhiên,",行住坐臥獨卓然，
Ứng hiện hoá thân bất khả lượng.,應現化身不可量。
"Tuy nhiên sung tắc biến hư không,",雖然充塞遍虛空，
Hoan lai bất kiến như hữu tướng.,歡來不見如有相。
"Thế gian vô vật khả tỷ huống,",世間無物可比況，
Trường hiện linh quang minh lãng lãng.,長現靈光明朗朗。
"Thường thời diễn thuyết bất tư nghị,",嘗時演說不思議，
Vô đắc nhất ngôn dĩ vi đáng.,無得一言以為當。
"Bão văn tư sơn sản kỳ thạch,",飽聞玆山產奇石，
Đông nam bảo chi như xích bích.,東南寶之如尺璧。
"Thuỳ tri lang tạ loạn như ma,",誰知狼籍亂如麻，
Vãng vãng khám không loại sàm khắc.,往往崁空類鑱刻。
"Trường An đông nam Vạn Tuế san,",長安東南萬歲山，
Sưu quyết trân quái cùng nhân gian.,搜抉珍怪窮人間。
"Biện lưu nhất khả tải sổ bối,",汴流一舸載數輩，
Kính thượng Cấn Nhạc tăng sàn nhan.,徑上艮嶽增孱顏。
"Đương thời xảo tượng trác sơn cốt,",當時巧匠斲山骨，
Trí chi giang can cao đột ngột.,置之江干高突兀。
"Can qua động địa Hồ trần phi,",干戈動地胡塵飛，
Toạ sử kỳ tài thành khí vật.,坐使奇材成棄物。
Quân bất kiến:,君不見：
"Hoàng kim hoành đái hiệu thần vận,",黃金橫帶號神運，
Bất sổ Đài Thành bái tam phẩm.,不數台城拜三品。
"Chỉ kim linh lạc hoang thảo trung,",只今零落荒草中，
Vạn cổ thê lương hữu di hận.,萬古悽涼有遺恨。
"Mộc nhân phiêu phiêu bất như thổ,",木人漂漂不如土，
Toạ duyệt hưng vong tri kỷ hử.,坐阅興亡知幾許。
"Hành nhân trầm thán mã bất tiền,",行人沉嘆馬不前，
Thạch tuy bất ngôn khủng năng ngữ.,石雖不言恐能語。
"Bắc phong sưu sưu đống vân hắc,",北風颼颼凍雲黑，
Ngọc thiềm tây truỵ thiên vô sắc.,玉蟾西墜天無色。
"Cố nhân biệt hậu khuê nam bắc,",故人別後睽南北，
Lý thư nhạn bạch vô tiêu tức.,鯉書鴈帛無消息。
"Phá chiên hàn bác bất thành miên,",破饘寒薄不成眠，
Song ngoại mai hoa cựu tương thức.,窗外梅花舊相識。
"Thiên nhai hạo đãng mê nhạn tích,",天涯浩蕩迷鴈跡，
Vi cung khổ bị hư danh dịch.,微躬苦被虛名役。
"Dịch thuỷ hưu văn kích trúc thanh,",易水休聞擊筑聲，
Hàm quan vị thính minh kê khách.,函關未聽鳴雞客。
"Độc bội hàn đăng cứ cảo ngô,",獨背寒燈據稿梧，
Bất tri thân tại Ngân Giang dịch.,不知身在銀江驛。
"Long Trì dược long long dĩ phi,",龍池躍龍龍已飛，
"Long đức tiên thiên, thiên bất vi.",龍德先天天不違。
"Trì khai Thiên Hán phân hoàng đạo,",池開天漢分黃道，
Long hướng thiên môn nhập Tử Vi.,龍向天門入紫微。
"Để đệ lâu đài đa khí sắc,",邸第樓臺多氣色，
Quân vương phù nhạn hữu quang huy.,君王鳧雁有光輝。
"Vị báo hoàn trung bách xuyên thuỷ,",爲報寰中百川水，
Lai triều thử địa mạc đông quy.,來朝此地莫東歸。
"Luân Đài thành đầu dạ xuy giốc,",輪臺城頭夜吹角，
Luân Đài thành bắc Mao Đầu lạc.,輪臺城北旄頭落。
"Vũ thư tạc dạ quá Cừ Lê,",羽書昨夜過渠黎，
Thiền Vu dĩ tại Kim Sơn tê.,單于已在金山西。
"Thú lâu tây vọng yên trần hắc,",戍樓西望煙塵黑，
Hán binh truân tại Luân Đài bắc.,漢兵屯在輪臺北。
"Thượng tướng ủng mao tây xuất chinh,",上將擁旄西出征，
Bình minh xuy địch đại quân hành.,平明吹笛大軍行。
"Tứ biên phạt cổ tuyết hải dũng,",四邊伐鼓雪海湧，
Tam quân đại hô Âm Sơn động.,三軍大呼陰山動。
"Lỗ tái binh khí liên vân truân,",虜塞兵氣連雲屯，
Chiến trường bạch cốt triền thảo căn.,戰場白骨纏草根。
"Kiếm hà phong cấp tuyết phiến khoát,",劍河風急雪片闊，
Sa khẩu thạch đông mã đề thoát.,沙口石凍馬蹄脫。
"Á tướng cần vương cam khổ tân,",亞相勤王甘苦辛，
Thệ tướng báo chủ tĩnh biên trần.,誓將報主靜邊塵。
"Cổ lai thanh sử thuỳ bất kiến,",古來青史誰不見，
Kim kiến công danh thắng cổ nhân.,今見功名勝古人。
"Thạch gia Kim Cốc trọng tân thanh,",石家金谷重新聲，
Minh châu thập hộc mãi phinh đình.,明珠十斛買娉婷。
"Thử nhật khả liên quân tự hứa,",此日可憐君自許，
Thử thì khả hỉ đắc nhân tình.,此時可喜得人情。
"Quân gia khuê các bất tằng nan,",君家閨閣不曾難，
Thường tướng ca vũ tá nhân khan.,常將歌舞借人看。
"Ý khí hùng hào phi phân lý,",意氣雄豪非分理，
Kiêu căng thế lực hoành tương can.,驕矜勢力橫相干。
"Từ quân khứ quân chung bất nhẫn,",辭君去君終不忍，
Đồ lao yểm duệ thương duyên phấn.,徒勞掩袂傷鉛粉。
"Bách niên ly biệt tại cao lâu,",百年離別在高樓，
Nhất đán hồng nhan vị quân tận.,一旦紅顏為君盡。
"Lũng Đầu dĩ đoạn nhân bất hành,",隴頭已斷人不行，
Hồ kỵ dạ nhập Lương Châu thành.,胡騎夜入涼州城。
"Hán gia xứ xứ cách đấu tử,",漢家處處格鬥死，
Nhất triêu tận một Lũng Tây địa.,一朝盡沒隴西地。
"Khu ngã biên nhân Hồ trung khứ,",驅我邊人胡中去，
Tán phóng ngưu dương thực hoà thử.,散放牛羊食禾黍。
"Khứ niên trung quốc dưỡng tử tôn,",去年中國養子孫，
Kim trước chiên cầu học Hồ ngữ.,今著氈裘學胡語。
"Thuỳ năng cánh sứ Lý khinh xa,",誰能更使李輕車，
Thu thủ Lương Châu thuộc Hán gia.,收取涼州屬漢家。
"Trường An thiếu niên du hiệp khách,",長安少年遊俠客，
Dạ thượng thú lâu khán Thái Bạch.,夜上戍樓看太白。
"Lũng Đầu minh nguyệt quýnh lâm quan,",隴頭明月迥臨關，
Lũng thượng hành nhân dạ xuy địch.,隴上行人夜吹笛。
"Quan tây lão tướng bất thăng sầu,",關西老將不勝愁，
Trú mã thính chi song lệ lưu.,駐馬聽之雙淚流。
"Thân kinh đại tiểu bách dư chiến,",身經大小百餘戰，
Huy hạ thiên tỳ vạn hộ hầu.,麾下偏裨萬戶侯。
"Tô Vũ tài vi Điển thuộc quốc,",蘇武才為典屬國，
Tiết mao không tận hải tây đầu.,節旄空盡海西頭。
"Sa man man, thạch thốc thốc,",沙漫漫，石簇簇，
Mã bộc xa tồi Lũng Sơn khúc.,馬仆車摧隴山曲。
"Lũng Sơn nhật nhật hành bất tiền,",隴山日日行不前，
Dạ dạ hoàn tòng Lũng gian túc.,夜夜還從隴間宿。
"Quan Đông chỉ thuyết dương trường phản,",關東只說羊腸阪，
Na tri Lũng phản như sơn viễn.,那知隴阪如山遠。
"Lũng phản uy di cự Tây Vực,",隴阪逶迤距西域，
Cổ lai thử địa hy nhân tích.,古來此地希人跡。
"Sơn xuyên bản tự cách Hoa nhung,",山川本自隔華戎，
Quân vương trực dục thôn Di Địch.,君王直欲吞夷狄。
"Tự tòng Hán Lỗ hỗ tương cừu,",自從漢虜互相仇，
Tái thượng phong trần vô nhật hưu.,塞上風塵無日休。
"Kỷ quần thiên mã lai hoang ngoại,",幾群天馬來荒外，
Bách vạn chinh nhân thú Lũng Đầu.,百萬征人戍隴頭。
"Kham ta bách vạn chinh tây tốt,",堪嗟百萬征西卒，
Bán tác Lũng Sơn sơn hạ cốt.,半作隴山山下骨。
"Thuỳ vi nhung thủ hoạ tư nhân,",誰為戎首禍斯人，
Hậu hữu Hán Vũ tiên Doanh Tần.,後有漢武先嬴秦。
"Tần gia vô sách lương khả xi,",秦家無策良可嗤，
Hán chế Hung Nô không nhĩ vi.,漢制匈奴空爾為。
"Nguyện lệnh biên quận cẩn bị khấu,",願令邊郡謹備寇，
Bất dụng Trung Nguyên đa xuất sư.,不用中原多出師。
"Lương Châu thành đầu văn đả cổ,",涼州城頭聞打鼓，
Lương Châu thành bắc tận Hồ Lỗ.,涼州城北盡胡虜。
"Vũ thư tạc dạ đáo Tây kinh,",羽書昨夜到西京，
Hồ binh dĩ phạm Lương Châu thành.,胡兵已犯涼州城。
"Lương Châu binh khí nhược vân hắc,",涼州兵氣若雲黑，
Bách vạn nhân gia giai dĩ một.,百萬人家皆已沒。
"Hán quân tây xuất địch thanh ai,",漢軍西出笛聲哀，
Hồ kỵ văn chi khứ phục lai.,胡騎聞之去復來。
"Niên niên thử địa thành biên thổ,",年年此地成邊土，
Cánh dữ Hồ nhân tương gian xứ.,竟與胡人相間處。
"Hồ nhân hữu phụ năng Hán âm,",胡人有婦能漢音，
Hán nữ diệc giải điệu Hồ cầm.,漢女亦解調胡琴。
"Điệu Hồ cầm, Án Hồ phổ,",調胡琴，按胡譜，
"Phu tế tòng quân bán sinh tử,",夫婿從軍半生死，
Mỹ nhân đạp diên thượng ca vũ.,美人踏筵尚歌舞。
"Quân bất kiến cổ lai biên đầu đa chiến thương,",君不見古來邊頭多戰傷，
Sinh nam khởi như sinh nữ cường.,生男豈如生女強。
"Ngọc Môn xuân sắc thắng Lâm Thao,",玉門春色勝臨洮，
Sắc sứ đông lai tứ cẩm bào.,敕使東來賜錦袍。
"Văn đạo Tửu Tuyền hương tự tửu,",聞道酒泉香似酒，
Bất phiền ngân úng trữ bồ đào.,不煩銀甕貯葡萄。
"Thiên trướng Hề vương tác ngoại thần,",千帳奚王作外臣，
Xạ điêu quy mộ quản huyền tân.,射雕歸暮管絃新。
"Tiếu lai bôi tửu xưng huynh đệ,",笑來杯酒稱兄弟，
Tằng thị sa trường bách chiến nhân.,曾是沙塲百戰人。
"Loan loan nguyệt xuất quải thành đầu,",彎彎月出挂城頭，
Thành đầu nguyệt xuất chiếu Lương Châu.,城頭月出照涼州。
"Lương Châu thất lý thập vạn gia,",涼州七里十萬家，
Hồ nhân bán giải đàn tỳ bà.,胡人半解彈琵琶。
"Tỳ bà nhất khúc trường kham đoạn,",琵琶一曲腸堪斷，
"Phong tiêu tiêu hề dạ man man,",風蕭蕭兮夜漫漫。
Hà Tây mạc trung đa cố nhân.,河西幕中多故人，
Cố nhân biệt lai tam ngũ xuân.,故人別來三五春。
"Hoa môn lâu tiền kiến thu thảo,",花門樓前見秋草，
Khởi năng bần tiện tương khan lão.,豈能貧賤相看老。
"Nhất sinh đại tiếu năng kỷ hồi,",一生大笑能幾回，
Đẩu tửu tương phùng tu tuý đảo.,斗酒相逢須醉倒。
"Lưỡng chu các,",兩朱閣，
Nam bắc tương đối khởi.,南北相對起。
Tá vấn hà nhân gia?,借問何人家？
Trinh Nguyên song đế tử.,貞元雙帝子。
"Đế tử xuy tiêu song đắc tiên,",帝子吹簫雙得仙，
Ngũ vân phiêu phiêu phi thướng thiên.,五雲飄飄飛上天。
"Đệ trạch đình đài bất tương khứ,",第宅亭台不將去，
Hoá vi Phật tự tại nhân gian.,化為佛寺在人間。
"Trang các kỹ lâu hà tịch tĩnh,",妝閣妓樓何寂靜，
Liễu tự vô yêu trì tự kính.,柳似無腰池似鏡。
"Hoa lạc hoàng hôn tiễu tiễu thời,",花落黃昏悄悄時，
Bất văn cổ xuy văn chung khánh.,不聞鼓吹聞鍾磬。
"Tự môn sắc bảng kim tự thư,",寺門敕榜金字書，
Ni viện Phật đình khoan hữu dư.,尼院佛庭寬有餘。
"Thanh đài minh nguyệt đa nhàn địa,",青苔明月多閑地，
Tỉ ốc tề dân vô xứ cư.,比屋齊民無處居。
"Ức tạc Bình Dương trạch sơ trí,",憶昨平陽宅初置，
Bính thôn bình nhân kỷ gia địa.,並吞平人幾家地。
"Tiên khứ song song tác Phạm cung,",仙去雙雙作梵宮，
Tiệm khủng nhân gia hoá vi tự.,漸恐人家化為寺。
"Chinh câu đạp tuyết xuất đô thành,",征駒踏雪出都城，
Miên mạc trường đồ sấn dạ hành.,綿邈長途趁夜行。
"Hoang thự nguyệt trầm vân liễm ảnh,",荒墅月沈雲歛影，
Hoành kiều băng đống thuỷ vô thanh.,橫橋冰凍水無聲。
"Đạo bàng sương liễu không dao lạc,",道旁霜柳空摇落，
Xa thượng phong đăng bán diệt minh.,車上風燈半滅明。
"Lẫm liệt hàn uy xâm đoản mấn,",凜烈寒威侵短鬢，
Khả lân quy khách tối tham trình.,可憐歸客最貪程。
"Ngân Hà hốt như Hồ Tử quyết,",銀河忽如瓠子決，
Tả chư Ngũ Lão chi phong tiền.,瀉諸五老之峰前。
"Ngã nghi thiên tôn chức tố luyện,",我疑天孫織素練，
Tố luyện thoát trục thuỳ thanh thiên.,素練脫軸垂青天。
"Tiện dục thủ bả Tinh Châu tiễn,",便欲手把并州剪，
Tiễn thủ nhất bức lưu ly yên.,剪取一幅琉璃煙。
"Tương phùng Vân Thạch tử,",相逢雲石子，
Hữu tự Tróc Nguyệt tiên.,有似捉月仙。
"Tửu hầu vô nại dạ khát thậm,",酒喉無耐夜渴甚，
Kỵ kình hấp hải khô tang điền.,騎鯨吸海枯桑田。
"Cư nhiên hoá tác thập vạn trượng,",居然化作十萬丈，
Ngọc hồng đảo quải thanh lãnh uyên.,玉虹倒挂清冷淵。
"Xuân phong tiểu viện khước lai thì,",春風小院卻來時，
Bích gian duy kiến sứ quân thi.,壁間惟見使君詩。
"Ưng vấn sứ quân hà xứ khứ,",應問使君何處去，
Bằng hoa thuyết dữ xuân phong tri.,憑花說與春風知。
"Niên niên tuế tuế hà cùng dĩ,",年年歲歲何窮已，
Hoa tự kim niên nhân lão hỉ.,花似今年人老喜。
"Khứ niên Thôi Hộ nhược trùng lai,",去年崔護若重來，
Tiền độ Lưu lang tại thiên lý.,前度劉郎在千里。
"Thái Thạch giang biên Lý Bạch phần,",采石江邊李白墳，
Nhiễu điền vô hạn thảo liên vân.,繞田無限草連雲。
"Khả liên hoang lũng cùng tuyền cốt,",可怜荒壟窮泉骨，
Tằng hữu kinh thiên động địa văn.,曾有惊天動地文。
"Đãn thị thi nhân đa bạc mệnh,",但是詩人多薄命，
Tựu trung luân lạc bất qua quân.,就中淪落不過君。
"Ngô ty Thục đồng trương cao thu,",吳絲蜀桐張高秋，
Không sơn ngưng vân đồi bất lưu.,空山凝雲頹不流。
"Giang Nga đề trúc, Tố Nữ sầu,",江娥啼竹素女愁，
Lý Bằng trung quốc đàn không hầu.,李憑中國彈箜篌。
"Côn Sơn ngọc toái, phụng hoàng khiếu,",昆山玉碎鳳凰叫，
"Phù dung khấp lộ, hương lan tiếu.",芙蓉泣露香蘭笑。
"Thập nhị môn tiền dung lãnh quang,",十二門前融冷光，
Nhị thập tam ty động Tử Hoàng.,二十三絲動紫皇。
"Nữ Oa luyện thạch bổ thiên xứ,",女媧煉石補天處，
Thạch phá thiên kinh đậu thu vũ.,石破天驚逗秋雨。
"Mộng nhập thần sơn giáo Thần Ẩu,",夢入神山教神嫗，
Lão ngư khiêu ba sấu giao vũ.,老魚跳波瘦蛟舞。
"Ngô Chất bất miên ỷ quế thụ,",吳質不眠倚桂樹，
Lộ cước tà phi thấp hàn thố.,露腳斜飛濕寒兔。
"Dạ ngoạ tằng văn hải đào thanh,",夜臥曾聞海濤聲，
Hiểu hành chân kiến hải đào minh.,曉行真見海濤鳴。
"Nguỵ dị đại quan nãi như thị,",詭異大觀乃如是，
Hồng lan dục hám sơn câu khuynh.,洪瀾欲撼山俱傾。
"Tích thời Tôn Xác chí dục tráng,",昔時宗愨志欲壯，
Thừa phong dục phá vạn lý lãng.,乘風欲破萬里浪。
"Nam minh phù dao nan hứng kỳ,",南溟扶搖難興期，
Hà như ngoạn âu Đông hải thượng.,何如玩鷗東海上。
"Bàng hữu loạn thạch lập thôi ngôi,",旁有亂石立崔嵬，
Vân thị tích nhân thuỳ điếu đài.,云是昔人垂釣臺。
"Ngã dục phi thảo tầm cựu tích,",我欲披草尋舊蹟，
Bạch sa thố tạp ấn thương đài.,白沙錯雜印蒼苔。
"Giang Lăng thành tây nhị nguyệt vĩ,",江陵城西二月尾，
Hoa bất kiến đào duy kiến lý.,花不見桃惟見李。
"Phong nhu vũ luyện tuyết tu tỷ,",風揉雨練雪羞比，
Ba đào phiên không diểu vô sĩ.,波濤翻空杳無涘。
Quân tri thử xứ hoa hà tự?,君知此處花何似？
"Bạch hoa đảo chúc thiên dạ minh,",白花倒燭天夜明，
Quần kê kinh minh quan lại khởi.,群雞驚鳴官吏起。
"Kim ô hải để sơ phi lai,",金烏海底初飛來，
Chu huy tán xạ thanh hà khai.,朱輝散射青霞開。
"Mê hồn loạn nhãn khán bất đắc,",迷魂亂眼看不得，
Chiếu diệu vạn thụ phồn như đôi.,照耀萬樹繁如堆。
"Niệm tích thiếu niên trước du yến,",念昔少年著遊燕，
Đối hoa khởi tỉnh tằng từ bôi.,對花豈省曾辭杯。
"Tự tòng lưu lạc ưu cảm tập,",自從流落憂感集，
Dục khứ vị đáo tư tiên hồi.,欲去未到思先回。
"Chỉ kim tứ thập dĩ như thử,",只今四十已如此，
Hậu nhật cánh lão thuỳ luận tai?,後日更老誰論哉？
"Lực huề nhất tôn độc tựu tuý,",力攜一樽獨就醉，
Bất nhẫn hư trịch uỷ hoàng ai.,不忍虛擲委黃埃。
"Trượng nhân tuấn mã danh Hồ lưu,",丈人駿馬名胡騮，
Tiền niên tỵ hồ quá Kim Ngưu.,前年避胡過金牛。
"Hồi tiên khước tẩu kiến thiên tử,",回鞭卻走見天子，
Triêu ẩm Hán thuỷ mộ Linh châu.,朝飲漢水暮靈州。
"Tự căng Hồ lưu kỳ tuyệt đại,",自矜胡騮奇絕代，
Thừa xuất thiên nhân vạn nhân ái.,乘出千人萬人愛。
"Nhất văn thuyết tận cấp nan tài,",一聞說盡急難材，
Chuyển ích sầu hướng nô đài bối.,轉益愁向駑駘輩。
"Đầu thượng nhuệ nhĩ phê thu trúc,",頭上銳耳批秋竹，
Cước hạ cao đề tước hàn ngọc.,腳下高蹄削寒玉。
"Thuỷ tri thần long biệt hữu chủng,",始知神龍別有種，
Bất tỷ tục mã không đa nhục.,不比俗馬空多肉。
"Lạc Dương đại đạo thì tái thanh,",洛陽大道時再清，
Luỹ nhật hỉ đắc câu đông hành.,累日喜得俱東行。
"Phụng ức long kỳ vị dị thức,",鳳臆龍鬐未易識，
Trắc thân chú mục trường phong sinh.,側身注目長風生。
"Vương lữ toàn hề bối cố hương,",王旅旋兮背故鄉，
Bỉ quân tử hề đốc nhân cương.,彼君子兮篤人綱。
"Dắng dư hành hề quy sóc phương,",媵予行兮歸朔方，
Trì nguyên thấp hề tầm cựu cương.,馳原隰兮尋舊疆。
"Ngã xa bôn hề mã phồn tương,",我車奔兮馬繁驤，
Thiệp phù Tế hề phiếm khinh hàng.,涉浮濟兮汎輕航。
"Hất Nguỵ đô hề tức lan phòng,",迄魏都兮息蘭房，
Triển yến hảo hề duy lạc khang.,展宴好兮惟樂康。
"Lương phong túc hề bạch lộ tư,",涼風肅兮白露滋，
Mộc cảm khí hề điều diệp từ.,木感氣兮條葉辭。
"Lâm lục thuỷ hề đăng sùng cơ,",臨淥水兮登崇基，
Chiết thu hoa hề thái linh chi.,折秋華兮採靈芝，
Tầm vĩnh quy hề tặng sở tư.,尋永歸兮贈所思。
"Cảm ly cách hề hội vô kỳ,",感離隔兮會無期，
Y uất ấp hề tình bất di.,伊鬱悒兮情不怡。
Quân bất kiến:,君不見：
"Lý hữu ly phụ sầu độc túc,",里有嫠父愁獨宿，
Doanh thực mưu y nhật bất túc.,營食謀衣日不足。
"Lân ảo kiến chi liên cơ hàn,",鄰媼見之憐饑寒，
Thất gia mưu dữ thiếu niên tục.,室家謀與少年續。
"Thiếu niên cường tráng thị dục quảng,",少年強壯嗜欲廣，
Ly phụ bì bệnh cân lực suy.,嫠婦疲病筋力衰。
"Cung cấp sử linh bất tương ứng,",供給使令不相應，
Túng nhiên kiến hợp chung tất ly.,縱然見合終必離。
"Tái tiếu bản vị cơ hàn mưu,",再醮本為饑寒謀，
Bất miễn cơ hàn thị khả sỉ.,不免饑寒是可恥。
"Huống phục bất văn phụ mẫu ngôn,",況復不聞父母言，
Tư bôn cánh vi lân lý bỉ.,私奔更為鄰里鄙。
Ta ta lân ảo hà ái ly?,嗟嗟鄰媼何愛嫠？
"Ái chi tắc thị, mưu tắc phi.",愛之則是謀則非。
"Cơ hàn chỉ ưng túc bố cấp,",饑寒只應粟布給，
Lão đại tái tiếu phi sở nghi.,老大再醮非所宜。
"Thương Hiệt điểu tích ký mang muội,",蒼頡鳥跡既茫昧，
Tự thể biến hoá như phù vân.,字體變化如浮雲。
"Trần Thương thạch cổ hựu dĩ ngoa,",陳倉石鼓又已訛，
Đại tiểu nhị triện sinh bát phân.,大小二篆生八分。
"Tần hữu Lý Tư, Hán Thái Ung,",秦有李斯漢蔡邕，
Trung gian tác giả tịch bất văn.,中間作者寂不聞。
"Dịch sơn chi bi dã hoả phần,",嶧山之碑野火焚，
Tảo mộc truyền khắc phì thất chân.,棗木傳刻肥失真。
"Khổ Huyền Quang hoà thượng cốt lập,",苦縣光和尚骨立，
Thư quí sấu ngạnh phương thông thần.,書貴瘦硬方通神。
"Tích tai Lý, Thái bất phục đắc,",惜哉李蔡不復得，
Ngô sanh Lý Triều hạ bút thân.,吾甥李潮下筆親。
"Thượng thư Hàn Trạch Mộc,",尚書韓擇木，
Kỵ tào Thái Hữu Lân.,騎曹蔡有鄰。
"Khai Nguyên dĩ lai số bát phân,",開元已來數八分，
Triều dã yểm hữu nhị tử thành tam nhân.,潮也奄有二子成三人。
"Huống Triều tiểu triện bức Tần tướng,",況潮小篆逼秦相，
Khoái kiếm trường kích sâm tương hướng.,快劍長戟森相向。
"Bát phân nhất tự trị bách kim,",八分一字直百金，
Giao long bàn noa nhụ quật cưỡng.,蛟龍盤拏肉屈強。
"Ngô quận Trương Điên khoa thảo thư,",吳郡張顛誇草書，
Thảo thư phi cổ không hùng tráng.,草書非古空雄壯。
"Khởi như ngô sanh bất lưu đãng,",豈如吾甥不流宕，
"Thừa tướng, trung lang trượng nhân hàng.",丞相中郎丈人行。
"Ba Đông phùng Lý Triều,",巴東逢李潮，
Du nguyệt cầu ngã ca.,逾月求我歌。
"Ngã kim suy lão tài lực bạc,",我今衰老才力薄，
"Triều hồ, Triều hồ nại nhữ hà!",潮乎潮乎奈汝何。
"Sinh vô sở thành đầu hạo bạch,",生無所成頭皓白，
Nha xỉ dục lạc chân khả tích.,牙齒欲落真可惜。
"Ức hiến tam phú Bồng Lai cung,",憶獻三賦蓬萊宮，
Tự quái nhất nhật thanh huy hách.,自怪一日聲輝赫。
"Tập hiền học sĩ như đổ tường,",集賢學士如堵牆，
Quan ngã lạc bút Trung thư đường.,觀我落筆中書堂。
"Vãng thì văn thái động nhân chủ,",往時文綵動人主，
Thử nhật cơ hàn xu lộ bàng.,此日饑寒趨路傍。
"Vãn tướng mạt khiết thác niên thiếu,",晚將末契托年少，
Đương diện thâu tâm bối diện tiếu.,當面輸心背面笑。
"Ký tạ du du thế thượng nhi,",寄謝悠悠世上兒，
Bất tranh hảo ác mạc tương nghi.,不爭好惡莫相疑。
"Lục bồn tiểu thụ chi chi hảo,",綠盆小樹枝枝好，
Hoa tỷ nhân gia biệt khai tảo.,花比人家別開早。
"Mạch đầu đảm đắc xuân phong hành,",陌頭擔得春風行，
Mỹ nhân xuất liêm văn khiếu thanh.,美人出帘聞叫聲。
"Di khứ mạc sầu hoa bất hoạt,",移去莫愁花不活，
Mại dữ hoàn truyền chủng hoa quyết.,賣與還傳種花訣。
"Dư hương mãn lộ nhật mộ quy,",餘香滿路日暮歸，
Do hữu phong điệp tương tuỳ phi.,猶有蜂蝶相隨飛。
"Mãi hoa chu môn kỷ hồi cải,",買花朱門幾回改，
Bất như đảm thượng hoa trường tại.,不如擔上花長在。
Mại thán ông!,賣炭翁，
"Phạt tân, thiêu thán Nam Sơn trung,",伐薪燒炭南山中。
"Mãn diện trần hôi yên hoả sắc,",滿面塵灰煙火色，
"Lưỡng mấn thương thương, thập chỉ hắc,",兩鬢蒼蒼十指黑。
Mại thán đắc tiền hà sở doanh?,賣炭得錢何所營，
"Thân thượng y thường, khẩu trung thực,",身上衣裳口中食。
Khả liên thân thượng y chính đan.,可憐身上衣正單，
Tâm ưu thán tiện nguyện thiên hàn.,心憂炭賤願天寒。
"Dạ lai thành thượng nhất xích tuyết,",夜來城上一尺雪，
Hiểu giá thán xa triển băng triệt.,曉駕炭車輾冰轍。
"Ngưu khốn, nhân cơ, nhật dĩ cao,",牛困人飢日已高，
Thị nam môn ngoại nê trung yết.,市南門外泥中歇。
Phiên phiên lưỡng kỵ lai thị thuỳ?,翩翩兩騎來是誰，
Hoàng y sứ giả bạch sam nhi.,黃衣使者白衫兒。
"Thủ bả văn thư, khẩu xưng: “sắc”!",手把文書口稱敕，
Hồi xa sất ngưu khiên hướng Bắc.,回車叱牛牽向北。
"Nhất xa thán, thiên dư cân,",一車炭，千餘斤，
Cung sứ khu tương tích bất đắc.,宮使驅將惜不得。
"Bán thất hồng sa, nhất trượng lăng",半匹紅紗一丈綾，
Hệ hướng ngưu đầu sung thán trị.,繫向牛頭充炭直。
"Nam sơn bắc sơn thụ minh minh,",南山北山樹冥冥，
Mãnh hổ bạch nhật nhiễu thôn hành.,猛虎白日繞村行。
"Hướng vãn nhất thân đương đạo thực,",向晚一身當道食，
Sơn trung mi lộc tận vô thanh.,山中麋鹿盡無聲。
"Niên niên dưỡng tử tại thâm cốc,",年年養子在深谷，
Thư hùng thượng hạ bất tương trục.,雌雄上下不相逐。
"Cốc trung cận quật hữu sơn thôn,",谷中近窟有山村，
Trường hướng thôn gia thủ hoàng độc.,長向村家取黃犢。
"Ngũ Lăng niên thiếu bất cảm xạ,",五陵年少不敢射，
Không lai lâm hạ khán hành tích.,空來林下看行跡。
"Thôn manh chung tuế bất nhập thành,",村甿終歲不入城，
Nhập thành phạ phùng huyện lệnh hành.,入城怕逢縣令行。
"Hành phùng huyện lệnh thượng do khả,",行逢縣令尚猶可，
Mạc kiến đương nha cứ án toạ.,莫見當衙据案坐。
"Đãn văn toạ xứ dĩ kinh hồn,",但聞坐處已驚魂，
Hà sự huyên oanh lai hướng thôn.,何事喧轟來向村。
"Lang đang sửu giới tòng thanh cái,",鋃鐺杻械從青蓋，
Lang cố hồ hào bố sát nhân.,狼顧狐嗥怖殺人。
"Tiên si bảng lược thảm bất chỉ,",鞭笞榜掠慘不止，
Lão ấu gia gia huyết tương thị.,老幼家家血相視。
"Quan tư kế tận sinh lộ vô,",官私計盡生路無，
Bất như khước tựu thành trung tử.,不如卻就城中死。
"Nhất hô vạn ứng tề huy quyền,",一呼萬應齊揮拳，
Tư lệ bôn tán như phi yên.,胥隸奔散如飛煙。
Khả lân huyện lệnh soán hà xứ?,可憐縣令竄何處？
Nhãn vọng cao thành bất cảm tiền.,眼望高城不敢前。
"Thành trung đại quan lâm quảng đường,",城中大官臨廣堂，
Pha tri huyện lệnh xuất chẩn hoang.,頗知縣令出賑荒。
"Môn ngoại manh thanh hốt đỉnh phất,",門外甿聲忽鼎沸，
Cấp truyền ôn ngữ vô trương hoàng.,急傳溫語無張皇。
"Thành trung tửu nùng bác thác hảo,",城中酒濃餺飥好，
Nhân nhân cấp tiền mãi tuý bão.,人人給錢買醉飽。
"Tuý bão tranh xu huyện lệnh nha,",醉飽爭趨縣令衙，
Triệt phi huỷ các như phong tảo.,撤扉毀閣如風掃。
"Huyện lệnh thâm tiêu bồ bặc quy,",縣令深宵匍匐歸，
Nô nhan tù thủ tiêu hung uy.,奴顏囚首銷凶威。
"Cật triêu manh khứ thành trung định,",詰朝甿去城中定，
Đại quan tư ta cố huyện lệnh.,大官咨嗟顧縣令。
"Mẫu biệt tử, tử biệt mẫu,",母別子，子別母，
Bạch nhật vô quang khốc thanh khổ.,白日無光哭聲苦。
"Quan Tây phiêu kỵ đại tướng quân,",關西驃騎大將軍，
Khứ niên phá lỗ tân sách huân.,去年破虜新策勳。
"Sắc tứ kim tiền nhị bách vạn,",敕賜金錢二百萬，
Lạc Dương nghinh đắc như hoa nhân.,洛陽迎得如花人。
"Tân nhân nghinh lai cựu nhân khí,",新人迎來舊人棄，
Chưởng thượng liên hoa nhãn trung thích.,掌上蓮花眼中刺。
"Sủng tân khí cựu vị túc bi,",寵新棄舊未足悲，
Bi tại quân gia lưu lưỡng nhi.,悲在君家留兩兒。
"Nhất thuỷ phù sàng nhất sơ toạ,",一始扶床一初坐，
Toạ đề hành khốc khiên nhân y.,坐啼行哭牽人衣。
"Dĩ nhữ phu phụ tân yến uyển,",以汝夫婦新嬿婉，
Sử ngã mẫu tử sinh biệt ly.,使我母子生別離。
"Bất như lâm trung ô dữ thước,",不如林中烏與鵲，
Mẫu bất thất sồ hùng bạn thư.,母不失雛雄伴雌。
"Ưng tự hậu viên đào lý thụ,",應似後園桃李樹，
Hoa lạc tuỳ phong tử tại chi.,花落隨風子在枝。
"Tân nhân tân nhân thính ngã ngữ,",新人新人聽我語，
Lạc Dương vô hạn hồng lâu nữ.,洛陽無限紅樓女。
"Đãn nguyện tướng quân trọng lập công,",但願將軍重立功，
Cánh hữu tân nhân thắng ư nhữ.,更有新人勝於汝。
"Bát nguyệt lương phong thiên khí tinh,",八月涼風天氣晶，
Vạn lý vô vân Hà Hán minh.,萬里無雲河漢明。
"Hôn kiến nam lâu thanh thả thiển,",昏見南樓清且淺，
Hiểu lạc Tây sơn tung phục hoành.,曉落西山縱復橫。
"Lạc Dương thành khuyết thiên trung khởi,",洛陽城闕天中起，
Trường hà dạ dạ thiên môn lý.,長河夜夜千門裡。
"Phức đạo liên manh cộng tế khuy,",複道連甍共蔽虧，
Hoạ đường quỳnh hộ đặc tương nghi.,畫堂瓊戶特相宜。
"Vân mẫu trướng tiền sơ phiếm lạm,",雲母帳前初泛濫，
Thuỷ tinh liêm ngoại chuyển uy dĩ.,水晶簾外轉逶迤。
"Trác bỉ thiều hồi như luyện bạch,",倬彼昭回如練白，
Phục xuất đông thành tiếp nam mạch.,復出東城接南陌。
"Nam mạch chinh nhân khứ bất quy,",南陌征人去不歸，
Thuỳ gia kim dạ đảo hàn y?,誰家今夜搗寒衣？
"Uyên ương cơ thượng sơ huỳnh độ,",鴛鴦機上疏螢度，
Ô Thước kiều biên nhất nhạn phi.,烏鵲橋邊一雁飛。
"Nhạn phi huỳnh độ sầu nan tiết,",雁飛螢度愁難歇，
Toạ kiến minh hà tiệm vi một.,坐見明河漸微沒。
"Dĩ năng thư quyển nhậm phù vân,",已能舒卷任浮雲，
Bất tích quang huy nhượng lưu nguyệt.,不惜光輝讓流月。
"Minh hà khả vọng bất khả thân,",明河可望不可親，
Nguyện đắc thừa tra nhất vấn tân.,願得乘槎一問津。
"Canh tương Chức Nữ chi cơ thạch,",更將織女支機石，
Hoàn phỏng Thành Đô mại bốc nhân.,還訪成都賣卜人。
"Trường An nguyệt,",長安月，
Ly ly xuất hải kiều.,離離出海嶠。
"Dao kiến Tằng Thành ẩn bán luân,",遥見層城隱半輪，
Tiệm khan a các hàm sơ chiếu.,漸看阿閣銜初照。
"Liễm diễm hoàng kim ba,",瀲滟黄金波，
Đoàn viên bạch ngọc bàn.,團圓白玉盤。
"Thanh thiên lưu ảnh phi hồng nhuỵ,",青天流影披紅蕊，
Bạch lộ hàm huy phiếm tử lan.,白露含輝泛紫蘭。
"Tử lan hồng nhuỵ tây phong khởi,",紫蘭紅蕊西風起，
Cửu cù giáp đạo thu như thuỷ.,九衢夾道秋如水。
"Cẩm hoảng cao khiên hương vụ nùng,",錦幌高褰香霧濃，
Toả vi tà ánh khinh hà cử.,瑣闈斜映輕霞舉。
"Vụ trầm hà lạc thiên vũ khai,",霧沉霞落天宇開，
Vạn hộ thiên môn minh nguyệt lý.,萬戶千門明月裏。
"Nguyệt minh hạo hạo mạch tây đông,",月明皎皎陌西東，
Bách Tẩm thiều nghiêu vọng bất mê.,柏寢岧嶢望不迷。
"Hầu gia đài tạ quang tiên mãn,",侯家臺榭光先滿，
Thích lý sinh ca ảnh sạ đê.,戚裏笙歌影乍低。
"Trạc trạc phù dung sinh ngọc chiểu,",濯濯芙蓉生玉沼，
Quyên quyên dương liễu phú kim đê.,娟娟楊柳覆金堤。
"Phụng Hoàng lâu thượng xuy tiêu nữ,",鳳凰樓上吹簫女，
Tất suất đường trung chức cẩm thê.,蟋蟀堂中織錦妻。
"Biệt hữu thâm cung bế thâm viện,",別有深宮閉深院，
Niên niên tuế tuế sầu tương kiến.,年年歲歲愁相見。
"Kim ốc huỳnh lưu Trường Tín giai,",金屋螢流長信階，
Ỷ lung yến nhập Chiêu Dương điện.,綺櫳燕入昭陽殿。
"Triệu nữ thông tiêu thị ngự sàng,",趙女通宵侍禦床，
Ban Cơ thử tịch bi đoàn phiến.,班姬此夕悲團扇。
"Thu lai minh nguyệt chiếu Kim Vi,",秋來明月照金微，
Du hoàng sa bạch lộ uy di.,榆黄沙白路逶迤。
"Chinh phu tái thượng hành lân ảnh,",征夫塞上行憐影，
Thiếu phụ song tiền tưởng hoạ mi.,少婦窗前想畫眉。
"Thượng Lâm hồng nhạn thư trung hận,",上林鴻雁書中恨，
Bắc địa quan sơn địch lý bi.,北地關山笛裏悲。
"Thư trung địch lý không tương ức,",書中笛裏空相憶，
Kỷ kiến doanh khuy lệ triêm ức.,幾見盈虧淚沾臆。
"Hồng khuê mạo giảm lạc xuân hoa,",紅閨貌減落春華，
Ngọc Môn trường đoạn phùng thu sắc.,玉門腸斷逢秋色。
"Xuân hoa thu sắc đệ như lưu,",春華秋色遞如流，
Đông gia oán nữ thướng trang lâu.,東家怨女上妝樓。
"Lưu Tô trướng quyển sơ an kính,",流蘇帳卷初安鏡，
Phỉ thuý liêm khai tự thượng câu.,翡翠帘開自上鉤。
"Hà biên Chức Nữ kỳ thất tịch,",河邊織女期七夕，
Thiên thượng Thường Nga nại cửu thu.,天上嫦娥奈九秋。
"Thất tịch phong đào hoàn khả độ,",七夕風濤還可渡，
Cửu thu sương lộ quýnh sinh sầu.,九秋霜露迥生愁。
"Cửu thu thất tịch tu du dị,",九秋七夕須臾易，
Thịnh niên nhất khứ chân kham tích.,盛年一去真堪惜。
"Khả lân dương thái nhập la vi,",可憐揚彩入羅幃，
Khả lân lưu tố ngưng dao tịch.,可憐流素凝瑤席。
"Vị tác đương lô mại tửu nhân,",未作當壚賣酒人，
Nan yêu nhập toạ viên cầm khách.,難邀入座援琴客。
"Khách tâm đối thử thán sa đà,",客心對此嘆蹉跎，
Ô thước nam phi khả nại hà.,烏鵲南飛可奈何。
"Giang đầu thương phụ di thuyền đãi,",江頭商婦移船待，
Hồ thượng giai nhân hiệp sắt ca.,湖上佳人挾瑟歌。
"Thử thời bằng lan thuỳ ngọc trợ,",此時憑欄垂玉箸，
Thử thời diệt chúc liễm thanh nga.,此時滅燭斂青娥。
"Ngọc trợ thanh nga khổ giam oán,",玉箸青娥苦緘怨，
Giam oán hàm tình bất năng thổ.,緘怨含情不能吐。
"Lệ sắc xuân nghiên đào lý hề,",麗色春妍桃李蹊，
Trì huy vãn mị xương bồ phố.,遲輝晚媚菖蒲浦。
"Dữ quân tương tư tại nhị bát,",與君相思在二八，
Dữ quân tương kỳ tại tam ngũ.,與君相期在三五。
"Không trì dạ bị thiếp uyên ương,",空持夜被貼鴛鴦，
Không trì noãn ngọc kình anh vũ.,空持暖玉擎鸚鵡。
"Thanh sam khấp yểm tỳ bà huyền,",青衫泣掩琵琶弦，
Ngân bình nhẫn đối không hầu ngữ.,銀屏忍對箜篌語。
"Không hầu tái đàn nguyệt dĩ vi,",箜篌再彈月已微，
Xuyên lang nhập thát ái tà huy.,穿廊入闥靄斜輝。
"Quy tâm nhật viễn đại đao chiết,",歸心日遠大刀折，
Cực mục thiên nhai phá kính phi.,極目天涯破鏡飛。
"Hồ nhân dĩ yên mã vi gia,",胡人以鞍馬為家，
Xạ lạp vi tục.,射獵為俗。
"Tuyền cam thảo mỹ vô thường xứ,",泉甘草美無常處，
Điểu kinh thú hãi tranh trì trục.,鳥驚獸駭爭馳逐。
"Thuỳ tương Hán nữ giá Hồ nhi,",誰將漢女嫁胡兒，
Phong sa vô tình mạo như ngọc.,風沙無情貌如玉。
"Thân hành bất ngộ Trung Quốc nhân,",身行不遇中國人，
Mã thượng tự tác tư quy khúc.,馬上自作思歸曲。
"Thôi thủ vi tỳ khước thủ bà,",推手為琵卻手琶，
Hồ nhân cộng thính diệc tư ta.,胡人共聽亦咨嗟。
"Ngọc nhan lưu lạc tử thiên nhai,",玉顏流落死天涯，
Tỳ bà khước truyền lai Hán gia.,琵琶卻傳來漢家。
"Hán cung tranh án tân thanh phổ,",漢宮爭按新聲譜，
Di hận dĩ thâm thanh cánh khổ.,遺恨已深聲更苦。
"Tiêm tiêm nữ thủ sinh động phòng,",纖纖女手生洞房，
Học đắc tỳ bà bất hạ đường.,學得琵琶不下堂。
"Bất thức hoàng vân xuất tái lộ,",不識黃雲出塞路，
Khởi tri thử thanh năng đoạn trường.,豈知此聲能斷腸。
"Minh phi sơ xuất Hán cung thì,",明妃初出漢宮時，
Lệ thấp xuân phong mấn cước thuỳ.,淚濕春風鬢腳垂。
"Đê hồi cố ảnh vô nhan sắc,",低回顧影無顏色，
Thượng đắc quân vương bất tự trì.,尚得君王不自持。
"Quy lai khước quái đan thanh thủ,",歸來卻怪丹青手，
Nhập nhãn bình sinh vị tằng hữu.,入眼平生未曾有。
"Ý thái do lai hoạ bất thành,",意態由來畫不成，
Đương thời uổng sát Mao Diên Thọ.,當時枉殺毛延壽。
"Nhất khứ tâm tri cánh bất quy,",一去心知更不歸，
Khả liên trước tận Hán cung y.,可憐著盡漢宮衣。
"Ký thanh dục vấn tái nam sự,",寄聲欲問塞南事，
Chỉ hữu niên niên hồng nhạn phi.,只有年年鴻雁飛。
"Gia nhân vạn lý truyền tiêu tức,",家人萬里傳消息：
Hảo tại chiên thành mạc tương ức.,好在氈城莫相憶；
Quân bất kiến:,君不見：
"Chỉ xích Trường Môn bế A Kiều,",咫尺長門閉阿嬌，
Nhân sinh thất ý vô nam bắc.,人生失意無南北。
"Minh phi sơ giá dữ Hồ nhi,",明妃初嫁與胡兒，
Chiên xa bách lượng giai Hồ ky.,氈車百輛皆胡姬。
"Hàm tình dục ngữ độc vô xứ,",含情欲語獨無處，
Truyền dữ tỳ bà tâm tự tri.,傳與琵琶心自知。
"Hoàng kim can bát xuân phong thủ,",黃金桿撥春風手，
Đàn khán phi hồng khuyến Hồ tửu.,彈看飛鴻勸胡酒。
"Hán cung thị nữ ám thuỳ lệ,",漢宮侍女暗垂淚，
Sa thượng hành nhân khước hồi thủ.,沙上行人卻回首。
"Hán ân tự thiển Hồ ân thâm,",漢恩自淺胡恩深，
Nhân sinh lạc tại tương tri tâm.,人生樂在相知心。
"Khả liên thanh trủng dĩ vu một,",可憐青冢已蕪沒，
Thượng hữu ai huyền lưu chí kim.,尚有哀弦留至今。
"Lão thố hàn thiềm khấp thiên sắc,",老兔寒蟾泣天色，
Vân lâu bán khai Bích tà bạch.,雲樓半開壁斜白。
"Ngọc luân loát lộ thấp đoàn quang,",玉輪軋露濕團光，
Loan bội tương phùng quế hương mạch.,鸞佩相逢桂香陌。
"Hoàng trần thanh thuỷ tam sơn hạ,",黃塵清水三山下，
Canh biến thiên niên như tẩu mã.,更變千年如走馬。
"Dao vọng Tề Châu cửu điểm yên,",遙望齊州九點煙，
Nhất hoằng hải thuỷ bôi trung tả.,一泓海水杯中瀉。
"Cửu khách đa uổng hữu bằng thư,",久客多枉友朋書，
Tố thư nhất nguyệt phàm nhất thúc.,素書一月凡一束。
"Hư danh đãn mông hàn ôn vấn,",虛名但蒙寒溫問，
Phiếm ái bất cứu câu hác nhục.,泛愛不救溝壑辱。
"Xỉ lạc vị thị vô tâm nhân,",齒落未是無心人，
Thiệt tồn sỉ tác cùng đồ khốc.,舌存恥作窮途哭。
"Đạo Châu thủ trát thích phục chí,",道州手札適復至，
Chỉ trường yêu tự tam quá độc.,紙長要自三過讀。
"Doanh bả na tu thương hải châu,",盈把那須滄海珠，
Nhập hoài bản ỷ Côn Sơn ngọc.,入懷本倚崑山玉。
"Bát khí Đàm Châu bách hộc tửu,",撥棄潭州百斛酒，
Vu một Tiêu ngạn thiên châu cúc.,蕪沒瀟岸千株菊。
"Sử ngã trú lập phiền nhi tôn,",使我晝立煩兒孫，
Linh ngã dạ toạ phí đăng chúc.,令我夜坐費燈燭。
"Ức tử sơ uý Vĩnh Gia khứ,",憶子初尉永嘉去，
Hồng nhan bạch diện hoa ánh nhục.,紅顏白面花映肉。
"Quân phù hầu ấn thủ khởi trì,",軍符侯印取豈遲，
Tử yến lục nhĩ hành thậm tốc.,紫燕騄耳行甚速。
"Thánh triều thượng phi chiến đấu trần,",聖朝尚飛戰鬥塵，
Tế thế nghi dẫn anh tuấn nhân.,濟世宜引英俊人。
"Lê nguyên sầu thống hội tô tức,",黎元愁痛會蘇息，
Di địch bạt hỗ đồ thuân tuần.,夷狄跋扈徒逡巡。
"Thụ việt trúc đàn văn ý chỉ,",授鉞築壇聞意旨，
Đồi cương lậu võng kỳ my luân.,頹綱漏網期彌綸。
"Quách Khâm thượng thư kiến đại kế,",郭欽上書見大計，
Lưu Nghị đáp chiếu kinh quần thần.,劉毅答詔驚群臣。
"Tha nhật cánh bộc ngữ bất thiển,",他日更僕語不淺，
Minh công luận binh khí ích chấn.,明公論兵氣益振。
"Khuynh hồ tiêu quản hắc bạch phát,",傾壺簫管黑白髮，
Vũ kiếm sương tuyết xuy thanh xuân.,舞劍霜雪吹青春。
"Yến diên tằng ngữ Tô Quý Tử,",宴筵曾語蘇季子，
Hậu lai kiệt xuất vân tôn tỷ.,後來傑出雲孫比。
"Mao trai định vương thành quách môn,",茅齋定王城郭門，
Dược vật sở lão ngư thương thị.,藥物楚老漁商市。
"Thị bắc khiên dư mỗi liên duệ,",市北肩輿每聯袂，
Quách nam bão úng diệc ẩn kỷ.,郭南抱甕亦隱几。
"Vô số tướng quân tây đệ thành,",無數將軍西第成，
Tảo tác thừa tướng đông sơn khởi.,早作丞相東山起。
"Điểu tước khổ phì thu túc thục,",鳥雀苦肥秋粟菽，
Giao long dục chập hàn sa thuỷ.,蛟龍欲蟄寒沙水。
"Thiên hạ cổ giốc hà thì hưu,",天下鼓角何時休，
Trận tiền bộ khúc chung nhật tử.,陣前部曲終日死。
"Phụ thư dữ Bùi nhân thị Tô,",附書與裴因示蘇，
Thử sinh tỵ quý tu nhân phù.,此生巳愧須人扶。
"Trí quân Nghiêu Thuấn phó công đẳng,",致君堯舜付公等，
Tảo cứ yếu lộ tư quyên khu.,早據要路思捐軀。
"Viễn mục ngưu,",遠牧牛，
Nhiễu thôn tây nam hoà thử trù.,繞村西南禾黍稠。
"Pha trung cơ ô trác ngưu bối,",陂中飢烏啄牛背，
Linh ngã bất đắc hí lũng đầu.,令我不得戲壟頭。
"Nhập pha thảo đa ngưu tán hành,",入陂草多牛散行，
Bạch độc thì hướng lư trung minh.,白犢時向蘆中鳴。
"Cách đê xuy diệp ưng đồng dương,",隔堤吹葉應同佯，
Hoàn cổ trường tiên tam tứ thanh:,還鼓長鞭三四聲：
"“Ngưu ngưu thực thảo mạc tương xúc,",牛牛食草莫相觸，
Quan gia tiệt nhĩ đầu thượng giác!”,官家截爾頭上角！
"Sầm Tham huynh đệ giai hiếu kỳ,",岑參兄弟皆好奇，
Huề ngã viễn lai du Mỹ Bi.,攜我遠來遊渼陂。
"Thiên địa yểm thảm hốt dị sắc,",天地黤慘忽異色，
Ba đào vạn khoảnh đồi lưu ly.,波濤萬頃堆琉璃。
"Lưu ly hãn mạn phiếm chu nhập,",琉璃汗漫泛舟入，
Sự thù hứng cực ưu tư tập.,事殊興極懮思集。
"Đà tác kình thôn bất phục tri,",鼉作鯨吞不復知，
Ác phong bạch lãng hà ta cập.,惡風白浪何嗟及。
"Chủ nhân cẩm phàm tương vi khai,",主人錦帆相為開，
Chu tử hỉ thậm vô phân ai.,舟子喜甚無氛埃。
"Phù ê tán loạn trạo âu phát,",鳧鷖散亂棹謳發，
Ty quản trù thu không thuý lai.,絲管啁啾空翠來。
"Trầm can tục mạn thâm mạc trắc,",沈竿續蔓深莫測，
Lăng diệp hà hoa tĩnh như thức.,菱葉荷花靜如拭。
"Uyển tại trung lưu Bột Hải thanh,",宛在中流渤澥清，
Há quy vô cực chung nam hắc.,下歸無極終南黑。
"Bán pha dĩ nam thuần tẩm sơn,",半陂已南純浸山，
Động ảnh diểu điệu xung dung gian.,動影裊窕冲溶間。
"Thuyền huyền minh kiết vân tế tự,",船舷暝戛雲際寺，
Thuỷ diện nguyệt xuất lam điền quan.,水面月出藍田關。
"Thử thì ly long diệc thổ châu,",此時驪龍亦吐珠，
Phùng Di kích cổ quần long xu.,馮夷擊鼓群龍趨。
"Tương phi, Hán nữ xuất ca vũ,",湘妃漢女出歌舞，
Kim chi thuý kỳ quang hữu vô.,金支翠旗光有無。
"Chỉ xích đãn sầu lôi vũ chí,",咫尺但愁雷雨至，
Thương mang bất hiểu thần linh ý.,蒼茫不曉神靈意。
"Thiếu tráng kỷ thì nại lão hà,",少壯幾時奈老何，
Hướng lai ai lạc hà kỳ đa.,向來哀樂何其多。
"Nam Cung ngọc đường xuân trú tình,",南宮玉堂春晝晴，
Toả song vụ thuỳ u tứ thanh.,瑣窗霧垂幽思清。
"Tiên sinh hung thứ kỷ khâu hác,",先生胸次幾丘壑，
Đạm mặc lạc chỉ thi vô thanh.,淡墨落紙詩無聲。
"Bạch vân diệt một xuân sơn bích,",白雲滅沒春山碧，
Vạn thuỷ lâm ly nguyên khí thấp.,萬水淋漓元氣濕。
"Phong yên tự tích Lộc Môn thâm,",風煙自昔鹿門深，
Tự ái Bàng công bất lãng xuất.,似愛厖公不浪出。
"Tương Dương vân ngoạ tứ di duyệt,",襄陽雲臥思怡悅，
Bất vị nùng tiêm canh xảo chuyết.,不為濃纖更巧拙。
Hư đường sinh bạch định hà như?,虛堂生白定何如，
Ngọc khí trụ không hồng quán nguyệt.,玉氣柱空虹貫月。
"Bạch tửu tân thục sơn trung quy,",白酒新熟山中歸，
Hoàng kê trác thử thu chính phì.,黃雞啄黍秋正肥。
"Hô đồng phanh kê chước bạch tửu,",呼童烹雞酌白酒，
Nhi nữ hi tiếu khiên nhân y.,兒女嬉笑牽人衣。
"Cao ca thủ tuý dục tự uỷ,",高歌取醉欲自慰，
Khởi vũ lạc nhật tranh quang huy.,起舞落日爭光輝。
"Du thuyết vạn thặng khổ bất tảo,",游說萬乘苦不早，
Trước tiên khoá mã thiệp viễn đạo.,著鞭跨馬涉遠道。
"Cối Kê ngu phụ khinh Mãi Thần,",會稽愚婦輕買臣，
Dư diệc từ gia tây nhập Tần.,余亦辭家西入秦。
"Ngưỡng thiên đại tiếu xuất môn khứ,",仰天大笑出門去，
Ngã bối khởi thị bồng hao nhân!,我輩豈是蓬蒿人！
"Thu dã minh, thu phong bạch,",秋野明，秋風白，
Đường thuỷ liêu liêu trùng trách trách.,塘水漻漻蟲嘖嘖。
"Vân căn đài tiển san thượng thạch,",雲根臺蘚山上石，
Lãnh hồng khấp lộ kiều đề sắc.,冷紅泣露嬌啼色。
"Hoang huề cửu nguyệt đạo xoa nha,",荒畦九月稻叉牙，
Trập huỳnh đê phi lũng kính tà.,蟄螢低飛隴徑斜。
"Thạch mạch thuỷ lưu tuyền tích sa,",石脈水流泉滴沙，
Quỷ đăng như tất điểm tùng hoa.,鬼燈如漆點松花。
"Ỷ giang nam thụ thảo đường tiền,",倚江楠樹草堂前，
Cố lão tương truyền nhị bách niên.,故老相傳二百年。
"Tru mao bốc cư tổng vi thử,",誅茅卜居總為此，
Ngũ nguyệt phảng phật văn hàn thiền.,五月仿佛聞寒蟬。
"Đông nam phiêu phong động địa chí,",東南飄風動地至，
Giang phiên thạch tẩu lưu vân khí.,江翻石走流雲氣。
"Càn bài lôi vũ do lực tranh,",乾排雷雨猶力爭，
Căn đoạn tuyền nguyên khởi thiên ý.,根斷泉源豈天意。
"Thương ba lão thụ tính sở ái,",滄波老樹性所愛，
Phố thượng đồng đồng nhất thanh cái.,浦上童童一青蓋。
"Dã khách tần lưu cụ tuyết sương,",野客頻留懼雪霜，
Hành nhân bất quá thính vu lại.,行人不過聽竽籟。
"Hổ đảo long điên uỷ trăn cức,",虎倒龍顛委榛棘，
Lệ ngân huyết điểm thuỳ hung ức.,淚痕血點垂胸臆。
"Ngã hữu tân thi hà xứ ngâm,",我有新詩何處吟，
Thảo đường tự thử vô nhan sắc.,草堂自此無顏色。
"Nam Việt thái hậu Hàm Đan nữ,",南越太后邯鄲女，
Hạo xỉ minh mâu chiếu man thổ.,皓齒明眸照蠻土。
"San hô vy trướng tượng tác sàng,",珊瑚為帳象作牀，
Cẩm tản cao trương kích đồng cổ.,錦繖高張擊銅鼓。
"Thái Dịch trì nội hồng phù dung,",太液池內紅芙蓉，
Tự liên trích tại man yên trung.,自憐謫在蠻煙中。
"Bá Lăng cố nhân yểu vô háo,",灞陵故人杳無耗，
Thâm cung độc khán nam phi hồng.,深宮獨看南飛鴻。
"Tuỳ nhi tác đế tâm bất nguyện,",隨兒作帝心不願，
Duy nguyện tây triều Bá Lương điện.,惟願西朝柏梁殿。
"Mậu Lăng thiếu niên diệc khả nhân,",茂陵少年亦可人，
Khiển lai hải đảo lai tương kiến.,遣來海島來相見。
"Kim nghê dạ liệu long tiên hương,",金猊夜燎龍涎香，
Minh châu dạ chiếu quang hoàng hoàng.,明珠夜照光煌煌。
"Phiên ngu xuẩn điện cách vạn lý,",番禺蠢甸隔萬里，
Kim tịch đắc toại song uyên ương.,今夕得遂雙鴛鴦。
"Bạch thủ tương quân bội ngân ấn,",白首相君佩銀印，
Can qua dục khởi tiêu tường hấn.,干戈欲起蕭牆釁。
"Mạc ngôn nữ tử vô hùng tâm,",莫言女子無雄心，
Trí tửu cung trung tiềm kết trận.,置酒宮中潛結陣。
"Hán gia sứ giả noạ thả nhu,",漢家使者懦且柔，
Tiêm thủ dục tự thao sương mâu.,孅手欲自操霜矛。
"Hồ loan cánh lạc lão thân thủ,",狐鸞竟落老身手，
Khả liên không phấn Hàn Thiên Thu.,可憐空奮韓千秋。
"Lâu thuyền dao duệ sư tứ khởi,",樓船搖曳師四起，
Hoặc xuất Quế Dương hạ than thuỷ.,或出桂陽下灘水。
"Việt lang truy trảm Lữ gia đầu,",越郎追斬呂嘉頭，
Cửu quận đồng quy Hán thiên tử.,九郡同歸漢天子。
"Uý Đà phần thảo kỷ phiên thanh,",尉佗墳草幾番青，
(?) hoành ngọc tỷ sơ thung chân.,◆橫玉璽初從真。
"Đắc (?) khước vy Hàm Đan khuynh,",得◆卻為邯鄲傾，
Ngũ Dương giang liên Tương phố trúc.,五羊江連湘浦竹。
Kiểu hồn ưng bạn Tương phi khốc.,矯魂應伴湘妃哭。
"Ngã gia bản trú tại Hàn Sơn,",我家本住在寒山，
Thạch nham thê tức ly phiền duyên.,石巖棲息離煩緣。
"Mẫn thời vạn tượng vô ngân tích,",泯時萬象無痕跡，
Thư xứ chu lưu biến đại thiên.,舒處周流遍大千。
"Quang ảnh đằng huy chiếu tâm địa,",光影騰輝照心地，
Vô hữu nhất pháp đương hiện tiền.,無有一法當現前。
"Phương tri ma-ni nhất khoả châu,",方知摩尼一顆珠，
Giải dụng vô phương xứ xứ viên.,解用無方處處圓。
"Vũ tuyết bất chỉ nê lộ vu,",雨雪不止泥路迂，
Mã đảo phục địa nhân hạ vô.,馬倒伏地人下無。
"Cư giả bất xuất hành giả chỉ,",居者不出行者止，
Ngọ thị bất hợp nhập không cù.,午市不合入空衢。
"Đạo trung độc hành nãi thuỳ tử,",道中獨行乃誰子，
Ngã giả phụ tịch duyên môn hô:,餓者負席緣門呼：
"""Cao đường thực ẩm khởi vô khí,",「高堂食飲豈無棄，
"Nguyện tòng khuyển trệ cầu kỳ dư.""",願從犬彘求其餘。」
"Nhĩ văn môn khai thân tựu bái,",耳聞門開身就拜，
Bái phục bất khởi hô quần nô.,拜伏不起呼群奴。
"Hầu can vô thanh khốc vô lệ,",喉乾無聲哭無淚，
Dẫn trượng khứ thử tha hà như.,引杖去此他何如。
"Lộ bàng thiếu niên vô sở ngữ,",路傍少年無所語，
Quy thị chỉ thượng hoàn trường hu.,歸視紙上還長吁。
"Gia Lăng giang viễn vọng Nga My,",嘉陵江遠望峨眉，
Mãn địa tàn lô nguyệt thượng thì.,滿地殘蘆月上時。
"Bất quản Cù Đường phong lãng ác,",不管瞿塘風浪惡，
Tiểu bồng song để tự đề thi.,小篷窗底自題詩。
"Bạch Đế thành biên thụ vạn tằng,",白帝城邊樹萬層，
Hoàng Ngưu giáp lý thượng thu đăng.,黃牛峽裡上秋鐙。
"Cô đắc Bì đồng hảo xuân tửu,",沽得郫筒好春酒，
Bất từ phong lộ hạ Ba Lăng.,不辭風露下巴陵。
"Xuất lĩnh nhập lĩnh sơn chung thanh,",出嶺入嶺山鐘聲，
Thượng than hạ than huỳnh hoả minh.,上灘下灘螢火明。
"Nhất chích lô tư dẫn nhân khứ,",一隻鸕鶿引人去，
Tự y phong điệm khán triều sinh.,自欹風簟看潮生。
"Vu sơn Vu giáp mãn thu yên,",巫山巫峽滿秋煙，
Sơn mộc thương thương lãnh đáo thiên.,山木蒼蒼冷到天。
"Lưỡng ngạn viên thanh hưu thái khổ,",兩岸猿聲休太苦，
Thanh Khê quy khách vị tằng miên.,青溪歸客未曾眠。
Ngã tại Ba Đông tam giáp thì,我在巴東三峽時，
Tây khán minh nguyệt ức Nga My,西看明月憶峨眉。
Nguyệt xuất Nga My chiếu thương hải,月出峨眉照滄海，
Dữ nhân vạn lý trường tương tuỳ,與人萬里長相隨。
Hoàng Hạc lâu tiền nguyệt hoa bạch,黃鶴樓前月華白，
Thử trung hốt kiến Nga My khách,此中忽見峨眉客。
Nga My sơn nguyệt hoàn tống quân,峨眉山月還送君，
Phong xuy tây đáo Trường An mạch,風吹西到長安陌。
Trường An đại đạo hoành cửu thiên,長安大道橫九天，
Nga My sơn nguyệt chiếu Tần Xuyên,峨眉山月照秦川。
Hoàng kim sư tử thừa cao toạ,黃金獅子乘高座，
"Bạch Ngọc, Chủ Vĩ đàm Trọng Huyền",白玉麈尾談重玄。
Ngã tự phù vân thế Ngô Việt,我似浮雲殢吳越，
Quân phùng thánh chúa du đan khuyết,君逢聖主遊丹闕。
Nhất chấn cao danh mãn đế đô,一振高名滿帝都，
Quy thì hoàn lộng Nga My nguyệt.,歸時還弄峨眉月。
"Hạ hạn, thu lâm, đông hữu hoàng,",下旱秋霖冬有蝗，
Thử niên sắc sự tẫn kham thương.,此年穡事儘堪傷。
"Bỉ nho mạc tác điều nguyên thoại,",鄙儒莫作調元話，
Nhục thực hương nhân tại miếu đường.,肉食鄉人在廟堂。
"Thiên giáng cơ hoàng bệnh thử dân,",天降饑蝗病此民，
Cô cùng chuyển tỉ cực toan tân.,孤窮轉徙極酸辛。
"Dạ lai phong vũ hàn như hử,",夜來風雨寒如許，
Quá lộ ưng đa thất sở nhân.,過路應多失所人。
"Thiên hạ giáp mã vị tận tiêu,",天下甲馬未盡銷，
Khởi miễn câu hác thường phiêu phiêu.,豈免溝壑常漂漂。
"Kiếm Nam tuế nguyệt bất khả độ,",劍南歲月不可度，
Biên đầu công khanh nhưng độc kiêu.,邊頭公卿仍獨驕。
"Phí tâm cô tức thị nhất dịch,",費心姑息是一役，
Phì nhục đại tửu đồ tương yêu.,肥肉大酒徒相要。
"Ô hô cổ nhân dĩ phân thổ,",嗚呼古人已糞土，
Độc giác chí sĩ cam ngư tiều.,獨覺志士甘漁樵。
"Huống ngã phiêu chuyển vô định sở,",況我飄轉無定所，
Chung nhật thích thích nhẫn ky lữ.,終日戚戚忍羈旅。
"Thu túc sương khê tố nguyệt cao,",秋宿霜溪素月高，
Hỉ đắc dữ tử trường dạ ngữ.,喜得與子長夜語。
"Đông du tây hoàn lực thực quyện,",東遊西還力實倦，
Tòng thử tương thân cánh hà hứa.,從此將身更何許。
"Tri tử tùng căn trường phục linh,",知子松根長茯苓，
Trì mộ hữu ý lai đồng chử.,遲暮有意來同煮。
"Thiếu niên bất thiện tỵ phong hàn,",少年不善避風寒，
Nhất bệnh kinh tuần thượng vị an.,一病經旬尙未安。
"Hạnh đắc ngô thân nguyên khí chính,",幸得吾身元氣正，
Dung tà ưng bất cửu tương can.,容邪應不久相干。
"Ký khán hàn tà hựu khán phong,",既看寒邪又看風，
Dã kham ôn bổ bất kham công.,也堪溫補不堪攻。
"Thử hồi nguyện đắc lương y thủ,",此回願得良醫手，
Nhất nghệ thiên hoa khởi bệnh cung.,一乂天花起病躬。
"Ký bất tiên phòng vị bệnh thì,",既不先防未病時，
Bệnh lai chi hậu thuỷ cầu y.,病來之後始求醫。
"Hộ thân hạnh hữu lục quân tử,",護身幸有六君子，
Tác bệnh hà ưu nhị thụ nhi.,作病何憂二豎兒。
"Niên lai tối đắc âm hư bệnh,",年來最得陰虛病，
Sổ tễ điều nguyên dĩ nhất đường.,數劑調元已一堂。
"Khước hận biểu sơ tà dĩ thấu,",卻恨表疏邪已湊，
Trị tiêu kim thả mịch lương phương.,治消今且覓良方。
"Ngoại trạch phụ,",外宅婦，
Thập nhân kiến giả cửu nhân mộ.,十人見者九人慕。
"Lục mấn khinh doanh châu thuý trang,",綠鬢輕盈珠翠妝，
Kim xuyến hồng thường cơ thể tố.,金釧紅裳肌体素。
"Bần nhân thâu nhãn bất cảm khan,",貧人偷眼不敢看，
Vấn thị thuỳ gia hảo trạch quyến.,問是誰家好宅眷。
"Sính lai bất thức bái cô chương,",聘來不識拜姑嫜，
Trục nhật ỷ diên ca uyển chuyển.,逐日綺筵歌宛轉。
"Nhân vân bản thị tiểu gia nhi,",人云本是小家儿，
Tiền niên giá tác tăng nhân thê.,前年嫁作僧人妻。
"Tăng nhân điền đa sai dịch thiểu,",僧人田多差役少，
Thập niên tích súc đa tài tư.,十年積蓄多財資。
"Tự bàng mãi địa tác ngoại trạch,",寺旁買地作外宅，
Biệt hữu bàng môn thông hạng mạch.,別有旁門通巷陌。
"Chu lâu tứ diện quản huyền thanh,",朱樓四面管弦聲，
Hoàng kim thặng mãi kiều thù sắc.,黃金剩買嬌姝色。
"Lân nhân tá vấn tiểu gia chủ,",鄰人借問小家主，
Duyên hà giá nữ vi tăng phụ?,緣何嫁女為僧婦？
Tiểu gia chủ vân thính ngã ngữ:,小家主云听我語：
“Lão tử bình sinh hữu tam nữ.,『老子平生有三女。
"Nhất nữ giá dữ Trương gia lang,",一女嫁與張家郎，
Tự tòng giá khứ giảm dung quang.,自從嫁去減容光。
"Sản nghiệp ký vi sai dịch trọng,",產業既微差役重，
Quan sai nhật nhật thủ không sàng.,官差日日守空床。
"Nhất nữ giá dữ huyện tiểu lại,",一女嫁與縣小吏，
Tiểu lại đắc tiền cung nhật phí.,小吏得錢供日費。
"Thượng tư tiền nhật hữu công sai,",上司前日有公差，
Sự lực đơn vi vô sở thị.,事力單微無所恃。
"Tiểu nữ giá tăng kim lưỡng thu,",小女嫁僧今兩秋，
Kim châu thuý ngọc đôi mãn đầu.,金珠翠玉堆滿頭。
"Hựu hữu phì thiên sung khẩu phúc,",又有肥羶充口腹，
Ngã gia phá ốc cải tác lâu.”,我家破屋改作樓。』
"Ngoại trạch phụ, mạc sân đố,",外宅婦，莫嗔妒，
Liêm quan nhi nữ đông ý bố.,廉官儿女冬衣布。
"Liệt sĩ kích ngọc hồ,",烈士擊玉壺，
Tráng tâm tích mộ niên.,壯心惜暮年。
"Tam bôi phất kiếm vũ thu nguyệt,",三杯拂劍舞秋月，
Hốt nhiên cao vịnh thế sái liên.,忽然高詠涕灑漣。
"Phụng hoàng sơ há tử nê chiếu,",鳳凰初下紫泥詔，
Yết đế xưng tràng đăng ngự diên.,謁帝稱觴登御筵。
"Du dương cửu trùng vạn thừa chủ,",揄揚九重萬乘主，
Hước lãng xích trì thanh toả hiền.,謔浪赤墀青瑣賢。
"Triêu thiên sổ vãn phi long mã,",朝天數挽飛龍馬，
Sắc tứ san hô bạch ngọc tiên.,敕賜珊瑚白玉鞭。
"Thế nhân bất thức Đông Phương Sóc,",世人不識東方朔，
Đại ẩn Kim Môn thị trích tiên.,大隱金門是謫仙。
"Tây Thi nghi tiếu phục nghi tần,",西施宜笑復宜顰，
Sửu nữ hiệu chi đồ luỵ thân.,丑女效之徒累身。
"Quân vương tuy ái nga mi hảo,",君王雖愛蛾眉好，
Vô nại cung trung đố sát nhân.,無奈宮中妒殺人。
"Lệ vũ phương lâm đối cao các,",麗宇芳林對高閣，
"Tân trang diễm chất bản khuynh thành,",新裝豔質本傾城；
"Ánh hộ ngưng kiều sạ bất tiến,",映戶凝嬌乍不進，
"Xuất duy hàm thái tiếu tương nghinh,",出帷含態笑相迎。
"Yêu cơ kiểm tự hoa hàm lộ,",妖姬臉似花含露，
Ngọc thụ lưu quang chiếu hậu đình.,玉樹流光照後庭。
Quân bất kiến:,君不見：
"Ngô vương cung các lâm giang khởi,",吳王宮閣臨江起，
Bất quyển châu liêm kiến giang thuỷ.,不卷珠簾見江水。
"Hiểu khí tình lai song khuyết gian,",曉氣晴來雙闕間，
Triều thanh dạ lạc thiên môn lý.,潮聲夜落千門裏。
"Câu Tiễn thành trung phi cựu xuân,",句踐城中非舊春，
Cô Tô đài hạ khởi hoàng trần.,姑蘇臺下起黃塵。
"Chỉ kim duy hữu Tây giang nguyệt,",只今唯有西江月，
Tằng chiếu Ngô vương cung lý nhân.,曾照吳王宮裏人。
"Thượng trí thư đường hạ điếu ky,",上置書堂下釣磯，
Mạn lang trần tích thượng y hi.,漫郎陳跡尚依稀。
"Vô đoan nhất thủ hoàng thi tại,",無端一首黄詩在，
Trường dữ giang san khởi thị phi.,長與江山起是非。
"Hình dung Đường sự phiến ngôn trung,",形容唐事片言中，
Nguyên tử văn do hữu cổ phong.,元子文猶有古風。
"Mạc quản khan bi nhân chỉ điểm,",莫管看碑人指點，
Tả bi nhân thị Thái sư công.,寫碑人是太師公。
"Kim niên canh đạo thục khổ trì,",今年粳稻熟苦遲，
Thứ kiến sương phong lai kỷ thì.,庶見霜風來幾時。
"Sương phong lai thì vũ như tả,",霜風來時雨如瀉，
Ba đầu xuất khuẩn liêm sinh y.,杷頭出菌鐮生衣。
"Nhãn khô lệ tận vũ bất tận,",眼枯淚盡雨不盡，
Nhẫn kiến hoàng tuệ ngoạ thanh nê.,忍見黃穗臥青泥。
"Mao thiêm nhất nguyệt lũng thượng túc,",茅苫一月隴上宿，
Thiên tình hoạch đạo tuỳ xa quy.,天晴穫稻隨車歸。
"Hãn lưu kiên trinh tải nhập thị,",汗流肩赬載入市，
Giá tiện khất dữ như khang tê.,價賤乞與如糠粞。
"Mại ngưu nạp thuế sách ốc xuy,",賣牛納稅拆屋炊，
Lự thiển bất cập minh niên cơ.,慮淺不及明年飢。
"Quan kim yêu tiền bất yêu mễ,",官今要錢不要米，
Tây bắc vạn lý chiêu khương nhi.,西北萬里招羌兒。
"Củng, Hoàng mãn triều nhân cánh khổ,",龔黃滿朝人更苦，
Bất tri khước tác hà bá phụ.,不知卻作河伯婦。
"Đề hồ lô,",提壺盧，
"Thụ đầu khuyến tửu thanh tương hô,",樹頭勸酒聲相呼，
Khuyến nhân cô tửu vô xứ cô.,勸人沽酒無處沽。
"Thái Tuế hà niên đương tại Dậu,",太歲何年當在酉，
Xao môn vấn tương hoàn đắc tửu.,敲門問漿還得酒。
"Điền trung hoà tuệ xứ xứ hoàng,",田中禾穗處處黃，
Úng đầu tân lục gia gia hữu.,瓮頭新綠家家有。
"Giang Thành địa chướng phiền thảo mộc,",江城地瘴蕃草木，
Chỉ hữu danh hoa khổ u độc.,只有名花苦幽獨。
"Yên nhiên nhất tiếu trúc ly gian,",嫣然一笑竹籬間，
Đào lý mãn sơn tổng thô tục.,桃李滿山總粗俗。
"Dã tri tạo vật hữu thâm ý,",也知造物有深意，
Cố khiển giai nhân tại không cốc.,故遣佳人在空穀。
"Tự nhiên phú quý xuất thiên tư,",自然富貴出天姿，
Bất đãi kim bàn tiến hoa ốc.,不待金盤薦華屋。
"Châu thần đắc tửu vựng sinh kiểm,",朱唇得酒暈生臉，
Thuý tụ quyển sa hồng ánh nhục.,翠袖卷紗紅映肉。
"Lâm thâm vụ ám hiểu quang trì,",林深霧暗曉光遲，
Nhật noãn phong khinh xuân thuỵ túc.,日暖風輕春睡足。
"Vũ trung hữu lệ diệc thê sảng,",雨中有淚亦凄愴，
Nguyệt hạ vô nhân canh thanh thục.,月下無人更清淑。
"Tiên sinh thực bão vô nhất sự,",先生食飽無一事，
Tán bộ tiêu dao tự môn phúc.,散步逍遙自捫腹。
"Bất vấn nhân gia dữ tăng xả,",不問人家與僧捨，
Trụ trượng xao môn khán tu trúc.,拄杖敲門看修竹。
"Hốt phùng tuyệt diễm chiếu suy hủ,",忽逢絕艷照衰朽，
Thán tức vô ngôn khai bệnh mục.,嘆息無言揩病目。
"Lậu bang hà xứ đắc thử hoa,",陋邦何處得此花，
Vô nãi hảo sự di Tây Thục.,無乃好事移西蜀。
"Thốn căn thiên lý bất dị đáo,",寸根千里不易到，
Hàm tử phi lai định hồng hộc.,銜子飛來定鴻鵠。
"Thiên nhai lưu lạc câu khả niệm,",天涯流落俱可念，
Vị ẩm nhất tôn ca thử khúc.,為飲一樽歌此曲。
"Minh triêu tửu tỉnh hoàn độc lai,",明朝酒醒還獨來，
Tuyết lạc phân phân na nhẫn xúc.,雪落紛紛哪忍觸。
"Ngư Dương đột kỵ do tinh nhuệ,",漁陽突騎猶精銳，
Hách hách Ung Vương đô tiết chế.,赫赫雍王都節制。
"Mãnh tướng phiêu nhiên khủng hậu thì,",猛將飄然恐後時，
Bản triều bất nhập phi cao kế.,本朝不入非高計。
"Lộc Sơn bắc trúc Hùng Vũ thành,",祿山北築雄武城，
Cựu phòng bại tẩu quy kỳ dinh.,舊防敗走歸其營。
"Hệ thư thỉnh vấn Yên kỳ cựu,",系書請問燕耆舊，
Kim nhật hà tu thập vạn binh.,今日何須十萬兵。
"Hồng Môn ngọc đẩu phân như tuyết,",鴻門玉斗紛如雪，
Thập vạn hàng binh dạ lưu huyết.,十萬降兵夜流血。
"Hàm Dương cung điện tam nguyệt hồng,",咸陽宮殿三月紅，
Bá nghiệp dĩ tuỳ yên tẫn diệt.,霸業已隨煙燼滅。
"Cương cường tất tử nhân nghĩa vương,",剛強必死仁義王，
Âm Lăng thất lộ phi thiên vong.,陰陵失路非天亡。
"Anh hùng bản học vạn nhân địch,",英雄本學萬人敵，
Hà dụng tiết tiết bi hồng trang.,何用屑屑悲紅妝。
"Tam quân tán tận tinh kỳ đảo,",三軍散盡旌旗倒，
Ngọc trướng giai nhân toạ trung lão.,玉帳佳人坐中老。
"Hương hồn dạ trục kiếm quang phi,",香魂夜逐劍光飛，
Thanh huyết hoá vi nguyên thượng thảo.,青血化為原上草。
"Phương tâm tịch mịch ký hàn chi,",芳心寂寞寄寒枝，
Cựu khúc văn lai tự liễm my.,舊曲聞來似斂眉。
"Ai oán bồi hồi cảm bất ngữ,",哀怨徘徊感不語，
Kháp như sơ thính Sở ca thì.,恰如初聽楚歌時。
"Thao thao thệ thuỷ lưu kim cổ,",滔滔逝水流今古，
Hán sở hưng vong lưỡng khâu thổ.,漢楚興亡兩丘土。
"Đương niên di sự cửu thành không,",當年遺事久成空，
Khảng khái tôn tiền vị thuỳ vũ.,慷慨樽前為誰舞。
"Hồng Môn ngọc đấu phân như tuyết,",鴻門玉鬥紛如雪，
Thập vạn hàng binh dạ lưu huyết.,十萬降兵夜流血。
"Hàm Dương cung điện tam nguyệt hồng,",鹹陽宮殿三月紅，
Bá nghiệp dĩ tuỳ yên tẫn diệt.,霸業已隨煙燼滅。
"Cương cường tất tử nhân nghĩa vương,",剛強必死仁義王，
Âm lăng thất đạo phi thiên vong.,陰陵失道非天亡。
"Anh hùng bản học vạn nhân địch,",英雄本學萬人敵，
Hà dụng tiết tiết bi hồng trang.,何用屑屑悲紅妝。
"Tam quân bại tận tinh kỳ đảo,",三軍敗盡旌旗倒，
Ngọc trướng giai nhân toạ trung lão.,玉帳佳人坐中老。
"Hương hồn dạ trục kiếm quang phi,",香魂夜逐劍光飛，
Thanh huyết hoá vy nguyên thượng thảo.,清血化為原上草。
"Phương tâm tịch mịch ký hàn chi,",芳心寂寞寄寒枝，
Cựu khúc văn lai tự liễm my.,舊曲聞來似斂眉。
"Ai oán bồi hồi sầu bất ngữ,",哀怨徘徊愁不語，
Kháp như sơ thính Sở ca thì.,恰如初聽楚歌時。
"Thao thao thệ thuỷ lưu kim cổ,",滔滔逝水流今古，
Sở Hán hưng vong lưỡng khâu thổ.,楚漢興亡兩丘土。
"Đương niên di sự tổng thành không,",當年遺事總成空，
Khảng khái tôn tiền vị thuỳ vũ.,慷慨尊前為誰舞。
Ngư ông dạ bạng tây nham túc,漁翁夜傍西巖宿，
Hiểu cấp thanh Tương nhiên Sở trúc.,曉汲清湘燃楚竹。
"Yên tiêu nhật xuất bất kiến nhân,",煙銷日出不見人，
Ái nãi nhất thanh sơn thuỷ lục.,欸乃一聲山水綠。
"Hồi khan thiên tế hạ trung lưu,",迴看天際下中流，
Nham thượng vô tâm vân tương trục.,巖上無心雲相逐。
"Bát nguyệt cửu nguyệt lô hoa phi,",八月九月蘆花飛，
Nam khê lão nhân trùng điếu quy.,南溪老人重釣歸。
"Thu sơn nhập liêm thuý trích trích,",秋山入簾翠滴滴，
Dã đĩnh ỷ hạm vân y y.,野艇倚檻雲依依。
"Khước bả ngư can tầm tiểu kính,",卻把漁竿尋小徑，
Nhàn sơ hạc phát đối tà huy.,閑梳鶴發對斜暉。
"Phiên hiềm tứ hạo tằng đa sự,",翻嫌四皓曾多事，
Xuất vi trữ hoàng định thị phi.,出為儲皇定是非。
"Ngư ông chu bạc đông hải biên,",漁翁舟泊東海邊，
Tiều phu gia trú tây sơn lý.,樵夫家住西山裡。
"Lưỡng nhân hoạt kế sơn thuỷ trung,",兩人活計山水中，
Đông tây lộ cách vạn thiên lý.,東西路隔萬千里。
"Hốt nhiên nhất nhật lai tương phùng,",忽然一日來相逢，
Mãn đầu đoản phát giai bồng tùng.,滿頭短髮皆蓬鬆。
"Bàn hoàn toạ đáo nhật chước ngọ,",盤桓坐到日灼午，
Hỗ tương thoại thuyết tình hà nùng.,互相話說情何濃。
"Nhất vân thâm sơn hữu đại mộc,",一云深山有大木，
Trung hữu mãnh hổ ngật nhân nhục.,中有猛虎吃人肉。
"Bất như bình nguyên thái đoản tân,",不如平原採短薪，
Vô lự vô ưu cánh vô nhục.,無慮無憂更無辱。
"Nhất vân giang thuỷ hữu cự lân,",一云江水有巨鱗，
Thao thiên ba lãng kinh sát nhân.,滔天波浪驚剎人。
"Bất như lô hoa thuỷ thanh thiển,",不如蘆花水清淺，
Ba đào bất tác vô oán tâm.,波濤不作無怨心。
"Ngô kim dữ nhữ yếu tri chỉ,",吾今與汝要知止，
Phàm sự trung gian yếu cẩn thuỷ.,凡事中間要謹始。
"Sinh ý nghi tòng ổn xứ cầu,",生意宜從穩處求，
Mạc nhập cao sơn dữ thâm thuỷ.,莫入高山與深水。
"Tướng quân tích trước tòng sự sam,",將軍昔著從事衫，
Thiết mã trì đột trọng lưỡng hàm.,鐵馬馳突重兩銜。
"Phi kiên chấp nhuệ lược Tây Cực,",披堅執銳略西極，
Côn Lôn nguyệt quật đông tiệm nham.,崑崙月窟東嶄巖。
"Quân môn vũ lâm vạn mãnh sĩ,",君門羽林萬猛士，
Ác nhược hao hổ tử sở giam.,惡若哮虎子所監。
"Ngũ niên khởi gia liệt sương kích,",五年起家列霜戟，
Nhất nhật quá hải thâu phong phàm.,一日過海收風帆。
"Bình sinh lưu bối đồ xuẩn xuẩn,",平生流輩徒蠢蠢，
Trường An thiếu niên khí dục tận.,長安少年氣欲盡。
"Nguỵ hầu cốt tủng tinh sảng khẩn,",魏侯骨聳精爽緊，
Hoa nhạc phong tiêm kiến thu chuẩn.,華岳峰尖見秋隼。
"Tinh triền bảo hiệu kim bàn đà,",星躔寶校金盤陀，
Dạ kỵ thiên tứ siêu thiên hà.,夜騎天駟超天河。
"Sàm thương huỳnh hoặc bất cảm động,",欃槍熒惑不敢動，
Thuý nhuy vân sao tương đãng ma.,翠蕤雲旓相蕩摩。
"Ngô vi tử khởi ca đô hộ,",吾為子起歌都護，
Tửu lan tháp kiếm can đảm lộ.,酒闌插劍肝膽露。
"Câu Trần thương thương phong Huyền Vũ,",鉤陳蒼蒼風玄武，
"Vạn tuế thiên thu phụng minh chủ,",萬歲千秋奉明主，
Lâm giang tiết sĩ an túc số.,臨江節士安足數。
"Ngọc Tuyền chi nam Lộc Sơn thù,",玉泉之南麓山殊，
Đạo Lâm lâm hác tranh bàn hu.,道林林壑爭盤紆。
"Tự môn cao khai Động Đình dã,",寺門高開洞庭野，
Điện cước sáp nhập Xích Sa hồ.,殿腳插入赤沙湖。
"Ngũ nguyệt hàn phong lãnh Phật cốt,",五月寒風冷佛骨，
Lục thì thiên nhạc triều hương lô.,六時天樂朝香爐。
"Địa linh bộ bộ Tuyết sơn thảo,",地靈步步雪山草，
Tăng bảo nhân nhân thương hải châu.,僧寶人人滄海珠。
"Tháp kiếp cung tường tráng lệ địch,",塔劫宮牆壯麗敵，
Hương trù tùng đạo thanh lương câu.,香廚松道清涼俱。
"Liên hoa giao hưởng cộng mệnh điểu,",蓮花交響共命鳥，
Kim bảng song hồi tam túc ô.,金牓雙迴三足烏。
"Phương trượng thiệp hải phí thì tiết,",方丈涉海費時節，
Huyền Phố tầm hà tri hữu vô.,懸圃尋河知有無。
"Mộ niên thả hỉ kinh hành cận,",暮年且喜經行近，
Xuân nhật kiêm mông huyên noãn phù.,春日兼蒙暄暖扶。
"Phiêu nhiên ban bạch thân hề thích,",飄然斑白身奚適，
Bàng thử yên hà mao khả tru.,傍此煙霞茅可誅。
"Đào Nguyên nhân gia dị chế độ,",桃源人家易制度，
Quất Châu điền thổ nhưng cao du.,橘洲田土仍膏腴。
"Đàm phủ ấp trung thậm thuần cổ,",潭府邑中甚淳古，
Thái thú đình nội bất huyên hô.,太守庭內不喧呼。
"Tích tao suy thế giai hối tích,",昔遭衰世皆晦跡，
Kim hạnh lạc quốc dưỡng vi khu.,今幸樂國養微軀。
"Y chỉ lão túc diệc vị vãn,",依止老宿亦未晚，
Phú quý công danh yên túc đồ.,富貴功名焉足圖。
"Cửu vi dã khách tầm u quán,",久為野客尋幽慣，
Tế học Hà Ngung miễn hứng cô.,細學何顒免興孤。
"Nhất trùng nhất yểm ngô phế phủ,",一重一掩吾肺腑，
Sơn điểu sơn hoa ngô hữu vu.,山鳥山花吾友于。
"Tống công phóng trục tằng đề bích,",宋公放逐曾題壁，
Vật sắc phân lưu dữ lão phu.,物色分留與老夫。
"Bệnh cốt cô phi tục nhãn xú,",病鶻孤飛俗眼醜，
Mỗi dạ giang biên túc suy liễu.,每夜江邊宿衰柳。
"Thanh thu lạc nhật dĩ trắc thân,",清秋落日已側身，
Quá nhạn qui nha thố hồi thủ.,過雁歸鴉錯回首。
"Khẩn não hùng tư mê sở hướng,",緊腦雄姿迷所向，
Sơ cách hi mao bất khả trạng.,疏翮稀毛不可狀。
"Cường thần mê phục tạo điêu tiền,",強神迷復皂雕前，
Tuấn tài tảo tại thương ưng thượng.,俊才早在蒼鷹上。
"Phong đào táp táp hàn sơn âm,",風濤颯颯寒山陰，
Hùng bi dục trập long xà thâm.,熊羆欲蟄龍蛇深。
"Niệm nhĩ thử thì hữu nhất trịch,",念爾此時有一擲，
Thất thanh tiễn huyết phi kỳ tâm.,失聲濺血非其心。
"Tam cung hàm bích quốc bộ tuyệt,",三宮銜璧國步絕，
Chúc thiên viêm hoả tuỳ phong diệt.,燭天炎火隨風滅。
"Gián quan hải đạo tục huỳnh quang,",間關海道續螢光，
Lực chiến Nhai Sơn do nhất quyết.,力戰崖山猶一決。
"Ngọ trào nhạc tác binh hợp vi,",午潮樂作兵合圍，
Nhất tự chu băng toại bất chi.,一字舟崩遂不支。
"Tường kỳ đảo bộc bách quan tán,",檣旗倒仆百官散，
Thập vạn kiện nhi phù huyết thi.,十萬健兒浮血尸。
"Hoàng thiên bất di nhất khối nhục,",皇天不遺一塊肉，
Nhất biện hương phần hải chu phúc.,一瓣香焚海舟覆。
"Do hữu cô thần ngoạ tiểu lâu,",猶有孤臣臥小樓，
Nam diện thung dung tựu hình lục.,南面從容就刑戮。
"Hắc vân áp thành thành dục tồi,",黑雲壓城城欲摧，
Giáp quang hướng nhật kim lân khai.,甲光向日金鱗開。
"Giốc thanh mãn thiên thu sắc lý,",角聲滿天秋色裡，
Tái thượng yên chi ngưng dạ tử.,塞上燕脂凝夜紫。
"Bán quyển hồng kỳ lâm Dịch thuỷ,",半捲紅旗臨易水，
Sương trọng cổ hàn thanh bất khởi.,霜重鼓寒聲不起。
"Báo quân Hoàng Kim đài thượng ý,",報君黃金臺上意，
Đề huề Ngọc Long vi quân tử.,提攜玉龍為君死。
"Nhạn trác trác, phi bác bác,",雁啄啄，飛搏搏，
Giang biên ngu nhân phược tăng chước.,江邊虞人縛矰繳。
"Nhân cơ xứ xứ quy nhĩ nhục,",人飢處處規爾肉，
Khởi tri nhạn cơ nhục cánh bạc.,豈知雁飢肉更薄。
"Thành trung mại nhạn bất trị tiền,",城中賣雁不值錢，
Thị nội địch mễ đẩu ngũ thiên.,巿內糴米斗五千。
"Thê nhi chử mi bất cảm bão,",妻儿煮糜不敢飽，
Triêu triêu xạ nhạn xuất giang biên.,朝朝射雁出江邊。
"Bất văn Quan Trung dịch tử thực,",不聞關中易子食，
Không lý vô nhân cốt sinh cức.,空里無人骨生棘。
"Huyện quan chẩn tế văn tự lai,",縣官賑濟文字來，
Nhữ thượng khả sinh đương tự lực.,汝尚可生當自力。
"Nhân nhật đề thi ký thảo đường,",人日題詩寄草堂，
"Dao liên cố nhân, tư cố hương.",遙憐故人思故鄉。
"Liễu điều lộng sắc bất nhẫn kiến,",柳條弄色不忍見，
Mai hoa mãn chi không đoạn trường.,梅花滿枝空斷腸！
"Thân tại nam phiên vô sở dự,",身在南蕃無所預，
Tâm hoài bách ưu phục thiên lự.,心懷百憂復千慮。
"Kim niên nhân nhật không tương ức,",今年人日空相憶，
Minh niên nhân nhật tri hà xứ ?,明年人日知何處？
"Nhất ngoạ Đông Sơn tam thập xuân,",一臥東山三十春，
Khởi tri thư kiếm lão phong trần.,豈知書劍老風塵，
"Long chung hoàn thiểm nhị thiên thạch,",龍鐘還忝二千石，
Quý nhĩ đông tây nam bắc nhân!,愧爾東西南北人！
"Quái sự, quái sự, bất nhẫn văn,",怪事怪事不忍聞，
Bạch trú sát nhân toàn gia khứ.,白晝殺人全家去。
"Quân lại quá giả cố chi tha,",軍吏過者顧之他，
Hương lý tàng nặc bất cảm ngữ.,鄉里藏匿不敢語。
"Ngữ giả thập nhân vô nhất sinh,",語者十人無一生，
Gia gia hôi tận thành phi nhứ.,家家灰盡成飛絮。
"Tróc nhân quan đạo như thâm sơn,",捉人官道如深山，
Vãng lai tinh tán vô nhân cự.,往來星散無人拒。
"Thù giả sách tiền phục sát chi,",讎者索錢復殺之，
Nhân gia ngưu tửu nhật yêm ứ.,人家牛酒日厭飫。
"Triêu tịch hoành hành vi lý lư,",朝夕橫行圍里閭，
Phủ huyện nha biên thời tán xử.,府縣衙邊辰散處。
"Khoảnh khắc liên phá nhị tam thôn,",頃刻連破二三村，
Kinh hoàng tẩu tán lão nhi nữ.,驚惶走散老兒女。
"Thái thậm phất hoạch dĩ chi quan,",太甚弗獲已之官，
Tầm phục nhất không trục dữ trữ.,尋復一空軸與杼。
"Ô hô! Ô hô! Bắc Ninh dân,",嗚呼！嗚呼！北寧民，
Nhất vọng bình nguyên vô hiểm trở.,一望平原無險阻。
"Triều đình uy đức dữ thiên tề,",朝廷威德與天齊，
Thiên hạ đông tây hàm an cư.,天下東西咸安居。
"Hồ vi hồ nhất phương hồng nhạn trường bi minh,",湖為乎一方鴻雁長悲鳴，
Du sinh nhĩ điền hồ cập dã thử.,偷生爾田狐及野鼠。
"Nhất phụ hàm oan lục nguyệt sương,",一婦含冤六月霜，
Huống nãi liên niên điền câu ứ.,況乃連年填溝淤。
"Thiên lý môn môn bất tận văn,",千里門門不盡聞，
Nghi hồ: Xuân lai tật phong dữ tật thử.,宜乎春來疾風與疾暑。
"Tảo vãn tam quân tây tái hồi,",早挽三軍西塞回，
Khan nhĩ bô tru hà xứ sở.,看爾逋誅何處所。
"Nguyện ngôn thủ thổ cấp vi mưu,",願言守土急為謀，
Vật sử văn giả đồ ưu lự.,勿使聞者徒憂慮。
"Trích lưu bất tái vi đồi ba,",滴遛不塞為頹波，
"Đại hoả liệu nguyên, tài nhất cự.",大火燎原纔一炬。
"Đậu thị ngự,",竇侍禦，
"Ký chi tử,",驥之子，
Phụng chi sồ.,鳳之雛。
"Niên vị tam thập trung nghĩa câu,",年未三十忠義俱，
Cốt ngạnh tuyệt đại vô.,骨鯁絕代無。
"Quýnh như nhất đoạn thanh băng xuất vạn hác,",炯如一段清冰出萬壑，
Trí tại nghênh phong hàn lộ chi ngọc hồ.,置在迎風寒露之玉壺。
"Giá tương quy trù kim uyển đống,",蔗漿歸廚金碗凍，
Tẩy địch phiền nhiệt túc dĩ ninh quân khu.,洗滌煩熱足以寧君軀。
"Chính dụng sơ thông hợp điển tắc,",政用疏通合典則，
Thích liên hào quý đam văn nhu.,戚聯豪貴耽文儒。
"Binh cách vị tức nhân vị tô,",兵革未息人未蘇，
Thiên tử diệc niệm tây nam ngu.,天子亦念西南隅。
"Thổ Phồn bằng lăng khí phả thô,",吐蕃憑陵氣頗粗，
Đậu thị kiểm sát ưng thì tu.,竇氏檢察應時須。
"Vận lương thằng kiều tráng sĩ hỉ,",運糧繩橋壯士喜，
Trảm mộc hoả tỉnh cùng viên hô.,斬木火井窮猿呼。
"Bát châu thứ sử tư nhất chiến,",八州刺史思一戰，
Tam thành thủ biên khước khả đồ.,三城守邊卻可圖。
"Thử hành nhập Tần kế vị tiểu,",此行入秦計未小，
Mật phụng thánh chỉ ân nghi thù.,密奉聖旨恩宜殊。
"Tú y xuân đương tiêu hán lập,",繡衣春當霄漢立，
Thái phục nhật hướng đình vi xu.,彩服日向庭闈趨。
"Tỉnh lang kinh doãn tất phủ thập,",省郎京尹必俯拾，
Giang hoa vị lạc hoàn Thành Đô.,江花未落還成都。
"Giang hoa vị lạc hoàn Thành Đô,",江花未落還成都，
Khẳng phỏng Hoán Hoa lão ông vô.,肯訪浣花老翁無。
"Vị quân cô tửu mãn nhãn cô,",為君酤酒滿眼酤，
Dữ nô bạch phạn mã thanh sô.,與奴白飯馬青芻。
"Hữu khách tặng ngã Nhật Bản đao,",有客贈我日本刀，
Ngư tu tác bá thanh ty cảnh.,魚須作靶青絲綆。
"Trùng trùng bích hải phù độ lai,",重重碧海浮渡來，
Thân thượng long văn tạp tảo hạnh.,身上龍文雜藻荇。
"Trướng nhiên đề đao khởi tứ cố,",悵然提刀起四顧，
Bạch nhật cao cao thiên quýnh quýnh.,白日高高天冏冏。
"Mao phát lẫm liệt sinh kê bì,",毛髮凜冽生雞皮，
Toạ thất viêm chưng nhật phương vĩnh.,坐失炎蒸日方永。
"Văn đạo Oa Di sơ chú thành,",聞道倭夷初鑄成，
Kỷ tuế mai tàng trịch thâm tỉnh.,幾歲埋藏擲深井。
"Nhật đào nguyệt luyện hoả khí tận,",日淘月煉火氣盡，
Nhất phiến ngưng băng đấu thanh lãnh.,一片凝冰鬥清冷。
"Trì thử nguyệt trung chước quế thụ,",持此月中斫桂樹，
Cố thố ưng tri tỵ quang cảnh.,顧兔應知避光景。
"Oa Di đồ đao dụng nhân huyết,",倭夷塗刀用人血，
Chí kim ban điểm thuỳ năng chỉnh?,至今斑點誰能整。
"Tinh linh trường dữ đao tương tuỳ,",精靈長與刀相隨，
Thanh tiêu hoảng hiện Di quỷ ảnh.,清宵恍見夷鬼影。
"Nhĩ lai Thát Đát phả kiêu hiệt,",邇來韃靼頗驕黠，
Tạc dạ tam quan hựu văn cảnh.,昨夜三關又聞警。
"Thuỳ năng tương thử hướng Long Sa,",誰能將此向龍沙，
Bôn đằng nhất trảm Thiền Vu cảnh.,奔騰一斬單于頸。
"Cổ lai thần vật dụng hữu thời,",古來神物用有時，
Thả hướng nang trung thí thao dĩnh.,且向囊中試韜穎。
"Nhân sinh thất thập cổ lai thiểu,",人生七十古來少，
Tiền trừ ấu niên hậu trừ lão.,前除幼年後除老。
"Trung gian quang cảnh một đa thì,",中間光景沒多時，
Hựu hữu viêm sương dữ phiền não.,又有炎霜與煩惱。
"Hoa tiền nguyệt hạ đắc cao ca,",花前月下得高歌，
Cấp tu mãn bả kim tôn đảo.,急須滿把金樽倒。
"Thế thượng tiền đa trám bất tận,",世上錢多賺不盡，
Triều lý quan đa tố bất liễu.,朝裏官多做不了。
"Quan đại tiền đa tâm chuyển ưu,",官大錢多心轉憂，
Lạc đắc tự gia đầu bạch tảo.,落得自家頭白早。
"Xuân hạ thu đông niệp chỉ gian,",春夏秋冬捻指間，
Chung tống hoàng hôn kê báo hiểu.,鍾送黄昏雞報曉。
"Thỉnh quân tế điểm nhãn tiền nhân,",請君細點眼前人，
Nhất niên nhất độ mai phương thảo.,一年一度埋芳草。
"Thảo lý cao đê đa thiểu phần,",草里高低多少墳，
Nhất niên nhất bán vô nhân tảo.,一年一半無人掃。
"Tiên sinh xuân thu bát thập ngũ,",先生春秋八十五，
Mang hài trùng đạp Dương Châu thổ.,芒鞋重踏揚州土。
"Cố giao đãn hữu khâu doanh tồn,",故交但有丘塋存，
Bạch Dương tồi tận lưu khô căn.,白楊摧盡留枯根。
"Tích du thúc quá ngũ thập tải,",昔游倏過五十載，
Giang sơn uyển nhiên nhân đại cải.,江山宛然人代改。
"Mãn địa can qua Đỗ lão bần,",滿地干戈杜老貧，
Nang để đồ dư nhất tiền tại.,囊底徒餘一錢在。
"Đào hoa lý hoa tam nguyệt thiên,",桃花李花三月天，
Đồng quân phù trượng thướng ngư thuyền.,同君扶杖上漁船。
"Bôi thâm nhan nhiệt thành thị viễn,",杯深顏熱城市遠，
Khước triển không nang bích thuỷ tiền.,卻展空囊碧水前。
"Tửu nhân nhất kiến giai thuỳ lệ,",酒人一見皆垂淚，
Nãi thị tiên triều Vạn Lịch tiền.,乃是先朝萬歷錢。
"Trắc văn âm sơn Hồ nhi ngữ,",側聞陰山胡兒語，
Tây đầu Nhiệt Hải thuỷ như chử.,西頭熱海水如煮。
"Hải thượng chúng điểu bất cảm phi,",海上眾鳥不敢飛，
Trung hữu lý ngư trường thả phì.,中有鯉魚長且肥。
"Ngạn bàng thanh thảo thường bất hiết,",岸旁青草常不歇，
Không trung bạch tuyết toàn minh diệt.,空中白雪旋明滅。
"Chưng sa luyện thạch nhiên lỗ vân,",蒸沙煉石燃虜雲，
Phí lãng viêm ba tiên Hán nguyệt.,沸浪炎波煎漢月。
"Âm hoả tiềm thiêu thiên địa lô,",陰火潛燒天地爐，
Hà sự thiên hồng tây nhất ngung?,何事偏烘西一隅？
"Thế thôn nguyệt quật xâm Thái Bạch,",勢吞月窟侵太白，
Khí liên xích pha thông Thiền Vu.,氣連赤坡通禪于。
"Tống quân nhất tuý tây sơn quách,",送君一醉西山郭，
Chính kiến tịch dương hải biên lạc.,正見夕陽海邊落。
"Bách đài sương uy hàn bức nhân,",柏台霜威寒逼人，
Nhiệt Hải viêm khí vi chi đoạt.,熱海炎氣為之奪。
"Thuỳ gia lưỡng nô kỵ lưỡng thông,",誰家兩奴騎兩驄，
Thuỳ thị chủ nhân vân tính Tôn.,誰是主人云姓宗。
"Triêu lai mộ khứ giáp nhai thụ,",朝來暮去夾街樹，
Kinh qua yên vụ như du long.,經過煙霧如游龍。
"Vấn mã hà do đắc như thử,",問馬何由得如此，
Hoài An đại đậu thanh tuyền thuỷ.,淮安大豆清泉水。
"Hung phì lưỡng nhạc hoành nan ky,",胸腓兩岳橫難羈，
Vĩ tát viên cầu kiêu dục tử.,尾撒圓球驕欲死。
"Dương xuân tam nguyệt dương liễu phi,",陽春三月楊柳飛，
Kỵ giả hà nhân khán giả hy.,騎者何人看者稀。
"Mai hoa ngân đính cách đái phì,",梅花銀釘革帶肥，
Kinh thành cao mạo tế triệp y.,京城高帽細褶衣。
"Mã yếm hoạn dưỡng nhân hữu uy,",馬厭豢養人有威，
Xuất nhập cố phán sinh quang huy.,出入顧盼生光輝。
"Khứ niên phòng thu Cổ Bắc khẩu,",去年防秋古北口，
Kính phong xuy mã mã nghịch tẩu.,勁風吹馬馬逆走。
"Đối luỹ chung tiêu bất giải yên,",對壘終宵不解鞍，
Thực túc liên triêu bất doanh đẩu.,食粟連朝不盈斗。
"Tướng quân kiến lỗ bão lược quy,",將軍見虜飽掠歸，
Cứ yên tác thế hô tặc tẩu.,据鞍作勢呼賊走。
"Sĩ tốt cửu hỹ tri thử ý,",士卒久矣知此意，
Đả mã truy bôn cận đắc cấu.,打馬追奔僅得彀。
"Thiên hàn mã mao phúc vô thỉ,",天寒馬毛腹無矢，
Cơ trường hoắc hoắc minh sổ lý.,飢腸霍霍鳴數里。
"Bất tri thử xứ đạp hương nê,",不知此處踏香泥
Nhất lộ xuân phong toạ la ỷ.,一路春風坐羅綺
"Hoàng hoa tùng bạn lục tôn tiền,",黃花叢畔綠尊前，
Do hữu ta ta cựu quản huyền.,猶有些些舊管弦。
"Ngẫu ngộ nhuận thu trùng cửu nhật,",偶遇閏秋重九日，
Đông ly độc chước nhất đào nhiên.,東籬獨酌一陶然。
"Tự tòng cửu nguyệt trì trai giới,",自從九月持齋戒，
Bất túy trùng dương thập ngũ niên.,不醉重陽十五年。
"Nhũ yên nhập sào duẩn thành trúc,",乳燕入巢筍成竹，
Thuỳ gia nhị nữ chủng tân cốc.,誰家二女種新榖。
"Vô nhân vô ngưu bất cập lê,",無人無牛不及犁，
Trì đao chước địa phiên tác nê.,持刀斫地翻作泥。
"Tự ngôn “Gia bần mẫu niên lão,",自言家貧母年老，
Trưởng huynh tòng quân vị thú tẩu.,長兄從軍未娶嫂。
"Khứ niên tai dịch ngưu độn không,",去年災疫牛囤空，
Tiệt quyên mãi đao đô thị trung.,截絹買刀都市中。
"Đầu cân yểm diện uý nhân thức,",頭巾掩面畏人識，
Dĩ đao đại ngưu thuỳ dữ đồng?”,以刀代牛誰與同？
"Tỷ muội tương huề tâm chính khổ,",姊妹相攜心正苦，
Bất kiến lộ nhân duy kiến thổ.,不見路人唯見土。
"Sơ thông huề lũng phòng loạn miêu,",疏通畦垅防亂苗，
Chỉnh đốn câu thăng đãi thời vũ.,整頓溝塍待時雨。
"Nhật chính nam cương hạ hướng quy,",日正南岡下餉歸，
Khả liên triều trĩ nhiễu kinh phi.,可憐朝雉擾驚飛。
"Đông lân tây xá hoa phát tận,",東鄰西舍花發盡，
Cộng tích dư phương lệ mãn y.,共惜餘芳淚滿衣。
"Nữ Nhi phố tiền hồ thuỷ lưu,",女兒浦前湖水流，
Nữ Nhi phố khẩu quá Hồ Châu.,女兒浦口過湖州。
"Hồ trung nhật nhật đa phong lãng,",湖中日日多風浪，
Hồ biên nhân nhân hoàn bạch đầu.,湖邊人人還白頭。
"Đại Cô san tiền Nữ Nhi loan,",大孤山前女兒灣，
Đại Cô san hạ lãng như san.,大孤山下浪如山。
"San tiền nhật nhật phong hoà vũ,",山前日日風和雨，
San hạ chu thuyền tự vãng hoàn.,山下舟船自往還。
"Hoàng vân thành biên ô dục thê,",黃雲城邊烏欲棲，
Quy phi nha nha chi thượng đề.,歸飛啞啞枝上啼。
"Cơ trung chức cẩm Tần Xuyên nữ,",機中織錦秦川女，
Bích sa như yên cách song ngữ.,碧紗如煙隔窗語。
"Đình thoa trướng nhiên ức viễn nhân,",停梭悵然憶遠人，
Độc túc cô phòng lệ như vũ.,獨宿孤房淚如雨。
"Lộ hoa tẩy thiên thiên đoạ thuỷ,",露華洗天天墮水，
Chúc quang thiêu vân bán không tử.,燭光燒雲半空紫。
"Tây thi dạ tuý Phù Dung châu,",西施夜醉芙蓉洲，
Kim ty ngọc hoàng thanh yết thu.,金絲玉簧清咽秋。
"Bề cổ tiên nguyệt hành xuân lôi,",鼙鼓鞭月行春雷，
Động phòng hoa mộng hàm bất hồi.,洞房花夢酣不回。
"Cung trung dạ dạ đề thê ô,",宮中夜夜啼栖烏，
Mỹ nhân nhật nhật ca Ngô du.,美人日日歌吳歈。
"Ngô vượng quốc phá ca thanh tuyệt,",吳王國破歌聲絕，
Quỷ hoả thanh huỳnh sinh bích huyết.,鬼火青熒生碧血。
"Thiên niên hoại trủng canh hồ thỏ,",千年坏冢耕狐兔，
Ô hàm chỉ tiền quải khô thụ.,烏啣紙錢挂枯樹。
"Độc lâu vô ngữ mãn nhãn nê,",髑髏無語滿眼泥，
Tằng kiến Ngô vương ca vũ thì.,曾見吳王歌舞時。
Ô dạ đề đề vị thuỳ?,烏夜啼，啼為誰？
Thân tiền hoan lạc thân hậu bi.,身前歡樂身后悲。
"Không lưu sắt oán truyền tương tư,",空留瑟怨傳相思，
"Ô dạ đề, đề biệt ly.",烏夜啼，啼別離。
"Cô Tô đài thượng ô thê thì,",姑蘇台上烏棲時，
Ngô vương cung lý tuý Tây Thi.,吳王宮裡醉西施。
"Ngô ca Sở vũ hoan vị tất,",吳歌楚舞歡未畢，
Thanh sơn dục hàm bán biên nhật.,青山欲含半邊日。
"Ngân tiễn kim hồ lậu thuỷ đa,",銀箭金壺漏水多，
"Khởi khan thu nguyệt truỵ giang ba,",起看秋月墜江波，
Đông phương tiệm cao nại lạc hà.,東方漸高奈樂何。
Quân bất kiến:,君不見:
"Tích nhật Tây Kinh toàn thịnh thì,",昔日西京全盛時，
Phần Âm Hậu Thổ thân tế tự.,汾陰后土親祭祀。
"Trai cung túc tẩm thiết trữ cung,",齋宮宿寢設儲供，
Chàng chung minh cổ thụ vũ kỳ.,撞鐘鳴鼓樹羽旂。
"Hán gia ngũ diệp tài thả hùng,",漢家五葉才且雄，
Tân diên vạn linh triều cửu nhung.,賓延萬靈朝九戎。
"Bách Lương phú thi cao yến bãi,",柏梁賦詩高宴罷，
Chiếu thư pháp giá hạnh Hà Đông.,詔書法駕幸河東。
"Hà Đông thái thú thân tảo trừ,",河東太守親掃除，
Phụng nghinh chí tôn đạo loan dư.,奉迎至尊導鸞輿。
"Ngũ doanh giáp đạo liệt dung vệ,",五營夾道列容衛，
Tam Hà túng quan không lý lư.,三河縱觀空里閭。
"Hồi tinh trú tất giáng linh trường,",回旌駐蹕降靈場，
Phần hương điện tử yêu bách tường.,焚香奠醑邀百祥。
"Kim đỉnh phát sắc chính hỗn hoàng,",金鼎發色正焜煌，
Linh chi vĩ diệp sư cảnh quang.,靈祗煒燁攄景光。
"Mai ngọc trần sinh lễ thần tất,",埋玉陳牲禮神畢，
Cử huy thượng mã thừa dư xuất.,舉麾上馬乘輿出。
"Bỉ Phần chi khúc gia khả du,",彼汾之曲嘉可遊，
"Mộc lan vi tiếp, quế vi chu.",木蘭為楫桂為舟。
"Trạo ca vi ngâm thái nghịch phù,",櫂歌微吟彩鷁浮，
Tiêu cổ ai minh bạch vân thu.,簫鼓哀鳴白雲秋。
"Hoan ngu yến hiệp tứ quần hậu,",歡娛宴洽賜群後，
Gia gia phục trừ hộ ngưu tửu.,家家復除戶牛酒。
"Thanh minh động thiên lạc vô hữu,",聲明動天樂無有，
Thiên thu vạn tuế Nam sơn thọ.,千秋萬歲南山壽。
"Tự tòng thiên tử hướng Tần quan,",自從天子向秦關，
Ngọc liễn kim xa bất phục hoàn.,玉輦金車不復還。
"Châu liêm vũ phiến trường tịch mịch,",珠簾羽扇長寂寞，
Đỉnh Hồ long nhiêm an khả phan.,鼎湖龍髯安可攀。
"Thiên linh nhân sự nhất triêu không,",千齡人事一朝空，
Tứ hải vi gia thử lộ cùng.,四海為家此路窮。
"Hào hùng ý khí kim hà tại,",豪雄意氣今何在，
Đàn trường cung quán tận hao bồng.,壇場宮館盡蒿蓬。
"Lộ phùng cố lão trường thán tức,",路逢故老長嘆息，
Thế sự hồi hoàn bất khả trắc.,世事回環不可測。
"Tích thời thanh lâu đối ca vũ,",昔時青樓對歌舞，
Kim nhật hoàng ai tụ kinh cức.,今日黃埃聚荊棘。
"Sơn xuyên mãn mục lệ triêm y,",山川滿目淚沾衣，
Phú quý vinh hoa năng kỷ thì?,富貴榮華能幾時？
"Bất kiến chích kim Phần thuỷ thượng,",不見只今汾水上，
Duy hữu niên niên thu nhạn phi.,唯有年年秋雁飛。
Hồn hề! Hồn hề! Hồ bất quy?,魂兮！魂兮！胡不歸，
Đông tây nam bắc vô sở y.,東西南北無所依。
"Thướng thiên há địa giai bất khả,",上天下地皆不可，
"Yên, Dĩnh thành trung lai hà vi?",鄢郢城中來何為。
"Thành quách do thị, nhân dân phi,",城郭猶是人民非，
Trần ai cổn cổn ô nhân y.,塵埃滾滾汙人衣。
"Xuất giả khu xa, nhập cứ toạ,",出者驅車入踞坐，
"Toạ đàm lập nghị giai Cao, Quỳ.",坐談立議皆皋夔。
"Bất lộ trảo nha dữ giác độc,",不露爪牙與角毒，
Giảo tước nhân nhục cam như di!,咬嚼人肉甘如飴。
"Quân bất kiến Hồ Nam sổ bách châu,",君不見湖南數百州，
"Chỉ hữu sấu tích, vô sung phì.",只有瘦瘠無充肥。
Hồn hề! hồn hề! suất thử đạo,魂兮！魂兮！率此道，
Tam Hoàng chi hậu phi kỳ thì.,三皇之後非其時。
"Tảo liễm tinh thần phản thái cực,",早斂精神返太極，
"Thận vật tái phản linh nhân xi,",慎勿再返令人嗤。
Hậu thế nhân nhân giai Thượng Quan,後世人人皆上官，
"Đại địa xứ xứ giai Mịch La,",大地處處皆汨羅。
"Ngư long bất thực, sài hổ thực,",魚龍不食豺虎食，
Hồn hề! hồn hề! nại hồn hà?,魂兮！魂兮！奈魂何。
"Hướng hiểu du nhân tư miểu nhiên,",向曉遊人思渺然，
Phong phàm nhất phiến xuất tình yên.,風凡一片出晴煙。
"Tàn tinh ảnh tán đông tây thuỷ,",殘星影散東西水，
Sơ nhật quang phân thượng hạ thiên.,初日光分上下天。
"Điểu ngữ trúc thanh di cổ độ,",鳥語竹聲移古渡，
Hoa minh liễu ám quá tiền xuyên.,花明柳暗過前川。
"Kỳ kiêm thi tửu vi tam hữu,",棋兼詩酒爲三友，
Nhân dữ sư bằng cộng nhất thuyền.,人與師朋共一船。
"Vị lão dung âm kình lục cái,",未老榕陰擎綠蓋，
Sơ sinh hà diệp điệp thanh tiền.,初生荷葉疊青錢。
"Lô tư đắc ý thanh giang mộc,",鸕鷥得意清江沐，
Âu lộ vong cơ bạch nhật miên.,鷗鷺忘機白日眠。
"Tuế nguyệt vô tình thôi bút quản,",歲月無情催筆管，
Long xà tòng thủ trước thi tiên.,龍蛇從手著詩箋。
"Đương thời tự tiếu phi nhàn khách,",當時自笑非閒客，
Khước bị đồng hô tác địa tiên.,卻被童呼作地仙。
"Yên chử vân phàm xứ xứ thông,",煙渚雲帆處處通，
Phiêu nhiên chu tự nhập hư không.,飄然舟似入虛空。
"Ngọc bôi thiển chước tuần sơ tạp,",玉杯淺酌巡初匝，
Kim quản từ xuy khúc vị chung.,金管徐吹曲未終。
"Hoàng giáp hiệt lâm hàn hữu diệp,",黃夾纈林寒有葉，
Bích lưu ly thuỷ tịnh vô phong.,碧琉璃水淨無風。
"Tỵ kỳ phi lộ phiên phiên bạch,",避旗飛鷺翩翻白，
Kinh cổ khiêu ngư bát lạt hồng.,驚鼓跳魚撥剌紅。
"Giản tuyết áp đa tùng yển kiển,",澗雪壓多松偃蹇，
Nham tuyền trích cửu thạch linh lung.,岩泉滴久石玲瓏。
"Thư vi cố sự lưu hồ thượng,",書為故事留湖上，
Ngâm tác tân thi ký Chiết đông.,吟作新詩寄浙東。
"Quân phủ uy dung tòng đạo thịnh,",軍府威容從道盛，
Giang sơn khí sắc định tri đồng.,江山氣色定知同。
"Báo quân nhất sự quân ưng tiện,",報君一事君應羨，
Ngũ túc trừng ba hạo nguyệt trung.,五宿澄波皓月中。
"Phọc Nhung nhân, phọc Nhung nhân!",縛戎人，縛戎人，
"Nhĩ xuyên, diện phá, khu nhập Tần,",耳穿面破驅入秦。
Thiên tử căng liên bất nhẫn sát,天子矜憐不忍殺，
Chiếu tỉ đông nam Ngô dữ Việt.,詔徙東南吳與越。
"Hoàng y tiểu sứ lục tính danh,",黃衣小使錄姓名，
Lĩnh xuất Trường An thừa đệ hành.,領出長安乘遞行。
"Thân bị kim sang, diện đa tích,",身被金創面多瘠，
Phù bệnh đồ hành nhật nhất dịch.,扶病徒行日一驛。
"Triêu xan cơ khát phí bôi bàn,",朝餐飢渴費杯盤，
Dạ ngoạ tinh táo ô sàng tịch.,夜臥腥臊汚牀席。
"Hốt phùng Giang thuỷ ức Giao Hà,",忽逢江水憶交河，
Thuỳ thủ tề thanh ô yết ca.,垂手齊聲嗚咽歌。
Kì trung nhất lỗ ngữ chư lỗ:,其中一虜語諸虜，
"Nhĩ khổ phi đa, ngã khổ đa.",爾苦非多我苦多。
"Đồng bạn hành nhân nhân tá vấn,",同伴行人因借問，
"Dục thuyết hầu trung khí phẫn phẫn,",欲說喉中氣憤憤。
"Tự vân hương quản bản Lương Nguyên,",自云鄉管本涼原，
Đại Lịch niên trung một lạc Phồn.,大曆年中沒落蕃。
"Nhất lạc Phồn trung tứ thập tải,",一落蕃中四十載，
Khiển trước bì cừu hệ mao đới.,遣著皮裘繫毛帶。
"Duy hứa chinh triêu phục Hán nghi,",唯許正朝服漢儀，
"Liễm y chỉnh cân tiềm lệ thuỳ,",斂衣整巾潛淚垂。
"Thệ tâm mật định qui hương kế,",誓心密定歸鄉計，
Bất sử Phồn trung thê tử tri.,不使蕃中妻子知。
"Ám tư hạnh hữu tàn cân lực,",暗思幸有殘筋力，
Cánh khủng niên suy qui bất đắc.,更恐年衰歸不得。
"Phồn hậu nghiêm binh điểu bất phi,",蕃候嚴兵鳥不飛，
Thoát thân mạo tử bôn đào quy.,脫身冒死奔逃歸。
Trú phục tiêu hành kinh đại mạc.,晝伏宵行經大漠，
"Vân âm nguyệt hắc, phong sa ác,",雲陰月黑風沙惡。
"Kinh tàng thanh trủng hàn thảo sơ,",驚藏青冢寒草疎，
Thâu độ Hoàng Hà dạ băng bạc.,偷渡黃河夜冰薄。
"Hốt văn Hán quân bề cổ thanh,",忽聞漢軍鼙鼓聲，
"Lộ bàng tẩu xuất tái bái nghênh,",路傍走出再拜迎。
"Du kị bất thính năng Hán ngữ,",遊騎不聽能漢語，
Tướng quân toại phọc tác Phồn sinh.,將軍遂縛作蕃生。
"Phối hướng Giang Nam ti thấp địa,",配向江南卑濕地，
"Định vô tồn tuất không phòng bị,",定無存卹空防備。
"Niệm thử thôn thanh ngưỡng tố thiên,",念此吞聲仰訴天，
Nhược vi tân khổ độ tàn niên.,若爲辛苦度殘年。
"Lương Nguyên hương tỉnh bất đắc kiến,",涼原鄉井不得見，
Hồ địa thê nhi hư khí quyên.,胡地妻兒虛棄捐。
"Một Phồn bị tù tư Hán thổ,",沒蕃被囚思漢土，
Qui Hán bị kiếp vi Phồn lỗ.,歸漢被劫爲蕃虜。
"Tảo tri như thử hối quy lai,",早知如此悔歸來，
Lưỡng địa ninh như nhất xứ khổ.,兩地寧如一處苦。
Phọc Nhung nhân!,縛戎人，
Nhung nhân chi trung ngã khổ tân.,戎人之中我苦辛。
"Tự cổ thử oan ứng vị hữu,",自古此冤應未有，
Hán tâm Hán ngữ Thổ Phồn thân!,漢心漢語吐蕃身。
"Kim Xương tây lai đới hàn chử,",金閶西來帶寒渚，
Sách sách đan phong đoạ yên vũ.,策策丹楓墮煙雨。
"Ngư hoả thanh huỳnh bạc trạo thời,",漁火青熒泊棹時，
Khách tinh tịch mịch văn chung xứ.,客星寂寞聞鐘處。
"Thuỷ minh nhân tĩnh giang thành cô,",水明人靜江城孤，
Y nhiên lạc nguyệt đề sương ô.,依然落月啼霜烏。
"Hoang lương cổ tự yên mê vu,",荒涼古寺煙迷蕪，
Trương Kế thi thiên kim hữu vô.,張繼詩篇今有無。
"Tạo hoá vô tình bất trạch vật,",造化無情不擇物，
Xuân sắc diệc đáo thâm sơn trung.,春色亦到深山中。
"Sơn đào khê hạnh thiểu ý tứ,",山桃溪杏少意思，
Tự sấn thời tiết khai xuân phong.,自趁時節開春風。
"Khán hoa du nữ bất tri xú,",看花游女不知醜，
Cổ trang dã thái tranh hoa hồng.,古妝野態爭花紅。
"Nhân sinh hành lạc tại miễn cưỡng,",人生行樂在勉強，
Hữu tửu mạc phụ lưu ly chung.,有酒莫負琉璃鍾。
"Chủ nhân vật tiếu hoa dữ nữ,",主人勿笑花與女，
Ta nhĩ tự thị hoa tiền ông.,嗟爾自是花前翁。
"Cửu Giang thập niên đông đại tuyết,",九江十年冬大雪，
Giang thuỷ sinh băng thụ chi chiết.,江水生冰樹枝折。
"Bách điểu vô thực đông tây phi,",百鳥無食東西飛，
Trung hữu lữ nhạn thanh tối ky.,中有旅鴈聲最飢。
"Tuyết trung trác thảo băng thượng túc,",雪中啄草冰上宿，
Sí lãnh đằng không phi động trì.,翅冷騰空飛動遲。
"Giang đồng trì võng bộ thương khứ,",江童持網捕將去，
"Thủ huề nhập thị, sinh mại chi.",手攜入市生賣之。
"Ngã bản bắc nhân kim khiển trích,",我本北人今譴謫，
Nhân điểu tuy thù đồng thị khách.,人鳥雖殊同是客。
"Kiến thử khách điểu thương khách nhân,",見此客鳥傷客人，
"Thục nhữ, phóng nhữ phi nhập vân.",贖汝放汝飛入雲。
Nhạn! Nhạn! Nhữ phi hướng hà xứ?,鴈！鴈！汝飛向何處？
Đệ nhất mạc phi tây bắc khứ!,第一莫飛西北去。
"Hoài Tây hữu tặc thảo vị bình,",淮西有賊討未平，
Bách vạn giáp binh cửu đồn tụ.,百萬甲兵久屯聚。
"Quan quân, tặc quân, tương thủ lão,",官軍賊軍相守老，
Thực tận binh cùng tương cập nhữ.,食盡兵窮將及汝。
Kiện nhi cơ ngã xạ nhữ khiết.,健兒飢餓射汝喫，
Bạt nhữ sí linh vi tiễn vũ.,拔汝翅翎爲箭羽。
"Giang thảo thu cùng tự thu bán,",江草秋窮似秋半，
Thập giác Ngô ngưu phóng giang ngạn.,十角吳牛放江岸。
"Lân khiên để vĩ sạ y ôi,",鄰肩抵尾乍依隈，
Hoành khứ tà bôn hốt phân tán.,橫去斜奔忽分散。
"Hoang pha đoạn tạm vô đoan nhập,",荒陂斷塹無端入，
Bối thượng thì thì cô điểu lập.,背上時時孤鳥立。
"Nhật mộ tương tương đới vũ quy,",日暮相將帶雨歸，
Điền gia yên hoả vi mang thấp.,田家煙火微茫濕。
"Giang thượng nhân gia đào thụ chi,",江上人家桃樹枝，
Xuân hàn tế vũ xuất sơ ly.,春寒細雨出疏籬。
"Ảnh tao bích thuỷ tiềm câu dẫn,",影遭碧水潛勾引，
Phong đố hồng hoa khước đảo xuy.,風妒紅花卻倒吹。
"Xuy hoa khốn điên bàng chu tiếp,",吹花困癲傍舟楫，
Thuỷ quang phong lực câu tương khiếp.,水光風力俱相怯。
"Xích tăng khinh bạc già nhập hoài,",赤憎輕薄遮入懷，
Trân trọng phân minh bất lai tiếp.,珍重分明不來接。
"Thấp cửu phi trì bán nhật cao,",溼久飛遲半日高，
Oanh sa nhạ thảo tế ư mao.,縈沙惹草細於毛。
"Mật phong hồ điệp sinh tình tính,",蜜蜂蝴蝶生情性，
Thâu nhãn tinh đình tỵ bách lao.,偷眼蜻蜓避百勞。
"Phương đông hạp đạp huyền âm tắc,",方冬合遝玄陰塞，
Tạc nhật vãn tình kim nhật hắc.,昨日晚晴今日黑。
"Vạn lý phi bồng ánh thiên qua,",萬里飛蓬映天過，
Cô thành thụ vũ dương phong trực.,孤城樹羽揚風直。
"Giang đào bá ngạn hoàng sa tẩu,",江濤簸岸黃沙走，
Vân tuyết mai sơn thương huỷ hống.,雲雪埋山蒼兕吼。
Quân bất kiến,君不見：
"Quỳ tử chi quốc Đỗ Lăng ông,",夔子之國杜陵翁，
Nha xỉ bán lạc tả nhĩ lung.,牙齒半落左耳聾。
"Chí hiểm mạc trắc hải dữ phong,",至險莫測海與風，
"Chí u bất nhân thử ngư long,",至幽不仁此魚龍，
"Chí tín khả thị hán lưỡng công,",至信可恃漢兩公，
Ký mệnh nhất diệp vạn nhận trung.,寄命一葉萬仞中。
"Tự thử nhi nam tẩy nhữ hung,",自此而南洗汝胸，
Phủ tuần dân di tất thanh thông.,撫循民夷必清通。
"Tự thử nhi bắc đoan nhữ cung,",自此而北端汝躬，
Quật tín cùng đạt thường chính trung.,屈信窮達常正忠。
"Sinh vị nhân anh một dũ hùng,",生為人英沒愈雄，
Thần tuy vô ngôn ý ngã đồng.,神雖無言意我同。
"Quân bất kiến Ngô Hàng độ hà thượng,",君不見吳航渡河上，
Tiêu tiêu đa cổ thụ.,蕭蕭多古樹。
"Thụ căn tích thạch trường thanh đài,",樹根積石長青苔，
Ưng bỉ tích nhân hệ chu xứ.,應比昔人系舟處。
"Tịch mịch hàn triều tự vãng hoàn,",寂寞寒潮自往還，
Quan hà bắc vọng không vân san.,關河北望空雲山。
"Thiên phù Bách Việt vinh quang yết,",天浮百粵榮光歇，
Hải tiếp Tam Ngô bá khí hàn.,海接三吳霸氣寒。
"Ngô vương thành khuyết kỷ thiên tải,",吳王城闕幾千載，
Khả hạm hà niên đáo Mân hải?,舸艦何年到閩海？
"Nguy tường tuấn lỗ trục phiêu phong,",危檣峻櫓逐飄風，
Kim nhật Ngô Hàng danh thượng tại.,今日吳航名尚在。
"Giang thượng niên niên xuân thảo tân,",江上年年春草新，
Thành đầu xa mã vãng lai tần.,城頭車馬往來頻。
"Dã điểu bất tri kinh hậu lại,",野鳥不知驚候吏，
Thuỳ dương không tự tống hành nhân.,垂楊空自送行人。
"Yên sơn bắc khởi cao nga nga,",燕山北起高峨峨，
Đông lưu Dịch thuỷ vô đình ba.,東流易水無停波。
"Bắc phong tiêu tiêu trúc thanh thiết,",北風蕭蕭築聲切，
Tích nhân ư thử tống Kinh Kha.,昔人於此送荊軻。
"Đồ trung chuỷ thủ phi lương kế,",圖中匕首非良計，
Kham thán Yên Đan vô viễn khí.,堪嘆燕丹無遠器。
"Độc lâu không tử Phàn tướng quân,",髑髏空死樊將軍，
Nhật mạc Tần binh mãn Yên thị.,日莫秦兵滿燕市。
"Vãng sự không dư Dịch thuỷ hàn,",往事空餘易水寒，
Bạch linh phi há địa tiêu can.,白翎飛下地椒幹。
"Kinh qua thử địa đối lưu thuỷ,",經過此地對流水，
Tri nhĩ trì trù mã thượng khan.,知爾踟躕馬上看。
"Yên Đài bát thiên dư lý lộ,",燕臺八千餘里路，
Doanh phiên ngọc bạch tuân vương độ.,瀛藩玉帛遵王度。
"Hoàng hoa thịnh tuyển thuộc nho lưu,",皇花盛選屬儒流，
Thô chuyết tự tàm thao giản cố.,麤拙自慚叨簡顧。
"Chính điện xuân thâm phụng bệ từ,",政殿春深奉陛辭，
Tuyên truyền sứ bộ linh ôn dụ.,宣傳使部聆溫諭。
"Chỉ xích uy nhan khúc tứ tuân,",咫尺威顏曲賜詢，
Hàn mặc thừa triêm hỉ thả cụ.,翰墨承霑喜且懼。
"Tinh tiết hàng hàng uý giản thư,",旌節行行畏簡書，
Long Biên thủ tiện ngu ban vũ.,龍邊取便娛斑舞。
"Tinh thiều quyên cát độ trùng quan,",星韶蠲吉度重關，
Đại địa sơn hà sơ dẫn bộ.,大地山河初引步。
"Lịch lịch giang trình hựu lục trình,",歷歷江程又陸程，
Lao nhân phong thử kiêm sương lộ.,勞人風暑兼霜露。
"Hương quốc sầu lai đối tửu lao,",鄉國愁來對酒醪，
Vân sơn hứng đáo thiêm tân cú.,雲山興到添新句。
"Hoa Nguyên thù ứng chước thành quy,",華原酬應酌成規，
Thẩn thị sơ dung hữu mị bổ.,矧是疏慵有靡補。
"Lưu quang thuấn tức hạ tồ thu,",流光瞬息夏徂秋，
Kính lý khán lai thành bạch thủ.,鏡裏看來成白首。
"Dương tiên nhất lộ đạt Yên Đài,",揚鞭一路達燕臺，
Thượng quốc phồn hoa hạnh thân đổ.,上國繁花幸親賭。
"Cấm uyển tuỳ ban bái miện lưu,",禁苑隨班拜冕旒，
Ngọc lâu thị yến linh Thiều hộ.,玉樓侍宴聆韶護。
"Tầm thường hàn mặc hạ thần bao,",尋常翰墨荷宸褒，
Thứ đệ trân kỳ long sủng số.,次第珍奇隆寵數。
"Tối hỉ thừa ân tảo tứ bình,",最喜承恩蚤賜軿，
Am trình nhân lạc lăng yên vụ.,諳程駰駱凌煙霧。
"Hạnh bằng ấm tí bảo an cường,",幸憑蔭庇保安強，
Gián bả thôi xao cung hiểu mộ.,間把推敲供曉暮。
"Khuất chỉ lai xuân nhập Ngọc Môn,",屈指來春入玉門，
"Tản Lĩnh, Lô Giang mịch ngô thổ.",傘嶺瀘江覓吾土。
"Thân vi hoan ngộ thuật tư du,",親圍歡晤述斯遊，
Sắc tiếu đình tiền ca yến tụ.,色笑庭前歌讌聚。
"Trùng chỉnh văn trâm cận ngọc kinh,",重整文簪覲玉京，
Phục mệnh khuyết đình trữ luyến mộ.,復命闕庭抒戀慕。
"Thừa minh Tuyên thất nhĩ xu thương,",承明宣室邇趨蹌，
Tử cấm hương yên huề mãn tụ.,紫禁香煙攜滿袖。
"Thuỳ thủ đương diên ngọc tửu hồng,",垂手當筵玉酒紅，
Hiểu ô đề bãi mộ lâm không.,曉烏啼罷暮林空。
"Thâm sơn băng tuyết hồn vô dụng,",深山冰雪渾無用，
Nhất thụ thừa ân tại Vĩnh Phong.,一樹承恩在永豐。
"Ly tứ thiên công dã bất kham,",離思天公也不堪，
Nhất tinh cao động ảnh tam tam.,一星高動影毿毿。
"Ô ngoa hồng lạp thanh sơn lộ,",烏靴紅笠青山路，
Bất thị Giang Nam thị Hán Nam.,不是江南是漢南。
"Ty mấn liêu thiên cảm phượng sinh,",絲鬢寥天感鳳笙，
Tôn tiền phiên xướng liễu chi tình.,尊前翻唱柳枝情。
"Đông quân bất phạ ly nhân khổ,",東君不怕離人苦，
Cánh khiển minh niên trước ý sinh.,更遣明年著意生。
"Khúc giang thiên khoảnh thu ba tịnh,",曲江千頃秋波淨，
Bình phô hồng vân cái minh kính.,平鋪紅雲蓋明鏡。
"Đại Minh cung trung cấp sự quy,",大明宮中給事歸，
Tẩu mã lai khan lập bất chính.,走馬來看立不正。
"Di ngã minh châu cửu thập lục,",遺我明珠九十六，
Hàn quang ánh cốt thuỵ ly mục.,寒光映骨睡驪目。
"Ngã kim quan nhàn đắc bà sa,",我今官閑得婆娑，
Vấn ngôn “Hà xứ phù dung đa?”,問言何處芙蓉多？
"Sanh chu Côn Minh độ vân cẩm,",撐舟昆明渡雲錦，
Cước xao lưỡng huyền khiếu Ngô ca.,腳敲兩舷叫吳歌。
"Thái Bạch sơn cao tam bách lý,",太白山高三百里，
Phụ tuyết thôi ngôi sáp hoa lý.,負雪摧嵬插花里。
"Ngọc sơn tiền khước bất phục lai,",玉山前卻不復來，
Khúc Giang đinh uynh thuỷ bình bôi.,曲江汀瀅水平杯。
"Ngã thì tương tư bất giác nhất hồi thủ,",我時相思不覺一回首，
Thiên môn cửu phiến tương đương khai.,天門九扇相當開。
"Thượng giới chân nhân túc quan phủ,",上界真人足官府，
Khởi như tán tiên tiên đáp loan phụng chung nhật tương truy bồi.,豈如散仙鞭答鸞鳳終日相追陪。
"Tiểu nô phược kê hướng thị mại,",小奴縛雞向市賣，
Kê bị phọc cấp tương huyên tranh.,雞被縛急相喧爭。
Gia trung yếm kê thực trùng nghị.,家中厭雞食蟲蟻，
Bất tri kê mại hoàn tao phanh.,不知雞賣還遭烹。
"Trùng kê vu nhân hà hậu bạc,",蟲雞于人何厚薄，
Ngô sất nô nhân giải kỳ phọc.,吾叱奴人解其縛。
"Kê trùng đắc thất vô liễu thì,",雞蟲得失無了時，
Chú mục hàn giang ỷ sơn các.,注目寒江倚山閣。
"Kim Lăng cung điện xuân phi vi,",金陵宮殿春霏微，
Giang Nam hoa phát giá cô phi.,江南花發鷓鴣飛。
"Phong lưu quốc chủ gia thiên khẩu,",風流國主家千口，
Thập ngũ xuy tiêu phấn đại hy.,十五吹簫粉黛稀。
"Mãn đường thi tửu giai từ khách,",滿堂詩酒皆詞客，
Thức hãn tranh khan Bình Thúc bạch.,拭汗爭看平叔白。
"“Hậu đình” nhất khúc phong cảnh cải,",後庭一曲風景改，
Thu lệ lâm giang bi cố quốc.,收淚臨江悲故國。
Lệnh công hiến tịch triều Vị Ương.,令公獻籍朝未央。
Sắc thư trúc đệ ưu hàng vương.,敕書築第優降王。
"Nguỵ phu tằng bất thâu chức thất,",魏俘曾不輸織室，
Cung phụng nhất quan lai Vũ Cương.,供奉一官來武彊。
"Tần Hoài triều thuỷ Chung sơn thụ,",秦淮潮水鍾山樹，
Tái bắc Giang Nam dị hoài thổ.,塞北江南易懷土。
"Song yến thanh thu mộng Bách Lương,",雙燕清秋夢柏梁，
Xuy lạc thiên nhai do tịnh vũ.,吹落天涯猶並羽。
"Tương tuỳ vị thị đoạn trường bi,",相隨未是斷腸悲，
Hoàng Hà ưng hữu khước hoàn thì.,黃河應有卻還時。
Ninh tri phiên thủ nhất triều sự?,寧知翻手一朝事？
Chỉ xích hà sơn bất khả kỳ.,咫尺河山不可期。
"Thương hoàng tam cổ Hô Đà ngạn,",倉皇三鼓滹沱岸，
Lương nhân bạch mã kim thuỳ kiến?,良人白馬今誰見？
"Quốc vong gia phá nhất thân tồn,",國亡家破一身存，
Bạc mệnh như bồng tín lưu chuyển.,薄命如蓬信流轉。
"Phương Nghi gia ngã danh tự tân,",芳儀加我名字新，
Giáo ca khiển vũ bất do nhân.,教歌遣舞不由人。
"Thái châu thập thuý y thường hảo,",採珠拾翠衣裳好，
Thâm hồng ám trú kinh sa trần.,深紅暗晝驚沙塵。
"Âm sơn xạ hổ biên phong cấp,",陰山射虎邊風急，
Tào tạp tỳ bà tửu lan khấp.,嘈雜琵琶酒闌泣。
"Vô ngôn sổ biến Thiên Hà tinh,",無言數遍天河星，
Chỉ hữu nam Cơ cận hương ấp.,只有南箕近鄉邑。
"Đương niên thiên chỉ độ giang lai,",當年千指渡江來，
Thiên chỉ bất tri thân độc ai.,千指不知身獨哀。
"Trung Nguyên cốt nhục hựu linh lạc,",中原骨肉又零落，
Hoàng hộc ký ý hà đương hồi.,黃鵠寄意何當回。
"Sinh nam tự hữu tứ phương chí,",生男自有四方志，
Nữ tử na tri xuất môn sự?,女子那知出門事？
"Quân bất kiến: Lý Lăng truỳ kết lão cùng biên,",君不見李陵椎髻老窮邊，
Trượng phu phiêu bạc vưu kham liên.,丈夫漂泊尤堪憐。
"Quỳ châu xử nữ phát bán hoa,",夔州處女發半華，
Tứ thập ngũ thập vô phu gia.,四十五十無夫家。
"Canh tao táng loạn giá bất thụ,",更遭喪亂嫁不售，
Nhất sinh bão hận kham tư ta.,一生抱恨堪咨嗟。
"Thổ phong toạ nam sử nữ lập,",土風坐男使女立，
"Ưng đương môn hộ, nữ xuất nhập.",應當門戶女出入。
"Thập do bát cửu phụ tân quy,",十猶八九負薪歸，
Mại tân đắc tiền ứng cung cấp.,賣薪得錢應供給。
"Chí lão song hoàn chỉ thuỳ cảnh,",至老雙鬟只垂頸，
Dã hoa sơn diệp ngân thoa tịnh.,野花山葉銀釵並。
"Cân lực đăng nguy tập thị môn,",筋力登危集市門，
Tử sinh xạ lợi kiêm diêm tỉnh.,死生射利兼鹽井。
"Diện trang thủ sức tạp đề ngân,",面粧首飾雜啼痕，
Địa biển y hàn khốn thạch căn.,地褊衣寒困石根。
"Nhược đạo Vu sơn nữ thô xú,",若道巫山女粗醜，
Hà đắc thử hữu Chiêu Quân thôn.,何得此有昭君村。
"Tam Sơn vân hải kỷ thiên lý,",三山雲海幾千里，
Thập bức bồ phàm quải yên thuỷ.,十幅蒲帆挂煙水。
"Ngô Trung quá khách mạc tư gia,",吳中過客莫思家，
Giang Nam hoạ thuyền như ốc lý.,江南畫船如屋里。
"Lô nha đoản đoản xuyên bích sa,",蘆芽短短穿碧沙，
Thuyền đầu lý ngư xuy lãng hoa.,船頭鯉魚吹浪花。
"Ngô cơ đãng tương nhập thành khứ,",吳姬蕩槳入城去
Tế vũ tiểu hàn sinh lục sa.,細雨小寒生綠紗。
"Ngã ca Thuỷ điệu vô nhân tục,",我歌水調無人續，
Giang thượng nguyệt lương xuy Tử trúc.,江上月涼吹紫竹。
"Xuân phong nhất khúc Giá cô từ,",春風一曲鷓鴣詞，
Hoa lạc oanh đề mãn thành lục.,花落鶯啼滿城綠。
"Quân bất kiến đạo biên phế khí trì,",君不見道邊廢棄池，
Quân bất kiến tiền giả tồi chiết đồng.,君不見前者摧折桐。
"Bách niên tử thụ trung cầm sắt,",百年死樹中琴瑟，
Nhất hộc cựu thuỷ tàng giao long.,一斛舊水藏蛟龍。
"Trượng phu cái quan sự thuỷ định,",丈夫蓋棺事始定，
"Quân kim hạnh vị thành lão ông,",君今幸未成老翁，
Hà hận tiều tuỵ tại sơn trung.,何恨憔悴在山中。
"Thâm sơn cùng cốc bất khả xứ,",深山窮穀不可處，
Tích lịch võng lượng kiêm cuồng phong.,霹靂魍魎兼狂風。
Tích hữu giai nhân Công Tôn thị,昔有佳人公孫氏，
Nhất vũ kiếm khí động tứ phương.,一舞劍器動四方。
"Quan giả như sơn sắc trở táng,",觀者如山色沮喪，
Thiên địa vi chi cửu đê ngang.,天地為之久低昂。
"Quắc như Nghệ xạ cửu nhật lạc,",霍如羿射九日落，
Kiểu như quần đế tham long tường.,矯如群帝驂龍翔。
"Lai như lôi đình thu chấn nộ,",來如雷霆收震怒，
Bãi như giang hải ngưng thanh quang.,罷如江海凝清光。
"Giáng thần châu tụ lưỡng tịch mịch,",絳脣珠袖兩寂寞，
Vãn hữu đệ tử truyền phân phương.,晚有弟子傳芬芳。
"Lâm Dĩnh mĩ nhân tại Bạch Đế,",臨穎美人在白帝，
Diệu vũ thử khúc thần dương dương.,妙舞此曲神揚揚。
"Dữ dư vấn đáp ký hữu dĩ,",與餘問答既有以，
Cảm thì phủ sự tăng uyển thương.,感時撫事增惋傷。
"Tiên đế thị nữ bát thiên nhân,",先帝侍女八千人，
Công Tôn kiếm khí sơ đệ nhất.,公孫劍器初第一。
"Ngũ thập niên gian tự phản chưởng,",五十年間似返掌，
Phong trần hồng động hôn vương thất.,風塵鴻洞昏王室。
"Lê viên tử đệ tán như yên,",梨園子弟散如煙，
Nữ nhạc dư tư ánh hàn nhật.,女樂餘姿映寒日。
"Kim Túc đôi tiền mộc dĩ củng,",金粟堆前木已拱，
Cù Đường thạch thành thảo tiêu sắt.,瞿塘石城草蕭瑟。
"Đại diên cấp quản khúc phục chung,",玳筵急管曲復終，
Lạc cực ai lai nguyệt đông xuất.,樂极哀來月東出。
"Lão phu bất tri kỳ sở vãng,",老夫不知其所往，
Túc kiển hoang sơn chuyển sầu tật.,足茧荒山轉愁疾。
"Miên Châu giang thuỷ chi đông tân,",綿州江水之東津，
Phường ngư bát bát sắc thắng ngân.,魴魚鱍鱍色勝銀。
"Ngư nhân dạng chu trầm đại võng,",漁人漾舟沈大網，
Tiệt giang nhất ủng sổ bách lân.,截江一擁數百鱗。
"Chúng ngư thường tài tận khước khí,",眾魚常才盡卻棄，
Xích lý đằng xuất như hữu thần.,赤鯉騰出如有神。
"Tiềm long vô thanh lão giao nộ,",潛龍無聲老蛟怒，
Hồi phong táp táp xuy sa trần.,回風颯颯吹沙塵。
"Ung tử tả hữu huy song đao,",饔子左右揮雙刀，
Khoái phi kim bàn bạch tuyết cao.,膾飛金盤白雪高。
"Từ Châu ngốc vĩ bất túc ức,",徐州禿尾不足憶，
Hán âm tra đầu viễn độn đào.,漢陰槎頭遠遁逃。
"Phường ngư phì mỹ tri đệ nhất,",魴魚肥美知第一，
Ký bão hoan ngu diệc tiêu sắt.,既飽歡娛亦蕭瑟。
"Quân bất kiến triêu lai cát tố kết,",君不見朝來割素髻。
Chỉ xích ba đào vĩnh tương thất.,咫尺波濤永相失。
"Sơn hành lạc nhật hạ tuyệt bích,",山行落日下絕壁，
Tây vọng thiên sơn vạn sơn xích.,西望千山萬山赤。
"Thụ chi hữu điểu loạn minh thì,",樹枝有鳥亂鳴時，
Minh sắc vô nhân độc quy khách.,暝色無人獨歸客。
"Mã kinh bất ưu thâm cốc truỵ,",馬驚不懮深谷墜，
Thảo động chỉ phạ trường cung xạ.,草動只怕長弓射。
"An đắc cánh tự Khai Nguyên trung,",安得更似開元中，
Đạo lộ tức kim đa ủng cách.,道路即今多擁隔。
Hiểu thanh long long thôi chuyển nhật.,曉聲隆隆催轉日，
Mộ thanh long long thôi nguyệt xuất.,暮聲隆隆催月出。
"Hán thành hoàng liễu ánh tân liêm,",漢城黃柳映新帘，
Bách lăng phi yến mai hương cốt.,柏陵飛燕埋香骨。
"Chuý toái thiên niên nhật trường bạch,",捶碎千年日長白，
Hiếu Vũ Tần hoàng thính bất đắc.,孝武秦皇聽不得。
"Tòng quân thuý phát lô hoa sắc,",從軍翠髮蘆花色，
Độc cộng Nam sơn thủ trung quốc.,獨共南山守中國。
"Kỷ hồi thiên thượng táng thần tiên,",幾回天上葬神仙，
Lậu thanh tương tương vô đoạn tuyệt.,漏聲相將無斷絕。
"Loạn phi sa cầm phệ thôn cẩu,",亂飛沙禽吠村狗，
Quan quân dạ du Cốc Thành khẩu.,官軍夜逾谷城口。
"Đại thuyền tiểu thuyền tranh tỵ hành,",大船小船爭避行，
Trưởng niên thôn thanh phục dao thủ.,長年吞聲復搖手。
"Cẩm bào tú phục nguyệt trung minh,",錦袍繡箙月中明，
Ngưu nhục thô phì đồng nhũ thanh.,牛肉粗肥挏乳清。
"Hồ cầm sưu biến Y Lương khúc,",胡琴搜遍伊涼曲，
Tận thị băng xa thiết mã thanh.,盡是冰車鐵馬聲。
"Quan san thu thảo phong tiêu sắt,",關山秋草風蕭瑟，
Thú giác bi già thinh bất đắc.,戍角悲笳聽不得。
"Nguyệt chiếu chinh nhân vọng viễn tâm,",月照征人望遠心，
Sương xuy mộ mã thương hoàng sắc.,霜吹暮馬蒼黃色。
"Hoàng vân ảm ảm một Kim Vi,",黃雲黯黯沒金微，
Vạn lý vô nhân nhất nhạn phi.,萬里無人一雁飛。
"Cố hương thử dạ hàn châm lệ,",故鄉此夜寒砧淚，
Tận nhập sa trường chiến sĩ y.,盡入沙場戰士衣。
"Hoà Nhung chiếu hạ thập ngũ niên,",和戎詔下十五年，
Tướng quân bất chiến không lâm biên.,將軍不戰空臨邊。
"Chu môn trầm trầm án ca vũ,",朱門沉沉按歌舞，
Cứu mã phì tử cung đoạn huyền.,廄馬肥死弓斷弦。
"Thú lâu điêu đẩu thôi lạc nguyệt,",戍樓刁斗催落月，
Tam thập tòng quân kim bạch phát.,三十從軍今白發。
"Địch lý thuỳ tri tráng sĩ tâm,",笛里誰知壯士心，
Sa đầu không chiếu chinh nhân cốt.,沙頭空照征人骨。
"Trung Nguyên can qua cổ diệc văn,",中原干戈古亦聞，
Khởi hữu nghịch Hồ truyền tử tôn.,豈有逆胡傳子孫！
"Di dân nhẫn tử vọng khôi phục,",遺民忍死望恢復，
Kỷ xứ kim tiêu thuỳ lệ ngân.,幾處今宵垂淚痕！
"Cối Kê cựu sự quân tu ký,",會稽舊事君須記，
"Hoan, Ái do tồn thập vạn binh.",驩愛猶存十萬兵。
"Kim tịch hà tịch đăng mãn đường,",今夕何夕燈滿堂，
Kim thoa dạ vũ hoa sắt bàng.,金釵夜舞華瑟傍。
"Hương phong phách duệ hồng hà cử,",香風拍袂紅霞舉，
Ngọc uyển kiểu kiểu lăng hư tường.,玉腕矯矯凌虛翔。
"Phiêu phiêu vân bộ đãng khinh bội,",飄飄雲步蕩輕佩，
Bát loan hiệp luật minh thương thương.,八鸞協律鳴鏘鏘。
"Hoa nhu ngọc nhuyễn lưỡng vô lực,",花柔玉軟兩無力，
Uyển chuyển ứng tiết tuỳ đê ngang.,宛轉應節隨低昂。
"Bàn thân tồn phục quy hạc tức,",蟠身蹲伏龜鶴息，
Diên cảnh trực trĩ ly long trường.,延頸直跱螭龍長。
"Minh châu viên chuyển bàn tứ giác,",明珠圓轉盤四角，
Tân liên niểu na ba trung ương.,新蓮裊娜波中央。
"Phồn ca cấp điệu tương bách xúc,",繁歌急調相迫促，
Tử yến song nhập hư liêm mang.,紫燕雙入虛帘忙。
"Phấn chi ngưng hãn chu nhan phát,",粉脂凝汗朱顏發，
Minh nguyệt không lương thiêm tố quang.,明月空梁添素光。
"Toạ trung hào khách Yên Triệu sản,",座中豪客燕趙產，
Khoái thưởng nhất cử liên thập thương.,快賞一舉連十觴。
"Ngô tài tuy bất thăng bôi chước,",吳才雖不勝杯酌，
Năng ốc ỷ bút huy từ chương.,能握綺筆揮詞章。
"Liêu thù nhất khúc đương kiêm tố,",聊酬一曲當縑素，
Thanh uyển bất nhượng Tầm Dương lang.,清婉不讓潯陽郎。
"Tầm Dương thế tứ khổ bất túc,",潯陽涕泗苦不足，
Phong lưu cự cập Ngô tài cuồng.,風流詎及吳才狂。
"Lâu đài thử địa hà nguy nguy,",樓臺此地何巍巍，
Đệ nhất quận công chi sinh từ.,第一郡公之生祠。
"Công tại tứ thì tập quan đới,",公在四時集冠帶，
Đắc dự giả hỉ bất dự bi.,得豫者喜不豫悲。
"Công khứ quan đới bất phục tập,",公去冠帶不復集，
Hương hoả tịch tịch hoà ly ly.,香火寂寂禾離離。
"Đãn kiến đệ nhị vô danh công,",但見第二無名公，
Triêu tịch huề trượng lai vu tư.,朝夕攜杖來于斯。
"Trần gian hưng phế đẳng nhàn sự,",塵間興廢等閒事，
Bất tri cửu tuyền thuỳ dữ quy.,不知九泉誰與歸。
"Thuỷ ngưu duệ ách ma cam giá,",水牛曳軛磨甘蔗，
Cam giá hợp thúc tận đảo phá.,甘蔗合束盡搗破。
"Mật tương điểm trích thôi ma để,",密漿點滴推磨底，
Ma thanh quát ngạn động hành quá.,磨聲聒岸動行過。
"Luân chuyển như hử cực phiền trọng,",輪轉如許極煩重，
Hoạn dưỡng do nhân bất đắc hạ.,豢養由人不得暇。
"Bất kiến thâm sơn loan động trung,",不見深山巒洞中，
Thập bách thành quần khiết lâm dã.,十百成羣囓林野。
"Thục quỳ hoa khai khai phục lạc,",蜀葵花開開復落，
Hoàng kim mãn địa thu phong ác.,黃金滿地秋風惡。
"Lương nhân viễn khứ bất quy gia,",良人遠去不歸家，
Thu phong xuy lạc Thục quỳ hoa.,秋風吹落蜀葵花。
"Thục quỳ hoa lạc khai phục hảo,",蜀葵花落開復好，
Lương nhân bất quy sầu dục lão.,良人不歸愁欲老。
"Lương phong khởi hề thiên vẫn sương,",涼風起兮天隕霜，
"Hoài quân tử hề diểu nan vương,",懷君子兮渺難望，
Cảm dư tâm hề đa khái khảng.,感予心兮多慨慷。
"Phong tùng lộ trúc hàn tiêu tiêu,",風松露竹寒瀟瀟，
Nhãn tiền bách vật câu linh điêu.,眼前百物俱零凋。
"Thanh sam du tử cảm thì biến,",青衫遊子感時變，
Tư thân ngôn quy tâm diêu diêu.,思親言歸心搖搖。
"Khởi vô tri kỷ đồng tiếu ngạo,",豈無知己同笑傲，
Khởi vô thuần lư xưng tình hảo.,豈無蓴鱸稱情好。
"Độc liên bất kiến ỷ môn thân,",獨憐不見倚門親，
Lệ sái tây phong ức huyên thảo.,淚灑西風憶萱草。
"Điền phu phao ương điền phụ tiếp,",田夫拋秧田婦接，
Tiểu nhi bạt ương đại nhi sáp.,小兒拔秧大兒插。
"Lạp thị đâu mâu thoa thị giáp,",笠是兜鍪蓑是甲，
Vũ tòng đầu thượng thấp đáo giáp.,雨從頭上濕到胛。
"Hoán cừ triêu xan yết bán thiếp,",喚渠朝餐歇半霎，
Đê đầu chiết yêu chỉ bất đáp.,低頭折腰只不答。
"Ương căn vị lao thì vị tạp,",秧根未牢蒔未匝，
Chiếu quản nga nhi dữ sồ áp.,照管鵝兒與雛鴨。
"Đông giao sấu mã sử ngã thương,",東郊瘦馬使我傷，
"Cốt cách lột ngột như đổ tường,",骨骼硉兀如堵牆。
"Bạn chi dục động chuyển y trắc,",絆之欲動轉欹側，
Thử khởi hữu ý nhưng đằng tương.,此豈有意仍騰驤。
"Tế khan lục ấn đới quan tự,",細看六印帶官字，
Chúng đạo tam quân di lộ bàng.,眾道三軍遺路旁。
"Bì can bác lạc tạp nê chỉ,",皮幹剝落雜泥滓，
Mao ám tiêu điều liên tuyết sương.,毛暗蕭條連雪霜。
"Khứ tuế bôn ba trục dư khấu,",去歲奔波逐餘寇，
Hoa lưu bất quán bất đắc tương.,驊騮不慣不得將。
"Sĩ tốt đa kỵ nội cứu mã,",士卒多騎內廄馬，
Trù trướng khủng thị bệnh thừa hoàng.,惆悵恐是病乘黃。
"Đương thời lịch khối ngộ nhất quyết,",當時曆塊誤一蹶，
Uỷ khí phi nhữ năng chu phòng.,委棄非汝能周防。
"Kiến nhân thảm đạm nhược ai tố,",見人慘澹若哀訴，
Thất chủ thố mạc vô tinh quang.,失主錯莫無晶光。
"Thiên hàn viễn phóng nhạn vi bạn,",天寒遠放雁為伴，
Nhật mộ bất thu ô trác sang.,日暮不收烏啄瘡。
"Thuỳ gia thả dưỡng nguyện chung huệ,",誰家且養願終惠，
Cánh thí minh niên xuân thảo trường.,更試明年春草長。
Quân bất kiến:,君不見：
"Tả phụ bạch sa như bạch thuỷ,",左輔白沙如白水，
Liễu dĩ chu tường bách dư lý.,繚以周牆百餘裏。
"Long môi tích thị Ốc Oa sinh,",龍媒昔是渥窪生，
Hãn huyết kim xưng hiến ư thử.,汗血今稱獻於此。
"Uyển trung lai tẫn tam thiên thất,",苑中騋牝三千匹，
Phong thảo thanh thanh hàn bất tử.,豐草青青寒不死。
"Thực chi hào kiện Tây Vực vô,",食之豪健西域無，
Mỗi tuế công câu quán biên bỉ.,每歲攻駒冠邊鄙。
"Vương hữu hổ thần ty uyển môn,",王有虎臣司苑門，
Nhập môn thiên cứu giai vân đồn.,入門天廄皆雲屯。
"Túc sương nhất cốt độc đương ngự,",驌驦一骨獨當禦，
Xuân thu nhị thì quy chí tôn.,春秋二時歸至尊。
"Chí tôn nội ngoại mã doanh ức,",至尊內外馬盈億，
Phục lịch tại quynh không đại tồn.,伏櫪在坰空大存。
"Dật quần tuyệt túc tín thù kiệt,",逸群絕足信殊傑，
Thích thảng quyền kỳ nan cụ luân.,倜儻權奇難具論。
"Luy luy đôi phụ tàng bôn đột,",纍纍塠阜藏奔突，
Vãng vãng pha đà tung siêu việt.,往往坡陀縱超越。
"Giác tráng phiên đồng my lộc du,",角壯翻同麋鹿遊，
Phù thâm bá đãng ngoan đà quật.,浮深簸蕩黿鼉窟。
"Tuyền xuất cự ngư trưởng tỉ nhân,",泉出巨魚長比人，
Đan sa tác vĩ hoàng kim lân.,丹砂作尾黃金鱗。
"Khởi tri dị vật đồng tinh khí,",豈知異物同精氣，
Tuy vị thành long diệc hữu thần.,雖未成龍亦有神。
"Tâm chi sinh hề sinh tử sinh,",心之生兮生死生，
Tâm chi diệt hề sinh tử diệt.,心之滅兮生死滅。
"Sinh tử nguyên lai tự tính không,",生死元來自性空，
Thử huyễn hoá thân diệc đương diệt.,此幻化身亦當滅。
"Phiền não Bồ đề ám tiêu ma,",煩惱菩提暗消磨，
Địa ngục thiên đường tự khô kiệt.,地獄天堂自枯竭。
"Hoạch thang lô thán đốn thanh lương,",鑊湯爐炭頓清涼，
Kiếm thụ đao sơn lập tồi chiết.,劍樹刀山立摧折。
"Thanh văn toạ thiền ngã vô toạ,",聲聞坐禪我無坐，
Bồ Tát thuyết pháp ngã thực thuyết.,菩薩說法我實說。
"Sinh tự vọng sinh tử vọng tử,",生自妄生死妄死，
Tứ đại bản không tòng hà khỉ?,四大本空從何起。
"Mạc vi khát lộc sấn dương diễm,",莫為渴鹿趁陽燄，
Đông tẩu tây trì vô tạm dĩ.,東走西馳無暫已。
"Pháp thân vô khứ diệc vô lai,",法身無去亦無來，
Chân tính vô phi diệc vô thị.,真性無非亦無是。
"Đáo gia tu tri bãi vấn trình,",到家須知罷問程，
Kiến nguyệt an năng khổ tầm chỉ.,見月安能苦尋指。
"Ngu nhân điên đảo bố sinh tử,",愚人顛倒怖生死，
Trí giả đạt quan nhàn nhi dĩ.,智者達官閑而已。
"Ngu nhân điên đảo bố sinh tử,",愚人顛倒怖生死，
Trí giả đạt quan nhàn nhi dĩ.,智者達官閑而已。
"Không lâm vẫn diệp mộ ô đề,",空林隕葉暮烏啼，
Vân thuỷ điều điều cách Hoàn Khê.,雲水迢迢隔皖溪。
"Dạ phát Thương Ngô hàn mộng viễn,",夜發蒼梧寒夢遠，
Sở thiên lãng nguyệt chiếu lâu tê.,楚天朗月照樓西。
"Bạc mệnh đồng ly cốt nhục ai,",薄命同罹骨肉哀，
Thiên nhai thư tín viễn nan lai.,天涯書信遠難來。
"Sầu tâm bất tự quy hồng ảnh,",愁心不似歸鴻影，
Năng trục Tương giang dạ nguyệt hồi.,能逐湘江夜月回。
"Nhật nhật sơn, nhật nhật sơn,",日日山日日山，
"Dạ bất hành sơn, diệc tại sơn.",夜不行山亦在山。
"Đê dữ thương ba chuyển,",低與蒼波轉，
Cao dữ bạch vân phan.,高與白雲攀。
"Tứ diện vi nhân xuyên nhất khích,",四面圍人穿一隙，
Trung đồ tuyệt địa toả trùng quan.,中涂絕地鎖重關。
"Đại tế nhật nguyệt tiểu tế dã,",大蔽日月小蔽野，
"Tiêm như kiếm kích, viên như hoàn.",尖如劍戟圓如圜。
"Cánh hữu đoàn sa ế hải ngạn,",更有團沙翳海岸，
Thế nhược ba đào bôn tẩu gian.,勢若波濤奔走間。
"Hưu tương hình tự di tình tính,",休將形似遺情性，
Thiên thiết địa tàng phi nhất ban.,天設地藏非一般。
"Quân mạc học Thục cuồng tuý khách,",君莫學蜀狂醉客，
Sảo bất xứng tình tiện ta hành lộ gian.,稍不稱情便嗟行路艱。
"Gian tai hữu thậm ư sơn giả,",艱哉有甚於山者，
Thế tình vãng vãng ố không hoàn.,世情往往惡空圜。
"Vân An sơn lâu dạ xuy địch,",雲安山樓夜吹笛，
Giang thượng triều bình tống hành khách.,江上潮平送行客。
"Tam Ba nhất dạ thu dĩ sinh,",三巴一夜秋已生，
Giang thuyền dục khai văn địch thanh.,江船欲開聞笛聲。
"Địch thanh ô yết lâu đầu khởi,",笛聲嗚咽樓頭起，
Nguyệt minh xuy lạc Ba giang thuỷ.,月明吹落巴江水。
"Thuỳ thị Ngô Tùng Trương Quý Ưng,",誰是吳淞張季鷹，
Thuần lư quy tứ thu phong lý.,蓴鱸歸思秋風裡。
"Lan can bách chiết xuyên điểu sào,",闌干百折穿鳥巢，
Cước hạ táp táp văn giang đào.,腳下颯颯聞江濤。
"Xuất giáp hoàn sầu dạ viên cấp,",出峽還愁夜猿急，
Cử đầu duy kiến thương nhai cao.,舉頭惟見蒼崖高。
"Chu nhân thôi khách tiền than trú,",舟人催客前灘住，
Tửu tỉnh mộng giác tri hà xứ.,酒醒夢覺知何處。
"Bồng ảnh toàn già giáp khẩu yên,",篷影全遮硤口煙，
Lỗ thanh do nhiễu lâu tiền thụ.,櫓聲猶繞樓前樹。
"Kim dạ sơn lâu tống khách quy,",今夜山樓送客歸，
Kỷ thời xuy địch cố viên phi.,幾時吹笛故園扉。
"Tha hương mạc vong thù du tửu,",他鄉莫忘茱萸酒，
Chỉ đãi Giang Nam bạch nhạn phi.,只待江南白雁飛。
"Ngã hành Sơn Nam dĩ tam nhật,",我行山南已三日，
Như thằng đại đạo đông tây xuất.,如繩大道東西出。
"Bình xuyên ốc dã vọng bất tận,",平川沃野望不儘，
Mạch lũng thanh thanh tang uất uất.,麥隴青青桑鬱鬱。
"Địa cận Hàm Tần khí tục hào,",地近函秦氣俗豪，
Thu thiên xúc cúc phân bằng tào.,秋千蹴鞠分朋曹。
"Mục túc liên vân mã đề kiện,",苜蓿連云馬蹄健，
Dương liễu giáp đạo xa thanh cao.,楊柳夾道車聲高。
"Cổ lai lịch lịch hưng vong xứ,",古來曆曆興亡處，
Cử mục sơn xuyên thượng như cố.,舉目山川尚如故。
"Tướng quân đàn thượng lãnh vân đê,",將軍壇上冷云低，
Thừa tướng từ tiền xuân nhật mộ.,丞相祠前春日暮。
"Quốc gia tứ kỷ thất Trung nguyên,",國家四紀失中原，
Sư xuất Giang Hoài vị dị thôn.,師出江淮未易吞。
"Hội khan kim cổ tòng thiên hạ,",會看金鼓從天下，
Khước dụng Quan Trung tác bản căn.,卻用關中作本根。
"Sơn thạch lạc xác hành kính vi,",山石犖確行徑微，
Hoàng hôn đáo tự biển bức phi.,黃昏到寺蝙蝠飛。
"Thăng đường toạ giai tân vũ túc,",升堂坐階新雨足，
Ba tiêu diệp đại chi tử phì.,芭蕉葉大支子肥。
"Tăng ngôn cổ bích phật hoạ hảo,",僧言古壁佛畫好，
Dĩ hoả lai chiếu sở kiến hy.,以火來照所見稀。
"Phô sàng phất tịch trí canh phạn,",鋪床拂席置羹飯，
Sơ lệ diệc túc bão ngã cơ.,疏糲亦足飽我饑。
"Dạ thâm tĩnh ngoạ bách trùng tuyệt,",夜深靜臥百蟲絕，
Thanh nguyệt xuất lĩnh quang nhập phi.,清月出嶺光入扉。
"Thiên minh độc khứ vô đạo lộ,",天明獨去無道路，
Xuất nhập cao hạ cùng yên phi.,出入高下窮煙霏。
"Sơn hồng giản bích phân lạn mạn,",山紅澗碧紛爛漫，
Thì kiến tùng lịch giai thập vi.,時見松櫪皆十圍。
"Đương lưu xích túc tháp giản thạch,",當流赤足蹋澗石，
Thuỷ thanh kích kích phong xuy y.,水聲激激風吹衣。
"Nhân sinh như thử tự khả lạc,",人生如此自可樂，
Khởi tất cục thúc vi nhân ky.,豈必局束為人鞿。
"Ta tai ngô đảng nhị tam tử,",嗟哉吾黨二三子，
An đắc chí lão bất cánh quy.,安得至老不更歸。
"Bồng Lai tử khí ôn như ngọc,",蓬萊紫氣溫如玉，
"Duy dư tri nhĩ “Dương xuân khúc”,",唯予知爾陽春曲，
Biệt lai kỷ nhật phương tôn lục.,別來幾日芳蓀綠。
"Bách hoa tửu mãn bất kiến quân,",百花酒滿不見君，
Thanh sơn nhất vọng tâm đoạn tục.,青山一望心斷續。
"Hùng lôi chấn không Lục Giáp khu,",雄雷震空六甲驅，
Không thanh tái hộ âm mô hồ.,空青塞戶陰模糊。
"Quyển mao đạm thiệt hình trạng thù,",卷毛舕舌形狀殊，
Đào Tận hổ báo sài lang khu.,逃盡虎豹豺狼貙。
"Đế thị tế tế thương đài phô,",諦視細細蒼苔鋪，
Phục nhi bất động phi thạch hồ.,伏而不動非石乎？
"Đẩu hồi kinh quý sinh hoan ngu,",陡回驚悸生歡娛，
Động thiên chỉ xích khai tiên đô.,洞天咫尺開仙都。
"Trung bất bách mẫu xà tuyến vu,",中不百畝蛇線紆，
Ngũ lý thập lý bàn kỳ khu.,五里十里盤崎嶇。
"Tiền chi thăng giả nao phụ đồ,",前之升者猱附途，
Dĩ chủng ma đính ngưỡng khả hô.,以踵摩頂仰可呼。
"Hốt nhiên sách chi hựu vong bô,",忽然索之又亡逋，
"Bạch nhật tại không ngọ dục bô,",白日在空午欲晡，
Phiên thân khiêu nhập Hồ Công hồ.,翻身跳入壺公壺。
"Tứ bích thuý sái tùng vũ thô,",四壁翠灑松雨粗，
"Tùng sinh thạch khích lão cánh du,",松生石隙老更腴，
Bất giai xích thổ nguyên khí phù.,不階尺土元氣扶。
"Tùng da thạch da đức bất cô,",松耶石耶德不孤，
"Thạch dĩ tùng cổ thanh bức phu,",石以松古青逼膚，
Tùng dĩ thạch quái thuỳ long hồ.,松以石怪垂龍胡。
"Thiên phong lai vãng điều sinh vu,",天風來往調笙竽，
Mãn thân vân khí lưu tư tu.,滿身雲氣留斯須。
"Xuất môn dư mã huyên cửu cù,",出門輿馬喧九衢，
Hung trung liễu liễu khâu hác câu.,胸中了了丘壑俱。
"Hu ta hồ: Hung trung liễu liễu khâu hác câu,",吁嗟乎胸中了了丘壑俱，
Thiên thu hoạ bản tư Nghê Vu.,千秋畫本思倪迂。
"Hàn nhập quan du sương mãn thiên,",寒入關榆霜滿天，
Thiết y mã thượng chẩm qua miên.,鐵衣馬上枕戈眠。
"Sầu sinh hoạ giác hương tâm phá,",愁生畫角鄉心破，
Nguyệt độ thâm khuê cựu mộng khiên.,月度深閨舊夢牽。
"Sầu tuyệt kinh văn biên kỵ báo,",愁絕驚聞邊騎報，
Hung Nô dĩ mục Lũng Tây hoàn.,匈奴已牧隴西還。
"Khai Nguyên thiên tử vạn sự túc,",開元天子萬事足，
Duy tích đương thời quang cảnh xúc.,唯惜當時光景促。
"Tam Hương mạch thượng vọng tiên sơn,",三鄉陌上望仙山，
Quy tác Nghê thường vũ y khúc.,歸作霓裳羽衣曲。
"Tiên tâm tòng thử tại Dao Trì,",仙心從此在瑤池，
"Tam Thanh, Bát Cảnh tương truy tuỳ.",三清八景相追隨。
"Thiên thượng hốt thừa bạch vân khứ,",天上忽乘白雲去，
Thế gian không hữu Thu phong từ.,世間空有秋風詞。
"Tam Nguyên lý tiền thanh nhược lôi,",三元里前聲若雷，
Thiên chúng vạn chúng đồng thời lai.,千眾萬眾同時來。
"Nhân nghĩa sinh phẫn phẫn sinh dũng,",因義生憤憤生勇，
Hương dân hợp lực cường đồ tồi.,鄉民合力強徒摧。
"Gia thất điền lư nhu bảo vệ,",家室田廬需保衛，
Bất đãi cổ thanh quần tác khí.,不待鼓聲群作氣。
"Phụ nữ tề tâm diệc kiện nhi,",婦女齊心亦健兒，
Lê sừ tại thủ giai binh khí.,犁鋤在手皆兵器。
"Hương phần viễn cận kỳ ban lan,",鄉分遠近旗斑斕，
Thập đội bách đội duyên khê sơn.,什隊百隊沿溪山。
"Chúng di tương thị hốt biến sắc,",眾夷相視忽變色，
Hắc kỳ tử trượng nan sinh hoàn.,黑旗死仗難生還。
"Di binh sở thị duy sang pháo,",夷兵所恃惟槍炮，
Nhân tâm hợp xứ thiên tâm đáo.,人心合處天心到。
"Tình không sậu vũ hốt khuynh bồn,",晴空驟雨忽傾盆，
Hung di vô sở thi kỳ bạo.,凶夷無所施其暴。
"Khởi đặc hoả khí vô sở thi,",豈特火器無所施，
Di túc bất quán hành hoạt nê.,夷足不慣行滑泥。
"Hạ giả điền thăng khổ trịch trục,",下者田塍苦躑躅，
Cao giả cương phụ sầu điên tê.,高者岡阜愁顛擠。
"Trung hữu di tù mạo vưu xú,",中有夷酋貌尤醜，
Tượng bì tác giáp khoả thân hậu.,象皮作甲裹身厚。
"Nhất qua dĩ thung Trường Địch hầu,",一戈已舂長狄喉，
Thập nhật do huyền Chất Chi thủ.,十日猶懸郅支首。
"Phân nhiên dục độn vô song sí,",紛然欲遁無雙翅，
Tiêm quyết cừ khôi chân dịch sự.,殲厥渠魁真易事。
"Bất giải hà do cự võng khai,",不解何由巨網開，
Khô ngư cánh đắc du nhiên thệ.,枯魚竟得攸然逝。
"Nguỵ Giáng hoà Nhung thả giải ưu,",魏絳和戎且解憂，
Phong nhân khảng khái phú đồng cừu.,風人慷慨賦同仇。
"Như hà toàn thịnh kim âu nhật,",如何全盛金甌日，
Khước lại kim tăng tuế tệ mưu.,卻賴金繒歲幣謀。
"Tiền niên khoái kình Đông Hải thượng,",前年膾鯨東海上，
Bạch lãng như sơn ký hào tráng.,白浪如山寄豪壯。
"Khứ niên xạ hổ Nam Sơn thu,",去年射虎南山秋，
Dạ quy cấp tuyết mãn điêu cừu.,夜歸急雪滿貂裘。
"Kim niên tồi đồi tối kham tiếu,",今年摧頹最堪笑，
Hoa phát thương nhan tu tự chiếu.,華發蒼顏羞自照。
"Thuỳ tri đắc tửu thượng năng cuồng,",誰知得酒尚能狂，
Thoát mạo hướng nhân thời đại khiếu.,脫帽向人時大叫。
"Nghịch Hồ vị diệt tâm vị bình,",逆胡未滅心未平，
Cô kiếm sàng đầu khanh hữu thanh.,孤劍床頭鏗有聲。
"Phá dịch mộng hồi đăng dục tử,",破驛夢回燈欲死，
Đả song phong vũ chính tam canh.,打窗風雨正三更。
"Giác liễu thân tâm bản ngưng tịch,",覺了身心本凝寂，
Thần thông biến hoá hiện chư tướng.,神通變化現諸相。
"Hữu vi, vô vi tùng thử xuất,",有為無為從此出，
Hà sa thế giới bất khả lường.,河沙世界不可量。
"Tuy nhiên biến mãn hư không giới,",雖然遍滿虛空界，
Nhất nhất quán lai một hình trạng.,一一觀來沒形狀。
"Thiên cổ, vạn cổ nan tỷ huống,",千古萬古難比況，
"Giới giới, xứ xứ thường lãng lãng.",界界處處常朗朗。
"Cao Tổ đề kiếm nhập Hàm Dương,",高祖提劍入咸陽，
Viêm viêm hồng nhật thăng phù tang.,炎炎紅日升扶桑。
"Quang Vũ long hưng thành đại thống,",光武龍興成大統，
Kim ô phi thượng thiên trung ương.,金烏飛上天中央。
"Ai tai Hiến Đế thiệu hải vũ,",哀哉獻帝紹海宇，
Hồng luân tây truỵ hàm trì bàng!,紅輪西墜咸池旁！
"Hà Tiến vô mưu trung quý loạn,",何進無謀中貴亂，
Lương Châu Đổng Trác ký triều đường.,涼州董卓居朝堂。
"Vương Doãn định kế tru nghịch đảng,",王允定計誅逆黨，
"Lý Thôi, Quách Dĩ hứng đao thương.",李傕郭汜興刀槍。
"Tứ phương đạo tặc như nghĩ tụ,",四方盜賊如蟻聚，
Lục hợp gian hùng giai ưng dương.,六合奸雄皆鷹揚：
"Tôn Kiên, Tôn Sách khởi Giang Tả,",孫堅孫策起江左，
"Viên Thiệu, Viên Thuật hưng Hà Lương.",袁紹袁术興河梁。
"Lưu Yên phụ tử cứ Ba Thục,",劉焉父子據巴蜀，
Lưu Biểu quân lữ truân Kinh Tương.,劉表軍旅屯荊襄。
"Trương Yên Trương Lỗ phách Nam Trịnh,",張燕張魯霸南鄭，
"Mã Đằng, Hàn Toại thủ Tây Lương.",馬騰韓遂守西涼。
"Đào Khiêm, Trương Tú, Công Tôn Toản,",陶謙張繡公孫瓚，
Các sính hùng tài chiêm nhất phương.,各逞雄才占一方。
"Tào Tháo chuyên quyền cư tướng phủ,",曹操專權居相府，
Lao lung anh tuấn dụng văn vũ.,牢籠英俊用文武。
"Uy hiệp thiên tử lệnh chư hầu,",威挾天子令諸侯，
Tổng lĩnh tì hưu trấn trung thổ.,總領貔貅鎮中土。
"Lâu Tang Huyền Đức bản hoàng tôn,",樓桑玄德本皇孫，
Nghĩa kết Quan Trương nguyện phù chủ.,義結關張愿扶主。
"Đông tây bôn tẩu hận vô gia,",東西奔走恨無家，
Tương quả binh vi tác ky lữ.,將寡兵微作羈旅。
"Nam Dương tam cố tình hà thâm,",南陽三顧情何深，
Ngoạ Long nhất kiến phân hoàn vũ.,臥龍一見分寰宇。
"Tiên thủ Kinh Châu hậu thủ Xuyên,",先取荊州后取川，
Bá nghiệp đồ vương tại thiên phủ.,霸業圖王在天府。
"Ô hô tam tái thệ thăng hà,",嗚呼三載逝升遐，
Bạch Đế thác cô kham thống sở!,白帝托孤堪痛楚！
"Khổng Minh lục xuất Kỳ Sơn tiền,",孔明六出祁山前，
Nguyện dĩ chỉ thủ tương thiên bổ.,愿以只手將天補。
"Hà kì lịch sổ đáo thử chung,",何期歷數到此終，
Trường tinh bán dạ lạc san ổ!,長星半夜落山塢！
"Khương Duy độc bằng khí lực cao,",姜維獨憑氣力高，
Cửu phạt Trung Nguyên không cù lao.,九伐中原空劬勞。
"Chung Hội, Đặng Ngải phân binh tiến,",鐘會鄧艾分兵進，
Hán thất giang san tẫn chúc Tào.,漢室江山盡屬曹。
"Phi Duệ Phương Mao tài cập Hoán,",丕睿芳髦才及奐，
Tư Mã hựu tương thiên hạ giao.,司馬又將天下交。
"Thụ Thiện đài tiền vân vụ khởi,",受禪臺前雲霧起，
Thạch đầu thành hạ vô ba đào.,石頭城下無波濤。
"Trần Lưu quy mệnh dữ an nhạc,",陳留歸命與安樂，
Vương hầu công tước tòng căn miêu.,王侯公爵從根苗：
"Phân phân thế sự vô cùng tẫn,",紛紛世事無窮盡，
Thiên sổ mang mang bất khả đào.,天數茫茫不可逃。
"Đỉnh túc tam phân dĩ thành mộng,",鼎足三分已成夢，
Hậu nhân bằng điếu không lao tao.,後人憑吊空牢騷。
"Tam Xá dịch, thập tự lộ,",三岔驛，十字路，
Bắc khứ nam lai kỷ triêu mộ.,北去南來幾朝暮。
"Triêu kiến dương dương ủng cái lai,",朝見揚揚擁蓋來，
Mộ khan tịch tịch hồi xa khứ.,暮看寂寂回車去。
"Kim cổ tiêu trầm danh lợi trung,",今古銷沉名利中，
"Đoản đình lưu thuỷ, trường đình thụ.",短亭流水長亭樹。
"An Nam hữu sinh Nguyễn Đình Giới,",安南有生阮廷玠，
Lệ thư quốc nội tri danh tối.,𨽻書國内知名最。
"Chỉnh như lão tướng nghiêm giáp binh,",整如老將嚴甲兵，
Trang nhược đoan nhân chính quan đới.,莊若端人正冠帶。
"Lão phu trì tiết sứ Viêm châu,",老夫持節使炎州，
Đầu bạch nhãn hôn kim lão đại.,頭白眼昏今老大。
"Trước thư hạ nhật sử chi tả,",著書暇日使之寫，
Nhất tiếu linh nhân tâm mục khoái.,一笑令人心目快。
"Đường thì tuyển nhân dụng khải pháp,",唐時選人用楷法，
Ta nhĩ nãi tại yếu hoang ngoại.,嗟爾乃在要荒外。
"Phí thuý thiên nhai ẩn vũ mao,",翡翠天涯隠羽毛，
Xà châu hải để trầm quang quái.,蛇珠海底沈光怪。
"Ngã hứng vị nhĩ tác trường ca,",我興為爾作長歌，
Sinh khởi tu dung trùng tái bái.,生起脩容重再拜。
"Độc bất kiến: Đảm nhĩ Lê sinh ngộ lão Pha,",獨不見、儋耳黎生遇老坡，
Diệc đắc tính danh truyền hậu đại.,亦得姓名傳後代。
"An Nam hữu sinh Nguyễn Thái Xung,",安南有生阮太沖，
Lệ thư quốc trung xứng tối công.,𨽻書國中稱最工。
"Kình như tinh binh sáo thiện vũ,",勁如精兵槊善舞，
Tật nhược khoái tượng cân thành phong.,疾若快匠斤成風。
"Lão phu trì tiết sứ tuyệt vực,",老夫持節使絶域，
Nhãn hôn đầu bạch thuỳ long chung.,眼昏頭白垂龍鍾。
"Trước thư hạ nhật sử chi tả,",著書暇日使之寫，
Nhất tiếu liêu túc thư tâm hung.,一笑聊足舒心胷。
"Tả thư thiết quan tự hán đại,",寫書設官自漢代，
Ta nhữ nãi tại viêm hoang trung.,嗟汝乃在炎荒中。
"Điều điều Lĩnh biểu sản đan lệ,",迢迢嶺表産丹茘，
Uất uất giản để sinh thanh tùng.,鬱鬱澗底生青松。
"Ngã hứng vị nhĩ tác trường cú,",我興為爾作長句，
Sinh khởi tái bái sinh xuân dung.,生起再拜生春容。
"Độc bất kiến: Quỳnh châu Khương sinh ngộ Tô tử,",獨不見、瓊州姜生遇蘇子，
Tính danh diệc khả truyền vô cùng.,姓名亦可傳無窮。
Ngô văn:,吾聞：
"Trường Hoằng chi trung liệt kim thạch,",萇弘之忠裂金石，
Tinh khí thiên niên hoá vi bích.,精氣千年化為碧。
"Nhân sinh lại hữu phương thốn diệu,",人生賴有方寸妙，
Vạn biến thần kỳ tòng thử xuất.,萬變神奇從此出。
Hựu văn:,又聞：
"Tây phương Phạn tăng danh Pháp Năng,",西方梵僧名法能，
Năng lệnh lưỡng nhãn bích sắc tinh.,能令兩眼碧色晶。
"Hoa tạ hoa phi, phi mãn thiên,",花謝花飛飛滿天，
Hồng tiêu hương đoạn hữu thuỳ liên.,紅消香斷有誰憐？
"Du ti nhuyễn hệ phiêu xuân tạ,",遊絲軟系飄春榭，
Lạc nhứ khinh niêm phốc tú liêm.,落絮輕粘扑繡帘。
"Khuê trung nữ nhi tích xuân mộ,",閨中女兒惜春暮，
"Sầu tự mãn hoài vô trước xứ,",愁緒滿懷無著處，
"Thủ bả hoa sừ xuất tú liêm,",手把花鋤出繡帘，
Nhẫn đạp lạc hoa lai phục khứ.,忍踏落花來復去？
"Liễu ti du giáp tự phương phi,",柳絲榆莢自芳菲，
Na quản đào phiêu dữ lý phi.,哪管桃飄與李飛，
"Đào lý minh niên năng tái phát,",桃李明年能再發，
Minh niên khuê trung tri hữu thuỳ.,明年閨中知有誰？
"Tam nguyệt hương sào dĩ luỹ thành,",三月香巢已壘成，
Lương gian yến tử thái vô tình.,梁間燕子太無情，
"Minh niên hoa phát tuy khả trác,",明年花發雖可啄，
Khước bất đạo nhân khứ lương không sào dã khuynh!,卻不道人去梁空巢也傾。
"Nhất niên tam bách lục thập nhật,",一年三百六十日，
Phong đao sương kiếm nghiêm tương bức.,風刀霜劍嚴相逼，
"Minh mị tiên nghiên năng kỷ thì,",明媚鮮妍能几時，
Nhất triêu phiêu bạc nan tầm mịch.,一朝漂泊難尋覓。
"Hoa khai dị kiến lạc nan tầm,",花開易見落難尋，
Giai tiền sầu sát táng hoa nhân.,階前愁煞葬花人，
"Độc ỷ hoa sừ lệ ám sái,",獨倚花鋤淚暗灑，
Sái thượng không chi kiến huyết ngân.,洒上空枝見血痕。
"Đỗ quyên vô ngữ chính hoàng hôn,",杜鵑無語正黃昏，
Hà sừ quy khứ yểm trùng môn.,荷鋤歸去掩重門，
"Thanh đăng chiếu bích nhân sơ thuỵ,",青燈照壁人初睡，
Lãnh vũ xao song bị vị ôn.,冷雨敲窗被未溫。
"Quái nùng để sự bội thương thần,",怪儂底事倍傷神？
Bán vị liên xuân bán não xuân.,半為憐春半惱春，
"Liên xuân hốt chí não hốt khứ,",憐春忽至惱忽去，
Chí hựu vô ngôn khứ bất văn.,至又無言去不聞。
"Tạc tiêu đình ngoại bi ca phát,",昨宵亭外悲歌發，
Tri thị hoa hồn dữ điểu hồn?,知是花魂與鳥魂？
"Hoa hồn điểu hồn tổng nan lưu,",花魂鳥魂總難留，
Điểu tự vô ngôn hoa tự tu.,鳥自無言花自羞。
"Nguyện nùng hiếp hạ sinh song dực,",愿儂脅下生雙翼，
Tuỳ hoa phi đáo thiên tẫn đầu.,隨花飛到天盡頭。
Thiên tẫn đầu! Hà xứ hữu hương khâu?,天盡頭！何處有香丘？
"Vị nhược cẩm nang thu diễm cốt,",未若錦囊收艷骨，
Nhất bồi tịnh thổ yểm phong lưu.,一抔淨土掩風流，
"Chất bản khiết lai hoàn khiết khứ,",質本潔來還潔去，
Bất giao ô náo hãm cừ câu.,不教污淖陷渠溝。
"Nhĩ kim tử khứ nùng thu táng,",爾今死去儂收葬，
Vị bốc nùng thân hà nhật táng.,未卜儂身何日喪？
"Nùng kim táng hoa nhân tiếu si,",儂今葬花人笑痴，
Tha niên táng nùng tri thị thuỳ.,他年葬儂知是誰？
"Thí khán xuân tàn hoa tiệm lạc,",試看春殘花漸落，
Tiện thị hồng nhan lão tử thì.,便是紅顏老死時。
"Nhất triêu xuân tận hồng nhan lão,",一朝春盡紅顏老，
Hoa lạc nhân vong lưỡng bất tri.,花落人亡兩不知！
"Khứ niên thượng sách bất kiến thu,",去年上策不見收，
Kim niên ký thực nhưng yêm lưu.,今年寄食仍淹留。
"Tiện quân hữu tửu năng tiện tuý,",羨君有酒能便醉，
Tiện quân vô tiền năng bất ưu.,羨君無錢能不懮。
"Như kim Ngũ hầu bất ái khách,",如今五侯不愛客，
Tiện quân bất vấn Ngũ hầu trạch.,羨君不問五侯宅。
"Như kim thất quý phương tự tôn,",如今七貴方自尊，
Tiện quân bất quá thất quý môn.,羨君不過七貴門。
"Trượng phu hội ưng hữu tri kỷ,",丈夫會應有知己，
Thế thượng du du hà túc luận.,世上悠悠何足論。
"Thế võng quải sĩ như thù ty,",世網挂士如蛛絲，
Đại bất cập thủ tiểu xuyết chi.,大不及取小綴之。
"Nghi hồ thích thảng bất đê liễm,",宜乎倜儻不低斂，
Tuý cước đảo đạp thanh vân quy.,醉腳倒踏青雲歸。
"Tiền nhật tài năng thuỷ thuỳ bá,",前日才能始誰播，
Nhất khẩu kinh trương vạn khoa hoạ.,一口惊張萬夸和。
"Lôi công tố đế suyễn tự xuy,",雷公訴帝喘似吹，
Thịnh khủng thanh danh tắc thiên phá.,盛恐聲名塞天破。
"Văn chương hỷ dĩ quái tự ngu,",文章喜以怪自娛，
Bất khẳng tài súc yếu hữu dư.,不肯裁縮要有余。
"Đa vi tiễu cú bất tư mỵ,",多為峭句不姿媚，
Thiên cốt lão ngạnh vô bì phu.,天骨老硬無皮膚。
"Nhân truyền thư nhiễm mạc đối đương,",人傳書染莫對當，
Phá noãn kinh xuất loan phượng tường.,破卵惊出鸞鳳翔。
"Gián hoặc lão bút bất khẳng khuất,",間或老筆不肯屈，
Thiết sách phược cấp giao long cương.,銕索縛急蛟龍僵。
"Thiếu niên ỷ khí cuồng bất ky,",少年倚氣狂不羈，
Hổ hiếp tháp dực xích nhật phi.,虎脅插翼赤日飛。
"Dục tương độc lập khoá vạn thế,",欲相獨立跨萬世，
Tiếu vị Lý Bạch vi si nhi.,笑謂李白為痴儿。
"Tứ thiên vô bích tài khả gia,",四天無壁纔可家，
Tuý đảm phẫn tường khiển tửu nã.,醉膽憤庠遣酒拏。
"Dục thâu Bắc Đẩu chước kiệt hải,",欲偷北斗酌竭海，
Lực bạt Thái Hoa ao kình nha.,力拔太華鏖鯨牙。
"Thế nho khẩu nhuyễn thanh như dăng,",世儒口軟聲如蠅，
Hiếu vu tráng sĩ vi kỵ tăng.,好于壯士為忌憎。
"Ngã độc cửu ngưỡng nguyện đắc kiến,",我獨久仰愿得見，
Hạo ca bất cảm nhi nữ thanh.,浩歌不敢儿女聲。
"Học thi đương như học tham thiền,",學詩當如學參禪，
Vị ngộ thả biến tham chư phương.,未悟且遍參諸方。
"Nhất triêu ngộ bãi chính pháp nhãn,",一朝悟罷正法眼，
Tín thủ niêm xuất giai thành chương.,信手拈出皆成章。
"Vô Vi đạo sĩ tam xích cầm,",無為道士三尺琴，
Trung hữu vạn cổ vô cùng âm.,中有萬古無窮音。
"Âm như thạch thượng tả lưu thuỷ,",音如石上瀉流水，
Tả chi bất kiệt do nguyên thâm.,瀉之不竭由源深。
"Đàn tuy tại chỉ thanh tại ý,",彈雖在指聲在意，
Thính bất dĩ nhĩ nhi dĩ tâm.,听不以耳而以心。
"Tâm ý ký đắc hình hài vong,",心意既得形骸忘，
Bất giác thiên địa bạch nhật sầu vân âm.,不覺天地白日愁雲陰。
"Tử phủ lâu các cao tương ỷ,",紫府樓閣高相倚，
Kim bích hộ dũ hồng huy khởi.,金碧戶牖紅暉起。
"Kỳ gian yến tức giai tiên tử,",其間燕息皆仙子，
Tuyệt thế yêu tư diệu nan bỉ.,絕世妖姿妙難比。
"Ngẫu nhiên tư niệm khởi trần tâm,",偶然思念起塵心，
"Kỷ niên trích hướng Hành Dương thị,",幾年謫向衡陽市。
"A Kiều phi hạ cửu thiên lai,",阿嬌飛下九天來，
Trưởng tại xướng gia ngẫu nhiên nhĩ.,長在娼家偶然耳。
"Thiên tư tài sắc nghĩ tuyệt luân,",天姿才色擬絕倫，
Áp đảo hoa cù chúng la khỉ.,壓倒花衢衆羅綺。
"Cám phát nùng đôi Vu Giáp vân,",紺髪濃堆巫峽雲，
Thuý mâu hoành tiễn thu giang thuỷ.,翠眸橫剪秋江水。
"Tố thủ tiêm trường tế tế viên,",素手纖長細細圓，
Xuân duẫn thoát hướng thanh vân lý.,春筍脫向青雲裏。
"Văn lý tiên hoa trách trách cung,",紋履鮮花窄窄弓，
Phụng đầu sí khởi hồng quần để.,鳳頭翅起紅裙底。
"Hữu thời tiếu ỷ tiểu lan can,",有時笑倚小欄桿，
Đào hoa vô ngôn loạn hồng uỷ.,桃花無言亂紅委。
"Vương tôn nghịch mục tự lao hồn,",王孫逆目似勞魂，
Đông lân nhất kiến hoàn tu tử.,東鄰一見還羞死。
"Tự thử thành trung hào phú nhi,",自此城中豪富兒，
Hô đồng khống mã tương truy tuỳ.,呼僮控馬相追隨。
"Thiên kim mãi đắc ca nhất khúc,",千金買得歌一曲，
Mộ vũ triêu vân trấn tương tục.,暮雨朝雲鎮相續。
"Hoàng đô niên thiếu thị Liễu quân,",皇都年少是柳君，
Thể đoạn phong lưu vạn sự túc.,體段風流萬事足。
"Ấu Ngọc nhất kiến khổ lưu tâm,",幼玉一見苦留心，
Ân cần hậu khiển hành nhân chúc.,殷勤厚遣行人祝。
"Thanh vũ phi lai động hộ tiền,",青羽飛來洞戶前，
Duy lang khổ hận đa câu thúc.,惟郎苦恨多拘束。
"Du thân bất sử phụ mẫu tri,",偷身不使父母知，
Giang đình ám cộng tài lang túc.,江亭暗共才郎宿。
"Do khủng ân tình vị thậm kiên,",猶恐恩情未甚堅，
Giải khai hoàn kế đối lang tiền.,解開鬟髻對郎前。
"Nhất lũ vân tuỳ kim tiễn đoạn,",一縷雲隨金剪斷，
Lưỡng tâm nùng cánh mật như miên.,兩心濃更密如綿。
"Tự cổ mỹ sự đa ma cách,",自古美事多磨隔，
Vô thời lưỡng ý không huyền huyền.,無時兩意空懸懸。
"Thanh tiêu trường thán minh nguyệt hạ,",清宵長嘆明月下，
Hoa thời sái lệ đông phong tiền.,花時灑淚東風前。
"Oán nhập chu huyền nguy cánh đoạn,",怨入朱弦危更斷，
Lệ như châu khoả tự tương liên.,淚如珠顆自相連。
"Nguy lâu độc ỷ vô nhân hội,",危樓獨倚無人會，
Tân thư tả hận thác thuỳ truyền.,新書寫恨託誰傳。
"Nại hà Ấu Ngọc gia hữu mẫu,",奈何幼玉家有母，
Tri thử đoan nghê súc sân nộ.,知此端倪蓄嗔怒。
"Thiên kim mãi tửu chúc dung nhân,",千金買酒囑傭人，
Mật ước u hoan trấn tương ngộ.,密約幽歡鎮相悞。
"Tương nhận dục gia liên lý chi,",將刃欲加連理枝，
Dẫn cung dục đàn kiêm kiêm vũ.,引弓欲彈鶼鶼羽。
"Tiên sơn chỉ tại hải trung tâm,",仙山只在海中心，
Phong nghịch ba khẩn vô thuyền độ.,風逆波緊無船渡。
"Đào nguyên khứ lộ cách yên hà,",桃源去路隔煙霞，
Chỉ xích trần ai vô mịch xứ.,咫尺塵埃無覓處。
"Lang tâm Ngọc ý cộng ân cần,",郎心玉意共殷勤，
Đồng chỉ tùng quân tình dũ cố.,同指松筠情愈固。
"Nguyện lang thệ tử mạc cải di,",願郎誓死莫改移，
Nhân sự hữu thời tự tương ngộ.,人事有時自相遇。
"Tha nhật đắc lang quy lai thời,",他日得郎歸來時，
Huề thủ đồng thướng yên hà lộ.,攜手同上煙霞路。
"Tần Hoài tửu gia lai bạc thuyền,",秦淮酒家來泊船，
Lư ngư nhất cân tam bách tiền.,鱸魚一斤三百錢。
"Thuyền đầu mãi ngư tửu tân thục,",船頭買魚酒新熟，
Khước ức Da khê ca thái liên.,卻憶耶溪歌採蓮。
"Tuý lai khởi vũ lạc nhật vãn,",醉來起舞落日晚，
Huy thủ đạn kiệp phong linh nhiên.,揮手彈鋏風泠然。
"Thiếu niên bất tác Trường An khách,",少年不作長安客，
Lão khứ phùng thu đầu tuyết bạch.,老去逢秋頭雪白。
"Hưng Chu tu cầu Vị thuỷ tài,",興周須求渭水才，
An Hán Viên Công an tại tai.,安漢園公安在哉。
"Nhãn hoa xỉ chiết cánh hà ích,",眼花齒折竟何益，
Hảo phóng Đào Tiềm quy khứ lai.,好放陶潛歸去來。
"Bất ẩm hồ vi tuý ngột ngột,",不飲胡為醉兀兀，
Thử tâm dĩ trục quy yên phát.,此心已逐歸鞍發。
"Quy nhân do tự niệm đình vi,",歸人猶自念庭闈，
Kim ngã hà dĩ uỷ tịch mịch!,今我何以慰寂寞！
"Đăng cao hồi thủ pha lũng cách,",登高回首坡壟隔，
Đãn kiến ô mạo xuất phục một.,但見烏帽出復沒。
"Khổ hàn niệm nhĩ y cừu bạc,",苦寒念爾衣裘薄，
Độc kỵ sấu mã đạp tàn nguyệt.,獨騎瘦馬踏殘月。
"Lộ nhân hành ca cư nhân lạc,",路人行歌居人樂，
Đồng bộc quái ngã khổ thê trắc.,童僕怪我苦悽惻。
"Diệc tri nhân sinh yếu hữu biệt,",亦知人生要有別，
Đãn khủng tuế nguyệt khứ phiêu hốt.,但恐歲月去飄忽。
"Hàn đăng tương đối ký trù tích,",寒燈相對記疇昔，
Dạ vũ hà thì thính tiêu sắt?,夜雨何時聽蕭瑟？
"Quân tri thử ý bất khả vong,",君知此意不可忘，
Thận vật khổ ái cao quan chức.,慎勿苦愛高官職。
"Thuỳ dương diệp lão oanh bộ nhi,",垂楊葉老鶯哺兒，
Tàn ty dục đoạn hoàng phong quy.,殘絲欲斷黃蜂歸。
"Lục mấn niên thiếu kim thoa khách,",綠鬢年少金釵客，
Phiêu phấn hồ trung trầm hổ phách.,縹粉壺中沉琥珀。
"Hoa đài dục mộ xuân từ khứ,",花臺欲暮春辭去，
Lạc hoa khởi tác hồi phong vũ.,落花起作回風舞。
"Du giáp tương thôi bất tri số,",榆莢相催不知數，
Thẩm lang thanh tiền giáp thành lộ.,沈郎青錢夾城路。
"Tần vương kỵ hổ du bát cực,",秦王騎虎遊八极，
Kiếm quang chiếu không thiên tự bích.,劍光照空天自碧。
"Hy Hoà xao nhật pha ly thanh,",羲和敲日玻璃聲，
Kiếp khôi phi tận cổ kim bình.,劫灰飛盡古今平。
"Long đầu tả tửu yêu tửu tinh,",龍頭瀉酒邀酒星，
Kim tào tỳ bà dạ trành trành.,金槽琵琶夜棖棖。
"Động Đình vũ cước lai xuy sinh,",洞庭雨腳來吹笙，
Tửu hàm hát nguyệt sử đảo hành.,酒酣喝月使倒行。
"Ngân vân trất trất dao điện minh,",銀雲櫛櫛瑤殿明，
Cung môn chưởng sự báo nhất canh.,宮門掌事報一更。
"Hoa lâu ngọc phượng thanh kiều trữ,",花樓玉鳳聲嬌佇，
"Hải tiêu hồng văn hương tiên thanh,",海綃紅文香淺清，
Hoàng nga điệt vũ thiên niên quang.,黃鵝跌舞千年觥。
"Tiên nhân chúc thụ chá yên khinh,",仙人燭樹蜡煙輕，
Thanh cầm tuý nhãn lệ hoằng hoằng.,清琴醉眼淚泓泓。
"Tỉnh ngô vị lạc tảo dục hoàng,",井梧未落棗欲黃，
Thu phong lai tảo xuy thiếp thường.,秋風來早吹妾裳。
"Hàm tình bác tảo ký viễn phương,",含情剝棗寄遠方，
Miên miên trùng điệp thiên hồi trường.,綿綿重疊千回腸。
"Phong đề ký khứ bằng quân ngữ,",封題寄去憑君語，
Tảo cam thuỳ đạo thiếp tâm khổ.,棗甘誰道妾心苦。
"Khuê trung bất thức Vọng Phu san,",閨中不識望夫山，
Quân khan lệ thấp sàng đầu thổ.,君看淚溼床頭土。
"Ngã hữu từ hương kiếm,",我有辭鄉劍，
Ngọc phong kham tiệt vân.,玉鋒堪截雲。
"Tương Dương tẩu mã khách,",襄陽走馬客，
Ý khí tự sinh xuân.,意氣自生春。
"Triêu hiềm kiếm hoa tịnh,",朝嫌劍花淨，
Mộ hiềm kiếm quang lãnh.,暮嫌劍光冷。
"Năng trì kiếm hướng nhân,",能持劍向人，
Bất giải trì chiếu thân.,不解持照身。
Quân bất kiến:,君不見
"Tẩu Mã xuyên hành tuyết hải biên,",走馬川行雪海邊，
Bình sa mãng mãng hoàng nhập thiên.,平沙莽莽黃入天。
"Luân Đài cửu nguyệt phong dạ hống,",輪台九月風夜吼，
"Nhất xuyên toái thạch đại như đấu,",一川碎石大如鬥，
Tuỳ phong mãn địa thạch loạn tẩu.,隨風滿地石亂走。
"Hung Nô thảo hoàng mã chính phì,",匈奴草黃馬正肥，
"Kim Sơn tây kiến yên trần phi,",金山西見煙塵飛，
Hán gia đại tướng tây xuất sư.,漢家大將西出師。
"Tướng quân kim giáp dạ bất thoát,",將軍金甲夜不脫，
"Bán dạ quân hành qua tương bát,",半夜軍行戈相撥，
Phong đầu như đao diện như cát.,風頭如刀面如割。
"Mã mao đới tuyết hãn khí chưng,",馬毛帶雪汗氣蒸，
"Ngũ hoa liên tiền tuyền tác băng,",五花連錢旋作冰，
Mạc trung thảo hịch nghiễn thuỷ ngưng.,幕中草檄硯水凝。
"Lỗ kỵ văn chi ưng đảm nhiếp,",虜騎聞之應膽懾，
"Liệu tri đoản binh bất cảm tiếp,",料知短兵不敢接，
Xa Sư tây môn trữ hiến tiệp.,車師西門佇獻捷。
"Trung hưng chư tướng thu Sơn Đông,",中興諸將收山東，
Tiệp thư dạ báo thanh trú đồng.,捷書夜報清晝同。
"Hà Quảng truyền văn nhất vi quá,",河廣傳聞一葦過，
Hồ nguy mệnh tại phá trúc trung.,胡危命在破竹中。
"Chỉ tàn Nghiệp thành bất nhật đắc,",只殘鄴城不日得，
Độc nhiệm sóc phương vô hạn công.,獨任朔方無限功。
"Kinh sư giai kỵ hãn huyết mã,",京師皆騎汗血馬，
Hồi Ngột uỷ nhục Bồ Đào cung.,回紇喂肉葡萄宮。
"Dĩ hỉ hoàng uy thanh Đại Hải,",已喜皇威清岱海，
Thường tư tiên trượng quá Không Đồng.,常思仙仗過崆峒。
"Tam niên địch lý “Quan san nguyệt”,",三年笛里關山月，
Vạn quốc binh tiền thảo mộc phong.,萬國兵前草木風。
"Thành Vương công đại tâm chuyển tiểu,",成王功大心轉小，
Quách tướng mưu thâm cổ lai thiểu.,郭相謀深古來少。
"Tư đồ thanh giám huyền minh kính,",司徒清鑒懸明鏡，
Thượng thư khí dữ thu thiên diểu?,尚書氣與秋天杳。
"Nhị tam hào tuấn vị thì xuất,",二三豪俊為時出，
Chỉnh đốn càn khôn tế thì liễu.,整頓乾坤濟時了。
"Đông tẩu vô phục ức lô ngư,",東走無復憶鱸魚，
Nam phi giác hữu an sào điểu.,南飛覺有安巢鳥。
"Thanh xuân phục tuỳ quan miện nhập,",青春復隨冠冕入，
Tử cấm chính nại yên hoa nhiễu.,紫禁正耐煙花繞。
"Hạc giá thông tiêu phụng liễn bị,",鶴駕通宵鳳輦備，
Kê minh vấn tẩm long lâu hiểu.,雞鳴問寢龍樓曉。
"Phan long phụ phụng thế mạc đương,",攀龍附鳳勢莫當，
Thiên hạ tận hoá vi hầu vương.,天下盡化為侯王。
"Nhữ đẳng khởi tri mông đế lực,",汝等豈知蒙帝力？
Thì lai bất đắc khoa thân cường.,時來不得誇身強。
"Quan Trung ký lưu tiêu thừa tướng,",關中既留蕭丞相，
Mạc hạ phục dụng Trương Tử Phòng.,幕下復用張子房。
"Trương công nhất sinh giang hải khách,",張公一生江海客，
"Thân trường cửu xích, tu mi thương.",身長九尺鬚眉蒼。
"Trưng khởi thích ngộ phong vân hội,",征起適遇風雲會，
Phù điên thuỷ tri trù sách lương.,扶顛始知籌策良。
"Thanh bào bạch mã cánh hà hữu,",青袍白馬更何有？
Hậu Hán kim Chu hỉ tái xương.,後漢今周喜再昌。
"Thốn địa xích thiên giai nhập cống,",寸地尺天皆入貢。
Kỳ tường dị thuỵ tranh lai tống.,奇祥異瑞爭來送：
"Bất tri hà quốc trí bạch hoàn,",不知何國致白環，
Phục đạo chư sơn đắc ngân úng.,復道諸山得銀瓮。
"Ẩn sĩ hưu ca “Tử chi” khúc,",隱士休歌紫芝曲，
Từ nhân giải soạn “Hà thanh” tụng.,詞人解撰河清頌。
"Điền gia vọng vọng tích vũ can,",田家望望惜雨乾，
Bố cốc xứ xứ thôi xuân chủng.,布谷處處催春種。
"Kỳ thượng kiện nhi quy mạc lãn,",淇上健兒歸幕懶，
Thành nam tư phụ sầu đa mộng.,城南思婦愁多夢。
"An đắc tráng sĩ vãn thiên hà,",安得壯士挽天河，
Tịnh tẩy giáp binh trường bất dụng.,淨洗甲兵長不用！
"Tây Lương kỹ, Tây Lương kỹ,",西涼伎，西涼伎，
"Giả diện Hồ nhân, giả sư tử.",假面胡人假獅子。
"Khắc mộc vi đầu ty tác vĩ,",刻木為頭絲作尾，
Kim độ nhãn tình ngân thiếp xỉ.,金鍍眼睛銀貼齒。
"Phấn tấn mao y bài song nhĩ,",奮迅毛衣擺雙耳，
Như tòng lưu sa lai vạn lý.,如從流沙來萬里。
"Tử nhiêm thâm mục lưỡng Hồ nhi,",紫髯深目兩胡兒，
Cổ vũ khiêu lương tiền trí từ.,鼓舞跳粱前致辭。
"Đạo thị Lương Châu vị hãm nhật,",道是涼州未陷日，
An tây đô hộ tiến lai thì.,安西都護進來時。
"Tu du vân đắc tân tiêu tức,",須臾雲得新消息，
An tây lộ tuyệt quy bất đắc.,安西路絕歸不得。
"Khấp hướng sư tử thế song thuỳ,",泣向獅子涕雙垂，
Lương Châu hãm một tri bất tri?,涼州陷沒知不知？
"Sư tử hồi đầu hướng tây vọng,",獅子回頭向西望，
Ai hống nhất thanh quan giả bi.,哀吼一聲觀者悲。
"Trinh Nguyên biên tướng ái thử khúc,",貞元邊將愛此曲，
Tuý toạ tiếu khán khán bất túc.,醉坐笑看看不足。
"Hưởng tân khao sĩ yến tam quân,",享賓犒士宴三軍，
Sư tử Hồ nhi trường tại mục.,獅子胡兒長在目。
"Hữu nhất chinh phu niên thất thập,",有一征夫年七十，
Kiến lộng Lương Châu đê diện khấp.,見弄涼州低面泣。
"Khấp bãi liễm thủ bạch tướng quân,",泣罷斂手白將軍，
Chủ ưu thần nhục tích sở văn.,主憂臣辱昔所聞。
"Tự tòng Thiên Bảo binh qua khởi,",自從天寶兵戈起，
Khuyển Nhung nhật dạ thôn Tây Bỉ.,犬戎日夜吞西鄙。
"Lương Châu hãm lai tứ thập niên,",涼州陷來四十年，
Hà Lũng xâm tương thất thiên lý.,河隴侵將七千里。
"Bình thì An Tây vạn lý cương,",平時安西萬里疆，
Kim nhật biên phòng tại Phượng Tường.,今日邊防在鳳翔。
"Duyên biên không truân thập vạn tốt,",緣邊空屯十萬卒，
Bão thực ôn y nhàn quá nhật.,飽食溫衣閑過日。
"Di dân trường đoạn tại Lương Châu,",遺民腸斷在涼州，
Tướng tốt tương khan vô ý thu.,將卒相看無意收。
"Thiên tử mỗi tư trường thống tích,",天子每思長痛惜，
Tướng quân dục thuyết hợp tàm tu.,將軍欲說合慚羞。
"Nại hà nhưng khan Tây Lương kỹ,",奈何仍看西涼伎，
Thủ tiếu tư hoan vô sở quý,取笑資歡無所愧
"Túng vô trí lực vị năng thu,",縱無智力未能收，
Nhẫn thủ Tây Lương lộng vi hí?,忍取西涼弄為戲？
"Hải vũ thừa bình nhị bách niên,",海宇承平二百年，
Thâm cung xuân sắc toả thuyền quyên.,深宮春色鎖嬋娟。
"Yên hồng cẩm nhục nhân nhãn độc,",嫣紅錦褥人眼獨，
Thiển thuý hoa nhân điệp mộng triền.,淺翠花裀蝶夢纏。
"Bất thị thần tiên vô đối ngẫu,",不是神仙無對偶，
Khả kham phương cảnh hốt lưu liên.,可堪芳景忽流連。
"Sa song tịch mịch mai hàm tuyết,",紗窗寂寞梅酣雪，
Thuý ngự ly phi liễu khốn yên.,邃篽離披柳困煙。
"Hoa sự lan san xuân dĩ hĩ,",花事闌珊春已矣，
Tàn anh lạc nhứ tổng kham liên.,殘英落絮總堪憐。
"Đông đông hà xứ thành biên cổ,",鼕鼕何處城邊鼓，
Yết trần mạn tắc Trường An lộ.,羯塵漫塞長安路。
"Cức hạ phương toàn chấn diệp phong,",亟夏方旋振葉風，
Thâm xuân hốt điểm thôi hoa vũ.,深春忽點催花雨。
"Tu my vô đảm khống nguy thành,",鬚眉無膽控危城，
Thoa phiến tương thân để kiêu lỗ.,釵扇將身抵驕虜。
"Thiên vương tỉ phụ thượng công phi,",天王姊婦上公妃，
Bất tỉ tầm thường hoa lộng chủ.,不比尋常花弄主。
"Tôn vinh quý sủng đối thiên hoàng,",尊榮貴寵對天潢，
Điện sính liêm nghi ưu đặc số.,奠聘奩儀優特數。
"Vân thuỷ sô tùng thuý ỷ la,",雲水騶從翠綺羅，
Phong lưu tấn tướng phân thân trụ.,風流儐相紛紳冑。
"Phiến phu kiệu tử tận phi thường,",扇夫轎子儘非常，
Đô nhân kiến giả hô vi phụ.,都人見者呼為父。
"Nhân tiện tân lang như nhất khẩu,",人羡新郎如一口，
Thiếp kiến tân lang truỵ song thủ.,妾見新郎墜雙手。
"Y thường mạn lạn ngữ thù ly,",衣裳熳爛語侏离，
Cốt tướng lăng tằng bì trứu cổ.,骨相崚嶒皮皺古。
"Đính thượng cao đôi Trương Giác cân,",頂上高堆張角巾，
Thoái gian bất trước Hàn Tín khố.,腿間不著韓信褲。
"Kỳ trung nhất vật vọng nguy nhiên,",其中一物望巍然，
Trực dữ tứ chi trì vi ngũ.,直與四肢峙為五。
"Tĩnh tự cao tăng ngột toạ vong,",靜似高僧兀坐忘，
Động như biền tử ca thân vũ.,動如弁子歌身舞。
"Bất ngôn bất tiếu bất ôn tồn,",不言不笑不溫存，
Đại hống nhất thanh liệt như hổ.,大吼一聲烈如虎。
"Thiên quân phi tồn cứ tô hung,",千鈞飛蹲據酥胸，
Nộ liệt la quần phi tuyết cổ.,怒裂羅裙披雪股。
"Thử vật thuỳ tri giải thích nhân,",此物誰知解刺人，
Hiệt hàng sáp nhập ôn nhu hộ.,頡頏插入溫柔戶。
"Kiều hoa chi thượng cuồng oanh nhu,",嬌花枝上狂鶯揉，
Cuồng oanh bất vi kiều hoa hộ.,狂鶯不為嬌花護。
"Hoa mạc trùng trùng liệt tăng thanh,",花膜重重裂繒聲，
Diên lô phiến phiến phi yên lũ.,鉛爐片片飛煙縷。
"Nha giảo nhục thiên hãn như du,",牙咬肉顫汗如油，
Loạn đảo hồ trừu tố bất trụ.,亂搗胡抽做不住。
"Tu du quần đới lạc tân hồng,",須臾裙帶落新紅，
Ám điểm xuân trù phiên kỷ độ.,暗點春籌翻幾度。
"Thiếp thân lưỡng khổng tự liên hoàn,",妾身兩孔似連環，
Thuấn tức thông thành nhất đại khuyên.,瞬息通成一大圈。
"Quyển nhu điểm duyệt hốt kinh nhạ,",捲襦點閱忽驚訝，
Hàng ma bất trị bán văn tiền.,頏摩不值半文錢。
"Hắc ám ký phi tiền độ bạch,",黑暗既非前度白，
Oanh vu hựu cải cựu thời viên.,縈紆又改舊時圓。
"Hô hoàn nã úng niệu nhất niệu,",呼鬟拿甕尿一尿，
Niệu thuỷ chi thanh như phi tuyền.,尿水之聲如飛泉。
"Phi tuyền liễm diễm khứ bất phản,",飛泉瀲灩去不返，
Dương phong đả lạc đào hoa phiến.,陽風打落桃花片。
"Đào hoa kiều khiếp bất thắng phong,",桃花嬌怯不勝風，
Phong liễm hoa hồn do giác quyện.,風斂花魂猶覺倦。
"Doanh doanh liễu cốt sấu tam phân,",盈盈柳骨瘦三分，
Triệp triệp tương la khoan nhất bán.,褶褶湘羅寬一半。
"Để sự tuy nhiên bất sát nhân,",底事雖然不殺人，
Mộ vũ triều vân an thục lạn.,暮雨朝雲安熟爛。
"Tự tòng kì khổ đắc kì hoan,",自從奇苦得奇歡，
Hoan hậu khước vong cựu khổ gian.,歡後卻忘舊苦艱。
"Bất hoạn ngư ông huy trạo sáp,",不患漁翁揮棹澀，
Dung dung đào lãng trướng bình than.,溶溶桃浪漲平灘。
"Tả cúc hữu mô thám hoa tuỷ,",左掬右摸探花髓，
Oanh bất đình thoa điệp bất lan.,鶯不停梭蹀不攔。
"Ngọc dạng hương tao thất hại tu,",玉癢香搔失害羞，
Thượng lâu hạ nữu viên đoàn đoàn.,上摟下扭圓團團。
"Phong tình đãng dạng hoa tâm cấp,",風情蕩漾花心急，
Khủng phóng đông quân khoảnh khắc gian.,恐放東君頃刻間。
"Man nhân lão thực đa cao hứng,",蠻人老實多高興，
Bất hội khinh thiểu chỉ hội toàn.,不會輕挑只會鑽。
"Phù thế thanh vân như quá khách,",浮世青雲如過客，
Nhất sinh kỉ độ thác xuân miên.,一生幾度托春眠。
"Khâm trù lạc xứ vô di hạ,",衾裯樂處無夷夏，
Si tuẫn không danh ngộ ngọc nhan.,痴徇空名誤玉顏。
"Bất kiến cẩm cơ chi phấn đội,",不見錦機脂粉隊，
Tây binh khứ hậu kỷ nhân hoàn.,西兵去後幾人還。
"Thuỳ tương thử vị ngữ tỉ muội,",誰將此為語姊妹，
Giá lang cập tảo giá Tây Sơn.,嫁郎及早嫁西山。
"Tây sơn nhân gia bạng sơn trụ,",西山人家傍山住，
Xướng ca thái trà sơn thượng tẩu.,唱歌採茶山上走。
"Hạ sơn nhật lạc nhưng xướng ca,",下山日落仍唱歌，
Lộ hắc lâm thâm vô hổ lự.,路黑林深無虎慮。
"Kim niên hổ đa linh nhân ưu,",今年虎多令人憂，
Nhiễu sơn bác nhân trà bất thu.,繞山搏人茶不收。
"Tường đông tiểu nữ cao huyết lưu,",墻東小女膏血流，
Thôn nam lão ông không độc lâu.,村南老翁空髑髏。
"Quan tư xạ hổ sai cung thủ,",官司射虎差弓手，
Tự ẩn sơn gia sách kê tửu.,自隱山家索雞酒。
"Minh triêu nhập thành khứ báo quan,",明朝入城去報官，
Hổ uý tướng công kim tỵ tẩu.,虎畏相公今避走。
"Chu nhan phát quá như xuân phôi,",朱顏發過如春醅，
Hung trung lê táo sơ vị tài.,胸中梨棗初未栽。
"Đan sa vị dị tảo bạch phát,",丹砂未易掃白髮，
Xích tùng khước dục tham Hoàng Mai.,赤松卻欲參黃梅。
"Hàn khê bản tự Viễn công xã,",寒溪本自遠公社，
bạch liên thuý trúc y thôi ngôi.,白蓮翠竹依崔嵬。
"Đương thời thạch tuyền chiếu kim tượng,",當時石泉照金像，
Thần quang dạ phát như Ngũ Đài.,神光夜發如五臺。
"Ẩm tuyền giám diện đắc chân ý,",飲泉鑑面得真意，
Toạ thị vạn vật giai phù ai.,坐視萬物皆浮埃。
"Dục thâu mộ cảnh phản điền lý,",欲收暮景返田里，
Viễn tố giang thuỷ cùng Ly Đôi.,遠泝江水窮離堆。
"Hoàn triều khởi độc tu lão bệnh,",還朝豈獨羞老病，
Tự thán tài tận khuynh không lôi.,自歎才盡傾空罍。
"Chư công cừ cừ nhược hạ ốc,",諸公渠渠若夏屋，
Thôn thổ phong nguyệt thanh ngung ôi.,吞吐風月清隅隈。
"Ngã như phế tỉnh cửu bất thực,",我如廢井久不食，
Cổ trứu khuyết lạc sinh âm đài.,古甃缺落生陰苔。
"Số thi vãng phục tương cảm phát,",數詩往復相感發，
Cấp tân trừ cựu hàn quang khai.,汲新除舊寒光開。
"Diêu tri nhị nguyệt xuân giang khoát,",遙知二月春江闊，
Tuyết lãng đảo quyển vân phong tồi.,雪浪倒卷雲峰摧。
"Thạch trung vô thanh thuỷ diệc tĩnh,",石中無聲水亦靜，
Vân hà giải chuyển không sơn lôi.,云何解轉空山雷。
"Dục tựu chư công bình thử ngữ,",欲就諸公評此語，
Yếu thức ưu hỉ hà tùng lai.,要識憂喜何從來。
"Nguyện cầu Nam tông nhất chước thuỷ,",願求南宗一勺水，
Vãng dữ Khuất Giả tiên dư ai.,往與屈賈湔餘哀。
"Tế Lâm sơn thượng dạ ô đề,",細林山上夜烏啼，
Tế Lâm sơn hạ thu thảo tê.,細林山下秋草齊。
"Hữu khách biển Chu bất hệ lãm,",有客扁舟不系纜，
Thừa phong trực há Tùng giang tê.,乘風直下松江西。
"Khước ức đương niên Tế Lâm khách,",卻憶當年細林客，
Mạnh công tứ hải văn chương bá.,孟公四海文章伯。
"Tích nhật tằng lai phỏng bạch vân,",昔日曾來訪白雲，
Lạc diệp mãn sơn tầm bất đắc.,落葉滿山尋不得。
"Thuỷ tri Mạnh công hồ hải nhân,",始知孟公湖海人，
Hoang đài cổ nguyệt thuỷ lân lân.,荒臺古月水粼粼。
"Tương phùng đối khốc thiên hạ sự,",相逢對哭天下事，
Tửu hàm bễ nghễ ý khí thân.,酒酣睥睨意氣親。
"Khứ tuế Bình Lăng cổ thanh tử,",去歲平陵鼓聲死，
Dữ công đồng độ Ngô Giang thuỷ.,與公同渡吳江水。
"Kim niên mộng đoạn cửu phong vân,",今年夢斷九峰雲，
Tinh kỳ do ánh mộ sơn tử.,旌旗猶映暮山紫。
"Tiêu sái Tần đình lệ dĩ huy,",瀟灑秦庭淚已揮，
Phảng phất Liêu Thành thỉ cánh phi.,彷彿聊城矢更飛。
"Hoàng hộc dục cử lục cách chiết,",黃鵠欲舉六翮折，
Mang mang tứ hải tương an quy.,茫茫四海將安歸。
"Thiên địa cục tích nhật nguyệt xúc,",天地跼蹐日月促，
Khí như trường hồng táng ngư phúc.,氣如長虹葬魚腹。
"Trường đoạn đương niên quốc sĩ ân,",腸斷當年國士恩，
Tiễn chỉ chiêu hồn vị công khốc.,剪紙招魂為公哭。
"Liệt Hoàng thừa vân ngự lục long,",烈皇乘雲御六龍，
Phan nhiêm khống ngự tiên Văn Trung.,攀髯控馭先文忠。
"Quân thần địa hạ hội tương kiến,",君臣地下會相見，
Lệ sái Xương Hạp bi sinh phong.,淚灑閶闔悲生風。
"Ngã dục quy lai chấn vũ dực,",我欲歸來振羽翼，
Thuỳ tri nhất cử nhập la dặc.,誰知一舉入羅弋。
"Gia thế kham lân Triệu thị cô,",家世堪憐趙氏孤，
Đáo kim cánh tác Điền Hoành khách.,到今竟作田橫客。
Ô hô!,嗚呼！
"Phủ ưng nhất thanh giang vân khai,",撫膺一聲江雲開，
Thân tại la võng thả mạc ai.,身在羅網且莫哀。
Công hồ! Công hồ!,公乎！公乎！
"Vị ngã trúc thất bạng dạ đài,",為我築室傍夜臺，
Sương hàn nguyệt khổ hành đương lai.,霜寒月苦行當來。
"Nữ thuyền đồng tử hoàng đoản đoản,",女嬋童子黄短短，
Nhĩ trung văn nhân tích xuân vãn.,耳中聞人惜春晚。
"Đào phong nặc điệp đạp địa lai,",逃蜂匿蝶踏地來，
Phao khước trai mi nhất từ oản.,拋卻齋糜一瓷碗。
"Môi đài tỉnh thượng không tương ức,",莓苔井上空相憶，
Lộc lô sách đoạn vô tiêu tức.,轆轤索斷無消息。
"Tửu nhân giai ỷ xuân phát lục,",酒人皆倚春發綠，
Bệnh tẩu độc tàng thu phát bạch.,病叟獨藏秋發白。
"Cổ phó lạp nguyệt nhị thập tứ,",古傅臘月二十四，
Táo quân triều thiên dục ngôn sự.,灶君朝天欲言事。
"Vân xa phong mã tiểu lưu liên,",雲車風馬小留連，
Gia hữu bôi bàn phong điển tự.,家有杯盤豐典祀。
"Trư đầu lạn nhiệt song ngư tiên,",豬頭爛熱雙魚鮮，
Đậu sa cam tùng phấn nhị đoàn.,豆沙甘松粉餌團。
"Nam nhi chước hiến nữ nhi tị,",男兒酌獻女兒避，
Lỗi tửu thiêu tiền Táo quân hỉ.,酹酒燒錢灶君喜。
"Tỳ tử đấu tranh quân mạc văn,",婢子鬥爭君莫聞，
Miêu khuyển giác uế quân mạc sân.,貓犬角穢君莫嗔。
"Tống quân tuý bão đăng thiên môn,",送君醉飽登天門，
"Tiêu trường tiêu đoản vật phục vân,",杓長杓短勿復云，
Khất thủ lợi thị quy lai phân.,乞取利市歸來分。
"Trương sinh thủ trì “Thạch cổ” văn,",張生手持石鼓文，
Khuyến ngã thí tác “Thạch cổ ca”.,勸我試作石鼓歌。
"Thiếu Lăng vô nhân Trích Tiên tử,",少陵無人謫仙死，
Tài bạc tương nại thạch cổ hà.,才薄將奈石鼓何。
"Chu cương lăng trì tứ hải phí,",周綱陵遲四海沸，
Tuyên Vương phẫn khởi huy thiên qua.,宣王憤起揮天戈。
"Đại khai Minh Đường thụ triều hạ,",大開明堂受朝賀，
Chư hầu kiếm bội minh tương ma.,諸侯劍佩鳴相磨。
"Sưu ư Kỳ Dương sính hùng tuấn,",蒐於岐陽騁雄俊，
Vạn lý cầm thú giai già la.,萬里禽獸皆遮羅。
"Tuyên công lặc thành cáo vạn thế,",鐫功勒成告萬世，
Tạc thạch tác cổ huy tha nga.,鑿石作鼓隳嵯峨。
"Tòng thần tài nghệ hàm đệ nhất,",從臣才藝咸第一，
Giản tuyển soạn khắc lưu sơn a.,揀選撰刻留山阿。
"Vũ lâm nhật chích dã hoả liệu,",雨淋日炙野火燎，
Quỷ vật thủ hộ phiền huy a.,鬼物守護煩撝呵。
"Công tòng hà xứ đắc chỉ bản,",公從何處得紙本，
Hào phát tận bị vô sai ngoa.,毫髮盡備無差訛。
"Từ nghiêm nghĩa mật độc nan hiểu,",辭嚴義密讀難曉，
Tự thể bất loại lệ dữ khoa.,字體不類隸與科。
"Niên thâm khởi miễn hữu khuyết hoạ,",年深豈免有缺畫，
Khoái kiếm chước đoạn sinh giao đà.,快劍斫斷生蛟鼉。
"Loan tường phượng chứ chúng tiên hạ,",鸞翔鳳翥眾仙下，
San hô bích thụ giao chi kha.,珊瑚碧樹交枝柯。
"Kim thằng thiết sách toả nữu tráng,",金繩鐵索鎖鈕壯，
Cổ đỉnh dược thuỷ long đằng thoa.,古鼎躍水龍騰梭。
"Lậu nho biên thi bất thu nhập,",陋儒編詩不收入，
Nhị nhã biển bách vô uỷ xà.,二雅褊迫無委蛇。
"Khổng Tử tây hành bất đáo Tần,",孔子西行不到秦，
Kỷ trích tinh túc di Hy Nga.,掎摭星宿遺羲娥。
"Ta dư hiếu cổ sinh khổ vãn,",嗟予好古生苦晚，
Đối thử thế lệ song bàng đà.,對此涕淚雙滂沱。
"Ức tích sơ mông bác sĩ trưng,",憶昔初蒙博士徵，
Kỳ niên thuỷ cải xưng Nguyên Hoà.,其年始改稱元和。
"Cố nhân tòng quân tại Hữu Phụ,",故人從軍在右輔，
Vị ngã độ lường quật cữu khoa.,為我度量掘臼科。
"Trạc quan mộc dục cáo sái tửu,",濯冠沐浴告祭酒，
Như thử chí bảo tồn khởi đa.,如此至寶存豈多。
"Chiên bao tịch khoả khả lập trí,",氈包席裹可立致，
Thập cổ kỳ tải sổ lạc đà.,十鼓祇載數駱駝。
"Tiến chư thái miếu tỷ Cáo đỉnh,",薦諸太廟比郜鼎，
Quang giá khởi chỉ bách bội quá.,光價豈止百倍過。
"Thánh ân nhược hứa lưu thái học,",聖恩若許留太學，
Chư sinh giảng giải đắc thiết tha.,諸生講解得切磋。
"Quan kinh hồng đô thượng điền yết,",觀經鴻都尚填咽，
Toạ kiến cử quốc lai bôn ba.,坐見舉國來奔波。
"Oan đài dịch tiển lộ tiết giác,",剜苔剔蘚露節角，
An trí thoả thiếp bình bất pha.,安置妥帖平不頗。
"Đại hạ thâm thiềm dữ cái phúc,",大廈深簷與蓋覆，
Kinh lịch cửu viễn kỳ vô đà.,經歷久遠期無佗。
"Trung triều đại quan lão ư sự,",中朝大官老於事，
Cự khẳng cảm khích đồ an a.,詎肯感激徒媕婀。
"Mục đồng xao hoả ngưu lệ giác,",牧童敲火牛礪角，
Thuỳ phục trước thủ vi ma sa.,誰復著手為摩挲。
"Nhật tiêu nguyệt thước tựu mai một,",日銷月鑠就埋沒，
Lục niên tây cố không ngâm nga.,六年西顧空吟哦。
"Hy Chi tục thư sấn tư mị,",羲之俗書趁姿媚，
Thư chỉ thượng khả bác bạch nga.,書紙尚可博白鵝。
"Kế chu bát đại tranh chiến bãi,",繼周八代爭戰罷，
Vô nhân thu thập lý tắc na.,無人收拾理則那。
"Phương kim thái bình nhật vô sự,",方今太平日無事，
Bính nhậm nho thuật sùng Khâu Kha.,柄任儒術崇丘軻。
"An năng dĩ thử thượng luận liệt,",安能以此上論列，
Nguyện tá biện khẩu như huyền hà.,願借辨口如懸河。
"Thạch cổ chi ca chỉ ư thử,",石鼓之歌止於此，
Ô hô! Ngô ý kỳ tha đà.,嗚呼！吾意其蹉跎。
Quân bất kiến:,君不見：
"Ích Châu thành tây môn,",益州城西門，
Mạch thượng thạch duẩn song cao tồn.,陌上石筍雙高蹲。
"Cổ lai tương truyền thị hải nhãn,",古來相傳是海眼，
Đài tiển thực tận ba đào ngân.,苔蘚蝕盡波濤痕。
"Vũ đa vãng vãng đắc sắt sắt,",雨多往往得瑟瑟，
Thử sự hoảng hốt nan minh luân.,此事恍惚難明論。
"Khủng thị tích thời khanh tướng mộ,",恐是昔時卿相墓，
Lập thạch vi biểu kim nhưng tồn.,立石為表今仍存。
"Tích tai tục thái hiếu mông tế,",惜哉俗態好蒙蔽，
Diệc như tiểu thần mị chí tôn.,亦如小臣媚至尊。
"Chính hoá thác ngỗ thất đại thể,",政化錯迕失大體，
Toạ khan khuynh nguy thụ hậu ân.,坐看傾危受厚恩。
"Ta nhĩ thạch duẩn thiện hư danh,",嗟爾石筍擅虛名，
Hậu lai vị thức do tuấn bôn.,後來未識猶駿奔。
"An đắc tráng sĩ trịch thiên ngoại,",安得壯士擲天外，
Sử nhân bất nghi kiến bản căn.,使人不疑見本根。
"Thạch Ngư hồ, tự Động Đình.",石魚湖，似洞庭。
"Hạ thuỷ dục mãn Quân sơn thanh,",夏水欲滿君山青，
"Sơn vi tôn, thuỷ vi chiểu,",山為樽，水為沼，
Tửu đồ lịch lịch toạ châu đảo.,酒徒歷歷坐洲島。
"Trường phong liên nhật tác đại lãng,",長風連日作大浪，
Bất năng phế nhân vận tửu phảng.,不能廢人運酒舫。
"Ngã trì trường biều toạ Ba Khâu,",我持長瓢坐巴丘，
Chước ẩm tứ toạ dĩ tản sầu.,酌飲四坐以散愁。
Quân bất kiến:,君不見：
"Tần thì Thục thái thú,",秦時蜀太守，
Khắc thạch lập tác tam tê ngưu.,刻石立作三犀牛。
"Tự cổ tuy hữu yểm thắng pháp,",自古雖有厭勝法，
Thiên sinh giang thuỷ hướng đông lưu.,天生江水向東流。
"Thục nhân căng khoa nhất thiên tải,",蜀人矜誇一千載，
Phiếm dật bất cận Trương Nghi lâu.,泛溢不近張儀樓。
"Kim niên Quán Khẩu tổn hộ khẩu,",今年灌口損戶口，
Thử sự hoặc khủng vi thần tu.,此事或恐為神羞。
"Chung tạ đề phòng xuất chúng lực,",終藉堤防出眾力，
Cao ủng mộc thạch đương thanh thu.,高擁木石當清秋。
"Tiên vương tác pháp giai chính đạo,",先王作法皆正道，
Quỉ quái hà đắc tham nhân mưu.,鬼怪何得參人謀。
"Ta nhĩ tam tê bất kinh tế,",嗟爾三犀不經濟，
Khuyết ngoa chỉ dữ trường xuyên thệ.,缺訛只與長川逝。
"Đãn kiến nguyên khí thường điều hoà,",但見元氣常調和，
Tự miễn hồng đào tứ điêu sái.,自免洪濤恣凋瘵。
"An đắc tráng sĩ đề thiên cương,",安得壯士提天綱，
Tái bình thuỷ thổ tê bôn mang.,再平水土犀奔茫。
"Thanh Phong điếm nam phùng phụ lão,",清風店南逢父老，
Cáo ngã Kỷ Tị niên gian sự.,告我己巳年間事。
"Điếm bắc do tồn cổ chiến trường,",店北猶存古戰場，
Di thốc thượng đái cần vương tự.,遺鏃尚帶勤王字。
"Ức tích mông trần thực thảm đát,",憶昔蒙塵實慘怛，
Phản phúc thế như phong vũ chí.,反覆勢如風雨至。
"Tử Kinh quan đầu trú xuy giốc,",紫荊關頭晝吹角，
Sát khí quân thanh mãn U Sóc.,殺氣軍聲滿幽朔。
"Hồ nhi ẩm mã Chương Nghĩa môn,",胡兒飲馬彰義門，
Phong hoả dạ chiếu Yên sơn vân.,烽火夜照燕山雲。
"Nội hữu Vu thượng thư,",內有于尚書，
Ngoại hữu Thạch tướng quân.,外有石將軍。
"Thạch gia quan quân nhược lôi điện,",石家官軍若雷電，
Thiên thanh dã khoáng lai hàm chiến.,天清野曠來酣戰。
"Triều đình ký thất Tử Kinh quan,",朝廷既失紫荊關，
Ngô dân khởi bảo Thanh Phong điếm?,吾民豈保清風店。
"Khiên da phụ tử vô xứ đào,",牽爺負子無處逃，
Khốc thanh chấn thiên phong nộ hào.,哭聲震天風怒號。
"Nhi nữ sàng đầu phục cổ giốc,",兒女床頭伏鼓角，
Dã nhân ốc thượng khán tinh mao.,野人屋上看旌旄。
"Tướng quân thử thời đĩnh qua xuất,",將軍此時挺戈出，
Sát Hồ bất dị thảo dữ hao.,殺胡不異草與蒿。
"Truy bắc quy lai huyết tẩy đao,",追北歸來血洗刀，
Bạch nhật bất động thương thiên cao.,白日不動蒼天高。
"Vạn lý yên trần nhất kiếm tảo,",萬里煙塵一劍掃，
Phụ tử anh hùng cổ lai thiểu.,父子英雄古來少。
"Thiên sinh Lý Thịnh vị xã tắc,",天生李晟為社稷，
Chu chi Phương Thúc kim nguyên lão.,周之方叔今元老。
"Thiền Vu thống khốc Đảo Mã quan,",單于痛哭倒馬關，
Kiệt Nô bán tử Phi Hồ đạo.,羯奴半死飛狐道。
"Xứ xứ hoan thanh táo cổ kỳ,",處處歡聲噪鼓旗，
Gia gia ngưu tửu khao vương sư.,家家牛酒犒王師。
"Hưu khoa Hán thất Phiêu Diêu tướng,",休夸漢室嫖姚將，
Khởi thuyết Đường triều Quách Tử Nghi?,豈說唐朝郭子儀。
"Trầm ngâm thử sự lục thập xuân,",沈吟此事六十春，
Thử địa kinh qua lệ mãn cân.,此地經過淚滿巾。
"Hoàng vân lạc nhật cổ cốt bạch,",黄雲落日古骨白，
Sa lịch thảm đạm sầu hành nhân.,沙礫慘淡愁行人。
"Hành nhân lai chiết chiến trường liễu,",行人來折戰場柳，
Hạ mã toạ vọng Cư Dung khẩu.,下馬坐望居庸口。
"Khước ức thiên quan nghinh giá sơ,",卻憶千官迎駕初，
Thiên thặng vạn kỵ hạ hoàng đô.,千乘萬騎下皇都。
"Càn khôn đắc kiến trung hưng chủ,",乾坤得見中興主，
Nhật nguyệt trùng khai tái tạo đồ.,日月重開再造圖。
"Kiêu hùng bất sổ Vân Đài sĩ,",梟雄不數雲臺士，
Dương Thạch tề danh thiên hạ vô.,楊石齊名天下無。
"Ô hô Dương Thạch kim dĩ vô,",嗚呼楊石今已無，
An đắc tái sinh thử bối tây bị Hồ!,安得再生此輩西備胡。
"Thái Bình thành ngoại tây phong khởi,",太平城外西風起，
Xuy trứu Ninh Minh nhất giang thuỷ.,吹皺寧明一江水。
"Giang thuỷ trứu hề giang nguyệt hàn,",江水皺兮江月寒，
Thuỳ gia hoành địch bằng lan can.,誰家橫笛憑欄杆。
"Nhị thập thất nhân cộng hồi thủ,",二十七人共回首，
Cố hương dĩ cách vạn trùng san.,故鄉已隔萬重山。
"Triêu du Đại Đê khẩu,",朝遊大堤口，
Mộ phiếm Hoành Đường biên.,暮泛橫塘邊。
"Hồng phấn chiếu lục thuỷ,",紅粉照綠水，
Tự tiện hoàn tự liên.,自羨還自憐。
"Hồng trang chiếu thuỷ nhân kiến hảo,",紅妝照水人見好，
Thiệp giang thái lăng hà khả đạo.,涉江采菱何可道。
"Hành vô y thương vô trữ,",桁無衣倉無儲，
Điền gia nhi nữ đề oa oa.,田家兒女啼呱呱。
"Tân phụ thái mạch phụng lão cô,",新婦采麥奉老姑，
"Lão cô phát bạch xỉ tận lạc,",老姑髮白齒盡落，
Hữu nhi phục cổ mẫu lê hoắc.,有兒服賈母藜藿。
"Tiền nhật phong xuy mạch lạc hoa,",前日風吹麥落花，
Kim nhật vũ tẩm mạch sinh nha.,今日雨浸麥生芽。
"Lão tàm thành nga hựu sinh tử,",老蠶成蛾又生子，
Lương nhân hà bất tảo hoàn gia.,良人何不早還家。
"Lôi quá khê sơn bích vân noãn,",雷過溪山碧雲暖，
U tùng bán thổ kỳ sang đoản.,幽叢半吐旗槍短。
"Ngân thoa nữ nhi tương ứng ca,",銀釵女兒相應歌，
Khuông trung tích đắc thuỳ tối đa.,筐中滴得誰最多。
"Quy lai thanh hương do tại thủ,",歸來清香猶在手，
Cao phẩm tiên tương trình thái thú.,高品先將呈太守。
"Trúc lô tân bồi vị đắc thường,",竹爐新焙未得嘗，
Lung thịnh phán dữ Hồ Nam thương.,籠盛販與湖南商。
"Sơn gia bất giải chủng hoà thử,",山家不解種禾黍，
Y thực niên niên tại xuân vũ.,衣食年年在春雨。
"Đình tiền cam cúc di thì vãn,",庭前甘菊移時晚，
Thanh nhị trùng dương bất kham trích.,青蕊重陽不堪摘。
"Minh nhật tiêu điều tận tuý tỉnh,",明日蕭條盡醉醒，
Tàn hoa lạn mạn khai hà ích?,殘花爛漫開何益？
"Ly biên dã ngoại đa chúng phương,",篱邊野外多眾芳，
Thái hiệt tế toả thăng trung đường.,採擷細瑣昇中堂。
"Niệm tư không trường đại chi diệp,",念茲空長大枝葉，
Kết căn thất sở triền phong sương.,結根失所纏風霜。
"Thoa lạp Ngũ Hồ vinh bội ấn,",簑笠五湖榮佩印，
Tang ma tế dã thắng phong hầu.,桑麻蔽野勝封侯。
"Trứ xứ phồn hoa vụ thị nhật,",著處繁花務是日，
Trường Sa thiên nhân vạn nhân xuất.,長沙千人萬人出。
"Độ đầu thuý liễu diễm minh my,",渡頭翠柳豔明眉，
Tranh đạo chu đề kiêu niết tất.,爭道朱蹄驕齧膝。
"Thử đô hảo du Tương Tây tự,",此都好遊湘西寺，
Chư tướng diệc tự quân trung chí.,諸將亦自軍中至。
"Mã Viện chinh hành tại nhãn tiền,",馬援征行在眼前，
Cát Cường thân cận đồng tâm sự.,葛強親近同心事。
"Kim đặng hạ sơn hồng phấn vãn,",金鐙下山紅粉晚，
Nha tường liệt đà thanh lâu viễn.,牙檣捩柁青樓遠。
"Cổ thì táng loạn giai khả tri,",古時喪亂皆可知，
Nhân thế bi hoan tạm tương khiển.,人世悲歡暫相遣。
"Đệ điệt tuy tồn bất đắc thư,",弟侄雖存不得書，
Can qua vị tức khổ ly cư.,干戈未息苦離居。
"Phùng nghinh thiếu tráng phi ngô đạo,",逢迎少壯非吾道，
Huống nãi kim triêu cánh phất trừ.,況乃今朝更祓除。
"Triêu lai tân hoả khởi tân yên,",朝來新火起新煙，
Hồ sắc xuân quang tịnh khách thuyền.,湖色春光淨客船。
"Tú vũ hàm hoa tha tự đắc,",繡羽銜花他自得，
Hồng nhan kỵ trúc ngã vô duyên.,紅顏騎竹我無緣。
"Hồ đồng kết thúc hoàn nan hữu,",胡童結束還難有，
Sở nữ yêu chi diệc khả liên.,楚女腰肢亦可憐。
"Bất kiến Định Vương thành cựu xứ,",不見定王城舊處，
Trường hoài Giả Phó tỉnh y nhiên.,長懷賈傅井依然。
"Hư triêm Chu Cử vi hàn thực,",虛沾周舉為寒食，
Thực tạ Nghiêm quân mại bốc tiền.,實藉嚴君賣卜錢。
"Chung đỉnh sơn lâm các thiên tính,",鐘鼎山林各天性，
Trọc dao thô phạn nhậm ngô niên.,濁醪粗飯任吾年。
"Thử thân phiêu bạc khổ tây đông,",此身飄泊苦西東，
Hữu tý thiên khô bán nhĩ lung.,右臂偏枯半耳聾。
"Tịch tịch hệ chu song há lệ,",寂寂繫舟雙下淚，
"Du du phục chẩm, tả thư không.",悠悠伏枕左書空。
"Thập niên xúc cúc tương sồ viễn,",十年蹴踘將雛遠，
Vạn lý thu thiên tập tục đồng.,萬里秋千習俗同。
"Lữ nhạn thượng vân quy tử tái,",旅雁上雲歸紫塞，
Gia nhân toàn hoả dụng thanh phong.,家人鑽火用青楓。
"Tần thành lâu các yên hoa lý,",秦城樓閣煙花裏，
Hán chủ sơn hà cẩm tú trung.,漢主山河錦繡中。
"Phong thuỷ xuân lai Động Đình khoát,",風水春來洞庭闊，
Bạch tần sầu sát bạch đầu ông.,白蘋愁殺白頭翁。
"Thanh Môn kim toả bình đán khai,",青門金鎖平旦開，
Thành đầu nhật xuất sứ xa hồi.,城頭日出使車回。
"Thanh môn liễu chi chính kham chiết,",青門柳枝正堪折，
Lộ bàng nhất nhật kỷ nhân biệt.,路傍一日幾人別。
"Đông xuất Thanh Môn lộ bất cùng,",東出青門路不窮，
Dịch lâu quan thụ Bá Lăng đông.,驛樓官樹霸陵東。
"Hoa phác chinh y khan tự tú,",花扑征衣看似繡，
Vân tuỳ khứ mã sắc nghi thông.,雲隨去馬色疑驄。
"Hồ cơ tửu lư nhật vị ngọ,",胡姬酒壚日未午，
Ti thằng ngọc cang tửu như nhũ.,絲繩玉缸酒如乳。
"Bá đầu lạc hoa một mã đề,",霸頭落花沒馬蹄，
Tạc dạ vi vũ hoa thành nê.,昨夜微雨花成泥。
"Hoàng ly sí thấp phi chuyển đê,",黃鸝翅濕飛轉低，
Quan Đông xích thư tuý lại đề.,關東尺書醉懶題。
"Tu du vọng quân bất khả kiến,",須臾望君不可見，
Dương tiên phi khống tật như tiễn.,揚鞭飛鞚疾如箭。
Tá vấn sứ hô hà thời lai?,借問使乎何時來？
Mạc tác đông phi bá lao tây phi yến!,莫作東飛伯勞西飛燕！
"Thanh sơn thanh, thanh dục đoạn,",青山青，青欲斷，
Thanh sơn đoạn xứ vân như mạn.,青山斷處雲如幔。
"Nhân gia thâm trú ổ đông đầu,",人家深住塢東頭，
Cương bị vân già nhất đa bán.,剛被雲遮一多半。
"Sơn hề vân hề diểu mạc phân,",山兮雲兮窅莫分，
Kê khuyển dao cách vân trung văn.,雞犬遙隔雲中聞。
"Hữu thời tuỳ phong hoặc lăng loạn,",有時隨風或凌亂，
Trường nhật dữ sơn tương thổ thôn.,長日與山相吐吞。
"Thành trung xa mã đa như chức,",城中車馬多如織，
Một mã hồng trần thâm kỷ xích.,沒馬紅塵深幾尺。
"Chỉ hữu phú quý giải lưu nhân,",只有富貴解留人，
Thả dữ vân sơn vị tằng thức.,且與雲山未曾識。
"Hu ta sơn trung nhân,",吁嗟山中人，
Mộng ức Vân Trung Quân.,夢憶雲中君。
"Quyển thư tuỳ sở thích,",卷舒隨所適，
Phóng lãng do thiên chân.,放浪由天真。
"Ngã tích tây du đăng Ngũ Lão,",我昔西游登五老，
Ngũ Lão chư phong tháp tình hạo.,五老諸峰插晴昊。
"Tửu hàm phóng ca Trích Tiên cú,",酒酣放歌謫仙句，
Nghĩ cộng vân tùng kết sào hảo.,擬共雲松結巢好。
"Giang Lang tự thị thanh vân tư,",江郎自是青雲姿，
Án đồ tiếu sách vân sơn thi.,按圖笑索雲山詩。
"Tòng lai tri nhĩ xuất sơn khứ,",從來知爾出山去，
Vi vũ vi lâm đương cập thì.,為雨為霖當及時。
"Thanh ty bạch mã thuỳ gia tử,",青絲白馬誰家子，
Thô hào thả trục phong trần khởi.,粗豪且逐風塵起。
"Bất văn Hán chúa phóng phi tần,",不聞漢主放妃嬪，
Cận tĩnh Đồng Quan tảo phong nghĩ.,近靜潼關掃蜂蟻。
"Điện tiền binh mã phá nhữ thì,",殿前兵馬破汝時，
Thập nguyệt tức vi tê phấn kỳ.,十月即為齏粉期。
"Vị như diện phược quy kim khuyết,",未如面縛歸金闕，
Vạn nhất hoàng ân hạ ngọc trì.,萬一皇恩下玉墀。
"Tây sơn nhật một đông sơn hôn,",西山日沒東山昏，
"Toàn phong xuy mã, mã đạp vân.",旋風吹馬馬踏雲。
"Hoạ huyền tố quản thanh thiển phồn,",畫弦素管聲淺繁，
Hoa quần tuý sái bộ thu trần.,花裙綷縩步秋塵。
"Quế diệp loát phong quế truỵ tử,",桂葉刷風桂墜子，
Thanh ly khốc huyết hàn hồ tử.,青狸哭血寒狐死。
"Cổ bích thái cầu kim thiếp vĩ,",古壁彩虯金貼尾，
Vũ công kỵ nhập thu đàm thuỷ.,雨工騎入秋潭水。
"Bách niên lão hiêu thành mộc mị,",百年老鴞成木魅，
Tiếu thanh bích hoả sào trung khỉ.,笑聲碧火巢中起。
"Sinh nhi bất dụng thức văn tự,",生兒不用識文字，
Đấu kê tẩu mã thắng độc thư.,鬥雞走馬勝讀書。
"Giả gia tiểu nhi niên thập tam,",賈家小兒年十三，
Phú quý vinh hoa đại bất như.,富貴榮華代不如。
"Năng linh kim cự kỳ thắng phụ,",能令金距期勝負，
Bạch la tú sam tuỳ nhuyễn dư.,白羅繡衫隨軟輿。
"Phụ tử Trường An thiên lý ngoại,",父死長安千里外，
Sai phu trì đạo vãn táng xa.,差夫持道挽喪車。
"Hạ trung vãng chí Thát Sơn nam,",夏中往至獺山南，
Đài ốc tam gian nhật ảnh hàm.,苔屋三間日影含。
"Nhất lão nhập môn trần tiểu lễ,",一老入門陳小禮，
Sổ nhi toạ ngoại chỉ dao đàm.,數兒坐外指遙談。
"Bạc thuyền thức đắc Tăng bà miếu,",泊船識得曾婆廟，
Lê mạt sơ lai kiến thảo am.,黎末初來建草庵。
"Đạo tróc đâu nhân tòng hải lãng,",盜捉丟人從海浪，
Dân bi thuỷ tự triển đan thầm.,民悲始祀展丹忱。
"Hựu văn Thế Tổ đào tri sự,",又聞世祖逃知事，
Hồi sử phong thần lệ kính khâm.,回使封神勵敬欽。
"Cố chủ nhược linh huy thủ khiển,",故主若靈揮手遣，
Trầm ba tẩy khứ hữu tham tâm.,沉波洗去有貪心。
"Lương phong xuy động Hoàng Cô chử,",涼風吹動黃姑渚，
Chính trị Khiên Ngưu phùng Đế Nữ.,正值牽牛逢帝女。
"Nhất niên giai hội trở tinh hà,",一年佳會阻星河，
Sổ khắc giao hoan bãi cơ trữ.,數刻交歡罷機杼。
"Chủ nhân lưu khách đương kim tiêu,",主人留客當今宵，
Minh tranh thiếu phụ hồng la tiêu.,鳴筝少婦紅羅綃。
"Kiều thanh uyển chuyển loan hoàng khúc,",嬌聲宛轉鸞凰曲，
Mị nhãn đê hồi ô thước kiều.,媚眼低回烏鵲橋。
"Dẫn vũ lưu thương ca dũ hoãn,",引羽流商歌愈緩，
Ngọc thằng tiệm lạc minh tinh lạn.,玉繩漸落明星爛。
"Lý truỵ trâm di lạc vị hưu,",履墜簪遺樂未休，
Chung trầm lậu tận sầu tương đán.,鐘沉漏盡愁將旦。
"Lâm biệt ân cần tặng thất tương,",臨别殷勤贈七襄，
Thu tiêu tuy đoản thử tình trường.,秋宵雖短此情長。
"Chúc Long dĩ giá Phù Tang hiểu,",燭龍已駕扶桑曉，
Thiên thượng nhân gian lưỡng diểu mang.,天上人間兩渺茫。
"Tứ hải thập niên bất giải binh,",四海十年不解兵，
Khuyển nhung dã phục lâm Hàm kinh.,犬戎也復臨咸京。
"Thất đạo phi quan xuất Tương Dã,",失道非關出襄野，
Dương tiên hốt thị quá Hồ Thành.,揚鞭忽是過湖城。
"Sài lang tái lộ nhân đoạn tuyệt,",豺狼塞路人斷絕，
Phong hoả chiếu dạ thi túng hoành.,烽火照夜尸縱橫。
"Thiên tử diệc ưng yếm bôn tẩu,",天子亦應厭奔走，
Quần công cố hợp tứ thăng bình.,群公固合思昇平。
"Đãn khủng tru cầu bất cải triệt,",但恐誅求不改轍，
Văn đạo bế nghiệt năng toàn sinh.,聞道嬖孽能全生。
"Giang biên lão ông thác liệu sự,",江邊老翁錯料事，
Nhãn ám bất kiến phong trần thanh.,眼暗不見風塵清。
"Thiên biên lão nhân quy vị đắc,",天邊老人歸未得，
Nhật mộ đông lâm đại giang khốc.,日暮東臨大江哭。
"Lũng Hữu, Hà Nguyên bất chủng điền,",隴右河源不種田，
Hồ kỵ khương binh nhập Ba Thục.,胡騎羌兵入巴蜀。
"Hồng đào thao thiên phong bạt mộc,",洪濤滔天風拔木，
Tiền phi thốc thu hậu hồng hộc.,前飛禿鶖後鴻鵠。
"Cửu độ phụ thư hướng Lạc Dương,",九度附書向洛陽，
Thập niên cốt nhục vô tiêu tức.,十年骨肉無消息。
"Ngô Cối quát chúng san,",吳會括眾山，
Tập tập bất khả sổ.,戢戢不可數。
"Kỳ gian hiệu Thiên Bình,",其間號天平，
Đột ngột vi chi chủ.,突兀為之主。
"Kiệt nhiên trấn Tây nam,",杰然鎮西南，
Quần lĩnh tranh củng phụ.,群嶺爭拱輔。
"Ngô tri tạo vật ý,",吾知造物意，
Tất dĩ bình thiên phủ.,必已屏天府。
"Thanh khê chí kỳ hạ,",青溪至其下，
Ngưỡng thị thế như vũ.,仰視勢如舞。
"Vĩ thạch như trường nhân,",偉石如長人，
Thụ lập dục ngôn ngữ.,豎立欲言語。
"Môn la duyên hiểm đặng,",捫蘿緣險磴，
Lạn mạn tùng trúc cổ.,爛漫松竹古。
"Trung yêu hữu nguy đình,",中腰有危亭，
Tiền đối thuý bích cử.,前對翠壁舉。
"Thạch đậu bính ngọc tuyền,",石竇迸玉泉，
Linh linh tứ thời vũ.,泠泠四時雨。
"Nguyên sinh bạch vân gian,",源生白雲間，
Nhan sắc nhược phấn nhũ.,顏色若粉乳。
"Hạn niên hoặc bá sái,",旱年或播洒，
Nhuận khả túc cửu thổ.,潤可足九土。
"Nại hà đãn hoằng trừng,",柰何但泓澄，
Vị vi ứng long thủ.,未為應龍取。
"Dư tài khí trần trung,",予才棄塵中，
Nham hác tố tự hứa.,岩壑素自許。
"Bàn hoàn trạch hùng thắng,",盤桓擇雄胜，
Chí thử khoái tâm lữ.,至此快心膂。
"Thứ đắc nhĩ mục thanh,",庶得耳目清，
Chung cam tử vu hổ.,終甘死于虎。
"Thiên Đô chử phong dao tương tòng,",天都諸峰遥相從，
Liên miên dịch thuộc vô hạ phùng.,連綿嶧屬無罅縫。
"Sơn yêu bạch vân xuất y đái,",山腰白雲出衣帶，
Vân sinh điệp điệp sơn trùng trùng.,雲生疊疊山重重。
"Phong nội hữu phong loại xuân nhiễm,",峰內有峰類皴染，
Tu du ổng hợp nhưng hỗn đồng.,須臾蓊合仍混同。
"Tằng vân tụ tộc vũ quyết lưu,",層雲聚族雨決溜，
Khê sơn thiên thuỷ tề minh mông.,溪山天水齊溟蒙。
"Thị thời thuỷ thế do vị hùng,",是時水勢猶未雄，
Giang hà dục quyết phiên buộn ung.,江河欲決翻坌壅。
"Lương cửu vũ túc thuỷ tích hậu,",良久雨足水積厚，
Bộc bố đảo tả Thiên Đô phong.,瀑布倒瀉天都峰。
"Sơ nghi khát long phủ phím bạc,",初疑渴龍甫噴薄，
Quyết thạch đầu pháo thanh hồng long.,抉石投奅聲䃔䃧。
"Phục nghi thuỷ kích long ảo nộ,",復疑水撥龍拗怒，
Tốt vĩ hạ bát bách trượng hồng.,捽尾下拔百丈洪。
"Cánh nghi quần long hỗ chuyển đấu,",更疑群龍互轉鬥，
Di sơn bài cốc oanh viên khung.,移山排谷轟圓穹。
"Nhân ngôn thuỷ tá phong lực hoạnh,",人言水借風力橫，
Ná tri thuỷ cấp phiên sinh phong.,那知水急翻生風。
Kích lôi cuồng điện hà xử khởi?,激雷狂電何處起？
Phát tác diệc tại phong thuỷ trung.,發作亦在風水中。
"Ba lãng huyên khôi thảo mộc á,",波浪喧豗草木亞，
Sưu giảo hiên pha tâm xung xung.,搜攪軒簸心忡忡。
"Đàm trung lão long hựu kinh ngộ,",潭中老龍又驚寤，
Lục lãng phầm dũng hiên song đông.,綠浪濆涌軒窗東。
"Sơn căn táp lạp địa trục chấn,",山根颯拉地軸震，
Toàn khủng Hoàng Hải phù hư không.,旋恐黄海浮虛空。
"Đình ngọ vũ chỉ vân nhung nhung,",亭午雨止雲戎戎，
Thiên điều bạch luyện hồi xung dung.,千條白練回沖融。
"Bằng lan tâm khảm thư chàng thung,",憑闌心坎舒撞舂，
Toạ thinh đào lại khán bôn xung.,坐聽濤瀨看奔沖。
"Ngạc di mạc nhạ thi tứ cùng,",愕眙莫訝詩思窮，
Lão phu tam nhật do nhĩ lung.,老夫三日猶耳聾。
"Ngô văn thiên tử chi mã tẩu thiên lý,",吾聞天子之馬走千里，
Kim chi hoạ đồ vô nãi thị.,今之畫圖無乃是。
"Thị hà ý thái hùng thả kiệt,",是何意態雄且傑，
Tuấn vĩ tiêu tiêu sóc phong khởi.,駿尾蕭梢朔風起。
"Mao vi lục phiêu lưỡng nhĩ hoàng,",毛為綠縹兩耳黃，
Nhãn hữu tử diễm song đồng phương.,眼有紫焰雙瞳方。
"Kiểu kiểu long tính hợp biến hoá,",矯矯龍性合變化，
Trác lập thiên cốt sâm khai trương.,卓立天骨森開張。
"Y tích thái bộc Trương Cảnh Thuận,",伊昔太僕張景順，
Giám mục công câu duyệt thanh tuấn.,監牧攻駒閱清峻。
"Toại linh đại nô thủ Thiên Dục,",遂令大奴守天育，
Biệt dưỡng ký tử liên thần tuấn.,別養驥子憐神俊。
"Đương thì tứ thập vạn thất mã,",當時四十萬匹馬，
Trương công thán kỳ tài tận hạ.,張公歎其材盡下。
"Cố độc tả chân truyền thế nhân,",故獨寫真傳世人，
Kiến chi toạ hữu cửu cánh tân.,見之座右久更新。
"Niên đa vật hoá không hình ảnh,",年多物化空形影，
Ô hô kiện bộ vô do sính.,嗚呼健步無由騁。
"Như kim khởi vô Yểu Niểu dữ Hoa Lưu,",如今豈無騕褭與驊騮，
"Thì vô Vương Lương, Bá Nhạc tử tức hưu.",時無王良伯樂死即休。
"Địa mạch chí thử đoạn,",地脈至此斷，
Thiên Sơn dĩ bao thiên.,天山已包天。
"Nhật nguyệt hà xứ thê,",日月何處棲，
Tổng quải thanh tùng điên.,總掛青松巔。
"Cùng đông lăng lăng sóc phong liệt,",窮冬棱棱朔風裂，
Tuyết sắc bao sơn một sơn cốt.,雪色包山沒山骨。
"Phong hình tích cổ thuỳ năng khuy,",峰形積古誰能窺？
Thượng hữu hồng mông vạn niên tuyết.,上有鴻濛萬年雪。
"Thiên Sơn chi thạch lục như ngọc,",天山之石綠如玉，
Tuyết dữ thạch quang giai nhiễm lục.,雪與石光皆染綠。
"Bán không thạch truỵ băng hốt khai,",半空石墜冰忽開，
Đối diện cư nhiên lạc phi bộc.,對面居然落飛瀑。
"Thanh tùng cương đầu thử lục lương,",青松岡頭鼠陸梁，
Nhất nhất câu dục xan thiên quang.,一一俱欲餐天光。
"Một lâm nhược trĩ phi bất khởi,",沒林弱雉飛不起，
Kinh nguyệt bão đạm tùng hoa hương.,經月飽啖松花香。
"Nhân hành sơn khẩu tuyết một tung,",人行山口雪沒蹤，
Sơn phúc cửu dĩ tàng xuân phong.,山腹久已藏春風。
"Thuỷ tri linh cảnh quýnh nhiên dị,",始知靈境迥然異，
Khí hậu đốn dữ tam tiêu thông.,氣候頓與三霄通。
"Ngã vị trường Thành bất tu trúc,",我謂長城不須筑，
Thử hiểm thiên giao hạn sa mạc.,此險天教限沙漠。
"Sơn nam sơn bắc nhĩ hử trường,",山南山北爾許長，
Hãn Hải Hoàng Hà tư khởi phục.,瀚海黄河茲起伏。
"Tha thời trục khách thảng đắc hoàn,",他時逐客倘得還，
Trí trủng diệc tượng kỳ liên san.,置冢亦象祁連山。
"Khống huyền túng tốn phiêu kị Hoắc,",控弦縱遜票騎霍，
Đầu bút hoặc tự Phù Phong Ban.,投筆或似扶風班。
"Biệt gia cận dĩ vong niên tải,",別家近已忘年載，
Nhật xuất thương minh thảng gia tại.,日出滄溟倘家在。
"Liên phong ngẫu nhất vọng đông nam,",連峰偶一望東南，
Vân khí mang mang sinh phúc bối.,雲氣茫茫生腹背。
"Cửu châu ngã tích lý hiểm di,",九州我昔履險夷，
Ngũ nhạc đính thượng đô tiêu đề.,五岳頂上都標題。
"Nam Điều, Bắc Điều đẳng nhàn nhĩ,",南條北條等閑耳，
"Thái Ất, Thái Thất du thử kỳ.",太乙太室輸此奇？
"Kỳ chung tái ngoại thiên hề thủ,",奇鍾塞外天奚取？
Phong lực xuy nhân mãnh phi vũ.,風力吹人猛飛舞。
"Nhất phong khuyết xứ bổ nhất vân,",一峰缺處補一雲，
Nhân dục xuất sơn vân bất hứa.,人欲出山雲不許。
"Thiên hà dạ chuyển phiêu hồi tinh,",天河夜轉漂回星，
Ngân phố lưu vân học thuỷ thanh.,銀浦流雲學水聲。
"Ngọc cung quế thụ hoa vị lạc,",玉宮桂樹花未落，
Tiên thiếp thái hương thuỳ bội anh.,仙妾採香垂佩纓。
"Tần phi quyển liêm bắc song hiểu,",秦妃捲簾北窗曉，
Song tiền thực đồng thanh phụng tiểu.,窗前植桐青鳳小。
"Vương tử xuy sinh nga quản trưởng,",王子吹笙鵝管長，
Hô long canh yên chủng dao thảo.,呼龍耕煙種瑤草。
"Phấn hà hồng thụ ngẫu ty quần,",粉霞紅綬藕絲裙，
Thanh Châu bộ thập lan điều xuân.,青洲步拾蘭苕春。
"Đông chỉ Hy Hoà năng tẩu mã,",東指羲和能走馬，
Hải trần tân sinh thạch sơn hạ.,海塵新生石山下。
"Nam Sơn tiệt trúc vi tất lật,",南山截竹為觱篥，
Thử nhạc bản tự Cưu Tư xuất.,此樂本自龜茲出。
"Lưu truyền Hán địa khúc chuyển kỳ,",流傳漢地曲轉奇，
Lương Châu Hồ nhân vị ngã xuy.,涼州胡人為我吹。
"Bàng lân văn giả đa thán tức,",旁鄰聞者多嘆息，
Viễn khách tư hương giai lệ thuỳ.,遠客思鄉皆淚垂。
"Thế nhân giải thính bất giải thưởng,",世人解聽不解賞，
Trường tiên phong trung tự lai vãng.,長飆風中自來往。
"Khô tang lão bách hàn sưu lưu,",枯桑老柏寒颼飀，
Cửu sồ minh phụng loạn thu thu.,九鶵鳴鳳亂啾啾。
"Long ngâm hổ khiếu nhất thì phát,",龍吟虎嘯一時發，
Vạn lại bách tuyền tương dữ thu.,萬籟百泉相與秋。
"Hốt nhiên cánh tác Ngư Dương tham,",忽然更作《漁陽摻》，
Hoàng vân tiêu điều bạch nhật ám.,黃雲蕭條白日暗。
"Biến điệu như văn dương liễu xuân,",變調如聞《楊柳》春，
Thượng lâm phồn hoa chiếu nhãn tân.,上林繁花照眼新。
"Tuế dạ cao đường liệt minh chúc,",歲夜高堂列明燭，
Mỹ tửu nhất bôi thanh nhất khúc.,美酒一杯聲一曲。
"Đại huyền xuân ôn hoà thả bình,",大絃春溫和且平，
Tiểu huyền liêm chiết lượng dĩ thanh.,小絃廉折亮以清。
"Bình sinh vị thức cung dữ giác,",平生未識宮與角，
Đãn văn ngưu minh áng trung trĩ đăng mộc.,但聞牛鳴盎中雉登木。
"Môn tiền bác trác thuỳ khấu môn,",門前剝啄誰叩門，
Sơn tăng vị nhàn quân vật sân.,山僧未閑君勿嗔。
"Quy gia thả mịch thiên hộc thuỷ,",歸家且覓千斛水，
Tịnh tẩy thung tiền tranh địch nhĩ.,淨洗從前箏笛耳。
"Giá nga phùng thiên phong,",駕鵝逢天風，
Bắc hướng kinh phi minh.,北向驚飛鳴。
"Phi minh nhập dạ cấp,",飛鳴入夜急，
Trắc thính đàn cầm thanh.,側聽彈琴聲。
Tá vấn đàn giả thuỳ?,借問彈者誰？
"Vân thị đương niên Biện Ngọc Kinh,",云是當年卞玉京，
Ngọc Kinh dữ ngã Nam Trung ngộ.,玉京與我南中遇。
"Gia cận Đại Công phường để lộ,",家近大功坊底路，
Tiểu viện thanh lâu đại đạo biên.,小院青樓大道邊。
"Đối môn khước thị Trung Sơn trú,",對門卻是中山住，
Trung Sơn hữu nữ kiều vô song.,中山有女嬌無雙。
"Thanh mâu hạo xỉ thuỳ minh đang,",清眸皓齒垂明璫，
Tằng nhân nội yến trực ca vũ.,曾因內宴直歌舞。
"Toạ trung miết kiến đồ nha hoàng,",坐中瞥見塗鴉黃，
Vấn niên thập lục thượng vị giá.,問年十六尚未嫁。
"Tri âm thức khúc đàn thanh thương,",知音識曲彈清商，
Quy lai nữ bạn tẩy hồng trang.,歸來女伴洗紅妝。
"Uổng tương tuyệt kỹ căng Bình Khang,",枉將絕技矜平康，
Như thử tài túc đương hầu vương.,如此才足當侯王。
"Vạn sự thương hoàng tại nam độ,",萬事倉皇在南渡，
Đại gia kỷ nhật năng chi ngô.,大家幾日能枝梧。
"Chiếu thư hốt hạ tuyển nga mi,",詔書忽下選蛾眉，
Tế mã khinh xa bất tri số.,細馬輕車不知數。
"Trung Sơn hảo nữ quang bồi hồi,",中山好女光徘徊，
Nhất thời phấn đại vô nhân cố.,一時粉黛無人顧。
"Diễm sắc tri vi thiên hạ truyền,",艷色知為天下傳，
Cao môn sầu bị bàng nhân đố.,高門愁被旁人妒。
"Tận đạo đương tiền hoàng ốc tôn,",盡道當前黃屋尊，
Thuỳ tri chuyển phán hồng nhan ngộ.,誰知轉盼紅顏誤。
"Nam Nội phương khán khởi Quế Cung,",南內方看起桂宮，
Bắc binh tảo báo lâm Qua Bộ.,北兵早報臨瓜步。
"Văn đạo quân vương tẩu ngọc thông,",聞道君王走玉驄，
Độc xa bất dụng sính chiêu dung.,犢車不用聘昭容。
"Hạnh trì thân nhập Trần cung lý,",幸遲身入陳宮裏，
Khước tảo danh điền Đại tịch trung.,卻早名填代籍中。
"Y hy ký đắc Kỳ dữ Nguyễn,",依稀記得祁與阮，
Đồng thời diệc trúng Tam cung tuyển.,同時亦中三宮選。
"Khả lân câu vị thức quân vương,",可憐俱未識君王，
Quân phủ sao danh bị khu khiển.,軍府抄名被驅遣。
"Mạn ngâm Lâm xuân, Quỳnh thụ thiên,",漫吟臨春瓊樹篇，
Ngọc nhan linh lạc uỷ hoa điền.,玉顏零落委花鈿。
"Đương thời thác oán Hàn Cầm Hổ,",當時錯怨韓擒虎，
Trương Khổng thừa ân dĩ thập niên.,張孔承恩已十年。
"Đãn giao nhất nhật kiến thiên tử,",但教一日見天子，
Ngọc Nhi cam vị Đông Hôn tử.,玉兒甘為東昏死。
Dương xa vọng hạnh a thuỳ tri?,羊車望幸阿誰知？
Thanh trủng thê lượng cánh như thử!,青冢凄涼竟如此！
"Ngã hướng hoa gian phất tố cầm,",我向花間拂素琴，
Nhất đàn tam thán vị thương tâm.,一彈三嘆為傷心。
"Ám tương Biệt hộc, Ly loan dẫn,",暗將別鵠離鸞引，
Tả nhập bi phong oán vũ ngâm.,寫入悲風怨雨吟。
"Tạc dạ thành đầu xuy tất lật,",昨夜城頭吹篳篥，
Giáo phường giã bị truyền hô cấp.,教坊也被傳呼急。
"Bích Ngọc ban trung phạ điểm lưu,",碧玉班中怕點留，
Nhạc Doanh môn ngoại Lư gia khấp.,樂營門外盧家泣。
"Tư cánh trang thúc xuất giang biên,",私更妝束出江邊，
Kháp ngộ Đan Dương hạ Chử thuyền.,恰遇丹陽下渚船。
"Tiễn tựu hoàng thi tham nhập đạo,",剪就黃絁貪入道，
Huề lai lục ỷ tố Thuyền quyên.,攜來綠綺訴嬋娟。
"Thử địa do lai thịnh ca vũ,",此地由來盛歌舞，
Tử đệ tam ban thập phiên cổ.,子弟三班十番鼓。
"Nguyệt minh huyền sách cánh vô thanh,",月明弦索更無聲，
Sơn Đường tịch mịch tao binh khổ.,山塘寂寞遭兵苦。
"Thập niên đồng bạn lưỡng tam nhân,",十年同伴兩三人，
Sa Đổng chu nhan tận hoàng thổ.,沙董朱顏盡黃土。
"Quý thích thâm khuê mạch thượng trần,",貴戚深閨陌上塵，
Ngô bối phiêu linh hà túc số!,吾輩飄零何足數！
"Toạ khách văn ngôn khởi thán ta,",坐客聞言起嘆嗟，
Giang sơn tiêu sắt ẩn bi già.,江山蕭瑟隱悲笳。
"Mạc tương Thái nữ biên đầu khúc,",莫將蔡女邊頭曲，
Lạc tận Ngô vương uyển lý hoa.,落盡吳王苑裏花。
"Điều phong đạm đãng xuân tương bán,",條風淡蕩春將半，
Ỷ lan hốt thính oanh thanh loạn.,倚欄忽聽鶯聲亂。
"Cách trúc miên man biệt dạng đề,",隔竹綿蠻别様啼，
Nhiễu lâm hiện hoãn tương hô hoán.,遶林睍睆相呼喚。
"Tương hoán tương hô bất trú thanh,",相喚相呼不住聲，
Thanh thanh thiên động dã du tình.,聲聲偏動冶逰情。
"Vương tôn tái tửu thanh lâu tuý,",王孫載酒青樓醉，
Mỹ nữ tầm phương tử mạch hành.,美女尋芳紫陌行。
"Thanh lâu tử mạch xuân phong biến,",青樓紫陌春風徧，
Nhất chủng kiều thanh thiên vạn biến.,一種嬌聲千萬變。
"Phảng phất Tần tranh xuất cốc văn,",彷彿秦筝出谷聞，
Y hi Khương địch tuỳ phong chuyển.,依稀羌笛隨風囀。
"Tần tranh Khương địch vận du dương,",秦筝羌笛韻悠揚，
Kỷ xứ hoan ngu kỷ đoạn trường.,幾處歡娛幾斷腸。
"Khuê trung thiếu phụ bi chinh thú,",閨中少婦悲征戍，
Lộ thượng hành nhân ức cố hương.,路上行人憶故鄉。
"Cố hương miểu hà hử,",故鄉𣺌何許，
Oanh thanh hà thái khổ.,鶯聲何太苦。
"Chinh thú cách Liêu Dương,",征戍隔遼陽，
Văn oanh không tự thương.,聞鶯空自傷。
"Oanh lai oanh khứ tự niên niên,",鶯來鶯去自年年，
Thính thử đề thanh bội khả lân.,聽此啼聲倍可憐。
"Bách niên sầu mấn thanh trung cải,",百年愁鬢聲中改，
Cửu thập xuân quang thiệt thượng thiên.,九十春光舌上遷。
"Mạc thán Thiều hoa như chuyển cốc,",莫嘆韶華如轉轂，
Ái oanh thả phú “Thính oanh khúc”.,愛鶯且賦聽鶯曲。
"Đãn đắc trường văn liễu ngoại thanh,",但得長聞栁外聲，
Hà từ tần tiến bôi trung lục.,何辭頻進杯中醁。
"Thiếu niên ly biệt ý phi khinh,",少年離別意非輕，
Lão khứ tương phùng diệc sảng tình.,老去相逢亦愴情，
"Thảo thảo bôi bàn cung tiếu ngữ,",草草杯盤供笑語，
Hôn hôn đăng hoả thoại bình sinh.,昏昏燈火話平生。
"Tự liên hồ hải tam niên cách,",自憐湖海三年隔，
Hựu tác trần sa vạn lý hành.,又作塵沙萬里行。
"Dục vấn hậu kỳ hà nhật thị,",欲問後期何日是，
Ký thư ưng kiến nhạn nam chinh.,寄書應見雁南征。
"Ô Tôn yêu gian bội lưỡng đao,",烏孫腰間佩兩刀，
Nhận khả xuy mao cẩm vi đới.,刃可吹毛錦為帶。
"Ác trung chẩm túc khung lư thất,",握中枕宿穹廬室，
Mã thượng cát phi ế ông tái.,馬上割飛翳螉塞。
"Chấp chi võng lượng thuỳ năng tiền,",執之魍魎誰能前，
Khí lẫm thanh phong sa mạc biên.,氣凜清風沙漠邊。
"Ma dụng âm sơn nhất phiến ngọc,",磨用陰山一片玉，
Tẩy tương Hồ địa Độc Lưu tuyền.,洗將胡地獨流泉。
"Chủ nhân bình phong tả kỳ trạng,",主人屏風寫奇狀，
Thiết sao kim hoàn nghiễm tương hướng.,鐵鞘金鐶儼相向。
"Hồi đầu trừng mục thì nhất khan,",回頭瞪目時一看，
Sử dư tâm tại giang hồ thượng.,使予心在江湖上。
"Thâu tô đắc sao quan cánh thôi,",輸租得鈔官更催，
Lương thương lý chính xao môn lai.,踉蹌里正敲門來。
Thủ trì văn thư tạp sân hỉ:,手持文書雜嗔喜：
“Ngã diệc lai dinh tuý quy nhĩ!”,我亦來營醉歸耳！
"Sàng đầu khan nang đại như quyền,",床頭慳囊大如拳，
Phác phá chính hữu tam bách tiền.,撲破正有三百錢。
"Bất kham dữ quân thành nhất tuý,",不堪與君成一醉，
Liêu phục thường quân thảo hài phí.,聊復償君草鞋費。
"Đặng công mã phích nhân cộng tri,",鄧公馬癖人共知，
Sơ đắc hoa thông Đại Uyển chủng.,初得花驄大宛種。
"Túc tích truyền văn tư nhất kiến,",夙昔傳聞思一見，
Khiên lai tả hữu thần giai tủng.,牽來左右神皆竦。
"Hùng tư dật thái hà tù tuỵ,",雄姿逸態何崷崒，
Cố ảnh kiêu tê tự căng sủng.,顧影驕嘶自矜寵。
"Ngung mục thanh huỳnh giáp kính huyền,",隅目青熒夾鏡懸，
Nhục tuấn ôi lỗi liên tiền động.,肉駿碨礌連錢動。
"Triêu lai cửu thí hoa hiên hạ,",朝來久試華軒下，
Vị giác thiên kim mãn cao giá.,未覺千金滿高價。
"Xích hãn vi sinh bạch tuyết mao,",赤汗微生白雪毛，
Ngân an khước phúc hương la phạ.,銀鞍卻覆香羅帕。
"Khanh gia cựu tứ công thủ chi,",卿家舊賜公取之，
Thiên cứu chân long thử kỳ á.,天廄真龍此其亞。
"Trú tẩy tu đằng Kinh, Vị thâm,",晝洗須騰涇渭深，
"Triêu xu khả loát U, Tinh dạ.",朝趨可刷幽並夜。
"Ngô văn lương ký lão thuỷ thành,",吾聞良驥老始成，
Thử mã sổ niên nhân cánh kinh.,此馬數年人更驚。
"Khởi hữu tứ đề tật ư điểu,",豈有四蹄疾於鳥，
Bất dữ bát tuấn câu tiên minh.,不與八駿俱先鳴。
"Thì tục tạo thứ na đắc trí,",時俗造次那得致，
Vân vụ hối minh phương giáng tinh.,雲霧晦冥方降精。
"Cận văn hạ chiếu huyên đô ấp,",近聞下詔喧都邑，
Khẳng sử kỳ lân địa thượng hành.,肯使騏驎地上行。
"Hồ già phách đoạn huyền băng kết,",胡笳拍斷玄冰結，
Tương linh khúc chung ban trúc liệt.,湘靈曲終斑竹裂。
"Vị quân cánh tấu Thục quốc huyền,",為君更奏蜀國弦，
Nhất đàn nhất thanh phi thướng thiên.,一彈一聲飛上天。
"Thục quốc chu tao ngũ thiên lý,",蜀國周遭五千里，
Nga My thiều thiều liên Ngọc Luỹ.,蛾眉岧岧連玉壘。
"Mân, Ba xuất thuỷ tác đại giang,",岷嶓出水作大江，
Địa hoạch thiên phù giới nam kỷ.,地砉天浮戒南紀。
"Thư vi ngũ sắc triêu hà huy,",舒為五色朝霞暉，
Thảm vi hổ báo hào âm phi.,慘為虎豹嗥陰霏。
"Hấp vi thiên chướng vân vũ nhập,",翕為千障雲雨入，
Hư vi bách lý lôi đình phi.,噓為百里雷霆飛。
"Bạch Diêm tuyết tiêu xuân thuỷ mãn,",白鹽雪消春水滿，
Cốc điểu tương hô Cẩm thành noãn.,谷鳥相呼錦城暖。
"Ba cơ ỷ ca Hán nữ hoà,",巴姬倚歌漢女和，
Dương liễu áp kiều hoa toản toản.,楊柳壓橋花纂纂。
"Đồng Lương thuý khí thông Thanh Linh,",銅梁翠氣通青蛉，
Bích kê đề lạc thiên thượng tinh.,碧雞啼落天上星。
"San đô hào phong quả cô khấp,",山都號風寡孤泣，
Đỗ quyên ô yết sầu u minh.,杜鵑嗚咽愁幽冥。
"Thương bi vũ nộ thính vị liễu,",商悲羽怒聽未了，
Cùng viên tam thanh Vu Giáp hiểu.,窮猿三聲巫峽曉。
"Cù Đường phún lãng phiên cửu uyên,",瞿塘噴浪翻九淵，
Đảo tả lưu tuyền huyên mộc diểu.,倒瀉流泉喧木杪。
"Lâu đầu Trọng Tuyên ky lữ khách,",樓頭仲宣羈旅客，
Cố hương diểu diểu giai trần cách.,故鄉渺渺皆塵隔。
"Hàm thê cánh thính Thục quốc âm,",含凄更聽蜀國音，
Bất đãi thiên minh đầu tận bạch.,不待天明頭盡白。
"Hoạ mạc hàm xuân độ thanh xuy,",畫幕含春度清吹，
Cao thiêu giáng lạp kim bàn nị.,髙燒絳蠟金盤膩。
"Đồng long trích lộ dạ thanh trầm,",銅龍滴露夜聲沈，
Lão thố băng vân thu ảnh truỵ.,老兎崩雲秋影墜。
"Ngân tranh đoạn tục đàn tào ngữ,",銀筝斷續檀槽語，
Tử vụ mê mông tráo kim lũ.,紫霧迷濛罩金縷。
"Thiền sam lân đới uỷ la bình,",蟬衫麟帶委羅屏，
Chẩm hoa thấp thấu Vu phong vũ.,枕花濕透巫峰雨。
"Khiên ti hiểu tỉnh đề ô cấp,",牽絲曉井啼烏急，
Hàn tương điếu nguyệt hương lan khấp.,寒螿弔月香蘭泣。
"Hồng quang tiệm xạ lăng hoa đài,",紅光漸射菱花臺，
Hựu phất kiều nga tả xuân bích.,又拂嬌蛾寫春碧。
"Thất quần hàn nhạn thanh khả liên,",失群寒雁聲可憐，
Dạ bán đơn phi tại nguyệt biên.,夜半單飛在月邊。
"Vô nại nhân tâm phục hữu ức,",無奈人心復有憶，
Kim minh tương cừ câu bất miên.,今暝將渠俱不眠。
"Yên diểu diểu, bích ba viễn,",煙渺渺，碧波遠，
"Bạch lộ hy, thuý toa vãn.",白露晞，翠莎晚。
"Phiếm lục y, kiêm hà thiển,",泛綠漪，蒹葭淺，
Phố phong xuy mạo hàn phát đoản.,浦風吹帽寒髮短。
"Mỹ nhân lập, giang trung lưu,",美人立，江中流，
Mộ vũ phàm tường giang thượng chu.,暮雨帆檣江上舟。
"Tịch dương liêm lung giang thượng lâu,",夕陽帘櫳江上樓，
Chu trung thái liên hồng ngẫu hương.,舟中採蓮紅藕香。
"Lâu tiền đạp thuý phương thảo sầu,",樓前踏翠芳草愁，
"Phương thảo sầu, tây phong khởi.",芳草愁西風起。
"Phù dung hoa, lạc thu thuỷ,",芙蓉花落秋水，
"Ngư sơ phì, tửu chính mỹ.",魚初肥酒正美。
"Giang bạch như luyện, nguyệt như tẩy,",江白如練月如洗，
Tuý hạ yên ba thiên vạn lý.,醉下煙波千萬里。
"Khách hành nhất dạ thu phong khởi,",客行一夜秋風起，
Khách mộng nam du độ Tương thuỷ.,客夢南遊渡湘水。
"Tương thuỷ linh linh triệt để thanh,",湘水泠泠徹底清，
Nhị phi oán xứ vô hạn tình.,二妃怨處無限情。
"Nga Hoàng bất ngữ khải kiều yểm,",娥皇不語啟嬌靨，
Nữ Anh mục thành chuyển tâm thiếp.,女英目成轉心愜。
"Trường mi nhập mấn hà liên quyên,",長眉入鬢何連娟，
Cơ phu bạch ngọc tú thả tiên.,肌膚白玉秀且鮮。
"Bồi hồi cộng vịnh đông phương nhật,",裴回共詠東方日，
Trầm ngâm tái lý Nam Phong huyền.,沉吟再理南風弦。
"Thanh đoạn tục, tứ miên miên,",聲斷續，思綿綿，
Trung hàm u ý lưỡng bất tuyên.,中含幽意兩不宣。
"Ân cần tiêm thủ kinh phá mộng,",殷勤纖手驚破夢，
Trung tiêu tịch mịch tâm thê nhiên.,中宵寂寞心淒然。
"Tâm thê nhiên, trường diệc tuyệt.",心淒然，腸亦絕。
"Mị bất mị hề ngọc chẩm hàn,",寐不寐兮玉枕寒，
Dạ thâm dạ hề sương tự tuyết.,夜深夜兮霜似雪。
"Kính trung bất kiến song thuý mi,",鏡中不見雙翠眉，
Đài tiền không quải tiêm tiêm nguyệt.,台前空掛纖纖月。
"Tiêm tiêm nguyệt, doanh phục khuyết,",纖纖月，盈復缺，
Quyên quyên tự mi ý nan quyết.,娟娟似眉意難訣。
"Nguyện thử mi hề như thử nguyệt,",願此眉兮如此月，
Thiên lý vạn lý quang bất diệt.,千里萬里光不滅。
"Tương tiến tửu,",將進酒，
Tửu mãn kim khuất chi.,酒滿金屈巵。
"Khuyến quân thả ẩm mạc tu từ,",勸君且飲莫須辭，
Nhân sinh ưu dữ thân tương tuỳ.,人生憂與身相隨。
"Đoạ địa nhất thanh tiên thị đề,",墮地一聲先是啼，
Đỉnh đỉnh bách niên duy khủng trì.,鼎鼎百年惟恐遲。
"Công danh phú quý tu du thì,",功名富貴須臾時，
Hà dĩ giải chi duy thuần ly.,何以解之惟醇醨。
"Cổ nhân kim nhân bất tương tri,",古人今人不相知，
"Y Chu Giả Đổng giai trần nê,",伊周賈董皆塵泥，
Uyên Minh Thái Bạch chân long ly.,淵明太白真龍彲。
"Quân kim bất tuý tương yên vi,",君今不醉將焉為，
Quân kim bất tuý tương yên vi.,君今不醉將焉為。
"Thu phong khởi hề bạch vân phi,",秋風起兮白雲飛，
Thảo mộc hoàng lạc hề nhạn nam quy.,草木黃落兮雁南歸。
"Lan hữu tú hề cúc hữu phương,",蘭有秀兮菊有芳，
Hoài giai nhân hề bất năng vương.,懷佳人兮不能忘。
"Ngã hữu tửu hề vô đối ẩm,",我有酒兮無對飲，
Ngã hữu cầm hề vô tri âm.,我有琴兮無知音。
"Bất chước tửu hề bất minh cầm,",不酌酒兮不鳴琴，
Sổ bôi thanh mính hề cố nhân tâm.,數杯清茗兮故人心。
"Thu phong tích tích xuy Vu san,",秋風淅淅吹巫山，
Thượng lao hạ lao tu thuỷ quan.,上牢下牢修水關。
"Ngô tường Sở đà khiên bách trượng,",吳檣楚柁牽百丈，
Noãn hướng thần đô hàn vị hoàn.,暖向神都寒未還。
"Yếu lộ hà nhật bãi trường kích,",要路何日罷長戟，
Chiến tự Thanh Khương liên bách man.,戰自青羌連百蠻。
"Trung Ba bất tằng tiêu tức hảo,",中巴不曾消息好，
Minh truyền thú cổ trưởng vân gian.,暝傳戍鼓長雲間。
"Thu hoa thảm đạm thu thảo hoàng,",秋花慘淡秋草黃，
Cảnh cảnh thu đăng thu dạ trường.,耿耿秋燈秋夜長。
"Dĩ giác thu song thu bất tận,",已覺秋窗秋不盡，
Ná kham phong vũ trợ thê lương.,哪堪風雨助淒涼！
"Trợ thu phong vũ lai hà tốc,",助秋風雨來何速！
Kinh phá thu song thu mộng tục.,驚破秋窗秋夢續。
"Bão đắc thu tình bất nhẫn miên,",抱得秋情不忍眠，
Tự hướng thu bình di lệ chúc.,自向秋屏移淚燭。
"Lệ chúc dao dao nhược đoản kềnh,",淚燭搖搖箬短檠，
Khiên sầu chiếu hận động ly tình.,牽愁照恨動離情。
Thuỳ gia thu viện vô phong nhập?,誰家秋院無風入？
Hà xứ thu song vô vũ thanh?,何處秋窗無雨聲？
"La khâm bất nại thu phong lực,",羅衾不奈秋風力，
Tàn lậu thanh thôi thu vũ cấp.,殘漏聲催秋雨急。
"Liên tiêu mạch mạch phục sưu sưu,",連宵脈脈復颼颼，
Đăng tiền tự bạn ly nhân khấp.,燈前似伴離人泣。
"Hàn yên tiểu viện chuyển tiêu điều,",寒煙小院轉蕭條，
Sơ trúc hư song thì tích lịch.,疏竹虛窗時滴瀝。
"Bất tri phong vũ kỷ thì hưu,",不知風雨几時休，
Dĩ giao lệ sái song sa thấp.,已教淚洒窗紗濕。
"Cơ nhân hốt mộng phạn tắng dật,",飢人忽夢飯甑溢，
Mộng trung nhất bão bách ưu thất.,夢中一飽百憂失。
"Chỉ tri mộng bão bản lai không,",只知夢飽本來空，
Vị ngộ chân cơ định hà vật.,未悟真饑定何物。
"Ngã sinh vô điền thực phá nghiễn,",我生無田食破硯，
Nhĩ lai nghiễn khô ma bất xuất.,爾來硯枯磨不出。
"Khứ niên thái tuế không tại dậu,",去年太歲空在酉，
Bàng xá hồ tương bất dung khất.,傍舍壺漿不容乞。
"Kim niên hạn thế phục như thử,",今年旱勢復如此，
Tuế vãn hà dĩ kiềm ngô đột.,歲晚何以黔吾突。
"Thanh thiên đãng đãng hô bất văn,",青天蕩蕩呼不聞，
Huống dục khể thủ hào nê Phật.,況欲稽首號泥佛。
"Úng trung tích dịch vưu khả tiếu,",甕中蜥蜴尤可笑，
Kỳ kỳ mạch mạch hà đẳng trật.,跂跂脈脈何等秩。
"Âm dương hữu thì vũ hữu số,",陰陽有時雨有數，
Dân thị thiên dân thiên tự tuất.,民是天民天自卹。
"Ngã tuy cùng khổ bất như nhân,",我雖窮苦不如人，
Yếu diệc tự thị dân chi nhất.,要亦自是民之一。
"Hình dung khả tự táng gia cẩu,",形容可似喪家狗，
Vị khẳng điệp nhĩ tranh đầu cốt.,未肯聑耳爭投骨。
"Đảo quán lạc trách tạ bằng hữu,",倒冠落幘謝朋友，
Độc dữ văn lôi cộng khuê tất.,獨與蚊雷共圭蓽。
"Cố nhân sân ngã bất khai môn,",故人嗔我不開門，
Quân thị ngã môn thuỳ khẳng khuất.,君視我門誰肯屈。
"Khả liên minh nguyệt như bát thuỷ,",可憐明月如潑水，
Dạ bán thanh quang phiên ngã thất.,夜半清光翻我室。
"Phong tùng nam lai phi vũ hậu,",風從南來非雨候，
Thả vị bì nhân tẩy chưng uất.,且為疲人洗蒸鬱。
"Khiên thường nhất hoạ khoái tai dao,",褰裳一和快哉謠，
Vị hạ cơ hàn niệm minh nhật.,未暇飢寒念明日。
"Khứ niên đông pha thập ngoã lịch,",去年東坡拾瓦礫，
Tự chủng hoàng tang tam bách xích.,自種黃桑三百尺。
"Kim niên ngải thảo cái tuyết đường,",今年刈草蓋雪堂，
Nhật chích phong xuy diện như mặc.,日炙風吹面如墨。
"Bình sinh lại đoạ kim thuỷ hối,",平生懶惰今始悔，
Lão đại khuyến nông thiên sở trực.,老大勸農天所直。
"Phái nhiên lệ tứ tam xích vũ,",沛然例賜三尺雨，
Tạo vật vô tâm hoảng nan trắc.,造物無心怳難測。
"Tứ phương thượng hạ đồng nhất vân,",四方上下同一雲，
Cam dâm bất vi long sở cách.,甘霪不為龍所隔。
"Bồng hao hạ thấp nghinh hiểu lỗi,",蓬蒿下濕迎曉耒，
Đăng hoả tân lương thôi dạ chức.,燈火新涼催夜織。
"Lão phu tác bãi đắc cam tẩm,",老夫作罷得甘寢，
Ngoạ thính tường đông nhân hưởng kịch.,臥聽牆東人響屐。
"Bôn lưu vị dĩ khanh cốc bình,",奔流未已坑谷平，
Chiết vi khô hà tứ phiêu nịch.,折葦枯荷恣漂溺。
"Hủ nho thô lệ chi bách niên,",腐儒麤糲支百年，
Lực canh bất thọ chúng mục liên.,力耕不受眾目憐。
"Phá pha lậu thuỷ bất nại hạn,",破陂漏水不耐旱，
Nhân lực vị chí cầu thiên toàn.,人力未至求天全。
"Hội đương tác đường kính thiên bộ,",會當作塘徑千步，
Hoành đoạn tây bắc già sơn tuyền.,橫斷西北遮山泉。
"Tứ lân tương suất trợ cử xử,",四鄰相率助舉杵，
Nhân nhân tri ngã nang vô tiền.,人人知我囊無錢。
"Minh niên cộng khan quyết cừ vũ,",明年共看決渠雨，
Cơ bão tại ngã ninh quan thiên.,飢飽在我寧關天。
"Thuỳ năng bạn ngã điền gian ẩm,",誰能伴我田間飲，
Tuý đảo duy hữu chi đầu chuyên.,醉倒惟有支頭磚。
"Thiên công hiệu lệnh tái bất xuất,",天公號令再不出，
Thập nhật sầu lâm tính vi nhất.,十日愁霖併為一。
"Quân gia hữu điền thuỷ mạo điền,",君家有田水冒田，
Ngã gia vô điền ưu nhập thất.,我家無田憂入室。
"Bất như Tây châu Dương đạo sĩ,",不如西州楊道士，
Vạn lý tuỳ thân duy lưỡng tất.,萬里隨身惟兩膝。
"Duyên lưu bất ố tố diệc giai,",沿流不惡泝亦佳，
Nhất diệp biển chu nhiệm phong đột.,一葉扁舟任風突。
"Sơn khung mạch khúc đô bất dụng,",山芎麥麴都不用，
Nê hành lộ túc chung vô tật.,泥行露宿終無疾。
"Dạ lai cơ trường như chuyển lôi,",夜來飢腸如轉雷，
Lữ sầu phi tửu bất khả khai.,旅愁非酒不可開。
"Dương sinh tự ngôn thức âm luật,",楊生自言識音律，
Động tiêu nhập thủ thanh thả ai.,洞蕭入手清且哀。
"Bất tu cánh đãi thu tỉnh tháp,",不須更待秋井塌，
Kiến nhân bạch cốt phương hàm bôi.,見人白骨方銜杯。
"Tuệ điểu ngứ hoa thanh lịch lịch,",慧鳥語花聲瀝瀝，
Nùng âm phúc hạm vãn thuỳ thuỳ.,濃陰復檻晚垂垂。
"Đài xâm khúc kính tăng hà lại,",苔侵曲徑僧何賴，
Nguyệt thướng cao lâu khách vị quy.,月上高樓客未歸。
"Tuyền mỹ lộc lô phân tỉnh cán,",泉美轆轤分井幹，
Triều thăng trách mãnh khuể giang chi.,潮升舴艋罣江枝。
"Nhàn trung nhất vọng thanh nhân tứ,",閑中一望清人思，
Vô nại cùng dân khổ hạn ky.,無奈窮民苦旱饑。
"Đạo nhân hung trung thuỷ kính thanh,",道人胸中水鏡清，
Vạn tượng khởi diệt vô đào hình.,萬象起滅無逃形。
"Độc y cổ tự chủng thu cúc,",獨依古寺種秋菊，
Yếu bạn tao nhân xan lạc anh.,要伴騷人餐落英。
"Nhân gian để xứ hữu nam bắc,",人間底處有南北，
Phân phân hồng nhạn hà tằng minh.,紛紛鴻雁何曾冥。
"Bế môn toạ huyệt nhất thiền tháp,",閉門坐穴一禪榻，
Đầu thượng tuế nguyệt không tranh vanh.,頭上歲月空崢嶸。
"Kim niên ngẫu xuất vị cầu pháp,",今年偶出為求法，
Dục dữ tuệ kiếm gia lung hình.,欲與慧劍加礱硎。
"Vân nạp tân ma sơn thuỷ xuất,",雲衲新磨山水出，
Sương tỳ bất tiễn nhi đồng kinh.,霜髭不翦兒童驚。
"Công hầu dục thức bất khả đắc,",公侯欲識不可得，
Cố tri ỷ thị vô khuynh thành.,故知倚市無傾城。
"Thu phong xuy mộng quá Hoài thuỷ,",秋風吹夢過淮水，
Tưởng kiến quất trục thuỳ không đình.,想見橘柚垂空庭。
"Cố nhân các tại thiên nhất giác,",故人各在天一角，
Tương vọng lạc lạc như thần tinh.,相望落落如晨星。
"Bành Thành lão thủ hà túc cố,",彭城老守何足顧，
Tảo lâm tang dã tương yêu nghinh.,棗林桑野相邀迎。
"Thiên sơn bất đạn hoang điếm viễn,",千山不憚荒店遠，
Lưỡng cước dục sấn phi nhu khinh.,兩腳欲趁飛猱輕。
"Đa sinh ỷ ngữ ma bất tận,",多生綺語磨不盡，
Thượng hữu uyển chuyển thi nhân tình.,尚有宛轉詩人情。
"Viên ngâm hạc lệ bản vô ý,",猿吟鶴唳本無意，
Bất tri hạ hữu hành nhân hành.,不知下有行人行。
"Không giai dạ vũ tự thanh tuyệt,",空階夜雨自清絕，
Thuỳ sử yểm ức đề cô quỳnh.,誰使掩抑啼孤煢。
"Ngã dục tiên sơn xuyết dao thảo,",我欲仙山掇瑤草，
Khuynh khuông toạ thán hà thì doanh.,傾筐坐嘆何時盈。
"Bạ thư tiên phác trú điền uỷ,",簿書鞭撲晝填委，
Chử minh thiêu lật nghi tiêu chinh.,煮茗燒栗宜宵征。
"Khất thủ ma ni chiếu trọc thuỷ,",乞取摩尼照濁水，
Cộng khán lạc nguyệt kim bồn khuynh.,共看落月金盆傾。
"Tiên sinh ái tửu xưng tửu tiên,",先生愛酒稱酒仙，
Thanh giả vi thánh trọc vi hiền.,清者為聖濁為賢。
"Thanh giang tam nguyệt bách hoa hợp,",清江三月百花合，
Giang đầu nhật toạ lưu bình thuyền.,江頭日坐流萍船。
"Tả hiệp Trương Hảo hữu Lý Quyên,",左挾張好右李娟，
Tử đàn song phượng côn kê huyền.,紫檀雙鳳鵾鷄弦。
"Khuynh gia mãi tửu thả vi lạc,",傾家買酒且為樂，
Lão phụ vật ưu vô tửu tiền.,老婦勿憂無酒錢。
"Bạch nhật tây một thiên đông toàn,",白日西沒天東旋，
Thu sương nhập kính hà đương huyền.,秋霜入鏡何當玄。
"Bồng Lai hữu lộ bất khả đáo,",蓬萊有路不可到，
Tổ Long dĩ hủ tam trùng tuyền.,祖龍已腐三重泉。
"Hà như khoái ẩm tam vạn nhật,",何如快飲三萬日，
Tửu lâu tức khởi tao khâu biên.,酒樓即起糟丘邊。
"Nguyện trì Bắc Đẩu ấp Đông Hải,",愿持北斗挹東海，
Nguyệt lạc chẩm cổ lâu đầu miên.,月落枕股樓頭眠。
"Tham quân đãn hữu tứ lập bích,",參軍但有四立壁，
Sơ vô lâm giang thiên mộc nô.,初無臨江千木奴。
"Bạch đầu bất thị chiết yêu cụ,",白頭不是折腰具，
Đồng mạo tông hài xưng lão phu.,桐帽棕鞋稱老夫。
"Thương giang âu lộ dã tâm tính,",滄江鷗鷺野心性，
Âm hác hổ báo hùng nha tu.,陰壑虎豹雄牙須。
"Túc sương tác cừu sơ phục tại,",鷫鷞作裘初服在，
Tinh huyết nhiễm đái lân ông vô.,猩血染帶憐翁無。
"Tạc lai đỗ quyên khuyến quy khứ,",昨來杜鵑勸歸去，
Cánh đãi bả tửu thính đề hồ.,更待把酒听提壺。
"Đương kim nhân tài bất phạp sử,",當今人材不乏使，
Thiên thượng nhị lão tu nhân phù.,天上二老須人扶。
"Nhi vô bão phạn thượng cần thư,",儿無飽飯尚勤書，
Phụ vô phức côn thả trước nhu.,婦無複褌且著襦。
"Xã ủng khả lộc khê khả ngư,",社瓮可漉溪可漁，
Cánh vấn hoàng kê phì dữ cù.,更問黃雞肥與癯。
"Lâm gian tuý trước nhân phạt mộc,",林間醉著人伐木，
Do mộng quan hạ văn truy hô.,猶夢官下聞追呼。
"Vạn đinh vi yêu mạc ái cừ,",萬釘圍腰莫愛渠，
Phú quý an năng nhuận hoàng lô.,富貴安能潤黃壚。
"Vũ trung bách thảo thu lạn tử,",雨中百草秋爛死，
Giai hạ quyết minh nhan sắc tiên.,階下決明顏色鮮。
"Trước diệp mãn chi thuý vũ cái,",著葉滿枝翠羽蓋，
Khai hoa vô số hoàng kim tiền.,開花無數黃金錢。
"Lương phong tiêu tiêu xuy nhữ cấp,",涼風蕭蕭吹汝急，
Khủng nhữ hậu thì nan độc lập.,恐汝後時難獨立。
"Đường thượng thư sinh không bạch đầu,",堂上書生空白頭，
Lâm phong tam khứu hinh hương khấp.,臨風三嗅馨香泣。
"Lan phong phục vũ thu phân phân,",闌風伏雨秋紛紛，
Tứ hải bát hoang đồng nhất vân.,四海八荒同一雲。
"Khứ mã lai ngưu bất phục biện,",去馬來牛不復辨，
Trọc Kinh thanh Vị hà đương phân?,濁涇清渭何當分？
"Hoà đầu sinh nhĩ thử tuệ hắc,",禾頭生耳黍穗黑，
Nông phu điền phụ vô tiêu tức.,農夫田婦無消息。
"Thành trung đẩu mễ hoán khâm trừu,",城中蚪米換衾綢，
Tương hứa ninh luận lưỡng tương trực?,相許寧論兩相直？
"Trường An bố y thuỳ tỷ số,",長安布衣誰比數，
Phản sào hành môn thủ hoàn đổ.,返巢衡門守環堵。
"Lão phu bất xuất trường bồng hao,",老夫不出長蓬蒿，
Trĩ tử vô ưu tẩu phong vũ.,稚子無懮走風雨。
"Vũ thanh sưu sưu thôi tảo hàn,",雨聲颼颼催早寒，
Hồ nhạn sí thấp cao phi nan.,胡雁翅濕高飛難。
"Thu lai vị tằng kiến bạch nhật,",秋來未曾見白日，
Nê ô hậu thổ hà thì can?,泥污後土何時干？
"Lĩnh Nam khí hậu thù trung thổ,",嶺南氣候殊中土，
Thất nguyệt sơ cùng nãi vô thử.,七月初窮乃無暑。
"Thụ diểu trú mông mật mật vân,",樹杪晝蒙密密雲，
Diêm tiền dạ tích ti ti vũ.,簷前夜滴絲絲雨。
"Hốt văn hải thượng trường phong sinh,",忽聞海上長風生，
Quyển nhập hàn thành ế chung cổ.,卷入寒城翳鐘鼓。
"Đông xá kim thần mẫu liễm nhi,",東舍今晨母斂兒，
Tây lân tạc dạ phu táng phụ.,西鄰昨夜夫葬婦。
"Nhân gian sinh tử bất khả kỳ,",人間生死不可期，
Đỗng khốc thương sinh nại hà hử.,慟哭蒼生奈何許。
"Thuỷ chung vô vật diệu hư không,",始終無物妙虛空，
Hội đắc chân như thể tự đồng.,會得真如体自同。
"Túc tông tích tại Linh Vũ thành,",肅宗昔在靈武城，
Chỉ huy mãnh tướng thu Hàm kinh.,指揮猛將收咸京。
"Hướng công khấp huyết sái hành điện,",向公泣血灑行殿，
Tá hữu khanh tướng càn khôn bình.,佐佑卿相乾坤平。
"Nghịch Hồ minh mịch tuỳ yên tẫn,",逆胡冥寞隨煙燼，
Khanh gia huynh đệ công danh chấn.,卿家兄弟功名震。
"Kỳ lân đồ hoạ hồng nhạn hàng,",麒麟圖畫鴻雁行，
Tử cực xuất nhập hoàng kim ấn.,紫極出入黃金印。
"Thượng thư huân nghiệp siêu thiên cổ,",尚書勳業超千古，
Hùng trấn Kinh Châu kế ngô tổ.,雄鎮荊州繼吾祖。
"Tài phùng vân vụ thành ngự y,",裁縫雲霧成禦衣，
Bái quỵ đề phong hướng đoan ngọ.,拜跪題封向端午。
Hướng khanh tương mệnh thốn tâm xích.,向卿將命寸心赤，
"Thanh sơn lạc nhật giang triều bạch,",青山落日江潮白。
"Khanh đáo triều đình thuyết lão ông,",卿到朝廷說老翁，
Phiêu linh dĩ thị thương lãng khách.,漂零已是滄浪客。
"Văn đạo nam hành thị tuấn mã,",聞道南行市駿馬，
Bất hạn thất số quân trung tu.,不限匹數軍中須。
"Tương Dương mạc phủ thiên hạ dị,",襄陽幕府天下異，
Chủ tướng kiệm tỉnh ưu gian ngu.,主將儉省憂艱虞。
"Chỉ thu tráng kiện thăng thiết giáp,",只收壯健勝鐵甲，
Khởi nhân cách đấu cầu long câu.,豈因格鬥求龍駒。
"Nhi kim tây bắc tự phản Hồ,",而今西北自反胡，
Kỳ lân đãng tận nhất thất vô.,騏驎蕩盡一匹無。
"Long môi chân chủng tại đế đô,",龍媒真種在帝都，
Tử tôn vĩnh lạc tây nam ngu.,子孫永落西南隅。
"Hướng phi nhung sự bị chinh phạt,",向非戎事備征伐，
Quân khẳng tân khổ việt giang hồ.,君肯辛苦越江湖。
"Giang hồ phàm mã đa tiều tuỵ,",江湖凡馬多憔悴，
Y quan vãng vãng thừa kiển lư.,衣冠往往乘蹇驢。
"Lương công phú quý ư thân sơ,",梁公富貴於身疏，
Hiệu lệnh minh bạch nhân an cư.,號令明白人安居。
"Bổng tiền thì tán sĩ tử tận,",俸錢時散士子盡，
Phủ khố bất vi kiêu hào hư.,府庫不為驕豪虛。
"Dĩ tư báo chủ thốn tâm xích,",以茲報主寸心赤，
Khí khước Tây Nhung hồi Bắc Địch.,氣卻西戎回北狄。
"La võng quần mã tịch mã đa,",羅網群馬籍馬多，
Khí tại khu trì xuất kim bạch.,氣在驅馳出金帛。
"Lưu hầu phụng sứ quang thôi trạch,",劉侯奉使光推擇，
Thao thao tài lược thương minh trách.,滔滔才略滄溟窄。
"Đỗ Lăng lão ông thu hệ thuyền,",杜陵老翁秋系船，
Phù bệnh tương thức Trường Sa dịch.,扶病相識長沙驛。
"Cưỡng sơ bạch phát đề hồ lư,",強梳白髮提胡盧，
Thủ bả cúc hoa lộ bàng trích.,手把菊花路旁摘。
"Cửu châu binh cách hạo mang mang,",九州兵革浩茫茫，
Tam thán tụ tán lâm trùng dương.,三歎聚散臨重陽。
"Đương bôi đối khách nhẫn lưu thế,",當杯對客忍流涕，
Quân bất giác lão phu thần nội thương.,君不覺老夫神內傷。
"Phú Xuân kiều thượng nam lai lộ,",富春橋上南來路，
Cận bí đăng trình kinh tứ độ.,覲轡登程經四度。
"Thừa minh tuyên thất nhĩ thần lưu,",承明宣室邇宸旒，
Xu phó bất tri ki huống khổ.,趨赴不知羈況苦。
"Thể thần đa phụng giả hoàn triều,",體臣多奉假還朝，
Tản đảo Lô giang thị ngô thổ.,傘島瀘江是吾土。
"Tuế hoa nhẫm nhiễm nhân bạch đầu,",歲華荏苒人白頭，
Tích dạng sơ ta khiếp phong lộ.,積恙初瘥怯風露。
"Chiêm mệnh hoàng hoàng uý giản thư,",占命煌煌畏簡書，
Vạn lũ gia tình bất hạ cố.,萬縷家情不暇顧。
"Trường đình dương liễu tuyết hoa phi,",長亭楊柳雪花飛，
Chinh tứ thôi nhân sổ thanh cổ.,征思催人數聲鼓。
"Khách trình cánh thị đa khảm kha,",客程更是多坎坷，
"Tam Điệp phỉ côn, Hoành sơn hổ.",三疊匪棍橫山虎。
"Tiêu tao sóc xuý tống khinh cừu,",蕭騷朔吹送輕裘，
Hải giác thiên nhai niên hựu mộ.,海角天涯年又暮。
"Mãn xoang trung tín hà hiểm di,",滿腔忠信何險夷，
Mai dịch sổ thiên câu thản bộ.,梅驛數千俱坦步。
"Thiếu vịnh nham khê táp nguyệt trung,",眺詠岩溪匝月中，
Dao kỳ phóng đáo kiều đầu phố.,瑤畿訪到橋頭浦。
"Kim thang thành tiệm tự củng hoàn,",金湯城塹自拱環，
La ỷ đình đài tương thôn thổ.,羅綺亭臺相吞吐。
"Ngũ sắc tường vân xương hạp gian,",五色祥雲閶闔間，
Cấm thát ký tằng đế sủng ngộ.,禁闥記曾締寵遇。
"Sơ dung tự phận viễn giang hồ,",疏慵自分遠江湖，
Quí hướng nham lang liệt khuê tổ.,愧向岩廊列圭組。
"Thuân tuần nguyệt lẫm kế phiên kỳ,",逡巡月廩計番期，
Văn hàn nhất kĩ tương hề thố.,文翰一技將奚措。
"Ngọc kinh xuân sắc ủng du nhân,",玉京春色擁遊人，
Vô chi mị khuyết hữu mị bổ.,無之靡闕有靡補。
"Quy an tảo phóng xuất tư kiều,",歸鞍早訪出斯橋，
Mang hướng Bích Câu hoa trúc ổ.,忙向碧溝花竹塢。
"Hán thì Trường An tuyết nhất trượng,",漢時長安雪一丈，
Ngưu mã mao hàn súc như vị.,牛馬毛寒縮如蝟。
"Sở giang Vu Giáp băng nhập hoài,",楚江巫峽冰入懷，
Hổ báo ai hào hữu kham ký.,虎豹哀號又堪記。
"Tần thành lão ông kinh dương khách,",秦城老翁荊揚客，
Quán tập viêm chưng tuế hy khích.,慣習炎蒸歲絺綌。
"Huyền minh chúc dung khí hoặc giao,",玄冥祝融氣或交，
Thủ trì bạch vũ vị cảm thích.,手持白羽未敢釋。
"Khứ niên Bạch Đế tuyết tại sơn,",去年白帝雪在山，
Kim niên Bạch Đế tuyết tại địa.,今年白帝雪在地。
"Đống mai giao long nam phố súc,",凍埋蛟龍南浦縮，
Hàn quát cơ phu bắc phong lợi.,寒刮肌膚北風利。
"Sở nhân tứ thì giai ma y,",楚人四時皆麻衣，
Sở thiên vạn lý vô tinh huy.,楚天萬里無晶輝。
"Tam túc chi ô túc khủng đoạn,",三足之烏足恐斷，
Hy Hoà tống tương hà sở quy?,羲和送將何所歸？
"Nhuệ giang biên hữu tiêu dao tử,",銳江邊有逍遙子，
Tận nhật tiêu dao vô cá sự.,盡日逍遙無個事。
"An cư thực lực bất ngoại cầu,",安居食力不外求，
Vô sự vô tư diệc vô lự.,無事無思亦無慮。
"Thường ngôn tự thiểu độc thi thư,",嘗言自少讀詩書，
Thánh kinh hiền truyện cần tri dư.,聖經賢傳勤菑畬。
"Văn bất cầu công từ thượng đạt,",文不求工辭尚達，
Hành vân lưu thuỷ tuỳ sở như.,行雲流水隨所如。
"Nhĩ lai bình khứ kinh sinh học,",邇來屏去經生學，
Khoáng đãng bất dung thằng mặc thúc.,曠蕩不容繩墨束。
"Song tiền hưng đáo tiện ngâm nga,",窗前興到便吟哦，
Hoàng đình Nam hoa tuỳ ý độc.,黃庭南華隨意讀
"Bạc điền bán khoảnh cao chi đông,",薄田半頃皋之東，
Thổ tính bảng xác vô thường phong.,土性磅確無常豐。
"Nhật nhật hà sừ lý hoang uế,",日日荷鋤理荒穢，
Điền phu dã tẩu đa tương phùng.,田夫野叟多相逢。
"Tương phùng chỉ thoại nông tang vụ,",相逢只話農桑務，
Khoản khúc thương lượng tình dữ vũ.,款曲商量晴與雨。
"Thất bát nguyệt gian giải chính phì,",七八月間蟹正肥，
Nhi đồng bộ đắc mang trì tiết.,兒童捕得忙持節。
"Hô đồng chích giải cô tân nhưỡng,",呼童炙蟹沽新釀，
Nhất bôi độc chước hoàn hy hy.,一杯獨酌還熙熙。
"Tuý lai nhàn ỷ nam song ngoạ,",醉來閒倚南窗臥，
Thì thì song ngoại lương phong quá.,時時窗外涼風過。
"Hồng trần bạch lãng lưỡng mang mang,",紅塵白浪兩茫茫，
Nhẫn nhục nhu hoà thị diệu phương.,忍辱柔和是妙方。
"Đáo xứ tuỳ duyên diên tuế nguyệt,",到處隨緣延歲月，
Chung thân an phận độ thời quang.,終身安分度時光。
"Hưu tương tự kỷ tâm điền muội,",休將自己心田昧，
Mạc bả tha nhân quá thất dương.,莫把他人過失揚。
"Cẩn thận ứng thù vô áo não,",謹慎應酬無懊惱，
Nại phiền tác sự hảo thương lường.,耐煩作事好商量。
"Tòng lai ngạnh nỗ huyền tiên đoạn,",從來硬弩弦先斷，
Mỗi kiến cương đao khẩu dị thương.,每見鋼刀口易傷。
"Nhạ hoạ chỉ nhân nhàn khẩu thiệt,",惹禍只因閑口舌，
Chiêu khiên đa vị ngận tâm trường.,招愆多為狠心腸。
"Thị phi bất tất tranh nhân ngã,",是非不必爭人我，
Bỉ thử hà tu luận đoản trường.,彼此何須論短長。
"Thế sự do lai đa khuyết hãm,",世事由來多缺陷，
Huyễn khu yên đắc miễn vô thường.,幻軀焉得免無常。
"Ngật ta khuy xứ nguyên vô ngại,",吃些虧處原無礙，
Thoái nhượng tam phân dã bất phương.,退讓三分也不妨。
"Xuân nhật tài khan dương liễu lục,",春日才看楊柳綠，
Thu phong hựu kiến cúc hoa hoàng.,秋風又見菊花黃。
"Vinh hoa chung thị tam canh mộng,",榮華終是三更夢，
Phú quý hoàn đồng cửu nguyệt sương.,富貴還同九月霜。
"Lão bệnh tử sinh thuỳ thế đắc,",老病死生誰替得，
Toan điềm khổ lạt tự thừa đương.,酸甜苦辣自承當。
"Nhân tòng xảo kế khoa linh lợi,",人從巧計誇伶俐，
Thiên tự thung dung định chủ trương.,天自從容定主張。
"Siểm khúc tham sân đoạ địa ngục,",諂曲貪嗔墮地獄，
Công bình chính trực tức thiên đường.,公平正直即天堂。
"Xạ nhân hương trọng thân tiên tử,",麝因香重身先死，
Tàm vị ti đa mệnh tảo vong.,蠶為絲多命早亡。
"Nhất tễ dưỡng thần bình vị tán,",一劑養神平胃散，
Lưỡng chung hoà khí nhị trần thang.,兩盅和氣二陳湯。
"Sinh tiền uổng phí tâm thiên vạn,",生前枉費心千萬，
Tử hậu không lưu thủ nhất song.,死後空留手一雙。
"Bi hoan ly hợp triêu triêu náo,",悲歡離合朝朝鬧，
Thọ yểu cùng thông nhật nhật mang.,壽夭窮通日日忙。
"Hưu đắc tranh cường lai đấu thắng,",休得爭強來鬥勝，
Bách niên hỗn thị hý văn trường.,百年渾是戲文場。
"Khoảnh khắc nhất thanh la cổ hiết,",頃刻一聲鑼鼓歇，
Bất tri hà xứ thị gia hương.,不知何處是家鄉。
"Văn chương hữu thần giao hữu đạo,",文章有神交有道，
"Đoan, Phục đắc chi danh dự tảo.",端復得之名譽早。
"Ái khách mãn đường tận hào hàn,",愛客滿堂盡豪翰，
Khai diên thượng nhật tư phương thảo.,開筵上日思芳草。
"An đắc kiện bộ di viễn mai,",安得健步移遠梅，
Loạn tháp phồn hoa hướng tình hạo.,亂插繁花向晴昊。
"Thiên lý do tàn cựu băng tuyết,",千里猶殘舊冰雪，
Bách hồ thả thí khai hoài bão.,百壺且試開懷抱。
"Thuỳ lão ác văn chiến cổ bi,",垂老惡聞戰鼓悲，
Cấp trường vi hoãn ưu tâm đảo.,急觴為緩懮心搗。
"Thiếu niên nỗ lực túng đàm tiếu,",少年努力縱談笑，
Khán ngã hình dung dĩ khô cảo.,看我形容已枯槁。
"Toạ trung Tiết Hoa thiện tuý ca,",坐中薛華善醉歌，
Ca từ tự tác phong cách lão.,歌辭自作風格老。
"Cận lai hải nội vi trường cú,",近來海內為長句，
Nhữ dữ Sơn Đông Lý Bạch hảo.,汝與山東李白好。
"Hà, Lưu, Thẩm, Tạ lực vị công,",何劉沈謝力未工，
Tài kiêm Bão Chiếu sầu tuyệt đảo.,才兼鮑昭愁絕倒。
"Chư sinh phả tận tân tri lạc,",諸生頗盡新知樂，
Vạn sự chung thương bất tự bảo.,萬事終傷不自保。
"Khí hàm nhật lạc tây phong lai,",氣酣日落西風來，
Nguyện xuy dã thuỷ thiêm kim bôi.,願吹野水添金杯。
"Như thằng chi tửu thường khoái ý,",如澠之酒常快意，
Diệc tri cùng sầu an tại tai.,亦知窮愁安在哉。
"Hốt ức vũ thì thu tỉnh tháp,",忽憶雨時秋井塌，
"Cổ nhân bạch cốt sinh thanh đài,",古人白骨生青苔，
Như hà bất ẩm linh tâm ai.,如何不飲令心哀。
"Giáp trung trượng phu tuyệt khinh tử,",峽中丈夫絕輕死，
Thiểu tại công môn đa tại thuỷ.,少在公門多在水。
"Phú hào hữu tiền giá đại khả,",富豪有錢駕大舸，
Bần cùng thủ cấp hành điệp tử.,貧窮取給行艓子。
"Tiểu nhi học vấn chỉ ""Luận ngữ"",",小兒學問止論語，
Đại nhi kết thúc tuỳ thương lữ.,大兒結束隨商旅。
"Y phàm trắc đà nhập ba đào,",欹帆側柁入波濤，
Phiết tuyền sao phần vô hiểm trở.,撇漩捎濆無險阻。
"Triêu phát Bạch Đế mộ Giang Lăng,",朝發白帝暮江陵，
Khoảnh lai mục kích tín hữu chinh.,頃來目擊信有征。
"Cù Đường mạn thiên Hổ Tu nộ,",瞿塘漫天虎鬚怒，
Quy Châu trường niên hành tối năng.,歸州長年行最能。
"Thử hương chi nhân khí lượng trách,",此鄉之人氣量窄，
Ngộ cạnh nam phong sơ bắc khách.,誤競南風疏北客。
"Nhược đạo thổ vô anh tuấn tài,",若道土無英俊才，
Hà đắc sơn hữu Khuất Nguyên trạch.,何得山有屈原宅。
"Nang phong sơ thướng cửu trùng quan,",囊封初上九重關，
Thị nhật thanh đô hổ báo nhàn.,是日清都虎豹閑。
"Bách tịch động dung quan tấu độc,",百辟動容觀奏牘，
Kỷ nhân hồi thủ quý triều ban.,幾人回首愧朝班。
"Danh cao Bắc Đẩu tinh thần thượng,",名高北斗星辰上，
Thân đoạ Nam Châu chướng hải gian.,身墮南州瘴海間。
"Bất đãi tha niên công nghị xuất,",不待他年公議出，
Hán đình hành triệu Giả Sinh hoàn.,漢廷行召賈生還。
"Đại hạ nguyên phi nhất mộc chi,",大廈元非一木支，
Dục tương độc lực trụ khuynh nguy.,欲將獨力柱傾危。
"Si nhi bất liễu công gia sự,",痴儿不了公家事，
Nam tử yếu vi thiên hạ kỳ.,男子要為天下奇。
"Đương nhật gian du giai đảm lạc,",當日奸諛皆膽落，
Bình sinh trung nghĩa chỉ tâm tri.,平生忠義只心知。
"Đoan năng bão ngật Tân Châu phạn,",端能飽吃新州飯，
Tại xứ giang sơn túc hộ trì.,在處江山足護持。
"Sào Phủ trạo đầu bất khẳng trú,",巢父掉頭不肯住，
Đông tương nhập hải tuỳ yên vụ.,東將入海隨煙霧。
"Thi quyển trường lưu thiên địa gian,",詩卷長流天地間，
Điếu can dục phất san hô thụ.,釣竿欲拂珊瑚樹。
"Thâm sơn, đại trạch long xà viễn,",深山大澤龍蛇遠，
"Xuân hàn, dã âm phong cảnh mộ.",春寒野陰風景暮。
"Bồng Lai Chức Nữ hồi vân xa,",蓬萊織女回雲車，
Chỉ điểm hư vô dẫn chinh lộ.,指點虛無引征路。
"Tự thị quân thân hữu tiên cốt,",自是君身有仙骨，
Thế nhân na đắc tri kỳ cố!,世人那得知其故？
"Tích quân chỉ dục khổ tử lưu,",惜君只欲苦死留，
Phú quý hà như thảo đầu lộ!,富貴何如草頭露？
"Thái hầu tĩnh giả ý hữu dư,",蔡侯靜者意有餘，
Thanh dạ trí tửu lâm tiền trừ.,清夜置酒臨前除。
"Bãi cầm trù trướng nguyệt chiếu tịch,",罷琴惆悵月照席，
Kỷ tuế ký ngã không trung thư?,幾歲寄我空中書？
"Nam tầm Vũ Huyệt kiến Lý Bạch,",南尋禹穴見李白，
Đạo Phủ vấn tấn kim hà như?,道甫問訊今何如？
"Đăng cao lâu, vọng minh nguyệt,",登高樓，望明月，
Minh nguyệt thu lai kỷ viên khuyết.,明月秋來幾圓缺。
"Đa tình chỉ chiếu ỷ la diên,",多情只照綺羅筵，
Mạc chiếu thiên nhai viễn hành khách.,莫照天涯遠行客。
"Thiên nhai hành khách ly gia cửu,",天涯行客離家久，
Kiến nguyệt tư hương tao bạch thủ.,見月思鄉搔白首。
"Niên niên trường tự tống hành nhân,",年年長自送行人，
Chiết tận biên thành lộ bàng liễu.,折盡邊城路旁柳。
"Đông vọng Tần Xuyên nhất nhạn phi,",東望秦川一雁飛，
Khả lân đồng trú bất đồng quy.,可憐同住不同歸。
"Thân lưu tái bắc không đàn giáp,",身留塞北空彈鋏，
Mộng nhiễu Giang Nam vị phất y.,夢繞江南未拂衣。
"Quân quy phục hỷ đăng đài các,",君歸復喜登臺閣，
Phong tài lăng lăng thượng như tạc.,風裁棱棱尚如昨。
"Đãn linh tứ hải ca thăng bình,",但令四海歌昇平，
Ngã tại Cam Châu bần diệc lạc.,我在甘州貧亦樂。
"Cam Châu thành tây Hắc thuỷ lưu,",甘州城西黑水流，
Cam Châu thành bắc Hồ vân sầu.,甘州城北胡雲愁。
"Ngọc Quan nhân lão điêu cừu tệ,",玉關人老貂裘敝，
Khổ ức bình sinh Mã Thiếu Du.,苦憶平生馬少遊。
"Thu phong nguyên đầu đồng diệp phi,",秋風原頭桐葉飛，
U hoàng thuý lãnh sơn quỷ đề.,幽篁翠冷山鬼啼。
"Hải đồ sách bổ nhi nữ y,",海圖拆補儿女衣，
Khinh sam tiếu chỉ Tần nhân khê.,輕衫笑指秦人溪。
"Tần nhân đắc tri Tấn dĩ tiền,",秦人得知晉以前，
Hàng Đường thần Tống thuỳ vi ngôn?,降唐臣宋誰為言？
"Hốt phùng đào hoa chiếu khê nguyên,",忽逢桃花照溪源，
Thỉnh quân đình cao mạc hồi thuyền.,請君停篙莫回船。
"Biên bồng tiện kết khê thượng trạch,",編蓬便結溪上宅，
Thái đào vi tân thực đào thực.,採桃為薪食桃實。
"Sơn lâm hoàng trần tam bách xích,",山林黃塵三百尺，
Bất dụng quy lai thuyết tiêu tức.,不用歸來說消息。
"Dự Chương thành thượng hữu cao lâu,",豫章城上有高樓，
Vân thị Đằng vương thử cựu du.,雲是滕王此舊游。
"Quy khứ bằng lan kiều thủ vọng,",歸去憑闌翹首望，
Thanh thương nhất phiến thị La Phù.,青蒼一片是羅浮。
"Đương niên tả vận nhân hà tại,",當年寫韻人何在，
Minh nguyệt do huyền tả vận hiên.,明月猶懸寫韻軒。
"Tiện dục đồng quân nhất tây khứ,",便欲同君一西去，
Dạ hàn thiên ngoại tuý thiền quyên.,夜寒天外醉嬋娟。
"Đạp tí quy lai lục bác trường,",蹋臂歸來六博塲，
Thành trung bạch vũ mộ chinh Khương.,城中白羽募征羌。
"Tương phùng thí giải Ngô câu khán,",相逢試解呉鈎看，
Dĩ thị Kim hà vạn lý sương.,已是金河萬里霜。
"Mã thủ thuỳ dương chiết tống hành,",馬首垂楊折送行，
Tửu lan trường ấp bảo đao hoành.,酒闌長揖寳刀橫。
"Quân trung tối thị đa huynh đệ,",軍中最是多兄弟，
Bất xướng Dương Quan đệ tứ thanh.,不唱陽關第四聲。
"Triêu lai phân lệ Lý khinh xa,",朝來分隷李輕車，
Ấp khách viên môn ý tự như.,揖客轅門意自如。
"Siêu cự kiều quan tam thập vạn,",超距翹關三十萬，
Hà nhân lĩnh thủ báo thao thư.,何人領取豹韜書。
Dạ thâm lân trướng tống Hồ già.,夜深鄰帳送胡笳，
Tam nguyệt xuân hàn tuyết tác hoa.,三月春寒雪作花。
"Xuy tận quan san Dương liễu khúc,",吹盡關山楊柳曲，
Tráng tâm nguyên tự bất tư gia.,壯心元自不思家。
"Kỳ binh thập vạn kích Hung Nô,",竒兵十萬擊匈奴，
Cốc Lễ Đồ Kỳ vị nghĩ phu.,谷蠡屠耆未擬俘。
"Đối trận đoạt tương kim lặc mã,",對陣奪將金勒馬，
Độc thân sinh trí Bắc Thiền Vu.,獨身生致北單于。
"Điệp mã xuy trần tử cực hôn,",蹀馬吹塵紫極昏，
Tẩy đao phi huyết cửu Hà hồn.,洗刀飛血九河渾。
"Trường Thành trực thác tam thiên lý,",長城直拓三千里，
Biểu thủ Âm Sơn tác bắc môn.,表取隂山作北門。
"Hồ cơ học đắc Hán cung mi,",胡姬學得漢宮眉，
Tân khổ phong trần tổn ngọc ky.,辛苦風塵損玉肌。
"Bất vị thanh xuân dung dịch cải,",不爲青春容易改，
Thập niên phiên địa thất Yên Chi.,十年番地失焉支。
"Thiết kỵ hoành khu Hãn Hải trần,",鐵騎橫驅瀚海塵，
Qua thuyền trực đảo chướng thiên xuân.,戈船直擣瘴天春。
"Bất tri nam bắc công đa thiểu,",不知南北功多少，
Tu tác kỳ lân đệ nhị nhân.,羞作麒麟第二人。
"Khung lư tạp chủng loạn kim phương,",穹廬雜種亂金方，
Vũ tướng thần binh hạ ngọc đường.,武將神兵下玉堂。
"Thiên tử tinh kỳ qua Tế Liễu,",天子旌旗過細柳，
Hung Nô vận số tận khô dương.,匈奴運數盡枯楊。
"Quan đầu lạc nguyệt hoành tây lĩnh,",關頭落月橫西嶺，
Tái hạ ngưng vân đoạn bắc hoang.,塞下凝雲斷北荒。
"Mạc mạc biên trần phi chúng điểu,",漠漠邊塵飛衆鳥，
Hôn hôn sóc khí tụ quần dương.,昏昏朔氣聚羣羊。
"Y hi Thục trượng mê tân trúc,",依稀蜀杖迷新竹，
Phảng phất Hồ sàng thức cố tang.,髣髴胡牀識故桑。
"Lâm Hải cựu lai văn Phiêu Kỵ,",臨海舊來聞驃騎，
Tầm Hà bổn tự hữu Trung lang.,尋河本自有中郎。
"Toạ khan chiến bích vi bình thổ,",坐看戰壁爲平土，
Cận đãi quân doanh tác phá Khương.,近待軍營作破羌。
"Dĩ văn phiêu kỵ viên binh chí,",已聞驃騎援兵至，
Nhi tư dao kiến thám mã hoàn.,髵䰄遥見探馬還。
"Dạ bán hoả hành doanh tận động,",夜半火行營盡動，
Nhất thời di trướng quá Tây san.,一時移帳過西山。
"Nhật lạc sa phi chiến cổ hiêu,",日落沙飛戰鼓囂，
Quá hà do thính mã đề kiêu.,過河猶聽馬蹄驕。
"Tiền san thám tốt tiêu lai báo,",前山探卒宵來報，
Tam lưỡng Hồ sồ học xạ điêu.,三兩胡雛學射雕。
"Phục nỗ duyên đê gian pháo đài,",伏弩緣堤間炮臺，
Thiên kiêu thập kỵ độ hà lai.,天驕十騎渡河來。
"Đồng thời thuỷ hãm mai sa tí,",同時水陷埋沙漬，
Bất khẳng thừa nguy phóng nhĩ hồi.,不肯乘危放爾回。
"Tây san nhập dạ khởi ca thanh,",西山入夜起歌聲，
Lược đắc giai nhân tửu áp kinh.,掠得佳人酒壓驚。
"Tuý ngoạ trướng tiền hồn tự tử,",醉臥帳前渾似死，
Tằng vô nhất tướng thuyết thâu doanh!,曾無一將說偷營！
"Hồ sồ ẩm mã bạng giang đinh,",胡雛飲馬傍江汀，
Pháo hoả lôi oanh tự bất thinh.,炮火雷轟似不聽。
"Kỵ mã dục hồi hoàn hạ toạ,",騎馬欲回還下坐，
Sơn điên khứ phóng hải đông thanh.,山顛去放海東青。
"Liên triều cổ giác chấn sơn a,",連朝鼓角震山阿，
Nhất dạ sa trường quỷ hoả đa.,一夜沙場鬼火多。
"Nguyệt chiếu Hán gia doanh tiễu tiễu,",月照漢家營悄悄，
Cách hà phách thủ xướng di ca.,隔河拍手唱夷歌。
"Đan xa phụng sứ Sài thượng thư,",單車奉使柴尚書，
Long đàm hổ huyệt thản như đồ.,龍潭虎穴坦如途。
"Đan thanh minh trước sứ ngoại quốc,",丹青明著使外國，
Bất giảm Hán triều Trương dữ Tô.,不減漢朝張與蘇。
"Cộng sơn Lý sinh hữu chí mưu,",共山李生有志謀，
Nhạc chấp tiên nhị đồng trì khu.,樂執鞭弭同馳驅。
"Đãn nguyện hoàng ân my vũ trụ,",但願皇恩彌宇宙，
Bất tu trân dị thâu thiên đô.,不須珍異輸天都。
"Ô đài không phát hành đài phong,",烏台空發行台封，
Tư nông nhất tải quy Ngao Phong.,司農一載歸鼇峰。
"Thập thường bát cửu bất như ý,",十常八九不如意，
Nhân sinh xứ xứ hoan tương phùng.,人生處處歡相逢。
"Đế ưng thiên mệnh niệm xích tử,",帝膺天命念赤子，
Lâu hang vị nhẫn chinh man tung.,樓舡未忍征蠻賨。
"Cổ lai mỗi trùng hoàng hoa tuyển,",古來每重皇華選，
Tiêu quân lễ mạo tiên ung dung.,蕭君禮貌先雍容。
"Văn học ngữ ngôn đương thử cử,",文學語言當此舉，
Tể tướng kiến chi giai duyệt tòng.,宰相見之皆悅從。
"An Nam tiểu bang đẳng lân giới,",安南小邦等鱗介，
Tảo phó giáng khuyết triều chân long.,早赴絳闕朝真龍。
"Tứ nguyệt nam phong đại mạch hoàng,",四月南風大麥黃，
Tảo hoa vị lạc đồng âm trường.,棗花未落桐陰長。
"Thanh sơn triêu biệt mộ hoàn kiến,",青山朝別暮還見，
Tê mã xuất môn tư cựu hương.,嘶馬出門思舊鄉。
Trần hầu lập thân hà thản đãng?,陳侯立身何坦蕩？
Cầu tu hổ my nhưng đại tảng.,虯鬚虎眉仍大顙。
"Phúc trung trữ thư nhất vạn quyển,",腹中貯書一萬卷，
Bất khẳng đê đầu tại thảo mãng.,不肯低頭在草莽。
"Đông môn cô tửu ẩm ngã tào,",東門酤酒飲我曹，
Tâm khinh vạn sự giai hồng mao.,心輕萬事皆鴻毛。
"Tuý ngoạ bất tri bạch nhật mộ,",醉臥不知白日暮，
Hữu thì không vọng cô vân cao.,有時空望孤雲高。
"Trường hà lãng đầu liên thiên hắc,",長河浪頭連天黑，
Tân khẩu đình chu độ bất đắc.,津口停舟渡不得。
"Trịnh quốc du nhân vị cập gia,",鄭國遊人未及家，
Lạc Dương hành tử không thán tức.,洛陽行子空嘆息。
"Văn đạo cố lâm tương thức đa,",聞道故林相識多，
Bãi quan tạc nhật kim như hà?,罷官昨日今如何？
"Tân đình hạ diệp phân như vũ,",津亭下葉紛如雨，
Khách tử viễn du hà xứ sở.,客子逺㳺何處所。
"Du du nhất biệt vô hoàn kỳ,",悠悠一别無還期，
Tương đối bi đề bất năng ngữ.,相對悲啼不能語。
"Thử khứ sơn trung kinh kỷ vạn,",此去山中經幾萬，
Khuyến quân duy hữu gia xan phạn.,勸君惟有加餐飯。
"Tu du phân thủ các đông tây,",須臾分手各東西，
Do thính tiền lâm chinh mã tê.,猶聽前林征馬嘶。
"Nhân như trần ai lạc thiên địa,",人如塵埃落天地，
Nhất lạp vi tiểu cộng thiên tế.,一粒微小共天際。
"Tuy vô danh khước tự thành hình,",雖無名卻自成形，
Diệc vi tinh thần chiếu cửu thế.,亦為星辰照九世。
"Trành trành mạc quái thiếu thời niên,",倀倀莫怪少時年，
Bách trượng du ty dị nhạ khiên.,百丈游絲易惹牽。
Hà tuế phùng xuân bất trù trướng?,何歲逢春不惆悵，
Hà xứ phùng tình bất khả liên?,何處逢情不可憐。
"Đỗ Khúc lê hoa bôi thượng tuyết,",杜曲梨花杯上雪，
Bá Lăng phương thảo mộng trung yên.,灞陵芳草夢中煙。
"Tiền trình lưỡng tụ hoàng kim lệ,",前程兩袖黃金淚，
Công án tam sinh bạch cốt thiền.,公案三生白骨禪。
"Lão hậu tư lường ưng bất hối,",老後思量應不悔，
Nạp y trì bát viện môn tiền.,衲衣持鉢院門前。
"Nguyên đầu hoả thiêu tĩnh ngột ngột,",原頭火燒靜兀兀，
Dã trĩ uý ưng xuất phục một.,野雉畏鷹出復沒。
"Tướng quân dục dĩ xảo phục nhân,",將軍欲以巧伏人，
Bàn mã loan cung tích bất phát.,盤馬彎弓惜不發。
"Địa hình tiệm trách quan giả đa,",地形漸窄觀者多，
Trĩ kinh cung mãn kính tiễn gia.,雉驚弓滿勁箭加。
"Trùng nhân quyết khởi bách dư xích,",沖人決起百余尺，
"Hồng linh bạch thốc tuỳ khuynh tà,",紅翎白鏃隨傾斜。
"Tướng quân ngưỡng tiếu quân lại hạ,",將軍仰笑軍吏賀，
Ngũ sắc ly phi mã tiền đoạ.,五色離披馬前墮。
"Thư sinh kỷ đắc diện quân vương,",書生幾得面君王，
Quí ngã viễn lai thiên cận quang.,愧我遠來偏近光。
"Trì hạ xu thương trần hạ biểu,",墀下趍蹌陳賀表，
Ngự tiền huy sái hoạ thần chương.,御前揮洒和宸章。
"Ân luân kinh tiếp long văn bút,",恩綸驚接龍文筆，
Triều tụ hân triêm thú đỉnh hương.,朝袖欣沾獸鼎香。
"Công dịch qui lai thanh bất mị,",公驛歸來清不寐，
Mãn song phong nguyệt hựu tương tương.,滿窻風月又相將。
"Khâm thừa tứ cận phượng thư tuyên,",欽承賜覲鳳書宣，
Thần tịch trì khu lộ thập thiên.,晨夕馳驅路十千。
"Hải bất ba thời tri hữu thánh,",海不波辰知有聖，
Sơn tòng thê hậu hỉ chiêm thiên.,山從梯後喜瞻天。
"Thuý hoa nhật noãn nùng xuân sắc,",翠花日煖濃春色，
Ngự đỉnh hương phù ái thuỵ yên.,御鼎香浮靄瑞煙。
"Ca yến thị bồi vô biệt tụng,",歌宴侍陪無別頌，
Nguyện canh Chu Nhã Cửu Như thiên.,願賡周雅九如篇。
"Chủ gia âm động tế yên vụ,",主家陰洞細煙霧，
Lưu khách hạ điệm thanh lang can.,留客夏簟青琅玕。
"Xuân tửu bôi nùng hổ phách bạc,",春酒杯濃琥珀薄，
Băng tương oản bích mã não hàn.,冰漿碗碧瑪瑙寒。
"Ngộ nghi mao đường quá giang lộc,",誤疑茅堂過江麓，
Dĩ nhập phong đặng mai vân đoan.,已入風磴霾雲端。
"Tự thị Tần lâu áp Trịnh cốc,",自是秦樓壓鄭谷，
Thời văn tạp bội thanh san san.,時聞雜佩聲珊珊。
"Trúc thành hà thái khổ,",築城何太苦，
Bách vạn chinh phu lệ như vũ.,百萬征夫淚如雨。
"Niên niên lao dịch cân lực tận,",年年勞役筋力盡，
Hàm thế do thiêm thành thượng thổ.,含涕猶添城上土。
"Gia gia thú phụ vọng phu hoàn,",家家戍婦望夫還，
Bất tri dĩ tử Trường Thành gian.,不知已死長城間。
"Trường Thành nhất vọng bạch ư tuyết,",長城一望白於雪，
Do lai bán thị chinh phu cốt.,由來半是征夫骨。
"Trúc thành xứ,",築城處，
Thiên nhân vạn nhân tề bả chử.,千人萬人齊把杵。
"Trùng trùng thổ kiên thí hành chuỳ,",重重土堅試行錐，
Quân lại chấp tiên thôi tác trì.,軍吏執鞭催作遲。
"Lai thì nhất niên thâm thích lý,",來時一年深磧裡，
Tận trước đoản y khát vô thuỷ.,盡著短衣渴無水。
"Lực tận bất đắc phao chử thanh,",力盡不得拋杵聲，
Chử thanh vị tận nhân giai tử.,杵聲未盡人皆死。
"Gia gia dưỡng nam đương môn hộ,",家家養男當門戶，
Kim nhật tác quân thành hạ thổ.,今日作君城下土。
"Thánh Tông hoàng đế đề thi thạch,",聖宗皇帝題詩石，
Đông minh chi sơn cao bách xích.,東溟之山高百尺。
"Thiên phong, hải đảo nhật dạ kích,",天風海島日夜激，
"Ngũ bách niên dư, tự do xích.",五百年與字猶赤。
Hoạ xưng ngự bút ế hà nhân?,和稱御筆咽何人？
Trịnh vương vọng ý đồng bất dân.,鄭王望意同不泯。
"Ngã lai bạt kiếm, nộ thả sân,",我來拔劍怒且嗔，
Hu ta Hậu Lê chi quân thần!,吁嗟後黎之君臣！
"Trường phong mai vân mãng thiên lý,",長風霾雲莽千里，
Vân khí bồng bồng thiên mạo thuỷ.,雲氣蓬蓬天冒水。
"Phong thu vân tán ba sạ bình,",風收雲散波乍平，
Đảo chuyển thanh thiên tác hồ để.,倒轉青天作湖底。
"Sơ khan lạc nhật trầm ba hồng,",初看落日沉波紅，
Tố nguyệt dục thăng thiên liễm dung.,素月欲升天斂容。
"Chu nhân hồi thủ tận đông vọng,",舟人回首盡東望，
Thôn thổ cố tại Phùng Di cung.,吞吐故在馮夷宮。
"Tu du hốt tự ba tâm thượng,",須臾忽自波心上，
Kính diện hoành khai thập dư trượng.,鏡面橫開十餘丈。
"Nguyệt quang tẩm thuỷ thuỷ tẩm thiên,",月光浸水水浸天，
Nhất phái không minh hỗ hồi đãng.,一派空明互回蕩。
"Thử thời ly long tiềm tối thâm,",此時驪龍潛最深，
Mục huyễn bất đắc hàm châu ngâm.,目眩不得銜珠吟。
"Cự ngư vô tri tác đằng xước,",巨魚無知作騰踔，
Lân giáp nhất động thiên hoàng kim.,鱗甲一動千黄金。
"Nhân gian thử cảnh tri nan tất,",人間此境知難必，
Khoái ý phiên tòng ngẫu nhiên đắc.,快意翻從偶然得。
"Dao văn ngư phủ xướng ca lai,",遥聞漁父唱歌來，
Thuỷ giác trung thu thị kim tịch.,始覺中秋是今夕。
"Khứ niên kim nhật tại đông dương,",去年今日在東洋，
Thảm vũ sầu vân mãn thuỷ hương.,慘雨愁雲滿水鄉。
"Già đoạn quy trình vân vạn trục,",遮斷歸程雲萬軸，
Vọng hồi khứ lộ thuỷ thiên quang.,望回去路水千洸。
"Kim niên thử nhật Minh giang phố,",今年此日明江庯，
Nguyệt lãng phong thanh thiên vạn hộ.,月朗風清千萬户。
"Tào tạp tân nha khuyến thưởng thu,",嘈雜新衙勸賞秋，
Phân mang quốc sự nan thành thú.,紛忙國事難成趣。
"Phong tiền nguyệt hạ uổng thương bi,",風前月下枉傷悲，
Khốc tự Tân Đình đối khấp nhi.,酷似新亭對泣兒。
"Thức ngã chung tiêu song tận lệ,",拭我終宵雙盡淚，
Tư quân nhất nhật thập đa thời.,思君一日十多時。
"Tưởng lai tại tích thiên hương các,",想來在昔天香閣，
Quân tể túc ủng hoà thả nhạc.,君宰肅壅和且樂。
"Quân niệm dân gian tối khả liên,",君念民艱最可憐，
Thần ngôn binh sự nan dao độ.,臣言兵事難遙度。
"Nhi kim quân tại Quế Lâm thành,",而今君在桂林城，
Tung tích phù trầm phong đả bình.,蹤跡浮沉風打萍。
"Giá tốt mông trần phi hoạch dĩ,",駕卒蒙塵非獲已，
Mộng hồi phục vật diệc nan tỉnh.,夢回復物亦難醒。
"Y thuỳ cẩu tác nhãn tiền kế,",伊誰苟作眼前計，
Bất vi cương thường hoàn vi kỷ.,不為綱常還為己。
"Chung đỉnh quan thường mạc niệm thù,",鐘鼎冠裳莫念酬，
Quỷ thần thiên địa na tri uý.,鬼神天地那知畏。
"Quân thần đại nghĩa trọng thiên kim,",君臣大義重千金，
Hà nãi thao thao cẩu trệ tâm.,何乃滔滔狗彘心。
"Đầu lý hồng cân quan dĩ huỷ,",頭裏紅巾冠已毀，
Đầu huyền bạch nhận kiếm tương lâm.,頭懸白刃劍將臨。
Quân bất kiến:,君不見：
"Nghiêm đầu, Kê huyết, Thường Sơn thiệt,",嚴頭嵇血常山舌，
Kinh kinh Trương tinh Tô Vũ tiết.,荊荊張旌蘇武節。
"Tại tích oanh oanh tố hảo trường,",在昔轟轟做好場，
Chí kim sách sách xưng anh liệt.,至今嘖嘖稱英烈。
Hựu bất kiến:,又不見：
"Xuất sư chi biểu nhật tinh huyền,",出師之表日星懸，
Kích ấp trung lưu tráng chí kiên.,擊揖中流壯志堅。
"Mạc trắc tại thiên thành tố cục,",莫測在天成素局，
Đương vi tự ngã trứ tiên tiên.,當為自我著先鞭。
"Chiêu chiêu vãng tích phương thiên cổ,",昭昭往昔芳千古，
Tử tế tư lượng hồ bất ngộ.,仔細思量胡不悟。
"Khước vi thân gia tuẫn lợi danh,",却為身家徇利名，
Bất đồ xã tắc tư quân phụ.,不圖社稷思君父。
"Ngã quân kim nhật thả như hà,",我君今日且如何，
Sử ngã thu phong hưng chuyển xa.,使我秋風興轉賒。
"Mạc mạc tráo đầu trần ế khởi,",漠漠罩頭塵翳起，
Mông mông chuyển thuấn nhật tinh tà.,朦朦轉瞬日星斜。
"Chiết giao cung thỉ tư kham dụng,",折膠弓矢兹堪用，
Thậm nhật hoàn hoàn hùng hổ chúng.,甚日桓桓熊虎眾。
"Si bỉ tì hưu tảo bỉ phân,",笞彼貔貅掃彼氛，
Phục ngã giang san tồn ngã thống.,復我江山存我統。
"Nông tuy nô độn thả tòng quân,",儂雖駑鈍且從軍，
Uất uất hành tương túc chí thân.,鬱鬱行將夙志伸。
"Tái tạo can khôn hân phục ngọ,",再造乾坤欣復午，
Tam tuyên đình viện khánh trường xuân.,三宣庭院慶長春。
"Trường An nhị nguyệt đa hương trần,",長安二月多香塵，
Lục nhai xa mã thanh lân lân.,六街車馬聲轔轔。
"Gia gia lâu thượng như hoa nhân,",家家樓上如花人，
Thiên chi vạn chi hồng diễm tân.,千枝萬枝紅豔新。
"Liêm gian tiếu ngữ tự tương vấn,",簾間笑語自相問，
Hà nhân chiếm đắc Trường An xuân?,何人占得長安春？
"Trường An xuân sắc bản vô chủ,",長安春色本無主，
Cổ lai tận thuộc hồng lâu nữ.,古來盡屬紅樓女。
"Như kim vô nại hạnh viên nhân,",如今無奈杏園人，
Tuấn mã khinh xa ủng tương khứ.,駿馬輕車擁將去。
"Nhân sinh bất tác An Kỳ Sinh,",人生不作安期生，
Tuý nhập đông hải kỵ trường kình.,醉入東海騎長鯨。
"Do đương xuất tác Lý Tây Bình,",猶當出作李西平，
Thủ kiêu nghịch tặc thanh cựu kinh.,手梟逆賊清舊京。
"Kim ấn hoàng hoàng vị nhập thủ,",金印煌煌未入手，
Bạch phát chủng chủng lai vô tình.,白髮種種來無情。
"Thành Đô cổ tự ngoạ thu vãn,",成都古寺臥秋晚，
Lạc nhật thiên bàng tăng song minh.,落日偏傍僧窗明。
"Khởi kỳ mã thượng phá tặc thủ,",豈其馬上破賊手，
Nga thi thường tác hàn tương minh.,哦詩常作寒螿鳴。
"Hứng lai mãi tận thị kiều tửu,",興來買盡市橋酒，
Đại xa lỗi lạc đồi trường bình.,大車磊落堆長瓶。
"Ai ty hào trúc trợ kịch ẩm,",哀絲豪竹助劇飲，
Như Cự Dã thụ Hoàng Hà khuynh.,如巨野受黃河傾。
"Bình sinh nhất chích bất nhập khẩu,",平生一滴不入口，
Nghĩa khí đốn sử thiên nhân kinh.,義氣頓使千人驚。
"Quốc thù vị báo tráng sĩ lão,",國讎未報壯士老，
Hạp trung trường kiếm dạ hữu thanh.,匣中長劍夜有聲。
"Hà đương khải toàn yến tướng sĩ,",何當凱旋宴將士，
Tam canh tuyết áp Phi Hồ thành.,三更雪壓飛狐城。
Quân bất kiến:,君不見：
"Lĩnh ngoại hành vân triêu tịch phi,",嶺外行雲朝夕飛，
Tung hoành tiêu hán vô dĩ thì.,縱橫宵漢無已辰。
Hựu bất kiến:,又不見：
"Minh giang thệ thuỷ trường lưu tư,",明江逝水長流斯，
Triều đông bôn sử thượng hạ ky.,朝東奔駛上下磯。
"Vân thuỷ vô tâm nãi hữu lực,",雲水無心乃有力，
Chu lưu vận hành bất thiểu tức.,周流運行不少息。
"Khởi kỳ tâm lực phi tương quan,",豈其心力非相關，
Thử lý hỗn nhiên thuỳ đắc thức.,此理渾然誰得識。
"Phỉ vân cầu cao đằng thái không,",匪雲求高騰太空，
Phỉ thuỷ vọng thâm xu minh mông.,匪水望深趨溟濛。
"Cao thâm phi ý tuỳ sở để,",高深非意隨所抵，
Mạc vi nhi vi thị hoá công.,莫為而為是化工。
"Thần đạo trì khu đồng thử lý,",臣道馳驅同此理，
Nam bắc đông tây thường sự nhĩ.,南北東西常事爾。
"Xu phó vô quá thính tự nhiên,",趨赴無過聽自然，
Hà đắc khả cầu nan khả tỵ.,何得可求難可避。
"Toán lai hữu đắc khước vô nan,",算來有得卻無難，
Đắc vị thường thâu tận nhật nhàn.,得為嘗偷盡日閑。
"Duyệt thục phong quang nhất tôn tửu,",閱熟風光一樽酒，
Hựu ngâm hựu thuỵ hựu gia xan.,又吟又睡又加餐。
"Thử khứ đế kinh hứa đa lộ,",此去帝京許多路，
Khuất chỉ tiền trình sơ phát bộ.,屈指前程初發步。
"Vạn lý thanh vân đắc ý đa,",萬里青雲得意多，
Cửu thiên mạch mộc tân cam lộ.,九天霡霂新甘露。
"Tâm thuỷ bàn trung hiếu phủng lai,",心水盤中好捧來，
Hành ngô tố vị sảng ngô hoài.,行吾素位爽吾懷。
Quân bất kiến:,君不見：
"Quách Phần Dương trượng trung tín an nghĩa mệnh,",郭汾陽仗忠信安義命，
Tuy cô thân tẩu biến bát cực thuỳ hà tai.,雖孤身走遍八極誰何哉。
"Trường hận ca, vị thuỳ tác?",長恨歌，為誰作？
Đề khởi đầu lai tâm tiện ác.,題起頭來心便惡。
"Triêu tư mộ tưởng vô liễu kỳ,",朝思暮想無了期，
Tái bả loan tiên tố tình bạc.,再把鸞箋訴情薄。
"Thiếp gia nguyên tại Lâm An lộ,",妾家原在臨安路，
Lân các công huân thụ ân lộ.,麟閣功勛受恩露。
"Hậu nhân thân lão thất quân cơ,",後因親老失軍機，
Giáng điều Nam Dương vệ Thiên Hộ.,降調南陽衛千戶。
"Thâm khuê dưỡng dục kiều loan thân,",深閨養育嬌鸞身，
Bất tằng cử bộ ly trung đình.,不曾舉步离中庭。
"Khởi tri nhị cửu tai tinh đáo,",豈知二九災星到，
Hốt tuỳ nữ bạn trang đài hành.,忽隨女伴妝臺行。
"Thu thiên hí xúc phương tài bãi,",秋千戲蹴方才罷，
Hốt kinh tường giác sinh nhân thoại.,忽驚牆角生人話。
"Hàm tu quy khứ hương phòng trung,",含羞歸去香房中，
Thương mang tầm mịch hương la phách.,倉忙尋覓香羅帕。
"La phách thuỳ tri nhập quân thủ,",羅帕誰知入君手，
Không lệnh mai hương vãng lai tẩu.,空令梅香往來走。
"Đắc mông quân tặng hương la thi,",得蒙君贈香羅詩，
Não thiếp tương tư yêm bệnh cửu.,惱妾相思淹病久。
"Cảm quân bái mẫu kết muội huynh,",感君拜母結妹兄，
Lai từ khứ giản nhiêu ân tình.,來詞去簡饒恩情。
"Chỉ khủng ân tình thành cẩu hợp,",只恐恩情成苟合，
Lưỡng tằng kết phát đồng sơn minh.,兩曾結髮同山盟。
"Sơn minh hải thệ hoàn bất tín,",山盟海誓還不信，
Hựu thác Tào Di tác môi chứng.,又托曹姨作媒証。
"Hôn thư tả định thiêu thương khung,",婚書寫定燒蒼穹，
Thuỷ kết ư phi tại thiên mệnh.,始結於飛在天命。
"Tình giao nhị tải điềm như mật,",情交二載甜如蜜，
Tài tử tư thân hốt thành tật.,才子思親忽成疾。
"Thiếp tâm bất nhẫn quân tâm sầu,",妾心不忍君心愁，
Phản khuyến tài lang quy cố tịch.,返勸才郎歸故籍。
"Đinh ninh thử khứ Cô Tô thành,",叮嚀此去姑蘇城，
Hoa nhai mạc thính dương xuân thanh.,花街莫聽陽春聲。
"Nhất đổ từ nhan tiện hồi thủ,",一睹慈顏便回首，
Hương khuê khả niệm nhân cô lánh.,香閨可念人孤另。
"Chúc phó ân cần biệt tài tử,",囑付殷勤別才子，
Khí cựu liên tân nhậm tòng nhĩ.,棄舊憐新任從爾。
"Na tri nhất khứ ý vong hoàn,",那知一去意忘還，
Chung nhật tư quân bất như tử.,終日思君不如死。
"Hữu nhân lai thuyết quân trùng hôn,",有人來說君重婚，
Kỷ phiên dục tín nhưng nan bằng.,幾番欲信仍難憑。
"Hậu nhân tôn cửu khứ phục phản,",後因孫九去復返，
Phương tri kháng lệ hài văn quân.,方知伉儷諧文君。
"Thử tình hận sát bạc tình giả,",此情恨殺薄情者，
Thiên lý nhân duyên nan cát xá.,千里姻緣難割舍。
"Đáo thủ ân tình đô phụ chi,",到手恩情都負之，
Đắc ý phong lưu tại hà dã?,得意風流在何也？
"Mạc luận thiếp sầu trường dữ đoản,",莫論妾愁長與短，
Vô xứ tương nang thi bất mãn.,無處箱囊詩不滿。
"Đề tàn cẩm trát ngũ thiên trương,",題殘錦札五千張，
Tả thốc mao chuỳ tam bách quản.,寫秃毛錐三百管。
"Ngọc khuê nhân sấu kiều vô lực,",玉閨人瘦嬌無力，
Giai kỳ phản tác trường tương ức.,佳期返作長相憶。
"Uổng tương bát tự suy tử bình,",枉將八字推子平，
"Không bả tam sinh bốc ""Chu dịch"".",空把三生卜《周易》。
"Tòng đầu nhất nhất tư lượng khởi,",從頭一一思量起，
Vãng nhật giao tình bất khuy nhữ.,往日交情不虧汝。
"Ký nhiên ân ái như phù vân,",既然恩愛如浮雲，
Hà bất đương sơ mạc tương dữ?,何不當初莫相與？
"Oanh oanh yến yến giai thành đối,",鶯鶯燕燕皆成對，
Hà độc thiên sinh ngã vô phối.,何獨天生我無配。
"Kiều phụng muội tử thiếu nhị niên,",嬌鳳妹子少二年，
Quát thiêm hài nhi dĩ tam tuế.,适添孩兒已三歲。
"Tự tàm khinh khí thiên kim khu,",自慚輕棄千金軀，
Y hoan ngã độc tâm cô bi.,伊歡我獨心孤悲。
Tiên niên thệ nguyện kim hà tại?,先年誓愿今何在？
Cử đầu tam xích hữu thần kỳ.,舉頭三尺有神祇。
"Quân vãng Giang Nam thiếp Giang Bắc,",君往江南妾江北，
Thiên lý quan sơn viễn tương cách.,千里關山遠相隔。
"Nhược năng lưỡng sí hốt nhiên sinh,",若能兩翅忽然生，
Phi hướng ngô giang cận quân trắc.,飛向吳江近君側。
"Sơ giao nhĩ ngã thiên địa tri,",初交你我天地知，
Kim lai vô số nhân dương phi.,今來無數人揚非。
"Hổ môn thâm toả thiên kim sắc,",虎門深鎖千金色，
Thiên giao nhất tiếu tao quân cơ.,天教一笑遭君機。
"Hận quân đoản hành quy âm phủ,",恨君短行歸陰府，
Thí tự hoàng thiên bất sinh ngã.,譬似皇天不生我。
"Tòng kim thư đệ cố nhân thu,",從今書遰故人收，
Bất vọng hồi âm đáo trung sở.,不望回音到中所。
"Khả liên thiết giáp tướng quân gia,",可憐鐵甲將軍家，
Ngọc khuê dưỡng nữ kiều như hoa.,玉閨養女嬌如花。
"Chỉ nhân pha thức cầm thư vị,",只因頗識琴書味，
Phong lưu bất cửu quy quỹ sa.,風流不久歸籄沙。
"Bạch la trượng nhị huyền cao lương,",白羅丈二懸高梁，
Phiêu nhiên nhãn để hồn mang mang.,飄然眼底魂茫茫。
"Báo đạo nhất thanh kiều loan ải,",報道一聲嬌鸞縊，
Mãn thành tiếu sát lâm an vương.,滿城笑殺臨安王。
"Thiếp thân tự quý phi lương nữ,",妾身自愧非良女，
Thiện bả khuê tình tiện khinh hứa.,擅把閨情賤輕許。
"Tương tư trái mãn hoàn cửu tuyền,",相思債滿還九泉，
Cửu tuyền chi hạ bất nhiêu nhữ.,九泉之下不饒汝。
"Đương sơ sủng thiếp phi như kim,",當初寵妾非如今，
Ngã kim oán nhữ như hải thâm.,我今怨汝如海深。
"Tự tri thiếp ý giai nhân ý,",自知妾意皆仁意，
Thuỳ tưởng quân tâm tự thú tâm!,誰想君心似獸心！
"Tái tương nhất bức la giao tiêu,",再將一幅羅鮫綃，
Ân cần viễn ký lang gia dao.,殷勤遠寄郎家遙。
"Tự thán hưng vong giai thử vật,",自嘆興亡皆此物，
Sát nhân khả thứ tình nan nhiêu.,殺人可恕情難饒。
"Phản phục đinh ninh chỉ như thử,",返復叮嚀只如此，
Vãng nhật nhàn sầu kim nhật chỉ.,往日閑愁今日止。
"Quân kim khẳng niệm cựu phong lưu,",君今肯念舊風流，
Bão khán kiều loan thư nhất chỉ.,飽看嬌鸞書一紙。
"Hán hoàng trọng sắc tư khuynh quốc,",漢皇重色思傾國，
Ngự vũ đa niên cầu bất đắc.,御宇多年求不得。
"Dương gia hữu nữ sơ trưởng thành,",楊家有女初長成，
Dưỡng tại thâm khuê nhân vị thức.,養在深閨人未識。
"Thiên sinh lệ chất nan tự khí,",天生麗質難自棄，
Nhất triêu tuyển tại quân vương trắc.,一朝選在君王側。
"Hồi mâu nhất tiếu bách mị sinh,",回眸一笑百媚生，
Lục cung phấn đại vô nhan sắc.,六宮粉黛無顏色。
"Xuân hàn tứ dục Hoa Thanh trì,",春寒賜浴華清池，
Ôn Tuyền thuỷ hoạt tẩy ngưng chi.,溫泉水滑洗凝脂。
"Thị nhi phù khởi kiều vô lực,",侍兒扶起嬌無力，
Thuỷ thị tân thừa ân trạch thì.,始是新承恩澤時。
"Vân mấn hoa nhan kim bộ dao,",雲鬢花顏金步搖，
Phù dung trướng noãn độ xuân tiêu.,芙蓉帳暖度春宵。
"Xuân tiêu khổ đoản nhật cao khởi,",春宵苦短日高起，
Tòng thử quân vương bất tảo triều.,從此君王不早朝。
"Thừa hoan thị yến vô nhàn hạ,",承歡侍宴無閑暇，
Xuân tòng xuân du dạ chuyên dạ.,春從春遊夜專夜。
"Hậu cung giai lệ tam thiên nhân,",後宮佳麗三千人，
Tam thiên sủng ái tại nhất thân.,三千寵愛在一身。
"Kim ốc trang thành kiều thị dạ,",金屋妝成嬌侍夜，
Ngọc lâu yến bãi tuý hoà xuân.,玉樓宴罷醉和春。
"Tỷ muội đệ huynh giai liệt thổ,",姊妹弟兄皆列土，
Khả liên quang thái sinh môn hộ.,可憐光彩生門戶。
"Toại linh thiên hạ phụ mẫu tâm,",遂令天下父母心，
Bất trọng sinh nam trọng sinh nữ.,不重生男重生女。
"Ly cung cao xứ nhập thanh vân,",驪宮高處入青雲，
Tiên nhạc phong phiêu xứ xứ văn.,仙樂風飄處處聞。
"Hoãn ca mạn vũ ngưng ty trúc,",緩歌慢舞凝絲竹，
Tận nhật quân vương khan bất túc.,盡日君王看不足。
"Ngư Dương bề cổ động địa lai,",漁陽鼙鼓動地來，
Kinh phá Nghê thường vũ y khúc.,驚破霓裳羽衣曲。
"Cửu trùng thành khuyết yên trần sinh,",九重城闕煙塵生，
Thiên thặng vạn kỵ tây nam hành.,千乘萬騎西南行。
"Thuý hoa dao dao hành phục chỉ,",翠華搖搖行復止，
Tây xuất đô môn bách dư lý.,西出都門百餘里。
"Lục quân bất phát vô nại hà,",六軍不發無奈何，
Uyển chuyển nga mi mã tiền tử.,宛轉蛾眉馬前死。
"Hoa điền uỷ địa vô nhân thu,",花鈿委地無人收，
"Thuý kiều, kim tước, ngọc tao đầu.",翠翹金雀玉搔頭。
"Quân vương yểm diện cứu bất đắc,",君王掩面救不得，
Hồi khan huyết lệ tương hoà lưu.,回看血淚相和流。
"Hoàng ai tản mạn phong tiêu tác,",黃埃散漫風蕭索，
Vân sạn oanh vu đăng Kiếm Các.,雲棧縈紆登劍閣。
"Nga My sơn hạ thiểu nhân hành,",峨嵋山下少人行，
Tinh kỳ vô quang nhật sắc bạc.,旌旗無光日色薄。
"Thục giang thuỷ bích, Thục sơn thanh,",蜀江水碧蜀山青，
Thánh chúa triêu triêu mộ mộ tình.,聖主朝朝暮暮情。
"Hành cung kiến nguyệt thương tâm sắc,",行宮見月傷心色，
Dạ vũ văn linh trường đoạn thanh.,夜雨聞鈴腸斷聲。
"Thiên tuyền địa chuyển hồi long ngự,",天旋地轉迴龍馭，
Đáo thử trù trừ bất năng khứ.,到此躊躇不能去。
"Mã Ngôi pha hạ nê thổ trung,",馬嵬坡下泥土中，
Bất kiến ngọc nhan không tử xứ.,不見玉顏空死處。
"Quân thần tương cố tận triêm y,",君臣相顧盡霑衣，
Đông vọng đô môn tín mã quy.,東望都門信馬歸。
"Quy lai trì uyển giai y cựu,",歸來池苑皆依舊，
"Thái Dịch phù dung, Vị Ương liễu;",太液芙蓉未央柳。
"Phù dung như diện liễu như mi,",芙蓉如面柳如眉，
Đối thử như hà bất lệ thuỳ.,對此如何不淚垂。
"Xuân phong đào lý hoa khai nhật,",春風桃李花開日，
Thu vũ ngô đồng diệp lạc thì.,秋雨梧桐葉落時。
"Tây Cung, Nam Nội đa thu thảo,",西宮南內多秋草，
Lạc diệp mãn giai hồng bất tảo.,落葉滿階紅不掃。
"Lê Viên tử đệ bạch phát tân,",梨園子弟白髮新，
Tiêu phòng a giám thanh nga lão.,椒房阿監青娥老。
"Tịch điện huỳnh phi tứ tiễu nhiên,",夕殿螢飛思悄然，
Cô đăng khiêu tận vị thành miên.,孤燈挑盡未成眠。
"Trì trì chung cổ sơ trường dạ,",遲遲鐘鼓初長夜，
Cảnh cảnh tinh hà dục thự thiên.,耿耿星河欲曙天。
"Uyên ương ngoã lãnh sương hoa trọng,",鴛鴦瓦冷霜華重，
Phỉ thuý khâm hàn thuỳ dữ cộng.,翡翠衾寒誰與共。
"Du du sinh tử biệt kinh niên,",悠悠生死別經年，
Hồn phách bất tằng lai nhập mộng.,魂魄不曾來入夢。
"Lâm Cùng đạo sĩ Hồng Đô khách,",臨邛道士鴻都客，
Năng dĩ tinh thành trí hồn phách.,能以精誠致魂魄。
"Vị cảm quân vương triển chuyển tư,",為感君王輾轉思，
Toại giao phương sĩ ân cần mịch.,遂教方士殷勤覓。
"Bài không ngự khí bôn như điện,",排空馭氣奔如電，
Thăng thiên nhập địa cầu chi biến.,升天入地求之遍。
"Thượng cùng bích lạc, hạ hoàng tuyền,",上窮碧落下黃泉，
Lưỡng xứ mang mang giai bất kiến.,兩處茫茫皆不見。
"Hốt văn hải thượng hữu tiên sơn,",忽聞海上有仙山，
Sơn tại hư vô phiếu diểu gian.,山在虛無縹緲間。
"Lâu các linh lung ngũ vân khởi,",樓閣玲瓏五雲起，
Kỳ trung xước ước đa tiên tử.,其中綽約多仙子。
"Trung hữu nhất nhân tự Thái Chân,",中有一人字太真，
Tuyết phu hoa mạo sâm si thị.,雪膚花貌參差是。
"Kim khuyết tây sương khấu ngọc quynh,",金闕西廂叩玉扃，
"Chuyển giao Tiểu Ngọc, báo Song Thành.",轉教小玉報雙成。
"Văn đạo Hán gia thiên tử sứ,",聞道漢家天子使，
Cửu hoa trướng lý mộng hồn kinh.,九華帳裡夢魂驚。
"Lãm y thôi chẩm khởi bồi hồi,",攬衣推枕起徘徊，
Châu bạc ngân bình di lệ khai.,珠箔銀屏迤邐開。
"Vân mấn bán thiên tân thuỵ giác,",雲鬢半偏新睡覺，
Hoa quan bất chỉnh há đường lai.,花冠不整下堂來。
"Phong xuy tiên duệ phiêu phiêu cử,",風吹仙袂飄飄舉，
Do tự Nghê thường vũ y vũ.,猶似霓裳羽衣舞。
"Ngọc dung tịch mịch lệ lan can,",玉容寂寞淚闌干，
Lê hoa nhất chi xuân đới vũ.,梨花一枝春帶雨。
"Hàm tình ngưng đệ tạ quân vương,",含情凝睇謝君王，
Nhất biệt âm dung lưỡng diểu mang!,一別音容兩渺茫。
"Chiêu Dương điện lý ân ái tuyệt,",昭陽殿裡恩愛絕，
Bồng Lai cung trung nhật nguyệt trường.,蓬萊宮中日月長。
"Hồi đầu hạ vọng nhân hoàn xứ,",回頭下望人寰處，
Bất kiến Trường An kiến trần vụ.,不見長安見塵霧。
"Duy tương cựu vật biểu thâm tình,",唯將舊物表深情，
Điến hạp kim thoa ký tương khứ.,鈿合金釵寄將去。
"Thoa lưu nhất cổ, hạp nhất phiến,",釵留一股合一扇，
Thoa phách hoàng kim hạp phân điến.,釵擘黃金合分鈿。
"Đãn giao tâm tự kim điến kiên,",但教心似金鈿堅，
Thiên thượng nhân gian hội tương kiến.,天上人間會相見。
"Lâm biệt ân cần trùng ký từ,",臨別殷勤重寄詞，
Từ trung hữu thệ lưỡng tâm tri:,詞中有誓兩心知。
"Thất nguyệt thất nhật Trường Sinh điện,",七月七日長生殿，
Dạ bán vô nhân tư ngữ thì:,夜半無人私語時。
"“Tại thiên nguyện tác tỷ dực điểu,",在天願作比翼鳥，
Tại địa nguyện vi liên lý chi.”,在地願為連理枝。
"Thiên trường địa cửu hữu thì tận,",天長地久有時盡，
Thử hận miên miên vô tuyệt kỳ.,此恨綿綿無絕期。
"Tự mông Thục châu “Nhân nhật” tác,",自蒙蜀州人日作，
Bất ý thanh thi cửu linh lạc.,不意清詩久零落。
"Kim thần tán dật nhãn hốt khai,",今晨散帙眼忽開，
Bính lệ u ngâm sự như tạc.,迸淚幽吟事如昨。
"Ô hô tráng sĩ đa khảng khái,",嗚呼壯士多慷慨，
Hợp đạp cao danh động liêu khoác.,合沓高名動寥廓。
"Thán ngã thê thê cầu hữu thiên,",歎我悽悽求友篇，
Cảm thì uất uất khuông quân lược.,感時鬱鬱匡君略。
"Cẩm lý xuân quang không lạn mạn,",錦里春光空爛熳，
Dao trì thị thần tỵ minh mạc.,瑤墀侍臣巳冥莫。
"Tiêu Tương thuỷ quốc bàng ngoan đà,",瀟湘水國傍黿鼉，
"Hộ, Đỗ thu thiên thất điêu ngạc.",鄠杜秋天失鵰鶚。
"Đông tây nam bắc cánh thuỳ luận,",東西南北更誰論，
Bạch thủ biển chu bệnh độc tồn.,白首扁舟病獨存。
"Dao củng bắc thần triền khấu đạo,",遙拱北辰纏寇盜，
Dục khuynh đông hải tẩy càn khôn.,欲傾東海洗乾坤。
"Biên tái tây Phồn tối sung xích,",邊塞西蕃最充斥，
Y quan nam độ đa băng bôn.,衣冠南渡多崩奔。
"Cổ sắt chí kim bi đế tử,",鼓瑟至今悲帝子，
Duệ cứ hà xứ mịch vương môn.,曳裾何處覓王門。
"Văn chương Tào Thực ba lan khoát,",文章曹植波瀾闊，
Phục thực Lưu An đức nghiệp tôn.,服食劉安德業尊。
"Trường địch thuỳ năng loạn sầu tứ,",長笛誰能亂愁思，
Chiêu Châu từ hàn dữ “Chiêu hồn”.,昭州詞翰與招魂。
Khứ niên hà thời quân biệt thiếp,去年何時君別妾，
Nam viên lục thảo phi hồ điệp,南園綠草飛蝴蝶。
Kim tuế hà thời thiếp ức quân,今歲何時妾憶君，
Tây sơn bạch tuyết ám Tần vân,西山白雪暗秦雲。
Ngọc quan khứ thử tam thiên lý,玉關去此三千里，
Dục ký âm thư na khả văn ?,欲寄音書那可聞。
"Tự bình cung trung lữ Thái Nhất,",自平宮中呂太一，
Thu châu Nam Hải thiên dư nhật.,收珠南海千餘日。
"Cận cung sinh tê phỉ thuý hi,",近供生犀翡翠稀，
Phục khủng chinh nhung can qua mật.,復恐征戎干戈密。
"Man Khê hào tộc tiểu động diêu,",蠻溪豪族小動搖，
Thế phong thứ sử phi thì triều.,世封刺史非時朝。
"Bồng Lai điện tiền chư chủ tướng,",蓬萊殿前諸主將，
Tài như Phục Ba bất đắc kiêu.,才如伏波不得驕。
"Cựu tuế dĩ án tân tuế bức,",舊歲已晏新歲逼，
Sơn thành tuyết phi bắc phong liệt.,山城雪飛北風烈。
"Dao phu hà biên hành thả khốc,",徭夫河邊行且哭，
Sa hàn thuỷ băng đống thương cốt.,沙寒水冰凍傷骨。
"Trường quan khiếu hào lại trì đột,",長官叫號吏馳突，
Phủ thiếp liên thôi trúc hà tốt.,府帖連催築河卒。
"Nhất niên trưng cầu bất thiểu quyên,",一年徵求不少蠲，
Bần gia mại nam phú mại điền.,貧家賣男富賣田。
"Bạch kim túng hữu phi địa sản,",白金縱有非地產，
Nhất lạng dĩ trị thiên đồng tiễn.,一兩已值千銅錢。
"Vãng thời nhân gia hữu trừ túc,",往時人家有儲粟，
Kim tuế nhân gia phạn bất túc.,今歲人家飯不足。
"Cơ hạc phiên phi bất uý nhân,",飢鶴翻飛不畏人，
Lão nha minh táo nhật cận ốc.,老鴉鳴噪日近屋。
"Sinh nam trưởng thành tụ tỷ lân,",生男長成聚比鄰，
Sinh nữ lạc địa tư giá nhân.,生女落地思嫁人。
"Quan gia tư gia các hữu vụ,",官家私家各有務，
Bách tuế khởi chỉ liệu nhất thân?,百歲豈止療一身?
"Cận văn hồ thố diệc trưng cập,",近聞狐兔亦徵及，
Liệt võng trì tăng biến sơn vực.,列網持矰遍山域。
"Dã nhân tri điền bất tri lạp,",野人知田不知獵，
Bồng thỉ tang cung xạ bất đắc.,蓬矢桑弓射不得。
"Ta hu kim tích khởi dị tình,",嗟吁今昔豈異情，
Tích thời tân niên ca mãn thành.,昔時新年歌滿城。
"Minh triêu diệc thị tân niên đáo,",明朝亦是新年到，
Bắc xá đông lân văn khốc thanh.,北舍東鄰聞哭聲。
"Tuế vân mộ hĩ đa bắc phong,",歲雲暮矣多北風，
"Tiêu Tương, Động Đình, bạch tuyết trung.",瀟湘洞庭白雪中。
"Ngư phụ thiên hàn võng cổ đống,",漁父天寒網罟凍，
Mạc dao xạ nhạn minh tang cung.,莫徭射雁鳴桑弓。
"Khứ niên mễ quý khuyết quân thực,",去年米貴闕軍食，
Kim niên mễ tiện đại thương nông.,今年米賤大傷農。
"Cao mã đạt quan yêm tửu nhục,",高馬達官厭酒肉，
Thử bối trữ trục mao tì không.,此輩杼軸茅茨空。
"Sở nhân trọng ngư bất trọng điểu,",楚人重魚不重鳥，
Nhữ hưu uổng sát nam phi hồng.,汝休枉殺南飛鴻。
"Huống văn xứ xứ chúc nam nữ,",況聞處處鬻男女，
Cát từ nhẫn ái hoàn tô dung.,割慈忍愛還租庸。
"Vãng nhật dụng tiền tróc tư chú,",往日用錢捉私鑄，
Kim hứa diên tích hoà thanh đồng.,今許鉛錫和青銅。
"Khắc nê vi chi tối dị đắc,",刻泥為之最易得，
Hiếu ố bất hợp trường tương mông.,好惡不合長相蒙。
"Vạn quốc thành đầu xuy hoạ giác,",萬國城頭吹畫角，
Thử khúc ai oán hà thì chung.,此曲哀怨何時終。
Quân bất kiến:,君不見：
"Từ khanh nhị tử sinh tuyệt kỳ,",徐卿二子生絕奇，
Cảm ứng cát mộng tương truy tuỳ.,感應吉夢相追隨。
"Khổng Tử, Thích thị thân bão tống,",孔子釋氏親抱送，
Tịnh thị thiên thượng kỳ lân nhi.,並是天上麒麟兒。
"Đại nhi cửu linh sắc thanh triệt,",大兒九齡色清澈，
Thu thuỷ vi thần ngọc vi cốt.,秋水為神玉為骨。
"Tiểu nhi ngũ tuế khí thực Ngưu,",小兒五歲氣食牛，
Mãn đường tân khách giai hồi đầu.,滿堂賓客皆回頭。
"Ngô tri Từ công bách bất ưu,",吾知徐公百不憂，
Tích thiện cổn cổn sinh công hầu.,積善袞袞生公侯。
"Trượng phu sinh nhi hữu như thử nhị sồ giả,",丈夫生兒有如此二雛者，
Danh vị khởi khẳng ti vi hưu.,名位豈肯卑微休。
"Cuồng phong xuy cổ nguyệt,",狂風吹古月，
Thiết lộng Chương Hoa đài.,竊弄章華臺。
"Bắc Lạc minh tinh động quang thái,",北落明星動光彩，
Nam chinh mãnh tướng như vân lôi.,南征猛將如雲雷。
"Thủ trung điện duệ Ỷ Thiên kiếm,",手中電曳倚天劍，
Trực trảm trường kình hải thuỷ khai.,直斬長鯨海水開。
"Ngã kiến lâu thuyền tráng tâm mục,",我見樓船壯心目，
Pha tự Long Tương há Tam Thục.,頗似龍驤下三蜀。
"Dương binh tập chiến trương hổ kỳ,",揚兵習戰張虎旗，
Giang trung bạch lãng như ngân ốc.,江中白浪如銀屋。
"Thân hậu ngọc trướng lâm Hà Khôi,",身後玉帳臨河魁，
"Tử nhiêm nhược kích quan thôi ngôi,",紫髯若戟冠崔嵬。
"Tế Liễu khai doanh ấp thiên tử,",細柳開營揖天子，
Thuỷ tri Bá Thượng vi anh hài.,始知霸上為嬰孩。
"Khương địch hoành xuy “A đả hồi”,",羌笛橫吹阿嚲回，
Hướng nguyệt lâu trung xuy “Lạc mai”.,向月樓中吹落梅。
"Tướng quân tự khởi vũ trường kiếm,",將軍自起舞長劍，
Tráng sĩ hô thanh động cửu cai.,壯士呼聲動九垓。
"Công thành hiến khải kiến minh chủ,",功成獻凱見明主，
Đan thanh hoạ tượng kỳ lân đài.,丹青畫像麒麟臺。
"Thiên phong vạn phong đồng nhất phong,",千峰萬峰同一峰，
Phong tận tước lập vô mông nhung.,峰盡削立無蒙茸。
"Thiên tùng vạn tùng đồng nhất tùng,",千松萬松同一松，
Can tất trực thượng vô hồi dung.,干悉直上無回容。
"Nhất phong vân thanh nhất phong bạch,",一峰雲青一峰白，
Thanh thượng lung yên bạch ngưng tuyết.,青尚籠煙白凝雪。
"Nhất tùng tiêu hồng nhất tùng mặc,",一松梢紅一松墨，
Mặc dục thành lâm xích nghinh nhật.,墨欲成霖赤迎日。
"Vô phong vô tùng tùng tất kỳ,",無峰無松松必奇，
Vô tùng vô vân vân tất phi.,無松無雲雲必飛。
"Phong thế nam bắc tùng đông tê,",峰勢南北松東西，
Tùng ảnh hướng bối vân cao đê.,松影向背雲高低。
"Hữu thì nhất phong thừa nhất ốc,",有時一峰承一屋，
Ốc hạ nhất tùng nhưng phú cốc.,屋下一松仍覆谷。
"Thiên quang vân quang tứ thời lục,",天光雲光四時綠，
Phong thanh tuyền thanh nhất ngung túc.,風聲泉聲一隅足。
"Ngã nghi Hoàng Hà Hãn Hải địa mạch thông,",我疑黄河瀚海地脈通，
Hà dĩ qua bích thiên lý phi thanh thông?,何以戈壁千里非青蔥。
"Bất nhĩ địa mạch cống nhuận hợp tác Thiên Sơn tùng,",不爾地脈貢潤合作天山松，
Tùng can quái để nhất nhất trực thấu tinh thần cung.,松干怪底一一直透星辰宮。
"Hiếu kỳ cuồng khách hốt chí thử,",好奇狂客忽至此，
Đại tiếu nhất hô vong cửu tử.,大笑一呼忘九死。
"Khán phong tiền hành mã đề sử,",看峰前行馬蹄駛，
Dục đáo thanh tùng tận đầu chỉ.,欲到青松盡頭止。
"Tích văn Tương thuỷ bích như nhiễm,",昔聞湘水碧如染，
Kim văn Tương thuỷ yên chi ngân.,今聞湘水胭脂痕。
"Tương linh trang thành chiếu Tương thuỷ,",湘靈妝成照湘水，
Hạo như minh nguyệt khuy đồng vân.,皎如明月窺彤雲。
"Cao khâu tịch mịch tủng trung dạ,",高丘寂寞竦中夜，
Phương thuyên linh lạc vô dư xuân.,芳荃零落無餘春。
"Cổ hoàn dao sắt nhân bất văn,",鼓完瑤瑟人不聞，
Thái bình thành tượng doanh thu môn.,太平成象盈秋門。
"Quân trúc thiên niên lão bất tử,",筠竹千年老不死，
Trường bạn Tần Nga cái Tương thuỷ.,長伴秦娥蓋湘水。
"Man nương ngâm lộng mãn hàn không,",蠻娘吟弄滿寒空，
Cửu sơn tĩnh lục lệ hoa hồng.,九山靜綠淚花紅。
"Ly loan biệt phượng yên Ngô trung,",離鸞別鳳煙梧中，
Vu vân Thục vũ dao tương thông.,巫雲蜀雨遙相通。
"U sầu thu khí thượng thanh phong,",幽愁秋氣上青楓，
Lương dạ ba gian ngâm cổ long.,涼夜波間吟古龍。
"Ngã hành nhập Đông Xuyên,",我行入東川，
Thập bộ nhất hồi thủ.,十步一回首。
"Thành Đô loạn bãi, khí tiêu táp,",成都亂罷氣蕭颯，
Hoán Hoa thảo đường diệc hà hữu.,浣花草堂亦何有。
"Tử trung hào tuấn đại giả thuỳ,",梓中豪俊大者誰，
Bản châu tùng sự tri danh cửu.,本州從事知名久。
"Bả tí khai tôn ẩm ngã tửu,",把臂開尊飲我酒，
Tửu hàm kích kiếm giao long hú.,酒酣擊劍蛟龍吼。
"Ô mạo phất trần thanh loa túc,",烏帽拂塵青螺粟，
Tử y tương chá phi y tẩu.,紫衣將炙緋衣走。
"Đồng bàn thiêu lạp quang thổ nhật,",銅盤燒蠟光吐日，
Dạ như hà kỳ sơ xúc tất.,夜如何其初促膝。
"Hoàng hôn thuỷ khấu chủ nhân môn,",黃昏始扣主人門，
Thuỳ vị nga khoảnh giao tại tất.,誰謂俄頃膠在漆。
"Vạn sự tận phó hình hài ngoại,",萬事盡付形骸外，
Bách niên vị kiến hoan ngu tất.,百年未見歡娛畢。
"Thần khuynh ý khoát chân giai sĩ,",神傾意豁真佳士，
Cửu khách đa ưu kim dũ tật.,久客多憂今愈疾。
"Cao thị càn khôn hựu khả sầu,",高視乾坤又可愁，
Nhất khu giao thái đồng du du.,一軀交態同悠悠。
"Thuỳ lão ngộ quân vị hận vãn,",垂老遇君未恨晚，
Tự quân tu hướng cổ nhân cầu.,似君須向古人求。
"Thương sơn dao dao giang lân lân,",蒼山遙遙江潾潾，
Lộ bàng lão tận một nhàn nhân.,路傍老盡沒閒人。
"Vương Tôn bất kiến thảo không lục,",王孫不見草空綠，
Trù trướng độ đầu xuân phục xuân.,惆悵渡頭春復春。
"Yên sầu vũ tế vân minh minh,",煙愁雨細雲冥冥，
Đỗ Lan Hương lão Tam Tương thanh.,杜蘭香老三湘清。
"Cố sơn vọng đoạn bất tri xứ,",故山望斷不知處，
Đề quyết cách hoa thời nhất thanh.,鶗鴂隔花時一聲。
"Cao lâu trùng trùng bế minh nguyệt,",高樓重重閉明月，
Trường đoạn tiên lang cách niên biệt.,腸斷仙郎隔年別。
"Tử tiêu hoành địch tịch vô thanh,",紫簫橫笛寂無聲，
Độc hướng dao song toạ sầu tuyệt.,獨向瑤窗坐愁絕。
"Ngư trầm nhạn diểu thiên nhai lộ,",魚沈雁杳天涯路，
Thuỷ tín nhân gian biệt ly khổ.,始信人間別離苦。
"Hận mãn nha sàng phí thuý khâm,",恨滿牙床翡翠衾，
Oán chiết kim thoa phụng hoàng cổ.,怨折金釵鳳凰股。
"Tỉnh thâm lộc lư ta cảnh đoản,",井深轆轤嗟綆短，
Y đới tương tư nhật ưng hoãn.,衣帶相思日應緩。
"Tương đao chước thuỷ, thuỷ phục liên,",將刀斫水水復連，
Huy nhẫn cát tình tình bất đoạn.,揮刃割情情不斷。
"Lạc hồng loạn trục đông lưu thuỷ,",落紅亂逐東流水，
Nhất điểm phương tâm vị quân tử.,一點芳心為君死。
"Thiếp thân nguyện tác Vu Sơn vân,",妾身願作巫山雲，
Phi nhập tiên lang mộng hồn lý.,飛入仙郎夢魂裏。
"Ngã sở tư hề tại Thái Sơn,",我所思兮在太山，
Dục vãng tòng chi Lương Phủ gian.,欲往從之梁父艱。
Trắc thân đông vọng thế triêm hàn.,側身東望涕沾翰。
"Mỹ nhân tặng ngã kim thác đao,",美人贈我金錯刀，
Hà dĩ báo chi anh quỳnh dao.,何以報之英瓊瑤。
"Lộ viễn mạc trí y thông dao,",路遠莫致倚通遙，
Hà vị hoài ưu tâm phiền lao?,何為懷懮心煩勞？
"Ngã sở tư hề tại Quế Lâm,",我所思兮在桂林，
Dục vãng tòng chi Tương thuỷ thâm.,欲往從之湘水深。
Trắc thân nam vọng thế triêm khâm.,側身南望涕沾襟。
"Mỹ nhân tặng ngã kim lang can,",美人贈我金琅玕，
Hà dĩ báo chi song ngọc bàn.,何以報之雙玉盤。
"Lộ viễn mạc trí y điều trướng,",路遠莫致倚調悵，
Hà vị hoài ưu tâm phiền thương?,何為懷懮心煩傷？
"Ngã sở tư hề tại Hán Dương,",我所思兮在漢陽，
Dục vãng tòng chi Lũng phản trường.,欲往從之隴阪長。
Trắc thân tây vọng thế triêm thường.,側身西望涕沾裳。
"Mỹ nhân tặng ngã điêu xiêm du,",美人贈我貂襜榆，
Hà dĩ báo chi minh nguyệt châu.,何以報之明月珠。
"Lộ viễn mạc trí y trì trù,",路遠莫致倚踟躊，
Hà vị hoài ưu tâm phiền tiêm?,何為懷懮心煩纖？
"Ngã sở tư hề tại Nhạn Môn,",我所思兮在鴈門，
Dục vãng tòng chi tuyết phân phân.,欲往從之雪紛紛。
Trắc thân bắc vọng thế triêm cân.,側身北望涕沾巾。
"Mỹ nhân tặng ngã cẩm tú đoạn,",美人贈我錦繡段，
Hà dĩ báo chi thanh ngọc án.,何以報之青玉案。
"Lộ viễn mạc trí y tăng thán,",路遠莫致倚增嘆，
Hà vị hoài ưu tâm phiền uyển?,何為懷懮心煩惋？
"Thuỷ bích sơn minh Ngô Hạ xuân,",水碧山明吳下春，
Tam niên khế khoát hỉ tương thân.,三年契闊喜相親。
"Ngọc hoàng án lại kim yên khách,",玉皇案吏今煙客，
Thiên tử môn sinh canh cố nhân.,天子門生更故人。
"Biệt hậu thi tài kinh tế kiểm,",別後詩裁經細檢。
Đương tiền dân mạc thính tần trần.,當前民瘼聽頻陳。
"Lão lai để việt tinh thần kiện,",老來底越精神健，
Kiếp ngoại thai cầm tuyết lý quân.,劫外胎禽雪裏筠。
"Bảo lư bát hoả ngân bình tiểu,",寶爐撥火銀瓶小，
Nhất bôi La Phù phá thanh hiểu.,一杯羅浮破清曉。
"Tuyết tương lãnh ý thấu sơ thiềm,",雪將冷意透疎簷，
Phong đệ khinh băng lạc hàn chiểu.,風遞輕冰落寒沼。
"Mỹ nhân kim trướng yểm lưu tô,",美人金帳掩流蘇，
Chỉ hộ vân song phiến phiến hồ.,紙護雲窗片片糊。
"Ám lý vãn hồi xuân thế giới,",暗裏挽回春世界，
Nhất châu phương tín tiểu sơn cô.,一株芳信小山孤。
"Phong xuy liễu hoa hồng phiến phiến,",風吹柳花紅片片，
Giai nhân nhàn đả thu thiên viện.,佳人閒打鞦韆院。
"Thương xuân bối lập nhất hoàng oanh,",傷春背立一黄鶯，
Tích cảnh ai đề song tử yến.,惜景哀啼雙紫燕。
"Đình châm vô ngữ thuý my đê,",停針無語翠眉低，
Quyện ỷ sa song mộng dục mê.,倦倚紗窗夢欲迷。
"Khước quái quyển liêm nhân hoán khởi,",却怪捲簾人喚起，
Hương hồn chung bất đáo Liêu Tê.,香魂終不到遼西。
"Thanh thương phù không trừng tế cảnh,",清商浮空澄霽景，
Sương tín dao tương cô nhạn ảnh.,霜信遙將孤鴈影。
"Thập trượng liên tàn ngọc tỉnh hương,",十丈蓮殘玉井香，
Tam canh phong lạc Ngô giang lãnh.,三更風落吳江冷。
"Phi huỳnh dạ độ bích lan can,",飛螢夜度碧闌干，
Y bạc nan câm tiễn tiễn hàn.,衣薄難禁剪剪寒。
"Thanh đoạn động tiêu ngưng lập cửu,",聲斷洞簫凝立久，
Dao Đài hà xứ mịch tham loan.,瑤臺何處覓驂鸞。
"Sơ tình huân nhân thiên tự tuý,",初晴薰人天似醉，
Diễm dương lâu đài phù noãn khí.,艷陽樓臺浮暖氣。
"Cách liêm liễu nhứ độ oanh thoa,",隔簾柳絮度鶯梭，
Nhiễu hạm hoa tu xuyên điệp sí.,繞檻花鬚穿蝶翅。
"Giai tiền hồng tuyến nhật thiêm trường,",階前紅線日添長，
Phấn hạn vi vi sấm lục thường.,粉汗微微沁綠裳。
"Tiểu tử bất tri xuân tứ khổ,",小子不知春思苦，
Khuynh thân hàm tiếu quá nha sàng.,傾身含笑過牙牀。
"Lục Cơ nhị thập tác văn phú,",陸機二十作文賦，
Nhữ cánh tiểu niên năng chuế văn.,汝更小年能綴文。
"Tổng giác thảo thư hựu thần tốc,",總角草書又神速，
Thế thượng nhi tử đồ phân phân.,世上兒子徒紛紛。
"Hoa lưu tác câu dĩ hãn huyết,",驊騮作駒已汗血，
Chí điểu cử cách liên thanh vân.,鷙鳥舉翮連青雲。
"Từ nguyên đảo lưu Tam Giáp thuỷ,",詞源倒流三峽水，
Bút trận độc tảo thiên nhân quân.,筆陣獨埽千人軍。
"Chỉ kim niên tài thập lục thất,",只今年才十六七，
Xạ sách quân môn kỳ đệ nhất.,射策軍門期第一。
"Cựu xuyên dương diệp chân tự tri,",舊穿楊葉真自知，
Tạm quyết sương đề vị vi thất.,暫蹶霜蹄未為失。
"Ngẫu nhiên trạc tú phi nan thủ,",偶然擢秀非難取，
Hội thị bài phong hữu mao chất.,會是排風有毛質。
"Nhữ thân dĩ kiến thoá thành châu,",汝身已見唾成珠，
Nhữ bá hà do phát như tất.,汝伯何由發如漆。
"Xuân quang đạm đà Tần Đông đình,",春光澹沱秦東亭，
Chử bồ nha bạch thuỷ hạnh thanh.,渚蒲牙白水荇青。
"Phong xuy khách y nhật cảo cảo,",風吹客衣日杲杲，
Thụ giảo ly tư hoa minh minh.,樹攪離思花冥冥。
"Tửu tận sa đầu song ngọc bình,",酒盡沙頭雙玉瓶，
Chúng tân giai tuý ngã độc tỉnh.,眾賓皆醉我獨醒。
"Nãi tri bần tiện biệt cánh khổ,",乃知貧賤別更苦，
Thôn thanh trịch trục thế lệ linh.,吞聲躑躅涕淚零。
"Thần tiên trung nhân bất dị đắc,",神仙中人不易得，
Nhan thị chi tử tài cô tiêu.,顏氏之子才孤標。
"Thiên mã trường minh đãi giá ngự,",天馬長鳴待駕馭，
Thu ưng chỉnh cách đương vân tiêu.,秋鷹整翮當雲霄。
"Quân bất kiến Đông Ngô Cố văn học,",君不見東吳顧文學，
Quân bất kiến Tây Hán Đỗ Lăng lão.,君不見西漢杜陵老。
"Thi gia bút thế quân bất hiềm,",詩家筆勢君不嫌，
Từ hàn thăng đường vị quân tảo.,詞翰升堂為君掃。
"Thị nhật sương phong đống thất trạch,",是日霜風凍七澤，
Ô Man lạc chiếu hàm xích bích.,烏蠻落照銜赤壁。
"Tửu hàm nhĩ nhiệt vong đầu bạch,",酒酣耳熱忘頭白，
"Cảm quân ý khí vô sở tích,",感君意氣無所惜，
Nhất vi ca hành ca chủ khách.,一為歌行歌主客。
"Dư Hàng ấp khách đa ky bần,",餘杭邑客多羈貧，
Kỳ gian thậm giả Tiêu dữ Ân.,其間甚者蕭與殷。
"Thiên hàn thân thượng do y cát,",天寒身上猶衣葛，
Nhật cao tắng trung vị phất trần.,日高甑中未拂塵。
"Giang Thành sơn tự thập nhất nguyệt,",江城山寺十一月，
Bắc phong xuy sa tuyết phân phân.,北風吹沙雪紛紛。
"Tân khách bất kiến đề bào huệ,",賓客不見綈袍惠，
Lê thứ vị triêm nhu khố ân.,黎庶未沾襦褲恩。
"Thử thì thái thú tự tàm quý,",此時太守自慚愧，
Trùng y phức khâm hữu dư ôn.,重衣複衾有餘溫。
"Nhân mệnh nhiễm nhân dữ châm nữ,",因命染人與針女，
Tiên chế lưỡng cừu tặng nhị quân.,先制兩裘贈二君。
"Ngô miên tế nhuyễn quế bố mật,",吳綿細軟桂布密，
Nhu như hồ dịch bạch tự vân.,柔如狐腋白似雲。
"Lao tương thi thư đầu tặng ngã,",勞將詩書投贈我，
Như thử tiểu huệ hà túc luận.,如此小惠何足論。
"Ngã hữu đại cừu quân vị kiến,",我有大裘君未見，
Khoan quảng hoà noãn như dương xuân.,寬廣和暖如陽春。
"Thử cừu phi tăng diệc phi khoáng,",此裘非繒亦非纊，
Tài dĩ pháp độ nhứ dĩ nhân.,裁以法度絮以仁。
"Đao xích độn chuyết chế vị tất,",刀尺鈍拙制未畢，
Xuất diệc bất độc khoả nhất thân.,出亦不獨裹一身。
"Nhược linh tại quận đắc ngũ khảo,",若令在郡得五考，
Dữ quân triển phúc Hàng Châu nhân.,與君展覆杭州人。
"Ta hồ nhân sinh kỷ đa tâm,",嗟乎人生幾多心，
Duy hữu nhất tâm sầu vạn tự.,惟有一心愁萬緒。
"Như dục thử tâm vô câu luyến,",如欲此心無拘攣，
Trừ thị yêm yêm chung nhật tuý.,除是厭厭終日醉。
Quân bất kiến:,君不見：
Thiên thiên hữu tửu Đào Uyên Minh.,篇篇有酒陶淵明，
Tống triều phú quý bất năng luỵ.,宋朝富貴不能累。
"Nguyên Gia tử cập Đàn tướng quân,",元嘉死及檀將軍，
Uyên Minh Nghĩa Hy thư giáp tý.,淵明義熙書甲子。
Hựu bất kiến:,又不見：
"Sa đà tận nhật Lý Thanh Liên,",蹉跎盡日李青蓮，
Phong lưu thiên tử phù bất khỉ.,風流天子扶不起。
"Thiên Bảo tử cập Dương Quý Phi,",天寶死及楊貴妃，
Thanh Liên kỵ kình du nhiên thệ.,青蓮騎鯨悠然逝。
"Tửu thần nguyên bất phụ ngô nhân,",酒神原不負吾人，
Khuyến quân thả chước dưỡng hạo khí.,勸君且酌養浩氣。
"Nhân đạo càn khôn trường bất lão,",人道乾坤長不老，
Hoặc vị thuấn tức duy càn khôn.,或謂瞬息惟乾坤。
"Bạch y thương cẩu khoảnh khắc dị,",白衣蒼狗頃刻異，
Thương hải tang điền biến cố phồn.,滄海桑田變故繁。
"Nhân đạo nhật nguyệt trường vô cùng,",人道日月長無窮，
Ngã vị thúc hốt duy nhật nguyệt.,我謂倏忽惟日月。
"Chu thập nhị thần thăng hựu trầm,",周十二辰升又沉，
Kinh tam ngũ hậu doanh phục khuyết.,經三五候盈復缺。
"Nhân đạo nhân sinh như phù du,",人道人生如蜉蝣，
Ngã vị phù du nãi chí thọ.,我謂蜉蝣乃至壽。
"Phù du ký sinh bàng bạc gian,",蜉蝣寄生磅礡間，
Vi khu thảng dương cánh triêu mộ.,微軀徜徉竟朝暮。
"Triêu mộ chi gian biến thái đa,",朝暮之間變態多，
Càn khôn nhật nguyệt tằng kỷ hà.,乾坤日月曾幾何。
"Phàm vật hữu hình đô hữu hoại,",凡物有形都有壊，
Bách niên chỉ thị khích câu qua.,百年只是隙駒過。
"Bất tu khổ tiết bất khả trinh,",不須苦節不可貞，
Khổ tiết hà tằng trường bất tử.,苦節何曾長不死。
"Thiên hạ hà lự phục hà tư,",天下何慮復何思，
Yếu chi nhân sinh quý thích chí.,要之人生貴適志。
"Sinh bình ngô chí như hoạch thân,",生平吾志如獲伸，
Thị phi thử ngoại thế vô nhân.,是非此外世無人。
"Vô khả diệc vô vô bất khả,",無可亦無無不可，
Tính bất tự tri nhân thị thân.,併不自知人是身。
"Dục tiếu tiện tiếu, ngôn tiện ngôn,",欲笑便笑言便言，
"Dục ca tiện ca, khốc tiện khốc.",欲歌便歌哭便哭。
"Không không như dã xích tử tâm,",空空如也赤子心，
Thử tâm bất vi thằng mặc thúc.,此心不為繩墨束。
"Bàng nhân bất thức tiếu ngã điên,",旁人不識笑我癲，
Tự ngã thiên quân độc thái nhiên.,自我天君獨泰然。
"Minh nhật cánh hướng bàng nhân ngữ,",明日更向旁人語，
"Nhĩ đích trần ai, ngã đích tiên.",爾的塵埃我的僊。
"Phủ dã chư hầu lão tân khách,",甫也諸侯老賓客，
Bãi tửu hàm ca thác kim kích.,罷酒酣歌拓金戟。
"Kỵ mã hốt ức thiếu niên thời,",騎馬忽憶少年時，
Tán đề bính lạc Cù Đường thạch.,散蹄迸落瞿塘石。
"Bạch Đế thành môn thuỷ vân ngoại,",白帝城門水雲外，
Đê thân trực hạ bát thiên xích.,低身直下八千尺。
"Phấn điệp điện chuyển tử du cương,",粉堞電轉紫遊韁，
Đông đắc bình cương xuất thiên bích.,東得平岡出天壁。
"Giang thôn dã đường tranh nhập nhãn,",江村野堂爭入眼，
Thuỳ tiên đả khống lăng tử mạch.,垂鞭嚲鞚淩紫陌。
"Hướng lai hạo thủ kinh vạn nhân,",向來皓首驚萬人，
Tự ỷ hồng nhan năng kỵ dịch.,自倚紅顏能騎射。
"An tri quyết ức truy phong túc,",安知決臆追風足，
Chu hãn tham đàm do phún ngọc.,朱汗驂驔猶噴玉。
"Bất ngu nhất quyết chung tổn thương,",不虞一蹶終損傷，
Nhân sinh khoái ý đa sở nhục.,人生快意多所辱。
"Chức đương ưu thích phục khâm chẩm,",職當憂戚伏衾枕，
Huống nãi trì mộ gia phiền xúc.,況乃遲暮加煩促。
"Bằng tri lai vấn thiển ngã nhan,",朋知來問腆我顏，
Trượng lê cường khởi y đồng bộc.,杖藜強起依僮僕。
"Ngữ tận hoàn thành khai khẩu tiếu,",語盡還成開口笑，
Đề huề biệt tảo thanh khê khúc.,提攜別掃清溪曲。
"Tửu nhục như san hựu nhất thời,",酒肉如山又一時，
Sơ diên ai ti động hào trúc.,初筵哀絲動豪竹。
"Cộng chỉ tây nhật bất tương thải,",共指西日不相貸，
Huyên hô thả phúc bôi trung lục.,喧呼且覆杯中淥。
"Hà tất tẩu mã bất vị thân,",何必走馬不為身，
Quân bất kiến:,君不見：
Kê Khang dưỡng sinh tao sát lục.,嵇康養生遭殺戮。
"Tầm Dương giang đầu dạ tống khách,",潯陽江頭夜送客，
Phong diệp địch hoa thu sắt sắt.,楓葉荻花秋瑟瑟。
"Chủ nhân há mã khách tại thuyền,",主人下馬客在船，
Cử tửu dục ẩm vô quản huyền.,舉酒欲飲無管弦。
"Tuý bất thành hoan thảm tương biệt,",醉不成歡慘將別，
Biệt thời mang mang giang tẩm nguyệt.,別時茫茫江浸月。
"Hốt văn thuỷ thượng tỳ bà thanh,",忽聞水上琵琶聲，
Chủ nhân vong quy khách bất phát.,主人忘歸客不發。
"Tầm thanh âm vấn đàn giả thuỳ,",尋聲暗問彈者誰，
Tỳ bà thanh đình dục ngữ trì.,琵琶聲停欲語遲。
"Di thuyền tương cận yêu tương kiến,",移船相近邀相見，
Thiêm tửu hồi đăng trùng khai yến.,添酒回燈重開宴。
"Thiên hô vạn hoán thuỷ xuất lai,",千呼萬喚始出來，
Do bão tỳ bà bán già diện.,猶抱琵琶半遮面。
"Chuyển trục bát huyền tam lưỡng thanh,",轉軸撥弦三兩聲，
Vị thành khúc điệu tiên hữu tình.,未成曲調先有情。
"Huyền huyền yểm ức thanh thanh tứ,",弦弦掩抑聲聲思，
Tự tố sinh bình bất đắc chí.,似訴生平不得志。
"Đê mi tín thủ tục tục đàn,",低眉信手續續彈，
Thuyết tận tâm trung vô hạn sự.,說盡心中無限事。
"Khinh lung mạn nhiên mạt phục khiêu,",輕攏慢撚抹復挑，
Sơ vi Nghê thường hậu Lục yêu.,初為霓裳後六么。
"Đại huyền tào tào như cấp vũ,",大弦嘈嘈如急雨，
Tiểu huyền thiết thiết như tư ngữ.,小弦切切如私語。
"Tào tào thiết thiết thác tạp đàn,",嘈嘈切切錯雜彈，
Đại châu tiểu châu lạc ngọc bàn.,大珠小珠落玉盤。
"Gian quan oanh ngữ hoa để hoạt,",閒關鶯語花底滑，
U yết lưu cảnh thuỷ hạ than.,幽咽流景水下灘。
"Thuỷ tuyền lãnh sáp huyền ngưng tuyệt,",水泉冷澀弦凝絕，
Ngưng tuyệt bất thông thanh tiệm yết.,凝絕不通聲漸歇。
"Biệt hữu u sầu ám hận sinh,",別有幽愁暗恨生，
Thử thời vô thanh thắng hữu thanh.,此時無聲勝有聲。
"Ngân bình sạ phá thuỷ tương bính,",銀瓶乍破水漿迸，
Thiết kỵ đột xuất đao thương minh.,鐵騎突出刀鎗鳴。
"Khúc chung thu bát đương tâm hoạch,",曲終收撥當心畫，
Tứ huyền nhất thanh như liệt bạch.,四弦一聲如裂帛。
"Đông thuyền tây phảng tiễu vô ngôn,",東船西舫悄無言，
Duy kiến giang tâm thu nguyệt bạch.,惟見江心秋月白。
"Trầm ngâm phóng bát sáp huyền trung,",沈吟放撥插弦中，
Chỉnh đốn y thường khởi liễm dung.,整頓衣裳起斂容。
"Tự ngôn bản thị kinh thành nữ,",自言本是京城女，
Gia tại Hà Mô lăng hạ trú.,家在蝦蟆陵下住。
"Thập tam học đắc tỳ bà thành,",十三學得琵琶成，
Danh thuộc giáo phường đệ nhất bộ.,名屬教坊第一部。
"Khúc bãi tằng giao thiện tài phục,",曲罷曾教善才服，
Trang thành mỗi bị Thu Nương đố.,妝成每被秋娘妒。
"Ngũ Lăng niên thiếu tranh triền đầu,",五陵年少爭纏頭，
Nhất khúc hồng tiêu bất tri số.,一曲紅綃不知數。
"Điền đầu ngân tị kích tiết toái,",鈿頭銀篦擊節碎，
Huyết sắc la quần phiên tửu ố.,血色羅裙翻酒污。
"Kim niên hoan tiếu phục minh niên,",今年歡笑復明年，
Thu nguyệt xuân phong đẳng nhàn độ.,秋月春風等閒度。
"Đệ tẩu tòng quân a di tử,",弟走從軍阿姨死，
Mộ khứ triêu lai nhan sắc cố.,暮去朝來顏色故。
"Môn tiền lãnh lạc xa mã hy,",門前冷落車馬稀，
Lão đại giá tác thương nhân phụ.,老大嫁作商人婦。
"Thương nhân trọng lợi khinh biệt ly,",商人重利輕別離，
Tiền nguyệt Phù Lương mãi trà khứ.,前月浮梁買茶去。
"Khứ lai giang khẩu thủ không thuyền,",去來江口守空船，
Nhiễu thuyền nguyệt minh giang thuỷ hàn.,繞船月明江水寒。
"Dạ thâm hốt mộng thiếu niên sự,",夜深忽夢少年事，
Mộng đề trang lệ hồng lan can.,夢啼妝淚紅闌干。
"Ngã văn tỳ bà dĩ thán tức,",我聞琵琶已歎息，
Hựu văn thử ngữ trùng tức tức.,又聞此語重唧唧。
"Đồng thị thiên nhai luân lạc nhân,",同是天涯淪落人，
Tương phùng hà tất tằng tương thức.,相逢何必曾相識。
"Ngã tòng khứ niên từ đế kinh,",我從去年辭帝京，
Trích cư ngoạ bệnh Tầm Dương thành.,謫居臥病潯陽城。
"Tầm Dương địa tích vô âm nhạc,",潯陽地僻無音樂，
Chung tuế bất văn ty trúc thanh.,終歲不聞絲竹聲。
"Trú cận Bồn giang địa đê thấp,",住近湓江地低濕，
Hoàng lô khổ trúc nhiễu trạch sinh.,黃蘆苦竹繞宅生。
"Kỳ gian đán mộ văn hà vật,",其間旦暮聞何物，
Đỗ quyên đề huyết viên ai minh.,杜鵑啼血猿哀鳴。
"Xuân giang hoa triêu thu nguyệt dạ,",春江花朝秋月夜，
Vãng vãng thủ tửu hoàn độc khuynh.,往往取酒還獨傾。
"Khởi vô sơn ca dữ thôn địch,",豈無山歌與村笛，
Âu á trào triết nan vi thính.,嘔啞嘲哳難為聽。
"Kim dạ văn quân tỳ bà ngữ,",今夜聞君琵琶語，
Như thính tiên nhạc nhĩ tạm minh.,如聽仙樂耳暫明。
"Mạc từ cánh toạ đàn nhất khúc,",莫辭更坐彈一曲，
Vị quân phiên tác Tỳ bà hành.,為君翻作琵琶行。
"Cảm ngã thử ngôn lương cửu lập,",感我此言良久立，
Khước toạ xúc huyền huyền chuyển cấp.,卻坐促弦弦轉急。
"Thê thê bất tự hướng tiền thanh,",淒淒不似向前聲，
Mãn toạ trùng văn giai yểm khấp.,滿座重聞皆掩泣。
"Toạ trung khấp hạ thuỳ tối đa,",座中泣下誰最多，
Giang Châu tư mã thanh sam thấp.,江州司馬青衫濕。
"Ức tích Lạc Dương Đổng Tao khâu,",憶昔洛陽董糟丘，
Vị dư Thiên Tân kiều nam tạo tửu lâu.,為余天津橋南造酒樓。
"Hoàng kim bạch bích mãi ca tiếu,",黃金白璧買歌笑，
Nhất tuý luy nguyệt khinh vương hầu.,一醉累月輕王侯。
"Hải nội hiền hào thanh vân khách,",海內賢豪青雲客，
Tựu trung dữ quân tâm mạc nghịch.,就中與君心莫逆。
"Hồi sơn chuyển hải bất tác nan,",回山轉海不作難，
Khuynh tình đảo ý vô sở tích.,傾情倒意無所惜。
"Ngã hướng Hoài Nam phan quế chi,",我向淮南攀桂枝，
Quân lưu Lạc bắc sầu mộng tư.,君留洛北愁夢思。
"Bất nhẫn biệt,",不忍別，
Hoàn tương tuỳ.,還相隨，
"Tương tuỳ điều điều phỏng tiên thành,",相隨迢迢訪仙城。
Tam thập lục khúc thuỷ hồi oanh.,三十六曲水迴縈，
"Nhất khê sơ nhập thiên hoa minh,",一溪初入千花明。
Vạn hác độ tận tùng phong thanh.,萬壑度盡松風聲，
"Ngân an kim lạc đáo bình địa,",銀鞍金絡倒平地，
Hán Đông thái thú lai tương nghênh.,漢東太守來相迎。
"Tử Dương chi chân nhân,",紫陽之真人，
Yêu ngã xuy ngọc sanh.,邀我吹玉笙。
"Xan Hà lâu thượng động tiên nhạc,",餐霞樓上動仙樂，
Tào nhiên uyển tự loan phượng minh.,嘈然宛似鸞鳳鳴。
"Tụ trường quản thôi dục khinh cử,",袖長管催欲輕舉，
Hán Đông thái thú tuý khởi vũ.,漢東太守醉起舞。
"Thủ trì cẩm bào phú ngã thân,",手持錦袍覆我身，
Ngã tuý hoành miên chẩm kỳ cổ.,我醉橫眠枕其股。
"Đương diên ý khí lăng cửu tiêu,",當筵意氣凌九霄，
"Tinh ly vũ tán bất chung triêu,",星離雨散不終朝，
Phân phi Sở quan sơn thuỷ diêu.,分飛楚關山水遙。
"Dư ký hoàn sơn tầm cố sào,",余既還山尋故巢，
Quân diệc quy gia độ Vị kiều.,君亦歸家渡渭橋。
"Quân gia nghiêm quân dũng tì hổ,",君家嚴君勇貔虎，
Tác duẫn Tinh Châu át Nhung lỗ.,作尹并州遏戎虜。
"Ngũ nguyệt tương hô độ Thái Hàng,",五月相呼度太行，
Thôi luân bất đạo dương trường khổ.,摧輪不道羊腸苦。
"Hành lai bắc lương tuế nguyệt thâm,",行來北凉歲月深，
Cảm quân quý nghĩa khinh hoàng câm.,感君貴義輕黃金。
"Quỳnh bôi ỷ thực thanh ngọc án,",瓊杯綺食青玉案，
Sử ngã tuý bão vô quy tâm.,使我醉飽無歸心。
"Thời thời xuất hướng thành tây khúc,",時時出向城西曲，
Tấn từ lưu thuỷ như bích ngọc.,晉祠流水如碧玉。
"Phù chu lộng thuỷ tiêu cổ minh,",浮舟弄水簫鼓鳴，
Vi ba long lân ta thảo lục.,微波龍鱗莎草綠。
"Hứng lai huề kĩ tứ kinh qua,",興來攜妓恣經過，
Kỳ nhược dương hoa tự tuyết hà!,其若楊花似雪何。
"Hồng trang dục tuý nghi tà nhật,",紅妝欲醉宜斜日，
Bách xích thanh đàm tả thuý nga.,百尺清潭寫翠娥。
"Thuý nga thiền quyên sơ nguyệt huy,",翠娥嬋娟初月輝，
Mỹ nhân cánh xướng vũ la y.,美人更唱舞羅衣。
"Thanh phong xuy ca nhập không khứ,",清風吹歌入空去，
Ca khúc tự nhiễu hành vân phi.,歌曲自繞行雲飛。
Thử thời hành lạc nan tái ngộ.,此時行樂難再遇，
Tây du nhân hiến “Trường dương phú”.,西遊因獻長楊賦。
"Bắc khuyết thanh vân bất khả kỳ,",北闕青雲不可期，
Đông sơn bạch thủ hoàn quy khứ.,東山白首還歸去。
"Vị kiều nam đầu nhất ngộ quân,",渭橋南頭一遇君，
Tán đài chi bắc hựu ly quần.,酇臺之北又離群。
"Vấn dư biệt hận tri đa thiểu,",問余別恨知多少，
Lạc hoa xuân mộ tranh phân phân.,落花春暮爭紛紛。
"Ngôn diệc bất khả tận,",言亦不可盡，
Tình diệc bất khả cực.,情亦不可極。
"Hô nhi trường quỵ giam thử từ,",呼兒長跪緘此辭，
Ký quân thiên lý dao tương ức.,寄君千里遙相憶。
"Ức tích bắc tầm tiểu hữu động,",憶昔北尋小有洞，
Hồng hà nộ đào quá khinh khả.,洪河怒濤過輕舸。
"Tân cần bất kiến Hoa Cái quân,",辛勤不見華蓋君，
Cấn sầm thanh huy thảm ma ma.,艮岑青輝慘麼麼。
"Thiên nhai vô nhân vạn hác tĩnh,",千崖無人萬壑靜，
Tam bộ hồi đầu ngũ bộ toạ.,三步回頭五步坐。
"Thu sơn nhãn lãnh hồn vị quy,",秋山眼冷魂未歸，
Tiên thưởng tâm vi lệ giao đoạ.,仙賞心違淚交墮。
"Đệ tử thuỳ y bạch mao thất,",弟子誰依白茅室，
Lư lão độc khởi thanh đồng toả.,盧老獨啟青銅鎖。
"Cân phất hương dư đảo dược trần,",巾拂香餘擣葯塵，
Giai trừ hôi tử thiêu đơn hoả.,階除灰死燒丹火。
"Huyền Phố, Thương Châu mãng không khoát,",懸圃滄洲莽空闊，
Kim tiết vũ y phiêu a na.,金節羽衣飄婀娜。
"Lạc nhật sơ hà siểm dư ánh,",落日初霞閃餘映，
Thúc hốt đông tây vô bất khả.,倏忽東西無不可。
"Tùng phong giản thuỷ thanh hợp thì,",松風澗水聲合時，
Thanh huỷ hoàng hùng đề hướng ngã.,青兕黃熊啼向我。
"Đồ nhiên tư ta phủ di tích,",徒然咨嗟撫遺蹟，
Chí kim mộng tưởng nhưng do tá.,至今夢想仍猶佐。
"Bí quyết ẩn văn tu nội giáo,",秘訣隱文須內教，
Vãn tuế hà công sứ nguyện quả.,晚歲何功使願果。
"Cánh thảo Hành Dương Đổng luyện sư,",更討衡陽董煉師，
Nam phù tảo cổ Tiêu Tương đà.,南浮早鼓瀟湘柁。
"Ức tích tiên hoàng tuần sóc phương,",憶昔先皇巡朔方，
Thiên thặng vạn kỵ nhập Hàm Dương.,千乘萬騎入咸陽。
"Âm Sơn kiêu tử hãn huyết mã,",陰山驕子汗血馬，
"Trường khu đông hồ, Hồ tẩu tàng.",長驅東胡胡走藏。
"Nghiệp Thành phản phúc bất túc quái,",鄴城反復不足怪，
Quan Trung tiểu nhi hoại kỷ cương.,關中小兒壞紀綱，
"Trương hậu bất lạc, thượng vi mang.",張后不樂上為忙。
"Chí kim, kim thượng do bát loạn,",至今今上猶撥亂，
Lao thân tiều tứ bổ tứ phương.,勞身焦思補四方。
"Ngã tích cận thị thao phụng dẫn,",我昔近侍叨奉引，
Xuất binh chỉnh túc bất khả đương.,出兵整肅不可當。
"Vi lưu mãnh sĩ thủ Vị Ương,",為留猛士守未央，
"Trí sứ Kỳ, Ung phòng Tây Khương.",致使岐雍防西羌。
"Khuyển Nhung trực lai toạ ngự sàng,",犬戎直來坐禦床，
Bách quan tiển túc tuỳ thiên vương.,百官跣足隨天王。
"Nguyện kiến bắc địa Phó Giới Tử,",願見北地傅介子，
Lão nho bất dụng thượng thư lang.,老儒不用尚書郎。
"Ức tích Khai Nguyên toàn thịnh nhật,",憶昔開元全盛日，
Tiểu ấp do tàng vạn gia thất.,小邑猶藏萬家室。
"Đạo mễ lưu chỉ, túc mễ bạch,",稻米流脂粟米白，
Công tư thương lẫm câu phong thật.,公私倉廩俱豐實。
"Cửu châu đạo lộ vô sài hổ,",九州道路無豺虎，
Viễn hành bất lao cát nhật xuất.,遠行不勞吉日出。
"Tề hoàn, Lỗ cảo xa ban ban,",齊紈魯縞車班班，
Nam canh nữ tang bất tương thất.,男耕女桑不相失。
"Cung trung thánh nhân tấu vân môn,",宮中聖人奏雲門，
Thiên hạ bằng hữu giai giao tất.,天下朋友皆膠漆。
"Bách dư niên gian vị tai biến,",百餘年間未災變，
"Thúc Tôn lễ nhạc, Tiêu Hà luật.",叔孫禮樂蕭何律。
Khởi văn nhất quyên trị vạn tiền.,豈聞一絹直萬錢，
"Hữu điền chủng cốc kim lưu huyết,",有田種穀今流血。
"Lạc Dương cung điện thiêu phần tận,",洛陽宮殿燒焚盡，
Tông miếu tân trừ hồ thố huyệt.,宗廟新除狐兔穴。
"Thương tâm bất nhẫn vấn kỳ cựu,",傷心不忍問耆舊，
Phục khủng sơ tòng loạn ly thuyết.,復恐初從亂離說。
"Tiểu thần lỗ độn vô sở năng,",小臣魯鈍無所能，
Triều đình ký thức mông lộc trật.,朝廷記識蒙祿秩。
"Chu tuyên trung hưng vọng ngã hoàng,",周宣中興望我皇，
Sái huyết Giang Hán thân suy tật.,灑血江漢身衰疾。
"Dương Tử tân đầu phong sắc khỉ,",揚子津頭風色起，
Lang phàm nhất khai tam bách lý.,郎帆一開三百里。
"Giang kiều thuỷ sách đa tửu lô,",江橋水柵多酒壚，
Nữ nhi giải ca sơn giá cô.,女兒解歌山鷓鴣。
"Vũ Xương tây thượng Ba Lăng đạo,",武昌西上巴陵道，
Văn lang xứ xứ kinh qua hảo.,聞郎處處經過好。
"Anh đào thục thời lang bất quy,",櫻桃熟時郎不歸，
Khách trung thuỳ vị phùng xuân y.,客中誰為縫春衣。
"Mạch đầu không vấn tì bà bốc,",陌頭空問琵琶卜，
Dục quy bất quy tại lang túc.,欲歸不歸在郎足。
"Lang tâm trọng lợi khinh phong ba,",郎心重利輕風波，
Tại gia nhật thiểu hành lộ đa.,在家日少行路多。
"Thiếp kim năng sử ô đầu bạch,",妾今能使烏頭白，
Bất năng sử lang hưu tác khách.,不能使郎休作客。
"Đông lân gia hữu ưu nhân trú,",東鄰家有優人住，
Dạ bán ưu nhân ngữ ưu phụ:,夜半優人語優婦：
"“Ngã diệc thời thường tố hảo quan,",我亦時常做好官，
Như hà nhân giai bất ngã cụ?”,如何人皆不我懼？
Ưu phụ đại nộ mạ kỳ phu:,優婦大怒罵其夫：
“Nhĩ niên ký lão hà thái ngu!,爾年既老何太愚。
"Hạnh tai hôn mộ nhân bất thức,",幸哉昏暮人不識，
Nhân hoặc thức chi di thiếp tu.,人或識之貽妾羞。
Thế gian kinh nhân đãn hữu nhị:,世間驚人但有二：
"Nhất năng sinh nhân, nhất năng tử.",一能生人一能死。
"Nhĩ ký bất năng sinh tử nhân,",爾既不能生死人，
Như hà nhân nhân giai cụ nhĩ.,如何人人皆懼爾。
"Thả dã nhĩ gia bản bần hàn,",且也爾家本貧寒，
Triêu tịch bài ưu cầu nhất xan.,朝夕排優求一餐。
"Bài ưu quân tướng thả bất cụ,",排優君將且不懼，
Hà huống nhĩ vi bài ưu quan.”,何況爾為排優官。
"Minh hà phất hoảng nguyệt thê thiềm,",明河拂愰月棲簷，
Kinh ô hào lâm huỳnh nhập liêm.,驚烏號林螢入簾。
"Mỹ nhân dao dạ ca uyển chuyển,",美人遙夜歌宛轉，
La y bất bích cung hoàng thiển.,羅衣不襞宮黃淺。
"Sầu thính cánh lậu chuyển phân minh,",愁聽更漏轉分明，
Đãn đãn lâu đầu ngũ cổ thanh.,紞紞樓頭五皷聲。
"Uyên Ương hồ bạn thảo niêm thiên,",鴛鴦湖畔草黏天，
Nhị nguyệt xuân thâm hảo phóng thuyền.,二月春深好放船。
"Liễu diệp loạn phiêu thiên xích vũ,",柳葉亂飄千尺雨，
Đào hoa tà đới nhất khê yên.,桃花斜帶一溪煙。
"Yên vũ mê ly bất tri xứ,",煙雨迷離不知處，
Cựu đê khước nhận môn tiền thụ.,舊堤卻認門前樹。
"Thụ thượng lưu oanh tam lưỡng thanh,",樹上流鶯三兩聲，
Thập niên thử địa biển chu trụ.,十年此地扁舟住。
"Chủ nhân ái khách cẩm diên khai,",主人愛客錦筵開，
Thuỷ các phong xuy tiếu ngữ lai.,水閣風吹笑語來。
"Hoạ cổ đội thôi Đào Diệp kỹ,",畫鼓隊催桃葉伎，
Ngọc tiêu thanh xuất chá chi đài.,玉簫聲出柘枝臺。
"Khinh ngoa trách tụ kiều trang thúc,",輕靴窄袖嬌妝束，
Thuý quản phồn huyền cạnh truy trục.,脆管繁弦競追逐。
"Vân hoàn tử đệ án nghê thường,",雲鬟子弟按霓裳，
Tuyết diện tham quân vũ cù dục.,雪面參軍舞鴝鵒。
"Tửu tận di thuyền khúc tạ tê,",酒盡移船曲榭西，
Mãn hồ đăng hoả tuý nhân quy.,滿湖燈火醉人歸。
"Triêu lai biệt tấu tân phiên khúc,",朝來別奏新翻曲，
Cánh xuất hồng trang hướng liễu đê.,更出紅妝向柳堤。
"Hoan lạc triêu triêu kiêm mộ mộ,",歡樂朝朝兼暮暮，
Thất quý tam công hà túc sổ?,七貴三公何足數？
"Thập bức bồ phàm kỷ xích phong,",十幅蒲帆幾尺風，
Xuy quân trực thướng Trường An lộ.,吹君直上長安路。
"Trường An phú quý ngọc thông kiêu,",長安富貴玉驄驕，
Thị nữ huân hương hộ tảo triều.,侍女薰香護早朝。
"Phân phó Nam hồ cựu hoa liễu,",分付南湖舊花柳，
Hảo lưu yên nguyệt bạn quy nhiêu.,好留煙月伴歸橈。
"Na tri chuyển nhãn phù sinh mộng,",那知轉眼浮生夢，
Tiêu tiêu nhật ảnh bi phong động.,蕭蕭日影悲風動。
"Trung tán đàn cầm cánh vị chung,",中散彈琴竟未終，
Sơn công khải sự thành hà dụng?,山公啟事成何用？
"Đông thị triều y nhất đán hưu,",東市朝衣一旦休，
Bắc Mang phôi thổ diệc nan lưu.,北邙坯土亦難留。
"Bạch dương thượng tác tha nhân thụ,",白楊尚作他人樹，
Hồng phấn tri phi cựu nhật lâu.,紅粉知非舊日樓。
"Phong hoả danh viên soán hồ thố,",烽火名園竄狐兔，
Hoạ các thâu khuy lão binh nộ.,畫閣偷窺老兵怒。
"Ninh sử đương thời một huyền quan,",寧使當時沒縣官，
Bất kham triều thị đô phi cố.,不堪朝市都非故。
"Ngã lai ỷ trạo hướng hồ biên,",我來倚棹向湖邊，
Yên Vũ đài không bội võng nhiên.,煙雨臺空倍惘然。
"Phương thảo sạ nghi ca phiến lục,",芳草乍疑歌扇綠，
Lạc anh thác nhận vũ y tiên.,落英錯認舞衣鮮。
"Nhân sinh khổ lạc giai trần tích,",人生苦樂皆陳跡，
Niên khứ niên lai kham thống tích.,年去年來堪痛惜。
"Văn địch hưu ta Thạch Quý Luân,",聞笛休嗟石季倫，
Hàm bôi thả hiệu Đào Bành Trạch.,銜杯且效陶彭澤。
"Quân bất kiến: Bạch lãng hân thiên nhất diệp nguy,",君不見白浪掀天一葉危，
Thu can hoàn phạ chuyển thuyền trì.,收竿還怕轉船遲。
"Thế nhân vô hạn phong ba khổ,",世人無限風波苦，
Du dữ giang hồ điếu tẩu tri.,輸與江湖釣叟知。
"Sóc phong xuy tuyết dã mang mang,",朔風吹雪野茫茫，
Nhất khúc Hồ già lệ vạn hàng.,一曲胡笳淚萬行。
"Do thắng tì bà sầu xuất tái,",猶勝琵琶愁出塞，
Lý Lăng đài bạn nguyệt như sương.,李陵台畔月如霜。
"Bất tích thiên kim thục thái xu,",不惜千金贖蔡姝，
A Man cao nghĩa cổ kim vô.,阿瞞高義古今無。
"Độc liên tha nhật Vương Mao kiếm,",獨憐他日王髦劍，
Bắc hải hà tằng thế lưỡng sồ.,北海何曾貰兩雛。
"Thuỳ gia tư phụ thu đảo bạch,",誰家思婦秋搗帛，
Nguyệt khổ phong thê châm chử bi.,月苦風淒砧杵悲。
"Bát nguyệt cửu nguyệt chính trường dạ,",八月九月正長夜，
Thiên thanh vạn thanh vô liễu thì.,千聲萬聲無了時。
"Ưng đáo thiên minh đầu tận bạch,",應到天明頭盡白，
Nhất thanh thiêm đắc nhất hành ty.,一聲添得一莖絲。
"Giang thuỷ trừng thanh giang nguyệt bạch,",江水澄清江月白，
Dạ long biển chu Nam Phố dịch.,夜攏扁舟南浦驛。
"Thuỳ gia niên thiếu bất giải sầu,",誰家年少不解愁，
Tần hướng thuyền đầu khổ xuy địch.,頻向船頭苦吹笛。
"Địch thanh phiêu phiêu cao nhập vân,",笛聲飄飄高入雲，
Ly nhân cánh sầu bất nhẫn văn.,離人更愁不忍聞。
"Thương thanh liệu lượng vũ thanh cấp,",商聲嘹亮羽聲急，
Mai hoa lạc tận Giang Nam xuân.,梅花落盡江南春。
"Mai hoa dĩ hiết phục tam lộng,",梅花已歇復三弄，
Ly nhân thính chi sầu nhập mộng.,離人聽之愁入夢。
"Thính chi thế lệ thuỳ tối đa,",聽之涕淚誰最多，
Lĩnh Nam cuồng khách thành bàng đà.,嶺南狂客成滂沱。
"Khương hầu thiết khoái đương nghiêm đông,",姜侯設膾當嚴冬，
Tạc nhật kim nhật giai thiên phong.,昨日今日皆天風。
"Hà đống vị ngư bất dị đắc,",河凍未漁不易得，
Tạc băng khủng xâm Hà bá cung.,鑿冰恐侵河伯宮。
"Ung nhân thụ ngư Giao nhân thủ,",饔人受魚鮫人手，
Tẩy ngư ma đao ngư nhãn hồng.,洗魚磨刀魚眼紅。
"Vô thanh tế hạ phi toái tuyết,",無聲細下飛碎雪，
Hữu cốt dĩ đoá tuỷ xuân thông.,有骨已剁觜春蔥。
"Thiên khuyến phúc du quý niên thiếu,",偏勸腹腴愧年少，
Nhuyễn xuy hương phạn duyên lão ông.,軟炊香飯緣老翁。
"Lạc châm hà tằng bạch chỉ thấp,",落砧何曾白紙濕，
Phóng trợ vị giác kim bàn không.,放箸未覺金盤空。
"Tân hoan tiện bão Khương hầu đức,",新歡便飽姜侯德，
Thanh tràng dị vị tình lũ cực.,清觴異味情屢極。
"Đông qui tham lộ tự giác nan,",東歸貪路自覺難，
Dục biệt thướng mã thân vô lực.,欲別上馬身無力。
"Khả liên vi nhân hảo tâm sự,",可憐為人好心事，
Ư ngã kiến tử chân nhan sắc.,於我見子真顏色。
"Bất hận ngã suy tử quý thì,",不恨我衰子貴時，
Trướng vọng thả vi kim tương ức.,悵望且為今相憶。
"Đình đình bảo cái cao ma vân,",亭亭寶蓋高摩雲，
"Kim tiên cung khuyết, vô phàm trần.",金仙宮闕無凡塵。
"Tuyệt phong cánh hữu học Phật giả,",絕峰更有學佛者，
Thanh phong minh nguyệt tương vị lân.,清風明月相蒍鄰。
"Thanh phong táp địa vô hưu yết,",清風匝地無休歇，
Minh nguyệt đương không kiểu băng tuyết.,明月當空皦冰雪。
"Thử phong, thử nguyệt dữ thử nhân,",此風此月與此人，
Hợp thành thiên hạ tam kỳ tuyệt.,合成天下三奇絕。
"Cao Đường mộ đông tuyết tráng tai,",高唐暮冬雪壯哉，
Cựu chướng vô phục tự trần ai.,舊瘴無復似塵埃。
"Nhai trầm cốc một bạch ngai ngai,",崖沉穀沒白皚皚，
Giang thạch khuyết liệt thanh phong tồi.,江石缺裂青楓摧。
"Nam thiên tam tuần khổ vụ khai,",南天三旬苦霧開，
"Xích nhật chiếu diệu tòng tây lai,",赤日照耀從西來，
Lục long hàn cấp quang bùi hồi.,六龍寒急光裴回。
"Chiếu ngã suy nhan hốt lạc địa,",照我衰顏忽落地，
Khẩu tuy ngâm vịnh tâm trung ai.,口雖吟詠心中哀。
"Vị quái cập thì thiếu niên tử,",未怪及時少年子，
Dương my kết nghĩa hoàng kim đài.,揚眉結義黃金臺。
"Kịp hồ ngô sinh hà phiêu linh,",洎乎吾生何飄零，
Chi ly uỷ tuyệt đồng tử hôi.,支離委絕同死灰。
"Sơn khởi nhẫn mai thành khí ngọc,",山豈忍埋成器玉，
Nguyệt không tự chiếu thiếu niên hồn.,月空自照少年魂。
"Hải nội thanh hoa tịnh tại thân,",海內聲華並在身，
Khiếp trung văn tự tuyệt vô luân.,篋中文字絕無倫。
"Dao tri độc đối phong chương thảo,",遙知獨對封章草，
Hốt ức đồng vi hiến nạp thần.,忽憶同為獻納臣。
"Tẩu bút vãng lai doanh quyển trục,",走筆往來盈卷軸，
Trừ quan đệ hỗ chưởng ty luân.,除官遞互掌絲綸。
"Chế tòng Trường Khánh từ cao cổ,",制從長慶辭高古，
Thi đáo Nguyên Hoà thể biến tân.,詩到元和體變新。
"Các hữu Văn Cơ tài trĩ xỉ,",各有文姬才稚齒，
Câu vô Thông Tử kế dư trần.,俱無通子繼餘塵。
"Cầm thư hà tất cầu Vương Xán,",琴書何必求王粲，
Dữ nữ do thắng dữ ngoại nhân.,與女猶勝與外人。
"Đỉnh hồ đương nhật khí nhân gian,",鼎湖當日棄人間，
Phá địch thâu kinh há Ngọc Quan.,破敵收京下玉關。
"Đỗng khốc lục quân câu cảo tố,",慟哭六軍俱縞素，
Xung quan nhất nộ vị hồng nhan.,衝冠一怒為紅顏。
"Hồng nhan lưu lạc phi ngô luyến,",紅顏流落非吾戀，
Nghịch tặc thiên vong tự hoang yến.,逆賊天亡自荒讌。
"Điện tảo Hoàng Cân định Hắc Sơn,",電掃黃巾定黑山，
Khốc bãi quân thân tái tương kiến.,哭罷君親再相見。
"Tương kiến sơ kinh Điền, Đậu gia,",相見初經田竇家，
Hầu môn ca vũ xuất như hoa.,侯門歌舞出如花。
"Hứa tương thích lý không hầu kỹ,",許將戚里箜篌伎，
Đẳng thủ tướng quân du bích xa.,等取將軍油壁車。
"Gia bản Cô Tô Cán Hoa lý,",家本姑蘇浣花里，
Viên Viên tiểu tự kiều la ỷ.,圓圓小字嬌羅綺。
"Mộng hướng Phù Sai uyển lý du,",夢向夫差苑裡遊，
Cung nga ủng nhập quân vương khởi.,宮娥擁入君王起。
"Tiền thân hợp thị thái liên nhân,",前身合是採蓮人，
Môn tiền nhất phiến Hoành Đường thuỷ.,門前一片橫塘水。
"Hoành Đường song tương khứ như phi,",橫塘雙槳去如飛，
Hà xứ hào gia cưỡng tải quy.,何處豪家強載歸？
"Thử tế khởi tri phi bạc mệnh,",此際豈知非薄命，
Thử thì chỉ hữu lệ triêm y.,此時只有淚沾衣。
"Huân thiên ý khí liên cung dịch,",薰天意氣連宮掖，
Minh mâu hạo xỉ vô nhân tích.,明眸皓齒無人惜。
"Đoạt quy vĩnh hạng bế lương gia,",奪歸永巷閉良家，
Giáo tựu tân thanh khuynh toạ khách.,教就新聲傾座客。
"Toạ khách phi trường hồng nhật mộ,",座客飛觴紅日暮，
Nhất khúc ai huyền hướng thuỳ tố.,一曲哀弦向誰訴？
"Bạch tích thông hầu tối thiếu niên,",白皙通侯最少年，
Giản thủ hoa chi lũ hồi cố.,揀取花枝屢迴顧。
"Tảo huề kiều điểu xuất phàn lung,",早攜嬌鳥出樊籠，
Đãi đắc Ngân Hà kỷ thì độ?,待得銀河幾時渡。
"Hận sát quân thư để tử thôi,",恨殺軍書抵死催，
Khổ lưu hậu ước tương nhân ngộ.,苦留後約將人誤。
"Tương ước ân thâm tương kiến nan,",相約恩深相見難，
"Nhất triêu nghĩ tặc mãn Trường An,",一朝蟻賊滿長安。
"Khả liên tư phụ lâu đầu liễu,",可憐思婦樓頭柳，
Nhận tác thiên biên phấn nhứ khan.,認作天邊粉絮看。
"Biến sách Lục Châu vi nội đệ,",遍索綠珠圍內第，
Cưỡng hô Giáng Thụ xuất điêu lan.,強呼絳樹出雕欄。
"Nhược phi tướng sĩ toàn sư thắng,",若非將士全師勝，
Tranh đắc nga mi thất mã hoàn.,爭得蛾眉匹馬還？
"Nga mi mã thượng truyền hô tiến,",蛾眉馬上傳呼進，
Vân hoàn bất chỉnh kinh hồn định.,雲鬟不整驚魂定。
"Lạp cự nghênh lai tại chiến trường,",蠟炬迎來在戰場，
Đề trang mãn diện tàn hồng ấn.,啼妝滿面殘紅印。
"Chuyên chinh tiêu cổ hướng Tần Xuyên,",專征簫鼓向秦川，
Kim Ngưu đạo thượng xa thiên thặng.,金牛道上車千乘。
"Tà Cốc vân thâm khởi hoạ lâu,",斜谷雲深起畫樓，
Tản Quan nguyệt lạc khai trang kính.,散關月落開妝鏡。
"Truyền lai tiêu tức mãn giang hương,",傳來消息滿江鄉，
Ô cữu hồng kinh thập độ sương.,烏臼紅經十度霜。
"Giáo khúc kỹ sư liên thượng tại,",教曲妓師憐尚在，
Cán sa nữ bạn ức đồng hành.,浣紗女伴憶同行。
"Cựu sào cộng thị hàm nê yến,",舊巢共是啣泥燕，
Phi thượng chi đầu biến phượng hoàng.,飛上枝頭變鳳凰。
"Trường hướng tôn tiền bi lão đại,",長向尊前悲老大，
Hữu nhân phu tế thiện hầu vương.,有人夫婿擅侯王。
"Đương thời chỉ thụ thanh danh luỵ,",當時祇受聲名累，
Quý thích danh hào cạnh diên trí.,貴戚名豪競延致。
"Nhất hộc minh châu vạn hộc sầu,",一斛明珠萬斛愁，
Quan sơn phiêu bạc yêu chi tế.,關山漂泊腰支細。
"Thác oán cuồng phong dương lạc hoa,",錯怨狂風颺落花，
Vô biên xuân sắc lai thiên địa.,無邊春色來天地。
"Thường văn khuynh quốc dữ khuynh thành,",嘗聞傾國與傾城，
Phiên sử Chu Lang thụ trọng danh.,翻使周郎受重名。
"Thê tử khởi ưng quan đại kế,",妻子豈應關大計，
Anh hùng vô nại thị đa tình.,英雄無奈是多情。
"Toàn gia bạch cốt thành hôi thổ,",全家白骨成灰土，
Nhất đại hồng trang chiếu hãn thanh.,一代紅妝照汗青。
Quân bất kiến:,君不見：
"Quán Oa sơ khởi uyên ương túc,",館娃初起鴛鴦宿，
Việt nữ như hoa khan bất túc.,越女如花看不足。
"Hương kính trần sinh điểu tự đề,",香徑塵生鳥自啼，
Tiệp lang nhân khứ đài không lục.,屧廊人去苔空綠。
"Hoán vũ di cung vạn lý sầu,",換羽移宮萬里愁，
Châu ca thuý vũ cổ Lương Châu.,珠歌翠舞古梁州。
"Vị quân biệt xướng Ngô cung khúc,",為君別唱吳宮曲，
Hán thuỷ đông nam nhật dạ lưu.,漢水東南日夜流。
"Khuyến lang mạc thực Giám Hồ ngư,",勸郎莫食鑒湖魚，
Khuyến lang mạc khí biệt thời y.,勸郎莫棄別時衣。
"Hồ trung lý ngư hảo ký tín,",湖中鯉魚好寄信，
Biệt thời y hữu vạn điều ti.,別時衣有萬條絲。
"Luyến lang tư lang phi nhất triêu,",戀郎思郎非一朝，
Hảo tự Tinh Châu hoa tiễn đao.,好似並州花剪刀。
"Nhất cổ tại nam nhất cổ bắc,",一股在南一股北，
Kỷ thời tài đắc hợp hoan bào.,幾時裁得合歡袍。
"Việt Vương đài hạ thị nông gia,",越王臺下是儂家，
Nhất xích long toa học chức sa.,一尺龍梭學織紗。
"Nguyện lang mạc tài lê tử thụ,",愿郎莫栽梨子樹，
Già khước phòng tiền dạ hợp hoa.,遮卻房前夜合花。
"Khê đầu tống lang thượng lan chu,",溪頭送郎上蘭舟，
Độc túc xuân phong Yến Tử lâu.,獨宿春風燕子樓。
"Khê thuỷ hữu thời can đáo để,",溪水有時乾到底，
Bất như nông lệ tứ thời lưu.,不如儂淚四時流。
"A nông tu sát hoàng mạo lang,",阿儂羞殺黄帽郎，
Quế chu lan tiếp tảo trung tàng.,桂舟蘭楫藻中藏。
"Lô trúc sinh hoa thu mãn địa,",蘆竹生花秋滿地，
Trạo ca tài động tiện tầm lang.,棹歌才動便尋榔。
"Phấn ngân tuỳ lệ thấp xuân la,",粉痕隨淚溼春羅，
Lang tự ba tiêu nông tự hà.,郎似芭蕉儂似荷。
"Hà diệp đoàn viên ánh liên nhị,",荷葉團圓映蓮蕊，
Bất bỉ ba tiêu văn lộ đa.,不比芭蕉紋路多。
"Vị lang hữu ý biện la thường,",為郎有意辦羅裳，
Tú thành hoa điểu hảo văn chương.,綉成花鳥好文章。
"Hoàng hôn hàm sầu bất cảm tiễn,",黄昏含愁不敢剪，
Chỉ khủng phân khai song phụng hoàng.,只恐分開雙鳳凰。
"Xuân vọng san đầu tùng bách chu,",春望山頭松百株，
Nhược Da khê lý hảo hoàng ngư.,若耶溪里好黄魚。
"Hoàng ngư thượng đắc thanh tùng thụ,",黄魚上得青松樹，
A nông thuỷ thị khí lang thì.,阿儂始是棄郎時。
"Thánh nhân xử sự viễn đại tai,",圣人處事遠大哉，
Nhĩ mục tầm thường sở nan thức.,耳目尋常所難識。
"Thuận thế trúc đê hạn Bắc Nam,",順势築堤限北南，
Hoành trường nhất đái như thằng trực.,橫長一帶如绳直。
"Trung gian thiết đậu biệt cam hàm,",中間設竇別甘鹹，
"Súc tiết thu khai, hạ bế tắc.",畜泄秋開夏閉塞。
"Thượng du tòng thử lợi nông công,",上游從此利農功，
Tuế lũ phong nhương nhân lạp thực.,歲屡豐穰人粒食。
"Miện hoài du dự thị niên niên,",眄懷遊豫是年年，
Tỉnh tỉnh canh thời điếu dặc thiên.,省省耕辰釣弋天。
"Du du hề hải uông uông thuỷ,",悠悠兮海汪汪水，
Trường sử đổ hà tư đế đức.,長使覩河思帝德。
"Đôi sơn trừu xuất nhất chi long,",堆山抽出一支龍，
Nhất đốn nhất khởi tương tiếp tục.,一頓一起相接續。
"Hoành khai dịch lộ thế tồi ngôi,",橫開驿路势崔嵬，
Lập vọng sơn hình như tượng phục.,立望山形如象伏。
"Đương niên giá hạnh ngẫu đình tham,",當年駕幸偶停驂，
Phụng tích gia danh Phước Tượng nham.,奉錫嘉名福象岩。
"Sơn khê đáo thử hạn Nam Bắc,",山溪到此限南北，
Phú Lộc thất tổng quy bắc tam.,富禄七總歸北三。
"Mã tích băng hồng phục độ hải,",馬蹟崩洪復渡海，
Trùng trùng dinh trại khởi Linh Thái.,重重營寨起靈蔡。
"Thuý Vân sơn thế cực nguy nga,",翠雲山势極巍峩，
Hồi cố Đôi Sơn ngoại triều bái.,囬顧堆山外朝拜。
"Thoát thai căn cốt hạ bình sa,",脫胎根骨下平沙，
Thôn lạc tương vọng thiên vạn gia.,村落相望千萬家。
"Tri chỉ an dương sổ bách lý,",知止安洋数百里，
Kinh thành nhất vọng đại bao la.,京城一望大包羅。
"Đông phong viên lâm hoa thảo hương,",東風園林花草香，
Phương khuê tịch mịch xuân trú trường.,芳閨寂寞春晝長。
"Giai nhân độc thủ tình mặc mặc,",佳人獨守情默默，
Ngân sàng cẩm bị nhàn uyên ương.,銀床錦被閒鴛鴦。
"Chung triêu quyện tú niêm châm chỉ,",終朝倦繡拈針指，
Phạ hướng hoa tiền thính oanh ngữ.,怕向花前聽鶯語。
"Hoán hồi cựu sự thiên vạn đoan,",喚回舊事千萬端，
Hạnh kiểm nga mi lệ như vũ.,杏臉蛾眉淚如雨。
"Ngọc lang khứ niên từ gia thì,",玉郎去年辭家時，
Lục dương hồng hạnh kiều xuân huy.,綠楊紅杏嬌春暉。
"Lục dương hồng hạnh sắc như cựu,",綠楊紅杏色如舊，
Trướng vọng ngọc lang do vị quy.,悵望玉郎猶未歸。
"Nhất xuân ngư nhạn âm thư tuyệt,",一春魚雁音書絕，
Tuyết phu tiêu sấu thiên tràng kết.,雪膚消瘦千腸結。
"Đoạn tràng độc lập kỷ hoàng hôn,",斷腸獨立幾黃昏，
Na cánh thanh san khổ đề quyết.,那更青山苦啼鴂。
"Quốc sơ dĩ lai hoạ yên mã,",國初已來畫鞍馬，
"Thần diệu độc số Giang Đô Vương,",神妙獨數江都王。
"Tướng quân đắc danh tam thập tải,",將軍得名三十載，
Nhân gian hựu kiến chân Thừa Hoàng.,人間又見真乘黃。
"Tằng mạc tiên đế Chiếu Dạ Bạch,",曾貌先帝照夜白，
Long trì thập nhật phi tích lịch.,龍池十日飛霹靂。
Nội phủ ân hồng mã não bàn.,內府殷紅瑪瑙盤，
Tiệp dư truyền chiếu tài nhân sách.,婕妤傳詔才人索。
"Bàn tứ tướng quân bái vũ quy,",盤賜將軍拜舞歸，
"Khinh hoàn tế ỷ tương truy phi,",輕紈細綺相追飛。
"Quý thích quyền môn đắc bút tích,",貴戚權門得筆跡，
Thuỷ giác bình chướng sinh quang huy.,始覺屏障生光輝。
"Tích nhật Thái Tông Quyền Mao Qua,",昔日太宗拳毛騧，
Cận thì Quách gia Sư Tử Hoa.,近時郭家獅子花。
"Kim chi tân đồ hữu nhị mã,",今之新圖有二馬，
Phục linh thức giả cửu thán ta.,復令識者久歎嗟。
"Thử giai kỵ chiến nhất địch vạn,",此皆騎戰一敵萬，
Cảo tố mạc mạc khai phong sa.,縞素漠漠開風沙。
"Kỳ dư thất thất diệc thù tuyệt,",其餘七匹亦殊絕，
Quýnh nhược hàn không động yên tuyết.,迥若寒空動煙雪。
"Sương đề xúc đạp trường thu gian,",霜蹄蹴踏長楸間，
Mã quan tư dưỡng sâm thành liệt.,馬官廝養森成列。
"Khả liên cửu mã tranh thần tuấn,",可憐九馬爭神駿，
Cố thị thanh cao khí thâm ổn.,顧視清高氣深穩。
Tá vấn khổ tâm ái giả thuỳ?,借問苦心愛者誰，
"Hậu hữu Vi Phúng, tiền Chi Độn.",後有韋諷前支遁。
"Ức tích tuần hạnh Tân Phong cung,",憶昔巡幸新豐宮，
Thuý hoa phất thiên lai hướng đông.,翠華拂天來向東。
"Đằng tương lỗi lạc tam vạn thất,",騰驤磊落三萬匹，
Giai dữ thử đồ cân cốt đồng.,皆與此圖筋骨同。
"Tự tòng hiến bảo triều Hà Tông,",自從獻寶朝河宗，
Vô phục xạ giao giang thuỷ trung.,無復射蛟江水中。
Quân bất kiến:,君不見：
"Kim Túc đôi tiền tùng bách lý,",金粟堆前松柏裡，
Long môi khứ tận điểu hô phong!,龍媒去盡鳥呼風。
"Lạc Dương tam nguyệt lê hoa phi,",洛陽三月梨花飛，
Tần địa hành nhân xuân ức quy.,秦地行人春憶歸。
"Dương tiên tẩu mã thành nam mạch,",揚鞭走馬城南陌，
Triêu phùng dịch sứ Tần Xuyên khách.,朝逢驛使秦川客。
"Dịch sứ tiền nhật phát Chương Đài,",驛使前日發章台，
Chuyển đạo Trường An xuân tảo lai.,轉道長安春早來。
"Đường lê cung trung yến sơ chí,",棠梨宮中燕初至，
Bồ Đào quán lý hoa chính khai.,葡萄館裏花正開。
"Niệm thử sứ nhân quy cánh tảo,",念此使人歸更早，
Tam nguyệt tiện đạt Trường An đạo.,三月便達長安道。
"Trường An đạo thượng xuân khả liên,",長安道上春可憐，
Dao phong đãng nhật Khúc Giang biên.,搖風蕩日曲江邊。
"Vạn hộ lâu đài lâm Vị thuỷ,",萬戶樓臺臨渭水，
Ngũ Lăng hoa liễu mãn Tần Xuyên.,五陵花柳滿秦川。
"Tần Xuyên hàn thực thịnh phồn hoa,",秦川寒食盛繁華，
Du tử xuân lai bất kiến gia.,遊子春來不見家。
"Đấu kê hạ đỗ trần sơ hợp,",鬥雞下杜塵初合，
Tẩu mã Chương Đài nhật bán tà.,走馬章台日半斜。
"Chương Đài đế thành xưng quý lý,",章台帝城稱貴裏，
Thanh lâu nhật vãn ca chung khỉ.,青樓日晚歌鐘起。
"Quý lý hào gia bạch mã kiêu,",貴裏豪家白馬驕，
Ngũ Lăng niên thiếu bất tương nhiêu.,五陵年少不相饒。
"Song song hiệp đàn lai Kim thị,",雙雙挾彈來金市，
Lưỡng lưỡng minh tiên thượng Vị kiều.,兩兩鳴鞭上渭橋。
"Vị Thành kiều đầu tửu tân thục,",渭城橋頭酒新熟，
Kim yên bạch mã thuỳ gia túc.,金鞍白馬誰家宿。
"Khả liên cẩm sắt tranh tì bà,",可憐錦瑟箏琵琶，
Ngọc hồ thanh tửu tựu xương gia.,玉壺清酒就倡家。
"Tiểu phụ xuân lai bất giải ta,",小婦春來不解嗟，
Kiều ca nhất khúc “Dương liễu hoa”.,嬌歌一曲楊柳花。
"Tổ sư di hạ nhất chỉ lý,",祖師遺下一只履，
Thiên cổ vạn cổ bá nhân nhĩ.,千古萬古播人耳。
"Không tự kiên đảm tiển túc hành,",空自肩擔跣足行，
Hà tằng đạp trước tự gia để.,何曾踏著自家底。
"Môn đối vân tiêu bích ngọc lưu,",門對雲霄碧玉流，
Sổ thanh ngư địch nhất giang thu;,數聲漁笛一江秋；
"Hành dương nhạn đoạn sở thiên khoát,",衡陽雁斷楚天闊，
Kỷ độ triều lai vấn quá chu.,幾度朝來問過舟。
"Dương đài ngọc yết hành vân hạnh,",陽臺玉歇行雲杏，
Khung thương hồng hy xuân tiễu tiễu;,穹蒼鴻稀春悄悄；
"Uyên ương cô miên oán phương thảo,",鴛鴦孤眠怨芳草，
Dạ dạ tương tư hà thời liễu.,夜夜相思何時瞭。
"Thiếp phi vô thanh bất cảm đề,",妾非無聲不敢啼，
Thiếp phi vô lệ bất cảm thuỳ;,妾非無淚不敢垂；
"Nhu tình khi tổn thanh đại my,",柔情欺損青黛眉，
Xuân phong trước nhân ý tiêu tác.,春風著人意蕭索。
"Lục song thư tự ký tâm khúc,",綠窗書字寄心曲，
Tế khán hương hàn uyển thả nhu;,細看香翰婉且柔；
"Trung hữu nhàn sầu tam vạn hộc,",中有閑愁三萬觳，
Hướng ngung khí bút trù trướng thời.,向隅棄筆惆悵時。
"Thử tình mặc mặc thuỳ đắc tri,",此情默默誰得知，
Vô ngôn tương kiến không tương ức;,無言相見空相憶；
"Ký nhiên tương tư nhạ nhân sầu,",既然相思惹人愁，
Bất như đương nhật hưu tương thức.,不如當日休相識。
"Xuân vũ mông mông bất kiến thiên,",春雨濛濛不見天，
Gia gia môn ngoại liễu như yên;,家家門外柳如煙；
"Như kim đoạn trường không thuỳ lệ,",如今斷腸空垂淚，
Hoan tiếu trùng truy biệt kinh niên.,歡笑重追別經年。
"Vọng thu nguyệt,",望秋月，
Tại gia kiến nguyệt như đẳng nhàn.,在家見月如等閒。
"Kỷ độ thiên nhai vọng thu nguyệt,",幾度天涯望秋月，
Minh nguyệt tuy đồng phi cố sơn.,明月雖同非故山。
"Cử đầu vấn minh nguyệt,",舉頭問明月，
Cổ vãng kim lai kỷ viên khuyết?,古往今來幾圓缺？
"Minh nguyệt như hữu ngôn,",明月如有言，
Vấn ngã thiếu niên kim bạch phát.,問我少年今白髮。
"Quân bất kiến,",君不見，
"Phần thuỷ thu phong hồng nhạn lai,",汾水秋風鴻雁來，
Nghiệp trung ca vũ tận thương đài.,鄴中歌舞盡蒼苔。
"Ưu hoan chỉ vấn kim thì nguyệt,",憂歡只問今時月，
Tằng chiếu ly cung dữ lộ đài.,曾照離宮與露台。
"Kim nguyệt ưng tương cổ nguyệt đồng,",今月應將古月同，
Cổ nhân kim tại cửu tuyền trung.,古人今在九泉中。
"Thuỳ ngôn kim túc Tây Lăng hạ,",誰言金粟西陵下，
Bất kiến lưu quang đáo tử cung.,不見流光到梓宮。
"Vu sơn Vu giáp liên Tam Ba,",巫山巫峽連三巴，
Viên đề tam thanh khách tư gia.,猿啼三聲客思家。
"Đình chu thính chi thanh vị liễu,",停舟聽之聲未了，
Khước quá thanh chi do diểu diểu.,卻過青枝猶裊裊。
"Dã nhân sạ lai Cẩm cung thành,",野人乍來錦宮城，
Thanh thu mãn giáp đề viên thanh.,清秋滿峽啼猿聲。
"Hoàng Ngưu than thượng oán phong lạc,",黃牛灘上怨楓落，
Bạch Đế từ tiền ai nguyệt minh.,白帝祠前哀月明。
"Thương thanh thanh liệt vũ thanh loạn,",商聲清冽羽聲亂，
Thúc hốt đông nhai phục tây giản.,倏忽東崖復西澗。
"Cửu khách văn chi lệ dục can,",久客聞之淚欲干，
Tráng phu thính thử hồn diệc đoạn.,壯夫聽此魂亦斷。
"Cố nhân quy ngoạ Việt sơn vân,",故人歸臥越山雲，
Ức đắc đề viên ca tống quân.,憶得啼猿歌送君。
"Biển chu độc túc Diệm khê dạ,",扁舟獨宿剡溪夜，
Khiếu nguyệt tam thanh thuỳ cộng văn.,叫月三聲誰共聞。
"Nhật dạ kiêm trình ngũ bách lý,",日夜兼程五百里，
Nhân mã trì khu bất cảm thuỵ.,人馬馳驅不敢睡。
"Khổn thần hoả tốc đằng chiếu thư,",閫臣火速騰詔書，
Phiên sứ tinh trì phụng thiên chỉ.,藩使星馳奉天旨。
"Cửu thiên cao vũ nhuận tuỳ xa,",九天膏雨潤隨車，
Nhất hồi ông ế nhất bàng đà.,一回翁翳一滂沱。
"Bộc bố như lôi thuỷ như tiễn,",瀑布如雷水如箭，
Chu tử huyên hô: “Công độ hà”.,舟子喧呼公渡河。
"Tài độ liễu hà phục đăng lĩnh,",才渡了河復登嶺，
Lĩnh thạch như tiêm thiên sắc minh.,嶺石如尖天色暝。
"Không sơn tịch mịch vô thôn yên,",空山寂寞無村煙，
Nhân ngữ đãn tòng vân ngoại thính.,人語但從雲外聽。
"Bản kiều dao dao chúc diệt minh,",板橋遙遙燭滅明，
Thú tốt truyền hô lai tiếp nghinh.,戍卒傳呼來接迎。
"Yên vụ mông mông sắc bất biện,",煙霧蒙蒙色不辨，
Tu du đông sơn nhất luân sinh.,須臾東山一輪生。
"Giang sơn nhập nhãn kham đồ hoạ,",江山入眼堪圖畫，
Đăng chúc tinh huỳnh thiên bất dạ.,燈燭晶熒天不夜。
"Vĩnh Phúc thành trung nhân vật hoa,",永福城中人物華，
Lâm lưu lân tập xưởng đình tạ.,臨流鱗集廠亭榭。
"Ngũ hoa thái kết quán tân đường,",五花彩結館賓堂，
Sứ thần hàm tuất từ bất đương.,使臣銜恤辭不當。
"Sảnh tào tòng sự các gia ngạch,",廳曹從事各加額，
Cá cá bất vong ngô tiền vương.,個個不忘吾前王。
"Tích nhân tằng ngôn Tỉnh Hình đạo,",昔人曾言井陘道，
Khuynh hiểm vô như gia ý hảo.,傾險無如加意好。
"Hành viễn đăng cao yếu tự trì,",行遠登高要自持，
Thiên vương dĩ hứa hồi quy tảo.,天王已許回歸早。
"Đông viên tây giác thị tây viên,",東園西角是西園，
Phạm tử môn thông Vũ tử môn.,范子門通武子門。
"Vũ trưởng châu lan ưng loạn kính,",雨長珠蘭應亂徑，
Phong dao ngọc thử định mê thôn.,風搖玉黍定迷村。
"Thỉnh quân mạc yếm truy phan sự,",請君莫厭追攀事，
Quá thử viêm ai kỷ nhật nhàn.,過此炎埃幾日閒。
"Trường An ác thiểu xuất danh tự,",長安惡少出名字，
Lâu hạ kiếp thương lâu thượng tuý.,樓下劫商樓上醉。
"Thiên minh hạ trực minh quang cung,",天明下直明光宮，
Tán nhập ngũ lăng tùng bách trung.,散入五陵松柏中。
"Bách hồi sát nhân thân hiệp tử,",百回殺人身合死，
Xá thư thượng hữu thu thành công.,赦書尚有收城功。
"Cửu cù nhất nhật tiêu tức định,",九衢一日消息定，
Hương lại tịch trung trùng cải tính.,鄉吏籍中重改姓。
"Xuất lai y cựu thuộc vũ lâm,",出來依舊屬羽林，
Lập tại điện tiền xạ phi cầm.,立在殿前射飛禽。
"Bi đài tiêu táp thạch lung túng,",悲臺蕭颯石巃嵷，
Ai hác xoa nha hạo hô húng.,哀壑杈椏浩呼洶。
"Trung hữu vạn lý chi trường giang,",中有萬里之長江，
Hồi phong thao nhật cô quang động.,回風滔日孤光動。
"Giác ưng phiên đảo tráng sĩ tí,",角鷹翻倒壯士臂，
Tướng quân ngọc trướng hiên thuý khí.,將軍玉帳軒翠氣。
"Nhị ưng mãnh não từ hầu tị,",二鷹猛腦徐侯穟，
Mục như sầu Hồ thị thiên địa.,目如愁胡視天地。
"Sam kê trúc thố bất tự tích,",杉雞竹兔不自惜，
Khê hổ dã dương câu tịch dịch.,溪虎野羊俱辟易。
"Câu thượng phong lăng thập nhị cách,",韝上鋒稜十二翮，
Tướng quân dũng duệ dữ chi địch.,將軍勇銳與之敵。
"Tướng quân thụ huân khởi An Tê,",將軍樹勳起安西，
Côn Luân Ngu tuyền nhập mã đề.,崑崙虞泉入馬蹄。
"Bạch vũ tằng nhục tam toan nghê,",白羽層肉三狻猊，
Cảm quyết khởi bất dữ chi tề.,敢決豈不與之齊。
"Kinh Nam Nhuế công đắc tướng quân,",荊南芮公得將軍，
Diệc như giác ưng há tường vân.,亦如角鷹下翔雲。
"Ác điểu phi phi trác kim ốc,",惡鳥飛飛啄金屋，
An đắc nhĩ bối khai kỳ quần.,安得爾輩開其群，
Khu xuất lục hợp kiêu loan phân.,驅出六合梟鸞分。
"Lăng ba tiên tử sinh trần miệt,",凌波仙子生塵襪，
Thuỷ thượng doanh doanh bộ vi nguyệt.,水上盈盈步微月。
"Thị thuỳ chiêu thử đoạn trường hồn,",是誰招此斷腸魂？
Chủng tác hàn hoa ký sầu tuyệt?,種作寒花寄愁絕。
"Hàm hương thể tố dục khuynh thành,",含香體素欲傾城，
Sơn phàn thị đệ mai thị huynh.,山礬是弟梅是兄。
"Toạ đối chân thành bị hoa não,",坐對真成被花惱，
Xuất môn nhất tiếu đại giang hoành.,出門一笑大江橫。
"Hoành lộ phế cửu bất thành lộ,",橫路廢久不成路，
Vũ phu nguy nguy nghiễm như cố.,珷玞巍巍儼如故。
"Lân ấp phụ nữ thường vãng lai,",鄰邑婦女常往來，
"Thiển xứ cập phì, thâm cập cổ.",淺處及腓深及股。
Vũ phu toạ kiến hoản nhiên tiếu:,珷玞坐見睆然笑：
“Nhĩ hữu hà vật như thử tố?”,尒有何物如此素？
Thảng hoàng yểm tế tiền chí từ:,傖惶厭蔽前至辭：
"“Ngẫu nhĩ quai sơ, hạnh vật nộ!”",偶尒乖疎幸物怒！
Ông ngôn: “Ngã hà nộ nhĩ vi?,翁言我何怒尒為？
Nộ nhĩ hà cang ngã dương cụ!,怒尒何亢我陽具！
"Nhĩ quy nghi cáo nhĩ hương lân,",尒歸宜告尒鄉鄰，
Tảo lai ngã tích nhĩ dận tộ.”,早來我錫尒胤祚。
"Cổ kim thử hương sinh xuất nhân,",古今此鄉生出人，
Khẩu thoại nhất ngôn thiêm loại vũ.,口話一言僉類珷。
"Ba Giang thượng giáp trùng phục trùng,",巴江上峽重復重，
Dương Đài bích tiễu thập nhị phong.,陽臺碧峭十二峰。
"Kinh vương liệp thì phùng mộ vũ,",荊王獵時逢暮雨，
Dạ ngoạ cao khâu mộng thần nữ.,夜臥高丘夢神女。
"Khinh hồng lưu yên thấp diễm tư,",輕紅流煙濕艷姿，
Hành vân phi khứ minh tinh hy.,行雲飛去明星稀。
"Mục cực hồn đoạn vọng bất kiến,",目極魂斷望不見，
Viên đề tam thanh lệ trích y.,猿啼三聲淚滴衣。
"Thương thương mang mang giang thượng diện,",蒼蒼茫茫江上面，
"Vũ nhập giang quang xuy bất kiến,",雨入江光吹不見，
Tiền than hậu than bạch như luyện.,前灘後灘白如練。
"Hữu Phong khoảnh khắc Thất Lý qua,",有風頃刻七里過，
Vô Phong nại thử Thất Lý hà.,無風奈此七里何！
"Hốt nhiên vũ thế hiệp phong chí,",忽然雨勢挾風至，
Đãn thính lai: Thuyền tranh xướng thuận phong ca.,但聽來船爭唱順風歌。
"Ngã thuyền cam nhượng lai thuyền tẩu,",我船甘讓來船走，
Hoạ bản lưu khan Hoàng Tử Cửu.,畫本留看黃子久。
"Vọng cùng hàn thuỷ trúc hồi hoàn,",望窮寒水竹回環，
Tẩy xuất thanh sơn lỗ tiền hậu.,洗出青山櫓前後。
"Mục đồng tự khu hoàng độc hồi,",牧童自驅黃犢回，
Ngư lang chính phóng lô ti lai.,漁郎正放鸕鷥來。
"Lạp thiềm thoa duệ tận lân xá,",笠檐蓑袂盡鄰舍，
Đối giang kỷ phiến sài môn khai.,對江幾扇柴門開。
"Đan thanh vị kiến kim kiến thử,",丹青未見今見此，
Thuỷ ngoại thị sơn sơn ngoại thuỷ.,水外是山山外水。
"Khách đáo tiên sầu vô lộ thông,",客到先愁無路通，
Hà huống mê ly yên vũ lý.,何況迷離煙雨里。
"Sơn đầu vũ tác sơn trung tuyền,",山頭雨作山中泉，
Uyển đình đô tại thụ diểu huyền.,蜿蜓都在樹杪悬。
"Đông phong nhất tả lạc thiên trượng,",東峰一泻落千丈，
Lôi đình nãi huỷ tây phong điên.,雷霆乃毀西峰顛。
"Thử thời ức sát Nghiêm tiên sinh,",此時憶殺嚴先生，
Dương cầu cô ủng hàn bất khinh.,羊裘孤擁寒不輕。
"Ngã dục tùng môn nhất bôi lỗi,",我欲松門一杯酹，
Đài hoang lộ hoạt vô nhân hành.,苔荒路滑無人行。
"Truyền văn danh lợi nhân,",傳聞名利人，
Bất bạc điếu đài hạ.,不泊釣臺下。
"Biển chu độc tung hoành,",扁舟獨縱橫，
Vấn ngã hà vi giả?,問我何為者？
"Ngọc hồ mãi xuân vũ kham thưởng,",玉壺買春雨堪賞，
Xích bán bạch ngư tân xuất võng.,尺半白魚新出網。
"Ấm hàm bão ủng ngoạ thuyền đầu,",飲酣抱瓮臥船頭，
Thính đắc chu nhân tề phách chưởng.,聽得舟人齊拍掌。
"Sổ chi nhu lỗ hoạch pha lê,",數枝柔櫓劃玻璃，
Bách bức bồ phàm nhãn để tề.,百幅蒲帆眼底齊。
"Tịch dương sạ minh phong diệc chuyển,",夕陽乍明風亦轉，
Hành hành nhất lộ hoạ mi đề.,行行一路畫眉啼。
Y sơn trúc các kiến bình xuyên.,依山筑閣見平川。
Dạ lan Cơ Đẩu sáp ốc chuyên.,夜闌箕斗插屋椽。
Ngã lai danh chi ý thích nhiên.,我來名之意适然。
Lão tùng khôi ngô sổ bách niên.,老松魁梧數百年。
Phủ cân sở xá kim tham thiên.,斧斤所赦今參天。
Phong minh Oa Hoàng ngũ thập huyền.,風鳴媧皇五十弦。
Tẩy nhĩ bất tu Bồ Tát tuyền.,洗耳不須菩薩泉。
Gia nhị tam tử thậm hảo hiền.,嘉二三子甚好賢。
Lực bần mãi tửu tuý thử diên.,力貧買酒醉此筵。
Dạ vũ minh lang đáo hiểu huyền.,夜雨鳴廊到曉懸。
Tương khán bất quy ngoạ tăng chiên.,相看不歸臥僧氈。
Tuyền khô thạch táo phục sàn viên.,泉枯石燥复潺湲。
Sơn xuyên quang huy vị ngã nghiên.,山川光輝為我妍。
Dã tăng tảo cơ bất năng chiên.,野僧早飢不能饘。
Hiểu kiến Hàn Khê hữu xuy yên.,曉見寒溪有炊煙。
Đông Pha đạo nhân dĩ trầm tuyền.,東坡道人已沈泉。
Trương Hầu hà thì đáo nhãn tiền.,張侯何時到眼前。
Điếu đài kinh đào khả trú miên.,釣台惊濤可晝眠。
Di Đình khán triện giao long triền.,怡亭看篆蛟龍纏。
An đắc thử thân thoát câu luyên.,安得此身脫拘攣。
Chu tải chư hữu trường chu toàn.,舟載諸友長周旋。
"Ngẫu trường tiêm lũ trừu khinh xuân,",藕腸纖縷抽輕春，
Yên cơ mạc mạc kiều nga tần.,煙機漠漠嬌娥嚬。
"Kim thoa tích lịch thấu không bạc,",金梭淅瀝透空薄，
Tiễn lạc giao đao xuy đoạn vân.,剪落交刀吹斷雲。
"Trương gia công tử dạ văn vũ,",張家公子夜聞雨，
Dạ hướng lan đường tư Sở vũ.,夜向蘭堂思楚舞。
"Thiền sam lân đới áp sầu hương,",蟬衫麟帶壓愁香，
Thâu đắc oanh hoàng toả kim lũ.,偷得鶯簧鎖金縷。
"Quản hàm lan khí kiều ngữ bi,",管含蘭氣嬌語悲，
Hồ tào tuyết oản uyên ương ti.,胡槽雪腕鴛鴦絲。
"Phù dung lực nhược ứng nan định,",芙蓉力弱應難定，
Dương liễu phong đa bất tự trì.,楊柳風多不自持，
"Hồi tần tiếu ngữ tây song khách,",回嚬笑語西窗客，
Tinh đẩu liêu liêu ba mạch mạch.,星斗寥寥波脈脈。
"Bất trục Tần vương quyến tượng sàng,",不逐秦王卷象床，
Mãn lâu minh nguyệt lê hoa bạch.,滿樓明月梨花白。
"Đông phương lông lông xa loát loát,",東方曨曨車軋軋，
Địa sắc bất phân tân khứ triệt.,地色不分新去轍。
"Khuê môn bán yểm sàng bán không,",閨門半掩床半空，
Ban ban chẩm hoa tàn lệ hồng.,斑斑枕花殘淚紅。
"Quân tâm nhược xa thiên vạn chuyển,",君心若車千萬轉，
Thiếp thân như triệt di tiệm viễn.,妾身如轍遺漸遠。
"Bích xuyên điều điều sơn uyển uyển,",碧川迢迢山宛宛，
Mã đề tại nhĩ luân tại nhãn.,馬蹄在耳輪在眼。
"Tang gian nữ nhi tình bất thiển,",桑間女兒情不淺，
Mạc đạo dã tàm năng tác kiển.,莫道野蠶能作繭。
"Nhị long tranh chiến quyết thư hùng,",二龍爭戰決雌雄，
Xích Bích lâu thuyền tảo địa không.,赤壁樓船掃地空。
"Liệt hoả trương thiên chiếu vân hải,",烈火張天照雲海，
Chu Du vu thử phá Tào Công.,周瑜于此破曹公。
"Quân khứ thương giang vọng trừng bích,",君去滄江望澄碧，
Kình nghê đường đột lưu dư tích.,鯨鯢唐突留餘跡。
"Nhất nhất thư lai báo cố nhân,",一一書來報故人，
Ngã dục nhân chi tráng tâm phách.,我欲因之壯心魄。
"Tào gia lão man giảo nhi vũ,",曹家老瞞狡而武，
Bách vạn qua mâu há Kinh thổ.,百萬戈矛下荊土。
"Chuế yêm tiểu xú di quần hùng,",贅閹小醜夷群雄，
Đương thời ý khí vô Giang Đông.,當時意氣無江東。
"Giang Đông thiếu niên kiếm chước án,",江東少年劍斫案，
Khu phong tẩu hoả Ô Lâm ngạn.,驅風走火烏林岸。
"Bắc thuyền yên tẫn Tây Thục đô,",北船煙燼西蜀都，
Ngô vương cung điện phi xích ô.,吳王宫殿飛赤烏。
"Thuỳ vi thử mưu Cát dữ Chu,",誰爲此謀葛與周，
Lưỡng lang niên kỷ nhị thập đầu.,兩郎年幾二十頭。
"Hùng đồ dĩ hĩ vật thuỳ đạo,",雄圖已矣勿誰道，
Xích Bích chu trung nhân dĩ lão.,赤壁舟中人已老。
"Khổng tước vị tri ngưu hữu giác,",孔雀未知牛有角，
Khát ẩm hàn tuyền phùng để xúc.,渴飲寒泉逢抵觸。
"Xích tiêu Huyền Phố tu vãng lai,",赤霄懸圃須往來，
Thuý vĩ kim hoa bất từ nhục.,翠尾金花不辭辱。
"Giang trung đào hà hách phi yến,",江中淘河嚇飛燕，
Hàm nê khước lạc tu hoa ốc.,銜泥卻落羞華屋。
"Hoàng tôn do tằng Liễn Chước khốn,",皇孫猶曾蓮勺困，
Bảo trang kiến biếm thương kỳ túc.,鮑莊見貶傷其足。
Lão ông thận mạc quái thiếu niên,老翁慎莫怪少年，
Cát Lượng “Quý hoà” thư hữu thiên.,葛亮貴和書有篇。
"Trượng phu thuỳ danh động vạn niên,",丈夫垂名動萬年，
Ký ức tế cố phi cao hiền.,記憶細故非高賢。
"Phù Dung lâu tiền bái tân nguyệt,",芙蓉樓前拜新月，
Bảo áp vi huân thấu ngân diệp.,寶鴨微熏透銀葉。
"Ngô Sơn Sở thuỷ tống viễn du,",吴山楚水送遠遊，
Bất quản khuê trung chiếu ly biệt.,不管閨中照離別。
"Thuỳ gia ngọc câu phi thướng thiên,",誰家玉鉤飛上天，
Nhất tự liên hoàn cựu thời khuyết.,一似連環舊時缺。
"Khuyết đa viên thiểu tương nại hà,",缺多圓少將奈何，
Nhất thốn sầu trường vạn lý kết.,一寸愁腸萬里結。
"Vị lang bạch trữ tài xuân y,",為郎白苧裁春衣，
Hựu khủng nguyệt viên lang vị quy.,又恐月圓郎未歸。
"Du ty bách xích đãng không khoát,",遊絲百尺盪空闊，
Thiên thượng hữu nhân lạc bạch phát.,天上有人落白髮。
"Nhân sinh hành lạc cập thiếu niên,",人生行樂及少年，
“Kim lũ” nhất thanh bôi bách phạt.,金縷一聲杯百罰。
"Phiên phiên lưỡng kỵ xuất quách đông,",翩翩兩騎出郭東，
Đào hoa như vũ xuy đông phong.,桃花如雨吹東風。
"Nguyện thiến du ty bán tây nhật,",願倩游絲絆西日，
Bất giao tiện nhập Hàm Trì trung.,不教便入咸池中。
"Xuân giang triều thuỷ liên hải bình,",春江潮水連海平，
Hải thượng minh nguyệt cộng triều sinh.,海上明月共潮生。
"Diễm diễm tuỳ ba thiên vạn lý,",灩灩隨波千萬里，
Hà xứ xuân giang vô nguyệt minh.,何處春江無月明。
"Giang lưu uyển chuyển nhiễu phương điện,",江流宛轉繞芳甸，
Nguyệt chiếu hoa lâm giai tự tán.,月照花林皆似霰。
"Không lý lưu sương bất giác phi,",空裏流霜不覺飛，
Đinh thượng bạch sa khan bất kiến.,汀上白沙看不見。
"Giang thiên nhất sắc vô tiêm trần,",江天一色無纖塵，
Hạo hạo không trung cô nguyệt luân.,皎皎空中孤月輪。
Giang bạn hà nhân sơ kiến nguyệt?,江畔何人初見月，
Giang nguyệt hà niên sơ chiếu nhân?,江月何年初照人。
"Nhân sinh đại đại vô cùng dĩ,",人生代代無窮已，
Giang nguyệt niên niên chỉ tương tự.,江月年年只相似。
"Bất tri giang nguyệt đãi hà nhân,",不知江月待何人，
Đãn kiến trường giang tống lưu thuỷ.,但見長江送流水。
"Bạch vân nhất phiến khứ du du,",白雲一片去悠悠，
Thanh phong phố thượng bất thăng sầu.,青楓浦上不勝愁。
"Thuỳ gia kim dạ thiên chu tử,",誰家今夜扁舟子，
Hà xứ tương tư minh nguyệt lâu?,何處相思明月樓。
"Khả liên lâu thượng nguyệt bồi hồi,",可憐樓上月徘徊，
Ưng chiếu ly nhân trang kính đài.,應照離人妝鏡臺。
"Ngọc hộ liêm trung quyển bất khứ,",玉戶帘中捲不去，
Đảo y châm thượng phất hoàn lai.,搗衣砧上拂還來。
"Thử thời tương vọng bất tương văn,",此時相望不相聞，
Nguyện trục nguyệt hoa lưu chiếu quân.,願逐月華流照君。
"Hồng nhạn trường phi quang bất độ,",鴻雁長飛光不度，
Ngư long tiềm dược thuỷ thành văn.,魚龍潛躍水成文。
"Tạc dạ nhàn đàm mộng lạc hoa,",昨夜閒潭夢落花，
Khả liên xuân bán bất hoàn gia.,可憐春半不還家。
"Giang thuỷ lưu xuân khứ dục tận,",江水流春去欲盡，
Giang đàm lạc nguyệt phục tây tà.,江潭落月復西斜。
"Tà nguyệt trầm trầm tàng hải vụ,",斜月沉沉藏海霧，
"Kiệt Thạch, Tiêu Tương vô hạn lộ.",碣石瀟湘無限路。
"Bất tri thừa nguyệt kỷ nhân quy,",不知乘月幾人歸，
Lạc nguyệt dao tình mãn giang thụ.,落月搖情滿江樹。
"Xuân nhật phi, xuân dã tịch,",春日飛，春野寂，
Hồng bằng bích hữu nguyên thai thấp.,紅朋碧友元胎濕。
"Đông phong trước ý hàn thực thì,",東風著意寒食時，
Du ty niêm nhân khốn vô lực.,游絲粘人困無力。
"Tiểu linh độc xa yến đê sa,",小鈴犢車宴堤沙，
Phượng tiêu kinh lạc quỳnh anh hoa.,鳳簫驚落瓊英花。
"Hoang phần đồi đồi đề tịch nha,",荒墳頹頹啼夕鴉，
Thảo hoang nguyệt hắc quỷ tư gia.,草荒月黑鬼思家。
"Sứ quân ý khí lăng thanh tiêu,",使君意氣淩青霄，
Ức tạc hoan ngu thường kiến chiêu.,憶昨歡娛常見招。
"Tế mã thì minh kim yểu niểu,",細馬時鳴金騕褭，
Giai nhân lũ xuất Đổng Kiều Nhiêu.,佳人屢出董嬌饒。
"Đông lưu giang thuỷ, tây phi yến,",東流江水西飛燕，
Khả tích xuân quang bất tương kiến.,可惜春光不相見。
"Nguyện huề Vương, Triệu lưỡng hồng nhan,",願攜王趙兩紅顏，
Tái sính cơ phu như tố luyện.,再騁肌膚如素練。
"Thông Tuyền bách lý cận Tử Châu,",通泉百里近梓州，
Thỉnh công nhất lai khai ngã sầu.,請公一來開我愁。
"Vũ xứ trùng khan hoa mãn diện,",舞處重看花滿面，
Tôn tiền hoàn hữu cẩm triền đầu.,尊前還有錦纏頭。
"Hoạn du ưng đắc hoạn vi gia,",宦遊應得宦為家，
Lân đức lân hương bất ngã hà.,鄰德鄰香不我遐。
"Công hạ tộc đàm hà xứ thị,",公暇族談何處是，
Mộc tê hoa bạn thuỷ tiên ba.,木犀花畔水僊葩。
"Sơn lộ y tà thạch đặng nguy,",山路欹斜石磴危，
Bất sầu hành khổ khổ tương tư.,不愁行苦苦相思。
"Băng tiêu viễn giản liên thanh vận,",冰銷遠澗憐清韻，
Tuyết viễn hàn phong tưởng ngọc tư.,雪遠寒峰想玉姿。
"Mạc thính phàm ca “Xuân bệnh tửu”,",莫聽凡歌春病酒，
Hưu chiêu nhàn khách dạ tham kỳ.,休招閑客夜貪棋。
"Như tùng phỉ thạch minh trường tại,",如松匪石盟長在，
Tỉ dực liên khâm hội khẳng trì.,比翼連襟會肯遲。
"Tuy hận độc hành đông tận nhật,",雖恨獨行冬盡日，
Chung kỳ tương kiến nguyệt viên thì.,終期相見月圓時。
"Biệt quân hà vật kham trì tặng,",別君何物堪持贈，
Lệ lạc tình quang nhất thủ thi.,淚落晴光一首詩。
"Ngã gia xã công canh tạc chủ,",我家社公耕鑿主，
Cầu tình đắc tình vũ đắc vũ.,求晴得晴雨得雨。
"Kim xuân tác xã thần cánh hoan,",今春作社神更歡，
Trị ngã nhất niên tân bệnh dũ.,值我一年新病愈。
"Tường hạ tiểu đào hồng mãn chi,",墻下小桃紅滿枝，
Đường đông nhược liễu thuỳ kim ty.,塘東弱柳垂金絲。
"Xã phạn xuy hương xuất mao ốc,",社飯吹香出茅屋，
Lạp tửu nhất khuynh liên sổ chi.,腊酒一傾連數卮。
"Thổ cổ phùng phùng quá lâm tế,",土鼓逢逢過林際，
Tuý tháp sơn hoa cộng thần hý.,醉插山花共神戲。
"Cách lân kê điểu hỷ dục cuồng,",隔鄰雞鳥喜欲狂，
Tiếp tịch nhi đồng tiếu tương lỵ.,接席兒童笑相詈。
"Mãn nhiệt lô hương phần chỉ tiền,",滿爇爐香焚紙錢，
Đại gia tái bái kỳ phong niên.,大家再拜祈豐年。
"Phóng thần cảm đạo Kim Mã khách,",放臣敢道金馬客，
Minh nhật phù lê đồng há điền.,明日扶犁同下田。
"Đại cổ tác đà minh,",大鼓作鼉鳴，
Mỹ nhân hoa gian tương đối hành.,美人花間相對行。
"Hốt văn hoạnh xuy toạ trung khởi,",忽聞橫吹座中起，
Xuy xuất song song loan phụng thanh.,吹出雙雙鸞鳳聲。
"Phượng thanh vi mang tác phục chỉ,",鳳聲微茫作復止，
Phi nhập thanh thiên thái vân lý.,飛入青天彩雲裏。
"Đương diên thịnh tửu kim khuất chi,",當筵盛酒金屈卮，
"Chước tửu khuyến quân, quân mạc từ.",酌酒勸君君莫辭。
"Bất kiến đường tiền đào lý thụ,",不見堂前桃李樹，
Tạc nhật hoa phát kim không chi.,昨日花發今空枝。
"Đông gia tác quan náo xa mã,",東家作官鬧車馬，
Tây lân tòng quân năng kỵ xạ.,西鄰從軍能騎射。
"Nhất sinh trường khách biên tái gian,",一生長客邊塞間，
Phương thì bất tại hương quốc hạ.,芳時不在鄉國下。
"Hà như tải tửu minh vân hoà,",何如載酒鳴雲和，
Thủ chiết sơn hoa hành xướng ca.,手折山花行唱歌。
"Thiếu niên hữu tửu bất thống ẩm,",少年有酒不痛飲，
Bạch phát mãn đầu quân nại hà?,白髮滿頭君奈何？
"Hữu thạch kỳ tiễu thiên trác thành,",有石奇峭天琢成，
Hữu thảo yêu yêu đông hạ thanh.,有草夭夭冬夏青。
"Nhân ngôn xương bồ phi nhất chủng,",人言菖蒲非一種，
Thượng phẩm cửu tiết thông tiên linh.,上品九節通仙靈。
"Dị căn bất đới trần ai khí,",異根不帶塵埃氣，
Cô thao ái kết tuyền thạch minh.,孤操愛結泉石盟。
"Minh song tịnh kỷ hữu túc khế,",明窗凈幾有宿契，
Hoa lâm thảo thế vô giao tình.,花林草砌無交情。
"Dạ thâm bất hiềm thanh lộ trọng,",夜深不嫌清露重，
Thần quang nghi hữu bạch vân sinh.,晨光疑有白雲生。
"Nộn như Tần thì đồng nữ đăng Bồng Doanh,",嫩如秦時童女登蓬瀛，
Thủ huề lục ngọc trượng từ hành.,手攜綠玉杖徐行。
"Sấu như Thiên Thai sơn thượng thánh hiền tăng,",瘦如天台山上聖賢僧，
Hưu lương tuyệt lạp cô hạc hình.,休糧絕粒孤鶴形。
"Kình như ngũ bách nghĩa sĩ tòng Điền Hoành,",勁如五百義士從田橫，
Anh khí lẫm lẫm ma thanh minh.,英氣凜凜磨青冥。
"Thanh như tam thiên đệ tử lập Khổng đình,",清如三千弟子立孔庭，
Hồi cầm Điểm sắt thiên cơ minh.,回琴點瑟天機鳴。
"Đường tiền bất nhập hồng phấn ý,",堂前不入紅粉意，
Tịch thượng thường thính Thi Thư thanh.,席上常聽詩書聲。
"Quái thạch tiểu đãng giai sung cống,",怪石篠簜皆充貢，
Thử vật Thuấn miếu đương cộng đăng.,此物舜廟當共登。
"Thần Nông tri kỷ nhập bản thảo,",神農知己入本草，
Linh Quân tế hiền di tao kinh.,靈均蔽賢遺騷經。
"U nhân khu ngoạn phát tiên hứng,",幽人軀玩發仙興，
Phương sĩ phục nhị duyên tu linh.,方士服餌延修齡。
"Thái loan tử phụng kỳ hoa uyển,",彩鸞紫鳳琪花苑，
Xích cầu ngọc lân phù dung thành.,赤虯玉麟芙蓉城。
"Thượng giới chân nhân hảo thanh tịnh,",上界真人好清凈，
Kiến thử linh miêu đương đại kinh.,見此靈苗當大驚。
"Ngã dục huề chi triêu thái thanh,",我欲攜之朝太清，
Dao thảo bất cảm chuyên phương hinh.,瑤草不敢專芳馨。
"Ngọc Hoàng nhất tiếu lưu hương án,",玉皇一笑留香案，
Tích dữ hữu đạo giả trưởng sinh.,錫與有道者長生。
"Nhân gian thiên hoa vạn thảo tận vinh diễm,",人間千花萬草盡榮豔，
Vị tất cảm dữ thử thảo tranh cao danh.,未必敢與此草爭高名。
"Hán gia yên trần tại đông bắc,",漢家煙塵在東北，
Hán tướng từ gia phá tàn tặc.,漢將辭家破殘賊。
"Nam nhi bản tự trọng hoành hành,",男兒本自重橫行，
Thiên tử phi thường tứ nhan sắc.,天子非常賜顏色。
"Song kim phạt cổ há Du Quan,",摐金伐鼓下榆關，
Tinh kỳ uy di Kiệt Thạch gian.,旌旗逶迤碣石間，
"Hiệu uý vũ thư phi hãn hải,",校尉羽書飛瀚海，
Thiền Vu lạp hoả chiếu Lang San.,單于獵火照狼山。
"Sơn xuyên tiêu điều cực biên thổ,",山川蕭條極邊土，
Hồ kỵ bằng lăng tạp phong vũ.,胡騎憑陵雜風雨，
"Chiến sĩ quân tiền bán tử sinh,",戰士軍前半死生，
Mỹ nhân trướng hạ do ca vũ.,美人帳下猶歌舞。
"Đại mạc cùng thu tái thảo suy,",大漠窮秋塞草衰，
Cô thành lạc nhật đấu binh hy.,孤城落日鬥兵稀，
"Thân đương ân ngộ thường khinh địch,",身當恩遇常輕敵，
Lực tận quan sơn vị giải vi.,力盡關山未解圍。
"Thiết y viễn thú tân cần cửu,",鐵衣遠戍辛勤久，
Ngọc trợ ưng đề biệt ly hậu.,玉箸應啼別離後，
"Thiếu phụ thành nam dục đoạn trường,",少婦城南欲斷腸，
Chinh nhân Kế Bắc không hồi thủ.,征人薊北空回首。
"Biên đình phiêu dao na khả độ,",邊庭飄颻那可度，
Tuyệt vực thương mang cánh hà hữu.,絕域蒼茫更何有?
"Sát khí tam thời tác trận vân,",殺氣三時作陣雲，
Hàn thanh nhất dạ truyền điêu đẩu.,寒聲一夜傳刁斗。
"Tương khan bạch nhận huyết phân phân,",相看白刃血紛紛，
Tử tiết tòng lai khởi cố huân!,死節從來豈顧勳，
"Quân bất kiến sa trường chinh chiến khổ,",君不見沙場征戰苦，
Chí kim do ức Lý tướng quân.,至今猶憶李將軍。
"Thu phong tiêu sắt thiên khí lương,",秋風蕭瑟天氣涼，
Thảo mộc dao lạc lộ vi sương.,草木搖落露為霜。
"Quần yến từ quy nhạn Nam tường,",群燕辭歸雁南翔，
Niệm quân khách du tứ đoạn trường.,念君客遊思斷腸。
"Khiểm khiểm tư quy luyến cố hương,",慊慊思歸戀故鄉，
Quân hà yêm lưu ký tha phương.,君何淹留寄他方。
"Tiện thiếp quỳnh quỳnh thủ không phòng,",賤妾煢煢守空房，
Ưu lai tư quân bất cảm vong.,憂來思君不敢忘。
"Bất giác lệ hạ triêm y thường,",不覺淚下沾衣裳，
Viện cầm minh huyền phát “Thanh thương”.,援琴鳴絃發清商。
"Đoản ca vi ngâm bất năng trường,",短歌微吟不能長，
Minh nguyệt hạo hạo chiếu ngã sàng.,明月皎皎照我床。
"Tinh Hán tây lưu dạ vị ương,",星漢西流夜未央，
"Khiên Ngưu, Chức Nữ dao tương vọng,",牽牛織女遙相望，
Nhĩ độc hà cô hạn hà lương.,爾獨何辜限河梁。
"Hán gia thiên tướng tài thư hùng,",漢家天將才且雄，
Lai thời yết đế Minh Quang cung.,來時謁帝明光宮。
"Vạn thừa thân suy song khuyết hạ,",萬乘親推雙闕下，
Thiên quan xuất tiễn Ngũ Lăng đông.,千官出餞五陵東。
"Thệ từ giáp đệ kim môn lý,",誓辭甲第金門裏，
Thân tác Trường Thành Ngọc Tái trung.,身作長城玉塞中。
"Vệ Hoắc tài kham nhất kỵ tướng,",衛霍才堪一騎將，
Triều đình bất sổ Nhị Sư công.,朝廷不數貳師功。
"Triệu Nguỵ Yên Hàn đa kình tốt,",趙魏燕韓多勁卒，
Quan Tây hiệp thiếu hà bào bột.,關西俠少何咆勃。
"Báo thù chỉ thị văn thường đảm,",報讎只是聞嘗膽，
Ẩm tửu bất tằng phương quát cốt.,飲酒不曾妨刮骨。
"Hoạ kích điêu qua bạch nhật hàn,",畫戟雕戈白日寒，
Liên kỳ đại bái hoàng trần một.,連旗大旆黃塵沒。
"Điệp cổ dao phiên Hãn Hải ba,",疊鼓遙翻瀚海波，
Minh già loạn động Thiên Sơn nguyệt.,鳴笳亂動天山月。
"Kỳ lân cẩm đới bội Ngô câu,",麒麟錦帶佩吳鉤，
Táp đạp thanh ly dược tử lưu.,颯遝青驪躍紫騮。
"Bạt kiếm dĩ đoạn thiên kiêu tí,",拔劍已斷天驕臂，
Quy yên cộng ẩm Nhục Chi đầu.,歸鞍共飲月支頭。
"Hán binh đại hô nhất đương bách,",漢兵大呼一當百，
Lỗ kỵ tương khán khốc thả sầu.,虜騎相看哭且愁。
"Giao chiến tuy lệnh phó thang hoả,",教戰雖令赴湯火，
Chung tri thượng tướng tiên phạt mưu.,終知上將先伐謀。
"Yên Kinh nữ nhi thập lục thất,",燕京女儿十六七，
Nhan như hoa hồng nhãn như tất.,顏如花紅眼如漆。
"Lan hương mãn lộ mã trần phi,",蘭香滿路馬塵飛，
Thuý tụ lung tiên kiều dục trích.,翠袖籠鞭嬌欲滴。
"Xuân phong đạm đãng dao xuân tâm,",春風淡蕩搖春心，
Cẩm tranh ngân chúc cao đường thâm.,錦箏銀燭高堂深。
"Tú khâm bất noãn cẩm uyên mộng,",繡衾不暖錦鴛夢，
Tử liêm thuỳ vụ thiên trầm trầm.,紫帘垂霧天沉沉。
"Phương niên thuỳ tích khứ như thuỷ,",芳年誰惜去如水，
Xuân khốn trước nhân quyện sơ tẩy.,春困著人倦梳洗。
"Dạ lai tiểu vũ nhuận thiên nhai,",夜來小雨潤天街，
Mãn viện dương hoa phi bất khởi.,滿院楊花飛不起。
"Thiên đông nhật xuất thiên tây há,",天東日出天西下，
Thư phụng cô phi nữ long quả.,雌鳳孤飛女龍寡。
"Thanh khê bạch thạch bất tương vọng,",青溪白石不相望，
Đường trung viễn thậm Thương Ngô dã.,堂中遠甚蒼梧野。
"Đống bích sương hoa giao ẩn khởi,",凍壁霜華交隱起，
Phương căn trung đoạn hương tâm tử.,芳根中斷香心死。
"Lãng thừa hoạ khả ức thiềm thừ,",浪乘畫舸憶蟾蜍，
Nguyệt Nga vị tất thiền quyên tử.,月娥未必嬋娟子。
"Sở quản Man huyền sầu nhất khái,",楚管蠻弦愁一槩，
Không thành bãi vũ yêu chi tại.,空城罷舞腰支在。
"Đương thì hoan hướng chưởng trung tiêu,",當時歡向掌中銷，
"Đào Diệp, Đào Căn song tỷ muội.",桃葉桃根雙姊妹。
"Phá hoàn nuỵ đoạ lăng triêu hàn,",破鬟倭墮凌朝寒，
Bạch ngọc yến thoa hoàng kim thiền.,白玉燕釵黃金嬋。
"Phong xa vũ mã bất trì khứ,",風車雨馬不持去，
Lạp chúc đề hồng oán thiên thự.,蠟燭啼紅怨天曙。
"Tiền các vũ liêm sầu bất quyển,",前閣雨簾愁不捲，
Hậu đường phương thụ âm âm hiện.,後堂芳樹陰陰見。
"Thạch Thành cảnh vật loại hoàng tuyền,",石城景物類黃泉，
Dạ bán hành lang không giá đạn.,夜半行郎空柘彈。
"Lăng phiến hoán phong Xương Hạp thiên,",綾扇喚風閶闔天，
Khinh vi thuý mạc ba hồi tuyền.,輕幃翠幕波洄旋。
Thục hồn tịch mịch hữu bạn vị?,蜀魂寂寞有伴未，
Kỷ dạ chướng hoa khai mộc miên.,幾夜瘴花開木棉。
"Quế cung lưu ảnh quang nan thủ,",桂宮流影光難取，
Yên huân lan phá khinh khinh ngữ.,嫣熏蘭破輕輕語。
"Trực giao Ngân Hán đoạ bôi trung,",直教銀漢墮杯中，
Vị khiển Tinh phi trấn lai khứ.,未遣星妃鎮來去。
Trọc thuỷ thanh ba hà dị nguyên?,濁水清波何異源，
Tế hà thuỷ thanh Hoàng hà hồn.,濟河水清黃河渾。
"An đắc bạc vụ khởi tương quần,",安得薄霧起緗裙，
Thủ tiếp vân bình hô thái quân.,手接雲軿呼太君。
"Nguyệt lãng xung thiên thiên vũ thấp,",月浪衝天天宇濕，
Lương thiềm lạc tận sơ tinh nhập.,涼蟾落盡疎星入。
Vân bình bất động yểm cô tần.,雲屏不動掩孤嚬，
Tây lâu nhất dạ phong tranh cấp.,西樓一夜風箏急。
"Dục chức tương tư hoa ký viễn,",欲織相思花寄遠，
Chung nhật tương tư khước tương oán.,終日相思卻相怨。
"Đãn văn Bắc Đẩu thanh hồi hoàn,",但聞北斗聲迴環，
Bất kiến trường hà thuỷ thanh thiển.,不見長河水清淺！
"Kim ngư toả đoạn hồng quế xuân,",金魚鎖斷紅桂春，
Cổ thì trần mãn uyên ương nhân.,古時塵滿鴛鴦茵。
"Kham bi tiểu uyển tác trường đạo,",堪悲小苑作長道，
Ngọc thụ vị liên vong quốc nhân.,玉樹未憐亡國人。
"Dao cầm âm âm tàng Sở lộng,",瑤琴愔愔藏楚弄，
Việt la lãnh bạc kim nê trọng.,越羅冷薄金泥重。
"Liêm câu anh vũ dạ kinh sương,",簾鉤鸚鵡夜驚霜，
Hoán khởi nam vân nhiễu Vân Mộng.,喚起南雲繞雲夣。
"Song đang đinh đinh liên xích tố,",雙璫丁丁聯尺素，
Nội ký Tương xuyên tương thức xứ.,內記湘川相識處。
"Ca thần nhất thế hàm vũ khan,",歌脣一世銜雨看，
Khả tích hinh hương thủ trung cố.,可惜馨香手中故！
"Phong quang nhiễm nhiễm đông tây mạch,",風光冉冉東西陌，
Kỷ nhật kiều hồn tầm bất đắc.,幾日嬌魂尋不得。
"Mật phòng vũ khách loại phương tâm,",蜜房羽客類芳心，
Dã diệp xương điều biến tương thức.,冶葉倡條遍相識。
"Noãn ái huy trì đào thụ tây,",暖藹輝遲桃樹西，
Cao hoàn lập cộng đào hoàn tề.,高鬟立共桃鬟齊。
Hùng long thư phụng diểu hà hứa?,雄龍雌鳳杳何許？
Nhứ loạn ty phồn thiên diệc mê.,絮亂絲繁天亦迷。
"Tuý khởi vi dương nhược sơ thự,",醉起微陽若初曙，
Ánh liêm mộng đoạn văn tàn ngữ.,映簾夢斷聞殘語。
"Sầu tương thiết võng quyến san hô,",愁將鐵網罥珊瑚，
Hải khoát thiên khoan mê xứ sở.,海闊天寬迷處所。
"Y đới vô tình hữu khoan trách,",衣帶無情有寬窄，
Xuân yên tự bích thu sương bạch.,春煙自碧秋霜白。
"Nghiên đan phách thạch thiên bất tri,",研丹擘石天不知，
Nguyện đắc thiên lao toả oan phách.,願得天牢鎖冤魄。
"Giáp la uỷ khiếp đan tiêu khởi,",夾羅委篋單綃起，
Hương cơ lãnh sấn tranh tranh bội.,香肌冷襯琤琤佩。
"Kim nhật đông phong tự bất thăng,",今日東風自不勝，
Hoá tác u quang nhập tây hải.,化作幽光入西海。
"Nhất biệt Tần Hoài tương nhập tái,",一別秦淮將廿載，
Thiên nhai thuỳ lão khan do tại.,天涯垂老看猶在。
"Đoạn yên sầu trúc khấp Thương Ngô,",斷煙愁竹泣蒼梧，
Thốc bút thê văn lai trướng hải.,禿筆悽文來漲海。
"Yên thị kê minh động khách luân,",燕市雞鳴動客輪，
Cửu môn trì đạo túc hoàng trần.,九門馳道足黃塵。
"Tương phùng bất kiến Kim Đài lữ,",相逢不見金臺侶，
Đãn thuyết Kinh Kha thị tửu nhân.,但說荊軻是酒人。
"Ngũ Nhạc tế dật giai tam công,",五嶽祭秩皆三公，
Tứ phương hoàn trấn Tung đương trung.,四方環鎮嵩當中。
"Hoả Duy địa hoang túc yêu quái,",火維地荒足妖怪，
Thiên giả thần bính chuyên kỳ hùng.,天假神柄專其雄。
"Phún vân tiết vụ tàng bán phúc,",噴雲泄霧藏半腹，
Tuy hữu tuyệt đỉnh thuỳ năng cùng?,雖有絕頂誰能窮？
"Ngã lai chính phùng thu vũ tiết,",我來正逢秋雨節，
Âm khí hối muội vô thanh phong.,陰氣晦昧無清風。
"Tiềm tâm mặc đảo nhược hữu ứng,",潛心默禱若有應，
Khởi phi chính trực năng cảm thông?,豈非正直能感通？
"Tu du tĩnh tảo chúng phong xuất,",須臾靜掃眾峰出，
Ngưỡng kiến đột ngột sanh thanh không.,仰見突兀撐青空。
"Tử Cái liên duyên tiếp Thiên Trụ,",紫蓋連延接天柱，
Thạch Lẫm đằng trịch đồi Chúc Dung.,石廩騰擲堆祝融。
"Sâm nhiên phách động hạ mã bái,",森然魄動下馬拜，
Tùng bách nhất kính xu Linh Cung.,松柏一逕趨靈宮。
"Phân tường đan trụ động quang thái,",紛牆丹柱動光彩，
Quỷ vật đồ hoạ điền thanh hồng.,鬼物圖畫填青紅。
"Thăng giai ủ lũ tiến bô tửu,",升階傴僂薦脯酒，
Dục dĩ phi bạc minh kỳ trung.,欲以菲薄明其衷。
"Miếu nội lão nhân thức thần ý,",廟內老人識神意，
Huy hu trinh tứ năng cúc cung.,睢盱偵伺能鞠躬。
"Thủ trì bôi giảo đạo ngã trịch,",手持盃珓導我擲，
Vân thử tối cát dư nạn đồng.,云此最吉餘難同。
"Thoán trục Man hoang hạnh bất tử,",竄逐蠻荒幸不死，
Y thực tài túc cam trường chung.,衣食纔足甘長終。
"Hầu vương tướng tướng vọng cửu tuyệt,",侯王將相望久絕，
Thần tung dục phúc nan vi công.,神縱欲福難為功。
"Dạ đầu Phật tự thướng cao các,",夜投佛寺上高閣，
Tinh nguyệt yểm ánh vân đồng lung.,星月掩映雲曈曨。
"Viên minh chung động bất tri thự,",猿鳴鐘動不知曙，
Cảo cảo hàn nhật sinh ư đông.,杲杲寒日生於東。
"Phiên phiên bạch cưu,",翩翩白鳩，
Tái phi tái minh.,載飛載鳴。
"Hoài ngã quân đức,",懷我君德，
Lai tập quân đình.,來集君庭。
"Bạch tước trình thuỵ,",白雀呈瑞，
"Tố vũ minh tiên,",素羽明鮮，
"Tường đình vũ dực,",翔庭舞翼，
Dĩ ứng nhân càn.,以應仁乾。
"Giao giao minh cưu,",交交鳴鳩，
Hoặc Đơn hoặc Hoàng.,或丹或黃。
"Lạc ngã quân huệ,",樂我君惠，
Chấn vũ lai tường.,振羽來翔。
"Đông bích dư quang,",東璧餘光，
Ngư tại giang hồ.,魚在江湖。
"Huệ nhi bất phí,",惠而不費，
Kính ngã vi khu.,敬我微軀。
"Sách ngã lương tứ,",策我良駟，
Tập ngã khu trì.,習我驅馳。
"Dữ quân chu toàn,",與君周旋，
Lạc thủ vong dư.,樂首亡餘。
"Ngã tâm hư tĩnh,",我心虛靜，
Ngã chí triêm nhu.,我志沾濡。
"Đàn cầm cổ sắt,",彈琴鼓瑟，
Liêu dĩ tự ngu.,聊以自娛。
"Lăng vân đăng đài,",淩雲登臺，
Phù du thái thanh.,浮遊太清。
"Bản long phụ phụng,",扳龍附鳳，
Mục vọng thân khinh.,目望身輕。
"Đông lâm Kiệt Thạch,",東臨碣石，
Dĩ quan thương hải.,以觀滄海。
"Thuỷ hà đạm đạm,",水何澹澹，
Sơn đảo lạt trì.,山島辣峙。
"Thụ mộc tùng sinh,",樹木叢生，
Bách thảo phong mậu.,百草豐茂。
"Thu phong tiêu sắt,",秋風蕭瑟，
Hồng ba dũng khởi.,洪波湧起。
"Nhật nguyệt chi hành,",日月之行，
Nhược xuất kỳ trung;,若出其中；
"Tinh hán xán lạn,",星漢燦爛，
Nhược xuất kỳ lý.,若出其里。
"Hạnh thậm chí tai,",幸甚至哉，
Ca dĩ vịnh chí.,歌以詠志。
"Mạnh đông thập nguyệt,",孟冬十月，
"Bắc phong bồi hồi,",北風徘徊，
"Thiên khí túc thanh,",天氣肅清，
Phồn sương phi phi.,繁霜霏霏。
"Côn kê thần minh,",鶤雞晨鳴，
"Hồng nhạn nam phi,",鴻雁南飛，
"Chí điểu tiềm tàng,",鷙鳥潛藏，
Hùng bi quật tức.,熊羆窟息。
"Tiền bác đình trí,",錢鎛停置，
Nông thu tích trường.,農收積場。
"Nghịch lữ chỉnh thiết,",逆旅整設，
Dĩ thông cổ thương.,以通賈商。
Hạnh thậm chí tai!,幸甚至哉！
Ca dĩ vịnh chí.,歌以詠志。
"Hương thổ bất đồng,",鄉土不同，
Hà sóc long hàn.,河朔隆寒。
"Lưu ty phù phiêu,",流澌浮漂，
Chu thuyền hành nan.,舟船行難。
"Chuỳ bất nhập địa,",錐不入地，
Phong lại thâm áo.,蘴藾深奧。
"Thuỷ kiệt bất lưu,",水竭不流，
Băng kiên khả đạo.,冰堅可蹈。
"Sĩ ẩn giả bần,",士隱者貧，
Dũng hiệp khinh phi.,勇俠輕非。
"Tâm thường thán oán,",心常嘆怨，
Thích thích đa bi.,戚戚多悲。
Hạnh thậm chí tai!,幸甚至哉！
Ca dĩ vịnh chí.,歌以詠志。
"Ứng đản hà niên,",應誕何年，
Tú chung nhạc độc.,秀鍾嶽瀆。
"Chấn vị hiệp linh,",振位協靈，
Tuỵ phù tiễn cốc.,萃扶戩穀。
"Duy tư Lương giang,",惟思良江，
Tích tồn di lục.,積存遺錄。
"Tại Lý xiển phù,",在李闡符，
Đại hữu phong chúc.,代有封祝。
"Văn chỉ chi đông,",文址之東，
Tùng từ nhất thốc.,叢祠一簇。
"Trắc giáng nghiễm như,",陟降儼如，
Hưu tường trọng đốc.,休祥重篤。
"Tướng ngã hương lư,",相我鄉閭，
Tướng tương tín mục.,將相信睦。
"Đôn học vụ nông,",敦學務農，
Hy nhiên mỹ tục.,熙然美俗。
"Thần giám vô tư,",神監無私，
Tự sự khổng túc.,祀事孔肅。
"Vĩnh tích dĩ an,",永積以安，
Duy dân chi phúc.,惟民之福。
"Chân tâm chi dụng,",真心之用，
Tinh tinh tịch tịch.,惺惺寂寂。
"Vô khứ vô lai,",無去無來，
Vô tổn vô ích.,無損無益。
"Nhập đại nhập tiểu,",入大入小，
Nhậm thuận nhậm nghịch.,任順任逆。
"Động như vân hạc,",動如雲鶴，
Tĩnh như tường bích.,靜如牆壁。
"Kỳ khinh như mao,",其輕如毛，
Kỳ trọng như thạch.,其重如石。
"Sái sái nhi tịnh,",洒洒而淨，
Khoả khoả nhi xích.,躶躶而赤。
"Bất khả đạc lượng,",不可度量，
Toàn vô tung tích.,全無踪跡。
"Kim nhật vị quân,",今日為君，
Phân minh phẫu phách.,分明剖劈。
"Thu mộc thê thê,",秋木萋萋，
Kỳ diệp nuy hoàng.,其葉萎黃。
"Hữu điểu xứ sơn,",有鳥處山，
Tập ư bao tang.,集於苞桑。
"Dưỡng dục mao vũ,",養育毛羽，
Hình dung sinh quang.,形容生光。
"Ký đắc thăng vân,",既得昇雲，
Thượng du khúc phòng.,上遊曲房。
"Ly cung tuyệt khoáng,",離宮絕曠，
Thân thể tồi tàng.,身體摧藏。
"Chí niệm ức trầm,",志念抑沉，
Bất đắc hiệt hàng.,不得頡頏。
"Tuy đắc ẩm thực,",雖得飲食，
Tâm hữu hồi hoàng.,心有徊徨。
"Ngã độc y hà,",我獨伊河，
Lai vãng biến thường.,來往變常。
"Phiên phiên chi yến,",翩翩之燕，
Viễn tập tây khương.,遠集西羌。
"Cao sơn nga nga,",高山峨蛾，
Hà thuỷ ương ương.,河水泱泱。
"Phụ hề mẫu hề,",父兮母兮，
Đạo lý du trường.,道理悠長。
"Ô hô ai tai,",嗚呼哀哉，
Ưu tâm trắc thương.,懮心惻傷。
"Gia hữu mãnh cẩu,",家有猛狗，
Đạo tặc khước tẩu.,盜賊却走。
"Gia hữu chí phụ,",家有鷙婦，
Bằng hữu bất hữu.,朋友不友。
"Cẩu thủ dĩ khẩu,",狗守以口，
Phụ dĩ khẩu thủ.,婦以口守。
"Chí phụ chi khẩu,",鷙婦之口，
Hiền ư mãnh cẩu chi khẩu.,賢於猛狗之口。
"Đạm nhiên tự thủ,",淡然自守，
Duy đức thị vụ.,唯德是務。
Hoặc vân thiện ngôn,或云善言，
Quyền quyền nhất cú.,拳拳一句。
Tâm vô bỉ ngã,心無彼我，
Ký tuyệt hôn mai.,既絕昏霾。
"Nhật dạ trắc giáng,",日夜陟降，
Vô hình khả trú.,無形可住。
"Như ảnh, như hưởng,",如影如響，
Vô tích khả thú.,無跡可趣。
"Đan hà tế nhật,",丹霞蔽日，
Thái hồng thuỳ thiên.,彩虹垂天。
"Cốc thuỷ sàn sàn,",谷水潺潺，
Mộc lạc phiên phiên.,木落翩翩。
"Cô cầm thất quần,",孤禽失群，
Bi minh vân gian.,悲鳴雲間。
"Nguyệt doanh tắc xung,",月盈則沖，
Hoa bất tái phồn.,華不再繁。
"Cổ lai hữu chi,",古來有之，
Ta ngã hà ngôn.,嗟我何言。
"Đạo vô ảnh tượng,",道無影像，
Xúc mục phi dao.,觸目非遙。
"Tự phản suy cầu,",自反推求，
Mạc cầu tha đắc.,莫求他得。
"Túng nhiêu cầu đắc,",縱饒求得，
Đắc tức bất chân.,得即不真。
"Thiết sử đắc chân,",設使得真，
Chân thị hà vật?,真是何物？
"Ô hô Công Cẩn,",嗚呼公瑾，
"Bất hạnh yêu vong,",不幸夭亡，
"Tu đoản cố thiên,",修短故天，
Nhân khởi bất thương?,人豈不傷？
"Ngã tâm thực thống,",我心實痛，
Lỗi tửu nhất thương.,酹酒一觴。
"Quân kỳ hữu linh,",君其有靈，
Hưởng ngã chưng thường!,享我烝嘗！
"Điếu quân ấu học,",弔君幼學，
Dĩ giao Bá Phù;,以交伯符；
"Trượng nghĩa sơ tài,",仗義疏財，
Nhượng xá dĩ cư.,讓舍以居。
"Điếu quân nhược quan,",弔君弱冠，
Vạn lý bằng đoàn;,萬里鵬摶；
"Định kiến bá nghiệp,",定建霸業，
Cát cứ Giang Nam.,割據江南。
"Điếu quân tráng lực,",弔君壯力，
Viễn trấn Ba Khâu;,遠鎮巴丘；
"Cảnh Thăng hoài lự,",景升懷慮，
Thảo nghịch vô ưu.,討逆無憂。
"Điếu quân phong độ,",弔君風度，
Giai phối Tiểu Kiều;,佳配小喬；
"Hán thần chi tế,",漢臣之婿，
Bất quý đương triều.,不愧當朝。
"Điếu quân khí khái,",弔君氣概，
Gián trở nạp chất;,諫阻納質；
"Thuỷ bất thuỳ sí,",始不垂翅，
Chung năng phấn dực.,終能奮翼。
"Điếu quân bà dương,",弔君鄱陽，
Tưởng Cán lai thuyết;,蔣幹來說；
"Huy sái tự như,",揮灑自如，
Nhã lượng cao chí.,雅量高志。
"Điếu quân hoằng tài,",弔君弘才，
Văn võ trù lược;,文武籌略；
"Hoả công phá địch,",火攻破敵，
Vãn cường vi nhược.,挽強為弱。
"Tưởng quân đương niên,",想君當年，
Hùng tư anh phát.,雄姿英發。
"Khốc quân tảo thệ,",哭君早逝，
Phủ địa lưu huyết.,俯地流血。
"Trung nghĩa chi tâm,",忠義之心，
Anh linh chi khí.,英靈之氣。
"Mệnh chung tam kỷ,",命終三紀，
Danh thuỳ bách thế.,名垂百世。
"Ai quân tình thiết,",哀君情切，
Sầu trường thiên kết.,愁腸千結。
"Duy ngã can đảm,",惟我肝膽，
Bi vô đoạn tuyệt.,悲無斷絕。
"Hạo thiên hôn ám,",昊天昏暗，
Tam quân sảng nhiên.,三軍愴然。
"Chủ vi ai khấp,",主為哀泣，
Hữu vi lệ liên.,友為淚漣。
"Lượng dã bất tài,",亮也不才，
Cái kế cầu mưu.,丐計求謀。
"Trợ Ngô cự Tào,",助吳拒曹，
Phụ Hán an Lưu.,輔漢安劉。
"Ỷ giốc chi viện,",掎角之援，
Thủ vĩ tương trù.,首尾相儔。
"Nhược tồn nhược vong,",若存若亡，
Hà lự hà ưu?,何慮何憂？
Ô hô công cẩn!,嗚呼公瑾！
Sinh tử vĩnh biệt!,生死永別！
"Phác thủ kỳ trinh,",朴守其貞，
Minh minh diệt diệt.,冥冥滅滅。
"Hồn như hữu linh,",魂如有靈，
Dĩ giám ngã tâm.,以鑒我心。
"Tòng thử thiên hạ,",從此天下，
Cánh vô tri âm!,更無知音！
Ô hô thống tai!,嗚呼痛哉！
Phục duy thượng hưởng!,伏惟尚饗！
"Ngưỡng chiêm duy mạc,",仰瞻帷幕，
Phủ sát kỷ diên.,俯察几筵。
"Kỳ vật như cố,",其物如故，
Kỳ nhân bất tồn.,其人不存。
"Thần linh thúc hốt,",神靈倏忽，
Khí ngã hà thiên.,棄我遐遷。
"Mỹ chiêm mỹ thị,",靡瞻靡恃，
Khấp thế liên liên.,泣涕漣漣。
"U u du lộc,",呦呦遊鹿，
Thảo thảo minh nghê.,草草鳴麑。
"Phiên phiên phi điểu,",翩翩飛鳥，
Hiệp tử sào chi.,挾子巢枝。
"Ngã độc cô quỳnh,",我獨孤煢，
Hoài thử bách ly.,懷此百離。
"Ưu tâm khổng cứu,",憂心孔疚，
Mạc ngã năng tri.,莫我能知。
Nhân diệc hữu ngôn:,人亦有言：
“Ưu linh nhân lão.”,「憂令人老。」
"Ta ngã bạch phát,",嗟我白髮，
Sinh nhất hà tảo?,生一何蚤？
"Thường ngâm vĩnh thán,",常吟永嘆，
Hoài ngã thánh khảo.,懷我聖考。
"Viết “Nhân giả thọ”,",曰「仁者壽」，
Hồ bất thị bảo?,胡不是保？
"Đối tửu đương ca,",對酒當歌，
Nhân sinh kỷ hà:,人生幾何：
"Thí như triêu lộ,",譬如朝露，
Khứ nhật khổ đa.,去日苦多。
"Khái đương dĩ khảng,",慨當以慷，
Ưu tư nan vong.,憂思難忘。
Hà dĩ giải ưu:,何以解憂：
Duy hữu Đỗ Khang.,惟有杜康。
"Thanh thanh tử khâm,",青青子衿，
Du du ngã tâm.,悠悠我心。
"Đãn vị quân cố,",但為君故，
Trầm ngâm chí kim.,沉吟至今。
"U u lộc minh,",呦呦鹿鳴，
Thực dã chi bình.,食野之苹。
"Ngã hữu gia tân,",我有嘉賓，
Cổ sắt xuy sinh.,鼓瑟吹笙。
"Hạo hạo như nguyệt,",皎皎如月，
Hà thời khả chuyết?,何時可輟？
"Ưu tòng trung lai,",憂從中來，
Bất khả đoạn tuyệt.,不可斷絕。
"Việt mạch độ thiên,",越陌度阡，
Uổng dụng tương tồn.,枉用相存。
"Khế khoát đàm yến,",契闊談宴，
Tâm niệm cựu ân.,心念舊恩。
"Nguyệt minh tinh hy,",月明星稀，
"Ô thước nam phi,",烏鵲南飛，
"Nhiễu thụ tam tạp,",繞樹三匝，
Vô chi khả y.,無枝可依。
"Sơn bất yếm cao,",山不厭高，
Thuỷ bất yếm thâm.,水不厭深。
"Chu Công thổ bộ,",周公吐哺，
Thiên hạ quy tâm.,天下歸心。
"Nhật nguyệt kỳ thệ,",日月其逝，
Tuế bất ngã lưu.,歲不我留。
"Hữu tửu doanh thương,",有酒盈觴，
Nan dĩ giải ưu.,難以解憂。
"Chu Tây Bá Xương,",周西伯昌，
Hoài thử thánh đức.,懷此聖德。
"Tam phân thiên hạ,",三分天下，
Nhi hữu kỳ nhị.,而有其二。
"Tu phụng cống hiến,",脩奉貢獻，
Thần tiết bất long.,臣節不隆。
"Sùng Hầu sàm chi,",崇侯讒之，
Thị dĩ câu hệ.,是以拘繫。
"Hậu kiến xá nguyên,",後見赦原，
"Tứ chi phủ việt,",賜之斧鉞，
Đắc sử chinh phạt.,得使征伐。
"Vi Trọng Ni sở xưng,",為仲尼所稱，
"Đạt cập đức hạnh,",達及德行，
"Do phụng sự Ân,",猶奉事殷，
Luận tự kỳ mỹ.,論敍其美。
"Tề Hoàn chi công,",齊桓之功，
Vi bá chi thủ.,為霸之首。
"Cửu hợp chư hầu,",九合諸侯，
Nhất khuông thiên hạ.,一匡天下。
"Nhất khuông thiên hạ,",一匡天下，
Bất dĩ binh xa.,不以兵車。
"Chính nhi bất quyệt,",正而不譎，
Kỳ đức truyền xưng.,其德傳稱。
"Khổng Tử sở thán,",孔子所歎，
"Tịnh xưng Di Ngô,",並稱夷吾，
Dân thụ kỳ ân.,民受其恩。
"Tứ dữ miếu tộ,",賜與廟胙，
Mệnh vô hạ bái.,命無下拜。
"Tiểu Bạch bất cảm nhĩ,",小白不敢爾，
Thiên uy tại nhan chỉ xích.,天威在顏咫尺。
"Tấn Văn diệc bá,",晉文亦霸，
Cung phụng thiên vương.,躬奉天王。
"Thụ tứ khuê toản,",受賜珪瓚，
"Cự sưởng đồng cung,",秬鬯彤弓，
"Lô cung thỉ thiên,",盧弓矢千，
Hổ bôn tam bách nhân.,虎賁三百人。
"Uy phục chư hầu,",威服諸侯，
Sư chi sở tôn.,師之所尊。
"Bát phương văn chi,",八方聞之，
Danh á Tề Hoàn.,名亞齊桓。
"Hà Dương chi hội,",河陽之會，
"Trá xưng Chu vương,",詐稱周王，
Thị kỳ danh phân ba.,是其名紛葩。
"Ưu tâm như phẫn,",憂心如焚，
Điệt dụng bi cụ.,迭用悲懼。
"Xuân hoa ký vẫn,",春花既隕，
Hạ diệp không tồn.,夏葉空存。
"Thu biểu nhập lâm,",秋飚入林，
Mộc diệp tiêu sâm.,木葉蕭森。
"Hàn thiền minh thụ,",寒蟬鳴樹，
Cảm vật bi thâm.,感物悲深。
"Dung hoa dịch suy,",容華易衰，
Thịnh thời nan tái.,盛時難再。
"Kim ngã bất lạc,",今我不樂，
Hốt yên cải tuế.,忽焉改歲。
"Vi lạc như hà,",爲樂如何，
Hữu tửu đương ca.,有酒當歌。
"Nhân chi vân viễn,",人之云遠，
Biệt nhật khổ đa.,別日苦多。
"Thiên địa gian,",天地間，
Nhân vi quý.,人為貴。
"Lập quân mục dân,",立君牧民，
Vị chi quỹ tắc.,為之軌則。
"Xa triệt mã tích,",車轍馬跡，
Kinh vĩ tứ cực.,經緯四極。
"Truất trắc u minh,",黜陟幽明，
Lê thứ phồn tức.,黎庶繁息。
"Ư thước hiền thánh,",於鑠賢聖，
Tổng thống bang vực.,總統邦域。
"Phong kiến ngũ tước,",封建五爵，
"Tỉnh điền, hình ngục.",井田刑獄。
"Hữu phần đan thư,",有燔丹書，
Vô phổ xá thục.,無普赦贖。
"Cao Đào phủ hầu,",皋陶甫侯，
Hà hữu thất chức.,何有失職。
"Ta tai hậu thế,",嗟哉後世，
Cải chế dịch luật.,改制易律。
"Lao dân vị quân,",勞民為君，
Dịch phú kỳ lực.,役賦其力。
"Thuấn tất thực khí,",舜漆食器，
Bạn giả thập quốc.,畔者十國。
"Bất cập Đường Nghiêu,",不及唐堯，
Thái chuyên bất chước.,采椽不斫。
"Thế thán Bá Di,",世嘆伯夷，
Dục dĩ lệ tục.,欲以厲俗。
"Xỉ ác chi đại,",侈惡之大，
Kiệm vi cộng đức.,儉為共德。
"Hứa Do thôi nhượng,",許由推讓，
Khởi hữu tụng khúc?,豈有訟曲？
"Kiêm ái, thượng đồng,",兼愛尚同，
Sơ giả vi thích.,疏者為戚。
"Yêu yêu viên đào,",夭夭園桃，
Vô tử không trường.,無子空長。
"Hư mỹ nan giá,",虛美難假，
Thiên luân bất hành.,偏輪不行。
"Hoài Âm ngũ hình,",淮陰五刑，
Điểu tận cung tàng.,鳥盡弓藏。
"Bảo thân tồn danh,",保身存名，
Độc hữu Tử Phòng.,獨有子房。
"Đại phẫn bất thâu,",大憤不收，
Bao y vô đới.,褒衣無帶。
"Đa ngôn quả thành,",多言寡誠，
Chi linh sự bại.,祗令事敗。
"Tô Tần chi thuyết,",蘇秦之說，
Lục quốc dĩ vong.,六國已亡。
"Khuynh trắc mại chúa,",傾側賣主，
Xa liệt cố đương.,車裂固當。
"Hiền hĩ Trần Chẩn,",賢矣陳軫，
Trung nhi hữu mưu.,忠而有謀。
"Sở Hoài bất tòng,",楚懷不從，
Hoạ tốt bất cứu.,禍卒不救。
"Hoạ phu Ngô Khởi,",禍夫吳起，
Tri tiểu mưu đại.,知小謀大。
"Tây Hà hà kiện,",西河何健，
Phục thi hà liệt.,伏尸何劣。
"Ta bỉ Quách sinh,",嗟彼郭生，
Cổ chi nhã nhân!,古之雅人！
"Trí hĩ Yên Chiêu,",智矣燕昭，
Khả vị đắc thần.,可謂得臣。
"Nga nga Trọng Liên,",峨峨仲連，
"Tề chi cao sĩ,",齊之高士，
"Bắc từ thiên kim,",北辭千金，
Đông đạo thương hải.,東蹈滄海。
"Sơn yên nùng uất,",山煙濃鬱，
Hải ba xung dung.,海波沖瀜。
"Tiên công ấm trạch,",先公蔭澤，
Dữ vi vô cùng.,與為無窮。
"Di ái tư phổ,",遺愛斯普，
Âu đức tụng công.,謳德頌功。
"Lê viên tử đệ,",梨園子弟，
Thẩn tại bình mông.,矧在帡幪。
"Sự biến hà thường,",事變何常，
Bỉnh hiếu tắc đồng.,秉好則同。
"Hiên nga thế từ,",軒峨世祠，
Khai trương cố chỉ.,開張故址。
"Chiếu minh huân hao,",照明焄蒿，
Trắc giáng duy thuỷ.,陟降維始。
"Trở đậu vi báo,",俎豆為報，
Ngô nhân vĩnh thỉ.,吾人永矢。
"Miếu nhạc ung ung,",廟樂雍雍，
Tái ca tái xuý.,載歌載吹。
"Thoả chi hựu chi,",妥之侑之，
Khang thường tích chỉ.,康常錫祉。
"Hồng hộc cao phi,",鴻鵠高飛，
Nhất cử thiên lý.,一舉千里。
"Vũ cách dĩ tựu,",羽翮已就，
Hoành tuyệt tứ hải.,橫絕四海。
"Hoành tuyệt tứ hải,",橫絕四海，
Đương khả nại hà!,當可奈何！
"Tuy hữu tăng chước,",雖有繒繳，
Thượng an sở thi!,尚安所施！
"Hữu cú vô cú,",有句無句，
Đằng khô thụ đảo.,藤枯樹倒。
"Kỷ cá nạp tăng,",幾個衲僧，
"Chàng đầu hạp não,",撞頭嗑腦。
"Hữu cú vô cú,",有句無句，
Thể lộ kim phong.,體露金風。
Căng già sa số.,兢伽沙數，
Phạm nhẫn thương phong.,犯刃傷鋒。
Hữu cú vô cú,有句無句，
Lập tông lập chỉ.,立宗立旨。
"Đả ngoã toàn quy,",打瓦鑽龜，
Đăng sơn thiệp thuỷ.,登山涉水。
"Hữu cú vô cú,",有句無句，
Phi hữu phi vô.,非有非無。
"Khắc chu cầu kiếm,",刻舟求劍，
Sách ký án đồ.,索驥按圖。
"Hữu cú vô cú,",有句無句，
Hỗ bất hồi hỗ.,互不回互。
"Lạp tuyết hài hoa,",笠雪鞋花，
Thủ chu đãi thố.,守株待兔。
"Hữu cú vô cú,",有句無句，
Tự cổ tự kim.,自古自今。
"Chấp chỉ vong nguyệt,",執指忘月，
Bình địa lục trầm.,平地陸沉。
"Hữu cú vô cú,",有句無句，
Như thị như thị.,如是如是。
"Bát tự đả khai,",八字打開，
Toàn vô ba tị.,全無巴鼻。
"Hữu cú vô cú,",有句無句，
Cố tả cố hữu.,顧左顧右。
"A thích thích địa,",阿刺刺地，
Náo quát quát địa.,鬧聒聒地。
"Hữu cú vô cú,",有句無句，
Điêu điêu đát đát.,忉忉怛怛。
"Tiệt đoạn cát đằng,",截斷葛藤，
Bỉ thử khoái hoạt.,彼此快活。
"Hữu tửu, hữu tửu,",有酒有酒，
Châm chi chước chi.,斟之酌之。
"Chúng nhân giai mính,",眾人皆酩，
Ngã tỉnh hà vi.,我醒何為。
"Phiên phiên kỳ tâm,",翩翩其心，
Du du thuỳ ti.,悠悠誰思。
"Trầm ưu uất kết,",沉憂鬱結，
Nhi vô kiến thi.,而無見詩。
"Tự thiếu cô tiện,",自少孤賤，
Duy huynh thị y.,惟兄是依。
"Nhất triều quyết tuyệt,",一朝決絕，
Kiết nhiên cư ly.,恝然居離。
"Hà như đương sơ,",何如當初，
Bất tiện tương tri.,不便相知。
"Nhân sinh tại thế,",人生在世，
Đa thử khổ bi.,多此苦悲。
"Bồng lai hữu vô,",蓬萊有無，
Đào nguyên thị phi.,桃源是非。
"Tri âm bất dị,",知音不易，
Diệc dĩ yên nhi.,亦已焉而。
"Công vô độ hà,",公無渡河，
Công cánh độ hà.,公竟渡河。
"Truỵ hà nhi tử,",墜河而死，
Đương nại công hà!,當奈公何！
"Phúc thuỷ thanh thanh,",福水清清，
Thế đốc hiền anh.,世篤賢英。
"Ân tư cần tư,",恩斯勤斯，
Úc tử vu thành.,勗子于成。
"Duy ngô phu tử,",維吾夫子，
Ân uý tiềm hinh.,恩慰潜馨。
"Duy hiếu duy nghĩa,",惟孝惟義，
Bất nhược kỳ hành.,不若其行。
"Tiên thu hoàng cảnh,",先秋遑警，
Học thần đề binh.,學臣提兵。
"Tại sư nguyên khải,",在師元啟，
Tập khảm nhi hanh.,習坎而亨。
"Đế gia hiếu nghĩa,",帝嘉好義，
Liệt chi cửu khanh.,列之九卿。
"Hoàng hoàng cổn tảo,",惶惶袞藻，
Trung thần dĩ vinh.,忠臣以榮。
"Bách niên tầm bật,",百年尋弼，
Thiên thu hãn thanh.,千秋汗青。
"Phu cẩu vi thiện,",夫苟為善，
Tuy hối tất minh.,雖晦必明。
"Phàm ngã thân chích,",凡我親炙，
Kính thị tư minh.,敬視斯銘。
"Hữu mỹ nhất nhân,",有美一人，
Bị phục tiêm la.,被服纖羅。
"Yêu tư diễm lệ,",妖姿艷麗，
Ống nhược xuân hoa.,蓊若春華。
"Hồng nhan vĩ diệp,",紅顏韡燁，
Vân kế tha nga.,雲髻嵯峨。
"Đàn cầm phủ tiết,",彈琴撫節，
Vị ngã huyền ca.,為我弦歌。
"Thanh trọc tề quân,",清濁齊均，
Ký lượng thả hoà.,既亮且和。
"Thủ lạc kim nhật,",取樂今日，
Hoàng tuất kỳ tha.,遑卹其它。
"Chủng chủng hư nguỵ,",種種虛偽，
Vô pháp khả đắc.,無法可得。
"Bệnh nhãn không hoa,",病眼空花，
Vọng phân nam bắc.,妄分南北。
"Dã bất tạo ác,",也不造惡，
Dã bất tu thiện.,也不修善。
"Thuỵ lai đả miên,",睡來打眠，
Cơ lai khiết phạn.,饑來喫飯。
"Tòng tha nhiễu nhiễu,",從他擾擾，
Nhậm nhĩ phân phân.,任爾紛紛。
"Nguyên lai y cựu,",元來依舊，
Thái vũ chủ nhân.,泰宇主人。
"Nhân sinh bách nghệ,",人生百藝，
Văn học vi tiên.,文學為先。
"Nho sĩ thị trân,",儒士是珍，
Thi thư thị bảo.,詩書是寶。
"Cổ giả thánh hiền,",古者聖賢，
Dịch tử nhi giáo.,易子而教。
"Đức hạnh thuần hoà,",德行純和，
Trạch vi sư hữu.,擇為師友。
"Dưỡng nhi bất giáo,",養而不教，
Nãi phụ chi quá.,乃父之過。
"Giáo nhi bất nghiêm,",教而不嚴，
Nãi sư chi noạ.,乃師之惰。
"Học vấn bất cần,",學問不勤，
Nãi tử chi ác.,乃子之惡。
"Hậu tòng tiên giác,",後從先覺，
Giám cổ tri kim.,鑑古知今。
"Học hữu tam tâm,",學有三心，
Bất khả thất nhất.,不可失一。
"Phụ mẫu hậu thật,",父母厚實，
Tử học cần mẫn.,子學勤敏。
"Nghiêm sư tác thành,",嚴師作成，
Nhân hữu tam tình.,人有三情。
"Khả sự như nhất,",可事如一，
Phi phụ bất sinh.,非父不生。
"Phi quân bất vinh,",非君不榮，
Phi sư bất thành.,非師不成。
"Hữu đạo đức giả,",有道德者，
Tử tôn thông minh.,子孫聰明。
"Vô đạo đức giả,",無道德者，
Tử tôn ngu muội.,子孫愚昧。
"Dưỡng nam bất giáo,",養男不教，
Bất như dưỡng lư.,不如養驢。
"Dưỡng nữ bất giáo,",養女不教，
Bất như dưỡng trư.,不如養豬。
"Huấn đạo chi sơ,",訓導之初，
Tiên thủ lễ pháp.,先守禮法。
"Bất tri vấn đáp,",不知問答，
Thị vi ngu si.,是為愚癡。
"Bất giáo nhi thiện,",不教而善，
Phi Thánh nhi hà.,非聖而何。
"Giáo nhi hậu thiện,",教而後善，
Phi Hiền nhi hà.,非賢而何。
"Giáo diệc bất thiện,",教亦不善，
Phi ngu nhi hà.,非愚而何。
"Khốn nhi tri chi,",困而知之，
Phi trí nhi hà.,非智而何。
"Hữu điền bất canh,",有田不耕，
Thương lẫm không hư.,倉廩空虛。
"Hữu thư bất giáo,",有書不教，
Tử tôn ngoan ngu.,子孫頑愚。
"Thương lẫm không hề,",倉廩空兮，
Tuế thời phạp thực.,歲時乏食。
"Tử tôn ngu hề,",子孫愚兮，
Lễ nghĩa toàn vô.,禮義全無。
"Phàm nhân bất học,",凡人不學，
Minh như dạ hành.,冥如夜行。
"Thính thi như tủng,",聽詩如聳，
Vọng tự như manh.,望字如盲。
"Ấu nhi cần học,",幼而勤學，
Trưởng tắc thi hành.,長則施行。
"Chính tâm tu thân,",正心修身，
Tề gia trị quốc.,齊家治國。
"Sĩ tu ư gia,",士修於家，
Tự hương nhi quốc.,自鄉而國。
"Khoa mục triêu tước,",科目朝爵，
Hữu độc thư nhân.,有讀書人。
"Bần nhi cần học,",貧而勤學，
Khả dĩ lập thân.,可以立身。
"Phú nhi cần học,",富而勤學，
Ích vinh kỳ danh.,益榮其名。
"Khai quyển hữu ích,",開卷有益，
Chí giả cánh thành.,志者竟成。
"Bác học quảng vấn,",博學廣問，
Kỳ trí ích minh.,其智益明。
"Bất sỉ hạ vấn,",不恥下問，
Nghĩa lý ích tinh.,義理益精。
"Độc học vô hữu,",獨學無友，
Cô lậu quả văn.,孤陋寡聞。
"Nhân hữu ngũ luân,",人有五倫，
Cương thường vi thủ.,綱常為首。
"Bất tri cương thường,",不知綱常，
Hà dị cầm thú.,何異禽獸。
"Phong nghĩ hữu chủ,",蜂蟻有主，
Huống ư nhân hồ.,況於人乎。
"Tam cương cửu trù,",三綱九疇，
Cổ kim bất dịch.,古今不易。
"Vi quân chỉ kính,",為君止敬，
Vi thần chỉ trung.,為臣止忠。
"Vi phụ chỉ từ,",為父止慈，
Vi tử chỉ hiếu.,為子止孝。
"Vi huynh chỉ ái,",為兄止愛，
Vi đệ chỉ cung.,為弟止恭。
"Vi phu chỉ hoà,",為夫止和，
Vi phụ chỉ thuận.,為婦止順。
"Bằng hữu chỉ tín,",朋友止信，
Trưởng ấu chỉ khiêm.,長幼止謙。
"Hương đảng chỉ hoà,",鄉黨止和，
Lân bàng chỉ nhượng.,鄰旁止讓。
"Hành giả nhượng lộ,",行者讓路，
Canh giả nhượng bạn.,耕者讓畔。
"Quá khuyết tắc hạ,",過闕則下，
Quá miếu tắc xu.,過廟則趨。
"Xuất nhập khởi cư,",出入起居，
Phi lễ bất chỉnh.,非禮不整。
"Ngôn ngữ ẩm thực,",言語飲食，
Phi lễ bất túc.,非禮不肅。
"Tu thân quả dục,",修身寡欲，
Cần kiệm tề gia.,勤儉齊家。
"Cấm chỉ xa hoa,",禁止賒華，
Tu phòng hậu dụng.,須防後用。
"Đắc vinh tư nhục,",得榮思辱，
Cư an lự nguy.,居安慮危。
"Đạo cao đức trọng,",道高德重，
Bất sỉ tệ y.,不恥弊衣。
"Tích cốc phòng cơ,",積穀防饑，
Tích y phòng hàn.,積衣防寒。
"Kiệm tắc thường túc,",儉則常足，
Tĩnh tắc thường an.,靜則常安。
"Cẩn bị phòng gian,",謹備防姦，
Dưỡng tử phòng lão.,養子防老。
"Sự thân ký hiếu,",事親既孝，
Tử diệc hiếu chi.,子亦孝之。
"Phụng dưỡng lễ nghi,",奉養禮儀，
Mạc tị ô uế.,莫避污穢。
"Phụ mẫu tại đường,",父母在堂，
Bất khả viễn du.,不可遠遊。
"Thân thể phát phu,",身體髮膚，
Thụ chi phụ mẫu.,受之父母。
"Bất cảm huỷ thương,",不敢毀傷，
Hiếu chi thuỷ dã.,孝之始也。
"Lập thân hành đạo,",立身行道，
Dương danh ư hậu.,揚名於後。
"Dĩ hiển phụ mẫu,",以顯父母，
Hiếu chi chung dã.,孝之終也。
"Dục hoà thượng hạ,",欲和上下，
Nhẫn tự vi tiên.,忍字為先。
"Quân thần nhẫn chi,",君臣忍之，
Quốc thế bảo toàn.,國勢保全。
"Phụ tử nhẫn chi,",父子忍之，
Tự toàn kỳ đạo.,自全其道。
"Huynh đệ nhẫn chi,",兄弟忍之，
Gia trung vô hại.,家中無害。
"Phu phụ nhẫn chi,",夫婦忍之，
Linh tử bất cô.,令子不孤。
"Bằng hữu nhẫn chi,",朋友忍之，
Kỳ tình bất sơ.,其情不疏。
"Tự thân nhẫn chi,",自身忍之，
Nhân nhân ái lạc.,人人愛樂。
"Gia trung đổ bác,",家中賭博，
Nam nữ giai ác.,男女皆惡。
"Gia trung hữu cầm,",家中有琴，
Nữ tử tất dâm.,女子必淫。
"Gia trung hữu kỳ,",家中有棋，
Nam tử tất suy.,男子必衰。
"Gia trung hữu chế,",家中有制，
Nam nữ thủ lễ.,男女守禮。
"Sự vô đại tiểu,",事無大小，
Vô đắc tranh hành.,無得爭衡。
"Tài sản phân minh,",財產分明，
Cung cấp quần chúng.,供給群眾。
"Mạc thụ châu ngọc,",莫受珠玉，
Ái tử tôn hiền.,愛子孫賢。
"Hoà mục vi tiên,",和睦為先，
Thành vi mỹ tục.,誠為美俗。
"Hôn nhân trạch phối,",婚姻擇配，
Tiên tế gia phong.,先齊家風。
"Thanh khiết khuê phòng,",清潔閨房，
Chủ quỹ tần tảo.,主饋蘋藻。
"Quả ngôn cẩn hậu,",寡言謹厚，
Chấp thuận xướng tuỳ.,執順唱隨。
"Đức hạnh biểu nghi,",德行表儀，
Bất tu nhan sắc.,不須顏色。
"Tử hiền mẫu đức,",子賢母德，
Nữ xuất cung phi.,女出宮妃。
"Tử hiếu tôn từ,",子孝孫慈，
Thê hiền tử quý.,妻賢子貴。
"Nghiệt thê bại tự,",孽妻敗嗣，
Đố phụ loạn gia.,妒婦亂家。
"Xảo quyệt thị tà,",巧譎是邪，
Kiêu ngoa thị trá.,驕訛是詐。
"Phụ nhân nội trợ,",婦人內助，
Thịnh suy chi do.,盛衰之由。
"Hiền nữ kính phu,",賢女敬夫，
Si nhân uý phụ.,癡人畏婦。
"Bất chính chi nữ,",不正之女，
Tu dĩ vi thê.,羞以為妻。
"Bất trung chi nhân,",不忠之人，
Tu dĩ vi thần.,羞以為臣。
"Sĩ chi thủ tiết,",士之守節，
Do nữ thủ thân.,猶女守身。
"Hiền thê gia bảo,",賢妻家寶，
Hiền thần quốc trân.,賢臣國珍。
"Nam quý trung cần,",男貴忠勤，
Nữ quý trinh thuận.,女貴貞順。
"Giáo phụ sơ lai,",教婦初來，
Giáo tử anh hài.,教子嬰孩。
"Dục bất khả túng,",慾不可縱，
Dục túng thành tai.,慾縱成災。
"Lạc bất khả cực,",樂不可極，
Lạc cực sinh ai.,樂極生哀。
"Nữ vật tham tài,",女勿貪財，
Nam vật tham sắc.,男勿貪色。
"Sắc dị sát nhân,",色易殺人，
Tài dị sát thân.,財易殺身。
"Thuật trá di chi,",術詐遺之，
Tử tôn giả vong.,子孫者亡。
"Đạo đức di chi,",道德遺之，
Tử tôn giả xương.,子孫者昌。
"Bản cố chi trường,",本固枝長，
Lưu truyền vạn đại.,流傳萬代。
"Bất hiếu giả tam,",不孝者三，
Vô hậu vi đại.,無後為大。
"Hữu thân bất ái,",有親不愛，
Hữu huynh bất kính.,有兄不敬。
"Cầu kỳ đệ thính,",求其弟聽，
Khởi khả đắc hồ.,豈可得乎。
"Tử quả hiền hỹ,",子果賢矣，
Kim tuy bần tiện.,今雖貧賤。
"Hậu tất phú quý,",後必富貴，
Tử bất tiếu hỹ.,子不肖矣。
"Kim tuy phú quý,",今雖富貴，
Hậu tất bần tiện.,後必貧賤。
"Cốt nhục bần giả,",骨肉貧者，
Tình bất khả sơ.,情不可疏。
"Tha nhân phú giả,",他人富者，
Tâm bất khả ố.,心不可惡。
"Thủ trọng ư nhân,",取重於人，
Thị trọng kỳ thân.,是重其身。
"Mạc hiệu tiểu nhân,",莫效小人，
Ố nhân thắng kỷ.,惡人勝己。
"Khả hiệu quân tử,",可效君子，
Thành nhân chi mỹ.,成人之美。
"Cẩu vô dã nhân,",苟無野人，
Mạc dưỡng quân tử.,莫養君子。
"Cẩu vô quân tử,",苟無君子，
Mạc trị dã nhân.,莫治野人。
"Cư tất trạch lân,",居必擇鄰，
Giao tất trạch hữu.,交必擇友。
"Hoạn nạn tương cứu,",患難相救，
Quá thất tương quy.,過失相規。
"Dụng nhân vật nghi,",用人勿疑，
Nghi nhân vật dụng.,疑人勿用。
"Dụng nhân bất cẩn,",用人不謹，
Hại tuỳ nhi chí.,害隨而至。
"Tiểu nhân thất ý,",小人失意，
Khởi vi cừu thù.,起為仇讎。
"Tiểu nhân tự kiêu,",小人自驕，
Thị tài căng kỷ.,恃才矜己。
"Vô ố tiểu nhân,",無惡小人，
Thị vi quân tử.,是為君子。
"Tài thượng phân minh,",財上分明，
Thị vi trượng phu.,是為丈夫。
"Bần nhi vô siểm,",貧而無諂，
Phú nhi vô kiêu.,富而無驕。
"Thanh bần thường lạc,",清貧常樂，
Trọc phú đa ưu.,濁富多憂。
"Vật thị phú quý,",勿恃富貴，
Tự khinh kỳ bần.,自輕其貧。
"Thị phú khinh bần,",恃富輕貧，
Thủ tiền lỗ nhĩ.,守錢虜耳。
"Cùng nhân vật mạ,",窮人勿罵，
Cùng khấu vật truy.,窮寇勿追。
"Điểu cùng tắc phi,",鳥窮則飛，
Khuyển cùng tắc phệ.,犬窮則吠。
"Nhân tham tài tử,",人貪財死，
Điểu tham thực vong.,鳥貪食亡。
"Cơ hàn thiết thân,",饑寒切身，
Bất cố liêm sỉ.,不顧廉恥。
"Tự tiên trách kỷ,",自先責己，
Nhi hậu trách nhân.,而後責人。
"Hàm huyết phún nhân,",含血噴人，
Tiên ô ngã khẩu.,先污我口。
"Ác ngôn xuất khẩu,",惡言出口，
Hung thần giám lâm.,凶神監臨。
"Thiện niệm vu tâm,",善念于心，
Cát thần tự hiện.,吉神自現。
"Tích thiện phùng thiện,",積善逢善，
Tích ác phùng ác.,積惡逢惡。
"Tử tế tư lường,",仔細思量，
Thiên địa bất thác.,天地不錯。
"Nhân hậu ngộ hậu,",仁厚遇厚，
Xứ xứ tương phùng.,處處相逢。
"Mưu thâm hoạ thâm,",謀深禍深，
Oan oan tương báo.,冤冤相報。
"Nhược trì bất báo,",若遲不報，
Thời thần vị đáo.,時辰未到。
"Chủng qua đắc qua,",種瓜得瓜，
Chủng đậu đắc đậu.,種豆得豆。
"Thiên võng khôi khôi,",天網恢恢，
Sơ nhi bất lậu.,疏而不漏。
"Hoàng thiên bất phụ,",皇天不負，
Hữu độc thư nhân.,有讀書人。
"Hoàng thiên bất phụ,",皇天不負，
Hữu đạo tâm nhân.,有道心人。
"Hoàng thiên bất phụ,",皇天不負，
Hữu hảo tâm nhân.,有好心人。
"Thương nhân chi ngữ,",傷人之語，
Phản thương kỳ thân.,反傷其身。
"Dụng tâm bất lương,",用心不良，
Khởi vô quả báo.,豈無果報。
"Phụ mẫu hành ác,",父母行惡，
Di hoạ tử tôn.,遺禍子孫。
"Hoạ phúc vô môn,",禍福無門，
Duy nhân sở triệu.,惟人所召。
"Dục tri hoạ phúc,",欲知禍福，
Tiên khán tử tôn.,先看子孫。
"Tự gia nhi tri,",自家而知，
Hà tất vấn thuỳ.,何必問誰。
"Khắc thâm thái thậm,",刻深太甚，
Trầm bệnh nan y.,沉病難醫。
"Mưu lự đa tư,",謀慮多思，
Tinh thần lao kiệt.,精神勞竭。
"Âm mưu giá hoạ,",陰謀嫁禍，
Âm hữu quỷ thần.,暗有鬼神。
"Ích kỷ hại nhân,",益己害人，
Minh hữu vương hiến.,明有王憲。
"Nhân tâm như thiết,",人心如鐵，
Quan pháp như lự.,官法如鑢。
"Văn pháp bất cô,",文法不孤，
Sát nhân giả tử.,殺人者死。
"Nhân vô viễn lự,",人無遠慮，
Tất hữu cận ưu.,必有近憂。
"Cẩn tắc vô ưu,",謹則無憂，
Nhẫn tắc vô nhục.,忍則無辱。
"Nhân gian tù ngục,",人間囚獄，
Hoàn thị vô lương.,還是無良。
"Thiên hạ công hầu,",天下公侯，
Giai do hữu đức.,皆由有德。
"Cận chu giả xích,",近硃者赤，
Cận mặc giả hắc.,近墨者黑。
"Hiền đức chi nhân,",賢德之人，
Thân nhi cận chi.,親而近之。
"Chung tự hữu ích,",終自有益，
Hung ác chi nhân.,凶惡之人。
"Xích nhi viễn chi,",斥而遠之，
Tự miễn hoạ loạn.,自免禍亂。
"Ái hiền như lan,",愛賢如蘭，
Uý ác như hổ.,畏惡如虎。
"Thành trung thất hoả,",城中失火，
Hoạ cập trì ngư.,禍及池魚。
"Nguy bang bất nhập,",危邦不入，
Loạn bang bất cư.,亂邦不居。
"Binh cách chi gian,",兵革之間，
Thủ thân vi đại.,守身為大。
"Tiểu lợi nhược tham,",小利若貪，
Bất thành đại sự.,不成大事。
"Tiểu sự bất nhẫn,",小事不忍，
Tất loạn đại mưu.,必亂大謀。
"Lợi bất khả độc,",利不可獨，
Độc lợi tắc ly.,獨利則離。
"Mưu bất khả chúng,",謀不可眾，
Chúng mưu tắc tiết.,眾謀則泄。
"Thành sự bất thuyết,",成事不說，
Ý mạc cưỡng cầu.,意莫強求。
"Nhân vô vọng giao,",人無妄交，
Túc vô vọng tẩu.,足無妄走。
"Thực vô cầu bão,",食無求飽，
Cư vô cầu an.,居無求安。
"Vô khởi tranh đoan,",無起爭端，
Vô đấu khẩu thiệt.,無鬥口舌。
"Ư ngã thiện giả,",於我善者，
Ngã diệc thiện chi.,我亦善之。
"Ư ngã ác giả,",於我惡者，
Ngã diệc thiện chi.,我亦善之。
"Ngã hữu thiện niệm,",我有善念，
Thiên tất tuỳ chi.,天必隨之。
"Bỉ ký vi ác,",彼既為惡，
Hữu ác nhân trị.,有惡人治。
"Văn nhân chi ác,",聞人之惡，
Khẩu bất đắc ngôn.,口不得言。
"Văn nhân chi báng,",聞人之謗，
Tâm bất túc nộ.,心不足怒。
"Ác nhân vật mạ,",惡人勿罵，
Cùng nhân vật ngôn.,窮人勿言。
"Nhược tranh đấu gian,",若爭鬥間，
Thị vô trí lư.,是無智慮。
"Quân tử cẩn ngôn,",君子謹言，
Thận kỳ ngôn ngữ.,慎其言語。
"Bất can kỷ sự,",不干己事，
Mạc khả đương đầu.,莫可當頭。
"Vô ích chi ngôn,",無益之言，
Tự hưu trước khẩu.,自休著口。
"Quả ngôn trạch giao,",寡言擇交，
Đa ngôn vật kết.,多言勿結。
"Đa ngôn thị quyệt,",多言是譎，
Quả ngôn thị trung.,寡言是忠。
"Nhất ngôn bất tín,",一言不信，
Thiên ngôn vô dụng.,千言無用。
"Sàm ngôn vật tín,",讒言勿信，
Phản gian vật hành.,反間勿行。
"Khứ thực khứ binh,",去食去兵，
Tín bất khả khứ.,信不可去。
"Thính kỳ ngôn ngữ,",聽其言語，
Quan kỳ mâu tử.,觀其眸子。
"Bạch nhãn giả hung,",白眼者凶，
Hắc nhãn giả thiện.,黑眼者善。
"Hữu tâm vô tướng,",有心無相，
Tướng tuỳ tâm sinh.,相隨心生。
"Hữu tướng vô tâm,",有相無心，
Tướng tòng tâm diệt.,相從心滅。
"Thuận đức giả xương,",順德者昌，
Nghịch đức giả vong.,逆德者亡。
"Thiệt nhu năng tồn,",舌柔能存，
Xỉ cương tắc chiết.,齒剛則折。
"Quân tử ngộ bần,",君子遇貧，
Thủ kỳ lễ nghĩa.,守其禮義。
"Tiểu nhân sạ phú,",小人乍富，
Tự vọng khinh nhân.,自妄輕人。
"Ẩm thực chi nhân,",飲食之人，
Nhân giai tiện chi.,人皆賤之。
"Hiếu lợi chi nhân,",好利之人，
Nhân giai ố chi.,人皆惡之。
"Tần lai dị sơ,",頻來易疏，
Toạ cửu dị yếm.,坐久易厭。
"Dĩ tiểu nhân tâm,",以小人心，
Đạc quân tử phúc.,度君子腹。
"Quân tử sở vi,",君子所為，
Tiểu nhân bất thức.,小人不識。
"Thánh nhân tích đức,",聖人積德，
Bất tích kỳ tài.,不積其財。
"Quân tử mưu đạo,",君子謀道，
Bất mưu kỳ thực.,不謀其食。
"Phi kỷ chi sắc,",非己之色，
Quân tử bất dâm.,君子不淫。
"Phi kỷ chi tài,",非己之財，
Quân tử bất thủ.,君子不取。
"Bất nghĩa chi phú,",不義之富，
Thị như phù vân.,視如浮雲。
"Cứu cấp chẩn bần,",救急賑貧，
Khoan tắc đắc chúng.,寬則得眾。
"Bình thời giảng võ,",平辰講武，
Loạn thế độc thư.,亂世讀書。
"Quân tử kiến cơ,",君子見機，
Bất sĩ hậu nhật.,不俟後日。
"Cùng tất hữu đạt,",窮必有達，
Bĩ cực thái lai.,否極泰來。
"Đãn hoạn vô tài,",但患無才，
Bất hoạn vô dụng.,不患無用。
"Sự vô vọng động,",事無妄動，
Tâm vô vọng tư.,心無望思。
"Quan bất tại ngu,",官不在愚，
Phú bất tại lãn.,富不在懶。
"Tự tri phận giả,",自知分者，
Bất khả vưu nhân.,不可尤人。
"Tự tri mệnh giả,",自知命者，
Bất khả oán thiên.,不可怨天。
"Tri chỉ thường chỉ,",知止常止，
Chung thân bất sỉ.,終身不恥。
"Tri túc thường túc,",知足常足，
Chung thân bất nhục.,終身不辱。
"Minh minh ngã tổ,",明明我祖，
Thuỳ huấn ngũ mục.,垂訓五目。
"Nội tác sắc hoang,",內作色荒，
Ngoại tác cầm hoang.,外作禽荒。
"Cam tửu thị âm,",甘酒嗜音，
Tuấn vũ điêu tường.,峻宇雕墻。
"Hữu nhất vu thử,",有一于此，
Vị hoặc bất vong.,未或不亡。
"Huấn tử nghĩa phương,",訓子義方，
Thất hiếu giả bát.,失孝者八。
"Học vấn bất cần,",學問不勤，
Đổ bác vong thân.,賭博忘身。
"Tửu sắc tranh đấu,",酒色爭鬥，
Đạo thâu bôn tẩu.,盜偷奔走。
"Tranh tụng bại gia,",爭訟敗家，
Tôn tộc bất hoà.,宗族不和。
"Phụ mẫu bất ái,",父母不愛，
Tri quá nhi cải.,知過而改。
"Diệc khả vị hiền,",亦可謂賢，
Hữu quá bất cải.,有過不改。
"Thất hiếu vưu đại,",失孝尤大，
Giáo nữ chi pháp.,教女之法。
"Tiên chính kỳ thân,",先正其身，
Phụ nhân nhâm thần.,婦人妊娠。
"Vật thực ác nhục,",勿食惡肉，
Vật thính ai thanh.,勿聽哀聲。
"Chính đạo nhi hành,",正道而行，
Khẩu vô tà thuyết.,口無邪說。
"Ẩm thực thất tiết,",飲食失節，
Cư xử thất thường.,居處失常。
"Ngoại cảm nội thương,",外感內傷，
Bệnh sinh đa tệ.,病生多幣。
"Nữ tử bất học,",女子不學，
Bất tri lễ nghĩa.,不知禮義。
"Nam tử bất học,",男子不學，
Bất đạt sự lý.,不達事理。
"Độc thư cầu lý,",讀書求理，
Tạo chúc cầu minh.,造燭求明。
"Tử tôn tuy hiền,",子孫雖賢，
Bất giáo bất minh.,不教不明。
"Cung kiếm bất học,",弓劍不學，
Bất tri trương vũ.,不知張舞。
"Văn tự bất học,",文字不學，
Bất tri hoạ thư.,不知畫書。
"Dược tính bất học,",藥性不學，
Bất tri y phương.,不知醫方。
"Lễ nhạc bất học,",禮樂不學，
Bất tri tế tự.,不知祭祀。
"Vạn khoảnh lương điền,",萬頃良田，
Bất như bạc nghệ.,不如薄藝。
"Thiên kim di tử,",千金遺子，
Bất như nhất kinh.,不如一經。
"Nhất quỹ, nhất quỹ,",一揆一揆，
Thạch miêu dao vĩ.,石貓搖尾。
"Trịch thân tróc thử,",擲身捉鼠，
Hoàn hoá vi quỷ.,還化為鬼。
"Nhược yếu phân minh,",若要分明，
Kim sinh Lệ thuỷ.,金生麗水。
"Nam hải trừ thanh,",南海儲清，
Hồng phong dựng tuý.,鴻峰孕粹。
"Tuỵ vu ngô môn,",萃于吾門，
Khánh nguyên phúc chỉ.,慶源福祉。
"Ngưỡng duy tiên đại,",仰惟先代，
Đế tạo tích luỹ.,締造積累。
"Hậu đức chi di,",厚德之貽，
Thuỷ lưu sơn trĩ.,水流山峙。
"Chung chi biền trụ,",鍾之弁冑，
Dục chi trâm nhị.,毓之簪珥。
"Chu phất tư hoàng,",朱芾斯皇，
Đồng quản hữu vĩ.,彤管有煒。
"Tích thiện dư khương,",積善餘慶，
Thi vu tôn tử.,施于孫子。
"Ngã tôn đại nhân,",我尊大人，
Đạo thuần đức bị.,道純德備。
"Văn chương danh thế,",文章名世，
Thư trạch khải thuỷ.,書澤啟始。
"Biểu lý phục cần,",表裏服勤，
Hoạn nghiệp kỳ vĩ.,宦業奇偉。
"Ôn thứ ngộ vật,",溫恕遇物，
Phương khiết luật kỷ.,方潔律己。
"Tồn chư phương thốn,",存諸方寸，
Thu nguyệt hàn thuỷ.,秋月寒水。
"Phát chư thanh mạo,",發諸聲貌，
Xuân phong hoà khí.,春風和氣。
"Hưu nhược hữu dung,",休若有容，
Trác nhiên bất ỷ.,卓然不倚。
"Tả chi hữu chi,",左之右之，
Thị kinh thị vĩ.,是經是緯。
"Thất chi đắc chi,",失之得之，
Hà uẩn hà hỉ.,何慍何喜。
"Hoàng chung, đại lữ,",黃鍾大呂，
Cửu nhi hữu vị.,久而有味。
"Cảnh tinh, phụng hoàng,",景星鳳凰，
Đổ chi vi thuỵ.,睹之為瑞。
"Thiên thọ bình cách,",天壽平格，
Duy quân tử sử.,維君子使。
"Từ chính phất hoạch,",辭政弗獲，
Mãnh miễn bồi quỹ.,黽勉陪揆。
"Luận tư tán hoạch,",論思贊畫，
Bách độ nãi lý.,百度乃理。
"Tiên cách kỳ nhàn,",先格祈閒，
Hạo nhiên quy chí.,浩然歸志。
"Dịch đạo sùng khiêm,",易道崇謙，
Lão gia tri chỉ.,老家知止。
"Duyệt cơ tái thỉnh,",閱期再請，
Nãi phụng du chỉ.,迺奉俞旨。
"Ưu lão hằng điển,",優老恒典，
Thiên sủng tải xỉ.,天寵載侈。
"Bạch trú cẩm y,",白晝錦衣，
Hương phong vạn lý.,香風萬里。
"Trượng lũ kỳ du,",杖屨耆遊，
Cầm tôn dật trí.,琴樽逸致。
"Ưu du thái bình,",優遊太平，
Dĩ giới phồn chỉ.,以介繁祉。
"Trưng chi ngô ấp,",徵之吾邑，
Cổ vô thanh tử.,古無青紫。
"Đại nhân phát khoa,",大人發科，
Song nguyên tiến sĩ.,雙元進士。
"Hương truyền hàn mặc,",香傳翰墨，
Quang sinh phần tử.,光生枌梓。
"Ngô huyện đa hiển,",吾縣多顯，
Đắc nhàn giả kỷ?,得閒者幾。
"Dương công dĩ lai,",楊公以來，
Bách dư niên hĩ.,百餘年矣。
"Đại nhân hoàn danh,",大人完名，
Á tướng trí sĩ.,亞相致仕。
"Bồ tứ khoáng nghi,",蒲駟曠儀，
Thiều bàng diên kĩ.,髫龐延跂。
"Nho thân sự nghiệp,",儒紳事業，
Đô kiêm chúng mĩ.,都兼眾美。
"Diễn dịch ân hưu,",衍奕慇庥，
Tuy tương phúc lý.,綏將福履。
"Nhi bối bất tiếu,",兒輩不肖，
Hạnh bằng ấm tí.,幸憑廕庇。
"Nhị xuyết duẩn ban,",二綴笋班，
Dư thiểm hữu vị.,餘忝有位。
"Lục đường tại ngưỡng,",綠堂在仰，
Ban vũ hiến mị.,斑舞獻媚。
"Nam Cực trường huy,",南極長輝，
Tiên xuân vãn thuý.,仙椿晚翠。
"Thai hoàng thân hỗ,",台黃申嘏，
"Kiều, Tiền niên kỷ.",喬籛年紀。
Trướng nhan “Cẩm đường,帳顏錦堂，
Xuân sắc” tứ tự.,春色四字。
"Thế thế sinh sinh,",世世生生，
Bất muội Phật chỉ.,不昧佛旨。
"Tự giác giác tha,",自覺覺他，
Vô gian bỉ thử.,無間彼此。
"Phương tiện đề huề,",方便提攜，
Nhập ư nhất quỹ.,入於一揆。
"Thiên quyến tây cố,",天眷西顧，
Đốc sinh thần võ.,篤生神武。
"Viêm tộ thức vi,",炎祚式微，
Phỉ cung chi cố.,匪躬之故。
"Tú viên nhất tự,",秀園一敘，
Huynh đệ quân thần.,兄弟君臣。
"Tả chu hữu toàn,",左周右旋，
Lịch khảm lý truân.,歷坎履屯。
"Bắc Nguỵ, Đông Ngô,",北魏東吳，
Tam phân đỉnh túc.,三分鼎足。
"Thất mã đơn đao,",匹馬單刀，
Đế Hán ư Thục.,帝漢於蜀。
"Xích tinh nhất tuyến,",赤精一線，
Xung mạc khả hồi.,沖漠可回。
"Cao, Quang cựu vật,",高光舊物，
Thoá thủ trùng khôi.,唾手重恢。
"Phỉ trực dã dũng,",匪直也勇，
Phỉ trực dã trí.,匪直也智。
"Trung nghĩa lưu quang,",忠義流光，
Thiên thu ngưỡng chỉ.,千秋仰止。
"Bí cung hữu tuất,",閟宮有侐，
Di tượng hữu nghiêm.,遺像有嚴。
"Mặc phù ngã việt,",默扶我越，
Hách hách viêm viêm.,赫赫炎炎。
"Tạc nhật cựu trủng quật,",昨日舊塚掘，
Kim triêu tân trủng thành.,今朝新塚成。
"Trủng tiền lưỡng Ông Trọng,",塚前兩翁仲，
Tống cựu hoàn nghênh tân.,送舊還迎新。
"Cựu hồn vị xuất tân hồn nhập,",舊魂未出新魂入，
Cựu hồn hoàn đối tân hồn khấp.,舊魂還對新魂泣。
"Cựu hồn đinh ninh ngữ tân hồn,",舊魂丁寧語新魂，
Hảo địa bất dụng đa tử tôn.,好地不用多子孫。
"Tử tôn miên miên như bất tuyệt,",子孫緜緜如不絕，
Tằng tôn bất quật huyền tôn quật.,曾孫不掘玄孫掘。
"Ngã kim quật hĩ lương khả bi,",我今掘矣良可悲，
Bất tri quân quật hựu hà thì.,不知君掘又何時。
"Thụ căn diểu diểu,",樹根杳杳，
Mộc biểu thanh thanh.,木表青青。
"Hoà đao mộc lạc,",禾刀木落，
Thập bát tử thành.,十八子成。
"Đông a nhập địa,",東阿入地，
Dị mộc tái sinh.,異木再生。
"Chấn cung hiện nhật,",震宮見日，
Đoài cung ẩn tinh.,兌宮隱星。
"Lục thất niên gian,",六七年間，
Thiên hạ thái bình.,天下太平。
"Ngưỡng bỉ sóc phong,",仰彼朔風，
"Dụng hoài Nguỵ đô,",用懷魏都，
"Nguyện sính Đại mã,",願騁代馬，
Thúc hốt bắc tồ.,倏忽北徂。
"Khải phong vĩnh chí,",凱風永至，
"Tư bỉ man phương,",思彼蠻方，
"Nguyện tuỳ Việt điểu,",願隨越鳥，
Phiên phi nam tường.,翻飛南翔。
"Tứ khí đại tạ,",四氣代謝，
"Huyền cảnh vận chu,",懸景運周，
"Biệt như phủ ngưỡng,",別如俯仰，
Thoát lạc tam thu.,脫落三秋。
"Tích ngã sơ thiên,",昔我初遷，
Chu hoa vị hy.,朱華未希。
"Kim ngã toàn chỉ,",今我旋止，
Tố tuyết vân phi.,素雪云飛。
"Phủ giáng thiên nhận,",俯降千仞，
Ngưỡng đăng thiên trở.,仰登天阻。
"Phong phiêu bồng phi,",風飄蓬飛，
Tải ly hàn thử.,載離寒暑。
"Thiên nhận dị trắc,",千仞易陟，
"Thiên trở khả việt,",天阻可越，
"Tích ngã đồng bào,",昔我同袍，
Kim vĩnh quai biệt!,今永乖別！
"Tử hiếu phương thảo,",子好芳草，
Khởi vọng nhĩ di?,豈望爾貽？
"Phồn hoa tương mậu,",繁華將茂，
Thu sương tuỵ chi.,秋霜悴之。
"Quân bất thuỳ quyến,",君不垂眷，
Khởi vân kỳ giới?,豈云其誡？
"Thu lan khả dụ,",秋蘭可喻，
Quế thụ đông vinh.,桂樹冬榮。
"Huyền ca đãng tứ,",絃歌蕩思，
Thuỳ dữ tiêu ưu?,誰與消憂？
"Lâm xuyên mộ tứ,",臨川慕思，
Hà vi phiếm chu?,何為汎舟？
"Khởi vô hoà nhạc,",豈無和樂，
Du phi ngã lân.,遊非我鄰。
Thuỳ vong phiếm chu?,誰忘泛舟？
Quý vô bảng nhân.,愧無榜人。
"Ái ái bạch nhật,",曖曖白日，
Dẫn diệu tây khuynh.,引曜西傾。
"Thu thu kê tước,",啾啾雞雀，
Quần phi phó doanh.,群飛赴楹。
"Hạo hạo minh nguyệt,",皎皎明月，
Hoàng hoàng liệt tinh.,煌煌列星。
"Nghiêm sương thê sảng,",嚴霜凄愴，
Phi tuyết phú đình.,飛雪覆庭。
"Tịch tịch độc cư,",寂寂獨居，
Liêu liêu không thất.,寥寥空室。
"Phiêu phiêu duy trướng,",飄飄帷帳，
Huỳnh huỳnh hoa chúc.,熒熒華燭。
"Nhĩ bất thị cư,",爾不是居，
Duy trướng hà thi?,帷帳何施？
"Nhĩ bất thị chiếu,",爾不是照，
Hoa chúc hà vi?,華燭何為？
"Nhân sinh thọ xúc,",人生壽促，
Thiên địa trường cửu.,天地長久。
"Bách niên chi kỳ,",百年之期，
Thục vân kỳ thọ.,孰雲其壽。
"Tư dục đăng tiên,",思欲登仙，
Dĩ tế bất hủ.,以濟不朽。
"Lãm bí trì trù,",纜轡踟躕，
Ngưỡng cố ngã hữu.,仰顧我友。
"Lương mã ký nhàn,",良馬既閑，
Lệ phục hữu vựng.,麗服有暈。
"Tả lãm phồn nhược,",左攬繁弱，
Hữu tiếp vong quy.,右接忘歸。
"Phong trì điện thệ,",風馳電逝，
Nhiếp cảnh truy phi.,躡景追飛。
"Lăng lệ trung nguyên,",凌厲中原，
Cố miện sinh tư.,顧眄生姿。
"Hạo hạo hồng lưu,",浩浩洪流，
Đới ngã bang kỳ.,帶我邦畿。
"Thê thê lục lâm,",萋萋綠林，
Phấn vinh dương huy.,奮榮揚輝。
"Ngư long sàm trác,",魚龍瀺灂，
Sơn điểu quần phi.,山鳥群飛。
"Giá ngôn xuất du,",駕言出遊，
Nhật tịch vong quy.,日夕忘歸。
"Tư ngã lương minh,",思我良明，
Như khát như ky.,如渴如饑。
"Nguyện ngôn bất hoạch,",愿言不獲，
Sảng hĩ kỳ bi.,愴矣其悲。
"Tức đồ lan phố,",息徒蘭圃，
Mạt mã hoa sơn.,秣馬崋山。
"Lưu bàn bình cao,",流磻平皋，
Thuỳ điếu trường xuyên.,垂釣長川。
"Mục tống quy hồng,",目送歸鴻，
Thủ huy ngũ huyền.,手揮五弦。
"Phủ ngưỡng tự đắc,",俯仰自得，
Du tâm thái huyền.,遊心太玄。
"Gia bỉ điếu tẩu,",嘉彼釣叟，
Đắc ngư vong thuyên.,得魚忘筌。
"Sính nhân thệ hĩ,",郢人逝矣，
Thuỳ dữ tận ngôn?,誰與盡言？
"Vọng chi di cao,",望之彌高，
Toàn chi di kiên.,鑽之彌堅。
"Hốt nhiên tại hậu,",忽然在後，
Chiêm chi tại tiền.,瞻之在前。
"Phu thị chi vị,",伕是之謂，
Thượng sĩ chi thiền.,上士之禪。
Ô hô Chiêu Quân!,嗚呼昭君
Sắc diễm tuyệt thế,色艷絕世
Mệnh bạc vô thiên,命薄無天
Hán cung nhất biệt,漢宮一別
Hồ địa thiên niên,胡地千年
Thanh trủng lưu hận,青塚留恨
Hoàng tuyền cô miên,黃泉孤眠
Thương tai hồng nhan,傷哉紅顏
Y hồ nãi nhiên,伊胡乃然
Ô hô Chiêu Quân!,嗚呼昭君
Phương cốt hữu tận,芳骨有盡
U hám vô kỳ,幽憾無期
Minh nguyệt độc cử,明月獨舉
Ảm vân không thuỳ,黯雲空垂
Tinh chiêu phỉ loại,腥昭匪類
Điếu tế y thuỳ,弔祭伊誰
Thương tai hồng nhan,傷哉紅顏
Linh hồn hà y?,靈魂何依
Hiếu,孝
Thiên nan cùng sĩ,天難窮士
Sơn Tây tiên sinh,山西先生
Cách đại dị quốc,隔代異國
Cộng bi đồng tình,共悲同情
Viêm trân phỉ lễ,炎珍菲禮
Vọng bái trung đình,望拜中庭
Hồn lễ quy tá,魂禮歸些
Giá dư dữ hành,駕予與行
"Sinh lão bệnh tử,",生老病死，
Lý chi thường nhiên.,理之常然。
"Dục cầu giải thoát,",欲求解脫，
Giải phược khiên triền.,解縛牽纒。
"Mê nhi cầu Phật,",迷而求佛，
Hoặc nhi cầu thiền.,惑而求禪。
"Thiền dã bất cầu,",禪也不求，
Đỗ khẩu vong nghiên.,杜口忘言。
"Tại quang tại trần,",在光在塵，
Thường ly quang trần.,常離光塵。
"Tâm phủ trừng triệt,",心腑澄澈，
Dữ vật vô thân.,與物無親。
"Thể ư tự nhiên,",體於自然，
Ứng vật vô ngân.,應物無垠。
"Tông tượng nhị nghi,",宗匠二儀，
Đào dã nhân luân.,陶冶人倫。
"Đình độc vạn vật,",亭毒萬物，
Dữ vật vi xuân.,與物為春。
"Tác vũ thiết nữ,",作舞鐵女，
Đả cổ mộc nhân!,打鼓木人。
"Cổ Công Đản Phủ,",古公亶甫，
Tích đức thuỳ nhân.,積德垂仁。
"Tư hoằng nhất đạo,",思弘一道，
Triết vương ư Bân.,哲王於豳。
"Thái Bá, Trọng Ung,",太伯仲雍，
Vương đức chi nhân.,王德之仁。
"Hành thi bách thế,",行施百世，
Đoạn phát văn thân.,斷髪文身。
"Bá Di, Thúc Tề,",伯夷叔齊，
Cổ chi di hiền.,古之遺賢。
"Nhượng quốc bất dụng,",讓國不用，
Ngạ tồ Thú sơn.,餓殂首山。
"Trí tai Sơn Phủ,",智哉山甫，
Tướng bỉ Tuyên Vương.,相彼宣王。
"Hà dụng Đỗ Bá,",何用杜伯，
Luỵ ngã thánh hiền.,累我聖賢。
"Tề Hoàn chi bá,",齊桓之霸，
Lại đắc Trọng Phụ.,賴得仲父。
"Hậu nhậm Thụ Điêu,",後任豎刁，
Trùng lưu xuất hộ.,蟲流出戶。
"Án Tử Bình Trọng,",晏子平仲，
Tích đức kiêm nhân.,積德兼仁。
"Dữ thế trầm đức,",與世沈德，
Vị tất tư mệnh.,未必思命。
"Trọng Ni chi thế,",仲尼之世，
Chủ quốc vi quân.,主國為君。
"Tuỳ chế ẩm tửu,",隨制飲酒，
Dương ba sử quan.,揚波使官。
"Thướng sơn thái vi,",上山採薇，
Bạc mộ khổ ky.,薄暮苦饑。
"Khê cốc đa phong,",谿谷多風，
Sương sương triêm y.,霜霜沾衣。
"Dã trĩ quần cẩu,",野雉群雊，
Viên hầu tương truy.,猿猴相追。
"Hoàn vọng cố hương,",還望故鄉，
Uất hà luy luy!,鬱何壘壘！
"Cao sơn hữu nhai,",高山有崖，
Lâm mộc hữu chi.,林木有枝。
"Ưu lai vô phương,",憂來無方，
Nhân mạc chi tri.,人莫之知。
"Nhân sinh như ký,",人生如寄，
Đa ưu hà vi?,多憂何為？
"Kim ngã bất lạc,",今我不樂，
Tuế nguyệt như trì.,歲月如馳。
"Thang thang xuyên lưu,",湯湯川流，
Trung hữu hành chu.,中有行舟。
"Tuỳ ba chuyển bạc,",隨波轉薄，
Hữu tự khách du.,有似客遊。
"Sách ngã lương mã,",策我良馬，
Bị ngã khinh cừu.,被我輕裘。
"Tải trì tải khu,",載馳載驅，
Liêu dĩ vong ưu.,聊以忘憂。
"Hữu mỹ nhất nhân,",有美一人，
Uyển như thanh dương.,婉如清揚。
"Nghiên tư xảo tiếu,",妍姿巧笑，
Hoà mị tâm trường.,和媚心腸。
"Tri âm thức khúc,",知音識曲，
Thiện vi nhạc phương.,善為樂方。
"Ai huyền vi diệu,",哀絃微妙，
Thanh khí hàm phương.,清氣含芳。
"Lưu Trịnh, kích Sở,",流鄭激楚，
"Độ cung, trung thương.",度宮中商。
"Cảm tâm động nhĩ,",感心動耳，
Ỷ lệ nan vương.,綺麗難忘。
"Ly điểu tịch túc,",離鳥夕宿，
Tại phá trung châu.,在破中洲。
"Diên cảnh cổ dực,",延頸鼓翼，
Bi minh tương cầu.,悲鳴相求。
"Quyến nhiên cố chi,",眷然顧之，
Sử ngã tâm sầu.,使我心愁。
"Ta nhĩ tích nhân,",嗟爾昔人，
Hà dĩ vong ưu?,何以忘憂？
Viết:,曰：
"Toại cổ chi sơ,",遂古之初，
Thuỳ truyền đạo chi?,誰傳道之？
"Thượng hạ vị hình,",上下未形，
Hà do khảo chi?,何由考之？
"Minh chiêu măng ám,",冥昭瞢闇，
Thuỳ năng cực chi?,誰能極之？
"Phùng dực duy tượng,",馮翼惟像，
Hà dĩ thức chi?,何以識之？
"Minh minh ám ám,",明明闇闇，
Duy thì hà vi?,惟時何為？
"Âm dương tam hợp,",陰陽三合，
Hà bản hà hoá?,何本何化？
"Hoàn tắc cửu trùng,",圜則九重，
Thục dinh độ chi?,孰營度之？
Duy tư hà công?,惟玆何功？
Thục sơ tác chi?,孰初作之？
Oát duy yên hệ?,斡維焉繫？
Thiên cực yên gia?,天極焉加？
Bát trụ hà đương?,八柱何當？
Đông nam hà khuy?,東南何虧？
"Cửu thiên chi tế,",九天之際，
An phóng an thuộc?,安放安屬？
"Ngung ôi đa hữu,",隅隈多有，
Thuỳ tri kỳ số?,誰知其數？
Thiên hà sở đạp?,天何所沓？
Thập nhị yên phân?,十二焉分？
Nhật nguyệt an thuộc?,日月安屬？
Liệt tinh an trần?,列星安陳？
"Xuất tự Thang cốc,",出自湯谷，
Thứ vu Mông dĩ.,次于蒙汜。
"Tự minh cập hối,",自明及晦，
Sở hành kỷ lý?,所行幾里？
"Dạ quang hà đức,",夜光何德，
Tử tắc hựu dục?,死則又育？
"Quyết lợi duy hà,",厥利維何，
Nhi cố thố tại phúc?,而顧菟在腹？
"Nữ Kỳ vô hợp,",女岐無合，
Phù yên thủ cửu tử?,夫焉取九子？
Bá cường hà xứ?,伯強何處？
Huệ khí an tại?,惠氣安在？
Hà hạp nhi hối?,何闔而晦？
Hà khai nhi minh?,何開而明？
"Giác túc vị đán,",角宿未旦，
Diệu linh an tàng?,曜靈安藏？
"Bất nhiệm mịch hồng,",不任汩鴻，
Sư hà dĩ thượng chi?,師何以尚之？
Thiêm viết: “Hà ưu?,僉曰：「何憂？
Hà bất khoá nhi hành chi?”,何不課而行之？」
"Si quy duệ hàm,",鴟龜曳銜，
Cổn hà thính yên?,鯀何聽焉？
"Thuận dục thành công,",順欲成功，
Đế hà hình yên?,帝何刑焉？
"Vĩnh át tại Vũ sơn,",永遏在羽山，
Phù hà tam niên bất thi?,夫何三年不施？
"Bá vũ phức Cổn,",伯禹愎鯀，
Phù hà dĩ biến hoá?,夫何以變化？
"Toản tựu tiền tự,",纂就前緒，
Toại thành khảo công.,遂成考功。
"Hà tục sơ kế nghiệp,",何續初繼業，
Nhi quyết mưu bất đồng?,而厥謀不同？
"Hồng tuyền cực thâm,",洪泉極深，
Hà dĩ trí chi?,何以寘之？
"Địa phương cửu tắc,",地方九則，
Hà dĩ phần chi?,何以墳之？
"Ứng long hà hoạ,",應龍何畫，
Hà tận hà lịch?,何盡何歷？
Cổn hà sở dinh?,鯀何所營？
Vũ hà sở thành?,禹何所成？
"Khang Hồi phùng nộ,",康回馮怒，
Truỵ hà cố dĩ đông nam khuynh?,墜何故以東南傾？
Cửu châu an thác?,九州安錯？
Xuyên cốc hà ô?,川谷何洿？
"Đông lưu bất dật,",東流不溢，
Thục tri kỳ cố?,孰知其故？
"Đông tây nam bắc,",東西南北，
Kỳ tu thục đa?,其修孰多？
"Nam bắc thuận thoả,",南北順㯐，
Kỳ diễn kỷ hà?,其衍幾何？
"Côn Lôn Huyền Phố,",崑崙縣圃，
Kỳ cư an tại?,其居安在？
"Tăng thành cửu trùng,",增城九重，
Kỳ cao kỷ lý?,其高幾里？
"Tứ phương chi môn,",四方之門，
Kỳ thuỳ tòng yên?,其誰從焉？
"Tây bắc tích khởi,",西北辟啟，
Hà khí thông yên?,何氣通焉？
"Nhật an bất đáo,",日安不到，
Chúc long hà chiếu?,燭龍何照？
"Hy Hoà chi vị dương,",羲和之未揚，
Nhược hoa hà quang?,若華何光？
Hà sở đông noãn?,何所冬暖？
Hà sở hạ hàn?,何所夏寒？
Yên hữu thạch lâm?,焉有石林？
Hà thú năng ngôn?,何獸能言？
"Yên hữu cầu long,",焉有虯龍，
Phụ hùng dĩ du?,負熊以遊？
"Hùng huỷ cửu thủ,",雄虺九首，
Thúc hốt yên tại?,儵忽焉在？
Hà sở bất tử?,何所不死？
Trưởng nhân hà thủ?,長人何守？
"Mỹ bình cửu cù,",靡蓱九衢，
Tỷ hoa an cư?,枲華安居？
"Nhất xà thôn tượng,",一蛇吞象，
Quyết đại hà như?,厥大何如？
"Hắc thuỷ huyền chỉ,",黑水玄趾，
Tam Nguy an tại?,三危安在？
"Diên niên bất tử,",延年不死，
Thọ hà sở chỉ?,壽何所止？
Lăng ngư hà sở?,鯪魚何所？
Kỳ đôi yên xứ?,鬿堆焉處？
Nghệ yên tất nhật?,羿焉彃日？
Ô yên giải vũ?,烏焉解羽？
"Vũ chi lực hiến công,",禹之力獻功，
"Giáng tỉnh hạ thổ tứ phương,",降省下土四方，
"Yên đắc bỉ Đồ Sơn nữ,",焉得彼涂山女，
Nhi thông chi ư Thai Tang?,而通之於台桑？
"Mẫn phi thất hợp,",閔妃匹合，
"Quyết thân thị kế,",厥身是繼，
"Hồ duy thị bất đồng vị,",胡維嗜不同味，
Nhi khoái trào bão?,而快鼂飽？
"Khải đại Ích tác hậu,",啟代益作后，
"Tốt nhiên ly nghiệt,",卒然離蠥，
"Hà Khải duy ưu,",何啟惟憂，
Nhi năng câu thị đạt?,而能拘是達？
"Giai quy xạ cúc,",皆歸射𥷤，
Nhi vô hại quyết cung.,而無害厥躬。
"Hà hậu Ích tác cách,",何后益作革，
Nhi Vũ bá giáng?,而禹播降？
"Khởi cức tân thương,",啟棘賓商，
"“Cửu biện”, “Cửu ca”.",《九辯》《九歌》。
"Hà cần tử đồ mẫu,",何勤子屠母，
Nhi tử phân cánh địa?,而死分竟地？
"Đế giáng Di Nghệ,",帝降夷羿，
Cách nghiệt hạ dân.,革孽夏民。
"Hồ xạ phu hà bá,",胡射夫河伯，
Nhi thê bỉ Lạc tần?,而妻彼雒嬪？
"Phùng diêu lợi quyết,",馮珧利決，
Phong thỉ thị xạ.,封狶是射。
"Hà hiến chưng nhục chi cao,",何獻蒸肉之膏，
Nhi hậu đế bất nhược?,而后帝不若？
"Trác thú Thuần Hồ,",浞娶純狐，
Huyễn thê viên mưu.,眩妻爰謀。
"Hà Nghệ chi xạ cách,",何羿之射革，
Nhi giao thôn quỹ chi?,而交吞揆之？
"Trở cùng tây chinh,",阻窮西征，
Nham hà việt yên?,巖何越焉？
"Hoá vi hoàng hùng,",化為黃熊，
Vu hà hoạt yên?,巫何活焉？
"Hàm bá cự thử,",咸播秬黍，
Phủ quán thị dinh.,莆雚是營。
"Hà do tịnh đầu,",何由并投，
Nhi Cổn tật tu doanh?,而鮌疾脩盈？
"Bạch nghê anh phất,",白蜺嬰茀，
Hồ vi thử đường?,胡為此堂？
"An đắc phu lương dược,",安得夫良藥，
Bất năng cố tang?,不能固臧？
"Thiên thức tòng hoành,",天式從橫，
Dương ly viên tử.,陽離爰死。
"Đại điểu hà minh,",大鳥何鳴，
Phù yên táng quyết thể?,夫焉喪厥體？
"Bình hào khởi vũ,",蓱號起雨，
Hà dĩ hưng chi?,何以興之？
"Soạn thể hiệp hiếp,",撰體協脅，
Lộc hà ưng chi?,鹿何膺之？
"Ngao đới sơn biến,",鼇戴山抃，
Hà dĩ an chi?,何以安之？
"Thích chu lăng hành,",釋舟陵行，
Hà dĩ thiên chi?,何以遷之？
"Duy kiêu tại hộ,",惟澆在戶，
Hà cầu vu tẩu?,何求于嫂？
"Hà Thiếu Khang trục khuyển,",何少康逐犬，
Nhi điên vẫn quyết thủ?,而顛隕厥首？
"Nữ kỳ phùng thường,",女歧縫裳，
"Nhi quán đồng viên chỉ,",而館同爰止，
"Hà điên dị quyết thủ,",何顛易厥首，
Nhi thân dĩ phùng đãi?,而親以逢殆？
"Thang mưu dị lữ,",湯謀易旅，
Hà dĩ hậu chi?,何以厚之？
"Phúc chu châm tầm,",覆舟斟尋，
Hà đạo thủ chi?,何道取之？
"Kiệt phạt Mông Sơn,",桀伐蒙山，
Hà sở đắc yên?,何所得焉？
"Muội Hỉ hà tứ,",妹嬉何肆，
Thang hà cức yên?,湯何殛焉？
"Thuấn mẫn tại gia,",舜閔在家，
Phụ hà dĩ quan?,父何以鱞？
"Nghiêu bất Diêu cáo,",堯不姚告，
Nhị nữ hà thân?,二女何親？
"Quyết manh tại sơ,",厥萌在初，
Hà sở ức yên!,何所億焉！
"Hoàng đài thập thành,",璜臺十成，
Thuỳ sở cực yên?,誰所極焉？
"Đăng lập vi đế,",登立為帝，
Thục đạo thượng chi?,孰道尚之？
"Nữ Oa hữu thể,",女媧有體，
Thục chế tượng chi?,孰制匠之？
"Thuấn phục quyết đệ,",舜服厥弟，
Chung nhiên vi hại.,終然為害。
"Hà tứ khuyển thể,",何肆犬體，
Nhi quyết thân bất nguy bại?,而厥身不危敗？
"Ngô hoạch hất cổ,",吳獲迄古，
Nam nhạc thị chỉ.,南嶽是止。
"Thục kỳ khứ tư,",孰期去斯，
Đắc lưỡng nam tử?,得兩男子？
"Duyên hộc sức ngọc,",緣鵠飾玉，
Hậu đế thị hưởng.,后帝是饗。
"Hà thừa mưu Hạ Kiệt,",何承謀夏桀，
Chung dĩ diệt táng?,終以滅喪？
"Đế nãi giáng quan,",帝乃降觀，
Hạ phùng Y Chí.,下逢伊摯。
"Hà Điều phóng trí phạt,",何條放致罰，
Nhi lê phục đại thuyết?,而黎服大說？
"Giản Địch tại đài,",簡狄在臺，
Khốc hà nghi?,嚳何宜？
"Huyền điểu trí di,",玄鳥致貽，
Nữ hà hỉ?,女何喜？
"Cai bỉnh quý đức,",該秉季德，
Quyết phụ thị tang.,厥父是臧。
"Hồ chung tệ vu Hữu Hổ,",胡終弊于有扈，
Mục phù ngưu dương?,牧夫牛羊？
"Can hiệp thì vũ,",干協時舞，
Hà dĩ hoài chi?,何以懷之？
"Bình hiếp mạn phu,",平脅曼膚，
Hà dĩ phì chi?,何以肥之？
"Hữu Hổ mục thụ,",有扈牧豎，
Vân hà nhi phùng?,云何而逢？
"Kích sàng tiên xuất,",擊牀先出，
Kỳ mệnh hà tòng?,其命何從？
"Hằng bỉnh quý đức,",恆秉季德，
Yên đắc phù phác ngưu?,焉得夫朴牛？
"Hà vãng dinh ban lộc,",何往營班祿，
Bất đãn hoàn lai?,不但還來？
"Hôn vi tuân tích,",昏微遵迹，
Hữu địch bất ninh.,有狄不寧。
"Hà phồn điểu tuỵ cức,",何繁鳥萃棘，
Phụ tử tứ tình?,負子肆情？
"Huyễn đệ tịnh dâm,",眩弟竝淫，
Nguy hại quyết huynh.,危害厥兄。
"Hà biến hoá dĩ tác trá,",何變化以作詐，
Hậu tự nhi phùng trường?,後嗣而逢長？
"Thành thang đông tuần,",成湯東巡，
Hữu Sần viên cực.,有莘爰極。
"Hà khất bỉ tiểu thần,",何乞彼小臣，
Nhi cát phi thị đắc?,而吉妃是得？
"Thuỷ tân chi mộc,",水濱之木，
Đắc bỉ tiểu tử.,得彼小子。
"Phù hà ác chi,",夫何惡之，
Dắng Hữu Sần chi phụ?,媵有莘之婦？
"Thang xuất Trùng tuyền,",湯出重泉，
Phù hà tội vưu?,夫何辠尤？
"Bất thắng tâm phạt đế,",不勝心伐帝，
Phù thuỳ sử khiêu chi?,夫誰使挑之？
"Hội trào tranh minh,",會鼂爭盟，
Hà tiễn ngô kỳ?,何踐吾期？
"Thương điểu quần phi,",蒼鳥群飛，
Thục sử tuỵ chi?,孰使萃之？
"Đáo kích Trụ cung,",到擊紂躬，
Thúc Đán bất gia.,叔旦不嘉。
"Hà thân quỹ phát,",何親揆發，
Định Chu chi mệnh dĩ tư ta?,定周之命以咨嗟？
"Thụ Ân thiên hạ,",授殷天下，
Kỳ vị an thi?,其位安施？
"Phản thành nãi vong,",反成乃亡，
Kỳ tội y hà?,其罪伊何？
"Tranh khiển phạt khí,",爭遣伐器，
Hà dĩ hành chi?,何以行之？
"Tịnh khu kích dực,",竝驅擊翼，
Hà dĩ tướng chi?,何以將之？
"Chiêu hậu thành du,",昭后成遊，
Nam thổ viên để.,南土爰底。
"Quyết lợi duy hà,",厥利惟何，
Phùng bỉ bạch trĩ?,逢彼白雉？
"Mục Vương xảo mai,",穆王巧梅，
Phù hà vi chu lưu?,夫何為周流？
"Hoàn lý thiên hạ,",環理天下，
Phù hà sách cầu?,夫何索求？
"Yêu phù duệ huyễn,",妖夫曳衒，
Hà hào vu thị?,何號于市？
"Chu U thuỳ tru,",周幽誰誅，
Yên đắc phù Bao Tự?,焉得夫襃姒？
"Thiên mệnh phản trắc,",天命反側，
Hà phạt hà hữu?,何罰何佑？
"Tề Hoàn cửu hội,",齊桓九會，
Tốt nhiên thân sát.,卒然身殺。
"Bỉ vương Trụ chi cung,",彼王紂之躬，
Thục sử loạn hoặc?,孰使亂惑？
"Hà ác phụ bật,",何惡輔弼，
Sàm siểm thị phục?,讒諂是服？
"Tỷ Can hà nghịch,",比干何逆，
Nhi ức trầm chi?,而抑沉之？
"Lôi Khai a thuận,",雷開阿順，
Nhi tứ phong chi?,而賜封之？
"Hà thánh nhân chi nhất đức,",何聖人之一德，
Tốt kỳ dị phương?,卒其異方？
"Mai Bá thụ hải,",梅伯受醢，
Cơ tử tường cuồng.,箕子詳狂。
"Tắc duy nguyên tử,",稷維元子，
Đế hà trúc chi?,帝何竺之？
"Đầu chi ư băng thượng,",投之於冰上，
Điểu hà úc chi?,鳥何燠之？
"Hà phùng cung hiệp thi,",何馮弓挾矢，
Thù năng tướng chi?,殊能將之？
"Ký kinh đế thiết khích,",既驚帝切激，
Hà phùng trường chi?,何逢長之？
"Bá Xương hào suy,",伯昌號衰，
Bỉnh tiên tác mục.,秉鞭作牧。
"Hà linh triệt bỉ Kỳ xã,",何令徹彼岐社，
Mệnh hữu ân quốc?,命有殷國？
"Thiên tàng tựu Kỳ,",遷藏就岐，
Hà năng y?,何能依？
"Ân hữu hoặc phụ,",殷有惑婦，
Hà sở cơ?,何所譏？
"Thụ tứ tư hải,",受賜玆醢，
Tây Bá thượng cáo.,西伯上告。
"Hà thân tựu thượng đế,",何親就上帝，
Phạt Ân chi mệnh dĩ bất cứu?,罰殷之命以不救？
"Sư Vọng tại tứ,",師望在肆，
Xương hà thức?,昌何識？
"Cổ đao dương thanh,",鼓刀揚聲，
Hậu hà hỉ?,后何喜？
"Vũ phát sát Ân,",武發殺殷，
Hà sở ấp?,何所悒？
"Tái thi tập chiến,",載尸集戰，
Hà sở cấp?,何所急？
"Bá Lâm trĩ kinh,",伯林雉經，
Duy kỳ hà cố?,維其何故？
"Hà cảm thiên ức địa,",何感天抑墬，
Phù thuỳ uý cụ?,夫誰畏懼？
"Hoàng thiên tập mệnh,",皇天集命，
Duy hà giới chi?,惟何戒之？
"Thụ lễ thiên hạ,",受禮天下，
Hựu sử chí đại chi?,又使至代之？
"Sơ Thang thần Chí,",初湯臣摯，
Hậu tư thừa phụ.,後玆承輔。
"Hà tốt quan Thang,",何卒官湯，
Tôn thực tông tự?,尊食宗緒？
"Động hạp Mộng sinh,",動闔夢生，
Thiếu ly tán vong.,少離散亡。
"Hà tráng vũ lệ,",何壯武厲，
Năng lưu quyết nghiêm?,能流厥嚴？
"Bành khanh châm trĩ,",彭鏗斟雉，
Đế hà hưởng?,帝何饗？
"Thụ thọ vĩnh đa,",受壽永多，
Phù hà cửu trường?,夫何久長？
"Trung ương cộng mục,",中央共牧，
Hậu hà nộ?,后何怒？
"Phong nga vi mệnh,",𧒒蛾微命，
Lực hà cố?,力何固？
"Kinh nữ biện vi,",驚女釆薇，
Lộc hà hữu?,鹿何祐？
"Bắc chí hồi thuỷ,",北至回水，
Tuỵ hà hỉ?,萃何喜？
"Huynh hữu phệ khuyển,",兄有噬犬，
Đệ hà dục?,弟何欲？
"Dị chi dĩ bách lưỡng,",易之以百兩，
Tốt vô lộc.,卒無祿。
"Bạc mộ lôi điện,",薄暮雷電，
Quy hà ưu?,歸何憂？
"Quyết nghiêm bất phụng,",厥嚴不奉，
Đế hà cầu?,帝何求？
"Phục nặc huyệt xứ,",伏匿穴處，
Viên hà vân?,爰何云？
"Kinh sư tác huân,",荊師作勳，
Phù hà trường?,夫何長？
"Ngộ quá cải cánh,",悟過改更，
Ngã hựu hà ngôn?,我又何言？
"Ngô Quang tranh quốc,",吳光爭國，
Cửu dư thị thắng.,久余是勝。
"Hà hoàn xuyên tự lư xã khâu lăng,",何環穿自閭社丘陵，
Viên xuất Tử Văn?,爰出子文？
"Ngô cáo Đố Ngạo,",吾告堵敖，
Dĩ bất trường.,以不長。
"Hà thí thượng tự dư,",何試上自予，
Trung danh my chương?,忠名彌彰？
"Ta dư vị táng,",嗟予未喪，
Ai thử cô sinh.,哀此孤生。
"Bình cư Lam Điền,",屏居藍田，
Bạc địa cung canh.,薄地躬耕。
"Tuế yến thâu thuế,",歲晏輸稅，
Dĩ phụng tư thịnh.,以奉粢盛。
"Thần vãng đông cao,",晨往東臯，
Thảo lộ vị hy.,草露未晞。
"Mộ khan yên hoả,",暮看煙火，
Phụ đảm lai quy.,負擔來歸。
"Ngã văn hữu khách,",我聞有客，
Túc tảo kinh phi.,足埽荊扉。
"Đan thực y hà,",簞食伊何，
Phúc qua trảo táo.,疈瓜抓棗。
"Ngưỡng xí quần hiền,",仰廁羣賢，
Bà nhiên nhất lão.,皤然一老。
"Quý vô hoàn điệm,",媿無莞簟，
Ban kinh tịch cảo.,班荊席藁。
"Phiếm phiếm đăng pha,",汎汎登陂，
Chiết bỉ hà hoa.,折彼荷花。
"Tĩnh quan tố vị,",靜觀素鮪，
Phủ ánh bạch sa.,俯映白沙。
"Sơn điểu quần phi,",山鳥羣飛，
Nhật ẩn khinh hà.,日隱輕霞。
"Đăng xa thướng mã,",登車上馬，
Thúc hốt vân tán.,倏忽雲散。
"Tước táo hoang thôn,",雀噪荒村，
Kê minh không quán.,雞鳴空館。
"Hoàn phục u độc,",還復幽獨，
Trùng hy luỹ thán.,重欷累歎。
"Triêu dữ giai nhân kỳ,",朝與佳人期，
Nhật tịch thù bất lai.,日夕殊不來。
"Gia hào bất thường,",嘉肴不嘗，
Chỉ tửu đình bôi.,旨酒停杯。
"Ký ngôn phi điểu,",寄言飛鳥，
Cáo dư bất năng.,告予不能。
"Phủ chiết lan anh,",俯折蘭英，
Ngưỡng kết quế chi.,仰結桂枝。
"Giai nhân bất tại,",佳人不在，
Kết chi hà vi?,結之何為？
Tòng nhĩ hà sở chi?,從爾何所之？
Nãi tại đại hải ngung.,乃在大海隅。
"Linh Nhược đạo ngôn,",靈若道言，
Di nhĩ minh châu.,貽爾明珠。
"Xí dư vọng chi,",企予望之，
Bộ lập trì trù.,步立踟躕。
"Giai nhân bất lai,",佳人不來，
Hà đắc tư tu?,何得斯須？
"Xuân nhật trì trì,",春日遲遲，
Tang hà thê thê.,桑何萋萋。
"Hồng đào hàm yêu,",紅桃含夭，
Lục liễu thư di.,綠柳舒荑。
"Giải cấu xán giả,",邂逅粲者，
Du chử hí hề.,遊渚戲蹊。
"Hoa nhan dị cải,",華顏易改，
Lương nguyện nan hài.,良願難諧。
"Phiếm phiếm lục trì,",汎汎淥池，
Trung hữu phù bình.,中有浮萍。
"Ký thân lưu thuỷ,",寄身流水，
Tuỳ phong mỹ khuynh.,隨風靡傾。
"Phù dung hàm phương,",芙蓉含芳，
Hạm đạm thuỳ vinh.,菡萏垂榮。
"Triêu thái kỳ thực,",朝採其實，
Tịch bội kỳ anh.,夕佩其英。
Thái chi di thuỳ?,採之遺誰？
Sở tư tại đình.,所思在庭。
"Song ngư tỷ mục,",雙魚比目，
Uyên ương giao cảnh.,鴛鴦交頸。
"Hữu mỹ nhất nhân,",有美一人，
Uyển như thanh dương.,婉如清揚。
"Tri âm thức khúc,",知音識曲，
Thiện vi nhạc phương.,善為樂方。
"Hoả sinh vu mộc,",火生于木，
Hoạ phát tất khắc.,禍發必克。
"Khí sinh vu thân,",氣生于身，
Bất hỷ vi tặc.,不喜爲賊。
"Phu nộ hoả dã,",夫怒火也，
Nhi nhẫn vi thuỷ.,而忍爲水。
"Nhẫn tắc tĩnh hỹ,",忍則靜矣，
Tĩnh tắc nhẫn hỹ.,靜則忍矣。
"Phàm vật chi lai,",凡物之來，
Ảo dĩ ưng chi.,幻以應之。
"Ưng vô sở loạn,",應無所亂，
Tự nhiên thoái tán.,自然退散。
"Hựu niệm nhân sinh,",又念人生，
Tương tụ kỷ hà.,相聚幾何。
"Duy hảo bất túc,",唯好不足，
Hề dĩ phẫn gia.,奚以忿加。
"Phóng ngã ư nhân,",放我於人，
Thể nhân ư ngã.,体人於我。
"Nhân ngã lưỡng bình,",人我兩平，
An hữu ngỗ giả.,安有忤者。
"Di di như dã,",怡怡如也，
Nhất lạp kim đan.,一粒金丹。
"Tâm địa thanh lương,",心地清涼，
Du hý nhân gian.,遊戲人間。
"Ngạo tuyết tâm hư,",傲雪心虛，
Lăng sương tiết kính.,凌霜節勁。
"Giả nhĩ vi nô,",假爾為奴，
Khủng phi thiên tính.,恐非天性。
"Bắc phong kỳ lương,",北風其涼，
Vũ tuyết kỳ vụ.,雨雪其霧。
"Đăng minh tửu lãnh,",燈明酒冷，
Ưu lai vô phương.,憂來無方。
"Nhân sinh kết giao,",人生結交，
Quý tại hoàng kim.,貴在黃金。
"Nam nhi truỵ địa,",男兒墜地，
Thuỳ vô xích tâm.,誰無赤心。
"Lỗi lỗi chi thạch,",磊磊之石，
Quý tại hoàng kim.,貴在黃金。
"Nam nhi truỵ địa,",男兒墜地，
Diệc dĩ vi trụ.,亦以為柱。
"Thanh dăng vu phi,",青蠅于飛，
Thuỳ tri thị phi.,誰知是非。
"Yến an đam độc,",宴安酖毒，
Hoạ sinh hốt vi.,禍生忽微。
"Mạnh Tân chi thuỷ,",孟津之水，
Phủng thổ vi tắc.,捧土為塞。
"Triết nhân tri kỷ,",哲人知幾，
Mạc ngã cảm hoặc.,莫我敢惑。
"Hữu tửu hữu tửu,",有酒有酒，
Chỉ cơ kỳ cầu.,咫飢其求。
"Thiên thu chi hạ,",千秋之下，
Thuỳ tri ngã ái.,誰知我愛。
"Khổng viết thành nhân,",孔曰成仁，
Mạnh viết thủ nghĩa.,孟曰取義。
"Duy kỳ nghĩa tận,",惟其義盡，
Sở dĩ nhân chí.,所以仁至。
"Độc thánh hiền thư,",讀聖賢書，
Sở học hà sự?,所學何事？
"Nhi kim nhi hậu,",而今而後，
Thứ kỷ vô quý.,庶幾無愧。
"Nguyệt minh tinh hy,",月明星稀，
Thiên cao khí hàn.,天高氣寒。
"Quế kỳ thuý tinh,",桂旗翠旌，
Bội ngọc minh loan.,佩玉鳴鸞。
"Trạc anh lễ tuyền,",濯纓醴泉，
Bị phục huệ lan.,被服蕙蘭。
"Tư tòng nhị nữ,",思從二女，
Thích bỉ Tương Nguyên.,適彼湘沅。
"Linh u thính vi,",靈幽聽微，
Thuỳ quan ngọc nhan.,誰觀玉顏。
"Chước chước xuân hoa,",灼灼春華，
Lục diệp hàm đan.,綠葉含丹。
"Nhật nguyệt thệ hĩ,",日月逝矣，
Tích nhĩ hoa phồn.,惜爾華繁。
