vi,cn
"Bất sinh hồ khoan nhàn chi dã, nhi thác tích ư động thiên.",不生乎寬閒之野，而托跡於洞天。
"Đồng Lương thuý khí thông Thanh Linh,",銅梁翠氣通青蛉，
Chính sự nhất tỳ ích ngã.,政事一埤益我，
Tuế tuế niên niên nhân bất đồng.,歲歲年年人不同。
"Thiên cao địa nhục nhật nguyệt lưu,",天高地辱日月流，
"Bất đại thanh dĩ sắc,",不大聲以色，
Hoàng tuất ngã hậu.,遑恤我後。
Hải thượng minh nguyệt cộng triều sinh.,海上明月共潮生。
Đô nhân hãi quan như đổ tường.,都人駭觀如堵牆。
Tứ vọng thanh thiên giải nhân muộn.,四望青天解人悶。
"Nãi mệnh Nghê dĩ kích sát hề, Nghê xúc hoè nhi tễ.",乃命麑以擊殺兮，麑觸槐而斃。
"Bất tri hà xứ hoả,",不知何處火，
"Minh công tráng niên trị thì nguy,",明公壯年值時危，
"Anh hùng bản học vạn nhân địch,",英雄本學萬人敵，
Cốt nhục mãn nhãn thân ky cô.,骨肉滿眼身羈孤。
"Đào không củng nhiên văn túc âm,",逃空跫然聞足音，
"Nhị xuyết duẩn ban,",二綴笋班，
"Tự Triệu, Đinh, Lý, Trần chi triệu tạo ngã quốc,",自趙丁李陳之肇造我國，
Cát luỹ oanh chi.,葛藟縈之。
Lập thạch vi biểu kim nhưng tồn.,立石為表今仍存。
Bệnh trung nhất kiến dược nhiên khởi.,病中一見躍然起。
Hoàn dư thụ tử chi xán hề.,還，予授子之粲兮。
"Phong điệp khứ phân phân,",蜂蝶去紛紛，
"Phương niên thuỳ tích khứ như thuỷ,",芳年誰惜去如水，
"Sính lai bất thức bái cô chương,",聘來不識拜姑嫜，
"Thuỵ lai đả miên,",睡來打眠，
Hoan tiếu trùng truy biệt kinh niên.,歡笑重追別經年。
"Giang thượng kim triêu hàn vũ hiết,",江上今朝寒雨歇，
Ngọc thủ khai giam trường thán tức:,玉手開緘長嘆息，
Trĩ tử vô ưu tẩu phong vũ.,稚子無懮走風雨。
"Ngã thừa du bích xa,",我乘油壁車，
"Hồng nhạn nam phi,",鴻雁南飛，
"Hạnh tài thiên thụ, dược nhị biến hồ phương dân,",杏栽千樹，藥餌遍乎方民，
"Khả liên chức nữ tinh,",可憐織女星，
"Củ củ cát cú,",糾糾葛屨，
Nhất giang lưỡng quốc nan phân thuyết;,一江兩國難分說；
Nhiễu nhiễu bách niên gian.,擾擾百年間。
"Bất ẩm hồ vi tuý ngột ngột,",不飲胡為醉兀兀，
Chỉnh đốn càn khôn tế thì liễu.,整頓乾坤濟時了。
"Ta phù! Thế chí Xuân Thu, Đại Nhã vong hĩ. Bỉ liệt quốc chi danh khanh, cạnh bôn trì ư danh lợi. Bát Dật, Ung Triệt, ký manh tiếm thiết chi tâm; Thiều Hạ Hộ Võ, khởi nhập tục nhân chi nhĩ! Phân Trịnh Vệ chi thị đam, mộ nhã nhạc hề năng kỷ? Trác tự bát ư nhân quần, nãi độc văn ư Quí Tử.",嗟夫！世至春秋，大雅亡矣。彼列國之名卿，競奔馳於名利。八佾，雍徹，既萌僭竊之心；韶夏護武，豈入俗人之耳。紛鄭衛之是眈，慕雅樂兮能幾？卓自撥於人群，乃獨聞於季子。
Điền gia tân khổ khả nại hà.,田家辛苦可奈何！
"Hành nhân nhật mộ thiểu,",行人日暮少，
"Đàn cầm cổ sắt,",彈琴鼓瑟，
Danh vị khởi khẳng ti vi hưu.,名位豈肯卑微休。
Thanh Môn qua địa tân đống liệt.,青門瓜地新凍裂。
"Nãi như chi nhân dã,",乃如之人也，
"Vô nhân tương tựu túc,",無人相就宿，
"Loạn sinh bất di,",亂生不夷，
Ý thử đại tự.,殪此大兕。
Ly trung tú sắc hoạ bình hu.,籬中秀色畫屏紆。
Song lệ lạc quân tiền.,雙淚落君前。
"Đạt cập đức hạnh,",達及德行，
Dũ bái khể thủ đạo thả vũ:,愈拜稽首蹈且舞：
Đào Tiềm tuý nhật đa.,陶潛醉日多。
Thuỳ trãi quân hề nhất trường.,誰薦君兮一觴。
"Mưu bất khả chúng,",謀不可眾，
"Đạo nhân tùng lâm thập niên cựu,",道人叢林十年舊，
"Quân lại quá giả cố chi tha,",軍吏過者顧之他，
"Ky nhân yển ngoạ hình thương hoàng,",羈人偃臥形蒼黃，
Ý mạc cưỡng cầu.,意莫強求。
"Hạ liêm đàn không hầu,",下簾彈箜篌，
Khoa đầu khởi hướng ly biên khai.,科頭起向籬邊開。
"Vị tri can đảm hướng thuỳ thị,",未知肝膽向誰是，
Di ái tưởng tượng thiên thu thuỳ.,遺愛想像千秋垂。
Tứ phương chi cương.,四方之綱。
Lãng Châu thành bắc Ngọc Đài bích.,閬州城北玉臺碧。
"Nam kỷ vu lư chướng bất tuyệt,",南紀巫廬瘴不絕，
Trung gian tác giả tịch bất văn.,中間作者寂不聞。
Mãn đầu đoản phát giai bồng tùng.,滿頭短髮皆蓬鬆。
"Phú vị tất, khách nạn chi viết: “Sinh văn minh chi thời giả, bất đàm uy vũ chi công; đăng ung hi chi triều giả, bất ngôn chiến phạt chi sự. Quyết kim thánh triều, thăng bình cực trị. Hỗn tứ hải ư nhất gia, đồng xa thư ư văn quĩ. Bao can qua dĩ hổ bì, tiêu phong đích vi nông khí. Hoà khí áng hồ cửu châu, nhân phong huân hồ lưỡng tế. Tử phương ngao tường phượng nghi chi đình, vũ đạo tấu Thiều chi địa. Phản nhi chi khu khu sính điêu trùng chi mạt kỹ, xưng tạp bá chi tích, muội đế vương chi ý. Hề thời vụ chi bất thông, vi hữu thức chi sở bỉ”.",賦未畢，客難之曰：生文明之時者，不談威武之功；登雍熙之朝者，不言戰伐之事。厥今聖朝，昇平極治。混四海於一家，同車書於文軌。包干戈以虎皮，銷鋒鏑為農器。和氣盎乎九州，仁風薰乎兩際。子方翱翔鳳儀之庭，舞蹈奏韶之地。反而之區區騁雕虫之末技，稱雜伯之蹟，昧帝王之懿。奚時務之不通，為有識之所鄙。
"Nhi hựu hà tiện hồ nhân sinh chi trường cần,",而又何羨乎人生之長勤，
An tri sa bất biến vi hải.,安知沙不變為海。
Tuy hữu nhã ước do tần tu.,雖有雅約猶嚬羞。
Hoàn tùng vật ngoại khởi điền viên.,還從物外起田園。
Hà xứ trục anh hùng.,何處逐英雄。
"Xá hạ duẫn xuyên tường,",舍下筍穿牆，
"Lẫm liệt hàn uy xâm đoản mấn,",凜烈寒威侵短鬢，
Chiết hoa điều hành khách.,折花調行客。
Mạc uỷ mẫu tâm.,莫慰母心。
"Kim thì tân thức nhân,",今時新識人，
"Tương kỳ âm dương,",相其陰陽，
Hoa thì quân bất chí.,花時君不至。
"Quyết hội nghĩ ư băng đê,",決潰蟻於崩堤，
"Ngân bình sạ phá thuỷ tương bính,",銀瓶乍破水漿迸，
Ô cữu hồng kinh thập độ sương.,烏臼紅經十度霜。
"Mạch hoà cảo tử túc bất thục,",麥禾稿死粟不熟，
Nam nhi tín mệnh tuyệt khả liên.,男兒信命絕可憐。
Lỗi tửu nhất thương.,酹酒一觴。
Ty ty hội nhạ sầu.,絲絲會惹愁。
Bất hoàng khải xứ.,不遑啟處。
Hữu tất kỳ hương.,有飶其香。
Hình ảnh tự tương liên.,形影自相憐。
Tằng bất tri kỳ điếm.,曾不知其玷。
Sổ nhi toạ ngoại chỉ dao đàm.,數兒坐外指遙談。
"Đa sinh ỷ ngữ ma bất tận,",多生綺語磨不盡，
Thái bình thành tượng doanh thu môn.,太平成象盈秋門。
Kinh nguyệt bão đạm tùng hoa hương.,經月飽啖松花香。
"Quyển thư tuỳ sở thích,",卷舒隨所適，
"Hồn hề mạc oán sa tràng tử,",魂兮莫怨沙場死，
"Đãn nguyện tướng quân trọng lập công,",但願將軍重立功，
"Tri quân thử kế thành trường vãng,",知君此計成長往，
"Vọng thu nguyệt,",望秋月，
"Mã sinh noãn hề, ngoại vật quan vật,",馬生卵兮外物觀物，
"Phan Lệnh chi đào kết thực, ngã diệc hà cầu.",潘令之桃結實，我亦何求。
Trắc thân bắc vọng thế triêm cân.,側身北望涕沾巾。
"Khinh chu nghinh thượng khách,",輕舟迎上客，
"Tự bỉ Thành Khang,",自彼成康，
"Bất tu khổ tiết bất khả trinh,",不須苦節不可貞，
Sai khả đối ngân công.,差可對銀釭。
"Vũ phát sát Ân,",武發殺殷，
"Năng ngôn chung kiến khí,",能言終見棄，
Quát thiêm hài nhi dĩ tam tuế.,适添孩兒已三歲。
Bất năng nghệ tắc thử.,不能蓺稷黍。
"Trì hạ xu thương trần hạ biểu,",墀下趍蹌陳賀表，
"Tử tôn ngu hề,",子孫愚兮，
Châu huyện nhưng thôi cấp hà dịch.,州縣仍催給河役。
"Trúc diệp liên tao thuý,",竹葉連糟翠，
Hệ hướng ngưu đầu sung thán trị.,繫向牛頭充炭直。
Không sơn ngưng vân đồi bất lưu.,空山凝雲頹不流。
"Vi khách tài ô mạo,",為客裁烏帽，
"Phú quý phi ngô nguyện, đế hương bất khả kỳ.",富貴非吾願，帝鄉不可期。
Bàn nhất dụng nhi minh nhất quy; tâm dũ oánh nhi đức dũ huy.,盤一用而銘一規；心愈瑩而德愈輝。
"Tiêu tiêu mã minh,",蕭蕭馬鳴，
"Thủ huề nhập thị, sinh mại chi.",手攜入市生賣之。
"Lạc bất khả cực,",樂不可極，
"Duy ẩn hiện chi hữu tiết hề, cánh nhị bát nhi độ bất sai phân.",惟隱現之有節兮更二八而度不差分。
"Bạch tửu tân thục sơn trung quy,",白酒新熟山中歸，
"Phản thị bất tê,",反是不思，
Lục nhai xa mã thanh lân lân.,六街車馬聲轔轔。
Gia tân thức yến tuy chi.,嘉賓式燕綏之。
"Hầu tác hầu chú,",侯作侯祝，
"Vương công y trạc,",王公伊濯，
Á tướng trí sĩ.,亞相致仕。
"Tạp anh phân dĩ tích,",雜英紛已積，
"Ngã dục cầu chi bất đạn viễn,",我欲求之不憚遠，
"Kỳ xa tam thiên,",其車三千，
Mộ vũ triêu vân trấn tương tục.,暮雨朝雲鎮相續。
Dạ đảo nhung y hướng minh nguyệt,夜搗戎衣向明月。
Thất gia chi khổn.,室家之壼。
Sắt sắt sâu sâu.,瑟瑟颼颼。
"Đương sơ sủng thiếp phi như kim,",當初寵妾非如今，
Đế tạo tích luỹ.,締造積累。
"Vị kham gia đa nạn,",未堪家多難，
"Văn đạo triều đầu nhất trượng cao,",聞道潮頭一丈高，
"Tự minh cập hối,",自明及晦，
"Ý cẩm khuýnh y,",衣錦褧衣，
Chỉnh đốn mao y do tự hảo.,整頓毛衣猶自好。
"Hoàng thiên tập mệnh,",皇天集命，
Hồi phong táp táp xuy sa trần.,回風颯颯吹沙塵。
"Ôn Tuyền bất đáo, ức thập thuý chi cựu sự,",溫泉不到，憶拾翠之舊事，
"Vân thuỷ vô tâm nãi hữu lực,",雲水無心乃有力，
"Thiên thọ bình cách,",天壽平格，
"Nhược vấn Phật cảnh giới,",若問佛境界，
Phục xuất thanh bồ dương.,復出清蒲揚。
Đãi đắc Ngân Hà kỷ thì độ?,待得銀河幾時渡。
"Yên ngoại hữu chung thanh,",煙外有鐘聲，
"Tường đông hoang hề bão thôn tà,",墻東荒蹊抱村斜，
"Đường tiền bất nhập hồng phấn ý,",堂前不入紅粉意，
Thôn tây nhật dĩ tà.,村西日已斜。
Kỳ chính bất hoạch.,其政不獲。
Bất tri thân tại Ngân Giang dịch.,不知身在銀江驛。
"Lôi quá khê sơn bích vân noãn,",雷過溪山碧雲暖，
"Trượng lũ kỳ du,",杖屨耆遊，
"Xá thư nhất nhật hành vạn lý,",赦書一日行萬里，
Tố nguyệt dục thăng thiên liễm dung.,素月欲升天斂容。
"Bình sinh nhất chích bất nhập khẩu,",平生一滴不入口，
Cử mục Mai Sơn thiên lý viễn,舉目梅山千里遠，
"Giang động nguyệt di thạch,",江動月移石，
"Thử lai chủng đào kinh kỷ xuân,",此來種桃經幾春，
"Quyển mao đạm thiệt hình trạng thù,",卷毛舕舌形狀殊，
Lão khứ tương phùng diệc sảng tình.,老去相逢亦愴情，
"Hoàng hộc cao ư ngũ xích đồng,",黃鵠高於五尺童，
"Hải nạp bách xuyên, hữu dung nãi đại;",海納百川，有容乃大；
"Thiên tùng vạn tùng đồng nhất tùng,",千松萬松同一松，
"Cố chiêm Chu đạo,",顧瞻周道，
Yết trần mạn tắc Trường An lộ.,羯塵漫塞長安路。
Sa song bối hiểu đăng.,紗窗背曉燈。
"Âm mưu giá hoạ,",陰謀嫁禍，
"Hốt nhiên nhất nhật lai tương phùng,",忽然一日來相逢，
Tiền niên giá tác tăng nhân thê.,前年嫁作僧人妻。
Dực diệu kỳ vũ.,熠燿其羽。
Trướng vọng thả vi kim tương ức.,悵望且為今相憶。
"Vạn lý tằng kinh đông tuyết, mộc đầu vị thế nhi tự khôn.",萬里曾經冬雪，沐頭未剃而自髠。
"Tích thời Tôn Xác chí dục tráng,",昔時宗愨志欲壯，
"Thập tứ thái tang nam mạch đầu,",十四采桑南陌頭，
"Hạo thiên hôn ám,",昊天昏暗，
"Hoà lan ung ung,",和鸞雍雍，
Thương mang tầm mịch hương la phách.,倉忙尋覓香羅帕。
Sĩ ngã hồ đường hề!,俟我乎堂兮。
Liêu dĩ vong ưu.,聊以忘憂。
Bất như nông lệ tứ thời lưu.,不如儂淚四時流。
Xướng ca thái trà sơn thượng tẩu.,唱歌採茶山上走。
Vạn lý độ hà Phần.,萬里渡河汾。
Tông miếu tân trừ hồ thố huyệt.,宗廟新除狐兔穴。
"""Cao đường thực ẩm khởi vô khí,",「高堂食飲豈無棄，
"Tòng tiền tống phạn thiên thiên tảo,",從前送飯天天早，
"Đại phu quân tử,",大夫君子，
"Trượng nhân tuấn mã danh Hồ lưu,",丈人駿馬名胡騮，
"Tây sơn nhân gia bạng sơn trụ,",西山人家傍山住，
Hồ sồ ẩm mã Thiên Tân thuỷ.,胡雛飲馬天津水。
Vương hầu công tước tòng căn miêu.,王侯公爵從根苗：
"Lăng lăng kỳ khí thiên tiêu thượng,",凌凌奇氣千霄上，
Hữu thảo yêu yêu đông hạ thanh.,有草夭夭冬夏青。
Mãn giá đồ thư cung ngoạn tụng.,滿架圖書供玩誦。
Báo chi dĩ quỳnh dao.,報之以瓊瑤。
Cường đạo trang chính kinh.,強盜裝正經。
"Yểm lệ tài y viễn ký tương,",掩淚裁衣逺寄将，
Cương tắc thổ chi.,剛則吐之。
"Chỉ xích đãn sầu lôi vũ chí,",咫尺但愁雷雨至，
"Sa bình thuỷ tức thanh ảnh tuyệt,",沙平水息聲影絕，
"Thủ trung điện duệ Ỷ Thiên kiếm,",手中電曳倚天劍，
"Tiên sơn chỉ tại hải trung tâm,",仙山只在海中心，
"Vô thử cương nhĩ giới,",無此疆爾界，
Tặng tử Vân An song lý ngư.,贈子雲安雙鯉魚。
Tạo chúc cầu minh.,造燭求明。
Tiếu chỉ huynh tỷ la thành hàng.,笑指兄姊羅成行。
"Tư cánh trang thúc xuất giang biên,",私更妝束出江邊，
"Suất tây thuỷ hử,",率西水滸，
Hoàng lô khổ trúc nhiễu trạch sinh.,黃蘆苦竹繞宅生。
"Phù vân thướng thiên hoa lạc thụ,",浮雲上天花落樹，
Huề thủ đồng xa.,攜手同車。
"Thử mã lâm trận cửu vô địch,",此馬臨陣久無敵，
Sổ điểm hải đường phi.,數點海棠飛。
"Hải thượng chúng điểu bất cảm phi,",海上眾鳥不敢飛，
Phương thảo nhất đình xuân.,芳草一庭春。
"Mạnh Tân chi thuỷ,",孟津之水，
"Thiên thu vạn tuế thanh kim cầu,",千秋萬歲青金虯，
"Vũ xứ trùng khan hoa mãn diện,",舞處重看花滿面，
Đông các kỷ thì khai?,東閣幾時開？
Bạch mao bao chi.,白茅包之。
Hô long canh yên chủng dao thảo.,呼龍耕煙種瑤草。
"Hành mại mỹ mỹ,",行邁靡靡，
Giang hoả tự lưu huỳnh.,江火似流螢。
Cốt tủng cân cao chỉ nhục tráng.,骨聳筋高脂肉壯。
Cử huy thượng mã thừa dư xuất.,舉麾上馬乘輿出。
Khởi dư hiếu vu cùng tịch.,豈余好于窮僻。
Kết ta ánh thâm trúc.,結罝映深竹。
Hà nhân khẳng độc lai.,何人肯讀來。
Khởi bất tri cơ chức.,豈不知機織。
"Khứ niên Thôi Hộ nhược trùng lai,",去年崔護若重來，
Kiểu như quần đế tham long tường.,矯如群帝驂龍翔。
"Tống quân Nam Phố ngoại,",送君南浦外，
"Dụng tâm bất lương,",用心不良，
"Luyến lang tư lang phi nhất triêu,",戀郎思郎非一朝，
Khắc phối thượng đế.,克配上帝。
Quy tại lạc hoa tiền.,歸在落花前。
"Bất tri thiên hạ sĩ,",不知天下士，
Quân câm thắng ngã câm.,君今勝我今。
Duy dư hầu hưng.,維予侯興。
"Nhược phu hồng mông nhi cư,",若夫鴻蒙而居，
"Hán gia yên trần tại đông bắc,",漢家煙塵在東北，
Thích thích phụ chung.,趯趯阜螽。
"Thượng đế bản bản,",上帝板板，
Tiêu sắt bi mộ thu.,蕭瑟悲暮秋。
"Sâm nhiên phách động hạ mã bái,",森然魄動下馬拜，
Kiến quân tiền nhật thư.,見君前日書。
Không thanh tái hộ âm mô hồ.,空青塞戶陰模糊。
Bích đàm thanh hiệu khiết.,碧潭清皎潔。
"Phương Thúc suất chỉ,",方叔率止，
"Đồng quản hữu vĩ,",彤管有煒，
Dữ nô bạch phạn mã thanh sô.,與奴白飯馬青芻。
"Nhật khang ngu nhi bất dĩ hề, Tuyên Tử gián nhi di sân.",日康娛而不已兮，宣子諫而彌嗔。
"La khâm bất nại thu phong lực,",羅衾不奈秋風力，
"Khởi khởi tái bái tiền trí từ,",啟起再拜前致辞，
"Thụ thượng oanh ca thanh,",樹上鶯歌淸，
Tinh đẩu tại thanh thiên.,星斗在青天。
Bệnh cốt thượng nhĩ nan xanh trì.,病骨尚爾難撐持。
"Lâu các cao đê thụ thiển thâm,",樓閣高低樹淺深，
"Phương tạp tập dĩ my chương,",芳雜襲以彌章，
"Hướng lai hạo thủ kinh vạn nhân,",向來皓首驚萬人，
"Biến điệu như văn dương liễu xuân,",變調如聞《楊柳》春，
Giám cổ tri kim.,鑑古知今。
Vân ngã vô sở.,云我無所。
"Y chỉ lão túc diệc vị vãn,",依止老宿亦未晚，
"Nhược vi vô Hạ lão,",若為無賀老，
"Thức thị nam bang,",式是南邦，
"Điếu quân nhược quan,",弔君弱冠，
Duy lang khổ hận đa câu thúc.,惟郎苦恨多拘束。
Lỗ Ban môn tiền lộng đại phủ.,魯班門前弄大斧。
"Khởi tri tài cập tứ đại tôn,",豈知纔及四代孫，
Phỉ dương bất hy.,匪陽不晞。
Quân thị ngã môn thuỳ khẳng khuất.,君視我門誰肯屈。
Phác phá chính hữu tam bách tiền.,撲破正有三百錢。
"Bạch tước trình thuỵ,",白雀呈瑞，
"Đương thử chi thì, khởi bất tự Hán Cao Cai Hạ tứ nhi chi vi giả gia?",當此之時，豈不似漢高垓下四而之圍者耶？
Hạt hựu cực chỉ?,曷又極止！
"Thiên tái thiểu tự Chu Vân nhân,",千載少似朱雲人，
"Tái bắc vị quân thú,",塞北為君戍，
"Thuyền đầu tuý ngạn ô sa cân,",船頭醉岸烏紗巾，
"Duy đại quân chi bá vật, phú yêu cự chi vạn thù.",維大鈞之播物，賦么鉅之萬殊。
"Hữu thân bất ái,",有親不愛，
Càn khôn nhật nguyệt tằng kỷ hà.,乾坤日月曾幾何。
Giới nhĩ chiêu minh.,介爾昭明。
Uy nghi phản phản.,威儀反反。
Chi linh sự bại.,祗令事敗。
"Hà ác phụ bật,",何惡輔弼，
Pháp pháp tận ly vi.,法法盡离微。
Vô nãi loan giao tục nan đoạn.,無乃鸞膠續難斷。
Chí kim sách sách xưng anh liệt.,至今嘖嘖稱英烈。
"Chỉ xích Trường Môn bế A Kiều,",咫尺長門閉阿嬌，
"Viên cập Khương nữ,",爰及姜女，
Thu phong hựu kiến cúc hoa hoàng.,秋風又見菊花黃。
Duy hữu sơ vi ngâm cùng thu.,唯有疏葦吟窮秋。
"Trương công nhất sinh giang hải khách,",張公一生江海客，
Thú tốt truyền hô lai tiếp nghinh.,戍卒傳呼來接迎。
"Ô hô ngũ ca hề ca chuyển cấp,",嗚呼五歌兮歌轉急，
Bất năng thính chung lệ như vũ.,不能聽終淚如雨。
Ta hồ!,嗟乎！
Ái quốc tư gia chỉ tự bi.,愛國思家只自悲。
Minh sắc sinh hàn thụ.,暝色生寒樹。
"Mang ngạc dĩ oánh hư thu đào,",鋩鍔已瑩虛秋濤，
"Tại đức bất tại hiểm,",在德不在險，
"Dĩ du cứu phần, nhạc hoạ hạnh tai.",以油救焚，樂禍幸災。
"Lê Viên tử đệ bạch phát tân,",梨園子弟白髮新，
Thành nhân chi mỹ.,成人之美。
"Thiên chi tích Vũ, bất tại Lạc thư chi trình, nhi tại lục phủ chi khổng tu.",天之錫禹，不在洛書之呈，而在六府之孔須。
"Toạ trung hữu khách thiên tử khí,",座中有客天子氣，
"Thái phong thái phong,",采葑采葑，
"Hà xứ kết đồng tâm,",何處結同心，
Hoàng hạc vô do quy cố hương.,黃鶴無由歸故鄉。
Hà thuỷ thanh thả liên y!,河水清且漣猗。
"Thuý kiều, kim tước, ngọc tao đầu.",翠翹金雀玉搔頭。
Tiễn tài diệu xứ phi đao xích.,剪裁妙處非刀尺。
Kỳ thuỳ tri chi?,其誰知之？
"Như lâm thâm uyên,",如臨深淵、
Ba thanh bất hiết phàm bất hạ.,波聲不歇帆不下。
"Thiên phong lai vãng điều sinh vu,",天風來往調笙竽，
"Bình cư vô dĩ dị nhân,",平居無以異人，
"Tiểu sự bất nhẫn,",小事不忍，
"Quần thư vạn quyển thường ám tụng,",群書萬卷常暗誦，
Nguyện xuy dã thuỷ thiêm kim bôi.,願吹野水添金杯。
Tây sương nhiễu trúc hàng.,西廂遶竹行。
Thanh âm diểu diểu như ai ngọc.,清音裊裊如哀玉。
Ngao du tứ hải cầu kỳ hoàng.,遨遊四海求其凰。
Tặng chi dĩ thược dược.,贈之以勺藥。
Viêm viêm hồng nhật thăng phù tang.,炎炎紅日升扶桑。
"Vạn lý phi bồng ánh thiên qua,",萬里飛蓬映天過，
"Bỉ lưu Tử Ta,",彼留子嗟，
Hồng tuyến chức thành khả điện phô.,紅線織成可殿鋪。
"Nguyên nhung thập thặng,",元戎十乘，
"Chỉ vu cức,",止于棘。
Bỉnh tâm vô cạnh.,秉心無競。
Cựu chướng vô phục tự trần ai.,舊瘴無復似塵埃。
Văn tự mãn thanh đài.,文字滿青苔。
"Vô nhiên hâm tiễn,",無然歆羨，
Minh mâu hạo xỉ vô nhân tích.,明眸皓齒無人惜。
"Quang Vũ long hưng thành đại thống,",光武龍興成大統，
Đản tiển bất khẳng thành kiêu lô.,袒跣不肯成梟盧。
"Thì thì văn điểu ngữ,",時時聞鳥語，
Điền gia nhi nữ đề oa oa.,田家兒女啼呱呱。
Chinh tứ thôi nhân sổ thanh cổ.,征思催人數聲鼓。
"Kiều, Tiền niên kỷ.",喬籛年紀。
Hoạ thuyền tải lạc châu biên lai.,畫船載樂洲邊來。
"Cao cầu như cáo,",羔裘如膏，
"U sầu thu khí thượng thanh phong,",幽愁秋氣上青楓，
"Lương tướng đầu thượng tiến hiền quan,",良相頭上進賢冠，
Bích sa như yên cách song ngữ.,碧紗如煙隔窗語。
Liệt văn tích công.,烈文辟公。
Dĩ yến thiên tử.,以燕天子。
"Tảo tri như thử hối quy lai,",早知如此悔歸來，
"Kiêm cầu phú hào thả cát tiên,",兼求富豪且割鮮，
"Điều, thường, chiên, vị, sắc thắng ngân.",鰷鱨鱣鮪色勝銀。
"Hồi khan thiên tế hạ trung lưu,",迴看天際下中流，
"Tối khổ nhung biên hề, nhật dạ bàng hoàng,",最苦戎邊兮，日夜徬徨，
Hà dĩ tốt tuế?,何以卒歲？
"Độc bội hàn đăng cứ cảo ngô,",獨背寒燈據稿梧，
Ưng lân Phạm thúc hàn.,應憐范叔寒。
"Tướng quân khoa bảo kiếm,",將軍誇寶劍，
"Tự bá chi đông,",自伯之東，
Viên đắc ngã sở.,爰得我所。
Huống nãi kim triêu cánh phất trừ.,況乃今朝更祓除。
Dị vu trung cốc.,施于中谷。
Độc lập sa châu bàng.,獨立沙洲旁。
Vô luân tư dĩ vong.,無淪胥以亡。
"Phỉ đông phương tắc mang (minh),",「匪東方則明，
"Trâu, Mai biệt hậu kim kỷ niên,",邾枚別後今幾年，
"Quế chi lạc nhi tiêu vong,",桂枝落而銷亡，
Hoa Lư đô thị Hán Trường An.,花閭都是漢長安。
Thái không hằng tịch liêu.,太空恆寂寥。
Thức hãn tranh khan Bình Thúc bạch.,拭汗爭看平叔白。
Quân bất kiến tiền giả tồi chiết đồng.,君不見前者摧折桐。
"Chủ nhân bình phong tả kỳ trạng,",主人屏風寫奇狀，
Xuân sắc khởi tri tâm.,春色豈知心。
"Đạo nhân cấu tựu Bảo Chân quán,",道人構就葆真觀，
"Ta nhĩ tích nhân,",嗟爾昔人，
Yên đắc phù phác ngưu?,焉得夫朴牛？
Mộ u thám hề Vũ huyệt.,暮幽探兮禹穴。
Cốt ngạnh tuyệt đại vô.,骨鯁絕代無。
"Đế viết hữu bang, bỉ xu giả tử.",帝曰有邦彼姝者子。
"Đốc Công Lưu,",篤公劉，
Hảo hướng lâm tuyền nhất cao ẩn.,好向林泉一高隱。
Trung thu đối viễn san.,中秋對遠山。
Kê khuyển không tại gia.,雞犬空在家。
"Đông xuất Thanh Môn lộ bất cùng,",東出青門路不窮，
"Tự tòng chư lỗ chí phi sương,",自從瀦滷至飛霜，
Mã dạ hột đậu nhưng sổ tuần.,馬夜齕豆仍數巡。
Vi diệu độc tâm tri.,微妙獨心知。
Thứ kiến tố y hề!,庶見素衣兮，
"Cưu cư thước cấu thương chuẩn nhập,",鳩居鵲構蒼隼入，
Thử nhật vô do thức khoan trách.,此日無由識寛窄。
"Mạn lập viễn thị nhi vọng hạnh yên,",縵立遠視而望幸焉、
Hà tất tại thâm sơn.,何必在深山。
Tựu thử giang hề tẩy giáp binh.,就此江兮洗甲兵。
"Bất căn nhi sinh tòng ý sinh,",不根而生從意生，
"Chấp chi võng lượng thuỳ năng tiền,",執之魍魎誰能前，
"Bỉ trạch chi ba,",彼澤之陂，
"Như Giang như Hán,",如江如漢，
"Lưu Yên phụ tử cứ Ba Thục,",劉焉父子據巴蜀，
"Nhân tuỳ sa ngạn hướng giang thôn,",人隨沙岸向江村，
Khả dĩ âu kiên.,可以漚菅。
Na hữu biệt ly sầu.,那有別離愁。
"Bành khanh châm trĩ,",彭鏗斟雉，
Chiêm thuỷ cánh bội.,譫始竟背。
Thân lễ phòng dĩ tự trì.,申禮防以自持。
Cộng bi đồng tình,共悲同情
Hách như ốc trước.,赫如渥赭，
Bảo thoa diễm vũ quang chiếu tịch.,寶釵艷舞光照席。
"Quân mạc tiếu, Lưu Nghị tòng lai bố y nguyện,",君莫笑，劉毅從來布衣願，
"Hữu tửu hữu tửu,",有酒有酒，
Sĩ ngã hồ hồng hề!,俟我乎巷兮。
Độc vãng sự triêu cấp.,獨往事朝汲。
"Bách nhi sát chi, chước nhược phù dung xuất lục ba.",迫而察之，灼若芙蓉出淥波。
Chi tử thỉ mỹ thắc.,之死矢靡慝，
"Thu cảnh kim tiêu bán,",秋景今宵半，
Nguyện tác Dương Đài nhất đoạn vân.,愿作陽臺一斷雲。
Độc lợi tắc ly.,獨利則離。
"Đỗ quyên bất lai viên dứu hàn,",杜鵑不來猿狖寒，
"Ô hô nhất chi xuân hải đường,",嗚呼一枝春海棠，
Mãnh tướng yêu gian đại vũ tiễn.,猛將腰間大羽箭。
"Kết phát ân thâm tiễn chỉ phan,",結髮恩深剪紙幡，
"Đề lung vong thái diệp,",提籠忘採葉，
"Ái quốc hà cô, duy hữu tinh thần lưu bất tử;",愛國何辜，惟有精神留不死；
Vạn thọ vô kỳ.,萬壽無期。
"Tích tuy bạng ư lâm tuyền, chí tẩm trì ư liêu khoác.",跡雖傍於林泉，志寔馳於寥廓。
Phân phân khai thả lạc.,紛紛開且落。
Dư hậu tái điều binh tiệt lộ dĩ đoạn kỳ thực.,予後再調兵截路以斷其食。
"Hữu đàn hữu lạc,",有驒有駱，
Tứ phương vi tắc.,四方爲則。
Phục đạo ủng đầu thanh.,復道甕頭清。
Mạc nhiên tịnh tiết cánh thuỳ trù.,邈然靖節更誰儔。
Tình nhật thâm song phong vũ hưởng.,晴日深窗風雨響。
"Sở xướng ""Hột na"" thanh.",所唱紇那聲。
"Tàn sinh hà ý hữu kim niên,",殘生何意有今年？
"Quần công tiên chính,",群公先正，
"Không đối Hồ thiên nguyệt,",空對胡天月，
"Chiết mai phùng dịch sứ,",折梅逢驛使，
"Hưu tương tự kỷ tâm điền muội,",休將自己心田昧，
"Phong lang sinh khu, khu sinh bi.",封狼生貙貙生羆。
Cừ trừ bất tỉ.,籧篨不殄。
"Huyền minh nguyệt dĩ tự chiếu hề, tồ thanh dạ ư động phòng.",懸明月以自照兮，徂清夜於洞房。
"Thiền dã bất cầu,",禪也不求，
"Đạo vô ảnh tượng,",道無影像，
"Lạp quang cao huyền chiếu sa không,",蠟光高懸照紗空，
Hảo sự đa như thử.,好事多如此。
Thiện phu tả hữu;,膳夫左右；
Bế lũ y chi khinh luyện.,閉縷衣之輕練。
"Hựu hướng nhân gia trác đại ốc,",又向人家啄大屋，
"Lão phu trì tiết sứ tuyệt vực,",老夫持節使絶域，
"Hồ duy thị bất đồng vị,",胡維嗜不同味，
"Cẩn tắc vô ưu,",謹則無憂，
Lưu tương dữ hậu nhân.,留將與後人。
Vạn tượng khởi diệt vô đào hình.,萬象起滅無逃形。
Nhất ngâm song lệ lưu.,一吟雙淚流。
"Thành trung tương thức tận phồn hoa,",城中相識盡繁華，
"Long Môn dược thuỷ tam thiên túng,",龍門躍水三千縱，
Kháp như sơ thính Sở ca thì.,恰如初聽楚歌時。
"Lưỡng châu thảm liệt đài tiển bì,",兩株慘裂苔蘚皮，
"Khúc chung thu bát đương tâm hoạch,",曲終收撥當心畫，
"Tiểu phụ xuân lai bất giải ta,",小婦春來不解嗟，
Bắc Mang trủng mộ cao tha nga!,北邙塚墓高嵯峨。
"Thuỷ đạm đạm nhi bàn hu hề, hồng ba dâm dâm chi dung duệ.",水澹澹而盤紆兮，洪波淫淫之溶㵝。
"Nguyện tòng khuyển trệ cầu kỳ dư.""",願從犬彘求其餘。」
"Chấp tấn liên liên,",執訊連連，
Duật lai tư vũ.,聿来胥宇。
"Tri âm thức khúc,",知音識曲，
Dân sinh tam sự tàm phụ thế linh.,民生三事慚負涕零。
Ninh đinh ngã cung!,寧丁我躬！
Xuyên Hậu tĩnh ba.,川後靜波。
"Đường lê cung trung yến sơ chí,",棠梨宮中燕初至，
"Tận nhật hành hải biên,",盡日行海邊，
Chi tử quy.,之子歸，
An đắc nhĩ bối khai kỳ quần.,安得爾輩開其群，
Thanh sơn dục mộ thì.,青山欲暮時。
"Cái sở vi chi thuận mệnh hề, hành thiên hạ nhi bất dĩ vi xước.",蓋所為之順命兮衡天下而不以為綽。
"Hán kinh sùng phiệt duyệt,",漢京崇閥閱，
"Dân hữu túc tâm,",民有肅心，
"Tương tiến tửu,",將進酒，
"Tương tuỳ vị thị đoạn trường bi,",相隨未是斷腸悲，
Xa thượng phong đăng bán diệt minh.,車上風燈半滅明。
"Tả chấp đào,",左執翿，
"Trường quan khiếu hào lại trì đột,",長官叫號吏馳突，
Thủ trì bạch vũ vị cảm thích.,手持白羽未敢釋。
"Liêm gian tiếu ngữ tự tương vấn,",簾間笑語自相問，
Tể tướng chí vi quan.,宰相志為官。
"Duyên hộc sức ngọc,",緣鵠飾玉，
Tiền độ Lưu lang tại thiên lý.,前度劉郎在千里。
"Lạc chỉ quân tử,",樂隻君子，
"Vương tích Hàn Hầu,",王錫韓侯，
"Triêu thiên sổ vãn phi long mã,",朝天數挽飛龍馬，
Quy mô nhất bệnh nhân.,規模一病人。
Trà Lân chi trúc phá hôi phi.,茶麟之竹破灰飛。
Hổ báo ai hào hữu kham ký.,虎豹哀號又堪記。
Bộn nhập tằng cung chi tha nga.,坌入曾宮之嵯峨。
Phàm sự trung gian yếu cẩn thuỷ.,凡事中間要謹始。
Phi lễ bất chỉnh.,非禮不整。
Tự niết mục tác quái.,自揘目作怪。
"Tâm tri thử biệt thư nan ký,",心知此别書難寄，
La miệt sinh trần.,羅襪生塵。
Vô xứ mịch cô bồ.,無處覓菰蒲。
Bán tử bán sinh do tập tập.,半死半生猶戢戢。
"Xuân yên mạc mạc mê xuân thụ,",春煙漠漠迷春樹，
"Tử hữu xa mã,",子有車馬，
Phi diễm chiếu sơn thê điểu kinh.,飛燄照山棲鳥驚。
Hiểu ô đề bãi mộ lâm không.,曉烏啼罷暮林空。
Khổng cức ngã ngữ.,孔棘我圉。
Khủng phóng đông quân khoảnh khắc gian.,恐放東君頃刻間。
"Bất vị thanh xuân dung dịch cải,",不爲青春容易改，
Tự nhĩ phiêu linh quá tuế thì.,似爾飄零過歲時。
Tường đê bất ngại khuy.,牆低不礙窺。
"Đông môn chi dương,",東門之楊，
"Bạch mao phô lục thuỷ,",白毛鋪綠水，
"Phiên phiên giả chuy,",翩翩者鵻，
"Nhất vi Ngô quận thú,",一為吳郡守，
Cứu tai trủng tể.,疚哉冢宰。
Yến vĩ tú mâu hồ.,燕尾繡蝥弧。
Hà sở ức yên!,何所億焉！
"Nhất nhập thâm cung lý,",一入深宮裏，
"Thể nhược sương ưng giác,",体弱霜應覺，
"Cùng Hổ Khê chi nguyên, thám Nhạn Đãng chi quật.",窮虎溪之源，探雁蕩之窟，
Bắc sơn hữu dũ.,北山有楰。
Tứ toạ vô ngôn tinh dục hy.,四座無言星欲稀。
U yết lưu cảnh thuỷ hạ than.,幽咽流景水下灘。
"Vương mệnh Thân Bá,",王命申伯，
"Quân thần đại nghĩa tối phân minh,",君臣大義最分明，
"Tiêu trường tiêu đoản vật phục vân,",杓長杓短勿復云，
Chu tử huyên hô: “Công độ hà”.,舟子喧呼公渡河。
Thả dĩ hỉ lạc.,且以喜樂，
Tửu trản hoa chi bần giả duyên.,酒盞花枝貧者緣。
"Cuồng Minh tứ khích, nhân dĩ độc ngã dân;",狂明伺隙，因以毒我民；
Giang sơn tiêu sắt ẩn bi già.,江山蕭瑟隱悲笳。
Chân chân công tính.,振振公姓。
Mạo tuyết tác tiên dung,冒雪作先容。
Nhân gian hữu thử hoa.,人間有此花。
"Sơ dung tự phận viễn giang hồ,",疏慵自分遠江湖，
Du dữ giang hồ điếu tẩu tri.,輸與江湖釣叟知。
Đồ đắc Điền Quang khinh nhất vẫn.,徒得田光輕一刎。
Thuỳ gia nhị nữ chủng tân cốc.,誰家二女種新榖。
"Cố nhân kim cư Tí Ngọ cốc,",故人今居子午谷，
"Nùng kim táng hoa nhân tiếu si,",儂今葬花人笑痴，
"Hán hậu hy hàn nhụ tử, phiên thành Tín Quốc tù Yên.",漢後希韓孺子，翻成信國囚燕。
Khởi như tán tiên tiên đáp loan phụng chung nhật tương truy bồi.,豈如散仙鞭答鸞鳳終日相追陪。
Phu vu hạ thổ.,敷于下土。
"Uy di uy di,",委蛇委蛇，
Mạc bất tĩnh hẩu.,莫不靜好。」
Xạ sát lâm trung tuyết sắc lộc.,射殺林中雪色鹿。
"Nam bắc thuận thoả,",南北順㯐，
"Toàn ngoan tù tốt, vạn sơn hoàn ủng nhi thanh lai; đãng quyết uông dương, chúng thuỷ bôn đằng nhi bạch nhiễu.",嶜岏崷崒，萬山環擁而青來；蕩潏汪洋，眾水奔騰而白繞。
Bình sinh trung nghĩa chỉ tâm tri.,平生忠義只心知。
"Xuân phong xuy Thạch Thành,",春風吹石城，
Dị vu điều mai.,施于條枚。
"Xuất san hồi vọng vân mộc hợp,",出山回望雲木合，
"Kiến cao môn chi tha nga hề,",建高門之嵯峨兮，
Tiễn thủ nhất bức lưu ly yên.,剪取一幅琉璃煙。
Duyệt mã liệt cứu tam vạn thất.,閱馬列廄三萬匹。
"Lệnh chung hữu xúc,",令終有俶，
"Cổ đao cẩu đồ giai đắc thế,",鼓刀狗屠皆得勢，
Vô bất nhu gia.,無不柔嘉。
"Nghiệp công thoán phục thâm thụ lý,",業工竄伏深樹裏，
Thứ sĩ hữu khiết.,庶士有朅。
Lưu truyền vạn đại.,流傳萬代。
Khúc Giang đinh uynh thuỷ bình bôi.,曲江汀瀅水平杯。
"Công hạ tộc đàm hà xứ thị,",公暇族談何處是，
Uy phục bách man vô dữ tỉ.,威服百蠻無與比。
Nhi thân dĩ phùng đãi?,而親以逢殆？
"Trần Hiệp tặc chi phúc tâm, ký kiêu kỳ thủ;",陳洽賊之腹心，既梟其首；
"Thú mã sư thị,",趣馬師氏，
"Khải đễ quân tử,",豈弟君子，
Nhân dữ sư bằng cộng nhất thuyền.,人與師朋共一船。
Vu dĩ tồn tỉnh sát chi công; vu dĩ cực hàm dưỡng chi lực.,于以存省察之功；于以極函養之力。
"Cầm sắt tại ngự,",琴瑟在御，
Đồng cư bần tiện tâm diệc thư.,同居貧賤心亦舒。
Dĩ giới my thụ.,以介眉壽。
Tồi chiết bất biện Xương Châu hương.,摧折不辨昌州香。
"An đắc tráng sĩ vãn thiên hà,",安得壯士挽天河，
"Trá xưng Chu vương,",詐稱周王，
"Như huân như trì,",如壎如篪，
"Thả vãng quan hồ,",「且往觀乎
"Bất thắng tâm phạt đế,",不勝心伐帝，
Khắc xương quyết hậu.,剋昌厥後。
"Văn Vương tôn tử,",文王孫子，
"Dĩ lệnh thỉnh cấp hội thông tịch,",已令請急會通籍，
"Sảnh tào tòng sự các gia ngạch,",廳曹從事各加額，
Phong kỳ phiêu nhữ.,風其漂女。
"Yên khai lan diệp hương phong noãn,",煙開蘭葉香風暖，
Quân tử vị kỷ.,君子為己。
Tứ thập ngũ xích bộc bố tuyền.,四十五尺瀑布泉。
"Sóc phong khấu quần mộc,",朔風扣群木，
"Tả hữu bi nhi thuỳ lệ hề, thế lưu ly nhi tòng hoành.",左右悲而垂淚兮，涕流離而從橫。
Sơn trạch thông khí.,山澤通氣。
"Thị trung đẩu mễ thường thập thiên,",市中斗米償十千，
"Động, tĩnh, khuất, thân hề nhất thái cực,",動靜屈伸兮一太極，
"Bạch vũ tằng nhục tam toan nghê,",白羽層肉三狻猊，
Xướng dư huệ (hoạ) nhữ.,倡予和女。
"Ngô quận Trương Điên khoa thảo thư,",吳郡張顛誇草書，
"Chỉ đãi cao phong tiện,",只待高風便，
"Tích giả thuỳ năng tỉ,",昔者誰能比，
"Nhân uân nãi tại quyền thạch gian,",絪縕乃在拳石間，
"Quân gia khuê các bất tằng nan,",君家閨閣不曾難，
"Cùng đông lăng lăng sóc phong liệt,",窮冬棱棱朔風裂，
"Thiếp tâm chính đoạn tuyệt,",妾心正斷絕，
Thiên chi vạn chi hồng diễm tân.,千枝萬枝紅豔新。
Dao kỳ phóng đáo kiều đầu phố.,瑤畿訪到橋頭浦。
Thủ chiết sơn hoa hành xướng ca.,手折山花行唱歌。
Mãn ốc thu dương minh.,滿屋秋陽明。
"Giao hy ân sơ, bất khả tận sướng.",交希恩疏，不可盡暢。
Thuần hỗ nhĩ thường hĩ.,純嘏爾常矣。
"Nhất nhất thư lai báo cố nhân,",一一書來報故人，
"Bỉ mỹ Mạnh Khương,",彼美孟姜，
"Khổ chiến thân tử Mã tướng quân,",苦戰身死馬將軍，
Trường nhật dữ sơn tương thổ thôn.,長日與山相吐吞。
"Bắc Lạc minh tinh động quang thái,",北落明星動光彩，
Phỉ thiệu phỉ du.,匪紹匪遊。
Sinh nhai tại kính trung.,生涯在鏡中。
"La ỷ xuyên lâm, bội thiêm vận trí.",羅綺穿林，倍添韻致。
Thâu nhập quan thương hoá vi thổ.,輸入官倉化為土。
Thiên thặng vạn kỵ hạ hoàng đô.,千乘萬騎下皇都。
Câu ưng trạc trạc.,鉤膺濯濯。
"Chủ nhân khuyến ngã dưỡng tâm cốt,",主人勸我養心骨，
"Miễn tử tân niên ngữ,",勉子新年語，
"Hồng nhan nhược đệ phụ ly biệt,",紅顏弱弟負離別，
"Do hữu cô thần ngoạ tiểu lâu,",猶有孤臣臥小樓，
Thể đoạn phong lưu vạn sự túc.,體段風流萬事足。
"Phong hoa nhật tương lão,",風花日將老，
"Báo tung hổ tích bất cảm tỵ,",豹蹤虎跡不敢避，
Vũ tòng đầu thượng thấp đáo giáp.,雨從頭上濕到胛。
"Tự quân chi xuất hĩ,",自君之出矣，
Do tự tại Liêu tê.,猶自在遼西。
Sở hỉ vô huyên hoa.,所喜無喧嘩。
"Duy tích chi phú,",維昔之富，
Nhất thời di trướng quá Tây san.,一時移帳過西山。
"Khiên ti hiểu tỉnh đề ô cấp,",牽絲曉井啼烏急，
Thư nhi đoái đoái hề!,舒而脫脫兮，
Do tự đới đồng thanh.,猶自帶銅聲。
"Thế dữ ngã nhi tương vi, phục giá ngôn hề yên cầu?",世與我而相違，復駕言兮焉求？
Thập bách thành quần khiết lâm dã.,十百成羣囓林野。
Bình sinh nhất phiến tâm.,平生一片心。
Thúc nhiên đằng thượng thanh phong thụ.,倏然騰上青楓樹。
Bất biện tiên nguyên hà xứ tầm?,不辨仙源何處尋？
"Na năng bất tương đãi,",那能不相待，
Hoán Hoa thảo đường diệc hà hữu.,浣花草堂亦何有。
Duy hữu u nhân độc lai khứ.,唯有幽人獨來去。
"Hoàng tuyền vô lữ điếm,",黃泉無旅店，
"Cổ Công Đản Phủ,",古公亶甫，
"Dẫn dẫn quy ư loạn,",泯泯歸於亂，
Hoa mậu xuân tùng.,華茂春松。
"Giá ngã kỳ chú,",駕我騏馵。
"Nữ tử hữu hành,",女子有行，
"Tạc giả châu tiền chuý đại cổ,",昨者州前捶大鼓，
"Quảng khai Hán giới cực thiên nam,",廣開漢界極天南，
Kim thoa dạ vũ hoa sắt bàng.,金釵夜舞華瑟傍。
"Nguy lâu cao bách xích,",危樓高百尺，
"Giang thượng đối sầu quy,",江上對愁歸，
Khước ức Da khê ca thái liên.,卻憶耶溪歌採蓮。
"Ngã ngôn duy phục,",我言維服，
Kim trước chiên cầu học Hồ ngữ.,今著氈裘學胡語。
"Hương lý nhi đồng hạng lĩnh thành,",鄉里兒童項領成，
"Lão nông gia bần tại sơn trú,",老農家貧在山住，
"Quý thích thâm khuê mạch thượng trần,",貴戚深閨陌上塵，
Ái mạc trợ chi.,愛莫助之。
Ngô tương quy hồ đông lộ.,吾將歸乎東路。
Nam thổ thị bảo.,南土是保。
Viễn tố giang thuỷ cùng Ly Đôi.,遠泝江水窮離堆。
"Thiền sam lân đới áp sầu hương,",蟬衫麟帶壓愁香，
"Trượng phu cái quan sự thuỷ định,",丈夫蓋棺事始定，
Hãn chư trấn chi hạn phiên; cứ thượng lưu chi tân yếu.,捍諸鎮之限藩；據上流之津要。
"Tiên đế thiên mã Ngọc Hoa Thông,",先帝天馬玉花驄，
"Mao thiêm nhất nguyệt lũng thượng túc,",茅苫一月隴上宿，
"Nhất năng sinh nhân, nhất năng tử.",一能生人一能死。
Thân mệnh trảo nha chi thần.,申命爪牙之臣。
Tại quynh chi dã.,在垧之野。
Văn oanh không tự thương.,聞鶯空自傷。
"Tiên chính kỳ thân,",先正其身，
Hạ chủng thất trạch căn chu liên.,下種七澤根株連。
Bất gián diệc nhập.,不諫亦入。
"Ngô Vương cựu uyển phương thảo đa,",吳王舊苑芳草多，
"Chu dư lê dân,",週餘黎民，
"Ký kiến quân tử,",既見君子，
"Tất suất tại đường,",蟋蟀在堂，
"Công tử vương tôn phương thụ hạ,",公子王孫芳樹下，
Dĩ trừu tam trượng bạch dương chi.,已抽三丈白楊枝。
Bất dụng Trung Nguyên đa xuất sư.,不用中原多出師。
"Miện hoài du dự thị niên niên,",眄懷遊豫是年年，
Đố tâm xung xung.,妒心衝衝。
"Phu thiên chi hạ,",敷天之下，
"Y! Khứ tựu tịnh thất nghĩa hề, cố nan đào kỳ trách vân.",伊！去就並失義兮，固難逃其責云。
Vật sử lý quắc hề tăng quân tu.,勿使履閾兮增君羞。
"Phất vạn quốc chi âu ca, dật tứ hải chi tụng thanh,",沸萬國之歐歌，溢四海之頌聲，
Kim quản từ xuy khúc vị chung.,金管徐吹曲未終。
Đạo Phủ vấn tấn kim hà như?,道甫問訊今何如？
Sinh ca hà xứ thu phong dao độ mã lương gian.,笙歌何處秋風遙渡馬涼間。
Quí ngã viễn lai thiên cận quang.,愧我遠來偏近光。
Trị kỳ lộ thẩu.,值其鷺翿。
"An Nam bản đồ sổ thiên lý,",安南版圖數千里，
"Cao xướng lê viên ca đại khốc,",高唱梨園歌代哭，
Tắc bất ngã văn.,則不我聞。
Chi tử vô bặc.,之子無服。
Hữu vấn vô thanh.,有聞無聲。
Duẫn vương duy hậu.,允王維后。
"Liên tiêu mạch mạch phục sưu sưu,",連宵脈脈復颼颼，
"Xuất kỳ đông môn,",出其東門，
"Hoàn thương bắc viên lý,",還傷北園裏，
"Đình đình bảo cái cao ma vân,",亭亭寶蓋高摩雲，
Phương ngoại tửu đồ hy tuý miên.,方外酒徒稀醉眠。
"Tiểu oa sanh tiểu đĩnh,",小娃撐小艇，
Ngọc viết: Trạng hà như dã?,玉曰：狀何如也？
"Cù Đường phún lãng phiên cửu uyên,",瞿塘噴浪翻九淵，
Kim lai vô số nhân dương phi.,今來無數人揚非。
"Hoang dâm vô độ, Xương Vương di Hán tộ chi long; hồ mị phi xương, Vũ thị thiết Đường gia chi khí.",荒淫無度，昌王移漢祚之隆；狐媚披猖，武氏竊唐家之器。
Lương môi bất tương thức.,良媒不相識。
"Dĩ trì kỳ trương,",以峙其粻，
"Tổng hướng xuân viên lý,",總向春園裏，
Toạ đối thanh sơn tứ khuynh đảo.,坐對青山恣傾倒。
Xuất binh chỉnh túc bất khả đương.,出兵整肅不可當。
"Bôi thâm nhan nhiệt thành thị viễn,",杯深顏熱城市遠，
Lạc chỉ quân tử!,樂只君子、
"Quỷ hoả lâm gian bích,",鬼火林間碧，
"Duy quy chính chi,",維龜正之，
Tả nhập bi phong oán vũ ngâm.,寫入悲風怨雨吟。
Thuỳ tri ngã ái.,誰知我愛。
"Vô Vi đạo sĩ tam xích cầm,",無為道士三尺琴，
"Hữu điểu xứ sơn,",有鳥處山，
Quy lai nữ bạn tẩy hồng trang.,歸來女伴洗紅妝。
Hựu văn thử ngữ trùng tức tức.,又聞此語重唧唧。
"Tửu thần nguyên bất phụ ngô nhân,",酒神原不負吾人，
"Tổ sư di hạ nhất chỉ lý,",祖師遺下一只履，
"Tiễn viễn du chi văn lý,",踐遠遊之文履，
"Thế lộ nhật dĩ viễn hề,",勢路日以遠兮，
"Tất Liệt chi thế cường,",必烈之勢強，
Nhật Lệ bách sưu điền lãng lý.,日麗百艘填浪裏。
"Duy ngọc cập dao,",維玉及瑤，
Tập vu bao tang.,集于苞桑。
"Cao cầu ngao tường,",羔裘翱翔，
"Tặc chi bôn mệnh, nhật dĩ ích bì.",賊之奔命，日以益疲。
Tây lân tạc dạ phu táng phụ.,西鄰昨夜夫葬婦。
"Hồng thụ nhất khê lưu thuỷ,",紅樹一溪流水，
"Bất phẫn thành cố nhân,",不忿成故人，
Độc xa bất dụng sính chiêu dung.,犢車不用聘昭容。
"Nãi triệu tư đồ,",乃召司徒，
Linh Quân tế hiền di tao kinh.,靈均蔽賢遺騷經。
"Bất khiết nhất lạp mễ,",不喫一粒米，
Bách phu chi đặc.,百夫之特。
Cánh văn tang điền biến thành hải.,更聞桑田變成海。
Nam quốc thị thức.,南國是式。
Ưu tâm trắc thương.,懮心惻傷。
Vị ngã hà cầu.,謂我何求。
"Sơ Thang thần Chí,",初湯臣摯，
"Hỗn Tà thử nhật thượng xưng vương,",渾邪此日尚稱王，
"Tướng quân ngưỡng tiếu quân lại hạ,",將軍仰笑軍吏賀，
"Hốt văn hoạnh xuy toạ trung khởi,",忽聞橫吹座中起，
Duy mộ chi xuân.,維莫之春，
"Tầm Dương giang đầu dạ tống khách,",潯陽江頭夜送客，
"Tưởng kỳ, công đường thuý mật, quần quan túc ung. Nãi Trần nhạc khí, nãi mệnh nhạc công. Xuy sinh cổ sắt, kích thạch chàng chung. Giản Tam Hạ dĩ điệt tấu, hài ngũ âm nhi tương thông. Chính thanh phát hề liệu lượng, tán thanh hưởng hề xung dung. Đạo thái cổ trung hoà chi khí, tẩy suy thế thê uyển chi phong. Niệm di âm hề yểu yểu, cổ dư vận hề phùng phùng.",想其公堂邃密，群官肅雍。乃陳樂器，乃命樂工。吹笙鼓瑟，擊石撞鐘。簡三夏以迭奏，諧五音而相通。正聲發兮嘹喨，散聲響兮沖融。導太古中和之氣，洗衰世悽惋之風。念遺音兮杳杳，鼓餘韻兮渢渢。
"Tuấn ngạn đĩnh xuất khoa trường trung,",俊彥挺出科場中，
"Giám ư tiên vương, tắc hữu tổ tông chi thành hiến; giám ư vãng sự tắc hữu kỳ ngải chi quang huy.",鑑於先王則有祖宗之成憲；鑑於往事則有耆艾之光輝。
"Ngã xuất ngã xa,",我出我車，
Cửu thu sương lộ quýnh sinh sầu.,九秋霜露迥生愁。
Lý Bạch chi danh cao thiên cổ.,李白之名高千古。
Nhiễu thôn tây nam hoà thử trù.,繞村西南禾黍稠。
"Y tích đế đình,",伊昔帝庭，
Thượng Lâm hoa mãn chi.,上林花滿枝。
"Cao mã đạt quan yêm tửu nhục,",高馬達官厭酒肉，
"Tiền xa chi phúc hậu xa giới,",前車之覆後車誡，
"Hoa lạc xuân vô ngữ,",花落春無語，
Thịnh khủng thanh danh tắc thiên phá.,盛恐聲名塞天破。
Duy ty y dân.,維絲伊緡。
Lỗ thanh do nhiễu lâu tiền thụ.,櫓聲猶繞樓前樹。
Vô kham đối Sở san.,無堪對楚山。
Thương đài trọc tửu đồng thiên nha.,蒼苔濁酒同天涯。
"Thanh nga đãng tương hốt viễn chí,",青蛾蕩槳忽遠至，
"Bỉ xu giả tử,",彼姝者子，
"Cảm cánh đào lý sắc,",敢竟桃李色，
Trương Kế thi thiên kim hữu vô.,張繼詩篇今有無。
"Ngã quân kim nhật thả như hà,",我君今日且如何，
"Nhất phong vân thanh nhất phong bạch,",一峰雲青一峰白，
Hữu diễu trĩ minh.,有鷕雉鳴。
Mộ vũ phàm tường giang thượng chu.,暮雨帆檣江上舟。
Ưng bạng chiến trường khai.,應傍戰場開。
Thượng đế thị hoàng.,上帝是皇。
"Hữu cú vô cú,",有句無句，
Vô trần xuân thuỷ triển minh liêm.,無塵春水展明奩。
"Tha môn nhu yếu viện trợ giả,",他門需要援助者，
Thoái gian bất trước Hàn Tín khố.,腿間不著韓信褲。
"Cao, Quang cựu vật,",高光舊物，
"Mạc toả bạch vân lộ,",莫鎖白雲路，
Đắc vị thường thâu tận nhật nhàn.,得為嘗偷盡日閑。
Đỗng vu Lạc Dương niên thiếu lệ.,慟于洛陽年少淚。
"Phóng Ông lão tử hà túc luân,",放翁老死何足論，
Đàn tào hậu đới thuỳ.,檀槽後帶垂。
Lỗ kỵ tương khán khốc thả sầu.,虜騎相看哭且愁。
"Tranh khiển phạt khí,",爭遣伐器，
Tịnh tẩy giáp binh trường bất dụng.,淨洗甲兵長不用！
Quan gia tiệt nhĩ đầu thượng giác!”,官家截爾頭上角！
"Cung nỗ bất phát, phù toánh bất khuynh.",弓弩不發，罘潁不傾。
Phùng thử bách hung.,逢此百兇。
"Toàn hướng thần sơn, phỏng dư cựu lữ.",旋向神山，訪予舊侶。
Tiên tổ vu tồi.,先祖于摧。
"Khởi tiêu lộc chi hoang thuyết, hạt mao quân chi hậu vu.",豈蕉鹿之荒說，曷茅麇之厚誣。
"Mạch thanh thanh, thử ly ly,",麥青青，黍離離，
"Lỗ kỵ văn chi ưng đảm nhiếp,",虜騎聞之應膽懾，
"Chí vu huynh đệ,",至于兄弟，
"Thánh triều thượng phi chiến đấu trần,",聖朝尚飛戰鬥塵，
Hảo thái cựu sơn vi.,好採舊山薇。
"Điểu minh oanh oanh,",鳥鳴嚶嚶。
Nghinh phong hộ bán khai.,迎風戶半開。
Bất dữ ngã thú Hử.,不與我戍許。
"Cổ nhân kim nhân bất tương tri,",古人今人不相知，
Quy hữu nhất hoa nghinh.,歸有一花迎。
Chỉ cơ kỳ cầu.,咫飢其求。
Tập tập hề.,揖揖兮。
"Thiên giả truy hồi lưu giả hoàn,",遷者追回流者還，
"Túng nhiêu cầu đắc,",縱饒求得，
"Đại Việt quốc huyết cấu đắc lai, sở trị chỉ nhất tử, oán hà oán, lưu ly thử nhật, bất dĩ ca khứ dĩ khốc khứ, mộng lý kinh hô đồng chí, chiến chiến chiến, hoàn ngã sơn hà độc lập thiên.",大越國血購得來，所值只一死，怨何怨，流離此日，不以歌去以哭去，夢裡驚呼同志，戰戰戰，還我山河獨立天。
"Kiêm gia thương thương,",蒹葭蒼蒼，
Khôi Huyện chi chúng vô nhất lữ.,瑰縣之眾無一旅。
"Đán hành xứ, điểu kinh đình thụ;",但行處，鳥驚庭樹；
"Đề tam xích kiếm, tận thu thiên hạ nhân tâm.",提三尺劍，盡收天下人心。
Hổ hiếp tháp dực xích nhật phi.,虎脅插翼赤日飛。
Húc nhật thuỷ đán.,旭日始旦。
Hạo chất trình lộ.,皓質呈露。
Dục tả ly tình nhẫn lệ giam.,欲寫離情忍淚緘。
Thấp hữu thụ toại.,隰有樹檖。
"Hành lai bắc lương tuế nguyệt thâm,",行來北凉歲月深，
Bỉ giảo đồng hề!,彼狡童兮，
"Quan kim yêu tiền bất yêu mễ,",官今要錢不要米，
Tằng Tham khởi thị sát nhân giả?,曾參豈是殺人者？
"Trở nhự trường cẩu ổ kê tê, lạc an hữu địa.",沮洳場狗塢鷄栖，樂安有地。
Sở tư tại đình.,所思在庭。
Sương nhận vị tằng thí.,霜刃未曾試。
Gia gia hôi tận thành phi nhứ.,家家灰盡成飛絮。
"Thuỳ tri vân ngoại xuy tử sinh,",誰知雲外吹紫笙，
Tự quân tu hướng cổ nhân cầu.,似君須向古人求。
"Nhân nhật đề thi ký thảo đường,",人日題詩寄草堂，
"Phụng Hoàng lâu thượng xuy tiêu nữ,",鳳凰樓上吹簫女，
"Ấm ngự chư hữu,",飲禦諸友，
Kê tử kết thành sinh lý toàn.,雞子結成生理全。
Quải tại san hô thụ.,掛在珊瑚樹。
Hà bỉ nùng hĩ?,何彼襛矣？
"Sĩ tốt đa kỵ nội cứu mã,",士卒多騎內廄馬，
Cửu khan tính tự thư Yên Nhiên.,久看姓字書燕然。
Thân cập thê tử vô hoàn y.,身及妻子無完衣。
Tệ dư hựu cải vi hề.,敝，予又改為兮。
"Nguyên Hoà thiên tử thần vũ tư,",元和天子神武姿，
"Khổn thần hoả tốc đằng chiếu thư,",閫臣火速騰詔書，
Quân bất kiến:,君不見：
Giao sướng nhị quăng.,交韔二弓，
"Du du phục chẩm, tả thư không.",悠悠伏枕左書空。
Châu trường đa mộ quy.,洲長多暮歸。
"Ngô vương cung các lâm giang khởi,",吳王宮閣臨江起，
"Tứ ly tể tể,",四驪濟濟，
Khương tập lễ nhi minh thi.,羌習禮而明詩。
"Hối hối kì vũ,",翙翙其羽，
Bách niên chỉ thị khích câu qua.,百年只是隙駒過。
Quỷ thần kỳ khả khi.,鬼神其可欺。
Yên xu Triệu nữ xuy sanh hoàng.,燕姝趙女吹笙簧。
Sơn trường hiểu tụ thanh.,山長曉岫青。
"Dã tàm tác kiển nhân bất thủ,",野蠶作茧人不取，
"Đăng pha đà chi trường bản hề,",登陂阤之長阪兮，
"Mễ quý dĩ nan phu khẩu thực,",米貴已難敷口食，
Khinh hướng nhữ tào đàn.,輕向汝曹彈。
Thước chi khương khương.,鵲之彊彊。
Bất nhược kỳ hành.,不若其行。
"Tạo chu vi lương,",造舟為梁，
"Kí vô trường thằng hệ bạch nhật,",既無長繩系白日，
Văn thái phong lưu kim thượng tồn.,文采風流今尚存。
"Bạch Đế thành biên thụ vạn tằng,",白帝城邊樹萬層，
Tứ thập ngũ thập vô phu gia.,四十五十無夫家。
Vị ngã lực trí mĩ hào thiện.,為我力致美肴膳。
"Nhân sinh lại hữu phương thốn diệu,",人生賴有方寸妙，
Hà dĩ tốc ngã tùng?,何以速我訟？
Bất kiến trường hà thuỷ thanh thiển.,不見長河水清淺！
"Thục nhân văn chi giai khởi lập,",蜀人聞之皆起立，
"Giang đầu thương phụ di thuyền đãi,",江頭商婦移船待，
Cố dữ ích lệ chí dĩ tế vu nan.,故與益勵志以濟于難。
Vô du ngã tường.,無逾我墻，
"Thiếp tâm bất nhẫn quân tâm sầu,",妾心不忍君心愁，
Trí dưỡng khẩu thể hà lậu da!,致養口體何陋耶！
"Đắc quân loạn ty dữ quân lý,",得君亂絲與君理，
Huệ nhiên khẳng lai.,惠然肯來。
"Thừa gian chuế tập cựu sở văn,",乘間綴緝舊所聞，
Dĩ tiền khải hành.,以先啟行。
Phủ khố bất vi kiêu hào hư.,府庫不為驕豪虛。
Kỳ thuỳ tòng yên?,其誰從焉？
Đô hộ thiết y lãnh do trước.,都護鐵衣冷猶著。
"Thuỳ tri bất ly trâm anh nội,",誰知不離簪纓內，
"Mạch mạch quảng xuyên lưu,",脈脈廣川流，
Chi đầu thục khí oanh.,枝頭淑氣鶯。
Bất tri tâm hận thuỳ.,不知心恨誰。
"Hồng khuê mạo giảm lạc xuân hoa,",紅閨貌減落春華，
Quân bất kiến:,君不見：
"Quân kỳ hữu linh,",君其有靈，
"Đắc tuý hà cầu tỉnh,",得醉何求醒，
"Tối hỉ thừa ân tảo tứ bình,",最喜承恩蚤賜軿，
Nhi hào kiệt thế vị thường phạp.,而豪傑世未常乏。
Hữu nhi phục cổ mẫu lê hoắc.,有兒服賈母藜藿。
Công hồ! Công hồ!,公乎！公乎！
"Nhất lão do minh nhật mộ chung,",一老猶鳴日暮鐘，
Ứ thuỷ xuyên đê do tại đổ.,淤水穿堤猶在睹。
"Đản tích bạo hổ,",襢裼暴虎，
Bồn ca hà xứ hựu kinh nhân.,盆歌何處又驚人。
"Kiểu kiểu long tính hợp biến hoá,",矯矯龍性合變化，
Hữu thương thông hành.,有玱蔥珩。
"Thái bình tương nghiệp nhĩ duy diêm,",太平相業爾惟鹽，
Tiệp thư dạ báo thanh trú đồng.,捷書夜報清晝同。
Dĩ cẩn khiển khuyển.,以謹繾綣。
Cộng há Động Đình ba.,共下洞庭波。
"Thứ hữu thuỷ nhi hữu chung, hạnh tư lâu chi bất điến.",庶有始而有終，幸斯樓之不靦。
Liệt hạ minh ky sắc tương xạ.,裂下鳴機色相射。
"Kim triêu lưỡng tương thị,",今朝兩相視，
Lao bồn chử tựu nhữ luân chinh.,牢盆煮就汝輪征。
"Tuế khứ sầu chung tại,",歲去愁終在，
"Thượng cùng bích lạc, hạ hoàng tuyền,",上窮碧落下黃泉，
Chức huống tư dẫn?,職兄斯引？
"Để đệ lâu đài đa khí sắc,",邸第樓臺多氣色，
"Ty y kỳ phủ,",絲衣其紑，
Hồ bạn ca tàn ỷ Mạc Sầu.,湖畔歌殘倚莫愁。
Ngã mã ký đồng.,我馬既同。
"Nhân chi vi nghiên,",人之為言，
"Nhật nguyệt xuất nham đầu,",日月出岩頭，
Đảo chuyển thanh thiên tác hồ để.,倒轉青天作湖底。
Ngự đỉnh hương phù ái thuỵ yên.,御鼎香浮靄瑞煙。
"Chi tử vu quy,",之子于歸、
Thượng chi dĩ quỳnh ương hồ nhi.,尚之以瓊英乎而。
"Dư thời tại thự thức nhi diện,",予時在署識兒面，
"Nhữ huynh nhữ huynh đồ tự thiết,",汝兄汝兄徒自切，
"Khê cốc đa phong,",谿谷多風，
Hoặc vị thuấn tức duy càn khôn.,或謂瞬息惟乾坤。
"Thú hựu thủ khâu chi hồ, cầm hựu nam chi chi điểu.",獸有首邱之狐，禽有南枝之鳥。
"Chinh thú tru cầu quả thê khốc,",征戍誅求寡妻哭，
"Nhẫm nhiễm sơ thu khách tư hốt,",荏苒初秋客思忽，
Thê hiền tử quý.,妻賢子貴。
"Tư ngã lương minh,",思我良明，
"Thiên cao thuỷ hạc hề, hàn nhạn bi thương.",天高水涸兮，寒雁悲傷。
Hoàn chiếu cao lâu dữ giang thuỷ.,還照高樓與江水。
"Đông sơn giáo trường địa quảng khoát,",東山教場地廣闊，
Quất Châu điền thổ nhưng cao du.,橘洲田土仍膏腴。
"Quân tử vu dịch,",君子于役，
"Lãm hoàn kết bội tương chung thuỷ,",攬環結佩相終始，
"Phi duy mưu kế chi cực kỳ thâm viễn,",非惟謀計之極其深遠，
"Hậu hữu Vi Phúng, tiền Chi Độn.",後有韋諷前支遁。
"Bôn đằng quá Phật cước,",奔騰過佛腳，
"Phi đãn khảng khái hiến kỳ mưu,",非但慷慨獻奇謀，
Phù dân hộ quốc Thánh ân thâm,扶民護國聖恩深
Giang biên ngu nhân phược tăng chước.,江邊虞人縛矰繳。
"Loan đầu chính kham bạc,",灣頭正堪泊，
Hoanh hoanh thanh văn thập lý ngoại.,訇訇聲聞十里外。
Tương trục há Dương Châu.,相逐下揚州。
Trường An đại đạo hoành cửu thiên,長安大道橫九天，
"Bất thức bất tri,",不識不知，
Ô hô ai tai!,於乎哀哉！
Vô ngã hữu vi.,無我有尤。
"Ngã tế khứ trùng hồ,",我婿去重湖，
Triều ký doanh hĩ.,朝既盈矣。」
"Kỳ gian đán mộ văn hà vật,",其間旦暮聞何物，
"Quân kim khởi đà xuân giang lưu,",君今起柁春江流，
Vô cạnh duy liệt!,無競維烈！
"Hà Tiến vô mưu trung quý loạn,",何進無謀中貴亂，
"Thất tịch phong đào hoàn khả độ,",七夕風濤還可渡，
"Ngã hữu gia tân,",我有嘉賓，
Như cổ sắt cầm.,如鼓瑟琴。
"Trường An bố y thuỳ tỷ số,",長安布衣誰比數，
Khả vị đắc thần.,可謂得臣。
"Long môi chân chủng tại đế đô,",龍媒真種在帝都，
Công thi lai yến lai ninh.,公尸来燕来寧。
Lao thân tiều tứ bổ tứ phương.,勞身焦思補四方。
"Thiên phương gian nan,",天方艱難，
Phi hoa trục thuỷ lưu;,飛花逐水流；
"Ba lãng huyên khôi thảo mộc á,",波浪喧豗草木亞，
Tiểu nhi bạt ương đại nhi sáp.,小兒拔秧大兒插。
"Ẩn hiện sổ chiết súc tinh nhuệ,",隱現數折蓄精銳，
"Bách nhĩ sở tư,",百爾所思，
"Tỷ vu Văn Vương,",比于文王，
"Tự quân chi xuất hĩ,",自君之出矣，
"Dư viết hữu sơ phụ,",予曰有疏附，
Nhất nhật quá hải thâu phong phàm.,一日過海收風帆。
"Tự nhiên phú quý xuất thiên tư,",自然富貴出天姿，
"Cao đê minh mê, bất tri tây đông.",高低冥迷、不知西東。
Giảo nhân liệu hề!,佼人燎兮。
"Nguyện thành tố chi tiên đạt hề,",愿誠素之先達兮，
"Tiêu tao khách quán cấm thành đông,",蕭騷客觀禁城東，
"Hách hách Nam Trọng,",赫赫南仲，
Vạn cổ diên niên chủng nhất hoa.,萬古延年種一花。
"Ai thông trung quốc,",哀恫中國，
"Trường An thành đầu đầu bạch ô,",長安城頭頭白烏，
"Chi tử vu quy,",之子于歸、
Tái bả loan tiên tố tình bạc.,再把鸞箋訴情薄。
Lương sĩ cú cú.,良士瞿瞿。
"Tầm Dương thế tứ khổ bất túc,",潯陽涕泗苦不足，
Không sử lệ thành hà.,空使淚成河。
"Ngã tư cổ nhân thương ngã tình,",我思古人傷我情，
"Liên thôn tỵ ốc tương chẩm tạ,",連村比屋相枕藉，
Tại bỉ trung lăng.,在彼中陵。
"Chỉnh ngã lục sư,",整我六師，
"Trí tai Sơn Phủ,",智哉山甫，
Hữu tiếp vong quy.,右接忘歸。
Kỳ vị an thi?,其位安施？
"Thuỷ tuyền lãnh sáp huyền ngưng tuyệt,",水泉冷澀弦凝絕，
Văn Vương chi mẫu.,文王之母。
"Bất văn Quan Trung dịch tử thực,",不聞關中易子食，
"Thượng lưu thanh trủng tại,",尚留青塚在，
Đồng tử bội thiếp.,童子佩韘。
"Chiếu thiên vạn cổ vô nhị ô,",照天萬古無二烏，
"Thiên lự ngu trung cầu nhất đắc,",千慮愚衷求一得，
"Liễu lăng, liễu lăng hà sở tự,",繚綾繚綾何所似，
"Kình như tinh binh sáo thiện vũ,",勁如精兵槊善舞，
Diệp đoản bất xuất thuỷ.,葉短不出水。
Chỉ trường yêu tự tam quá độc.,紙長要自三過讀。
"Hận nhân thần chi đạo thù hề,",恨人神之道殊兮，
"Triêu lai mộ khứ giáp nhai thụ,",朝來暮去夾街樹，
"Đại Hán vô trung sách,",大漢無中策，
Chất cam nhi vị hương.,質甘而味香。
"Nhật mộ tương tương đới vũ quy,",日暮相將帶雨歸，
"Khứ niên yến sào chủ nhân ốc,",去年燕巢主人屋，
"Trí hĩ Yên Chiêu,",智矣燕昭，
"Tố ty ngũ tông,",素絲五總。
"Thân Bá tín mại,",申伯信邁，
Tửu mãn kim khuất chi.,酒滿金屈巵。
"Huýnh chước bỉ hành lạo,",泂酌彼行潦，
Trường ký tâm ư quân vương.,長寄心於君王。
"Đạo cửu thiều hề, vũ lục anh.",蹈九韶兮舞六英。
Thính ngã hiêu hiêu.,聽我囂囂。
Ngọc Nhi cam vị Đông Hôn tử.,玉兒甘為東昏死。
Chí chi hà chi trức hề!,寘之河之側兮，
Mỹ hữu kiết di.,靡有孑遺。
Ta ta tạo vật hề dĩ ngã vi sinh?,嗟嗟造物奚以我為生？
"Phân thủ đoái tương tặng,",分手脫相贈，
"Hồn thân đẩu khai hoa cẩm nhân,",渾身抖開花錦茵，
"Cẩu dư bính chi bất a,",苟予柄之不阿，
Thượng mỵ vô ngoa.,尚寐無吪。
"Bất văn Hán chúa phóng phi tần,",不聞漢主放妃嬪，
Tâm chi ưu hĩ.,心之憂矣，
Đầu bạch nhãn hôn kim lão đại.,頭白眼昏今老大。
"Đông Lâm tống khách xứ,",東林送客處，
"Phiên phiên hồ diệp,",幡幡瓠葉，
"Huệ vu bằng hữu,",惠于朋友，
"Hành độc hội ư dư tâm hề, vũ trụ hồng hoang chi vị phân.",行獨會於予心兮，宇宙洪荒之未分。
"Thả đãi trùng lai hứng hựu sinh,",且待重來興又生，
Thanh cầm tuý nhãn lệ hoằng hoằng.,清琴醉眼淚泓泓。
"Ngân hà cảnh cảnh hề hàn khí xâm,",銀河耿耿兮寒氣侵，
"Nghiêu bất Diêu cáo,",堯不姚告，
Xá mệnh bất du.,舍命不渝。
"Vô tai vô hại,",無菑無害，
"Kiết kiết can mao,",孑孑干旄，
Dục vi đãi nguyệt xứ.,欲為待月處。
Y sơn trúc các kiến bình xuyên.,依山筑閣見平川。
"Hướng nhân không tự lục,",向人空自綠，
Hồi cố Đôi Sơn ngoại triều bái.,囬顧堆山外朝拜。
Chỉ xích hà sơn bất khả kỳ.,咫尺河山不可期。
"Nhược năng lưỡng sí hốt nhiên sinh,",若能兩翅忽然生，
"Kinh nữ biện vi,",驚女釆薇，
Kỳ diệp thê thê.,其葉萋萋。
"Hạn ký thái thậm,",旱既太甚，
"Lương cửu vấn tấn khẩu bất trương,",良久問訊口不張，
Thu hào vị hợp thiên địa cách.,秋毫未合天地隔。
"Việt mạch độ thiên,",越陌度阡，
Phân phân vân thảo cầm.,紛紛耘草禽。
"Các bão địa thế, câu tâm đấu giác.",各抱地勢、鉤心鬥角。
Lang vô y trứ tha nhân xi.,郎無衣著他人嗤。
Nhất vọng thi tình hoạ ý kiêm.,一望詩情畫意兼。
"Thuỳ ngôn dưỡng sồ bất tự bộ,",誰言養雛不自哺，
"Trục lô thiên lý,",舳艫千里，
Phong hoả dạ chiếu Yên sơn vân.,烽火夜照燕山雲。
"Tứ mẫu quỳ quỳ,",四牡騤騤，
"Thành Vương công đại tâm chuyển tiểu,",成王功大心轉小，
"Dã tự phân tình thụ,",野寺分晴樹，
Thụ vụ bất thiểu.,受侮不少。
Duật quan quyết thành.,遹觀厥成。
"Tài quán chi hạ, tuấn khả thị nhi kim khả quyên.",材館之下，駿可巿而金可捐。
"Huyền hà đối ngữ phái vô cùng,",懸河對語沛無窮，
"Long đức tiên thiên, thiên bất vi.",龍德先天天不違。
"Giang hữu tĩ,",江有汜，
"Lưu tô kết hợp hoan,",流蘇結合歡，
"Nhàn tự phỏng cao tăng,",閒自訪高僧，
"Tư ngôn chi điếm,",斯言之玷，
Diệc ký bão tử.,亦既抱子。
"Phần vương chi sinh,",汾王之甥，
"Tố hồi tùng chi,",溯洄從之，
Hà xứ thu song vô vũ thanh?,何處秋窗無雨聲？
Nhân tâm hợp xứ thiên tâm đáo.,人心合處天心到。
Vô trạng trục không danh.,無狀逐空名。
"Sơn không viên lũ khiếu,",山空猿屢嘯，
Khởi phi chính trực năng cảm thông?,豈非正直能感通？
"Thái bình vô dĩ báo,",太平無以報，
Quân biên vân ủng thanh ty kỵ,君邊雲擁青絲騎，
"Vãn bạc đăng đinh thụ,",晚泊登汀樹，
"Thiên quân phi tồn cứ tô hung,",千鈞飛蹲據酥胸，
"Vương sự mỹ cổ,",王事靡盬，
"Long môi tích thị Ốc Oa sinh,",龍媒昔是渥窪生，
Khả liên trước tận Hán cung y.,可憐著盡漢宮衣。
"Cửu đương hoá điểu phi vi quái,",久當化鳥非為怪，
"Thử thời ức sát Nghiêm tiên sinh,",此時憶殺嚴先生，
"Phiếm phiếm đăng pha,",汎汎登陂，
"Hội trào tranh minh,",會鼂爭盟，
"Kim giả huynh đệ nhất bách nhân,",今者兄弟一百人，
"Mạc duy giang thượng, Triệu bắc phương chi giai thoại hoàn vô.",幕帷江上，趙北方之佳話還無。
"Thực hữu tự hữu Chu,",實右序有周，
"Trĩ tử ức niệm hề, lệ đoạn can trường.",稚子憶念兮，淚斷肝腸。
"Nam chinh phục bắc hoàn,",南征復北還，
"Quýnh như nhất đoạn thanh băng xuất vạn hác,",炯如一段清冰出萬壑，
Khuyển vị thành dương diệc khả tiên.,犬未成羊亦可仙。
Niên khứ niên lai kham thống tích.,年去年來堪痛惜。
"Chỉ tàn Nghiệp thành bất nhật đắc,",只殘鄴城不日得，
Vũ dạ sầu nhân nhĩ.,雨夜愁人耳。
"Triều sinh thiên địa hiểu,",潮生天地曉，
Dương dương bất vấn dân đề ky.,陽陽不問民啼饑。
Hà dĩ an chi?,何以安之？
"Cát sinh mông sở,",葛生蒙楚，
Nhất bồi tịnh thổ yểm phong lưu.,一抔淨土掩風流，
Tư nhữ Ân Thương.,咨女殷商。
Dĩ ngự luyến hề!,以御亂兮。
"Nhất phiến ly tình lưỡng tương hệ,",一片離情兩相繫，
Chiêu Châu từ hàn dữ “Chiêu hồn”.,昭州詞翰與招魂。
Khởi ức đương điện quần thần xu.,豈憶當殿群臣趨。
"Lan hương mãn lộ mã trần phi,",蘭香滿路馬塵飛，
Kham liên vịnh nhứ tài!,堪憐詠絮才！
"Kiết kiết can dư,",孑孑干旟，
Cối tiếp tùng chu.,檜楫松舟。
Hùng bi dục trập long xà thâm.,熊羆欲蟄龍蛇深。
"Tự thử nhi nam tẩy nhữ hung,",自此而南洗汝胸，
"Kim tiên đoạn chiết cửu mã tử,",金鞭斷折九馬死，
Tâm chi ưu hĩ.,心之憂矣，
"Tương kỳ hề vân dư,",湘旗兮芸輿，
Quân bất kiến:,君不見：
"Bả văn kinh Tiểu Lục,",把文驚小陸，
"Tri lang cựu thì ý,",知郎舊時意，
"Quan du tư phụ sách giao chí,",官輸私負索交至，
"Khán phong tiền hành mã đề sử,",看峰前行馬蹄駛，
"Hương quốc sầu lai đối tửu lao,",鄉國愁來對酒醪，
Mãn thân vân khí lưu tư tu.,滿身雲氣留斯須。
"Đản chí chi bình lâm,",诞寘之平林，
Ngã khởi ẩm tử tử tất thù.,我起飲子子必酬。
Xạ điêu quy mộ quản huyền tân.,射雕歸暮管絃新。
"Mục đồng kiến khách bái,",牧童見客拜，
"Ư thị thuỷ trùng tận bạo, thừa chử chi dương.",於是水蟲盡暴，乘渚之陽。
Khán hoa thượng tửu thuyền.,看花上酒船。
Vĩnh quý tôn nhi vô cực hề.,永貴尊而無極兮，
Quy niệm đoạn chinh bồng.,歸念斷征篷。
"Ngọc hộ liêm trung quyển bất khứ,",玉戶帘中捲不去，
"Tự đường tồ cơ,",自堂徂基，
"Lực tận bất đắc phao chử thanh,",力盡不得拋杵聲，
Can lộc khải đễ.,干祿豈弟
Đê thân trực hạ bát thiên xích.,低身直下八千尺。
Kiến thái phủ chi quảng khai hề.,見太府之廣開兮，
Ảnh động đáo cảnh dao Tiêu Tương.,影動倒景搖瀟湘。
"Thập sinh cửu tử đáo quan sở,",十生九死到官所，
"Dương chi thuỷ,",揚之水，
"Khốc quân tảo thệ,",哭君早逝，
Lâu thượng xuân phong nhật tương yết,樓上春風日將歇，
Bất uý cường ngự.,不畏強禦。
"Thỉnh quân thí vấn đông lưu thuỷ,",請君試問東流水，
Hậu Tắc triệu tự.,后稷肇祀，
"Nguyện tác khinh la trước tế yêu,",願作輕羅著細腰，
Nguyệt xuất chi quang.,月出之光。」
Liêm man vu thự.,蘞蔓于野。
Kỳ canh thích thích.,其耕澤澤。
"Đãn giao tâm tự kim điến kiên,",但教心似金鈿堅，
"Dị căn bất đới trần ai khí,",異根不帶塵埃氣，
Chiêm vong phụ hề!,瞻望父兮。
"Hầu chủ hầu bá,",侯主侯伯，
Tha hương ngộ cố tri.,他鄉遇故知。
Hỗ bất hồi hỗ.,互不回互。
"Thư vi ngũ sắc triêu hà huy,",舒為五色朝霞暉，
"Tả Miên công quán thanh giang phẫn,",左綿公館清江濆，
"Bích lập thạch thành hoành tái khởi,",壁立石城橫塞起，
Viết chí Vị dương.,曰至渭陽。
Y nhiên lạc nguyệt đề sương ô.,依然落月啼霜烏。
Quân ân tứ trạng đầu.,君恩賜狀頭。
Oanh bất đình thoa điệp bất lan.,鶯不停梭蹀不攔。
Bất kiến hồ cơ cựu tửu lâu.,不見胡姬舊酒樓。
"Vũ Môn tam cấp lãng,",禹門三汲浪，
"Lạc nhứ du ty diệc hữu tình,",落絮遊絲亦有情，
Tống cựu hoàn nghênh tân.,送舊還迎新。
"Vi hầu biệt ngã hữu sở thích,",韋侯別我有所適，
"Phủ ngưỡng tự đắc,",俯仰自得，
Trường qua lợi mâu nhật khả huy.,長戈利矛日可麾。
Đạo Lâm lâm hác tranh bàn hu.,道林林壑爭盤紆。
Quân tử bất dâm.,君子不淫。
Ngã tại Ba Đông tam giáp thì,我在巴東三峽時，
"Khải phong tự nam,",凱風自南，
Nghĩ thượng Đồng Tước đài.,擬上銅雀台。
"Duật cầu quyết ninh,",遹求厥寧，
"Bắc phong kỳ lương,",北風其涼，
Mộ túc minh nguyệt loan.,暮宿明月灣。
Minh triêu Hồ địa thiếp.,明朝胡地妾。
"Nhập ngã sàng hụ,",入我床下。
"Dục bất khả túng,",慾不可縱，
"Ngã tâm thực thống,",我心實痛，
Đương thời ý khí vô Giang Đông.,當時意氣無江東。
"Phù y tại kinh,",鳧鷖在涇，
"Điếu danh thị lợi, giai như thuỷ thượng phù âu.",釣名嗜利，皆如水上浮鷗。
Dẫn vi tân khách kính pha cửu.,引為賓客敬頗久。
"Phi Đào lệnh đông ly chi cúc, phi Linh quân cửu uyển chi lan.",非陶令東籬之菊，非靈均九畹之蘭。
"Tỉ mỹ đạm đạm, tuỳ ba ám ái.",徙靡澹淡，隨波闇藹。
Tân khai nhất dạ phong.,新開一夜風。
"Lục bí tại thủ,",六轡在手。
"Hành cung kiến nguyệt thương tâm sắc,",行宮見月傷心色，
Tế học Hà Ngung miễn hứng cô.,細學何顒免興孤。
Độc hữu thi khách lai tư ta.,獨有詩客來咨嗟。
"Dã doanh vạn lý vô thành quách,",野營萬里無城郭，
"Chủ nhân bất tương thức,",主人不相識，
"Thuyền quyên bất thất quân phấn thái,",嬋娟不失筠粉態，
Thuỳ thức oán thu thâm?,誰識怨秋深？
Ngôn ngải kỳ sở.,言刈其楚。
Ngoại tác cầm hoang.,外作禽荒。
Thục giang như tuyến như châm thuỷ.,蜀江如線如針水。
"Thị chi “Khâu”, “Sách” hề cức kỳ hầu.",示之《丘》《索》兮棘其喉。
"Điếu hoàng chi sự, kim kỳ dĩ phi,",釣璜之事，今其已非，
Chư tướng diệc tự quân trung chí.,諸將亦自軍中至。
"Thủ trọng ư nhân,",取重於人，
Đài giác vị ngã phi thanh sương.,臺角為我飛清霜。
Toà hạ liêu lạc như minh tinh.,座下寥落如明星。
"Bát châu thứ sử tư nhất chiến,",八州刺史思一戰，
"Kình nghê dũng nhi giáp cốc,",鯨鯢踴而夾轂，
Thu dĩ vi kỳ.,秋以為期。
Quốc thế bảo toàn.,國勢保全。
Sổ thanh ngư địch nhất giang thu;,數聲漁笛一江秋；
"Đông phương vị mang,",東方未明，
Toạ quan nhất tẩy trần phân hoài.,坐觀一洗塵氛懷。
Lão thố băng vân thu ảnh truỵ.,老兎崩雲秋影墜。
"Phiêu phiêu duy trướng,",飄飄帷帳，
"Thánh tâm đãng đãng niệm tư dân,",聖心蕩蕩念斯民，
"Dữ kỳ sinh thụ thượng linh dị chi trùng, thục nhược sản nhân trung tuấn dật chi tài, cao mại chi sĩ?",與其生樹上靈異之虫，孰若產人中俊逸之才，高邁之士？
Vi tử chỉ hiếu.,為子止孝。
Bang chi kiệt hề!,邦之桀兮！
"Tân phụ thái mạch phụng lão cô,",新婦采麥奉老姑，
"Nguyệt nhân tương phụ hứa đa ban,",月人相負許多般，
"Lâm trung quan Dịch bãi,",林中觀易罷，
"Tứ chi nhật kỳ tảo,",四之日其蚤，
"Tính tích đam u tĩnh,",性癖耽幽靜，
"Tăng thành cửu trùng,",增城九重，
"Chiêu chiêu vãng tích phương thiên cổ,",昭昭往昔芳千古，
"Nhật nguyệt kỳ thệ,",日月其逝，
Trường ca khứ lai.,長歌去來。
"Nhi tình tối thị Từ công tôn,",兒情最是徐公孫，
Thấp hữu lục bác.,隰有六駮。
"Thu Phố cẩm đà điểu,",秋浦錦駝鳥，
Giang đầu nhật lạc phong thê thê.,江頭日落風凄凄。
Tùng lâm lan nhã thu phong vãn.,松林蘭若秋風晚。
"Thiên sinh chưng dân,",天生烝民，
Thanh phúc hoàn bằng nhất triện hương,清福還憑一篆香。
Gia tân thức yến dĩ ngao.,嘉賓式燕以敖。
"Chi tử vu miêu,",之子於苗，
"Đồng tại càn khôn nội,",同在乾坤內，
Sử ngã tâm mội.,使我心痗。
"Ý dục bộ minh thiền,",意欲捕鳴蟬，
Kỳ nhược dương hoa tự tuyết hà!,其若楊花似雪何。
"Huấn tử nghĩa phương,",訓子義方，
"Như kim đoạn trường không thuỳ lệ,",如今斷腸空垂淚，
Hoả tàn hôi diệt.,火殘灰滅。
Thiên môn vô lộ thải kim thác.,千門無路貸金錯。
Bang gia chi quang.,邦家之光。
Nhiễu lâm hiện hoãn tương hô hoán.,遶林睍睆相呼喚。
Cao giả cương phụ sầu điên tê.,高者岡阜愁顛擠。
Vạn vật khan thành cổ.,萬物看成古。
Vũ hịch giao trì nhật tịch văn.,羽檄交馳日夕聞。
Xâm vân sáp Hán thanh ngọc bình.,侵雲插漢青玉屏。
"Pháp thân vô khứ diệc vô lai,",法身無去亦無來，
"Đào chi yêu yêu,",桃之夭夭、
"Hàm tình phưởng chức cô đăng tận,",含情紡織孤燈盡，
Sinh tăng giang thượng thuyền.,生憎江上船。
"Thiết thử triệu hỹ,",設此旐矣，
Tà nhật lan can nhân tự bằng,斜日欄杆人自憑。
"Thiếp gia Hoành Đường tê,",妾家橫塘西，
"Loạn đại phiêu linh dư đáo thử,",亂代飄零餘到此，
Nhất đán hồng nhan vị quân tận.,一旦紅顏為君盡。
Liên kỳ đại bái hoàng trần một.,連旗大旆黃塵沒。
"Kỳ gian yến tức giai tiên tử,",其間燕息皆仙子，
Dĩ húc quả nhân.,以勖寡人。
Huynh đệ cấp nạn.,兄弟急難。
"Ư tâm liệt liệt,",憂心烈烈，
Nữ tử tất dâm.,女子必淫。
"Bỉ tắc chi toại,",彼稷之穗。
"Thanh thiên hữu nguyệt lai kỷ thì,",青天有月來幾時，
"Lương Châu hãm lai tứ thập niên,",涼州陷來四十年，
Liêm trung nhân tỉ đào hoa sấu,簾中人比桃花瘦；
"Nhĩ tửu ký thanh,",爾酒既清，
"Giang sơn tương hùng bất tương nhượng,",江山相雄不相讓，
Tiên ô ngã khẩu.,先污我口。
Ngưỡng xuân phong chi hoà mục hề.,仰春風之和穆兮，
"Duy phù thuỵ chi đặc dị, triệu vũ nội chi long bình.",惟符瑞之特異，兆宇內之隆平。
"Khách nhất kiến chi, tâm trung uất uất.",客一見之，心中鬱鬱。
Tráng tâm tằng bất đình.,壯心曾不停。
"Thực chi hào kiện Tây Vực vô,",食之豪健西域無，
"Tái hiện tích vương,",載見辟王，
"Triêu xan cơ khát phí bôi bàn,",朝餐飢渴費杯盤，
Bất năng cố tang?,不能固臧？
Kỷ nhật kiều hồn tầm bất đắc.,幾日嬌魂尋不得。
"Không sơn tùng tử lạc,",空山松子落，
"Phan phan chiêu dật khách,",攀攀招逸客，
Súc ngã bất tốt.,畜我不卒，
"Thường hận ngôn ngữ thiển,",常恨言語淺，
"Khái Linh Công chi vô đạo hề, vụ hậu liễm ư sinh dân.",慨靈公之無道兮，務厚斂於生民。
Tam ngũ tại đông.,三五在東。
Tích hà dũng nhuệ kim hà ngu!,昔何勇銳今何愚。
"Phụ nhân tại quân cổ sở kỵ,",婦人在軍古所忌，
Giao long dục chập hàn sa thuỷ.,蛟龍欲蟄寒沙水。
"Di tình tưởng tượng,",遺情想像，
"Ngã xa bôn hề mã phồn tương,",我車奔兮馬繁驤，
"Thiệp Vị vi loạn,",涉渭爲亂，
Vân hồ bất liêu?,云胡不瘳？
Chiếm tận tảo thu tâm.,占盡早秋心。
Tính Châu vận mễ vân trung hành.,并州運米雲中行。
"Tiền khứ ngũ thập hữu kỉ niên,",前去五十有幾年，
Tuế vân mộ hĩ tăng ly ưu.,歲雲暮矣增離憂。
Ngũ sắc ly phi mã tiền đoạ.,五色離披馬前墮。
"Sái minh châu hề vi lộ,",洒明珠兮為露，
"Ngô Việt anh hùng dĩ nê thổ,",吳越英雄已泥土，
Hảo sự tựu chi vi huề tửu.,好事就之為攜酒。
"Bảo lư bát hoả ngân bình tiểu,",寶爐撥火銀瓶小，
"Văn phức uất nhi phiêu nhiên hề,",聞馥郁而飄然兮，
Bạch độc thì hướng lư trung minh.,白犢時向蘆中鳴。
Cao trai văn nhạn lai.,高齋聞雁來。
"Tự tiếu hồng trần lý,",自笑紅塵裏，
Vân thuỷ điều điều cách Hoàn Khê.,雲水迢迢隔皖溪。
"Quan Tây phiêu kỵ đại tướng quân,",關西驃騎大將軍，
Nghi ký thành hề!,儀既成兮，
Bạch lộ hàm huy phiếm tử lan.,白露含輝泛紫蘭。
"Vị lang hữu ý biện la thường,",為郎有意辦羅裳，
"Tiến thuần hy, đảo quỳnh thất.",進純犧，禱琁室。
Thiên hạ tận hoá vi hầu vương.,天下盡化為侯王。
Cổ trang dã thái tranh hoa hồng.,古妝野態爭花紅。
Dĩ hứa bách hoa khôi.,以許百花魁。
Mạc tri ngã ai.,莫知我哀！
"Đồi nhiên nhất lãn ông,",頹然一懶翁，
"Thập thường bát cửu bất như ý,",十常八九不如意，
Mạc cầu tha đắc.,莫求他得。
"Câu Tiễn thành trung phi cựu xuân,",句踐城中非舊春，
Ngã tâm du du.,我心悠悠。
"Nại hà đãn hoằng trừng,",柰何但泓澄，
Minh nhật phù lê đồng há điền.,明日扶犁同下田。
Vị tất cảm dữ thử thảo tranh cao danh.,未必敢與此草爭高名。
Tằng bất dung đao.,曾不容刀，
Tham nhân bại loại.,貪人敗類。
"Thiên bất miện nhĩ dĩ tửu,",天不湎爾以酒，
Hồ trung thiếp độc tồn.,胡中妾獨存。
"Nguyệt doanh tắc xung,",月盈則沖，
"Ma mạch mông mông,",麻麥幪幪，
"Dạ thâm phương độc ngoạ,",夜深方獨臥，
"Phượng hề phượng hề quy cố hương,",鳳兮鳳兮歸故鄉，
"Vương tử xuy sinh nga quản trưởng,",王子吹笙鵝管長，
Tâm tri bạch vân ngoại.,心知白雲外。
"Yêm yêm dạ ẩm,",厭厭夜飲，
Đào hoa liêm nội thần trang lãn,桃花簾內晨妝懶：
Diệp phi công đức phối thương thiên.,葉妃功德配蒼天。
"Phiếm phiếm lục trì,",汎汎淥池，
"Vi vật tao phùng, ức niên quan hệ.",微物遭逢，億年關係。
"Mẫu biệt tử, tử biệt mẫu,",母別子，子別母，
Thiếp xứ đài sinh hồng phấn lâu,妾處苔生紅粉樓。
"Quân vương nhược yến khứ,",君王若燕去，
"Bất ngã năng súc,",不我能慉，
"Liệp liệp vân kỳ ủng,",獵獵雲旗擁，
Mỹ sử quy sính.,靡使歸聘。
Lăng ba nhất diệp chu.,凌波一葉舟。
"Phong tuế tự thiểu hung tuế đa,",丰歲自少兇歲多，
Ký thứ thả đa;,既庶且多；
Hồ đắc yên!,胡得焉！
"Thành Đô cổ tự ngoạ thu vãn,",成都古寺臥秋晚，
Chinh cầm khứ bất quy.,征禽去不歸。
"Hữu nữ phỉ ly,",有女仳離，
Lý Quảng vô công duyên số kỳ.,李廣無功緣數奇。
"Cao khâu tịch mịch tủng trung dạ,",高丘寂寞竦中夜，
"Mạc quái khai thiên vãn,",莫怪開偏晚，
Thái chuyên bất chước.,采椽不斫。
Vị ngã hà cầu.,謂我何求。
"Như tùng bách chi mậu,",如松柏之茂，
Liên hoa sinh thuỷ trung.,蓮花生水中。
"Lang khứ hoàn hà nhật,",郎去還何日，
Thừa vân tây tiến dạ thiều thiều.,承雲西進夜迢迢。
Hồ hải thập niên tình.,湖海十年情。
"An cư thực lực bất ngoại cầu,",安居食力不外求，
Phạt Ân chi mệnh dĩ bất cứu?,罰殷之命以不救？
"Nguỵ công Đồng đài hoá tiêu thổ,",魏公銅臺化焦土，
"Bất dĩ vị vi dật lạc, niệm vương nghiệp chi gian nan.",不以位為逸樂，念王業之艱難。
"Ninh thích bất lai,",寧適不來？
Hoàng hoàng liệt tinh.,煌煌列星。
Kích lôi cuồng điện hà xử khởi?,激雷狂電何處起？
Bản triều bất nhập phi cao kế.,本朝不入非高計。
Vô dĩ hạ thể.,無以下體。
"Chiết giao cung thỉ tư kham dụng,",折膠弓矢兹堪用，
"Tu ngã giáp bàng,",修我甲兵，
Võ vô dụng địa tử Nhan Khanh.,武無用地死顏卿。
Mông phạt hữu uân.,蒙伐有苑。
"Vụ bản chi ý, hành chi mãnh miễn.",務本之意，行之黽勉。
"Anh vũ lai quá Ngô giang thuỷ,",鸚鵡來過吳江水，
Dụng thích man phương.,用逖蠻方。
Dĩ tuy tứ quốc.,以綏四國。
Tích y phòng hàn.,積衣防寒。
Hà phùng trường chi?,何逢長之？
"Ô ngoa hồng lạp thanh sơn lộ,",烏靴紅笠青山路，
Náo quát quát địa.,鬧聒聒地。
"Du kị bất thính năng Hán ngữ,",遊騎不聽能漢語，
"Hàn huyên nhất dạ cách,",寒暄一夜隔，
Thanh sơn dục hàm bán biên nhật.,青山欲含半邊日。
"“Ngưu ngưu thực thảo mạc tương xúc,",牛牛食草莫相觸，
Thần tiết bất long.,臣節不隆。
Trám diêu vĩ chi tương mâu.,蘸繇尾之相繆。
Phù vinh đắc thị không.,浮榮得是空。
"Kim nhật đông phong tự bất thăng,",今日東風自不勝，
Y cựu hàn huyên đăng hạ thuyết.,依舊寒暄燈下說。
Loạn hưởng xuất phong tiền.,亂響出風前。
Vương chi hầu thiệt.,王之喉舌，
Tuy hữu phụ tử vô quân thần.,雖有父子無君臣。
Vu bỉ tây ung.,于彼西雝。
Không tường bích thuỷ xuân.,空牆碧水春。
"Khinh hồng lưu yên thấp diễm tư,",輕紅流煙濕艷姿，
Hồng lệ không tuỳ giang thuỷ lưu.,紅淚空隨江水流。
"Trí sứ Kỳ, Ung phòng Tây Khương.",致使岐雍防西羌。
"Tướng quân kiến lỗ bão lược quy,",將軍見虜飽掠歸，
Năng bất ngã tri.,能不我知。
"Long xà an sở ngộ, bất oán thiên diệc bất vưu nhân.",龍蛇安所遇，不怨天亦不尤人。
"Giả Sinh đối phục thương Vương phó,",賈生對鵩傷王傅，
Mạc tị ô uế.,莫避污穢。
"Đồng bạn hành nhân nhân tá vấn,",同伴行人因借問，
"Tịch lịch thu giang ngư hoả hy,",寂歷秋江漁火稀，
"Quy lai nhĩ nhiệt vong đầu bạch,",歸來耳熱忘頭白，
"Nguyên Tương lưu bất tận,",沅湘流不盡，
Bất vị nùng tiêm canh xảo chuyết.,不為濃纖更巧拙。
Đắc ngư vong thuyên.,得魚忘筌。
"Đế thị tế tế thương đài phô,",諦視細細蒼苔鋪，
Kim đường thuỷ loạn lưu.,金塘水亂流。
Y khả hoài dã.,伊可懷也。
"Tương phùng thả mạn vấn xuân thu,",相逢且漫問春秋，
"Lương nhân ngọc lặc thừa thông mã,",良人玉勒乘驄馬，
Trục lữ du du tây phục đông.,逐侶悠悠西復東。
"Tuý khan phong lạc mạo,",醉看風落帽，
Viêm thần lãn đấu phương.,炎晨懶鬥芳。
"Đồ bộ phiên sầu quan trưởng nộ,",徒步翻愁官長怒，
"Nãi trường nãi cương,",迺場迺疆，
"Bồng Lai điện tiền chư chủ tướng,",蓬萊殿前諸主將，
Đường đông nhược liễu thuỳ kim ty.,塘東弱柳垂金絲。
Thiêm viết: “Hà ưu?,僉曰：「何憂？
Kỳ diễm nhược hà: hà ánh trừng đường.,其艷若何：霞映澄塘。
"Bất ngu nhất quyết chung tổn thương,",不虞一蹶終損傷，
"Cổ nhân nan dữ kim, kim nhật thúc thành cổ.",古人難與今，今日倏成古。
Lão khứ phùng thu đầu tuyết bạch.,老去逢秋頭雪白。
Dư viết hữu ngự vũ.,予曰有禦侮。
Bần nhân cô chi vô nhất như.,貧人沽之無一如。
Liễu liễu ngữ thanh văn.,了了語聲聞。
Ngã mã đồ hĩ!,我馬瘏矣、
Chung yên doãn tang.,終然允臧。
"Đạo bất tự hiện, dĩ khí nhi hiện; khí bất tự thọ, dĩ minh nhi thọ.",道不自見，以器而見；器不自壽，以銘而壽。
"Tố kỳ Qua giản,",溯其過澗。
"Niên niên chiến cốt mai hoang ngoại,",年年戰骨埋荒外，
Xuân phong hoa thảo hương.,春風花草香。
Phật nhật chiếu vô cùng.,佛日照無窮。
"Sắc tức thị không, không thị sắc.",色即是空空是色。
"Khách đáo tiên sầu vô lộ thông,",客到先愁無路通，
"Ngô tiền vạn tượng đô phong nhã,",吾前萬象都風雅，
Cánh vấn hoàng kê phì dữ cù.,更問黃雞肥與癯。
"Lão phu thanh thần sơ bạch đầu,",老夫清晨梳白頭，
Đố phụ loạn gia.,妒婦亂家。
Hà nãi thao thao cẩu trệ tâm.,何乃滔滔狗彘心。
Tuấn mệnh bất dị!,駿命不易。
Niệm bỉ kinh si.,念彼京師。
"Thượng Thành, Uất Lâm, Công Nhạc, Tụ Cốc.",上成鬱林，公樂聚穀。
Phú quý ư ngã như phù vân.,富貴於我如浮雲。
Tiền niên tỵ hồ quá Kim Ngưu.,前年避胡過金牛。
Yểm quan trất ngải.,奄觀銍艾。
"Củng, Hoàng mãn triều nhân cánh khổ,",龔黃滿朝人更苦，
Hoang thôn nhất điếu đồ.,荒村一釣徒。
"Tự quân chi xuất hĩ,",自君之出矣，
"Thu phong xuy mộng quá Hoài thuỷ,",秋風吹夢過淮水，
Sơn đảo lạt trì.,山島辣峙。
Hoàn tinh hồ Huyền phố.,還旌乎玄圃。
Vương cung thị bảo.,王躬是保，
Dẫn diệu tây khuynh.,引曜西傾。
Huyễn thê viên mưu.,眩妻爰謀。
"Bách điểu bất lai xuân trú nhàn,",百鳥不來春晝閒，
Thô chuyết tự tàm thao giản cố.,麤拙自慚叨簡顧。
Tha niên thị cố nhân.,他年是故人。
"Cung thỉ tư trương,",弓矢斯張，
Khấp thế liên liên.,泣涕漣漣。
Tập ư bao tang.,集於苞桑。
Hiểu thuý hôn âm nhập hộ tần.,曉翠昏陰入戶頻。
Soán đồ ngao ngao.,選徒囂囂。
Âm lăng thất đạo phi thiên vong.,陰陵失道非天亡。
"Gia gia dưỡng tử học canh chức,",家家養子學耕織，
Hưu chiêu nhàn khách dạ tham kỳ.,休招閑客夜貪棋。
Ưng chiếu ly nhân trang kính đài.,應照離人妝鏡臺。
"Tư quân như dạ chúc,",思君如夜燭，
"Bình sinh vị báo ân,",平生未报恩，
"Ánh môn Hoài thuỷ lục,",映門淮水綠，
Trung hữu lý ngư trường thả phì.,中有鯉魚長且肥。
Hoán khởi nam vân nhiễu Vân Mộng.,喚起南雲繞雲夣。
Giản ty luyện tuyến hồng lam nhiễm.,揀絲練線紅藍染。
Phi lai phi khứ công tử bàng.,飛來飛去公子傍。
Mạc uý liên chu trọng.,莫畏蓮舟重。
"Ủng bị nghễ thuyền song,",擁被睨船窗，
Tần vương học sĩ thời nan tiện.,秦王學士時難羨。
"Nãi uỷ bí chỉ sách, túng mã chi sở chi.",乃委轡止策，縱馬之所之。
"Thiên duyên dẫn thân, bất khả thân phụ.",遷延引身，不可親附。
Thâm lâm hữu hổ ban mao thành.,深林有虎斑毛成。
Miên miên trùng điệp thiên hồi trường.,綿綿重疊千回腸。
Lạn kỳ doanh môn.,爛其盈門。
"Ký nhiên tương tư nhạ nhân sầu,",既然相思惹人愁，
Khởi hữu tụng khúc?,豈有訟曲？
"Hữu thám kỳ diệp,",有嗿其饁，
Quần công thuỳ nhượng vị?,群公誰讓位，
Yêu yêu thâm thảo lý.,喓喓深草裏。
"Ngọc hoàng lãnh thủ hứa quy khứ,",玉皇領首許歸去，
"Phi Duệ Phương Mao tài cập Hoán,",丕睿芳髦才及奐，
Do đắc đồng lưu đồng thanh.,猶得同流同清。
Ốc hạ nhất tùng nhưng phú cốc.,屋下一松仍覆谷。
Tam nguyệt xuân hàn tuyết tác hoa.,三月春寒雪作花。
Thái tang nhi nữ hống như thị.,採桑兒女哄如市。
Thiên địa bất thác.,天地不錯。
Thực tạ Nghiêm quân mại bốc tiền.,實藉嚴君賣卜錢。
"Lại hữu tàn đăng hoả,",賴有殘燈火，
"Lãng Bạc ta diên truỵ,",浪泊嗟鳶墜，
"Hoàn vọng cố hương,",還望故鄉，
Độc vãng hoàn trù trướng.,獨往還惆悵。
"Sơ nhân tị địa khứ nhân gian,",初因避地去人間，
"Địch công chấp chính tại mạt niên,",狄公執政在末年，
"Thiên nhai hải giác mang mang lộ,",天涯海角茫茫路，
Tuyến nhuyễn hoa hư bất thắng vật.,線軟花虛不勝物。
"Giang thượng nhân gia đào thụ chi,",江上人家桃樹枝，
"Vọng Sở dữ Đường,",望楚與堂，
Tứ mã ký hiền.,四馬既閑。
"Đại điểu hà minh,",大鳥何鳴，
"Khúc bãi tằng giao thiện tài phục,",曲罷曾教善才服，
"Do khủng ân tình vị thậm kiên,",猶恐恩情未甚堅，
Giáp quang hướng nhật kim lân khai.,甲光向日金鱗開。
Dĩ thị Kim hà vạn lý sương.,已是金河萬里霜。
Loạn huống tư tước.,亂況斯削。
"Sử lục quốc các ái kỳ nhân, tắc túc dĩ cự Tần,",使六國各愛其人、則足以拒秦、
"Mãn mục vô tương thức,",滿目無相識，
Tố Đông Triều đầu.,溯東潮頭。
Dĩ tặng Thân Bá.,以贈申伯。
Chỉ hộ vân song phiến phiến hồ.,紙護雲窗片片糊。
Tạm vi nhiễu lan khuê.,暫爲遶蘭閨。
"Khinh chu nam xá khứ,",輕舟南垞去，
Hạ hữu Trường An đạo.,下有長安道。
Thái chi hanh chi.,采之亨之。
"Đại tỉ nhân tự cử,",大比因自舉，
Tứ vu thì Hạ.,肆于時夏。
Đào hoa như vũ xuy đông phong.,桃花如雨吹東風。
Vạn thọ vô cương.,「萬壽無疆」。
Tại gia nhật thiểu hành lộ đa.,在家日少行路多。
Nhất đoạn thê lương động lâm hác.,一段悽涼動林壑。
"Sóc phong thiên lý kinh,",朔風千里驚，
Viễn trấn Ba Khâu;,遠鎮巴丘；
Phúc nhân uân nhi thúc trở.,復氤氳而倏阻。
"Tự tỉnh du tuyền thạch,",自省遊泉石，
Thác vi ba nhi thông từ.,托微波而通辭。
Oanh kỳ minh hỹ.,嚶其鳴矣，
"Thụ Ân thiên hạ,",授殷天下，
Vạn thuỷ cổn cổn giai triều đông.,萬水滾滾皆朝東。
Hạ hữu nhất song ngư.,下有一雙魚。
Ngôn thái kỳ tang.,言采其桑。
"Giang thiên nhất sắc vô tiêm trần,",江天一色無纖塵，
"Thiên Tân kiều hạ dương xuân thuỷ,",天津橋下陽春水，
Đương thời kiến hổ đắc vô bố.,當時見虎得無怖，
"Thấp hữu trường sở,",隰有萇楚，
"Xuất động vô luận cách sơn thuỷ,",出洞無論隔山水，
Thuỳ năng phanh ngư?,誰能亨魚，
"Chi kim lưu khứ nan vi tình,",祗今留去難為情，
Linh lộ tứ hề.,零露湑兮。
Nhập tuyến vân hữu hạn.,入線雲有限。
Trướng miến mạc hề tượng dục phân.,悵緬邈兮象欲紛。
"Thoán trục Man hoang hạnh bất tử,",竄逐蠻荒幸不死，
Cận bí đăng trình kinh tứ độ.,覲轡登程經四度。
Sư tử Hồ nhi trường tại mục.,獅子胡兒長在目。
"Xương hạp tình khai dật đãng đãng,",閶闔晴開昳蕩蕩，
Nãi phụ chi quá.,乃父之過。
"Truy bắc quy lai huyết tẩy đao,",追北歸來血洗刀，
Hữu bồ dữ hà.,有蒲與荷。
Biệt ý dữ chi thuỳ đoản trường?,別意與之誰短長。
"Tương đáo thì, ảnh độ hồi lang.",將到時，影度回廊。
Duyên hoa phất ngự.,鉛華弗御。
"Văn đế khước chi bất khẳng thừa,",文帝卻之不肯乘，
"Sơ dư hổ khuyên lai quảng trường,",初舁虎圈來廣場，
"Càn khôn đắc kiến trung hưng chủ,",乾坤得見中興主，
Na kham du tử tại Giang Nam.,那堪游子在江南。
Tuyệt tắc kim phong hà lẫm lẫm.,絶塞金風何凜凜。
Chí sử nhân tâm chi oán bạn.,至使人心之怨叛。
"Thừa tướng, trung lang trượng nhân hàng.",丞相中郎丈人行。
"Ngôn tư kỳ tông,",言私其豵，
Hạp trần mai chí câm.,匣塵埋至今。
Phất sái phất tẩu.,弗灑弗掃；
"Ám tư hạnh hữu tàn cân lực,",暗思幸有殘筋力，
Địch bỉ Tả Hiền Vương.,敵彼左賢王。
"Lạc chỉ quân tử,",樂隻君子，
"Tiêu điều thu vũ tịch,",蕭條秋雨夕，
"Chỉ tại thử sơn trung,",只在此山中，
"Hà thân quỹ phát,",何親揆發，
"Bất đồng giả lực, cố tri thời thế chi nan;",不同者力，固知時勢之難；
Nhất triêu táp dĩ suy.,一朝颯已衰。
"Độc y cổ tự chủng thu cúc,",獨依古寺種秋菊，
Vi vấn tiên nhân an ổn vô.,為問仙人安穩無。
Ngã diệc quý mạnh Sơn Huyền Khanh.,我亦季孟山玄卿。
"Khải đại Ích tác hậu,",啟代益作后，
"Lũng Đầu dĩ đoạn nhân bất hành,",隴頭已斷人不行，
Văn vũ thị hiến.,文武是憲。
Dương liễu thanh thanh phàm kỷ thụ.,楊柳青青凡幾樹。
Hà dĩ vịnh ân ca thả vũ.,何以詠恩歌且舞。
Suy niên trắc nhĩ tình sở hưởng.,衰年側耳情所響。
Kế tự ngã nhật.,繼嗣我日。
"Thân giác tỉnh lang tại,",身覺省郎在，
"Hoả Duy địa hoang túc yêu quái,",火維地荒足妖怪，
"Linh phinh quy hạc, khởi túc vi chúc thánh chi phù; đản mạn thần tiên, hồ khả ngữ trường sinh chi quyết.",竛竮龜鶴，豈足為祝聖之符；誕謾神仙，胡可語長生之訣。
Thuỵ mỹ bất văn chung cổ truyền.,睡美不聞鐘鼓傳。
Mãn đường thù tạc tác chu tuyền.,滿堂酬酢作周旋。
Vũ trụ nội hề ngô linh đài.,宇宙内兮吾靈臺。
Chỉ thả đa.,旨且多。
Dục vãng thành nam vọng thành bắc.,欲往城南望城北。
"Xuân hoa thu sắc đệ như lưu,",春華秋色遞如流，
"Sử phụ đống chi trụ, đa ư nam mẫu chi nông phu,",使負棟之柱、多於南畝之農夫、
Hoàng hoa lão bất hương.,黃花老不香。
Nghi thị biệt phùng nhân.,疑是別逢人。
Trường Môn điệp vũ đa.,長門蝶舞多。
Thị nhật thanh đô hổ báo nhàn.,是日清都虎豹閑。
Thực tận binh cùng tương cập nhữ.,食盡兵窮將及汝。
"Bỉ ký chi tử,",彼其之子，
"Đông phong xuy độ thuỷ,",東風吹渡水，
Hoa chúc hà vi?,華燭何為？
"Nguyên tri sổ nhật biệt,",元知數日別，
"Tịch ẩm mộc lan chi cam lộ, triều xan tử phủ chi tường yên.",夕飲木蘭之甘露，朝餐紫府之祥煙。
"Tứ mẫu dịch dịch,",四牡奕奕，
Ngô dân khởi bảo Thanh Phong điếm?,吾民豈保清風店。
Bất như dưỡng trư.,不如養豬。
"Bạc ngôn thái khỉ,",薄言采芑，
"Thiên chi phương quệ,",天之方蹶，
Ẩm tiễn vu Ngôn.,飲餞于言。
"Triệu Nguỵ Yên Hàn đa kình tốt,",趙魏燕韓多勁卒，
Nhân nhân ái lạc.,人人愛樂。
"Ngọc Môn xuân sắc thắng Lâm Thao,",玉門春色勝臨洮，
"Thượng lâm đa thiểu thụ,",上林多少樹，
"Ái mỹ nhân chi dung mạo hề, hương bồi ngọc triện;",愛美人之容貌兮，香培玉篆；
"Bất giải tàng tung tích,",不解藏蹤跡，
"Tuyệt phong cánh hữu học Phật giả,",絕峰更有學佛者，
Dạ ngoạ cao khâu mộng thần nữ.,夜臥高丘夢神女。
"Đông gia đầu bạch song nữ nhi,",東家頭白雙女兒，
Thân thể tồi tàng.,身體摧藏。
"Ô phi tuỳ đế liễn,",烏飛隨帝輦，
"Diệp phong phiên hãi lục,",葉風飜駭綠，
An trí thoả thiếp bình bất pha.,安置妥帖平不頗。
Thục bất hiện kỳ hình.,孰不現其形。
Độ thuỷ điểm y oanh cẩm đái.,度水點衣縈錦帶。
Hữu đạo tâm nhân.,有道心人。
"Hoàng hoa tận vị tuý ông khai,",黃花盡為醉翁開，
Tuý hạ yên ba thiên vạn lý.,醉下煙波千萬里。
Tài dị sát thân.,財易殺身。
Ô Mã hựu ế ư Bạch Đằng hải.,烏馬又殪於白藤海。
Bão thực ôn y nhàn quá nhật.,飽食溫衣閑過日。
"Khổng điền bất ninh,",孔填不寧，
"Phạt kha, phạt kha!",伐柯伐柯、
Sơ giả vi thích.,疏者為戚。
Cấn sầm thanh huy thảm ma ma.,艮岑青輝慘麼麼。
Thu phong xuy liễu điều.,秋風吹柳條。
Thiêm tửu hồi đăng trùng khai yến.,添酒回燈重開宴。
Hoạ sinh hốt vi.,禍生忽微。
Quyền thấn nghi văn tuần lễ tiết.,權殯儀文循禮節。
"Cố sơn vọng đoạn bất tri xứ,",故山望斷不知處，
"Văn đạo Hán gia thiên tử sứ,",聞道漢家天子使，
"Sa đà tận nhật Lý Thanh Liên,",蹉跎盡日李青蓮，
"Đạo trở thả vĩ,",道阻且右；
"Ám tương Biệt hộc, Ly loan dẫn,",暗將別鵠離鸞引，
Phá noãn kinh xuất loan phượng tường.,破卵惊出鸞鳳翔。
Công thi lai yến lai tông.,公尸来燕来宗。
"Sơn bất yếm cao,",山不厭高，
"Vân nạp tân ma sơn thuỷ xuất,",雲衲新磨山水出，
Khởi viết bất cực?,豈曰不極？
Kê minh kiêu kiêu.,雞鳴膠膠。
Phả yếm thế gian nhi nữ thái.,頗厭世間兒女態。
Khuyển Nhung nhật dạ thôn Tây Bỉ.,犬戎日夜吞西鄙。
"Môn đối vân tiêu bích ngọc lưu,",門對雲霄碧玉流，
"Ngã hữu gia tân,",我有嘉賓，
"Nhập pha thảo đa ngưu tán hành,",入陂草多牛散行，
"Cao Bưu hồ thuỷ tăng tịch ba,",高郵湖水增夕波，
Hoài di lai phô.,淮夷來鋪。
"Thường kiển kiển nhi phỉ cùng hề, tận trung thành ư sử chức.",常褰褰而匪窮兮，盡忠誠於史職。
Xu phó bất tri ki huống khổ.,趨赴不知羈況苦。
Hoàng hộc ký ý hà đương hồi.,黃鵠寄意何當回。
"Bất tri viên lý thụ,",不知園裏樹，
"Trục lưu khiên hạnh thính,",逐流牽荇聽，
Kỉ nhập trùng vi thân bất tử.,幾入重圍身不死。
Do khả thuế dã.,猶可說也。
"Thệ tương thượng tuyết liệt thánh sỉ,",誓將上雪列聖恥，
"Khải đễ quân tử,",豈弟君子，
Thường sa.,鲿鯊。
Trợ ngã cử tứ.,助我擧柴。
Dục phá cự lãng thừa trường phong.,欲破巨浪乘長風。
Nộ nhĩ hà cang ngã dương cụ!,怒尒何亢我陽具！
"Phiến phàm hà xứ khứ,",片帆何處去，
Thường ly quang trần.,常離光塵。
Văn vương chi điển.,文王之典。
"Kim niên hoan tiếu phục minh niên,",今年歡笑復明年，
"Cẩu vô dã nhân,",苟無野人，
Nan yêu nhập toạ viên cầm khách.,難邀入座援琴客。
Tiêu quân lễ mạo tiên ung dung.,蕭君禮貌先雍容。
Ỷ thiên tùng cốt kiến lai khô.,倚天松骨見來枯。
Cái diệc vật ti.,蓋亦勿思！
"Cát nhật canh ngọ,",吉日庚午、
Viết vi cải tuế.,曰為改歲，
Ô hô Chiêu Quân!,嗚呼昭君
Nãi tạo kỳ tào;,乃造其曹；
Mộng đề trang lệ hồng lan can.,夢啼妝淚紅闌干。
Ngang tu ngã hĩ.,卬須我友。
Chỉ nguyện vô sự thường tương kiến.,只願無事常相見。
"Cô đăng minh hựu diệt,",孤燈明又滅，
"Thử địa tằng cư trú,",此地曾居住，
Thính khúc đê ngang như hữu cầu.,聽曲低昂如有求。
"Hạp trung tam xích kiếm,",匣中三尺劍，
"Thu phong năng tái nhiệt,",秋風能再熱，
"Dư hương mãn lộ nhật mộ quy,",餘香滿路日暮歸，
Cánh dục hướng phương châu.,更欲向芳洲。
"Động phòng hoa chúc dạ,",洞房花燭夜，
Vị tâm na bất sầu?,為心那不愁？
"Trủng tiền lưỡng Ông Trọng,",塚前兩翁仲，
Bất khả cứu dược.,不可救藥。
Quy tai! Quy tai!,歸哉！歸哉！
"Thiên hàn viễn phóng nhạn vi bạn,",天寒遠放雁為伴，
Hại tuỳ nhi chí.,害隨而至。
"Hồi cố đảm sài Hán,",回顧擔柴漢，
Cộng khan minh nguyệt giai như thử.,共看明月皆如此。
"Tiền các vũ liêm sầu bất quyển,",前閣雨簾愁不捲，
"Sĩ chiêu lữ sấn chi hồn, cựu thời bộ khúc.",士招旅襯之魂，舊時部曲。
"Tích niên tằng tác Phù Thạch du,",昔年曾作浮石遊，
"Liễm diễm hoàng kim ba,",瀲滟黄金波，
"Hắc thuỷ huyền chỉ,",黑水玄趾，
Nhất lộ xuân phong toạ la ỷ.,一路春風坐羅綺
"Tiểu phụ mạc từ đảm thượng kiên,",小婦莫辭擔上肩，
"Kỳ tiểu vô nội,",其小無內，
"Quan khuyết Trường An cận,",觀闕長安近，
Thời duy Hậu Tắc.,時維后稷。
"Nhập Tần quan hề trì chuỷ thủ,",入秦關兮持匕首，
"Giai hạ Vũ Dương như tử nhân,",階下舞陽如死人，
"Tự ngôn “Gia bần mẫu niên lão,",自言家貧母年老，
"Khải phong xuy hề, giang hải bình,",凱風吹兮江海平，
Khởi ý kim vi sinh tử biệt.,豈意今為生死別。
Bất nghĩa tòng thức.,不義從式。
Dân chi du ký.,民之攸墍。
Tiến thoái duy cốc.,進退維谷。
"Tú mạc san hô câu,",繡幕珊瑚鉤，
Trường tại Thạch Thành đầu.,長在石城頭。
Quyết do dực dực.,厥猶翼翼。
Tư miên miên nhi tăng mộ.,思綿綿而增慕。
Cảm hiền đạt hề đồng ai trần.,感賢達兮同埃塵。
Ức đắc đề viên ca tống quân.,憶得啼猿歌送君。
Tiếp tịch nhi đồng tiếu tương lỵ.,接席兒童笑相詈。
Thục hồn tịch mịch hữu bạn vị?,蜀魂寂寞有伴未，
Thôn nam lão ông không độc lâu.,村南老翁空髑髏。
"Côn kê thần minh,",鶤雞晨鳴，
"Hoa tiền nhân thị khứ niên thân,",花前人是去年身，
Cổ quăng phụ bật câu lương hiền.,股肱輔弼俱良賢。
"Vương sự mỹ cổ,",王事靡盬，
"Bình nguyên tuyệt nghiễn bán không biểu,",平原絕巘半空表，
"Thất nhật thất dạ phục bất chỉ,",七日七夜复不止，
Đảo ảnh nhập thanh y.,倒影入清漪，
"Vô đạo đức giả,",無道德者，
Tình quyển lục âm đa.,晴卷綠陰多。
"Đông sơn minh nguyệt xuất,",東山明月出，
Tương tống Sở sơn đầu.,相送楚山頭。
Cựu phòng bại tẩu quy kỳ dinh.,舊防敗走歸其營。
"Xuyên liêm độ các vũ si trì,",穿帘度閣羽差池，
"Hoạ phúc thương thương dã chủ trì,",禍福蒼蒼也主持，
"Ngũ doanh giáp đạo liệt dung vệ,",五營夾道列容衛，
Bất cảm đáo Liêu Tê.,不敢到遼西。
Tuyết lãng đảo quyển vân phong tồi.,雪浪倒卷雲峰摧。
"Kim thoa tích lịch thấu không bạc,",金梭淅瀝透空薄，
"Thướng than dị, há than nan.",上灘易下灘難。
"Di Phủ nhậm tán đản,",夷甫任散誕，
Công danh thiếu tráng thì.,功名少壯時。
Cập nhĩ đồng liêu.,及爾同僚。
Vị ngã lai hỹ.,謂我來矣。
"Lão phu trì tiết sứ Viêm châu,",老夫持節使炎州，
"Khí tận Ngu đồng tử,",氣盡虞同死，
"Tuyết anh phi lạc cận,",雪英飛落近，
"Ngư long sàm trác,",魚龍瀺灂，
"Giới am tất cánh vô kỳ vật,",芥庵畢竟無奇物，
"Ngã sở tư hề tại Thái Sơn,",我所思兮在太山，
Vân hà kỳ yêu?,云何其憂？
Bệnh sinh đa tệ.,病生多幣。
Cư ngô ẩn ước.,居吾隱約。
"Man Khê hào tộc tiểu động diêu,",蠻溪豪族小動搖，
"Nhất thế chi hùng an tại tai,",一世之雄安在哉，
"Tùng hạ vấn đồng tử,",松下問童子，
Ta nhĩ tự thị hoa tiền ông.,嗟爾自是花前翁。
"Động Thiên hồ thượng cảnh,",洞天湖上景，
"Đế đức càn khôn đại,",帝德乾坤大，
Nghĩa khí đốn sử thiên nhân kinh.,義氣頓使千人驚。
"Trạch trung ca tiếu nhật phân phân,",宅中歌笑日紛紛，
"Bất điếu bất tường,",不弔不祥，
"Tạc nhật tú y khuynh lục tôn,",昨日繡衣傾綠樽，
Lai chiếu biệt ly nhân.,來照別離人。
Cảm cáo Vân Sơn tòng thử thuỷ.,敢告雲山從此始。
Đa tình lập mã nhân.,多情立馬人。
"Khoái phường trinh vĩ phanh cẩm lân,",鱠魴赬尾烹錦鱗，
"Bách thất doanh chỉ,",百室盈止，
"Thính kỳ ngôn ngữ,",聽其言語，
Bất ngã hoạt hề!,不我活兮。
"Tương phùng hiệp tà lộ,",相逢狹斜路，
Trường đoạn Ngọc Quan tình.,腸斷玉關情。
"Thanh môn liễu chi chính kham chiết,",青門柳枝正堪折，
Tại Chu chi đình.,在周之庭。
"Trọng khoa hậu liễm, sơn trạch mi hữu kiết di.",重科厚歛，山澤靡有孑遺。
“Nhĩ niên ký lão hà thái ngu!,爾年既老何太愚。
"Huệ nhi bất phí,",惠而不費，
Chỉ ưng độc hữu đình hoa tri.,只應獨有庭花知。
Châu ca thuý vũ cổ Lương Châu.,珠歌翠舞古梁州。
Tôn thực tông tự?,尊食宗緒？
"Tình giao nhị tải điềm như mật,",情交二載甜如蜜，
Tam tam hựu tam tam.,三三又三三。
"Cánh nghi quần long hỗ chuyển đấu,",更疑群龍互轉鬥，
Tứ phương vi cương.,四方爲綱。
Tý nhĩ tiễn cốc.,俾爾戩穀。
"Hữu tự sơn khai vạn lý vân,",有似山開萬里雲，
Ung ung giê giê.,雝雝喈喈。
Bạch nhật huyền thu thiên.,白日懸秋天。
Gia trung yếm kê thực trùng nghị.,家中厭雞食蟲蟻，
Đoàn phiến bất từ lao.,團扇不辭勞。
"Thuỳ thị nhất tâm vô phụ giả,",誰是一心無負者，
Thuỳ tùng Mục Công?,誰從穆公？
Vũ Châu thái thú tỉnh đắc tri.,禹州太守省得知，
"Tể tể đa sĩ,",濟濟多士，
"Chí cấp cấp ư đồ hồi, tâm uất uất nhi bất vương.",志汲汲於圖回，心鬱鬱而不忘。
Trúc lâm tây chuyển trúc kiều thông.,竹林西轉竹橋通。
"Xuân thảo thanh thanh vạn lý dư,",春草青青萬里餘，
"Suy nhan cánh mịch lê sàng toạ,",衰顏更覓藜床坐，
"Thục trừng phát tình ngâm,",熟瞪發情吟，
"Tương đối cửu vong ngôn,",相對久忘言，
Đãi kỳ kim hề.,迨其今兮！
Vịnh Khiên Ngưu chi độc xứ.,詠牽牛之獨處。
Kiêm gia thê thê,蒹葭萋萋，
"Khôi tư diễm dật,",瑰姿艷逸，
"Vô nhân quan tái diệp,",無因關塞葉，
Kháp ngộ Đan Dương hạ Chử thuyền.,恰遇丹陽下渚船。
Lưỡng tằng kết phát đồng sơn minh.,兩曾結髮同山盟。
"Nghiễm doãn khổng xí,",玁狁孔熾，
Thượng đắc quân vương bất tự trì.,尚得君王不自持。
Cổ kiếm tuỳ thân vũ lăng loạn.,古劍隨身舞凌亂。
"Dư trung tâm vi chi khái nhiên hề,",余中心為之慨然兮，
"Nhu tắc nhự chi,",柔則茹之，
"Vô ý, tất, cố, ngã;",無意，必，固，我；
Ly quốc nhật thăng bi.,離國日昇悲。
Chu thuyền hành nan.,舟船行難。
"Khoa mục triêu tước,",科目朝爵，
"Oanh lai oanh khứ tự niên niên,",鶯來鶯去自年年，
"Xỉ lạc vị thị vô tâm nhân,",齒落未是無心人，
Tảo cam thuỳ đạo thiếp tâm khổ.,棗甘誰道妾心苦。
Năng ốc ỷ bút huy từ chương.,能握綺筆揮詞章。
"Khả liên phần thượng liễu,",可憐汾上柳，
Cam dữ tử đồng mặng.,甘與子同夢；
Huyết lệ nhiễm thành đan.,血淚染成丹。
Thôn lạc tương vọng thiên vạn gia.,村落相望千萬家。
Nhi đồng bộ đắc mang trì tiết.,兒童捕得忙持節。
Kỳ dận duy hà?,其胤維何？
Xuy bỉ cức tâm.,吹彼棘心。
"Nhất khán trường nhất đoạn,",一看腸一斷，
Phụ thán vu thất.,婦歎于室。
Thoá thủ trùng khôi.,唾手重恢。
"Ký thứ ký phiền,",既庶既繁。
"Lạc chỉ quân tử,",樂隻君子，
"Chỉ hữu sấu tích, vô sung phì.",只有瘦瘠無充肥。
"Đương thời Lang Quan phụng sứ xuất Hàm kinh,",當時郎官奉使出鹹京，
Biệt hữu nhất trùng thiên thượng khứ.,別有一重天上去。
Bất độc ái mai kiêm ái tuyết.,不獨愛梅兼愛雪。
Lâm kỳ kích kiếm sinh đồng hống.,臨岐擊劍生銅吼。
Tự công thoái thực.,自公退食。
Hoang thầm vu tửu.,荒湛于酒。
Kỳ trí ích minh.,其智益明。
Chư tăng thượng khất trai thì phạn.,諸僧尚乞齋時飯。
Tuế diệc mộ chỉ.,歲亦莫止。
Xuất một phong ba lý.,出沒風波裡。
Mạnh viết thủ nghĩa.,孟曰取義。
"Tẩu ngôn dĩ, cổ duệ nhi thệ.",叟言已，鼓枻而逝。
"Hạ hạn, thu lâm, đông hữu hoàng,",下旱秋霖冬有蝗，
Huống ư nhân hồ.,況於人乎。
"Tuỳ ba chuyển bạc,",隨波轉薄，
"Hoành khai dịch lộ thế tồi ngôi,",橫開驿路势崔嵬，
"Triêu vi canh chủng nhân,",朝為耕種人，
"Di tài bắc thần bất khả đắc,",移栽北辰不可得，
"Lê nguyên sầu thống hội tô tức,",黎元愁痛會蘇息，
Tứ phương hoàn trấn Tung đương trung.,四方環鎮嵩當中。
"Quân môn vũ lâm vạn mãnh sĩ,",君門羽林萬猛士，
Phỉ môi bất đắc.,匪媒不得。
"Thị xứ tiên gia kê khuyển, hà sự phi thăng,",是處仙家雞犬，何事飛昇，
"Dao văn ngư phủ xướng ca lai,",遥聞漁父唱歌來，
"Phá Đông Lăng chi qua, trãi Dao Trì chi quả,",破東陵之瓜，薦瑤池之果，
"Đương bôi đối khách nhẫn lưu thế,",當杯對客忍流涕，
Tư bôn cánh vi lân lý bỉ.,私奔更為鄰里鄙。
Tịnh kỷ minh song dưỡng tính thiên.,淨几明窗養性天。
Lăng diệp hà hoa tĩnh như thức.,菱葉荷花靜如拭。
Lương Châu Đổng Trác ký triều đường.,涼州董卓居朝堂。
"Sinh nam đoạ địa yếu lữ lực,",生男墮地要膂力，
"U u lộc minh,",呦呦鹿鳴，
Giang thuỷ sinh băng thụ chi chiết.,江水生冰樹枝折。
"Ngôn thụ chi trập,",言授之縶，
"Hoàng hoàng cổn tảo,",惶惶袞藻，
"Hoài tai, hoài tai!",懷哉、懷哉，
"Ân cần như hữu tình,",殷勤如有情，
"Cao Đường mộ đông tuyết tráng tai,",高唐暮冬雪壯哉，
Thất tinh quải thành văn lậu bản.,七星掛城聞漏板。
"Sấu như Thiên Thai sơn thượng thánh hiền tăng,",瘦如天台山上聖賢僧，
"Tha thì tại bình địa,",他時在平地，
Chung nhật nhẫn cơ tây phục đông.,終日忍饑西復東。
"Nhất triêu câu lũng xuất,",一朝溝隴出，
Tại bỉ Kỳ lệ,在彼淇厲。
"Vương sinh tảo tằng bái nhan sắc,",王生早曾拜顏色，
Ngã giả phụ tịch duyên môn hô:,餓者負席緣門呼：
Cổ tự thanh đăng dạ tương tiếp.,古寺清燈夜相接。
"Tội cổ bất thu,",罪罟不收，
Dạ lương nhân vị miên.,夜涼人未眠。
Thử kê hoa quả tế vu từ.,黍鷄花果祭于祠。
Đào hoa đào diệp loạn phân phân,桃花桃葉亂紛紛，
"Thúc hề, Bá hề!",叔兮、伯兮，
Hưu hữu liệt quang.,休有烈光。
"Hảo lạc vô hoang,",好樂無荒，
"Thiên cơ vân cẩm dụng tại ngã,",天機雲錦用在我，
"Quân ca thanh toan từ thả khổ,",君歌聲酸辭且苦，
Dương phong đả lạc đào hoa phiến.,陽風打落桃花片。
Thử lão vô thanh lệ thuỳ huyết.,此老無聲淚垂血！
"Mãn địa huyết hồng, mãn sơn cốt.",滿地血紅滿山骨。
Tráng sĩ hô thanh động cửu cai.,壯士呼聲動九垓。
Tống ngã hồ Kỳ chi Thường hĩ.,送我乎淇之上矣。
"Bái quan nạp túc tuần cựu điển,",拜官納粟循舊典，
Thiên phong hưởng xử kim tiên huy.,天風響處金鞭揮。
"Chỉ thống bất kham sổ,",指痛不堪數，
Bất túy trùng dương thập ngũ niên.,不醉重陽十五年。
Thanh sương sát khí đắc ưu ngu.,清霜殺氣得憂虞。
Thuỳ tích nhiên hĩ.,誰昔然矣。
Tử chi đãng hề!,子之湯兮，
Tàn lậu thanh thôi thu vũ cấp.,殘漏聲催秋雨急。
U hứng hà thì dĩ.,幽興何時已。
"Không khoát hồ thuỷ quảng,",空闊湖水廣，
"Thử nhật Trường An nhất ức quân,",此日長安一憶君，
"Thanh tùng cương đầu thử lục lương,",青松岡頭鼠陸梁，
"Y như phi thuần mã như cẩu,",衣如飛鶉馬如狗，
"Ưng đương môn hộ, nữ xuất nhập.",應當門戶女出入。
"Mạc tương nhất nhật ý,",莫將一日意，
Cố viên miểu hà xứ?,故園眇何處？
"U nhân khu ngoạn phát tiên hứng,",幽人軀玩發仙興，
Hoà lạc thả nhụ.,和樂且孺。
"Thiết văn thiên tử dĩ truyền vị,",竊聞天子已傳位，
Hà tận hà lịch?,何盡何歷？
Nhĩ độc hà cô hạn hà lương.,爾獨何辜限河梁。
"Phù gia phiếm trạch vô khiên quải,",浮家泛宅無牽掛，
"Tháp kiếp cung tường tráng lệ địch,",塔劫宮牆壯麗敵，
"Gia nhân kinh thống tương tụ hào,",家人驚痛相聚號，
"Ký kiến quân tử,",既見君子、
Cô minh tra tú y.,孤鳴吒繡衣。
Thang dược tất thân thường.,湯藥必親嘗。
"Nhị tam hào tuấn vị thì xuất,",二三豪俊為時出，
"Sơ tùng nghi nguyệt bạch,",疎松冝月白，
Vãng lai tinh tán vô nhân cự.,往來星散無人拒。
Thử sinh tỵ quý tu nhân phù.,此生巳愧須人扶。
"Thì tục tạo thứ na đắc trí,",時俗造次那得致，
"Nhĩ quy nghi cáo nhĩ hương lân,",尒歸宜告尒鄉鄰，
"Công giả trình kỳ năng, thuật giả thụ kỳ kỹ.",工者程其能，術者售其技。
"Kiến triệu thiết mao,",建旐設旄，
"Nhất tễ dưỡng thần bình vị tán,",一劑養神平胃散，
"Thành vi quốc gia chi ngoại phủ, nhi vạn bảo chi sở trân tàng.",誠為國家之外府，而萬寶之所珍藏。
"Cảnh Thăng hoài lự,",景升懷慮，
"Đạp tí quy lai lục bác trường,",蹋臂歸來六博塲，
Thu thuyền ỷ độ đầu.,秋船倚渡頭。
Kính diện hoành khai thập dư trượng.,鏡面橫開十餘丈。
"Cô sơn cô tuyệt thuỳ khẳng lư?,",孤山孤絕誰肯廬，
"Lục bãi dương chi sinh bạch yên,",綠擺楊枝生白烟，
"Kỳ Vân Nam binh vị ngã quân sở ách ư Lê Hoa, tự đỗng nghi hư hạt nhi tiên dĩ phá phủ;",其雲南兵為我軍所扼於梨花，自恫疑虛喝而先以破腑；
"Bạch Đế hàn thành trú cẩm bào,",白帝寒城駐錦袍，
Trần thường vu thì hạ.,陳常于時夏。
"Thanh xuân phục tuỳ quan miện nhập,",青春復隨冠冕入，
"Thuý hoa dao dao hành phục chỉ,",翠華搖搖行復止，
Cố lạc tảo xuân trung.,故落早春中。
"Khán thủ dương hoà ý,",看取陽和意，
Bạc mộ khổ ky.,薄暮苦饑。
Truyền dữ tỳ bà tâm tự tri.,傳與琵琶心自知。
"Hữu Hổ mục thụ,",有扈牧豎，
Kỳ diễn kỷ hà?,其衍幾何？
"Mệnh sào tuyệt nhi bất trưởng,",命樔絕而不長，
"Đông thị triều y nhất đán hưu,",東市朝衣一旦休，
"Minh song tịnh kỷ hữu túc khế,",明窗凈幾有宿契，
"Nhân lai đa bất kiến,",人來多不見，
Tang giả dị dị hề!,桑者泄泄兮。
Khổ chiến tam niên thường thiết xỉ.,苦戰三年常切齒。
"Phục nãi thái tức, cử thủ phấn dực, khẩu bất năng ngôn, thỉnh đối dĩ ý: “Vạn vật biến hoá, cố vô hưu tức. Oát lưu nhi thiên, hoặc thôi nhi hoàn. Hình khí chuyển tục, biến hoá nhi thiện. Vật mục vô gian, hồ khả thăng ngôn. Hoạ hề phúc sở ỷ, phúc hề hoạ sở phục; ưu hỉ tụ môn, cát hung đồng vực. Bỉ Ngô cường đại, Phù Sai dĩ bại; Việt thê Cối Kê, Câu Tiễn bá thế. Tư du toại thành, tốt bị ngũ hình; Phó Duyệt tư mỹ, nãi tướng Vũ Đinh. Phù hoạ chi dữ phúc, hà dị củ mặc! Mệnh bất khả thuyết, thục tri kỳ cực? Thuỷ kích tắc hạn, thỉ kích tắc viễn. Vạn vật hồi bạc, chấn đãng tương chuyển. Vân chưng vũ giáng, củ thác tương phân. Đại quân bá vật, dưỡng át vô ngân. Thiên bất khả dữ lự, đạo bất khả dữ mưu. Trì tốc hữu mệnh, ô thức kỳ thời.”",鵩乃太息，舉首奮翼，口不能言，請對以意：「萬物變化，固無休息。斡流而遷，或推而還。形氣轉續，變化而嬗。沕穆無間，胡可勝言！禍兮福所倚，福兮禍所伏；憂喜聚門，吉凶同域。彼吳彊大，夫差以敗；粵棲會稽，句踐伯世。斯遊遂成，卒被五刑；傅說胥靡，乃相武丁。夫禍之與福，何異糾纆！命不可說，孰知其極？水激則旱，矢激則遠。萬物回薄，震蕩相轉。雲烝雨降，糾錯相紛。大鈞播物，坱圠無垠。天不可與慮，道不可與謀。遲速有命，烏識其時？」
Hà sở cơ?,何所譏？
Nhân tình phiên phúc tự ba lan.,人情翻覆似波瀾。
"Khổng tước vị tri ngưu hữu giác,",孔雀未知牛有角，
"Dân chi thất đức,",民之失德，
"Hậu nhân thân lão thất quân cơ,",後因親老失軍機，
"Thiên lập quyết phối,",天立厥配，
Khủng phi thiên tính.,恐非天性。
Nhất châu phương tín tiểu sơn cô.,一株芳信小山孤。
Mãn toạ trùng văn giai yểm khấp.,滿座重聞皆掩泣。
Động môn bất toả trấn trường khai.,洞門不鎖鎮長開，
"“Quế trạo hề lan tương,",「桂棹兮蘭槳，
"Vô niệm nhĩ tổ,",無念爾祖，
"Chế bỉ thường y,",制彼裳衣、
"Tao thủ vấn hề mang mang,",搔首問兮茫茫，
"Hà thừa mưu Hạ Kiệt,",何承謀夏桀，
"Ngô ty Thục đồng trương cao thu,",吳絲蜀桐張高秋，
Bắc binh tảo báo lâm Qua Bộ.,北兵早報臨瓜步。
Bàng my nhập khổ ngâm.,龐眉入苦吟。
Anh hùng vô nại thị đa tình.,英雄無奈是多情。
Ngã diệc thiện chi.,我亦善之。
"Đãn nguyện hoàng ân my vũ trụ,",但願皇恩彌宇宙，
Đối ngạn nhất chi mai.,對岸一枝梅。
"Tuy tắc bội huề,",雖則佩觿，
"Trắc ngã cao cương,",陟我高岡，
Dục tịnh chân vô lữ.,欲并真無侶。
Hưu kỳ tàm chức.,休其蠶織。
"Quân tự cố hương lai,",君自故鄉來，
"Đại gia khứ yết linh,",大家去謁靈，
"Hoang phần đồi đồi đề tịch nha,",荒墳頹頹啼夕鴉，
Mạc trị dã nhân.,莫治野人。
Tri tử lịch hiểm nhân mã lao.,知子歷險人馬勞。
"Đầu ngã dĩ mộc đào,",投我以木桃，
"Thuỳ tri bàn trung xan,",誰知盤中餐，
Nghi cộng trúc tùng khan.,宜共竹松看。
"Cương đoản chiết nhu cửu trường, xỉ thiệt khởi tranh cường nhược.",剛短折柔久長，齒舌豈爭彊弱。
Tam giáng tam thăng thạch bất nhượng.,三降三升石不讓。
Thảm bất tri kỳ cố.,憯不知其故。
"Luân Đài thành đầu dạ xuy giốc,",輪臺城頭夜吹角，
Thụ kỉ hữu tập ngự.,授几有緝御。
Trung nhi hữu mưu.,忠而有謀。
"Thừa bỉ quỷ viên,",乘彼垝垣，
Hoả liệt cụ dương.,火烈具揚。
Xuân hàm dục tỉnh di san chẩm,春酣欲醒移珊枕。
Dữ quân giải cấu thành tương tri.,與君邂逅成相知。
"Yên diểu diểu, bích ba viễn,",煙渺渺，碧波遠，
"Doãn hỹ quân tử,",允矣君子，
Quách nam bão úng diệc ẩn kỷ.,郭南抱甕亦隱几。
Sinh tử vĩnh biệt!,生死永別！
Tựu kỳ thâm hĩ!,就其深矣，
"U thê thân lãn động,",幽栖身懶動，
"Cát cú ngũ lưỡng,",葛屨五兩，
"Lữ quán khách nhưng tại,",旅館客仍在，
Ngư ông khẳng bán phân.,漁翁肯半分。
"Dữ nhĩ lâm xung,",與爾臨衝，
Diệc bạch kỳ mã.,亦白其馬。
Thì nhân dĩ tri xứ.,時人已知處。
"Ký kiến quân tử,",既見君子，
"Lữ điếm khuynh đàm nhật,",旅店傾談日，
Sinh Phủ cập Thân.,生甫及申。
Thiên sủng tải xỉ.,天寵載侈。
"Đông hoàng tằng chước nhãn,",東皇曾酌眼，
"Khủng thị tích thời khanh tướng mộ,",恐是昔時卿相墓，
"Thần võ bất sát, dư diệc thể thượng đế hiếu sinh chi tâm.",神武不殺，予亦體上帝孝生之心。
Thượng hữu hồng mông vạn niên tuyết.,上有鴻濛萬年雪。
Lư diêm chi trữ trục giai không.,閭閻之杼柚皆空。
"Nhất vân thâm sơn hữu đại mộc,",一云深山有大木，
"Bì binh độc khốn thủ,",疲兵獨困守，
Hoanh nhiên chấn động như lôi đình.,訇然振動如雷霆。
"Đào phong nặc điệp đạp địa lai,",逃蜂匿蝶踏地來，
Lão viên vị ngã đề trúc liệt.,老猿為我啼竹裂。
Luân Đài thành bắc Mao Đầu lạc.,輪臺城北旄頭落。
Hồ kỵ khương binh nhập Ba Thục.,胡騎羌兵入巴蜀。
Phù nhạn mưu đạo lương,鳧雁謀稻粱，
Viên Thiệu chúng thịnh không Hoàng Hà.,袁紹眾盛空黃河。
"Thất quần hàn nhạn thanh khả liên,",失群寒雁聲可憐，
Trường tiêu chiến trường trung.,長嘯戰場中。
"Tâm nhàn thả vị khứ,",心閑且未去，
"Tuy tiềm xứ ư Thái Âm,",雖潛處於太陰，
Nhiễu thuyền nguyệt minh giang thuỷ hàn.,繞船月明江水寒。
"Tráng chí liêu liêu hề, phó chi hoang đường.",壯志寥寥兮，付之荒唐。
Tu sát vị mai ngoan dữ bạc.,羞剎未埋頑與薄。
"Sách ngã lương tứ,",策我良駟，
Trắc thính đàn cầm thanh.,側聽彈琴聲。
"Quyết phủ khổng vũ,",蹶父孔武，
"Hồi duật kỳ đức,",回遹其德，
Hành hành nhất lộ hoạ mi đề.,行行一路畫眉啼。
"Kim Xương tây lai đới hàn chử,",金閶西來帶寒渚，
"Nhuệ giang biên hữu tiêu dao tử,",銳江邊有逍遙子，
"Giác liễu thân tâm bản ngưng tịch,",覺了身心本凝寂，
Hạnh thậm chí tai!,幸甚至哉！
"Phạt cổ uyên uyên,",伐鼓淵淵，
Hồn tác đỗ quyên hà vi tế.,魂作杜鵑何微細。
"Huyền cổn xích tích,",玄袞赤舄，
Khải kỳ than hĩ!,慨其嘆矣。
Bất tích thiên kim cấu danh hoạ.,不惜千金購名畫。
"Giác lai hận bất trường như mộng,",覺來恨不長如夢，
"Tử sinh hữu mệnh cổ nhi nhiên,",死生有命古而然，
"Hạ chi nhật,",夏之日，
Tiểu gia chủ vân thính ngã ngữ:,小家主云听我語：
Nhữ dữ Sơn Đông Lý Bạch hảo.,汝與山東李白好。
"Thuỳ thức dã nhân ý,",誰識野人意，
"Du du hốt hốt, siêu trướng tự thất.",悠悠忽忽，怊悵自失。
Không trung bạch tuyết toàn minh diệt.,空中白雪旋明滅。
Kinh qua yên vụ như du long.,經過煙霧如游龍。
Thạch cước phi toa phất lãng tân.,石腳披莎拂浪新。
"Bất nhân thần quỷ phủ cân dư,",不因神鬼斧斤餘，
Vi hinh tá chử tần.,微馨借渚蘋。
Sương lý nhạn anh anh.,霜裏雁嚶嚶。
"Bất văn diệc thức,",不聞亦式，
"Hội hội hồi duật,",潰潰回遹，
Tuân mỹ thả dị.,洵美且異。
Phụ mẫu hà hộ?,父母何怙？
Kim ngao giá hải ngụ vân yên.,金鰲駕海寓雲煙。
"Nam, Bắc tinh huỳnh.",南北晶熒。
"Du giáp hà tiền oán biệt ly,",榆莢荷錢怨別離，
"Chung bất huyên hề đại lão tố vi châu lý trọng,",終不諠兮大老素為州里重，
"Đãn kiến nguyên khí thường điều hoà,",但見元氣常調和，
"Quân vi trương dịch cận tửu gia,",君為張掖近酒家，
"Đãn đắc trường văn liễu ngoại thanh,",但得長聞栁外聲，
Bồ đào đới Khúc hồng.,葡萄帶曲紅。
Mao anh gia kiếm toàn gia khốc.,犛纓加劍全家哭。
Ký dữ bạc tình phu.,寄與薄情夫。
Thất thập lão ông hà sở cầu.,七十老翁何所求。
Tây phong niệu niệu thu.,西風嫋嫋秋。
Dụng tích nhĩ chỉ.,用錫爾祉。
"Phụng thì thời mẫu,",奉時辰牡，
Hồ bất vạn nân?,胡不萬年！
"Hảo cảnh phùng nguyên nhật,",好景逢元日，
"Lạc ngã quân huệ,",樂我君惠，
Tích tư chỉ phúc.,錫茲祉福。
Nhân nhân tận thất châu.,人人盡失珠。
Tử hậu duy thi khả thắng kim.,死後惟詩可勝金。
"Nhân sinh tại thế,",人生在世，
"Toản nhung tổ khảo,",纘戎祖考，
Hợp đạp cao danh động liêu khoác.,合沓高名動寥廓。
"Hoài trinh lượng chi khiết thanh hề, tốt dữ ngã hề tương nan.",懷貞亮之絜清兮，卒與我兮相難。
Hoặc Đơn hoặc Hoàng.,或丹或黃。
"Vu ấp vu Tạ,",于邑于謝，
Ký thành mạc mạc;,既成藐藐；
"Hiếu kỳ cuồng khách hốt chí thử,",好奇狂客忽至此，
"Lâu đài diệc huyễn,",樓臺亦幻，
Hà tư vi tư?,何斯違斯？
Thuỳ vong phiếm chu?,誰忘泛舟？
"Thuỷ hà đạm đạm,",水何澹澹，
"Tổng giác thảo thư hựu thần tốc,",總角草書又神速，
Ai hồng độc khiếu cầu kỳ tào.,哀鴻獨叫求其曹。
Tiêu phòng a giám thanh nga lão.,椒房阿監青娥老。
"Vị Hồ bút chi vi chân hề, cố bất soán ư nhất tự.",謂狐筆之為真兮，故不竄於一字。
"Nhân sinh phú quý hà sở vọng,",人生富貴何所望，
Huynh viết: “Ta! Dư đệ hành dịch.,兄曰：「嗟！予弟行役，
Minh triêu hoạch địa phân hà san.,明朝畫地分河山。
Hồng tiêu hương đoạn hữu thuỳ liên.,紅消香斷有誰憐？
Tích ngã bách bằng.,錫我百朋。
Chu trung thái liên hồng ngẫu hương.,舟中採蓮紅藕香。
"Phất thuỷ đê hồi vũ tụ phiên,",拂水低徊舞袖翻，
"Tây san nhập dạ khởi ca thanh,",西山入夜起歌聲，
Cái kế cầu mưu.,丐計求謀。
"Đình chu thính chi thanh vị liễu,",停舟聽之聲未了，
"Phương trạch vô gia,",芳澤無加，
"Hữu thời tiếu ỷ tiểu lan can,",有時笑倚小欄桿，
Thuỳ vị tước vô lốc?,誰謂雀無角？
Ức quân thanh lệ như duyên thuỷ.,憶君清淚如鉛水。
"Ngoạn chi kham hứng tận,",玩之堪興盡，
"Hoàng vân thành biên ô dục thê,",黃雲城邊烏欲棲，
Quân bất kiến:,君不見:
"Tề Sở chi tinh anh, kỷ thế kỷ niên, thủ lược kỳ nhân, ỷ điệp như sơn.",齊楚之精英、幾世幾年、取掠其人、倚疊如山。
"Tước táo hoang thôn,",雀噪荒村，
"Nhân sinh khách cửu hề, ninh vong cố hương.",人生客久兮，寧忘故鄉。
Túng lai thử địa vô hoa khán.,縱來此地無花看。
Bất tích san hô trì dữ nhân.,不惜珊瑚持與人。
Thuỷ giác trung thu thị kim tịch.,始覺中秋是今夕。
Nhật xuất viễn sơn đông.,日出遠山東。
"Phụng hoàng sơ há tử nê chiếu,",鳳凰初下紫泥詔，
Tự dục thượng tố ư thương khung.,似欲上訴於蒼穹。
Hà đạo thủ chi?,何道取之？
"Bệnh nhãn không hoa,",病眼空花，
"Thập nguyệt tam thiên lý,",十月三千里，
"Thử thời tương vọng bất tương văn,",此時相望不相聞，
"Hoa Môn tiểu tiễn hảo,",花門小箭好，
"Tâm chi ưu hĩ,",心之憂矣，
Cao ủng mộc thạch đương thanh thu.,高擁木石當清秋。
"Sở khả tường dã,",所可詳也，
"Liên tiêu phong vũ ác,",連宵風雨惡，
"Thôi ngôi chi cán giao nguyên cổ,",崔嵬枝幹郊原古，
"Hỷ trúng thanh tiền tuyển,",喜中青錢選，
"Diễn dịch ân hưu,",衍奕慇庥，
"Vãng ký vương cữu,",往近王舅，
"Nam Việt thái hậu Hàm Đan nữ,",南越太后邯鄲女，
"Nhân chi hảo ngã,",人之好我，
"Đông khứ canh trù tận,",冬去更籌盡，
Phi trí nhi hà.,非智而何。
"Trúc lão Tề hoàn tố,",竹老齊紈素，
An đắc chí lão bất cánh quy.,安得至老不更歸。
Thương lẫm không hư.,倉廩空虛。
Ngã tâm thương bi hề!,我心傷悲兮，
Hà bạn khiên Ngưu Lang.,河畔牽牛郎。
Phù bệnh tương thức Trường Sa dịch.,扶病相識長沙驛。
"Trạng tự tẩu thú, hoặc tượng phi cầm.",狀似走獸，或象飛禽。
"Cầu ngã thứ sĩ,",求我庶士，
"Chư quân độc thư, nghi tế tâm phẫu tích, vật khả nhân vân diệc vân.",諸君讀書，宜細心剖析，勿可人云亦云。
"Hạ Vũ duy Chu,",下武維周，
Dĩ đầu tự hổ hổ bất thụ.,以頭飼虎虎不受。
"Văn như Siêu, Quát vô Tiền Hán;",文如超适無前暵；
Nhất bệnh kinh tuần thượng vị an.,一病經旬尙未安。
Đạm quang yên chử lãnh.,淡光煙渚冷。
Thê tử tương đối sầu song mi.,妻子相對愁雙眉。
Ân bất dụng cựu.,殷不用舊。
Trùng trùng dinh trại khởi Linh Thái.,重重營寨起靈蔡。
Nãi thị tiên triều Vạn Lịch tiền.,乃是先朝萬歷錢。
"Trác lĩnh như nhân lập,",卓嶺如人立，
"Vô điền phủ điền,",無田甫田，
"Do lai tỳ hổ sĩ,",由來貔虎士，
Hà nhân chiếm đắc Trường An xuân?,何人占得長安春？
"Độc hướng thiềm hạ miên,",獨向檐下眠，
Y hi Khương địch tuỳ phong chuyển.,依稀羌笛隨風囀。
"Tương Dương nữ nhi giá Kinh Châu,",襄陽女兒嫁荊州，
"Thượng chí quán trắc, địa cái để bình.",上至觀側，地蓋底平。
Bạc mệnh như bồng tín lưu chuyển.,薄命如蓬信流轉。
"Khuất chỉ lai xuân nhập Ngọc Môn,",屈指來春入玉門，
"Túc ung hoà minh,",肅雝和鳴，
"Mã Đằng, Hàn Toại thủ Tây Lương.",馬騰韓遂守西涼。
Y hồ vi thắc!,伊胡為慝！
Danh á Tề Hoàn.,名亞齊桓。
"Sầu tương thiết võng quyến san hô,",愁將鐵網罥珊瑚，
Tiêu hoạ chi hoạt diệp diệp động.,蕭畫枝活葉葉動。
"Bách niên chi kỳ,",百年之期，
Ngâm tác tân thi ký Chiết đông.,吟作新詩寄浙東。
Cung hoa tịch mịch hồng.,宮花寂寞紅。
"Tệ cẩu tại lương,",敝笱在梁，
"Phụ nữ tề tâm diệc kiện nhi,",婦女齊心亦健兒，
Tại địa nguyện vi liên lý chi.”,在地願為連理枝。
"Bạch vân ánh thuỷ dao không thành,",白雲映水搖空城，
"Giang tống Ba nam thuỷ,",江送巴南水，
"Ngọc đới lâm trung quải,",玉帶林中掛，
Đức âm bất dĩ.,德音不已。
Huyết ô du hồn quy bất đắc.,血污遊魂歸不得，
"Lăng hà khô chiết tuỳ phong đào,",菱荷枯折隨風濤，
Tử liêm thuỳ vụ thiên trầm trầm.,紫帘垂霧天沉沉。
Cánh xuất hồng trang hướng liễu đê.,更出紅妝向柳堤。
Tân khổ phong trần tổn ngọc ky.,辛苦風塵損玉肌。
"Ức ức uy nghi,",抑抑威儀，
"Đoạn tràng độc lập kỷ hoàng hôn,",斷腸獨立幾黃昏，
Vị giác thiên kim mãn cao giá.,未覺千金滿高價。
Khổng nghiễn khoan thạc hà túc vân.,孔硯寬碩何足云。
"Thân Bá chi đức,",申伯之德，
"Bất kiến tử sung,",不見子充，
"Tường hạ tiểu đào hồng mãn chi,",墻下小桃紅滿枝，
"Ai ngã nhân tư,",哀我人斯、
"Quân tử chi xa,",君子之車，
"Quân phù hầu ấn thủ khởi trì,",軍符侯印取豈遲，
"Ta ngã bế hộ điêu trùng, xỉ khẩu giảo văn tự.",嗟我閉戶雕虫侈口咬文字。
Tiên khởi Bình Ế khu tích lịch.,鞭起屏翳驅霹靂。
Tất hà chi phòng?,必河之魴？
"Đốc Công Lưu,",篤公劉，
Ngưỡng thị thế như vũ.,仰視勢如舞。
"Xuân đăng biến chiếu Bình Dương vũ,",春燈徧照平陽舞，
"Nguy lâu độc ỷ vô nhân hội,",危樓獨倚無人會，
"Phồn ca cấp điệu tương bách xúc,",繁歌急調相迫促，
Vị cảm dữ tăng kỳ.,未敢與僧期。
Nhĩ bất kiến:,爾不見：
Tiểu huyền liêm chiết lượng dĩ thanh.,小絃廉折亮以清。
Sảng huống điền hề;,倉兄填兮；
Giang Lĩnh tác lưu nhân.,江嶺作流人。
"Nghiệp nghiệp căng căng, vạn cơ nhất nhật.",業業兢兢，萬幾一日。
"Ta hành chi nhân,",嗟行之人，
Trung tâm quyên quyên.,中心悁悁。
Xuân vũ thu phong kỷ hồi chuyển.,春雨秋風幾回轉。
"Mấn phát thương lãng nha xỉ sơ,",鬢髮蒼浪牙齒疏，
Thiên hạ bán niên tâm.,天下半年心。
"Bất giao đạo bàng khích địa chính vô hạn,",不教道傍隙地正無限，
Hãn trích hoà hạ thổ.,汗滴禾下土。
"Âm sơn xạ hổ biên phong cấp,",陰山射虎邊風急，
"Thuân tuần nguyệt lẫm kế phiên kỳ,",逡巡月廩計番期，
Diệc khả uý dã.,亦可畏也。
"Tuy vô lão thành nhân,",雖無老成人，
"Hà như khoái ẩm tam vạn nhật,",何如快飲三萬日，
"Ngũ sắc huyễn dĩ tương diệu hề, lạn diệu diệu nhi thành quang.",五色炫以相曜兮，爛耀耀而成光。
"Kỳ trạng nga nga, hà khả cực ngôn.",其狀峨峨，何可極言。
"Đại Đê nữ nhi nhan như hoa,",大堤女兒顏如花，
Lâm tử do năng tam kích y.,臨死猶能三擊衣。
"Nhĩ bất thị chiếu,",爾不是照，
"Nguyện lang mạc tài lê tử thụ,",愿郎莫栽梨子樹，
"Thuỳ tương Hán nữ giá Hồ nhi,",誰將漢女嫁胡兒，
Hà nhật mạch thanh san?,何日驀青山？
Đãng tương xuất thành duyên nguyệt hồi.,蕩槳出城沿月回。
Giả tai hoàng khảo!,假哉皇考！
"Can hiệp thì vũ,",干協時舞，
"Cần chức vụ hề, giới bôn trì.",勤職務兮戒奔馳。
"Ngã sinh thừa hoá nhật dạ thệ,",我生乘化日夜逝，
Khả liên đào lý đoạn trường hoa.,可憐桃李斷腸花。
"Cố xâm châu lý tích,",故侵珠履跡，
Thái tiều thâm nhập vô cùng sơn.,採樵深入無窮山。
Thức truyền kỳ hành.,式遄其行。
"Niệu niệu cổ đê biên,",嫋嫋古堤邊，
"Tài ly hải kiêu mạch thượng thanh,",才离海嶠麥尚青，
"Thương Hiệt sinh văn tự khế thư, Bàn Cổ chi phong khả tự.",蒼頡生文字契書，盤古之風可緒。
Tuỳ ngã bộ Doanh Châu.,隨我步瀛洲。
"Tự quân chi xuất hĩ,",自君之出矣，
"Đăng đông cao dĩ thư khiếu, lâm thanh lưu nhi phú thi.",登東皋以舒嘯，臨清流而賦詩。
Tằng thị tại phục.,曾是在服。
Thanh giả vi thánh trọc vi hiền.,清者為聖濁為賢。
"Quý vô hoàn điệm,",媿無莞簟，
"Ô hô tam ca hề ca chuyển thương,",嗚呼三歌兮歌轉傷，
Hoặc phiền hoặc chích.,或燔或炙。
Kinh hành thượng vị hồi.,經行尚未回。
Tam bộ hồi đầu ngũ bộ toạ.,三步回頭五步坐。
Tả cổ thất thập nhị tử liên minh châu.,左股七十二子連明珠。
"Khả liên phu phụ chính đương niên,",可憐夫婦正當年，
Vô do kiến sở tư.,無由見所思。
"Niệm hào kiệt chi dĩ vãng,",念豪傑之已往，
Cánh đãi bả tửu thính đề hồ.,更待把酒听提壺。
Kỳ Dương chi cổ thập; Đại Vũ chi đỉnh cửu.,岐陽之鼓十；大禹之鼎九。
Cảo tố mạc mạc khai phong sa.,縞素漠漠開風沙。
"Tửu nhân giai ỷ xuân phát lục,",酒人皆倚春發綠，
"Lợi trường nhiệt hoả, không giáo nghĩ khổn thành hôi.",利腸熱火，空教蟻悃成灰。
"Ô hô hoàng vương,",於乎皇王，
"Đồng thời thuỷ hãm mai sa tí,",同時水陷埋沙漬，
Tảo lâm tang dã tương yêu nghinh.,棗林桑野相邀迎。
"Sát thì thuần mẫu,",殺時犉牡，
"Địa sấu vô hoàng độc,",地瘦無黄犢，
"Đãi nguyệt tây sương hạ,",待月西廂下，
Vị thủ Trữ La nữ.,為取苧蘿女。
Nhi thông chi ư Thai Tang?,而通之於台桑？
"Điền gia y thực vô hậu bạc,",田家衣食無厚薄，
Tử chi xương hề!,子之昌兮，
"Nhị chi nhật kỳ đồng,",二之日其同，
Thiển tắc khế.,淺則揭。
Sơn Đường tịch mịch tao binh khổ.,山塘寂寞遭兵苦。
"Y thuỳ cẩu tác nhãn tiền kế,",伊誰苟作眼前計，
Mại thán ông!,賣炭翁，
"Chỉ kim tứ thập dĩ như thử,",只今四十已如此，
"Đình thuyền tạm tá vấn,",停船暫借問，
"Cử công tiên đắc, hoạch xa dĩ thực.",舉功先得，獲車已實。
"Cựu hồn đinh ninh ngữ tân hồn,",舊魂丁寧語新魂，
"Thanh viên dạ bão nguyệt quang đề,",青猿夜抱月光啼，
Phúc dụng vi ngược.,覆用爲虐。
Củng lập nhiễu chỉ hồi nhu trường.,拱立繞指迴柔腸。
Bạc mộ kiến ngư giả.,薄暮見漁者。
"Bản nguyệt thập bát nhật Liễu Thăng vị ngã quân sở công, kế truỵ ư Chi Lăng chi dã;",本月十八日柳昇為我軍所攻，計墜於支稜之野；
"Côn Lôn đảo diện tích nhược kỷ, thiên dung hứa đa nhân, kỳ tuyệt kỳ, tạo thiết đương sơ, ninh vấn hữu kỳ dữ vô kỳ, ba trung dũng khởi cô phong, cao cao cao, lưu cá anh hùng vạn cổ trạch;",崑崙島面積若幾，偏容許多人，奇絕奇，造設當初，寧問有期與無期，波中湧起孤峰，高高高，留個英雄萬古宅；
"Kết cấu trì tây lang,",結構池西廊，
Uý ngã phụ mỹ.,畏我父母。
"Như bỉ tuyền lưu,",如彼泉流，
Hào đề lược dữ anh nhi đồng.,號啼略與嬰兒同。
Hu ta tuân hề!,于嗟洵兮，
"Ngã tâm đạn thử,",我心憚暑，
Cung cấp quần chúng.,供給群眾。
Lưu liên chí nhật tà.,留連至日斜。
Vô tỷ chính bại.,無俾正敗。
"Mộc trung nguyên hữu hoả,",木中元有火，
"Án Tử Bình Trọng,",晏子平仲，
Xả thỉ như phá.,舍矢如破。
"Hồ nhạn ai minh dạ dạ phi,",胡雁哀鳴夜夜飛，
Sơn tĩnh du ngư hưởng.,山靜游魚響。
"Thế gian tài kiệt cố bất phạp,",世間才杰固不乏，
"Nhĩ bốc nhĩ phệ,",爾卜爾筮，
Cô đĩnh cách khê chiêu.,孤艇隔鸂招。
"Trúc thành hà thái khổ,",築城何太苦，
"Tráng tai Thiên Hưng, vi Nam phương chi biểu cực hề.",壯哉天興，為南方之表極兮。
Tẩu quá xiết điện khuynh thành tri.,走過掣電傾城知。
Tuyệt đại giai nhân hạo như tuyết.,絕代佳人皎如雪。
"Do thắng tì bà sầu xuất tái,",猶勝琵琶愁出塞，
"Vu dĩ bế tiểu nhân chi tà tâm hề, vu dĩ cảnh hậu vương chi tứ chí.",于以閉小人之邪心兮，于以警後王之肆志。
Nhi tứ phong chi?,而賜封之？
Lập mã trường du tái ngoại khan.,立馬長榆塞外看。
Tiêu dao tự tại nhân.,逍遙自在人。
Nhược vi tân khổ độ tàn niên.,若爲辛苦度殘年。
"Đông phong trước ý hàn thực thì,",東風著意寒食時，
"Trai cung túc tẩm thiết trữ cung,",齋宮宿寢設儲供，
Thu khứ xuân lai phương thảo lục.,秋去春來芳草綠。
"Kim tịch hà tịch tuế vân tồ,",今夕何夕歲云徂，
Cửu thiên huyền nữ tương truyền biến.,九天玄女相傳遍。
"Cư nhân ngộ giả liêu tá vấn,",居人遇者聊借問，
Tẩy địch phiền nhiệt túc dĩ ninh quân khu.,洗滌煩熱足以寧君軀。
"Đài hoa như mễ tiểu,",苔花如米小，
Giang biên minh nguyệt lâu.,江邊明月樓。
"Hàn hầu xuất tổ,",韓侯出祖，
"Thuỷ thanh thạch xuất ngư khả sổ,",水清石出魚可數，
"Lục vân nhiễu nhiễu, sơ hiểu hoàn dã,",綠雲擾擾、梳曉鬟也、
"Thanh đoạn tục, tứ miên miên,",聲斷續，思綿綿，
Quân bất kiến:,君不見：
"Dương chi thuỷ,",揚之水，
"Tần binh ích vi Hàm Đan cấp,",秦兵益圍邯鄲急，
Huyễn tu giai thị huyễn.,幻修皆是幻。
"Tây nam vi di, đông bắc vi hiểm, tất tư thuận xử nãi an.",西南為夷，東北為險，必思順處乃安。
Thượng đãi nhật quang thôi.,尚待日光催。
"Hạnh dữ tùng quế hoa,",幸與叢桂花，
Khẩu bất đắc ngôn.,口不得言。
Luỵ chí tính chi hư minh; thất bản tâm chi động triệt.,累至性之虛明；失本心之洞徹。
"Cố hương thử dạ hàn châm lệ,",故鄉此夜寒砧淚，
"Đại thuyền tiểu thuyền tranh tỵ hành,",大船小船爭避行，
Uất hà luy luy!,鬱何壘壘！
Ngũ nhật hoạ nhất thạch.,五日畫一石。
Nhiễu hạm hoa tu xuyên điệp sí.,繞檻花鬚穿蝶翅。
"Sương điêu bích thụ đãi cẩm thụ,",霜凋碧樹待錦樹，
U nhân ưng vị miên.,幽人應未眠。
"Chiêu hậu thành du,",昭后成遊，
"Chúng nhân giai mính,",眾人皆酩，
"Phụ mẫu chi ngôn,",父母之言，
"Hữu lực như hổ,",有力如虎，
"Đế đống tại đông,",蝃蝀在東，
"Ư thước hiền thánh,",於鑠賢聖，
Đãn ái lô ngư mỹ.,但愛鱸魚美。
"Nghiệt thê bại tự,",孽妻敗嗣，
"Quảng tài sam tụ trường chế quần,",廣裁衫袖長制裙，
Cùng mâu không trục mộ vân ngưng.,窮眸空逐暮雲凝，
"Hoa dung a na,",華容婀娜，
"Quy lai minh nguyệt chính đương đầu,",歸來明月正當頭，
"Quang lộc trì đài khai cẩm tú,",光祿池臺開錦繡，
Thán tức vô ngôn khai bệnh mục.,嘆息無言揩病目。
"Tiếu thì hoa cận nhãn,",笑時花近眼，
Sơn hải vị năng quyên trích bổ,山海未能涓滴補，
Dĩ phạt Sùng dung.,以伐崇墉。
Phú quý vinh hoa đại bất như.,富貴榮華代不如。
"Hứa Do thôi nhượng,",許由推讓，
Cuồng oanh bất vi kiều hoa hộ.,狂鶯不為嬌花護。
Thập nhật mang sát du xuân xa.,十日忙殺遊春車。
"Quân tử hữu tửu,",君子有酒，
"Quân tử ngộ bần,",君子遇貧，
Tự tri tự phận liêu dĩ tự minh.,自知自分聊以自銘。
"Ngã cô chước bỉ tự quang,",我姑酌彼兕觥、
"Trắc kỳ cao sơn,",陟其高山，
Hà dĩ báo chi anh quỳnh dao.,何以報之英瓊瑤。
"Hữu đệ chi đỗ,",有杕之杜，
Cô kiếm sàng đầu khanh hữu thanh.,孤劍床頭鏗有聲。
Thiên ly dạ thiết cửu quan thược.,天貍夜竊九關鑰。
"Thức khán nhất phiến nhàn vân, tiên tích bất mẫn.",識看一片閒雲，仙跡不泯。
Nguyện thấp Tương Vương y.,愿濕襄王衣。
Nguyện trục nguyệt hoa lưu chiếu quân.,願逐月華流照君。
Thang hà cức yên?,湯何殛焉？
Điểu tự vô ngôn hoa tự tu.,鳥自無言花自羞。
"Cửu châu đạo lộ vô sài hổ,",九州道路無豺虎，
"Đế vị phi khuất phỉ phi xuất chinh quần nghị định hĩ,",帝謂非屈匪非出征群議定矣，
Trung tiêu tịch mịch tâm thê nhiên.,中宵寂寞心淒然。
"Dạ thâm bất hiềm thanh lộ trọng,",夜深不嫌清露重，
Thanh tràng dị vị tình lũ cực.,清觴異味情屢極。
"Giá ngỗn xuất du,",駕言出遊，
"Thiếp thân lưỡng khổng tự liên hoàn,",妾身兩孔似連環，
Sàm ngôn tam cập từ mẫu kinh.,讒言三及慈母惊。
"Càn khôn đáo xứ tức vi gia,",乾坤到處即為家，
“Kim lũ” nhất thanh bôi bách phạt.,金縷一聲杯百罰。
"Kinh duyệt kỷ thế nhân,",經閱幾世人，
Thị dụng hiếu tưởng.,是用孝享。
"Tải trì tải khu,",載馳載驅，
"Khả liên tư phụ lâu đầu liễu,",可憐思婦樓頭柳，
Thực lao ngã tâm.,實勞我心。
"Nhất uyển đề hồ thủ lãn trì,",一碗醍醐手懶持，
"Bắc phong sưu sưu đống vân hắc,",北風颼颼凍雲黑，
"Sơn tuyết, hà băng dã tiêu sắt,",山雪河冰野蕭瑟，
Bất từ kỳ phiến.,不思其反。
Hương phong vạn lý.,香風萬里。
Thanh thuý dạng liên y.,青翠漾漣漪。
Quách tướng mưu thâm cổ lai thiểu.,郭相謀深古來少。
Lục bồ hướng kham bả.,綠蒲向堪把。
"Ngô vi tử khởi ca đô hộ,",吾為子起歌都護，
"Kim lai sổ hàng lệ,",今來數行淚，
Lục nguyệt sa kê chấn vũ.,六月莎雞振羽。
"U u lộc minh,",呦呦鹿鳴，
"Kim ốc trang thành kiều thị dạ,",金屋妝成嬌侍夜，
"Vương viết: Triêu Vân thuỷ xuất, trạng nhược hà dã?",王曰：朝雲始出，狀若何也？
"Nhất phiến tân trang kinh nguyệt sắc,",一片新糚驚月色，
"Đồ cùng phản tao tục nhãn bạch,",塗窮反遭俗眼白，
"Bất kiến Nghiệp trung Nguỵ Vũ Đế,",不見鄴中魏武帝，
"Công khứ quan đới bất phục tập,",公去冠帶不復集，
Thâm viện trú dung khai.,深院晝慵開。
Hạo nhiên quy chí.,浩然歸志。
Cải chế dịch luật.,改制易律。
"Sương phong quyển địa khí hoành thu,",霜風捲地氣橫秋，
"Hà như thái âm chi hằng trinh hề, hối tái sinh nhi huyền tái tử,",何如太陰之恆貞兮晦載生而弦載死，
"Bổng bổng thê thê,",菶菶萋萋，
"Dư vĩ tiêu tiêu,",予尾翛翛、
Dương liễu áp kiều hoa toản toản.,楊柳壓橋花纂纂。
"Thử nhật khả liên quân tự hứa,",此日可憐君自許，
Bất như đương nhật hưu tương thức.,不如當日休相識。
"Bằng hữu chỉ tín,",朋友止信，
"Hiểu vân thiên tế đoạn,",曉雲天際斷，
Thiên thu vạn tuế Nam sơn thọ.,千秋萬歲南山壽。
Mạo thuỷ hữu thần chỉ do thấp.,貌水有神紙猶濕。
"Hình vu quả thê,",刑于寡妻，
"Ác đảng hoài gian, cánh dĩ mại ngã quốc.",惡黨懷奸，竟以賣我國。
Cơ trường hoắc hoắc minh sổ lý.,飢腸霍霍鳴數里。
Quyết đại hà như?,厥大何如？
Phiên sứ tinh trì phụng thiên chỉ.,藩使星馳奉天旨。
Lý ngã phiết hề.,履我發兮。
"Ngã tâm nghi hề, ngô bất vi,",我心疑兮吾不為，
Thế nhân na đắc tri kỳ cố!,世人那得知其故？
"Văn đạo Ngọc Môn do bị già,",聞道玉門猶被遮，
Hành nhân bao bao.,行人儦儦。
"Mỹ nhân tặng ngã cẩm tú đoạn,",美人贈我錦繡段，
Bình lỗ vong thân công đại như sơn thiên tải sự,平虜忘身功大如山千載事
Ố nhân thắng kỷ.,惡人勝己。
"Bạch ba chung nhật tẩu xà long,",白波終日走蛇龍，
Đương nại công hà!,當奈公何！
Thái minh châu tắc xúc giao long nhi căng yêu thộn hải.,採明珠則觸蛟龍而緪腰汆海。
"Mộng hướng Phù Sai uyển lý du,",夢向夫差苑裡遊，
"Công nghĩa dĩ phi cảm vọng, tư tình phu phục hà ngôn.",公義已非敢望，私情夫復何言。
Tào nhiên uyển tự loan phượng minh.,嘈然宛似鸞鳳鳴。
"Nhân nhi vô lễ,",人而無禮，
"Mạc tiền sinh trí cửu thanh huỷ,",幕前生致九青兕，
"Tú khâm bất noãn cẩm uyên mộng,",繡衾不暖錦鴛夢，
"Ô mục thanh miếu,",於穆清廟，
"Duy bỉ nhẫn tâm,",維彼忍心，
Bạch đầu do tác quật cường nam.,白頭猶作倔強男。
Hạ dân chi vương.,下民之王。
Diệc khả uý dã.,亦可畏也。
Diệc năng hoạ mã cùng thù tướng.,亦能畫馬窮殊相。
"Trung triều đại quan lão ư sự,",中朝大官老於事，
Bệnh như Tây Tử thắng tam phân.,病如西子勝三分。
"Đại Đê nhị tam nguyệt,",大堤二三月，
"Đại diên cấp quản khúc phục chung,",玳筵急管曲復終，
Khang thường tích chỉ.,康常錫祉。
"Thảm uất uất kỳ vu uế hề,",慘鬱鬱其蕪穢兮，
Kinh cổ khiêu ngư bát lạt hồng.,驚鼓跳魚撥剌紅。
Hiến hoa hà nhật hứa môn đồ.,獻花何日許門徒。
"Thu phong tích tích xuy Vu san,",秋風淅淅吹巫山，
Dạ xuyên song phi xuất quang mang.,夜穿窗扉出光芒。
"Mộ nghĩa danh không tại,",慕義名空在，
Bất đãi hiểu kê minh.,不待曉雞鳴。
Diệc dĩ yên nhi.,亦已焉而。
"Ký khiên nhĩ chỉ,",既愆爾止，
"Minh chiêu hữu Chu,",明昭有周，
"Tứ diện vi nhân xuyên nhất khích,",四面圍人穿一隙，
Bất hữu vũ kiêm phong.,不有雨兼風。
Kim nhân tự lai vãng.,今人自來往。
Văn Vương chưng tai!,文王烝哉！
"Nam vọng quan san vị đắc quy,",南望關山未得歸，
"Triêu tăng oanh bách chuyển,",朝憎鶯百囀，
Mục mã bất cảm xâm Lâm Thao.,牧馬不敢侵臨洮。
Đồng toạ bất đồng xan.,同坐不同餐。
"Cơ triệt đông thiên, bá diễm hồng thiên. Văn, Võ chi lễ nhạc vị truỵ; Chu công chi miêu duệ do truyền. Vĩ Diên Lăng chi nhã thức, nhân vãng sứ nhi thỉnh quan. Hoảng dương dương nhi doanh nhĩ, tiếu tục điệu hề nan phan.",姬轍東遷，伯焰紅天。文武之禮樂未墜，周公之苗裔猶傳。偉延陵之雅識，因往使而請觀。恍洋洋而盈耳，笑俗調兮難攀。
Man Kinh lai uy.,蠻荆來威。
Bất thị minh ai nhi nữ khí.,不是鳴哀兒女氣。
"Không Đồng, Ngũ nguyên diệc vô sự,",崆峒五原亦無事，
Bách phạt thâm bôi diệc bất từ.,百罰深杯亦不辭。
"Sinh hài lục nguyệt mẫu từ thế,",生孩六月母辭世，
"Nghiệp Thành phản phúc bất túc quái,",鄴城反復不足怪，
"Dương hoa phi tận lục âm hợp,",楊花飛盡綠陰合，
Hầu cường hầu dĩ.,侯彊侯以。
Viễn tập tây khương.,遠集西羌。
Phong nguyệt tự tương tầm.,風月自相尋。
"Mâu tử quýnh kỳ tinh lãng hề, liễu đa mỹ nhi khả quan.",眸子炯其精朗兮，瞭多美而可觀。
Khả Lưu chi độ giang trầm sư.,可留之渡江沉師。
"Nam phương chi nguyên,",南方之原。
"Đãm bỉ lưỡng mao,",髡彼兩髦，
"Vi quân chi cung,",微君之躬，
"Cẩu thủ dĩ khẩu,",狗守以口，
"Dạ thâm kỳ thụ toái linh lung,",夜深琪樹碎玲瓏，
Tiêu tiêu thanh thả ai.,蕭蕭淸且哀。
"Quân bất kiến triêu lai cát tố kết,",君不見朝來割素髻。
Hiến kiên vu công.,獻豜于公。
Bách xích thanh đàm tả thuý nga.,百尺清潭寫翠娥。
"Lưu hầu phụng sứ quang thôi trạch,",劉侯奉使光推擇，
Chuyển ích sầu hướng nô đài bối.,轉益愁向駑駘輩。
"Tân học trung lãnh tụ, hốt thất thử nhân, lạc lạc tiền đồ, cử quốc thiếu niên tề nhất đỗng;",新學中領袖，忽失此人，落落前途，舉國少年齊一慟；
Lưu Biểu quân lữ truân Kinh Tương.,劉表軍旅屯荊襄。
Nghiêm khí tiêu băng tỉnh.,嚴氣消冰井。
"Chỉ vu sở,",止于楚。
Thanh y đường hạ tư thuỳ mân.,清漪堂下思垂緡。
"Trần mạt hữu tiền năng tán cấp,",陳末有錢能散给，
Thập tam thập tứ học ngân tranh.,十三十四學銀箏。
"Triều tham dư hạ vô cơ nhũng,",朝參餘暇無機冗，
"Phỉ cứu phỉ cức,",匪疚匪棘，
Tư phi Kim Âu sơn trang chi thụ thượng nhi hoá tác diệp mã nhi giả hồ!,茲非金甌山莊之樹上而化作葉馬兒者乎。
Yêu ngã hồ Thượng Cương.,要我乎上宮，
"Chiêu minh hữu dung,",昭明有融，
"Sơ khan lạc nhật trầm ba hồng,",初看落日沉波紅，
Tuỵ phù tiễn cốc.,萃扶戩穀。
Khô cốt doanh khâu.,枯骨盈丘。
"Thiên thượng hốt thừa bạch vân khứ,",天上忽乘白雲去，
"Thu sơn nhãn lãnh hồn vị quy,",秋山眼冷魂未歸，
Hựu phi quan túc vô lực.,又非關足無力。
Thuỳ truyền đạo chi?,誰傳道之？
"Uy danh khởi đãn truyền Nguyên sử,",威名豈但傳元史，
Vô sự vô tư diệc vô lự.,無事無思亦無慮。
"Quái nùng để sự bội thương thần,",怪儂底事倍傷神？
"Đệ trạch đình đài bất tương khứ,",第宅亭台不將去，
Tặc thần ác tử hưu cán kỷ.,賊臣惡子休幹紀。
"Ngâm thành tửu hạc, yên ngưng sơn mộ.",吟成酒涸，煙凝山暮。
Uý hướng ngọc giai sinh.,畏向玉階生。
"Bỉ trạch chi ba,",彼澤之陂，
"Tang âm tàm chính miên,",桑喑蠶正眠，
"Sơn lộ y tà thạch đặng nguy,",山路欹斜石磴危，
Viên đề tam thanh lệ trích y.,猿啼三聲淚滴衣。
"Dục khứ cánh hồi thủ,",欲去更回首，
Sở địa do lai tiện kỳ phác.,楚地猶來賤奇璞。
"Thiên quang bán bích chiếu không cốc,",天光半壁照空谷，
Văn đạo như kim do tị phong.,聞道如今猶避風。
Kim bảng đề danh thì.,金榜題名時。
Đại quan tư ta cố huyện lệnh.,大官咨嗟顧縣令。
"Bát trận đồ thành khấp quỷ thần,",八陣圖成泣鬼神，
"Vô tỷ thành hoại,",無俾城壞，
Nhị thập bát nhật Thượng thư Lý Khánh kế cùng nhi vẫn thủ.,二十八日尚書李慶計窮而刎首。
Uyển khâu chi hộ.,宛丘之下。
"Giản dư huyền phục, kiến vân bái, nghê vi tinh, thuý vi cái.",簡輿玄服，建雲旆，蜺為旌，翠為蓋。
Thích bỉ lạc giao.,適彼樂郊。
"Nam Cung ngọc đường xuân trú tình,",南宮玉堂春晝晴，
"Thái thái quyển nhĩ,",采采卷耳、
"Hồ sồ cẩm băng chi du, biến quan cấm nội.",胡雛錦繃之遊，遍觀禁內。
"Như xuyên chi phương chí,",如川之方至，
Chiếu ảnh vũ kim sa.,照影舞金沙。
"Danh nhân tuyển tiểu thuyết,",名人選小說，
"Ngã ca khởi đản hề, thiên khiển cáo nhữ,",我歌豈誕兮，天譴告汝，
Tự tố sinh bình bất đắc chí.,似訴生平不得志。
"Ngã tuy dị sự,",我雖異事，
Lộ bàng nhất nhật kỷ nhân biệt.,路傍一日幾人別。
"Quản hàm lan khí kiều ngữ bi,",管含蘭氣嬌語悲，
Tại gia kiến nguyệt như đẳng nhàn.,在家見月如等閒。
Hối nhĩ tự tước.,誨爾序爵。
Kim nhật thiên nhai sầu phục sầu.,今日天涯愁復愁。
Đài ốc tam gian nhật ảnh hàm.,苔屋三間日影含。
Ta ta tạo vật hề dĩ ngã vi sinh?,嗟嗟造物奚以我為生？
Khuyến lang mạc khí biệt thời y.,勸郎莫棄別時衣。
"Hứa nhân vưu chi,",許人尤之，
"Bất thị thần tiên vô đối ngẫu,",不是神仙無對偶，
Tuân trực thả hầu.,洵直且侯。
Chung nhật mao thiềm sầu đống tử.,終日茅檐愁凍死。
"Hà linh linh nhi dị dị, phục quái quái nhi kỳ kỳ.",何靈靈而異異，復怪怪而奇奇。
"Lam chướng cửu ư biên Kinh để trùng phùng sơ tái nẫm,",嵐瘴久於邊京邸重逢初再稔，
"Quy khứ lai, đầu dĩ bạch,",歸去來，頭已白，
"Mỹ nhân điêu mạo ngọc thông mã,",美人貂帽玉驄馬，
"Đô môn tuế thủ trần bách kỹ,",都門歲首陳百技，
Dữ quân tương kỳ tại tam ngũ.,與君相期在三五。
"Dã áp song song một,",野鴨雙雙沒，
"Đỉnh hồ mạc đãi, long nhiêm cầu tích băng thiên song quán lệ.",鼎湖莫逮，龍髯球滴冰天雙串淚。
Khiêu hề thuyết hề.,挑兮達兮，
Nê hoạt bất cảm kỵ triều thiên.,泥滑不敢騎朝天。
Hung Nô vận số tận khô dương.,匈奴運數盡枯楊。
Uổng cá bình sinh độc thư sử.,枉箇平生讀書史。
Thâm toạ tần nga my.,深坐顰蛾眉。
Cung tương tứ bích thu.,蛩螿四壁秋。
Nhân điểu tuy thù đồng thị khách.,人鳥雖殊同是客。
Thuỳ tương cố quốc vấn thanh thiên.,誰將故國問青天？
Song phi cẩm dực tề.,雙飛錦翼齊。
"Chung tiển huynh đệ,",終鮮兄弟，
"Tề chi cao sĩ,",齊之高士，
"Thiên hạ tao mông muội,",天下遭蒙昧，
"Ly loan biệt phượng yên Ngô trung,",離鸞別鳳煙梧中，
"Tốt Động chi thi tích dã, di xú thiên niên.",窣洞之屍積野，遺臭千年。
Anh tư táp sảng do hàm chiến.,英姿颯爽猶酣戰。
"Viên thuỷ viên mưu miễn Đản Phụ,",爰始爰謀緬亶父，
Ứng tương tính mệnh trục Khinh xa.,應將性命逐輕車。
Thúc mạch bái bái hề đôi lũng; tang ma truỵ truỵ hề thành hàng.,菽麥旆旆兮堆壟，桑麻隧隧兮成行。
"Cửu ức đồng tiền thưởng,",久憶同前賞，
"Vĩnh thế khắc hiếu,",永世克孝，
"Đệ tử Hàn Cán tảo nhập thất,",弟子韓幹早入室，
Bách bích kỳ hình chi.,百辟其刑之。
"Khúc giang tiêu điều thu khí cao,",曲江蕭條秋氣高，
Vạn lý Giao Hà thuỷ bắc lưu,萬里交河水北流，
Thiếp niên thập lục sơ thị quân.,妾年十六初侍君。
"Nhật nhật sơn, nhật nhật sơn,",日日山日日山，
Vân hà thị ưng trú?,云何是應住？
"Phong tiền nguyệt hạ uổng thương bi,",風前月下枉傷悲，
Điêu điêu đát đát.,忉忉怛怛。
Đường thuỷ liêu liêu trùng trách trách.,塘水漻漻蟲嘖嘖。
Sa Đổng chu nhan tận hoàng thổ.,沙董朱顏盡黃土。
Giang chi dượng hĩ!,江之永矣、
Ngô cơ áp tửu hoán khách thường.,吳姬壓酒喚客嘗。
"Duy bỉ ngu nhân,",維彼愚人，
"Ôn thứ ngộ vật,",溫恕遇物，
Hành tử tại vạn lý.,行子在萬里。
"Ngũ Nguyên thu thảo lục,",五原秋草綠，
Canh điền thực lực ngô an chi.,耕田食力吾安之。
Há qua dữ đuất.,何戈與祋。
"Đãn nguyện tứ hải vô trần sa,",但愿四海無塵沙，
"Trung cấu chi ngôn,",中冓之言，
"Vĩnh át tại Vũ sơn,",永遏在羽山，
"Tuy tốc ngã ngục,",雖速我獄，
"Tuyên Tử cụ nhi vong tẩu hề, Tấn quốc loạn dĩ phân phân.",宣子懼而亡走兮，晉國亂以紛紛。
"Mục tống quy hồng,",目送歸鴻，
Phản thương kỳ thân.,反傷其身。
Nhất bả tân toan lệ!,一把辛酸淚！
"Phỉ báo dã,",匪報也，
Quan sơn hợp hữu thi.,關山合有詩。
Bách linh nhân sự đáng tam hưu.,百齡人事當三休。
Tại Hà chi thần.,在河之漘。
"Hồi đầu tư cố hương,",回頭思故鄉，
"Phu thị chi vị,",伕是之謂，
"Bạch y thương cẩu khoảnh khắc dị,",白衣蒼狗頃刻異，
Trầm ngâm tái lý Nam Phong huyền.,沉吟再理南風弦。
Ngoạ Long nhất kiến phân hoàn vũ.,臥龍一見分寰宇。
Cập nhĩ đồng tử.,及爾同死。
Bộ lĩnh tân khổ giang sơn trường.,部領辛苦江山長。
Vật tiễn vật bế.,勿翦勿拜，
"Sanh chu Côn Minh độ vân cẩm,",撐舟昆明渡雲錦，
"Lam khê chi thuỷ yếm sinh nhân,",藍溪之水厭生人，
"Lâm lưu tam thán tâm dục toan,",臨流三歎心欲酸，
"Trị thử Lê thị thỉ cương, bỉ Tây cừ cấu nạn.",値此黎氏弛綱，彼西渠搆難。
"Ngã kỳ túc dạ,",我其夙夜，
Tế vũ sắc như yên.,細雨色如煙。
Thao thao tài lược thương minh trách.,滔滔才略滄溟窄。
Vô đấu khẩu thiệt.,無鬥口舌。
"Cửu nguyệt túc sương,",九月肅霜，
Sở quốc tại thiên nhai.,楚國在天涯。
Do hàm hoài trung nhũ.,猶銜懷中乳。
Thị hoạch thị mẫu.,是穫是畝。
Nhãn hữu tử diễm song đồng phương.,眼有紫焰雙瞳方。
"Lô trùng hoàn,",盧重環，
Kiếm hồ! Kiếm hồ! Bất tường chi khí!,劍乎！劍乎！不祥之器！
"Phiêu phiêu vân bộ đãng khinh bội,",飄飄雲步蕩輕佩，
Gia gia thành hạ chiêu hồn táng.,家家城下招魂葬。
"Thương nhân tình hề, thái thâm u,",傷人情兮太深幽，
"Kỳ đái y ty,",其帶伊絲，
"Cán bất đình phương,",幹不庭方，
"Lai như lôi đình thu chấn nộ,",來如雷霆收震怒，
Phụ hậu phu tiên các nỗ lực.,婦后夫先各努力。
Ác phong bạch lãng hà ta cập.,惡風白浪何嗟及。
"Nễ Hành thực khủng tao giang hạ,",禰衡實恐遭江夏，
Tuyền cước quải thằng thanh diểu diểu.,泉腳掛繩青裊裊。
"Chân chân quân tử,",振振君子，
Tự Thiệu tổ mệnh.,自召祖命。
Đông tây nam bắc vô sở y.,東西南北無所依。
Giang sơn thử dạ hàn.,江山此夜寒。
Thiển thuý hoa nhân điệp mộng triền.,淺翠花裀蝶夢纏。
"Chung nhật thạch hầu,",終日射侯，
Giáo tử anh hài.,教子嬰孩。
"Vương thư bảo tác,",王舒保作，
"Tiểu lang tảo một cánh vô nhân,",小郎早沒更無人，
Hà cảm liêu liêu đàm cổ nhân.,何敢寥廖談古人。
Câu ưng điều cách.,鉤膺鞗革。
Ná kham phong vũ trợ thê lương.,哪堪風雨助淒涼！
"Bài trùng môn nhi khải độc hề, thư đại ác nhi bất huý.",排重門而啟牘兮，書大惡而不諱。
"Bách hoa tửu mãn bất kiến quân,",百花酒滿不見君，
Tuỳ nhân trực độ Tây giang thuỷ.,隨人直渡西江水。
"Dư dĩ toàn quân vi thượng, nhi dục dân chi đắc tức.",予以全軍為上，而欲民之得息。
Tưởng phục độ dao sầm.,想復度遥岑。
"Trường ca kích việt tiêu lâm mãng,",長歌激越梢林莽，
"Thi đường chủ nhân thục đắc kỳ,",詩堂主人孰得奇，
"Ký phá ngã phủ,",既破我斧、
"Quan chúng thụ chi ống ái hề,",觀眾樹之蓊薆兮，
"Quân bất kiến Đông Ngô Cố văn học,",君不見東吳顧文學，
"Mỹ nhân mệnh bạc tranh nại hà,",美人命薄爭奈何，
"Duyệt cổ kim chi trần tích,",閱古今之陳跡，
"Cổ ân ân,",鼓咽咽，
Dạ như hà kỳ sơ xúc tất.,夜如何其初促膝。
"Cao Dương tửu đồ bán điêu lạc,",高陽酒徒半凋落，
Miễn cưỡng phù cùng thả nhất trắc.,勉強扶筇且一陟。
Tư quân nhất nhật thập đa thời.,思君一日十多時。
"Vu dĩ dụng chi,",于以用之、
Tịch thượng thường thính Thi Thư thanh.,席上常聽詩書聲。
"Bản cố chi trường,",本固枝長，
Phần chi pháo chi.,燔之炮之。
"Nhân nghĩa chi cử, yếu tại an dân,",仁義之舉，要在安民，
"Chiêm thuý hoa hề dao dao, nghiễm lục long chi lệ chỉ.",瞻翠華兮搖搖，儼六龍之淚止。
Phân minh phẫu phách.,分明剖劈。
"Lão khứ hoa tàn xuân nhật mộ,",老去花殘春日暮，
"Tri tử chi thuận chi,",知子之順之，
Nguyệt hành khước dữ nhân tương tuỳ.,月行卻與人相隨。
"Thiên hàn lộ viễn sầu bộc phu,",天寒路遠愁僕夫，
Khôn kiềm chi nhân hà dĩ lưu.,髡鉗之人何以留。
Đề quyết cách hoa thời nhất thanh.,鶗鴂隔花時一聲。
Thanh giá hốt nhiên lai hướng đông.,聲價欻然來向東。
Ưng bỉ tích nhân hệ chu xứ.,應比昔人系舟處。
"Lộ viễn mạc trí y trì trù,",路遠莫致倚踟躊，
Cập chí thành tiên toại bất hoàn.,及至成仙遂不還。
Thính bất dĩ nhĩ nhi dĩ tâm.,听不以耳而以心。
Hung trung liễu liễu khâu hác câu.,胸中了了丘壑俱。
"Biệt hậu lãnh sơn nguyệt,",別後冷山月，
Chiến trường bạch cốt triền thảo căn.,戰場白骨纏草根。
Tẩy ngư ma đao ngư nhãn hồng.,洗魚磨刀魚眼紅。
"Liêu thừa hoá dĩ quy tận, lạc phù thiên mệnh phục hề nghi?",聊乘化以歸盡，樂夫天命復奚疑!
"Ty vi Vũ Xương liễu,",絲為武昌柳，
Thiên lý quan sơn viễn tương cách.,千里關山遠相隔。
"Thế nhân văn thử giai điệu đầu,",世人聞此皆掉頭，
"Hạn niên hoặc bá sái,",旱年或播洒，
"Tảo thu kinh lạc diệp,",早秋驚落葉，
"Dao vọng đông nam, kiến kỷ xứ y sơn chi tạ;",遙望東南，建幾處依山之榭；
Loạn bang bất cư.,亂邦不居。
"Sơn sắc bất tuỳ Câu Tiễn khứ,",山色不隨勾踐去，
"Lập quân mục dân,",立君牧民，
"Chỉ khả tự di duyệt,",只可自怡悅，
"Ba đào tẫn trục đông lưu túc,",波濤儘逐東流宿，
Vạn tương sinh hào đoan.,萬象生毫端。
Sầu sát lộ bàng nhi.,愁殺路傍兒。
"Sầu tâm thị xuân thảo,",愁心視春草，
"Du du duyệt thế đãi Tuỳ, Đường,",悠悠閱世逮隋唐，
"Bạch dương thượng tác tha nhân thụ,",白楊尚作他人樹，
"Hữu khách khán huyên thảo,",有客看萱草，
"Hồ cơ học đắc Hán cung mi,",胡姬學得漢宮眉，
Tây khuynh nhật dục tà.,西傾日欲斜。
Bồ Tát thuyết pháp ngã thực thuyết.,菩薩說法我實說。
"Sinh bình ngô chí như hoạch thân,",生平吾志如獲伸，
Thị ngã chu hàng.,示我周行。
"Quế tôn nghinh đế tử,",桂尊迎帝子，
Sơn đình quá vãn hà.,山亭過晚霞。
Bao hoang nạp ô lâm nguyên nguyên.,包荒納汙臨元元。
Vũ Vương chưng tai!,武王烝哉！
"Tương ức canh thâm mộng diệc dung,",相憶更深夢亦慵，
"Tri chỉ an dương sổ bách lý,",知止安洋数百里，
"Mã Ngôi pha hạ nê thổ trung,",馬嵬坡下泥土中，
"Đắc chi nhất thốn quang,",得之一寸光，
Dư diệc thừa chu quy Lộc Môn.,余亦乘舟歸鹿門。
Tranh cao há thế đài.,爭高下砌臺。
Tứ mẫu quỳ quỳ.,四牡騤騤。
"Đề oanh lục thụ thâm,",啼鶯綠樹深，
"Du du bỉ thiên, hạt kỳ hữu cực.",悠悠彼天，曷其有極。
"Cẩu vô oán hề quả oán,",苟無怨兮寡怨，
"Bình bạc nộ dĩ tự trì hề, tằng bất khả hồ phạm can.",頩薄怒以自持兮，曾不可乎犯干。
Thử hà nhân tai?,此何人哉！
"Công thoái trai giới toạ tiểu các,",公退齋戒坐小閣，
Ông ngôn: “Ngã hà nộ nhĩ vi?,翁言我何怒尒為？
Tư Mã hựu tương thiên hạ giao.,司馬又將天下交。
Viễn mạc trí chi.,遠莫致之。
Nam nữ thủ lễ.,男女守禮。
"Tuyết ý các vân, vân bất lưu,",雪意閣雲雲不流，
Hiến cao tế kiểu.,獻羔祭韭。
Ưu quân ái quốc thành nhi hý.,憂君愛國成兒戲。
Vô nại cung trung đố sát nhân.,無奈宮中妒殺人。
Hàm yến quân trung dạ liên nhật.,酣宴軍中夜連日。
Phỉ môi bất đắc.,匪媒不得。
Phúc lộc lai vi.,福祿来爲。
"Đông sơn cao đỉnh la trân tu,",東山高頂羅珍羞，
"Như nguyệt chi hằng,",如月之恒，
"Dương đài ngọc yết hành vân hạnh,",陽臺玉歇行雲杏，
"Vi tửu vi lễ,",為酒為醴，
"Chuyển phán lưu tinh,",轉盼流精，
"Thế thôn nguyệt quật xâm Thái Bạch,",勢吞月窟侵太白，
"Nguyệt minh tinh hy,",月明星稀，
"Giáp lý thuỳ tri hữu nhân sự,",峽裡誰知有人事，
Hí kỳ tiếu hĩ.,咥其笑矣。
"Nhân chi vi thiện sự,",人之為善事，
"Thích tử chi quán hề,",適子之館兮，
Giang thuỷ đoạn bất lưu.,江水斷不流。
Hữu thời cách hoa văn tiếu ngữ.,有時隔花聞笑語。
"Hoan tiếp hiệp dĩ ly biệt hề,",驩接狎以離別兮，
Tích thời tân niên ca mãn thành.,昔時新年歌滿城。
"Thính ngôn tắc đối,",聽言則對，
"Cửu thiên cao vũ nhuận tuỳ xa,",九天膏雨潤隨車，
"Tu du lực tận đạo khát tử,",須臾力盡道渴死，
"“Cửu biện”, “Cửu ca”.",《九辯》《九歌》。
Hà như tử nhi vị giang sơn chi quỳnh chi ngọc anh.,何如死而為江山之瓊枝玉英。
Nãi bái thủ kê thủ nhi hiến ca viết:,乃拜首稽首而獻歌曰：
Hải khách vô tâm tuỳ bạch âu.,海客無心隨白鷗。
"Thiên vạn lý ba đào vô dạng, hốt nhiên ký ngạn tá hư chu;",千萬里波濤無恙，忽然旣岸卸虛舟；
"Trường dạ bạch đầu ngâm,",長夜白頭吟，
Bạng thuỷ nhân gia khởi lâu các.,傍水人家起樓閣。
Lộc lô sách đoạn vô tiêu tức.,轆轤索斷無消息。
"Giang thụ tình cánh nùng,",江樹晴更濃，
Liêu liêu không thất.,寥寥空室。
Lai lộ hựu trùng trùng.,來路又重重。
"Tử sinh thuỳ phục cố cốt nhục,",死生誰復顧骨肉，
Đối diện tức phi hoa.,對面即飛花。
"Gia trung hữu chế,",家中有制，
"Tuy hận độc hành đông tận nhật,",雖恨獨行冬盡日，
"Lỗ đạo hữu đãng,",魯道有蕩，
Lạc nhật vô nhân tảo.,落日無人掃。
Vô nhân dã tác hoa.,無人也作花。
Khúc Giang thuý mạc bài ngân bảng.,曲江翠幕排銀榜。
"Tỉ nhĩ di nhĩ tính,",俾爾彌爾性，
Thuỳ năng phục tín ngã.,誰能復信我。
"Đôi sơn trừu xuất nhất chi long,",堆山抽出一支龍，
"Tam Giang triều thuỷ cấp,",三江潮水急，
Thương thương thu vũ hối.,蒼蒼秋雨晦。
Duy cưu cư chi.,維鳩居之。
Khổ tâm chung nhật quyển.,苦心終日卷。
"Mãi hoa chu môn kỷ hồi cải,",買花朱門幾回改，
"Tử Kinh quan đầu trú xuy giốc,",紫荊關頭晝吹角，
"Nhất sinh trường khách biên tái gian,",一生長客邊塞間，
"Tích linh tại nguyên,",脊令在原，
Dung quang chiếu tự minh,容光照自明。
Thạc đại vô bằng.,碩大無朋。
"Loạn hậu cố nhân song biệt lệ,",亂後故人雙別淚，
Tiên khiển tiểu cô thường.,先遣小姑嘗。
"Vũ sư thế khấp Bằng di nộ,",羽師涕泣憑夷怒，
"Lũng đầu na dụng bế,",隴頭那用閉，
Phúc lộc du giáng.,福祿攸降。
"Tự thị Tần lâu áp Trịnh cốc,",自是秦樓壓鄭谷，
Bất khả thất nhất.,不可失一。
"Phương hàm hào nhi nhu mặc hề, quỷ thần kinh nhi ảnh tị.",方含毫而濡墨兮，鬼神驚而影避。
Thác lũ kim hoàn ánh minh nguyệt.,錯鏤金環映明月。
"Tịnh khu tùng lưỡng lang hề,",并驅從兩狼兮，
"Xuân tiền các lão Nguyễn Bàng Linh,",春前各老阮龐齡，
Diệc lưu vu Kỳ.,亦流于淇。
"Cố bất thất vi cố, cầm thư khước ức thiếu niên du.",故不失爲故，琴書卻憶少年遊。
"Đào chi yêu yêu,",桃之夭夭、
"Bạn hổ nhân giai hổ thoá dư,",伴虎人皆虎唾餘，
"Lạp thị đâu mâu thoa thị giáp,",笠是兜鍪蓑是甲，
"Thất nguyệt thực cô,",七月食瓜，
Thanh sơn thiên lý tà dương.,青山千里斜陽。
Cánh thướng Lương Đài vọng minh nguyệt.,更上梁臺望明月。
Vạn lý bất phòng Hồ.,萬里不防胡。
"Vân âm bất kiến cổ nhân diện,",雲陰不見古人面，
Minh mệnh sử phú.,明命使賦。
"Khách tâm đối thử thán sa đà,",客心對此嘆蹉跎，
"Trung tâm háo chi,",中心好之，
"Ức tích nghê tinh há nam uyển,",憶昔霓旌下南苑，
Pháp tính vị tằng diệt.,法性未曾滅。
Thừa phong quắc nhân thuỳ cảm anh?,乘風攫人誰敢攖？
"Quân vấn Chung Nam sơn,",君問終南山，
"Hạo khí hoàn thái hư,",浩氣還太虛，
"Sơn quán trường tịch tịch,",山館長寂寂，
"Liễu tráo triêu yên, hoa hợp túc lộ.",柳罩朝煙，花合宿露。
Xuất túc vu Đồ.,出宿于屠。
Song nga kỷ hứa trường.,雙蛾幾許長。
"Hạ duy hiềm trú đoản,",下帷嫌晝短，
Hoài bảo an miên già bộ chướng.,懷寶安眠遮步障。
Vương viết: Nhược thử thịnh hĩ! Thí vi quả nhân phú chi.,王曰：若此盛矣！試為寡人賦之。
Thôi tống Mạc Sầu lai.,催送莫愁來。
Dân nhân sở chiêm.,民人所瞻。
Ngự vũ đa niên cầu bất đắc.,御宇多年求不得。
"Chấn chấn uyên hàng, trật trật nhạn tự.",振振鴛行，秩秩雁字。
"Suy mấn thiên hành tuyết,",衰鬢千莖雪，
"Thiên thành cảnh thú, tây kiều thuỷ tụ đáo đình tiền.",天成景趣西桥水聚到庭前。
Dĩ quy triệu tự.,以歸肇祀。
Tứ giới bương bương.,駟介旁旁。
"Mỹ chiêm mỹ thị,",靡瞻靡恃，
"Lộ viễn mạc trí y điều trướng,",路遠莫致倚調悵，
Bất kiến huyện môn thân tức lạc.,不見縣門身即樂。
Khoả khoả nhi xích.,躶躶而赤。
"Dạ vũ ngô đồng, xuân phong đào lý.",夜雨梧桐，春風桃李。
Mãn đường tân khách giai hồi đầu.,滿堂賓客皆回頭。
Bạch ngọc yến thoa hoàng kim thiền.,白玉燕釵黃金嬋。
Ai thử cô sinh.,哀此孤生。
Dạ ngoạ tinh táo ô sàng tịch.,夜臥腥臊汚牀席。
Tứ huyền nhất thanh như liệt bạch.,四弦一聲如裂帛。
Khởi ý xuất thủ giang thành cư.,豈意出守江城居。
"Kỵ mã dục hồi hoàn hạ toạ,",騎馬欲回還下坐，
"Nhật cư nguyệt chư,",日居月諸，
Cẩu vô cơ nguyệt.,茍無饑渴！
"Thủ lạc kim nhật,",取樂今日，
"Quách Khâm thượng thư kiến đại kế,",郭欽上書見大計，
Khả lân quy khách tối tham trình.,可憐歸客最貪程。
"Huệ vu tông công,",惠于宗公，
"Canh tao táng loạn giá bất thụ,",更遭喪亂嫁不售，
"Đa tình thiên thượng nguyệt,",多情天上月，
Trường tác chủ nhân ông.,長作主人翁。
"Khổng tước tập nhi tương tồn hề, huyền viên khiếu nhi trường ngâm.",孔雀集而相存兮，玄猿嘯而長吟。
"Báo quân nhất sự quân ưng tiện,",報君一事君應羨，
"Diệp thanh lạc như vũ,",葉聲落如雨，
"Khởi ngô nho hề, bất tư lượng.",豈吾儒兮不思量。
"Hàm tình bác tảo ký viễn phương,",含情剝棗寄遠方，
Phỉ phong phiết hề!,匪風發兮，
"Công chi mỵ tử,",公之媚子，
Lê thứ vị triêm nhu khố ân.,黎庶未沾襦褲恩。
"Xướng gia mỹ nữ uất kim hương,",娼家美女郁金香，
Hoa thần dục tẩy trang.,花神欲洗粧。
Điều cách kim ách.,鞗革金厄。
Tắc bất ngã di.,則不我遺。
Chiêm vọng mỹ hề!,瞻望母兮。
Dĩ giao Bá Phù;,以交伯符；
Phiếm phiếm kỳ cưỡng.,泛泛其景。
Tẩm bỉ bao sưu.,浸彼苞蕭。
Duy hữu tửu sổ tôn.,唯有酒數樽。
"Thuyền trăn vu Vệ,",遄臻于衛，
"Y kỳ tương hước,",伊其相謔，
Thất gia mưu dữ thiếu niên tục.,室家謀與少年續。
"Cao Đế tử tôn tẫn long chuyết,",高帝子孫盡隆準，
"Quế tử lãnh hề vô hương,",桂子冷兮無香，
"Ẩm tượng nhi hà thuỷ càn,",飲象而河水乾，
"Ngọc Quan âm tín đoạn,",玉關音信斷，
"Hình ảnh nhất triêu biệt,",形影一朝別，
"Tự tây tồ đông,",自西徂東，
"Ký bất ngã gia,",既不我嘉，
Dao sơn đạm hữu ngân.,遙山澹有痕。
"Tam bôi phất kiếm vũ thu nguyệt,",三杯拂劍舞秋月，
Ô hô ai tai!,嗚呼哀哉！
Khai cừ đoạn trúc căn.,開渠斷竹根。
Hà tạ Đào gia thì.,何謝陶家時。
Nịch như chu cơ.,惄如調飢。
"Kỳ quân tam đan,",其軍三單，
Hà vật bất tề bình.,何物不齊平。
Ân cần viễn ký lang gia dao.,殷勤遠寄郎家遙。
Duy tại ý đức chi mạc kinh.”,惟在懿德之莫京。
"Ngôn ký toại hĩ,",言既遂矣，
"Duy hoàng Đường chi lục diệp, thực Minh Hoàng chi sơ niên.",維皇唐之六葉，實明皇之初年。
"Tuân bỉ Nhữ phần,",遵彼汝墳、
Đa thử khổ bi.,多此苦悲。
Âm Lăng thất lộ phi thiên vong.,陰陵失路非天亡。
"Khứ niên đông pha thập ngoã lịch,",去年東坡拾瓦礫，
"Tuế vân mộ hĩ đa bắc phong,",歲雲暮矣多北風，
"Nhược phi tướng sĩ toàn sư thắng,",若非將士全師勝，
"Mạc mạc hạo thiên,",藐藐昊天，
Tha thị nhân loại chi công địch.,他是人類之公敵。
"Chính hoá thác ngỗ thất đại thể,",政化錯迕失大體，
"Huệ thử trung quốc,",惠此中國，
Cầu kỳ hữu thanh.,求其友聲。
Sầu sát Lâu Lan chinh thú nhi.,愁殺樓蘭征戍兒。
Liên phi các hồ Tây Thành.,連飛閣乎西城。
"Trưng nhân chiến khổ thúc đao sang,",徵人戰苦束刀瘡，
"Thanh thanh tự tương tiếp,",聲聲似相接，
Nhân lai điểu bất kinh.,人來鳥不驚。
"Xuân phong tam lưỡng thụ,",春風三兩樹，
"Thành trung đẩu mễ hoán khâm trừu,",城中蚪米換衾綢，
"Dục đắc Chu Lang cố,",欲得周郎顧，
"Giang sơn như hoạ xuất,",江山如畫出，
Đông phong hữu ý yết liêm lung,東風有意揭簾櫳，
Do lai vị khả đàm.,由來未可談。
"Tuy vạn bang,",綏萬邦，
Không bi tích nhân hữu.,空悲昔人有。
"Tam Điệp phỉ côn, Hoành sơn hổ.",三疊匪棍橫山虎。
"Thử cừu phi tăng diệc phi khoáng,",此裘非繒亦非纊，
"Ưng vấn sứ quân hà xứ khứ,",應問使君何處去，
Nhất khẩu hoành thôn khởi bích ba.,一口橫吞起碧波。
"Túc dạ tất kỷ,",夙夜必偕。
Tuế bất ngã lưu.,歲不我留。
Tầm tăng tăng diệc vô.,尋僧僧亦無。
Khai song thu nguyệt quang,開窗秋月光，
Vạn hác độ tận tùng phong thanh.,萬壑度盡松風聲，
"Thu phong khởi hề bạch vân phi,",秋風起兮白雲飛，
"Đăng tằng đài, dĩ ngu tình.",登層臺以娛情。
"Chu vương vu mại,",周王于邁，
Duy môn duy khỉ.,維穈維芑。
Biến vi nhĩ đức.,遍爲爾德。
"Lương phong tiêu tiêu xuy nhữ cấp,",涼風蕭蕭吹汝急，
Viễn thác dị quốc hề Ô Tôn vương.,遠托異國兮烏孫王。
Hốt ức hải đông vân.,忽憶海東雲。
Tự cầu đa phúc.,自求多福。
"Giang Thành sơn tự thập nhất nguyệt,",江城山寺十一月，
"Ký xuất ngã xa,",既出我車，
"Ngô vương tại thì bách hoa khai,",吳王在時百花開，
"Chỉ huy nhi yêu nghiệt nghinh hàng, đàm tiếu nhi hung đồ tống tử.",指揮而妖孽迎降，談笑而兇徒送死。
Kỳ tu thục đa?,其修孰多？
Vân các bạc biên công.,雲閣薄邊功。
"Mệnh bộc phu nhi tựu giá,",命仆夫而就駕，
Xuân triều dạ dạ thâm.,春潮夜夜深。
"Cán duy hoạ nhục bất hoạ cốt,",幹惟畫肉不畫骨，
"Vạn ban giai hạ phẩm,",萬般皆下品，
Lưỡng sam nhạn hàng.,兩驂雁行。
Thạch tuy bất ngôn khủng năng ngữ.,石雖不言恐能語。
Sơn thanh hoa dục nhiên.,山青花欲燃。
Loạn định kỷ niên quy.,亂定幾年歸。
Dục vãng tòng chi Lũng phản trường.,欲往從之隴阪長。
"Càn khôn đắc thất an hữu bằng,",乾坤得失安有憑，
"Ai quân tình thiết,",哀君情切，
Nhất nguyệt tam hiệp.,一月三捷。
Khảm kha chỉ đắc di Kinh Man.,坎軻只得移荊蠻。
Phong phàm mang mang cách hà châu.,風帆茫茫隔河洲。
Long Bá quốc nhân bãi điếu ngao.,龍伯國人罷釣鼇。
"Triêu phát Quế Lan chử,",朝發桂蘭渚，
"Thứ khương nghiệt nghiệt,",庶姜孽孽，
Quân bất kiến:,君不見：
"Quân khan vi tể tướng,",君看為宰相，
"Lâm Thao tam vạn lý,",臨洮三萬里，
"Mạc thính phàm ca “Xuân bệnh tửu”,",莫聽凡歌春病酒，
Vạn lạc thiên thôn mãn hoa liễu.,萬落千村滿花柳。
"Chu dao dao dĩ khinh dương, phong phiêu phiêu nhi xuy y.",舟遙遙以輕颺，風飄飄而吹衣。
"Biên địa oanh hoa thiểu,",邊地鶯花少，
"Hồi mâu nhất tiếu bách mị sinh,",回眸一笑百媚生，
"Hải tân ngư tự thổ,",海濱魚似土，
"Ngưỡng chiêm duy mạc,",仰瞻帷幕，
"Chung chi biền trụ,",鍾之弁冑，
"Thành Vương bất cảm khang,",成王不敢康，
Duy tích đương thời quang cảnh xúc.,唯惜當時光景促。
Minh nguyệt lạc giai tiền.,明月落階前。
"Tướng quân tự khởi vũ trường kiếm,",將軍自起舞長劍，
"Nê ô hậu thổ du nguyệt dư,",泥污后土踰月余，
Yên hữu thạch lâm?,焉有石林？
Kỳ quái tất tự hoại.,其怪悉自壞。
"Hoài Âm thị tỉnh tiếu Hàn Tín,",淮陰巿省笑韓信，
"Nhàn vân đàm ảnh nhật du du,",閒雲潭影日悠悠，
"Viết quy, viết quy,",曰歸曰歸，
Hảo lưu yên nguyệt bạn quy nhiêu.,好留煙月伴歸橈。
Quốc sĩ chúng nhân các dị thượng.,國士眾人各易尙。
"Phỉ an phỉ du,",匪安匪遊，
"Bạch đầu cung nữ tại,",白頭宮女在，
"Kinh văn tục khách tranh lai tập,",驚聞俗客爭來集，
Khốc thanh chấn thiên phong nộ hào.,哭聲震天風怒號。
"Độc hữu nguy quan ý,",獨有危冠意，
"Túc túc tiêu chinh,",肅肅宵征，
Chiếu ngã sổ hàng thi.,照我数行詩。
Thứ kiến tố tất hề!,庶見素韠兮，
Quang nhuận ngọc nhan.,光潤玉顏。
Thu thâu vạn khoả tử.,秋收萬顆子。
Nhị canh nguyệt lạc thiên thâm hắc.,二更月落天深黑。
Thu thảo bất kham luân.,秋草不堪論。
"Bất quán kinh xuân biệt,",不慣經春別，
Tâm chi ưu hĩ!,心之憂矣，
"Tương thử đả mạch từ,",將此打麥詞，
Như phi như hàn.,如飛如翰。
"Hoành môn chi hạ,",衡門之下，
"Bạch hoa đảo chúc thiên dạ minh,",白花倒燭天夜明，
Tự thổ Thư Thất.,自土沮漆。
"Tuy vi Lý Bạch phụ,",雖為李白婦，
Kỳ điếu duy hà?,其釣維何？
Thiên niên cố quốc quyên đề thảm;,千年故國鵑啼慘；
"Ngọc đối viết: Kỳ thuỷ xuất dã, đối hề nhược tùng thì. Kỳ thiểu tiến dã, tích hề nhược giảo cơ. Dương duệ chương nhật, nhi vọng sở tư. Hốt hề cải dung, kệ hề nhược giá tứ mã, kiến vũ kỳ. Tưu hề như phong, thê hề như vũ. Phong chỉ vũ tễ, vân vô xứ sở.",玉對曰：其始出也，㬣兮若松榯。其少進也，晰兮若姣姬。揚袂鄣日，而望所思。忽兮改容，偈兮若駕駟馬，建羽旗。湫兮如風，淒兮如雨。風止雨霽，雲無處所。
"Trắc bỉ Nam sơn,",陟彼南山、
Nữ lưu thử kỹ diệc thiểu như.,女流此伎亦少如。
Tam tuế vi khách khoan biên sầu.,三歲為客寬邊愁。
"Kim ty lũ tiễn thốc,",金絲鏤箭簇，
Hô đồng khống mã tương truy tuỳ.,呼僮控馬相追隨。
"Lục anh mãn hương thế,",綠英滿香砌，
"Tương đả trường thủ nhược,",相打長取弱，
"Chinh phàm bất động diệc bất toàn,",征帆不動亦不旋，
"Hán đình sự hiền mẫu,",漢庭事賢母，
"Mang mang vũ trụ vô chung cùng,",茫茫宇宙無終窮，
"Lai quá trúc lý quán,",來過竹裏館，
"Khách hành triêu phục tịch,",客行朝復夕，
"Khuynh hồ tiêu quản hắc bạch phát,",傾壺簫管黑白髮，
Kim nhật lạc như tảo.,今日落如掃。
Quân diệc quy gia độ Vị kiều.,君亦歸家渡渭橋。
"Ngã gia Liêu Thuỷ Ninh Khê tân,",我家遼水寧溪濱，
"Sương tuyết hồi quang tị cẩm tụ,",霜雪回光避錦袖，
"Nại hà,",奈何，
Tứ đại bản không tòng hà khỉ?,四大本空從何起。
"Tương khan bạch nhận huyết phân phân,",相看白刃血紛紛，
Đại nữ lâm kỳ lưỡng phân thủ.,大女臨岐兩分首。
"Cố quốc tam thiên lý,",故國三千里，
Tiểu tử kiểu kiểu.,小子蹻蹻。
"Sa hàn thảo bạch thiên vũ sương,",沙寒草白天雨霜，
Nhi hậu đế bất nhược?,而后帝不若？
Cự nhãn thức anh hùng.,巨眼識英雄。
Trung quân tác hẩu.,中軍作好。
"Ức niên hương hoả tại, Lương Hội phùng hanh.",億年香火在良會逢亨。
"Trúc diệp hoại thuỷ sắc,",竹葉壞水色，
"Nhân chi vân vong,",人之云亡，
Thiên uy tại nhan chỉ xích.,天威在顏咫尺。
"Ái ái vương đa cát sĩ,",藹藹王多吉士，
Tẩm miếu ký thành.,寢廟既成，
"Thuộc xa trục chiết sấn bất cập,",屬車軸折趁不及，
Đốt đốt nam nhi chân khoái sự!,咄咄男兒真快事。
Ta ta tạo vật hề dĩ ngã vi sinh?,嗟嗟造物奚以我為生？
"Duy Trọng Sơn Phủ cử chi,",維仲山甫舉之，
"Nhân vân bản thị tiểu gia nhi,",人云本是小家儿，
Ốc dĩ quyết nạp.,鋈以觼軜。
Sở hành kỷ lý?,所行幾里？
"Tư trấn vi Nghệ Hoàng, an năng xứng gia danh chi vĩ vĩ tai!",斯鎮微藝皇，安能稱嘉名之煒煒哉！
Ký cức chỉ thư.,既亟只且！
Không thuỷ cộng nhân uân.,空水共氤氳。
Thị vi quân tử.,是為君子。
Dân bi thuỷ tự triển đan thầm.,民悲始祀展丹忱。
"Du ti nhuyễn hệ phiêu xuân tạ,",遊絲軟系飄春榭，
Thẩn thị sơ dung hữu mị bổ.,矧是疏慵有靡補。
"Vi huynh chỉ ái,",為兄止愛，
Phụng hoàng kỳ lân an tại tai.,鳳凰麒麟安在哉。
Tiểu tâm dực dực.,小心翼翼。
"Túc túc bảo hàng,",肅肅鴇行，
"Thái ngọc thái ngọc tu thuỷ bích,",採玉採玉須水碧，
Thần thân nam kiệu tâm bắc khuyết.,臣身南嶠心北闕。
Hán tướng từ gia phá tàn tặc.,漢將辭家破殘賊。
Hạnh kiểm nga mi lệ như vũ.,杏臉蛾眉淚如雨。
"Đề thi khiếu vịnh thạch bích hạ,",題詩叫詠石壁下，
"San tiền nhật nhật phong hoà vũ,",山前日日風和雨，
"Sơn tuyền lưỡng xứ vãn,",山泉兩處晚，
Nam viên lục thảo phi hồ điệp,南園綠草飛蝴蝶。
"Thái sinh lưỡng yếp chi sầu,",態生兩靨之愁，
Lệnh văn lệnh vọng.,令聞令望。
"Quân tri thiên địa can qua mãn,",君知天地干戈滿，
"Duy Thân cập Phủ,",維申及甫，
Thập niên cốt nhục vô tiêu tức.,十年骨肉無消息。
"Ngã lai tự đông,",我來自東、
Sinh nhai bất tạm nhàn.,生涯不暫閑。
Tiên tổ thị thinh.,先祖是聽。
Thính ngã miểu miểu.,聽我藐藐。
"Tiến chỉ nan kỳ, nhược vãng nhược hoàn.",進止難期，若往若還。
Bất hà hữu khiên.,不遐有愆。
"Sở tục nhiêu từ khách,",楚俗饒詞客，
"Dị tai! Khởi sở vị ngẫu như thuyền hề hoa thập trượng, lãnh như sương hề cam tỷ mật giả gia!",異哉!豈所謂藕如船兮花十丈，冷如霜兮甘比蜜者耶！
Quân bất kiến:,君不見
"Thụ chi hữu điểu loạn minh thì,",樹枝有鳥亂鳴時，
Hàn thanh nhất dạ truyền điêu đẩu.,寒聲一夜傳刁斗。
Cúc dục thổ bộ bất ly sàng.,鞠育吐哺不離牀。
"Mạc tỷ Minh Linh Sở nam thụ,",莫比冥靈楚南樹，
"Tân di thuỷ hoa diệc dĩ lạc,",辛夷始花亦已落，
"Nhật nhật hà sừ lý hoang uế,",日日荷鋤理荒穢，
Dung hề toại hề!,容兮遂兮，
"Đạo chi vân viễn,",道之云遠，
"Hung tấn dao bằng bưu dịch lai,",凶訊遙憑郵驛來，
"Cốt hức hấp tập dĩ vĩnh thệ hề,",汩淢噏習以永逝兮，
Tấn dư bất củ.,訊、予不顧，
Tự toàn kỳ đạo.,自全其道。
Dữ vật vô thân.,與物無親。
"Bình thì An Tây vạn lý cương,",平時安西萬里疆，
"Mỹ hữu lữ lực,",靡有旅力，
Dương chi thuỷ.,揚之水，
"Trở cùng tây chinh,",阻窮西征，
Cánh tác tử sinh phân.,更作死生分。
Môn tiền nhất phiến Hoành Đường thuỷ.,門前一片橫塘水。
"Thận nhĩ xuất thoại,",慎爾出話，
"Dĩ kinh bách nhật thoán kinh cức,",已經百日竄荊棘，
"Tô tử thán viết: “Dị tai, thị thử chi hiệt dã! Bế ư thác trung, thác kiên nhi bất khả huyệt dã. Cố bất ngão nhi ngão, dĩ thanh trí nhân; bất tử nhi tử, dĩ hình cầu thoát dã. Ngô văn hữu sinh, mạc trí ư nhân. Nhiễu long phạt giao, đăng quy thú lân, dịch vạn vật nhi quân chi, tốt kiến sử ư nhất thử, đoạ thử trùng chi kế trung, kinh thoát thố ư xứ nữ, ô tại kỳ vi trí dã?”",蘇子嘆曰：『異哉，是鼠之黠也！閉於橐中，橐堅而不可穴也。故不嚙而嚙，以聲緻人；不死而死，以形求脫也。吾聞有生，莫智於人。擾龍伐蛟，登龜狩麟，役萬物而君之，卒見使於一鼠，墮此蟲之計中，驚脫兔於處女，烏在其為智也？』
"Dục hướng Giang Đông khứ,",欲向江東去，
"Sĩ ngã ư thành ngu,",俟我於城隅。
"Thị nhĩ bất tang,",視爾不臧，
"Ngã mã duy lạc,",我馬維駱，
Nữ tử na tri xuất môn sự?,女子那知出門事？
Giang Nam thị thiếp gia.,江南是妾家。
Thu tận Bồ Xương nhạn tận hoàn.,秋盡蒲昌鴈盡還。
Tàn đăng diệt hựu minh.,殘燈滅又明。
"Tửu tận sa đầu song ngọc bình,",酒盡沙頭雙玉瓶，
"Thanh Vị đông lưu, Kiếm Các thâm,",清渭東流劍閣深，
Thần tịch dữ quân nhã tương đắc.,晨夕與君雅相得。
"Quan hà vạn lý vũ lộ thâm,",關河萬里雨露深，
Ưu tâm sung sung.,憂心忡忡。
Cơ hàn tật bệnh nan sinh hoạt.,饑寒疾病難生活。
"Nhân quan vật dĩ hưng hoài, mặc cảm phu hồ khí loại.",因觀物以興懷，默感孚乎氣類。
"Tứ bất điễn quyết uẩn,",肆不殄厥慍，
Thả miễn hướng thành mại hoàng độc.,且免向城賣黃犢。
Linh ngã thủ cước khinh dục triển.,令我手腳輕欲漩。
Chử kê sát cẩu thi tiên si.,煮雞殺狗施鞭笞。
"Giác lai vấn bộc miên đa thiểu,",覺來問僕眠多少，
Yếp phụ thừa quyền.,靨輔承權。
Nguyện vi hoàng hộc hề quy cố hương.,願為黃鵠兮歸故鄉。
Di sơn bài cốc oanh viên khung.,移山排谷轟圓穹。
"Tố ty tỵ chi,",素絲紕之，
Sa tích vũ côn kê.,沙僻舞鵾雞。
Bát biểu hạ bình yên.,八表賀平安。
"Bối Y Khuyết, Hoàn Viên,",背伊闕，轘轅，
Thâm xuân hốt điểm thôi hoa vũ.,深春忽點催花雨。
Cánh dữ hữu tình đề.,更與有情啼。
"Thượng chương Khốn Đôn chi tuế, Giả tử tế thi chi tịch, Cối Kê Kiết Kiếm sinh đẳng cẩn dĩ hàn tuyền lãnh hoa, tự thư thần Trường Ân, nhi chuế chi dĩ lý từ viết:","上章困敦之歲,賈子祭詩之夕，會稽戛劍生等謹以寒泉冷華，祀書神長恩，而綴之以俚詞曰："
"Thí phất thiết y như tuyết sắc,",試拂鐵衣如雪色，
Hư thất linh lung.,虛室玲瓏。
Lực hà cố?,力何固？
Bắc phong tảo hà hương.,北風掃荷香。
"Giải hạ túc sương cừu,",解下鷫鸘裘，
Hà thượng hồ ngao tường.,河上乎翱翔。
"Hoan tình vị tiếp, tương từ nhi khứ.",歡情未接，將辭而去。
Cổ mộc dư suy liễu.,古木餘衰柳。
"Thái Tông xã tắc nhất triều chính,",太宗社稷一朝正，
"Thiên giáng táng loạn,",天降喪亂，
"Đãn văn toạ xứ dĩ kinh hồn,",但聞坐處已驚魂，
Thần khí long bàn quán tinh Hán.,神氣龍蟠貫星漢。
Thập bức bồ phàm quải yên thuỷ.,十幅蒲帆挂煙水。
"Ngã bất nan xá sinh, nại hà tại Trung thiên dịch sơ khai, Dũ Lý thất niên tiền vị diễn;",我不難舍生，奈何在中天易初開，羑里七年前未演；
"Trầm âm thiên vạn lý,",沈陰千萬里，
Tam thập lục khúc thuỷ hồi oanh.,三十六曲水迴縈，
Nam hồ thái bạch tần.,南湖採白蘋。
"Quái thạch tiểu đãng giai sung cống,",怪石篠簜皆充貢，
Ngã thị tâm cấp.,我是用急，
"Dư tòng nhi vấn kỳ sự,",余從而問其事，
"Vũ Châu thái thú hô tiểu nhi,",禹州太守呼小兒，
Lục bí như ti;,六轡如絲。
"Vạn lý quyện hành dịch,",萬里倦行役，
Thiên cao nguyệt bội minh.,天高月倍明。
"Bất ngã dĩ,",不我以。
"Phác thủ kỳ trinh,",朴守其貞，
"Hà phùng cung hiệp thi,",何馮弓挾矢，
Tự hương nhi quốc.,自鄉而國。
Trường hiện linh quang minh lãng lãng.,長現靈光明朗朗。
Nguyệt điếu thê ô đề điểu khởi.,月弔棲烏啼鳥起。
Phong nhân khảng khái phú đồng cừu.,風人慷慨賦同仇。
"Đông lưu bất dật,",東流不溢，
"Lan quần cư chi thước thước hề,",斕裙裾之爍爍兮，
Tập ngã khu trì.,習我驅馳。
"Quân tử sở y,",君子所依，
"Xuân nhật tài khan dương liễu lục,",春日才看楊柳綠，
Bốc vân kỳ cát.,卜云其吉，
Vịnh thần thánh công thư chi bi.”,詠神聖功書之碑。
"Ngã ca Thuỷ điệu vô nhân tục,",我歌水調無人續，
Trĩ nãi tiền bác.,庤乃錢鎛。
Đương kỳ:,當其：
Thiền Vu phá đảm hoàn.,單于破膽還。
"Dạ cửu tần thao đăng,",夜久頻挑燈，
Thuỷ giác bình chướng sinh quang huy.,始覺屏障生光輝。
Nhân mã trì khu bất cảm thuỵ.,人馬馳驅不敢睡。
"Cư thường thổ tư hề tâm nội thương,",居常土思兮心內傷，
Mộ phiếm Hoành Đường biên.,暮泛橫塘邊。
Hồ sắc xuân quang tịnh khách thuyền.,湖色春光淨客船。
Thủ huy ngũ huyền.,手揮五弦。
Ưu lai thuỳ cộng ngữ.,憂來誰共語。
Khước bất đạo nhân khứ lương không sào dã khuynh!,卻不道人去梁空巢也傾。
"Lệ tận trường dục đoạn,",淚盡腸欲斷，
"Quân kim thượng Lũng khứ,",君今上隴去，
"Mỗi tòng phong vũ hậu,",每從風雨後，
"Phá hiểu sổ thanh địch,",破曉數聲笛，
"Phù tây thiên thụ xuất,",浮西千樹出，
Cô phàm nam khứ như phi điểu.,孤帆南去如飛鳥。
Chủng đậu đắc đậu.,種豆得豆。
Chung tuế bất văn ty trúc thanh.,終歲不聞絲竹聲。
"Nhật an bất đáo,",日安不到，
"Khảm khảm cổ ngã,",坎坎鼓我，
Bình phô hồng vân cái minh kính.,平鋪紅雲蓋明鏡。
"Lai giả phục vi thuỳ,",來者復為誰，
Quân bất kiến:,君不見：
"Bồng hao hạ thấp nghinh hiểu lỗi,",蓬蒿下濕迎曉耒，
Hậu Hán kim Chu hỉ tái xương.,後漢今周喜再昌。
"Chính phùng thiên hạ vô phong trần,",正逢天下無風塵，
Như tam nguyệt hề.,如三月兮！
Thử tào nhất sinh y thực nhữ.,此曹一生衣食汝。
"Chu Vương thọ khảo,",周王壽考，
Huệ khí an tại?,惠氣安在？
"Thiên vân viên kỳ ký lập hề,",天雲垣其既立兮，
Kim triêu hỉ tử phi.,今朝蟢子飛。
"Cổ điệu tuy tự ái,",古調雖自愛，
"Vọng dư duy nhi duyên thị hề, nhược lưu ba chi tương lan.",望余帷而延視兮，若流波之將瀾。
Thính đắc chu nhân tề phách chưởng.,聽得舟人齊拍掌。
"Biên biên giả chuy,",翩翩者鵻，
"Độc bất kiến Phượng Hoàng trì thượng chi tử vi, Bạch Ngọc đường tiền chi hồng dược!",讀不見鳳凰池上之紫薇，白玉堂前之紅藥！
"Dân chi phương điện hi,",民之方殿屎，
Lộ cước tà phi thấp hàn thố.,露腳斜飛濕寒兔。
"Nam sơn bắc xá hạ,",南山北垞下，
"Tuy hữu huynh đệ,",雖有兄弟，
"Tiến binh sổ đạo hội ư Giao,",進兵數道會於交，
Yên sư sở hoàn.,燕師所完。
"Giang ba tịch tịch,",江波寂寂，
"Giao gia luỹ tích, trùng điệp tăng ích.",交加累積，重疊增益。
"Chu trung vọng nhật xuất,",舟中望日出，
"Đào nguyên khứ lộ cách yên hà,",桃源去路隔煙霞，
"Kim niên hạn thế phục như thử,",今年旱勢復如此，
Bất tri hà xứ thị gia hương.,不知何處是家鄉。
"Hồ vi phiêu bạc Mân, Hán gian,",胡為漂泊岷漢間，
Bạc phạt Tây Nhung.,薄伐西戎。
"Kiến quái bất kiến quái,",見怪不見怪，
"Trương sinh thủ trì “Thạch cổ” văn,",張生手持石鼓文，
Hà vật lệnh nùng tiện?,何物令儂羨，
Lôi đình nãi huỷ tây phong điên.,雷霆乃毀西峰顛。
Tráng nhi kiện phụ tranh tảo thương.,壯儿健婦爭掃倉。
Mang mang tái thảo khô.,茫茫塞草枯。
Nhiên kỳ:,然其：
"Tứ phương đạo tặc như nghĩ tụ,",四方盜賊如蟻聚，
Thiếp thân bất cập thử y thường.,妾身不及此衣裳。
"Ngũ Hồ thảng ngộ Phạm Thiếu Bá,",五湖倘遇范少伯，
"Khổng thánh do văn thương phụng lân,",孔聖猶聞傷鳳麟，
Bạch Dương tồi tận lưu khô căn.,白楊摧盡留枯根。
Thanh lâu nhật vãn ca chung khỉ.,青樓日晚歌鐘起。
Cửu thập kỳ nghi.,九十其儀。
"Nhất xa thán, thiên dư cân,",一車炭，千餘斤，
"Du vu bắc viên,",遊于北園，
"Tích kỵ thiên tử đại uyển mã,",昔騎天子大宛馬，
La hoảng độc miên thì.,羅幌獨眠時。
"Phong khinh liêm quyển ngọ,",風輕簾捲午，
Trân trọng phân minh bất lai tiếp.,珍重分明不來接。
"Thiên thu chi hạ,",千秋之下，
Liêu trì bảo kiếm động tinh văn.,聊持寶劍動星文。
Nhất phàm bất biện vân bình tích.,一帆不瓣雲萍跡。
"Hoài Tây hữu tặc ngũ thập tải,",淮西有賊五十載，
Bất thành đại sự.,不成大事。
Y đới tương tư nhật ưng hoãn.,衣帶相思日應緩。
"Đản Hậu Tắc chi sắc,",诞后稷之穡，
Thuý sơn đồng ngã chẩm nhật thuyết sự dạ đàm tâm tâm sự bách niên do ký ức;,翆山同我枕日說事夜談心心事百年猶記憶；
"Hoàn trì thiên nhật tuý,",還持千日醉，
"Quế thụ giao nhi tương phân hề, phương khốc liệt chi ngân ngân.",桂樹交而相紛兮，芳酷烈之誾誾。
"Soạn thể hiệp hiếp,",撰體協脅，
Vô cảm ngã thuế hề!,無感我帨兮，
Sát nhân khả thứ tình nan nhiêu.,殺人可恕情難饒。
"Nhị thập ngũ nhật Bảo Định bá Lương Minh trận hãm nhi táng khu,",二十五日保定伯梁銘陣陷而喪軀，
"Thành thượng nguy lâu cao phiếu diểu,",城上危樓高縹緲，
"Quyện chẩm sầu kê minh,",倦枕愁雞鳴，
"Nhĩ kim tử khứ nùng thu táng,",爾今死去儂收葬，
"Hào kiệt hàm phẫn dĩ thiết xỉ,",豪傑咸憤以切齒，
Chủ nhân bất lưu tống chi dã.,主人不留送之也。
"Lỗ đạo hữu đãng,",魯道有蕩，
"Hoạ đống triêu phi Nam phố vân,",畫棟朝飛南浦雲，
"Tri chỉ thường chỉ,",知止常止，
"Hoàng hoa tùng bạn lục tôn tiền,",黃花叢畔綠尊前，
Thương kỳ lai xà xà.,將其來施施。
"Văn hoan hạ Dương Châu,",聞歡下揚州，
"Hữu khách, hữu khách,",有客有客，
Tức vạn thế chi chiến tranh.,息萬世之戰爭。
Cửu tự tín tương đắc.,久自信相得。
Lộ hắc lâm thâm vô hổ lự.,路黑林深無虎慮。
"Thiếu niên nỗ lực túng đàm tiếu,",少年努力縱談笑，
Tung tích không lưu tại thế gian.,蹤跡空留在世間。
"Lãnh diễm toàn khi tuyết,",冷豔全欺雪，
Hạ diệp không tồn.,夏葉空存。
Đông lưu Dịch thuỷ vô đình ba.,東流易水無停波。
"Khấp hướng sư tử thế song thuỳ,",泣向獅子涕雙垂，
Chuế minh châu dĩ diệu khu.,綴明珠以耀軀。
"Ngôn cáo sư thị,",言告師氏、
Sương thâm Lỗ kỵ mê.,霜深虜騎迷。
Ba nhân đạo nghênh ca “Trúc chi”.,巴人道迎歌竹枝。
"Bạch tuyết trang mai thụ,",白雪裝梅樹，
Tinh huyết nhiễm đái lân ông vô.,猩血染帶憐翁無。
Giá dư dữ hành,駕予與行
"Chung đỉnh quan thường mạc niệm thù,",鐘鼎冠裳莫念酬，
"Tế Lâm sơn thượng dạ ô đề,",細林山上夜烏啼，
"Toại linh Tuyên Đức chi giảo đồng, độc binh vô yếm;",遂靈宣德之狡童，黷兵無厭；
"Nhật tựu nguyệt tương,",日就月將，
"Vi tửu vi lễ,",為酒為醴，
Mạt mã hoa sơn.,秣馬崋山。
Thiên điều bạch luyện hồi xung dung.,千條白練回沖融。
Thanh dạ trí tửu lâm tiền trừ.,清夜置酒臨前除。
Nhất nhật thượng thụ năng thiên hồi.,一日上樹能千回。
"Giáp ngạn nhân yên tống khách chu,",夾岸人烟送客舟，
"Tuý hoà kim giáp vũ,",醉和金甲舞，
"Hà nhân chủng đan quế,",何人種丹桂，
"Sóc phong xuy tuyết dã mang mang,",朔風吹雪野茫茫，
"Gia ký Quan Tây trú,",家寄關西住，
Đối toạ bất ngữ Nam Xương tiên.,對坐不語南昌仙。
Phiên khước điếu ngư thuyền.,翻卻釣魚船。
"Quân trung tối thị đa huynh đệ,",軍中最是多兄弟，
"Tự vô hoàn tự hữu,",似無還似有，
"Huyễn pháp giai thị huyễn,",幻法皆是幻，
Bất thức nhân gian ly biệt khổ.,不識人間離別苦。
"Tiêu sái Tần đình lệ dĩ huy,",瀟灑秦庭淚已揮，
Chí tử bất nhập huyện.,至死不入縣。
Thời dục thừa hứng trường dạ du.,時欲乘興長夜游。
Thế trung diêu vọng không vân sơn.,世中遙望空雲山。
Bình phô Tương thuỷ lưu.,平铺湘水流。
"Đông giao sấu mã sử ngã thương,",東郊瘦馬使我傷，
"Tri hữu tiền kì tại,",知有前期在，
"Nhất tự đầu nhàn kinh kỉ tải,",一自投閒經幾載，
"Tâm dao mục đoạn hứng nan tận,",心搖目斷興難盡，
"Tích nhĩ vi đức,",辟爾爲德，
"Tự quân chi xuất hỹ,",自君之出矣，
"Tửu bôi xuân tuý hảo,",酒杯春醉好，
"Tào gia lão man giảo nhi vũ,",曹家老瞞狡而武，
"Thị phi bất tất tranh nhân ngã,",是非不必爭人我，
"Lục thuỷ minh thu nguyệt,",淥水明秋月，
Vương quốc lai cực.,王國來極。
Nguyên lai nhất thiết không.,原來一切空。
Khinh sam tiếu chỉ Tần nhân khê.,輕衫笑指秦人溪。
"Biệt nhân tiếu ngã thắc phong điên,",別人笑我忒瘋癲，
"Bỉ thử địch diện hân hân nhiên,",彼此覿面欣欣然，
Thướng thiên há thiên hạc nhất chỉ.,上天下天鶴一只。
Kỳ diệp phế phế.,其葉肺肺，
"Diêu công mĩ chính thuỳ dữ trù,",姚公美政誰與儔，
"Vương Thông lý loạn nhi phần giả ích phần,",王通理亂而焚者益焚，
Bật bỉ thặng huyến.,駜彼乘駽。
"Thất nguyệt lưu Huỷ,",七月流火，
Bất vị lão nhân khai.,不為老人開。
Thiếp tâm thượng tại dung hoa cải.,妾心尚在容華改。
"Ngã mã duy cu,",我馬維駒，
Hung di vô sở thi kỳ bạo.,凶夷無所施其暴。
Lão thính kê thanh khỉ.,老聽雞聲起。
Hoàng pha ngạn bắc kết sầu đình.,皇陂岸北結愁亭。
"Thanh thanh tử khâm,",青青子衿，
"Đại phẫn bất thâu,",大憤不收，
"Nhĩ lai Thát Đát phả kiêu hiệt,",邇來韃靼頗驕黠，
Kinh kinh Trương tinh Tô Vũ tiết.,荊荊張旌蘇武節。
"Bạch nghê anh phất,",白蜺嬰茀，
Bất ngã thân hề!,不我信兮。
Giải dụng vô phương xứ xứ viên.,解用無方處處圓。
"Tiết sứ Tam Hà mộ niên thiếu,",節使三河募年少，
"Hạ thuỳ vi xuyên nhạc hề, thượng thuỳ vi tinh vân.",下誰為川岳兮，上誰為星雲。
Hồ đắc yên?,胡得焉！
"Man nương ngâm lộng mãn hàn không,",蠻娘吟弄滿寒空，
Cùng viên tam thanh Vu Giáp hiểu.,窮猿三聲巫峽曉。
Chẩn túc cấp tệ tô dân bì.,賑粟給幣蘇民疲。
Tâm yên đao đao.,心焉忉忉。
"Chính đạo nhi hành,",正道而行，
"Lưu hồi hoàn hề sinh lạc châu,",流迴還兮生落洲，
"Ký xích viễn ư nữ sắc, diệc bính tuyệt ư du điền.",既斥遠於女色，亦屏絕於遊畋。
"Đàn xa xiển xiển,",檀車幝幝，
"Ngọ trào nhạc tác binh hợp vi,",午潮樂作兵合圍，
"Giác Hải tâm như hải,",覺海心如海，
Tinh đẩu liêu liêu ba mạch mạch.,星斗寥寥波脈脈。
"Tướng quân hạ mã lực bạt san,",將軍下馬力拔山，
Bắc khứ hướng Trường An.,北去向長安。
Trùng kiến Thiên Bảo thừa bình thì.”,重見天寶承平時。
"Bá Lăng cố nhân yểu vô háo,",灞陵故人杳無耗，
Phong cảnh tam thu.,風景三秋。
Thảm vũ sầu vân mãn thuỷ hương.,慘雨愁雲滿水鄉。
"Lâm hác tiền duyên hữu,",林壑前緣有，
Gián quần thần ư triều liệt; hồi nhất cố ư uy nhan.,間群臣於朝列；回一顧於威顏。
"Thiên hà dạ chuyển phiêu hồi tinh,",天河夜轉漂回星，
"Túc túc thố tư,",肅肅兔罝、
Thứ vu Mông dĩ.,次于蒙汜。
Lãng bằng thanh điểu thông đinh ninh.,浪憑青鳥通丁寧。
Nhĩ dao bích chi hoa cư.,珥瑤碧之華琚。
"Yêu tư diễm lệ,",妖姿艷麗，
"Viên nhật thiệp dĩ thành thú, môn tuy thiết nhi thường quan.",園日涉以成趣，門雖設而常關。
Bất tri cửu tuyền thuỳ dữ quy.,不知九泉誰與歸。
"Thiên minh hạ trực minh quang cung,",天明下直明光宮，
"Tự phận càn khôn nhất chuế vưu,",自分乾坤一贅疣，
"Diệc tập viên chỉ,",亦集爰止。
Mỹ minh mỹ hối.,靡明靡晦。
"Hạ trung vãng chí Thát Sơn nam,",夏中往至獺山南，
"Quần Hồ quy lai huyết tẩy tiễn,",群胡歸來血洗箭，
"Dã trĩ quần cẩu,",野雉群雊，
"Ngư chu xuân tống khách,",漁舟春送客，
Thử huyễn hoá thân diệc đương diệt.,此幻化身亦當滅。
"Tần phi quyển liêm bắc song hiểu,",秦妃捲簾北窗曉，
Du nguyệt cầu ngã ca.,逾月求我歌。
Dữ nhân đồng sinh diệc đồng tử.,與人同生亦同死。
Tải biện cầu cầu.,載弁俅俅。
Nhi bí hậu hoạn.,而毖後患。
Thất thế nhất lạc như bôn lôi.,失勢一落如奔雷。
Cố ngã tắc tiếu.,顧我則笑。
"Nhạ hoạ chỉ nhân nhàn khẩu thiệt,",惹禍只因閑口舌，
"Khứ niên phòng thu Cổ Bắc khẩu,",去年防秋古北口，
"Mạc học Vũ Lăng nhân,",莫學武陵人，
"Đề thi hoa diệp thượng,",題詩花葉上，
"Trường An ác thiểu xuất danh tự,",長安惡少出名字，
"Tố du tùng chi,",溯游從之，
Thanh hương hàn cánh phát.,清香寒更發。
"Khinh lung mạn nhiên mạt phục khiêu,",輕攏慢撚抹復挑，
"Chiêm bỉ trung nguyên,",瞻彼中原、
Kham thán Yên Đan vô viễn khí.,堪嘆燕丹無遠器。
Tòng dĩ tôn tử.,從以孫子。
"Đãn kiến chi chi ánh lưu thuỷ,",但見枝枝映流水，
Cử đầu vọng Trường An.,舉頭望長安。
Lưu đãi tế quân lai.,留待細君來。
Hà vị thiên quân?,何謂天君？
"Tiểu nhi thập nhất tuỳ phụ canh,",小兒十一隨父耕，
Tự giao tồ cung.,自郊徂宮。
Sưu giảo hiên pha tâm xung xung.,搜攪軒簸心忡忡。
Tạm du Đào Nguyên lý.,暫遊桃源裡。
Mông tẩu tấu công.,矇瞍奏公。
"Ngã tồ Đông Sơn,",我徂東山、
"Quân bất năng ly cao kim cự học đấu kê,",君不能狸膏金距學斗雞，
Viễn thủ thạch điền hà sở ích.,遠取石田何所益。
Chấp bí như tổ.,執轡如組，
Hoàng y sứ giả bạch sam nhi.,黃衣使者白衫兒。
Tao thử lưỡng trùng dương.,遭此兩重陽。
Lữ huống vô liêu nhân phụ nguyệt.,旅況無聊人負月。
"Khước quái quyển liêm nhân hoán khởi,",却怪捲簾人喚起，
"Tố chất cán chi nùng thực hề, chí giải thái nhi thể nhàn.",素質幹之醲實兮，志解泰而體閑。
Quan ngã lạc bút Trung thư đường.,觀我落筆中書堂。
"Lộ nhân hành ca cư nhân lạc,",路人行歌居人樂，
"Tân trang đãng tân ba,",新妝蕩新波，
"Thập tam học đắc tỳ bà thành,",十三學得琵琶成，
"Quân kim bất tuý tương yên vi,",君今不醉將焉為，
"Tố diện ỷ lan câu,",素面倚欄鉤，
"Hồn phách du du hề, uổng tri sở ỷ,",魂魄悠悠兮，枉知所倚，
Tiện lang thuyền vĩ yến.,羨郎船尾燕。
"Nê lưu hổ đấu tích,",泥留虎鬥跡，
Huyễn khu yên đắc miễn vô thường.,幻軀焉得免無常。
Tễ phàn nhật dĩ lũ.,躋攀日已屢。
Sinh tử diệc túc chung thiên niên.,生死亦足終天年。
"Duy tương mãn mấn tuyết,",唯將滿鬢雪，
Đắc dữ nhĩ đồng quy.,得與爾同歸。
Hồ điệp mộng trung phi.,蝴蝶夢中飛。
"Thì nguy an đắc chân trí thử,",時危安得真致此，
"Tổng binh Vương Thông, Tham chính Mã Anh, hựu cấp mã sổ thiên dư thất, dĩ hoàn quốc nhi ích tự cổ lật tâm kinh.",總兵王通，參政馬瑛，又給馬數千餘匹，已還國而益自股慄心驚。
Bất thị cố hương nhân.,不是故鄉人。
"Bỉ ký chi tử,",彼其之子，
Kinh thành cao mạo tế triệp y.,京城高帽細褶衣。
Tử tế tư lượng hồ bất ngộ.,仔細思量胡不悟。
Tử tôn bảo chi.,子孫保之。
Yểu điệu đan thanh hộ dũ không.,窈窕丹青戶牖空。
“Nhĩ hữu hà vật như thử tố?”,尒有何物如此素？
Dạ trạch tiên gia phú:,夜澤仙家賦：
"Trượng phu thuỳ danh động vạn niên,",丈夫垂名動萬年，
"Bề cổ tiên nguyệt hành xuân lôi,",鼙鼓鞭月行春雷，
Chế đắc chinh y ký chinh khách.,製得征衣寄征客。
"Thuỷ quốc thu quang mộ,",水國秋光暮，
"Giang đào bá ngạn hoàng sa tẩu,",江濤簸岸黃沙走，
"Viên thuỷ viên mưu,",爰始爰謀，
"Thuỳ hệ tây chi mã,",誰系西枝馬，
"Ngã khách lệ chỉ,",我客戾止，
"Kim niên mộng đoạn cửu phong vân,",今年夢斷九峰雲，
Kê minh không quán.,雞鳴空館。
"Sùng Phạm cư Nam quốc,",崇范居南國，
Xa đãi mã phiền.,車殆馬煩。
Ký nhàn thả trì.,既閑且馳。
"Xuân lai ảnh lạc giản thuỷ trung,",春來影落澗水中，
Ký tiệp tứ hầu.,既挾四鍭。
Thảo lộ vị hy.,草露未晞。
"Vu tam thập lý,",於三十里，
Thị nam môn ngoại nê trung yết.,市南門外泥中歇。
Ngũ nhạc đính thượng đô tiêu đề.,五岳頂上都標題。
"Quy lai mãn phúc trữ đồ thư,",歸來滿腹貯圖書，
"Mai hoa dĩ hiết phục tam lộng,",梅花已歇復三弄，
Thiên thanh phong vũ văn.,天清風雨聞。
"Phồn hoa tương mậu,",繁華將茂，
Nhưng chấp xú lỗ.,仍執醜虜。
"U tư viễn tứ thiểu nhân biệt,",幽姿遠思少人別，
Ngũ chỉ sơn tiền thủy bạo chú.,五指山前水暴注。
"Tấn bộc lạc nguy tằng,",迅瀑落危層，
Xuy bỉ cức tân.,吹彼棘薪。
Vu Bân tư quán.,于豳斯館。
Tướng quân toại phọc tác Phồn sinh.,將軍遂縛作蕃生。
Nhất nhất quán lai một hình trạng.,一一觀來沒形狀。
Tự tòng phiếm hải lịch Ba Sơn.,自從泛海歷巴山。
"Huống hữu tân di hoa,",況有辛夷花，
Lãnh thanh văn hoàn hác.,冷聲聞還壑。
"Tam nguyệt hương sào dĩ luỹ thành,",三月香巢已壘成，
Bình địa nhất thanh lôi.,平地一聲雷。
"Nha giảo nhục thiên hãn như du,",牙咬肉顫汗如油，
Tâm chấn đãng nhi bất di.,心振蕩而不怡。
Nữ nhạc dư tư ánh hàn nhật.,女樂餘姿映寒日。
"Cố thiên chi thuỵ Thuấn, bất tại thất chính chi tề, nhi tại sắc thiên chi thời cơ,",故天之瑞舜，不在七政之齊，而在敕天之時機，
"Tương đao chước thuỷ, thuỷ phục liên,",將刀斫水水復連，
Lạc tận Ngô vương uyển lý hoa.,落盡吳王苑裏花。
"Trẫm trẫm lộ tư,",湛湛露斯，
"Hung Nô thảo hoàng mã chính phì,",匈奴草黃馬正肥，
Luận giao hà tất tiên đồng điệu.,論交何必先同調。
"Tử tế tư lường,",仔細思量，
Vĩ quải đông hải ngạn.,尾掛東海岸。
Lễ nghĩa toàn vô.,禮義全無。
"Thi cưu tại tang,",鸤鳩在桑，
"Nhất lão nhập môn trần tiểu lễ,",一老入門陳小禮，
Nhất nhân hoang lạc vạn nhân sầu.,一人荒樂萬人愁。
"Tuấn đức khắc minh, quần công thừa hưu.",峻德克明，群工承休。
"Bất kiến Phục khuyên,",不見復關，
"Tử Cái liên duyên tiếp Thiên Trụ,",紫蓋連延接天柱，
Khỉ vô tha nhân?,豈無他人？
Độc cộng Nam sơn thủ trung quốc.,獨共南山守中國。
"Thử ngoại cánh vô cầu,",此外更無求，
Thân vô sở y bất sinh thành.,身無所依不生成。
"Lạc nhật Ngũ Hồ du,",落日五湖遊，
Quân hữu dư tài bãi diêm thiết.,君有餘財罷鹽鐵。
"Ngã phi Trâu hề, ca Yên Thất.",我非鄒兮，歌燕室。
Hạt hựu tùng chỉ?,曷又從止！
"Tiên thánh thả vi yếu danh cụ,",先聖且為要名具，
"Sơn nguyệt hiểu nhưng tại,",山月曉仍在，
"Lưỡng lộ cứu binh, bất toàn chủng nhi câu bại;",兩路救兵，不旋踵而俱敗；
Tuyết phu tiêu sấu thiên tràng kết.,雪膚消瘦千腸結。
Khai nhãn tuý mang mang.,開眼醉茫茫。
"Triều hồ, Triều hồ nại nhữ hà!",潮乎潮乎奈汝何。
"Trừng thần địch lự mặc dĩ du,",澄神滌慮默以遊，
Tướng tuỳ tâm sinh.,相隨心生。
"Không tự kiên đảm tiển túc hành,",空自肩擔跣足行，
Hà dĩ tướng chi?,何以將之？
"Phụ tử Trường An thiên lý ngoại,",父死長安千里外，
Tướng quân bất chiến không lâm biên.,將軍不戰空臨邊。
Tiết hề bất kiến.,屑兮不見。
"Tri ngã giả hoặc cơ kỳ quá phẫn,",知我者或譏其過憤，
Lệnh công hiến tịch triều Vị Ương.,令公獻籍朝未央。
Chí sĩ bất vong tại câu hác.,志士不忘在溝壑。
"Hổ tiện thuân tuần nhiễu lan tẩu,",虎便逡巡繞闌走，
"Khả thán vô tri kỷ,",可嘆無知己，
"Bạch ngọc song trung văn lạc diệp,",白玉窗中聞落葉，
"Trung hữu vạn lý chi trường giang,",中有萬里之長江，
"Túng ngã bất vãng,",縱我不往，
"Đạo nhân hung trung thuỷ kính thanh,",道人胸中水鏡清，
Tần sơn dao vọng Lũng sơn vân.,秦山遙望隴山雲。
"Mỹ sở chỉ ngưng,",靡所止疑，
Xướng dư yêu nhữ.,倡予要女。
"Như thố hoả ư tích tân, vị quốc gia chi khả thị.",如厝火於積薪，謂國家之可恃。
Bạch đầu tiên nhân ẩn ngọc hồ.,白頭仙人隱玉壺。
Chi phấn thung điều phát như trửu.,脂粉慵調發如帚。
Thục tái nam mẫu.,俶載南畝。
"Thu phong tiêu sắt thiên khí lương,",秋風蕭瑟天氣涼，
"Thiên trường địa cửu vô chung tất,",天長地久無終畢，
Hoa lạc tuỳ phong tử tại chi.,花落隨風子在枝。
"Tha nhật cánh bộc ngữ bất thiển,",他日更僕語不淺，
Sơn u vân vụ đa.,山幽雲霧多。
"Giang đình hữu khách thu vọng diêu,",江亭有客秋望遥，
"Lâu tiền đạp thuý phương thảo sầu,",樓前踏翠芳草愁，
Chỉ thuộc tầm thường tỵ thế nhân.,只屬尋常避世人。
"Thái Dịch trì nội hồng phù dung,",太液池內紅芙蓉，
"Bắc chí hồi thuỷ,",北至回水，
"Niệm nhĩ thử thì hữu nhất trịch,",念爾此時有一擲，
Bất nhu kỳ dực?,不濡其翼。
Vạn sự phản phúc hà sở vô.,萬事反復何所無。
"Phạ chiếu thu tâm mạo,",怕照秋心貌，
"Thành túc dĩ biểu ngã quốc chi thịnh trị, tiến nhất nhân chi gia trinh.",誠足以表我國之盛治，薦一人之嘉禎。
"Thuộc sầu ngâm chi vị cánh,",屬愁吟之未竟，
"Doanh bả na tu thương hải châu,",盈把那須滄海珠，
Vị chi tái hỹ.,謂之載矣。
Tử tôn thiên ức.,子孫千億。
Hà sự huyên oanh lai hướng thôn.,何事喧轟來向村。
"Vị bất thất tắc,",為不失則，
Quân gia tại hà xứ?,君家在何處？
"An đắc bạc vụ khởi tương quần,",安得薄霧起緗裙，
Cảm vật bi thâm.,感物悲深。
Cù Đường thạch thành thảo tiêu sắt.,瞿塘石城草蕭瑟。
"Động hạp Mộng sinh,",動闔夢生，
Nghi vô hối nộ.,宜無悔怒。
Môn tiền hệ trứ thanh thông mã.,門前繫著青驄馬。
"Nam Cực trường huy,",南極長輝，
"Thập nhật hoạ nhất thuỷ,",十日畫一水，
Cốt lão khí thanh thần ảm mạc.,骨老氣清神黯漠。
"Nam nhi chước hiến nữ nhi tị,",男兒酌獻女兒避，
"Hiền thánh khứ bất quy, trí ngu đồng thử lộ.",賢聖去不歸，智愚同此路。
"Bồng Lai Chức Nữ hồi vân xa,",蓬萊織女回雲車，
"Tùng căn Hồ tăng khế tịch mịch,",松根胡僧憩寂寞，
Xứ xứ thị đào nguyên.,處處是桃源。
Diệc mạc ngã cú.,亦莫我顧。
Hữu cầu kỳ giác.,有捄其角。
Cửu an điềm thoái ngẫu thử gian trinh.,久安恬退偶此艱貞。
Phồn diễn doanh cúc.,蕃衍盈匊。
"Vương đối viết: Bô tịch chi hậu, tinh thần hoảng hốt, nhược hữu sở hỉ. Phân phân nhiễu nhiễu, vị tri hà ý. Mục sắc phảng phất, sạ nhược hữu ký. Kiến nhất phụ nhân, trạng thậm kỳ dị. Mị nhi mộng chi, ngụ bất tự chí. Võng hề bất lạc, trướng nhiên thất chí. Ư thị phủ tâm định khí, phục kiến sở mộng.",王對曰：晡夕之後，精神怳忽，若有所喜。紛紛擾擾，未知何意。目色髣髴，乍若有記。見一婦人，狀甚奇異。寐而夢之，寤不自識。罔兮不樂，悵然失志。於是撫心定氣，復見所夢。
"Chủ nhân đăng cao khứ,",主人登高去，
"Lũng để ta trường biệt,",隴底嗟長別，
"Lương gian yến tước hưu kinh phạ,",梁間燕雀休驚怕，
"Giáo nhi bất nghiêm,",教而不嚴，
"Bình sinh lại đoạ kim thuỷ hối,",平生懶惰今始悔，
"Đại phong hữu toại,",大風有隧，
Trắc giáng duy thuỷ.,陟降維始。
"Hạnh hoa khan hồng bất khan bạch,",杏花看紅不看白，
"Bao công, Ngạc công mao phát động,",褒公鄂公毛髮動，
Công án tam sinh bạch cốt thiền.,公案三生白骨禪。
"Minh nguyệt tuỳ lương duyện,",明月隨良掾，
"Nhất thời cân quắc trận,",一時巾幗陣，
"Cao Đào phủ hầu,",皋陶甫侯，
"Nhất đới viễn sơn hàm lạc nhật,",一帶遠山銜落日，
Na tri tu đoản dữ tốc trì.,那知修短與速遲。
Tế liễu tân bồ vị thuỳ lục?,細柳新蒲為誰綠。
Thân đoạ Nam Châu chướng hải gian.,身墮南州瘴海間。
"Vương tại Linh Chiểu,",王在靈沼，
"Tiền chi thăng giả nao phụ đồ,",前之升者猱附途，
"Điêu cung ký cấu,",敦弓既句，
"Cuồng lỗ chi tham tâm bất tập,",狂虜之貪心不戢，
Bất cảm bằng hà.,不敢馮河。
"Bạc ngôn truy chi,",薄言追之，
Độc bãi tinh thần giác đốn khai;,讀罷精神覺頓開。
"Kim niên hoa lạc nhan sắc cải,",今年花落顏色改，
Hoà mị tâm trường.,和媚心腸。
Diệp lý tùng tử tăng tiền lạc.,葉裡松子僧前落。
Túc vi giám giới.,足為監戒。
Ngọc nhan đình đình dữ hoa song.,玉顏亭亭與花雙。
Trùng ư Phật diện phi.,蟲於佛面飛。
Can qua vị tức khổ ly cư.,干戈未息苦離居。
Chấn kinh Từ phương.,震驚徐方。
Xuân nhật lộ bàng tình.,春日路傍情。
"Tịch liêu bão đông tâm,",寂寥抱冬心，
Bán tư ly biệt ngôn.,半思離別言。
"Huyền điểu trí di,",玄鳥致貽，
Vô nhiên hước hước.,無然謔謔。
Đệ nhất mạc phi tây bắc khứ!,第一莫飛西北去。
"Hạnh bằng ấm tí bảo an cường,",幸憑蔭庇保安強，
"Vi quân chỉnh phái quân thượng an,",為君整轡君上鞍，
"Sơn vi tôn, thuỷ vi chiểu,",山為樽，水為沼，
Thúc hề bức hề!,叔兮伯兮，
Như hà? Như hà?,如何？如何？
"Thử tình hận sát bạc tình giả,",此情恨殺薄情者，
Bàng cập vô cô tao tội lệ.,旁及無辜遭罪戾。
Tây phong lạp hoạ chiên.,西風獵畫旃。
"Cầu ngã thứ sĩ,",求我庶士，
"Thạch Môn sơn thượng đăng lâm xứ,",石門山上登臨處，
Nhập trúc vạn can tà.,入竹萬竿斜。
Niên niên thập nguyệt lai Tuyên châu.,年年十月來宣州。
"Quyển nhu điểm duyệt hốt kinh nhạ,",捲襦點閱忽驚訝，
"Tiềm Xích thuỷ hề long ngâm,",潛赤水兮龍吟，
Bất hà hữu hại.,不瑕有害？
"Bắc phong quyển địa bạch thảo chiết,",北風捲地白草折，
Thuỳ vị thử vô ngông?,誰謂鼠無牙？
"Ư thị Bình Ế thu phong,",於是屏翳收風，
Đa thiểu vị lai nhân.,多少未來人。
Sóc thảo khô như tất.,朔草枯如漆。
"Khương hầu thiết khoái đương nghiêm đông,",姜侯設膾當嚴冬，
"Thi cưu tại tang,",鸤鳩在桑，
Suất do quần thất.,率由群匹。
Chiết bỉ hà hoa.,折彼荷花。
Nghê khoan đầu bạch cánh ưng si.,倪寬頭白更應癡。
Hà dĩ vong ưu?,何以忘憂？
"Na tri nhất khứ ý vong hoàn,",那知一去意忘還，
"Ngô tâm tự thu nguyệt,",吾心似秋月，
"Khảng khái trượng phu chí,",慷慨丈夫志，
Nguyệt khổ phong thê châm chử bi.,月苦風淒砧杵悲。
Cố cửu yêm hà thượng chi cao tường;,故久淹河上之翶翔；
"Tương tại nhĩ thất,",相在爾室，
"Chước dĩ đại đẩu,",酌以大斗，
"Dĩ tuý cánh ca cánh khởi vũ,",已醉更歌更起舞，
"Vương chi nguyên cữu,",王之元舅，
"Đại công thổ địa nhưng đồng hoạn,",代公土地仍同患，
Tá vấn khổ tâm ái giả thuỳ?,借問苦心愛者誰，
Lạc tử chi vô gia.,樂子之無家。
Nhất bôi độc chước hoàn hy hy.,一杯獨酌還熙熙。
"Tự phi kiến nguy trí mệnh, xác hữu cương trường;",自非見危致命，確有剛腸；
"Lôi ân ân nhi hưởng khởi hề, thanh tượng quân chi xa âm.",雷殷殷而響起兮，聲像君之車音。
Khắc trưởng khắc quân.,克長克君。
"Ngọc lan hương hề doanh hoài,",玉蘭香兮盈懷。
"Thanh minh động thiên lạc vô hữu,",聲明動天樂無有，
Đắc sử chinh phạt.,得使征伐。
Bắc địa quan sơn địch lý bi.,北地關山笛裏悲。
"Nhập môn ngục tốt hiệp lưỡng bàng,",入門獄卒挾兩傍，
"Nguyện thuỳ chỉ đích khai phương tiện,",願垂指的開方便，
"Tư nhược lưu ba,",思若流波，
Đức âm bất hồ.,德音不瑕。
Sơn xuyên như Diễm Huyện,山川如剡縣，
Chung bất khả huyến hề!,終不可諼兮。
"Thiên thời bất trắc đa phong vũ,",天時不測多風雨，
"Kim nhật phần tiền thổ,",今日墳前土，
"Tranh danh quắc lợi vạn lý hành,",爭名攫利萬里行。
Vu tư lạc hề.,于胥樂兮。
"Nhân sinh hoan hội khởi hữu cực,",人生歡會豈有極，
"Bát nguyệt cửu nguyệt chính trường dạ,",八月九月正長夜，
"Tị hung hung kỳ vô thanh hề, hội đạm đạm nhi tịnh nhập.",濞洶洶其無聲兮，潰淡淡而並入。
Thực tĩnh di ngã bang.,實靖夷​​我邦。
"Lực sàn khí nỗi tâm tự tri,",力孱氣餒心自知，
"Nhược thân ngô lịch, túc ngô lý.",若身吾歷足吾履。
Xưng bỉ tự quang:,稱彼兕觥：
"Nhật cư nguyệt chư,",日居月諸，
"Ngu nhân điên đảo bố sinh tử,",愚人顛倒怖生死，
Nhu huệ thả trực.,柔惠且直。
Tương tương thái bạch tần.,相將採白蘋。
Cánh thướng nhất tằng lâu.,更上一層樓。
Lâm trường nhất tống quân.,臨觴一送君。
Chiêu khiên đa vị ngận tâm trường.,招愆多為狠心腸。
Thê thê bổng bổng triêu dương đồng.,萋萋菶菶朝陽桐。
Hàm Dương thiên tử chung nguy nguy.,咸陽天子終巍巍。
Hoa quần tuý sái bộ thu trần.,花裙綷縩步秋塵。
"Lục hề y hề,",綠兮衣兮，
Tứ phương vu tuyên.,四方于宣。
Khổ tiết hà tằng trường bất tử.,苦節何曾長不死。
"Trước diệp mãn chi thuý vũ cái,",著葉滿枝翠羽蓋，
"Sơ sấu cùng thu thuỷ,",疏瘦窮秋水，
Nghiễm doãn khổng cức.,玁狁孔棘。
Phương sĩ phục nhị duyên tu linh.,方士服餌延修齡。
Vạn tuế liên hô chúc Đại Tông.,萬歲連呼祝岱宗。
Thử địa đương thời diệc ngẫu nhiên.,此地當時亦偶然。
"Cốc khẩu nhàn nhàn vân khí thu,",谷口閑閑雲氣收，
"Dược kính thâm hồng tiển,",藥徑深紅蘚，
Vân hà giải chuyển không sơn lôi.,云何解轉空山雷。
Điểu tận cung tàng.,鳥盡弓藏。
"Hy Chi tục thư sấn tư mị,",羲之俗書趁姿媚，
"Quân bất kiến Ngô Hàng độ hà thượng,",君不見吳航渡河上，
Hội thị bài phong hữu mao chất.,會是排風有毛質。
"Nhất triêu uổng sát tam liệt sĩ,",一朝枉殺三烈士，
"Kim xuân tác xã thần cánh hoan,",今春作社神更歡，
"Hộc hình luỵ luỵ khẩu sinh diệm,",鵠刑累累口生焰，
"Lang thính thái lăng nữ,",郎聽採菱女，
"Thì vô Vương Lương, Bá Nhạc tử tức hưu.",時無王良伯樂死即休。
Du tâm thái huyền.,遊心太玄。
Ưu ốc bái Xung thiên.,優渥拜沖天。
"Đống mai giao long nam phố súc,",凍埋蛟龍南浦縮，
"Tái tạo chi công,",再造之功，
Hoàn hoá vi quỷ.,還化為鬼。
Vị giải hoà nhung ngũ lợi mưu.,未解和戎五利謀。
"Tư tuyết tiền sỉ, dĩ phục cố cương.",思雪前恥，以復故疆。
"Tuyên triết duy nhân,",宣哲維人，
Uẩn vu quần tiểu.,慍于群小。
Sinh nam khởi như sinh nữ cường.,生男豈如生女強。
Xuân phong tri bất tri.,春風知不知。
"Thế số nhất tức mặc,",世數一息墨，
Bình minh độc toạ đáo hoàng hôn.,平明獨坐到黃昏。
Thế hữu triết vương.,世有哲王。
Băng tương oản bích mã não hàn.,冰漿碗碧瑪瑙寒。
"Kim thần tán dật nhãn hốt khai,",今晨散帙眼忽開，
Toạ kiến minh hà tiệm vi một.,坐見明河漸微沒。
"Đông phi gia nga, hậu thu thương,",東飛鴐鵝後鶖鶬，
"Quốc gia tứ kỷ thất Trung nguyên,",國家四紀失中原，
"Bất quản Cù Đường phong lãng ác,",不管瞿塘風浪惡，
Xuân thâm trục khách nhất phù bình.,春深逐客一浮萍。
"Nhu tình khi tổn thanh đại my,",柔情欺損青黛眉，
"Thanh Môn kim toả bình đán khai,",青門金鎖平旦開，
Phong ngoại lưỡng tam thanh.,風外兩三聲。
"Ta vi sinh chi hà tu, hạnh tao phùng ư thịnh tế.",嗟微生之何修，幸遭逢於盛際。
Ngọc thụ vị liên vong quốc nhân.,玉樹未憐亡國人。
"Hạo thiên thượng đế,",昊天上帝，
Ngâm đa ý hữu dư.,吟多意有余。
"Lai vãng vô đạn dặc,",來往無彈弋，
"Xuất sư chi biểu nhật tinh huyền,",出師之表日星懸，
"Lâu đầu Trọng Tuyên ky lữ khách,",樓頭仲宣羈旅客，
"Tỉnh lang kinh doãn tất phủ thập,",省郎京尹必俯拾，
Phương tâm bất khả dân,芳心不可民。
Tức thị trừ chư huyễn.,即是除諸幻。
"Bắc đường hữu huyên hề,",北堂有萱兮，
Phản khuyến tài lang quy cố tịch.,返勸才郎歸故籍。
Vật tiễn vật bị.,勿翦勿敗，
"Đạo sĩ hân nhiên, nãi tụ trung xuất.",道士欣然，乃袖中出。
Mạc Sầu Thạch Thành tây.,莫愁石城西。
Ân uý tiềm hinh.,恩慰潜馨。
Mộ khứ triêu lai nhan sắc cố.,暮去朝來顏色故。
"Phong ba vãng lai lộ,",風波往來路，
Thủ Dương chi đân.,首陽之巔。
"Cấm uyển tuỳ ban bái miện lưu,",禁苑隨班拜冕旒，
"Hữu cú vô cú,",有句無句，
Dị tịch dĩ tương thù.,異籍以相酬。
"Tự thị sinh hàn môn,",自是生寒門，
"Đại mạch can khô, tiểu mạch hoàng,",大麥乾枯小麥黃，
"Chúc quân hứa ngã lão cánh kỳ,",祝君許我老更奇，
Diệc như giác ưng há tường vân.,亦如角鷹下翔雲。
Hà hào vu thị?,何號于市？
Kiều thậm khước thành sầu.,嬌甚卻成愁。
"Bất nguyện nhập khẩu phục thượng thân,",不願入口復上身，
"Thể tấn phi phù,",體迅飛鳧，
"Quân khứ thương giang vọng trừng bích,",君去滄江望澄碧，
"Trú tự dạ uỷ thời phân bàn,",晝飼夜餧時分盤，
Phân phân hồng nhạn hà tằng minh.,紛紛鴻雁何曾冥。
Thủ đề tân hoạ thanh tùng chướng.,手提新畫青松障。
"Thụ việt trúc đàn văn ý chỉ,",授鉞築壇聞意旨，
"Duy cự duy phi,",維秬維秠，
Đế hà hưởng?,帝何饗？
"Thệ tương khứ nhữ,",逝將去女，
Kim nhân hoàn đối lạc hoa phong.,今人還對落花風。
"A thuỳ phù thượng mã,",阿誰扶上馬，
"Thiên tuyền địa chuyển hồi long ngự,",天旋地轉迴龍馭，
Kim ngã hà dĩ uỷ tịch mịch!,今我何以慰寂寞！
Đắc ý vị dụng tương lăng khoa.,得意未用相凌夸。
"Thịnh xưng trưởng lại hữu huệ chính,",盛稱長吏有惠政，
Đức âm thị mậu.,德音是茂。
Bất lưu thúc tân.,不流束薪。
Phục thực Lưu An đức nghiệp tôn.,服食劉安德業尊。
"Lưu ngôn dĩ đối,",流言以對，
"Sào ty tu trường bất tu bạch,",繅絲須長不須白，
Tiểu ấp do tàng vạn gia thất.,小邑猶藏萬家室。
Đông phương mang hĩ.,「東方明矣，
"Tạc tỉnh giao tông diệp,",鑿井交棕葉，
Chiêu tai tự phục.,昭哉嗣服。
"Sơn thạch lạc xác hành kính vi,",山石犖確行徑微，
"Nhược đạo thổ vô anh tuấn tài,",若道土無英俊才，
"Ô hô tráng sĩ đa khảng khái,",嗚呼壯士多慷慨，
"Băng hồn tiêu bất tận,",冰魂銷不盡，
Duy dậu kiệt kiệt.,維莠桀桀。
"Chủ nhân lưu khách đương kim tiêu,",主人留客當今宵，
"Ngã tâm hạo vô tế,",我心浩無際，
Hà sinh mãn lục trì.,荷生滿綠池。
"Dĩ tiện công huân tải minh phủ,",已羨功勲載盟府，
"Hoạ kích điêu qua bạch nhật hàn,",畫戟雕戈白日寒，
"Tại bỉ vô ố,",在彼無惡，
"Tử chi bất thục,",子之不淑，
Thệ khẳng thích ngã.,噬肯適我。
Phụng đầu sí khởi hồng quần để.,鳳頭翅起紅裙底。
"Tự gia nhi tri,",自家而知，
Tuyết nguyệt phong hoa thuỳ dữ cộng.,雪月風花誰與共？
"Yến nhĩ tân hôn,",宴爾新昏，
Thiên hạ học sĩ diệc bôn ba.,天下學士亦奔波。
"Bạch phát, thanh bào, ngô lão hĩ!",白髮青袍吾老矣。
"Giải cấu xán giả,",邂逅粲者，
Duy đức thị vụ.,唯德是務。
Dị vu trung quỳ.,施于中逵。
Quyên quyên tự mi ý nan quyết.,娟娟似眉意難訣。
Bất dị duy vương.,不易維王。
"Thu thiên tư phụ tâm,",秋天思婦心，
Đào hoa liêm ngoại đông phong nhuyễn,桃花簾外東風軟，
"Dĩ tư báo chủ thốn tâm xích,",以茲報主寸心赤，
"Kỳ hình dã,",其形也，
Thiên lý mã khứ Hán đạo hưng.,千里馬去漢道興。
Nhượng xá dĩ cư.,讓舍以居。
"Thành thang đông tuần,",成湯東巡，
Hướng ngung khí bút trù trướng thời.,向隅棄筆惆悵時。
Viên Viên tiểu tự kiều la ỷ.,圓圓小字嬌羅綺。
"Khách hữu phương thiên khê, chu vạn hác. Thuấn Kỳ Phong, võ Triền Lạc. Lịch Nghiêm lại nhi tả toàn, chỉ Bàn Khê nhi kính bạc. Nga yên thụ chi vi mang, đạm phong vân chi mãng mạc. Kiển trung tâm hề dao dao, niệm giai hứng hề di ngạc. Hốt sương nhiêm chi lão tẩu, xanh vi hàng nhi dao độ.",客有方千溪，舟萬壑。舜岐豐，武瀍洛。礫嚴瀨而左旋，指磻溪而徑泊。睋煙樹之微茫，澹風雲之莽漠。褰中心兮搖搖，念佳興兮貽愕。忽霜髯之老叟，撐葦航而遙渡。
Côn Luân Ngu tuyền nhập mã đề.,崑崙虞泉入馬蹄。
"Bạch đầu cung nữ tại,",白頭宮女在，
Tiếu động tư thái sinh hương cấu.,笑動姿采生香㡚。
"Ta giai nhân chi tín tu hề,",嗟佳人之信修兮，
Vị tha nhân mỹ.,謂他人母。
Tướng quân dục thuyết hợp tàm tu.,將軍欲說合慚羞。
"Bồi hồi cộng vịnh đông phương nhật,",裴回共詠東方日，
"Các xứ tặc thành, bất huyết nhận nhi tự khai.",各處賊城，不血刃而自開。
Tùng tử vu Ác.,從子于沃。
"Trục vũ phiêu khinh tụ,",逐舞飄輕袖，
Giang đầu nhật toạ lưu bình thuyền.,江頭日坐流萍船。
Thị vi ngu si.,是為愚癡。
"Chỉ khủng cao ngâm hạo mạc thu,",祇恐高吟浩莫收，
"Cửu vực chi ngư,",九罭之魚、
Tiếu vị Lý Bạch vi si nhi.,笑謂李白為痴儿。
"Đạm đạm Trường Giang thuỷ,",澹澹長江水，
"Yên đắc huyên thảo,",焉得諼草？
"Chủ nhân kế cố giai,",主人計固佳，
"Trung Hoa văn hoá biến miễn thu,",中華聞化遍免收，
Trạch thị Hạo kinh.,宅是鎬京。
Gia gia phục trừ hộ ngưu tửu.,家家復除戶牛酒。
"Nhàn đình thâm bế, ta thanh điểu chi tín tu.",閒庭深閉，嗟青鳥之信修。
Bất nhu kỳ trú?,不濡其咮。
"Quy thì bất giác dạ,",歸時不覺夜，
Bất đãi thiên minh đầu tận bạch.,不待天明頭盡白。
Đông quách lão nhân trú thanh khâu.,東郭老人住青丘。
"Lãnh Câu chi huyết chử phiếu, giang thuỷ vị chi ô yết;",冷溝之血杵漂，江水為之嗚咽；
"Hạo thiên viết đán,",昊天曰旦，
Diệc hựu hà cầu?,亦又何求？
Vãng vãng thủ tửu hoàn độc khuynh.,往往取酒還獨傾。
Vân thuỳ chi tư?,云誰之思？
Đảm Thái Sơn hề vân bất khai.,膽泰山兮雲不開。
Diểu diểu chung thanh vãn.,杳杳鐘聲晚。
Phúc lộc lai thành.,福祿来成。
"Nữ Nhi phố tiền hồ thuỷ lưu,",女兒浦前湖水流，
"Uyên Ương hồ bạn thảo niêm thiên,",鴛鴦湖畔草黏天，
Bách phu chi ngự.,百夫之禦。
Vô sử quân lao.,無使君勞。
"Hoa môn lâu tiền kiến thu thảo,",花門樓前見秋草，
Viên đắc ngã trực.,爰得我直。
Nhạc Doanh môn ngoại Lư gia khấp.,樂營門外盧家泣。
"Nhất đán giao binh hề, đạp nhẫn nhi tử,",一旦交兵兮，踏刃而死，
Cam hộ lôi chi.,甘瓠累之。
Giang khoát thiên không.,江闊天空。
"Tiên liệu hổ tu hổ do thiếp,",先撩虎須虎猶帖，
Tố luyện thoát trục thuỳ thanh thiên.,素練脫軸垂青天。
"Vi chi tại tâm,",為之在心，
"Cam Châu thành tây Hắc thuỷ lưu,",甘州城西黑水流，
Tê tượng tỉ châu thường chủng chí.,犀象璽珠常踵至。
Duy vương kỳ sùng chi.,維王其崇之。
"Vị bỉ tất dị tâm nhi cải lự,",謂彼必易心而改慮，
"Quân thần dĩ dữ thì tế hội,",君臣已與時際會，
Bất tự trường kiếm tu thiên ỷ.,不似長劍須天倚。
Bất cảm chiếu mao y.,不敢照毛衣。
Hành nam ngưng mục hiểu quy hồng.,衡南凝目曉歸鴻。
Quảng Lăng tán tuyệt hoàn kham tích.,廣陵散絕還堪惜。
Bang quốc điển tuỵ.,邦國殄瘁。
"Tuyền xuất cự ngư trưởng tỉ nhân,",泉出巨魚長比人，
"Nhu diệc bất nhự,",柔亦不茹，
Tuỳ Dương Nguyệt điện thành phi yên.,隋煬月殿成飛烟。
Ngôn thái kỳ tục.,言采其藚。
"Vô tài khả khứ bổ thương thiên,",無才可去補蒼天，
Nhân lực vị chí cầu thiên toàn.,人力未至求天全。
"Tố du tùng chi,",溯游從之，
"Thượng uyển hà cùng thụ,",上苑何窮樹，
Dĩ phạt viễn dương.,以伐遠揚，
Kỳ thực chi thực.,其實之食。
Không ngâm Bạch Thạch Lạn,空吟白石爛，
Viên trung hoa tận khai.,園中花盡開。
Kỳ tỉ như trất.,其比如櫛。
"Nhiễu dân thiết huyền lộc chi hãm tịnh,",擾民設玄鹿之陷阱，
"Nguyện dĩ Táo hạ dưỡng,",願以竈下養，
"Lượng viết bất khả,",涼曰不可，
Ngộ mỵ vô vi.,寤寐無為，
Ưu phụ đại nộ mạ kỳ phu:,優婦大怒罵其夫：
Tòng thử quân vương bất tảo triều.,從此君王不早朝。
Viên hầu tương truy.,猿猴相追。
"Trường lâm tiêu táp, diệp động thiên giáp.",長林蕭颯，葉動千甲。
"Hành nhân quá thử bất năng khứ,",行人過此不能去，
"Nhược linh tại quận đắc ngũ khảo,",若令在郡得五考，
"Ngã thuyền cam nhượng lai thuyền tẩu,",我船甘讓來船走，
"Ly hợp hề yên vân,",離合兮煙雲，
Cô chu nhất khứ mê quy niên.,孤舟一去迷歸年。
"Đại địa xứ xứ giai Mịch La,",大地處處皆汨羅。
Thị bàn dã:,是盤也：
Hướng ngã thủ tâm lưu.,向我手心流。
Khắc củng minh hình.,克共明刑。
"Diểu diểu Giang Lăng đạo,",渺渺江陵道，
Ba tiêu diệp đại chi tử phì.,芭蕉葉大支子肥。
"Âm thanh khoảnh khắc trục thiên biến,",音聲頃刻逐千變，
"Kim đao vị hạ tràng tiên đoạn,",金刀未下腸先斷，
"Quảng trương phúc tội tư dụ hiếp,",廣張福罪資誘脅，
"Nhị xuyên dung dung, lưu nhập cung tường.",二川溶溶、流入宮牆。
"Hoà đao mộc lạc,",禾刀木落，
Như thử chí bảo tồn khởi đa.,如此至寶存豈多。
Hậu lĩnh tạp đạp như kinh bôn.,後嶺雜沓如驚奔。
"Thượng hữu hành nhân cao phiếu diểu,",上有行人高縹渺。
Hồi Ngột uỷ nhục Bồ Đào cung.,回紇喂肉葡萄宮。
"Cúc tai thứ chính,",鞫哉庶正，
Sơn thượng cô vân tuỳ mã khứ.,山上孤雲隨馬去。
Phiêu phiêu viễn tự lưu sa chí.,飄飄遠自流沙至。
Vi công tử kỳ.,為公子裘。
"Đãi ngã hạ hỹ,",迨我暇矣，
Lục lãng phầm dũng hiên song đông.,綠浪濆涌軒窗東。
"Bất thị Kinh Kha Nhiếp Chính đồ,",不是荊軻聶政徒，
"Nê dung phi yến tử,",泥融飛燕子，
Song nhãn huỳnh huỳnh nhĩ tập tập.,雙眼熒熒耳戢戢。
Na khẳng xả mệnh luyến sở sinh?,那肯捨命戀所生？
Tiền trừ ấu niên hậu trừ lão.,前除幼年後除老。
Minh như dạ hành.,冥如夜行。
Chinh nhân Kế Bắc không hồi thủ.,征人薊北空回首。
"Âm nhai khước thừa sương tuyết cán,",陰崖卻承霜雪幹，
"Quan đầu mộng giác vị thành chân,",關頭夢觉未成眞，
Sử ngã bất năng xuyên (xan) hề!,使我不能餐兮。
Môn ngoại thù ty thành võng la.,門外蛛絲成網羅。
Giai hạ quyết minh nhan sắc tiên.,階下決明顏色鮮。
"Thiên nhân nhất lý, cảm thông bất thắc.",天人一理，感通不忒。
Khán hoa hựu thị liên.,看花又是蓮。
"Nhất khê sơ nhập thiên hoa minh,",一溪初入千花明。
Thỉnh quân đình cao mạc hồi thuyền.,請君停篙莫回船。
"Trì nhật giang sơn lệ,",遲日江山麗，
Bạch nhật lôi đình Giáp Thành trượng.,白日雷霆夾城仗。
"Sơn tiền đỗ vũ ai,",山前杜宇哀，
Vị quân lưu hạ tương tư chẩm,為君留下相思枕。
"Hoàng đài thập thành,",璜臺十成，
"Thân bị kim sang, diện đa tích,",身被金創面多瘠，
Trục xuy tán như ti.,逐吹散如絲。
Tâm khinh vạn sự giai hồng mao.,心輕萬事皆鴻毛。
Thẩm lang thanh tiền giáp thành lộ.,沈郎青錢夾城路。
"Quân tử hữu tửu,",君子有酒，
Mãn đường động sắc ta thần diệu!,滿堂動色嗟神妙！
Dữ tử giai tương.,與子偕臧。
Thực túc liên triêu bất doanh đẩu.,食粟連朝不盈斗。
"Diễn quan hoàng điểu,",睍睆黃鳥，
"Phương Thúc nguyên lão,",方叔元老，
Tâm chi ưu hĩ.,心之憂矣，
"Quân khởi kỳ sinh tác hý ư thời gia, đề binh thập nẫm, khứ quốc trấp dư niên, ký khốc ư Xiêm, ký khốc ư Hoa, ký khốc ư Nga, hốt hốt nhiên đại khốc ư Đông; thuỳ giao tứ nhập thu phong, hướng ngã thần kinh mai hiệp cốt;",君豈其生作戲於時耶，提兵十稔，去國廿餘年，既哭於暹，既哭於華，既哭於俄，忽忽然大哭於東；誰教思入秋風，向我神京埋俠骨；
Tử khứ tinh thần lưu bàng bạc.,死去精神留磅礡。
Tựu trung luân lạc bất qua quân.,就中淪落不過君。
"Phong tùng lộ trúc hàn tiêu tiêu,",風松露竹寒瀟瀟，
"Sơn đầu bạch nhật vân anh anh,",山頭白日雲英英，
"“Bất như quy khứ” ngữ,",不如歸去語，
"Quả ngôn trạch giao,",寡言擇交，
Bất tri y phương.,不知醫方。
"Vãng nhật dụng tiền tróc tư chú,",往日用錢捉私鑄，
"Dịch thuỷ hưu văn kích trúc thanh,",易水休聞擊筑聲，
Tề nhật nguyệt chi huy quang.,齊日月之暉光。
Xuân lai hoàn tự sinh.,春來還自生。
"Ý cẩm kỉnh y,",衣錦褧衣。
Dĩ cẩn xú lệ.,以謹醜厲。
Thử địa cao đài ưng vị khuynh.,此地高臺應未傾。
"Uyển trung lai tẫn tam thiên thất,",苑中騋牝三千匹，
Diệp chu ninh đãi phiếm tràng lan.,葉舟寧待泛長瀾。
"Ky sầu uý vãn tầm quy tiếp,",羈愁畏晚尋歸楫，
"Kính hồ thuỷ như nguyệt,",鏡湖水如月，
"Như khuê như bích,",如圭如璧。
Bất tố thực hề!,不素食兮？
"Ca thanh khảng khái kim thanh liệt,",歌聲慷慨金聲烈，
"Bác học quảng vấn,",博學廣問，
"Tế ngữ nhân bất văn,",細語人不聞，
"Nữ tử hữu hành,",女子有行，
"Khuê trung nữ nhi tích xuân mộ,",閨中女兒惜春暮，
"Bất hỉ Tần Hoài thuỷ,",不喜秦淮水，
"Công dịch qui lai thanh bất mị,",公驛歸來清不寐，
Phiên tác lưỡng tương tư,翻作兩相思。
Phong hậu lực mục trường hồi thủ.,風後力牧長回首。
"Xuy chi nhất khúc do vị liễu,",吹之一曲猶未了，
Nhất phiến phi hoa lạc phấn đề.,一片飛花落粉題。
"Kim triêu hành khách quá,",今朝行客過，
Thủ lệ thủ đoàn.,取厲取鍛。
Dạ hướng lan đường tư Sở vũ.,夜向蘭堂思楚舞。
Lạc thạch thuỷ sàn sàn.,落石水潺潺。
"Vương hữu hổ thần ty uyển môn,",王有虎臣司苑門，
"Thược dược trảm tân tài,",芍藥斬新栽，
Trị bắc chúng phong sinh.,值北眾風生。
"Tam diện hoàng kim giáp,",三面黃金甲，
"Thiên bảo định nhĩ,",天保定爾，
"Do văn từ Hậu Chủ,",猶聞辭後主，
"Thực miêu, nhật nguyệt minh.",食苗日月鳴。
"Giang Nam quang cảnh thù vô lại,",江南光景殊無賴，
Mỗi hoài mỹ cập.,每懷靡及。
"Bách dư niên gian vị tai biến,",百餘年間未災變，
Long Biên thủ tiện ngu ban vũ.,龍邊取便娛斑舞。
Cô thành thụ vũ dương phong trực.,孤城樹羽揚風直。
"Khứ lai bất tương phùng,",去來不相逢，
"Sâm si hạnh thái,",參差荇菜、
Kim triêu dữ quân tuý.,今朝與君醉，
"Tẩu bình loạn thế tương thôi xúc,",走平亂世相催促，
"Tiêu hô thâm lâm tụ hung ác,",嘯呼深林聚凶惡，
"Cách ngạn tương viên khiếu,",隔岸湘猿叫，
Lạc anh thác nhận vũ y tiên.,落英錯認舞衣鮮。
"Đế ư thị, đạt tứ thông minh tứ mục, thính hiến khả dữ thế phủ, đô du dữ hô phất.",帝於是，達四聰明四目，聽獻可與替否，都俞與呼咈。
"Thương thương lạc nhật thì,",蒼蒼落日時，
Thả dĩ chước lễ.,且以酌醴。
"Môn ngoại phương đường nhất mẫu dư,",門外方溏一畝餘，
"Kỵ mã hốt ức thiếu niên thời,",騎馬忽憶少年時，
"Ưu du thái bình,",優遊太平，
"Tiền niên vọng quy, quy bất đắc,",前年望歸歸不得，
"Cái thiên dục khốn ngã dĩ giáng quyết nhiệm,",蓋天欲困我以降厥任，
Thí quan:,試觀：
"Ảnh động Tích Mộc chi tân, quang phù Phụ Lộ chi trắc.",影動析木之濱，光浮附路之側。
"Bỉ thử ly ly,",彼黍離離，
"Vương mệnh Thiệu Bá,",王命召伯，
Dưỡng dục địch phong tư mẫu đức.,養育荻風思母德。
Mông mông chuyển thuấn nhật tinh tà.,朦朦轉瞬日星斜。
"Chúng điểu cao phi tận,",眾鳥高飛盡，
"Niết mục tác quái liễu,",揘目作怪了，
Vân hà bất lạc?,云何不樂。
"Tâm vị minh thời tận,",心為明時盡，
"Tào tạp tân nha khuyến thưởng thu,",嘈雜新衙勸賞秋，
"Ngôn ký vô dung mặc bất khả,",言既無庸默不可，
Thục tri kỳ cố?,孰知其故？
"Chung tiển huynh đệ,",終鮮兄弟，
Xuyên nguyên tăng mộ hàn.,川原增暮寒。
"Nhân nhàn quế hoa lạc,",人閒桂花落，
"Bồ tứ khoáng nghi,",蒲駟曠儀，
Bất ngữ ý du tai.,不語意悠哉。
"Thứ đắc nhĩ mục thanh,",庶得耳目清，
"Tùng phong tắc tắc hành nhân thiểu,",松風謖謖行人少，
"Hàm từ vị thổ,",含辭未吐，
Thanh trủng thê lượng cánh như thử!,青冢凄涼竟如此！
"Lão cô phát bạch xỉ tận lạc,",老姑髮白齒盡落，
Vương tôn thiện bảo thiên kim khu.,王孫善保千金軀。
"Hàm Dương khách xá nhất sự vô,",咸陽客舍一事無，
Nam tử tất suy.,男子必衰。
Bào biết khoái lý.,炰鱉膾鯉，
"Hàm hương thể tố dục khuynh thành,",含香體素欲傾城，
Hà dĩ trí chi?,何以寘之？
"Ngã long thụ chi,",我龍受之，
Ngôn mạt kỳ câu.,言秣其駒。
"Tằng vân tụ tộc vũ quyết lưu,",層雲聚族雨決溜，
Phảng phật xúc đạp hàn sơn không.,仿佛蹴踏寒山空。
Thị dĩ hữu cổn y hề!,是以有袞衣兮、
"Đồng thị Trường Can nhân,",同是長干人，
Minh nguyệt chiếu cô phần.,明月照孤墳。
"Loan loan nguyệt xuất quải thành đầu,",彎彎月出挂城頭，
Tứ vạn nghĩa quân đồng nhật tử.,四萬義軍同日死。
"Thiên chi giáng võng,",天之降罔，
"Ấp lão thọ nhi khang mộ tuế thành quan vô biệt hám,",邑老壽而康暮歲成鰥無別憾，
"Hắc ám ký phi tiền độ bạch,",黑暗既非前度白，
Cùng khấu vật truy.,窮寇勿追。
"Loan loan khúc khúc tuỳ giang khứ,",湾湾曲曲随江去，
"Minh ngôn nguyện tác thần lôi điện,",盟言願作神雷電，
"Thất hiếu vưu đại,",失孝尤大，
Bất như dưỡng lư.,不如養驢。
Viên quy tượng nhật; thụ phù hàm không.,圓規象日；受夫含空。
"Đậu Điền kiêu hoành tổng luân vong,",竇田驕橫總淪亡，
"Bi hoan ly hợp triêu triêu náo,",悲歡離合朝朝鬧，
"Mãn xoang trung tín hà hiểm di,",滿腔忠信何險夷，
"Thất thanh phương dục vấn Giang Nam,",失聲方欲問江南，
Tế Lâm sơn hạ thu thảo tê.,細林山下秋草齊。
"Thiếp gia nguyên tại Lâm An lộ,",妾家原在臨安路，
Thương dăng bối cẩm huyên báng thanh.,蒼蠅貝錦喧謗聲。
"Quân bất kiến Hồ Nam sổ bách châu,",君不見湖南數百州，
Ô hô tiểu tử!,於乎小子，
"Cử đầu vọng minh nguyệt,",舉頭望明月，
Khỉ bất nhật cức (giới)?,豈不日戒？
"Phi tích khứ niên đề ấp tử,",飛錫去年啼邑子，
Xương hà thức?,昌何識？
"Hữu bật hữu bật,",有駜有駜，
Mật phụng thánh chỉ ân nghi thù.,密奉聖旨恩宜殊。
Tây ký Trường An minh nguyệt lâu.,西寄長安明月樓。
"Hải hạc nhất vi biệt,",海鶴一為別，
"Lão hậu tư lường ưng bất hối,",老後思量應不悔，
"Khế Hầu Lĩnh chi nguyệt minh, hy Phù Tang chi hiểu trạc.",憩緱嶺之月明，晞扶桑之曉濯。
Cánh điều yên mã cuồng hoan thưởng.,更調鞍馬狂歡賞。
"Cảnh tố phách chi cô minh, trám Ngân Hà chi trừng bích.",耿素魄之孤明，蘸銀河之澄碧。
Phương hương lưu quá khách.,芳香留過客。
Thức cứu nhĩ hậu.,式救爾後。
"Chu nhan phát quá như xuân phôi,",朱顏發過如春醅，
Niệm quân khách du tứ đoạn trường.,念君客遊思斷腸。
Thiệu Công thị tự.,召公是似。
Ngưu mã mao hàn súc như vị.,牛馬毛寒縮如蝟。
"Trung bất bách mẫu xà tuyến vu,",中不百畝蛇線紆，
"Đông gia tác quan náo xa mã,",東家作官鬧車馬，
"Sơn hồi lộ chuyển bất kiến quân,",山迴路轉不見君，
Sắc nan tinh hủ xan phong hương.,色難腥腐餐楓香。
Hạp khẩu kinh viên văn nhất cá.,峽口驚猿聞一個。
Trung Quốc nhân dân bị đồ độc.,中國人民被荼毒。
"Bạch dương tiêu tiêu bi cố kha,",白楊蕭蕭悲故柯，
"Truyết kỳ khấp hĩ,",啜其泣矣，
Tả thốc mao chuỳ tam bách quản.,寫秃毛錐三百管。
Đằng khô thụ đảo.,藤枯樹倒。
Tỳ bà đàn xuất Bá Lăng thu.,琵琶彈出灞陵秋。
Đầu thượng tuế nguyệt không tranh vanh.,頭上歲月空崢嶸。
"Tử chi thanh dương,",子之清揚，
"Đông bích dư quang,",東璧餘光，
Hà xứ dao vọng quân?,何處遙望君，
"Nhất ngoạ Đông Sơn tam thập xuân,",一臥東山三十春，
"Ức tích Lạc Dương Đổng Tao khâu,",憶昔洛陽董糟丘，
"Nhược hữu vật hề chí vi, sấm diệu xảo hề hoá ky.",若有物兮至微，闖妙巧兮化機。
"Bất ngôn bất tiếu bất ôn tồn,",不言不笑不溫存，
Ninh bỉ tứ phương.,寧彼四方。
Hà sừ quy khứ yểm trùng môn.,荷鋤歸去掩重門，
"Giá dữ viễn du lang,",嫁與逺遊郎，
"Trướng nhiên đề đao khởi tứ cố,",悵然提刀起四顧，
"Hồng phi tuân lục,",鴻飛遵陸、
"Hiệu ảnh lạc hàn châu,",皎影落寒洲，
Chí vu Thái Nguyên.,至於太原，
Khô ngư cánh đắc du nhiên thệ.,枯魚竟得攸然逝。
Khởi tri thử thanh năng đoạn trường.,豈知此聲能斷腸。
"Cảm tâm động nhĩ,",感心動耳，
Lưu hưởng xuất sơ đồng.,流響出疏桐。
"Ngọc Long, Kim Phượng tận mang mang,",玉龍金鳳盡茫茫，
Lễ nhạc y quan lược sơ tự.,禮樂衣冠略初似。
"Hạ mẫn bách điểu tại la võng,",下湣百鳥在羅網，
"Lục nguyệt tê tê,",六月棲棲，
Cẩm mán vân bình thâm yểm phi.,錦幕雲屏深掩扉。
Trầm thuỷ hương phần thanh tửu truyền.,沈水香焚清酒傳。
"Ngô bảo ngô thân,",吾保吾身，
"Tư Dung phiến nguyệt phù vân lai,",思容片月浮雲來，
"Tắc hữu kỳ huynh,",則友其兄，
Hoàn ưng nhưỡng lão xuân.,還應釀老春。
Hướng khanh tương mệnh thốn tâm xích.,向卿將命寸心赤，
Cát từ nhẫn ái hoàn tô dung.,割慈忍愛還租庸。
Đồng bộc quái ngã khổ thê trắc.,童僕怪我苦悽惻。
Thuỳ tiên đả khống lăng tử mạch.,垂鞭嚲鞚淩紫陌。
Nguyệt sắc hoành tà hề ngọc lậu trầm.,月色橫斜兮玉漏沉。
"Dị tục phi hương tục,",異俗非鄉俗，
Cố tả cố hữu.,顧左顧右。
Thấp hữu hà phô.,隰有荷華。
Diệc khổng chi tương.,亦孔之將。
Sùng dung ngật ngật.,崇墉仡仡。
Đông vọng đô môn tín mã quy.,東望都門信馬歸。
Ký bão hoan ngu diệc tiêu sắt.,既飽歡娛亦蕭瑟。
"Cửu Giang thập niên đông đại tuyết,",九江十年冬大雪，
Đậu thị kiểm sát ưng thì tu.,竇氏檢察應時須。
Phương cốt hữu tận,芳骨有盡
"Bất thất kỳ trì,",不失其馳，
"Đạo nhân lai tự Sùng Thiên cung,",道人來自崇天宮，
"Khả liên thanh trủng dĩ vu một,",可憐青冢已蕪沒，
"Tương giang ban trúc chi,",湘江斑竹枝，
"Thuỵ khởi khải song phi,",睡起啟窗扉，
"Tự Thái Bá, Vương Quý.",自太伯王季。
"Bỉ dĩ đức nhi hưng long hề, thử dĩ hôn nhi táng quốc.",彼以德而興隆兮，此以昏而喪國。
"Nông nhân cáo dư dĩ xuân cập, tương hữu sự ư tây trù.",農人告余以春及，將有事於西疇。
"Phong đào lam chướng nhất thân khinh,",風濤嵐瘴一身輕，
Tích ác phùng ác.,積惡逢惡。
Bỉ truyết giả bồng.,彼茁者蓬，
"Tự thị chúng mộc loạn phân phân,",自是眾木亂紛紛，
"Tương phùng bất giác tuý,",相逢不覺醉，
Túc vãng thần lưu.,足往神留。
"Thử thân tư báo bổ,",此身思報補，
"Mỹ nhân quyển châu liêm,",美人捲珠簾，
"Hải bất ba thời tri hữu thánh,",海不波辰知有聖，
Tam chi nhật nạp vu lánh ung.,三之日納于凌陰，
Hoàng điểu phi phi phùng cố nhân.,黃鳥飛飛逢故人。
"Thu ẩm hoàng hoa tửu,",秋飲黃花酒，
"Phương Thúc suất chỉ,",方叔率止，
"Đạo nhân chi cư tại hà hử?,",道人之居在何許，
"Kỳ hư kỳ từ,",其虛其邪，
Thuỳ tri kỳ số?,誰知其數？
"Nhật dạ trắc giáng,",日夜陟降，
Xâm Nguyễn tồ cung.,侵阮徂共。
"Lục thuỷ tịnh tố nguyệt,",淥水淨素月，
"Thân lưu tái bắc không đàn giáp,",身留塞北空彈鋏，
Tại thử vô dịch.,在此無斁。
Đoạn phát văn thân.,斷髪文身。
"Mẫn dư tiểu tử,",閔予小子，
Thiên cổ vạn cổ bá nhân nhĩ.,千古萬古播人耳。
"Trì biên thảo tác kính,",池邊草作徑，
"Toạ giác thương mang vạn cổ ý,",坐覺蒼茫萬古意，
Hàm thê độ Ngọc Quan.,銜淒渡玉關。
"Thập niên thân hậu trí an Lưu,",十年身後知安劉，
"Hữu nữ đồng xa,",有女同車，
Tây đầu Nhiệt Hải thuỷ như chử.,西頭熱海水如煮。
Thiên thụ vạn thụ lê hoa khai.,千樹萬樹梨花開。
"Thành trung mại nhạn bất trị tiền,",城中賣雁不值錢，
"Nguyệt chiếu Hán gia doanh tiễu tiễu,",月照漢家營悄悄，
Thử hận miên miên vô tận kỳ,此恨綿綿無盡期。
Thục đô nhục bạc cẩm hoa lãnh.,蜀都褥薄錦花冷。
Chí kim mộng tưởng nhưng do tá.,至今夢想仍猶佐。
Duy tử chi cố.,維子之故。
Bất phục ngoạ Nam Dương.,不復臥南陽。
"Phù y tại tùng,",鳧鷖在潀，
"Trúc chi đăng đăng,",築之登登，
"Duy dư dữ nhữ,",維予與女。
Lương mã tứ chi.,良馬四之。
Tại nam sơn chi dương.,在南山之陽。
"Triệu mẫn nhung công,",肇敏戎公，
"Minh minh thường tự tại,",明明常自在，
"Thương điểu quần phi,",蒼鳥群飛，
"Giá đảo đằng toàn lạc,",架倒藤全落，
Tả chi bất kiệt do nguyên thâm.,瀉之不竭由源深。
Môn tiền học chủng tiên sinh liễu.,門前學種先生柳。
Kính thượng Cấn Nhạc tăng sàn nhan.,徑上艮嶽增孱顏。
"Kim đặng hạ sơn hồng phấn vãn,",金鐙下山紅粉晚，
Triêm phồn sương nhi chí thự.,沾繁霜而至曙。
Hoa liễu ánh biên đình.,花柳映邊亭。
"Ngã đồ nhĩ cư,",我圖爾居，
"Dĩ linh phất thức quang lăng loạn,",已令拂拭光淩亂，
Gia hương thiên lý âm vấn hy.,家鄉千里音問稀。
"Hồng Môn ngọc đấu phân như tuyết,",鴻門玉鬥紛如雪，
Thiền Vu dĩ tại Kim Sơn tê.,單于已在金山西。
Ngã kim đình bôi nhất vấn chi!,我今停杯一問之。
Hữu Thương tôn tử.,有商孫子。
Lai nhiễu bách tạp cước bất đình.,來繞百匝腳不停。
Hà đắc thử hữu Chiêu Quân thôn.,何得此有昭君村。
Phúc lộc lai sùng.,福祿来崇。
"Nhân chi vô lương,",人之無良，
"Đào hoa tân thuỷ trưởng,",桃花新水長，
"Ngân Hà hốt như Hồ Tử quyết,",銀河忽如瓠子決，
"Trắc Lương Phủ hề mã huỷ tuỳ,",陟梁甫兮馬虺隋，
"Đại cổ tác đà minh,",大鼓作鼉鳴，
Minh tinh chế chế.,明星晢晢。
"Bi sầu bạch nhật thiên địa hôn,",悲愁白日天地昏，
Quỹ tống ngưu tửu la giai trì.,饋送牛酒羅階墀。
Phóng lãng do thiên chân.,放浪由天真。
"Bảo bố mậu ty,",抱布貿絲。
"Y hy Thành Vương,",噫嘻成王，
"Nãi lập cao môn,",乃立皋門，
"Tử hiền mẫu đức,",子賢母德，
Trinh tâm sương cộng bạch,貞心霜共白，
"- Thiên địa danh thắng đa hỹ,",天地名勝多矣，
"Hồ lỗ hà tằng thịnh,",胡虜何曾盛，
"Cửu cù nhất nhật tiêu tức định,",九衢一日消息定，
Phủ quán thị dinh.,莆雚是營。
Vô phục giải vong ưu.,無復解忘憂。
Không mông hề vụ vũ.,空蒙兮霧雨。
"Hối bỉ tiểu tinh,",嘒彼小星，
Khước toạ xúc huyền huyền chuyển cấp.,卻坐促弦弦轉急。
"Liêm lung trú tịch tiễu vô ngôn,",簾櫳晝寂悄無言，
Khai quan tảo bạch vân.,開關掃白雲。
"Thổ cổ phùng phùng quá lâm tế,",土鼓逢逢過林際，
"Thê thê lục lâm,",萋萋綠林，
"Hạ sơn nhật lạc nhưng xướng ca,",下山日落仍唱歌，
"Phác song đả mạn thập nhật lạc,",朴窗打幔十日落，
Nam Việt tòng tư quốc nãi phế.,南越從茲國乃廢。
Phúc lý tuy chi.,福履綏之。
Ký quân tiên chế ngoạ vân y.,寄君先製臥雲衣。
Tần bả quy kỳ kế.,頻把歸期計。
Cá cá bất vong ngô tiền vương.,個個不忘吾前王。
"Vĩ Thái sử chi bút pháp hề, yết quân thần chi đại nghĩa.",偉太史之筆法兮，揭君臣之大義。
"Nhị mâu trùng kiều,",二矛重喬，
Nhất phát ngũ tông.,壹發五豵。
"Châu thực sơn hạ khai,",朱實山下開，
Toạ khán thiên lý đương sương đề.,坐看千里當霜蹄。
"Nhã vịnh hoàng hoa thịnh tuyển sung,",雅詠黃華盛選充，
Tạc dạ mộng Ngư Dương.,昨夜夢漁陽。
Kỳ mệnh đa tịch.,其命多辟。
Bất kiến cố hương nhân.,不見故鄉人。
"Tiêu tao sóc xuý tống khinh cừu,",蕭騷朔吹送輕裘，
Thượng khả ma dã;,尚可磨也；
"Tể tể bích vương,",濟濟辟王，
Đoàn thủ vọng thư cảnh.,團取望舒景。
"Dạ phát Thương Ngô hàn mộng viễn,",夜發蒼梧寒夢遠，
Kỷ hồi dục tiễn hựu trì nghi.,幾回欲剪又遲疑。
Giáo phường giã bị truyền hô cấp.,教坊也被傳呼急。
Đồ cải Thanh miếu Sinh dân thi.,塗改清廟生民詩。
Phi thượng chi đầu biến phượng hoàng.,飛上枝頭變鳳凰。
"Vân quang xâm lý tích,",雲光侵履跡，
Khai khẩu chỉ chưởng canh tiếu huyên.,開口扺掌更笑喧。
"Độc mỵ ngụ túc,",獨寐寤宿，
"Thương ba lão thụ tính sở ái,",滄波老樹性所愛，
Thiều bàng diên kĩ.,髫龐延跂。
Nhung xa ký sức.,戎車既飭，
Thế sự tha đà thành bạch thủ.,世事蹉跎成白首。
Khuất tất đồng phô toả A Chân.,屈膝銅鋪鎖阿甄。
"Kim nhật lưu sa ngoại,",今日流沙外，
Tương y toạ đáo minh.,相依坐到明。
Phi ngu nhi hà.,非愚而何。
"Xuân phong nhất khúc Giá cô từ,",春風一曲鷓鴣詞，
Mục tí liệt tận quan xung phát.,目眥裂盡冠衝髪。
Công cánh độ hà.,公竟渡河。
"Đỗ quyên hoa phát xứ,",杜鵑花發處，
Ngư lương độ đầu tranh độ huyên.,漁樑渡頭爭渡喧。
Tỉnh lai không tự si.,醒來空自癡。
"Chư công cừ cừ nhược hạ ốc,",諸公渠渠若夏屋，
Hoa hướng nhân hề bất ngữ.,花向人兮不語。
Vị bốc nùng thân hà nhật táng.,未卜儂身何日喪？
"Hiền ngu quý tiện đồng quy tận,",賢愚貴賤同歸盡，
"Dao vọng sa trường nguyện khoả thi,",遥望沙場願裹屍，
Đàm cập quỷ phương.,覃及鬼方。
"Tạc dạ Vu sơn trung,",昨夜巫山中，
Giang tổ xuất ngư lương,江祖出魚梁。
"Tự dương tồ ngưu,",自羊徂牛，
"Thiên địa trung hề ngô minh mệnh,",天地中兮吾明命，
"Xuy đăng song canh hữu,",吹燈窗更有，
Tam muội nhậm thông chu.,三昧任通週。
"Tác thi thị thê kiêm tự giải,",作詩示妻兼自解，
Chung hãm náo nê trung.,終陷淖泥中。
"Tri tử chi háo chi,",知子之好之，
"Quân vương tuy ái nga mi hảo,",君王雖愛蛾眉好，
Ô hô!,嗚呼！
Hội triều thanh minh.,會朝清明。
"Tả chi hữu chi,",左之右之，
Đương đầu bất phụ thử giang sơn.,當頭不負此江山。
"Huyền đăng thiên vạn điểm,",懸燈千萬點，
"Hoài ngã quân đức,",懷我君德，
"Vãn lai giang môn thất đại mộc,",晚來江門失大木，
Kiêu tử tự đồng hoà.,驕子自同和。
Thập nguyệt vẫn thác.,十月隕萚。
Hoài thư thập thướng Tần.,懷書十上秦。
Thập đội bách đội duyên khê sơn.,什隊百隊沿溪山。
Hồng nê tiểu hoả lô.,紅泥小火爐。
"Vạn lý chi sơn hà khắc phục,",萬里之山河剋復，
"Thảng thốt hoàng cung bái mỹ, thần tội đương tru;",倉卒皇宮拜鎂，臣罪當誅；
"Đông tây bôn tẩu hận vô gia,",東西奔走恨無家，
"Vô cạnh duy nhân,",無競維人，
"Vô tửu cổ ngã,",無酒酤我。
"Điệm ngất ngư phục,",簟茀魚服，
"Ngã lai chính phùng thu vũ tiết,",我來正逢秋雨節，
"Động tiền độc đới thấp vân quy,",洞前獨帶濕雲歸，
Lăng ca thanh nhập uyên ương chử.,菱歌聲入鴛鴦渚。
Nghi kỳ gia nhân.,宜其家人。
Vạn lý cẩm y dao trú tiết.,萬里錦衣遙駐節。
Đãn văn nhân ngữ hưởng.,但聞人語響。
Nhân chuyển thung dung thám dĩ thủ.,人轉從容探以手。
Phất lộc nhĩ khang hĩ.,茀祿爾康矣。
"Hướng vãn nhất thân đương đạo thực,",向晚一身當道食，
Vu bỉ hành lão.,于彼行潦。
Tử hà vi ai thả oán dã.,子何為哀且怨也！
Yếm ấp hành lộ.,厭浥行露。
Tản Quan nguyệt lạc khai trang kính.,散關月落開妝鏡。
"Ca yến thị bồi vô biệt tụng,",歌宴侍陪無別頌，
Hảo vi đãng chu kịch.,好為蕩舟劇。
Liêu phục thường quân thảo hài phí.,聊復償君草鞋費。
Tu tri hậu học thông.,須知後學通。
Tiêu liêu thư!,椒聊且，
"Ngã văn hữu khách,",我聞有客，
"Yên đắc bỉ Đồ Sơn nữ,",焉得彼涂山女，
Sung nhĩ tú doanh.,充耳琇瑩，
Song ngoại nhật trì trì.,窗外日遲遲。
Hương phong cách ngạn văn.,香風隔岸聞。
Hồi thị thử thuỷ thù uỷ xà.,回視此水殊委蛇。
"Vị kiến quân tử,",未見君子、
Phú quý vinh hoa năng kỷ thì?,富貴榮華能幾時？
"Hữu điểu danh cù dục,",有鳥名鴝鵒，
Phi hoa đoạn dã kiều.,飛花斷野橋。
Thành bỉ sóc phương.,城彼朔方。
"Anh hùng hữu thì diệc như thử,",英雄有時亦如此，
Cầm tửu vi thuỳ huề.,琴酒為誰携。
"Nhập Thái phọc tặc hiến thái miếu,",入蔡縛賊獻太廟，
Long trì thập nhật phi tích lịch.,龍池十日飛霹靂。
"Năng tương nhất kiếm tịnh yên trần,",能將一劍淨烟塵，
"Giản Địch tại đài,",簡狄在臺，
"Kim cương ủ lũ, sư tử phục địa.",金剛傴僂，獅子伏地。
"Vô vi cư khoáng dã,",無為居曠野，
"Tự cổ thử oan ứng vị hữu,",自古此冤應未有，
"Xuy tận quan san Dương liễu khúc,",吹盡關山楊柳曲，
"Lăng ba tiên tử sinh trần miệt,",凌波仙子生塵襪，
"Kim thang thành tiệm tự củng hoàn,",金湯城塹自拱環，
"Thanh phong xuy ca nhập không khứ,",清風吹歌入空去，
"Tiên Chủ, Vũ Hầu đồng bí cung.",先主武侯同閟宮。
"Thu thu kê tước,",啾啾雞雀，
"Cái ngô ẩn ư hoạn lộ hề, giới dũng thoái phù cấp lưu,",蓋吾隱於宦路兮戒勇退夫急流，
Bỉ hậu nhân hề!,彼候人兮，
"Phụng chương nga nga,",奉璋峨峨，
Hoàn thị vô lương.,還是無良。
"Hữu mỹ nhất nhân,",有美一人，
Khu mã biên trường châu.,驅馬邊長洲。
"Huỷ mộc thê chỉ,",卉木萋止，
Cố thị thanh cao khí thâm ổn.,顧視清高氣深穩。
Thập nguyệt vô sương phi.,十月無霜飛。
Ký tác nhĩ ca.,既作爾歌。
"Xích nhật chiếu diệu tòng tây lai,",赤日照耀從西來，
"Chiêu Dương điện lý đệ nhất nhân,",昭陽殿裡第一人，
Trận tiền bộ khúc chung nhật tử.,陣前部曲終日死。
Ô hô tiểu tử!,於乎小子！
Kháng thế vi thế tình.,抗世違世情。
"Bất kham dữ quân thành nhất tuý,",不堪與君成一醉，
Kỳ cáo duy hà?,其告維何？
"An đắc đột kỵ chỉ ngũ thiên,",安得突騎只五千，
"Ký kiến quân tử,",既見君子，
Nguyệt xuất Nga My chiếu thương hải,月出峨眉照滄海，
"Chu tuy cựu bang,",周雖舊邦、
Quân bất kiến:,君不見：
Mỹ mục dương hề.,美目揚兮。
Thiền tụng tự vi quần.,禪誦自為群。
Thử khởi hữu ý nhưng đằng tương.,此豈有意仍騰驤。
Di túc bất quán hành hoạt nê.,夷足不慣行滑泥。
"Thì nguy thuỷ thức bất thế tài,",時危始識不世才，
Thực do thử sơn nhi sang thuỷ;,實由此山而創始；
"Sâm si hạnh thái,",參差荇菜、
"Khỉ kỳ thực ngư,",豈其食魚，
Di hận nhập tì bà.,遺恨入琵琶。
Quan nhuy song chỉ.,冠緌雙止。
Thiên thượng thủ dạng nhân gian chức.,天上取樣人間織。
"Toạ đối chân thành bị hoa não,",坐對真成被花惱，
Ngã tuý hoành miên chẩm kỳ cổ.,我醉橫眠枕其股。
"Kỳ thuỷ thương thương,",淇水湯湯，
"Tỉnh điền, hình ngục.",井田刑獄。
"Quý nhân tiến miếu dĩ thường tân,",貴人荐廟已嘗新，
Hoang dinh dã thảo thu.,荒營野草秋。
Do năng dạ dạ khí xung thiên.,猶能夜夜氣衝天。
"Tự môn chung sạ khởi,",寺門鐘乍起，
Quân bất kiến:,君不見：
"Kỳ binh thập vạn kích Hung Nô,",竒兵十萬擊匈奴，
"Bàng lân văn giả đa thán tức,",旁鄰聞者多嘆息，
Ký nhi mục khách viết:,既而目客曰：
Thư ẩu thão hề!,舒懮受兮，
Phù hà tam niên bất thi?,夫何三年不施？
"Bại bích thành đôi, phác bi thất lệ.",敗壁成堆，撲碑失隸。
"Ô hô, đắc bất ai thống trần tái mông.",嗚呼，得不哀痛塵再蒙。
"Hà cần tử đồ mẫu,",何勤子屠母，
"Nhãn tiền nhất tôn hựu trường mãn,",眼前一尊又長滿，
Chỉ huy mãnh tướng thu Hàm kinh.,指揮猛將收咸京。
"Ngư ông chu bạc đông hải biên,",漁翁舟泊東海邊，
"Ca dĩ tuý chi,",歌以訊之。
Văn học vi tiên.,文學為先。
"Đông phương chi nhật hề,",東方之日兮，
"Bái quan hy triều hiệp hoà trung,",拜觀熙朝協和衷，
"Sứ quân ý khí lăng thanh tiêu,",使君意氣淩青霄，
"Vương do doãn tắc,",王猶允塞，
Thần tuy vô ngôn ý ngã đồng.,神雖無言意我同。
Oanh sa nhạ thảo tế ư mao.,縈沙惹草細於毛。
"Nghi nhĩ tử tôn,",宜爾子孫、
Xuân phong thương biệt ly.,春風傷別離。
"Bạch nhật tại không ngọ dục bô,",白日在空午欲晡，
"Phát hướng Hoành Đường khẩu,",發向橫塘口，
"Lang tâm trọng lợi khinh phong ba,",郎心重利輕風波，
Phần chi trước chi.,燔之炙之。
Mãn đình sơn hạnh hoa.,滿庭山杏花。
Cực thổ mộc chi công dĩ sùng công tư chi giải vũ.,極土木之功以崇公私之廨宇。
"Vương vu hưng sư,",王于興師，
Hiếu cảm động thiên tâm.,孝感動天心。
"Thiên khí túc thanh,",天氣肅清，
Hạ phương tự khổ thiên tự lạc.,下方自苦天自樂。
"Hầu Văn Vương tôn tử,",侯文王孫子。
Nam giản chi tân.,南澗之濱。
Nhãn tiền bách vật câu linh điêu.,眼前百物俱零凋。
"Trù trướng thanh sơn lộ,",惆悵青山路，
Đáo kim cánh tác Điền Hoành khách.,到今竟作田橫客。
"Thụ tứ tư hải,",受賜玆醢，
Thuỳ tưởng quân tâm tự thú tâm!,誰想君心似獸心！
Văn Vương viết: tư!,文王曰：咨！
Hành động như nhược liễu phù phong.,行動如弱柳扶風。
"Tưu hỗ hoành ngỗ, bối huyệt yển chích.",陬互橫啎，背穴偃蹠。
Hầu vu Chu phục.,侯于周服。
Thiên phong đảo tháp thiên giang minh.,千峰倒插千江明。
"Khắc thâm thái thậm,",刻深太甚，
"Độc lập hà ly si,",獨立何褵褷，
"Ngoạn “Mã nhi” tắc niệm “Sô ngu”, “Lân chỉ” chi nhân, “Quan thư”, “Thước sào” chi mỹ.",玩馬兒則念騶虞，麟趾之仁，關雎，鵲巢之美。
"Đãn nguyện lão tử hoa tửu gian,",但願老死花酒間，
"Nội hữu Vu thượng thư,",內有于尚書，
"Tì hổ thiên môn túc,",貔虎千門肅，
Thu thuỷ vi thần ngọc vi cốt.,秋水為神玉為骨。
Xúc xứ tự hoa khai.,觸處似花開。
"Trung tâm tàng chi,",中心藏之，
Bất dụng Trường Giang hạn nam bắc.,不用長江限南北。
"Thảm hải dĩ tiến,",醓醢以薦，
Thiên lý nhân duyên nan cát xá.,千里姻緣難割舍。
"Nhược tồn nhược vong,",若存若亡，
Nữ chi đam hề!,女之耽兮，
"Phú Xuân kiều thượng nam lai lộ,",富春橋上南來路，
"Kỳ tại vu kim,",其在于今，
Duy quân tử sử.,維君子使。
"Quy lai hiến tiệp cận vương đô,",歸來獻捷覲王都，
"Bất tri thân hoá tác Hương Phong,",不知身化作香峰，
"Hồi tần tiếu ngữ tây song khách,",回嚬笑語西窗客，
"Khí lăng trường kiếm ỷ không đồng,",氣凌長劍倚崆峒，
Lưỡng sam bất ý.,兩驂不猗。
Tam thập lục cung thổ hoa bích.,三十六宮土花碧。
Vọng tự như manh.,望字如盲。
Tư kiến thử giao thân.,思見此交親。
Nguyệt luân chính đương ngọ.,月輪正當午。
Thượng phẩm cửu tiết thông tiên linh.,上品九節通仙靈。
"Mỹ nhân kim trướng yểm lưu tô,",美人金帳掩流蘇，
"Vu Chu thụ mệnh,",于週受命，
"Thái Dịch thanh ba,",太液清波，
"Ký thê ngôn độn khách,",寄栖言遁客，
Hà hữu hà vong,何有何亡？
Bất tác nhất hàng quy.,不作一行歸。
"Nam Hoang cổ Viêm kiếu,",南荒古炎徼，
"Trường An thiếu niên du hiệp khách,",長安少年遊俠客，
Giáng phúc khổng giai.,降福孔皆。
Trường diệp phục tòng phong.,長葉復從風。
"Chí hiểm mạc trắc hải dữ phong,",至險莫測海與風，
Sầu tâm cộng quải thiên biên nguyệt.,愁心共挂天邊月。
Đỉnh Hồ long nhiêm an khả phan.,鼎湖龍髯安可攀。
Viêm trân phỉ lễ,炎珍菲禮
"Thanh giang bạch nhật lạc dục tận,",清江白日落欲盡，
Phảng phất vân trung tích hiên cái.,彷彿雲中昔軒蓋。
Phất phất tị khổng cổ kim đồng.,拂拂鼻孔古今同。
Phong trần hồng động hôn vương thất.,風塵鴻洞昏王室。
Hướng tích văn chương đẳng nhi hí!,向昔文章等兒戲。
Thập tứ vạn chúng do hổ tỳ.,十四萬眾猶虎貔。
"Trung hữu văn chương hựu kỳ tuyệt,",中有文章又奇絕，
Hưu thiêm uyển hữu binh.,休添苑囿兵。
Thi vu tôn tử.,施于孫子。
Tiếp dẫn nhất thiên xuân,接引一天春。
Tỷ vô vi hề.,俾無訧兮。
"Can qua binh cách đấu vị chỉ,",干戈兵革鬥未止，
Vạn cổ do thương Dũng đông khách.,萬古猶傷甬東客。
Vân hồ bất di?,云胡不夷？
"Tỉnh ngô vị lạc tảo dục hoàng,",井梧未落棗欲黃，
Bất tri hạ hữu hành nhân hành.,不知下有行人行。
"Nhân tòng xảo kế khoa linh lợi,",人從巧計誇伶俐，
"Đại phu quân tử,",大夫君子，
Vương viết: Quả nhân phương kim khả dĩ du hồ?,王曰：寡人方今可以遊乎？
"Thiên hà như thị chi thương thương hề,",天何如是之蒼蒼兮，
"Trắc bỉ Nam sơn,",陟彼南山、
"Hoành lộ phế cửu bất thành lộ,",橫路廢久不成路，
Thập thiên duy ngẫu.,十千維耦。
Lương nhân hà bất tảo hoàn gia.,良人何不早還家。
"Tương tống lâm cao đài,",相送臨高臺，
Thiên thực vi chi.,天實為之，
Ngã bối khởi thị bồng hao nhân!,我輩豈是蓬蒿人！
Kim Ngưu đạo thượng xa thiên thặng.,金牛道上車千乘。
"Đắc mông quân tặng hương la thi,",得蒙君贈香羅詩，
"Vũ Đế ái thần tiên,",武帝愛神仙，
"Thử trung vô số thánh hiền hào,",此中無數聖賢豪，
Hữu như hạo nhật.,有如皞日。
Thỉnh anh tráng chí hoàn ưng tại.,請纓壯志還應在。
"Lạc giao, lạc giao,",樂郊、樂郊，
"Báo ân vô hữu nhật,",報恩無有日，
"Đăng thị nam bang,",登是南邦，
"Khai khiếp lệ triêm ức,",開篋淚沾臆，
Hạm đạm thuỳ vinh.,菡萏垂榮。
Cáo ngã Kỷ Tị niên gian sự.,告我己巳年間事。
"Ngã gia Giang thuỷ sơ phát nguyên,",我家江水初發源，
"Hà tốt quan Thang,",何卒官湯，
Tiễu tiễu nhất thanh thu.,悄悄一聲秋。
Liêm man vu vực.,蘞蔓于域。
Huống dục khể thủ hào nê Phật.,況欲稽首號泥佛。
Hoàng tuyền cô miên,黃泉孤眠
"Yểu điệu thục nữ,",窈窕淑女、
"Thương Ngô thiên tải hậu,",蒼梧千載後，
Kỳ tụng như thuỷ.,其從如水。
Bất thừa quyền dư.,不承權輿。
"Cối Kê Sơn Âm mại hoa tẩu,",會稽山陰賣花叟，
"Kiêu hùng bất sổ Vân Đài sĩ,",梟雄不數雲臺士，
"Thuỷ thiên hồng nữ hốt đương môn,",水天虹女忽當門，
Hồn hề! hồn hề! suất thử đạo,魂兮！魂兮！率此道，
"Đế tử xuy tiêu song đắc tiên,",帝子吹簫雙得仙，
"Nãi cương nãi lý,",乃疆乃理，
Kì trung nhất lỗ ngữ chư lỗ:,其中一虜語諸虜，
"Hầu gia đài tạ quang tiên mãn,",侯家臺榭光先滿，
"Sưu ư Kỳ Dương sính hùng tuấn,",蒐於岐陽騁雄俊，
"Cao chi chi thượng điểu,",高枝枝上鳥，
"Thử hệ thân tiền thân hậu sự,",此係身前身後事，
Bất ngã qua,不我過。
"Tái tương nhất bức la giao tiêu,",再將一幅羅鮫綃，
"Tái dụng hữu tự,",載用有嗣，
"Vãn linh cánh giác cân lực khiên,",晚齡更覺筋力愆，
"Cư Kỳ chi dương,",居岐之陽，
Ô Thước kiều biên nhất nhạn phi.,烏鵲橋邊一雁飛。
"Duy doanh khuyết chi hữu độ hề, lịch tam ngũ nhi triền bất ly thứ.",惟盈缺之有度兮歷三五而纏不離次。
"Ngã phục ký thành,",我服既成，
"Tử chi xương hề,",子之昌兮，
"Hữu xa lân lân,",有車鄰鄰，
"Hoàng hoa mãn địa,",黃花滿地，
Ô dịch tư.,於繹思。
Hựu vô đại dược trú chu nhan.,又無大藥駐朱顏。
Sương tiền biệt đế bồng.,霜前別蒂蓬。
"Tà nguyệt trầm trầm tàng hải vụ,",斜月沉沉藏海霧，
"Sâm si hạnh thái,",參差荇菜、
Văn chương phiến phiến lục quy lân.,文章片片綠龜鱗。
Vô tiền đối cúc hoa.,無錢對菊花。
"Quy khứ lai hề, thỉnh tức giao dĩ tuyệt du.",歸去來兮，請息交以絕遊。
"Kim nhật hoa tiền ẩm,",今日花前飲，
"Hổ vô uy hề, lang thất thế.",虎無威兮狼失勢。
"Bỉ hà nhân tư, nhược thử chi diễm dã!”",彼何人斯，若此之艷也！」
"Hạ thổ thị mạo,",下土是冒。
Vạn Khoảnh ư kim ấp thượng truyền.,萬頃於今邑尚傳。
Chỉ xích ba đào vĩnh tương thất.,咫尺波濤永相失。
"Chưng tí tổ tỉ,",烝畀祖妣，
Ý cẩm khuýnh y.,衣錦褧衣。
"Vãng lai tuần thị hiểu tịch mang,",往來巡視曉夕忙，
"Thu kỳ tán tốt, phủ dưỡng ích cần;",收其散卒，撫養益勤；
"Túc sương nhất cốt độc đương ngự,",驌驦一骨獨當禦，
Văn nhân sướng hứu.,文茵暢轂，
"Bích ngọc thoa hoành kế oản vân,",碧玉釵橫髻綰雲，
"Mộng lý quân vương cận,",夢裏君王近，
Giang thượng triều bình tống hành khách.,江上潮平送行客。
Khởi tri nhạn cơ nhục cánh bạc.,豈知雁飢肉更薄。
"Cao thị càn khôn hựu khả sầu,",高視乾坤又可愁，
"Bất kết đồng tâm nhân,",不結同心人，
Toạ pháp cung trung triều tứ di.,坐法宮中朝四夷。
"Ứng long hà hoạ,",應龍何畫，
"Cú kỳ ngữ trọng dụ giả thiểu,",句奇語重喻者少，
"Dã kỳ phục, hoàng kỳ quan.",野其服，黃其冠。
"Quan thanh tích lịch tồi đài lương,",官聲霹靂摧臺樑，
"Ngã cấu chi tử,",我覯之子、
"Động Đình liên thiên, Cửu Nghi cao,",洞庭連天九疑高，
"Cư nhiên hoá tác thập vạn trượng,",居然化作十萬丈，
Ưu tâm mỹ lạc.,憂心靡樂。
"Trường hướng tôn tiền bi lão đại,",長向尊前悲老大，
Tại ngã thuyết hề.,在我闥兮。
Hàng ma bất trị bán văn tiền.,頏摩不值半文錢。
Khả tích khắc lậu tuỳ canh tiễn.,可惜刻漏隨更箭。
Thử thời vô thanh thắng hữu thanh.,此時無聲勝有聲。
Minh tranh thiếu phụ hồng la tiêu.,鳴筝少婦紅羅綃。
Túc dạ kính chỉ.,夙夜敬止。
"Hữu thời tuỳ phong hoặc lăng loạn,",有時隨風或凌亂，
"Loát thái kỳ lưu,",捋采其劉，
Lưu tông tri hữu thác.,劉宗知有托。
"Nông tâm Lũng hạ thuỷ,",儂心隴下水，
Bách lưỡng tương chi.,百兩將之。
Thị kỳ danh phân ba.,是其名紛葩。
"Miên miên cát luỹ,",綿綿葛藟，
"Hoa tạ hoa phi, phi mãn thiên,",花謝花飛飛滿天，
"U u lộc minh,",呦呦鹿鳴，
"Linh trãi tiến giác,",靈廌進角，
"Huống văn xứ xứ chúc nam nữ,",況聞處處鬻男女，
Nãi mệnh vi vương miễn tru tỷ.,乃命為王免誅徙。
Bạch trú vạn lý nhàn thê mê.,白晝萬里閒悽迷。
Bất như thì;,不如時；
"Ngô đạo tương truyền vô cực ông,",吾道相傳無極翁，
"Hàm huyết phún nhân,",含血噴人，
"Vạn nhất quân trung phế cơ trữ,",萬一軍中廢机杼，
Du du ngã tâm.,悠悠我心。
"Chiêm ngưỡng hạo thiên,",瞻卬昊天，
Vấn vu tứ quốc.,聞于四國。
"Quyên quyên lao nhật dạ,",涓涓勞日夜，
"Đông lân tây xá hoa phát tận,",東鄰西舍花發盡，
Yên ba thiên lý sinh nhàn sầu.,煙波千里生閒愁。
Dục há vân trung quân.,欲下雲中君。
"Tuy phi tạ kiệt hiệt,",雖非謝桀黠，
Phương phi kiến dương xuân.,芳菲見陽春。
"Đệ, dã ngu Phan Đình Phùng bút phục.",弟，野愚潘廷逢筆復。
Bang chi ngạn hề.,邦之彥兮！
Phi độc quy mỹ ư ngô quân; nhi khả dĩ vi vạn thế chi quỹ triệt.,非獨歸美於吾君；而可以為萬世之軌轍。
Văn Vương quệ quyết sinh.,文王蹶厥生。
Sầu tác Thu Phố khách,愁作秋浦客，
"A Kiều phi hạ cửu thiên lai,",阿嬌飛下九天來，
Cách ngạn dao khan viên tiếu yếp.,隔岸遙看圓笑靨。
Tương Tần Việt.,相秦越。
Việt la lãnh bạc kim nê trọng.,越羅冷薄金泥重。
Hà đạn chi tiết hề!,何誕之節兮。
Bất khiên vu nghi.,不愆于儀。
Mại hoa đắc tiền tức mãi tửu.,賣花得錢即買酒。
"Học hữu tam tâm,",學有三心，
Tịnh thị thiên thượng kỳ lân nhi.,並是天上麒麟兒。
"Thảo sắc toàn kinh tế vũ thấp,",草色全經細雨濕，
Bỉ lưu chi tỷ.,彼留之子。
"Du du nam quốc tư,",悠悠南國思，
"Liễu điều lộng sắc bất nhẫn kiến,",柳條弄色不忍見，
"Kim ngã bất lạc,",今我不樂，
Quân tâm nhất thất vô hồi ngộ.,君心一失無回悟。
"Đãn kiến lệ ngân thấp,",但見淚痕濕，
Duy hữu đông lưu thuỷ trường tại.,惟有東流水長在。
Diệc mạc ngã hĩ.,亦莫我有。
Bất nhật thành chi.,不日成之。
Tịnh sái thu phong tiền.,並灑秋風前。
Tương tiền hướng tửu gia.,將錢向酒家。
Thiên lý quan phu trường uất kết.,千里鰥夫腸鬱結。
Hà ý thuỷ bá khoa thu hà.,何意水伯誇秋河。
Hựu thác Tào Di tác môi chứng.,又托曹姨作媒証。
Chẩm hoa thấp thấu Vu phong vũ.,枕花濕透巫峰雨。
Thập nguyệt Kinh Nam lôi nộ hào.,十月荊南雷怒號。
"Xuân phong uyển chuyển nhập khúc phòng,",春風宛轉入曲房，
"Đê hồi cố ảnh vô nhan sắc,",低回顧影無顏色，
Phi đáo quân vương ngọc chẩm biên.,飛到君王玉枕邊。
"Tiền sơn tiệm hôn ngư xướng tức,",前山漸昏漁唱息，
Động đạt hồ trị loạn chi lý; cảm thông hồ hiến thế chi thành.,洞達乎治亂之理；感通乎獻替之誠。
Hà dĩ qua bích thiên lý phi thanh thông?,何以戈壁千里非青蔥。
Mao đường thâm yểm bán khê biên.,茅堂深掩半溪邊。
Tuý khởi đình hoa lạc.,醉起庭花落。
"Hoàng tuyền vô dụng xứ,",黃泉無用處，
"Thú tốt khiếu, Hàm Cốc cử,",戍卒叫、函谷舉、
Quân hà yêm lưu ký tha phương.,君何淹留寄他方。
"Phù sinh tri kỷ nhật,",浮生知幾日，
Hạ vô dĩ cực tế sinh linh.,下無以極濟生靈。
"Chu trung tĩnh chước tam bôi tửu,",舟中靜酌三杯酒，
"Thuỳ gia lưỡng nô kỵ lưỡng thông,",誰家兩奴騎兩驄，
"Đính chi phương trung,",定之方中，
"Vi quân chi cố,",微君之故，
"Cử thủ trương nha tác hổ thế,",舉手張牙作虎勢。
Liệt xương bồ nhi sâm hàng ngũ.,列菖蒲而森行伍。
Đạo tặc khước tẩu.,盜賊却走。
"Vị am cô thực tính,",未諳姑食性，
"Trường hồng đẩu lạc sinh khiêu ba,",長洪斗落生跳波，
Dương thả chi nghiên dã.,揚且之顏也。
Duẫn vương bảo chi.,允王保之。
Tiêu tiêu mộ vũ phồn.,蕭蕭暮雨繁。
Bạch thạch lân lân.,白石粼粼。
Hướng nguyệt Hồ già thuỳ hỷ văn.,向月胡笳誰喜聞。
"Nguyệt lạc tinh vi ngũ cổ thanh,",月落星微五鼓聲，
Mục đồng hà xứ khứ?,牧童何處去，
Thiên tử chi sở.,天子之所。
Phong nghịch ba khẩn vô thuyền độ.,風逆波緊無船渡。
Nhật nhật hoán hoa khai.,日日喚花開。
Chu viên tư mưu.,周爰咨謀。
Điếu tế y thuỳ,弔祭伊誰
Định Chu chi mệnh dĩ tư ta?,定周之命以咨嗟？
Ký liên bí nhi huề quy da?,冀聯轡而攜歸耶？
"Việt Nam huynh đệ tỉ muội a,",越南兄弟姊妹阿，
Thì hướng dã đình khai.,時向野庭開。
"Quân đăng thanh vân khứ,",君登青雲去，
Nhật chích phong xuy diện như mặc.,日炙風吹面如墨。
Âu đức tụng công.,謳德頌功。
"Ngô Sơn Sở thuỷ tống viễn du,",吴山楚水送遠遊，
"Cao dương chi cức,",羔羊之革，
"Vương dục ngọc nhữ,",王欲玉女，
Mạc ngã cảm hoặc.,莫我敢惑。
Tuỳ hoa phi đáo thiên tẫn đầu.,隨花飛到天盡頭。
"Tịch mịch tân văn uyển,",寂寞新文苑，
"Tam nguyệt tắc điếu điếu giả bi,",三月則弔弔者悲，
"Ly sơn bắc cấu nhi tây chiết, trực tẩu Hàm Dương.",驪山北構而西折、直走咸陽。
Toại thành khảo công.,遂成考功。
"Tiểu nhi bất thức hổ,",小兒不識虎，
"Tân trang diễm chất bản khuynh thành,",新裝豔質本傾城；
"Cao sơn hữu nhai,",高山有崖，
"Khuynh gia mãi tửu thả vi lạc,",傾家買酒且為樂，
Trường tiên phong trung tự lai vãng.,長飆風中自來往。
Triển ngã tinh hề!,展我甥兮。
Chi thượng hoa khai năng kỷ nhật?,枝上花開能幾日，
"Trực lan hoành hạm, đa ư cửu thổ chi thành quách,",直欄橫檻、多於九土之城郭、
Công thành bất thoái giai vẫn thân.,功成不退皆殞身。
Thương mang bất hiểu thần linh ý.,蒼茫不曉神靈意。
"Bích Ngọc ban trung phạ điểm lưu,",碧玉班中怕點留，
Chước chước kỳ hoa.,灼灼其華。
Đãn kiến giang biên Đồng Tước đài.,但見江邊銅雀臺。
"Quy sơn thâm thiển khứ,",歸山深淺去，
Tương hứa ninh luận lưỡng tương trực?,相許寧論兩相直？
"Ký kiến Phục khuyên.,",既見復關，
Bắc Mang phôi thổ diệc nan lưu.,北邙坯土亦難留。
"Sùng dung ngôn ngôn,",崇墉言言，
Lãnh hồng khấp lộ kiều đề sắc.,冷紅泣露嬌啼色。
Nghiệp trung ca vũ tận thương đài.,鄴中歌舞盡蒼苔。
"Hữu, không như thuỷ nguyệt,",有空如水月，
"Mật phòng vũ khách loại phương tâm,",蜜房羽客類芳心，
Lão nhân lập trí Thương Sơn đầu.,老人立致商山頭。
Thất gia bất túc.,室家不足。
"Cuồng phong xuy cổ nguyệt,",狂風吹古月，
Nhân giai dưỡng tử vọng thông minh.,人皆養子望聰明。
"Bất khả uý dã,",不可畏也、
Trát trát thiên thanh bất doanh xích.,扎扎千聲不盈尺。
Ức túng tống ký.,抑縱送忌。
"Lai lai vãng vãng nhất thủ thi,",來來往往一首詩，
Thứ dư học hề tập hy.,庶予學兮緝熙。
Độc bạn Sở vương ngữ.,獨伴楚王語。
Thuỳ sinh lệ giai?,誰生厲階？
"Ngọc tự hoa tranh phát,",玉漵花爭發，
Phường ngư bát bát sắc thắng ngân.,魴魚鱍鱍色勝銀。
Vị khả tức hồi chu.,未可即回舟。
"Thừa hoan thị yến vô nhàn hạ,",承歡侍宴無閑暇，
Quý nữ tư cơ.,季女斯饑。
Hoàng lưu tại trung.,黃流在中。
Lân giáp nhất động thiên hoàng kim.,鱗甲一動千黄金。
"Độc hữu kính trung nhân,",獨有鏡中人，
Thuận đức chi hành;,順德之行；
Cố quốc bất năng quy.,故國不能歸。
Tiên tế gia phong.,先齊家風。
Tông thất dũ hộ.,宗室牖下。
Khởi túc phương hồ thánh minh.,豈足方乎聖明！
"Cức tâm yêu yêu,",棘心夭夭，
"Đế vương chi hưng, mạc bất do tư.",帝王之興，莫不由斯。
Lục tự cẩm đài sinh.,綠字錦苔生。
"Xuân uyển nhật bồi hồi,",春苑日徘徊，
"Trắc tắc tại nghiễn,",陟則在巘，
Quyên quyên dương liễu phú kim đê.,娟娟楊柳覆金堤。
Canh điểm điểm hề dạ trường.,更點點兮夜長。
"Bình sinh trung nghĩa, đương niên đại cục khả vô tàm.",平生忠義當年大局可無惭。
"Thiên niên hoại trủng canh hồ thỏ,",千年坏冢耕狐兔，
Tuy dư hiếu tử.,綏予孝子。
"Tứ hoàng thiên phất thượng,",肆皇天弗尚，
"Phàm ngã thân chích,",凡我親炙，
"Thu biểu nhập lâm,",秋飚入林，
"Thì phảng phất dĩ vật loại hề, tượng Tích Thạch chi tương tương.",時彷彿以物類兮，像積石之將將。
"Yên Đài bát thiên dư lý lộ,",燕臺八千餘里路，
Bất duẩn nhi thành do bút thành.,不筍而成由筆成。
"Toại sử thiên thu vận sự, di tích nan bằng,",遂使千秋韻事，遺跡難憑，
"Kỵ Ky, Vĩ giả, thí Thương gia chi hiền,",騎箕尾者，媲商家之賢，
Tuyến hậu ty đa quyển bất đắc.,線厚絲多卷不得。
"Công tử tư văn nhược nguyên khí,",公子斯文若元氣，
"Tằng vi Đại Lương khách,",曾為大梁客，
Phỉ phong phiếu hề!,匪風飄兮，
Dân các hữu tâm.,民各有心。
"Lịch dương hà dị sơn âm thì,",歷陽何異山陰時，
"Thanh nhân tại Tiêu,",清人在消，
"Thuỳ liên sự Ngu Thuấn,",誰憐事虞舜，
Quan kỳ lưu tuyền.,觀其流泉。
"Cô chu dạ hành thu thuỷ quảng,",孤舟夜行秋水廣，
Vị kham gia đa nan.,未堪家多難。
Thiếu phụ song tiền tưởng hoạ mi.,少婦窗前想畫眉。
Dung mấn lưỡng niên thôi.,容鬢兩年催。
Tiên phác bách tính cùng cao chi.,鞭扑百姓窮膏脂。
"Phụ thư tòng ngã hạp quy khứ,",負書從我盍歸去，
Đa khán tự trung hoa.,多看寺中花。
Chu tử hỉ thậm vô phân ai.,舟子喜甚無氛埃。
Hồ vi hồ trung lộ?,胡為乎中露？
Như sơn như hà.,如山如河。
Khỉ cảm định cư?,豈敢定居，
Kha như thanh đồng căn như thạch.,柯如青銅根如石。
Toạ giác nhất niệm du Tân La.,坐覺一念逾新羅。
Hành đạo đoài hĩ.,行道兌矣。
"Trung cấu chi ngôn,",中冓之言，
Tắc bất ngã ngu.,則不我虞。
"Du giáp tương thôi bất tri số,",榆莢相催不知數，
"Thiếu niên bất thiện tỵ phong hàn,",少年不善避風寒，
"Dụng chi bất cao diệc bất bí,",用之不高亦不庳，
Thanh âm trường thử văn.,清音長此聞。
Lưỡng chung hoà khí nhị trần thang.,兩盅和氣二陳湯。
Chi tử vô thường.,之子無裳。
Tử tắc hựu dục?,死則又育？
Uất nghi tự dục triều Chu Minh.,鬱儀自欲朝朱明。
"Trung tâm như tuý,",中心如醉。
Tân khẩu đình chu độ bất đắc.,津口停舟渡不得。
Bồ đào tân cẩm phí triền đầu.,葡萄新錦費纏頭。
"Nhĩ nãi thuế giá hồ hành cao,",爾乃稅駕乎蘅皋，
Dương cầu cô ủng hàn bất khinh.,羊裘孤擁寒不輕。
Sở tố hà sự thường khu khu.,所訴何事常區區。
Nhân lai lộ tiệm xa.,人來路漸賒。
"Mông lung tàn mộng lý,",朦朧殘夢裏，
Ngưu dương nhiễu tái đa.,牛羊繞塞多。
"Lộ bàng thiếu niên vô sở ngữ,",路傍少年無所語，
Đắc bỉ tiểu tử.,得彼小子。
Kiều Sơn cảnh hựu do cố thổ.,橋山景佑猶故土。
Đế lý phong quang lạc hữu dư,帝里風光樂有餘。
Chi tử quy.,之子歸，
"Kỷ độ thiên nhai vọng thu nguyệt,",幾度天涯望秋月，
"Nam nhi bản tự trọng hoành hành,",男兒本自重橫行，
Nễ Hành sỉ trục đồ cổ nhi.,檷衡恥逐屠沽兒。
"Đông nam phiêu phong động địa chí,",東南飄風動地至，
"Phụ tuấn tiễu quảng ngung chi khí, môn vô tư yết, gia vô hậu thuý.",負峻悄廣隅之氣，門無私謁，家無厚邃。
Tự ước cừu thâm ư Vương tử.,沮約仇深於王子。
"Khởi khan thu nguyệt truỵ giang ba,",起看秋月墜江波，
Mỗi tuế công câu quán biên bỉ.,每歲攻駒冠邊鄙。
"Thiên vương tỉ phụ thượng công phi,",天王姊婦上公妃，
"Phụ nhân nội trợ,",婦人內助，
"Xuân dạ, dạ tương ương.",春夜夜將央。
Kỳ diệp hữu na.,其葉有難。
Nguyệt xuất hàn thông Tuyết Sơn bạch.,月出寒通雪山白。
"Sơn danh An Lão lão giả an,",山名安老老者安，
"Đài xâm khúc kính tăng hà lại,",苔侵曲徑僧何賴，
Đại bang vi thù.,大邦爲讎。
"Liễm bí tuân Long Hán,",斂轡遵龍漢，
Lương thiềm lạc tận sơ tinh nhập.,涼蟾落盡疎星入。
Niệu thuỷ chi thanh như phi tuyền.,尿水之聲如飛泉。
Chiếu quản nga nhi dữ sồ áp.,照管鵝兒與雛鴨。
Hữu khẩu mạc thực Thú Dương quyết!,有口莫食首陽蕨
Chân chân quân tử,振振君子，
"Nhân sinh bất tác An Kỳ Sinh,",人生不作安期生，
"Vị quân biệt xướng Ngô cung khúc,",為君別唱吳宮曲，
"Minh minh ngã tổ,",明明我祖，
Do văn xuất tái thanh.,猶聞出塞聲。
Sinh nhất hà tảo?,生一何蚤？
"Giang hoa vị lạc hoàn Thành Đô,",江花未落還成都，
"Thạc nhân ngao ngao,",碩人敖敖，
"Xuân phong thuỳ liễu lục hiên song,",春風垂柳綠軒窗，
Hàm hoa thổ anh.,含華吐英。
"Tử bất ngã tư,",子不我思，
Nãi như chi nhân hề!,乃如之人兮，
"Cương thi tái Lượng Giang, Lượng Sơn chi đồ,",僵屍塞諒江諒山之途，
"Tự tòng Hán Lỗ hỗ tương cừu,",自從漢虜互相仇，
"Nhàn tĩnh tự kiều hoa chiếu thuỷ,",閑靜似嬌花照水，
"Thước phi sơn nguyệt thự,",鵲飛山月曙，
Tạp bội dĩ vấn chi.,雜佩以問之。
Ngọc tiêu thanh xuất chá chi đài.,玉簫聲出柘枝臺。
"Khí hàm nhật lạc tây phong lai,",氣酣日落西風來，
Bách vạn chinh nhân thú Lũng Đầu.,百萬征人戍隴頭。
"Túc dạ vô mỵ,",夙夜無寐。
"Nhân ngôn Thiếu Vi chiếu hương tỉnh,",人言少微照鄉井，
"Hà, Lưu, Thẩm, Tạ lực vị công,",何劉沈謝力未工，
"Phụ nhân y ỷ tử dữ phu,",婦人依倚子與夫，
Dạ đố yến song thê.,夜妒燕雙棲。
"Hoa đài dục mộ xuân từ khứ,",花臺欲暮春辭去，
Như chấn như nộ.,如震如怒。
Mộc kình hống bãi thôi hoa bản.,木鯨吼罷催花板。
"Thành trung xa mã đa như chức,",城中車馬多如織，
"Tuy hữu du điền hề, thuỳ dữ chi thủ,",雖有腴田兮，誰與之守，
"Tư trai Thái Nhâm,",思齊太任，
"Thiên hàn thân thượng do y cát,",天寒身上猶衣葛，
"Tử tiêu hoành địch tịch vô thanh,",紫簫橫笛寂無聲，
Kim tịch hà tịch?,今夕何夕？
Đãn thuyết Kinh Kha thị tửu nhân.,但說荊軻是酒人。
Điểu kinh thú hãi tranh trì trục.,鳥驚獸駭爭馳逐。
Kỳ lạc chỉ thư.,其樂只且！
Vi không nhất thiết không.,為空一切空。
Minh nguyệt do huyền tả vận hiên.,明月猶懸寫韻軒。
"Thiên môn xuân bảng cao thu bảng,",天門春榜高秋榜，
"Kim đồng lệ bính lộ bàn thấp,",金銅淚迸露盤濕，
Ngộ mị cầu chi.,寤寐求之。
"Ô thước vương sư,",於鑠王師，
Xích thốn bất lưu đãn sương tứ.,尺寸不留但箱笥。
"Tự trương hổ uy thực mỵ nhân,",似張虎威實媚人，
"Tự tòng Thiên Bảo binh qua khởi,",自從天寶兵戈起，
Vạn hàng quỳnh thụ tuyết trung khan.,萬行瓊樹雪中看。
"Tằng cộng ngọc nhan kiều thượng biệt,",曾共玉顏橋上別，
"Thử nhật ngao du yêu mỹ nữ,",此日遨遊邀美女，
Chức lương thiện bội;,職涼善背；
Sĩ nhị kỳ hạng.,士貳其行。
Ư kim vi thứ vi thanh môn.,於今為庶為青門。
Thời thời văn viễn oanh.,時時聞遠鶯。
"Khách lai tăng vị tri,",客來僧未知，
Cư an lự nguy.,居安慮危。
Minh nguyệt cao cao khắc lậu trường,明月高高刻漏長，
Từ phương chấn kinh.,徐方震驚。
Tương mộng trước hồ mông lung.,相夢著乎朦朧。
"Dĩ nhạ khâm chẩm lãnh,",已訝衾枕冷，
Hồ thiên bát nguyệt tức phi tuyết.,胡天八月即飛雪；
Thụ thiên chi hộ.,受天之祜。
"Long chương chung phỉ trần tục trạng,",龍章終匪塵俗狀，
"Thử ngu thần sở dĩ khể thủ hiến Thiên thu giám giả, kỳ thiên tử kỳ giám vu tư.",此愚臣所以稽首獻千秋鑑者，期天子其鑑于茲。
Đông minh chi sơn cao bách xích.,東溟之山高百尺。
"Vương vu xuất chinh,",王於出征，
"Thì dung dữ dĩ vi động hề, chí vị khả hồ đắc nguyên.",時容與以微動兮，志未可乎得原。
"Cự đằng chi tiên trường thả trường,",巨藤之鞭長且長，
Linh tử bất cô.,令子不孤。
Yên ba thiên lý phân.,煙波千里分。
Ư ngã kiến tử chân nhan sắc.,於我見子真顏色。
Tao thủ trì trù.,搔首踟躕。
"Cảnh tinh, phụng hoàng,",景星鳳凰，
"Hữu tinh hữu kỳ,",有騂有騏，
"Bất nghĩa chi phú,",不義之富，
Nguyễn gia ná đắc bất trầm tuý?,阮家那得不沉醉？
Sơn hoả toại phần thân.,山火遂焚身。
"Tùng da thạch da đức bất cô,",松耶石耶德不孤，
"Vi sinh hà hạnh phùng thịnh thế,",微生何幸逢盛世，
"Cương cường tất tử nhân nghĩa vương,",剛強必死仁義王，
Vương viết: Hà vị Triêu Vân?,王曰：何謂朝雲？
"Tẩu ngữ chi viết: tử đồ đạm văn, vị thường hải thị. Bất hữu kỳ tường, thục minh chí lý? Hà xuất long mã, dĩ hiệu Hy thị hữu đức chi trưng, thiên tích Huyền Khuê dĩ biểu Đại Vũ bình thành chi trị, khởi bất thị dĩ minh trưng nhi biểu kỳ gia thuỵ giả hồ?",叟語之曰：子徒窞聞，未常海視。不有奇祥，孰明至理？河出龍馬以效羲氏有德之徵，天錫玄圭以表大禹平成之治，豈不示以明徵而表其嘉瑞者乎？
Ưu tâm sung sung.,憂心忡忡。
Xứ sở thị chân tông.,處所是真宗。
"Cổ lai như thử phi độc ngã,",古來如此非獨我，
Mỹ nhân nhật nhật ca Ngô du.,美人日日歌吳歈。
Tửu lô nhật trưng thất bách vạn.,酒壚日征七百萬。
Tướng quân nhất trạo nam quy.,將軍一棹南歸。
Đắc dự giả hỉ bất dự bi.,得豫者喜不豫悲。
"Tạc nhật đăng cao bãi,",昨日登高罷，
"Yêm thụ bắc quốc,",奄受北國，
Lai triêu bất giác sầu nhan lão.,來朝不覺愁顏老。
Quân bất kiến:,君不見：
"Quy khứ bằng lan kiều thủ vọng,",歸去憑闌翹首望，
"Vấn xuân tòng thử khứ,",問春從此去，
"Tạc triêu hoa thắng kim triêu hảo,",昨朝花勝今朝好，
Hữu thố viên viên,有兔爰爰，
"Gia trung bần phú thuỳ đắc tri,",家中貧富誰得知，
Tiên chế lưỡng cừu tặng nhị quân.,先制兩裘贈二君。
"Bạch nhật bất đáo xứ,",白日不到處，
Nhất biện hương phần hải chu phúc.,一瓣香焚海舟覆。
Sự dữ tâm vi khả nại hà!,事與心爲可奈何。
Tạc dạ tam quan hựu văn cảnh.,昨夜三關又聞警。
"Đôn học vụ nông,",敦學務農，
"Nhất cử đăng khoa nhật,",一舉登科日，
"Hy Hoà xao nhật pha ly thanh,",羲和敲日玻璃聲，
Tam xuân nhạn bắc phi.,三春雁北飛。
Hàn nhật hạ hoang nguyên.,寒日下荒原。
Liêm ngoại đào hoa liêm nội nhân,簾外桃花簾內人，
"Ngô nhân cam tác tâm tự hôi,",吾人甘作心似灰，
Thực dã chi bình.,食野之蘋。
"Vĩnh Nguyên lệ chi lai Giao Châu,",永元荔枝來交州，
Kỳ phi lệ thiên.,其飛戾天，
Tán nhập ngũ lăng tùng bách trung.,散入五陵松柏中。
La phù kiến nhật kê nhất minh.,羅浮見日雞一鳴。
"Trực giao Ngân Hán đoạ bôi trung,",直教銀漢墮杯中，
Phổ bỉ Hàn thành!,溥彼韓城，
Duy dĩ toại ca.,維以遂歌。
Sa song hiểu vọng mê.,紗窗曉望迷。
Từ gia chung nghĩ trường du diễn.,辭家終擬長遊衍。
"Cốc trung cận quật hữu sơn thôn,",谷中近窟有山村，
"Phỏng dư lạc chỉ,",訪予落止，
Tế thế nghi dẫn anh tuấn nhân.,濟世宜引英俊人。
"Tử quy dạ đề sơn trúc liệt,",子規夜啼山竹裂，
"Thanh nhân tại Trụ,",清人在軸，
"Hữu mễ tế doanh,",有瀰濟盈，
Sách sách đan phong đoạ yên vũ.,策策丹楓墮煙雨。
"Thử ông bạch đầu chân khả liên,",此翁白頭真可憐，
Thụ chi phụ mẫu.,受之父母。
"Khởi hộ lạc hề vô dung,",豈護落兮無容，
"Nghi phương thốn chi la trân,",疑方寸之羅珍。
"Liêm ốc y y đái thuỷ ngân,",簾屋依依帶水痕，
"Đương thì tứ thập vạn thất mã,",當時四十萬匹馬，
"Ngã lai tự đông,",我來自東、
"Lê hầu bổn tại đẩu Nam gia,",黎侯本在斗南家，
Hoa tỷ nhân gia biệt khai tảo.,花比人家別開早。
Hà tu oán biệt ly.,何須怨別離。
Thuý tụ lung tiên kiều dục trích.,翠袖籠鞭嬌欲滴。
"Viên hữu đào,",園有桃，
Lương công tương nại hà.,良工將奈何。
Nãi cấu vu kinh.,乃覯于京。
"Thiên tư tài sắc nghĩ tuyệt luân,",天姿才色擬絕倫，
Hạt kỳ hữu cực?,曷其有極！
"Thương giang ngư tử thanh thần tập,",蒼江魚子清晨集，
Đào hoa ánh thuỷ tiên.,桃花映水鮮。
"Tự thán hưng vong giai thử vật,",自嘆興亡皆此物，
"Đình toa bi viễn đạo,",停梭悲遠道，
Niệm bỉ Chu cương.,念彼周京。
Thượng chi dĩ quỳnh phô hồ nhi.,尚之以瓊華乎而。
"Lịch lịch giang trình hựu lục trình,",歷歷江程又陸程，
Cao thiêu giáng lạp kim bàn nị.,髙燒絳蠟金盤膩。
"Sóc phong kính ư tiễn,",朔風勁於箭，
"Bất thú bất liệp,",不狩不獵，
Nhĩ nãi:,爾乃：
Khuynh tình đảo ý vô sở tích.,傾情倒意無所惜。
Vạn thiên nhi tội đa khoáng khuy.,萬千兒罪多曠虧。
Bãi quan tạc nhật kim như hà?,罷官昨日今如何？
Phất y tú thường.,黻衣繡裳。
"Phong đình nhất trận, yên trần cô dung;",風霆一陣，煙塵孤墉；
Nam thiên lý thái bình.,南天裏太平。
"Động môn thâm toả bích song hàn,",洞門深鎖碧窗寒，
"Di chu bạc yên chử,",移舟泊煙渚，
Hiệp phi hùng chi cát mộng.,協飛熊之吉夢。
Duật truy lai hiếu.,遹追来孝。
"Lộng thạch lâm khê toạ,",弄石臨溪坐，
"Tương thanh thần chi sơ hi hề, hồ vi hồ bản kiều quýnh bất kiến nhân.",將清晨之初稀兮，胡為乎板橋敻不見人。
Thu ưng chỉnh cách đương vân tiêu.,秋鷹整翮當雲霄。
Thi vu trung lâm.,施于中林。
Túc túc tại miếu.,肅肅在廟。
Hoa khai nhưng phất vạn niên chi.,花開仍拂萬年枝。
Bất giác cúc hoa khai.,不覺菊花開。
"Dục thâu Bắc Đẩu chước kiệt hải,",欲偷北斗酌竭海，
"Kim ngã bất lạc,",今我不樂，
"Quan gia tư gia các hữu vụ,",官家私家各有務，
Ngã tào bị mã thính thần kê.,我曹鞴馬聽晨雞。
"Xích phất kim tích,",赤芾金舄，
"Thanh đồng kính diện vô quang thái,",青銅鏡面無光彩，
Dương dương tuấn cực.,洋洋峻極。
"Uý đồ phương vạn lý,",畏途方萬里，
Pháo hoả lôi oanh tự bất thinh.,炮火雷轟似不聽。
Lạc Dương hành tử không thán tức.,洛陽行子空嘆息。
Năng vong dục lậu thì.,能忘欲漏時。
"Chu tuyên trung hưng vọng ngã hoàng,",周宣中興望我皇，
"Bất như ngã đồng tính,",不如我同姓。
"Đạc chi hoăng hoăng,",度之薨薨，
"Phân quân khu trục đáo Man Khê,",分軍驅逐到璽溪，
Tỷ tang tỷ gia.,俾臧俾嘉。
Hán gia tiêu cổ tĩnh phong yên.,漢家簫鼓靜烽煙。
"Phong vũ như hí,",風雨如晦，
Mê lư giới tử tòng hà nhập.,迷廬芥子從何入
Liễm oán dĩ vi đức.,斂怨以爲德。
Toại hoang hốt nhi từ khứ.,遂荒忽而辭去。
Phục thi hà liệt.,伏尸何劣。
"Cái đa nan nãi điển bang chi bản,",蓋多難乃典邦之本，
Bạc ngôn thái chi.,簿言采之。
Chử minh thiêu lật nghi tiêu chinh.,煮茗燒栗宜宵征。
Sơn song mãn thuý vi.,山窗滿翠微。
"Si quy duệ hàm,",鴟龜曳銜，
"Thân kinh đại tiểu bách dư chiến,",身經大小百餘戰，
Hiếu chi thuỷ dã.,孝之始也。
Thử vật Thuấn miếu đương cộng đăng.,此物舜廟當共登。
"Nhạn trác trác, phi bác bác,",雁啄啄，飛搏搏，
Hoàn tương tuỳ.,還相隨，
Ý khí kiêu xa kịch Quý Luân.,意氣驕奢劇季倫。
"Chinh Tung Nhạc chi phi,",征嵩嶽之妃，
"Dao Trì tây phó Vương Mẫu yến,",瑤池西赴王母宴，
"Lan hữu tú hề cúc hữu phương,",蘭有秀兮菊有芳，
"Giáo khúc kỹ sư liên thượng tại,",教曲妓師憐尚在，
Tỷ dân tốt cuồng.,俾民卒狂。
Hồi trạo túc hoa biên.,迴棹宿花邊。
"Thủ bả văn thư, khẩu xưng: “sắc”!",手把文書口稱敕，
Nhân sinh phản phục khán diệc xú.,人生反復看亦醜。
"Hữu ý hiềm binh bộ,",有意嫌兵部，
Tất hữu dữ dã!,必有與也。
Tuyết phu hoa mạo sâm si thị.,雪膚花貌參差是。
Chi tử thỉ mỹ tha.,之死矢靡它，
Khán hoa hoàn khán hoa.,看花還看花。
"Lục ba tịnh như kính,",綠波淨如鏡，
Nguyệt minh bạch lộ phi.,月明白鷺飛。
"Ngộ dĩ vãng chi bất gián, tri lai giả khả truy.",悟已往之不諫，知來者可追。
"Di khứ mạc sầu hoa bất hoạt,",移去莫愁花不活，
Xuân sắc diệc đáo thâm sơn trung.,春色亦到深山中。
"Ngã sinh sơn dã vô năng vi,",我生山野無能為，
Chân tiên khả dĩ toàn ngô thân?,真仙可以全吾身。
Huệ cô đề xứ Tần lâu nguyệt.,蟪蛄啼處秦樓月。
"Phi quân bất vinh,",非君不榮，
Chiếu khiển lập công hướng biên địa.,詔遣立功向邊地。
"Khỉ bất túc dạ,",豈不夙夜，
Duy cưu phương chi.,維鳩方之。
"Tật lê trầm Bắc thuỷ,",蒺藜沉北水，
"Tặc thủ thành cầm, bỉ ký trạo ngạ hổ khất liên chi vĩ;",賊首成擒，彼既掉餓虎乞憐之尾；
"Mân thiên tật uy,",旻天疾威，
"Thích chu lăng hành,",釋舟陵行，
"Yên thị kê minh động khách luân,",燕市雞鳴動客輪，
Kỳ thuỳ tri chi?,其誰知之，
"Dã hữu tử khuân,",野有死麇，
"Bất tri hà tuế nguyệt,",不知何歲月，
"Mục thụ tiều đồng diệc vô lại,",牧豎樵童亦無賴，
"Thiều thiều cận bí lai kinh khuyết,",迢迢覲轡來京闕，
Thượng hữu uyển chuyển thi nhân tình.,尚有宛轉詩人情。
Thuỳ vị nhữ vô cốc?,誰謂女無家？
"Trường An đông thư toan thả lục,",長安冬菹酸且綠，
"Kỳ xa tam thiên,",其車三千，
Hận cừ thiên tính biệt,恨渠天性別
"Chúc phó ân cần biệt tài tử,",囑付殷勤別才子，
Hữu huế kỳ tinh.,有嘒其星。
Trung tâm bất ngôn khổ.,中心不言苦。
"Đương niên thiên chỉ độ giang lai,",當年千指渡江來，
"Khai môn vọng Trường Xuyên,",開門望長川，
"Tuỳ phong phác trướng phất hương liêm,",隨風扑帳拂香奩，
Tự sấn thời tiết khai xuân phong.,自趁時節開春風。
Khả thuyết kim thu trị khứ thu.,可說今秋值去秋。
"Ký chiêu cách nhĩ,",既昭假爾，
"Y đới vô tình hữu khoan trách,",衣帶無情有寬窄，
Quả thử hài túc nặc.,果此諧宿諾。
Bán phất quỳnh diên tô hợp hương,半拂瓊筵蘇合香。
Khinh chu nam hạ như đầu thoa.,輕舟南下如投梭。
"Phiến hà chiếu tiên tỉnh,",片霞照仙井，
Vô đắc nhất ngôn dĩ vi đáng.,無得一言以為當。
"Cô nguyệt thương lãng Hà Hán thanh,",孤月滄浪河漢清，
Hoa dung bích ảnh sinh vãn hàn.,華容碧影生晚寒。
"Ngọc nhan lưu lạc tử thiên nhai,",玉顏流落死天涯，
Xích lý đằng xuất như hữu thần.,赤鯉騰出如有神。
"Lâm kỳ huật,",臨其穴，
Lệ phục hữu vựng.,麗服有暈。
Nhật dạ cánh vọng quan quân chí.,日夜更望官軍至。
"Ân tư cần tư,",恩斯勤斯，
"Khởi ký sơ cuồng đệ diệc si,",啟旣疏狂弟亦癡，
Xạ tắc tương hề.,射則臧兮。
Nguyện thướng vạn niên thư.,願上萬年書。
Quý trọng nhất phương nhân sở tư.,貴重一方人所思。
Phúc tỷ ngã bội.,覆俾我悖。
Toản nhung tổ khảo.,纘戎祖考。
"Tưởng thử sơn ư thử thì hề, khởi bất tự Hán hoàng chi tại Mang Đãng giả gia?",想此山於此時兮，豈不似漢皇之在芒碭者耶？
"Quán Oa sơ khởi uyên ương túc,",館娃初起鴛鴦宿，
Khách hữu:,客有：
Bất tiết đệ dã.,不屑髢也。
"Ngô Quyền, Khúc Hạo, Kiều dữ Dương,",吳權曲顥矯與楊，
"Đoạn yên sầu trúc khấp Thương Ngô,",斷煙愁竹泣蒼梧，
"Ngã lai đối diện bất thức ngã,",我來對面不識我，
Hiếu,孝
"Hoạn du ưng đắc hoạn vi gia,",宦遊應得宦為家，
"Quân tử hữu tửu,",君子有酒，
Hiệu lệnh pha hữu tiền hiền phong.,號令頗有前賢風。
"Kinh dã bất khan Phật bất nghĩ,",經也不看佛不擬，
"Long ngâm hổ khiếu nhất thì phát,",龍吟虎嘯一時發，
"Tưởng quân đương niên,",想君當年，
Nhập thành phạ phùng huyện lệnh hành.,入城怕逢縣令行。
"Tiêm vân tứ quyển thiên vô hà,",纖雲四卷天無河，
"Sơn hữu xu,",山有樞，
Bất từ phong lộ hạ Ba Lăng.,不辭風露下巴陵。
"Nhan như ác đơn,",顏如渥丹，
"Hoàng Nguyên nhất thống tự cổ vô,",皇元一統自古無，
"Sơ văn kỳ ngữ bán nghi tín,",初聞其語半疑信，
Duy Sâm dữ Lão.,維參與昴。
Ô mục bất dĩ.,於穆不已。
Lô trung hoa nhất chi.,爐中花一枝。
"Thạch gia Kim Cốc trọng tân thanh,",石家金谷重新聲，
Tái ca tái xuý.,載歌載吹。
Hương uyển tuyệt nhân yên.,香苑絕人煙。
"Can qua mãn ư vũ nội hề, nhân cầm thú nhi tương thực.",干戈滿於宇內奚，人禽獸而相食。
Thanh huy bất áp đa.,清輝不厭多。
Cửu long súc súc Nham Biền nhạc.,九龍矗矗岩軿岳。
"Bá dã chấp thù,",伯也執殳，
"Nghiên tư xảo tiếu,",妍姿巧笑，
"Khu thê trục tử khoá công trình,",驅妻逐子課工程，
Bách Tẩm thiều nghiêu vọng bất mê.,柏寢岧嶢望不迷。
Giải khai hoàn kế đối lang tiền.,解開鬟髻對郎前。
Nguyện tá biện khẩu như huyền hà.,願借辨口如懸河。
Huyền tửu tụng Hoàng nhân.,玄酒頌皇仁。
Diệc khổng chi hậu hĩ.,亦孔之厚矣。
Công tại sát nhân đa.,功在殺人多。
Thẩn khả dịch tư?,矧可射思？
"Mãnh thú kinh nhi khiêu hãi hề, vọng bôn tẩu nhi trì mại.",猛獸驚而跳駭兮，妄奔走而馳邁。
"Bá quyết bách cốc,",播厥百穀，
Di nhỉ đa phúc.,詒爾多福。
"Thanh bào triều sĩ tối khốn giả,",青袍朝士最困者，
Nam tử yếu vi thiên hạ kỳ.,男子要為天下奇。
Phù hà cửu trường?,夫何久長？
"Tần thì Thục thái thú,",秦時蜀太守，
"Khiên da phụ tử vô xứ đào,",牽爺負子無處逃，
Khí cựu liên tân nhậm tòng nhĩ.,棄舊憐新任從爾。
"Chu Công đông chinh,",周公東征、
Đông gia oán nữ thướng trang lâu.,東家怨女上妝樓。
"Ý khí hùng hào phi phân lý,",意氣雄豪非分理，
"Mãn đường tiếu ngữ khan châu thuý,",滿堂笑語看珠翠，
Lai tẫn tam thân.,騋牝三千。
"Thiên nhiên mai tuyết tự lưỡng kỳ,",天然梅雪自兩奇，
Tế phế cam đường,蔽芾甘棠，
"Yểu điệu thục nữ,",窈窕淑女、
Cố năng:,故能：
Hiểu cấp thanh Tương nhiên Sở trúc.,曉汲清湘燃楚竹。
"Tứ mẫu khổng phụ,",四牡孔阜，
Tái trì dịch sử trần đan tâm.,再馳驛使陳丹心。
Thần nguyện văn chi.”,臣愿聞之。」
Tuấn sinh linh chi huyết dĩ nhuận kiệt hiệt chi vẫn nha;,浚生靈之血以潤桀黠之吻牙；
"Vịnh chi du chi,",泳之游之。
Bất như đảm thượng hoa trường tại.,不如擔上花長在。
"Dao liên cố viên cúc,",遙憐故園菊，
"Diệc hữu cao lẫm,",亦有高廩，
"Thập niên lao viễn biệt,",十年勞遠別，
Điểu hoàn nhân diệc hy.,鳥還人亦稀。
"Thần toàn hình toàn tĩnh như xử nữ,",神全形全靜如處女，
Chung bất khả huyến hề!,終不可諼兮。
"Phiếm bỉ bách chu,",泛彼柏舟，
"Bỉ nhu nhuyễn dữ hội tối, phân động thực chi nan câu.",彼蠕蝡與薈蕞，紛動植之難俱。
Hồn vô tri thức hồn vô tục.,渾無知識渾無俗。
Hoa thị Ngô vương cựu nhật tài.,花是吳王舊日栽。
Bất tỉnh hạ lâu thì.,不省下樓時。
Xuân thuyền chính hảo hành.,春船正好行。
Phi quan dưỡng tính linh.,非關養性靈，
Tha hương nhất thụ hoa.,他鄉一樹花。
"Tạc dạ quần đới giải,",昨夜裙帶解，
"Oa minh thanh thảo bạc,",蛙鳴青草泊，
"Lương công tằng tôn, ngã di đệ,",梁公曾孫我姨弟，
"Thuỳ thủ đương diên ngọc tửu hồng,",垂手當筵玉酒紅，
"Tứ mẫu nghiệp nghiệp,",四牡業業，
"Anh hùng bản học vạn nhân địch,",英雄本學萬人敵，
Long xà tòng thủ trước thi tiên.,龍蛇從手著詩箋。
"Giang thuỷ trừng thanh giang nguyệt bạch,",江水澄清江月白，
Thả vị bì nhân tẩy chưng uất.,且為疲人洗蒸鬱。
Thử vật khí sa trường.,此物棄沙場。
"Bất như đa nhưỡng tửu,",不如多釀酒，
Bất mộng nhàn vinh nhục.,不夢閒榮辱。
Khốc khủng kinh lang ngụ.,哭恐驚郎寤。
Nhất phiên hàn thực hàn.,一番寒食寒。
Tri thị hoa hồn dữ điểu hồn?,知是花魂與鳥魂？
"Đạm tảo trường thiên sắc,",淡掃長天色，
"Nhất niên chỉ kiến binh hòa cảnh,",一年只見兵和警，
"Tử tôn miên miên như bất tuyệt,",子孫緜緜如不絕，
"Tín thệ điến điến,",信誓旦旦，
Thệ bất tương hảo.,逝不相好。
Tung tích phù trầm phong đả bình.,蹤跡浮沉風打萍。
Bất vân tự tần?,不云自頻？
Kỳ tụng như vân.,其從如云。
"Thiên chu khinh diểu lãm,",扁舟輕裊纜，
"Lão phu tác bãi đắc cam tẩm,",老夫作罷得甘寢，
Vấn binh quát khấu xu Hạ Lao.,問兵刮寇趨下牢。
"Trang các kỹ lâu hà tịch tĩnh,",妝閣妓樓何寂靜，
"Mê hồn loạn nhãn khán bất đắc,",迷魂亂眼看不得，
Ân tín do năng cảm Tống nhân.,恩信猶能感宋人。
"Thục nhữ, phóng nhữ phi nhập vân.",贖汝放汝飛入雲。
"Nhân gian tù ngục,",人間囚獄，
"Huệ thử trung quốc,",惠此中國，
"Cơ nhân hốt mộng phạn tắng dật,",飢人忽夢飯甑溢，
Thái chi di thuỳ?,採之遺誰？
Ư ngã quy tức.,於我歸息。
"Hà Đông thái thú thân tảo trừ,",河東太守親掃除，
"Lưu truyền Hán địa khúc chuyển kỳ,",流傳漢地曲轉奇，
Bất tri tế tự.,不知祭祀。
Kiến thử giới lẫu.,見此邂逅。
"Bản kiều dao dao chúc diệt minh,",板橋遙遙燭滅明，
"Tử hữu y thường,",子有衣裳，
"Trù đoạn yên tiêu nha xỉ các,",廚斷煙銷牙齒擱，
"Vị lưu trướng nhị, khí chi thuỷ dã,",渭流漲膩、棄脂水也、
"Vương sự mỹ cổ,",王事靡盬，
"Khiên dẫn điều thượng nhi,",牽引條上兒，
"Lai quy tự Hạo,",來歸自鎬，
"Quân hành đăng Lũng thượng,",君行登隴上，
Tiểu nho hà tất bi khổ tân.,小儒何必悲苦辛。
Hựu sử chí đại chi?,又使至代之？
Chu khinh bất uý phong.,舟輕不畏風。
"Khứ tuế bôn ba trục dư khấu,",去歲奔波逐餘寇，
Tái kỹ tuỳ ba nhiệm khứ lưu.,載妓隨波任去留。
Vô thực ngã mao.,無食我苗！
"Càn vi phụ hề, ngô tác hỗ,",乾為父兮吾作怙，
Tằng nhân nội yến trực ca vũ.,曾因內宴直歌舞。
Hồ điệt nhi vi.,胡迭而微？
Thần thánh công huân thiên cổ ký,神聖功勛千古記
Kim nhật khan kiến nho nhã nhân;,今日看見儒雅人。
Hồ chiêm nhĩ đình hữu huyền huyên hề?,胡瞻爾庭有縣貆兮？
"Sơn tăng trì tịnh giới,",山僧持凈戒，
Hoài Nam mễ tiện hảo quy lai.,淮南米賤好歸來。
Niệm bỉ kinh Chu.,念彼京周。
"Bất giác nữ đầu bạch,",不覺女頭白，
Bất phụ Tín Lăng ân.,不負信陵恩。
"Thiếu Lăng vô nhân Trích Tiên tử,",少陵無人謫仙死，
Giang đàm lạc nguyệt phục tây tà.,江潭落月復西斜。
Cánh thí minh niên xuân thảo trường.,更試明年春草長。
"Cửu nguyệt thâm thu hề, tứ dã phi sương,",九月深秋兮，四野飛霜，
"Đệ ngũ kiều đông lưu hận thuỷ,",第五橋東流恨水，
Tiền khán phục hồi cố.,前看復回顧。
"Kỳ hư kỳ từ,",其虛其邪，
Dư tương phỏng hề bàn chi lưu.,余將訪兮蟠之流。
"Nhược ly thử phân biệt,",若離此分別，
"Vị tha nhân phụ,",謂他人父，
Thanh thanh tử bì.,青青子佩，
Thuỷ cầm tường nhi vi vệ.,水禽翔而為衛。
"Cửu nhàn lưỡng cước nhuyễn như miên,",久閑兩腳軟如綿，
Lang thừa thanh thông mã.,郎乘青驄馬。
Hà dĩ hành chi?,何以行之？
"Nguyện nùng hiếp hạ sinh song dực,",愿儂脅下生雙翼，
"Tải trì tải khu,",載馳載驅，
Bình Trần dữ Tống.,平陳與宋。
Đế đạc kỳ tâm.,帝度其心。
"Khiên yên la nhi vi bộ chướng,",搴煙蘿而為步障，
"Hạp quy lễ nghĩa chi đại nhàn, thệ uỷ khinh vi nhi báo đáp.",盍歸禮義之大閑，誓委輕微而報答。
"Bạch thủ phân như thành để sự,",白首紛如成底事，
Thử sự hoặc khủng vi thần tu.,此事或恐為神羞。
"Phóng ngã ư nhân,",放我於人，
Thuỳ dương tảo phục khai.,垂楊掃復開。
"Cộng tri thử hội bất dị đắc,",共知此會不易得，
"Hôn kiến nam lâu thanh thả thiển,",昏見南樓清且淺，
Vu bỉ nguyên thấp;,於彼原隰。
"Khứ giả bất tư, lai giả nộ,",去者不思來者怒，
"Tri quân dục tuý ẩm,",知君欲醉飲，
"Lân giới tinh thiên tố bất thực,",鱗介腥膻素不食，
Bỉ lưu Tử Quốc.,彼留子國。
"Phỉ lai mậu ty,",匪來貿絲，
"Anh vũ tây phi Lũng sơn khứ,",鸚鵡西飛隴山去，
Trí quân Nghiêu Thuấn nan.,致君堯舜難。
Khiếp trung văn tự tuyệt vô luân.,篋中文字絕無倫。
"Lâu thuyền nhất khứ vô hồi nhật,",樓船一去無回日，
Như hà? Như hà?,如何？如何？
"Thê thê bất tự hướng tiền thanh,",淒淒不似向前聲，
"Kiều hoa chi thượng cuồng oanh nhu,",嬌花枝上狂鶯揉，
"Mỹ nhân tặng ngã điêu xiêm du,",美人贈我貂襜榆，
"Mãn chỉ hoang đường ngôn,",滿紙荒唐言，
Tiểu cô tao xa phụ chức ky.,小姑繅車婦織機。
"Nhân yên sinh xứ tích,",人煙生處僻，
"Câu ưng lũ sam,",鉤膺鏤釤，
Hà dĩ báo chi minh nguyệt châu.,何以報之明月珠。
"Cấm cẩm tú nhi bất bửu, thị phác tố vi dân tiên.",禁錦繡而不寶，示樸素為民先。
Ỷ lan hốt thính oanh thanh loạn.,倚欄忽聽鶯聲亂。
Dĩ bảo kỳ thân.,以保其身。
Dã tăng tảo cơ bất năng chiên.,野僧早飢不能饘。
Trú hành bất yếm hồ thượng san.,晝行不厭湖上山。
"Hữu thân mạc phạm phi long lân,",有身莫犯飛龍鱗，
"Nhân hoài thân thượng dĩ tử trưởng,",人懷親上以死長，
Sàng tiền học bộ khiển y thường.,床前學步遣衣裳。
Vận ứng thiên thu; thần đương lệnh tiết.,運應千秋；辰當令節。
Tử đàn song phượng côn kê huyền.,紫檀雙鳳鵾鷄弦。
Ngẫu toạ tự thị Thương Sơn ông.,偶坐似是商山翁。
"Quân tử hữu tửu,",君子有酒，
"Hồ nhi ẩm mã Chương Nghĩa môn,",胡兒飲馬彰義門，
"Uy nghi khổng thì,",威儀孔時，
"Lưu ly hãn mạn phiếm chu nhập,",琉璃汗漫泛舟入，
"Lam Sơn dựng tú trụ quốc lưỡng toàn tài năng tướng hựu năng tướng,",藍山孕秀住國兩全才能將又能相，
Tu giác ngộ ư vị minh;,須覺悟於未明；
"Huyền minh chúc dung khí hoặc giao,",玄冥祝融氣或交，
La miệt tú hài tuỳ bộ một.,羅襪繡鞋隨步沒。
"Ky nhân bồng phát toạ đoạn sàng,",羈人蓬髮坐斷床，
"Toạ ngoạ chỉ đa, thiểu hành lập.",坐臥只多少行立。
Lưỡng xứ trích trì thuỷ.,兩處滴池水。
"Hữu nữ đồng hành,",有女同行，
Sử ngã thu phong hưng chuyển xa.,使我秋風興轉賒。
Khương hà vi hề đán nùng khởi?,羌何爲兮旦儂起。
"Bất hoạn ngư ông huy trạo sáp,",不患漁翁揮棹澀，
Thái phiền kỳ kỳ.,采蘩祁祁。
"Mục cực hồn đoạn vọng bất kiến,",目極魂斷望不見，
Trường kiếm đại vũ liên điêu thiền.,長劍大羽聯貂蟬。
"Thiên thức tòng hoành,",天式從橫，
"Nhật hành vạn lý tật như phi,",日行萬里疾如飛，
Nhân bách kỳ thân.,人百其身。
"Lệnh quản thành thoát dĩnh dĩ xuất hề,",令管城脫穎以出兮，
Lục dương hồng hạnh kiều xuân huy.,綠楊紅杏嬌春暉。
Vương vấn Ngọc viết: Thử hà khí dã?,王問玉曰：此何氣也？
"Tây Giang cổ khách châu bách hộc,",西江賈客珠百觳，
Bình sinh chí khí cao.,平生志氣高。
Kiều tập nhất thân chi bệnh.,嬌襲一身之病。
"Tư bỉ man phương,",思彼蠻方，
Chu viên chấp sự.,周爰执事。
"Nhân huyên hô hề nhập tuý hương,",人喧呼兮入醉鄉，
Tiền hậu khán hoa ưng kỷ nhân?,前後看花應幾人？
Mẫu bất thất sồ hùng bạn thư.,母不失雛雄伴雌。
"Khắc khoan khắc nhân, chương tín triệu dân.",克寬克仁，彰信兆民。
Nhất tịnh cấp bình trung.,一並汲瓶中。
Hương hoả tịch tịch hoà ly ly.,香火寂寂禾離離。
"Đức du như mao,",德輶如毛，
"Cư dịch sĩ mệnh phục hà khinh,",居易俟命復何輕，
"Điều điều văn hạnh quán,",迢迢文杏館，
"Triều đình tuy vô U vương hoạ,",朝廷雖無幽王禍，
Trụ trượng há sơn văn giá cô.,拄杖下山聞鷓鴣。
Bách niên vị kiến hoan ngu tất.,百年未見歡娛畢。
"Thê tử khởi ưng quan đại kế,",妻子豈應關大計，
"Trạch kiển sào ty thanh thuỷ chử,",擇繭繅絲清水煮，
Dữ quân triển phúc Hàng Châu nhân.,與君展覆杭州人。
Nha tường liệt đà thanh lâu viễn.,牙檣捩柁青樓遠。
Nguyệt trung bả trản phát cao ca.,月中把盞發高歌。
Hồi vọng Lỗ hề thệ hà sở.,回望魯兮逝何所。
"Ký nhiên ân ái như phù vân,",既然恩愛如浮雲，
"Đăng quan khoát tráng mâu, sơ dương kiển túc vụ.",登觀豁壯眸，初陽蹇宿霧。
Sổ khắc giao hoan bãi cơ trữ.,數刻交歡罷機杼。
Tạm đình Ngư Tử câu.,暫停魚子溝。
Uyển như thanh dương.,婉如清揚。
Dục chi trâm nhị.,毓之簪珥。
Không kiến bồ đào nhập Hán gia.,空見葡萄入漢家。
"Phù dung như diện liễu như mi,",芙蓉如面柳如眉，
"Sổ điểm vũ dư vũ,",數點雨餘雨，
Hồ nguy mệnh tại phá trúc trung.,胡危命在破竹中。
Tằng vô nhất tướng thuyết thâu doanh!,曾無一將說偷營！
Quan cái phân phân ngã hành hỹ!,冠蓋紛紛我行矣。
Xuân phong hồi thủ nhất triêm cân.,春風回首一霑巾。
"Ấp bỉ chú tư,",挹彼注茲，
"Phong thu vân tán ba sạ bình,",風收雲散波乍平，
"Thập niên phụ cô cộng cam khổ,",十年婦姑共甘苦，
Mạc tỷ tầm thường tăng dữ bạch.,莫比尋常繒與帛。
Tiền phi thốc thu hậu hồng hộc.,前飛禿鶖後鴻鵠。
"Triết nhân chi ngu,",哲人之愚，
"Vô ngã ố hề,",無我惡兮，
Tự ngã thiên quân độc thái nhiên.,自我天君獨泰然。
"Tâm thê nhiên, trường diệc tuyệt.",心淒然，腸亦絕。
Dân tiển khắc cử chi.,民鮮克舉之。
"Độc đắc tầm quân nhập tuý hương,",獨得尋君入醉鄉，
Thu thanh cảm khách hoài.,秋聲感客懷。
Lệnh vấn bất dĩ.,令聞不已。
"Cách song tri dạ vũ,",隔窗知夜雨，
"Tửu cập vi huân, cố nhân quắc nhiên khởi viết:",酒及微醺，故人矍然起曰：
"Hà như tải tửu minh vân hoà,",何如載酒鳴雲和，
Ái tử tôn hiền.,愛子孫賢。
"Vũ điện lãnh tụ, phong vũ thê thê.",舞殿冷袖、風雨淒淒。
Chí vu Đốn Khi.,至于頓丘。
"Nãi quyến tây cố,",乃眷西顧，
"Nhật ký tây khuynh,",日既西傾，
Triều thuỷ bạch mang mang.,潮水白茫茫。
Sổ tễ điều nguyên dĩ nhất đường.,數劑調元已一堂。
"Đoan năng bão ngật Tân Châu phạn,",端能飽吃新州飯，
"Phương Nghi gia ngã danh tự tân,",芳儀加我名字新，
"Hà phương đổ phì đầu,",何妨賭肥頭，
"Thạch cổ chi ca chỉ ư thử,",石鼓之歌止於此，
Thanh nguyệt đình đình chiếu ly lạc.,清月亭亭照籬落。
Quan Tây hiệp thiếu hà bào bột.,關西俠少何咆勃。
"Ngọc Nương tà toạ bão song cước,",玉娘斜坐抱雙腳，
"Tế khan lục ấn đới quan tự,",細看六印帶官字，
"Ngô vương khứ hậu bách hoa lạc,",吳王去後百花落，
"Phú gia nhất uyển đăng,",富家一碗燈，
Đài tiền không quải tiêm tiêm nguyệt.,台前空掛纖纖月。
Nguyện quân thả túc Hoàng công gia.,願君且宿黃公家。
Đãn khủng tuế nguyệt khứ phiêu hốt.,但恐歲月去飄忽。
Lạp lạp giai tân khổ.,粒粒皆辛苦。
Kỳ nhi trường hề.,頎而長兮。
"Đoạn huyền ly trụ tiễn thoát thủ,",斷絃離柱箭脫手，
"Cửu trùng sạ tấu nhất thư phong,",九重乍奏一書封，
Thử tâm quýnh quýnh quân ưng thức.,此心炯炯君應識。
Không linh dã dinh mãnh sĩ bi.,空令野營猛士悲。
"Quân vương khinh tín vũ dực sầu,",君王輕信羽翼愁，
"Triệu nhân,",肇禋。
"Bất tri ngã giả,",不知我者，
Mộ vũ triều vân an thục lạn.,暮雨朝雲安熟爛。
Tài khả dung nhan thập ngũ dư.,纔可容顏十五餘。
Kim hứa diên tích hoà thanh đồng.,今許鉛錫和青銅。
"Khanh yển nhiên nhi trường tẩm hề,",卿偃然而長寢兮，
"Vị vi bão diệp chi thiền, nhi huế minh chi phỉ thất; thí tắc hoá Trang chi điệp, hựu phúc bối nhi phi đồ.",謂為抱葉之蟬，而嘒鳴之匪匹；譬則化莊之蝶，又腹背而非徒。
"Minh chiêu măng ám,",冥昭瞢闇，
Kim nhật Ngô Hàng danh thượng tại.,今日吳航名尚在。
"Tiêu lang! Tiêu Lang! Lão khả tích,",蕭郎！蕭郎！老可惜，
"Thần long khởi hề phi Lam Kinh,",神龍起兮飛藍京，
"Dũng phu an thức nghĩa,",勇夫安識義，
"Tĩnh toả thâm cung thập thất niên,",靜鎖深宮十七年，
Tử viết hà kỳ?,子曰何其？」
Ấp ngã vị ngã tương hề.,揖我謂我臧兮。
Tương kiến vĩnh vô nhân.,相見永無因。
"Bần gia nhất uyển đăng,",貧家一碗燈，
"Nhi kim dư sinh do vị mẫn, hạo thủ cánh hà quy.",而今餘生猶未冺，皓首竟何歸。
"Công thành tảo biện tàng cung ý,",功成早辦藏弓意，
"Diệu vũ Hán cung nhân,",妙舞漢宮人，
"Chỉ vị khiêm khiêm ý,",只爲謙謙意，
"Thể cần kiệm chi mỹ đức, cung hữu ái chi tính thiên.",體勤儉之美德，躬友愛之性天。
Cửu nguyệt thúc thư.,九月叔苴。
Lao tâm tiệu hề!,勞心悄兮。
"Đình tiền bả chúc sân lưỡng cự,",庭前把燭嗔兩炬，
Mãnh khí do tư chiến trường lợi.,猛氣猶思戰場利。
"Tạc nhật cựu trủng quật,",昨日舊塚掘，
Nam Cực lão nhân ưng thọ xương.,南極老人應壽昌。
Sùng nha thụ vũ.,崇牙樹羽。
"Kim niên thứ nữ dĩ hành môi,",今年次女已行媒，
Phong chi lộ nghiệp như tân thái.,風枝露業如新採。
Vô thực ngã thử.,無食我黍！
"Nhất cổ tại nam nhất cổ bắc,",一股在南一股北，
Tử tôn bảo chi.,子孫保之。
Mạc nhập cao sơn dữ thâm thuỷ.,莫入高山與深水。
"Bạch thủ tương quân bội ngân ấn,",白首相君佩銀印，
Ngã chi hoài hĩ!,我之懷矣，
"Dã cốt phiên khuy thảo,",野鶻翻窺草，
Ưng liên bán tử bạch đầu ông.,應憐半死白頭翁。
Thiếp phi vô lệ bất cảm thuỳ;,妾非無淚不敢垂；
"Tố hồi tùng chi,",溯洄從之，
Khước quý Tần thành hạn nam bắc.,卻愧秦城限南北。
Bất quản kim thương tí thượng ngân.,不管金鎗臂上痕。
"Uý Đà phần thảo kỷ phiên thanh,",尉佗墳草幾番青，
"Ngâm phong tiếu nguyệt ý tự tại,",吟風笑月意自在，
Dương hoa yến tử cộng du du.,楊花燕子共悠悠。
"Hà đương khải toàn yến tướng sĩ,",何當凱旋宴將士，
Lam ngưng thuý dục trích.,嵐凝翠欲滴。
Cố vọng hoài sầu.,顧望懷愁。
"Thiên tử mỗi tư trường thống tích,",天子每思長痛惜，
Tự khinh kỳ bần.,自輕其貧。
"Lục long nghiễm kỳ tề thủ,",六龍儼其齊首，
Quỳnh quy ngọc bị.,瓊瑰玉佩。
"Hà linh triệt bỉ Kỳ xã,",何令徹彼岐社，
Tây lân tòng quân năng kỵ xạ.,西鄰從軍能騎射。
Hán chi quảng hĩ!,漢之廣矣、
"Chử địch ngạn lô,",渚获岸蘆，
"Điếu quân phong độ,",弔君風度，
Đối dương vương hưu.,對揚王休。
"Ý dã thiên quý sắc ngã tử,",意也天愧嗇我死，
Sinh vu đạo chu.,生于道周。
"Nhân sinh hà như cổ khách lạc,",人生何如賈客樂，
Lao lung anh tuấn dụng văn vũ.,牢籠英俊用文武。
"Ngọc tinh ẩn nguyệt tương chiếu xạ,",玉精隱月相照射，
"Hậu đức chi di,",厚德之貽，
Hãm thảo tại thành lý.,餡草在城里。
Diệc mạc ngã vân.,亦莫我聞。
Kềnh liên diễm dĩ chúc lan cao da?,檠蓮焰以燭蘭膏耶？
Phiêu như tuỳ phong lạc thiên biên.,飄如隨風落天邊。
"Nhân như trần ai lạc thiên địa,",人如塵埃落天地，
"Ký kiến quân tử,",既見君子，
Do thính tiền lâm chinh mã tê.,猶聽前林征馬嘶。
Xuân phong tống sảng lương như phiến.,春風送爽涼如扇。
Hàn tảo môn tiền tuyết.,寒掃門前雪。
Tảo mộc truyền khắc phì thất chân.,棗木傳刻肥失真。
"Lâm ám thảo kinh phong,",林暗草驚風，
Huy hu trinh tứ năng cúc cung.,睢盱偵伺能鞠躬。
Mạc bất lịnh nghi.,莫不令儀。
Thạch miêu dao vĩ.,石貓搖尾。
"Tảo huề kiều điểu xuất phàn lung,",早攜嬌鳥出樊籠，
"Sở ta nhân dị nhạn,",所嗟人異雁，
"Lãm bí trì trù,",纜轡踟躕，
Lý tử thụ Nam thiên.,李子樹南天。
Thái phục nhật hướng đình vi xu.,彩服日向庭闈趨。
Sử bất tiếp tứ phương.,使不挾四方
"Gia thảm kiết kiết,",葭菼揭揭，
"Ly tứ thiên công dã bất kham,",離思天公也不堪，
"Phù hà nhất giai nhân hề, bộ tiêu dao dĩ tự ngu.",夫何一佳人兮，步逍遙以自虞。
Chước chi dụng bào.,酌之用匏。
"Điệp do mê tiễn thuý,",蝶猶迷剪翠，
Kỳ diệp ốc nhược.,其葉沃若。
Viễn phong lai xứ hảo khai khâm.,遠風來處好開襟。
"Lương công phú quý ư thân sơ,",梁公富貴於身疏，
"Tiểu kiều thông Nhược Gia chi khê,",小橋通若耶之溪，
"Nhược nhân yếu chân biệt,",若人要甄別，
"Yếm trần cổ hữu Phạm Vũ Tử,",厭塵古有范武子，
"Thế thượng danh lợi nhân,",世上名利人，
Viễn vọng nghi thị độc lập nhân.,遠望疑是獨立人。
"Ngẫu nhiên đại trạch long xà, tương tranh hộ tí.",偶然大澤龍蛇，相爭護庇。
Huyết sắc la quần phiên tửu ố.,血色羅裙翻酒污。
Hoạn nghiệp kỳ vĩ.,宦業奇偉。
Thuỷ lưu phong bất huyên.,水流風不喧。
Vọng mỹ nhân hề Tương phố.,望美人兮湘浦。
"Thừa ngã thặng câu,",乘我乘駒，
"Ký thụ đế chỉ,",既受帝祉，
Tắc bất khả trở.,則不可沮。
Giai nhân nhàn đả thu thiên viện.,佳人閒打鞦韆院。
Dạ bán đơn phi tại nguyệt biên.,夜半單飛在月邊。
Mạc như nam thổ.,莫如南土。
Lộc hà ưng chi?,鹿何膺之？
Ký hướng cố viên lưu.,寄向故園流。
"Hoa khai hoa lạc niên niên xuân,",花開花落年年春，
"Tạc nhật Kim Minh trì thượng lai,",昨日金明池上來，
"Ỷ lô tiện đắc thuỵ,",倚爐便得睡，
Cố nhân biệt lai tam ngũ xuân.,故人別來三五春。
Mã thượng cát phi ế ông tái.,馬上割飛翳螉塞。
"Tướng ngã hương lư,",相我鄉閭，
"Mê Linh nhị nữ sính gian hùng,",糜泠二女逞奸雄，
Nhân diệc hữu ngôn:,人亦有言：
Ngã tâm thương bi.,我心傷悲。
Hà nhật thị quy niên?,何日是歸年？
Lược đắc giai nhân tửu áp kinh.,掠得佳人酒壓驚。
Ư ngã quy thuyết.,於我歸說。
"Thuyền trung khách giác thiên vị minh,",船中客覺天未明，
"Tướng quân thử thời đĩnh qua xuất,",將軍此時挺戈出，
"Ngã tích thắng quân tích,",我昔勝君昔，
Chàng chung minh cổ thụ vũ kỳ.,撞鐘鳴鼓樹羽旂。
"Vân mấn hoa nhan kim bộ dao,",雲鬢花顏金步搖，
"Cốc tắc dị thất,",穀則異室，
Mạc chiếu thiên nhai viễn hành khách.,莫照天涯遠行客。
"Gia thất điền lư nhu bảo vệ,",家室田廬需保衛，
“Lão tử bình sinh hữu tam nữ.,『老子平生有三女。
"Vật thị phú quý,",勿恃富貴，
"Thất mã đơn đao,",匹馬單刀，
An tây đô hộ tiến lai thì.,安西都護進來時。
"Tầm thanh âm vấn đàn giả thuỳ,",尋聲暗問彈者誰，
"Gia gia lâu thượng như hoa nhân,",家家樓上如花人，
Thập niên bất kiến cuồng phu diện.,十年不見狂夫面。
"Bạch vân diểu diểu thảo thanh thanh,",白雲渺渺草青青，
Tạp bội dĩ tắc chi.,雜佩以贈之。
Cầu Nhiêm bái hạ phong.,虯髯拜下風。
"Loạn hậu tri hà xứ,",亂後知何處，
Dạ thâm dạ hề sương tự tuyết.,夜深夜兮霜似雪。
Hán chi quảng hĩ!,漢之廣矣、
"Giang Hán phù phù,",江漢浮浮，
"Ngã bất tri tử chi vi hà vật giả, độc thư ngũ châu, kết giao sổ thập bối, hoặc chiến dĩ thiệt, hoặc chiến dĩ bút, hoặc chiến dĩ não, đoan đoan đích trực chiến dĩ thiết, yếu đắc huyết lưu ôn đới, vị quân hoàng chủng thụ hồng kỳ.",我不知死之為何物也，讀書五洲，結交數十輩，或戰以舌，或戰以筆，或戰以腦，端端的直戰以鐵，要得血流溫帶，為君黃種樹紅旗。
Cửu quận đồng quy Hán thiên tử.,九郡同歸漢天子。
Thu nhật thu phong mãn quan lộ.,秋日秋風滿官路。
Mẫu thị cù liêu.,母氏劬勞。
"Hải ngạn canh tàn tuyết,",海岸耕殘雪，
"A thích thích địa,",阿刺刺地，
"Sơn hữu thất,",山有漆，
Chu tải chư hữu trường chu toàn.,舟載諸友長周旋。
Đầu ngã dĩ mộc cô.,投我以木瓜，
"Nguyệt minh dạ tĩnh,",月明夜靜，
"Lục diệp tử khoả, đan hành bạch đế.",綠葉紫裹，丹莖白蔕。
Tuyết diện tham quân vũ cù dục.,雪面參軍舞鴝鵒。
"Dục Tương Như chi tấu phú,",欲相如之奏賦，
Mỹ nhân hoa gian tương đối hành.,美人花間相對行。
Thần tịch trì khu lộ thập thiên.,晨夕馳驅路十千。
"Không sơn bất kiến nhân,",空山不見人，
Cốt tượng ưng đồ.,骨像應圖。
Trần sự vô chung cực,塵事無終極，
"Hành nhân bất giải ti trung ngữ,",行人不解絲中語，
Cô thành lạc nhật đấu binh hy.,孤城落日鬥兵稀，
Tự y phong điệm khán triều sinh.,自欹風簟看潮生。
"Tiền thần tuý hề tiền nô mang,",錢神醉兮錢奴忙，
Phù yên thủ cửu tử?,夫焉取九子？
"Kỳ thanh ai thống khẩu lưu huyết,",其聲哀痛口流血，
Dã đĩnh ỷ hạm vân y y.,野艇倚檻雲依依。
Khổ lưu hậu ước tương nhân ngộ.,苦留後約將人誤。
Tuy tương phúc lý.,綏將福履。
"Dữ kỳ vịnh “Mã nhi” chi thi, thục nhược giảng “Lỗ tụng” “Hữu bật” chi chương, cứu “Lỗ luận” “Đức ký” chi chỉ?",與其詠馬兒之詩，孰若講魯頌有駜之章，究魯論德冀之旨？
Dư khởi bất tri nhi tác?,予豈不知而作？
Sơn mộc tận á hồng đào phong.,山木盡亞洪濤風。
"Trạng nhược Chỉ Trụ, tại Vu sơn hạ.",狀若砥柱，在巫山下。
Bất lượng nhân chỉ.,不諒人只！
Uổng nhập hồng trần nhược hứa niên;,枉入紅塵若許年；
Y uất ấp hề tình bất di.,伊鬱悒兮情不怡。
"Thái liên tòng tiểu quán,",採蓮從小慣，
Thiết Úng thành đầu lãng phách thiên.,鐵甕城頭浪拍天。
"Gia hữu chí phụ,",家有鷙婦，
Nhật mộ yểm sài phi.,日暮掩柴扉。
"Tàm thần nữ thánh tảo thành ty,",蠶神女聖早成絲，
Tiều nhân bất khả tri.,樵人不可知。
Ngã độc giác tử thần sung thật.,我獨覺子神充實。
Nhân sinh xứ xứ hoan tương phùng.,人生處處歡相逢。
Khước triển không nang bích thuỷ tiền.,卻展空囊碧水前。
Thiên biên oanh động nhất thanh lôi.,天邊轟動一聲雷。
Vị chi hà ti ti?,謂之何哉。
Thải loan liêm ngạch trước sương ngân.,彩鸞簾額著霜痕。
"Đào chi yêu yêu,",桃之夭夭、
"Thức át khấu ngược,",式遏寇虐，
"Hưng sư phạt tội xuất hữu danh,",興師伐罪出有名，
"Nguyệt chiếu chinh nhân vọng viễn tâm,",月照征人望遠心，
Tất Tống chi Tỉ?,必宋之子？
Nhất hộc cựu thuỷ tàng giao long.,一斛舊水藏蛟龍。
Khách viết:,客曰︰
Thuỷ tinh liêm ngoại chuyển uy dĩ.,水晶簾外轉逶迤。
Ngô tổ tiên lao ngũ thập niên.,吾祖先勞五十年。
"Hồ già tại hà xứ,",胡笳在何處，
"Khải đễ quân tử,",豈弟君子，
Tu dĩ vi thê.,羞以為妻。
Nguyệt quang thường chiếu kim tôn lý.,月光常照金樽裡。
"Tự môn sắc bảng kim tự thư,",寺門敕榜金字書，
"Nam đề nữ khốc mạc ngã tri,",男啼女哭莫我知，
"Bắc thành mã cứu tiên quỷ phần,",北城馬廄先鬼墳，
Nhi hà tiễn phạt chi đương.,而何剪伐之當。
Quân bất kiến Tây Hán Đỗ Lăng lão.,君不見西漢杜陵老。
Phú mệnh nhất sinh ly đa ương.,賦命一生罹多殃。
Đỗ quyên ô yết sầu u minh.,杜鵑嗚咽愁幽冥。
"Quan du tư phụ sách giao chí,",官輸私負索交至，
Phục huề mỹ nhân đăng thái chu.,復攜美人登彩舟。
Mị vu thứ nhân.,媚于庶人。
Cổ vô thanh tử.,古無青紫。
Tuyệt vực thương mang cánh hà hữu.,絕域蒼茫更何有?
"Tựu trung hành sự cực toả tế,",就中行事極瑣細，
"Đông phong vũ tễ tình quang bạc,",東風雨霽晴光薄，
Tại ư Phủ dã hà do tiện.,在於甫也何由羨。
"Chỉ tửu hân hân,",旨酒欣欣，
"Khước ái chưởng trung vật,",卻愛掌中物，
"Hương hồn dạ trục kiếm quang phi,",香魂夜逐劍光飛，
Chức tư kỳ ưu.,職思其憂。
"Y thường do đắc thân quân thể,",衣裳猶得親君體，
"Khứ mã lai ngưu bất phục biện,",去馬來牛不復辨，
Thiên thực vi chi.,天實為之，
"Cổ nhân phi ngạo lại,",古人非傲吏，
"Tương Dương tẩu mã khách,",襄陽走馬客，
"Liệt bỉ hạ tuyền,",冽彼下泉，
"Tiện dục thủ bả Tinh Châu tiễn,",便欲手把并州剪，
"Trù mâu dũ hộ,",綢繆牖戶。
"Huệ thử trung quốc,",惠此中國，
"Kinh Thông Cốc, lăng Cảnh Sơn.",經通谷，陵景山。
Dung nghi nghiêm túc; bộ vũ thư nhàn.,容儀嚴肅；步武舒閒。
"Lạc hồng loạn trục đông lưu thuỷ,",落紅亂逐東流水，
"Ma sa thạch khắc Pha công tự,",摩挲石刻坡公字，
"Quan Trung nhật nguyệt không vạn cổ,",關中日月空萬古，
"Khứ tuế Bình Lăng cổ thanh tử,",去歲平陵鼓聲死，
Ngâm mai thi hứng mãn đông các.,吟梅詩興滿東閣。
"Mã kinh bất ưu thâm cốc truỵ,",馬驚不懮深谷墜，
Tân điệm lục xích sàng.,新簟六尺床。
Dư duy âm hiêu hiêu.,予維音嘵嘵。
Khuyến ngã thí tác “Thạch cổ ca”.,勸我試作石鼓歌。
"Thức hào thức hô,",式號式呼，
Cảo thúc tịch quyển mai hoang bi.,藁束席卷埋荒陂。
"Chư huynh chi ngôn,",諸兄之言，
"Cận văn hồ thố diệc trưng cập,",近聞狐兔亦徵及，
Khấp vọng quân vương hoá đỗ quyên.,泣望君王化杜鵑。
"Xảo tiếu chi thả,",巧笑之瑳，
Dao khê bất đoạn phân.,遙溪不斷芬。
"Quái để hành tung nguyên thị ẩn,",怪底行蹤原市隱，
"Tam đông kim túc dụng,",三冬今足用，
"Lang miếu chi cụ Bùi Thi Châu,",廊廟之具裴施州，
Tình diệc bất khả cực.,情亦不可極。
"Thực bất thị ái vi khu,",實不是愛微軀，
"Nhân mệnh nhiễm nhân dữ châm nữ,",因命染人與針女，
"Học vấn bất cần,",學問不勤，
"Khước lập tây phong vũ thuý nhân,",卻立西風舞翠茵，
"Sơ tình huân nhân thiên tự tuý,",初晴薰人天似醉，
Lưu tác trung hồn bổ!,留作忠魂补！
"Phản phục đinh ninh chỉ như thử,",返復叮嚀只如此，
"Tây sơn nhật một đông sơn hôn,",西山日沒東山昏，
Tái bắc Giang Nam dị hoài thổ.,塞北江南易懷土。
"Nghiêm sư tác thành,",嚴師作成，
Vũ lộ ân tư vô nhật vô.,雨露恩私無日無。
"Học thi đương như học tham thiền,",學詩當如學參禪，
"Đồng long trích lộ dạ thanh trầm,",銅龍滴露夜聲沈，
"Không trường thán nhi yểm duệ,",空長歎而掩袂，
Nhật noãn phong khinh xuân thuỵ túc.,日暖風輕春睡足。
"Thệ từ giáp đệ kim môn lý,",誓辭甲第金門裏，
"Bỉ giác bỉ đề, thục tiễn thục tước?",彼角彼蹄，孰剪孰削？
My mục như nhân hà thích thương?,眉目如人何戚傷？
"Khả liên kim ngọc chất,",可憐金玉質，
Khủng tư dục chi nhất manh; như vân vụ chi tứ tắc.,恐私慾之一萌；如雲霧之四塞。
"Thị dĩ: quan Tiêu thiều chi vũ, nhi khả tri Thuấn đức chi long. Văn Quan thư chi loạn, tắc tư Chu Nam chi hoá; thính Hoàn, Lại chi thuỷ, tắc niệm Mục dã chi công. Giai thẩm nhạc dĩ tri chính, hoài cổ đạo ư hồng mông. Hồi thị đương thời chi tang bộc, ích tăng thoá ách nhi bi đồng. Truy tiên vương hề cảnh cảnh; khái dục thệ hề yên tòng!",是以：觀蕭韶之舞，而可知舜德之隆。聞關雎之亂，則思周南之化；聽桓賚之始，則念牧野之功。皆審樂以知政，懷古道於鴻蒙。迴視當時之桑濮，益增唾啞而悲恫。追先王兮耿耿，慨欲逝兮焉從。
Tùng bách nhất kính xu Linh Cung.,松柏一逕趨靈宮。
"Giáp binh tịnh tẩy chinh luân chuyết,",甲兵淨洗征輪輟，
"Hữu lai ung ung,",有來雝雝，
Hoàng Hạc lâu tiền nguyệt hoa bạch,黃鶴樓前月華白，
Hàm phương độc mộ xuân.,含芳獨暮春。
"Kịch Tân, Nhạc Nghị cảm ân phân,",劇辛樂毅感恩分，
Nguỵ vương bất cứu Bình Nguyên Quân.,魏王不救平原君。
"Ngã hứng vị nhĩ tác trường cú,",我興為爾作長句，
Hải khí thấp chập huân tinh tao.,海氣濕蟄熏腥臊。
"Lý trung hữu đề nhi,",里中有啼兒，
Thuỷ tín nhân gian biệt ly khổ.,始信人間別離苦。
Tân khổ độ Tang Càn.,辛苦渡桑乾。
"Thiên hàn chinh nhạn khổ,",天寒征雁苦，
Phong nhã Ngô Trung thiếu nhất bình.,風雅吳中少一評。
Nhữ sở trì hề!,女所治兮。
Hựu nhi sung nhĩ.,褒如充耳。
Y tích hồng nhan mỹ thiếu niên.,伊昔紅顏美少年。
Lạc diệp tác thu thanh,落葉作秋聲。
Vô xứ thị hương gia.,無處是鄉家。
"Hân thương sinh ư ngược diễm,",焮蒼生於虐焰，
Nhật nhật tuý xuân phong.,日日醉春風。
Lẫm kỳ khí hề băng sương; bính kỳ văn hề nhật nguyệt.,凜其氣兮冰霜；炳其文兮日月。
"Thảo đường thả hỉ Chung Nam ngoại,",草堂且喜終南外，
Kỳ như vũ hậu sơn.,其如雨後山。
Chiêm vọng hương hề!,瞻望兄兮。
"Cổ thì Đỗ Vũ xưng Vọng Đế,",古時杜宇稱望帝，
"Di dân nhẫn tử vọng khôi phục,",遺民忍死望恢復，
"Kim nhật lâm kỳ biệt,",今日臨岐別，
"Vấn chi bất khẳng đạo tính danh,",問之不肯道姓名，
"Phiêu phong hồi nhi khởi khuê hề, cử duy ác chi xiêm xiêm.",飄風迴而起閨兮，舉帷幄之襜襜。
Tần nhân bán tử Trường Thành hạ.,秦人半死長城下。
Dĩ cẩn hôn nao.,以謹惛怓。
"Thiên nhận dị trắc,",千仞易陟，
"Quỳ châu xử nữ phát bán hoa,",夔州處女發半華，
"Huống Triều tiểu triện bức Tần tướng,",況潮小篆逼秦相，
Kỷ độ chiến huyết lưu hàn trào.,幾度戰血流寒潮。
"Quắc như Nghệ xạ cửu nhật lạc,",霍如羿射九日落，
"Hữu đôi qua khổ,",有敦瓜苦、
Liễu phất ngự câu tân.,柳拂御溝新。
"Tảo quy lai,",早歸來，
Phiết tuyền sao phần vô hiểm trở.,撇漩捎濆無險阻。
"Đàn cầm phủ tiết,",彈琴撫節，
"Tư vô kỳ,",思無期，
Hà bất my thọ?,遐不眉壽。
Đồng nhĩ huynh đệ.,同爾兄弟。
"Huệ thử kinh sư,",惠此京師，
Băng kiên khả đạo.,冰堅可蹈。
Ý khí tương kỳ cộng sinh tử.,意氣相期共生死。
"Khảo bàn tại giên,",考槃在澗，
Đồng nhan a kế bồi thân ngu.,童顏丫髻陪親娛。
Tiễn chỉ chiêu hồn vị công khốc.,剪紙招魂為公哭。
"Duật bỉ thần phâm,",鴥彼晨風，
"Tương tư bất tương kiến,",相思不相見，
"Ngã thừa tố khả đồng khang lạc,",我乘素舸同康樂。
"Hoàn sầu độc túc dạ,",還愁獨宿夜，
"Xích tinh nhất tuyến,",赤精一線，
"Tân nhân tân nhân thính ngã ngữ,",新人新人聽我語，
"Sàm thương huỳnh hoặc bất cảm động,",欃槍熒惑不敢動，
Nhị thập tam ty động Tử Hoàng.,二十三絲動紫皇。
"Bất cảm huỷ thương,",不敢毀傷，
Minh tinh hữu lạn.,明星有爛。」
"Hoàng hoàng quyết thanh,",喤喤厥聲，
Lương mã lục chi.,良馬六之。
"Thổ quốc thành Tào,",土國城漕，
Dạ hướng Giang Nam bạc.,夜向江南泊。
Động tiêu nhập thủ thanh thả ai.,洞蕭入手清且哀。
"Nãi thụ chi kỷ, nãi sử chi toạ.",迺授之几，迺使之坐。
Năng lệnh lưỡng nhãn bích sắc tinh.,能令兩眼碧色晶。
"Nhi kim quân tại Quế Lâm thành,",而今君在桂林城，
Thanh thanh hô a mẫu.,聲聲呼阿母。
Cảm ứng cát mộng tương truy tuỳ.,感應吉夢相追隨。
Mạc như huynh đệ.,莫如兄弟。
"Tài đa đạo sở tăng, học quảng nhân tranh đố.",才多道所憎，學廣人爭妒。
"Thần độc hanh nhi vị kết hề, hồn quỳnh quỳnh dĩ vô đoan.",神獨亨而未結兮，魂煢煢以無端。
Khuông trung tích đắc thuỳ tối đa.,筐中滴得誰最多。
"Tái thi tập chiến,",載尸集戰，
"Tận đạo đương tiền hoàng ốc tôn,",盡道當前黃屋尊，
Các sính hùng tài chiêm nhất phương.,各逞雄才占一方。
"Thương Hiệt điểu tích ký mang muội,",蒼頡鳥跡既茫昧，
Sám chấp tử chi thủ hề.,摻執子之手兮。
Trần giao tiếp chi đại cương.,陳交接之大綱。
Nhất phiến ngưng băng đấu thanh lãnh.,一片凝冰鬥清冷。
Phong kỳ xuy nhữ.,風其吹女。
Mang trung cưỡng ỷ lâu.,忙中彊倚樓。
"Mại nhãn trịch xuân tâm,",賣眼擲春心，
Lạc diệp tác thu thanh.,落葉作秋聲。
"An đắc tráng sĩ đề thiên cương,",安得壯士提天綱，
Tương thụ quyết minh.,將受厥明。
Bộc bố đảo tả Thiên Đô phong.,瀑布倒瀉天都峰。
"Ký kiến quân tử,",既見君子，
Bàn hồi vũ thế học hồ toàn.,盤回舞勢學胡旋。
"Nam sơn hữu tang,",南山有桑，
"Nguyện lệnh biên quận cẩn bị khấu,",願令邊郡謹備寇，
"Bạch thủ tương tri do án kiếm,",白首相知猶按劍，
Bì cách văn ban hổ báo hùng.,皮革文斑虎豹熊。
"Nhàn du Hoa đỉnh thượng,",閑遊華頂上，
"Quân thần nhẫn chi,",君臣忍之，
Hà như thử địa xuân?,何如此地春？
"Hà Thiếu Khang trục khuyển,",何少康逐犬，
Khả dĩ phân xí.,可以饙饎。
Xảo tiếu thiến hề!,巧笑倩兮，
"Phong lưu quốc chủ gia thiên khẩu,",風流國主家千口，
"Phù du ký sinh bàng bạc gian,",蜉蝣寄生磅礡間，
"Ngã thú vị định,",我戍未定，
Đa tha chỉ.,多且旨。
Phụ tử tứ tình?,負子肆情？
"Vị tha nhân quân,",謂他人昆，
Yêu bội khanh thương ngọc sắc lung.,腰佩鏗鏘玉色瓏。
Duyên thiệp hướng nam tân.,沿涉向南津。
Bộ hành bạc nhi lưu phương.,步蘅薄而流芳。
"Hốt đáo Bàng Công thê ẩn xứ,",忽到龐公棲隱處。
"Huyền huyền yểm ức thanh thanh tứ,",弦弦掩抑聲聲思，
Hoàn phỏng Thành Đô mại bốc nhân.,還訪成都賣卜人。
Trắc giáng quyết gia.,陟降厥家。
"Cố chiêm Chu đạo,",顧瞻周道，
"Linh Sơn chi thực tận kiêm tuần,",靈山之食盡兼旬，
Do kỷ chi thành thậm ư chửng nịch.,由己之誠甚於拯溺。
"Huynh đệ nhẫn chi,",兄弟忍之，
Nhữ tòng sự Dũ nghi vi từ.”,汝從事愈宜為辭。
Chuy chuy kỳ lật,惴惴其栗。
"Hựu khởi Cao Tổ đồng nhật chi câu ngữ,",又豈高祖同日之俱語，
Giang phiên thạch tẩu lưu vân khí.,江翻石走流雲氣。
Yển lý.,鰋鯉。
"Phụ thư dữ Bùi nhân thị Tô,",附書與裴因示蘇，
Duy Chu chi hàn.,維周之翰。
Cô nguyệt chính bùi hồi.,孤月正裴回。
"Đạo thị Lương Châu vị hãm nhật,",道是涼州未陷日，
Đích tri vô lực thâu tô mễ.,的知無力輸租米。
"“Ba nhân” thuỳ khẳng hoà “Dương xuân”,",巴人誰肯和陽春，
"Khởi vô tri kỷ đồng tiếu ngạo,",豈無知己同笑傲，
Dư diệc từ gia tây nhập Tần.,余亦辭家西入秦。
"Duy, ngã Đại Việt chi quốc,",惟，我大越之國，
Dục khuynh đông hải tẩy càn khôn.,欲傾東海洗乾坤。
Khả đối quân thân ư địa hạ.,可對君親於地下。
Hương thư dĩ loại thăng.,鄉書以類升。
"Thần đạo trì khu đồng thử lý,",臣道馳驅同此理，
"Cửu nhật Long sơn ẩm,",九日龍山飲，
"Đãn nguyện Thái Hàng sơn thượng thạch,",但愿太行山上石，
"Thiên khách thử thời đồ cực mục,",遷客此時徒極目，
"Mao diêm tứ cố vân yên quýnh,",茅簷四顧雲煙迥，
"Giang cao hàn vọng tận,",江皋寒望盡，
"Tả phụ bạch sa như bạch thuỷ,",左輔白沙如白水，
Mỹ nhân bất lai khê thuỷ trường.,美人不來溪水長。
Trường luyến thần kinh hoài cố nhân.,長戀神京懷故人。
"Thiên lý do tàn cựu băng tuyết,",千里猶殘舊冰雪，
"Trù tích uyên ương lữ,",疇昔鴛鴦侶，
Tiên thủ lễ pháp.,先守禮法。
"Bất kiến Ngũ Lăng hào kiệt mộ,",不見五陵豪傑墓，
Diệc khổng chi gia.,亦孔之嘉。
"Cổ huấn thị thức,",古訓是式，
Lạc thiếp tương tư lệ.,落妾相思淚。
"Nam lâu thuỳ yến thưởng,",南樓誰宴賞，
Từ chi vĩnh thiến.,茲之永嘆。
Hoàng tước thu thu tranh vãn hoà.,黃雀啾啾爭晚禾。
Thiếp thái hà diệp viên.,妾採荷葉圓。
"Bất giá bất sắc,",不稼不穡，
"Thượng tư tiền nhật hữu công sai,",上司前日有公差，
"Giang đồng trì võng bộ thương khứ,",江童持網捕將去，
Đông sơn bạch thủ hoàn quy khứ.,東山白首還歸去。
Anh phong hào khí kim hà tại!,英風豪氣今何在！
"Tuyền mỹ lộc lô phân tỉnh cán,",泉美轆轤分井幹，
"Duyên biên không truân thập vạn tốt,",緣邊空屯十萬卒，
"Dược tính bất học,",藥性不學，
Điên đảo tư dữ.,顛倒思予。
Thú thê như chi hà?,取妻如之何？
"Phổ hoàn doanh nhi đồng kính, nghiễm nhiên chiêu cách vu huân hao.",普寰瀛而同敬，儼然昭格于焄蒿。
Ngôn thái kỳ vi.,言采其薇。
"Đương niên di sự cửu thành không,",當年遺事久成空，
"Ngẫu nhân tế thôn phụ,",偶因濟村婦，
"Tiên nhân hữu đãi thừa hoàng hạc,",仙人有待乘黃鶴，
"Hoạ mạc hàm xuân độ thanh xuy,",畫幕含春度清吹，
"Tẩu Mã xuyên hành tuyết hải biên,",走馬川行雪海邊，
Khả dĩ lý sương.,可以履霜。
"Ngô Trung quá khách mạc tư gia,",吳中過客莫思家，
"Tương phùng Vân Thạch tử,",相逢雲石子，
Thu phong động hoà thử.,秋風動禾黍。
"Thuỳ liêm chỉ sầu hảo cảnh thiểu,",垂帘只愁好景少，
Viên đề tam thanh khách tư gia.,猿啼三聲客思家。
Khinh giá chinh yên phất liễu phong.,輕駕征鞍拂柳風。
"Lộ hầu Bác Đức dũng hữu mưu,",路侯博德勇有謀，
"Tuế dạ cao đường liệt minh chúc,",歲夜高堂列明燭，
Bỉ mĩ nhân hề ủng thuý vân.,彼美人兮擁翠雲。
Hán quan uy nghi trọng chiêu tẩy.,漢官威儀重昭洗。
Mệnh thử Văn Vương.,命此文王。
"Không dư đê thượng liễu,",空餘堤上柳，
"Bạch mao đồn thúc,",白茅純束。
Hà xứ hiểu chung thanh.,何處曉鐘聲。
"Tương huề thả mãi sổ đấu tửu,",相攜且買數斗酒，
"Lâm kỳ huật,",臨其穴，
"Hậu kiến xá nguyên,",後見赦原，
"Kim xuân khan hựu quá,",今春看又過，
"Trường quan yêu nghinh lại tái bái,",長官邀迎吏再拜，
"Tứ bích thuý sái tùng vũ thô,",四壁翠灑松雨粗，
Ngọ thuỵ tỉnh lai nhật hướng hôn.,午睡醒來日向昏。
"Thục tái nam mẫu,",俶載南畝，
"Thiên đốc giáng táng,",天篤降喪，
"Chuyển trục bát huyền tam lưỡng thanh,",轉軸撥弦三兩聲，
Trung hàm u ý lưỡng bất tuyên.,中含幽意兩不宣。
Cánh hữu tân nhân thắng ư nhữ.,更有新人勝於汝。
"Cổ lai tương truyền thị hải nhãn,",古來相傳是海眼，
"Tử huệ tư ngã,",子惠思我，
"Nhai cổ xâm nhân cấp,",街鼓侵人急，
"Dương gian địa phủ câu tương tự,",陽間地府俱相似，
"Tiền niên khoái kình Đông Hải thượng,",前年膾鯨東海上，
Ngọc quan khứ thử tam thiên lý,玉關去此三千里，
"Tôn vinh quý sủng đối thiên hoàng,",尊榮貴寵對天潢，
Ly tình trục thuỷ lưu.,離情逐水流。
Ưu tâm chuyết chuyết.,憂心惙惙。
Nùng thuý thụ tương ban.,濃翠樹相斑。
Mạc bất tâm khai nhan.,莫不心開顏。
Úng đầu tân lục gia gia hữu.,瓮頭新綠家家有。
"Tính tích thù kham tiếu,",性僻殊堪笑，
Dục khu dị giáo quy tiên linh.,欲驅異教歸仙靈。
"Kỳ nghĩ tương thân báo thiên tử,",祇擬將身報天子，
"Ma dụng âm sơn nhất phiến ngọc,",磨用陰山一片玉，
Thuỳ thủ tề thanh ô yết ca.,垂手齊聲嗚咽歌。
Thực chủng thực tụ.,實種實褎。
Minh minh diệt diệt.,冥冥滅滅。
"Quế diệp loát phong quế truỵ tử,",桂葉刷風桂墜子，
Bất túc tắc mộ.,不夙則莫。
"Văn Vương sơ tải,",文王初載，
"Bắc tự Ông Phùng chi giang thuỷ,",北自翁馮之江水，
Phụ nữ vô hoa sắc.,婦女無華色。
Hạ dân chi bích.,下民之辟。
"Mộ vân thiên lý sắc,",暮雲千里色，
"Tương phùng bất kiến Kim Đài lữ,",相逢不見金臺侶，
Cổ nhân thành bại tử như hà.,古人成敗子如何。
Hà vị hoài ưu tâm phiền lao?,何為懷懮心煩勞？
Lữ sầu phi tửu bất khả khai.,旅愁非酒不可開。
Cố hương dĩ cách vạn trùng san.,故鄉已隔萬重山。
Bất khả đoạn tuyệt.,不可斷絕。
Tầm vĩnh quy hề tặng sở tư.,尋永歸兮贈所思。
"Bình sinh vị thức cung dữ giác,",平生未識宮與角，
"Khởi vô sơn ca dữ thôn địch,",豈無山歌與村笛，
"San đô hào phong quả cô khấp,",山都號風寡孤泣，
"Hoa tâm dương hận,",花心颺恨，
"Thiềm tiền song yến phi,",簷前雙燕飛，
"Chu bang hàm hỉ,",週邦咸喜，
Vô cảm trì khu.,無敢馳驅。
"Giang sơn duyệt nhân đại, thiên tải nhược đán mộ.",江山閲人代，千載若旦暮。
Ngọc viết: Duy duy.,玉曰：唯唯。
Mộng ức Vân Trung Quân.,夢憶雲中君。
"Tồn cô sơ học Tấn Trình Anh, chuyển tác Bao Tư phục Sở tá.",存孤初學晉程嬰，轉作包胥復楚佐。
Hàn quát cơ phu bắc phong lợi.,寒刮肌膚北風利。
Sơn quả hoài trung lạc.,山果懷中落。
Phượng tiêu kinh lạc quỳnh anh hoa.,鳳簫驚落瓊英花。
Dĩ tả ngã ưu.,以寫我憂。
"Tương Dương hội thượng vương tôn ẩm,",襄陽會上王孫飲，
Yên thủy diểu tiền châu.,煙水渺前州。
Sàm nham lạc chiếu trung.,巉礹落照中。
"Cập thời hành lạc ưng hy du,",及時行樂應嬉遊，
Khí liên xích pha thông Thiền Vu.,氣連赤坡通禪于。
"Tương đối cộng vô ngữ,",相對共無語，
Hoa lạc nhân vong lưỡng bất tri.,花落人亡兩不知！
"Cúc tùng Bành Trạch dư tam kính,",菊松彭澤餘三徑，
"Xích hãn vi sinh bạch tuyết mao,",赤汗微生白雪毛，
"Duy nguyện hài nhi ngu thả lỗ,",惟愿孩兒愚且魯，
Giang chi dượng hĩ!,江之永矣、
Bất tu nhan sắc.,不須顏色。
Tam sinh tự giác thoát trần tung.,三生自覺脫塵蹤。
Thích liên hào quý đam văn nhu.,戚聯豪貴耽文儒。
"Công thành hiến khải kiến minh chủ,",功成獻凱見明主，
"Thuỳ trác Côn sơn ngọc,",誰斲崑山玉，
"Thiếu niên hữu tửu bất thống ẩm,",少年有酒不痛飲，
Vũ tướng thần binh hạ ngọc đường.,武將神兵下玉堂。
"Đỗ Khúc lê hoa bôi thượng tuyết,",杜曲梨花杯上雪，
"Thực phúc chủng duyên, tận thị hung trung hoài bảo.",植福種緣，盡是胸中懷寶。
Ưng vị biệt ly đa.,應為別離多。
"Vô khả diệc vô vô bất khả,",無可亦無無不可，
Phụ tử ninh chỉ.,婦子寧止。
Lang tòng hà xứ quy.,郎從何處歸。
"Nguỵ hầu cốt tủng tinh sảng khẩn,",魏侯骨聳精爽緊，
"Nguyện cầu Nam tông nhất chước thuỷ,",願求南宗一勺水，
Khả dĩ phùng thường.,可以縫裳。
"Y Chu Giả Đổng giai trần nê,",伊周賈董皆塵泥，
"Tư tòng nhị nữ,",思從二女，
"Đông nhai hợp đạp tế khinh vụ,",東崖合沓蔽輕霧，
Nhân sinh lạc tại tương tri tâm.,人生樂在相知心。
"Thực phát thực tú,",實發實秀，
Hữu độc thư nhân.,有讀書人。
Tần Xuyên đối tửu bình như chưởng.,秦川對酒平如掌。
"Điền viên mê kính lộ,",田園迷徑路，
"Thân kết kỳ ly,",親結其縭、
Cổ vũ khiêu lương tiền trí từ.,鼓舞跳粱前致辭。
Công chúa tỳ bà u oán đa!,公主琵琶幽怨多。
Khách tử viễn du hà xứ sở.,客子逺㳺何處所。
Nhất trản hàn đăng cộng cố nhân.,一盞寒燈共故人。
Viết hằng úc nhược thư càn phong.,曰恆燠若書乾封。
Lưu thủ hệ lang thuyền.,留取繫郎船。
Diệc vị đoàn không thướng cửu thiên.,亦未摶空上九天。
Khoái kiếm chước đoạn sinh giao đà.,快劍斫斷生蛟鼉。
"Ưu tâm thiểu thiểu,",憂心悄悄，
"Đỉnh túc tam phân dĩ thành mộng,",鼎足三分已成夢，
"Chu nhân hồi thủ tận đông vọng,",舟人回首盡東望，
"Nga nga, lưỡng nga nga,",鵝鵝兩鵝鵝，
Tân khổ Thạch Vưu phong.,辛苦石尤風。
Loan tử kính đài không.,鸞死鏡台空。
Cập nhĩ xuất vãng;,及爾出王；
"Trẫm trẫm lộ tư,",湛湛露斯，
Hoạn du trực tống Giang nhập hải.,宦遊直送江入海。
Nhất khuông thiên hạ.,一匡天下。
Cách hà phách thủ xướng di ca.,隔河拍手唱夷歌。
"Thả tương khoản khúc chung kim tịch,",且將款曲終今夕，
"Nhật chi tịch hĩ,",日之夕矣，
Hà sự thiên hồng tây nhất ngung?,何事偏烘西一隅？
Dực tá ngã hoàng gia hề.,翼佐我皇家兮，
"Như thử anh hùng thả như thử,",如此英雄且如此，
"Y hồng hoành tà ảnh,",依紅橫斜影，
Xuân thảo tiệm khan trường.,春草漸看長。
Vu hà hoạt yên?,巫何活焉？
"Khốn nhi tri chi,",困而知之，
"Kinh hoa kết giao tận kỳ sĩ,",京華結交盡奇士，
"Lăng Yên công thần thiểu nhan sắc,",凌煙功臣少顏色，
"Ức Cơ, Vĩ chi quang da?",抑箕尾之光耶？
Bất toại kỳ cấu.,不遂其媾。
"Nghi nhĩ tử tôn,",宜爾子孫、
"Truy tuỳ bất sổ chấp kim ngô,",追隨不數执金吾，
Duy hữu nhất tâm sầu vạn tự.,惟有一心愁萬緒。
"Sung nhĩ dĩ thanh hồ nhi,",充耳以青乎而，
Ký nhi:,既而：
Không sơn vô dĩ uý u độc.,空山無以慰幽獨。
"Vô dĩ thái khang,",無已大康，
"Tùng sinh thạch khích lão cánh du,",松生石隙老更腴，
"Tân đức, tân tâm hề, ba tiêu diệp,",新德新心兮芭蕉葉，
Hồ bất tỵ yên?,胡不比焉？
Hoa quan bất chỉnh há đường lai.,花冠不整下堂來。
Thặng mã lộ xa.,乘馬路車。
Nhẫn thủ Tây Lương lộng vi hí?,忍取西涼弄為戲？
Hoàng kim dụng tận hoàn sơ tác.,黃金用盡還疏索。
"Thạch mạch thuỷ lưu tuyền tích sa,",石脈水流泉滴沙，
Tại quynh chi dã.,在垧之野。
"Trường phong xuy bất yết,",長風吹不歇，
"Nhật mộ thu phong khởi,",日暮秋風起，
Hương tuyền ảnh trám yên chi lãnh,香泉影蘸胭脂冷！
Tái trầm tài phù.,載沉載浮。
Phù song khuyết hồ Thái thanh.,浮雙闕乎太清。
"Nãi lập ứng môn,",乃立應門，
"Hình hầu chi di,",邢侯之姨，
Vãng ý hạo vô biên.,往意浩無邊。
"Dư viết: “Y hy! Bi tai! Thử thu thanh dã, hồ vi hồ lai tai! Cái phu thu chi vi trạng dã, kỳ sắc thảm đạm, yên phi vân liễm; kỳ dung thanh minh, thiên cao nhật tinh; kỳ khí lật liệt, biêm nhân cơ cốt; kỳ ý tiêu điều, sơn xuyên tịch liêu. Cố vi kỳ thanh dã, thê thê thiết thiết, hô hiệu phấn phát, phong thảo lục nhục nhi tranh mậu, giai mộc thông lung nhi khả duyệt, thảo phất chi nhi sắc biến, mộc tao chi nhi diệp thoát; kỳ sở dĩ tồi bại linh lạc giả, nãi nhất khí chi dư liệt.",予曰︰「噫嘻﹗悲哉﹗此秋聲也，胡為乎來哉﹗蓋夫秋之為狀也，其色慘淡，煙霏雲歛；其容清明，天高日晶；其氣慄冽，砭人肌骨；其意蕭條，山川寂寥。故為其聲也，淒淒切切，呼號奮發，豐草綠縟而爭茂，佳木蔥蘢而可悅，草拂之而色變，木遭之而葉脫；其所以摧敗零落者，乃一氣之餘烈。
Kim giả mỗi thực vô dư.,今也每食無餘。
Nhã phụ tiết mục bất tự khinh.,雅負節目不自輕。
"Hà ngôn trung lộ tao khí quyên,",何言中路遭棄捐，
Ưu tâm khâm khâm.,憂心欽欽。
Toạ đề hành khốc khiên nhân y.,坐啼行哭牽人衣。
Ngã kỳ thu chi.,我其收之。
"Ô chiêu vu thiên,",於昭于天，
Điệu đồng từ bất đồng.,調同詞不同。
"Ngô kim dữ nhữ yếu tri chỉ,",吾今與汝要知止，
"Vị kiến quân tử,",未見君子、
"Vãng sự không dư Dịch thuỷ hàn,",往事空餘易水寒，
Thanh tiêu hoảng hiện Di quỷ ảnh.,清宵恍見夷鬼影。
Nhẫn sử Hoa Lưu khí điêu táng.,忍使驊騮氣凋喪。
"Kỳ kiến quân tử,",既見君子，
Hoa nhai mạc thính dương xuân thanh.,花街莫聽陽春聲。
Uyển chuyển ứng tiết tuỳ đê ngang.,宛轉應節隨低昂。
"Thạch lịch lỗi lỗi nhi tương ma hề, vanh chấn thiên chi khái khái.",石礫磥磥而相摩兮，巆震天之磕磕。
Đồ nhiên lỗi nhất chi.,徒然酹一卮。
"Ngã thì tương tư bất giác nhất hồi thủ,",我時相思不覺一回首，
Tiểu tôn tam tuế đầu thanh y.,小孫三歲投清漪。
"Hồi đầu trừng mục thì nhất khan,",回頭瞪目時一看，
Tương tuỳ ngã bất như.,相隨我不如。
Tạc nhật vãn tình kim nhật hắc.,昨日晚晴今日黑。
"Sản khước Quân sơn hảo,",剗却君山好，
Đãn đãn lâu đầu ngũ cổ thanh.,紞紞樓頭五皷聲。
"Thiên hoang địa lão cổ chiến trường,",天荒地老古戰場，
"Huệ thảo kiều hồng ngạc,",蕙草嬌紅萼，
"Hữu tín sác ký thư,",有信數寄書，
"Nhân không, ngã diệc không.",人空我亦空。
Tùng lam tú xứ đương ngã lâu.,松嵐秀處當我樓。
"Dương chi thuỷ,",揚之水，
"Chân tính thường vô tính,",真性常無性，
Đại Nguyễn chiêu yêu Tiểu Lục bồi.,大阮招邀小陸陪。
"Đoàn phân nhược dĩ vi chẩm hề, tịch thuyên lan nhi thần hương.",摶芬若以為枕兮，席荃蘭而茞香。
Vân sạn oanh vu đăng Kiếm Các.,雲棧縈紆登劍閣。
"Đan thực y hà,",簞食伊何，
Thứ đệ trân kỳ long sủng số.,次第珍奇隆寵數。
"Hổ thiệt thị nhân như thị cốc,",虎舌舐人如舐穀，
Nghĩa kết Quan Trương nguyện phù chủ.,義結關張愿扶主。
Chỉ tửu tư nhu.,旨酒思柔。
Kỳ văn nhược hà: long du khúc chiểu;,其文若何：龍游曲沼；
"Bào hữu khổ diệp,",匏有苦葉，
"Tiểu đồng thoa lạp túc,",小童簑笠宿，
Hạ căn kham hệ mã.,下根堪繫馬。
"Nghi ngôn ẩm tửu,",宜言飲酒，
Thuỳ đái quỵ hề!,垂帶悸兮。
"Tích văn Tương thuỷ bích như nhiễm,",昔聞湘水碧如染，
Tình bất khả sơ.,情不可疏。
Ai hác xoa nha hạo hô húng.,哀壑杈椏浩呼洶。
"Thiết toả cao thuỳ bất khả phan,",鐵鎖高垂不可攀，
"Đãn ngu xuân nhật trường,",但娛春日長，
Mệnh hữu ân quốc?,命有殷國？
"Khánh vô bất nghì,",罄無不宜，
Nga My sơn nguyệt chiếu Tần Xuyên,峨眉山月照秦川。
"Thế sự phù vân, bão kiến cẩu y biến thái.",世事浮雲，飽見狗衣變態。
Minh niên khuê trung tri hữu thuỳ.,明年閨中知有誰？
"Lan can bách chiết xuyên điểu sào,",闌干百折穿鳥巢，
Lạc đà lỗi quỵ thuỳ huyền hùng.,駱駝礨峞垂玄熊。
"Thư từ tản bộ,",舒徐散步，
"Tam tuế quán nhữ,",三歲貫女，
Phố phong xuy mạo hàn phát đoản.,浦風吹帽寒髮短。
"Ẩn xứ u nhi hoài thương,",隱處幽而懷傷，
"Triêu du Đại Đê khẩu,",朝遊大堤口，
"Khinh thanh dĩ phán trung hoàng ngoại,",輕清已判中黃外，
Thúc hề Bá hề!,叔兮伯兮，
Kim trâm tuyết lý mai.,金簪雪裏埋。
Xướng dữ Lũng Đầu nhi.,唱與隴頭兒。
"Anh hùng thừa thời vụ cát cứ,",英雄乘時務割据，
Chí chi hà chi thần hề!,寘之河之漘兮，
"Khả lân câu vị thức quân vương,",可憐俱未識君王，
Nhất lộ thuỷ ly sơn.,一路始離山。
"Quân bất kiến Bùi thượng thư,",君不見裴尚書，
"Điếu phạt chi sư, mạc tiên khử bạo.",弔伐之師，莫先去暴。
"Dân chi võng cực,",民之罔極，
Tử cấm hương yên huề mãn tụ.,紫禁香煙攜滿袖。
Tuyên truyền sứ bộ linh ôn dụ.,宣傳使部聆溫諭。
"Tinh võng lãng nhi phi dương hề,",精罔閬而飛揚兮，
"Ký kiến quân tử,",既見君子，
"Khiên nhược tước thành,",肩若削成，
Quá miếu tắc xu.,過廟則趨。
Khinh vi thuý mạc ba hồi tuyền.,輕幃翠幕波洄旋。
Tằng lăng khí cốt;,嶒崚氣骨；
Nhất sinh phú quý khuynh bang quốc.,一生富貴傾邦國。
Hoạ đống si trì xuân yến ảnh.,畫棟差池春燕影。
Thẩn tại bình mông.,矧在帡幪。
"Hách hách Nam Trọng,",赫赫南仲，
Phùng thử bách la.,逢此百罹。
"Ngũ Viên sát thân thuỳ bất oan,",伍員殺身誰不冤，
"Thử gian lạc diệc vong sơn cư,",此間樂亦忘山居，
"Kinh dĩ Vị trọc,",涇以渭濁，
Tú chung nhạc độc.,秀鍾嶽瀆。
Xuất tự đông phương.,出自東方。
Hà hữu thất chức.,何有失職。
"Hà bất tảo an bài,",何不早安排，
"Dư thất kiều kiều,",予室翹翹、
"Thiên địa tái tân pháp lệnh khoan,",天地再新法令寬，
Thị nội địch mễ đẩu ngũ thiên.,巿內糴米斗五千。
"Toạ đàm lập nghị giai Cao, Quỳ.",坐談立議皆皋夔。
"Phong dao chi ảnh, kinh ngọc lặc chi tương huy.",風搖枝影，驚玉勒之將揮。
Dung dung đào lãng trướng bình than.,溶溶桃浪漲平灘。
"Nãi phất thập dạng chi tiên, thử ngũ sắc chi bút.",乃拂十樣之牋，泚五色之筆。
"Đôi trác kỳ chương,",追琢其章，
Diệc bất vẫn quyết vấn.,亦不隕厥問，
"Kỳ nghi bất thắc,",其儀不忒，
"Mã phì vương hỷ vương bất sân,",馬肥王喜王不嗔，
"Sổ khan hoàng vụ loạn huyền vân,",數看黃霧亂玄雲，
Tổng quải thanh tùng điên.,總掛青松巔。
"Vô lương môi dĩ tiếp hoan hề,",無良媒以接歡兮，
Tào tạp tỳ bà tửu lan khấp.,嘈雜琵琶酒闌泣。
Nguyệt chiếu hoa lâm giai tự tán.,月照花林皆似霰。
"Điều kỳ túc hĩ,",條其嘯矣。
- Thử tiên triều hành cung chi cố chỉ dã.,此先朝行宮之故址也。
Gia vô đảm thạch thâu bách vạn.,家無儋石輸百萬。
Thiên tác chi hợp.,天作之合。
"Xung tưởng mịch liêu thiên, ngô ngữ thục dữ ngộ.",沖想寞寥天，吾語孰與晤。
"Giang Hán sương sương,",江漢湯湯，
Sàm siểm thị phục?,讒諂是服？
"Ức tích mông trần thực thảm đát,",憶昔蒙塵實慘怛，
"Cư tất trạch lân,",居必擇鄰，
Ngã do bất đắc xuất.,我猶不得出。
"Lô cung thỉ thiên,",盧弓矢千，
Khả dĩ âu ma.,可以漚麻。
Tá vấn bạch đầu ông:,借問白頭翁，
Nhất trường tam đoản đại dao ngoa.,一長三短大謠訛。
"Đãi vô khả ư nại hà, nãi nhập sơn nhi đào tỵ.",逮無可於奈何，乃入山而逃避。
"Chu tòng Hậu Tắc chí Văn, Vũ,",周從后稷至文武，
Bất khẳng quá Giang Đông.,不肯過江東。
Dã trĩ uý ưng xuất phục một.,野雉畏鷹出復沒。
Dữ tích thời Ngô thị phá Lưu Hoằng Thao chi cố châu dã.”,與昔時吳氏破劉弘操之故洲也。
Lương công tư ta thán kỳ tuyệt.,良工咨嗟嘆奇絕。
Hà tiễn ngô kỳ?,何踐吾期？
"Thập niên song mấn bạch,",十年雙鬢白，
Thọ lương phát bạch áng nhan đồng.,壽涼髮白盎顏童。
Thiện vi nhạc phương.,善為樂方。
"Bát phân nhất tự trị bách kim,",八分一字直百金，
"Ngô vương khứ hậu vô tiêu tức,",吳王去後無消息，
"Ngọc hoàng án lại kim yên khách,",玉皇案吏今煙客，
"Tạc nhật nhập thành thị,",昨日入城市，
Dĩ quả địch chúng thường thiết phục dĩ xuất kỳ.,以寡敵眾常設伏以出奇。
Viện cầm minh huyền phát “Thanh thương”.,援琴鳴絃發清商。
"Đại mệnh cận chỉ,",大命近止，
"Trung cấu chi ngôn,",中冓之言，
"Ký bảo hợp ư thái hoà, nghi chư phúc chi tất chí.",既保合於太和，宜諸福之畢至。
Hương lý tàng nặc bất cảm ngữ.,鄉里藏匿不敢語。
"Hàm tuy phù dĩ sĩ phong hề,",函荾荴以俟風兮，
"Vô phong mỹ vu nhĩ bang,",無封靡于爾邦，
Bái phục bất khởi hô quần nô.,拜伏不起呼群奴。
"Đầu thượng nhuệ nhĩ phê thu trúc,",頭上銳耳批秋竹，
Hốt ức cố viên nhân.,忽憶故園人。
Dĩ yên ti?,已焉哉！
"Nam tử bất học,",男子不學，
Linh lộ nùng nùng.,零露濃濃。
Thôi song phác diện lai.,推窗撲面來。
Vật phục phỏng Bồng Doanh.,勿复訪蓬瀛。
Nga quan bệ trắc; tấn hốt yêu gian,峨冠陛側；搢笏腰間。
"Tình không sậu vũ hốt khuynh bồn,",晴空驟雨忽傾盆，
"Xuất kỳ ân đô,",出其闉闍，
Tử vô lương mi.,子無良媒。
Nhi khoái trào bão?,而快鼂飽？
"Giang Lang tự thị thanh vân tư,",江郎自是青雲姿，
"Lạc diệp tụ hoàn tán,",落葉聚還散，
"Lâm mộc hàm bạch lộ,",林木含白露，
Hoang lương không thú lâu.,荒涼空戍樓。
"Vương tôn nghịch mục tự lao hồn,",王孫逆目似勞魂，
Tiểu huyền thiết thiết như tư ngữ.,小弦切切如私語。
"Thanh sơn điệp điệp vi Bành Thành,",青山疊疊圍彭城，
"Tự bình cung trung lữ Thái Nhất,",自平宮中呂太一，
"Tứ nguyệt nam phong đại mạch hoàng,",四月南風大麥黃，
Nhất tiếu linh nhân tâm mục khoái.,一笑令人心目快。
Ngã tự nghinh tiếp nhữ.,我自迎接汝。
Nữ Anh mục thành chuyển tâm thiếp.,女英目成轉心愜。
Kiệm vi cộng đức.,儉為共德。
Đế hà trúc chi?,帝何竺之？
"Thác nhận thiền căn, hoảng nhiên thiên thị.",錯認禪根，恍然天市。
"Tự tòng lữ thực kinh hoa xuân,",自從旅食京花春，
"Nhân cựu văn nhi bút tước hề, đoán trung tà chi thành nguỵ.",因舊文而筆削兮，斷忠邪之誠偽。
"Sơ giao nhĩ ngã thiên địa tri,",初交你我天地知，
Nhiễu điền vô hạn thảo liên vân.,繞田無限草連雲。
"Hảo nhân đề đề,",好人提提，
Gia nhân toàn hoả dụng thanh phong.,家人鑽火用青楓。
"Đoạt sáo Chương Dương độ,",奪槊章陽渡，
Bất thức Hàn Sơn tử.,不識寒山子。
Túc hạ ti lý ngũ văn chương.,足下絲履五文章。
Vô xứ tương nang thi bất mãn.,無處箱囊詩不滿。
"Bất ưng duyên hậu thục,",不應緣後熟，
Thưởng dương miết liệt thư tuỳ hùng.,搶佯瞥捩雌隨雄。
Xứ xứ thị tuyền thanh.,處處是泉聲。
"Tam Ba nhất dạ thu dĩ sinh,",三巴一夜秋已生，
"Vương vị Doãn thị,",王謂尹氏，
Ngã hữu cầm hề vô tri âm.,我有琴兮無知音。
Bồi tư lâu chi phi chỉ dã da?,培斯樓之丕址也耶？
Chu trung niên thiếu giai bạch đầu.,舟中年少皆白頭。
Sổ thốn quang thu vô nhật hôn.,數寸光秋無日昏。
Não thiếp tương tư yêm bệnh cửu.,惱妾相思淹病久。
Bách thần nhĩ chủ hĩ.,百神爾主矣。
Chiếu diệu vạn thụ phồn như đôi.,照耀萬樹繁如堆。
Thiết sách phược cấp giao long cương.,銕索縛急蛟龍僵。
Bạc ngôn kết chi.,薄言袺之。
"Hàn khê bản tự Viễn công xã,",寒溪本自遠公社，
"Từ quân khứ quân chung bất nhẫn,",辭君去君終不忍，
"Nhương chi thích chi,",攘之剔之，
Đại yến tam tước.,大燕三爵。
"Sâm si hạnh thái tương cấu mạt,",參差荇菜相呴沫，
Nhưng xướng Hồ ca ẩm đô thị.,仍唱胡歌飲都市。
"Tiện vãng đầu thư hiến chí tôn,",便往投書獻至尊，
Ngưỡng cố ngã hữu.,仰顧我友。
"Tiểu đậu đại đậu dịch đệ tần,",小豆大豆驛遞頻，
"Ai huyền vi diệu,",哀絃微妙，
"Cẩm thuỷ tế bất kiến,",錦水細不見，
Hữu hiêu tuỵ chi.,有鴞萃止。
"Phổ thiên giai diệt diễm,",普天皆滅焰，
"Chu phất tư hoàng,",朱芾斯皇，
Thọ khảo bất vong.,壽考不忘。
"Quốc tự sơ tương phó chư Vũ,",國嗣初將付諸武，
"Cận văn sơn khê tiệm mao tắc,",近聞山溪漸茅塞，
"Thẩn tư trùng dã: sản ư Kim Âu chi thượng, diệu ư động thiên chi địa.",矧斯虫也：產於金甌之上，曜於洞天之地。
Thế tình vãng vãng ố không hoàn.,世情往往惡空圜。
"Xuân sắc tam phân nhị,",春色三分二，
"Mặc tri thần tự minh,",默知神自明，
"Lê viên tử đệ tán như yên,",梨園子弟散如煙，
"Thốn yên phần lâm,",寸煙焚林，
"Vi phu chỉ hoà,",為夫止和，
"Sương đề xúc đạp trường thu gian,",霜蹄蹴踏長楸間，
"Tú viên nhất tự,",秀園一敘，
Ngọc phong kham tiệt vân.,玉鋒堪截雲。
"Ô hô nhất ca hề ca thuỷ phát,",嗚呼一歌兮歌始發，
Kì kì như vân.,祁祁如雲。
Thâu độ Hoàng Hà dạ băng bạc.,偷渡黃河夜冰薄。
Mỹ thần bất tông.,靡神不宗。
Hành ca vọng cựu sầm.,行歌望舊岑。
Lôi cổ động sơn xuyên.,雷鼓動山川。
Kỷ dạ chướng hoa khai mộc miên.,幾夜瘴花開木棉。
Hà uẩn hà hỉ.,何慍何喜。
Thử tẩu dĩ tác tuý hương khách.,此叟已作醉鄉客。
"Giang Nam vô sở hữu,",江南無所有，
"Lỗ nùng kiềm đạm vị đắc nhàn,",滷濃堿淡未得閑，
"Nguyệt minh huyền sách cánh vô thanh,",月明弦索更無聲，
"Tri ngã giả,",知我者，
Vĩnh quan quyết thành.,永觀厥成。
"Biên tái tây Phồn tối sung xích,",邊塞西蕃最充斥，
"Dục tri trường đoạn xứ,",欲知腸斷處，
"Ức nhĩ yêu hạ thiết ti tiễn,",憶爾腰下鐵絲箭，
Tân lương đậu khách song.,新涼逗客窗。
Thiên cổ đế vương gia.,千古帝王家。
"Ngã nhập tự ngoại,",我入自外，
"Duy kiêu tại hộ,",惟澆在戶，
"Phủ chiết lan anh,",俯折蘭英，
"Ức tích tiên hoàng tuần sóc phương,",憶昔先皇巡朔方，
"Di ngã minh châu cửu thập lục,",遺我明珠九十六，
"Lạc hoa oanh liêm phất sàng tịch,",落花縈帘拂床席，
Hà vị hoài ưu tâm phiền thương?,何為懷懮心煩傷？
"Uý đồ chung bảo nhàn thân thử nhật huân danh giai quốc giả,",畏途終保閒身此日勳名皆國假，
Mại thán đắc tiền hà sở doanh?,賣炭得錢何所營，
Dữ vật vi xuân.,與物為春。
"Ngẫu ký nhất vi quan,",偶寄一微官，
"Hảo thị giá sắc,",好是稼穡，
"Thù Du loan đầu quy lộ xa,",茱萸灣頭歸路賒，
Sở dĩ nhân chí.,所以仁至。
"Vu thử trung hương,",於此中鄉。
"Ưu lai vô phương,",憂來無方，
Thoái nhượng tam phân dã bất phương.,退讓三分也不妨。
Tức hữu Thai gia thất.,即有邰家室。
Địa ngục thiên đường tự khô kiệt.,地獄天堂自枯竭。
"Hồ trung nhật nhật đa phong lãng,",湖中日日多風浪，
"Hiếu tử bất quỹ,",孝子不匱，
"Hồng đậu sinh nam quốc,",紅豆生南國，
"Kỳ bác tư triệu,",其鎛斯趙，
Điền tuấn chí hỉ.,田畯至喜。
Sân sân hề.,詵詵兮。
"Tương Sơn phá hiểu lập binh đình,",湘山破曉立俜停，
Lưu ly chi tỉ.,流離之子。
Huề thủ ai kiên du hoạ các.,攜手挨肩遊畫閣。
"Chiêm bỉ nhật nguyệt,",瞻彼日月，
Dĩ âm dĩ vũ.,以陰以雨。
Đông vương phạn dĩ can.,東王飯已乾。
"Dục biệt khiên lang y,",欲別牽郎衣，
"Gia trung vô trưởng vật,",家中無長物，
"Thốn căn thiên lý bất dị đáo,",寸根千里不易到，
"Tốt nhiên ly nghiệt,",卒然離蠥，
Cách liêm tiêu tức phong xuy thấu,隔簾消息風吹透。
Thuỳ dữ độc tức?,誰與獨息！
Xuyên lang nhập thát ái tà huy.,穿廊入闥靄斜輝。
Lưu trước bạn lê hoa.,留著伴梨花。
"Ba Đông sơn sắc liên Ba Tây,",巴東山色連巴西，
"Nhiên nhi Thiệu Bá cam đường bất phạt, tổng nhân tâm chi tư mộ,",然而召伯甘棠不伐，總人心之思慕，
Bạt kiếm đương nhân diện như giả.,拔劍當人面如赭。
Bất tằng cử bộ ly trung đình.,不曾舉步离中庭。
"Ai tai vương tôn thận vật sơ,",哀哉王孫慎勿疏，
"Hiểm trung đắc lạc tuy nhất khoái,",嶮中得樂雖一快，
Thâu dữ quan gia sự nhung địch.,輸與官家事戎狄。
Hồ tào tuyết oản uyên ương ti.,胡槽雪腕鴛鴦絲。
"Nữ vật tham tài,",女勿貪財，
"Thái Tuế hà niên đương tại Dậu,",太歲何年當在酉，
"Vu sơn hách kỳ vô trù hề, đạo hỗ chiết nhi tằng luỹ.",巫山赫其無疇兮，道互折而曾累。
"Bản lai vô xứ sở,",本來無處所，
Thuý tụ quyển sa hồng ánh nhục.,翠袖卷紗紅映肉。
"Thước phi sơn nguyệt thự,",鵲飛山月曙，
"Thiên đông nhật xuất thiên tây há,",天東日出天西下，
Tử vụ mê mông tráo kim lũ.,紫霧迷濛罩金縷。
Thiên môn quý nhân truyền chiếu triệu:,天門貴人傳詔召：
"Tha hương mạc vong thù du tửu,",他鄉莫忘茱萸酒，
Hồ ninh điên ngã dĩ hạn?,胡寧瘨我以旱？
Mai truyền xuân tín tảo,梅傳春信早，
"Bất ngô bất ngao,",不吳不敖，
"Căng căng nghiệp nghiệp,",兢兢業業，
"Hoan lạc triêu triêu kiêm mộ mộ,",歡樂朝朝兼暮暮，
"Dữ quân đồng bạt bồ,",與君同拔蒲，
"Thanh bào bạch mã cánh hà hữu,",青袍白馬更何有？
Bất khả vuống ti.,不可泳思。
"Đạo Hoa diệc thường đạm nhất tảo,",道華亦嘗啖一棗，
"Ký ngôn toàn thịnh hồng nhan tử,",寄言全盛紅顏子，
Phủ địa lưu huyết.,俯地流血。
Khoảnh lai mục kích tín hữu chinh.,頃來目擊信有征。
"Bất chiếu anh hùng tâm khúc sự,",不照英雄心曲事，
Cứu Trung Quốc thị cứu tự kỷ.,救中國是救自己。
"Du thuyết vạn thặng khổ bất tảo,",游說萬乘苦不早，
"Ngã gia viễn tại Giao Nam đầu,",我家遠在交南頭，
Song nguyên tiến sĩ.,雙元進士。
"Mạc xích phỉ hồ,",莫赤匪狐，
Ưng liên hàn nữ độc vô y.,應憐寒女獨無衣。
Bắc phong xuy quần đái.,北風吹裙帶。
"Quân bất kiến đạo biên phế khí trì,",君不見道邊廢棄池，
Nhân diệc hữu ngôn:,人亦有言：
Thân tử thiên niên hận khê thuỷ.,身死千年恨溪水。
"Trầm ưu uất kết,",沉憂鬱結，
"Bạch nhật đăng sơn vọng phong hoả,",白日登山望烽火，
"Hồ thượng nhất hồi thủ,",湖上一回首，
"Mao xá nhân yên lý,",茅舍人煙裡，
"Hoa minh ỷ mạch xuân,",花明綺陌春，
"Tuy nhiên biến mãn hư không giới,",雖然遍滿虛空界，
Phụng chi sồ.,鳳之雛。
"Tướng quân Nguỵ Vũ chi tử tôn,",將軍魏武之子孫，
"Lạc chỉ quân tử,",樂隻君子，
"Kỳ ngã hồ Tang Chương,",期我乎桑中，
"Phục nỗ duyên đê gian pháo đài,",伏弩緣堤間炮臺，
"Dao tri quan ngoại tuyết,",遙知關外雪，
Thiên tất tuỳ chi.,天必隨之。
"Vu dĩ khai vạn thế thái bình chi cơ,",于以開萬世太平之基，
"Dương bạch hoa phi Sở thuỷ đông,",楊白花飛楚水東，
Bồn lý ty tao ngân kiển sạ.,盆里絲繅銀繭乍。
"Duyên cừ thiên tự tuyết,",緣渠偏似雪，
Cảnh cảnh trú phục dạ.,耿耿晝復夜。
"Đồng ngã phụ tỉ,",同我婦子，
Nãi như chi nhân hề!,乃如之人兮，
Huỳnh cung ký tập thành điệp tuỳ.,黌宮既葺城堞隨。
"Nghi kỳ trí Khai Nguyên thái bình chi thịnh, quang Thái Tông Trinh Quán chi liệt dã!",宜其致開元太平之盛，光太宗貞觀之烈也。
"Đan xa phụng sứ Sài thượng thư,",單車奉使柴尚書，
"Cao cầu báo sức,",羔裘豹飾，
Ngã tư bất viễn.,我思不遠。
Vị thành khúc điệu tiên hữu tình.,未成曲調先有情。
"Trường sinh mộc biều thị chân suất,",長生木瓢示真率，
Do tự học yêu thân.,猶似學腰身。
"Dư tình duyệt kỳ thục mỹ hề,",余情悅其淑美兮，
"Văn thành phá thể, thư tại chỉ,",文成破體書在紙，
Xuy hoa tống viễn hương.,吹花送遠香。
Hồng nhan bạch diện hoa ánh nhục.,紅顏白面花映肉。
"Từ chi dịch hĩ,",辭之懌矣，
"Khổ chiến ưng tiều tuỵ,",苦戰應憔悴，
Vạn sự hào hoa như chuyển chúc.,萬事豪華如轉燭。
"Thí thuyết đồ trung cảnh,",試說途中景，
"Vi mưu vi bí,",爲謀爲毖，
Si tuẫn không danh ngộ ngọc nhan.,痴徇空名誤玉顏。
"Thảo đường xuân thuỵ túc,",草堂春睡足，
"Chí sĩ thành nhân, khởi sát thân chi túc tích.",志士成仁，豈殺身之足惜。
Dĩ uỷ kỳ tâm.,以慰其心。
"Thấp tang hữu a,",隰桑有阿，
"Túc dạ tại công,",夙夜在公，
"Mã Viện chinh hành tại nhãn tiền,",馬援征行在眼前，
"Kế nhân Cao Hậu cấm quan thị,",繼因高後禁關市，
Nhất điểm phương tâm vị quân tử.,一點芳心為君死。
"Thanh đô chúng mộc tổng vinh phân,",清都眾木總榮芬，
Tương phi vũ vị điều.,將飛羽未調。
"Nhẫn đãi minh niên, mạc thảng thốt.",忍待明年莫倉卒。
"Thời dữ bất thời hà dĩ vi,",時與不時何以為，
"Vô tệ khả trừ, chính sự nhật thuần.",無弊可除，政事日醇。
Thủ trì văn thư tạp sân hỉ:,手持文書雜嗔喜：
Kỳ thuỳ tri chi?,其誰知之，
"Luyến bỉ chư cơ,",孌彼諸姬，
Tản tác mãn hà tinh.,散作滿河星。
"Đạo trở thả trường,",道阻且長；
"Đoạ sơn kiều nhạc,",嶞山喬岳，
"Tân cần bất kiến Hoa Cái quân,",辛勤不見華蓋君，
"Thần phản đoạn đường, liêu thảo chi minh thành dĩ thoả.",神返斷堂，藔草之明誠以妥。
"Chu hoặc Bao Tự phong hoả khởi,",周惑褒姒烽火起，
Lộng ba tình vị cực.,弄波情未極。
"Giang thượng diệc thu sắc,",江上亦秋色，
"Liêu nhuyên sản xuất thần thảo tùng,",遼堧產出神草叢，
"Giác lai dục vãng tâm du nhiên,",覺來欲往心悠然，
Hà bất tác nhân?,遐不作人？
Hám như hao hổ.,闞如虓虎。
"Tri âm như bất thưởng,",知音如不賞，
Tráng chí không lân phó hải sơn.,壯志空憐付海山。
Sơn trung mi lộc tận vô thanh.,山中麋鹿盡無聲。
Đế Hán ư Thục.,帝漢於蜀。
"Lục đường tại ngưỡng,",綠堂在仰，
Thánh kinh hiền truyện cần tri dư.,聖經賢傳勤菑畬。
Vân hành vũ thí các lưu hình;,雲行雨施各流形；
"Ngũ bộ nhất lâu, thập bộ nhất các,",五步一樓、十步一閣、
Phù hà vi chu lưu?,夫何為周流？
Bỉ quân tử hề!,彼君子兮，
Hậu nhật cánh lão thuỳ luận tai?,後日更老誰論哉？
"Vũ hậu quá huề nhuận,",雨後過畦潤，
Thư phụng cô phi nữ long quả.,雌鳳孤飛女龍寡。
"Đằng Vương cao các lâm giang chử,",滕王高閣臨江渚，
"“Khứ điếu tựu hạ, khứ hạ tựu điếu”.",「去弔就賀，去賀就弔」。
Y trùng giác hề!,猗重較兮。
Nhi quyết thân bất nguy bại?,而厥身不危敗？
"Đế nãi giáng quan,",帝乃降觀，
Cổ sắt xuy sinh.,鼓瑟吹笙。
"Tứ nhung tật bất điễn,",肆戎疾不殄，
Thì kiến tùng lịch giai thập vi.,時見松櫪皆十圍。
Tu tác độ giang nhân.,羞作渡江人。
Hà sa thế giới bất khả lường.,河沙世界不可量。
"Bất chí bất cầu,",不忮不求，
"Trẫm mệnh bất dịch,",朕命不易，
"Củ củ vũ phu,",赳赳武夫、
Khiển lai hải đảo lai tương kiến.,遣來海島來相見。
Sơ vô lâm giang thiên mộc nô.,初無臨江千木奴。
Bao y vô đới.,褒衣無帶。
Tố thủ ngọc phòng tiền.,素手玉房前。
"Trú mã dục phân khâm,",駐馬欲分襟，
"Xuất môn dư mã huyên cửu cù,",出門輿馬喧九衢，
"Tây phong nguyệt do tại,",西峰月猶在，
"Thống tâm tật thủ giả thuỳ thập dư niên,",痛心疾首者垂十餘年，
"Thần dân chi sở cộng phẫn,",神民之所共憤，
"Kê trùng đắc thất vô liễu thì,",雞蟲得失無了時，
"Lục vân đương song phiên,",綠雲當窗翻，
Ký hữu hưởng chi.,既右饗之。
Thuyền đầu tế vũ tà phi.,船頭細雨斜飛。
"Hiểu toạ đối trà âu,",曉坐對茶甌，
Tri ngã liên cừ hoạ vô địch.,知我憐渠畫無敵。
"Nãi thù ly chi bất biện hề, thủ chỉ khẩu nhi vân vân.",乃殊離之不辨兮，手指口而云云。
Nhan như thuấn phô.,顏如舜華。
"Đãi khách đăng lâu hướng thuỷ khan,",待客登樓向水看，
"Thiêu tàn phá ốc bất hạ tập,",燒殘破屋不暇葺，
Thập mẫu chi ngoại hề!,十畝之外兮，
"Nhi kim tây bắc tự phản Hồ,",而今西北自反胡，
"Ấu nhãn thông tiêu miên bất đắc,",幼眼通宵眠不得，
Bội ngọc quỳnh cư.,佩玉瓊琚。
Diệc đắc tính danh truyền hậu đại.,亦得姓名傳後代。
Thiệp giang thái lăng hà khả đạo.,涉江采菱何可道。
"Vạn lý độ Cư Diên,",萬里度居延，
"Ô cân bán ngạn y lộ trửu,",烏巾半岸衣露肘，
"Chương Đài chiết dương liễu,",章臺折楊柳，
"Tường kỳ đảo bộc bách quan tán,",檣旗倒仆百官散，
Tắc mạc ngã cảm quỳ.,則莫我敢葵。
Kỳ minh giê giê.,其鳴喈喈。
Hữu như đông phong xạ mã nhĩ.,有如東風射馬耳。
Vị chi quỹ tắc.,為之軌則。
"Si bỉ tì hưu tảo bỉ phân,",笞彼貔貅掃彼氛，
Minh sắc vô nhân độc quy khách.,暝色無人獨歸客。
"Ký sinh ký dục,",既生既育，
"Tử Trọng chi tử,",子仲之子，
Như vân bất khắc.,如雲不克。
"Tây phương Phạn tăng danh Pháp Năng,",西方梵僧名法能，
"Dược từ chưng thường,",禴祠烝嚐，
Tạp bội dĩ báo chi.,雜佩以報之。」
"Thành trung chi dân bất cơ tử,",城中之民不飢死，
Dương danh ư hậu.,揚名於後。
Cửu trí tâm diệc hàn.,久置心亦寒。
"Chấp thế kỷ phong vân biến huyễn, nhân giai tranh dĩ trí, quân dục cạnh dĩ lực, cửu thu quy kiếm, hùng hồn do tự luyến thần kinh.",廿世紀風雲變幻，人皆爭以智，君欲競以力，九秋歸劍，雄魂猶自戀神京。
"Phong nhu vũ luyện tuyết tu tỷ,",風揉雨練雪羞比，
"Hoàng thiên bất di nhất khối nhục,",皇天不遺一塊肉，
"Đan thanh uyển chuyển Kỳ Lân lý,",丹青宛轉麒麟裏，
"Thương thương mang mang giang thượng diện,",蒼蒼茫茫江上面，
"Hồ địa vô hoa thảo,",胡地無花草，
"Tống tử thiệp Kỳ,",送子涉淇，
"Địa hữu Đông Lâm, nam tốn sơn lai trì án nội,",地有東林南巽山來坻案內；
"Phi duyên nhai chi xạ lợi hề, khủng xúc thạch nhi kinh chu.",非緣崖之射利兮恐觸石而驚舟。
"Đại sư duy viên,",大師維垣，
"Chấp chỉ vong nguyệt,",執指忘月，
Thực duy nhĩ công doãn sư.,實維爾公允師。
Hoàng vương duy bích.,皇王維辟。
"Hoang thiên đoạn hề thuỳ trùng quá,",荒阡斷兮誰重過，
"Hô hề nô, xuy tất lật.",呼奚奴，吹觱篥，
"Vương sự mỹ cổ,",王事靡盬，
"Xuân đàm quỳnh thảo lục khả chiết,",春潭瓊草綠可折，
"Phiên thân cánh thiến lang phù khởi,",翻身更倩郎扶起，
Ngữ yến điêu lương vãn.,語燕雕梁晚。
"Thanh khê tẩy ngã túc,",淸溪洗我足，
Chư hầu kiếm bội minh tương ma.,諸侯劍佩鳴相磨。
"Ngã dục tiên sơn xuyết dao thảo,",我欲仙山掇瑤草，
Nhàn vân vô ý lạc không đình.,閑雲無意落空庭。
"Phụng bát kim linh thế,",鳳撥金翎砌，
"Hách hách nghiệp nghiệp,",赫赫業業，
Trượng lê bất thuỵ thuỳ năng na?,杖藜不睡誰能那？
Hiếu ố bất hợp trường tương mông.,好惡不合長相蒙。
"Tâm hồ ái hĩ,",心乎愛矣，
"Cách liêm trường dục đoạn,",隔簾腸欲斷，
Mộ canh thượng bình điền.,暮耕上平田。
"Niên thâm khởi miễn hữu khuyết hoạ,",年深豈免有缺畫，
"Cẩu vô quân tử,",苟無君子，
"Kính thiên chi nộ,",敬天之怒，
"Lão phu nguyên thị lương gia tử,",老夫元是良家子，
"Cố nhân biệt hậu khuê nam bắc,",故人別後睽南北，
"Chiêm bỉ Hạn lộc,",瞻彼旱麓，
Học đắc tỳ bà bất hạ đường.,學得琵琶不下堂。
"Mộ môn hữu cức,",墓門有棘，
Tây nam âm phương.,西南陰方。
Sầu phong phục sầu thuỷ.,愁風復愁水。
Thiệu Bá sở bạt.,召伯所茇。
Vô bất khắc củng.,無不克鞏。
"Thanh sam khấp yểm tỳ bà huyền,",青衫泣掩琵琶弦，
"Trắc thân trường cố cầu kỳ quần,",側身長顧求其群，
"Nhữ môn thỉnh tùng tằng ông thuyết,",汝門請從曾翁說，
"Trưng bất vu thiên nhi vu nhân, phù bất tại tường nhi tại đức.",徵不于天而于人，符不在祥而在德。
Vô biên xuân sắc lai thiên địa.,無邊春色來天地。
Cán sa nữ bạn ức đồng hành.,浣紗女伴憶同行。
"Khinh ngoa trách tụ kiều trang thúc,",輕靴窄袖嬌妝束，
"Vấn chinh phu dĩ tiền lộ, hận thần quang chi hy vi.",問征夫以前路，恨晨光之熹微。
Ma đao nhi sơn thạch quyết.,磨刀而山石鈌。
Nhân gian hào kiệt tối vi nan.,人間豪傑最爲難。
"Nhất khứ nhất vạn lý,",一去一萬里，
Kỳ tử tại trân.,其子在榛。
Phong phàm nhất phiến xuất tình yên.,風凡一片出晴煙。
Thiệu Bá thị doanh.,召伯是營。
"Phi cơ lạc đạn vô khả miễn,",飛機落彈無可免，
"Cánh thoát đầu lô để hổ khẩu,",更脫頭顱抵虎口，
Thiên địa thảm thảm vô nhan sắc.,天地慘慘無顏色。
Tửu hàm bễ nghễ ý khí thân.,酒酣睥睨意氣親。
Thời hữu bạch vân lai.,時有白雲來。
Tứ diện lai thanh phong.,四面來清風。
"Thì Chu chi mệnh,",時周之命，
Hàn sơn nguyệt hoa bạch.,寒山月華白。
Hất dụng hữu thành.,迄用有成，
"San hô vy trướng tượng tác sàng,",珊瑚為帳象作牀，
Đồng tử bội huề.,童子佩觿。
Khai hoa Hán thuỷ tân.,開花漢水濱。
"Túc túc thố tư,",肅肅兔罝、
"Tịch tịch ly đình yểm,",寂寂離亭掩，
"Ngã lai tự đông,",我來自東、
Quân độc hà vi hề thủ tàn tịch?,君獨何為兮守殘籍？
"Giang biên lão ông thác liệu sự,",江邊老翁錯料事，
"Hữu thủ chấp trạc,",右手秉翟。
"Xuân cầm do cạnh chuyển,",春禽猶競囀，
"Thiếu tráng kỷ thì nại lão hà,",少壯幾時奈老何，
Thử địa kinh qua lệ mãn cân.,此地經過淚滿巾。
"Bất tri ngã giả,",不知我者，
"Lai triêu tẩu mã,",来朝走馬，
Sa trường dao vọng lộ man man.,沙塲遥望路漫漫。
Lãn hồi tiên bí thành cao yến.,懶回鞭轡成高宴。
Kỳ đại hữu ngung.,其大有顒，
Lục trúc như trích.,綠竹如簀。
"Bão đắc thu tình bất nhẫn miên,",抱得秋情不忍眠，
Phất cổ phất khứu.,弗鼓弗考。
Vị sử ngô binh trước bạch bào.,未使吾兵著白袍。
Bản đãng thức thành thần.,板蕩識誠臣。
"Cốc khẩu viên thanh phát,",谷口猿聲髮，
"Tí quyển la tiêu bảo xuyến cao,",臂捲羅綃寶釧髙，
"Vô thiểm hoàng tổ,",無忝皇祖，
"Tâm trục nam vân thệ,",心逐南雲逝，
"Tích tiên vương thụ mệnh,",昔先王受命，
Lịnh đức thọ khải.,令德壽豈。
"Thiên hàn tụ bạc nhân bất tri,",天寒袖薄人不知，
Nhập thử thất xử.,入此室處。
Nhẫn tự vi tiên.,忍字為先。
Trường đoản tận thành ty.,長短盡成絲。
Trọc dao thô phạn nhậm ngô niên.,濁醪粗飯任吾年。
Tống ngã hồ Kỳ chi Thượng hĩ.,送我乎淇之上矣。
Loạn thạch tranh vanh tục vô tỉnh.,亂石崢嶸俗無井。
"Hưu hĩ hoàng khảo,",休矣皇考，
Hoa lạc kỳ đình thuỷ loạn lưu.,花落旗亭水亂流。
"Kim niên ngải thảo cái tuyết đường,",今年刈草蓋雪堂，
"Huyễn diệu hồng nghê, phủ thị tranh vanh.",炫燿虹蜺，俯視崝嶸。
"Hảo hoa nan chủng bất trường khai,",好花難種不長開，
"Đạo tróc đâu nhân tòng hải lãng,",盜捉丟人從海浪，
Đạp thiên ma đao cát tử vân.,踏天磨刀割紫雲。
Tương vọng lạc lạc như thần tinh.,相望落落如晨星。
Bồng Lai khuyết hạ hoàng long trì.,蓬萊闕下黃龍墀。
Công quy vô sở?,公歸無所、
"Muội Hỉ hà tứ,",妹嬉何肆，
Ống nhược xuân hoa.,蓊若春華。
Tam quân sảng nhiên.,三軍愴然。
Kỷ chi chính phát đông song tiền.,幾枝正發東窗前。
"Tống sơ Đinh thị thuỷ phong vương,",宋初丁氏始封王，
Thiên hạ đông tây hàm an cư.,天下東西咸安居。
"Cư cao thanh tự viễn,",居高聲自遠，
"Cận lai phan chiết khổ,",近來攀折苦，
Nguyên tử văn do hữu cổ phong.,元子文猶有古風。
Mạc tích quá Giang đề.,莫惜過江題。
Thuyền đầu lý ngư xuy lãng hoa.,船頭鯉魚吹浪花。
Hồng tinh loạn tử yên,紅星亂紫煙。
"Vương vu hưng sư,",王于興師，
Vũ công kỵ nhập thu đàm thuỷ.,雨工騎入秋潭水。
"Dữ thuỳ tham hoạ lý,",與誰參畫理，
Châu liêm mộ quyển Tây Sơn vũ.,珠簾暮捲西山雨。
"Hạ Lan sơn hạ trận như vân,",賀蘭山下陣如雲，
"Thanh thần cổ trạo quá giang khứ,",清晨鼓櫂過江去，
Hất khả tiểu an.,汔可小安。
"Dục vấn tương tư xứ,",欲問相思處，
"Môn la duyên hiểm đặng,",捫蘿緣險磴，
"Nhất văn thuyết tận cấp nan tài,",一聞說盡急難材，
Chính thị cá trung chân khoái hoạt.,正是個中真快活。
Tiêu tiêu đoản phát thu sương thuỳ.,蕭蕭短髮秋霜垂。
Tam tinh tại thân.,三星在天。
Tuý tháp sơn hoa cộng thần hý.,醉插山花共神戲。
Kiếp ngoại thai cầm tuyết lý quân.,劫外胎禽雪裏筠。
Hải tông yên tri thân xuất quần.,海棕焉知身出群。
Hiệu lệnh minh bạch nhân an cư.,號令明白人安居。
Chung bất tuyết sỉ.,終不雪恥。
"Quân tử hữu tửu,",君子有酒，
"Thành ngoại thổ man đầu,",城外土饅頭，
"Thạch gia quan quân nhược lôi điện,",石家官軍若雷電，
"Thực kiên thực hảo,",實堅實好。
"Thập lý nhất trí phi trần hôi,",十里一置飛塵灰，
"Uông dương thiên lý,",汪洋千里。
"Dương công dĩ lai,",楊公以來，
Phi Thánh nhi hà.,非聖而何。
Nhất phát ngũ ba.,壹發五豝。
"Sầu tư vô dĩ, thán tức thuỳ lệ.",愁思無已，歎息垂淚。
"Âm tình tuỳ ý cổ nan đắc,",陰晴隨意古難得，
Xuân phong hoà khí.,春風和氣。
"Thanh thiên đãng đãng hô bất văn,",青天蕩蕩呼不聞，
Hầu thuỷ tại hỹ?,侯誰在矣，
Thư xứ chu lưu biến đại thiên.,舒處周流遍大千。
Dương Đài bích tiễu thập nhị phong.,陽臺碧峭十二峰。
"Ẩn kỳ lôi,",殷其雷，
Chế độ cao thiên cổ.,制度高千古。
"Tế tế đa sĩ,",濟濟多士，
Hà hoa vị khai triển.,荷花未開展。
"Đối mẫu hiếu sự quân trung, vạn cổ anh linh hách trạc;",對母孝，事君忠，萬古英靈赫濯；
Mạc khả đương đầu.,莫可當頭。
"Can qua vị định thất tráng sĩ,",干戈未定失壯士，
"Bỉ thương giả hân,",彼蒼者天，
Tiêu tiêu phong thụ lâm.,蕭蕭楓樹林。
"Xả thỉ ký quân,",舍矢既均，
Địa sắc bất phân tân khứ triệt.,地色不分新去轍。
"Khô tang lão bách hàn sưu lưu,",枯桑老柏寒颼飀，
Phi điểu thiên lý bất cảm lai.,飛鳥千里不敢來。
Vong khước tại Trường Sa.,忘卻在長沙。
"Ngô tĩnh ngô tâm,",吾靜吾心，
"Điêu ngạc ưng diêu, phi dương phục thoán,",雕鶚鷹鷂，飛揚伏竄，
"Nguyên ngôn tư tử,",愿言思子，
"Quân tử hữu tửu,",君子有酒，
"Không khuê lãnh nguyệt tự quyên quyên,",空閨冷月自娟娟，
"Vi đương vi hề, nông công thương,",為當為兮農工商，
"Thích ngộ viên đinh, như phùng Bá Nhạc.",適遇園丁，如逢伯樂。
"Tướng quân tích trước tòng sự sam,",將軍昔著從事衫，
Dắng Hữu Sần chi phụ?,媵有莘之婦？
"Đa tương hốc hốc,",多將熇熇，
"Y bỉ nữ tang,",猗彼女桑。
Chiếu tại lục ba trung.,照在綠波中。
Như kim sương diệp phiên.,如今霜葉翻。
"Thanh minh diễm dương tam nguyệt thiên,",清明艷陽三月天，
"Bách niên dĩ quá bán,",百年已過半，
Triêu tịch huề trượng lai vu tư.,朝夕攜杖來于斯。
"Dị quốc phùng giai cảnh,",異國逢佳景，
Quan Đông xích thư tuý lại đề.,關東尺書醉懶題。
"Tác hữu trần sa hữu,",作有塵沙有，
Hội phạt bình lâm.,會伐平林。
Trĩ lệ vu xung.,雉離于罿。
Thông thông uất uất hà tiên hảo.,蔥蔥鬱鬱何鮮好。
Hợp thành thiên hạ tam kỳ tuyệt.,合成天下三奇絕。
"Như kim hải ký biến vi sa,",如今海既變為沙，
Hội đãi khinh chu hồi.,會待輕舟迴。
Bình Vương chi tuân.,平王之孫。
"Thành Đô mãnh tướng hữu Hoa khanh,",成都猛將有花卿，
Tạp địa tận tàng yên.,匝地盡藏煙。
"Nhật tiêu nguyệt thước tựu mai một,",日銷月鑠就埋沒，
"Mã thủ thuỳ dương chiết tống hành,",馬首垂楊折送行，
Hạt duy kỳ dĩ?,曷維其已？
Vi khu thảng dương cánh triêu mộ.,微軀徜徉竟朝暮。
"Xuất lĩnh nhập lĩnh sơn chung thanh,",出嶺入嶺山鐘聲，
"Trung Nguyên cốt nhục hựu linh lạc,",中原骨肉又零落，
Nhật đoạ Lịch Dương xuyên.,日墮曆陽川。
Thúc hề bá hề!,叔兮伯兮，
Biệt hậu vị thuỳ không.,別後為誰空。
"Phất quyết phong thảo,",茀厥豐草，
Xuân y nhất đối trực thiên kim.,春衣一對直千金。
Bắc Đình sổ hữu Quan Trung sứ.,北庭數有關中使。
Nham thượng vô tâm vân tương trục.,巖上無心雲相逐。
Ngã tồ duy cầu định.,我徂維求定。
"Tiến chư thái miếu tỷ Cáo đỉnh,",薦諸太廟比郜鼎，
Thế tứ phương đà.,涕泗滂沱。
"Ngọc Hoa khước tại ngự tháp thượng,",玉花卻在御榻上，
"Hữu mỹ nhất nhân,",有美一人，
"Tâm thuỷ bàn trung hiếu phủng lai,",心水盤中好捧來，
"Tất phí hạm tuyền,",觱沸檻泉，
Hà xứ mịch hoàng hoa.,何處覔黄花。
Ban ban chẩm hoa tàn lệ hồng.,斑斑枕花殘淚紅。
Lực chiến Nhai Sơn do nhất quyết.,力戰崖山猶一決。
Mâu tặc nội hồng.,蟊賊內訌。
"Thôi bảng độ Ô Giang,",催榜渡烏江，
Thâm toả vong ưu nhất thụ hoa.,深鎖忘憂一樹花。
"Thương nhân chi ngữ,",傷人之語，
"Do thắng đạo bàng liễu,","猶勝道傍柳,"
Chung nhật thích thích nhẫn ky lữ.,終日戚戚忍羈旅。
Thị dụng đại gián.,是用大諫。
"Xuân tuyết mãn không lai,",春雪滿空來，
"Khâm đái bách Man, hầu yết lục Chiếu.",襟帶百蠻，喉咽六詔。
Tán đề bính lạc Cù Đường thạch.,散蹄迸落瞿塘石。
Ca viết:,歌曰：
"Cư thiên hạ chi quảng cư, hành thiên hạ chi đạt đạo, Hồng phạm: “Thân kỳ khang cường”.",居天下之廣居，行天下之達道，洪範：「身其康彊」。
"Bỉ mỹ thục cơ,",彼美淑姬，
Bỉ hà nhân tai Hiên dữ Hy.,彼何人哉軒與羲。
"Tố ý chu bác,",素衣朱襮，
"Xa trần mã túc quý giả thú,",車塵馬足貴者趣，
"Hoặc thừa chu nhi thuỳ điếu,",或乘舟而垂釣，
"Kim Lăng cung điện xuân phi vi,",金陵宮殿春霏微，
"Đào hoa tiên nhân chủng đào thụ,",桃花仙人種桃樹，
"Vĩnh tích dĩ an,",永積以安，
"Tương nhận dục gia liên lý chi,",將刃欲加連理枝，
An phóng an thuộc?,安放安屬？
Thủ vĩ tương trù.,首尾相儔。
Mỗi nhật đáo sa đầu.,每日到沙頭。
Tạc dạ vi vũ hoa thành nê.,昨夜微雨花成泥。
"Giốc thanh mãn thiên thu sắc lý,",角聲滿天秋色裡，
Địa biển y hàn khốn thạch căn.,地褊衣寒困石根。
"Phong nga vi mệnh,",𧒒蛾微命，
"Cửu hỗn phàm trần vị thức câm,",久混凡塵未識金，
Yêu lang quyển mạn lâm hoa ngữ.,邀郎卷幔臨花語。
"Thiếu Lăng dã lão thôn thanh khốc,",少陵野老吞聲哭，
"Tỳ bà huyền cấp băng bạo loạn,",琵琶弦急冰雹亂，
Thiên giao nhất tiếu tao quân cơ.,天教一笑遭君機。
"Tản Lĩnh, Lô Giang mịch ngô thổ.",傘嶺瀘江覓吾土。
"Quân tử hữu cốc,",君子有穀，
"Lưỡng chu các,",兩朱閣，
Thiết y mã thượng chẩm qua miên.,鐵衣馬上枕戈眠。
"Tha thời trục khách thảng đắc hoàn,",他時逐客倘得還，
"Hàn Hầu thụ mệnh,",韓侯受命，
Động như biền tử ca thân vũ.,動如弁子歌身舞。
"Đô tương bách niên hứng,",都將百年興，
Kỳ tiêu dã ca.,其嘯也歌
"Phách khoa đại tự tẩy bất tận,",擘窠大字洗不盡，
Mạc bả xuân quang phó lưu thuỷ.,莫把春光付流水。
"Thượng đẳng cổn hoa phong, Đông Lâm nhật chiếu;",上等衮花封東林日照；
"Hoán hồi cựu sự thiên vạn đoan,",喚回舊事千萬端，
"Thị lý để không đồng hề, thị khí để hỗn luân.",是理底倥侗兮，是氣底渾淪。
"Vi si vi khích,",為絺為綌、
Tuyết sắc bao sơn một sơn cốt.,雪色包山沒山骨。
Hạo ca bất cảm nhi nữ thanh.,浩歌不敢儿女聲。
"Hậu sinh tương động hà tịch liêu,",後生相動何寂寥，
Phiêu linh quân bất tri.,飄零君不知。
"Bắc khuyết thanh vân bất khả kỳ,",北闕青雲不可期，
"Sơn lộ nguyên vô vũ,",山路元無雨，
"Lân giác phượng chuỷ thế mạc thức,",麟角鳳觜世莫識，
Dữ nhân nhất tâm thành đại công.,與人一心成大功。
"Viết quy, viết quy,",曰歸曰歸，
"Tửu nhân nhất kiến giai thuỳ lệ,",酒人一見皆垂淚，
Hốt ức khứ niên Hoài thượng biệt.,忽憶去年淮上別。
Trọng khả huỳ dã.,仲可懷也，
Vũ hà sở thành?,禹何所成？
"Ngưỡng xí quần hiền,",仰廁羣賢，
"Hà biến hoá dĩ tác trá,",何變化以作詐，
"Hạt đán thôi nhân dạ bất miên,",鹖旦催人夜不眠，
Thì hữu dã kê thanh.,時有野鷄聲。
Kỷ lạc tỉnh tường đông.,幾落省牆東。
"Điều phong đạm đãng xuân tương bán,",條風淡蕩春將半，
Thì thính nghiêm phong chiết kiều mộc.,時聽嚴風折喬木。
Khiêu ba tiễn mạt đông nam khuynh.,跳波濺沫東南傾。
"Tận hậu cán hoàn, ích hệ thế đại tích kim chi cảm.",盡後幹還，益係世大昔今之感。
Bằng lan nhân hướng đông phong khấp,憑欄人向東風泣，
"Thạch đài ưng khả tiễn,",石苔應可踐，
"Hành khách tam danh bắc khứ,",行客三名北去，
Vô phi giá thải sung hầu lương.,無非假貸充餱糧。
"Sĩ như quy thê,",士如歸妻，
Ô tập hy!,於緝熙！
Nguyện tương trinh cán bổng minh quân.,願將楨幹捧明君。
Châm chi chước chi.,斟之酌之。
Bất tri kỳ kỳ,不知其期，
Như hà bất ẩm linh tâm ai.,如何不飲令心哀。
"Độc lập dương tân lịnh,",獨立揚新令，
"Mẫn phi thất hợp,",閔妃匹合，
"Nhị niên đạp tuyết Yên đài bạn,",二年踏雪燕臺畔，
"Cấp độ Lâm Hà mã,",急度臨河馬，
"Cánh thảo Hành Dương Đổng luyện sư,",更討衡陽董煉師，
"Hoàng diệp đương đầu loạn đả nhân,",黃葉當頭亂打人，
Chỉ khủng phân khai song phụng hoàng.,只恐分開雙鳳凰。
Chung nhật khảm lẫm triền kỳ thân.,終日坎壈纏其身。
"Kim niên tân hoa như cựu thì,",今年新花如舊時，
"Tha nhân kỵ đại mã,",他人騎大馬，
Tĩnh tắc nhẫn hỹ.,靜則忍矣。
Lậu thanh tương tương vô đoạn tuyệt.,漏聲相將無斷絕。
"Đông quân bất phạ ly nhân khổ,",東君不怕離人苦，
Quang mang lục hợp vô nê chỉ.,光芒六合無泥滓。
"Chủ nhân ái khách cẩm diên khai,",主人愛客錦筵開，
"Lạc hoa song thụ tích,",落花雙樹積，
"Trung phụ xuyết nhàn sự duyên hoa,",中婦輟閑事鉛華，
Phụ hà dĩ quan?,父何以鱞？
Thu nguyệt xuân phong đẳng nhàn độ.,秋月春風等閒度。
Cựu khúc văn lai tự liễm my.,舊曲聞來似斂眉。
Hà sở ấp?,何所悒？
Bạc ngôn tuyền quy.,薄言還歸。
"Vương tướng dục vãng kiến, tất tiên trai giới, si thì trạch nhật.",王將欲往見，必先齋戒，差時擇日。
Sơ diên ai ti động hào trúc.,初筵哀絲動豪竹。
Vĩnh dĩ vi hảo dã.,永以為好也。
"Lộ khí như vi trùng,",露氣如微蟲，
"Phong phiêu bồng phi,",風飄蓬飛，
"Nhãn khan xuân hựu khứ,",眼看春又去，
Thuỳ gia hoành địch bằng lan can.,誰家橫笛憑欄杆。
Duy nguyện tây triều Bá Lương điện.,惟願西朝柏梁殿。
Du an tiển hữu xuất sài môn.,遊鞍鮮有出柴門。
Kháp thế tửu nhất đấu.,恰貰酒一斗。
Ly nhân cánh sầu bất nhẫn văn.,離人更愁不忍聞。
Hồng ba dũng khởi.,洪波湧起。
"Nghịch Hồ minh mịch tuỳ yên tẫn,",逆胡冥寞隨煙燼，
Duy thiên kỳ hữu chi.,維天其右之。
"Minh tinh huỳnh huỳnh, khai trang kính dã,",明星熒熒、開妝鏡也、
"Huề thủ đương niên cộng vi lạc,",攜手當年共為樂，
"Thiên thu bi đế tử,",千秋悲帝子，
Quá thất tương quy.,過失相規。
"Bất tri giang nguyệt đãi hà nhân,",不知江月待何人，
"Sơn đầu vũ tác sơn trung tuyền,",山頭雨作山中泉，
Kết căn thất sở triền phong sương.,結根失所纏風霜。
Vạn hộ thiên môn hốt như tảo.,萬戶千門忽如掃。
Vô thệ ngã lương.,毋逝我梁，
Dao thảo bất cảm chuyên phương hinh.,瑤草不敢專芳馨。
"Biểu sơn thương lý sơn xích,",表山蒼裏山赤，
Phù hà tội vưu?,夫何辠尤？
"Ly biên dã ngoại đa chúng phương,",篱邊野外多眾芳，
Bất tảm hẩu dã.,不寁好也。
"Tự ta danh lợi khách,",自嗟名利客，
"Ngọc dung tịch mịch lệ lan can,",玉容寂寞淚闌干，
Cưỡng hô Giáng Thụ xuất điêu lan.,強呼絳樹出雕欄。
"Tư hoàng đa sĩ,",思皇多士，
Bất khả dĩ cứ.,不可以據。
"Nhiên hậu tri: Nghệ Hoàng chi công, Thiên Hưng chi trấn, lịch vạn thế nhi mạc dữ chi thất mỹ nhi tỷ long dã.",然後知：藝皇之功，天興之鎮，歷萬世而莫與之匹美而比隆也。
"Phương Thúc suất chỉ,",方叔率止，
"Hà mạc bất chi,",何莫不之，
"Thử thân ẩm bãi vô quy xứ,",此身飲罷無歸處，
Tranh cảm hạ giai khan.,爭敢下階看。
"Quân tri thử ý bất khả vong,",君知此意不可忘，
"Tiêu ngụ mộng chi mang mang,",宵寤夢之芒芒，
"Tâm chi ưu hĩ,",心之憂矣，
"Lễ bất hoàng cật, từ bất cập cứu.",禮不遑訖，辭不及究。
"Toại linh đại nô thủ Thiên Dục,",遂令大奴守天育，
Dĩ vọng Phục khuyên.,以望復關。
Thí tự hoàng thiên bất sinh ngã.,譬似皇天不生我。
Bỉ thái sưu hề.,彼采蕭兮，
Hoành trường nhất đái như thằng trực.,橫長一帶如绳直。
"Tướng duy tích công,",相維辟公，
"Thúc hữu hoàng chi hề tự, phân ngã điếu nhi ngộ chi. Tưởng hoàng thiên chi tích thuỵ, khỉ xuyên cơ chi hiệu kỳ. Trạng loại bán bích, vô hà vô tỳ. Phỉ thông phỉ tuy, phỉ châu phỉ ky, như khuê như chương, như tông như ly. Kỳ cương nghị dã khả dĩ tỷ công chi dũng liệt, kỳ kiên ngạnh dã khả dĩ giảo công chi thọ kỳ, kỳ chẩn lật dã khả dĩ bễ công chi tiết tháo, kỳ ôn nhuận dã khả dĩ thị công chi dung nghi, kỳ thuỵ quang dã khả dĩ giảo công tá vương chi tượng, kỳ thương sắc dã khả dĩ biểu Chu gia thụ mệnh chi ky. Khởi phi thiên giáng quyết tường dĩ chương quân thần chi đức ư đương thời hồ?",倏有璜之奚自，紛我釣而遇之。想皇天之錫瑞，豈川姬之效奇。狀類半壁，無瑕無疵。匪璁匪雖，匪珠匪璣，如珪如璋，如琮如璃。其剛毅也可以比公之勇烈，其堅硬也可以較公之壽耆，其縝栗也可以媲公之節操，其溫潤也可以視公之容儀，其瑞光也可以較公佐王之象，其蒼色也可以表周家受命之基。豈非天降厥祥以章君臣之德於當時乎？
Đức âm khổng trao.,德音孔昭。
Chính thị tứ vực.,正是四國。
"Đế ưng thiên mệnh niệm xích tử,",帝膺天命念赤子，
Viễn tụ yên phù tế vũ tình.,遠岫烟浮細雨晴。
"Mỹ nhân nhất tiếu nan tái đắc,",美人一笑難再得，
Ngọc nhan linh lạc uỷ hoa điền.,玉顏零落委花鈿。
"Xuân phong giang thượng lộ,",春風江上路，
Độc thư thông tuệ nhân xưng kỳ.,讀書聰慧人稱奇。
"Hà thuỷ dương dương,",河水洋洋，
Bất hoạn vô dụng.,不患無用。
"Đồng tử mạc đối, thuỳ đầu nhi thuỵ, đãn văn tứ bích trùng thanh tức tức, như trợ dư chi thán tức.",童子莫對，垂頭而睡，但聞四壁蟲聲唧唧，如助予之歎息。
Kỷ nhật đáo Tần Nguyên?,幾日到秦原？
Tăng kỳ thức khoách.,憎其式廓。
Tam tổ nguyên cung thiên tải mật.,三祖元宮千載謐。
U hồn thục năng chiêu.,幽魂孰能招。
Dân chi du quy.,民之攸歸。
"Tiên sinh ái tửu xưng tửu tiên,",先生愛酒稱酒仙，
Bạch điểu hạc hạc.,白鳥翯翯。
"Bạch nhãn giả hung,",白眼者凶，
"Tử hề, tử hề!",子兮、子兮！
Hoành khứ tà bôn hốt phân tán.,橫去斜奔忽分散。
"Kiều thanh uyển chuyển loan hoàng khúc,",嬌聲宛轉鸞凰曲，
An thả úc hề!,安且燠兮。
"Đáo Thục, đáo Tiền Đường?",到蜀到錢塘？
"Tích thiện phùng thiện,",積善逢善，
Quân tể túc ủng hoà thả nhạc.,君宰肅壅和且樂。
"Tích văn Ngưu Chử ngâm ngũ chương,",昔聞牛渚吟五章。
Tiêu dao dưỡng đắc ngô bản chân,逍遙養得吾本真，
"Ngũ canh phong điên vũ thanh ác,",五更風顛雨聲惡，
"Chung tư vũ,",螽斯羽、
Mẫu khổ bất đắc tòng nhi du.,母苦不得從兒遊。
Tại Hà chi sĩ.,在河之涘。
"Thu phong khởi hề, sở vong nhật.",秋風起兮，楚亡日。
"Toạ yếm Hoài Nam tự,",坐厭淮南寺，
"Cư nhiên nghịch mệnh tương kháng hành,",居然逆命相抗衡，
"Độ kỳ tiên nguyên,",度其鮮原，
Hoạ công như sơn mạc bất đồng.,畫工如山貌不同。
"Tú y xuân đương tiêu hán lập,",繡衣春當霄漢立，
Minh châu dạ chiếu quang hoàng hoàng.,明珠夜照光煌煌。
"Y phàm trắc đà nhập ba đào,",欹帆側柁入波濤，
"Trạo ca vi ngâm thái nghịch phù,",櫂歌微吟彩鷁浮，
Dư tỉnh tiệm giải khách dục tác.,餘醒漸解客欲作。
"Ác nhân vật mạ,",惡人勿罵，
"Lương cửu vũ túc thuỷ tích hậu,",良久雨足水積厚，
Dương ngưu hạ quyết.,羊牛下括。
"Phụ vô công sự,",婦無公事，
"Chi nghinh nam bắc điểu,",枝迎南北鳥，
"Tương phùng thí giải Ngô câu khán,",相逢試解呉鈎看，
"Duy diệp thê thê,",維葉萋萋、
"Khứ niên trung quốc dưỡng tử tôn,",去年中國養子孫，
Khỉ vô tha nhân?,豈無他人？
"Dư viết hữu bôn tấu,",予曰有奔奏，
Thần khí tại càn nhai bảng lĩnh thương thương thê thê.,神氣在乾涯磅嶺傷傷悽悽。
Dạ bán hành lang không giá đạn.,夜半行郎空柘彈。
Hốt tuỳ nữ bạn trang đài hành.,忽隨女伴妝臺行。
"Tiếu ngạo tung du hý,",笑傲縱遊戱，
"U âm mông huệ trạch,",幽陰蒙惠澤，
"Thê tử hảo hợp,",妻子好合，
"Trọng Sơn Phủ xuất tổ,",仲山甫出祖，
Linh vũ kỳ mông.,零雨其濛。
"Phán ty ty quan bất kham thuyết,",判司卑官不堪說，
Nguyệt không tự chiếu thiếu niên hồn.,月空自照少年魂。
Vô niệm nhĩ tổ.,無念爾祖。
Hữu Sần viên cực.,有莘爰極。
Kỳ tình bất sơ.,其情不疏。
"Hồng nhan trúc mã niên thiếu thì,",紅顏竹馬年少時，
"Cổ lai Ngũ Lĩnh hiệu man di,",古來五嶺號蠻夷，
"Tần phục ái lục quốc chi nhân, tắc đệ tam thế khả chí;",秦復愛六國之人、則遞三世可至、
Trùng thanh đoạn tục khánh thu lai;,蟲聲断續慶秋來。
"Quan đại tiền đa tâm chuyển ưu,",官大錢多心轉憂，
Thuỳ vô xích tâm.,誰無赤心。
Vi vật do giải tương tôn sùng.,微物猶解相尊崇。
"Hướng bút hải nhi khiếu ngạo hề,",向筆海而嘯傲兮，
"Tiện dục đồng quân nhất tây khứ,",便欲同君一西去，
Vị ngã tâm ưu.,謂我心憂；
"Nhân đồng giang hiệp bất phạ lãng,",人同江狎不怕浪，
Viên xuất Tử Văn?,爰出子文？
"Đàm trung lão long hựu kinh ngộ,",潭中老龍又驚寤，
Bạo điễn thiên vật thánh sở ai.,暴殄天物聖所哀。
"Chỉ hận tằng đài không luật ngột,",只恨層臺空律屼，
Thiên bất ngã tương;,天不我將；
Tỳ bà thanh đình dục ngữ trì.,琵琶聲停欲語遲。
Si hề khích hề!,絺兮绤兮，
"Hương hồn dạ trục kiếm quang phi,",香魂夜逐劍光飛，
Kỳ tặng duy hà?,其贈維何？
Thế khuynh thiên lý long tương giả.,勢傾千里龍驤者。
"Nhân chi vân vong,",人之云亡，
Yên đắc trí chi cống Ngọc Đường?,焉得置之貢玉堂？
"Bát tự đả khai,",八字打開，
Bất nghi hữu nụ.,不宜有怒。
"Thiên phù Bách Việt vinh quang yết,",天浮百粵榮光歇，
Xung mạc khả hồi.,沖漠可回。
Đỗ quyên thanh ngoại sầu.,杜鵑聲外愁。
Nguyệt hạ vô nhân canh thanh thục.,月下無人更清淑。
Thành hạ trừng giang phục tương nhiễu.,城下澄江復相繞。
Triệt Thân Bá thổ điền;,徹申伯土田；
Vong ngã thực đa?,忘我實多。
Nhật mộ bất thu ô trác sang.,日暮不收烏啄瘡。
"Tửu hàm phóng ca Trích Tiên cú,",酒酣放歌謫仙句，
"Tường đông tiểu nữ cao huyết lưu,",墻東小女膏血流，
Xứ xứ tức đao binh.,處處息刀兵。
Y ta xương hề!,猗嗟昌兮！
Dạ bán huyền đăng đãi tàm thục.,夜半懸燈待蠶熟。
"Nguyệt ảnh xuyên song đạm,",月影穿窗淡，
Đảo tả lưu tuyền huyên mộc diểu.,倒瀉流泉喧木杪。
"Trì khai Thiên Hán phân hoàng đạo,",池開天漢分黃道，
Phương thì bất tại hương quốc hạ.,芳時不在鄉國下。
"Tề hầu chi tử,",齊侯之子，
Lao tâm đoàn đoàn hề!,勞心慱慱兮。
"Tự ngôn bản thị kinh thành nữ,",自言本是京城女，
Tiệm giáo viễn nhân thông lễ nghĩa.,漸教遠人通禮義。
Nghi tác tiên nhân y.,疑作仙人衣。
Tưởng phù:,想夫：
Kim niên vị thuỳ tử.,今年為誰死。
"Tứ phương qua can tĩnh,",四方戈杆靜，
Tùng hạ lục đài sinh.,松下綠苔生。
"Ngũ Lăng niên thiếu bất cảm xạ,",五陵年少不敢射，
Tảo phó giáng khuyết triều chân long.,早赴絳闕朝真龍。
Khởi vọng nhĩ di?,豈望爾貽？
Lăng ngư hà sở?,鯪魚何所？
Tuế kỳ hữu.,歲其有。
Nga My sơn nguyệt hoàn tống quân,峨眉山月還送君，
"Tiểu nữ giá tăng kim lưỡng thu,",小女嫁僧今兩秋，
Bất mưu kỳ thực.,不謀其食。
Giai nhân lũ xuất Đổng Kiều Nhiêu.,佳人屢出董嬌饒。
"Hữu triên hữu vị,",有鱣有鮪，
"Tu my vô đảm khống nguy thành,",鬚眉無膽控危城，
Quật thiết giao thác hồi cao chi.,屈鐵交錯回高枝。
Xung trước mộc lan kiêu.,沖著木蘭橈。
"Hưng Chu tu cầu Vị thuỷ tài,",興周須求渭水才，
Giang Châu tư mã thanh sam thấp.,江州司馬青衫濕。
Triệt bỉ tang đỗ.,徹彼桑土、
"Niên niên vi khách bất đáo xá,",年年為客不到舍，
Đương đình sổ đoá khai.,當庭數朵開。
Công ngôn tứ tước.,公言「錫爵」。
Ngột nhiên không nhất thân.,兀然空一身。
"Đoạt quy vĩnh hạng bế lương gia,",奪歸永巷閉良家，
"Chủ nhân vật tiếu hoa dữ nữ,",主人勿笑花與女，
"Tuý bất thành hoan thảm tương biệt,",醉不成歡慘將別，
Kiến thử lương nhân.,見此良人。
Thư khứ hồn diệc khứ,書去魂亦去，
"Phạt mộc vu phản,",伐木於阪。
"Đồ sơn lai vãng thục,",涂山來往熟，
Mỹ nhân xuất liêm văn khiếu thanh.,美人出帘聞叫聲。
"Dạ đài hà tịch mịch,",夜臺何寂寞，
"Tự tòng quan mã tống hoàn quan,",自從官馬送還官，
Phỉ trực dã trí.,匪直也智。
Kiết nhiên cư ly.,恝然居離。
Tiêu cán do huyền bắc cố ưu.,宵旰猶懸北顧憂。
"Đốc Công Lưu,",篤公劉，
"Xứ xứ Tương vân hợp,",處處湘雲合，
Trường châu cô nguyệt hướng thuỳ minh?,長洲孤月向誰明？
Nang để đồ dư nhất tiền tại.,囊底徒餘一錢在。
Tiêu ma sổ thanh lý.,消磨數聲裏。
"Lạc Du cổ viên tốt sâm sảng,",樂游古園崒森爽，
Vật sử văn giả đồ ưu lự.,勿使聞者徒憂慮。
Thái vũ chủ nhân.,泰宇主人。
"Ám nhiên nhi minh, hốt bất tri xứ.",闇然而暝，忽不知處。
"Điền đầu ngân tị kích tiết toái,",鈿頭銀篦擊節碎，
"Nhất thuỷ trung phù địa,",一水中浮地，
Lục ngạn trích lô miêu.,綠岸摘蘆苗。
Vạn ngưu hồi thủ khâu sơn trọng.,萬牛迴首丘山重。
Diệp tống vãng lai phong.,葉送往來風。
Vô sử mang dã phệ.,無使尨也吠。
Kế do phán hoán.,繼猶判渙。
"Giới giới, xứ xứ thường lãng lãng.",界界處處常朗朗。
Can yết vương hầu phả lịch để.,幹謁王侯頗曆抵。
Ngọc Kinh dữ ngã Nam Trung ngộ.,玉京與我南中遇。
"Mỹ như ương,",美如英，
Vân tuỳ khứ mã sắc nghi thông.,雲隨去馬色疑驄。
"Hà do tịnh đầu,",何由并投，
"Bạch nhật tây một thiên đông toàn,",白日西沒天東旋，
Dũng dược dụng binh.,踴躍用兵。
Hàm trung hữu hỉ.,咸中有喜。
"Kiến thử khách điểu thương khách nhân,",見此客鳥傷客人，
"Lịch biến đa tắc tư hư thâm,",歷變多則思虛深，
Thân tác Trường Thành Ngọc Tái trung.,身作長城玉塞中。
Ngôn thái kỳ quyết.,言采其蕨。
Tinh thần cánh yếu đại.,精神更要大。
"Đông phong xuy noãn chí,",東風吹暖至，
"Kim triêu phong nhật hảo,",今朝風日好，
Khám vân hà chi phù động.,瞰雲霞之浮動。
Thời nhân thiết tỉ Mi tam Tô.,時人竊比眉三蘇。
"Hoặc phù lê trượng,",或扶黎杖，
"Lâu đài thử địa hà nguy nguy,",樓臺此地何巍巍，
Đáo địa nhất vô thanh.,到地一無聲。
"Mãn viên thâm thiển sắc,",滿園深淺色，
Lương nhân bất quy sầu dục lão.,良人不歸愁欲老。
"Hoa sơn nữ nhi gia phụng đạo,",華山女兒家奉道，
"Ứng Mão túc giả, lậu Hán thế chi trù.",應昴宿者，陋漢世之儔。
Tất hữu dĩ dã!,必有以也。
"Tuế mộ sừ lê bàng không thất,",歲暮鋤犁傍空室，
"Trường niên hà tằng tại hương quốc,",長年何曾在鄉國，
Thiên nhược hữu tình thiên diệc lão.,天若有情天亦老。
"Thừa minh Tuyên thất nhĩ xu thương,",承明宣室邇趨蹌，
"Thương canh giê giê (giai giai),",倉庚喈喈，
Lại đắc Trọng Phụ.,賴得仲父。
"Hôn vi tuân tích,",昏微遵迹，
Cam Châu thành bắc Hồ vân sầu.,甘州城北胡雲愁。
Thiên tử trọng hiền thần.,天子重賢臣。
Nhập môn thiên cứu giai vân đồn.,入門天廄皆雲屯。
Uy thanh tĩnh bát diên.,威聲靜八埏。
"Man thụ bất điêu diệp,",蠻樹不凋葉，
Lâm lưu lân tập xưởng đình tạ.,臨流鱗集廠亭榭。
Kim vĩnh quai biệt!,今永乖別！
Lộ lãnh lưu huỳnh thấp bất phi.,露冷流螢濕不飛。
Trực trảm trường kình hải thuỷ khai.,直斬長鯨海水開。
"Ấp trung thượng khách hữu trụ sử,",邑中上客有柱史，
"Lục bỉ tiêu tư,",蓼彼蕭斯，
"Chiết hoa đương dịch lộ,",折花當驛路，
"Lân chi chỉ,",麟之趾、
"Kỳ thưởng ngoạn dã, Thành Vương vô tiễn đồng chi hí.",其賞玩也，成王無剪桐之戲。
Di hận thất thôn Ngô.,遺恨失吞吳。
"Trường đình vọng bất kiến,",長亭望不見，
Dạ phi Diên Thu môn thượng hô.,夜飛延秋門上呼。
"Mỹ thánh quản quản,",靡聖管管，
Oanh thanh hà thái khổ.,鶯聲何太苦。
"Tế vũ mai tiền lộ,",細雨埋前路，
"Thiên sơn bất đạn hoang điếm viễn,",千山不憚荒店遠，
"Chức đương ưu thích phục khâm chẩm,",職當憂戚伏衾枕，
Phi hữu phi vô.,非有非無。
"Cận giả hý tác “Lăng vân phú”,",近者戲作《凌雲賦》，
Giáng thử đại lệ.,降此大厲。
"Phù hà Thần nữ chi giảo lệ hề, hàm âm dương chi ác sức.",夫何神女之姣麗兮，含陰陽之渥飾。
Khuynh thân hàm tiếu quá nha sàng.,傾身含笑過牙牀。
"Tự vị đầu tiên,",自謂投鞭，
"Dao củng bắc thần triền khấu đạo,",遙拱北辰纏寇盜，
Ô hô!,嗚呼！
"Lương phong túc hề bạch lộ tư,",涼風肅兮白露滋，
"Trường mi nhập mấn hà liên quyên,",長眉入鬢何連娟，
"Hu tố lĩnh,",紆素領，
Mạc cảm hoàng xử.,莫敢遑處。
Thanh thuỷ mãn bình khả tiêu khát.,清水滿瓶可消渴。
Ngộ mỵ vô vi.,寤寐無為，
"Thương Thuỷ sứ giả môn xích thao,",蒼水使者捫赤絛，
"Cao sơn nga nga,",高山峨蛾，
Tạo vĩ xiết kỳ can.,皂尾掣旗竿。
"Phủ ưng nhất thanh giang vân khai,",撫膺一聲江雲開，
"Ký tuý dĩ tửu,",既醉以酒，
Hà sở đắc yên?,何所得焉？
Tùng trúc kim khắc biểu song phong tặng tự thập niên tiền.,松竹今刻表雙封贈自十年前。
Sa song nguyệt thượng thì.,紗窗月上時。
Tân sự nguyệt sơ tam.,新事月初三。
"Nam phong giải dân uấn,",南風解民慍，
Cốc điểu tương hô Cẩm thành noãn.,谷鳥相呼錦城暖。
"Mục Vương bát tuấn thiên mã câu,",穆王八駿天馬駒，
Mỹ sở dữ đồng.,靡所與同。
"Sơn trung mộng lãnh y Hoằng Cảnh,",山中夢冷依弘景，
"Thập niên ma nhất kiếm,",十年磨一劍，
Liêm quan nhi nữ đông ý bố.,廉官儿女冬衣布。
Tòng kỳ quần xú.,從其群丑。
"Thu hán phi ngọc sương,",秋漢飛玉霜，
Tỷ trú tác dạ.,俾晝作夜。
Bất cập Thạch Vưu phong.,不及石尤風。
Ngã tại Cam Châu bần diệc lạc.,我在甘州貧亦樂。
Lĩnh xuất Trường An thừa đệ hành.,領出長安乘遞行。
"Thần khuynh ý khoát chân giai sĩ,",神傾意豁真佳士，
"Ký sào sinh tử bất tự trác,",寄巢生子不自啄，
"Bất kiến bí thư tâm nhược thất,",不見秘書心若失，
"Nguyện tác trinh tùng thiên tuế cổ,",願作貞松千歲古，
Ba đào vạn khoảnh đồi lưu ly.,波濤萬頃堆琉璃。
Bất vân tự trung?,不云自中？
"Lô nha đoản đoản xuyên bích sa,",蘆芽短短穿碧沙，
Đãn hận vô quá Vương Hữu Quân.,但恨無過王右軍。
"Khả liên dương liễu thương tâm thụ,",可憐楊柳傷心樹，
Bạc ngôn đoạt chi.,薄言掇之。
Mệnh nhược bất lai tri nại hà?,命若不來知奈何。
Cảm hoà thử ư giao khâu.,感禾黍於郊邱。
Vạn cổ thử giang san.,萬古此江山。
Kiến thử xán chư?,見此粲者。
Mộng trung nhất bão bách ưu thất.,夢中一飽百憂失。
Khê hư vân bạng hoa.,溪虛雲傍花。
Thuận An hạo hạo trường phong kích.,順安灝灝長風撃。
"Kim thằng thiết sách toả nữu tráng,",金繩鐵索鎖鈕壯，
Thiên tải anh hùng kim dĩ hỹ!,千載英雄今已矣！
Thiên lãng trú quang huy.,天朗晝光輝。
Nam sơn đậu miêu tảo hoang uế.,南山豆苗早荒穢，
"Hốt kinh Nguyên Hoà thập nhị tải,",忽驚元和十二載，
"Tự quân chi xuất hỹ,",自君之出矣，
Thiết mạc Tô thành luyến hoa liễu.,切莫蘇城戀花柳。
Thảo động chỉ phạ trường cung xạ.,草動只怕長弓射。
"Thượng hữu mộng y thường,",上有夢衣裳，
"Ngã tích cận thị thao phụng dẫn,",我昔近侍叨奉引，
"Cổ nhân vô phục Lạc thành đông,",古人無復洛城東，
"Lục mấn niên thiếu kim thoa khách,",綠鬢年少金釵客，
Chỉ hứa Ngô vương tuý lý khan.,只許吳王醉里看。
Hồ cầu tại đường.,狐裘在堂。
Khởi năng bần tiện tương khan lão.,豈能貧賤相看老。
Phi phát khiêu trịch chân nhi hy.,披發跳擲真兒嬉。
Vô tình diệc nhiệm quân.,無情亦任君。
Chước ngôn thù chi.,酌言酬之。
"Hữu nhĩ mạc tẩy Dĩnh Xuyên thuỷ,",有耳莫洗穎川水
Bất đắc hiệt hàng.,不得頡頏。
"Trọng thị nhâm chỉ,",仲氏任只，
"Thanh sơn triêu biệt mộ hoàn kiến,",青山朝別暮還見，
Xảo đắc ngộ ân nhân.,巧得遇恩人。
Sử ngã tâm sầu.,使我心愁。
Ban Cơ thử tịch bi đoàn phiến.,班姬此夕悲團扇。
Vũ Vương khởi bất sĩ?,武王豈不仕？
Sơ trúc hư song thì tích lịch.,疏竹虛窗時滴瀝。
"Thế gian khoái sự năng kỷ hà,",世間快事能幾何，
Thiên mã kỳ túc tuỳ mao ngưu.,天馬跂足隨犛牛。
Ngã tâm hưu hưu!,我心咻咻！
"Cấu mẫn ký đa,",覯閔既多，
Thanh vân hữu lộ chí vi thê.,青雲有路志爲梯。
Duy hữu lạc nguyệt đề thê nha.,惟有落月啼棲鴉。
Tàm vị ti đa mệnh tảo vong.,蠶為絲多命早亡。
Trường dữ giang san khởi thị phi.,長與江山起是非。
"Phỉ nhữ chi vi mỹ,",匪女之為美，
"Dữ huynh hành niên hiệu nhất tuế,",與兄行年校一歲，
"Hải đồ sách bổ nhi nữ y,",海圖拆補儿女衣，
Hồng phấn tri phi cựu nhật lâu.,紅粉知非舊日樓。
"Hữu mỹ nhất nhân,",有美一人，
Khỉ bất nhĩ tư?,豈不爾思？
Giang hàn thuỷ bất lưu.,江寒水不流。
Độc lập thương mang tự vịnh thi.,獨立蒼茫自詠詩。
Long hướng thiên môn nhập Tử Vi.,龍向天門入紫微。
"Khách sái Tân Đình chi lệ, thử nhật sơn hà;",客灑新亭之淚，此日山河；
"Vật kỳ hữu hỹ,",物其有矣，
Bắc yết thạch lại.,北揭石瀨。
Tiễn thủ Ngô Tùng bán giang thuỷ.,翦取吳松半江水。
"Quỹ chi dĩ nhật,",揆之以日，
Khoái ý phiên tòng ngẫu nhiên đắc.,快意翻從偶然得。
"Ngẫu nhiên tư niệm khởi trần tâm,",偶然思念起塵心，
"Thê tử sơn trung khốc hướng thiên,",妻子山中哭向天，
"Nhật nguyệt thệ hĩ,",日月逝矣，
Y dư lai kỵ.,伊餘來塈。
"Mạc mãi Ốc Châu sơn,",莫買沃洲山，
Nhi lê phục đại thuyết?,而黎服大說？
Sầu sát Trích Tiên nhân.,愁殺謫仙人。
Thuỷ giác lục hợp hà mang mang!,始覺六合何茫茫，
"Tiêu tiêu vĩ vĩ,",儦儦俟俟、
Phiền chích phân phân.,燔炙芬芬。
Chủ nhân bãi khoái hoàn khuynh bôi.,主人罷鱠還傾杯。
Thảo nghịch vô ưu.,討逆無憂。
"Kỳ thằng tắc trực,",其繩則直，
Vị ngộ chân cơ định hà vật.,未悟真饑定何物。
"Giao giao minh cưu,",交交鳴鳩，
"Kim ngã bất lạc,",今我不樂，
Lương sĩ quệ quệ.,良士蹶蹶。
"Vạn lý hành nhân chí,",萬里行人至，
"Hấp vi thiên chướng vân vũ nhập,",翕為千障雲雨入，
"Ngã độc cửu ngưỡng nguyện đắc kiến,",我獨久仰愿得見，
"Thị cứu thị đồ,",是究是圖，
"Tích tuỳ Lưu thị định Trường An,",昔隨劉氏定長安，
Ẩn kỷ tịch thính vô minh thiền.,隱幾寂聽無鳴蟬。
Trang nhược đoan nhân chính quan đới.,莊若端人正冠帶。
"Thiên trường địa cửu hữu thì tận,",天長地久有時盡，
"Hảo nhàn tảo thành tính,",好閑早成性，
Tiếp đồng dẫn thuỷ hầu bất can.,接筒引水喉不幹。
Giáp khước nhất chi hoa.,夾卻一枝花。
"Quân tử mưu đạo,",君子謀道，
"Sơn uấn kim triêu thục,",山醞今朝熟，
"Phu dã bất lương,",夫也不良，
Nhất đại Sơn Đẩu ngưỡng cự công.,一代山斗仰鉅公。
Hải nguyệt sơn vân đồng tẩm thực.,海月山雲同寑食。
"Thiên tử tinh kỳ qua Tế Liễu,",天子旌旗過細柳，
Thỉnh quân tiễn thủ thanh trà chước.,請君剪取清茶酌。
"Thuỷ hoả nhật tương tham,",水火日相參，
"Hựu niệm nhân sinh,",又念人生，
Khả dĩ trạc cái.,可以濯溉。
Cảm đạn đầu khô diện tiều hắc.,敢憚頭枯面焦黑。
"Nhãn khô lệ tận vũ bất tận,",眼枯淚盡雨不盡，
Thử nhạc bản tự Cưu Tư xuất.,此樂本自龜茲出。
Du hoàn hiếp khu (cúc).,遊環脅驅，
Tạc nhật kim nhật giai thiên phong.,昨日今日皆天風。
"Liên xuân hốt chí não hốt khứ,",憐春忽至惱忽去，
"Chúng ngư thường tài tận khước khí,",眾魚常才盡卻棄，
Tương kiến dã y y.,相見也依依。
"Nhi ngã hoàng chi long công thịnh đức,",而我皇之隆功盛德，
Hạt hựu cúc chỉ?,曷又鞠止！
Kính phong xuy mã mã nghịch tẩu.,勁風吹馬馬逆走。
"Sài lang tái lộ nhân đoạn tuyệt,",豺狼塞路人斷絕，
Phù hà dĩ biến hoá?,夫何以變化？
"Chiết liễu ca trung đắc thuý điều,",折柳歌中得翠條，
"Tù nhân bất quản thu lai vị,",囚人不管秋來未，
Vạn lý quân ninh tuất phụ nhân?,萬里君寧恤婦人。
"Trường tùng chi hạ liệt vũ khách,",長松之下列羽客，
Vạn quốc binh tiền thảo mộc phong.,萬國兵前草木風。
Hựu trị thiều xuân hoà hú tiết.,又值韶春和煦節。
Trượng phu phiêu bạc vưu kham liên.,丈夫漂泊尤堪憐。
"Xác Đổng Hồ chi đặc lập hề, tư cổ nhân chi thị thức.",確董狐之特立兮，思古人之是式。
"Tý vật tứ ly,",比物四驪，
"Tố du tùng chi,",溯游從之，
Khấu nhương thức nội.,寇攘式內。
Vân thị Đằng vương thử cựu du.,雲是滕王此舊游。
Vạn lý niệm tương quy.,萬里念將歸。
Lưu miện hồ Lạc xuyên.,流盼乎洛川。
"Phu thì dịch tư,",敷時繹思，
Duệ cứ hà xứ mịch vương môn.,曳裾何處覓王門。
"Đằng sàng chẩm thượng trác ngọ miên,",藤床枕上卓午眠，
"Thiếp hữu la y thường,",妾有羅衣裳，
"Thù giả sách tiền phục sát chi,",讎者索錢復殺之，
"Nguyện huề Vương, Triệu lưỡng hồng nhan,",願攜王趙兩紅顏，
"Trì chi kiệt hĩ,",池之竭矣，
"Ngộ thiên vũ chi tân tễ hề, quan bách cốc chi câu tập.",遇天雨之新霽兮，觀百穀之俱集。
Ngưng tuyệt bất thông thanh tiệm yết.,凝絕不通聲漸歇。
"Phủ ngưỡng kim cổ, thiên tải phù khế.",俯仰今古，千載符契。
Tá vấn đàn giả thuỳ?,借問彈者誰？
"Dữ hoan du trì thượng,",與歡遊池上，
"Thuỳ gia thả dưỡng nguyện chung huệ,",誰家且養願終惠，
Thừa hoạ nghịch chi tiên chu.,乘畫鷁之仙舟。
Tiêu liêu thư!,椒聊且，
Y thực niên niên tại xuân vũ.,衣食年年在春雨。
"Độ đầu thuý liễu diễm minh my,",渡頭翠柳豔明眉，
"Mân, Ba xuất thuỷ tác đại giang,",岷嶓出水作大江，
Phương viên viên hề.,方渙渙兮。
Vị miễn chuý sở trần ai gian.,未免捶楚塵埃間。
"Hốt nhiên tại hậu,",忽然在後，
"Nhị bát thiền quyên Đại Đê nữ,",二八嬋娟大堤女，
Quy tác Nghê thường vũ y khúc.,歸作霓裳羽衣曲。
Tiên thiếp thái hương thuỳ bội anh.,仙妾採香垂佩纓。
Nhĩ trung văn nhân tích xuân vãn.,耳中聞人惜春晚。
Kỷ thời xuy địch cố viên phi.,幾時吹笛故園扉。
"Ngã dục quy lai chấn vũ dực,",我欲歸來振羽翼，
"Vô khí nhĩ lao,",無棄爾勞，
Bất dữ ngã nghiêng (ngôn) hề!,不與我言兮。
Chu phần tiêu tiêu.,朱幩鑣鑣。
"Hà nhân biện tác Trần Oánh Trung,",何人辦作陳瑩中？
"Chỉnh cư Tiêu, Hộ.",整居焦穫，
Thiên tình hoạch đạo tuỳ xa quy.,天晴穫稻隨車歸。
"Ung tử tả hữu huy song đao,",饔子左右揮雙刀，
Vạn khoảnh ba đào ám khuynh tả.,萬頃波濤暗傾瀉。
"Nam sơn tồi tồi,",南山崔崔，
"Minh triêu trúc trượng thanh mang hài,",明朝竹杖青芒鞋，
"Thái Dịch phù dung, Vị Ương liễu;",太液芙蓉未央柳。
"Độc liên tha nhật Vương Mao kiếm,",獨憐他日王髦劍，
"Ngã đương nhị thập bất đắc ý,",我當二十不得意，
Bồng hộ bất khinh khai.,蓬戶不輕開。
"Lục hề ty hề,",綠兮絲兮，
Khí quyển Hoàng Hà tửu trung tả.,氣卷黃河酒中瀉。
"Nhất lập vi vương, nhất vi suý.",壹立為王壹為帥。
Tiêu y thuý tụ thạch lựu quần.,綃衣翠袖石榴裙。
Ngột ngột lê viên thư đố khách,兀兀藜園書蠹客，
"Yêu huyền tướng ấn tá đô thống,",腰懸相印作都統，
Kim bích như khả thập.,金碧如可拾。
"Khô đồng thuỳ sở chế,",枯桐誰所製，
Phiên tảo bạch ngư khiêu.,翻藻白魚跳。
"Thủ phù khô cùng hành phục khước,",手扶枯筇行復卻，
"Ngã hành Lạc Dương đại đạo biên,",我行洛陽大道邊，
"Ngoại hảo bất bổ trung khổ tân,",外好不補中苦辛，
"Đàn luân tuỳ hoá hà lao kế,",彈輪随化何劳計，
Hành dữ tử tuyền hề!,行，與子還兮。
Nam Bắc đối luỹ.,南北對壘。
"Tỉ khan thúc bá tứ thập nhân,",比看叔伯四十人，
Toàn khủng Hoàng Hải phù hư không.,旋恐黄海浮虛空。
Trúc đường xâm dạ khai.,竹堂侵夜開。
Hán sở hưng vong lưỡng khâu thổ.,漢楚興亡兩丘土。
"Đích đích châu liêm bạch nhật ánh,",的的珠帘白日映，
Tằng tôn đốc chi.,曾孫篤之。
Điên đảo y thường.,顛倒衣裳。
"Khắc mộc lan dĩ vi suy hề, sức văn hạnh dĩ vi lương.",刻木蘭以為榱兮，飾文杏以為梁。
"Thái vi, thái vi,",采薇采薇，
"Biên đậu hữu tiễn,",籩豆有踐，
Cộng hữu bạch vân tâm.,共有白雲心。
Trưởng huynh bạch mi phục thiên khải.,長兄白眉復天啟。
Cố thử thần hôn bất cảm vi.,顧此晨昏不敢違。
"Thương tai! Quân bệnh ngã diệc suy,",傷哉！君病我亦衰，
Bách lập đông phong mậu tuế hàn.,百立東風茂歲寒。
"Thử khí hiểu lai thanh,",暑氣曉來清，
"Khảm kỳ kích phẩu,",坎其擊缶，
"Giai quy xạ cúc,",皆歸射𥷤，
Quế thuỷ hoành yên bất khả thiệp.,桂水橫煙不可涉。
Thị ngải thị hoạch.,是刈是濩。
Thảm vi hổ báo hào âm phi.,慘為虎豹嗥陰霏。
Sinh nữ lạc địa tư giá nhân.,生女落地思嫁人。
"Lộng văn ly văn võng,",弄文罹文网，
Triển như chi nhân hề!,展如之人兮，
"Vương mệnh Thiệu Hổ,",王命召虎，
"Bất tri phong vũ kỷ thì hưu,",不知風雨几時休，
Thành trung bạch vũ mộ chinh Khương.,城中白羽募征羌。
Tùng thoa lạc tụ khinh.,松釵落袖輕。
"Xuất nạp vương mệnh,",出納王命。
"Vọng nhữ mạc tác đẳng nhàn khan,",望汝莫作等閒看，
"Tiêu Tương chi sơn Hành sơn cao,",瀟湘之山衡山高，
Cầu phúc bất hồi.,求福不回。
"Y dư Thành Thang, tuấn triết ôn lương.",猗歟成湯，濬哲溫良。
"Thiều linh chi niên phó bất tri,",髫齡之年付不知，
Tôn phòng.,鱒魴。
"Dư viết hữu tiên hậu,",予曰有先後，
"Đông a nhập địa,",東阿入地，
Kỳ tĩnh nhược hà: tùng sinh không cốc;,其靜若何：松生空谷；
"Biên đầu xạ điêu tướng,",邊頭射雕將，
Thử ngô tri kỳ phi đồ sự ư tẩy địch; nhi tất thuỳ huấn ư vô cùng giả dã.,此吾知其非徒事於洗滌，而必垂訓於無窮者也。
"Đôn bỉ hành vĩ,",敦彼行葦，
"Gia bản Cô Tô Cán Hoa lý,",家本姑蘇浣花里，
"Xuy sinh cổ hoàng,",吹笙鼓簧，
"Hoạn nạn tương cứu,",患難相救，
"Tri ngã giả,",知我者，
Tập vu bao cức.,集于苞棘。
"Trầm trầm canh cổ cấp,",沉沉更鼓急，
Phương châu chi thụ hà thanh thanh.,芳洲之樹何青青。
Như luyện phục như sương.,如練復如霜。
Hành vân phi khứ minh tinh hy.,行雲飛去明星稀。
Nhất phiến hàn quang thượng bích tiêu.,一片寒光上璧霄。
Dư hương nhập thử đường.,餘香入此堂。
"Lương uyển thành tây nhị thập lý,",梁苑城西二十里，
Đường tiền huyên thảo hoa.,堂前萱草花。
Khởi bất hoài quy?,豈不懷歸？
Quân bất tri thiếp trường tại thử.,君不知妾腸在此。
"Hướng dạ tại đường tiền,",向夜在堂前，
"Hoàng đường thái thú túc yến tẩm,",黃堂太守足宴寢，
Tiên thưởng tâm vi lệ giao đoạ.,仙賞心違淚交墮。
"Thuỳ lão ngộ quân vị hận vãn,",垂老遇君未恨晚，
"Duyên khê lộ chuyển thâm,",緣溪路轉深，
Tân ty lý cố cầm.,新絲理故琴。
Trương công thán kỳ tài tận hạ.,張公歎其材盡下。
Hoăng hoăng hề.,薨薨兮。
"Âm dương dĩ hoà, thiên địa dĩ ninh,",陰陽以和，天地以寧，
"Ngô cáo Đố Ngạo,",吾告堵敖，
Huống nãi cố nhân lai.,況乃故人來。
"Thanh loan vọng bất chí,",青鸞望不至，
"Lô trùng mai,",盧重鋂，
"Ai ty hào trúc trợ kịch ẩm,",哀絲豪竹助劇飲，
"Kinh sư giai kỵ hãn huyết mã,",京師皆騎汗血馬，
"Thuỳ năng tương thử hướng Long Sa,",誰能將此向龍沙，
"Bỉ tác hĩ,",彼作矣，
Toả hề vĩ hề!,瑣兮尾兮，
"An Nam hữu sinh Nguyễn Thái Xung,",安南有生阮太沖，
Nại khả thử thân cư thượng du.,耐可此身居上游。
"Sào thành tố ti kinh thượng cơ,",繅成素絲經上機，
"Xuân đáo thanh minh hảo,",春到清明好，
"Phiên phiên bạch cưu,",翩翩白鳩，
"Tuyền đề loát dao không chi vụ, điêu đống lăng tình hạo chi yên.",璇題刷瑤空之霧，雕棟凌晴昊之煙。
Nham hác tố tự hứa.,岩壑素自許。
Trị ngã nhất niên tân bệnh dũ.,值我一年新病愈。
Mưu mô duy ác giả hựu quả kỳ trợ.,謀謨帷幄者又寡其助。
Đại bán Thụ Hàng thành.,大半受降城。
Dục vãng tòng chi tuyết phân phân.,欲往從之雪紛紛。
Tiễn lạc giao đao xuy đoạn vân.,剪落交刀吹斷雲。
"Ư thị tinh di thần hãi,",於是精移神駭，
"Địa hà như thị chi mang mang hề,",地何如是之茫茫兮，
Danh viết Phục phi.,名曰宓妃。
"Giáp la uỷ khiếp đan tiêu khởi,",夾羅委篋單綃起，
Thiên cổ văn chi sắc trù trướng.,千古聞之色惆悵。
"Ký yểu điệu dĩ tầm hác, diệc khi khu nhi kinh khâu.",既窈窕以尋壑，亦崎嶇而經丘。
Phương tri thiên hạ không.,方知天下空。
"Ninh chiêu thư tích hề lai thi tù,",寧招書癖兮來詩囚，
"Hoả vân mãn sơn ngưng vị khai,",火雲滿山凝未開，
Thâu tha nhất phiến thiên.,偷他一片天。
"Dạ toạ bất yếm hồ thượng nguyệt,",夜坐不厭湖上月，
"Mưu lự đa tư,",謀慮多思，
Dạ lan Cơ Đẩu sáp ốc chuyên.,夜闌箕斗插屋椽。
"Tương khán phụ tử huyết,",相看父子血，
"Thú lâu tây vọng yên trần hắc,",戍樓西望煙塵黑，
"Danh cao Bắc Đẩu tinh thần thượng,",名高北斗星辰上，
"Ký thiết ngã dư,",既設我旟，
Kim dã nhật túc quốc bách lý.,今也日蹙國百里。
Tĩnh tắc thường an.,靜則常安。
Kinh hỉ mang như đoạ yên vụ.,驚喜茫如墮煙霧。
Ký dữ Lũng Đầu nhân.,寄與隴頭人。
Đỗng khốc thương sinh nại hà hử.,慟哭蒼生奈何許。
Vu lâm chi hạ.,于林之下。
"Hoà phong khởi thiên lộ,",和風起天路，
Dương tiên hốt thị quá Hồ Thành.,揚鞭忽是過湖城。
Sâm sâm lưỡng tùng thập ngũ hành.,森森兩叢十五莖。
Kim tịch hà tịch?,今夕何夕？
Cửu sơn tĩnh lục lệ hoa hồng.,九山靜綠淚花紅。
Bỉ lộ tư hà?,彼路斯何？
Phiên phi nam tường.,翻飛南翔。
Sa thượng kiến nhật một.,沙上見日沒。
"Ngã lai bạt kiếm, nộ thả sân,",我來拔劍怒且嗔，
Quang giá khởi chỉ bách bội quá.,光價豈止百倍過。
Ngâm bãi Tây Hồ nguyệt tống quy.,吟罷西湖月送歸。
"Ký hữu dâm uy,",既有淫威，
Khước dữ hướng tây lưu.,卻與向西流。
"Nhân sinh kết giao,",人生結交，
Hoà lạc thả đam.,和樂且湛。
Định tương thuỳ cử bôi?,定將誰舉杯？
"Ai ngã nhân tư,",哀我人斯、
Hà dĩ phần chi?,何以墳之？
"Kim nhật xuất môn thụ,",今日出門樹，
Phi lệ ám tuỳ thu vũ tích.,飛淚暗隨秋雨滴。
"Minh triêu nhập thành khứ báo quan,",明朝入城去報官，
"Bất trục Tần vương quyến tượng sàng,",不逐秦王卷象床，
"Mộ khan yên hoả,",暮看煙火，
"Tự thân nhẫn chi,",自身忍之，
"Lâu ngoại hữu dương liễu,",樓外有楊柳，
Vô ngôn tương kiến không tương ức;,無言相見空相憶；
Dũng hiệp khinh phi.,勇俠輕非。
Bất khả phỏng ti.,不可方思。
"Vân âm đới tàn nhật,",雲陰帶殘日，
"Thành ấp, thành đô.",成邑成都。
"Minh tranh kim túc trụ,",鳴箏金粟柱，
"Chung cổ hoàng hoàng,",鐘鼓喤喤，
"Ngô Trung Trương Hàn xưng đạt sinh,",吳中張翰稱達生，
Nãi tại đại hải ngung.,乃在大海隅。
"Tứ mẫu tu quảng,",四牡修廣，
Thái ngư thuỷ trung túc.,採魚水中宿。
Hãn huyết kim xưng hiến ư thử.,汗血今稱獻於此。
Ca xuý vô văn châu tịch mịch.,歌吹無聞洲寂寞。
"Sự nan dự liệu, cứ yên kim dĩ thiểu tư nhân.",事難預料據鞍今已少斯人。
Triêm quân xuất tái y.,沾君出塞衣。
"Đình tiền cam cúc di thì vãn,",庭前甘菊移時晚，
"Cơ điểu hốt ngộ phạn,",飢鳥忽遇飯，
"Nê nính thượng thức cao thâm xứ,",泥濘尚識高深處，
Tam thiên sủng ái tại nhất thân.,三千寵愛在一身。
"Cao Bưu hồ thuỷ thanh thả u,",高郵湖水清且幽，
"Học vấn cần trung đắc,",學問勤中得，
Tu phòng hậu dụng.,須防後用。
"Duy ký quyết tâm, diệc viết phong cương chi trách.",惟既厥心，亦曰封疆之責。
"Hà thí thượng tự dư,",何試上自予，
Tích đức luỹ công thế cần khổ.,積德累功世勤苦。
Nhất nhạn độ nam lâu.,一雁度南樓。
"Hà sự khu khu Hán thiên tử,",何事區區漢天子，
"Cổ lai thần vật dụng hữu thời,",古來神物用有時，
"Ngân vân trất trất dao điện minh,",銀雲櫛櫛瑤殿明，
"Kỳ thạch phục lâm thuỷ,",跂石復臨水，
Quân tri thử xứ hoa hà tự?,君知此處花何似？
"Tái ngôn chi lang, tái tiếu chi tha.",載言之琅，載笑之瑳。
Hãn Hải Hoàng Hà tư khởi phục.,瀚海黄河茲起伏。
Dĩ trập kỳ mã.,以縶其馬。
Bất sĩ hậu nhật.,不俟後日。
"Vương hách tư nộ,",王赫斯怒，
"Thiên hạ anh hùng nguyên thiểu đắc,",天下英雄原少得，
Hà thủ hoà tam bách khuân hề?,胡取禾三百囷兮？
Phi quá phấn tường tê.,飛過粉墻西。
Du du ngã tâm.,悠悠我心。
Hứng lai khán biến Giang Nam xuân.,興來看遍江南春。
"Phạn thục hà tằng sấn thì ngật,",飯熟何曾趁時吃，
Nguyệt chiếu nhất thiên tuyết.,月照一天雪。
Khởi hữu dương chi sung canh hoắc.,豈有羊脂充羹臛。
Nhận hành đỗ dĩ vi nhương da?,紉蘅杜以為纕耶？
Bất sử Phồn trung thê tử tri.,不使蕃中妻子知。
"Thính thi như tủng,",聽詩如聳，
"Lễ nhạc bất học,",禮樂不學，
Liên binh kết hấn nẫm ác đãi nhị thập niên.,連兵結釁稔惡殆二十年。
Hạo thiên kỳ tử chi.,昊天其子之。
Thiên địa lẫm hề tương huỷ.,天地凜兮將毀。
"Nhân tâm thắng triều thuỷ,",人心勝潮水，
"Dư khẩu tốt đồ,",予口卒瘏、
"Trưng du tảo tất đạo kiếp hoạch,",徵輸早畢盜劫獲，
Triều gia hậu đức chiêu thiên cổ.,朝家厚德昭千古。
Khuất tử oán hà thâm!,屈子怨何深！
Thương tai hồng nhan,傷哉紅顏
"Dạ lai phong vũ hàn như hử,",夜來風雨寒如許，
"Tu nhĩ xa mã,",修爾車馬，
"Du dương cửu trùng vạn thừa chủ,",揄揚九重萬乘主，
"Duy thử Văn Vương,",維此文王，
"Chúng trung văn ngữ nhận hương lý,",眾中聞語認鄉里，
Đê đầu chiết yêu chỉ bất đáp.,低頭折腰只不答。
Tam ngũ viên quang diệc nhất chu.,三五圓光亦一週。
Chiết tận biên thành lộ bàng liễu.,折盡邊城路旁柳。
"Không lưu sắt oán truyền tương tư,",空留瑟怨傳相思，
Bất khẳng thừa nguy phóng nhĩ hồi.,不肯乘危放爾回。
"Lô linh linh,",盧令令，
"Cung trung dạ dạ đề thê ô,",宮中夜夜啼栖烏，
Hướng nguyệt lâu trung xuy “Lạc mai”.,向月樓中吹落梅。
Pháo chi phàn chi.,炮之燔之。
Đào hoa ánh tửu hồng.,桃花映酒紅。
"Thuyền há Quảng Lăng khứ,",船下廣陵去，
Hảo phóng Đào Tiềm quy khứ lai.,好放陶潛歸去來。
"Nhất quỹ, nhất quỹ,",一揆一揆，
"Du tai, du tai!",悠哉悠哉、
"Đê dữ thương ba chuyển,",低與蒼波轉，
"Trí sử trung hiếu tự chi lưỡng khuy, vi khiếm bô bá thần chi nhất tử.",致使忠孝字之兩虧，爲欠逋播臣之一死。
Hán nguyệt ngũ canh thanh.,漢月五更青。
Bá Lăng phương thảo mộng trung yên.,灞陵芳草夢中煙。
Niên niên sầu xứ sinh.,年年愁處生。
"Biên biên giả chuy,",翩翩者鵻，
Du du ngã tai.,悠悠我思。
"Lăng ca xướng bất triệt,",菱歌唱不徹，
"Niểu niểu thành biên liễu,",裊裊城邊柳，
Bỉ thương hồi hiên nhân đắc tri.,彼蒼回軒人得知。
Khánh nguyên phúc chỉ.,慶源福祉。
"Ký bất năng vi câu chi ngang ngang thiên lý,",既不能為駒之昂昂千里，
Vô phục cựu thì dung.,無復舊時容。
"Giang lưu thạch bất chuyển,",江流石不轉，
Huống nãi Tiêu Tương thu!,況乃瀟湘秋。
"Tuỵ trung nộ nhi đặc cao hề, nhược phù hải nhi vọng kiệt.",崒中怒而特高兮，若浮海而望碣。
"Lân khiên để vĩ sạ y ôi,",鄰肩抵尾乍依隈，
"Tuý lai khởi vũ lạc nhật vãn,",醉來起舞落日晚，
Nhãn ám bất kiến phong trần thanh.,眼暗不見風塵清。
Thiên thượng nhân gian lưỡng diểu mang.,天上人間兩渺茫。
Mã đầu thực thảo mã vĩ hoành.,馬頭食草馬尾橫。
Toả song vụ thuỳ u tứ thanh.,瑣窗霧垂幽思清。
Đãn đạo khốn khổ khất vi nô.,但道困苦乞為奴。
Dĩ hoả lai chiếu sở kiến hy.,以火來照所見稀。
"Ý dã thiên công gia ngã niên,",意也天工加我年，
"Sơn thuỷ hà tằng xứng nhân ý,",山水何曾稱人意。
Trầm bệnh nan y.,沉病難醫。
Hảo nhân bặc (phục) chi.,好人服之。
"Cảm ngã thử ngôn lương cửu lập,",感我此言良久立，
Thính chúng hiệp kháp bài phù bình.,聽眾狎恰排浮萍。
"Kỳ Hoa thiên gia trục ba gian,",奇華千家逐波間，
Cứu mã phì tử cung đoạn huyền.,廄馬肥死弓斷弦。
Ưu tâm như tuý.,憂心如醉。
"Ngô quan chư Ly,",吾觀諸離，
"Duy thước hữu sào,",維鵲有巢、
Trú vĩnh cưu thanh ngọ.,晝永鳩聲午。
Chinh nhân phạt cổ.,鉦人伐鼓，
Dĩ niệm khung thương.,以念穹蒼。
Quy kỳ hà nhật thị?,歸期何日是？
"Túc dạ phỉ giải,",夙夜匪解，
"Uyển kỳ tử hĩ,",宛其死矣，
Thôn thuyền nghịch thượng khê.,村船逆上溪。
"Chỉ duyến xuân dục tận,",只緣春欲盡，
"Đinh đầu lân lân, đa tại dữu chi túc lạp,",釘頭磷磷、多在庾之粟粒、
"Minh đăng cao quán phách thanh thôi,",明燈高館拍聲催，
"Tri tử tùng căn trường phục linh,",知子松根長茯苓，
Lục quốc dĩ vong.,六國已亡。
Duy dĩ bất vĩnh hồi.,維以不永懷。
"Trật tán sàng đầu thư,",帙散床頭書，
"Khải ngã ngộ than,",愾我寤嘆，
Bối hậu truy binh phục tương đáo.,背後追兵復將到。
Dĩ định vương quốc.,以定王國。
Tích tuyết phù vân đoan.,積雪浮雲端。
"Minh lưu hu thả trực,",明流紆且直，
"Khu phong long dĩ vi tý tòng hề,",驅豐隆以為庇從兮，
"Mạc hiềm cựu nhật Vân Trung thủ,",莫嫌舊日雲中守，
Thố viên lão tẩu di chỉ huy.,兔園老叟頤指揮。
Phiên thân cứ địa xúc đống trần.,翻身踞地蹴凍塵。
Thanh thạch mạc mạc thường phong hàn.,青石漠漠常風寒。
Quân bất kiến:,君不見：
Hà dụng tiết tiết bi hồng trang.,何用屑屑悲紅妝。
Kim dịch lưu hà phân nhiễu triền.,金液流霞紛繞纏。
Hà cầu vu tẩu?,何求于嫂？
"Ải địa quan môn ủng,",隘地關門擁，
"Phân phó Nam hồ cựu hoa liễu,",分付南湖舊花柳，
Trí giả đạt quan nhàn nhi dĩ.,智者達官閑而已。
Mộ nghĩa lai quy mộc ân tứ.,慕義來歸沐恩賜。
Địa hoạch thiên phù giới nam kỷ.,地砉天浮戒南紀。
Tương khan bôi tửu tối phân minh.,相看杯酒最分明。
"Phức đạo hành không, bất tễ hà hồng?",複道行空、不霽何虹？
Thương Ngô nhất phiến vân.,蒼梧一片雲。
Dĩ tả ngã ưu.,以寫我憂。
Sơn phúc cửu dĩ tàng xuân phong.,山腹久已藏春風。
San hô bích thụ giao chi kha.,珊瑚碧樹交枝柯。
"Nhân gian vạn sự dũ kham lân,",人間萬事愈堪怜，
"Thức vi, thức vi!",式微、式微，
"Thí châm dật các, liên kim tự nhi uyên đồng.",試針逸閣，聯金字而鴛同。
Tiểu tâm khủng cụ bế kỳ khẩu.,小心恐懼閉其口。
"Phá dịch mộng hồi đăng dục tử,",破驛夢回燈欲死，
Triển hĩ quân tử!,展矣君子，
Lập tại điện tiền xạ phi cầm.,立在殿前射飛禽。
"Triêu triêu giang khẩu vọng,",朝朝江口望，
"Nhất điều vạn cổ thuỷ,",一條萬古水，
"Mỹ như ngọc,",美如玉，
"Bạch vân hoàng trúc ca thanh động,",白雲黃竹歌聲動，
"Cửu vi dã khách tầm u quán,",久為野客尋幽慣，
"Tích phiền hoa chi Vị Ương,",惜蕃華之未央，
"Nhĩ lai tòng quân thiên Hán Tân,",爾來從軍天漢濱，
"Hàn hầu nhập cận,",韓侯入覲，
"Tiên ông hồ bất bách niên thọ,",仙翁胡不百年壽，
Tình sơ cảnh ái tân.,晴初景靄新。
"Chi tử vu quy,",之子于歸，
"Bạc mộ lôi điện,",薄暮雷電，
"Thiên vị Ân đích,",天位殷適，
Kim nhật thuỷ do hàn.,今日水猶寒。
"Âm dung tiễu tiễu hoảng như mộng,",音容悄悄恍如夢，
"Xuất giả khu xa, nhập cứ toạ,",出者驅車入踞坐，
Thử hận miên miên vô tuyệt kỳ.,此恨綿綿無絕期。
Lâm lão cấm sầu nan.,臨老禁愁難。
"Đương Nghiêu chi thời, thiên hạ quang trạch, đằng diệu vu thiên, tinh huỳnh huyễn hách,",當堯之時，天下光宅，縢耀于天，晶熒烜赫，
"Dục ca tiện ca, khốc tiện khốc.",欲歌便歌哭便哭。
Xuyên cốc hà ô?,川谷何洿？
Hào phát tận bị vô sai ngoa.,毫髮盡備無差訛。
Hốt yên tứ tán.,忽焉思散。
Đào dã nhân luân.,陶冶人倫。
"Bắc phong tiêu tiêu trúc thanh thiết,",北風蕭蕭築聲切，
"Bỉ thương giả hân,",彼蒼者天，
Tuyền khô thạch táo phục sàn viên.,泉枯石燥复潺湲。
"Thì hoài ngâm vị ổn,",蒔懷吟未穩，
Mãn song phong nguyệt hựu tương tương.,滿窻風月又相將。
Lạc thánh thả hàm bôi.,樂聖且銜杯。
"Thê tử trương bạch nhàn,",妻子張白鷴，
"Phong xuy tiên duệ phiêu phiêu cử,",風吹仙袂飄飄舉，
Đức hữu vị phu hề tư hữu dĩ hợp.,德有未敷兮思有以洽。
Tại Nam sơn chi hụ.,在南山之下。
"Thượng đế kỳ chi,",上帝耆之，
Thiên chỉ bất tri thân độc ai.,千指不知身獨哀。
"Nhân hữu xỉ mã, phục dĩ thượng hình.”",人有齒馬，服以上刑。』
Bất giác thiên địa bạch nhật sầu vân âm.,不覺天地白日愁雲陰。
Thô hào thả trục phong trần khởi.,粗豪且逐風塵起。
"Hiền nữ kính phu,",賢女敬夫，
Thiên lý tương tư minh nguyệt lâu.,千里相思明月樓。
"Ý ly vị tuyệt, thần tâm phố phúc.",意離未絕，神心怖覆。
"Trường Can Ngô nhi nữ,",長干吳兒女，
Vân sinh xá bắc nê.,雲生舍北泥。
Quân bất kiến:,君不見：
Ngân an khước phúc hương la phạ.,銀鞍卻覆香羅帕。
Thượng hữu song trúc lâm.,上有雙竹林。
Kỳ tử kim vô thiện vu chúc.,祈死今無善巫祝。
"Tị hiền sơ bãi tướng,",避賢初罷相，
Dụng bình thuỷ thổ địa vi hậu.,用平水土地為厚。
"Trượng phu hội ưng hữu tri kỷ,",丈夫會應有知己，
Hoàng vương chưng tai!,皇王烝哉！
"Bỉ Phần chi khúc gia khả du,",彼汾之曲嘉可遊，
"Quân tình khiển quyển,",君情繾綣，
Noãn hướng thần đô hàn vị hoàn.,暖向神都寒未還。
Mặc hý tam muội thời thung dung.,墨戲三昧時從容。
"Đào lý minh niên năng tái phát,",桃李明年能再發，
"Cốc đán vu tha,",穀旦于差，
Hoặc thụ chi kỉ.,或授之几。
Trắc giáng đình chỉ.,陟降庭止。
Tính danh diệc khả truyền vô cùng.,姓名亦可傳無窮。
Hiển doãn Phương Thúc.,顯允方叔，
Nhất đàn tam thán vị thương tâm.,一彈三嘆為傷心。
Duy hữu chính khí trường bất cải.,惟有正氣長不改。
"Phường tự phủ phủ,",魴鱮甫甫，
Bình sa mãng mãng hoàng nhập thiên.,平沙莽莽黃入天。
"Dụng giới nhung tác,",用戒戎作，
Lý dã thừa nghi khoáng tiền hậu.,李也丞疑曠前後。
Thần tiên đa ngộ nhân.,神仙多誤人。
Phiếm ái bất cứu câu hác nhục.,泛愛不救溝壑辱。
"Đông phương vị hy,",東方未曦，
Khiên sầu chiếu hận động ly tình.,牽愁照恨動離情。
"Mại y đắc tiền đô nạp khước,",賣衣得錢都納卻，
"Điểu cùng tắc phi,",鳥窮則飛，
Lang phàm nhất khai tam bách lý.,郎帆一開三百里。
Sơn hoành tái bắc vân.,山橫塞北雲。
"Tâm trinh đồ kiến thưởng,",心貞徒見賞，
"Kiểu như phi kính lâm đan khuyết,",皎如飛鏡臨丹闕，
Huynh đệ cầu hỹ!,兄弟求矣。
Tái bái cố nhân tạ giai chính.,再拜故人謝佳政。
Tú thành hoa điểu hảo văn chương.,綉成花鳥好文章。
Dư:,予：
Tự vân Phục Ba chi tử tôn.,自雲伏波之子孫。
Kim lai sự bất đồng.,今來事不同。
Kiến thử linh miêu đương đại kinh.,見此靈苗當大驚。
"Bác nghi ước hề, phóng nghi thu,",博宜約兮放宜收，
"Vi phong vạn khoảnh ngoa văn tế,",微風萬頃靴文細，
"Hữu thời dạng ảnh nhập trung lưu,",有時漾影入中流，
"Kim Lăng tử đệ lai tương tống,",金陵子弟來相送，
"Xuân khí huân đào tàm động chỉ,",春氣熏陶蠶動紙，
Bất tích kỳ tài.,不積其財。
"Vô thanh tế hạ phi toái tuyết,",無聲細下飛碎雪，
"Chủ nhân hữu tửu hoan kim tịch,",主人有酒歡今夕，
"Hướng phong vẫn cảnh tống công tử,",向風刎頸送公子，
Huề thủ đồng hàng.,攜手同行。
"Tử hề, tử hề!",子兮、子兮！
"Thự thoái nam song ngọ,",署退南窗午，
"Tử đài miên vọng tuyệt,",紫臺綿望絕，
"Đả ngoã toàn quy,",打瓦鑽龜，
"Nhân sinh hành lạc tại miễn cưỡng,",人生行樂在勉強，
Bất tử hà sĩ?,不死何俟？
"Hà sơn quá nhãn kỷ thiên niên,",河山過眼幾千年，
"Bi thì tự chi đệ thiện hề,",悲時序之遞嬗兮，
Hà tuế phùng xuân bất trù trướng?,何歲逢春不惆悵，
Ngã ưng thụ chi.,我應受之。
"Mạn ngâm Lâm xuân, Quỳnh thụ thiên,",漫吟臨春瓊樹篇，
Long đàm hổ huyệt thản như đồ.,龍潭虎穴坦如途。
"Mãn nhiệt lô hương phần chỉ tiền,",滿爇爐香焚紙錢，
Do lai bất cảm lưỡng tương kháng.,由來不敢兩相抗。
Yến phác lan can hoa ảnh trường.,燕撲闌干花影長。
"Lân phụ khốc, khốc bất đình,",鄰婦哭，哭不停，
Nãi bái thủ khể thủ nhi vi chi ca viết:,乃拜手稽首而為之歌曰：
Hà xứ nhập hoàng tuyền.,何處入黃泉？
Cao phẩm tiên tương trình thái thú.,高品先將呈太守。
Kiều ca nhất khúc “Dương liễu hoa”.,嬌歌一曲楊柳花。
Khấp thê như vũ.,泣涕如雨。
Quân tử thị tắc thị hào.,君子是則是傚。
"Tạc phá thương đài địa,",鑿破蒼苔地，
Dư hựu tập vu liễu.,予又集于蓼。
"Tự tiên trách kỷ,",自先責己，
Đông Đô chi thị tứ bất di.,東都之市肆不移。
Thuỷ thâm tằng chiếu cổ nhân tâm.,水深​​曾照古人心。
Sanh ca cách tiển tường.,笙歌隔蘚墻。
Tiệp dư truyền chiếu tài nhân sách.,婕妤傳詔才人索。
Như tam nguyệt hề.,如三月兮。
"Vô ích chi ngôn,",無益之言，
Cầu ngã thứ sĩ.,求我庶士，
"Trân dữ Vĩ,",溱與洧，
"Ngang đầu khan bất tận,",昂頭看不盡，
Bạch mã kiêu bất hành.,白馬驕不行。
"Quốc vong gia phá nhất thân tồn,",國亡家破一身存，
Giản thủ hoa chi lũ hồi cố.,揀取花枝屢迴顧。
"Biệt lộ vân sơ khởi,",別路雲初起，
"Man di trưởng lão oán khổ hàn,",蠻夷長老怨苦寒，
"Miễn miễn ngã vương,",勉勉我王，
Bạch tuyết phi hoa loạn nhân mục.,白雪飛花亂人目。
"Bần cùng lão sấu gia mại kịch,",貧窮老瘦家賣屐，
Huề thủ đồng quy.,攜手同歸。
Cổn y tú thường.,袞衣繡裳。
Kiến thử di tương chung đỉnh sơ.,見此彌將鍾鼎疏。
"Nam thiên tam tuần khổ vụ khai,",南天三旬苦霧開，
"Duy hiếu duy nghĩa,",惟孝惟義，
Triều y điển dữ tài hoa thị.,朝衣典與栽花市。
"Bắc Nguỵ, Đông Ngô,",北魏東吳，
Khả hạm hà niên đáo Mân hải?,舸艦何年到閩海？
"Cô chu thoa lạp ông,",孤舟簑笠翁，
Các sử thương sinh hữu hoàn đổ.,各使蒼生有環堵。
Tự bỉ Ân Thương.,自彼殷商；
"Nam nhi truỵ địa,",男兒墜地，
"Tầm Dương địa tích vô âm nhạc,",潯陽地僻無音樂，
Độc thướng Lạc Dương kiều.,獨上洛陽橋。
"Phường ngư phì mỹ tri đệ nhất,",魴魚肥美知第一，
"Sĩ dữ nữ,",士與女，
Biên thành lạc nhật kiến ly cư.,邊城落日見離居。
"Quy trình Lạc phố chi linh,",龜呈洛浦之靈，
"Duy sĩ dữ nữ,",維士與女，
"Vu dĩ tương chi,",于以湘之？
Đường đệ chi hoa.,唐棣之華。
"Nhất tòng Phi Yến nhập,",一從飛燕入，
"Thái Nhâm hữu thân,",太任有身，
Yển cái phản tẩu cầu long hình.,偃蓋反走虯龍形。
"Bất giá bất sắc,",不稼不穡，
"Tứ thì bát tiết hoàn câu lễ,",四時八節還拘禮，
Di nhĩ minh châu.,貽爾明珠。
Yên khai Ngọc Đế gia.,煙開玉帝家。
Đề huề ư trúc thạch chi gian.,提攜於竹石之間。
"Thương giang âu lộ dã tâm tính,",滄江鷗鷺野心性，
Tự tiện hoàn tự liên.,自羨還自憐。
Vương thất như huỷ.,王室如燬。
Tiểu hải bạch ngư khiêu bích tảo.,小海白魚跳碧藻。
"Đàn xa hoàng hoàng,",檀車煌煌，
Bàng quan diệc tổn thần.,傍觀亦損神。
Bạc ngôn quynh giả:,薄言駉者：
Trí hĩ tận hĩ cận thiên tử chi quang.,致矣盡矣近天子之光。
"Hoa tu liên dạ phát,",花須連夜發，
Văn chương nhật tiệm đa.,文章日漸多。
"Bất từ song lệ tận,",不辭雙淚盡，
Toại cập bá tỷ.,遂及伯姊。
"Cổ bích thái cầu kim thiếp vĩ,",古壁彩虯金貼尾，
Khê sa điếu tịch dương.,溪沙釣夕陽。
"Nghi nhĩ tử tôn,",宜爾子孫、
Điều điều ngưu nãi lộ.,迢迢牛奶路。
"Lâm biệt ân cần trùng ký từ,",臨別殷勤重寄詞，
Tích lịch võng lượng kiêm cuồng phong.,霹靂魍魎兼狂風。
"Đông chỉ Hy Hoà năng tẩu mã,",東指羲和能走馬，
"Ẩn ước Lãm Sơn vân, hy vi Thiên Đức thụ.",隱約覽山雲，稀微天德樹，
Hàn nhiệt bách nhật tương giao chiến.,寒熱百日相交戰。
"Thiếp nhân thiết tự bi hề, cứu niên tuế nhi bất cảm vong.",妾人竊自悲兮，究年歲而不敢忘。
Lãm trúc lâm chi trăn trăn.,覽竹林之榛榛。
An đắc thử thân thoát câu luyên.,安得此身脫拘攣。
"Nhan Hồi đoản mệnh Bá Di ngạ,",顏回短命伯夷餓，
"Nhân sinh diệc như thử,",人生亦如此，
Xa liệt cố đương.,車裂固當。
Quyển nhập hàn thành ế chung cổ.,卷入寒城翳鐘鼓。
"Chúng kê minh nhi sầu dư hề, khởi thị nguyệt chi tinh quang.",眾雞鳴而愁予兮，起視月之精光。
Toạ niệm Vũ Hầu tâm độc khổ.,坐念武侯心獨苦。
"Thu bạch dao dao không,",秋白遙遙空，
Nhất thập lục giải đương trình quân.,一十六解當呈君。
Kiển lư đắc chí minh xuân phong.,蹇驢得志鳴春風。
"Kim khuyết tây sương khấu ngọc quynh,",金闕西廂叩玉扃，
"Triệu doãn bỉ đào trùng,",肇允彼桃蟲，
"Khổ trúc hàn thanh động thu nguyệt,",苦竹寒聲動秋月。
Triều đình ký thức mông lộc trật.,朝廷記識蒙祿秩。
Thân thượng long văn tạp tảo hạnh.,身上龍文雜藻荇。
"Tiếu vấn tửu gia Hồ,",笑問酒家胡，
Hốt nhiên cao vịnh thế sái liên.,忽然高詠涕灑漣。
Khả dĩ lạc cơ.,可以樂饑。
Chiếu lâm hạ thổ.,照臨下土。
"Thập niên xúc cúc tương sồ viễn,",十年蹴踘將雛遠，
Khiết Mạch vọng hề giá đố ngư.,挈脈望兮駕蠹魚。
"Bá cáo hà nhĩ,",播告遐邇，
"Lão phu cơ hàn long vi sầu,",老夫飢寒龍為愁，
"Tái tập can qua,",載戢干戈，
"Cách trúc miên man biệt dạng đề,",隔竹綿蠻别様啼，
"Hà cảm thiên ức địa,",何感天抑墬，
"Thạch Thành sầu nhật mộ,",石城愁日暮，
Chước ngôn thường chi.,酌言嘗之。
"Thắng địa du tuy biến,",勝地遊雖遍，
Khai môn hữu cúc hoa.,開門有菊花。
Tồ thấp tồ chẩn.,徂隰徂畛。
"Tiêm tiêm nhất điểm trần,",纖纖一點塵，
"Cù Đường mạn thiên Hổ Tu nộ,",瞿塘漫天虎鬚怒，
"Ngã tồ Đông Sơn,",我徂東山、
Văn Vương chi đức chi thuần?,文王之德之純。
Phương đương Long Biên kiến tiết chi sơ;,方當龍邊建節之初；
"Thị phú khinh bần,",恃富輕貧，
"Mai chử mang vi biệt,",梅渚忙爲別，
"Ưu hoan chỉ vấn kim thì nguyệt,",憂歡只問今時月，
"Cám trừu mạc kiến hoàng kim câu,",紺紬幕見黃金鉤，
Khán xạ mãnh hổ chung tàn niên.,看射猛虎終殘年。
"Ngã tư Phì Tuyền,",我思肥泉，
Cương kỷ tứ phương.,綱紀四方。
Khỉ vô tha sĩ?,豈無他士。
"San căn thuỷ ủng hác,",山根水壅壑，
"Cáo vu văn nhân,",告于文人，
Diệc hữu văn mẫu.,亦右文母。
Hà huống Vệ Hoắc thiên gia thân.,何況衛霍天家親。
"Ức tạc Bình Dương trạch sơ trí,",憶昨平陽宅初置，
Bình sa độc thú nhàn.,平沙獨戍閒。
Huyên huyên ca khốc bán tử sinh.,喧喧歌哭半死生。
Bão khán kiều loan thư nhất chỉ.,飽看嬌鸞書一紙。
"Như khuê như chương,",如圭如璋，
Thu phong tiêu tiêu lộ nễ nễ.,秋風蕭蕭露泥泥。
Lục niên tây cố không ngâm nga.,六年西顧空吟哦。
"Nhất thất hột thảo, nhất thất tê,",一匹齕草一匹嘶，
Băng dực tuyết đạm thương ai nhu.,冰翼雪澹傷哀猱。
"Y dục chỉ thanh thiên nhi bút Thái Hoa hề, thứ hồ thư thánh triều chi tường thuỵ nhi dĩ.",伊欲紙青天而筆太華兮，庶乎書聖朝之祥瑞而已。
Hạ phùng Y Chí.,下逢伊摯。
Hoàng tước tối tiểu do nan đào.,黃雀最小猶難逃。
Lục diệp hàm đan.,綠葉含丹。
Trì nguyên thấp hề tầm cựu cương.,馳原隰兮尋舊疆。
"Điều điều chinh lộ hoả sơn đông,",迢迢征路火山東，
"Nhân sinh phiêu hốt bách niên nội,",人生飄忽百年內，
Ô dạ đề đề vị thuỳ?,烏夜啼，啼為誰？
"Cô thành thiên lý ngoại, can khổ tâm cam.",孤城千里外肝苦心甘。
"Nghiêm sương thê sảng,",嚴霜凄愴，
"Yên tiêu nhật xuất bất kiến nhân,",煙銷日出不見人，
"Bản triều nhất vật bất thất sở,",本朝一物不失所，
"Hân như song giao bác hoại đường,",掀如雙蛟搏壞塘，
Điểu hà úc chi?,鳥何燠之？
"Ý quyết triết phụ,",懿厥哲婦，
"Trắc bỉ thôi ngôi, phóng nhãn hoành di.",陟彼崔嵬，放眼紘夤。
"Ký ngôn phi điểu,",寄言飛鳥，
Nãi lệ chí dĩ cạnh thành.,乃勵志以競成。
"Tước kỳ chi diệp, dĩ toàn ngô chân.",削其枝葉，以全吾真。
"Oa Di đồ đao dụng nhân huyết,",倭夷塗刀用人血，
"Mân thiên tật uy,",旻天疾威、
"Gia bỉ điếu tẩu,",嘉彼釣叟，
"Thập chỉ bất triêm nê,",十指不沾泥，
Dục lệnh trì hữu ba.,欲令池有波。
"Khúc chiểu phù dung ba,",曲沼芙蓉波，
"Tần danh Tượng Quận, Hán Giao Châu,",秦名象郡漢交州，
"Vi Hàn Cật tướng du,",為韓姞相攸，
Tâm chi ưu hĩ.,心之憂矣，
Ngôn tất đạo can tỳ.,言必道肝脾。
"Phương tri ma-ni nhất khoả châu,",方知摩尼一顆珠，
Nhàn vân triêu tịch lai.,閒雲朝夕來。
"Mẫu dã thân chỉ,",母也天只，
Ngoại ngự kỳ vụ.,外禦其務。
"Kim niên canh đạo thục khổ trì,",今年粳稻熟苦遲，
Văn Vương viết: tư!,文王曰：咨！
Phong lâm nhất mộng lương.,楓林一夢涼。
Thiên ngôn vô dụng.,千言無用。
Hà dĩ phì chi?,何以肥之？
Quyết thạch đầu pháo thanh hồng long.,抉石投奅聲䃔䃧。
Khách trung hà sở hữu?,客中何所有，
Nhãn hôn đầu bạch thuỳ long chung.,眼昏頭白垂龍鍾。
"Trùng cửu hoa khai dĩ tự trì,",重九花開已自遲，
"Thư hùng tương thất, ai minh tương hào.",雌雄相失，哀鳴相號。
"Thạch mã xỉ cuồng ninh,",石馬齒狂獰，
"Khống vu đại bang,",控于大邦，
"Tuy ngã my thọ,",綏我眉壽，
Tây thổ chi sơn xuyên hữu linh.,西土之山川有靈。
Xuân khốn trước nhân quyện sơ tẩy.,春困著人倦梳洗。
"Thổ Phồn bằng lăng khí phả thô,",吐蕃憑陵氣頗粗，
Tàn anh lạc nhứ tổng kham liên.,殘英落絮總堪憐。
"Y tích thái bộc Trương Cảnh Thuận,",伊昔太僕張景順，
"Ly cung cao xứ nhập thanh vân,",驪宮高處入青雲，
Sái thượng không chi kiến huyết ngân.,洒上空枝見血痕。
Giang nam Giang bắc thanh sơn đa.,江南江北青山多。
"Kinh Nam Nhuế công đắc tướng quân,",荊南芮公得將軍，
Đông đắc bình cương xuất thiên bích.,東得平岡出天壁。
"Hoang huề cửu nguyệt đạo xoa nha,",荒畦九月稻叉牙，
"Nguyện thử mi hề như thử nguyệt,",願此眉兮如此月，
Khước quái bất qua thử sơn đạo.,卻怪不過此山道。
"Chúc Long dĩ giá Phù Tang hiểu,",燭龍已駕扶桑曉，
Bình vũ trụ chi đại quan.,評宇宙之大觀。
Mộng nhiễu Giang Nam vị phất y.,夢繞江南未拂衣。
Hán thất giang san tẫn chúc Tào.,漢室江山盡屬曹。
Đế vị Văn Vương:,帝謂文王：
"Sư thân chỉ quy lộ,",師親指歸路，
Khảm khảm phạt luân hề!,坎坎伐輪兮，
"Huynh đệ bất tri,",兄弟不知，
"Cùng hạng tiễu nhiên xa mã tuyệt,",窮巷悄然車馬絕，
"Lão tiên tuý bút thạch lan tây,",老仙醉筆石欄西，
Thừa phong trực há Tùng giang tê.,乘風直下松江西。
Xuân khai phí thuý lâu.,春開翡翠樓。
"Cung trung phong vũ trưởng bồng hao,",宮中風雨長蓬蒿，
"Can qua động địa Hồ trần phi,",干戈動地胡塵飛，
Vô viết cẩu hĩ;,無曰茍矣；
Độc giác chí sĩ cam ngư tiều.,獨覺志士甘漁樵。
Xuân nhật giai khí đa.,春日佳氣多。
"Thắng du giải cấu na khả tất,",勝遊邂逅那可必，
"Nhiên nhi vật chi linh dị giả, do thả ái chi; huống hiền ư vật nhi tối linh tối dị giả hồ!",然而物之靈異者，猶且愛之，況賢於物而最靈最異者乎。
"Sở nhân trọng ngư bất trọng điểu,",楚人重魚不重鳥，
"Sương mạn dĩ trừ giá,",霜蔓已除架，
Quỳnh quỳnh tại cứu.,嬛嬛在疚。
Thừa xuất thiên nhân vạn nhân ái.,乘出千人萬人愛。
"Mệnh giã bách bệnh toản thiếp thân,",命也百病攢妾身，
Hà xứ đắc thu sương!,何處得秋霜。
"Bất kiến Định Vương thành cựu xứ,",不見定王城舊處，
"Thích thích huynh đệ,",戚戚兄弟，
Phương tương vạn vũ.,方將萬舞。
"Nhất tích hội đê,",一滴潰堤，
Ngọc thiềm tây truỵ thiên vô sắc.,玉蟾西墜天無色。
"Thụ mộc tùng sinh,",樹木叢生，
Bất tri quân quật hựu hà thì.,不知君掘又何時。
"Nhữ kỳ tri mệnh hề, vật vị diểu mang.",汝其知命兮，勿謂渺茫。
"Thiên địa cục tích nhật nguyệt xúc,",天地跼蹐日月促，
"Phấn càn cương hề ác xu,",奮乾綱兮握樞，
Quan Trung tiểu nhi hoại kỷ cương.,關中小兒壞紀綱，
Tỳ bà khước truyền lai Hán gia.,琵琶卻傳來漢家。
Tử ninh bất tự âm?,子寧不嗣音？
Đại Kiếm sơn đầu bi lạc mộc.,大劍山頭悲落木。
"Yên Đài sứ giả lão thế đồ,",燕臺使者老世途，
Thụ giảo ly tư hoa minh minh.,樹攪離思花冥冥。
"Kim cúc hoa hề mãn kính,",金菊花兮滿徑，
"Vô túng quỷ tuỳ,",無縱詭隨，
"Mạc tác bình lạc tỉnh,",莫作瓶落井，
"Bỉ ký chi tử,",彼其之子，
Thăng Long thiên tải tôn thần tích,昇龍千載尊神迹
Bĩ cực thái lai.,否極泰來。
"Dao tri bất thị tuyết,",遙知不是雪，
Trữ lập dĩ khấp.,佇立以泣。
Vũ tuyết kỳ vụ.,雨雪其霧。
Quan kỳ:,觀其：
Linh sơn khải vận thần đường khai.,靈山啟運神堂開。
Bất ngã qua,不我過，
Quân bất kiến:,君不見：
"Ngọc quản triêu triêu lộng,",玉管朝朝弄，
"Hầu vương tướng tướng vọng cửu tuyệt,",侯王將相望久絕，
Đệ hà dục?,弟何欲？
Ngã diệc cảm kích sầu hư hy.,我亦感激愁歔欷。
"Quản huyền ẩu á, đa ư thị nhân chi ngôn ngữ.",管絃嘔啞、多於市人之言語。
"Tế vũ mông mông thấp kỵ hà,",細雨濛濛濕芰荷，
Bỉnh tiên tác mục.,秉鞭作牧。
"Lạc chỉ quân tử,",樂隻君子，
"Thiên mệnh phản trắc,",天命反側，
"Tạc dạ nhàn đàm mộng lạc hoa,",昨夜閒潭夢落花，
Giang bạch thảo tiêm tiêm.,江白草纖纖。
Kỳ nhân mỹ thả nhân!,其人美且仁。
Đông phương tiệm cao nại lạc hà.,東方漸高奈樂何。
Nhữ phúc đoạt chi.,女覆奪之。
Vô pháp khả đắc.,無法可得。
Hoàn cổ trường tiên tam tứ thanh:,還鼓長鞭三四聲：
Nguyên hoả phục hoàn sinh.,元火復還生。
Thủ kiêu nghịch tặc thanh cựu kinh.,手梟逆賊清舊京。
Phiêu phấn hồ trung trầm hổ phách.,縹粉壺中沉琥珀。
Khả tích hinh hương thủ trung cố.,可惜馨香手中故！
"Khúc trì phương kinh phi túc tích,",曲池芳經非宿昔，
Vị tử hữu tửu thả cao ca.,未死有酒且高歌。
"Đại tạo bản vô phương,",大造本無方，
Hoàng kim thặng mãi kiều thù sắc.,黃金剩買嬌姝色。
"Tiêm tiêm nữ thủ,",摻摻女手，
"Cao lâu trùng trùng bế minh nguyệt,",高樓重重閉明月，
Giáng điều Nam Dương vệ Thiên Hộ.,降調南陽衛千戶。
"Chiêm vân khí nhi ngưng mâu hề,",瞻雲氣而凝眸兮，
Sí lãnh đằng không phi động trì.,翅冷騰空飛動遲。
Sơn đầu nhật vị cao.,山頭日未高。
"Vô phong trạm bất ba,",無風湛不波，
"Đại khối ký giả ngã dĩ văn chương,",大塊既假我以文章，
Hu ta lân hề!,于嗟麟兮。
Minh nguyệt đương không kiểu băng tuyết.,明月當空皦冰雪。
Cổn hà sở dinh?,鯀何所營？
Vân hà hu hĩ!,云何吁矣。
"Sở lão trường ta ức viêm chướng,",楚老長嗟憶炎瘴，
Liêu dĩ hành vực.,聊以行國。
"Cận lai văn quyển lý,",近來文卷裏，
Thị dĩ hữu dự xử hề.,是以有譽處兮。
"Hoan ngu yến hiệp tứ quần hậu,",歡娛宴洽賜群後，
"Lưu lưu hắc phong xuy thảo căn,",飀飀黑風吹草根，
"Ân cần tiêm thủ kinh phá mộng,",殷勤纖手驚破夢，
"Vũ thư tạc dạ quá Cừ Lê,",羽書昨夜過渠黎，
Ngã quan thử trạng ý tiêu tự.,我觀此狀意消沮。
Tự quái nhất nhật thanh huy hách.,自怪一日聲輝赫。
Truỵ hà cố dĩ đông nam khuynh?,墜何故以東南傾？
"Tiền sơn tra nha hốt biến thái,",前山槎牙忽變態，
Thần sở lạo hĩ.,神所勞矣。
"Sắt hề, hạn hề!",瑟兮、僴兮，
"Đa ngã cấu mân,",多我覯痻，
Tử quy thanh Khiếu sơn.,子規淸叫山。
"Kim xuyên thiên điểm lục,",金川千點淥，
Thích ngã nguyện hề.,適我愿兮。
Tái thượng phong trần vô nhật hưu.,塞上風塵無日休。
Sử nhân quan chi năng thảo thư.,使人觀之能草書。
Mang hướng Bích Câu hoa trúc ổ.,忙向碧溝花竹塢。
"Quan kỳ: liên lạc Lao quan, khống ách Vân kiêu.",觀其：聯洛牢關，控扼雲徼。
Lang cố hồ hào bố sát nhân.,狼顧狐嗥怖殺人。
Ba đào bất tác vô oán tâm.,波濤不作無怨心。
Hán quân toàn một Liêu thuỷ thượng.,漢軍全沒遼水上。
Thành vương chi phu.,成王之孚。
Chưng tại tang dã.,烝在桑野。
Chỉnh đốn y thường khởi liễm dung.,整頓衣裳起斂容。
"Hành, Nhạc, Thái Hàng thiên hạ sơn,",衡岳太行天下山，
Thực hàm tư hoạt.,實函斯活。
Thượng thư khí dữ thu thiên diểu?,尚書氣與秋天杳。
Đông quy bất vương Tần.,東歸不王秦。
"Nhất nhật bất kiến,",一日不見，
Ngu giả minh hề trí giả thức.,愚者冥兮智者識。
Nhứ loạn ty phồn thiên diệc mê.,絮亂絲繁天亦迷。
Kỳ thần nhược hà: nguyệt xạ hàn giang.,其神若何：月射寒江。
Thân nghinh vu Vị.,親迎于渭。
"Vân thị Trùng Hoa thánh nhân vạn cơ hạ,",云是重華聖人萬幾暇，
"Hà diệp thượng chi mã nhi, nhân giả hợp nhi thành khu.",荷葉上之馬兒，因假合而成軀。
Thiết mã trì đột trọng lưỡng hàm.,鐵馬馳突重兩銜。
Hồi đầu trắc cố như kinh dương.,回頭側顧如驚羊。
"Nhật xuất ly đông thuỷ,",日出籬東水，
Lục liễu thư di.,綠柳舒荑。
Cổ dụng bất thụ.,賈用不售。
"Khả tích đông viên thụ,",可惜東園樹，
"Linh vũ ký linh,",靈雨既零，
Lạc thủ vong dư.,樂首亡餘。
La nhân hoành điểu đạo,邏人橫鳥道，
Phương tri vương đạo hưu.,方知王道休。
"Vĩnh ngôn phối mệnh,",永言配命，
Tần Lăng thảo thụ thâm.,秦陵草樹深。
Khí tại khu trì xuất kim bạch.,氣在驅馳出金帛。
Hà tri thế kỷ xuân?,何知世幾春。
Thâm cung xuân sắc toả thuyền quyên.,深宮春色鎖嬋娟。
Giá lang cập tảo giá Tây Sơn.,嫁郎及早嫁西山。
Hưu hỹ! Mỹ hỹ!,休矣！美矣！
"Giang lưu uyển chuyển nhiễu phương điện,",江流宛轉繞芳甸，
Hoàn hoàn Vũ Vương.,桓桓武王。
Phiến khắc dĩ văn Ban trưởng hám:,片刻已聞班長喊，
Bạc tống ngã kỳ.,薄送我畿。
Khuyến nhân cô tửu vô xứ cô.,勸人沽酒無處沽。
"Phong thuỷ xuân lai Động Đình khoát,",風水春來洞庭闊，
Hậu xa bất giới chung đương bại.,後車不誡終當敗。
"Tái trì tái khu,",載馳載驅，
Thử tâm thuỳ dữ luân.,此心誰與論。
"Phi điểu diệt thời nghi cực mục,",飛鳥滅時宜極目，
Hữu chiêu ngã do ngao.,右招我由敖。
Ẩm lộng thuỷ trung nguyệt.,飲弄水中月。
Chung thân tâm tuý tạm hoàn tinh.,終身心醉暫還醒。
"Thoa lưu nhất cổ, hạp nhất phiến,",釵留一股合一扇，
"Vương sự đa nạn,",王事多難，
"Trung đường hữu tịch,",中唐有甓，
"Nam hữu kiều mộc,",南有喬木、
Đô nhân kiến giả hô vi phụ.,都人見者呼為父。
"Vọng chi di cao,",望之彌高，
Thiểu tại công môn đa tại thuỷ.,少在公門多在水。
Hoá vị mã lang phụ.,化為馬郎婦。
"Hán hữu du nữ,",漢有遊女、
"Lăng lệ trung nguyên,",凌厲中原，
Thích tội bất tru phong Triệu Thị.,釋罪不誅封趙氏。
"Kế chu bát đại tranh chiến bãi,",繼周八代爭戰罷，
"Sái tảo đình nội,",灑掃庭內，
Chung Nam hà hữu?,終南何有？
"Giác lai phủ ngưỡng thất thiên kiếp,",覺來俯仰失千劫，
"Thâm lâm nhân bất tri,",深林人不知，
"Tương linh trang thành chiếu Tương thuỷ,",湘靈妝成照湘水，
"Nhược nhân dục biện đích,",若人欲辨的，
Thái sư Hoàng Phủ:,太師皇父：
"Chỉ hữu mông mông ý,",只有蒙蒙意，
Triệt ngã cương thổ.,徹我疆土。
"Hạng Vương đài tiền lạc nhật hồng,",項王臺前落日紅，
Huệ thảo sinh nhân uân.,蕙草生氤氳。
"Phủ Lân kinh nhi tăng hy hề, nhận trung chính dĩ tự bội.",拊麟經而增欷兮，紉中正以自佩。
"Định vô tồn tuất không phòng bị,",定無存卹空防備。
"Nguyện vi hồ điệp mộng,",願為蝴蝶夢，
Giải phược khiên triền.,解縛牽纒。
Phong tiền điểm khách y.,風前點客衣。
"Độc thư bách thiên dư, như hà thức tự, độc cư thâm niệm, nhiệt thành nga sí thánh hiền đăng.",讀書百篇餘，如何識字，獨居深念，熱誠俄熾聖賢燈。
Phổ kê lục gia.,副笄六珈。
Chung cụ thả bần.,終窶且貧，
Khả dữ ngộ nghiên.,可與晤言。
Tuân Bá lạo chi.,郇伯勞之。
Cung cấp vương mã vương chi dân.,供給王馬王之民。
"Từ phương ký đồng,",徐方既同，
"Lâm kỳ huật,",臨其穴，
"Bất nhẫn biệt,",不忍別，
"Cao ca thủ tuý dục tự uỷ,",高歌取醉欲自慰，
"Đa tình thị phong điệp,",多情是蜂蝶，
"Xuân chủng nhất lạp túc,",春種一粒粟，
"Sĩ dữ nữ,",士與女，
"Dữ quân luận tâm ác quân thủ,",與君論心握君手，
"Xuất giáp hoàn sầu dạ viên cấp,",出峽還愁夜猿急，
Lâm hạ hữu thanh đài.,林下有青苔。
Phụ mẫu hà thường?,父母何嘗？
"Thụ Thiện đài tiền vân vụ khởi,",受禪臺前雲霧起，
Phần cổ duy dung.,賁鼓維鏞。
"Sơn Đông kiến tiết khai đại phủ,",山東建節開大府，
"Liễu lăng chức thành phí công tích,",繚綾織成費功績，
"Phong hoả danh viên soán hồ thố,",烽火名園竄狐兔，
"Phùng diêu lợi quyết,",馮珧利決，
Diệt ngã lập vương.,滅我立王。
Sinh tiểu bất tương thức.,生小不相識。
Điều cách trùng trùng.,鞗革沖沖。
Mẫn miễn uý khứ.,黽勉畏去。
Tri thị Trường An lộ.,知是長安路。
"Long lân tê giáp tương thố lạc,",龍鱗犀甲相錯落，
Uyển nhược du long.,婉若遊龍。
"Niệm thử sứ nhân quy cánh tảo,",念此使人歸更早，
"Trừ dữ tỉnh thần hoan yến ngoại,",除與省臣歡讌外，
Phong thanh tuyền thanh nhất ngung túc.,風聲泉聲一隅足。
"Tích du thúc quá ngũ thập tải,",昔游倏過五十載，
Mỹ ái tư sinh.,靡愛斯牲。
Dĩ thông cổ thương.,以通賈商。
"Nhật cư nguyệt chư,",日居月諸，
"Thê tử lưu ly, sĩ tốt tán vương.",妻子流離，士卒散亡。
Tiên nhạc phong phiêu xứ xứ văn.,仙樂風飄處處聞。
Sâm trầm do tự hàn.,森沉猶自寒。
Mãn viện dương hoa phi bất khởi.,滿院楊花飛不起。
Kim niên Bạch Đế tuyết tại địa.,今年白帝雪在地。
Ôn Tuyền thuỷ hoạt tẩy ngưng chi.,溫泉水滑洗凝脂。
"Toạ khán thương đài sắc,",坐看蒼苔色，
"Viễn thính giang thượng địch,",遠聽江上笛，
"Quân thần tương cố tận triêm y,",君臣相顧盡霑衣，
"Giáp tuyền thanh yến,",峽泉聲嚥，
"Dục thái thanh hoàng liên tử diệp,",欲採青黄蓮子葉，
"Công tốn thạc phu,",公孫碩膚、
Ngô Khê Lũng thuỷ thanh.,吳溪隴水清。
Thùy vị phất trần sàng ?,誰為拂塵床？
"Ái ái bạch nhật,",曖曖白日，
"La phách thuỳ tri nhập quân thủ,",羅帕誰知入君手，
"Bỉ Phần tứ nhu,",彼汾沮洳，
"- Tạo thiết vô cùng, tế bàn phi trách.",造設無窮，際蟠非窄。
"Khinh âm các tiểu vũ,",輕陰閣小雨，
"Mỹ mạnh Dực hĩ,",美孟弋矣。
Thụ ngôn tái chi.,受言載之。
Ngã hạnh trùng lai Ô viện cựu liêu tương biến phỏng,我幸重來烏院舊僚將遍訪
Thanh tiêu tuyệt khả liên.,清標絕可憐。
"Tế phế cam đường,",蔽芾甘棠，
"Liên lưu thị nhi nga dương,",連流視而娥揚，
Phỉ xa kiệt hề!,匪車偈兮。
Thuỳ dương thiên vạn bả.,垂楊千萬把。
Đột ngột gia sơn đoạ nhãn tiền.,突兀家山墮眼前。
"Trường An nguyệt,",長安月，
Bất năng nghệ đạo lương.,不能蓺稻粱。
"Nhất nhung đại định, hất thành vô cạnh chi công;",一戎大定，迄成無競之功；
Lại nhân kiệt dĩ điện an.,賴人傑以奠安。
Vạn cổ thê lương hữu di hận.,萬古悽涼有遺恨。
Thúc hốt yên tại?,儵忽焉在？
Trọng Sơn Phủ tương chi;,仲山甫將之；
Vĩnh tích tộ dận.,永錫祚胤。
Bất tỷ tục mã không đa nhục.,不比俗馬空多肉。
"Nguyệt minh tinh hy,",月明星稀，
"Tẩy lục hợp chi tinh chiên, đãng cung đình chi phân ế.",洗六合之腥羶，蕩宮庭之氛翳。
Minh nhật phân tán không ly sầu.,明日分散空離愁。
"Hoan thừa nặc nhất, giá trọng kim thiên.",歡承諾一，價重金千。
Vị khiển Tinh phi trấn lai khứ.,未遣星妃鎮來去。
"Hà sự trường Hoài thuỷ,",何事長淮水，
Nhã lượng cao chí.,雅量高志。
"Tượng sàng ngọc thủ loạn ân hồng,",象床玉手亂殷紅，
Nhất hoằng hải thuỷ bôi trung tả.,一泓海水杯中瀉。
Côn Luân thiên quan đống ưng chiết.,昆侖天關凍應折。
"Đề cô điếu nguyệt câu lan hạ,",啼蛄弔月鉤欄下，
Hồi loan giá nhi chu chương.,迴鸞駕而周章。
Lưỡng tâm nùng cánh mật như miên.,兩心濃更密如綿。
"An bộ hữu đa lạc,",安步有多樂，
Vạn lý thu thiên tập tục đồng.,萬里秋千習俗同。
Hựu văn:,又聞：
Hành địa vô cương.,行地無彊。
"Thân giao thử kiến tư,",親交此見思，
"Thoát thai căn cốt hạ bình sa,",脫胎根骨下平沙，
Thương nhăng chi thanh.,蒼蠅之聲。」
"Phiên phong chuyển nhật mộc nộ hào,",翻風轉日木怒號，
"Thính chi thế lệ thuỳ tối đa,",聽之涕淚誰最多，
Câu vô Thông Tử kế dư trần.,俱無通子繼餘塵。
Mang mang tứ hải tương an quy.,茫茫四海將安歸。
Dạ dạ hoàn tòng Lũng gian túc.,夜夜還從隴間宿。
Trướng vọng ngọc lang do vị quy.,悵望玉郎猶未歸。
Nhân phong táp đạp hề cửu hữu; nghĩa võ hiển hách hề tứ phương.,仁風馺沓兮九有；義武顯赫兮四方。
Quân bất kiến,君不見：
"Tịch tịch Lăng Già nguyệt,",寂寂棱伽月，
Vấn niên thập lục thượng vị giá.,問年十六尚未嫁。
Minh ngọc loan dĩ giai thệ.,鳴玉鑾以偕逝。
"Giới am bán gian khả dung tất,",芥庵半間可容膝，
"Đại nhân phát khoa,",大人發科，
Liên miên dịch thuộc vô hạ phùng.,連綿嶧屬無罅縫。
Thúc Đán bất gia.,叔旦不嘉。
Tái hạ ngưng vân đoạn bắc hoang.,塞下凝雲斷北荒。
Báo nhĩ tác giả thức.,報你作者識。
"Niệm thử thôn thanh ngưỡng tố thiên,",念此吞聲仰訴天，
"Gián quan hải đạo tục huỳnh quang,",間關海道續螢光，
Ninh tự kim hĩ.,寧自今矣。
Bất năng tuyền tế.,不能旋濟。
"Hùng tư vị thụ phục lịch ân,",雄姿未受伏櫪恩，
"Cổ đao dương thanh,",鼓刀揚聲，
"Huyện quan chẩn tế văn tự lai,",縣官賑濟文字來，
Phóng thiếp kỵ ngư phiết ba khứ.,放妾騎魚撇波去。
"Công viết tả chi,",公曰：「左之！」
"Thiên tàng tựu Kỳ,",遷藏就岐，
"Trung gian quang cảnh một đa thì,",中間光景沒多時，
Di hận dĩ thâm thanh cánh khổ.,遺恨已深聲更苦。
"Lương Nguyên hương tỉnh bất đắc kiến,",涼原鄉井不得見，
Nhất dạ sa trường quỷ hoả đa.,一夜沙場鬼火多。
Đa ngôn vật kết.,多言勿結。
"Chí ai hề thị đảo,",志哀兮是禱，
"Vạn sự thương hoàng tại nam độ,",萬事倉皇在南渡，
"Cửu khách văn chi lệ dục can,",久客聞之淚欲干，
Kỷ kiến doanh khuy lệ triêm ức.,幾見盈虧淚沾臆。
Quái nhi vấn dư viết:,怪而問余曰：
"Tả ỷ thái mao,",左倚采旄，
Ô hô!,於戲！
"Tiên nga kim hạ giá,",仙娥今下嫁，
Ngã hữu bút như đao.,我有筆如刀。
Hầu thị yến tư.,侯氏燕胥。
Sầu vân thê thê phong táp táp.,愁雲淒淒風颯颯。
Hàn quang ánh cốt thuỵ ly mục.,寒光映骨睡驪目。
Huống nãi liên niên điền câu ứ.,況乃連年填溝淤。
Kê khuyển dao cách vân trung văn.,雞犬遙隔雲中聞。
Thâu trung hiếu bất toàn.,輸忠孝不全。
"Kính cung minh thần,",敬恭明神，
Phi phi phong điệp đa.,飛飛蜂蝶多。
Sơn xuyên dĩ chi cải quan.,山川以之改觀。
"Ái nhi bất kiến,",愛而不見，
"Hư danh đãn mông hàn ôn vấn,",虛名但蒙寒溫問，
Vạn lý tuỳ thân duy lưỡng tất.,萬里隨身惟兩膝。
"Bế môn toạ huyệt nhất thiền tháp,",閉門坐穴一禪榻，
Tư nhữ Ân Thương.,咨女殷商。
Tam xuân hành lạc tại thuỳ biên.,三春行樂在誰邊。
Uý tử bất cảm.,畏子不敢。
"Văn nhân chi ác,",聞人之惡，
"Lục niên tam kiến nhữ,",六年三見汝，
"Đế đắc thánh tướng, tướng viết Độ,",帝得聖相相曰度，
Đế vị Văn Vương:,帝謂文王：
"Đoạt ngã chi ái hạnh,",奪我之愛幸，
"Thả: “Phù thiên địa vi lô, tạo hoá vi công; âm dương vi thán, vạn vật vi đồng, hợp tán tiêu tức, an hữu thường tắc? Thiên biến vạn hoá, vị thuỷ hữu cực. Hốt nhiên vi nhân, hà túc khống tuy; hoá vi dị vật, hựu hà túc hoạn. Tiểu trí tự tư, tiện bỉ quý ngã; đạt nhân đại quan, vật vô bất khả. Tham phu tuẫn tài, liệt sĩ tuẫn danh; khoa giả tử quyền, phẩm thứ mỗi sinh. Truật bách chi đồ, hoặc xu tây đông; đại nhân bất khúc, ý biến tề đồng. Ngu sĩ hệ tục, thời nhược tù câu; chí nhân di vật, độc dữ đạo câu. Chúng nhân hoặc hoặc, hiếu ác tích ý; chân nhân điềm mạc, độc dữ đạo tức. Thích trí di hình, siêu nhiên tự táng; liêu khoác hốt hoang, dữ đạo cao tường. Thừa lưu tắc thệ, đắc khảm tắc chỉ; tung khu uỷ mệnh, bất tư dữ kỷ. Kỳ sinh hề nhược phù, kỳ tử hề nhược hưu. Đạm hô nhược thâm uyên chi tĩnh, phiếm hô nhược bất hệ chi chu. Bất dĩ sinh cố tự bảo, dưỡng không nhi phù. Đức nhân vô luỹ, tri mệnh bất ưu. Tế cố đế giới, hà túc dĩ nghi.”",且：「夫天地為鑪，造化為工；陰陽為炭，萬物為銅，合散消息，安有常則？千變萬化，未始有極。忽然為人，何足控揣；化為異物，又何足患！小智自私，賤彼貴我；達人大觀，物無不可。貪夫徇財，列士徇名；夸者死權，品庶每生。怵迫之徒，或趨西東；大人不曲，意變齊同。愚士繫俗，時若囚拘；至人遺物，獨與道俱。衆人惑惑，好惡積意；真人恬漠，獨與道息。釋智遺形，超然自喪；寥廓忽荒，與道翱翔。乘流則逝，得坎則止；縱軀委命，不私與己。其生兮若浮，其死兮若休。澹虖若深淵之靚，氾虖若不繫之舟。不以生故自保，養空而浮。德人無累，知命不憂。細故蔕芥，何足以疑！」
"Giá ngôn xuất du,",駕言出遊，
Cung môn chưởng sự báo nhất canh.,宮門掌事報一更。
Tiểu hồng trấp trấp tranh xuân hoa.,小紅濈濈爭春華。
"Biên đình phiêu dao na khả độ,",邊庭飄颻那可度，
"Quý thích quyền môn đắc bút tích,",貴戚權門得筆跡，
"Lưu hoàng cơ thượng uyên ương cẩm,",流黃機上鴛鴦錦，
Dạ bán vô nhân tư ngữ thì:,夜半無人私語時。
"Giang hữu Đà,",江有沱，
Phùng thiên đản nộ.,逢天僤怒。
"Hồng nhạn trường phi quang bất độ,",鴻雁長飛光不度，
Ủng tuệ chiết tiết vô hiềm sai.,擁篲折節無嫌猜。
Do lai bán thị chinh phu cốt.,由來半是征夫骨。
Ô lạc Bích Ung.,於樂辟癰。
Hạt chí tê?,曷至哉？
Bính nhậm nho thuật sùng Khâu Kha.,柄任儒術崇丘軻。
Vãng sự thê lương tổng như mộng.,往事淒涼總如夢。
"Vật thực ác nhục,",勿食惡肉，
"Như tài nhất điều tố,",如裁一條素，
"Thúc tại tẩu,",叔在藪，
Cao hoàn lập cộng đào hoàn tề.,高鬟立共桃鬟齊。
"Tố hồi tùng chi,",溯洄從之，
Hà vị hoài ưu tâm phiền uyển?,何為懷懮心煩惋？
"Nhân toạ thanh lâu vãn,",人坐青樓晚，
Hán chế Hung Nô không nhĩ vi.,漢制匈奴空爾為。
"Mãn không tinh hà quang phá toái,",滿空星河光破碎，
Lang diệc hoại nhân tâm.,郎亦壞人心。
"Xích huyện quan tào ủng tài kiệt,",赤縣官曹擁才傑，
"Giám quan tứ phương,",監觀四方，
"Hán gia xứ xứ cách đấu tử,",漢家處處格鬥死，
"Tiều khách sơ truyền Hán tính danh,",樵客初傳漢姓名，
Tam Hoàng chi hậu phi kỳ thì.,三皇之後非其時。
Hất khả tiểu khái.,汔可小愒。
"Tích thệ tuỳ bỉ Phan An Nhân,",惜逝隨彼潘安人，
"Tham thắng quyện khước vong,",貪勝倦卻忘，
"Cao dương chi phùng,",羔羊之縫，
"Vấn xuân xuân bất ngữ,",問春春不語，
Lương Châu Hồ nhân vị ngã xuy.,涼州胡人為我吹。
"Tri cương, nhu, biến, thông.",知剛，柔，變，通。
"Hữu như Thiệu công,",有如召公，
Hà thời khả chuyết?,何時可輟？
"Vu dĩ tứ phương,",于以四方，
"Bành Thành lão thủ hà túc cố,",彭城老守何足顧，
Thu thiên xúc cúc phân bằng tào.,秋千蹴鞠分朋曹。
Mệnh vô hạ bái.,命無下拜。
Hạ dân tốt đản.,下民卒癉。
Tích cảnh ai đề song tử yến.,惜景哀啼雙紫燕。
Tử tôn vĩnh lạc tây nam ngu.,子孫永落西南隅。
Tự vọng khinh nhân.,自妄輕人。
Cung đình dã thảo xuân.,宮廷野草春。
Thể lộ kim phong.,體露金風。
"Đương hiên đối tôn tửu,",當軒對樽酒，
Phương Trúc lỵ chỉ.,方叔蒞止，
Trí giả đạt quan nhàn nhi dĩ.,智者達官閑而已。
Vô vi khoa tỳ.,無爲夸毗。
Giai tiền sầu sát táng hoa nhân.,階前愁煞葬花人，
"Si nhi bất tri phụ tử lễ,",痴兒不知父子禮，
"Tỷ muội tương huề tâm chính khổ,",姊妹相攜心正苦，
Tôn tộc bất hoà.,宗族不和。
Bất như cao ngoạ thả gia xan.,不如高臥且加餐。
Xuân tòng xuân du dạ chuyên dạ.,春從春遊夜專夜。
"Nhĩ xuyên, diện phá, khu nhập Tần,",耳穿面破驅入秦。
Dương liễu y y.,楊柳依依。
"Kịp hồ ngô sinh hà phiêu linh,",洎乎吾生何飄零，
Dĩ ngã đồng quản.,貽我彤管。
"Miên miên cát luỹ,",綿綿葛藟，
"Tương phùng hoa mãn thiên,",相逢花滿天，
"Thanh đăng chiếu bích nhân sơ thuỵ,",青燈照壁人初睡，
"Bạch vân du du khứ bất phản,",白雲悠悠去不返，
Cô thao ái kết tuyền thạch minh.,孤操愛結泉石盟。
Vạn bang tác phu.,萬邦作孚。
Mạc Sầu tại hà xứ?,莫愁在何處，
"Phu phụ nhẫn chi,",夫婦忍之，
Minh diệt sơ đăng chiếu cô chẩm.,明滅疎燈照孤枕。
Lao tâm đao đao.,勞心忉忉。
Tỷ dã khả vong.,俾也可忘。
Phú nhi vô kiêu.,富而無驕。
"Khai liêm kiến tân nguyệt,",開簾見新月，
"Vạn Hạnh dung tam tế,",萬行融三際，
Hương Phong chủ nhân trập ngô mã.,香峰主人縶吾馬。
Phú quý hà như thảo đầu lộ!,富貴何如草頭露？
Dĩ thụ phương quốc.,以受方國。
"Kính chi kính chi,",敬之敬之，
"Mẫn thời vạn tượng vô ngân tích,",泯時萬象無痕跡，
"Ô hô! Tam ca hề, ca tam phát,",嗚呼！三歌兮歌三發，
Toạ chiếm bạch âu sa.,坐占白鷗沙。
"Thâm tắc lệ,",深則厲，
Bút thế bàng phất “Ly tao kinh”.,筆勢彷彿《離騷經》。
"Dĩ văn phiêu kỵ viên binh chí,",已聞驃騎援兵至，
"Tiền thân hợp thị thái liên nhân,",前身合是採蓮人，
"Khổng Tử sở thán,",孔子所歎，
Thuỳ chi vĩnh hào?,誰之永號。
"Lý đế vũ mẫn hâm,",履帝武敏歆，
Đế vị Văn Vương:,帝謂文王：
"Vấn thuỷ thương thương,",汶水湯湯，
"Đắc phi dao hoàn liên bất khai,",得非瑤環連不開，
"Năng lai dạ thoại bất,",能來夜話吥，
Hoành hành Âm Sơn trắc.,橫行陰山側。
"Mỗi hữu lương bằng,",每有良朋，
Đồng quản hữu vĩ.,彤管有煒。
"Đốc Công Lưu,",篤公劉，
Dã tẩu vị ngôn:,野叟為言：
"Chiến sĩ quân tiền bán tử sinh,",戰士軍前半死生，
Minh nguyệt tuy đồng phi cố sơn.,明月雖同非故山。
Toạ sử nhi nữ tương bi lân.,坐使兒女相悲憐。
Nhan sắc nhược phấn nhũ.,顏色若粉乳。
Ngọc Môn trường đoạn phùng thu sắc.,玉門腸斷逢秋色。
"Quy lai nhất nhật quan dĩ ty,",歸來一日官已卑，
"Ký nhập vu Tạ,",既入于謝，
Tự ngã nhân cứu cứu.,自我人究究。
"Văn chương hỷ dĩ quái tự ngu,",文章喜以怪自娛，
Phong tuyết dạ quy nhân.,風雪夜歸人。
"Nhai đông nhai tây giảng Phật kinh,",街東街西講佛經，
Tri quân cựu thì hảo.,知君舊時好。
Quả hà thương hề phong vũ.,果何傷兮風雨。
Nhất lộ lạc tùng hoa.,一路落松花。
Vương toản chi sự.,王纘之事。
"Y kỳ tương hước,",伊其將謔，
Chung nhật tư quân bất như tử.,終日思君不如死。
"Dư hữu nghi hồ tuyết nguyệt hề, hoán dư giả nhi tư tuân.",予有疑乎雪月兮，喚輿者而咨詢。
Hoạ cập trì ngư.,禍及池魚。
Nhất nghệ thiên hoa khởi bệnh cung.,一乂天花起病躬。
"Thạc thử, thạc thử!",碩鼠、碩鼠，
Cao sơn chi ngoại giai bồi lũ.,高山之外皆培塿。
"Anh hùng tam bách bối,",英雄三百輩，
Nạp y trì bát viện môn tiền.,衲衣持鉢院門前。
"Lộng cao mạc tiễn thuỷ,",弄篙莫濺水，
Lộ vu hạ.,鷺于下。
"Cầu chi bất đắc,",求之不得、
"Thí khán xuân tàn hoa tiệm lạc,",試看春殘花漸落，
Hàn ca Ninh Thích ngưu,寒歌甯戚牛。
"Ư thị việt bắc chỉ,",於是越北沚，
"Vu thì ngôn ngôn,",于時言言，
Khởi văn nhất quyên trị vạn tiền.,豈聞一絹直萬錢，
"Địch địch trúc can,",籊籊竹竿，
Sở vương đài tạ không sơn khâu.,楚王臺榭空山丘。
"Linh linh thất huyền thượng,",泠泠七絃上，
"Sinh ý nghi tòng ổn xứ cầu,",生意宜從穩處求，
"Dị chi dĩ bách lưỡng,",易之以百兩，
"Văn đạo Ly sơn hạ,",聞道驪山下，
"Hoá vi hoàng hùng,",化為黃熊，
Tài tử tư thân hốt thành tật.,才子思親忽成疾。
"Ta nhĩ ban nô diệc hà khổ,",嗟爾斑奴亦何苦！
Ngã tâm tắc hàng.,我心則降。
"Điền gia dĩ khổ nãi vi lạc,",田家以苦乃為樂，
"Thu khí thảm dĩ thê lệ hề,",秋氣憯以淒淚兮，
"Dạ ẩm triêu miên hoan bất túc,",夜飲朝眠歡不足，
"Hạnh đắc ngô thân nguyên khí chính,",幸得吾身元氣正，
"Thử trung minh muội thất trú dạ,",此中冥昧失晝夜，
Đại địa sơn hà sơ dẫn bộ.,大地山河初引步。
Ân cần cánh hướng thủ trung xuy.,殷勤更向手中吹。
"Nam sơn hữu khảo,",南山有栲，
"Nhất thuyền minh nguyệt nhất can trúc,",一船明月一竿竹，
Hoán thủ túc xúc phó sảnh đường.,喚取蹙促赴廳堂。
Duy kỳ thâm hĩ.,維其深矣。
"Vương sự đa nạn,",王事多難，
"Truyền lai tiêu tức mãn giang hương,",傳來消息滿江鄉，
"Tứ giới tiêu tiêu,",駟介麃麃。
"Lôi đình sạ kinh, cung xa quá dã,",雷霆乍驚、宮車過也、
"Dĩ năng thư quyển nhậm phù vân,",已能舒卷任浮雲，
"Lương Châu thất lý thập vạn gia,",涼州七里十萬家，
Thì duy ưng dương.,時維鷹揚；
"Ngã tạ Giang thần khởi đắc dĩ,",我謝江神豈得已，
Đàm tiếu mịch phong hầu.,談笑覓封侯。
Lư lão độc khởi thanh đồng toả.,盧老獨啟青銅鎖。
"Tra phù sách dẫn, điểu đạo thố khanh.",槎浮索引，鳥道兔坑。
"Giang Hán chi hử,",江漢之滸，
Đào hoa am lý đào hoa tiên.,桃花庵裏桃花仙。
"Kim nhật vị quân,",今日為君，
Khốc tự Tân Đình đối khấp nhi.,酷似新亭對泣兒。
Thành nam tư phụ sầu đa mộng.,城南思婦愁多夢。
Kim khuê biệt cựu liêu.,金閨別舊僚。
Mấn mao hốt dĩ thương ban.,鬢髦忽已蒼班。
"Hứa tương thích lý không hầu kỹ,",許將戚里箜篌伎，
Trung tâm điết hề!,中心怛兮。
Hốt kiến kỳ lân xuất đông bích.,欻見騏驎出東壁。
Tây lăng tùng bách hạ.,西陵松柏下。
"Yên, Dĩnh thành trung lai hà vi?",鄢郢城中來何為。
Điến hạp kim thoa ký tương khứ.,鈿合金釵寄將去。
"Hữu thì nhất phong thừa nhất ốc,",有時一峰承一屋，
"Nhất trác bách hồi cố,",一啄百回顧，
Ký cức chỉ thư.,既亟只且！
Linh hồn hà y?,靈魂何依
"Đại huyền tào tào như cấp vũ,",大弦嘈嘈如急雨，
Giang hoa vị tận hội giang lâu.,江花未盡會江樓。
"Đại quan liệt toạ hạ nhất lang,",大官列坐下一郎，
"Khải ngã ngộ thán,",愾我寤嘆，
"Giải cấu tương ngộ,",邂逅相遇，
Di quá tụ biên lai.,移過袖邊來。
"Yểu điệu thục nữ,",窈窕淑女、
Hoan nghinh kim tuế đa.,歡迎今歲多。
Gia tu nông sự quy.,家須農事歸。
Mạc hiềm một tư vị.,莫嫌沒滋味。
Ngã diệc thiện chi.,我亦善之。
"Kỳ lân đồ hoạ hồng nhạn hàng,",麒麟圖畫鴻雁行，
Dạ văn mã tê hiểu vô tích.,夜聞馬嘶曉無跡。
"Độ thuỷ phục độ thuỷ,",渡水復渡水，
"Đồ liễu hủ chỉ,",荼蓼朽止，
"Ngã gia bản trú tại Hàn Sơn,",我家本住在寒山，
Hình mô kiên phác; khí lượng khôi hồng.,形模堅朴；器量恢洪。
Duy Chu chi trinh.,維周之禎。
Hốt hữu nhân yên:,忽有人焉：
Thiềm đầu tác tác tảo xa minh.,檐頭索索繰車鳴。
"Ngân an kim lạc đáo bình địa,",銀鞍金絡倒平地，
Phong liễm hoa hồn do giác quyện.,風斂花魂猶覺倦。
"Hữu thố tư thủ,",有兔斯首，
"Sài môn văn khuyển phệ,",柴門聞犬吠，
Tam thiên trượng thuý phi.,三千丈翠飛。
Hoa biện bạc ngư y.,花瓣泊魚衣。
"Nhược quá hồ biên định tương kiến,",若過湖邊定相見，
"Cẩm hoảng cao khiên hương vụ nùng,",錦幌高褰香霧濃，
"Đản chí chi hàn băng,",诞寘之寒冰，
Giang sơn phục triệu ngã dĩ yên cảnh.,江山復召我以煙景。
"Phi kỷ chi sắc,",非己之色，
"Hí bãi tằng vô lý khúc thì,",戲罷曾無理曲時，
"Ngoại giang Tam Giáp thả tương tiếp,",外江三峽且相接，
Lương trần tĩnh bất phi.,梁塵靜不飛。
Hà dĩ dật ngã?,假以溢我，
Để sự vũ phân phân.,底事雨紛紛。
Thuận đế chi tắc.,順帝之則。
"Dĩ tiểu nhân tâm,",以小人心，
Quy ngạn Vệ hầu.,歸唁衛侯。
Đỗ quyên khẩu huyết lão phu lệ.,杜鵑口血老夫淚。
Kế tự tư bất vong.,繼序思不忘。
Ư nhữ tín xử.,於女信處。
"Duy Liêu Lê Quang Bí hà nhân, chỉ nam hoàn tố nguyện.",惟僚黎光賁何人，指南完素願。
"Cố lí chỉ cức tung phục hoành,",故里枳棘縱復橫，
"Cửu khách đa uổng hữu bằng thư,",久客多枉友朋書，
"Tinh tinh giả nga,",菁菁者莪，
Chỉ khiếm lộc thỉ lai tương thân.,只欠鹿豕來相親。
"Duy thanh tập hy,",維清緝熙，
"Sái tảo khung trất,",洒掃穹窒、
Ẩm tửu chi ứ.,飲酒之飫。
Trung tiêu khởi toạ tồn Hoàng đình.,中宵起坐存黃庭。
"Đà cổ bồng bồng,",鼉鼓逢逢，
Liên doanh phong hoả thông Cam Tuyền.,連營烽火通甘泉。
Hoạ các thâu khuy lão binh nộ.,畫閣偷窺老兵怒。
Tùng công vu thủ.,從公于狩。
"Nhất triêu đại hạn hữu thì chí,",一朝大限有時至，
Tảo tác thừa tướng đông sơn khởi.,早作丞相東山起。
Hồng hà lạc hề bạch vân phi.,紅霞落兮白雲飛。
Thích thảng quyền kỳ nan cụ luân.,倜儻權奇難具論。
Tài phùng diệt tận châm tuyến tích.,裁縫滅盡針線蹟。
Đằng Vương giáp điệp Giang Đô mã.,滕王蛺蝶江都馬。
"Sử thiên hạ chi nhân bất cảm ngôn nhi cảm nộ,",使天下之人不敢言而敢怒、
Kim nhật kỷ hoa khai?,今日幾花開？
Tạc thị kim thị tri giả kỳ thiên.,昨是今是知者其天。
Tình vân bố loạn điệp.,晴雲布亂蝶。
"Hà tiết yểm hốt, đề túc sái huyết?",何節奄忽，啼足灑血？
Khứ trú bỉ thử vô tiêu tức.,去住彼此無消息。
Chí thử khoái tâm lữ.,至此快心膂。
Phần hương điện tử yêu bách tường.,焚香奠醑邀百祥。
Tương yêu cộng tuý bôi trung lục.,相邀共醉杯中綠。
Gia trú Ngũ Hồ quy khứ lai.,家住五湖歸去來。
Cảnh cảnh bất mỵ.,耿耿不寐，
"Nam Trọng thái tổ,",南仲太祖，
Dĩ mạc bất thứ.,以莫不庶。
"Phân nhiên dục độn vô song sí,",紛然欲遁無雙翅，
Sương tín dao tương cô nhạn ảnh.,霜信遙將孤鴈影。
Vị chi hà ti?,謂之何哉。
Lộ đính sái tùng phong.,露嵿洒松風。
Bạc mộ ngư tiều thừa thuỷ nhập.,薄暮漁樵乘水入。
Hốc hách thử uy kiêu.,熇赫暑威驕。
Hà đắc vấn Khiên Ngưu?,何得問牽牛。
"Phát phẫn vong thực, mỗi nghiên đàm thao lược chi thư,",發憤忘食，每研覃韜略之書，
"Thượng giới chân nhân hảo thanh tịnh,",上界真人好清凈，
"Quần sinh hề nhuận trạch,",群生兮潤澤，
"Tạc nhật hoa tốc tốc,",昨日花簌簌，
"Ngô quan Đoài, Cấn,",吾觀兌艮，
"Ngã hữu gia tân,",我有嘉賓，
Đầu nhập cự táo viêm viêm nhiệt.,投入巨灶炎炎熱。
"Hoàng điểu hoàng điểu quy thực trường,",黃鳥黃鳥歸食長，
Phúc lộc lai hạ.,福祿来下。
Tuyết lạc phân phân na nhẫn xúc.,雪落紛紛哪忍觸。
Mã tê hoa loạn phi.,馬嘶花亂飛。
"Ỷ tịch xuân miên giác,",綺席春眠覺，
"Dữ quân chu toàn,",與君周旋，
"Chưng sa luyện thạch nhiên lỗ vân,",蒸沙煉石燃虜雲，
Khẳng sổ Nghiệp Hạ hoàng tu nhi.,肯數鄴下黃須兒。
"Thi tửu cầm kỳ khách,",詩酒琴棋客，
Chỉnh đốn câu thăng đãi thời vũ.,整頓溝塍待時雨。
Lâm hạ hữu hách.,臨下有赫。
Thúc hốt bắc tồ.,倏忽北徂。
Khách đa lạc hàm bỉnh chúc du.,客多樂酣秉燭遊。
"Hoàn lý thiên hạ,",環理天下，
Hồng nhị phát thanh điều.,紅蕊發青條。
Hà xứ thu phong chí?,何處秋風至，
Ngột ngột đằng đằng tự độ nhật.,兀兀騰騰自度日。
Lệnh vấn bất dĩ;,令聞不已；
"Tiền hữu dung ám quân,",前有庸暗君，
"Tân đình thu nguyệt dạ,",津亭秋月夜，
Tại Tuấn chi đô.,在浚之都。
"Thu lai sơn vũ đa,",秋來山雨多，
"Thuần chi bân bân,",鶉之奔奔。
Bất năng sử lang hưu tác khách.,不能使郎休作客。
Thu nguyệt hàn thuỷ.,秋月寒水。
"Tịch dương sạ minh phong diệc chuyển,",夕陽乍明風亦轉，
"Chí sĩ u nhân mạc oán ta,",志士幽人莫怨嗟，
"Nhật mộ thương sơn viễn,",日暮蒼山遠，
"Bách đài sương uy hàn bức nhân,",柏台霜威寒逼人，
Sư can chi thí.,師幹之試，
"Ức đắc khứ niên xuân phong chí,",憶得去年春風至，
"Thuỷ bất thuỳ sí,",始不垂翅，
Thoát thân mạo tử bôn đào quy.,脫身冒死奔逃歸。
"Hốt yên sơn đê thụ thuý, loan hồi thuỷ mị.",忽焉山低樹翠，灣迴水媚。
"Cung vũ chi phục,",共武之服，
Xuy tiêu ức cựu du.,吹簫憶舊遊。
"Môn ngoại manh thanh hốt đỉnh phất,",門外甿聲忽鼎沸，
"Thuỷ bích sơn minh Ngô Hạ xuân,",水碧山明吳下春，
Khinh âu phiêu mạt tùng xạ huân.,輕漚漂沫松麝薰。
"Đích dung dữ dĩ y mỹ hề,",的容與以猗靡兮，
Thiên Sơn dĩ bao thiên.,天山已包天。
"Tự quân chi xuất hỹ,",自君之出矣，
"Tứ hầu như thụ,",四鍭如樹，
"Thái chu tiên minh tứ song tịch,",彩舟鮮明四窗辟，
"Huống phục tàn nguyệt hiểu,",況復殘月曉，
"Vãn lai thiên dục tuyết,",晚來天欲雪，
Tháp thượng đình tiền ngật tương hướng.,榻上庭前屹相向。
"Mã Ngôi pha hạ Dương Thái Chân,",馬嵬坡下楊太真，
"Nang phong sơ thướng cửu trùng quan,",囊封初上九重關，
"Tất suất tại đường,",蟋蟀在堂，
"Giang thượng vãng lai nhân,",江上往來人，
"Viễn tàm Tây Tử, cận quý Vương Tường.",遠慚西子，近愧王嬙。
"Vạn trượng hồng tuyền lạc,",萬丈紅泉落，
"Đông lân cao lâu xuy ngọc sinh,",東鄰高樓吹玉笙，
"Hà Nghệ chi xạ cách,",何羿之射革，
Đỗ quyên thanh xứ lạc hoa hồng.,杜鵑聲處落花紅。
Xuế y như thảm.,毳衣如菼。
"Thế gian vô vật khả tỷ huống,",世間無物可比況，
"Tật phong tri kình thảo,",疾風知勁草，
Tượng chi sế dã.,象之揥也，
"“Thử Trùng Hưng nhị thánh cầm Ô Mã Nhi chi chiến địa,",此重興二聖擒烏馬兒之戰地，
Triệt phi huỷ các như phong tảo.,撤扉毀閣如風掃。
"Khổ Huyền Quang hoà thượng cốt lập,",苦縣光和尚骨立，
Sầu tuyệt cánh thuỳ luân.,愁絕更誰論。
Sơn hà thiên cổ điện kim âu.,山河千古奠金甌。
"Ân chi vị táng sự,",殷之未喪師，
Khỉ vô tha nhân?,豈無他人？
Tiên khán tử tôn.,先看子孫。
Phù hà chi hề đương chi?,夫何之兮當之？
"Tự quân chi xuất hỹ,",自君之出矣，
Nguyệt xuất bạch viên đề.,月出白猿啼。
Nhân bách kỳ thân.,人百其身。
Ngã vô lệnh nhân.,我無令人。
"Thanh ảnh di mai chí,",清影移梅至，
Vô tư bất phục.,無思不服。
Lão lai hà đại tiệp.,老來何大捷。
Huyền Phố tầm hà tri hữu vô.,懸圃尋河知有無。
Cập thử tân quá vũ.,及此新過雨。
Tùng từ nhất thốc.,叢祠一簇。
Ngẫu phùng giai sĩ diệc tả chân.,偶逢佳士亦寫真。
Hồ binh dĩ phạm Lương Châu thành.,胡兵已犯涼州城。
Chi chi mãn lệ ngân.,枝枝滿淚痕。
"Thể càn khôn chi phúc tái, dữ vạn vật nhi vi xuân.",体乾坤之覆載，與萬物而為春。
"Lang trí kỳ vĩ,",狼疐其尾、
"Quy chu dạ vị bạc,",歸舟夜未泊，
"Thức át khấu ngược,",式遏寇虐，
Hồ nhiên nhi Thiên dã?,胡然而天也？
"Thiếu niên ỷ khí cuồng bất ky,",少年倚氣狂不羈，
"Cân phất hương dư đảo dược trần,",巾拂香餘擣葯塵，
Bất lưu thúc sở.,不流束楚。
Nhân gia dữ điếu ky.,人家與釣磯。
"Bất tri ngã giả,",不知我者，
Ký nãi:,既乃：
Hữu cốt dĩ đoá tuỷ xuân thông.,有骨已剁觜春蔥。
Tặc tù thụ thủ tất bình trị.,賊酋授首悉平治。
"Tự hữu sơn tuyền nhập,",自有山泉入，
Phát phu cộng thụ nhật quang hoa.,髮膚共受日光華。
"Bán tỉnh bán tuý nhật phục nhật,",半醒半醉日復日，
"Bất nhĩ địa mạch cống nhuận hợp tác Thiên Sơn tùng,",不爾地脈貢潤合作天山松，
"Mạc sầu phụ mẫu thiểu hoàng kim,",莫愁父母少黃金，
"Ấm hàm bão ủng ngoạ thuyền đầu,",飲酣抱瓮臥船頭，
"Thê tung hồ quỳnh chi chi thượng, tức ảnh ư châu liêm chi tiền.",棲蹤乎瓊枝之上，息影於珠簾之前。
Hựu an kế đương thế hậu thế chi thị phi xứng hành.,又安計當世後世之是非稱衡，
Kỵ phù:,暨夫：
Ngũ Lăng giai khí vô thời vô.,五陵佳氣無時無。
"Quan thái hư hề tượng mang mang,",觀太虛兮象茫茫，
"Trang thành ngưng hiểu toạ,",粧成凝曉坐，
"Thang xuất Trùng tuyền,",湯出重泉，
"Tinh cung chi quân tuý quỳnh tương,",星宮之君醉瓊漿，
"Cao tình lâm sảng nguyệt,",高情臨爽月，
Sơn hữu bao lạc.,山有苞櫟，
Thi thư thị bảo.,詩書是寶。
"Tự tây tự đông,",自西自東，
"Viên chỉnh kỳ lữ,",爰整其旅，
Vô độc tư uý.,無独斯畏。
"Diêu tri nhị nguyệt xuân giang khoát,",遙知二月春江闊，
Thặng trữ nhị mạch nhiêu ty miên.,剩貯二麥饒絲綿。
Nhị tam kỳ đức.,二三其德。
Án đầu can tử độc thư huỳnh.,案頭干死讀書螢。
"Vi sân Vương lục sự,",為嗔王錄事，
"Vô ố tiểu nhân,",無惡小人，
"Vương lữ than than,",王旅嘽嘽，
"Nhật nhật nhân không lão,",日日人空老，
Nhược hoa hà quang?,若華何光？
"Thướng sơn thái vi,",上山採薇，
"Ba Lăng vô hạn tửu,",巴陵无限酒，
Tận nhật ni nam nhân vị tri.,盡日呢喃人未知。
"Ức tích Phạm Tăng toái ngọc đẩu,",憶昔範增碎玉斗，
"Ấu nhi cần học,",幼而勤學，
"Mãi thủ Ngô oa tam nhật tửu,",買取吳娃三日酒，
Kim phong lão hoả tiêu.,金風老火消。
Hành nhân khứ bất tức.,行人去不息。
Y!,噫！
Biển chu xuất cô bồ.,扁舟出孤蒲。
"Nam Điều, Bắc Điều đẳng nhàn nhĩ,",南條北條等閑耳，
"Ngẫu xúc mục nhi thương tâm, giác lâm phong nhi hậu nhan.",偶觸目而傷心，覺臨風而厚顔。
"Việt nhân đáo thử xứ,",越人到此處，
Nhật xuất vân trung kê khuyển huyên.,日出雲中雞犬喧。
"Trạc trạc phù dung sinh ngọc chiểu,",濯濯芙蓉生玉沼，
Trướng biệt thử hà thì.,悵別此何時。
Hữu thần Cửu Linh.,有臣九齡。
Nguyện ngôn tắc hoài.,愿言則懷。
"Tư vô dịch,",思無斁，
"Cốt nhục vi nê hề, suy thảo hào lương.",骨肉為泥兮，衰草濠梁。
"Trăn lâm uất thịnh, ba hoa phúc cái.",榛林鬱盛，葩華覆蓋。
"Sát tể phu chi nhi hùng hề, tòng đài thượng dĩ đạn nhân.",殺宰夫之胹熊兮，從臺上以彈人。
"Kỳ phong tứ hảo,",其風肆好，
"Dĩ nhược chế cường, hoặc công nhân chi bất bị;",以弱制彊，或攻人之不備；
"Bạch phát tam thiên trượng,",白髮三千丈，
"Đáo để nhất trần hoàn bất nhiễm,",到底一塵還不染，
"Cận thụ thâm ư nhiễm,",近樹深於染，
"Ngẫu vu trần ngoại chẩn, phổ cực hoàn trung thú.",偶迂塵外軫，溥極寰中趣。
"Vị thuỷ uy di bạch nhật tịnh,",渭水逶迤白日淨，
Nghiêm sương điêu bách thảo.,嚴霜雕百草。
"Kỷ cá nạp tăng,",幾個衲僧，
"Bất lộ văn chương thế dĩ kinh,",不露文章世已驚，
Phục ngã giang san tồn ngã thống.,復我江山存我統。
Tư thân ngôn quy tâm diêu diêu.,思親言歸心搖搖。
Thì đăng cổ thành thượng.,時登古城上。
Nhất tiển vạn cổ phàm mã không.,一洗萬古凡馬空。
Dục dĩ phi bạc minh kỳ trung.,欲以菲薄明其衷。
Quân hữu trường tài bất bần tiện.,君有長才不貧賤。
Uyên Minh Nghĩa Hy thư giáp tý.,淵明義熙書甲子。
"Cực mục giang thiên viễn,",極目江天遠，
"Trường An thu vũ thập nhật nê,",長安秋雨十日泥，
"Tiên nhân chúc thụ chá yên khinh,",仙人燭樹蜡煙輕，
Hạ thử lê thứ giao khả bi.,下此黎庶教可悲。
Hiệu liệp diệc tự quan thành công.,校獵亦似觀成功。
"Tấn Dương thành ngoại thao thao thuỷ,",晉陽城外滔滔水，
Viên phương khải hành.,爰方啟行。
Tây Nhung dĩ kết binh.,西戎已結兵。
Đồng thời diệc trúng Tam cung tuyển.,同時亦中三宮選。
"Dục hoán biển chu quy khứ,",欲喚扁舟歸去，
"Lân ảo kiến chi liên cơ hàn,",鄰媼見之憐饑寒，
Tiền nguyệt Phù Lương mãi trà khứ.,前月浮梁買茶去。
"Bỉnh tâm tắc uân,",秉心塞淵，
"Mạc thụ châu ngọc,",莫受珠玉，
"Nhật nhật tâm lai vãng,",日日心來往，
"Hốt văn hải thượng trường phong sinh,",忽聞海上長風生，
Giá tiện khất dữ như khang tê.,價賤乞與如糠粞。
"Uy dĩ nam xuyên thuỷ,",逶迤南川水，
Dĩ xa khư khư.,以車祛祛。
Bất tín hành nhân bất ức gia.,不信行人不憶家。
"Ân tư cần tư,",恩斯勤斯、
"Thời lai thiên lý phong, tập tập xuy phương đỗ.",時來千里風，習習吹芳杜。
"Tuy tắc như huỷ,",雖則如燬、
Hà xứ hữu trùng dương.,何處有重陽。
Hữu sứ bằng tương kim tiễn đao,有使憑將金剪刀，
"Ký đăng nãi y,",既登乃依，
Khắc khai quyết hậu.,剋開厥後。
Yết đế xưng tràng đăng ngự diên.,謁帝稱觴登御筵。
"Sơn tăng tham nguyệt sắc,",山僧貪月色，
Lưỡng xứ mang mang giai bất kiến.,兩處茫茫皆不見。
"Phô sàng phất tịch trí canh phạn,",鋪床拂席置羹飯，
"Lạc Dương phỏng tài tử,",洛陽訪才子，
Bạc ngôn quynh giả:,薄言駉者：
"Xạ nhân hương trọng thân tiên tử,",麝因香重身先死，
Đăng hoả dạ trang minh.,燈火夜妝明。
Đê nhĩ tĩnh thinh nghi hữu thanh.,低耳靜聽疑有聲。
"Trường hận ca, vị thuỳ tác?",長恨歌，為誰作？
"Đông môn chi trì,",東門之池，
"Thị dân bất thao,",視民不恌，
"Song bì lưu vũ tứ thập vi,",雙皮溜雨四十圍，
Thiên xuân hoá đỗ quyên.,千春化杜鵑。
"Bang quốc nhược bĩ,",邦國若否，
Diệc tri cùng sầu an tại tai.,亦知窮愁安在哉。
"An đắc xả trần võng,",安得捨塵網，
"Cử đầu hồng nhật cận,",舉頭紅日近，
Hoạ loạn sơ bình sự hưu tức.,禍亂初平事休息。
"Tự lai y đới hoãn,",自來衣帶緩，
Kim cổ du du khứ trú đồng.,今古悠悠去住衕。
"Thần võng thời oán,",神罔時怨，
Hà dĩ chu chi?,何以舟之？
"Công khanh chu môn vị khai toả,",公卿朱門未開鎖，
"Tinh ngôn túc giá,",星言夙駕，
"Lý hữu ly phụ sầu độc túc,",里有嫠父愁獨宿，
Nam Sơn hiểu tuyết ngọc lân tuân.,南山曉雪玉嶙峋。
"Ngũ mộc lương chu,",五楘梁辀，
"Hối hối kì vũ,",翙翙其羽，
Khỉ vô tha nhân?,豈無他人？
"Đãn hoạn vô tài,",但患無才，
Hưu tường trọng đốc.,休祥重篤。
"Phiếm phiếm dương chu,",泛泛楊舟，
"Nhân gian sinh tử bất khả kỳ,",人間生死不可期，
"Cân lực đăng nguy tập thị môn,",筋力登危集市門，
Hà xứ phùng tình bất khả liên?,何處逢情不可憐。
"Phương bao phương thể,",方苞方體，
"Hốt văn thuỷ thượng tỳ bà thanh,",忽聞水上琵琶聲，
Di cửu viễn nhi dũ mại.,彌久遠而愈佅。
"Tần Vọng hoạ trung san,",秦望畫中山，
Gia gia môn ngoại liễu như yên;,家家門外柳如煙；
Hư thất toạ gian đồng.,虛室坐間同。
"Nhược tương phú quý tỉ bần tiện,",若將富貴比貧賤，
"Bách nhĩ quân tử,",百爾君子，
Dữ quân song thê cộng nhất thân.,與君雙棲共一身。
"Luy luy đôi phụ tàng bôn đột,",纍纍塠阜藏奔突，
"Yên sơn như trường xà,",燕山如長蛇，
Bao hồng nhan nhi phất minh.,包紅顏而弗明。
Hạp trung trường kiếm dạ hữu thanh.,匣中長劍夜有聲。
Tẩy tương Hồ địa Độc Lưu tuyền.,洗將胡地獨流泉。
Phẩm vựng sán hề chiêu tô.,品彙粲兮昭蘇。
Dữ công đồng độ Ngô Giang thuỷ.,與公同渡吳江水。
"Thiền sam lân đới uỷ la bình,",蟬衫麟帶委羅屏，
Bất tảm cố dã.,不寁故也。
Điển y cung biện hương.,典衣供瓣香。
Thương lăng bạch bì thập bão văn.,蒼棱白皮十抱文。
Thử kỳ công dụng khả dĩ phối ư càn khôn; tính tình khả dĩ đồng ư nhật nguyệt.,此其功用可以配於乾坤；性情可以同於日月。
"Sơn khung mạch khúc đô bất dụng,",山芎麥麴都不用，
Hoàng kim mãn địa thu phong ác.,黃金滿地秋風惡。
Thằng kỳ tổ vũ.,繩其祖武。
"Khải đễ quân tử,",豈弟君子，
"Tiểu lợi nhược tham,",小利若貪，
"Đệ tử thuỳ y bạch mao thất,",弟子誰依白茅室，
Duy khuông cập cử.,維筐及筥。
"Đản di quyết nguyệt,",诞彌厥月，
Hoà linh ương ương.,和鈴央央。
"Ngã mã duy kỳ,",我馬維騏，
"Ô đài không phát hành đài phong,",烏台空發行台封，
Phong lưu Hạ Quý Chân.,風流賀季真。
"Tình giang y cựu tả Tầm Dương,",晴江依舊瀉潯陽，
"Nam hữu cù mộc,",南有樛木、
"Nhất đổ từ nhan tiện hồi thủ,",一睹慈顏便回首，
"Giang sơn, pháp tương chi bí dã.",江山，法像之秘也。
Nhuế cúc chi tức.,芮鞫之即。
Tại Vị chi sĩ.,在渭之涘。
Hạnh bằng ấm tí.,幸憑廕庇。
"Bất tri thử xứ đạp hương nê,",不知此處踏香泥
Lũng sơn tiêu sắt thu vân cao.,隴山蕭瑟秋雲高。
Thiên thu ngưỡng chỉ.,千秋仰止。
"Thiên võng khôi khôi,",天網恢恢，
"Duy xuân thuỷ chi thanh liên,",帷春水之清漣，
Khảng khái tôn tiền vị thuỳ vũ.,慷慨尊前為誰舞。
Bằng hoa thuyết dữ xuân phong tri.,憑花說與春風知。
Chúng huỷ toàn tiêu lạc,眾卉全蕭落，
"Tiền nhật tài năng thuỷ thuỳ bá,",前日才能始誰播，
Bi tại quân gia lưu lưỡng nhi.,悲在君家留兩兒。
"Vũ nhập giang quang xuy bất kiến,",雨入江光吹不見，
"Ô hô! Sở tuy tam hộ năng vong Tần,",嗚呼！楚雖三戶能亡秦，
Vô cảm hí dự;,無敢戲豫；
"Diệc ký kiến chỉ,",亦既見止、
Thần dũng nghị nhiên duy độc quân.,神勇毅然惟獨君。
Minh niên nhân nhật tri hà xứ ?,明年人日知何處？
"Thuỳ gia viên lý hữu thử thụ,",誰家園里有此樹，
"Hữu nhân lai thuyết quân trùng hôn,",有人來說君重婚，
Tuy cô thân tẩu biến bát cực thuỳ hà tai.,雖孤身走遍八極誰何哉。
Phụ mẫu hà thực?,父母何食？
"Thử ý nhân bất hội,",此意人不會，
"Kham bi tiểu uyển tác trường đạo,",堪悲小苑作長道，
Xảo xu thương hề.,巧趨蹌兮，
Ngôn niệm quân tử.,言念君子，
Khởi thiên vận chi biến vu tư da?,豈天運之變于斯耶？
Toả vi tà ánh khinh hà cử.,瑣闈斜映輕霞舉。
Phồn sương phi phi.,繁霜霏霏。
"Dực ngôn gia chỉ,",「弋言加之，
Hãn kỳ can hĩ!,暵其乾矣。
Ngã hành bất lai.,我行不來。
"Tịnh xưng Di Ngô,",並稱夷吾，
"Ân cần dịch tây lộ,",殷勤驛西路，
Phong niểu mẫu đơn chi.,風裊牡丹枝。
"Phanh dương tể ngưu toạ tao khâu,",烹羊宰牛坐糟丘，
Khởi vô quả báo.,豈無果報。
"Trung Nguyên biệt hậu vô tiêu tức,",中原別后無消息，
Kim nhật minh niên thuỳ đắc tri?,今日明年誰得知。
Hảo tuý xuân bôi tửu.,好醉春杯酒。
Mỗi hoài mỹ cập.,每懷靡及。
Tử đệ tam ban thập phiên cổ.,子弟三班十番鼓。
Hoàng chỉ phóng tận bạch chỉ thôi.,黃紙放盡白紙催。
"Nhượng quốc bất dụng,",讓國不用，
Ngọc viết: Kỳ mộng nhược hà?,玉曰：其夢若何？
"Lân chi lốc,",麟之角、
Lộ vu phi.,鷺于飛。
"Sổ chi nhu lỗ hoạch pha lê,",數枝柔櫓劃玻璃，
"Hoạ my do vị liễu,",畫眉猶未了，
Hà vị hoài ưu tâm phiền tiêm?,何為懷懮心煩纖？
Ly phụ bì bệnh cân lực suy.,嫠婦疲病筋力衰。
Khuynh hồ đáp cố tri.,傾壺答故知。
"Tửu hàm lãn vũ thuỳ tương duệ,",酒酣懶舞誰相拽，
Hồ nhiên nhi thiên bất tảo cức.,胡然而天不早殛。
"Ngư long biến hoá sự an tri,",魚龍變化事安知，
Cuồng đồng chi cuồng dã thư!,狂童之狂也且！
"Tướng quân dục dĩ xảo phục nhân,",將軍欲以巧伏人，
Nhàn toạ thuyết Huyền Tông.,閑坐說玄宗。
Tứ phương dĩ vô phất.,四方以無拂。
"Thỉ thi bất đa,",矢詩不多，
Bất hoàng tương mỹ.,不遑將母。
Trung hữu vân khí tuỳ phi long.,中有雲氣隨飛龍。
Hoa thảo giảm xuân dung.,花草減春容。
Diệc hữu tư dung.,亦有斯容。
Mỹ quốc bất mẫn.,靡國不泯。
Duy thị bành thương tổng tượng tiên.,維是彭殤總象先。
Vấn thuỳ yêu liêm Hồ dữ Khương.,問誰腰鐮胡與羌。
"Sở cuồng tuý ca ca chính phát,",楚狂醉歌歌正發，
Bất đạt sự lý.,不達事理。
"Khương Duy độc bằng khí lực cao,",姜維獨憑氣力高，
Vu kinh tư y.,于京斯依。
Khí ngã hà thiên.,棄我遐遷。
Thiên tự thung dung định chủ trương.,天自從容定主張。
Hán triều công khanh kỵ Giả Sinh.,漢朝公卿忌賈生。
"Đắc phi huỷ trung chi linh, mao trung chi dị hồ!",得非卉中之靈，毛中之異乎。
"Thiên giám tại hạ,",天監在下，
Bất bạc điếu đài hạ.,不泊釣臺下。
Mỗi dạ giang biên túc suy liễu.,每夜江邊宿衰柳。
Đỗ Lăng dã lão cốt dục chiết.,杜陵野老骨欲折。
"Hoàng trần thanh thuỷ tam sơn hạ,",黃塵清水三山下，
"Chung viễn huynh đệ,",終遠兄弟，
"Ký chi tử,",驥之子，
"Kiến diệp sơ nghi thị,",見葉初疑柿，
"Thiếp thân nguyện tác Vu Sơn vân,",妾身願作巫山雲，
"Giang biên tửu điếm ông,",江邊酒店翁，
"Loạn phi hồn tự khả,",亂飛渾自​​可，
"Tương dĩ sảng hồ dư hoài,",將以爽乎余懷，
Tam Nguy an tại?,三危安在？
Cố quân tử:,故君子：
"Ngô ca Sở vũ hoan vị tất,",吳歌楚舞歡未畢，
Thân dục phấn phi bệnh tại sàng.,身欲奮飛病在床。
Nghi thị lộng châu nhân.,疑是弄珠人。
"Tân thi nhật nhật thiên dư ngôn,",新詩日日千餘言，
Dũng phu na tử hàn mặc trường.,勇夫那死翰墨場。
"Kinh Môn bất kham biệt,",荊門不堪別，
"Dĩ tiên tổ thụ mệnh,",以先祖受命，
Bắc xá đông lân văn khốc thanh.,北舍東鄰聞哭聲。
Tuỳ phong nhập lang thủ.,隨風入郎手。
Bảo kiếm trị thiên kim.,寶劍值千金。
Kim châu thuý ngọc đôi mãn đầu.,金珠翠玉堆滿頭。
Tại Tuấn chi giao.,在浚之郊。
"Hà sừ uý quan khứ hà qua,",荷鋤畏官去荷戈，
"Quân gia nghiêm quân dũng tì hổ,",君家嚴君勇貔虎，
Tử nhiêm lục nhãn Hồ nhân xuy.,紫髯綠眼胡人吹。
Đãi băng vị phán.,迨冰未泮。
Ngã độc khoá lư tử.,我獨跨驢子。
"Thiên tử mệnh ngã,",天子命我，
Hà dụng tiết tiết bi hồng trang.,何用屑屑悲紅妝。
Huyền Đô đạo sĩ lai tương phỏng.,玄都道士來相訪。
Huề lai lục ỷ tố Thuyền quyên.,攜來綠綺訴嬋娟。
Chuy chuy kỳ lật,惴惴其栗。
Minh đường bất phục triều chư hầu.,明堂不復朝諸侯。
Thử gian ổi lỗi tu chung khúc.,此間傀儡須終曲。
"Tô Tần chi thuyết,",蘇秦之說，
"Tự phản suy cầu,",自反推求，
"Phụng vương ngôn hề, diễn luân ti,",奉王言兮演綸絲，
Sầu đa mộng bất thành.,愁多夢不成。
"Giá bỉ tứ lạc,",駕彼四駱，
"Phá chiên hàn bác bất thành miên,",破饘寒薄不成眠，
"Hoa tương nhân cộng tiếu,",花將人共笑，
Trưởng tắc thi hành.,長則施行。
"Đại nhân hoàn danh,",大人完名，
"Ư thị hốt yên túng thể,",於是忽焉縱體，
"Kỳ sùng như dung,",其崇如墉，
"Thượng uyển xuân tiên nhập,",上苑春先入，
"Quân tử dương dương,",君子陽陽，
Hậu lai vị thức do tuấn bôn.,後來未識猶駿奔。
Ngã hoài úc tắc hà do khai?,我懷鬱塞何由開，
"Dạ cảnh cảnh nhi bất mị,",夜耿耿而不寐，
Bán thiên quy nhạn tự du du.,半天歸雁自悠悠。
"Kim cổ tiêu trầm danh lợi trung,",今古銷沉名利中，
"Khái đương dĩ khảng,",慨當以慷，
Lương Châu hãm một tri bất tri?,涼州陷沒知不知？
Đào hoa vô ngôn loạn hồng uỷ.,桃花無言亂紅委。
"Kiết kiết can tinh,",孑孑干旌，
"Thuý phụng tường văn ly,",翠鳳翔文螭，
"Quy lai trì uyển giai y cựu,",歸來池苑皆依舊，
"Thập bát sơ trang hảo cao kế,",十八梳妝好高髻，
"Sơn trung đa pháp lữ,",山中多法侶，
Giải y phục hướng thiềm doanh ngoạ.,解衣復向簷楹臥。
"Thiên qua chỉ hề sóc tái thanh,",天戈指兮朔塞清，
Hoài di lai cầu.,淮夷來求。
"Ngân thoa nữ nhi tương ứng ca,",銀釵女兒相應歌，
"Ý nhất nhung y, năng đảm thế gian nan sự;",衣一戎衣，能擔世間難事；
"Nguyễn Tịch tỉnh thì thiểu,",阮籍醒時少，
Hoàng Ngưu giáp lý thượng thu đăng.,黃牛峽裡上秋鐙。
Quy hà ưu?,歸何憂？
"Hoả công phá địch,",火攻破敵，
Ngã tuyền ngã trì.,我泉我池！
Nhân diệc hữu ngôn:,人亦有言：
Nhất tự chu băng toại bất chi.,一字舟崩遂不支。
Hổ bôn tam bách nhân.,虎賁三百人。
Trác chi tranh tranh.,椓之丁丁。
Thế thượng nhi tử đồ phân phân.,世上兒子徒紛紛。
"Diện thượng kim nhật lão tạc nhật,",面上今日老昨日，
Lực canh bất thọ chúng mục liên.,力耕不受眾目憐。
"Mục mục hoàng hoàng,",穆穆皇皇，
"Hữu lưu hữu lạc,",有駵有雒，
"Thân thể phát phu,",身體髮膚，
"Lan u hương phong viễn,",蘭幽香風遠，
Song thân vị lão thì.,雙親未老時。
Năng lưu quyết nghiêm?,能流厥嚴？
Tài cao áp tuấn anh.,才高壓俊英。
Vô nhiên duệ duệ.,無然泄泄。
Giao hà kỷ xúc tằng băng liệt.,交河幾蹴曾冰裂。
"Loan loan vô ảnh nguyệt,",彎彎無影月，
"Phiên thân dục dược thế như cấp,",翻身欲躍勢如急，
"Thần thiêu mộ thước đồi tích cao,",晨燒暮爍堆積高，
Kỳ đức truyền xưng.,其德傳稱。
Chủ nhân vong quy khách bất phát.,主人忘歸客不發。
Phùng thử bách yêu.,逢此百憂。
"Tinh tiết hàng hàng uý giản thư,",旌節行行畏簡書，
Quân phủ sao danh bị khu khiển.,軍府抄名被驅遣。
Túc tích nhất phùng vô thử lưu.,宿昔一逢無此流。
"Bản long phụ phụng,",扳龍附鳳，
Phù dung kỷ đoá hồ biên lộ.,芙蓉幾朵湖邊路。
Ưng hướng không trung khứ.,應向空中去。
"Phong xuy khách y nhật cảo cảo,",風吹客衣日杲杲，
"Viên thái đường hĩ,",爰采唐矣，
Bất tri hà xứ thị chân tâm.,不知何處是真心。
"Kim nghê dạ liệu long tiên hương,",金猊夜燎龍涎香，
"Đông môn chi trì,",東門之池，
"Thần chi đích hỹ,",神之弔矣，
Ngã tâm uẩn cất hề!,我心蘊結兮，
Hồ thủ hoà tam bách ức hề?,胡取禾三百億兮？
Bảo vệ dân chủ dữ hoà bình.,保衛民主與和平。
"Thời suy di nhi biến hoá, luân đàn tuỳ dữ vãng lai;",時推移而變化，輪彈隨與往來；
"Tưởng kỳ: ly cung biệt quán, ẩn lâu thiền liên.",想其：離宮別館，隱樓蟬聯。
"Đa tình chỉ chiếu ỷ la diên,",多情只照綺羅筵，
"Nguyện lang thệ tử mạc cải di,",願郎誓死莫改移，
Tự thể biến hoá như phù vân.,字體變化如浮雲。
Hoành tuyệt tứ hải.,橫絕四海。
Phỏng vi kỳ chi danh thự.,訪圍棋之名墅。
"Sơn nam sơn bắc nhĩ hử trường,",山南山北爾許長，
Cử đầu duy kiến thương nhai cao.,舉頭惟見蒼崖高。
"Nhận thị cố nhân, tương kiến thậm hoan.",認是故人，相見甚歡。
"Tá viết vị tri,",借曰未知，
Hồ ninh nhẫn dư?,胡寧忍予？
"Tòng kim tứ hải vĩnh vi gia,",從今四海永為家，
"Vị cảm quân vương triển chuyển tư,",為感君王輾轉思，
Bội ngọc chi nả.,佩玉之儺。
Hựu khuyết ngã thương.,又缺我斨。
Tây lai trú dạ lưu.,西來晝夜流。
"Thanh khiết khuê phòng,",清潔閨房，
Nhật tịch vong quy.,日夕忘歸。
"Chỉ tiền sơn nhi thức chiêm hề, thảo thụ đôi bạch dĩ luân khuân.",指前山而拭瞻兮，草樹堆白以輪囷。
Kinh tế thực tạ anh hùng tư.,經濟實藉英雄姿。
"Tử sinh kim hữu cách,",死生今有隔，
"Nhữ thân dĩ kiến thoá thành châu,",汝身已見唾成珠，
"Ấu nữ tài lục tuế,",幼女才六歲，
"Nguyệt chiếu thành đầu ô bán phi,",月照城頭烏半飛，
"Thiên thực vi chi,",天實為之，
"Tứ nguyệt ngũ nguyệt nam phong lai,",四月五月南風來，
Lang đáo Thạch Thành du.,郎到石城遊。
"Đương diên thịnh tửu kim khuất chi,",當筵盛酒金屈卮，
Bắc phong xuy tuyết y cừu ôn.,北風吹雪衣裘溫。
"Kính thận uy nghi,",敬慎威儀，
"Tự cổ lai tham học,",字古來參學，
Quân vương trực dục thôn Di Địch.,君王直欲吞夷狄。
Ngọc trướng giai nhân toạ trung lão.,玉帳佳人坐中老。
"Trường Thành nhất vọng bạch ư tuyết,",長城一望白於雪，
"Khiêu chi thoán diệp thụ mộc trung,",跳枝竄葉樹木中，
"Cận chi ký yêu, viễn chi hữu vọng.",近之既妖，遠之有望。
Thịnh niên nhất khứ chân kham tích.,盛年一去真堪惜。
"Ly tình bị hoạnh địch,",離情被橫笛，
Cẩm tranh ngân chúc cao đường thâm.,錦箏銀燭高堂深。
"Hổ chi cơ, há sàm nham,",虎之饑，下巉岩，
"Bàn minh hề cửu tự,",盤銘兮九字，
Như thủ như huề.,如取如攜。
Vân thuỳ chi tư?,云誰之思？
Đại tông duy hàn.,大宗維翰。
"Hà niên đan hạnh thử lưu chủng,",何年丹杏此留种，
Chước chước nguyện quân ẩm vô lượng.,酌酌願君飲無量。
"Ngu nhân điên đảo bố sinh tử,",愚人顛倒怖生死，
"Hữu duật hữu hoàng,",有驈有皇，
Hữu thủ mạc biện mãnh hổ tu.,有手莫辮猛虎鬚。
"Khiêu ba loạn kích đàm thuỷ lập,",跳波亂擊潭水立，
Chung cổ nhạo chi.,鍾鼓樂之。
"Hương đăng bạn tàn mộng,",香燈伴殘夢，
"Hồng nhan xứng tuyệt đại,",紅顏稱絕代，
"Hội, dật, phiêu, trầm đa khiết khổ.",潰溢漂沉多喫苦。
Tiêm thủ dục tự thao sương mâu.,孅手欲自操霜矛。
"Ngã dục phi thảo tầm cựu tích,",我欲披草尋舊蹟，
"Thu đáo hàn phong khởi,",秋到寒風起，
Đãn sầu hoa hữu ngữ:,但愁花有語，
"Sơn hà ý khí tận,",山河意氣盡，
Tân lưu mãn Lương trì.,新溜滿梁池。
"Dục thức Tương Phi oán,",欲識湘妃怨，
"Vô vật kham tỷ luân,",無物堪比倫，
"Vị quân cô tửu mãn nhãn cô,",為君酤酒滿眼酤，
"Ngô tri tạo vật ý,",吾知造物意，
Nãi tòng nhi vi Ngô ca viết:,乃從而爲吳歌曰：
Chu trung độc tả thi.,舟中獨寫詩。
Khởi tín kinh cức mai đồng đà.,豈信荊棘埋銅駝。
"Cao thiên hậu địa hề, thuỳ tri dư chi vĩnh thương?",高天厚地兮，誰知余之永傷？
"Trú tẩy tu đằng Kinh, Vị thâm,",晝洗須騰涇渭深，
"Lệ sắc xuân nghiên đào lý hề,",麗色春妍桃李蹊，
Thử mã sổ niên nhân cánh kinh.,此馬數年人更驚。
Khí hậu đốn dữ tam tiêu thông.,氣候頓與三霄通。
Tề tử dung chỉ.,齊子庸止。
"Hữu phỉ quân tử,",有匪君子，
"Ngô điện kim thoa Lương viện cổ,",吳殿金釵梁院鼓，
Văn Vương viết: tư!,文王曰：咨！
"Điền gia vọng vọng tích vũ can,",田家望望惜雨乾，
"Nhập nhĩ quan tâm, nhĩ môn lao lao địa cẩn ký.",入耳關心，你們牢牢地謹記。
"Binh cách chi gian,",兵革之間，
Tiều tuỵ hoa già tiều tuỵ nhân,憔悴花遮憔悴人，
Lâm tĩnh thước tần kinh.,林靜鵲頻驚。
Tư mã tư tồ.,思馬斯徂。
Mãnh miễn bồi quỹ.,黽勉陪揆。
"Tý nhĩ đa phúc,",俾爾多益，
"Nùng lĩnh ngưng mâu, cánh thiết Hoa Tư Mã phục lai chi sỉ.",濃嶺凝眸，更切花司馬復來之恥。
"Kim dạ bất văn hoán phụ thanh,",今夜不聞喚婦聲，
"Vô tâm hoa lý điểu,",無心花裏鳥，
Tuấn vũ điêu tường.,峻宇雕墻。
"Tứ phương chi môn,",四方之門，
Nhật giám tại tư.,日監在茲。
"Nhân ngôn xương bồ phi nhất chủng,",人言菖蒲非一種，
"Bộc bố huyền sương, long đê ỷ không.",瀑布懸霜，龍隄倚空。
"Tằng thị cường ngự,",曾是強御，
Hoa phát thương nhan tu tự chiếu.,華發蒼顏羞自照。
"Vương mệnh Nam Trọng,",王命南仲，
"Đầu lý hồng cân quan dĩ huỷ,",頭裏紅巾冠已毀，
Âu á trào triết nan vi thính.,嘔啞嘲哳難為聽。
Phỉ xa bất đông.,匪車不東。
Thứ dân tử lai.,庶民子来。
"Ngoại cảm nội thương,",外感內傷，
"Nhẫm nhiễm nhu mộc,",荏染柔木，
"Phát sinh đạo lí tự nhiên, bạch giả vạn cổ thường bạch, hắc giả vạn cổ thường hắc.",發生道理自然，白者萬古常白，黑者萬古常黑。
Bang gia chi cơ.,邦家之基。
"Tàn tinh ảnh tán đông tây thuỷ,",殘星影散東西水，
"Đế giáng Di Nghệ,",帝降夷羿，
"Nhất xuyên yên thuỷ trướng Đàn Khê,",一川煙水漲檀溪，
"Hán văn tu đức bất sự vũ,",漢文修德不事武，
Bạch nhật vô quang khốc thanh khổ.,白日無光哭聲苦。
"Khước ức đương niên Tế Lâm khách,",卻憶當年細林客，
Hu ta thiên công đãi dân hà kỳ bạc!,吁嗟天公待民何其薄！
Tiền thôn nhật dĩ tà.,前村日已斜。
Lục long nam độ vô hoàn kỳ.,六龍南渡無還期。
Phiếm dật bất cận Trương Nghi lâu.,泛溢不近張儀樓。
"Trạo vĩ khất liên, thành thiết kham ai.",棹尾乞憐，誠切堪哀。
Cao cao chính bắc phi.,高高正北飛。
"Bắc phong kỳ lương,",北風其涼，
Vị ngã sĩ dã kiêu.,謂我士也驕。
Phùng Đường dĩ lão thính xuy hư.,馮唐已老聽吹噓。
"Đài cơ tuy tại dĩ khuynh bĩ,",臺基雖在已傾圮，
Tự ỷ hồng nhan năng kỵ dịch.,自倚紅顏能騎射。
"Chung Kỳ ký một, Bá Nha đoạn huyền.",鐘期既沒，伯牙斷弦。
"Văn học ngữ ngôn đương thử cử,",文學語言當此舉，
Cánh trị dạ huỳnh phi.,更值夜螢飛。
Chấp tấn hoạch xú.,執訊穫醜。
Đình trung đằng thích thiềm.,庭中藤刺檐。
Yên cơ mạc mạc kiều nga tần.,煙機漠漠嬌娥嚬。
"Thuỷ tri Mạnh công hồ hải nhân,",始知孟公湖海人，
Ngã kim sở đắc diệc dĩ đa.,我今所得亦已多。
"Cát Phủ tác tụng,",吉甫作誦，
Sứ quân ngũ mã nhất mã thông.,使君五馬一馬驄。
"Giai nhân bất lai,",佳人不來，
Tang hà thê thê.,桑何萋萋。
"Sử lang miếu trăn tiếu tượng chi cầu, sơn trạch phấn ngoạ long chi khởi.",使廊廟臻肖像之求，山澤奮臥龍之起。
Hà như ngoạn âu Đông hải thượng.,何如玩鷗東海上。
"Quy điểu sâm si một,",歸鳥參差沒，
"Hà tục sơ kế nghiệp,",何續初繼業，
Phóng trợ vị giác kim bàn không.,放箸未覺金盤空。
Bất như tử chi y.,不如子之衣，
Vị trí khởi khẳng đồng sa lịch.,位置豈肯同沙礫。
Hà từ tần tiến bôi trung lục.,何辭頻進杯中醁。
"Côn trùng thảo mộc giai bất đắc dĩ toại kỳ sinh,",昆虫草木皆不得以遂其生，
Vi chương vu thiên.,爲章于天。
Loạn thế độc thư.,亂世讀書。
Vô xứ khả thê bạc.,無處可栖泊。
Nhan như thuấn ương.,顏如舜英。
Đầu ngã dĩ mộc lý.,投我以木李，
Ngọc lâu yến bãi tuý hoà xuân.,玉樓宴罷醉和春。
Vân thuỷ trường hoà đảo tự thanh.,雲水長和島嶼青。
Hậu lai huống tiếp tài hoa thịnh.,後來況接才華盛。
"Hán thành hoàng liễu ánh tân liêm,",漢城黃柳映新帘，
"Lộc Sơn bắc trúc Hùng Vũ thành,",祿山北築雄武城，
"Đĩnh tử đả lưỡng tưởng,",艇子打兩槳，
Vô Phong nại thử Thất Lý hà.,無風奈此七里何！
"Do xa loan tiêu,",輶車鸞鑣，
"Lượng bỉ Vũ Vương,",凉彼武王，
"Thỉnh nhĩ môn nhất tuý,",請你們一醉，
Bách độ nãi lý.,百度乃理。
Trĩ Liêm Tuyền nhi trần Thái Trạch; nô Thừa Lộ nhi trĩ Kim Đồng.,涬廉泉而塵太澤；奴承露而稚金銅。
Giao long xuất một tinh ngô hào.,蛟龍出沒猩鼯號。
"Địa bất tri hàn nhân yếu noãn,",地不知寒人要暖，
"Lăng phiến hoán phong Xương Hạp thiên,",綾扇喚風閶闔天，
"Trí quân Nghiêu Thuấn phó công đẳng,",致君堯舜付公等，
"Yến an đam độc,",宴安酖毒，
"Nông nghiệp cộng sản hoá,",農業共產化，
"Nhân đạo nhân sinh như phù du,",人道人生如蜉蝣，
"Ninh vương ngọc địch chi thanh, thâu truyền thành thị.",寧王玉笛之聲，偷傳城巿。
Nam bắc tương đối khởi.,南北相對起。
Khuyển cùng tắc phệ.,犬窮則吠。
Tu chiết thanh thanh liễu.,須折青青柳。
"Như phỉ hoán y,",如匪浣衣。
Vô gian bỉ thử.,無間彼此。
"Hy Hoà chi vị dương,",羲和之未揚，
"Trung tâm dao dao,",中心搖搖。
"Tái sinh tái dục,",載生載育，
Ký thư gia trung phủ?,寄書家中否？
"Tố vũ minh tiên,",素羽明鮮，
"Hải để hữu minh nguyệt,",海底有明月，
"Thư vi cố sự lưu hồ thượng,",書為故事留湖上，
"Giang bạch như luyện, nguyệt như tẩy,",江白如練月如洗，
"Sơ nghi khát long phủ phím bạc,",初疑渴龍甫噴薄，
Cung phụng nhất quan lai Vũ Cương.,供奉一官來武彊。
"Tương khan lưỡng bất yếm,",相看兩不厭，
Sơ cách hi mao bất khả trạng.,疏翮稀毛不可狀。
"Thạch Ngư hồ, tự Động Đình.",石魚湖，似洞庭。
Mạc dưỡng quân tử.,莫養君子。
"Phẫn hung đồ chi vị diệt,",憤兇徒之未滅，
Ngã bộc phô hĩ!,我僕痡矣、
Vân thuỷ tống quân quy địa minh lôi thiên thuỳ vũ vũ lôi nhất trận bội thê lương.,雲水送君歸地鳴雷天垂雨雨雷一陣倍凄涼。
"Dã hữu man thảo,",野有蔓草，
"Cảm ly cách hề hội vô kỳ,",感離隔兮會無期，
"Uổng tương tuyệt kỹ căng Bình Khang,",枉將絕技矜平康，
Sương trọng cổ hàn thanh bất khởi.,霜重鼓寒聲不起。
"Cố chủ nhược linh huy thủ khiển,",故主若靈揮手遣，
"Tùng hạ trích tùng tử,",松下摘松子，
Ấp ngã vị ngã hẩu hề.,揖我謂我好兮。
Y dư hưu tai; kỳ ý nhược viết:,猗歟休哉；其意若曰：
Trọc dao sổ đẩu ưng bất tích.,濁醪數斗應不惜。
Thoát lạc tam thu.,脫落三秋。
Lâm sơn Sở trúc u.,臨山楚竹幽。
"Mạc tri chân ý độ,",莫知真意度，
Tầm hoa nhiễu tự hành.,尋花繞寺行。
Không lưu chỉ thượng thanh.,空留紙上聲。
"Ám nhập Thương Sơn lộ,",暗入商山路，
Vi kiêu vi si;,為梟為鴟。
Tu ngã qua mâu.,修我戈矛，
Minh niên kim nhật hoa khai phủ?,明年今日花開否？
"Nhân chi vi ngôn,",人之為言，
"Thiền Uyên hạ bế môn thúc thủ, bỉ ký giao túc oán chi vị thư;",澶淵下閉門束手，彼既膠宿怨之未舒；
Tiên thát thường như kỵ đô uý.,鞭撻常如騎都尉。
"Cửu hợp chư hầu,",九合諸侯，
"Tu phụng cống hiến,",脩奉貢獻，
Thọ yểu cùng thông nhật nhật mang.,壽夭窮通日日忙。
"Điệu Hồ cầm, Án Hồ phổ,",調胡琴，按胡譜，
"Ân hoá cập hồ tứ hải hề,",恩化及乎四海兮，
"Liên hoa giao hưởng cộng mệnh điểu,",蓮花交響共命鳥，
Bất quản thu phong tảo.,不管秋風早。
"Xí dư vọng chi,",企予望之，
Lô hỏa chiếu thiên địa,爐火照天地，
"Chu lang nhất hồi cố,",周郎一回顧，
"Dã nhân tri điền bất tri lạp,",野人知田不知獵，
"Hoàng tôn do tằng Liễn Chước khốn,",皇孫猶曾蓮勺困，
"Duy hảo bất túc,",唯好不足，
Duy dân chi phúc.,惟民之福。
Bất vị ỷ lâu nhân.,不為倚樓人。
"Lộ bàng tẩu xuất tái bái nghênh,",路傍走出再拜迎。
Tây bắc vạn lý chiêu khương nhi.,西北萬里招羌兒。
"Thanh sơn lạc nhật giang triều bạch,",青山落日江潮白。
"Giá bỉ tứ mẫu,",駕彼四牡，
Thưởng tiền đồng ức cửu.,賞前同憶久。
"Vân thị đương niên Biện Ngọc Kinh,",云是當年卞玉京，
"Đô vân tác giả si,",都云作者癡，
Uyển tại thuỷ trung trì.,宛在水中坻。
"Bất hiển bất thừa,",不顯不承，
Cộng tác bách niên nhân.,共作百年人。
"Ấp bỉ chú tư,",挹彼注茲，
Chính sự nhất tỳ dôi ngã.,政事一埤遺我，
Thiên hà sở đạp?,天何所沓？
Tiền lộ nhật tương tà.,前路日將斜。
"Tha hương vị đắc khứ,",他鄕未得去，
"Cửu nguyệt Hung Nô sát biên tướng,",九月匈奴殺邊將，
Tiền Đinh hậu Sái tương lung gia.,前丁後蔡相籠加。
Thiên lộ u hiểm nan truy phan.,天路幽險難追攀。
Tứ giới đầu đầu.,駟介陶陶。
Diệc khổng trinh hề.,亦孔貞兮。
Tứ nguyệt thái dương xuất đông bắc.,四月太陽出東北。
Vị ẩm nhất tôn ca thử khúc.,為飲一樽歌此曲。
Điều thường yển lý.,鰷鱨鰋鯉。
Cao Bưu nữ nhi năng đãng chu.,高郵女兒能蕩舟。
Vũ phu nguy nguy nghiễm như cố.,珷玞巍巍儼如故。
Tác vu Sở cung.,作于楚宮。
Đan thanh dĩ lai duy nhất nhân.,丹青以來唯一人。
"Liêm câu anh vũ dạ kinh sương,",簾鉤鸚鵡夜驚霜，
"Liệt hoả trương thiên chiếu vân hải,",烈火張天照雲海，
Thân tiền hoan lạc thân hậu bi.,身前歡樂身后悲。
Nãi kiến giảo đồng.,乃見狡童。
Linh thanh do đới Ác đào lai.,靈聲猶帶鵶淘來。
"Lộ tảo cơ hàn tích,",路掃飢寒跡，
"Thỉ vu Mục Dã,",矢于牧野，
Đắc ý phong lưu tại hà dã?,得意風流在何也？
"Niệm quốc gia trưởng cửu chi kế,",念國家長久之計，
"A tỷ phù sàng khấp,",阿姊扶床泣，
Kỳ nghi nhất hề!,其儀一兮；
"Đông tây nam bắc cánh thuỳ luận,",東西南北更誰論，
"Địa lô hoả lãnh sương nguyệt khổ,",地爐火冷霜月苦，
"Hồn du dật nhi bất phản hề, hình khô cảo nhi độc cư.",魂踰佚而不反兮，形枯槁而獨居。
"Hoàng hĩ thượng đế,",皇矣上帝，
Tại đức bất tại tinh hề!,在德不在星兮！
"Hoà Nhung chiếu hạ thập ngũ niên,",和戎詔下十五年，
Hỉ đắc dữ tử trường dạ ngữ.,喜得與子長夜語。
Chí kim vi ngạnh.,至今爲梗。
Dĩ giới phồn chỉ.,以介繁祉。
Trích lộ nghiên chu tả Chu Dịch.,滴露研朱寫周易。
"Quái đắc bắc phong cấp,",怪得北風急，
"Cảnh liễu nhãn chi tham miên,",警柳眼之貪眠，
"Thứ dân công chi,",庶民攻之，
Khứ dữ lộ âu quần.,去與鷺鷗群。
Tuấn mã hạ chú thiên trượng pha.,駿馬下注千丈坡。
Nhi quyết mưu bất đồng?,而厥謀不同？
Thái hoa thực thực chi vi tân.,採花食實枝為薪。
Đề trang mãn diện tàn hồng ấn.,啼妝滿面殘紅印。
Hình thắng tranh khoa thiên hạ tráng.,形勝爭誇天下壯。
Bạch thạch tác tác.,白石鑿鑿。
Như hữu ẩn ưu.,如有隱憂。
Phụ tử anh hùng cổ lai thiểu.,父子英雄古來少。
Đông cung chi muội.,東宮之妹。
Thừa phong dục phá vạn lý lãng.,乘風欲破萬里浪。
"Hữu Phong khoảnh khắc Thất Lý qua,",有風頃刻七里過，
"Hoạn hải thăng trầm tứ thập niên,",宦海升沉四十年，
"Đông phong dữ câu thúc,",東風與拘束，
"Biệt gia cận dĩ vong niên tải,",別家近已忘年載，
"Nam lục tòng thử tất an nhiên,",南陸從此悉安然，
"Ức tử sơ uý Vĩnh Gia khứ,",憶子初尉永嘉去，
Vu bỉ cao cương.,于彼高岡。
Hoạ sư bất thị vô tâm học.,畫師不是無心學。
"Nữ sinh nhất tuế my mục dương,",女生一歲眉目揚，
"Nguy tường tuấn lỗ trục phiêu phong,",危檣峻櫓逐飄風，
"Tri y chi nghi hề,",緇衣之宜兮，
Dị vu tôn tử.,施于孫子。
"Bỉ lưu chi tỷ,",彼留之子，
"Tự tòng thiên tử hướng Tần quan,",自從天子向秦關，
"Hình dung khả tự táng gia cẩu,",形容可似喪家狗，
"Sa man man, thạch thốc thốc,",沙漫漫，石簇簇，
Hậu tất bần tiện.,後必貧賤。
Tùng dĩ thạch quái thuỳ long hồ.,松以石怪垂龍胡。
Nhân ngữ đãn tòng vân ngoại thính.,人語但從雲外聽。
"Thanh sam du tử cảm thì biến,",青衫遊子感時變，
Đằng sao cát thứ phân vô số.,藤梢葛刺紛無數。
Hoàng nga điệt vũ thiên niên quang.,黃鵝跌舞千年觥。
Đức phục vạn bang ân trạch bị.,德服萬邦恩澤被。
Thần thông biến hoá hiện chư tướng.,神通變化現諸相。
Vu bỉ giao hỷ.,於彼郊矣。
"Ngã tự giang nam lai,",我自江南來，
Kiêm gia thể thể,蒹葭采采，
Hà dụng cô cao tỷ vân nguyệt!,何用孤高比雲月。
Tham liên chiếu đảm minh.,貪憐照膽明。
Lao lao hoàn hữu hưu hưu đắc.,勞勞還有休休得。
Sử dư tâm tại giang hồ thượng.,使予心在江湖上。
Kỳ lạc chỉ thư.,其樂只且！
"Nhược phi phong đệ ám hương lai,",若非風遞暗香來，
Hốt kiến kỳ lân xuất đông bích.,欻見騏驎出東壁。
Ô tại chinh y bất năng diệt.,汚在征衣不能滅。
"Thuận thế trúc đê hạn Bắc Nam,",順势築堤限北南，
"Thượng Dương cung nữ hàm thanh tống,",上陽宮女含聲送，
Xuân ôn áng áng huân đại diên.,春溫盎盎薰玳筵。
Thử ngữ diệc túc vi ngu mông.,此語亦足為愚蒙。
Tốt nhiên my cốt giai nhĩ tào.,崒然眉骨皆爾曹。
"Kỳ vương đào hải nặc sơn lâm,",其王逃海匿山林，
Kinh khởi đới thăng điểu.,驚起戴勝鳥。
Biến hoá linh thông hiện thực tướng.,變化靈通現實相。
Bất năng tuyền phản.,不能旋反。
"Nhân vô huynh đệ,",人無兄弟，
Trích cư ngoạ bệnh Tầm Dương thành.,謫居臥病潯陽城。
"Tuý ngoạ trướng tiền hồn tự tử,",醉臥帳前渾似死，
Bất trưởng xuất viên chi.,不長出圓枝。
Khắc kỳ khắc ngực.,"克岐克嶷,"
Nga nga ngọc nhan hồng phấn trang.,娥娥玉顏紅粉妝。
Trương đăng tần cố ảnh.,張燈頻顧影。
"Nhân hoạ trúc thân phì ủng thũng,",人畫竹身肥擁腫，
"Nhân vô huynh đệ,",人無兄弟，
Phong đầu như đao diện như cát.,風頭如刀面如割。
"Tùng diệp kham vi tửu,",松葉堪為酒，
Tàn hoa lạn mạn khai hà ích?,殘花爛漫開何益？
Chiêu hồi vu thiên.,昭回于天。
Cường ngự đa đỗi.,強御多懟。
Hồn hề! hồn hề! nại hồn hà?,魂兮！魂兮！奈魂何。
Hung thần giám lâm.,凶神監臨。
Hà thì cứu cấp nan.,何時救急難。
Thực Kinh sơn chi tại mộng.,實荊山之在夢。
Trạo ca tài động tiện tầm lang.,棹歌才動便尋榔。
Công thi gia cáo.,公尸嘉告。
"Giang chử nguyệt minh vân ảnh đạm,",江渚月明雲影淡，
"Bách chiến vị ngôn phi,",百戰未言非，
"Chức vi vân ngoại thu nhạn hành,",織為雲外秋雁行，
"Thành vương chi phu,",成王之孚，
"Phiên phiên chi yến,",翩翩之燕，
"Thụ căn diểu diểu,",樹根杳杳，
Đào Tận hổ báo sài lang khu.,逃盡虎豹豺狼貙。
Sầu thính truyền thư nhạn kỷ thanh.,愁聽傳書雁幾聲。
Bất giáo bất minh.,不教不明。
Uyển nhiên tả tỵ.,宛然左辟。
"Thần linh thúc hốt,",神靈倏忽，
"Hà tráng vũ lệ,",何壯武厲，
"Hệ thư thỉnh vấn Yên kỳ cựu,",系書請問燕耆舊，
Tham uý lưỡng nan thu.,貪畏兩難收。
"Liệt bỉ hạ tuyền,",冽彼下泉，
"Bất lưu bất xử,",不留不處，
Hoàn tương suy mấn đồng.,還將衰鬢同。
"Trùng phi hoăng hoăng,",「蟲飛薨薨，
Vạn lý bằng đoàn;,萬里鵬摶；
Tần hướng thuyền đầu khổ xuy địch.,頻向船頭苦吹笛。
Hạo hạo không trung cô nguyệt luân.,皎皎空中孤月輪。
"Dao dạng Việt giang xuân,",搖漾越江春，
Hồi đầu nhị thập bát niên xuân,回頭二十八年春。
Bút trận độc tảo thiên nhân quân.,筆陣獨埽千人軍。
"Khả liên tam thất tu hoa mạo,",可憐三七羞花貌，
"Úng trung tích dịch vưu khả tiếu,",甕中蜥蜴尤可笑，
"Quan Tây lão tướng đầu như tuyết,",關西老將頭如雪，
Thanh tửu bách hồ.,清酒百壺。
"Lạp thiềm thoa duệ tận lân xá,",笠檐蓑袂盡鄰舍，
"Tương khan thượng bất viễn,",相看尚不遠，
"Đan thứ quyến nhân y,",丹刺罥人衣，
Vật tiễn vật phạt.,勿翦勿伐，
"Kỳ kỷ thuật dã, Đường Thúc đắc Gia Hoà chi thư.",其紀述也，唐叔得嘉禾之書。
"Cầm thư hà tất cầu Vương Xán,",琴書何必求王粲，
Bán vị liên xuân bán não xuân.,半為憐春半惱春，
Trường An thiếu niên khí dục tận.,長安少年氣欲盡。
Tại tư trừu dịch.,在茲紬繹。
"Nhất chi nhật tất phế,",一之日觱發，
Vu bỉ mục hỹ.,於彼牧矣。
Phong khởi đảo xuy hoa lực bạc.,風起倒吹花力薄。
"Chất phán cao đê ưng hữu mệnh,",質判高低應有命，
Văn chương giáo nhĩ tào.,文章教爾曹。
Tương tụ kỷ hà.,相聚幾何。
"Bất tỉnh xuất môn hành,",不省出門行，
"Đương thời bất thị Giang Tây lão,",當時不是江西老，
Cửu nguyệt tại hộ.,九月在戶，
"Thiều thiều chu tỉ,",招招舟子，
Vạn hác đông thệ vô đình lưu.,萬壑東逝無停留。
"Tử Chương độc lâu huyết mô hồ,",子章髑髏血模糊，
"Thị thì Giang nguyệt sơ sinh phách,",是時江月初生魄，
"Độc ỷ hoa sừ lệ ám sái,",獨倚花鋤淚暗灑，
Sinh cận nhị biên trường khổ tân.,生近二邊長苦辛。
"Sở khả đạo dã,",所可道也，
"Bất điển tâm ưu,",不殄心憂，
"Triêu lai cửu thí hoa hiên hạ,",朝來久試華軒下，
Thập ngũ niên tiền cựu bản kiều.,十五年前舊板橋。
"Dư ký hoàn sơn tầm cố sào,",余既還山尋故巢，
"Xâm biên khấu lược lục thập thành,",侵邊寇略六十城，
"Bất minh nhĩ đức,",不明爾德，
Hựu bất kiến:,又不見：
"Lão phu quán quán,",老夫灌灌，
Chủng hạnh tiên gia cận bạch du.,種杏仙家近白榆。
"Tam túc chi ô túc khủng đoạn,",三足之烏足恐斷，
"Khởi duy, ngã bối thụ kỳ tứ,",豈惟我輩受其賜，
"Chỉ văn tiểu tuệ vô túc thị,",衹聞小慧無足恃，
"Chinh câu đạp tuyết xuất đô thành,",征駒踏雪出都城，
"Đệ điệt tuy tồn bất đắc thư,",弟侄雖存不得書，
"Lạc nhạn đới thư kinh,",落雁帶書驚，
Hồng trang ngọc trợ há thành hàng.,紅妝玉箸下成行。
Chúng mưu tắc tiết.,眾謀則泄。
"Hoa khai dị kiến lạc nan tầm,",花開易見落難尋，
"Chủ nhân hữu thử bách dư thạch,",主人有黍百餘石，
Khí khước Tây Nhung hồi Bắc Địch.,氣卻西戎回北狄。
"Hàng hàng vô biệt ngữ,",行行無別語，
"Tuỵ vu ngô môn,",萃于吾門，
"Đa ngôn quả thành,",多言寡誠，
Tri quân ngữ bất ưng.,知君語不應。
"Kim triêu kiến nhan sắc,",今朝見顏色，
"Khả liên nam khứ nhạn,",可憐南去雁，
"Khứ niên mễ quý khuyết quân thực,",去年米貴闕軍食，
Thừa thặng bẩu.,乘乘鴇。
Quy ngoạ cố sơn thu.,歸臥故山秋。
"Huynh đệ ký cụ,",兄弟既具，
"Cư bất tri kỳ sở vi hề, thuỳ tiêu minh chi túc yếm.",居不知其所為兮誰蟭螟之足厭。
Kỳ mệnh phỉ kham.,其命匪諶。
Vô thực tang trâm.,無食桑葚。
"Thiên hạ kỷ nhân hoạ cổ tùng,",天下幾人畫古松，
Ấn phân tam đạo châu ngưng hương.,印分三道珠凝香。
"Nghịch Hồ vị diệt tâm vị bình,",逆胡未滅心未平，
Tri tại thử đường trung.,知在此塘中。
Ngân phố lưu vân học thuỷ thanh.,銀浦流雲學水聲。
Như hà nhân giai bất ngã cụ?”,如何人皆不我懼？
Tử lưu mã dĩ Đào Hoa danh.,紫騮馬以桃花名。
Hà tất vấn thuỳ.,何必問誰。
"Hoàng đầu Hề nhi nhật hướng tây,",黃頭奚儿日向西，
"Tiêm điều bi minh, thanh tự vu lại.",纖條悲鳴，聲似竽籟。
Trực dữ tứ chi trì vi ngũ.,直與四肢峙為五。
"Tư cựu hoan nhi bất đắc,",思舊歡而不得，
Bất khiên bất hăng.,不騫不崩。
Ái nãi nhất thanh sơn thuỷ lục.,欸乃一聲山水綠。
Lai khứ trục thuyền lưu.,來去逐船流。
Tâm bất khả ố.,心不可惡。
"Đoản đình lưu thuỷ, trường đình thụ.",短亭流水長亭樹。
"Di binh sở thị duy sang pháo,",夷兵所恃惟槍炮，
Như lý bạc băng.,如履薄冰。
Ngộ ngôn bất mỵ,寤言不寐，
"Vương tôn tái tửu thanh lâu tuý,",王孫載酒青樓醉，
Thiên thặng vạn kỵ tây nam hành.,千乘萬騎西南行。
"Trù trướng thuỳ thế, cầu chi chí thự.",惆悵垂涕，求之至曙。
Mạch thượng thạch duẩn song cao tồn.,陌上石筍雙高蹲。
Thập vạn hàng binh dạ lưu huyết.,十萬降兵夜流血。
Lai vãng biến thường.,來往變常。
"Bão kha dục giáp tuần,",抱痾欲浹旬，
Lệ lạc tình quang nhất thủ thi.,淚落晴光一首詩。
Sinh tự phụ nhân.,生自婦人。
"Kim triêu khai kính hạp,",今朝開鏡匣，
Thị vi trượng phu.,是為丈夫。
Ta ta tạo vật hề dĩ ngã vi sinh?,嗟嗟造物奚以我為生？
Bất tri hà xứ y.,不知何処依。
Tất Hoằng dĩ lão Vi Yển thiểu.,畢宏已老韋偃少。
"Duy dư u kính thảo,",唯餘幽徑草，
Bang nhân tứ chi tỷ phụ mẫu.,邦人思之比父母。
"Trường Giang lưỡng ngạn xướng lâu đa,",長江兩岸娼樓多，
Hữu ác nhân trị.,有惡人治。
Kỳ trung xước ước đa tiên tử.,其中綽約多仙子。
"Giao nam thập nguyệt noãn như xuân,",交南十月暖如春，
"Đương thời xảo tượng trác sơn cốt,",當時巧匠斲山骨，
"Cẩu phi tạo vật chi diệu, hoá công chi chí, an năng trí thị hồ!",苟非造物之妙，化工之至，安能致是乎！
"Hà mạc bất vi,",何莫不為，
Uy di nhất kính khai.,逶迤一徑開。
"Trầm ngâm phóng bát sáp huyền trung,",沈吟放撥插弦中，
"Duy dư tiểu tử,",維予小子，
"Niên thiếu sơ đăng đệ,",年少初登第，
"Thiên nan thầm tư,",天難忱斯，
"Lãn diêu bạch vũ phiến,",懒搖白羽扇，
Thạc nhân chi khuyên.,碩人之寬。
"Đệ tẩu tòng quân a di tử,",弟走從軍阿姨死，
"Nham khẩu bức trắc thế cánh hung,",岩口逼仄勢更凶，
"Đối quân quân bất lạc,",對君君不樂，
"Hiểu phát sơ lâm thuỷ,",曉髮梳臨水，
Bạch Đế từ tiền ai nguyệt minh.,白帝祠前哀月明。
Quá hà do thính mã đề kiêu.,過河猶聽馬蹄驕。
"Cầm, Hướng cao tung mạc bất phan,",禽向高蹤邈不扳，
"Quải hạn mạn chi phong phàm,",掛汗漫之風帆，
Trung tâm huống chi.,中心貺之。
Vô hữu nhất pháp đương hiện tiền.,無有一法當現前。
Bất phẫn tiên quy vũ tế yêu.,不忿先歸舞細腰。
Nam Hồ nhất phiến phong.,南湖一片風。
"Ngư Dương đột kỵ do tinh nhuệ,",漁陽突騎猶精銳，
Kim tào tỳ bà dạ trành trành.,金槽琵琶夜棖棖。
"Ngôn niệm quân tử,",言念君子，
"Mạc Sầu mạo như hoa,",莫愁貌如花，
Nguyên thấp bầu hỹ!,原隰裒矣，
"Triều đường tạp nghị hội nguyên lão,",朝堂雜議會元老，
"Cố hương hành vân thị,",故鄉行雲是，
"Cửu Linh sàm nhi Dương Lý tiến, Hàn hưu lão nhi Diêu Tống tử.",九齡讒而楊李進，韓休老而姚宋死。
"Bạch kim túng hữu phi địa sản,",白金縱有非地產，
Ký bá ký đào.,既伯既禱。
Hán âm tra đầu viễn độn đào.,漢陰槎頭遠遁逃。
"Dục tựu chư công bình thử ngữ,",欲就諸公評此語，
Ta nhĩ nãi tại yếu hoang ngoại.,嗟爾乃在要荒外。
"Toán lai hữu đắc khước vô nan,",算來有得卻無難，
"Cát nhật duy mậu,",吉日維戊、
"Giang ngạn mai hoa chính bạch,",江岸梅花正白，
Thư chỉ thượng khả bác bạch nga.,書紙尚可博白鵝。
Sảnh thuỳ ký khứ tác kỳ truyền?,倩誰記去作奇傳？
Hôn hôn đăng hoả thoại bình sinh.,昏昏燈火話平生。
"Nãi tại Biện Lương chi Vũ Châu,",乃在汴梁之禹州，
"Tự tây tồ đông,",自西徂東，
"Minh giang thệ thuỷ trường lưu tư,",明江逝水長流斯，
Ngọc trợ thuỳ triêu kính,玉箸垂朝鏡，
Mỹ quốc bất đáo.,靡國不到。
Thanh huyết hoá vy nguyên thượng thảo.,清血化為原上草。
Tu tận khâu hác mỹ.,須盡丘壑美。
Dẫn trượng khứ thử tha hà như.,引杖去此他何如。
"Ư ngã hồ,",於我乎
Dĩ yên ti?,已焉哉！
Tiểu phụ cụ khuông trục.,小婦具筐逐。
Sơn tăng vị nhàn quân vật sân.,山僧未閑君勿嗔。
Giải ngọc bội dĩ yếu chi.,解玉佩以要之。
Đồng liễn tuỳ quân thị quân trắc.,同輦隨君侍君側。
Hữu di chi hàng.,有夷之行。
"Phấn tích Lam Sơn,",奮跡藍山，
"Xuân phong xuy hồn hồn bất trụ,",春風吹魂魂不住，
Đồng chỉ tùng quân tình dũ cố.,同指松筠情愈固。
"Vô túng quỷ tuỳ,",無縱詭隨，
Khởi hữu đường đường Trung Quốc không vô nhân!,豈有堂堂中國空無人！
Tướng tốt tương khan vô ý thu.,將卒相看無意收。
"Tiếp kình ba ư vô tế,",接鯨波於無際，
"Tây hành nhất thiên lý,",西行一千里，
Triển dã đại thành.,展也大成！
"Thạch trung thanh lưu trích trích, ly lạc phiêu hương;",石中清流滴滴，籬落飄香；
Mãnh hổ bạch nhật nhiễu thôn hành.,猛虎白日繞村行。
"Ái ái hoa nhị loạn,",藹藹花蕊亂，
Nhất thốn tĩnh địa thiên cổ giai thành.,一寸靜地千古佳城。
Đông lai thác đà mãn cựu đô.,東來橐駝滿舊都。
"Hùng đồ dĩ hĩ vật thuỳ đạo,",雄圖已矣勿誰道，
Thạc nhân chi trục.,碩人之軸。
"Thương thương Trúc Lâm tự,",蒼蒼竹林寺，
Tố ngẫu tự hoan ky.,素藕似歡肌。
Ô hô! Y hi!,嗚呼！噫嘻！
"Ký truân tịch thả an ổn hề,",既窀穸且安穩兮，
"An Nam tiểu bang đẳng lân giới,",安南小邦等鱗介，
Bát động phong tình vô hạn tư.,撥動風情無限思。
Trung hữu phù bình.,中有浮萍。
"Hoài tai, hoài tai!",懷哉、懷哉，
"Hậu tất phú quý,",後必富貴，
Duy dân chi tắc.,維民之則。
"Thuỳ tri cước thặng đặng,",誰知腳蹭蹬，
"Liêu thù nhất khúc đương kiêm tố,",聊酬一曲當縑素，
Trù tích chi dạ mộng dữ Khuất Tử Bình đối ngã ngôn:,疇昔之夜夢與屈子平對我言：
Túy thượng Sơn Công mã,醉上山公馬，
"Thận vật tái phản linh nhân xi,",慎勿再返令人嗤。
Nhân gian kỷ xứ khan.,人間幾處看。
Ngư long tiềm dược thuỷ thành văn.,魚龍潛躍水成文。
Thi bãi năng ngâm bất phục thính.,詩罷能吟不復聽。
Viêm phong nhiệt bất câm.,炎風熱不禁。
"Hồi trường thương khí, điên đảo thất cứ.",徊腸傷氣，顛倒失據。
"Hoán vũ di cung vạn lý sầu,",換羽移宮萬里愁，
"Khứ phục khứ hề như trường hà,",去復去兮如長河，
Tuế diệc dương chỉ.,歲亦陽止。
"Tuy lâm vu tư,",雖臨于茲，
"Thiếu niên thập ngũ nhị thập thì,",少年十五二十時，
"Mai hoa ngân đính cách đái phì,",梅花銀釘革帶肥，
Dĩ hất vu kim.,以迄于今。
Tửu lễ ung dung hội sở thân.,酒醴雍容會所親。
"Sinh đương tác nhân kiệt,",生當作人傑，
"Bỉ nho mạc tác điều nguyên thoại,",鄙儒莫作調元話，
"Di dân trường đoạn tại Lương Châu,",遺民腸斷在涼州，
"Nhị huyễn giai bất tức,",二幻皆不即，
Trung hữu điểm điểm phù khinh âu.,中有點點浮輕鷗。
Khuynh khuông hí chi.,頃筐塈之。
Nhi ức trầm chi?,而抑沉之？
Nhữ phản hữu chi;,女反有之；
"Kỵ mãn quang tiên khuyết,",忌滿光先缺，
"Vị quân trùng phất thức,",爲君重拂拭，
Lưu thuỷ tống lưu niên.,流水送流年。
"Phong phòng thuỷ oa, súc bất tri kỳ kỷ thiên vạn lạc.",蜂房水渦、矗不知其幾千萬落。
Tuy tác nhân hình câu thái sắc.,雖作人形俱菜色。
"Công tòng hà xứ đắc chỉ bản,",公從何處得紙本，
Kiển hà vi hề tịch nùng thuỵ?,蹇何爲兮夕儂睡，
"Cự ngư vô tri tác đằng xước,",巨魚無知作騰踔，
"Hộ thân hạnh hữu lục quân tử,",護身幸有六君子，
"Tuế tuế doanh sào cánh bất thành,",歲歲營巢竟不成，
"Viên thanh thôi bạch phát,",猿聲催白髮，
Cát Lượng “Quý hoà” thư hữu thiên.,葛亮貴和書有篇。
"Phân phân tranh đoạt tuý mộng lý,",紛紛爭奪醉夢裏，
Xạ lạp vi tục.,射獵為俗。
"Mỹ nhân tặng ngã kim thác đao,",美人贈我金錯刀，
Thánh đức hề quang huy.,聖德兮光輝。
Triều há bất tương nghinh.,朝下不相迎。
"Hảo bả thanh ty kết tử sinh,",好把青絲結死生，
Bố diệp gián đàn loan.,布葉間檀欒。
"Thiếu niên cường tráng thị dục quảng,",少年強壯嗜欲廣，
Thạch tháp mãn thương đài.,石榻滿蒼苔。
Đài đầu mãn địa thảo hoa nhàn.,擡頭滿地草花閒。
"Sào Phủ trạo đầu bất khẳng trú,",巢父掉頭不肯住，
"Nhân bả trản canh chước, phách án nhi ngâm vân:",因把盞更酌，拍案而吟云：
"Nhật Bản đông phương pháp tây tư,",日本東方法西斯，
"Duy thử Kiềm Hổ,",維此鍼虎，
Thuỳ gia thu viện vô phong nhập?,誰家秋院無風入？
Kim nhật tự hồn tiêu.,今日自魂銷。
"Cốc đán vu thệ,",穀旦于逝，
"Giang thượng phóng thuyền như phóng mã,",江上放船如放馬，
Hoả liệt cụ cử.,火烈具舉。
"Trần tình luỹ tố thiên xương phi,",陳情累素天閶披，
"Hạp môn lão trĩ tam bách chỉ,",闔門老稚三百指，
Quyết hữu minh trưng.,厥有明徵。
Phụ hề mẫu hề!,父兮母兮，
"Tứ lân tương suất trợ cử xử,",四鄰相率助舉杵，
Oa oa khổ đề thu dạ trường.,呱呱苦啼秋夜長。
"Tự cổ thánh hiền đa bạc mệnh,",自古聖賢多薄命，
"Tải trì tải khu,",載馳載驅，
"Trường khu đông hồ, Hồ tẩu tàng.",長驅東胡胡走藏。
Bất trọng sinh nam trọng sinh nữ.,不重生男重生女。
"Vu thì lữ lữ,",于時廬旅。
Chỉ hợp hình cầu trúc nham sĩ.,只合形求築岩士。
"Bỉ giai kiến quý ư thánh minh chi triều, tử độc hà chi hồ tao nhân chi quốc!",彼皆見貴於聖明之朝，子獨何之乎騷人之國！
Kim xuyến hồng thường cơ thể tố.,金釧紅裳肌体素。
Lệ mặc sái vi thư,淚墨灑為書，
"Nhị chi nhật tạc băng trùng trùng,",二之日鑿冰沖沖，
Nhị thập tứ kiều thu.,二十四橋秋。
Hư đường sinh bạch định hà như?,虛堂生白定何如，
Lộ xa thặng mã.,路車乘馬。
Hữu trai quý nữ.,有齊季女。
Nghiệp tất hữu thành công nãi toàn.,業必有成攻乃全。
"Khải đễ quân tử,",豈弟君子，
Khước phóng đại phụ đương cô tiền.,卻放大婦當姑前。
Lục niên thân thuỷ quy.,六年身始歸。
Bất như sinh tiền nhất tôn tửu.,不如生前一樽酒。
Khước trạo tửu thuyền hồi.,卻棹酒船回。
Vu vân Thục vũ dao tương thông.,巫雲蜀雨遙相通。
Ân cần nhập cố viên.,殷勤入故園。
Song u nhất thất nhàn.,窗幽一室閑。
"Khổ hàn niệm nhĩ y cừu bạc,",苦寒念爾衣裘薄，
"Vô tướng cố nhân tửu,",無將故人酒，
"Trượng phu sinh nhi hữu như thử nhị sồ giả,",丈夫生兒有如此二雛者，
"Quân bất kiến,",君不見：
Hữu điền bất quy như Giang thuỷ.,有田不歸如江水。
"Thần quang ly hợp,",神光离合，
"Thập bức bồ phàm kỷ xích phong,",十幅蒲帆幾尺風，
"Nhất niên tam bách lục thập nhật,",一年三百六十日，
"Hoa đăng túng bác thanh mãn lâu,",華燈縱博聲滿樓，
"Vũ thanh sưu sưu thôi tảo hàn,",雨聲颼颼催早寒，
Thì nguy thảm đạm lai bi phong.,時危慘澹來悲風。
"Hướng lương khí giới, cáo nhân địch dĩ vi tư.",餉糧器械，告因敵以為資。
Lân chử thu thanh phát.,鄰杵秋聲發。
"Nhất tồi vân gian chí,",一摧雲間志，
Tại thuỷ chi my.,在水之湄。
"Khế khoát đàm yến,",契闊談宴，
Tự tân dĩ hiền.,序賓以賢。
Thị như phù vân.,視如浮雲。
"Lang tâm Ngọc ý cộng ân cần,",郎心玉意共殷勤，
"Tương khan nguyệt vị đoạ,",相看月未墮，
Kỳ diệp hữu u.,其葉有幽。
Tân khổ cận đắc tàm sự tất.,辛苦僅得蚕事畢。
"Lục mấn khinh doanh châu thuý trang,",綠鬢輕盈珠翠妝，
"Nguyệt ám tống triều phong,",月暗送潮風，
Vị ngã huyền ca.,為我弦歌。
"Thi cưu tại tang,",鸤鳩在桑，
Ái khí nhật trì trì.,曖氣日遲遲。
"Đại phu túc thoái,",大夫夙退，
"Hồ già phách đoạn huyền băng kết,",胡笳拍斷玄冰結，
Thù dị hồ công tộc.,殊異乎公族。
"Ấp bỉ chú tư,",挹彼注茲，
Di Đình khán triện giao long triền.,怡亭看篆蛟龍纏。
"Tuân bỉ vi hàng,",遵彼微行，
"Quân bất kiến, ba lãng hân thiên khả hạm nguy,",君不見波浪掀天舸艦危，
Thiều thiều bán tử phân.,迢迢半紫氛。
Ung ung dĩ nhạ giai giai;,雍雍以迓喈喈；
Hà bất tác nhân?,遐不作人？
Hiệp tử sào chi.,挾子巢枝。
Lai tòng hà lai khứ hà khứ.,來從何來去何去。
"Nhân ngữ hề tịch lịch,",人語兮寂歷，
Bạc địa cung canh.,薄地躬耕。
Cửu trùng cao vọng nguyệt như ba.,九重高望月如波。
"Thảo thảo bôi bàn cung tiếu ngữ,",草草杯盤供笑語，
"Kỳ dư thất thất diệc thù tuyệt,",其餘七匹亦殊絕，
"Dữ quân thành tựu loan phượng hữu,",與君成就鸞鳳友，
Niệm thánh nhân chi thể đạo; cố ư tư nhi hữu đắc.,念聖人之體道；固於斯而有得。
"Trần Trí, Sơn Thọ văn phong nhi sỉ phách,",陳智山壽聞風而褫魄，
"Ngũ lăng hào quý phản điên đảo,",五陵豪貴反顛倒，
"Khai kim trường tái mạo lam chướng nhi phủ sơn đào sa,",開金場塞冒嵐瘴而斧山淘沙，
"Thành nam mã cứu cận đại hải,",城南馬廄近大海，
"Hứa quốc trì khu ngũ thập niên,",許國馳驅五十年，
"Thị loại thị mã,",是類是禡，
Thiên tử vạn thọ.,天子萬壽。
"Lão phu bình sinh hiếu kỳ cổ,",老夫平生好奇古，
Mỹ chiêm mỹ cố.,靡瞻靡顧。
"Ác thi tẩu bút bất cảm tả,",惡詩走筆不敢寫，
Hữu thành chỉ tại hảo tinh chuyên.,有成只在好精專。
Học ngữ tiểu nhi tri tính danh.,學語小兒知姓名。
"Phong vũ dĩ thời, bách cốc dụng thành.",風雨以時，百穀用成。
Lạp tửu nhất khuynh liên sổ chi.,腊酒一傾連數卮。
"Trung lộ bất khả túc,",中路不可宿，
Ngã tâm tắc di.,我心則夷。
"Đào hoa ổ lý đào hoa am,",桃花塢裏桃花庵，
"Sơ thông huề lũng phòng loạn miêu,",疏通畦垅防亂苗，
"Thủ đề nhất bức mô hồ long,",手提一幅糢糊龍。
"Dư Hàng ấp khách đa ky bần,",餘杭邑客多羈貧，
"Tề Hoàn chi bá,",齊桓之霸，
Viên táng kỳ mã.,爰喪其馬？
Ly nhân thính chi sầu nhập mộng.,離人聽之愁入夢。
Phương xã bất mộ.,方社不莫。
"Hữu ly hữu hoàng,",有驪有黃，
Sơn hà tráng đế cư.,山河壯帝居。
Hảo tự Tinh Châu hoa tiễn đao.,好似並州花剪刀。
"Dao vọng Tề Châu cửu điểm yên,",遙望齊州九點煙，
"Lão lai hối tích nham huyệt cư,",老來晦跡岩穴居，
Ư thị:,於是：
Vương hậu chưng tai!,王后烝哉！
"Huýnh chước bỉ hành lạo,",泂酌彼行潦，
Dĩ hách quyết linh.,以赫厥靈。
Tích sơn thổ điền.,錫山土田。
"Do tự đương thời hồ thuỷ sắc,",猶似當時湖水色，
Xuất môn nhất tiếu đại giang hoành.,出門一笑大江橫。
Hùng trấn Kinh Châu kế ngô tổ.,雄鎮荊州繼吾祖。
"Liễn sâm hiến chí, phủ ngưỡng quan quang.",輦琛獻贄，俯仰觀光。
"Ta hành chi nhân,",嗟行之人，
Phòng tinh bản thị tinh.,房星本是星。
"Ba Giang thượng giáp trùng phục trùng,",巴江上峽重復重，
"Phong vũ tiêu tiêu,",風雨瀟瀟，
Tiền than hậu than bạch như luyện.,前灘後灘白如練。
"Phi quân xướng nhạc phủ,",非君唱樂府，
"Văn định quyết tường,",文定厥祥，
Đông phong xuy mộng đáo Trường An.,東風吹夢到長安。
"Thăng giai ủ lũ tiến bô tửu,",升階傴僂薦脯酒，
"Tu du hốt tự ba tâm thượng,",須臾忽自波心上，
"Nô thai tiền lộ do vị bì,",駑駘前路猶未疲，
Hất khả tiểu tức.,汔可小息。
"Phụ tử nhẫn chi,",父子忍之，
Chử thanh vị tận nhân giai tử.,杵聲未盡人皆死。
"Chi tử vu quy,",之子于歸，
"Thi hoài sái lạc chỉ chinh sung,",詩懷洒落旨怔忡，
Thủ như phi bồng.,首如飛蓬。
"Tam quân tán tận tinh kỳ đảo,",三軍散盡旌旗倒，
Thanh Khê quy khách vị tằng miên.,青溪歸客未曾眠。
Đốc sinh thần võ.,篤生神武。
Thành trung tăng mộ hàn.,城中增暮寒。
Thuỳ vị nhữ vô công?,誰謂女無家？
"Thúc hề, Bá hề!",叔兮、伯兮，
Bạc ngôn loát chi.,薄言捋之。
Thuỳ đái quỵ hề!,垂帶悸兮。
Tận tương hồng trạch uỷ ngư uyên.,盡將鴻宅委魚淵。
"Lục bỉ tiêu tư,",蓼彼蕭斯，
"Cẩm quan dịch ngoại tạp minh tuyền,",錦官驛外雜鳴泉，
Hà Đông nữ nhi thân tính Liễu.,河東女兒身姓柳。
Bất tu trân dị thâu thiên đô.,不須珍異輸天都。
Thị đào thị vũ chí.,是濤是雨至。
Cẩm tác liên hoa phủng thuý bàn.,錦作蓮花捧翠盤。
"Khai Nguyên chi trung thường dẫn kiến,",開元之中常引見，
Do tác bảo đao minh.,猶作寶刀鳴。
"Khởi đặc hoả khí vô sở thi,",豈特火器無所施，
"Giai nhân độc thủ tình mặc mặc,",佳人獨守情默默，
Ung ung minh nhạn,雝雝鳴雁，
Khế Hư chính dục cừu tam bành.,契虛正欲仇三彭。
Vô thực ngã trực.,無食我麥！
"Hà tất đãi đa ngôn,",何必待多言，
"Bỉ ký chi tử,",彼其之子，
Đại ẩn Kim Môn thị trích tiên.,大隱金門是謫仙。
Đổ chi vi thuỵ.,睹之為瑞。
"Quân nãi năng tựu nghĩa, nan đắc giả vạn thế kinh độc thủ, Thú Dương thiên tải hậu do văn.",君乃能就義，難得者萬世經獨守，首陽千載後猶聞。
Ngã ca kim dữ quân thù khoa.,我歌今與君殊科。
Lang hành kỷ thì quy?,郎行幾時歸？
"Duy quân tử mệnh,",維君子命，
"Chiếu ngã suy nhan hốt lạc địa,",照我衰顏忽落地，
"Đoan châu thạch công xảo như thần,",端州石工巧如神，
Phản kỳ chân nhi hựu hề hoá da?,反其真而又奚化耶？
"Trượng phu chính sắc động dẫn kinh,",丈夫正色動引經，
Khảng khái tôn tiền vị thuỳ vũ.,慷慨樽前為誰舞。
"Xuân sắc mãn bình vu,",春色滿平蕪，
Hậu Tắc cô hĩ.,后稷呱矣。
Như trác như ma.,如琢如磨。
Phong lưu tấn tướng phân thân trụ.,風流儐相紛紳冑。
"Hướng phi Lưu Hạo vi địa chủ,",向非劉顥為地主，
"Thiên gia chi thân bản vinh quý,",天家之親本榮貴，
Huề thủ lâm tuyền xứ xứ hành.,攜手林泉處處行。
Thử hậu giao du cánh hà tự.,此後交遊更何似。
"Hoà mục vi tiên,",和睦為先，
Vi ngã hữu cữu.,微我有咎！
"Linh u thính vi,",靈幽聽微，
Hữu tửu bất ẩm nại minh hà.,有酒不飲奈明何。
"Minh kính duy tri lão,",明鏡唯知老，
"Thiếu niên ly biệt ý phi khinh,",少年離別意非輕，
Phi hướng ngô giang cận quân trắc.,飛向吳江近君側。
"Ngô văn chi: mục dụng triệu tốt, đại phá lâm hồ, khai địa thiên lý, độn đào hung nô. Hán khuynh thiên hạ, tài đàn lực phô. Nhậm nhân nhi dĩ, kỳ tại đa hồ? Chu trục hiểm duẫn, bắc chí thái nguyên, ký thành sóc phương, toàn sư nhi hoàn. Ẩm chí sách huân, hoà nhạc thả nhàn. Mục mục lệ lệ, quân thần chi gian. Tần khởi trưởng thành, cánh hải vi quan; đồ độc sinh linh, vạn lý châu ân. Hán kích hung nô, tuy đắc âm sơn, chẩm hài biến dã, công bất bổ hoạn.",吾聞之：牧用趙卒，大破林胡，開地千里，遁逃匈奴。漢傾天下，財殫力痡。任人而已，其在多乎？周逐玁狁，北至太原，既城朔方，全師而還。飲至策勳，和樂且閑。穆穆棣棣，君臣之間。秦起長城，竟海為關；荼毒生靈，萬里朱殷。漢擊匈奴，雖得陰山，枕骸遍野，功不補患。
"Đãn lệnh thiên nhật tuý,",但令千日醉，
"Kinh khê bạch thạch xuất,",荊谿白石出，
Do tự Nghê thường vũ y vũ.,猶似霓裳羽衣舞。
Y bạc nan câm tiễn tiễn hàn.,衣薄難禁剪剪寒。
Mộ đăng thiên tử đường.,暮登天子堂。
Tại quynh chi dã.,在垧之野。
Tịnh khu tùng lưỡng kiên hề.,并驅從兩肩兮，
Ưu tâm ân ân.,憂心殷殷。
Vương phối vu kinh.,王配于京。
Hoan hậu khước vong cựu khổ gian.,歡後卻忘舊苦艱。
"Vân nhật tuy hồi chiếu,",雲日雖回照，
"Ngũ niên khởi gia liệt sương kích,",五年起家列霜戟，
"Giáo phụ sơ lai,",教婦初來，
"Ta tự cổ thuỳ năng vô tử, dục liễu phận khủng hoặc thương nhân.",嗟自古誰能無死，欲了分恐或傷仁。
Ngôn chí ư Tầu.,言至于漕。
Thứ vô đại hối.,庶無大悔。
Nội phủ ân hồng mã não bàn.,內府殷紅瑪瑙盤，
Tương linh khúc chung ban trúc liệt.,湘靈曲終斑竹裂。
Đề huề biệt tảo thanh khê khúc.,提攜別掃清溪曲。
"Cồ Việt quốc đương Tống Khai Bảo,",瞿越國當宋開寶，
Vị tri xảo dữ chuyết.,未知巧與拙。
"Vị tích uyên ương điểu,",為惜鴛鴦鳥，
Xuân quy điểu tự đề.,春歸鳥自啼。
Cánh hướng quận trai văn.,更向郡齋聞。
Ưu lai vô phương.,憂來無方。
"Liệt Hoàng thừa vân ngự lục long,",烈皇乘雲御六龍，
Tây du nhân hiến “Trường dương phú”.,西遊因獻長楊賦。
Can tất trực thượng vô hồi dung.,干悉直上無回容。
Bất ưu ốc đảo ưu hoa lạc.,不憂屋倒憂花落。
Cơ lai khiết phạn.,饑來喫飯。
"Mạt Lăng đa sĩ nữ,",秣陵多士女，
"Nhược phất thính hề chỉ dĩ ngô câu,",若弗聽兮止以吳鉤，
Nộ liệt la quần phi tuyết cổ.,怒裂羅裙披雪股。
Yêu ngã xuy ngọc sanh.,邀我吹玉笙。
Thân cập nhất dương sinh.,身及一陽生。
Bất đạo thiếp nhan tiêu bạch ngọc.,不道妾顏銷白玉。
Như tam thu hề!,如三秋兮！
Như phí như canh.,如沸如羹。
"Yểm hữu tứ phương,","奄有四方,"
Dĩ phất vô tử.,以弗無子。
"Lai tòng Ngư Phúc nhân tận nhạ,",來從魚腹人盡訝，
"Nhược vị mộc vô hoả,",若謂木無火，
"Càn khôn ký bĩ nhi phục thái,",乾坤既否而復泰，
Bất tiện tương tri.,不便相知。
"Lô tư đắc ý thanh giang mộc,",鸕鷥得意清江沐，
Thủ lạc huyên hô giác thuyền trọng.,取樂喧呼覺船重。
Thâm tư tai:,深思哉：
Đương tiền thả thính xuân cầm lộng.,當前且聽春禽哢。
Phát thiên quang hề ngô hi hi.,發天光兮吾熙熙。
"Trương Chu thuỷ tác đô hộ thì,",張舟始作都護時，
"Hồng trần bạch lãng lưỡng mang mang,",紅塵白浪兩茫茫，
"Không trung du ty dĩ vô lại,",空中游絲已無賴，
"Sơn điểu quần phi,",山鳥羣飛，
Kỳ thuỳ tri chi?,其誰知之？
"Đãn ưng thử tâm vô sở trụ,",但應此心無所住，
Tuân hu thả lạc.,洵訏且樂。」
Tiểu nhân sở phì.,小人所腓。
"Chung sơn như long độc tây thướng,",鍾山如龍獨西上，
"Thạch trung vô thanh thuỷ diệc tĩnh,",石中無聲水亦靜，
Mạnh công tứ hải văn chương bá.,孟公四海文章伯。
"Lữ Gia mưu bạn ám hưng binh,",呂嘉謀叛暗興兵，
Bạch dư tố xa tranh lộ hành.,白轝素車爭路行。
Phượng quản phát Chiêu Dương.,鳳管發昭陽。
Hư không mãng mãng tứ xứ tuyệt đạo lương.,虛空莽莽四處絕稻梁。
Tiền nhân di tích hậu nhân ai.,前人遺跡後人哀。
Miêu khuyển giác uế quân mạc sân.,貓犬角穢君莫嗔。
Nhật nhật vọng thanh loan.,日日望青鸞。
"Thượng đế liên sầm tịch,",上帝憐岑寂，
Bích hoả xuy sào song trát dũ.,碧火吹巢雙猰貐。
Di thốc thượng đái cần vương tự.,遺鏃尚帶勤王字。
"Dương chi thuỷ,",揚之水，
Tác bệnh hà ưu nhị thụ nhi.,作病何憂二豎兒。
"Tử Dương chi chân nhân,",紫陽之真人，
"Hữu đệ, hữu đệ tại viễn phương,",有弟有弟在遠方，
Cổ trứu khuyết lạc sinh âm đài.,古甃缺落生陰苔。
"Chủ nhân bất thị tâm khâu hác,",主人不是心丘壑，
Phúc giáng tại nguyên.,复降在原。
"Hậu sóc vọng chi kinh trần, cảnh sĩ tốt chi đoạ thỉ.",侯朔望之驚塵，警士卒之惰弛。
"Ngã tống cữu thị,",我送舅氏，
Bất khả tảo dã.,不可掃也。
"Cự nghiệp duy tung,",虡業維樅，
"Hoang điền nhất phiến thạch,",荒田一片石，
"Hoãn ca mạn vũ ngưng ty trúc,",緩歌慢舞凝絲竹，
Nhật nguyệt kỳ lệ.,日月其邁。
"Hồ già oán hề tương tống quân,",胡笳怨兮將送君，
"Ức tích tuần hạnh Tân Phong cung,",憶昔巡幸新豐宮，
Nhất triêu tuyển tại quân vương trắc.,一朝選在君王側。
"Đoạ lai vật vị do đa nhật,",惰來勿謂猶多日，
Lão tùng khôi ngô sổ bách niên.,老松魁梧數百年。
Đào hoa ánh diện hồng.,桃花映面紅。
Linh lạc phiêu luân cổ ngục biên.,零落飄淪古獄邊。
Hoa phi nhân quyện dịch hoàng hôn,花飛人倦易黃昏；
"Kỳ phệ bất chỉ,",斯逝不至，
Thiên tử vạn niên.,天子萬年。
Tự thể bất loại lệ dữ khoa.,字體不類隸與科。
"Hữu mỹ nhất nhân,",有美一人，
"Cư nhân tận thuyết phong ba ác,",居人盡說風波惡，
Phong cao nguyệt ảnh viên.,風高月影圓。
"Ô hô lục ca hề ca cảm kích,",嗚呼六歌兮歌感激，
"Đạo Châu thủ trát thích phục chí,",道州手札適復至，
Tôn tiền hoàn hữu cẩm triền đầu.,尊前還有錦纏頭。
Phúc qua trảo táo.,疈瓜抓棗。
Nhàn đài viện lạc môn không yểm,閑苔院落門空掩，
Khốc bãi quân thân tái tương kiến.,哭罷君親再相見。
"Vạn lý nhân nam khứ,",萬里人南去，
Nghiễm doãn chi cố.,玁狁之故。
Diệt chúc giải la thường,滅燭解羅裳。
"Phong quang nhiễm nhiễm đông tây mạch,",風光冉冉東西陌，
Cô niên lão đại mạc khổ bi.,姑年老大莫苦悲。
"Ký kiến quân tử,",既見君子，
"Tống quân nhất tuý tây sơn quách,",送君一醉西山郭，
Mao quyền nhĩ tập khí bất dương.,毛拳耳戢氣不揚。
Vũ tuyết kỳ phi.,雨雪其霏。
"Hữu vị du ngư khiên lục tảo,",有味遊魚牽綠藻，
"Toạ khán hồng thụ bất tri viễn,",坐看紅樹不知遠，
An tây lộ tuyệt quy bất đắc.,安西路絕歸不得。
"Thị phạt thị tứ,",是伐是肆，
"Lâm Dĩnh mĩ nhân tại Bạch Đế,",臨穎美人在白帝，
"Thiên linh nhân sự nhất triêu không,",千齡人事一朝空，
"Trung ương cộng mục,",中央共牧，
"Khải chi tịch chi,",啓之辟之，
Xứ xứ tương phùng.,處處相逢。
"Thực chi ẩm chi,",食之飲之，
Ta ngã hà ngôn.,嗟我何言。
Phì nhục đại tửu đồ tương yêu.,肥肉大酒徒相要。
Ngã tâm tắc hỉ.,我心則喜。
"Ngã phúc bất bão bão tha nhân,",我腹不飽飽他人，
"Kỳ tượng vô song, kỳ mỹ vô cực.",其象無雙，其美無極。
Trọng khả hoài dã.,仲可懷也，
"Tiền sơn kê minh dạ dục bán,",前山雞鳴夜欲半，
Như trí như hiên.,如輊如軒，
Thanh viên vô đoạn thì.,清猿無斷時。
Thiên biên vọng khoát hải chi đông.,天邊望闊海之東。
"Nghĩ chu nhất trường khiếu,",艤舟一長嘯，
Kim triêu kỷ cá lai?,今朝幾個來?
Tắc lịch lịch như Vân Du chi sở ký.,則歷歷如雲遊之所記。
"Thanh niên tăng sản đắc,",青年增產得，
Ứng đương môn hộ vô dư đinh.,應當門戶無余丁。
"Nam Nội phương khán khởi Quế Cung,",南內方看起桂宮，
Yên miên bích thảo thê thê trưởng.,煙綿碧草萋萋長。
"Lão mã vi câu tín bất hư,",老馬為駒信不虛，
Tam Quy tịch hề ngư long động.,三歸寂兮魚龍洞。
"Nhược vô nhân hạ chủng,",若無人下種，
"Điểm kiểm oanh hoa ngâm bất tận,",點檢鶯花吟不盡，
Tiêu sấu khả liên mẫn.,消瘦可憐憫。
"Thục sơn ngột, A Phòng xuất.",蜀山兀、阿房出。
Tự tiên công tù hĩ.,似先公酋矣。
"Trương gia công tử dạ văn vũ,",張家公子夜聞雨，
"Tượng vật hành Chu lễ,",象物行周禮，
"Bàn cứ thiên thu do bạch địa,",盤據千秋猶白地，
Yến vũ thuý duy trần.,燕舞翠帷塵。
Uyển chuyển dương hoa do bách thái.,宛轉楊花猶百態。
"Tạc lai đỗ quyên khuyến quy khứ,",昨來杜鵑勸歸去，
Tài khinh ân trọng bệnh tăng đa.,才輕恩重病增多。
Bản tự tuế hàn lai,本自歲寒來。
"Bàn Khê chi thuỷ, thanh thả liên y!",磻溪之水，清且漣漪！
"Ẩn kỳ lôi,",殷其雷，
"Thiểm nhập mạc chi gia tân, hà mệnh đề chi thịnh ý.",忝入幕之嘉賓，苛命題之盛意。
"Thanh văn toạ thiền ngã vô toạ,",聲聞坐禪我無坐，
"Tân đài hữu tiển,",新臺有灑，
Thủ khả trích tinh thần.,手可摘星辰。
Thế gian không hữu Thu phong từ.,世間空有秋風詞。
"Tàng nha hệ mã vãn lâu biên,",藏鴉繫馬晚樓邊，
Nội thực tắc cường.,內實則強。
"Thân Bá phiên phiên,",申伯番番，
Kỵ giả hà nhân khán giả hy.,騎者何人看者稀。
"Kỳ đức bất sảng,",其德不爽，
"Hoà đầu sinh nhĩ thử tuệ hắc,",禾頭生耳黍穗黑，
Tài bạc tương nại thạch cổ hà.,才薄將奈石鼓何。
Nam bắc đông tây thường sự nhĩ.,南北東西常事爾。
Bất lưu thúc tân.,不流束薪。
"Song kỷ thuỳ phòng, củ chi hoàn hội.",雙椅垂房，糾枝還會。
"Vọng Di cung trung lộc vi mã,",望夷宮中鹿為馬，
"Thành sự bất thuyết,",成事不說，
"Ta ngã phụ tử,",嗟我婦子，
"Tiên tâm tòng thử tại Dao Trì,",仙心從此在瑤池，
Kim niên ty thuế trừu trưng tảo.,今年絲稅抽徵早。
"Lạc thái hoà hề vi huân,",樂太和兮微薰。
"Ngoã sâm si hề thôn biên tự,",瓦參差兮村邊寺。
"Sơn đào khê hạnh thiểu ý tứ,",山桃溪杏少意思，
"Huống phục bất văn phụ mẫu ngôn,",況復不聞父母言，
"Hưởng tân khao sĩ yến tam quân,",享賓犒士宴三軍，
"Bát phong vũ dao cách,",八風儛遙翮，
Tuý cước đảo đạp thanh vân quy.,醉腳倒踏青雲歸。
Hựu bất kiến:,又不見：
Pha tự Long Tương há Tam Thục.,頗似龍驤下三蜀。
"Hư triêm Chu Cử vi hàn thực,",虛沾周舉為寒食，
"Giang đầu cung điện toả thiên môn,",江頭宮殿鎖千門，
"Tiếu nhập hà hoa khứ,",笑入荷花去，
"Hữu tử thất nhân,",有子七人，
"Thiếu phụ thành nam dục đoạn trường,",少婦城南欲斷腸，
Tiếu khích trung hề lục ký.,笑隙中兮六驥。
"Ta ngã hoài nhân,",嗟我懷人、
Viên chúng viên hữu.,爰眾爰有。
"Hà tu bạc mệnh thiếp,",何須薄命妾，
"Tắc đốc kỳ khánh,",則篤其慶，
Diệc phiếm kỳ lưu.,亦泛其流。
"Quân khan vọng quân xứ,",君看望君處，
Khủng kinh thiên thượng nhân.,恐驚天上人。
"Đãn sử tàn niên bão cật phạn,",但使殘年飽吃飯，
"Hữu cú vô cú,",有句無句，
"Lục triều giai lệ vãn yên phù,",六朝佳麗晚煙浮，
"Khởi hữu tứ đề tật ư điểu,",豈有四蹄疾於鳥，
"Đồng thì bối lưu đa thượng đạo,",同時輩流多上道，
"Nam Phố thê thê biệt,",南浦淒淒別，
"Nhất phiến tha hương nguyệt,",一片他鄉月，
Hữu thử vũ công;,有此武功；
Hạo xỉ minh mâu chiếu man thổ.,皓齒明眸照蠻土。
"Ngư Dương đột kỵ lạp thanh khâu,",漁陽突騎獵青丘，
Cao Dương nhất tửu đồ.,高陽一酒徒。
Bàng thử yên hà mao khả tru.,傍此煙霞茅可誅。
Điền uỷ câu hác ưng vô nghi.,填委溝壑應無疑。
Tương đối dao tương vọng.,相對遙相望。
"Phi tuyết đới xuân phong,",飛雪帶春風，
Khiến thiên chi muội.,俔天之妹。
"Tiểu khạp nhị thăng tửu,",小榼二升酒，
"Bất giải vu vị,",不解于位，
"Lượng khí ứng chi thích nhiên, diệc thánh hiền chi lực trí.",諒氣應之適然，亦聖賢之力致。
"Cố nhân tòng quân tại Hữu Phụ,",故人從軍在右輔，
Hất khả tiểu khang.,汔可小康。
Hoặc thập thuý vũ.,或拾翠羽。
"Xuân thâm vô khách đáo,",春深無客到，
"Tạc nhật lãnh biểu động tư tu,",昨日冷飚動髭須，
Long tranh hổ đấu giao tương trì;,龍爭虎鬥交相持。
Ly ngoại lộ phồn chi.,籬外露繁枝。
"Hữu phỉ quân tử,",有匪君子，
Thái thương nhất lạp túc.,太倉一粒粟。
"Hùng tư dật thái hà tù tuỵ,",雄姿逸態何崷崒，
Tả hữu thủ bác vương hoàn trụ.,左右手搏王環柱。
"Thời ký mộ hề tiết dục xuân,",時既暮兮節欲春，
Hiền nhị lang năng đại huynh quyển phủ cửu nguyên vân giá […] cấp tòng.,賢二郎能大兄卷府九原雲駕【…】急從。
Trung tâm dưỡng dưỡng.,中心養養。
"Xan Hà lâu thượng động tiên nhạc,",餐霞樓上動仙樂，
"Thuỳ nhuy ẩm thanh lộ,",垂緌飲清潞，
Thôn thổ phong nguyệt thanh ngung ôi.,吞吐風月清隅隈。
"Nhất tâm vô quải ngại,",一心無掛礙，
Thử tâm dĩ trục quy yên phát.,此心已逐歸鞍發。
Gia gia ngưu tửu khao vương sư.,家家牛酒犒王師。
"Viết “Nhân giả thọ”,",曰「仁者壽」，
"Tứ phương du đồng,",四方攸同，
Sắc tứ san hô bạch ngọc tiên.,敕賜珊瑚白玉鞭。
Pháp tính bản tương đồng.,法性本相同。
Vị tha nhân quân.,謂他人昆。
"Tá vấn Tương Dương lão,",借問襄陽老，
Căng già sa số.,兢伽沙數，
"Chương Đài đế thành xưng quý lý,",章台帝城稱貴裏，
An đắc mẫu phú tử bất bần.,安得母富子不貧。
Tiếu thanh bích hoả sào trung khỉ.,笑聲碧火巢中起。
"Thốn tâm ngôn bất tận,",寸心言不盡，
Hội đắc chân như thể tự đồng.,會得真如体自同。
"Quân tử cẩn ngôn,",君子謹言，
Nhân diệc hữu ngôn:,人亦有言：
Bộc bố chi thuỷ nguyên hà lai?,瀑布之水源何來？
Phi quỷ phi nhân cánh hà vật.,非鬼非人竟何物。
Chinh phu bất viễn.,征夫不遠。
"Xuân giang sầu tống quân,",春江愁送君，
"Bạc ngôn vãng tố,",薄言往愬，
"Y hy ký đắc Kỳ dữ Nguyễn,",依稀記得祁與阮，
Thiếu ly tán vong.,少離散亡。
Thập nguyệt địch trường.,十月滌場。
Bất tình bất tự thuỳ năng hiểu!,不情不緒誰能曉！
Tục kỵ nhất triêu nhàn.,俗忌一朝閑。
"Kỳ hãn mạn nhi vô tế hề,",期汗漫而無際兮，
"Phí tâm cô tức thị nhất dịch,",費心姑息是一役，
Chỉ xích ưng tu luận vạn lý.,咫尺應須論萬里。
"Bát phương văn chi,",八方聞之，
"Hà hoàn xuyên tự lư xã khâu lăng,",何環穿自閭社丘陵，
"Mưu tang bất tòng,",謀臧不從、
Tiệm khủng nhân gia hoá vi tự.,漸恐人家化為寺。
"Sơn trung tương tống bãi,",山中相送罷，
"Tâm phảng phất thổ nê chi dẫn, thân y hy đầu chúc chi nga.",心彷彿吐泥之蚓，身依稀投爥之蛾。
"Thượng đế ký mệnh,",上帝既命，
Vạn lý cô thần hạc khiếu ai.,萬里孤臣鶴叫哀。
Bán tác Lũng Sơn sơn hạ cốt.,半作隴山山下骨。
Tòng nhĩ hà sở chi?,從爾何所之？
Hựu thị hạ thuế tương thôi thì.,又是夏稅相催時。
"Kỷ độ phú quy lai lộc động đào viên tự hữu chân nhạc,",幾度賦歸來鹿洞桃園自有真樂，
Thức lệ tương tư hàn lậu trường.,拭淚相思寒漏長。
"Thanh phong xuy bất đoạn,",清風吹不斷，
"Ly gia thập niên hề, phụ mẫu sinh biệt,",離家十年兮，父母生別，
"Thủ hàm tây sơn lộc,",首銜西山麓，
"Một Phồn bị tù tư Hán thổ,",沒蕃被囚思漢土，
Vân tồ hà vãng?,云徂何往？
"Dao tri độc đối phong chương thảo,",遙知獨對封章草，
"Lâm bích thuỷ chi thanh trì, vịnh phù dung chi Nhạc phủ.",臨碧水之清池，詠芙蓉之樂府。
"Triêu vi điền xá lang,",朝為田舍郎，
"Khất thủ ma ni chiếu trọc thuỷ,",乞取摩尼照濁水，
Đại bang hữu tử.,大邦有子。
Sở nữ yêu chi diệc khả liên.,楚女腰肢亦可憐。
Dĩ vô bồi vô khanh.,以無陪無卿。
"Tây Thi nghi tiếu phục nghi tần,",西施宜笑復宜顰，
Không không độ hải chu,空空渡海舟。
Đông đạo thương hải.,東蹈滄海。
Thiên tử môn sinh canh cố nhân.,天子門生更故人。
"Bỉ tắc chi miêu,",彼稷之苗。
"Bàn bàn yên, khuân khuân yên,",盤盤焉、囷囷焉、
Trường đoạn tiên lang cách niên biệt.,腸斷仙郎隔年別。
Bất tín Nam Hoa thức nhất quan.,不信南華識一觀。
Hựu bất kiến:,又不見：
"Viên kết thằng dĩ vi ước hề, cố vị tri phù kỷ thuật.",爰結繩以為約兮，固未知夫紀述。
"Yếu thức Lư sơn diện,",要識廬山面，
Kim độ nhãn tình ngân thiếp xỉ.,金鍍眼睛銀貼齒。
"Lập ngã chưng dân,",立我烝民，
"Chinh thú tại Tang Càn,",征戍在桑乾，
"Chiếu thất hồng lô xúc thự quang,",照室紅爐促曙光，
"Huýnh xuất trần chi tiên cốt, lẫm tích cốc chi cù nhan.",迥出塵之仙骨，凜辟穀之臞顏。
"Ba cơ ỷ ca Hán nữ hoà,",巴姬倚歌漢女和，
Nhật mộ tống phu quân.,日暮送夫君。
- Hà vi kỳ nhiên dã?,「何為其然也？」
"Cảm thử bách niên thân,",感此百年身，
Bạn giả thập quốc.,畔者十國。
Hà cô kim chi nhân?,何辜今之人？
Đại Cô san hạ lãng như san.,大孤山下浪如山。
Ký sai ngã mã.,既差我馬。
Đăng tiền vạn lý tâm.,燈前萬里心。
Hà như:,何如：
"Âu Dương tử phương dạ độc thư, văn hữu thanh tự tây nam lai giả, tủng nhiên nhi thính chi, viết: “Dị tai! Sơ tích lịch dĩ tiêu táp, hốt bôn đằng nhi phanh vi; như ba đào dạ kinh, phong vũ sậu chí; kỳ xúc ư vật dã, thung thung tranh tranh, kim thiết giai minh; hựu như phó địch chi binh, hàm mai tật tẩu, bất văn hiệu lệnh, đãn văn nhân mã chi hành thanh.” Dư vị đồng tử: “Thử hà thanh dã? Nhữ xuất thị chi!” Đồng tử viết: “Tinh nguyệt hiệu khiết, minh hà tại thiên; tứ vô nhân thanh, thanh tại thụ gian.”",歐陽子方夜讀書，聞有聲自西南來者，悚然而聽之曰︰「異哉﹗初淅瀝以瀟颯，忽奔騰而砰湃；如波濤夜驚，風雨驟至；其觸於物也，鏦鏦錚錚，金鐵皆鳴；又如赴敵之兵，啣枚疾走，不聞號令，但聞人馬之行聲。」予謂童子︰「此何聲也？汝出視之﹗」童子曰︰「星月皎潔，明河在天；四無人聲，聲在樹間。」
Tinh phù du nhi xuất cương.,精浮游而出畺。
Thử hà nhân tai?,此何人哉！
Diệc khủng thành ngoại đạo tặc khởi.,亦恐城外盜賊起。
Yển cái trùng trùng phất thuỵ vân.,偃蓋重重拂瑞雲。
Tại bỉ trung chỉ.,在彼中沚。
"Khúc chung yếm ứ lạo đồng bộc,",曲終厭飫勞童仆，
"Du du thân thế ỷ lan can,",悠悠身世倚欄杆，
Đường trung viễn thậm Thương Ngô dã.,堂中遠甚蒼梧野。
Thượng than hạ than huỳnh hoả minh.,上灘下灘螢火明。
"Tả thư thiết quan tự hán đại,",寫書設官自漢代，
"Dữ quân đồng chu khứ,",與君同舟去，
Tạm du Đào Nguyên lý.,暫遊桃源裏。
Duy dĩ bất vĩnh thương.,維以不永傷。
"Cửu hữu vong cơ hứng,",久有忘機興，
"Thị nhật khiên lai xích trì hạ,",是日牽來赤墀下，
Thượng quốc phồn hoa hạnh thân đổ.,上國繁花幸親賭。
Thanh thượng lung yên bạch ngưng tuyết.,青尚籠煙白凝雪。
"Nguyên Gia tử cập Đàn tướng quân,",元嘉死及檀將軍，
"Đông chi dự,",冬之夜，
Tả hữu lưu chi.,左右流之。
"Quái sự, quái sự, bất nhẫn văn,",怪事怪事不忍聞，
"Tịch dương liêm lung giang thượng lâu,",夕陽帘櫳江上樓，
"Sắt bỉ tạc vực,",瑟彼柞棫，
"Thái thái phù dĩ,",采采芣苡、
Quy toạ đàn cầm tứ du viễn.,歸坐彈琴思逾遠。
Mật tảo nhất hoằng dưỡng.,密藻一泓養。
Dĩ cẩn vô lương.,以謹無良。
"Tề hoàn, Lỗ cảo xa ban ban,",齊紈魯縞車班班，
Tâm vô vọng tư.,心無望思。
"Hiền đức chi nhân,",賢德之人，
Hoa tiếu nhân sinh giã thị ngai.,花笑人生也是呆。
"Tiều tuỵ phùng tân tuế,",憔悴逢新歲，
Bang chi viên dã!,邦之媛也。
Tri sở thao trì;,知所操持；
Lưu kỳ thanh hĩ.,瀏其清矣。
Mao khâu chi cát hề!,旄丘之葛兮，
Ca dĩ vịnh chí.,歌以詠志。
"Hảo lạc vô hoang,",好樂無荒，
"Tài thượng phân minh,",財上分明，
"Yểu điệu thuỳ giản la,",窈窕垂澗蘿，
"Thụ đối khách hề như nghinh,",樹對客兮如迎，
"Tử hưng thị dạ,",「子興視夜，
"Thuỷ hữu cố viên tứ,",始有故園思，
"Tự nhiên khí trịch dữ thì dị,",自然棄擲與時異，
Nhật nhật tuý như nê.,日日醉如泥。
"Nhân địa, hoa sinh sinh.",因地華生生。
"Phụng hoàng vu phi,",鳳皇于飛，
"Nhai đầu tửu giá thường khổ quý,",街頭酒價常苦貴，
Hạ thổ chi thức.,下土之式。
Trường đắc tiêu diêu tự tại tâm?,長得逍遙自在心？
Hồi xa độ Thiên Tân,回車渡天津。
"Quý nhân tam các thượng,",貴人三閣上，
Khước ta chân cốt toại hư truyền.,卻嗟真骨遂虛傳。
Khách hữu:,客有：
"Nhĩ bất thị cư,",爾不是居，
Hoá tác Hồ nhi ẩm mã tuyền.,化作胡儿飲馬泉。
"Đăng cao viễn vọng, sử nhân tâm tuỵ.",登高遠望，使人心瘁。
"Điện thượng thốt nhiên nhất chấn kinh,",殿上卒然一震驚，
Thử tâm bất vi thằng mặc thúc.,此心不為繩墨束。
Diễm dương lâu đài phù noãn khí.,艷陽樓臺浮暖氣。
"Bách tuế chi hậu,",百歲之後，
Chân chân hề.,振振兮。
"Tự hữu vũ trụ,",自有宇宙，
Do lai vô khí.”,猶來無棄。」
Liễu dĩ chu tường bách dư lý.,繚以周牆百餘裏。
"Cẩu nhân tích chi sở đáo hề, giai khả lý thanh sương nhi đạp hồng trần.",苟人迹之所到兮，皆可履青霜而踏紅塵。
Nhất mân vãng vãng thập mân thường.,一緡往往十緡償。
"Thỉnh khan bi thạch câu chuyên trứu,",請看碑石俱磚甃，
"Mỹ nhân nhật mộ thái lan khứ,",美人日暮采蘭去，
"Khương địch hoành xuy “A đả hồi”,",羌笛橫吹阿嚲回，
Ngũ sắc phấn đồ an túc trân?,五色粉圖安足珍？
"Duy tương cựu vật biểu thâm tình,",唯將舊物表深情，
Tại phá trung châu.,在破中洲。
Lung thịnh phán dữ Hồ Nam thương.,籠盛販與湖南商。
"Chi tử vu quy,",之子于歸、
"Tái huyền tái hoàng,",載玄載黃，
Trạm trạm hồ ba quang chi đãng dạng; uyên uyên hồ thuỷ sắc chi linh lung.,湛湛乎波光之蕩漾；淵淵乎水色之玲瓏。
Khả kham phương cảnh hốt lưu liên.,可堪芳景忽流連。
Vương viết: Thí vi quả nhân phú chi.,王曰：試為寡人賦之。
Tiêu nhiên tùng quế tình.,蕭然松桂情。
Điển vật chức thuý cầm chi võng la.,殄物織翠禽之網羅。
La ỷ đình đài tương thôn thổ.,羅綺亭臺相吞吐。
"Nhãn để nùng nùng nhất bôi xuân,",眼底濃濃一杯春，
Hà bất vị hĩ?,遐不謂矣？
"Khứ thực khứ binh,",去食去兵，
Tăng đầu nguyệt minh nhân dạ túc.,罾頭月明人夜宿。
"Quân quy phục hỷ đăng đài các,",君歸復喜登臺閣，
Chung thuỷ đại minh.,終始大明。
"Đan thanh minh trước sứ ngoại quốc,",丹青明著使外國，
"Khách đình lâm tiểu thị,",客亭臨小市，
"Tạc nhật hành nhân thuyết vãng sự,",昨日行人說往事，
"Mộc mạt phù dung hoa,",木末芙蓉花，
"Chử đậu nhiên đậu ky,",煮豆燃豆萁，
"Thiếu niên tảo dục Ngũ Hồ khứ,",少年早欲五湖去，
"Cẩn thận ứng thù vô áo não,",謹慎應酬無懊惱，
"Dục hành bất hành, các tận trường.",欲行不行各盡觴。
Mạc trung thảo hịch nghiễn thuỷ ngưng.,幕中草檄硯水凝。
Thi đáo Nguyên Hoà thể biến tân.,詩到元和體變新。
"Bối như long hề cảnh như tượng,",背如龍兮頸如象，
Đãn văn ngưu minh áng trung trĩ đăng mộc.,但聞牛鳴盎中雉登木。
Hiểu thiềm mại triệt đông tây gia.,曉檐賣徹東西家。
"Kim giả bất lạc,",今者不樂，
"Hữu thố viên viên,",有兔爰爰，
"Tăng ngôn cổ bích phật hoạ hảo,",僧言古壁佛畫好，
Điện cước sáp nhập Xích Sa hồ.,殿腳插入赤沙湖。
"Thuỳ vi nhung thủ hoạ tư nhân,",誰為戎首禍斯人，
"Thanh sơn lâm Hoàng Hà,",青山臨黃河，
"Lân phụ khốc, khốc thanh khổ,",鄰婦哭，哭聲苦！
"Ký kinh đế thiết khích,",既驚帝切激，
Quân vương dã bất quy.,君王也不歸。
"Tản Viên xanh không nhi trấn bắc, Đà giang thấu ngọc dĩ lưu đông.",傘圓撐空而鎮北，沱江漱玉以流東。
"Hùng bi chi sĩ, tam thiên nhi đồng tâm; tì hổ chi quân, bách vạn nhi lai tuỵ.",熊羆之士，三千而同心；貔虎之軍，百萬而來萃。
"Lộ hành tam Thục tận,",路行三蜀盡，
"Thử hề thử hề,",玼兮玼兮！
Trầm ba tẩy khứ hữu tham tâm.,沉波洗去有貪心。
"Nhược nhân vấn tân sự,",若人問新事，
"Thanh thần tiệt giang bố cự võng,",清晨截江布鉅網，
Hà bất nhật cổ sắt?,何不日鼓瑟？
Thanh bần kiêm dĩ bệnh sài phi nhất phỏng tức thiên thu.,清貧兼以病柴扉一訪即千秋。
"Phú Liên xã chi quy lai hề, hiêu hiêu nhiên hy Sằn dã chi thiên dân.",賦蓮社之歸來兮，囂囂然希莘野之天民。
"Đoản y thất mã tuỳ Lý Quảng,",短衣匹馬隨李廣，
"Thử thì thái thú tự tàm quý,",此時太守自慚愧，
Dĩ đầu tá nhân vô hoàn thì.,以頭借人無還時。
Hà tằng đạp trước tự gia để.,何曾踏著自家底。
"Hoạ các chu lâu tận tương vọng,",畫閣朱樓盡相望，
Hận tác trủng trung trần.,恨作塚中塵。
"Triêu lai thảm báo toàn quân một,",朝來慘報全軍沒，
UYển như thanh dương.,婉如清揚。
"Thạc nhân kỳ kỳ,",碩人其頎，
Hoàng vương chưng tai!,皇王烝哉！
"Hựu hà vi thượng trung hạ hề, sử các loại tụ nhi quần phân.",又何為上中下兮，使各類聚而群分。
"Hướng tịch vấn chu tử,",向夕問舟子，
Ngự tiền huy sái hoạ thần chương.,御前揮洒和宸章。
"Kim nhật tường lân mã,",今日翔麟馬，
Bãi tửu hàm ca thác kim kích.,罷酒酣歌拓金戟。
"Minh nguyệt vô hà khởi dung dị,",明月無瑕豈容易，
"Tích tai Lý, Thái bất phục đắc,",惜哉李蔡不復得，
"Đế tác bang tác đối,",帝作邦作對，
"Kháng la duệ dĩ yểm thế hề,",抗羅袂以掩涕兮，
"Vương sự mỹ cổ,",王事靡盬，
"Thực vật chi trung trúc nan tả,",植物之中竹難寫，
Phiêu diêu hề nhược lưu phong chi hồi tuyết.,飄颻兮若流風之迴雪。
Cầm Hồ Hàm Tử quan.,擒胡鹹子關。
"Xuất lai y cựu thuộc vũ lâm,",出來依舊屬羽林，
Vấn ngôn “Hà xứ phù dung đa?”,問言何處芙蓉多？
Tranh đắc nga mi thất mã hoàn.,爭得蛾眉匹馬還？
Vi đệ chỉ cung.,為弟止恭。
"Thiên vũ tiêu tiêu trệ mao ốc,",天雨蕭蕭滯茅屋，
Bất đắc đáo Liêu Tê.,不得到遼西。
Quân bất kiến:,君不見：
Huy hạ thiên tỳ vạn hộ hầu.,麾下偏裨萬戶侯。
"Bỉ ký chi tử,",彼其之子，
"Tùng phù dục tận bất tận vân,",松浮欲盡不盡雲，
"Độc thuỵ nam sàng nguyệt,",獨睡南床月，
"Bất điển yên tự,",不殄禋祀，
"Vô khởi tranh đoan,",無起爭端，
"Ư thị huề tửu dữ ngư, phục du ư Xích Bích chi hạ. Giang lưu hữu thanh, đoạn ngạn thiên xích. Sơn cao nguyệt tiểu, thuỷ lạc thạch xuất. Tằng nhật nguyệt chi kỷ hà, nhi giang sơn bất khả phục thức hĩ. Dư nãi nhiếp y nhi thượng, lý sàm nham, phi mông nhung, cứ hổ báo, đăng cầu long; phan thê cốt chi nguy sào, phủ Phùng Di chi u cung. Cái nhị khách bất năng tòng yên. Hoạch nhiên trường khiếu, thảo mộc chấn động, sơn minh cốc ưng, phong khởi thuỷ dũng. Dư diệc tiễu nhiên nhi bi túc nhiên nhi khủng, lẫm hồ kỳ bất khả lưu dã. Phản nhi đăng chu, phóng hồ trung lưu, thính kỳ sở chỉ nhi hưu yên. Thì dạ tương bán, tứ cố tịch liêu. Thích hữu cô hạc, hoành giang đông lai, sí như xa luân, huyền thường cảo y, kiết nhiên trường minh, lược dư chu nhi tây dã.",於是攜酒與魚，復遊於赤壁之下。江流有聲，斷岸千尺。山高月小，水落石出。曾日月之幾何，而江山不可復識矣。予乃攝衣而上，履巉岩，披蒙茸，踞虎豹，登虯龍；攀棲鶻之危巢，俯馮夷之幽宮。蓋二客不能從焉。劃然長嘯，草木震動，山鳴谷應，風起水湧。餘亦悄然而悲肅然而恐，凜乎其不可留也。返而登舟，放乎中流，聽其所止而休焉。時夜將半，四顧寂寥。適有孤鶴，橫江東來，翅如車輪，玄裳縞衣，戛然長鳴，掠予舟而西也。
"Vật thái dĩ chi nhi dung tiết, dân phong dĩ chi chân thuần.",物態以之而溶潷；民風以之真淳。
Giới ngã sư lữ.,戒我師旅。
"Dao liên cố nhân, tư cố hương.",遙憐故人思故鄉。
"Tần gia vô sách lương khả xi,",秦家無策良可嗤，
Phấn vinh dương huy.,奮榮揚輝。
"Mộ mỹ nhân chi hoa phục hề, siểm thước văn chương.",慕美人之華服兮，閃爍文章。
Tố ty ngũ đà.,素絲五紽。
"Tư đồ thanh giám huyền minh kính,",司徒清鑒懸明鏡，
Phong nhật tự Trường Sa.,風日似長沙。
Dẫn đố ngư chi lai du.,引蠹魚之來游。
Nhất đáo tiện phồn hoa.,一到便繁華。
Sơn sơn hoàng diệp phi.,山山黃葉飛。
"Tương hoán tương hô bất trú thanh,",相喚相呼不住聲，
Tâm vô bỉ ngã,心無彼我，
"Duy thử Vương Quý,",維此王季，
Trụ hoặc Đát Kỷ hiền nhân tử.,紂惑妲己賢人死。
"Minh vạn cổ chi thị phi hề, chính đương thời chi đắc thất.",明萬古之是非鼷，正當時之得失。
Phù hà vi hề đương vi?,夫何為兮當為？
"Phong xuy liễu hoa mãn điếm hương,",風吹柳花滿店香，
"Khả thán đình cơ đức,",可嘆停機德，
"Tòng minh hậu nhi hi du hề,",從明後而嬉遊兮，
Ô đề dạ lan cảnh.,烏啼夜闌景。
Huống tại thôn lạc nhân yên hy.,況在村落人煙稀。
Tịch thượng ký tiên lai.,席上寄箋來。
Thiên hạ bằng hữu giai giao tất.,天下朋友皆膠漆。
Tịnh tẩy thung tiền tranh địch nhĩ.,淨洗從前箏笛耳。
Lão sử ngã oán.,老使我怨。
Trướng nhan “Cẩm đường,帳顏錦堂，
Tây sơn bạch tuyết ám Tần vân,西山白雪暗秦雲。
"Trung cốc hữu thôi,",中穀有蓷，
"Tử bất ngã tư,",子不我思，
"Tần tương tư mẫu lệ,",頻將思母淚，
Biệt tác ngọc tiết trang sơn xuyên.,別作玉屑妝山川。
Duy kỳ cức hỹ.,維其棘矣。
"Súc tiết thu khai, hạ bế tắc.",畜泄秋開夏閉塞。
Phong tiêu tuyệt khả nhân.,風標絕可人。
"Trần ai lục thập tải,",塵埃六十載，
Kim nhật hoàng ai tụ kinh cức.,今日黃埃聚荊棘。
"Truy tung Bính, Hàn; tịnh mỹ Diêu, Tống.",追蹤丙韓；並美姚宋。
"Thiết quan phù hoá công tiêu hình chi xảo diệu, nhi tri phù hiền tướng tạo hoá chi đại toàn.",竊觀夫化工肖形之巧妙，而知夫賢相造化之大全。
"Gia thanh khán nhữ bối,",家聲看汝輩，
"Điền xa ký hảo,",田車既好，
Thấp hữu linh.,隰有苓。
"Mãn đường thi tửu giai từ khách,",滿堂詩酒皆詞客，
Bần bệnh khảo Di Môn.,貧病考夷門。
"Tưởng lai tại tích thiên hương các,",想來在昔天香閣，
"Nguyện trường khang hồ thử thân hề, hiệu Cừ xa chi lân lân.",願長康乎此身兮，效蘧車之轔轔。
Trang thành mỗi bị Thu Nương đố.,妝成每被秋娘妒。
Giác ngộ chứng chân không.,覺悟証真空。
Thanh thần tái bái phô đan trì.,清晨再拜鋪丹墀。
Duy dậu cao cao.,維莠驕驕。
Biệt thị phong lưu hiền chủ nhân.,別是風流賢主人。
"Bằng phù dao hề, thiên nhai chi nhai.",鵬扶搖兮天涯之涯。
"Nhất qua dĩ thung Trường Địch hầu,",一戈已舂長狄喉，
Tràng chung xuy loa náo cung đình.,撞鍾吹螺鬧宮庭。
"Ký quỷ hoạ ư u tĩnh hề, hựu bà sa hồ nhân gian.",既姽嫿於幽靜兮，又婆娑乎人間。
Ngọc tiền hựu khốc mai hương xứ.,玉錢又哭埋香處。
Giang thanh nguyệt cận nhân.,江清月近人。
Kim nhật triệu mộ như truy tù.,今日召募如追囚。
"Phả tri kiến thức ưu siêu, Tây tắc Pháp nhân tùng, Bắc tắc Thanh nhân tủng, thiên cổ tài danh ưng bất quý;",頗知見識優超，西則法人從，北則清人聳，天古才名應不愧；
"Nhật nguyệt chi hành,",日月之行，
"Đối tửu đãn tri ẩm,",對酒但知飲，
Hà thì đáo Ung Châu.,何時到雍州。
"Thiên tử thị nhược,",天子是若，
"Dương chi thuỷ,",揚之水，
"Bạch mã vương lạc dĩ châu lặc,",白馬王絡以珠勒，
Bất phục lý tàn ky.,不復理殘機。
"Chí thôn Ngô hề, thục Chủng thục Lãi?",志吞吳兮，孰種孰蠡；
"Thường văn khuynh quốc dữ khuynh thành,",嘗聞傾國與傾城，
"Thứ nhân chi ngu,",庶人之愚，
"Đại duyên dữ tín hợp,",大緣與信合，
"Hữu tử thất nhân,",有子七人，
"Thiên hô vạn hoán thuỷ xuất lai,",千呼萬喚始出來，
Năng tĩnh hậu năng an.,能靜後能安。
Vạn lý phương khan hãn lưu huyết.,萬里方看汗流血。
Hình thần tịch mịch cam tân khổ.,形神寂寞甘辛苦。
UYển hề luyến hề!,婉兮孌兮，
"Chung cổ ký thiết,",鍾鼓既設，
Ô hô công cẩn!,嗚呼公瑾！
"Thôi thủ vi tỳ khước thủ bà,",推手為琵卻手琶，
Nhị nữ hà thân?,二女何親？
Dự mao tư sĩ.,譽髦斯士。
Mỹ sở chỉ cư.,靡所止居。
Chủ tướng huân cao hoán la mán.,主將勳高換羅幕。
"Bôn dương dũng nhi tương kích hề, vân hưng thanh chi bái bái.",奔揚踴而相擊兮，雲興聲之霈霈。
Nhân gian thiên thượng hy.,人間天上稀。
"Bần nhi cần học,",貧而勤學，
"Ngã dục huề chi triêu thái thanh,",我欲攜之朝太清，
"Thái vi, thái vi,",采薇采薇，
Y thường sử sử.,衣裳楚楚。
Ngưỡng diện hướng thiên nha.,仰面向天涯。
"Sưu đồ kinh ư vãng điệp, cánh mạc thức nhi mạc tri.",蒐圖經於往牒，竟莫識而莫知。
Đạt giả khoát hề minh giả mê.,達者豁兮冥者迷。
"Hữu hồ tuy tuy,",有狐綏綏，
"Phiên ngu xuẩn điện cách vạn lý,",番禺蠢甸隔萬里，
"Quân hành tuy bất bài loan ngự,",君行雖不排鸞馭，
Điếu can dục phất san hô thụ.,釣竿欲拂珊瑚樹。
Tự di y trở.,自詒伊阻。
Chinh phu hoàng chỉ.,征夫遑止。
Hà vị kiến ky ngu la trung.,何為見羈虞羅中。
Chước ngôn hiến chi.,酌言獻之。
Chỉ tại ốc đông đầu.,只在屋東頭。
"Hà Quảng truyền văn nhất vi quá,",河廣傳聞一葦過，
"Vu sơn tha dạ vũ,",巫山他夜雨，
Trắc thân tây vọng thế triêm thường.,側身西望涕沾裳。
Chi ly uỷ tuyệt đồng tử hôi.,支離委絕同死灰。
"Phú áp tam bách dư lý, cách ly thiên nhật.",覆壓三百餘里、隔離天日。
Thao thao bất quy.,慆慆不歸。
"Duy ngã can đảm,",惟我肝膽，
"Đạt diệc bất túc quý, cùng bất túc bi.",達亦不足貴，窮不足悲。
Triệu tự Đào Đường hữu Giao Chỉ.,肇自陶唐有交趾。
Tải ly hàn thử.,載離寒暑。
"Đào tặng vạn gia, ngâm vịnh truyền ư lư lý.",桃贈萬家，吟詠傳於閭里。
"Tự quân chi xuất hĩ,",自君之出矣，
Tự thán tài tận khuynh không lôi.,自歎才盡傾空罍。
"Uy hiệp thiên tử lệnh chư hầu,",威挾天子令諸侯，
"Niểu niểu trầm thuỷ yên,",裊裊沈水煙，
"Nguyệt sinh sơ học phiến,",月生初學扇，
"Phụ lão cảm khấp nhi hy hy,",父老感泣而欷欷，
"Tầm thường hàn mặc hạ thần bao,",尋常翰墨荷宸褒，
"Vu sơn Vu giáp mãn thu yên,",巫山巫峽滿秋煙，
Thanh nhị trùng dương bất kham trích.,青蕊重陽不堪摘。
Cư ngô ngữ tử:,居吾語子：
"Tòng lang khứ hậu đới tiều dung,",從郎去後帶憔容，
Vân như hà lý?,云如何里？
Hậu hà hỉ?,后何喜？
"Thù mâu thúc trú,",綢繆束芻，
Tứ quốc thị hoàng.,四國是皇。
Phi y xuất lộ hành.,披衣出路行。
"Diễm sắc tri vi thiên hạ truyền,",艷色知為天下傳，
Kim văn Tương thuỷ yên chi ngân.,今聞湘水胭脂痕。
"Thiên giám hữu Chu,",天監有周，
"Lựu Viên cố quán đạo kỳ sơ,",榴園故貫道其初，
Hải ba xung dung.,海波沖瀜。
Vân lâu bán khai Bích tà bạch.,雲樓半開壁斜白。
"Ký viết quy chỉ,",既曰歸止，
Kim thành thổ tô tĩnh như luyện.,金城土酥靜如練。
"Đối hư không hề tâm tự tri,",對虛空兮心自知，
Mai trào hiểu nhật tri xuân noãn,梅嘲曉日知春暖
"Thăng bỉ đại phụ,",升彼大阜、
"Toạ thinh canh sổ chuyển,",坐聽更數轉，
Vô chiết ngã thụ tang.,無折我樹桑，
"Đông hải thịnh tử Hoàng Cô chước,",東海盛醑黃姑酌，
"Ức tích sơ mông bác sĩ trưng,",憶昔初蒙博士徵，
"Tư quân độc vô ngữ,",思君獨無語，
Ba thế như ngoạ ngưu.,波勢如臥牛。
"Trác bỉ thiều hồi như luyện bạch,",倬彼昭回如練白，
Phù bình nhất đạo khai.,芙萍一道開。
Vạn dân mỹ bất thừa.,萬民靡不承。
Hà dĩ giải ưu:,何以解憂：
"Ngã hữu đại cừu quân vị kiến,",我有大裘君未見，
Bạch nhật cao cao thiên quýnh quýnh.,白日高高天冏冏。
Vạn bát thiên tuế sinh Bàn Cổ.,萬八千歲生盤古。
"Lang bạt kỳ hồ,",狼跋其胡、
"Bạch vân nhất phiến khứ du du,",白雲一片去悠悠，
Hà phiền quá Hổ khê.,何煩過虎溪。
"Bách niên lưu tính tự,",百年留姓字，
Nha trảo tùng trung phấn thân nhập.,牙爪叢中奮身入。
Chiêu hà vu hạ.,昭假于下。
Mỹ Mạnh Khương hĩ.,美孟姜矣。
Thận vật khổ ái cao quan chức.,慎勿苦愛高官職。
Vạn niên ức niên tỷ thọ; nhất nhật nhị nhật duy ky.,萬年億年俾壽；一日二日惟幾。
Tuỳ phong mỹ khuynh.,隨風靡傾。
"Pha trung cơ ô trác ngưu bối,",陂中飢烏啄牛背，
"Bằng ký hoàn hương mộng,",憑寄還鄉夢，
Miên miên kỳ tiêu.,綿綿其麃。
"Xích ngạn thuỷ dữ Ngân hà thông,",赤岸水與銀河通，
"Bộ hư thanh tịch mịch,",部虛聲寂寞，
Bất mãn phụng hoàng thành.,不滿鳳凰城。
"Tang chi vị lạc,",桑之未落，
"Vi thử xuân tửu,",為此春酒，
Hà thủ hoà tam bách triền hề?,胡取禾三百廛兮？
"Hữu danh nhàn phú quý,",有名閒富貴，
Toại sử Anh Tề lai nhập thị.,遂使嬰齊來入侍。
"Thiếu vịnh nham khê táp nguyệt trung,",眺詠岩溪匝月中，
Đắc táng bi hoan khởi chung cực.,得喪悲歡豈終極。
"Nhất niên giai hội trở tinh hà,",一年佳會阻星河，
Ký tiễn phất ư Tang Lâm chi đảo vũ; hựu trai túc ư Sằn Dã chi tệ nghi.,既湔祓於桑林之禱雨；又齋肅於莘野之弊儀。
"Nhân sinh thuận nghịch tuy hữu phận,",人生順逆雖有分，
Độc yểm tiểu song u.,獨掩小窗幽。
"Hoang điền tịch tịch vô nhân thanh,",荒田寂寂無人聲，
"Huyễn đệ tịnh dâm,",眩弟竝淫，
Thất nguyệt sơ cùng nãi vô thử.,七月初窮乃無暑。
Cát luỹ lôi chi.,葛藟纍之。
"Đương thời chỉ ký nhập sơn thâm,",當時只記入山深，
"Quân bất kiến: Bạch lãng hân thiên nhất diệp nguy,",君不見白浪掀天一葉危，
Ninh mạc ngã thính.,寧莫我聽！
Tẩu mã lai khan lập bất chính.,走馬來看立不正。
"Tĩnh nữ kỳ xu,",靜女其姝，
Lý Bằng trung quốc đàn không hầu.,李憑中國彈箜篌。
"Túc dạ tại công,",夙夜在公，
Kỳ thần Dự Nhượng thân đương chi.,其臣豫讓身當之。
"Hiền thê gia bảo,",賢妻家寶，
"Thường đệ chi hoa,",常棣之華，
"Ký hữu phì mẫu,",既有肥牡，
"Đoản trạo các tình sa,",短棹擱晴沙，
"Ca vũ lưu kim tịch,",歌舞留今夕，
"Phát động Liễu xâm Hoa chiến tranh,",發動了侵華戰爭，
Cần kiệm tề gia.,勤儉齊家。
Khoản thành thuật chức lai triều thiên.,款誠述職來朝天。
Vạn nhất hoàng ân hạ ngọc trì.,萬一皇恩下玉墀。
"Tố thủ tiêm trường tế tế viên,",素手纖長細細圓，
Biệt hậu tương tư phục hà ích.,別後相思復何益。
Nhiên hậu túc dĩ sướng ngô hoài nhi tiêu tục lự dã tai?,然後足以暢吾懷而消俗慮也哉？
"Duật bỉ phi chuẩn,",鴥彼飛隼，
"Thái Bình thành ngoại tây phong khởi,",太平城外西風起，
Kỷ tuế ký ngã không trung thư?,幾歲寄我空中書？
"Quân bả tửu, thính ngã ca.",君把酒，聽我歌。
"Dư tòng kinh vực,",余從京域，
Khỉ vô ẩm tửu?,豈無飲酒？
Hàm sử văn tri.,咸使聞知。
"Ngã tồ Đông Sơn,",我徂東山、
"Trịnh quốc du nhân vị cập gia,",鄭國遊人未及家，
Tịch mịch hương khuê lý bất câm.,寂寞香閨裡不禁。
Tại xứ giang sơn túc hộ trì.,在處江山足護持。
"Đông tây nam bắc,",東西南北，
"Thụ đầu khuyến tửu thanh tương hô,",樹頭勸酒聲相呼，
Thao thao bất quy.,慆慆不歸。
Khởi bất hoài quy?,豈不懷歸？
Bôn đằng nhất trảm Thiền Vu cảnh.,奔騰一斬單于頸。
Ai hống nhất thanh quan giả bi.,哀吼一聲觀者悲。
"Sư tử hồi đầu hướng tây vọng,",獅子回頭向西望，
Công danh thị hà vật?,功名是何物。
Thượng vô ngoa.,尚無為。
Sất sá phong vân chúng nhân uý.,叱咤風雲眾人畏。
"Hữu thê hữu thả,",有萋有且，
"Bỉ mỹ Mạnh Khương,",彼美孟姜，
Phần tử không lưu.,枌梓空留。
"Thê nhi đãi ngã thả quy khứ,",妻兒待我且歸去，
"Giao giao hoàng điểu,",交交黃鳥，
Ly đình diệp chính phi.,離亭葉正飛。
Đồng ngưu giác mã.,童牛角馬。
"Lai nhật ỷ song tiền,",來日綺窗前，
Bất thượng hữu cựu.,不尚有舊。
"Trương la ỷ chi mạn duy hề, thuỳ Sở tổ chi liên cương.",張羅綺之幔帷兮，垂楚組之連綱。
"Nại hà nhưng khan Tây Lương kỹ,",奈何仍看西涼伎，
"Ô hô tứ ca hề bất nhẫn thính,",嗚呼四歌兮不忍聽，
"Chung tam thập lý,",終三十里，
Mộc diệp tiêu sâm.,木葉蕭森。
"Tải sậu sâm sâm,",載驟駸駸。
"Đồng bộc hoan nghinh, trĩ tử hậu môn.",僮僕歡迎，稚子候門。
Hoặc cảm vũ dư.,或敢侮予。
Ứng một hoán sa ky.,應沒浣紗磯。
Tích tồn di lục.,積存遺錄。
"Hoành Đường song tương khứ như phi,",橫塘雙槳去如飛，
Phương lược hoàn thành Sung Quốc đồ.,方略還成充國圖。
"Thiên nhân ninh hứa xảo,",天人寧許巧，
Đột ngột đống cửu nhi tương vọng.,突兀凍久而相望。
"Xuân sầu chính đoạn tuyệt,",春愁正斷絕，
Khai Nguyên cẩm thú trương.,開元錦獸張。
Thâm cung nhị thập niên.,深宮二十年。
"Cố nhân quy ngoạ Việt sơn vân,",故人歸臥越山雲，
"Tuý trung hoàn hữu mộng,",醉中還有夢，
Bát loan hiệp luật minh thương thương.,八鸞協律鳴鏘鏘。
Nhị nhã biển bách vô uỷ xà.,二雅褊迫無委蛇。
Bắc nhân đa thức lục vân hoàn.,北人多識綠雲鬟。
Bỉ nhĩ duy hà?,彼爾維何？
Duy ấu miễu chi tương dương.,惟幼眇之相羊。
Đãi kỳ cát hề.,迨其吉兮！
"Như dục thử tâm vô câu luyến,",如欲此心無拘攣，
Bất tỷ đại phụ năng ưu gia.,不比大婦能憂家。
Triều đông bôn sử thượng hạ ky.,朝東奔駛上下磯。
Hạt hoãn hạt phủ?,害澣害否、
"Phiếm phiếm âu phù độ,",泛泛鷗鳧渡，
"Cừu thành bất cộng hà nhẫn ngôn,",仇成不共何忍言，
Khả dữ ngộ ca.,可與晤歌。
Lữ bạc tại Danh Châu.,旅泊在洺州。
"Giao long sinh khí tận,",蛟龍生氣儘，
Sương hàn nguyệt khổ hành đương lai.,霜寒月苦行當來。
"Vạn lý thuỷ hối nhất thuỷ đại,",萬里水匯一水大，
"Trí thác thạch chi linh bích hề, tượng đại mội chi văn chương.",緻錯石之瓴甓兮，像玳瑁之文章。
Quan hà bắc vọng không vân san.,關河北望空雲山。
"Lục nghị tân phôi tửu,",綠螘新醅酒，
"Khu khu tài tri tự lao dịch,",區區才知自勞役，
"Đông hành dục dữ Tiễn Môn thân,",東行欲與羨門親，
"Thiên vu kiều mộc,",遷於喬木。
Bất dụng quy lai thuyết tiêu tức.,不用歸來說消息。
Nông phu do ngã tử.,農夫猶餓死。
"Hán Cao chi quy mô hoành vi, chính tự Ngô hoàng kim nhật chi thịnh;",漢高之規模宏違，正似吾皇今日之盛；
"Tự lân hứa quốc tam triều lão,",自憐許國三朝老，
"Sở vị y nhân,",所謂伊人，
"Gian hùng biệt tự hữu cơ tâm,",奸雄別自有機心，
"Ô dạ đề, đề biệt ly.",烏夜啼，啼別離。
Tướng thử hữu thể.,相鼠有體，
"Giang Lăng thành tây nhị nguyệt vĩ,",江陵城西二月尾，
Hậu xa khủng đạo tiền triệt nguy.,後車恐蹈前轍危。
Tha đắc khu trì ngã đắc nhàn.,他得驅馳我得閑。
Ngã lai danh chi ý thích nhiên.,我來名之意适然。
Quân bất kiến:,君不見：
Tráng sĩ phát xung quan.,壯士髮衝冠。
Triển yến hảo hề duy lạc khang.,展宴好兮惟樂康。
Dục tương độc lực trụ khuynh nguy.,欲將獨力柱傾危。
Bỉnh hiếu tắc đồng.,秉好則同。
"Tích văn kỳ danh, kim đắc kỳ thực.",昔聞其名，今得其實。
Tái sính cơ phu như tố luyện.,再騁肌膚如素練。
Hà dĩ báo chi song ngọc bàn.,何以報之雙玉盤。
"Tài lang ý giả thiếp ý chân,",才郎意假妾意真，
"Triêu lai hương các lý,",朝來香閣裏，
Nam canh nữ tang bất tương thất.,男耕女桑不相失。
Danh tầm đạo nhân thực tự ngu.,名尋道人實自娛。
Ý tượng thảm đạm kinh dinh trung.,意匠慘淡經營中。
"Sổ hành bạch phát sinh phù thế,",數莖白髮生浮世，
Phong tuyết loạn sơn thâm.,風雪亂山深。
"Giá bỉ tứ mẫu,",駕彼四牡，
Thuỷ thượng mịch hồng vân.,水上覓紅雲。
"Quân tâm nhược xa thiên vạn chuyển,",君心若車千萬轉，
"Triêu du phù vân kiệu,",朝遊浮雲嶠，
"Đãng đãng thượng đế,",蕩蕩上帝，
"Thái thái phù dĩ,",采采芣苡、
Bất tri kê mại hoàn tao phanh.,不知雞賣還遭烹。
Khâm hàn thu diệc bi.,衿寒秋亦悲。
Ngã tâm tắc ưu.,我心則憂。
Thuỳ vi bất bình sự.,誰為不平事。
Khuyết ngoa chỉ dữ trường xuyên thệ.,缺訛只與長川逝。
"Yêu phù duệ huyễn,",妖夫曳衒，
Huỷ quang kỳ cầu.,兕觥其觩。
"Duy bỉ bất thuận,",維彼不順，
Vị kỷ kiến hề!,未幾見兮，
Như thử xán chư hà?,如此粲者何！
"Tử Thôi ngôn tỵ thế,",子推言避世，
Đương vi tự ngã trứ tiên tiên.,當為自我著先鞭。
Ngưỡng đăng thiên trở.,仰登天阻。
"Bá Nhạc hướng tiền khan,",伯樂向前看，
"Hành chí cúc hoa đàm,",行至菊花潭，
Ân sơ môi lao chí đa quai.,恩疏媒勞志多乖。
"Bát nguyệt bác tầu,",八月剝棗，
Hoá tác Hạ Thương Chu thời tiết.,化作夏商周時節。
"Giang thuỷ lưu xuân khứ dục tận,",江水流春去欲盡，
"Thu dã minh, thu phong bạch,",秋野明，秋風白，
Hà Lũng xâm tương thất thiên lý.,河隴侵將七千里。
"Đông vọng Tần Xuyên nhất nhạn phi,",東望秦川一雁飛，
"Hữu tướng vô tâm,",有相無心，
Kỳ hướng y thử.,其饟伊黍。
"Khinh bạc điên cuồng phong thướng há,",輕薄顛狂風上下，
"Cố nhân các tại thiên nhất giác,",故人各在天一角，
"Ô hô ai tai,",嗚呼哀哉，
Cơ ngoạ động tức hướng nhất tuần.,饑臥動即向一旬。
"Bất tự ngã tiên,",不自我先，
"Vi dân bất lợi,",為民不利，
Thanh sơn lưỡng ngạn giai sài hổ.,青山兩岸皆豺虎。
Thuỳ nhân thuỳ cực.,誰因誰極？
Hàng Đường thần Tống thuỳ vi ngôn?,降唐臣宋誰為言？
"Phi huỳnh dạ độ bích lan can,",飛螢夜度碧闌干，
"Bán hủ lâm phong thụ,",半朽臨風樹，
"Thiên phong xuy ngọc bội,",天風吹玉佩，
Quân khẳng tân khổ việt giang hồ.,君肯辛苦越江湖。
Kim nhật biên phòng tại Phượng Tường.,今日邊防在鳳翔。
Kim đấu uất ba đao tiễn văn.,金鬥熨波刀翦紋。
"Nhân chi vân viễn,",人之云遠，
"Nhược trì bất báo,",若遲不報，
Tiền nhật mạch địa giai thanh ương.,前日麥地皆青秧。
Ty trúc tấu thanh thanh.,絲竹奏清聲。
"Điện tiền binh mã phá nhữ thì,",殿前兵馬破汝時，
Hốt kinh tường giác sinh nhân thoại.,忽驚牆角生人話。
Đãi cập công tử đồng quy.,殆及公子同歸？
Cuồng đồng chi cuồng dã thư.,狂童之狂也且！
"Giang thuỷ dạng tây phong,",江水漾西風，
"Phong tình đãng dạng hoa tâm cấp,",風情蕩漾花心急，
"Xương Bình tiều thái cấm chí kim,",昌平樵采禁至今，
"Quân thần địa hạ hội tương kiến,",君臣地下會相見，
Vân không vị tất không;,云空未必空；
Thuỷ các phong xuy tiếu ngữ lai.,水閣風吹笑語來。
"Vu dĩ thái tần,",于以采蘋？
Duy hữu hoàng hôn điểu tước phi.,惟有黃昏鳥雀飛。
Nha xỉ bán lạc tả nhĩ lung.,牙齒半落左耳聾。
Tư nhữ Ân Thương.,咨女殷商。
"Trịch thân tróc thử,",擲身捉鼠，
Dạ vũ hà thì thính tiêu sắt?,夜雨何時聽蕭瑟？
Thực dã chi bình.,食野之苹。
"Khải phong tự nam,",凱風自南，
Sa thượng hành nhân khước hồi thủ.,沙上行人卻回首。
"Bất ưng hữu hận sự,",不應有恨事，
Cửu vi phiến phiến phi hoa toả.,九微片片飛花璅。
Tuyệt đính nãi hữu thiên bàn hồi.,絕頂乃有千盤回。
"Nguyên đầu hoả thiêu tĩnh ngột ngột,",原頭火燒靜兀兀，
"Loan loan, khúc khúc giải,",彎彎曲曲解，
Hoãn bộ nhưng tu trúc trượng phù.,緩步仍須竹杖扶。
"Túc túc tiêu chinh,",肅肅宵征，
"Uyển hề, luyến hề!",婉兮、孌兮，
Dã nhân ốc thượng khán tinh mao.,野人屋上看旌旄。
"Chi tử vu quy,",之子于歸、
"Thiên giáng thao đức,",天降滔德，
"Tu du phân thủ các đông tây,",須臾分手各東西，
Văn Vương chưng tai!,文王烝哉！
Thái vương hoang chi.,太王荒之。
Ta ta tạo vật hề dĩ ngã vi sinh?,嗟嗟造物奚以我為生？
Vân hồ bất hỉ?,云胡不喜？
Hựu ngâm hựu thuỵ hựu gia xan.,又吟又睡又加餐。
"Tất suất tại đường,",蟋蟀在堂，
"Quân gia hữu tửu ngã hà sầu,",君家有酒我何愁，
"Ái ái vương đa cát nhân,",藹藹王多吉人，
"Giới lý sương hề, phòng băng chí.",戒履霜兮防冰至。
"Văn thuyết đáo Dương Châu,",聞說到揚州，
Chu huy tán xạ thanh hà khai.,朱輝散射青霞開。
Vi khu cảm nhất ngôn.,微軀敢一言。
"Đội đội xuân canh tượng,",隊隊春耕象，
"Gia trung đổ bác,",家中賭博，
Thực mệnh bất du.,寔命不猶！
"Tiểu thần hà hạnh, hoạch thân đổ ư kim nhật, khởi đán như Quí Tử, đồ niệm kỳ di thanh dã tai!",小臣何幸，獲親睹於今日，豈但如季子，徒念其遺聲也哉！
Dĩ khuông vương quốc.,以匡王國。
"Chu nhi phục thuỷ vô hưu tức,",周而復始無休息，
Duy Thuỷ chi chiến quốc sĩ như Hàn.,濰水之戰國士如韓。
"Hãn lưu kiên trinh tải nhập thị,",汗流肩赬載入市，
"Duy Nghệ Hoàng chi hiềm thân, thường tiểu tâm chi chuý chuý.",惟藝皇之嫌親，常小心之惴惴。
Bạch vân hà ly ly.,白雲何離離。
"Đả khởi hoàng oanh nhi,",打起黃鶯兒，
Tế vũ tiểu hàn sinh lục sa.,細雨小寒生綠紗。
"Huệ nhi hiếu ngã,",惠而好我，
"Ký thân lưu thuỷ,",寄身流水，
Thần võng thời thông.,神罔時恫。
"Củ củ vũ phu,",赳赳武夫、
Diệu vũ uy di dạ vị hưu.,妙舞逶迤夜未休。
"Hoàng chung, đại lữ,",黃鍾大呂，
"Ca thanh tương tuyệt viên thanh tục,",歌聲將絕猿聲續，
Trường lưu đảo tải thiên.,長流倒載天。
Thương châu cách mộ vân.,滄州隔暮雲。
Lão nha minh táo nhật cận ốc.,老鴉鳴噪日近屋。
Trùng lưu xuất hộ.,蟲流出戶。
"Tây Hà hà kiện,",西河何健，
Nhất lạp vi tiểu cộng thiên tế.,一粒微小共天際。
"Yên nhiên nhất tiếu trúc ly gian,",嫣然一笑竹籬間，
"Danh Di Cao dĩ hiển ác hề, thị quân đức chi mỹ ý.",名夷皋以顯惡兮，示君德之靡懿。
"Văn dục phấn, phụ sơn chi thế,",蚊欲奮，負山之勢，
"Nãi trắc nam cương,",乃陟南岡，
"“Tại thiên nguyện tác tỷ dực điểu,",在天願作比翼鳥，
"Nhân thiệp ngang bĩ,",人涉卬否，
Mi mục diễm tinh nguyệt.,眉目艷星月。
Đăng tiền tự bạn ly nhân khấp.,燈前似伴離人泣。
Thục chế tượng chi?,孰制匠之？
"Tạc tiêu đình ngoại bi ca phát,",昨宵亭外悲歌發，
Tận nhập sa trường chiến sĩ y.,盡入沙場戰士衣。
Tâm niệm cựu ân.,心念舊恩。
Năng dĩ tinh thành trí hồn phách.,能以精誠致魂魄。
"Thác dữ tương tư mộng,",托與相思夢，
Tích tân như chi hà?,析薪如之何？
Thiểu yên ngưỡng ngoạ nhược dương tử.,少焉仰臥若佯死。
Dương hoà lực thái trì.,陽和力太遲。
Tiên lai yết tướng công.,先來謁相公。
"Phân tường đan trụ động quang thái,",紛牆丹柱動光彩，
Thỉnh nhĩ thường nhất thường.,請你嚐一嚐。
"Trường đình dương liễu tuyết hoa phi,",長亭楊柳雪花飛，
Động võng phất tàng.,動罔弗藏。
"Minh chân như tính hải,",明真如性海，
"Chư vương để đệ, la lạc liên diên.",諸王邸弟，羅絡連延。
"Tích nhật Thục thiên tử,",昔日蜀天子，
"Đại đạo như thanh thiên,",大道如青天，
Hắc kỳ tử trượng nan sinh hoàn.,黑旗死仗難生還。
"Vương sự mỹ cổ,",王事靡盬，
"Bình xuyên ốc dã vọng bất tận,",平川沃野望不儘，
"Bệnh cốt cô phi tục nhãn xú,",病鶻孤飛俗眼醜，
Khỉ viết vô y?,豈曰無衣？
"Cầu nhân bất cầu bị,",求人不求備，
Cập nhĩ du diễn.,及爾游衍。
Tu công lịch thượng truy phong phiếu.,須公櫪上追風驃。
Thiên lý hạn Di Hán.,千里限夷漢。
Không kết đồng tâm thảo.,空結同心草。
"Thuỷ hữu vạn thiên lý chi tu đồ hề, trùng tam dịch nhi sách hoa nhân,",始有萬千里之修途兮，重三譯而策驊駰。
"Cơ ngoạ cốt tra nha,",飢臥骨查牙，
"Thứ vô tội hối,",庶無罪悔，
"Thanh khâm trụ tử khốn nê đồ,",青衿胄子困泥塗，
Bồng thỉ tang cung xạ bất đắc.,蓬矢桑弓射不得。
"Mê nhi cầu Phật,",迷而求佛，
Ngộ kết bách niên tâm.,誤結百年心。
Hảo khứ mạc hồi đầu.,好去莫回頭。
Đồ tả linh lạc nhĩ.,徒寫零落耳。
Nhân nhi vô nga?,人而無儀，
"Tích quân chỉ dục khổ tử lưu,",惜君只欲苦死留，
"Tĩnh nữ kỳ luyến,",靜女其孌，
"Ngã thị mưu do,",我視謀猶、
"Kim dạ sơn lâu tống khách quy,",今夜山樓送客歸，
"Dĩ tựu khẩu thực,",以就口食。
Mộc tê hoa bạn thuỷ tiên ba.,木犀花畔水僊葩。
"Xả chiên xả chiên,",舍旃舍旃，
"Tha hương lâm diểu cực,",他鄉臨眺極，
"Ngã tâm phỉ tịch,",我心匪席，
Thiên hành địa trục kim thuỳ thức.,天衡地軸今誰識。
Thanh yên mạc mạc sơn điều điều.,青烟漠漠山迢迢。
"Trị loạn chi cơ, quân tâm di chuyển.",治亂之機，君心移轉。
Đại châu tiểu châu phiêu tuỳ phong.,大珠小珠飄隨風。
Bạch lộ vị hy.,白露未曦。
Phú bất tại lãn.,富不在懶。
"Cơ lai bão khiết phạn nhất bát,",饑來飽喫飯一缽，
"Thả ngộ Vương sinh uỷ trù tích,",且遇王生慰疇昔，
"Văn Vũ thụ mệnh,",文武受命，
Vu giản chi trung.,于澗之中。
Ngã tâm thương bi.,我心傷悲。
"Bạch phát y môn hề, vọng xuyên thu thuỷ,",白髮依門兮，望穿秋水，
Hoàng hôn đáo tự biển bức phi.,黃昏到寺蝙蝠飛。
"Hậu nhậm Thụ Điêu,",後任豎刁，
Thụ kiến hành nhân kỷ phiên lão.,樹見行人幾番老。
Lưỡng lang niên kỷ nhị thập đầu.,兩郎年幾二十頭。
Quân bất giác lão phu thần nội thương.,君不覺老夫神內傷。
Man khiếu nhược chú hồ.,漫竅若注壺。
"Y đới quan chiêm thiên vũ lộ,",衣帶觀覘天雨露，
"Nhất danh cơ bạn trường như thử,",一名羈絆長如此，
Xuất nhập cao hạ cùng yên phi.,出入高下窮煙霏。
"Tính danh thư cẩm trục,",姓名書錦軸，
Tân liên niểu na ba trung ương.,新蓮裊娜波中央。
Bộ hành đoạt đắc Hồ mã kỵ.,步行奪得胡馬騎。
Hình hữu vị đáng hề tư hữu dĩ tuất.,形有未當兮思有以恤。
"Hà tứ khuyển thể,",何肆犬體，
Dị dị kỳ vũ.,泄泄其羽。
Bất hiển kỳ quang?,不顯其光。
"Niên lai tối đắc âm hư bệnh,",年來最得陰虛病，
Nhàn hiên cận bệ la.,閑軒近薜蘿。
Vô chiết ngã thụ điền.,無折我樹檀，
"Nhất nữ giá dữ Trương gia lang,",一女嫁與張家郎，
"Hữu thì bán bất kiến,",有時半不見，
"Dĩ ngã cùng đồ khấp,",以我窮途泣，
"Hựu văn Thế Tổ đào tri sự,",又聞世祖逃知事，
Hư song ngọ dạ khai.,虛窗午夜開。
Phỉ ngã tư tồn.,匪我思存。
Phùng Di kích cổ quần long xu.,馮夷擊鼓群龍趨。
"Tuy tuy chinh phu,",駪駪征夫，
"Thuỳ dương diệp lão oanh bộ nhi,",垂楊葉老鶯哺兒，
"Lâm biệt ân cần tặng thất tương,",臨别殷勤贈七襄，
"Thu hoa thảm đạm thu thảo hoàng,",秋花慘淡秋草黃，
"Tư lâu nhật đăng diểu,",茲樓日登眺，
"Khách lai vấn cập bản lai nhân,",客來問及本來人，
Dĩ hưởng động hồ sơ chung.,已響動乎疏鐘。
Ta hồ!,嗟乎！
"Cộng chỉ tây nhật bất tương thải,",共指西日不相貸，
"Thỉnh quân mạc yếm truy phan sự,",請君莫厭追攀事，
"Đại hoả liệu nguyên, tài nhất cự.",大火燎原纔一炬。
Điệt nhi thừa hạ thỉnh văn đề.,侄兒乘暇請文題。
"Cao ngâm khảo bàn,",高吟考盤，
Đê đầu lễ bạch vân.,低頭禮白雲。
"Dịch sơn chi bi dã hoả phần,",嶧山之碑野火焚，
Mạc cảm hoàng tức.,莫敢遑息。
Nhi nhẫn vi thuỷ.,而忍爲水。
"Tuế nguyệt ký như thử,",歲月既如此，
Miễu thị hoàng đế lăng hầu vương.,眇視皇帝凌侯王。
"Thất nguyệt lưu Huỷ,",七月流火，
Trừng trừng tịnh vô ai.,澄澄淨無埃。
"Bán pha dĩ nam thuần tẩm sơn,",半陂已南純浸山，
Hiền giả thị huynh ngu giả đệ.,賢者是兄愚者弟。
Xạ sách quân môn kỳ đệ nhất.,射策軍門期第一。
Mã quan tư dưỡng sâm thành liệt.,馬官廝養森成列。
Ngũ Hồ thổ nạp chưởng trung bôi.,五湖吐納掌中杯。
"Ngũ bách niên dư, tự do xích.",五百年與字猶赤。
"Đăng sàm nham nhi hạ vọng hề, lâm đại để chi súc thuỷ.",登巉巖而下望兮，臨大阺之稸水。
Cô quân kinh dạ vi.,孤軍驚夜圍。
Nhai cù cạnh vật hoa.,街衢競物華。
Bỉ giảo đồng hề!,彼狡童兮，
Chung dĩ diệt táng?,終以滅喪？
Kiếm quang chiếu không thiên tự bích.,劍光照空天自碧。
Tam xích giác cung lưỡng hộc lực.,三尺角弓兩斛力。
Nhi cát phi thị đắc?,而吉妃是得？
Địch địch sơn xuyên.,滌滌山川。
Gia trung vô hại.,家中無害。
"Thiên kim thọ Giáng Hầu,",天金壽絳侯，
Thảo thảo minh nghê.,草草鳴麑。
Sư tửu hữu tự.,釃酒有藇。
"Thân Bá chi công,",申伯之功，
Cổ đỉnh dược thuỷ long đằng thoa.,古鼎躍水龍騰梭。
"Đương thì hoan hướng chưởng trung tiêu,",當時歡向掌中銷，
Hữu nghiêm thiên tử.,有嚴天子。
Lạc tử chi vô tri.,樂子之無知。
"Không lưu nhất phiến thạch,",空留一片石，
"Trường trung nhất thời bách xảo xuất,",場中一時百巧出，
Vi vân vi vũ Sở Tương Vương.,為雲為雨楚襄王。
"Phan thê cốt chi sào, khám tiềm giao chi thất.",攀梯鶻之巢，瞰潛蛟之室。
"Chung phong thả ế,",終風且曀，
Thương khổ hải chi linh đinh.,傷苦海之零汀。
"Tranh tân mãi sủng xuất tân ý,",爭新買寵出新意，
Tái thượng trì khu ngũ thập niên.,塞上馳驅五十年。
"Bằng thiêm lưỡng hàng lệ,",憑添兩行淚，
"Ngọc điện truyền kim bảng,",玉殿傳金榜，
"Mã nhật hột thuỷ thảo bách cân,",馬日齕水草百斤，
Vô du ngã lý.,無逾我里，
"Nhãn hoa xỉ chiết cánh hà ích,",眼花齒折竟何益，
"Xương Môn nữ nhi trang kế khinh,",閶門女兒糚髻輕，
"Trung hữu tại gia tăng,",中有在家僧，
Trạc túc Động Đình vọng bát hoang.,濯足洞庭望八荒。
"Bất mị quyện trường canh,",不寐倦長更，
Lê mạt sơ lai kiến thảo am.,黎末初來建草庵。
Thảo đình thu ảnh đạm vô nhân.,草亭秋影澹無人。
"Gia cận Đại Công phường để lộ,",家近大功坊底路，
Thủ Dương chi hộ.,首陽之下。
Nhất sinh kỉ độ thác xuân miên.,一生幾度托春眠。
Khúc thuỷ hồi lưu triết lạc thạch.,曲水回流哲落石。
Dĩ nhục vi thực hề lạc vi tương.,以肉為食兮酪為漿。
Nghiễm doãn vu di.,玁狁於夷。
Thời tình lưỡng hải ngân.,時情兩海銀。
Lưỡng địa ninh như nhất xứ khổ.,兩地寧如一處苦。
"Thán tức vị quan tiểu,",嘆息為冠小，
Vĩnh dĩ vi hảo dã.,永以為好也。
"Già đoạn quy trình vân vạn trục,",遮斷歸程雲萬軸，
"Bách quả hữu long nhãn,",百果有龍眼，
Long tái thuỷ ưng xuân.,龍塞始應春。
"Phủ tắc vị sát,",俯則未察，
Ô hô! Ai tai!,嗚呼！哀哉！
Đào nguyên thị phi.,桃源是非。
Há thướng kỳ âm.,下上其音。
"Dã điểu bất tri kinh hậu lại,",野鳥不知驚候吏，
Lệ lưu khâm chi lang lang.,淚流襟之浪浪。
"Tuyền chi kiệt hĩ,",泉之竭矣，
"Đãn kiến tiêu tòng hải thượng lai,",但見宵從海上來，
Vũ hậu thấp độc chưng bàng quang.,雨後濕毒烝膀胱。
Cô vân độc khứ nhàn.,孤雲獨去閒。
"Diểu diểu thú yên cô,",渺渺戍煙孤，
"Chung Nam âm lĩnh tú,",終南陰嶺秀，
Phong xuy lộ thấp phù dung thường.,風吹露溼芙蓉裳。
"Anh hùng sự vãng duy tồn thạch,",英雄事往唯存石，
"Động như vân hạc,",動如雲鶴，
"Quỳnh diên, bảo ác liên chi cẩm",瓊筵寶幄連枝錦，
"Thoả chi hựu chi,",妥之侑之，
Bá Kiều thi tứ Tây Hồ nguyệt.,灞橋詩思西湖月。
Tặng quân bạch tuyết mai hoa chi.,贈君白雪梅花枝。
Kiệt can trảm mộc vi tiên thanh.,楬竿斬木為先聲。
Ban kinh tịch cảo.,班荊席藁。
Tận thị độc thư nhân.,盡是讀書人。
"Sinh nam trưởng thành tụ tỷ lân,",生男長成聚比鄰，
"Phân hàng tiếp ỷ thụ,",分行接綺樹，
"Dã hoa già nhãn tửu triêm thế,",野花遮眼酒沾涕，
Bắc lưu hiệt hiệt.,北流活活。
"Phủ giáng thiên nhận,",俯降千仞，
"Tải phi tải hạ,",載飛載下，
"Bất cảm bạo hổ,",不敢暴虎、
"Khứ lai giang khẩu thủ không thuyền,",去來江口守空船，
"Hương truyền hàn mặc,",香傳翰墨，
Xuân sắc” tứ tự.,春色四字。
Thiếu nữ đa phong đồn.,少女多豐臀。
"Vô át nhĩ cung,",無遏爾躬。
Hoài ngã thánh khảo.,懷我聖考。
Hoán tác lệ chi nô.,喚作荔枝奴。
"Tri tử chi lực chi,",「知子之來之，
"Thiên hạ thương tâm xứ,",天下傷心處，
"Xích tiêu Huyền Phố tu vãng lai,",赤霄懸圃須往來，
"Minh hà khả vọng bất khả thân,",明河可望不可親，
"Đại hải ba đào thiển,",大海波濤淺，
Tận trước đoản y khát vô thuỷ.,盡著短衣渴無水。
Kỷ độ triều lai vấn quá chu.,幾度朝來問過舟。
"An tri quyết ức truy phong túc,",安知決臆追風足，
"Nhất gia thập khẩu bất tam nhật,",一家十口不三日，
"Đan thanh bất tri lão tương chí,",丹青不知老將至，
"Tắc duy nguyên tử,",稷維元子，
Lân đức lân hương bất ngã hà.,鄰德鄰香不我遐。
Tiêu táp tận đắc phong yên tình.,蕭颯盡得風煙情。
"Khả liên vô định tướng,",可憐無定相，
"Quang ảnh đằng huy chiếu tâm địa,",光影騰輝照心地，
Phanh ngư noãn tửu hoan phụ tử.,烹魚煖酒歡婦子。
"Thục kỳ khứ tư,",孰期去斯，
Thánh hiền hà sự ngôn thao trì.,聖賢何事言操持。
"Thánh chúa ân cầu sĩ,",聖主恩求士，
Diệc khả uý dã.,亦可畏也。
"Phòng trung vô tục vật,",房中無俗物，
"Giang hữu chử,",江有渚，
Chu hãn tham đàm do phún ngọc.,朱汗驂驔猶噴玉。
Ngã mã huyền hoàng.,我馬玄黃。
"Văn bất cầu công từ thượng đạt,",文不求工辭尚達，
"Thượng trí thư đường hạ điếu ky,",上置書堂下釣磯，
Nhất tái phó hoàng lương.,一載赴黃粱。
Việt khê hàn nữ Hán cung cơ.,越溪寒女漢宮姬。
Hoá tác Thiền Vu cung.,化作單于宮。
"Nhật chi phương trung,",日之方中，
Thế chấp kỳ công.,世執其功。
"Dân chi đa tịch,",民之多辟，
Thư hùng thượng hạ bất tương trục.,雌雄上下不相逐。
Hoàn dư thụ tử chi xán hề.,還，予授子之粲兮。
Tông miếu diệt tuyệt.,宗廟滅絕。
"Văn đạo nam hành thị tuấn mã,",聞道南行市駿馬，
"Ỷ trạo xuân giang thượng,",倚棹春江上，
Vũ tuyết phân phân liên đại mạc.,雨雪紛紛連大漠。
Phương Thúc ly chỉ.,方叔蒞止，
Hà cầu vi ngã?,何求為我？
"Thủ bả phù dung bộ thạch bích,",手把芙蓉步石壁，
Viễn huynh đệ phụ mỗ.,遠兄弟父母。
"Gia ký Chinh Hà ngạn,",家寄征河岸，
Thụ thiên bách lộc.,受天百祿。
"Li nhĩ khuê toản,",厘爾圭瓚，
Vô tỷ chính phản.,無俾正反。
Thánh chúa triêu triêu mộ mộ tình.,聖主朝朝暮暮情。
"Du du đình tử ngoại,",悠悠亭子外，
Kê minh vấn tẩm long lâu hiểu.,雞鳴問寢龍樓曉。
Không sơn thảo mộc trường.,空山草木長。
Vương hậu duy hàn.,王后維翰。
"Dương tiên nhất lộ đạt Yên Đài,",揚鞭一路達燕臺，
"Nhân hữu dân nhân,",人有民人，
Tư mã tư tác.,思馬斯作。
"Đà cổ tam thanh tất,",鼍鼔三聲畢，
Cổ sắt cổ cầm.,鼓瑟鼓琴。
"Bảo hựu mệnh chi,",保右命之，
"Bán nguyệt hồ đầu nhất dạ tiêu,",半月湖頭一夜霄，
"Phúc thuỷ thanh thanh,",福水清清，
"Sầu lai ẩm tửu nhị thiên thạch,",愁來飲酒二千石，
"Tỳ bà nhất khúc trường kham đoạn,",琵琶一曲腸堪斷，
Kiêu ngoa thị trá.,驕訛是詐。
Triệt điền vi lương.,徹田爲糧。
"Vĩnh ngôn hiếu tư,",永言孝思，
Chân Khế cửu dĩ giao tiền sinh.,真契久已交前生。
Phần thuỷ nhất điều thanh.,汾水一條清。
Chính hảo biện giao tịch.,正好辦教席。
"Phỉ diện mệnh chi,",匪面命之，
"Tương kiến ""Bạch đồng đê"".",相見白銅鞮。
Lão thê đổ ngã nhan sắc đồng.,老妻睹我顏色同。
"Niên niên tuế tuế hà cùng dĩ,",年年歲歲何窮已，
Dạ thượng thú lâu khán Thái Bạch.,夜上戍樓看太白。
Đắc bất ai thống trần tái mông.,得不哀痛塵再蒙。
"Sảo giác thu sơn viễn,",稍覺秋山遠，
Hưu xướng Hà Kham tuyệt diệu từ.,休唱何戡絕妙詞。
Tôn tiền phiên xướng liễu chi tình.,尊前翻唱柳枝情。
"Can qua thích dương,",干戈戚揚，
"Yến uyển chi cầu,",燕婉之求，
Tuy hối tất minh.,雖晦必明。
"Tuy hữu vọng viễn cảnh,",雖有望遠鏡，
"Lão phu bất tri kỳ sở vãng,",老夫不知其所往，
Hà xứ đắc đình gia?,何處得停家？
"Mạc mạc tráo đầu trần ế khởi,",漠漠罩頭塵翳起，
Mộng nhiễu hoàng các hương lô yên.,夢繞黃閣香爐煙。
"Vũ đa vãng vãng đắc sắt sắt,",雨多往往得瑟瑟，
Hương trù tùng đạo thanh lương câu.,香廚松道清涼俱。
Trung tâm hỉ chi.,中心喜之。
Mỹ hữu trao hĩ.,靡有朝矣。
"Yên đắc Tinh Châu khoái tiễn đao,",焉得并州快剪刀，
"Lý xã hợp tiền dĩ tác ký,",里社合錢以作記，
Hữu bất đắc kiến giả tam lục niên.,有不得見者三六年。
"Hán sứ nam hoàn tận,",漢使南還盡，
Chinh nhân kỷ tuế du.,征人幾歲遊。
"Mộc bì bác tận thảo căn tử,",木皮剝盡草根死，
"Thâm sơn tạc thạch thu vũ hoạt,",深山鑿石秋雨滑，
"Đả cầu trúc trường nhất thiên bộ,",打球筑場一千步，
Kim triêu thừa hoá khứ Hồ già Khương địch cái bất nhẫn văn.,今朝乘化去胡笳羌笛蓋不忍聞。
Tán vô hữu kỷ.,散無友紀。
"Phong đào táp táp hàn sơn âm,",風濤颯颯寒山陰，
"Cự tỵ nghi sơn cát,",巨鼻宜山褐，
"Khứ niên ký khứ vô hồi âm,",去年寄去無回音，
Đãi kỳ vị chi.,迨其謂之！
"Đỗ Lăng lão ông thu hệ thuyền,",杜陵老翁秋系船，
"Duy hứa chinh triêu phục Hán nghi,",唯許正朝服漢儀，
"Khắc chu cầu kiếm,",刻舟求劍，
"Hoàng Hà, Giang, Hán thiên hạ thuỷ.",黃河江漢天下水。
"Cửu nguyệt vọng hậu thiên khí lương,",九月望後天氣涼，
"Túng hữu hoàn gia mộng,",縱有還家夢，
"Thân thượng y thường, khẩu trung thực,",身上衣裳口中食。
Tiêu tiêu đa cổ thụ.,蕭蕭多古樹。
"Quân kim khẳng niệm cựu phong lưu,",君今肯念舊風流，
Tồn vong tam thập thu.,存亡三十秋。
"Giáp kỳ Hoàng giản,",夾其皇澗，
Vũ thí vân hành.,雨施雲行。
Âm hác hổ báo hùng nha tu.,陰壑虎豹雄牙須。
"Vô số tướng quân tây đệ thành,",無數將軍西第成，
"Đức âm mạc vi,",德音莫違，
"Đằng tiên thuỳ thuỳ khí bất dương,",藤鞭垂垂氣不揚，
"Di di như dã,",怡怡如也，
Minh nguyệt ba tình đương lý tiếp.,明月波情當理楫。
"Tri lang vị đắc khứ,",知郎未得去，
"Quỳ tử chi quốc Đỗ Lăng ông,",夔子之國杜陵翁，
Đàm công duy tư.,譚公維私。
"Mạc hiềm lạc xác pha đầu lộ,",莫嫌犖确坡頭路，
Hạ ốc cừ cừ.,夏屋渠渠，
Ca từ tự tác phong cách lão.,歌辭自作風格老。
Thiên môn cửu phiến tương đương khai.,天門九扇相當開。
"Mạc dĩ kim thời sủng,",莫以今時寵，
Thiện bả khuê tình tiện khinh hứa.,擅把閨情賤輕許。
Nghịch đức giả vong.,逆德者亡。
"Văn nhân chi báng,",聞人之謗，
Dân sở liệu hĩ.,民所燎矣。
"Đáo tự phương ưng giác,",到寺方應覺，
Tích chi lật lật.,積之栗栗。
"Mỹ nhân hiệp sắt đối phương thụ,",美人挾瑟對芳樹，
"Minh mục tứ thiên cổ,",瞑目思千古，
"Vô ngôn bất thù,",無言不讎，
"Ô hô nương bất tại,",嗚呼娘不在，
"Táp dư niên sơn hải gian quan, nhân giai bi kỳ ngộ, thiên nhược giám kỳ thành, tam đảo minh tiên, tráng chí cẩn năng thông thượng quốc;",卅餘年山海艱關，人皆悲其遇，天若鑒其誠，三島鳴鞭，壯志僅能通上國；
Thâm khuê dạ vị miên.,深閨夜未眠。
Thiền táo thuỳ dương phố.,蟬噪垂楊浦。
"Thấp tang hữu a,",隰桑有阿，
"Nhân vô viễn lự,",人無遠慮，
Toại Châu thành ngoại Ba nhân hy.,遂州城外巴人稀。
Tẩy dược Hoán Hoa khê.,洗藥浣花溪。
Cổ kim bất dịch.,古今不易。
Phong khinh thuỷ biến đài.,風輕水變苔。
Tri thử đoan nghê súc sân nộ.,知此端倪蓄嗔怒。
"Sinh hoàng doanh toạ, biệt hữu u tình;",笙簧盈座，別有幽情；
"Quân tử thực duy,",君子實維，
Vân thuỳ chi tư?,云誰之思？
Duệ cứ vương môn bất xứng tình.,曳裾王門不稱情。
"Viên thái hức hĩ,",爰采麥矣，
Nữ Nhi phố khẩu quá Hồ Châu.,女兒浦口過湖州。
"Văn Vương thụ mệnh,",文王受命，
"Tứ thiên vô bích tài khả gia,",四天無壁纔可家，
"Thu phong xuy địa bách thảo can,",秋風吹地百草幹，
Quỷ vật đồ hoạ điền thanh hồng.,鬼物圖畫填青紅。
Vương tôn quy bất quy?,王孫歸不歸。
Thủ chu đãi thố.,守株待兔。
"Hạ giới khởi vô thất thốn chi canh mễ,",下界豈無七寸之粳米，
Dương ly viên tử.,陽離爰死。
Tái khúc tam canh hốt bi tráng.,塞曲三更欻悲壯。
Thỉnh thế Nghi Dương nhất hồ tửu.,請貰宜陽一壺酒。
"Chi tử vu quy,",之子于歸、
"Kiệt Thạch, Tiêu Tương vô hạn lộ.",碣石瀟湘無限路。
"Bích xuyên điều điều sơn uyển uyển,",碧川迢迢山宛宛，
"Kim nhân bất kiến cổ thì nguyệt,",今人不見古時月，
Cố hương diểu diểu giai trần cách.,故鄉渺渺皆塵隔。
"Kiệt nhiên trấn Tây nam,",杰然鎮西南，
Bất như nhân ý thâm.,不如人意深。
Bần cùng thủ cấp hành điệp tử.,貧窮取給行艓子。
Hoảng dịch hữu sở văn da?,恍惚有所聞耶？
Khoản khúc thương lượng tình dữ vũ.,款曲商量晴與雨。
Sinh ký nan minh tử cự tri?,生既難明死詎知？
Trần ai cổn cổn ô nhân y.,塵埃滾滾汙人衣。
Bạch bích hữu vi hà.,白璧有微瑕。
"Giang thuỷ tam thiên lý,",江水三千里，
"Ngẫu trường tiêm lũ trừu khinh xuân,",藕腸纖縷抽輕春，
"Gia gia dưỡng nam đương môn hộ,",家家養男當門戶，
"Bang mỹ hữu định,",邦靡有定，
"Khải đễ quân tử,",豈弟君子，
"Cáo chi thoại ngôn,",告之話言，
"Tuyên châu thái thú gia dạng chức,",宣州太守加樣織，
"Cứu trung giai nhục mã,",廄中皆肉馬，
Tử xa Trọng Hàng.,子車仲行。
"Xuân tuyết đoạ như si,",春雪墮如簁，
Toại giao phương sĩ ân cần mịch.,遂教方士殷勤覓。
Ngã cư hạng nam tử hạng bắc.,我居巷南子巷北。
Sư xuất Giang Hoài vị dị thôn.,師出江淮未易吞。
Viễn phụ mẫu huynh đệ.,遠父母兄弟。
"Truyền văn danh lợi nhân,",傳聞名利人，
Vô thứ dư tử tăng.,無庶予子憎！」
Tùng bách tư đoài.,松柏斯兌。
"Sơn công tuý hậu năng kỵ mã,",山公醉後能騎馬，
"Hước lãng tiếu ngạo,",謔浪笑敖，
Nguyệt thướng cao lâu khách vị quy.,月上高樓客未歸。
"Sóc phong xuy tuyết sầu vân ngưng,",朔風吹雪愁雲凝，
"Chúc hải chi dân hà khổ môn,",鬻海之民何苦門，
"Chấp bút trực dĩ đại thư hề, vô hào ly chi cảm thắc.",執筆直以大書兮，無毫釐之敢忒。
"Ký kiến quân tử,",既見君子，
Khoan hô khoan!,寬乎寬！
"Phụ dĩ linh ngao, bàn dĩ ly.",負以靈鰲蟠以螭。
"Đốc Công Lưu,",篤公劉，
Lục bí tại thủ.,六轡在手。
"Thăng bỉ khử hĩ,",升彼虛矣，
"Túc tích thanh vân chí,",宿昔青雲志，
"Minh minh thiên tử,",明明天子，
Phá Việt như đồng phá trúc thế.,破越如同破竹勢。
"Nguyện ngôn thập tập tàng thử đồ,",願言什襲藏此圖，
Mỹ nhân đạp diên thượng ca vũ.,美人踏筵尚歌舞。
"Thuỷ diện băng do đống,",水面冰猶凍，
"Tửu sắc tranh đấu,",酒色爭鬥，
"Kỳ khinh như mao,",其輕如毛，
Trần thổ trùng lai hựu hà nhật.,塵土重來又何日。
"Thú quân dục quy quy bất đắc,",守君欲歸歸不得，
Than than thôi thôi.,嘽嘽焞焞，
"Viễn vu tương chi,",遠于將之，
Thư yểu kiểu hề!,舒窈糾兮，
"Nham phi tùng kính trường tịch liêu,",岩扉松徑長寂寥，
"Cổ thụ y tà lâm cổ đạo,",古樹欹斜臨古道，
Sổ thanh nhân ngữ cách xuân yên.,數聲人語隔春煙。
Tiểu tử hữu tạo.,小子有造。
"Lôi khu điện xiết, trúc phá hôi phi.",雷驅電掣，竹破灰飛。
"Nga Hoàng bất ngữ khải kiều yểm,",娥皇不語啟嬌靨，
"Tòng lai tống khách xứ,",從來送客處，
"Sắc dị sát nhân,",色易殺人，
Doanh phiên ngọc bạch tuân vương độ.,瀛藩玉帛遵王度。
"Tứ quốc hữu vương,",四國有王，
Trang bãi tạm bồi hồi.,妝罷暫徘徊。
"Ẩm tiễn vu Nễ,",飲餞于禰。
"Nhật nguyệt hà xứ thê,",日月何處棲，
Hiểu xuy viên quản tuỳ lạc hoa,曉吹員管隨落花，
"Khổ tâm khởi miễn dung lâu nghị,",苦心豈免容螻蟻，
Bất khả viễn du.,不可遠遊。
Hồ kỵ văn chi khứ phục lai.,胡騎聞之去復來。
"Vô dĩ giải ưu hề,",無以解憂兮，
Nguyệt Hằng chi cương.,月恆之崗。
Thiền Vu dạ độn đào.,單于夜遁逃。
Hoành chu thạch ngạn tiền.,橫舟石岸前。
"Như Nam sơn chi thọ,",如南山之壽，
Ký viết dung chỉ,既曰庸止，
"Thương mang cổ mộc liên cùng hạng,",蒼茫古木連窮巷，
"Hất Nguỵ đô hề tức lan phòng,",迄魏都兮息蘭房，
Dục ký âm thư na khả văn ?,欲寄音書那可聞。
Đàn khán phi hồng khuyến Hồ tửu.,彈看飛鴻勸胡酒。
Hoàng Hà ưng hữu khước hoàn thì.,黃河應有卻還時。
“Ưu linh nhân lão.”,「憂令人老。」
Nhân đạo ngã khanh tuyệt thế vô.,人道我卿絕世無。
"Công tốn thạc phu,",公孫碩膚、
Viên hà vân?,爰何云？
"Tân hoan tiện bão Khương hầu đức,",新歡便飽姜侯德，
"Ký năng minh tự kính,",既能明似鏡，
"Ô hô du tai,",於乎悠哉，
Đa ngôn nao nao sư sở a.,多言譊譊師所呵。
"Yến yến vu phi,",燕燕于飛，
"Phong quang nhược thử nhân bất tuý,",風光若此人不醉，
Phục nhi bất động phi thạch hồ.,伏而不動非石乎？
Hạ tận bất suy hương.,暇盡不衰香。
"Vũ tế sầu nan tẩy,",雨細愁難洗，
"Bí quyết ẩn văn tu nội giáo,",秘訣隱文須內教，
"Phần thuỷ thu phong hồng nhạn lai,",汾水秋風鴻雁來，
Vân thị tích nhân thuỳ điếu đài.,云是昔人垂釣臺。
"Ta tai kết phát trấp bát niên,",嗟哉結髮廿八年，
"Linh Nhược đạo ngôn,",靈若道言，
Vân bình bất động yểm cô tần.,雲屏不動掩孤嚬，
Trí thân minh kính lý.,置身明鏡裏。
"Tâm tri thử biệt vô hoàn kỳ,",心知此别無還期，
Phụ hùng dĩ du?,負熊以遊？
"Ký di ngã dị,",既詒我肄。
Giang thần kiến quái cảnh ngã ngoan.,江神見怪警我頑。
"Trần Lưu quy mệnh dữ an nhạc,",陳留歸命與安樂，
Bạch ngọc thuỳ gia lang,白玉誰家郎，
"Tráng tuế cử gia triêu Ái Châu,",壯歲舉家朝爱州，
"Tự môn cao khai Động Đình dã,",寺門高開洞庭野，
"Kỳ lân cẩm đới bội Ngô câu,",麒麟錦帶佩吳鉤，
Tú mạt duyên hoa dư tích tuyết.,秀抹鉛華餘積雪。
"Thương tâm giang thượng khách,",傷心江上客，
"Thức ngã chung tiêu song tận lệ,",拭我終宵雙盡淚，
Vật dĩ vi tiếu.,勿以爲笑。
Ế tu tụ dĩ duyên trữ.,翳修袖以延佇。
"Hoàng Trì cao hội sự vị chung,",黃池高會事未終，
Hà phạt hà hữu?,何罰何佑？
"Yến dâm diễn nhi phủ doanh hề,",燕淫衍而撫楹兮，
Nghệ yên tất nhật?,羿焉彃日？
"Trùng kê vu nhân hà hậu bạc,",蟲雞于人何厚薄，
"Dụng nhân vật nghi,",用人勿疑，
"Hà tống nghênh chi tương phiền hề, thục vi nguỵ nhi vi chân.",何送迎之相煩兮，孰為偽而為真。
"Khẩu giác lưu mạt, hữu thủ chi.",口角流沫右手胝。
Hữu phong hoàn mãn không.,有風還滿空。
"Khuất Nguyên, Giới Tử, cô phẫn tự tường;",屈原，介子，孤憤自戕；
"Viên Thiệu, Viên Thuật hưng Hà Lương.",袁紹袁术興河梁。
Ngộ mị tư bặc.,寤寐思服。
"Xuất nhập khởi cư,",出入起居，
Bát hoang thập niên phòng đạo tặc.,八荒十年防盜賊，
"Giá ngã thặng mỗ,",駕我乘馬，
"Nhân quy lạc nhạn hậu,",人歸落鴈後，
"Chủng chủng hư nguỵ,",種種虛偽，
Bất tự Dĩnh Xuyên không sứ tửu.,不似潁川空使酒。
"Bắc xá hồ thuỷ bắc,",北垞湖水北，
"Minh nguyệt song khê thuỷ,",明月雙溪水，
Tá hữu khanh tướng càn khôn bình.,佐佑卿相乾坤平。
Hải khoát thiên khoan mê xứ sở.,海闊天寬迷處所。
"Đông tẩu vô phục ức lô ngư,",東走無復憶鱸魚，
"Hoạch chi trất trất,",穫之挃挃，
"Đề hồ lô,",提壺盧，
Cát luỹ hoang chi.,葛藟荒之。
"Dạ lai thành thượng nhất xích tuyết,",夜來城上一尺雪，
"Minh triêu tửu tỉnh hoàn độc lai,",明朝酒醒還獨來，
Tặc chước bất tử thần phù trì.,賊斫不死神扶持。
"Bỉ trí cùng nhi lực tận, thúc thủ đãi vong;",彼智窮而力盡，束手待亡；
Hạo thiên bất thắc.,昊天不忒。
"Kim dạ văn quân tỳ bà ngữ,",今夜聞君琵琶語，
Đê đầu tư cố hương.,低頭思故鄉。
"Khoảnh khắc liên phá nhị tam thôn,",頃刻連破二三村，
"Lân chi đính,",麟之定、
Hạo hạo vô ngân;,浩浩無垠；
"Do lai vưu vật bất tại đại,",由來尤物不在大，
Bôn tẩu khiếu hào như bệnh cuồng.,奔走叫號如病狂。
Tử hậu không lưu thủ nhất song.,死後空留手一雙。
Tử cấm chính nại yên hoa nhiễu.,紫禁正耐煙花繞。
Phan nhiêm khống ngự tiên Văn Trung.,攀髯控馭先文忠。
Môn ngoại thực ngô đồng.,門外植梧桐。
Thúc phát hãn ký.,叔發罕忌。
Diệc phiếm kỳ lưu.,亦泛其流。
"Hương xa dữ ti kỵ,",香車與絲騎，
"Lợi bất khả độc,",利不可獨，
Lạc cực ai lai nguyệt đông xuất.,樂极哀來月東出。
Thanh dương uyển hề!,清揚婉兮。
"Cựu sơn đồng bạn thảng tương phùng,",舊山同伴倘相逢，
Ha hồ vi hề lục nùng chiên?,呵胡爲兮陸儂氈！
"Tải phi tải chì,",載飛載止，
Bất nhẫn kiến thu nguyệt.,不忍見秋月。
Sơn khai khoáng vọng toàn bình lục.,山開曠望旋平陸。
Hựu kiến phát đình mai.,又見發庭梅。
Quỷ đăng như tất điểm tùng hoa.,鬼燈如漆點松花。
Cùng hữu chỉ đào.,邛有旨苕。
Do ngôn tích cố lâm.,猶言惜故林。
Doanh nãi Di môn bão quan giả.,嬴乃夷門抱關者。
"Hiếu lợi chi nhân,",好利之人，
"Nguyện tứ vấn nhi tự tiến hề, đắc thượng quân chi ngọc âm.",願賜問而自進兮，得尚君之玉音。
"Nhất trùng nhất yểm ngô phế phủ,",一重一掩吾肺腑，
"Cát Phủ tác tụng,",吉甫作誦，
Khuất chỉ tiền trình sơ phát bộ.,屈指前程初發步。
Dục ngữ ngạnh yết thôn thanh bi.,欲語哽咽吞聲悲。
"Tuế yến thâu thuế,",歲晏輸稅，
"Xuất xa bành bành,",出車彭彭，
"Ngã chi quân chỉnh, nhật dĩ ích chấn;",我之軍整，日以益振；
Phi hữu diệc phi không.,非有亦非空。
Thân vi Hà Bắc du.,身為河北遊。
"Hà linh hồn chi phân phân hề,",何靈魂之紛紛兮，
Hữu tượng sâm ư mục.,有像森於目。
"Tiểu nhi kinh tỵ lực bất chi,",小兒驚避力不支。
"Tiểu nhung tiển thu,",小戎俴收，
"Dao khan Biện thuỷ ba thanh tiểu,",遙看汴水波聲小，
"Thượng lũng tiên loát thanh,",上壟先捋青，
"Tả chấp hoàng,",左執簧，
"Tồn tồn vũ ngã,",蹲蹲舞我。
Tranh nại trường trường khổ.,爭奈長長苦。
"Tự liên Bích Ngọc thân giao vũ,",自憐碧玉親教舞，
"Mạc phi ngã thánh hoàng tham tán chi diệu dụng, hữu dĩ khai ức vạn tải chi hoành mô,",莫非我聖皇參贊之妙用，有以開億萬載之宏謨。
"Tịch tịch độc cư,",寂寂獨居，
"Tỉ danh Trưng Trắc, muội Trưng Nhị.",姊名徵側妹徵貳。
Ẩm tuý dục quân tri.,飲醉欲君知。
"Nguỵ Giáng hoà Nhung thả giải ưu,",魏絳和戎且解憂，
Nghĩa lý ích tinh.,義理益精。
"Đề tàn cẩm trát ngũ thiên trương,",題殘錦札五千張，
"Tướng bỉ điểu hỹ,",相彼鳥矣，
"Tuy tắc bội thiếp,",雖則佩韘，
Tiện hữu cố hương tình.,便有故鄉情。
Thảo tâm luyến luyến tam xuân huy.,草心戀戀三春暉。
"Lâm Cùng đạo sĩ Hồng Đô khách,",臨邛道士鴻都客，
"Tứ phương ký bình,",四方既平，
Toàn vô tung tích.,全無踪跡。
"Phong thuỷ đông chú,",豐水東注，
"Nhi đề hướng phong bất đắc phụ,",兒啼向風不得父，
Chiếu thư pháp giá hạnh Hà Đông.,詔書法駕幸河東。
"Chức phụ hà thái mang,",織婦何太忙，
"Kỷ kinh thương hải biến tang điền,",幾經滄海變桑田，
"Hữu thố tư thủ,",有兔斯首，
"Quốc bộ miệt tư,",國步蔑資，
Thăng thiên nhập địa cầu chi biến.,升天入地求之遍。
Trùng dịch tằng lai cống bạch trĩ.,重譯曾來貢白雉。
"Thủ trì bôi giảo đạo ngã trịch,",手持盃珓導我擲，
"Thế sự bất phục luân,",世事不復論，
Tàn tinh phá nguyệt khai thiên dư.,殘星破月開天余。
"Phục nặc huyệt xứ,",伏匿穴處，
Tâm hữu hồi hoàng.,心有徊徨。
Nhục thực hương nhân tại miếu đường.,肉食鄉人在廟堂。
Hoàng kim sư tử thừa cao toạ,黃金獅子乘高座，
Hoa nguyệt nại sầu hà.,花月奈愁何。
Thuỳ dữ tiêu ưu?,誰與消憂？
Hách hách tại thượng.,赫赫在上。
Bạch tần sầu sát bạch đầu ông.,白蘋愁殺白頭翁。
Kinh ca diễm Sở yêu.,荊歌艷楚腰。
"Thao thao thệ thuỷ lưu kim cổ,",滔滔逝水流今古，
"Thiền Vu thống khốc Đảo Mã quan,",單于痛哭倒馬關，
Tụng ngôn như tuý.,誦言如醉。
"Hà thân tựu thượng đế,",何親就上帝，
"Thử sự ngã diệc muội kỳ cố,",此事我亦昧其故。
"Ngữ tận hoàn thành khai khẩu tiếu,",語盡還成開口笑，
"Cao từ kiện bút sách kỳ công,",高詞健筆策奇功，
"Thiên nhai vô nhân vạn hác tĩnh,",千崖無人萬壑靜，
"Song mi đăng hạ tảo,",雙眉燈下掃，
Khoái thưởng nhất cử liên thập thương.,快賞一舉連十觴。
"Cố Ứng sơn diệc vị dư hỷ,",故應山亦為餘喜，
Liêm quyển liêm thuỳ để sự nan?,帘捲帘垂底事難，
Ba trung hốt kiến song long phi.,波中忽見雙龍飛。
"Duẫn đức hiệp hạ, vạn bang duy tân.",允德協下，萬邦維新。
Ứng hầu thuận đức.,應侯順德。
"Tà nhật ỷ lâm chuyển,",斜日倚林轉，
"Bốc thệ giai chỉ,",蔔筮偕止，
Đan thanh hoạ tượng kỳ lân đài.,丹青畫像麒麟臺。
"Hữu nữ phỉ ly,",有女仳離，
"Dụng tắc hành, xả tắc tàng, xuất, xử, ngữ, mặc, giai thông hồ thời nghĩa;",用則行，舍則藏，出，處，語，黙，皆通乎時義；
"Đồ hồi chi chí,",圖回之志，
"Đạm tình vân tự biệt,",淡晴雲自別，
Mại tân đắc tiền ứng cung cấp.,賣薪得錢應供給。
Thời tắc:,時則:
Phỉ thuý liêm khai tự thượng câu.,翡翠帘開自上鉤。
"Sơn xuyên chi phong vực ký thù,",山川之封域既殊，
Đoạt môn nhi xuất huyền bạch long.,奪門而出懸白龍。
Tích nhân ư thử tống Kinh Kha.,昔人於此送荊軻。
Thủ thân vi đại.,守身為大。
"Dữ ngã dĩ trí nhi đoản kỳ chí,",與我以智而短其志，
"Yểu điệu thục nữ,",窈窕淑女、
Vô tổn vô ích.,無損無益。
Bất cộng Sở vương ngôn.,不共楚王言。
"Tha nga Bạch Đế thành đông tê,",嵯峨白帝城東西，
"Mại hoa tẩu,",賣花叟，
"Ngâm phong tùng sắt sắt,",吟風松瑟瑟，
Chung cổ thương tâm Chương Giang thuỷ.,終古傷心漳江水。
Thiên cứu chân long thử kỳ á.,天廄真龍此其亞。
Linh lung vọng thu nguyệt,玲瓏望秋月。
Xuân phong xuy động mai ba chi.,春風吹動梅葩枝。
Miểu miểu càn khôn đa biến thái.,渺渺乾坤多變態。
Nhất lộ Tiêu Tương bát mặc trung.,一路瀟湘潑墨中。
"Không lý lưu sương bất giác phi,",空裏流霜不覺飛，
"Huệ nhi hiếu ngã,",惠而好我，
"Dịch đình lâm Bạch Thuỷ,",驛亭臨白水，
Long chủng tự dữ thường nhân thù.,龍種自與常人殊。
"Nghi hồ thích thảng bất đê liễm,",宜乎倜儻不低斂，
"Yên thuỷ tầm thường sự,",煙水尋常事，
Ly sầu tự cá trường.,離愁似個長。
"Khách tâm tranh nhật nguyệt,",客心爭日月，
"Chi chẩm hi hư tài kiến nhi,",支枕欷歔纔見兒，
"Nhật lạc tây sơn mộ,",日落西山暮，
"Phương tiện đề huề,",方便提攜，
"Nhu viễn năng nhĩ,",柔遠能邇，
Dĩ chủng ma đính ngưỡng khả hô.,以踵摩頂仰可呼。
Quốc gia thành bại ngô khởi cảm?,國家成敗吾豈敢，
"Bồi hồi dục biệt Vị Ương cung,",徘徊欲別未央宮，
Mỗi chiến vô công bãi lực sĩ.,每戰無功罷力士。
Bạc ngôn khiết chi.,薄言襭之。
"Thi vương tối thị hiếu sự giả,",詩王最是好事者，
"Đăng cổ thành hề tư cổ nhân,",登古城兮思古人，
Tỷ ỷ bàng hoàng.,徙倚徬徨。
"Tà sơn bách phong vũ như khiếu,",斜山柏風雨如嘯，
"Vô nhân vô ngưu bất cập lê,",無人無牛不及犁，
Vãng nhật giao tình bất khuy nhữ.,往日交情不虧汝。
"Giang thành hồi lục thuỷ,",江城回綠水，
"Vạn Lý lai qui, Cẩm Giang Ngọc Luỹ.",萬里來歸，錦江玉壘。
"Trường nguyện niên niên tự kim nhật,",長願年年似今日，
"Hướng hiểu du nhân tư miểu nhiên,",向曉遊人思渺然，
Nhiếp cảnh truy phi.,躡景追飛。
Hữu trác kỳ đạo.,有倬其道。
"Xã phạn xuy hương xuất mao ốc,",社飯吹香出茅屋，
"Chuỷ thủ đương thì thất thốn trường,",匕首當時七寸長，
Ná tri thuỷ cấp phiên sinh phong.,那知水急翻生風。
Thuỷ thượng nhân gia tận hoạ lâu.,水上人家盡畫樓。
Lệ thấp bệ la y.,淚濕薜蘿衣。
"Tướng quân văn thử khí bột bột,",將軍聞此氣勃勃，
"Biệt hậu thi tài kinh tế kiểm,",別後詩裁經細檢。
Nhất tự liên hoàn cựu thời khuyết.,一似連環舊時缺。
"Thúc vu điền,",叔于田，
"Khổng tu thả trương,",孔修且張，
Vị thành dĩ viễn ba thanh tiểu.,渭城已遠波聲小。
Kỳ từ như xuất nhất thủ vi.,其詞如出一手為。
"Sở cuồng tuý ca ca dục chuyết,",楚狂醉歌歌欲輟，
"Vô tư viễn nhân,",無思遠人，
Đẩu tửu tương phùng tu tuý đảo.,斗酒相逢須醉倒。
Kỳ đôi yên xứ?,鬿堆焉處？
Duệ thổ tháp nê vô tích tâm.,曳土蹋泥無惜心。
"Bằng tri lai vấn thiển ngã nhan,",朋知來問腆我顏，
Bạc ngôn quynh giả:,薄言駉者：
Sơn Tây tiên sinh,山西先生
"Bàn thạch hiểm tuấn, khuynh khi nhai đồi.",磐石險峻，傾崎崖隤。
Quy Châu trường niên hành tối năng.,歸州長年行最能。
Dữ ngã lai vãng tận tri kỷ.,與我來往盡知己。
Dĩ đối vu thiên hạ.,以對于天下。
Thâu tống thiên hương đáo ỷ la.,偷送天香到綺羅。
Hạt kỳ hữu thường?,曷其有常。
"Hà hoa kiều dục ngữ,",荷花嬌欲語，
"Lôi vũ tác hề, long nãi dược,",雷雨作兮龍乃躍，
Ngự long kỳ dĩ ngao du hề,御龍旂以遨遊兮，
Kháp như sơ thính Sở ca thì.,恰如初聽楚歌時。
"Đại huyền xuân ôn hoà thả bình,",大絃春溫和且平，
Dĩ bội hàm cảnh thương tinh long.,已佩含景蒼精龍。
"Phù trường xuyên nhi vong phản,",浮長川而忘返，
Hạ thưởng lục hà trì.,夏賞綠荷池。
"Vãng sự dĩ tùy lưu thủy khứ,",往事已隨流水去，
"Phù dung tinh kỳ yên vụ lạc,",芙蓉旌旗煙霧落，
"Bất tương lưỡng hàng lệ,",不將兩行淚，
"Mộc nhân phiêu phiêu bất như thổ,",木人漂漂不如土，
"Yên Triệu thu tàng, Hàn Nguỵ chi kinh doanh,",燕趙收藏、韓魏之經營、
Diên sơn vọng lý dao.,鳶山望裡遙。
"Đổ nhất lệ nhân,",睹一麗人，
"Cô chu tín nhất bạc,",孤舟信一泊，
Ngộ nhân chi gian nan hĩ!,遇人之艱難矣。
"Dân chi bỉnh di,",民之秉彝，
"Uyên ương lâm bích thuỷ,",鴛鴦臨碧水，
Ly ly xuất hải kiều.,離離出海嶠。
"Phá pha lậu thuỷ bất nại hạn,",破陂漏水不耐旱，
"Bất yếm thê lương địa,",不厭凄涼地，
Bất doanh khuynh khuông.,不盈頃筐。
"Dạ lai mộng Tuyết Đậu,",夜來夢雪竇，
"Ly nhĩ nữ sĩ,",釐爾女士，
Uế hề uý hề!,薈兮蔚兮，
"Hạn ký thái thậm,",旱既太甚，
"Hoành lưu bất đặc thượng nguyên thuỷ,",橫流不特上源水，
"Nguyệt lãng xung thiên thiên vũ thấp,",月浪衝天天宇濕，
"Giang sơn nhập nhãn kham đồ hoạ,",江山入眼堪圖畫，
"Bình minh tầm bạch vũ,",平明尋白羽，
"Nhung xa ký giá,",戎車既駕，
"Hoặc thung hoặc du,",或舂或揄，
Tứ kỳ tĩnh chi.,肆其靖之。
Tinh kỳ vô quang nhật sắc bạc.,旌旗無光日色薄。
Tử sinh xạ lợi kiêm diêm tỉnh.,死生射利兼鹽井。
"Toàn quốc vi thượng, duy đồ tập ninh.",全國為上，惟圖輯寧。
Sơn xuyên tráng đế cư.,山川壯帝居。
"Tiền Châu tại hà xứ,",前洲在何處，
"Tâm thường thán oán,",心常嘆怨，
"Ngạc di mạc nhạ thi tứ cùng,",愕眙莫訝詩思窮，
Tả bi nhân thị Thái sư công.,寫碑人是太師公。
Cấp truyền ôn ngữ vô trương hoàng.,急傳溫語無張皇。
"Phong đề ký khứ bằng quân ngữ,",封題寄去憑君語，
Cao môn hữu kháng;,皋門有伉；
Thuần diệp tế như huyền.,蓴葉細如弦。
"Hoa nhu ngọc nhuyễn lưỡng vô lực,",花柔玉軟兩無力，
Hạo xỉ nội tiên.,皓齒內鮮。
Ngã vị phù du nãi chí thọ.,我謂蜉蝣乃至壽。
"Nhân tri kỳ nhất,",人知其一、
Mật ước u hoan trấn tương ngộ.,密約幽歡鎮相悞。
Sa noãn thuỵ uyên ương.,沙暖睡鴛鴦。
Lưu tuế ám tha đà.,流歲暗蹉跎。
"Tự thử thành trung hào phú nhi,",自此城中豪富兒，
"Xưng nhập quan trung đắc vi trực,",稱入官中得微直，
Cánh dẫn vạn niên chi.,更引萬年枝。
"Xuyên bì trác hủ tuy dục ngốc,",穿皮啄朽觜欲禿，
Hương phong lưu mỹ nhân.,香風留美人。
"Trường An xuân sắc bản vô chủ,",長安春色本無主，
"Xuân lai thi tứ thiên hà xứ,",春來詩思偏何處，
Không tâm đãi nguyệt sinh.,空心待月生。
Chiến tử sa trường tiên dư tội.,戰死沙場鮮餘罪。
"Tê bỉ công đường,",躋彼公堂，
"Thái Công phương hình hề, thiên cổ như ty.",太公芳型兮，千古如斯。
"Xuân phong tri biệt khổ,",春風知別苦，
Lai tuần lai tuyên;,來旬來宣；
Nhất tiếu chính truỵ song phi dực.,一笑正墜雙飛翼。
"Đạo bàng bi thạch hà luỹ luỹ,",道傍碑石何累累，
Trung hữu hành chu.,中有行舟。
Phấn hạn vi vi sấm lục thường.,粉汗微微沁綠裳。
"Khứ niên y tận đáo gia khẩu,",去年衣盡到家口，
"Nguyện sính Đại mã,",願騁代馬，
"Khả lân dương thái nhập la vi,",可憐揚彩入羅幃，
"Thúc vu điền,",叔于田，
"Nhất chi khinh đới vũ,",一枝輕帶雨，
Diệc khổng chi cùng.,亦孔之邛。
"Quế mật nham hoa bạch,",桂密岩花白，
"Tứ phạt Đại Thương,",肆伐大商，
Tư phát tại hoa tiền.,思發在花前。
"Hữu đệ chi đỗ,",有杕之杜，
"Trần Đình Túc, Nguyễn Hữu Độ, Hoàng Hữu Thường, Võ Nhự đồng bái.",陳廷肅，阮有度，黃有常，武洳仝拜。
Tứ phương kỳ huấn chi.,四方其訓之。
"Chiêu Dương điện lý ân ái tuyệt,",昭陽殿裡恩愛絕，
Vân kế tha nga.,雲髻嵯峨。
Tán mạn bạch du phong.,散漫白榆風。
Thiên mệnh mỹ thường.,天命靡常。
"Ư ngã hồ,",於我乎
Cửu châu an thác?,九州安錯？
"Vân yểm Huyền Thiên động,",雲掩玄天洞，
Hữu điều hữu my.,有條有梅。
"Lục bồn tiểu thụ chi chi hảo,",綠盆小樹枝枝好，
Như hà nhân nhân giai cụ nhĩ.,如何人人皆懼爾。
"Giải lạc tam thu diệp,",解落三秋葉，
Dĩ mặc tương âm hữu nhi trí nhiên dã.,以默相陰佑而致然也！
Dương my kết nghĩa hoàng kim đài.,揚眉結義黃金臺。
"Dạ bất hành sơn, diệc tại sơn.",夜不行山亦在山。
Bào miết tiển ngư.,炰鱉鮮魚。
"Thuỷ sư tuyệt khiếu phù nhạn khởi,",水師絕叫鳧雁起，
"Hoa lâu ngọc phượng thanh kiều trữ,",花樓玉鳳聲嬌佇，
"Giao giao hoàng điểu,",交交黃鳥，
Cầm trung bạn dạ đề.,琴中伴夜啼。
"Bất khả đạo dã,",不可道也。
"Thức át khấu ngược,",式遏寇虐，
Bồi tòng thần tu.,陪從宸修。
Trung tâm thị điệu.,中心是悼。
Ô yên giải vũ?,烏焉解羽？
Cẩu diệc vô dữ.,茍亦無與。
"Túc hưng dạ mỵ,",夙興夜寐，
"“Nhị thánh hề tịnh minh,",二聖兮並明，
"Đăng lan đài nhi dao vọng hề, thần hoảng hoảng nhi ngoại dâm.",登蘭臺而遙望兮，神怳怳而外淫。
"Vô dị do ngôn,",無易由言，
Vị hoàng tuyển trạc nam phương sử.,未遑選擢南方使。
Quân bất kiến:,君不見：
Nguyện ngôn tắc đế.,愿言則嚏。
"Bá đầu lạc hoa một mã đề,",霸頭落花沒馬蹄，
"Thảng năng tì ích ngô dân tộc,",倘能裨益吾民族，
"Sầu tuyệt kinh văn biên kỵ báo,",愁絕驚聞邊騎報，
"Phong tồi, nan cải sắc,",風摧難改色，
Nhân sự hữu thời tự tương ngộ.,人事有時自相遇。
Triết phụ khuynh thành.,哲婦傾城。
Thương tử vô nộ.,將子無怒，
"Ngã dục cát thủ thử thuỷ trí tụ trung,",我欲割取此水置袖中，
Dĩ nhập phong đặng mai vân đoan.,已入風磴霾雲端。
"Phái nhiên lệ tứ tam xích vũ,",沛然例賜三尺雨，
"Thập nguyệt nạp hoà cổ,",十月納禾稼。
Trảm mộc hoả tỉnh cùng viên hô.,斬木火井窮猿呼。
"Thiết kiều thạch trụ liên không hoành,",鐵橋石柱連空橫，
Hà ngộ kim hề thăng tư đường!,何悟今兮昇斯堂！
Cẩu diệc vô nhiên.,茍亦無然。
"Hoàn lan chi chi,",芄蘭之支，
"Tương kỳ định tiên đáo,",相期定先到，
Trung hữu mãnh hổ ngật nhân nhục.,中有猛虎吃人肉。
"Âm dương tam hợp,",陰陽三合，
"Mạch kỳ đức âm,",貊其德音，
Thuỷ biên khiêu ngư phiên thuỷ hưởng.,水邊跳魚翻水響。
"Bất kiến tử đô,",不見子都，
Tứ quốc thị ngoa.,四國是吪。
"Bách vạn nhất thời tận,",百萬一時盡，
Nghi kỳ gia thất.,宜其家室。
Tam niên kinh để hoạn du nhân,三年京邸宦遊人，
"Phân náo phồn hoa hề lạc yến nê,",紛閙䌓花兮落燕泥，
"Chinh phu tái thượng hành lân ảnh,",征夫塞上行憐影，
Du du ngã ti.,悠悠我思。
Dĩ giới cảnh phúc.,以介景福。
Như đình như lôi.,如霆如雷。
"Vương sự mỹ cổ,",王事靡盬，
Đới ngã bang kỳ.,帶我邦畿。
"Tố nữ ước vu quế nham,",素女約于桂岩，
"Thì thuần hy hỹ,",時純熙矣，
Thái phiền kỳ kỳ.,采蘩祁祁。
"Ký phá ngã phủ,",既破我斧、
Giang Nam hoa phát giá cô phi.,江南花發鷓鴣飛。
Nguỵ đế sử nhân thôi.,魏帝使人催。
"Quân tử chí chỉ,",君子至止，
Hữu hoạn kỳ thực.,有睆其實。
"Trung hữu di tù mạo vưu xú,",中有夷酋貌尤醜，
"Vương sự đôi ngã,",王事敦我，
Kim dạ túc thuỳ gia.,今夜宿誰家。
Uẩn long trùng trùng.,蘊隆蟲蟲。
"Hội đương tác đường kính thiên bộ,",會當作塘徑千步，
Tự hưu trước khẩu.,自休著口。
Lương gian yến tử thái vô tình.,梁間燕子太無情，
"Cúc nhân kĩ thắc,",鞫人忮忒，
"Dục hoà thượng hạ,",欲和上下，
Mỹ hữu di giới.,靡有夷屆。
"Liệt văn bích công,",烈文辟公，
Đông ngâm bạch tuyết thi.,冬吟白雪詩。
Kỳ đái y ty.,其帶伊絲；
"Y trì động xa mã,",依遲動車馬，
"Hội khan kim cổ tòng thiên hạ,",會看金鼓從天下，
Thỉnh công phóng bút vi trực cán.,請公放筆為直幹。
Hốt nhiên bế khẩu lập.,忽然閉口立。
Bất khả hưu tức.,不可休息。
Ngột ngột bất hoàng tức,矻矻不遑息。
"Bất kiến cẩm cơ chi phấn đội,",不見錦機脂粉隊，
"Đương thời thạch tuyền chiếu kim tượng,",當時石泉照金像，
Xuân vũ thiêm lai thuỷ phách thiên.,春雨添來水拍天。
"Nguyện tư đài chi vĩnh cố hề,",願斯臺之永固兮，
"Bất ngã dĩ,",不我以。
"Đương niên tả vận nhân hà tại,",當年寫韻人何在，
Cẩm khâm lạn hề!,錦衾爛兮。
"Trọng Sơn Phủ tồ Tề,",仲山甫徂齊，
"Đa thiểu Thiên Thai nhân,",多少天台人，
"Khai Nguyên dĩ lai số bát phân,",開元已來數八分，
Bạch Đế thác cô kham thống sở!,白帝托孤堪痛楚！
"Vũ thuận phong điều bách cốc đăng,",雨順風調百穀登，
"Chước nhất chước hề tuý như si,",酌一酌兮醉如癡，
Hạp tương phản hề cố vũ.,盍將返兮故宇。
"Đạm thanh tĩnh kỳ am ế hề, tính trầm tường nhi bất phiền.",澹清靜其愔嫕兮，性沈詳而不煩。
Hồ kỵ bằng lăng tạp phong vũ.,胡騎憑陵雜風雨，
Xích nhật thiêu không hãn như thuỷ.,赤日燒空汗如水。
"Thác trầm âm dĩ khoáng cửu hề,",託沈陰以壙久兮，
"Khắc mộc vi đầu ty tác vĩ,",刻木為頭絲作尾，
Vô tín nhân chi ngôn.,無信人之言，
Thử hiểm thiên giao hạn sa mạc.,此險天教限沙漠。
U lộc ngữ ngữ.,麀鹿麌麌。
Từ phương lai đình.,徐方來庭。
"Phiếm bỉ bách chu,",泛彼柏舟，
"Tam hậu tại thiên,",三后在天，
"Lang thái lăng diệp tiêm,",郎採菱葉尖，
Bất miệt bất cân tháp hiểu nhật.,不襪不巾蹋曉日。
"Trắc giáng nghiễm như,",陟降儼如，
"Tự quân chi xuất hĩ,",自君之出矣，
Cô chẩm phạ nghiêm sương.,孤枕怕嚴霜。
Huyên hô thả phúc bôi trung lục.,喧呼且覆杯中淥。
"Đông phương nhật xuất chiếu tử mạch,",東方日出照紫陌，
"Thiên chi phương nạn,",天之方難，
Thiên hạ phân phân kinh kỷ Tần.,天下紛紛經幾秦。
Tử diệc vi quỷ hùng.,死亦為鬼雄。
"Đan Xá chi thi sơn tích, dã thảo vị chi ân hồng.",丹舍之屍山積，野草為之殷紅。
"Bích vân nhật mộ hề, đối tố nguyệt nhi ngưng mâu.",碧雲日暮兮，對素月而凝眸。
"Đông hữu Phủ thảo,",東有甫草，
Đại bán chủ nhân phi.,大半主人非。
"Hận mãn nha sàng phí thuý khâm,",恨滿牙床翡翠衾，
Lực bất năng cao phi trục tẩu bồng.,力不能高飛逐走蓬。
"Xuân tiêu khổ đoản nhật cao khởi,",春宵苦短日高起，
Cánh khan mộ thụ như sở ngôn.,竟看墓樹如所言。
"Gia ký Giang Đông viễn,",家寄江東遠，
Tiên nhân từ Hán lệ thành hàng.,仙人辭漢淚成行。
Thanh thiên tảo họa bình,青天掃畫屏。
Thuần lư quy tứ thu phong lý.,蓴鱸歸思秋風裡。
Dương xa vọng hạnh a thuỳ tri?,羊車望幸阿誰知？
"Ký kiến quân tử,",既見君子，
Tự sự khổng túc.,祀事孔肅。
Vu kim tam niên.,于今三年。
Phạt kỳ điều mai.,伐其條枚。
"Thu phong xuy khê khê thuỷ hàn,",秋風吹溪溪水寒，
"Hiến kỳ tỳ bì,",獻其貔皮，
"Tống, Tề, Lương, Trần thừa nhất quỹ.",宋齊梁陳承一軌。
Mỹ sở định xứ;,靡所定處；
Hoàng kê trác thử thu chính phì.,黃雞啄黍秋正肥。
"Trần gia từ nhi vân đối hề, thổ phân phương kỳ nhược lan.",陳嘉辭而云對兮，吐芬芳其若蘭。
"Thiên phong tiễn thành phiến,",天風剪成片，
"Bất tương Đông sơn khứ,",不相東山去，
Ký hiệp ngã thỉ.,既挾我矢。
Nguyện thướng đông phong thư.,願上東封書。
"Thành quách do thị, nhân dân phi,",城郭猶是人民非，
"Dục tri tâm đoạn tuyệt,",欲知心斷絕，
Dạ dạ mộng Kinh Châu.,夜夜夢荊州。
U tùng bán thổ kỳ sang đoản.,幽叢半吐旗槍短。
"Chinh phu tiệp tiệp,",征夫捷捷，
Thâm lâm tạp thụ không thiên miên.,深林雜樹空芊綿。
"Vi lưu mãnh sĩ thủ Vị Ương,",為留猛士守未央，
Thuỳ đích vi dung?,誰適為容。
Khiểm xứ hưu ngôn thượng thiếu niên.,歉處休言尚少年。
"Trì đao gian mật trúc,",持刀間密竹，
"Phất phất sinh tàn huy,",拂拂生殘暉，
"Thích tử chi quán hề,",適子之館兮，
Khả dĩ trạc lôi.,可以濯罍。
"Chấp nhất kỷ chi kiến dĩ giá hoạ ư tha nhân,",執一己之見以嫁禍於他人，
Tẩy tước điện giả.,洗爵奠斝。
Nhân sự kinh niên ký quân diện.,人事經年記君面。
"Tương ngao tương tường,",「將翱將翔，
Phương khuê tịch mịch xuân trú trường.,芳閨寂寞春晝長。
Duy hữu lý nghĩa năng tự tri.,惟有理義能自治。
"Xuân phong nhược khả ký,",春風若可寄，
Vô bất hội chỉ.,無不潰止。
"Lỗ môn viên cư diệc thặng đặng,",魯門鶢鶋亦蹭蹬，
"Y Trầm Hương chi lan can hề, phù hải đường chi thuỵ khỉ.",依沉香之欄杆兮，扶海棠之睡起。
"Phùng lăng đại khiếu hô ngũ bạch,",馮陵大叫呼五白，
Thiên nhai thuỳ lão khan do tại.,天涯垂老看猶在。
Khởi khả đắc hồ.,豈可得乎。
"Nhĩ khởi thôi tàn thuỷ phát phẫn,",爾豈摧殘始發憤，
"Tận tương tinh hảo du công phú,",盡將精好輸公賦，
"Đặc dĩ cứu dân chi niệm, mỗi uất uất nhi dục đông;",特以救民之念，每鬱鬱而欲東；
Cổ đài thạch đặng huyền trường thảo.,古臺石磴懸腸草。
"Ngật ngật đăng tiền thập niên độc,",仡仡燈前十年讀，
"Tri âm thức khúc,",知音識曲，
"Mạc hiệu tiểu nhân,",莫效小人，
"Xích Tùng thị vũ sư du hí, Thần Nông chi thế phi dao,",赤松是雨師遊戲，神農之世非遙，
"Bất thị phùng nhàn khách,",不是逢閑客，
Kim triêu xuân sắc cánh hà như,今朝春色更何如。
"Nhĩ thổ vũ bản chương,",爾土宇昄章，
"Bàn hoàn toạ đáo nhật chước ngọ,",盤桓坐到日灼午，
Quân bất kiến:,君不見：
"Thất bạch ngã tri quân vi thân,",匹帛我知君為親，
"Tế hà bắc lưu phục nam lưu,",濟河北流復南流，
"Vô phát ngã cẩu,",毋發我笱。
Sâm si điệp lãng hoành.,參差疊浪橫。
Ngoạ thính tường đông nhân hưởng kịch.,臥聽牆東人響屐。
Khí lẫm thanh phong sa mạc biên.,氣凜清風沙漠邊。
Đài hoang lộ hoạt vô nhân hành.,苔荒路滑無人行。
Địch địch phụ chung.,趯趯阜螽。
"Bất trung chi nhân,",不忠之人，
"Vạn lý trường không nhất phi nhứ,",萬里長空一飛絮，
Luyến cát ngạ biễu vô hoàn ky.,臠割餓莩無完肌。
Hán binh truân tại Luân Đài bắc.,漢兵屯在輪臺北。
"Đế tỉnh Kỳ Sơn,",帝省其山，
"Dư mỹ vong thử,",予美亡此，
"Bích lập thiên nhận, vô dục tắc cương.",壁立千仞，無欲則剛。
"Duy thiên chi mệnh,",維天之命，
"Hầu phục vu Chu,",侯服于周，
Thiếp mộng tại khuê trung.,妾夢在閨中。
"Côn Ngô thiết dã phi viêm yên,",昆吾鐵冶飛炎煙，
Thiên tẫn đầu! Hà xứ hữu hương khâu?,天盡頭！何處有香丘？
Bạch nhật bất động thương thiên cao.,白日不動蒼天高。
Thất hận hưng sư thử đệ nhất.,七恨興師此第一。
"Đề thì kinh thiếp mộng,",啼時驚妾夢，
"Tính tinh kim tự luyện sơ thành,",性精金自鍊初成，
"Hồ nhân hữu phụ năng Hán âm,",胡人有婦能漢音，
"Hành bất tri sở chi hề, hà tiêu liêu chi đa cầu.",行不知所之兮何鷦鷯之多求。
U giáp túc phong thanh.,幽峽足風淸。
Tú bị song uyên ương.,繡被雙鴛鴦。
Kỳ cựu như chi hà?,其舊如之何。
"Khải đễ quân tử,",豈弟君子，
Chu viên tư đê.,周爰咨度。
"Yên quang vạn thái, tỉ bộ bất tề.",煙光萬態，徙步不齊。
Mộ khan tịch tịch hồi xa khứ.,暮看寂寂回車去。
Hạnh diệp đại như tiền.,荇葉大如錢。
"Đức ký mậu ư vô tư,",德既茂於無私，
Ký cát thả nhàn.,既佶且閑。
Tùng hạ minh nguyệt bôi.,松下明月盃。
"Bích nhãn đối thanh sơn,",碧眼對靑山，
"Đào hoa đàm trung xuân thuỷ thâm,",桃花潭中春水深，
Nghi thị ngọc nhân lai.,疑是玉人來。
Nhất xích long toa học chức sa.,一尺龍梭學織紗。
"Vấn đạo tàm phi nhất túc giác,",問道慚非一宿覺，
Kiều ỷ điền không hầu.,嬌倚鈿箜篌。
"Hốt nhiên sách chi hựu vong bô,",忽然索之又亡逋，
"Chí kim dục thực Lâm Phủ nhục,",至今欲姇林甫肉，
Ngã tại dữ thuỳ cư?,我在與誰居？
"Hàm nhiên nặc kỳ bất phân hề, vị dương âm nhi ai thán.",含然諾其不分兮，喟揚音而哀歎。
"Phi điểu vị cập khởi, tẩu thú vị cập phát.",飛鳥未及起，走獸未及發。
Dạ thung vân mẫu thanh.,夜舂雲母聲。
"Vương mệnh khanh sĩ,",王命卿士，
"Y hỗ Văn Vương,",伊嘏文王，
"Đại mạc cùng thu tái thảo suy,",大漠窮秋塞草衰，
Lệ như châu khoả tự tương liên.,淚如珠顆自相連。
Kinh phá Nghê thường vũ y khúc.,驚破霓裳羽衣曲。
Túc túc bảo vũ.,肅肅鴇羽，
"Tha hương phùng tố tiết,",他鄉逢素節，
Thô tri hành lộ nan.,粗知行路難。
Quân bất kiến:,君不見：
"Vi phong dẫn tùng lại,",微風引松籟，
"Bạch lộ há thu thuỷ,",白鷺下秋水，
Bán diện tận tà huy.,半面盡斜暉。
"Lão nhân khán thử tịch,",老人看黍席，
"Háo lạc vô hoang,",好樂無荒，
"Đầu thượng kim thoa thập nhị hàng,",頭上金釵十二行，
"Nhận thiên giáng diệp thân chi thuỵ trùng, nhi kỳ trạng hữu loại hồ long câu dã.",認天降葉身之瑞虫，而其狀有類乎龍駒也。
Nhất bôi tương thuộc quân đương ca.,一杯相屬君當歌。
Như thử tiểu huệ hà túc luận.,如此小惠何足論。
Như kim quân dĩ lão.,如今君已老。
"Sừ hoà nhật đương ngọ,",鋤禾日當午，
Cửu dư thị thắng.,久余是勝。
"Bất hiển Thành Khang,",不顯成康，
Ô hô Chiêu Quân!,嗚呼昭君
Tảo mộ sái Tương Âm.,早暮灑湘陰。
"Ngọc luân loát lộ thấp đoàn quang,",玉輪軋露濕團光，
Do ta hành lộ nan.,猶嗟行路難。
Do bão tỳ bà bán già diện.,猶抱琵琶半遮面。
"Tự thị quân thân hữu tiên cốt,",自是君身有仙骨，
"Thường hữu Giang Nam thuyền,",常有江南船，
Thanh âm mãn lang vũ.,清音滿廊廡。
Vọng hồi khứ lộ thuỷ thiên quang.,望回去路水千洸。
Lạc Dương vô hạn hồng lâu nữ.,洛陽無限紅樓女。
"Thiết sử đắc chân,",設使得真，
Y quan vãng vãng thừa kiển lư.,衣冠往往乘蹇驢。
Phi Hiền nhi hà.,非賢而何。
Nghiêu thế hoài tương như thị tai.,堯世懷襄如是哉。
"Cửu nhi bất khứ, túc tận hãn xuất.",久而不去，足盡汗出。
Thượng chi dĩ quỳnh vinh hồ nhi.,尚之以瓊瑩乎而。
Trì bạn dục thu lương.,池畔欲秋涼。
Dư diệc mạc đổ.,余亦莫睹。
"Dã bất tạo ác,",也不造惡，
Ý khí kiêm tương sinh mệnh thù.,意氣兼將生命酬。
Tế mã khinh xa bất tri số.,細馬輕車不知數。
"Vũ quá sơn tẩy dung,",雨過山洗容，
"Xuy hoa khốn điên bàng chu tiếp,",吹花困癲傍舟楫，
Hoàng dĩ gián chi.,皇以間之。
"Nam hữu cù mộc,",南有樛木、
"Quần công tiên chính,",群公先正，
Tỷ ngã thập niên giao.,比我十年交。
"Ký cảnh nãi cương,",既景乃岡，
Nan bình giả sự.,難平者事。
Tử cực xuất nhập hoàng kim ấn.,紫極出入黃金印。
Vương mệnh Trọng Sơn Phủ:,王命仲山甫：
"Mạch đầu không vấn tì bà bốc,",陌頭空問琵琶卜，
Đãn kiến dã cốt bàn phù đồ.,但見野鶻盤浮圖。
"Hạn ký thái thậm,",旱既太甚，
U âm đa lục đài.,幽陰多綠苔。
Trăn hộ tể tể.,榛楛濟濟。
"Ly hạ trùng dương cúc,",籬下重陽菊，
Tần tường tả hữu như hoa hồng.,嬪嬙左右如花紅。
Bạch lộ thuỳ châu trích thu nguyệt.,白露垂珠滴秋月。
Thì độc khán vân lệ hoành ức.,時獨看雲淚橫臆。
Sầu trịch bích không hư.,愁擲碧空虛。
"Thiên ngẫu kỳ vân,",千耦其耘，
Thậm nhật hoàn hoàn hùng hổ chúng.,甚日桓桓熊虎眾。
Vi cung khổ bị hư danh dịch.,微躬苦被虛名役。
"Nhân nhân hề văn danh,",仁人兮聞名，
Phản phúc thế như phong vũ chí.,反覆勢如風雨至。
Lộ xa thặng hoàng.,路車乘黃。
Tệ y hà thí liên bách kết.,敝衣何啻聯百結。
Khách tòng nhi canh ca viết:,客從而賡歌曰：
"Bạch lộ hy, thuý toa vãn.",白露晞，翠莎晚。
"Thế nho khẩu nhuyễn thanh như dăng,",世儒口軟聲如蠅，
Ông ảo xử phân tương tài y.,翁媼處分將裁衣。
"Diễm diễm tuỳ ba thiên vạn lý,",灩灩隨波千萬里，
"Sinh nhi vi nhân gian chi huyền vưu phụ chuế,",生而為人間之懸疣附贅，
Bất phiền ngân úng trữ bồ đào.,不煩銀甕貯葡萄。
Bạch vũ nhất tẩy không thuỳ la.,白雨一洗空垂蘿。
"Nham hác thiên lý đoạn hành lộ,",岩壑千里斷行路，
"Cơ trung chức cẩm Tần Xuyên nữ,",機中織錦秦川女，
Am trình nhân lạc lăng yên vụ.,諳程駰駱凌煙霧。
"Độ cung, trung thương.",度宮中商。
Tứ hải vi gia thử lộ cùng.,四海為家此路窮。
Thanh huy bất lai nguyệt phụ nhân.,清輝不來月負人。
Thụ hạ thập sơn quả.,樹下拾山菓。
"Ngã mưu phạt nhi tâm công, bất chiến tự khuất.",我謀伐而心攻，不戰自屈。
"Ngược lệ tam thu thục khả nhẫn,",瘧癘三秋孰可忍，
"Cổ giả thánh hiền,",古者聖賢，
Biên đậu tĩnh gia.,籩豆靜嘉。
"Thu Phố Điền Xá Ông,",秋浦田舍翁，
"Kết thực hồng thả lục,",結實紅且綠，
"Khiên thường nhất hoạ khoái tai dao,",褰裳一和快哉謠，
"Cập tảo tán Sở hề, miễn tử thù phương.",及早散楚兮，免死殊方。
Tuế tuế khan hoa nhân tự lai.,歲歲看花人自來。
Ngô vương cung lý tuý Tây Thi.,吳王宮裡醉西施。
"Bất như Thúc dã,",不如叔也，
Kim thu tự khứ thu.,今秋似去秋。
Hán cung nhất biệt,漢宮一別
"Tề tử quy chỉ,",齊子歸止，
"Duy ngô phu tử,",維吾夫子，
"Trường phong mai vân mãng thiên lý,",長風霾雲莽千里，
"Gia trú Tung sơn hạ,",家住嵩山下，
"Vị lão dung âm kình lục cái,",未老榕陰擎綠蓋，
"Lương Châu binh khí nhược vân hắc,",涼州兵氣若雲黑，
Hứng tận tiện hồi thuyền.,興盡便回船。
Phạm tử môn thông Vũ tử môn.,范子門通武子門。
"Bỉ mỹ thục cơ,",彼美淑姬，
"Quý sát nhân thần hoài nhị tâm,",愧剎人臣懷二心，
"Đàn khắc chử chi tiện công, hiệu điêu trùng chi mạt kỹ.",殫刻楮之賤工，效彫虫之末技。
"Thiên nhai lưu lạc câu khả niệm,",天涯流落俱可念，
Thù dị hồ công lộ.,殊異乎公路。
Đông ly cúc dã hoàng.,東籬菊也黃。
Nữ viết: Quan hồ.,女曰：「觀乎？」
"Xuân hoa ký vẫn,",春花既隕，
"Bách phích khanh sĩ,",百辟卿士，
Cát vô bất lợi;,吉無不利；
"Ký thanh dục vấn tái nam sự,",寄聲欲問塞南事，
Thế nhược ba đào bôn tẩu gian.,勢若波濤奔走間。
"Tương ngao tương tường,",將翱將翔，
Đức chính thanh tân đa huệ thi.,德政清新多惠施。
Trường hà dạ dạ thiên môn lý.,長河夜夜千門裡。
Chung nhiên vi hại.,終然為害。
Nhất khúc ai huyền hướng thuỳ tố.,一曲哀弦向誰訴？
"Lão tiên cánh thí Thục ma tiên,",老仙更試蜀痲牋，
Mỹ nhân hồ vi cách thu thuỷ.,美人胡為隔秋水，
"Kỳ vật như cố,",其物如故，
Đông nam hà khuy?,東南何虧？
Quá thì hữu dư hương.,過時有餘香。
"Dục thuyết hầu trung khí phẫn phẫn,",欲說喉中氣憤憤。
Dạ thâm lân trướng tống Hồ già.,夜深鄰帳送胡笳，
"Đôi bỉ độc túc,",敦彼獨宿、
"Vô đoan giá dữ Ngũ Lăng thiếu,",無端嫁與五陵少，
"Thập nhị lâu đài thập nhị thiên,",十二樓台十二天，
"Giang thuỷ trứu hề giang nguyệt hàn,",江水皺兮江月寒，
"Thương lẫm không hề,",倉廩空兮，
"Kinh tàng thanh trủng hàn thảo sơ,",驚藏青冢寒草疎，
Tiểu bồng song để tự đề thi.,小篷窗底自題詩。
Nhi Cổn tật tu doanh?,而鮌疾脩盈？
Sinh độ Quỷ Môn quan.,生度鬼門關。
Hoa liễu nhất viên xuân.,花柳一園春。
"Đãi phù: ngọc lậu thanh tàn, kê nhân báo thự.",迨夫：玉漏聲殘，雞人報曙。
Hữu mệnh ký tập.,有命既集。
"Nhẫn tắc tĩnh hỹ,",忍則靜矣，
Quí hướng nham lang liệt khuê tổ.,愧向岩廊列圭組。
"Phách y câu dạng tiểu,",魄依鉤樣小，
"Tạc vực tư bội,",柞棫斯拔，
"Ngâm quy thương hải dạ thuyền nguyệt,",吟歸滄海夜船月，
Thu quang diệc khổ tân.,秋光亦苦辛。
"Bất kiến cố nhân thập niên dư,",不見故人十年餘，
Tẩy thủ tác canh thang.,洗手作羹湯。
"Công luận do tồn, phó chúng khẩu chi phi phi thị thị.",公論猶存，付眾口之非非是是。
"Vọng trung sa trần y chính hàn,",望中沙塵衣正寒，
"Tiền nhật phong xuy mạch lạc hoa,",前日風吹麥落花，
Khai tân hợp cố trí hà hử.,開新合故置何許。
"Tăng nhân điền đa sai dịch thiểu,",僧人田多差役少，
"Vinh diệu thu cúc,",榮曜秋菊，
Diệu tư xúc vật sính.,妙思觸物騁。
Ba thâm hựu trị tác lâm sơ.,波深又值作霖初。
"Ngã sở tư hề tại Nhạn Môn,",我所思兮在鴈門，
"Nhập xuân tài thất nhật,",入春才七日，
Bất tri giả hoặc ác kỳ yêu danh.,不知者或惡其要名。
"Khả hận lân lý gian,",可恨鄰里間，
"Đãn khán cổ lai thịnh danh hạ,",但看古來盛名下，
"Tân nhân nghinh lai cựu nhân khí,",新人迎來舊人棄，
"Yên tà vụ hoành, phần tiêu lan dã,",煙斜霧橫、焚椒蘭也、
Ngôn mân chi ty.,言緡之絲。
"Văn Vương ký cần chỉ,",文王既勤止，
Bà thoa kỳ hụ.,婆娑其下。
"Kỳ tắc hữu nghiến,",淇則有岸，
Phù vân đạm vô sắc.,浮雲澹無色。
Chúng trệ thả cuồng.,眾稚且狂。
"Sơn hành lạc nhật hạ tuyệt bích,",山行落日下絕壁，
"Tần nga thập tứ ngũ,",秦娥十四五，
"Nhân tham tài tử,",人貪財死，
"Nguyệt xuất kinh sơn điểu,",月出驚山鳥，
Hà ý phương châu di cựu danh.,何意芳洲遺舊名。
Dĩ kỳ hoàng cẩu.,以祈黄耇。
Nhiên do tàm di đức chi vị nhất; khủng đại đạo chi mị thường.,然由慚台德之未一；恐大道之靡常。
"Tiêu Tương thuỷ quốc bàng ngoan đà,",瀟湘水國傍黿鼉，
Trường tinh bán dạ lạc san ổ!,長星半夜落山塢！
Khán sơn chung nhật hành.,看山終日行。
"Tráng sĩ đoản y đầu hổ mao,",壯士短衣頭虎毛，
"Nhĩ khổ phi đa, ngã khổ đa.",爾苦非多我苦多。
"Tiểu thần lỗ độn vô sở năng,",小臣魯鈍無所能，
"Bỉ thử ly ly,",彼黍離離，
"Bất hiếu giả tam,",不孝者三，
Thiên thu vạn cổ Bắc Mang trần.,千秋萬古北邙塵。
"Mỹ thần bất cử,",靡神不舉，
"Xử thế tâm trung bất tất ky,",處世心中不必機，
Huynh đệ khổng hoài.,兄弟孔懷。
"Ngư sơ phì, tửu chính mỹ.",魚初肥酒正美。
Hạt huệ kỳ ninh?,曷惠其寧？
Tống triều phú quý bất năng luỵ.,宋朝富貴不能累。
"Phạt mộc hổ hổ,",伐木許許。
Kim tuy bần tiện.,今雖貧賤。
"Chu Công đông chinh,",周公東征、
"Thiên thính tịch vô âm,",天聽寂無音，
Tại tông tái khảo.,在宗載考。
"Tự thiếu cô tiện,",自少孤賤，
"Tử hiếu tôn từ,",子孝孫慈，
"Túc túc thố ta,",肅肅兔罝、
Tư nhữ Ân Thương.,咨女殷商。
"Quân vãng Giang Nam thiếp Giang Bắc,",君往江南妾江北，
Luận giao hỷ đắc tam sinh duyên.,論教喜得三生緣。
"Tự quân chi xuất hỹ,",自君之出矣，
Lệ thấp xuân phong mấn cước thuỳ.,淚濕春風鬢腳垂。
Độc xướng “Bạch phù cưu”.,獨唱白符鳩。
Giang sơn Thục đạo xa.,江山蜀道賒。
"Tâm bằng y nhi bất thư hề, tà khí tráng nhi công trung.",心憑噫而不舒兮，邪氣壯而攻中。
"Tích nhật Tây Kinh toàn thịnh thì,",昔日西京全盛時，
Liêu tác ca dĩ tự miễn; nguyện trì thành ư vĩnh cửu.,聊作歌以自勉；願持誠於永久。
Chú mục hàn giang ỷ sơn các.,注目寒江倚山閣。
Các tại nhất chi thê.,各在一枝棲。
"Diệc ký cấu chỉ,",亦既覯止、
"Ngôn đương thúc hề, hạnh đương kiểm,",言當束兮行當檢，
"Viễn nhi vọng chi, hạo nhược thái dương thăng triêu hà,",遠而望之，皎若太陽昇朝霞，
"Tiếu chư thần, lễ Thái Nhất.",醮諸神，禮太一。
"Trung nguyên cách đấu thả vị quy,",中原格鬥且未歸，
Chỉ trữ uyên ương thê.,只著鴛鴦棲。
"Niên kỷ tuy nhiên tiểu,",年紀雖然小，
"Trướng vọng liêu ca Tử chi khúc,",悵望聊歌紫芝曲，
Hà dĩ tặng chi?,何以贈之？
Nhãn khuy vị biến thánh hiền thư.,眼窺未遍聖賢書。
"Giang Nam trọng xuân thiên,",江南仲春天，
"Cửu Chân, Nhật Nam tiếp kỳ địa.",九真日南接其地。
Khả huyền vu chính trung điện ngoại.,可懸于正中殿外。
"Ký hữu liệt khảo,",既右烈考，
"Tuy mông kim nhật sủng,",雖蒙今日寵，
"Tích thời nhân dĩ một,",昔時人已沒，
Hu ta cưu hề!,于嗟鳩兮，
"Bất thú bất liệp,",不狩不獵，
Hoá vi Phật tự tại nhân gian.,化為佛寺在人間。
"Giáp mã thành biên, nại lăng bách nhi thụ ngã dĩ khốn.",甲馬城邊，奈陵迫而受我以困。
"Sơn yên nùng uất,",山煙濃鬱，
"Trung hữu nhàn sầu tam vạn hộc,",中有閑愁三萬觳，
"Kỳ vũ kỳ vũ,",其雨其雨？
"Âm hoả tiềm thiêu thiên địa lô,",陰火潛燒天地爐，
"Từ phương dịch tao,",徐方繹騷，
"Ô thước nghi bất lai,",烏鵲疑不來，
"Tỵ thì bất độc Thương Sơn ông,",避時不獨商山翁，
Thượng thận chiên tai!,上慎旃哉！
"Hưu đắc tranh cường lai đấu thắng,",休得爭強來鬥勝，
"Ngô văn đằng dĩ mạn đắc danh,",吾聞藤以蔓得名，
"Vô viết bất hiển,",無曰不顯，
Nông thu tích trường.,農收積場。
"Huề ấu nhập thất, hữu tửu doanh tôn.",攜幼入室，有酒盈樽。
"Ngọc Quan nhân lão điêu cừu tệ,",玉關人老貂裘敝，
"Xuân hạ thu đông niệp chỉ gian,",春夏秋冬捻指間，
"Địa tình ty nhiễm nhiễm,",地晴絲冉冉，
"Tử hiếu phương thảo,",子好芳草，
Vương quốc thứ định.,王國庶定。
Nghi hồ: Xuân lai tật phong dữ tật thử.,宜乎春來疾風與疾暑。
Lâu đầu vân ảnh bạc.,樓頭雲影薄。
"Vi vũ xuân phong đa,",為舞春風多，
"Mỗi dục thái tiều khứ,",每欲採樵去，
Thị dụng đại giới.,是用大介。
Thịnh suy chi do.,盛衰之由。
"Lực quyện hạ sừ quy,",力倦荷耡歸，
"Mạch thu thượng trường quyên tại trục,",麥收上場絹在軸，
"Thích dư mã ư sơn tiêu hề,",釋輿馬於山椒兮，
Ô hô: tiền vương bất vong.,於乎前王不忘。
"Chí kim tư Hạng Vũ,",至今思項羽，
Diệc dĩ vi trụ.,亦以為柱。
Tại công minh minh.,在公明明。
"Lân ấp phụ nữ thường vãng lai,",鄰邑婦女常往來，
Lực dân đại thực;,力民代食；
"Cung trung thánh nhân tấu vân môn,",宮中聖人奏雲門，
Sinh vu thục địa? Giáng tự hà phương ?,生于孰地？降自何方？
Ưng kết mao trai khán thanh bích.,應結茅齋看青壁。
Liêu dĩ tự ngu.,聊以自娛。
Nam xá hồ thuỷ ngạn.,南垞湖水岸。
"Kinh Môn liên dã nhạn,",荊門怜野雁，
Lang tâm bất khả trú.,郎心不可住。
"Cổn chức hữu khuyết,",袞職有闕，
"Chính nhi bất quyệt,",正而不譎，
"Mỗi hận Đào Bành Trạch,",每恨陶彭澤，
Viễn chướng bình lâm diệc đồ tác.,遠嶂平林亦徒作。
"Nhập môn y cựu tứ bích không,",入門依舊四壁空，
Thuỷ quán triều ba lựu thành lỗ.,始灌潮波塯成滷。
"Tích tai xuân thuỷ ngự câu khứ,",惜哉春水御溝去，
"Hoàng kim bạch bích mãi ca tiếu,",黃金白璧買歌笑，
"Ngã tòng khứ niên từ đế kinh,",我從去年辭帝京，
Vị tất tư mệnh.,未必思命。
Lâm phong lương bất tuyệt.,林風涼不絕。
"Thanh ty bạch mã thuỳ gia tử,",青絲白馬誰家子，
"Hoàn phục u độc,",還復幽獨，
"Vu thì xử xử,",于時處處，
Nhược cá thị Đào gia.,若個是陶家。
"Ngô Cối quát chúng san,",吳會括眾山，
Viễn điều thư!,遠條且。
"Ô hô! Thánh vương cập thánh tướng,",嗚呼！聖王及聖相，
"Thử nhật trường hôn ẩm,",此日長昏飲，
Liên dữ chi mi.,聊與之謀。
Hoành thạch túc thuỷ ba sàn viên.,橫石蹙水波潺湲。
"Nhân thuỳ mãn bách, bán bách ngải linh,",人誰滿百，半百艾零，
"Thiếu niên đa hảo sự,",少年多好事，
Úc tử vu thành.,勗子于成。
"Mãn nhi bất dật cao bất nguy,",滿而不溢高不危，
"Ấp tẩu đề hô thuỷ hoạn kỳ,",邑叟啼呼水患奇，
Đại gia kỷ nhật năng chi ngô.,大家幾日能枝梧。
"Quách Phần Dương an nghĩa mệnh, trượng trung tín, thiếu quý, lão toàn;",郭汾陽安義命，仗忠信，少貴，老全；
"Hôn trạc mỹ cung,",昏椓靡共，
"Bất hiển diệc lâm,",不顯亦臨，
"Một lâm nhược trĩ phi bất khởi,",沒林弱雉飛不起，
Xả bạt tắc hoạch.,舍拔則獲。
"Thu sắc liên thanh dạ,",秋色憐清夜，
"Vạn thụ giang biên hạnh,",萬樹江邊杏，
"Ngũ nguyệt hàn phong lãnh Phật cốt,",五月寒風冷佛骨，
"Bằng tửu tư hương,",朋酒斯饗，
Hà khai nhi minh?,何開而明？
"Uổng tương bát tự suy tử bình,",枉將八字推子平，
Hành tử cách thủ bất tương kiến.,行子隔手不相見。
"Tứ hầu ký quân,",四鍭既鈞，
"Nhiên thường văn chi: phàm vật chi bảo, nhân nhân chi trân. Bỉ Can Tương chi linh, Mạc Da chi thần, bất tế anh minh chi chủ, thần vũ chi quân; tắc đồ mai tinh ư Phong ngục, thao thái ư Long Tân. Hạt nhược tư kiếm, thân ngộ Cao hoàng. Cắng thiên cổ chi bất dẫn, lưu gia anh nhi dũ chương.",然嘗聞之：凡物之寶，因人之珍。彼干將之靈，莫邪之神，不際英明之主，神武之君；則徒埋精於豐獄，韜采於龍津。曷若斯劍，親遇高皇。亙千古之不泯，留嘉英而愈章。
Chiêm bỉ phổ nguyên.,瞻彼溥原。
"Thắng Ân át lưu,",勝殷遏劉，
Do đại vương chi tặc nhàn.,猶大王之賊閒。
Thiên thượng nhị lão tu nhân phù.,天上二老須人扶。
Linh lộ nhương nhương.,零露瀼瀼。
Nhân thế bi hoan tạm tương khiển.,人世悲歡暫相遣。
"Nhĩ chử phong ai, thập niên lưỡng độ.",珥渚風埃，十年兩度。
Triệp triệp tương la khoan nhất bán.,褶褶湘羅寬一半。
"Long hưng hề Bái ấp, lộc tẩu hề Hàm Kinh.",龍興兮沛邑，鹿走兮咸京。
"Thái Thạch giang biên Lý Bạch phần,",采石江邊李白墳，
"Dương gia hữu nữ sơ trưởng thành,",楊家有女初長成，
Vi thần bất dị;,為臣不易；
Mai hoa mãn chi không đoạn trường.,梅花滿枝空斷腸！
Bà sa sổ châu thụ.,婆娑數株樹。
"Tại bỉ Kỳ trắc,",在彼淇側。
"Tố ty tổ chi,",素絲組之，
Hoài giai nhân hề bất năng vương.,懷佳人兮不能忘。
"Tiên đại phu thông đức môn cao uất uất chỉnh khan hoè ấm mậu,",先大夫通德門髙蔚蔚整看槐蔭茂，
Dịch Thuỷ ba lưu tự kim cổ.,易水波流自今古。
Sơn phàn thị đệ mai thị huynh.,山礬是弟梅是兄。
"Quá khuyết tắc hạ,",過闕則下，
Cảnh cảnh tinh hà dục thự thiên.,耿耿星河欲曙天。
"Dữ Hán, Đường, Tống, Nguyên nhi các đế nhất phương.",與漢唐宋元而各帝一方。
Thiên tại Lạc thành đông.,偏在洛城東。
Canh nhân đô bất tri.,耕人都不知。
Thuỳ túc tri nhi mạc thành?,誰夙知而莫成？
Thuỳ vị Tống viễn?,誰謂宋遠？
Tuý ỷ cung đao thuyết chiến trường.,醉倚弓刀說戰場。
Tiểu nhân phương thốn thâm.,小人方寸深。
"Bạch đầu lão bãi vũ phục ca,",白頭老罷舞復歌，
"Thủ như nhu đề,",手如柔荑，
"Cô loan tương hạc quần,","孤鸞將鶴群,"
"Văn kha tự điệp tiệp,",聞珂自蹀躞，
"Trú cận Bồn giang địa đê thấp,",住近湓江地低濕，
"Tự tri mệnh giả,",自知命者，
"Cung kiếm bất học,",弓劍不學，
"Thiên niên sử sách sỉ vô danh,",千年史策恥無名，
"Mộ vu uế nhi bất tu hề,",墓蕪穢而不修兮，
Phủ khán du ngư ngưỡng phi điểu.,俯看游魚仰飛鳥。
"Tung cao duy nhạc,",崧高維岳，
"Long kỳ dương dương,",龍旂陽陽，
"Phương ly liễu ổ, xạ xuất hoa phòng.",方離柳塢，乍出花房。
Tiện nghi khảm trảm dương thiên uy.,便宜砍斬揚天威。
"Hán hoàng trọng sắc tư khuynh quốc,",漢皇重色思傾國，
Lộ thượng hành nhân ức cố hương.,路上行人憶故鄉。
Bát phương tứ hải tịnh đào chiên.,八方四海並陶甄。
Thuỳ tùng Mục Công?,誰從穆公？
Lưu khách hạ điệm thanh lang can.,留客夏簟青琅玕。
"Nam từ kinh khuyết sấn triêu vũ,",南辭京闕趁朝雨，
Ba Đông thương lữ quải phàm đa.,巴東商侶掛帆多。
"Bạch ốc môn tiền ô cữu thụ,",白屋門前烏桕樹，
Tư mã tư tài.,思馬斯才。
"Tự quân chi xuất hỹ,",自君之出矣，
"Độ khẩu thuỷ lưu cấp,",渡口水流急，
"Hành vô y thương vô trữ,",桁無衣倉無儲，
Quyết thanh tái lộ.,厥聲載路。
Mỹ như ương.,美如英；
"Mục xuất lệnh bôn phi bách tao,",牧出令奔飛百艘，
"Tỉ nhĩ di nhĩ tính,",俾爾彌爾性，
"Dục cầu giải thoát,",欲求解脫，
"Dã nhân sạ lai Cẩm cung thành,",野人乍來錦宮城，
Tuân mỹ thả nhân.,洵美且仁。
"Dương chi thuỷ,",揚之水，
"Cao hiền mạc dĩ viễn,",高賢邈已遠，
Trĩ lệ vu la.,雉離于羅。
"Ngũ thập niên gian tự phản chưởng,",五十年間似返掌，
"Trường An nhị nguyệt đa hương trần,",長安二月多香塵，
Thu phong mãn phàm bất dao tương.,秋風滿帆不搖漿。
"Tương ngao tương tường,",將翱將翔，
"Lão thố hàn thiềm khấp thiên sắc,",老兔寒蟾泣天色，
Xuân hoàn mệnh bất lai.,春還命不來。
Tam nguyệt tiện đạt Trường An đạo.,三月便達長安道。
"Niên niên nhị tam nguyệt,",年年二三月，
"Lạc nhật tảo thiền cấp,",落日早蟬急，
"Hạn bạt vi ngược,",旱魃為虐，
Phụ đảm lai quy.,負擔來歸。
"Bần nhân thâu nhãn bất cảm khan,",貧人偷眼不敢看，
"Đồng bàn thiêu lạp quang thổ nhật,",銅盤燒蠟光吐日，
"Mâu tặc mâu tật,",蟊賊蟊疾，
"Xuân thiên tuyết mạn mạn,",春天雪漫漫，
"Kim niên tai ngược cập Trần, Dĩnh,",今年災虐及陳穎，
"Kim đỉnh phát sắc chính hỗn hoàng,",金鼎發色正焜煌，
Kim Khẩu độ biên vũ như tẩy.,金口渡邊雨如洗。
"Cầm tôn duy đãi xứ,",琴樽唯待處，
"Thu lan khả dụ,",秋蘭可喻，
Phúc lý thành chi.,福履成之。
"Nhân khan Hà Bắc nguyệt,",因看河北月，
Túc vô vọng tẩu.,足無妄走。
"Hàn Phạm bất thì hữu,",韓範不時有，
Quý tại hoàng kim.,貴在黃金。
"Bạc ô ngã tư,",薄污我私、
Chung Nam hà hữu?,終南何有？
Sơn hắc gia trung dĩ miên ngoạ.,山黑家中已眠臥。
Trần mai kính lý loan.,塵埋鏡裏鸞。
"Uất bỉ tang nhu,",菀彼桑柔，
Hiệp thử tứ quốc.,洽此四國。
"Bất tri lai tống tửu,",不知來送酒，
"Suy lan tống khách Hàm Dương đạo,",衰蘭送客咸陽道，
"Viên thái phong hĩ,",爰采葑矣，
Cổn hà thính yên?,鯀何聽焉？
Dã hữu tuyết doanh đầu.,也有雪盈頭。
"Thái dao thảo hề Phương châu,",採瑤草兮芳州，
"Số thi vãng phục tương cảm phát,",數詩往復相感發，
"Xuân trung nhất dạ vũ,",春中一夜雨，
Trung hữu lữ nhạn thanh tối ky.,中有旅鴈聲最飢。
"Ứng điền huyền cổ,",應田縣鼓，
Phạt kha như hà?,伐柯如何、
Khởi bất hoài quy;,豈不懷歸？
"My liên quyên dĩ nga dương hề, châu thần đích kỳ nhược đan.",眉聯娟以蛾揚兮，朱脣的其若丹。
"Trường phong chí nhi ba khởi hề, nhược ly sơn chi cô mẫu.",長風至而波起兮，若麗山之孤畝。
"Điền xa ký hảo,",田車既好、
"Thương thanh thanh liệt vũ thanh loạn,",商聲清冽羽聲亂，
"Yêu chi ốc ốc,",夭之沃沃，
Thiên cổ hề bất truỵ.,千古兮不墜。
"Hữu thố tư thủ,",有兔斯首，
"Diệc khả vị hiền,",亦可謂賢，
Ô hoàng thì chu!,於皇時周！
Mỹ vô độ.,美無度；
"Ngọc trợ thiên hàng lạc,",玉箸千行落，
Táng quân di phát chiêu quân hồn.,葬君遺髮招君魂。
"Tuyết đoàn lạc giá trừu kiển ty,",雪團落架抽繭絲，
Đông chi dự.,冬之夜，
"Văn thuyết mai hoa tảo,",聞說梅花早，
Nhữ hưng thị lực.,女興是力。
"Tự quân chi xuất hĩ,",自君之出矣，
Đông tương nhập hải tuỳ yên vụ.,東將入海隨煙霧。
"Thiên cổ, vạn cổ nan tỷ huống,",千古萬古難比況，
Hung Nô dĩ mục Lũng Tây hoàn.,匈奴已牧隴西還。
Mục Vương độc thừa hà sở chi?,穆王獨乘何所之？
Thiến quần thâu bạng đào hoa lập,茜裙偷傍桃花立；
Nhị hậu thụ chi.,二后受之。
Ngã cư ngữ tốt hoang.,我居圉卒荒。
"Tu du vọng quân bất khả kiến,",須臾望君不可見，
Tận sử si kiêu tương nộ hào.,盡使鴟梟相怒號。
Phủ cân sở xá kim tham thiên.,斧斤所赦今參天。
"Tích tai tục thái hiếu mông tế,",惜哉俗態好蒙蔽，
Nhân thực cuống nhữ.,人實誑女。
"Tử hữu chung cổ,",子有鍾鼓，
"Kỳ kiêm thi tửu vi tam hữu,",棋兼詩酒爲三友，
"Lệ vũ phương lâm đối cao các,",麗宇芳林對高閣，
"Thi cô huyết huyết,",施罛濊濊，
"Lạc Dương đại đạo thì tái thanh,",洛陽大道時再清，
Vô lự vô ưu cánh vô nhục.,無慮無憂更無辱。
"Lâu đầu đào lý sơ,",樓頭桃李疏，
"Hoa nhan dị cải,",華顏易改，
"Tương dữ bả ác vu tùng phong chi hạ,",相與把握于松風之下，
Địch hà đãng cấu thanh triêu ban.,滌瑕蕩垢清朝班。
"Bất như triều Nguỵ khuyết,",不如朝魏闕，
Dị mộc tái sinh.,異木再生。
Lục y hoàng thường.,綠衣黃裳。
"Diểu diểu mang mang hề, quy bỉ Đại Hoang!",渺渺茫茫兮，歸彼大荒！
"Chuyển giao Tiểu Ngọc, báo Song Thành.",轉教小玉報雙成。
Quân chi tông chi.,君之宗之。
Lục bí ký quân;,六轡既均。
Hốt ức đồng vi hiến nạp thần.,忽憶同為獻納臣。
"Cổ kim thiên địa vô cùng, nhi lưu thuỷ, nhi cao phong, đồng thử đại trượng phu vũ trụ. Lam chi phong, Hồng chi tuyết, xung hàn vô nại bách tùng điêu. Vị hà tai hội quyết đồi ba, trung lưu để trụ, tinh di vật hoán, hà nhân bất khởi cố viên tình! Cập thử thời nhạn tán phong xuy, kham thán thiên tâm mạc trợ, độc thử tùng mai khí tiết, nhất tử tinh thần quán Đẩu Ngưu!",古今天地無窮，而流水，而高峰，同此大丈夫宇宙。藍之風，鴻之雪，沖寒無奈柏松凋。謂何哉潰決頹波，中流砥柱，星移物渙，何人不起故園情！及此時雁散風吹，堪嘆天心莫助，獨此松梅氣節，一死精神貫斗牛。
"Kịch thượng túc như sương,",屐上足如霜，
Tâm tri nhân bất tri.,心知人不知。
Luận tự kỳ mỹ.,論敍其美。
"“Hậu đình” nhất khúc phong cảnh cải,",後庭一曲風景改，
"Đồ hữu bi minh nhưng bệnh ký,",徒有悲鳴仍病驥，
Cấp tân trừ cựu hàn quang khai.,汲新除舊寒光開。
"Đông xá kim thần mẫu liễm nhi,",東舍今晨母斂兒，
Bàng my hạo thủ vô trú trước.,龐眉皓首無住著。
"Nguyện quân quang minh như thái dương,",願君光明如太陽，
Thử niên sắc sự tẫn kham thương.,此年穡事儘堪傷。
"Hôn dĩ vi kỳ,",昏以為期，
Tứ nguyệt vũ chí ngũ nguyệt sơ.,四月雨至五月初。
"Hàm thê cánh thính Thục quốc âm,",含凄更聽蜀國音，
"Thân tại nam phiên vô sở dự,",身在南蕃無所預，
"Tứ hải thập niên bất giải binh,",四海十年不解兵，
Hàn nham lưu hạ tuyết.,寒岩留夏雪。
"Hoạ quân thiếu niên thì,",畫君少年時，
"Phong tiêu tiêu hề dạ man man,",風蕭蕭兮夜漫漫。
"Hồng tuyến thảm,",紅線毯，
Tội tòng đại tích giai trừ tử.,罪從大辟皆除死。
"Hàn hầu thủ thê,",韓侯取妻，
"Tập nhu nhĩ nhan,",輯柔爾顏，
Di ngã ác tiêu.,貽我握椒。
"Đường đường Hán tướng Mã Phục Ba,",堂堂漢將馬伏波，
Thuần bôn bôn hề thước cương cương.,鶉奔奔兮鵲疆疆。
Tài đắc ba đào biến thành tuyết.,才得波濤變成雪。
Biệt lai bồng mấn thu.,別來蓬鬢秋。
"Tâm phủ trừng triệt,",心腑澄澈，
"Mạc ngôn nữ tử vô hùng tâm,",莫言女子無雄心，
"Hồ cầm sưu biến Y Lương khúc,",胡琴搜遍伊涼曲，
"Khả liên lâu thượng nguyệt bồi hồi,",可憐樓上月徘徊，
Kinh thất chi phụ.,京室之婦。
Dĩ tá thiên tử.,以佐天子。
Hồng luân tây truỵ hàm trì bàng!,紅輪西墜咸池旁！
"Tuy vân thành bại do thiên, xướng nghĩa tiên thanh tồn Nghệ Tĩnh;",雖云成敗由天唱義先聲存乂靜；
Vi vương tiền khu.,為王前驅。
"Thiếu niên bất tác Trường An khách,",少年不作長安客，
Minh hữu vương hiến.,明有王憲。
"Lục quân bất phát vô nại hà,",六軍不發無奈何，
"Thì kiến nhất chu hành,",時見一舟行，
"Kim Lăng dạ tịch lương phong phát,",金陵夜寂涼風發，
"Tự thử nhi bắc đoan nhữ cung,",自此而北端汝躬，
"Vương sự mỹ cổ,",王事靡盬，
Ninh tri phiên thủ nhất triều sự?,寧知翻手一朝事？
Chuyển vận hà phương tứ kiêu tứ.,轉運遐方肆驕恣。
"Tiến ngôn dĩ chức, tấu sự dĩ thứ.",進言以職，奏事以次。
Giá dư dữ hàng (hành).,駕予與行。
Khả năng lương dạ bất thâm bôi.,可能良夜不深杯。
"Khu mã du du,",驅馬悠悠，
"Tiên tung phiếu diểu,",仙蹤縹緲，
"Đan quế nhất tùng, mai nhất tùng,",丹桂一叢梅一叢，
"Tự vân hương quản bản Lương Nguyên,",自云鄉管本涼原，
Tửu hàm tẩu thướng thành nam đài.,酒酣走上城南臺。
Thừa hứng thả trường ca.,乘興且長歌。
Bách lưỡng nhạ chi.,百兩御之。
Hổ tích quy tân đề.,虎跡歸新蹄。
"Man nhân lão thực đa cao hứng,",蠻人老實多高興，
Bầu thì chi đối.,裒時之對。
"Viễn thú công danh bạc,",遠戍功名薄，
Lạc Dương nghinh đắc như hoa nhân.,洛陽迎得如花人。
"Khủng thị Hán đại Hàn Trương Lương,",恐是漢代韓張良。
Dân chi mạc hĩ.,民之莫矣。
Tứ phương lai hạ.,四方来賀。
Hỗn thân hoá hàn bích.,渾身化寒碧。
Lệ ngân huyết điểm thuỳ hung ức.,淚痕血點垂胸臆。
Thái hồng thuỳ thiên.,彩虹垂天。
Khởi trí lực chi năng vi?,豈智力之能為？
"Trạc quan mộc dục cáo sái tửu,",濯冠沐浴告祭酒，
"Vô nhiên bạn viện,",無然畔援，
Lâm hạ lộc lô trì.,林下轆轤遲。
Phi vô vân hán tâm.,非無雲漢心。
"Hoàng ngư thượng đắc thanh tùng thụ,",黄魚上得青松樹，
Minh công luận binh khí ích chấn.,明公論兵氣益振。
Tĩnh như tường bích.,靜如牆壁。
Kim thí hành hành lũ dục điên;,今試行行屢欲顛。
Kỳ bộc duy hà?,其僕維何？
"Yêm yêm dạ ẩm,",厭厭夜飲，
Ta nhĩ bằng hữu!,嗟爾朋友！
Cước hạ táp táp văn giang đào.,腳下颯颯聞江濤。
"Tam Thanh, Bát Cảnh tương truy tuỳ.",三清八景相追隨。
Cẩu nhật tân chi vô văn; tín ư nhĩ hồ hà hữu.,苟日新之無聞；信於爾乎何有。
"Tuy hữu tăng chước,",雖有繒繳，
Tuân hữu tình hề!,洵有情兮，
"Quynh quynh mẫu mã,",駉駉牡馬，
"Bách niên lão hiêu thành mộc mị,",百年老鴞成木魅，
Hu ta hồ trâu nha.,于嗟乎，騶虞！
"Thành Đô loạn bãi, khí tiêu táp,",成都亂罷氣蕭颯，
"Liễu ngộ thân tâm khai tuệ nhãn,",了悟身心開慧眼，
Phục xuất đông thành tiếp nam mạch.,復出東城接南陌。
Bạch địa đoạn can tràng.,白地斷肝腸。
Trúc thất vu tư.,築室于茲。
"Lĩnh Nam khí hậu thù trung thổ,",嶺南氣候殊中土，
"Phổ tư hại hĩ,",溥斯害矣，
"Cốc thuỷ sàn sàn,",谷水潺潺，
"Kỳ niên khổng túc,",祈年孔夙，
"Chí niệm ức trầm,",志念抑沉，
Phù hà sách cầu?,夫何索求？
"Thanh khê chí kỳ hạ,",青溪至其下，
"Kim nhật khổ đoản tạc nhật hưu,",今日苦短昨日休，
"Phượng thanh vi mang tác phục chỉ,",鳳聲微茫作復止，
"Ký giải đáo Nam Ninh,",既解到南寧，
"Công chi tư văn bất thị hậu,",公之斯文不示後，
Khứ hậu khiển ngã như hà ti.,去後遣我如何思？
"Lân giáp tiềm phục hề, vũ mao hà trường!",鱗甲潛伏兮，羽毛何長！
"Lâu thuyền dao duệ sư tứ khởi,",樓船搖曳師四起，
Ngã quy sơn nghinh bán nhật lộ.,我歸山迎半日路。
"Bỉ đồng nhi giác,",彼童而角，
"Thiên địa gian,",天地間，
Minh nguyệt không lương thiêm tố quang.,明月空梁添素光。
"Bí Dục chi đoán, bất năng vi dũng.",賁育之斷，不能為勇。
Duy nhân sở triệu.,惟人所召。
"Chỉ cơ nãi lý,",止基乃理，
"Thiến phong liêm chi vi dư khu xa hề,",倩風廉之為余驅車兮，
Hùng tư anh phát.,雄姿英發。
Khách chí dục như hà.,客至欲如何。
Tưởng Cán lai thuyết;,蔣幹來說；
"Lâu công bất ngữ, Tống công ngữ,",婁公不語宋公語，
"Hoàng y đạo sĩ diệc giảng thuyết,",黃衣道士亦講說，
Lai tập quân đình.,來集君庭。
Lục cung phấn đại vô nhan sắc.,六宮粉黛無顏色。
"Sơn trung thảng lưu khách,",山中倘留客，
"Quân bất kiến tài sĩ cấp dẫn nan,",君不見才士汲引難，
Ngọ quang xuyên lậu hải hà quần.,午光穿漏海霞裙。
"Cô vân tương dã hạc,",孤雲將野鶴，
Hủ lão giang biên đại bất văn.,朽老江邊代不聞。
Khách tâm văn cánh sầu.,客心聞更愁。
"Chiêm bỉ Kỳ úc,",瞻彼淇奧，
Đốc sinh Vũ Vương.,篤生武王，
Hà bất khoá nhi hành chi?”,何不課而行之？」
Đồng trụ cao tiêu truyền Hán sử.,銅柱高標傳漢史。
"Loạn thần văn chi nhi ty phách hề, tặc tử kiến chi nhi táng khí.",亂臣聞之而禠魄兮，賊子見之而喪氣。
Tình thiên cẩm tú văn.,晴天錦繡紋。
Cương thường vi thủ.,綱常為首。
"Hoả sơn đột ngột Xích Đình Khẩu,",火山突兀赤亭口，
"Phỉ cức kỳ dục,",匪棘其欲，
"Khước tương Môn hạ khúc,",卻將門下曲，
"Chấp quyến quyến chi khoản thực hề,",執眷眷之款實兮，
Thư yểu thiệu hề!,舒夭紹兮，
"Tam Hương mạch thượng vọng tiên sơn,",三鄉陌上望仙山，
"Thanh ty lạc đầu vị quân lão,",青絲絡頭為君老，
Cố sát kỳ vương tịnh Hán sứ.,故殺其王並漢使。
"Lê hầu độc khởi lương đống tài,",黎侯獨起梁棟材，
Duy đức chi ngung.,維德之隅。
Ngọc hồng đảo quải thanh lãnh uyên.,玉虹倒挂清冷淵。
Tây Hồ xuân cảnh khả nhân liên.,西湖春景可人憐。
"Kim niên trung thu quang hạo khiết,",今年中秋光皎潔，
Long kiếm lệ quang mang.,龍劍厲光鋩。
"Tang gian nữ nhi tình bất thiển,",桑間女兒情不淺，
"Tả hữu trần hàng,",左右陳行，
"Hào phỉ tải hề tình thậm chân,",殽匪酨兮情甚真，
Trừ thị yêm yêm chung nhật tuý.,除是厭厭終日醉。
Lê thứ phồn tức.,黎庶繁息。
"Tiên thủ Kinh Châu hậu thủ Xuyên,",先取荊州后取川，
"Hành, trụ, toạ, ngoạ độc trác nhiên,",行住坐臥獨卓然，
"Cửu bệnh vô nhân vấn,",久病無人問，
Duy thì hà vi?,惟時何為？
Yên sơn nguyệt tự câu.,燕山月似鉤。
"Mỹ nhân bất chu,",靡人不周，
"Cửu châu ngã tích lý hiểm di,",九州我昔履險夷，
"Dạ lai thôi chẩm văn,",夜來推枕聞，
Hội đồng hữu dịch.,會同有繹。
"Viện nhã cầm dĩ biến điệu hề, tấu sầu tứ chi bất khả trường.",援雅琴以變調兮，奏愁思之不可長。
"Ngã bần vô thặng phi vô túc,",我貧無乘非無足，
Hoạ bản lưu khan Hoàng Tử Cửu.,畫本留看黃子久。
Cố tương di trú Nam sơn biên.,故將移住南山邊。
Thu sơn hồng thụ đa.,秋山紅樹多。
"Thần đồng sam tử đoản,",神童衫子短，
Tri tiểu mưu đại.,知小謀大。
Tứ tự tương thác hành.,四序相錯行。
"Chí phụ chi khẩu,",鷙婦之口，
Ngôn cật lũ hàm thiên tử di.,言訖屢頷天子頤。
Đại hữu phong chúc.,代有封祝。
Chỉ điểm hư vô dẫn chinh lộ.,指點虛無引征路。
"Trung nghĩa chi tâm,",忠義之心，
"Phụ mẫu bất ái,",父母不愛，
Dưỡng tại thâm khuê nhân vị thức.,養在深閨人未識。
"Tá vấn nguyệt trung nhân,",借問月中人，
Thập nhật bất nhất kiến nhan sắc.,十日不一見顏色。
"Thu phong bất tương đãi,",秋風不相待，
Vũ ái nguyệt lưu nhân.,舞愛月留人。
Hồng đào cự lãng hề triều tông vô tận.,洪濤巨浪兮朝宗無盡。
Đương môn xứ xứ kỵ hà khai.,當門處處芰荷開。
"Nhị tử thừa chu,",二子乘舟，
Đông tây lộ cách vạn thiên lý.,東西路隔萬千里。
"Huynh tương phú quý đẳng phù vân,",兄將富貴等浮雲，
"Bạch thủ độc nhất thân,",白首獨一身，
Tứ nguyệt tam vương triệu bất tường.,四月三王兆不祥。
Thả vãng quan hồ.,「且往觀乎
"Tảo ngô triều hề, vãn ngô quy.",早吾朝兮晚吾歸。
"Tứ mẫu ký cát,",四牡既佶，
"Hồ cơ tửu lư nhật vị ngọ,",胡姬酒壚日未午，
Hồng nhan chuyển tiều tuỵ.,紅顏轉憔悴。
Ngọc liễn kỷ thời qua.,玉輦幾時過。
"Vương viết: Mậu hĩ mỹ hĩ, chư hảo bị hĩ. Thịnh hĩ lệ hĩ, nan trắc cứu hĩ. Thượng cổ ký vô, thế sở vị kiến. Khôi tư vĩ thái, bất khả thắng tán. Kỳ thuỷ lai dã, diệu hồ nhược bạch nhật sơ xuất chiếu ốc lương. Kỳ thiểu tiến dã, hạo nhược minh nguyệt thư kỳ quang. Tu du chi gian, mỹ mạo hoành sinh. Diệp hề như hoa, ôn hồ như oánh. Ngũ sắc tịnh trì, bất khả đàn hình. Tường nhi thị chi, đoạt nhân mục tinh. Kỳ thịnh sức dã, tắc la hoàn ỷ hội thịnh văn chương, cực phục diệu thái chiếu vạn phương. Chấn tú y, bị quái thường. Nùng bất đoản, tiêm bất trường. Bộ duệ duệ hề diệu điện đường. Hốt hề cải dung, uyển nhược du long thừa vân tường. Đoạ bị phục, đoái bạc trang. Mộc lan trạch, hàm nhược phương. Tính hoà thích, nghi thị bàng. Thuận tự ti, điều tâm trường.",王曰：茂矣美矣，諸好備矣。盛矣麗矣，難測究矣。上古既無，世所未見。瑰姿瑋態，不可勝贊。其始來也，耀乎若白日初出照屋梁。其少進也，皎若明月舒其光。須臾之間，美貌橫生。曄兮如華，溫乎如瑩。五色並馳，不可殫形。詳而視之，奪人目精。其盛飾也，則羅紈綺繢盛文章，極服妙采照萬方。振繡衣，被褂裳。穠不短，纖不長。步裔裔兮曜殿堂。忽兮改容，婉若遊龍乘雲翔。嫷被服，侻薄裝。沐蘭澤，含若芳。性和適，宜侍旁。順序卑，調心腸。
Nhật nguyệt thảm dĩ vô quang.,日月慘以無光。
"Phù ê tán loạn trạo âu phát,",鳧鷖散亂棹謳發，
"Ách tao tứ bách, vận đinh nhuận quý.",厄遭四百，運丁潤季。
Tử tố hữu kỳ tài hữu anh khí tạo vật đố chi.,子素有奇才有英氣造物妒之。
"Sơn bất tại cao, thuỷ bất tại thâm.",山不在高，水不在深。
Tụ đại nhạ xuân phong.,袖大惹春風。
Lương Mân bất khả phan.,梁岷不可攀。
Tằng dữ Yên Đan vô túc phận.,曾與燕丹無夙分。
Ngôn chi nhục dã.,言之辱也。
Thế chi bất hiển?,世之不顯，
Mạc đãi hoa như tản.,莫待花如霰。
Cước để giang sơn vạn dư lý.,腳底江山萬餘里。
Loạn ngã tâm khúc.,亂我心曲。
"Định mệnh bất tuỳ long trảo khứ,",定命不隨龍爪去，
Dịch lâu quan thụ Bá Lăng đông.,驛樓官樹霸陵東。
"Để sự tuy nhiên bất sát nhân,",底事雖然不殺人，
Thảo bất hội mậu.,草不潰茂，
"Giang thượng thường nghi vụ vũ hàn,",江上嘗疑霧雨寒，
"Bình hiếp mạn phu,",平脅曼膚，
"Văn đạo biên thành khổ,",聞道邊城苦，
Nhất phiến thiền tâm tuỳ hải thuỷ.,一片禪心隨海水。
"Dục tương độc lập khoá vạn thế,",欲相獨立跨萬世，
"Âm như thạch thượng tả lưu thuỷ,",音如石上瀉流水，
Vạn lũ gia tình bất hạ cố.,萬縷家情不暇顧。
Địa giác thiên nhai yểu nam bắc.,地角天涯杳南北。
Nhàn chi duy tắc.,閑之維則，
"Trắc bỉ tồi ngôi,",陟彼崔嵬、
Hà thuỷ mễ mễ.,河水濔濔。
"Tùng hạ trượng nhân cân lũ đồng,",松下丈人巾屨同，
"Lưỡng địa tư thiên lý,",兩地思千里，
Nam sơn triều tế.,南山朝隮。
"Liệu tri đoản binh bất cảm tiếp,",料知短兵不敢接，
"Mai ngọc trần sinh lễ thần tất,",埋玉陳牲禮神畢，
"Tứ mẫu quỳ quỳ,",四牡騤騤，
Vô khẩu nhân giảo trước.,無口人咬著。
"Tiếp Đế Viên nhi chiêu tích, ánh hoàng đạo nhi đích lịch,",接帝垣而昭晰，映黃道而的皪，
"Thạc đại thả nghiễm,",碩大且儼。
"Huy sái tự như,",揮灑自如，
Bản niên thập nguyệt Mộc Thạnh hựu phân đồ tự Vân Nam nhi lai.,本年十月木晟又分途自雲南而來。
"Văn đạo cố lâm tương thức đa,",聞道故林相識多，
Khỉ cảm ái chi?,豈敢愛之？
"Tức kim tương đối bất tận hoan,",即今相對不盡歡，
Thanh thanh thiên động dã du tình.,聲聲偏動冶逰情。
Ký thành ngã phục.,既成我服。
Ngự giả đối viết:,御者對曰：
Phương Sóc hư truyền thị tuế tinh.,方朔虛傳是歲星。
"Kế môn khán hoả thụ,",薊門看火樹，
"Quân tử hữu tửu,",君子有酒，
"Xi hiêu, xi hiêu,",鴟鴞鴟鴞、
Quán tương vu kinh.,祼將于京。
"Nhược đạo Vu sơn nữ thô xú,",若道巫山女粗醜，
"Thân hiệp chuỷ thủ phục kiều hạ,",身挾匕首伏橋下，
"Thị thượng ca thanh bất phục văn,",市上歌聲不復聞，
Nhất đới triền khiên đáo hải ba.,一帶纏牽到海波。
Tử tiết tòng lai khởi cố huân!,死節從來豈顧勳，
Tương tầm lộ bất thông.,相尋路不通。
"Thái đồ tân sư,",采荼薪樗，
Lương mã ngũ chi.,良馬五之。
Phong thấu liêm lung hoa mãn đình,風透簾櫳花滿庭，
Ngã tự phù vân thế Ngô Việt,我似浮雲殢吳越，
Kim ô phi thượng thiên trung ương.,金烏飛上天中央。
"Xuân nhạn khả liên tề hướng bắc,",春雁可憐齊向北，
"Ná tự Hứa Do đức,",那似許由德，
Lãm bí hướng Tây Đô.,攬轡向西都。
Học thần đề binh.,學臣提兵。
"Nhữ sinh bất cập Trinh Quán trung,",汝生不及貞觀中，
"Thập nguyệt tất suất,",十月蟋蟀，
Trác tác bộ dao đồ hảo sắc.,琢作步搖徒好色。
"Uý nhật nhân như tắng,",畏日人如甑，
Đãn hữu quân gia tích.,但有麏麚蹟。
"Thụ thượng lưu oanh tam lưỡng thanh,",樹上流鶯三兩聲，
Khảo thận kỳ tương.,考慎其相。
Trành quỷ tu nhan diệc cánh sinh.,倀鬼羞顏亦更生。
"Yên vũ mê ly bất tri xứ,",煙雨迷離不知處，
Đột nhi biết hề!,突而弁兮。
"Tán lịch ngại lý, bình cương sa khỉ.",散礫礙履，平崗沙起。
Cổ lai tương tiếp nhãn trung hy.,古來相接眼中稀。
"Khung lư vi thất hề chiên vi tường,",穹廬為室兮氈為牆，
Mông mông thuỷ vân ngoại.,濛濛水雲外。
"Thúc thích thử,",叔適野，
Bích gian duy kiến sứ quân thi.,壁間惟見使君詩。
"Vô điền phủ điền,",無田甫田，
"Hữu cú vô cú,",有句無句，
"Thúc lương sậu noãn kiển dị nga,",倏涼驟暖繭易蛾，
Trọng khả hoài dã.,仲可懷也，
"Kinh niên bất đổ vân trung nhạn,",經年不睹雲中雁，
Mục huyễn bất đắc hàm châu ngâm.,目眩不得銜珠吟。
Lập tông lập chỉ.,立宗立旨。
Kiến tặc duy đa thân thuỷ khinh.,見賊惟多身始輕。
"Hán cung thị nữ ám thuỳ lệ,",漢宮侍女暗垂淚，
Tái cơ tái khát.,載饑載渴。
Sơn trung viên hạc do kinh sai.,山中猿鶴猶驚猜。
"Ngưỡng khan vi kính tà liễu nhiễu,",仰看微徑斜繚繞，
Nhàn khan “Bối diệp” lưỡng tam thiên.,閒看貝葉兩三篇。
Như khả thục hề!,如可贖兮，
Dĩ lệ thứ chính.,以戾庶正。
Đỗ Lan Hương lão Tam Tương thanh.,杜蘭香老三湘清。
Dĩ giám ngã tâm.,以鑒我心。
"Tối quang sơ ái xuân minh minh,",最光初靄春冥冥，
"Công tử hoa diên thế tối cao,",公子華筵勢最高，
"Sơn xuyên vân vụ lý,",山川雲霧裏，
Hà tích lưỡng tam xuân.,何惜兩三春。
Khê sơn thiên thuỷ tề minh mông.,溪山天水齊溟蒙。
Điện sính liêm nghi ưu đặc số.,奠聘奩儀優特數。
Thiên lý tinh binh tảo hung uế.,千里精兵掃凶穢。
Băng hồ ngọc hành huyền thanh thu.,冰壺玉衡懸清秋。
Thiên lý ưng dương diệu kỳ xí.,千里鷹揚耀旗幟。
Thế đức tác cầu.,世德作求。
"Thúc vu trần,",叔于田，
Quân hà sậu khứ Hãn giang nghi ngục đãi thuỳ minh,君何驟去捍江疑獄待誰明
Bất sỉ tệ y.,不恥弊衣。
"Tái hoạch tái xả tâm bất di,",再擭再舍心不移，
"Nhưng mệnh Thạnh Thăng chi noạ tướng, dĩ du cứu phần.",仍命晟昇之懦將，以油救焚。
Hồi thủ quý hoàng quan.,回首愧黃冠。
"Xuân phong bất vị trường môn cách,",春風不為長門隔，
"Ai tai Hiến Đế thiệu hải vũ,",哀哉獻帝紹海宇，
Phương tri kháng lệ hài văn quân.,方知伉儷諧文君。
Noãn Lang minh nguyệt dạ,赧郎明月夜，
"Đắc nhân chi hiệu mang nhược vọng dương,",得人之效茫若望洋，
"Tái mưu tái duy,",載謀載惟，
Ly biệt yên ba thương ngọc nhan.,離別煙波傷玉顏。
Đông ly độc chước nhất đào nhiên.,東籬獨酌一陶然。
"Đạm nhiên tự thủ,",淡然自守，
Tề tử phát tược.,齊子發夕。
"Quân bất văn Hồ già thanh tối bi,",君不聞胡笳聲最悲，
Sử ngã tuý bão vô quy tâm.,使我醉飽無歸心。
"Hà Điều phóng trí phạt,",何條放致罰，
"Kim hữu vô mễ phạn,",今有無米飯，
"Ngô vượng quốc phá ca thanh tuyệt,",吳王國破歌聲絕，
"Tế quan văn tự vị ma diệt,",細觀文字未磨滅，
Thảm bất uý minh.,憯不畏明。
Du du ngã ty.,悠悠我思。
Ngã cung bất duyệt.,我躬不閱，
Yên sơn vạn vạn tằng.,煙山萬萬層。
Khí dĩ nhiếp Tần vương.,氣已懾秦王。
"Khủng qui Xa Đà Lợi,",恐歸沙吒利，
Ngạn giáp đào hoa cẩm lãng sinh.,岸夾桃花錦浪生。
Khốn tri tu tín sĩ hy hiền.,困知須信士希賢。
"Dạ thâm tài đắc cú,",夜深纔得句，
Nhất vật tự hà hoàng thiên tư.,一物自荷皇天慈。
Hà Tây mạc trung đa cố nhân.,河西幕中多故人，
"Hoa Dương lão tiên hải thượng lai,",華陽老仙海上來，
"Bất tri phòng tinh chi tinh hạ vi quái,",不知房星之精下為怪，
"Ngung ngung ngương ngương,",顒顒卬卬，
Lan Tử hý thành đồ thất bàn.,蘭子戲成徒七盤。
Mị bất kinh duyệt.,靡不經閱。
Trọc Kinh thanh Vị hà đương phân?,濁涇清渭何當分？
"Ẩm tuyền giám diện đắc chân ý,",飲泉鑑面得真意，
Khuê các biệt ly nan.,閨閣別離難。
Minh sơn thệ hải tình bất bạc.,盟山誓海情不薄。
"Thừa minh tuyên thất nhĩ thần lưu,",承明宣室邇宸旒，
Duy lệ chi giai.,維厲之階。
"Thế sự do lai đa khuyết hãm,",世事由來多缺陷，
"Tả cúc hữu mô thám hoa tuỷ,",左掬右摸探花髓，
"Đông Pha chi sư Bão Phác lão,",東坡之師抱朴老，
Uất bỉ bắc lâm.,郁彼北林。
"Thần trán anh khoả hề, lưu xỉ hàm hương.",唇綻櫻顆兮，榴齒含香。
"Sầu đa nhân tự lão,",愁多人自老，
"Hoàng hôn hàm sầu bất cảm tiễn,",黄昏含愁不敢剪，
"Hương hãn khinh trần ô nhan sắc,",香汗輕塵污顏色，
U hám vô kỳ,幽憾無期
"Vương vu xuất chinh,",王於出征，
Ô hô ai tai!,嗚呼哀哉！
"Xuân tửu bôi nùng hổ phách bạc,",春酒杯濃琥珀薄，
"Hiểu lai cấp vũ xuân phong điên,",曉來急雨春風顛，
Hương diễm nhân uẩn hề chúc diễm xích.,香焰絪縕兮燭焰赤。
"Tương kiến sơ kinh Điền, Đậu gia,",相見初經田竇家，
Tiêu lộc hác xà;,蕉鹿壑蛇；
Do ức thái liên ca.,猶憶採蓮歌。
"Hưu linh biệt ly lệ,",休零別離淚，
Lực bạt Thái Hoa ao kình nha.,力拔太華鏖鯨牙。
"Cổ lai lịch lịch hưng vong xứ,",古來曆曆興亡處，
Than than lạc mã;,嘽嘽駱馬。
"Đắc táng mệnh dã nhân chi thường,",得喪命也人之常，
"Hoa phác chinh y khan tự tú,",花扑征衣看似繡，
"Tróc nhân quan đạo như thâm sơn,",捉人官道如深山，
"Can lộc bách phúc,",干祿百福，
Lộc lô nhất thanh sầu đoạn trường.,轆轤一聲愁斷腸。
Không lý vô nhân cốt sinh cức.,空里無人骨生棘。
"Khoảnh hữu nhất nhân, tòng sơn biên lai,",頃有一人，從山邊來，
"Thúc vu điền,",叔于田，
Vô thỉ ngã lăng.,無矢我陵。
Vãng vãng lai lai khởi khách sầu.,往往來來起客愁。
Sát nhân giả tử.,殺人者死。
Chân phù cổ sấm thi.,真符古讖詩。
"Tương thuỷ linh linh triệt để thanh,",湘水泠泠徹底清，
Tử chi mậu hề.,子之茂兮，
Huyễn phục du xương môn.,袨服遊倡門。
"Thuyền tải kiên kình vị hoàng yết,",船載肩擎未遑歇，
Trường An định hữu trùng lai lộ.,長安定有重來路。
Ngọc đối viết: Sở vị Triêu Vân giả dã.,玉對曰：所謂朝雲者也。
Mỹ nhân cánh xướng vũ la y.,美人更唱舞羅衣。
"Giáp trung trượng phu tuyệt khinh tử,",峽中丈夫絕輕死，
Tuý đảm phẫn tường khiển tửu nã.,醉膽憤庠遣酒拏。
Vu công tiên vương.,於公先王。
Bạch thủ vi nho thân bị khinh.,白首為儒身被輕。
"Di ngã lai mâu,",貽我來牟，
Thừa ngọc cầu dĩ du hồ khung lung da?,乘玉虯以遊乎穹窿耶？
"Tửu tận di thuyền khúc tạ tê,",酒盡移船曲榭西，
"Kỷ hồi thiên thượng táng thần tiên,",幾回天上葬神仙，
Đầu chỉ túc cấu hà tằng tẩy.,頭脂足垢何曾洗。
Đại tiếu nhất hô vong cửu tử.,大笑一呼忘九死。
"Nhân hữu thổ điền,",人有土田，
Bổn chi bách thế.,本支百世
Vạn Khoảnh lai cư hậu bất hư.,萬頃來居後不虚。
"Yên sơn bắc khởi cao nga nga,",燕山北起高峨峨，
"Tài phát Kim Lăng hựu Tấn Lăng,",才發金陵又晉陵，
"Viết chỉ viết thì,",曰止曰時，
"Hoàng kim hoành đái hiệu thần vận,",黃金橫帶號神運，
"Khai quyển hữu ích,",開卷有益，
Từ hàn thăng đường vị quân tảo.,詞翰升堂為君掃。
Tích nhân thặng giả bi truyền.,昔人剩者碑傳。
"Vô đông vô hộ,",無冬無夏，
"Đại Minh cung trung cấp sự quy,",大明宮中給事歸，
Dữ tử giai tác.,與子偕作。
Bắc sơn hữu dương.,北山有楊。
Cánh nhật bất thành bả.,竟日不成把。
"Khả liên ngạn biên thụ,",可怜岸邊樹，
"Tô Vũ tài vi Điển thuộc quốc,",蘇武才為典屬國，
Xuân phong trước nhân ý tiêu tác.,春風著人意蕭索。
Dĩ tu ngã nhung;,以修我戎；
"""Trúc chi"" vô hạn tình.",竹枝無限情。
"Tứ mẫu dực dực,",四牡翼翼，
Uyên Minh Thái Bạch chân long ly.,淵明太白真龍彲。
"Ký viết đắc chỉ,",既曰得止，
"Khâu trung hữu lý,",丘中有李，
"Nhiên hậu tri: Nghệ Hoàng vi tư trấn, an năng chí thành công chi nguy nguy;",然後知：藝皇微斯鎮，安能至成功之巍巍；
"Chư Lữ cánh tương vương,",諸呂更相王，
"Tư mị Chu Khương,",思媚周姜，
"Thổ phong toạ nam sử nữ lập,",土風坐男使女立，
Cát Cường thân cận đồng tâm sự.,葛強親近同心事。
Bạch vân hà xứ thâm.,白雲何處深。
"Nông tuy nô độn thả tòng quân,",儂雖駑鈍且從軍，
Dĩ tuy tứ phương.,以綏四方。
"Hoàng thiên trợ thuận,",皇天助順，
Thực duy ngã nga.,實維我儀。
"Mạo phong doanh dĩ trang xu hề, bao ôn nhuận chi ngọc nhan.",貌豐盈以莊姝兮，苞溫潤之玉顏。
"Sủng tân khí cựu vị túc bi,",寵新棄舊未足悲，
"Khứ tuế trung thu vũ áp vân,",去歲中秋雨壓雲，
"Diệc ký kiến chỉ,",亦既見止、
"Lạc chỉ quân tử,",樂隻君子，
Thái thoan lại chi huyền chi.,採湍瀨之玄芝。
Khuất Nguyên chung đầu Tương thuỷ tân.,屈原終投湘水濱。
Nhật mãn môn tiền lộ.,日滿門前路。
Hà xứ tương tư minh nguyệt lâu?,何處相思明月樓。
Na tri căn vô quỷ thần hội.,那知根無鬼神會，
Tốt vĩ hạ bát bách trượng hồng.,捽尾下拔百丈洪。
Cung sứ khu tương tích bất đắc.,宮使驅將惜不得。
"Gia lạc quân tử,",假樂君子，
"Kha cán như kim thạch,",柯幹如金石，
Bạch nhật ám Du quan.,白日暗榆關。
Mạc khiển chiết hoa chi.,莫遣折花枝。
"Như kim vô thử sự,",如今無此事，
"Vạn lý lộ trường tại,",萬里路長在，
Lục quốc thâm cừu nhất dẫn thủ.,六國深仇一引手。
Nhi Triệu Tiết hiếu đại dĩ xúc vong.,而趙禼好大以促亡。
"Dao phu hà biên hành thả khốc,",徭夫河邊行且哭，
Túng nhiên kiến hợp chung tất ly.,縱然見合終必離。
Xuân sự nhất triêu quy.,春事一朝歸。
Hàm tình vô phiến ngôn.,含情無片言。
Ngã bị thông minh ngộ nhất sinh.,我被聰明誤一生。
"Trần mai liễm hề tinh cao,",塵霾斂兮星高，
Độc đáo sơn hạ túc.,獨到山下宿，
Hối dư bất tống hề.,悔予不送兮！
Mục như sầu Hồ thị thiên địa.,目如愁胡視天地。
Đại nhi kết thúc tuỳ thương lữ.,大兒結束隨商旅。
Thị giám dã:,是鑑也：
Tuy nhiên:,雖然：
"Khả liên thiết giáp tướng quân gia,",可憐鐵甲將軍家，
"Viên hào xúc điểm thanh tĩnh tân,",圓毫促點聲靜新，
"Tằng thị mạc thính,",曾是莫聽，
"Viễn bang mộ hoá lai tuần tuyên,",遠邦慕化來旬宣，
Khoái khoái khởi lai trợ Trung Quốc.,快快起來助中國。
"Tầm thường quan quách dã hà vi,",尋常棺郭也何爲，
"Giang Nga đề trúc, Tố Nữ sầu,",江娥啼竹素女愁，
Lệ thấp mỹ nhân y.,淚濕美人衣。
"Tề tử do quy,",齊子由歸，
Phù điên thuỷ tri trù sách lương.,扶顛始知籌策良。
"Vãn hỷ cúc tùng tuần cựu kính,",晚矣菊松循舊徑，
"Phong nội hữu phong loại xuân nhiễm,",峰內有峰類皴染，
"Hành đạo trì trì,",行道遲遲，
"Tổn tam hành chi nhất nhân hề, vị bất đáng nhi thủ lệ.",損三行之一人兮位不當而取厲。
Tuất hoang thảo tặc lao thâm ky.,恤荒討賊勞深机。
"Nhất song bạch hồ điệp,",一雙白蝴蝶，
"Thiên thượng phù vân như bạch y,",天上浮雲如白衣，
"Đông tây thi dực, y nỉ phong phái.",東西施翼，猗狔豐沛。
Mộng mị vị hình an khả mô.,夢寐未形安可模。
Bất giai xích thổ nguyên khí phù.,不階尺土元氣扶。
"Tu chi bình chi,",修之平之，
"Cận văn hạ chiếu huyên đô ấp,",近聞下詔喧都邑，
"Sơn khẩu tiềm hành thuỷ ôi áo,",山口潛行始隈隩，
"Kiếm hà phong cấp tuyết phiến khoát,",劍河風急雪片闊，
Thập giác Ngô ngưu phóng giang ngạn.,十角吳牛放江岸。
Thử địa vạn cổ vô âm mai.,此地萬古無陰霾。
Cố thố ưng tri tỵ quang cảnh.,顧兔應知避光景。
"Thuỳ tri đắc tửu thượng năng cuồng,",誰知得酒尚能狂，
Nhất song tự hỉ phi hỉ hàm tình mục.,一雙似喜非喜含情目。
"Thịnh vãn tuần hoàn, cố sự thành lan.",盛晩循環，故事成瀾。
"Hoàng thiên bất phụ,",皇天不負，
Đẩu đàn trú xuất đồng long ninh.,斗壇晝出銅龍獰。
"Phong nghĩ hữu chủ,",蜂蟻有主，
"Kiển sắc chính nhi mang hàn, viết Đức Tinh chi Cách Trạch.",褰色正而芒寒，曰德星之格澤。
"Nhất lê xuân hề, thiên khoảnh túc.",一犁春兮千頃足。
"Tự quân chi xuất hĩ,",自君之出矣，
"Án nhất tụng Mạc Tích,",按一訟莫績，
"Tây Thi yểm diện, tỉ chi vô sắc.",西施掩面，比之無色。
Trí tửu trương đăng xúc hoa soạn.,置酒張燈促華饌。
Đức âm bất vong.,德音不忘。
"Hoài quân tử hề diểu nan vương,",懷君子兮渺難望，
Niệm quốc bộ chi tao truân.,念國步之遭迍。
Thiết kỵ đột xuất đao thương minh.,鐵騎突出刀鎗鳴。
"Thế lộ điệt thăng trầm trấp tải thanh lê hoàn tự tích,",世路迭升沈廿載青黎還似昔，
"Chuý toái thiên niên nhật trường bạch,",捶碎千年日長白，
"Khán hoa mãn nhãn lệ,",看花滿眼淚，
"Tệ cẩu tại lương,",敝笱在梁，
"Nam hữu gia ngư,",南有嘉魚，
Tương cố liên vô thanh.,相顧憐無聲。
Tạp thụ ánh chu lan.,雜樹映朱闌。
"Quân điệu tiên tễ trú xuân dung,",勻調仙劑駐春容，
"Kỳ Mộc Thạnh chúng văn Thăng quân sở bại ư Cần Trạm, toại lận tạ bôn hội nhi cận đắc thoát thân.",其沐晟眾聞昇軍所敗於芹站，遂躪藉奔潰而僅得脫身。
"Mộng Trạch tam thu nhật,",夢澤三秋日，
Thanh trủng lưu hận,青塚留恨
Lệnh nhân chẩm vị an.,令人枕未安。
Cao Bưu nữ nhi tương nại hà.,高郵女兒將奈何。
Chủ nhân vô tâm khách diệc phả.,主人無心客亦叵。
Hộ lạc tương hành khứ.,護落將行去。
Tề gia trị quốc.,齊家治國。
"Tự tòng lão Đỗ đắc thi danh,",自從老杜得詩名，
Khinh thân phó hổ lang.,輕身赴虎狼。
"Tứ hải đồng hàn thực,",四海同寒食，
Cam nhân hoạn dưỡng khinh kỳ khu.,甘人豢養輕其軀。
Thiên cơ thiêu phá uyên ương cẩm,天機燒破鴛鴦錦，
Cấm thát ký tằng đế sủng ngộ.,禁闥記曾締寵遇。
"Phiếm lục y, kiêm hà thiển,",泛綠漪，蒹葭淺，
Lộ thấp thảo song hàn.,露濕草窗寒。
"Dục thâu mộ cảnh phản điền lý,",欲收暮景返田里，
Nãi tác minh ư tư bàn; ngụ chí thành chi bất tức.,乃作明於斯盤；寓至誠之不息。
Cử mục sơn xuyên thượng như cố.,舉目山川尚如故。
"Hách hách viêm viêm,",赫赫炎炎，
"Thượng đế bất ninh,",上帝不寧，
Khước bị đồng hô tác địa tiên.,卻被童呼作地仙。
"Kinh thuỷ vật cức,",經始勿亟，
Kim nhật thuỳ dương sinh tả trửu.,今日垂楊生左肘。
Thủ tiếu tư hoan vô sở quý,取笑資歡無所愧
Dĩ xa phi phi.,以車伾伾。
Ti thằng ngọc cang tửu như nhũ.,絲繩玉缸酒如乳。
"Ninh tri ô yết thuỷ,",寧知嗚咽水，
Công hầu can thành.,公侯干城。
"Tự quân chi xuất hĩ,",自君之出矣，
Thuỵ giác vô nhân cộng,睡覺無人共。
Cổ kim trường quy khứ.,古今長歸去。
"Nãi tòng tinh nhi hiển diệu, hoàn giá vũ lai Xích Đằng thắng địa chi gian,",乃從星而顯耀，還駕雨來赤藤勝地之間，
"Dân chi sơ sinh,",民之初生，
"Yếm yếm kỳ miêu,",厭厭其苗，
"Hồng trang dục tuý nghi tà nhật,",紅妝欲醉宜斜日，
Vi long vi quang.,爲龍爲光。
"Lãng thừa hoạ khả ức thiềm thừ,",浪乘畫舸憶蟾蜍，
Hưởng ngã chưng thường!,享我烝嘗！
Ta ta tạo vật hề dĩ ngã vi sinh?,嗟嗟造物奚以我為生？
"Hữu khách tặng ngã Nhật Bản đao,",有客贈我日本刀，
Tiện giác thạch môn hàn điệp điệp.,便覺石門寒疊疊。
Triêu triêu ngộ thiếp kỳ.,朝朝誤妾期。
Hà xứ độc quy nhân?,何處獨歸人。
Vĩ tát viên cầu kiêu dục tử.,尾撒圓球驕欲死。
Tâm sự hữu thuỳ tri.,心事有誰知。
Nhậm nhĩ phân phân.,任爾紛紛。
"Tằng hướng tiên sư khẩu,",曾向先師口，
Tần địa hành nhân xuân ức quy.,秦地行人春憶歸。
Tiêm quyết cừ khôi chân dịch sự.,殲厥渠魁真易事。
Sắc dữ phù dung loạn.,色與芙蓉亂。
"Chiêm bỉ Kỳ úc,",瞻彼淇奧，
"Hữu thử thân lai bách trách huyền,",有此身來百責懸，
Nhân sinh thất thập hy.,人生七十稀。
"Phô đôn Hoài Phần,",鋪敦淮濆，
Quy yên cộng ẩm Nhục Chi đầu.,歸鞍共飲月支頭。
"Bao tàng hoạ tâm, trậm độc cam mỹ.",包藏禍心，鴆毒甘美。
"Nhị long bắc thú bất phục phản,",二龍北狩不復返，
Cát thần tự hiện.,吉神自現。
"Giáng phúc nhương nhương,",降福穰穰，
Thôi luân bất đạo dương trường khổ.,摧輪不道羊腸苦。
Kích tiễn lưu tinh viễn.,激箭流星遠。
"Vương vu hưng sư,",王于興師，
Hô xuất ngục cụ la trí tương.,呼出獄具羅致將。
Khả liên không phấn Hàn Thiên Thu.,可憐空奮韓千秋。
"Tải nhi phu tế khứ,",載兒夫婿去，
"Nhân gian hữu thử bạch ngọc kinh,",人間有此白玉京，
"Tả hiệp Trương Hảo hữu Lý Quyên,",左挾張好右李娟，
Khách hữu điếu giả thù lao thiên lý đãn bằng phong.,客有吊者酧醪千里但憑風。
"Vân gian ông hề tiêu dao du,",雲間翁兮逍遙遊，
"Dân khí cử sừ, thượng võng cổ.",民棄耜鋤尚網罟。
"Đàn loan ánh không khúc,",檀欒映空曲，
Chánh trực nguyên nhân tạo hoá công.,正直元因造化功。
Cô bồng dạ vị hưu.,孤篷夜未休。
"Bách niên sầu mấn thanh trung cải,",百年愁鬢聲中改，
Thận vật phế ngã Dĩnh Châu lão ông ai khổ từ.,慎勿廢我潁州老翁哀苦辭。
Phú giả hỷ nhi ca viết:,賦者喜而歌曰：
"Ngã như phế tỉnh cửu bất thực,",我如廢井久不食，
Thác nhận kỷ nhân thuyền.,錯認幾人船。
"Ngân tranh đoạn tục đàn tào ngữ,",銀筝斷續檀槽語，
Tiển bất vi tắc.,鮮不爲則。
"Kim ngã lai tư,",今我來思，
Thiên ai chí khí nhân.,天哀志氣人。
Ư thị:,於是:
"Tiểu tử bất tri xuân tứ khổ,",小子不知春思苦，
Xuân tuỳ Đẩu bính hồi.,春隨斗柄回。
Do ức tích thời liên.,猶憶昔時憐。
"Ngô Quang tranh quốc,",吳光爭國，
Du nhiên quá tứ thập.,悠然過四十。
"Nhật cư nguyệt chư,",日居月諸，
Nhi Vũ bá giáng?,而禹播降？
Vô nhiên hiến hiến;,無然憲憲；
"Dữ thế trầm đức,",與世沈德，
Phỉ thuý khâm hàn điệp hương tuyết.,翡翠衾寒疊香雪。
"Phùng nghinh thiếu tráng phi ngô đạo,",逢迎少壯非吾道，
"Hoàng hộc dục cử lục cách chiết,",黃鵠欲舉六翮折，
"Bắc hải vị sinh, mã giác ti oanh quế lĩnh cửu hồi trường.",北海未生，馬角絲縈桂嶺九迴腸。
Thiểu đoạt nhân y tác địa y.,少奪人衣作地衣。
Ngôn thái kỳ mang.,言采其虻。
"Thiên hàn mã mao phúc vô thỉ,",天寒馬毛腹無矢，
Nhân nhi vô nga?,人而無儀。
Chí kim hiệu học hiệu di phong.,至今斅學效遺風，
"Yên chử vân phàm xứ xứ thông,",煙渚雲帆處處通，
"Cố điêu trùng khắc triện chi phỉ công, phú đắc hiền vi thượng thuỵ.",顧雕虫刻篆之匪工，賦得賢為上瑞。
Ba tương từ cộng thâm.,波將慈共深。
Khả tích xuân quang bất tương kiến.,可惜春光不相見。
"Đình ngọ vũ chỉ vân nhung nhung,",亭午雨止雲戎戎，
Hy Hoà tống tương hà sở quy?,羲和送將何所歸？
"Thanh tiêu trường thán minh nguyệt hạ,",清宵長嘆明月下，
"Uyển kỳ tử hĩ,",宛其死矣，
"Đại nhi cửu linh sắc thanh triệt,",大兒九齡色清澈，
Cung phụng thiên vương.,躬奉天王。
"Khách tâm kinh lạc mộc,",客心驚落木，
"Ám văn ca xuy thanh,",暗聞歌吹聲，
Vô tín nhân chi ngôn.,無信人之言，
Trung thần nặc tính danh.,忠臣匿姓名。
Tửu hàm hát nguyệt sử đảo hành.,酒酣喝月使倒行。
"Cộng sơn Lý sinh hữu chí mưu,",共山李生有志謀，
"Bất cảm cao thanh ngữ,",不敢高聲語，
"Đãn văn Bắc Đẩu thanh hồi hoàn,",但聞北斗聲迴環，
Thoát mạo hướng nhân thời đại khiếu.,脫帽向人時大叫。
"Hán gia công thần thướng Kỳ Lân,",漢家功臣上麒麟，
"Quan bất tại ngu,",官不在愚，
Trương Hầu hà thì đáo nhãn tiền.,張侯何時到眼前。
"Hồi đầu diểu diểu bát hoang khoan,",回頭渺渺八荒寬，
"Hồ vi hồ nhất phương hồng nhạn trường bi minh,",湖為乎一方鴻雁長悲鳴，
Lang tự ba tiêu nông tự hà.,郎似芭蕉儂似荷。
"Tình tri tống nhi thị mai nhi,",情知送儿是埋儿，
Nghi thị hồ dữ ly.,疑是狐與狸。
Án đồ tiếu sách vân sơn thi.,按圖笑索雲山詩。
Tự độc tỷ tang.,自独俾臧。
Mạc tác đông phi bá lao tây phi yến!,莫作東飛伯勞西飛燕！
Nhất chi chi tự phất lương trần.,一枝枝似拂梁塵。
Thuỷ hạc trần dương.,水涸塵揚。
"Lư diêm thính tiểu tử,",閭閻聽小子，
"Phấn trường tụ dĩ chính nhẫm hề, lập trịch trục nhi bất an.",奮長袖以正衽兮，立躑躅而不安。
"Dã kính hoang lương hành khách thiểu,",野徑荒涼行客少，
"Cố nhân sân ngã bất khai môn,",故人嗔我不開門，
"Ngã độc cô quỳnh,",我獨孤煢，
Vạn lại bách tuyền tương dữ thu.,萬籟百泉相與秋。
Thất nhĩ nhân hà độc ngã trường.,室邇人遐毒我腸。
"Phù dung hoa, lạc thu thuỷ,",芙蓉花落秋水，
Khuynh nhĩ tẩy phù vân.,傾耳洗浮雲。
Kỳ ngư duỷ duỷ.,其魚唯唯。
Nhân tâm không tự nhàn.,人心空自閒。
"Kiển hà vi hề trung lưu,",蹇何為兮中流，
"Tứ nguyệt tú yêu,",四月秀葽，
Ngư long quái thú hãn bất bị.,魚龍怪獸罕不備。
Sơn tại hư vô phiếu diểu gian.,山在虛無縹緲間。
Thanh phong phố thượng bất thăng sầu.,青楓浦上不勝愁。
"Thính dụng ngã mưu,",聽用我謀，
Quân tòng giang bắc khứ.,君從江北去。
"Nhật dạ kinh quá Triệu, Lý gia.",日夜經過趙李家。
Thảng hoàng yểm tế tiền chí từ:,傖惶厭蔽前至辭：
Đạp tuyết dã tương qua.,踏雪也相過。
"Thiên tải hạ đan thanh miêu hội, nãi kỳ tu my chi tự;",千載下丹青描繪，乃其鬚眉之似。
Tức thử thị tri kỷ.,即此是知己。
"Vương sự mỹ cổ,",王事靡盬，
"Hán gia ngũ diệp tài thả hùng,",漢家五葉才且雄，
"Nhiên tắc quân vương chi sở kiến dã,",然則君王之所見也，
Thì quang vũ bích kê.,時光舞碧雞。
"Lộc Môn nguyệt chiếu khai yên thụ,",鹿門月照開煙樹，
Phiêu linh dĩ thị thương lãng khách.,漂零已是滄浪客。
"Thái bình tu nỗ lực,",太平須努力，
Tái tiếu tái ngôn.,載笑載言。
"Đầu chi ư băng thượng,",投之於冰上，
Hữu phần kỳ thực.,有蕡其實。
"Hà Hán, Đường chi mạt tạo, lũ minh minh nhi hôn thực!",何漢唐之末造，屢暝暝而昏蝕！
"Minh niên cộng khan quyết cừ vũ,",明年共看決渠雨，
Tử quy địa phủ dã hà phương?,死歸地府也何妨。
"Nhật mộ giao long cải quật huyệt,",日暮蛟龍改窟穴，
Tâm vi Như Lai tạng.,心為如來藏。
Văn Vương viết: tư!,文王曰：咨！
Hoa tàn bộ kịch trì.,花殘步屐遲。
"Vũ Xương tây thượng Ba Lăng đạo,",武昌西上巴陵道，
Dữ lang sạ tương phùng.,與郎乍相逢。
Trĩ kinh cung mãn kính tiễn gia.,雉驚弓滿勁箭加。
Cố Hà Ninh tổng đốc Hoàng đại nhân:,故河寧總督黃大人：
Khỉ viết vô y?,豈曰無衣？
"Hữu hoài vu Vệ,",有懷于衛，
"Yếu lộ hà nhật bãi trường kích,",要路何日罷長戟，
"Phá lạc cổ quan thành,",破落古關城，
Tiễn tâm thả hàm lệ.,煎心且銜淚。
"Hạnh kham điều đỉnh dụng,",幸堪調鼎用，
Giang thượng nguyệt lương xuy Tử trúc.,江上月涼吹紫竹。
Cận mặc giả hắc.,近墨者黑。
Khả dĩ tê trì.,可以棲遲。
Giang sơn không Sái Châu.,江山空蔡州。
Bất tri lễ nghĩa.,不知禮義。
Nhân dĩ kỳ bá.,因以其伯。
"Thiên tử diệc ưng yếm bôn tẩu,",天子亦應厭奔走，
"Chức huống tư hoằng,",職兄斯弘，
"Tứ hoàng ký giá,",四黄既駕，
Kiến nguyệt tư hương tao bạch thủ.,見月思鄉搔白首。
"Trung Linh nam bạn thạch bàn đà,",中泠南畔石盤陀，
"Dục cùng thiên lý mục,",欲窮千里目，
Kỷ xứ kim tiêu thuỳ lệ ngân.,幾處今宵垂淚痕！
"Cự ý phân huề tuần nhật gian,",詎意分攜旬日間，
Bạch hộc sí thuỳ nhãn lưu huyết.,白鵠翅垂眼流血。
"Oản xúc đề cao như bặc thiết,",腕促蹄高如踣鐵，
Tẩu mã hướng thuỳ gia?,走馬向誰家？
Khởi khan tàn nguyệt ánh lâm vi.,起看殘月映林微。
Thuỳ chu dư mỹ?,誰侜予美，
Vong cơ hốt lạc đan thanh thủ.,忘机忽落丹青手。
Trịnh trọng dĩ trước trùng vi già.,鄭重已著重幃遮。
Hồ địa thê nhi hư khí quyên.,胡地妻兒虛棄捐。
"Kiệt phạt Mông Sơn,",桀伐蒙山，
"Lộng Ngọc xuy sinh,",弄玉吹笙，
Đại gia tái bái kỳ phong niên.,大家再拜祈豐年。
"Hàm Đan thành nam du hiệp tử,",邯鄲城南遊俠子，
Thiên Bảo tuế cống thủ chi Phù.,天寶歲貢取之涪。
Phương Trúc lỵ chỉ.,方叔蒞止，
Hoan lai bất kiến như hữu tướng.,歡來不見如有相。
"Cao Tổ đề kiếm nhập Hàm Dương,",高祖提劍入咸陽，
Xuân yên tự bích thu sương bạch.,春煙自碧秋霜白。
Nham tuyền trích cửu thạch linh lung.,岩泉滴久石玲瓏。
Dẫn cung dục đàn kiêm kiêm vũ.,引弓欲彈鶼鶼羽。
"Phất tường hoa ảnh động,",拂牆花影動，
"Thiện chúc cổ hữu Hoa Phong nhân,",善祝古有華封人，
"Niên niên dã đường thụ,",年年野棠樹，
"Chiếu vị tướng quân phất quyên tố,",詔謂將軍拂絹素，
Hà bản hà hoá?,何本何化？
Hàm nê khước lạc tu hoa ốc.,銜泥卻落羞華屋。
Lạc đắc tự gia đầu bạch tảo.,落得自家頭白早。
"Trường Hoằng chi trung liệt kim thạch,",萇弘之忠裂金石，
Thử bang nhân nhân đa mạn dị.,此邦人人多慢易。
Cuồng phu do thú Giao Hà bắc!,狂夫猶戍交河北。
"Thiên hạ giáp mã vị tận tiêu,",天下甲馬未盡銷，
"Thời mỹ hữu tranh,",時靡有爭，
"Nhất kính thông sơn lộ,",一徑通山路，
Sơn thành tuyết phi bắc phong liệt.,山城雪飛北風烈。
Tại bỉ trung hà.,在彼中河。
Xích cầu ngọc lân phù dung thành.,赤虯玉麟芙蓉城。
"Hùng lôi chấn không Lục Giáp khu,",雄雷震空六甲驅，
Thấp tắc hữu phiến.,隰則有泮。
Bất năng nghệ thử tắc.,不能蓺黍稷。
Công vô dữ nhượng ân bất tý.,功無與讓恩不訾。
"Ám tích xuân tương quý,",暗惜春將季，
"Duy Vũ điện chi,",維禹甸之，
"Hoạ lan quế thụ huyền thu hương,",畫欄桂樹懸秋香，
"Tử sinh khiết khoát,",死生契闊，
"Da khê thái liên nữ,",耶溪採蓮女，
"Khứ niên giang nam thảo cuồng tặc,",去年江南討狂賊，
Du du nhật ảnh trầm.,悠悠日影沉。
Đế hà cầu?,帝何求？
Đề viên nhiễu chi chuyển.,啼猿繞枝轉。
"Thi cưu tại tang,",鸤鳩在桑，
Bất tri trương vũ.,不知張舞。
"Chi tử vu quy,",之子于歸、
"Tư vạn phương, ưu quốc hại.",思萬方，憂國害。
Khuyến quân duy hữu gia xan phạn.,勸君惟有加餐飯。
"Niên niên lao dịch cân lực tận,",年年勞役筋力盡，
"Như bỉ thê thư,",如彼棲苴。
Niên lai vị giác tân.,年來未覺新。
"Xuất nhập duy sơn điểu,",出入惟山鳥，
"Phụ mẫu tại đường,",父母在堂，
"Thanh thiển bạch thạch than,",清淺白石灘，
"Ngũ Lăng niên thiếu tranh triền đầu,",五陵年少爭纏頭，
Khuyến quân thả chước dưỡng hạo khí.,勸君且酌養浩氣。
Vu bỉ triêu dương.,于彼朝陽。
"Cửu khiếu thông uất, tinh thần sát trệ.",九竅通鬱，精神察滯。
Các thành cùng khấu diệc tướng giải giáp dĩ xuất hàng.,各城窮寇亦將解甲以出降。
"Phụ vũ thiên doanh tí giác đoan,",負羽千營臂角端，
Mạc tri ngã cân (gian).,莫知我艱。
"Hoàng điểu vu phi,",黃鳥于飛。
Nhiễm lệ tại tùng quân.,染淚在叢筠。
Ngạ tồ Thú sơn.,餓殂首山。
Nam khê lão nhân trùng điếu quy.,南溪老人重釣歸。
Lôi vũ bất ly san.,雷雨不離山。
"Khỉ kỳ thú thê,",豈其娶妻，
Bằng cao nhất vọng tam thiên lý.,憑高一望三千里。
"Bạch nhật thăng thiên dị,",白日升天易，
"Phân hương mại lí khổ đinh ninh,",分香賣履苦叮嚀，
"Mạch mạch quảng xuyên lưu,",脈脈廣川流，
"Sở tức vong hề, nhữ yên quy?",楚即亡兮，汝焉歸？
"Chí điểu tiềm tàng,",鷙鳥潛藏，
"Thượng thư Hàn Trạch Mộc,",尚書韓擇木，
"Thị nhi phù khởi kiều vô lực,",侍兒扶起嬌無力，
"Bất sích bất phách,",不坼不副，
"Hoàng tuyền vô khách xá,",黄泉無客舍，
Giáp điệp phi lai hoàng ly ngữ.,蛺蝶飛來黃鸝語。
"Tòng lai ngạnh nỗ huyền tiên đoạn,",從來硬弩弦先斷，
Trùng nhập giá cô quần.,重入鷓鴣群。
Thuấn tức thông thành nhất đại khuyên.,瞬息通成一大圈。
"Vọng tri kỷ hề thuỳ dữ quy,",望知己兮誰與歸？
Mệnh bỉ quan nhân.,命彼倌人。
Hoàn vọng tương như hà!,還望將如何。
"Tái tiếu bản vị cơ hàn mưu,",再醮本為饑寒謀，
"Đạo trung độc hành nãi thuỳ tử,",道中獨行乃誰子，
Trung đình đào lý ánh toả song.,中庭桃李映瑣窗。
Phảng phất khai tôn Thái Thạch độ.,髣髴開樽采石渡。
Tác vi thức cốc;,作爲式榖；
Tái tích chi quang.,載錫之光。
"Tín thư thành tự ngộ,",信書成自誤，
Thoa phiến tương thân để kiêu lỗ.,釵扇將身抵驕虜。
Tài như Phục Ba bất đắc kiêu.,才如伏波不得驕。
Cam dâm bất vi long sở cách.,甘霪不為龍所隔。
Vị quân phiên tác Tỳ bà hành.,為君翻作琵琶行。
Trung tâm điếu hề!,中心吊兮。
Liêu tặng nhất chi xuân.,聊贈一枝春。
"Bình sinh phan long sự tắc dĩ,",平生攀龍事則已，
Nhi thê bỉ Lạc tần?,而妻彼雒嬪？
"Tộc Tần giả, Tần dã, phi thiên hạ dã.",族秦者、秦也、非天下也。
"Tang thương thế cục hồn như tư,",桑滄世局渾如斯，
Thiên dinh cộng nhất hô.,千營共一呼。
"Xà mâu khinh chiến đấu,",蛇矛輕戰鬬，
"Ô hoàng Vũ Vương,",於皇武王，
Mộc cảm khí hề điều diệp từ.,木感氣兮條葉辭。
Tha môn nhu yếu hữu đồng tình.,他門需要有同情。
"Biểu hữu mai,",標有梅，
Toạ kiến cử quốc lai bôn ba.,坐見舉國來奔波。
Dữ quân tương cố không trường thán.,與君相顧空長嘆。
Bỉ nhân thị tai!,「彼人是哉！
"Thuỳ lão ác văn chiến cổ bi,",垂老惡聞戰鼓悲，
Phụ mẫu khổng nhĩ.,父母孔邇。
Kim thoa đương bốc tiền.,金釵當卜錢。
Vạn tuế trì chi hộ thiên tử.,萬歲持之護天子。
Đồ diên ngã hành trình.,徒延我行程。
"Thái Tông hữu Nguỵ Trưng nhi vi giám dã, hồ vi bất năng trí Trinh Quán tam thập niên chi thái bình; Minh Hoàng diệc hữu Cửu Linh vi giám dã, hồ vi bất cứu Thiên Bảo mạt niên chi điên chí.",太宗有魏徵而為鑑也，胡為不能致貞觀三十年之太平；明皇亦有九齡為鑑也，乎為不救天寶末年之顛躓。
Anh khí lẫm lẫm ma thanh minh.,英氣凜凜磨青冥。
"Hành giả nhượng lộ,",行者讓路，
Gia thư thập ngũ hàng.,家書十五行。
Mỹ giới mỹ cứu.,靡屆靡究。
"Y dư tất thư,",猗與漆沮，
Vô hạn tiêu lao tịnh mục tật.,無限焦勞并目疾。
"Nãi chiêm hành vũ, tái hân tái bôn.",乃瞻衡宇，載欣載奔。
"Nhất triêu ngoạ bệnh vô tương thức,",一朝臥病無相識，
"Lai Công chi trúc thành lâm, đức năng triệu dị,",萊公之竹成林，德能兆異，
"Ân cần bằng yến dực,",慇懃憑燕翼，
"Chi tử vu quy,",之子于歸、
"Tướng thử hữu bà,",相鼠有皮，
Lạp chúc đề hồng oán thiên thự.,蠟燭啼紅怨天曙。
Cánh thiêm đài bách chân tam tuyệt.,更添臺柏真三絕。
"Thân đương ân ngộ thường khinh địch,",身當恩遇常輕敵，
Dao dao bất tương thức.,遙遙不相識。
"Minh niên nguyện đắc như kim niên,",明年原得如今年，
Tảo giám thiên trùng xuất kỳ liệp.,藻鑑千重出鬐鬣。
"Bất tri nam bắc công đa thiểu,",不知南北功多少，
"Giáp đạo hồ sát, lai giả như quy.",夾道壺察，來者如歸。
Vạn ức cập tỉ.,萬億及秭。
Kim niên vị khán hoa.,今年未看花。
"Na tri u thạch hạ,",那知幽石下，
"Sa thượng kiến nhật xuất,",沙上見日出，
"Thủ bả hoa sừ xuất tú liêm,",手把花鋤出繡帘，
Vu dĩ tiêu chí thiện ư tư dân; vu dĩ tẩy cựu ô ư vạn quốc.,于以標至善於斯民；于以洗舊污於萬國。
Cánh giác lương công tâm độc khổ.,更覺良工心獨苦。
"Địa hạ đa ngô hữu,",地下多吾友，
"Đồng Lư nhân bất kiến,",桐廬人不見，
"Độc hành quỳnh quỳnh,",獨行睘睘，
Khả tích xuân quang mang như tiễn.,可惜春光忙如箭。
Tân khổ thị tứ nhân,辛苦市肆人，
"Sơn tự minh chung trú dĩ hôn,",山寺鳴鐘晝已昏，
"Hốt như nhất dạ xuân phong lai,",忽如一夜春風來，
"Tần hữu Lý Tư, Hán Thái Ung,",秦有李斯漢蔡邕，
"Xích Bích tranh hùng như mộng lý,",赤壁爭雄如夢裏，
Trắc bĩ hộ hề!,陟彼岵兮，
Hán thuỷ diệc ưng tây bắc lưu.,漢水亦應西北流。
Uổng dụng tương tồn.,枉用相存。
Du vân cộng điểu hoàn.,遊雲共鳥還。
Minh nguyệt thu lai kỷ viên khuyết.,明月秋來幾圓缺。
"Trị thuỷ tất nhi qui trình, tác kinh thành nhi lân chí.",治水畢而龜程，作經成而麟至。
"Khánh ký lệnh cư,",慶既令居，
"Hồi đầu giang chử, tam thập niên chi thác tích chuyển không,",回頭江渚，三十年之托跡轉空，
"Mưu thâm hoạ thâm,",謀深禍深，
Bất cấm du nhân tuý phong nguyệt.,不禁遊人醉風月。
Độc túc xuân phong Yến Tử lâu.,獨宿春風燕子樓。
Quán di tái lộ.,串夷載路。
"Lưỡng mấn nhập Thu Phố,",兩鬢入秋浦，
"Tượng phục thị nga,",象服是宜，
"Thiên chi phương tê,",天之方懠，
"Ái thử giang biên hảo,",愛此江邊好，
"Phấn điệp điện chuyển tử du cương,",粉堞電轉紫遊韁，
Điền trù thất sừ đa thảo lai.,田疇失耡多草萊。
"Vấn mã hà do đắc như thử,",問馬何由得如此，
"Phó miếu xã ư kiếp hôi, phỏng kiều danh ư Vạn Lý.",付廟社於劫灰，訪橋名於萬里。
"Khuê bích ký tốt,",圭璧既卒，
"Từ nghiêm nghĩa mật độc nan hiểu,",辭嚴義密讀難曉，
"Tưởng tử thát chi hà niên,",想紫闥之何年，
"Vi sở bất đương vi hề, ngã tâm nghi,",為所不當為兮我心疑，
"Tự giác giác tha,",自覺覺他，
Kiếm thụ đao sơn lập tồi chiết.,劍樹刀山立摧折。
Trưởng tại xướng gia ngẫu nhiên nhĩ.,長在娼家偶然耳。
"Y dư chí chi mạn ngu hề, hoài trinh xác chi hoàn tâm.",伊予志之慢愚兮，懷貞愨之懽心。
"Tư quân như lạc diệp,",思君如落葉，
"Tha nhân mạc đổ, vương lãm kỳ trạng.",他人莫睹，王覽其狀。
Chinh dĩ trung cấu.,征以中垢。
"Đình tiền bát nguyệt lê tảo thục,",庭前八月梨棗熟，
Trùng trùng thâm toả ngọc thiền quyên.,重重深鎖玉嬋娟。
Bảo ốc quang trung Xá Vệ thành.,寶屋光中舍衛城。
"Ưu tâm như phẫn,",憂心如焚，
Đỗ nhược tặng giai nhân.,杜若贈佳人。
"Ta phù: hậu thế nhân quân, ân giám bất viễn.",嗟夫：後世人君，殷鑑不遠。
"Mật diệp ẩn ca điểu,",密葉隱歌鳥，
"Vũ chi lực hiến công,",禹之力獻功，
Viên phạt cầm sắt.,爰伐琴瑟。
"Tề Hoàn cửu hội,",齊桓九會，
Dĩ dẫn dĩ dực.,以引以翼。
"Nhất chích lô tư dẫn nhân khứ,",一隻鸕鶿引人去，
Ngã tâm thảm thảm.,我心慘慘。
"Ngô huynh thuỵ ổn phương thư tất,",吾兄睡穩方舒膝，
Kiến kỵ vu nhân;,見忌于人；
Nhẫn quyên khí dư vu trần ai da?,忍捐棄予于塵埃耶？
"Quân phủ uy dung tòng đạo thịnh,",軍府威容從道盛，
Yến tử oanh nhi các tân giá.,燕子鶯儿各新嫁。
"Hốt phùng đào hoa chiếu khê nguyên,",忽逢桃花照溪源，
Kim tịch phục hà tịch?,今夕復何夕。
Cuồng phu cú cú.,狂夫瞿瞿。
"Chi cương chi kỷ,",之綱之紀，
"Nhất niên khổ tân kim hạnh thục,",一年楛辛今幸熟，
"Phi lưu dĩ xuất bất khẳng há,",飛流已出不肯下，
"Đại hạ nguyên phi nhất mộc chi,",大廈元非一木支，
Lẫm lẫm sinh khí tồn.,凜凜生氣存。
"Thái thú khoảnh giả lĩnh Sơn Nam,",太守頃者領山南，
Trưởng huynh tòng quân vị thú tẩu.,長兄從軍未娶嫂。
Thân tại la võng thả mạc ai.,身在羅網且莫哀。
"Đãn thị thi nhân đa bạc mệnh,",但是詩人多薄命，
"Hồng phấn mạc xi vô dụng khách,",紅粉莫嗤無用客，
"Nhất khứ tâm tri cánh bất quy,",一去心知更不歸，
"Hí niêm ngốc bút tảo hoa lưu,",戲拈禿筆掃驊騮，
"Ly cung tuyệt khoáng,",離宮絕曠，
Khoan hĩ khoan!,寬矣寬！
Giác lai bán sàng nguyệt.,覺來半床月。
Chính tự lĩnh đầu hoa.,正似嶺頭花。
"Huyền cảnh vận chu,",懸景運周，
Phương thuyên linh lạc vô dư xuân.,芳荃零落無餘春。
Tượng mễ ngư phục.,象弭魚服。
Thuý liễn bất tằng qua.,翠輦不曾過。
Nhận tác thiên biên phấn nhứ khan.,認作天邊粉絮看。
"Triết phu thành thành,",哲夫成城，
"Sư hoàn phục tội tiến biểu chương,",師還伏罪進表章，
Kỳ diệp tử tử.,其葉湑湑。
Thượng đế cư hâm.,上帝居歆，
Khởi tri thư kiếm lão phong trần.,豈知書劍老風塵，
"Cổ nhân hữu ngôn, tư thuỷ chi thần danh viết Phục phi.",古人有言，斯水之神名曰宓妃。
Huỳnh song vạn quyển thư.,螢窗萬卷書。
"Khai Nguyên thiên tử vạn sự túc,",開元天子萬事足，
"Hãn hải lan can bách trượng băng,",瀚海闌干百丈冰，
Tận thị băng xa thiết mã thanh.,盡是冰車鐵馬聲。
"Liệt nang phẫu khuông thủ kim bạch,",裂囊剖筐取金帛，
"Khởi như ngô sanh bất lưu đãng,",豈如吾甥不流宕，
"Do đương xuất tác Lý Tây Bình,",猶當出作李西平，
"Phương tâm tịch mịch ký hàn chi,",芳心寂寞寄寒枝，
"Cầu kỳ đệ thính,",求其弟聽，
"Thái Tự tự huy âm,",太姒嗣徽音，
"Thử giai kỵ chiến nhất địch vạn,",此皆騎戰一敵萬，
Nhân hoặc thức chi di thiếp tu.,人或識之貽妾羞。
"Chỉ kê giao nha đường,",只雞膠牙糖，
"Thúc tại tổ,",叔在藪，
"Ôn kỳ như ngọc,",溫其如玉；
"Khả hám anh hùng tâm sự, hạ nhi Lê công bi, đông nhi Bùi công khốc, nhất thời nghĩa khí hướng thuỳ luân?",可憾英雄心事，下而黎公悲，東而裴公哭，一時義氣向誰論。
Dĩ giới cảnh phúc.,以介景福。
"Thuỳ kinh nhất hàng nhạn,",誰驚一行雁，
"Ngô huynh ngô huynh Sào, Hứa luân,",吾兄吾兄巢許倫，
"Đao xích độn chuyết chế vị tất,",刀尺鈍拙制未畢，
Cứ yên tác thế hô tặc tẩu.,据鞍作勢呼賊走。
Tệ cân bất chỉnh tẩu thả mang.,敝巾不整走且忙。
"Ư thử chi thời, an tri Minh Hoàng chi tâm,",於此之時，安知明皇之心，
"Ký bất tiên phòng vị bệnh thì,",既不先防未病時，
"Để báo thúc tác nhất khuông khôi,",邸報束作一筐灰，
"Lưu quang thuấn tức hạ tồ thu,",流光瞬息夏徂秋，
Cố sở dụng chi như hà; thiết hữu cảm ư Lý Đường chi sự.,顧所用之如何；竊有感於李唐之事。
"Nhất lũ vân tuỳ kim tiễn đoạn,",一縷雲隨金剪斷，
"Vô diện mục chi khả hiển hề, toại đồi tứ nhi tựu sàng.",無面目之可顯兮，遂頹思而就床。
"Nhất tiêu hốt mộng nhữ thú thân,",一宵忽夢汝娶親，
Hồ nhiên nhi Đế dã?,胡然而帝也？
Hà nhân tối vãng hoàn?,何人最往還。
Bi minh tương cầu.,悲鳴相求。
"Lãm phi bí dĩ kháng sách,",攬騑轡以抗策，
"Đạo mễ lưu chỉ, túc mễ bạch,",稻米流脂粟米白，
"Chử hải chi dân hà sở dinh,",煮海之民何所營，
Chỉ tại nghịch phong văn.,只在逆風聞
"Thị thời tiểu nhi tri hữu phụ,",是時小兒知有父。
Đan tâm chiếu vạn cổ.,丹心照萬古。
Khai thác dụ nhi tôn.,開拓裕兒孫。
Hà xứ hào gia cưỡng tải quy.,何處豪家強載歸？
Hoành hành triêu thị Hoắc gia nô.,橫行朝市霍家奴。
"Ta nhĩ thạch duẩn thiện hư danh,",嗟爾石筍擅虛名，
Đương nhãn phong chi tâm dục chiết.,當眼風枝心欲折。
"Yêu yêu viên đào,",夭夭園桃，
"Chi đương chi hề, long phụng lân,",之當之兮龍鳳麟，
Chu Nam lưu trệ cổ sở tích.,周南留滯古所惜，
"Nga My sơn hạ thiểu nhân hành,",峨嵋山下少人行，
Phụ Hán an Lưu.,輔漢安劉。
Cửu nhi hữu vị.,久而有味。
"Tích nhật tằng lai phỏng bạch vân,",昔日曾來訪白雲，
Bá quyết bách cốc.,播厥百穀。
"Chiến chiến căng căng,",戰戰兢兢、
Nhân ảnh động dao lục ba lý.,人影動搖綠波裏。
Cánh khiển minh niên trước ý sinh.,更遣明年著意生。
Triêu triêu trường kết Ngọc Môn quan.,朝朝長結玉門關。
"Bí bỉ Tuyền thuỷ,",毖彼泉水，
"Thính xa quỹ nhi y yết hề,",聽車軌而伊軋兮，
Vô ảnh diệc vô hình.,無影亦無形。
Hựu bất năng vi ẩn báo chi liễm thái tàng thanh.,又不能為隱豹之歛彩藏聲。
"Nhân tại diễm dương trung,",人在豔陽中，
"Ngọc kinh xuân sắc ủng du nhân,",玉京春色擁遊人，
Khởi miễn câu hác thường phiêu phiêu.,豈免溝壑常漂漂。
"Kim ngã lai tư,",今我來思，
Biệt hữu thương tâm sự khởi tri.,別有傷心事豈知。
Hậu đường phương thụ âm âm hiện.,後堂芳樹陰陰見。
"Độc tự phi y tọa,",獨自披衣坐，
Cầm sắt vĩ chi.,琴瑟友之。
"Thực mê đồ kỳ vị viễn, giác kim thị nhi tạc phi.",實迷途其未遠，覺今是而昨非。
"Trùng thư ngọc bội tiển,",蟲書玉佩蘚，
"Đẩu nhiên kiến hổ hàm phụ chi,",陡然見虎銜父肢，
"Dương liễu đê biên khống tử lưu,",楊柳堤邊控紫騮，
"Đương hiên di hoảng dạng,",當軒彌滉漾，
Thuỳ giải kỳ trung vị?,誰解其中味？
Cử mục giang sơn sắc.,舉目江山色。
Khí liên cung khuyết tá phân uân.,氣連宮闕借氛氳。
Hà độc thiên sinh ngã vô phối.,何獨天生我無配。
"Không bả tam sinh bốc ""Chu dịch"".",空把三生卜《周易》。
"Nhân hoạ trúc tiêu tử nuy thuỳ,",人畫竹梢死羸垂，
Đại mạch tiểu mạch thập đẩu quân.,大麥小麥十斗勻。
"Tự tòng tương ngộ cảm đa bệnh,",自從相遇感多病，
Hoa bất kiến đào duy kiến lý.,花不見桃惟見李。
Tư lệ bôn tán như phi yên.,胥隸奔散如飛煙。
"Tính danh dĩ lặc Yên Nhiên thạch,",姓名已勒燕然石，
"Lục ba đãng dạng ngọc vi sa,",綠波蕩漾玉為砂，
"Thanh khê bạch thạch bất tương vọng,",青溪白石不相望，
"Tương tư tương chiếu duy luân nguyệt,",相思相炤惟輪月，
Hậu nhân bằng điếu không lao tao.,後人憑吊空牢騷。
"Chí tín khả thị hán lưỡng công,",至信可恃漢兩公，
Doanh thực mưu y nhật bất túc.,營食謀衣日不足。
Cô đăng khiêu tận vị thành miên.,孤燈挑盡未成眠。
Chung kỳ tương kiến nguyệt viên thì.,終期相見月圓時。
Biệt lộ Giang Nam thụ.,別路江南樹。
Hối dục chi trách ngô khởi từ.,誨育之責吾豈辭。
"Thấp tang hữu a,",隰桑有阿，
Thú thê như chi hà?,取妻如之何？
"Hảo thị tu tâm xứ,",好是修心處，
Thệ bất dĩ trạc?,逝不以濯？
"Yến yến vu phi,",燕燕于飛，
Tâm như cất hề!,心如結兮。
"Hàn đăng tương đối ký trù tích,",寒燈相對記疇昔，
Hạm ngoại Trường Giang không tự lưu.,檻外長江空自流。
Tác duẫn Tinh Châu át Nhung lỗ.,作尹并州遏戎虜。
"Văn, Vũ mục dĩ ý cung hề, U, Lệ hôn nhi tường tặc.",文武穆以懿恭兮，幽厲昏而戕賊。
"Ngưỡng bỉ sóc phong,",仰彼朔風，
Mỹ nhân tuyệt sắc kim hà tại.,美人絕色今何在。
"Lộ phùng cố lão trường thán tức,",路逢故老長嘆息，
Thích bỉ lạc thổ.,適彼樂土。
"Bán sơn tàn chiếu ảnh sơ sơ,",半山殘照影初初，
"Sát khí tam thời tác trận vân,",殺氣三時作陣雲，
"Chí văn điểu chương,",織文鳥章，
"Suất bỉ Hoài phổ,",率彼淮浦，
"Tiển tứ khổng quần,",俴駟孔群，
Thệ giả kỳ đật.,逝者其耋。
Khải kỳ than hĩ!,慨其嘆矣，
Yêu minh sỉ thậm ư Chân Tông;,要盟恥甚於眞宗；
"Đối trận đoạt tương kim lặc mã,",對陣奪將金勒馬，
Trương Khổng thừa ân dĩ thập niên.,張孔承恩已十年。
"Xuân lai bán nguyệt độ,",春來半月度，
Đãn kiến:,但見：
"Kính thiên chi du,",敬天之渝，
Cận đãi quân doanh tác phá Khương.,近待軍營作破羌。
"Lưỡng điểu bài vân phù vụ nhập hư không,",兩鳥排雲扶霧入虛空，
"Đại hiền chi hậu cánh lăng trì,",大賢之後竟陵遲，
Ngôn thị chi sự;,言示之事；
Vãng dữ Khuất Giả tiên dư ai.,往與屈賈湔餘哀。
"Cổ thụ xuân phong nhập,",古樹春風入，
Thanh sơn nguyên bất động.,青山原不動。
Vô nại cùng dân khổ hạn ky.,無奈窮民苦旱饑。
"Tiêu sơ trúc mộc ỷ giang tân,",蕭疏竹木倚江濱，
"Thu lai minh nguyệt chiếu Kim Vi,",秋來明月照金微，
Khỉ bất nhĩ tư?,豈不爾思？
"Vương thử đại bang,",王此大邦，
"Viết đình, viết các,",曰庭曰閣，
"Ngô tường Sở đà khiên bách trượng,",吳檣楚柁牽百丈，
Đồng Cổ vạn niên ký thánh ân,銅鼓萬年記聖恩
Uỷ khí phi nhữ năng chu phòng.,委棄非汝能周防。
Tứ mỹ kiêm toàn dã thực nan.,四美兼全也實難。
"Quyết Đông Hải chi thuỷ bất túc dĩ trạc kỳ ô,",決東海之水不足以濯其污，
"Quyệt nguỵ kỳ vĩ, bất khả cứu trần.",譎詭奇偉，不可究陳。
Phách phách sấn hoa phi.,拍拍趁花飛。
Thiên địa trường cửu.,天地長久。
"Bỉ xu giả tử,",彼姝者子，
Lương nhân bạch mã kim thuỳ kiến?,良人白馬今誰見？
"Cưỡng tương tiếu ngữ cung chủ nhân,",強將笑語供主人，
"Khương địch kỷ hồi phương thán thế,",羌笛紀回方歎世，
"Vân thuỷ sô tùng thuý ỷ la,",雲水騶從翠綺羅，
"Thục quỳ hoa lạc khai phục hảo,",蜀葵花落開復好，
"Bảo tư thiên tử,",保茲天子，
"Yến nhĩ tân hôn,",宴爾新昏，
"Quan Đông chỉ thuyết dương trường phản,",關東只說羊腸阪，
Phương tri biệt hậu tâm.,方知別後心。
Viên đề lữ mộng kinh.,猿啼旅夢驚。
Phố thượng đồng đồng nhất thanh cái.,浦上童童一青蓋。
Ca khúc tự nhiễu hành vân phi.,歌曲自繞行雲飛。
"Cựu sơn chư ẩn luân,",舊山諸隱淪，
"Bạch đầu quân sĩ tại,",白頭軍士在，
Nhất đới hoang sơn lục dã trung.,一帶荒山綠野中。
Tri nhi bất dĩ.,知而不已，
"Cấm trung quyết sách thỉnh Phòng Lăng,",禁中決冊請房陵，
Kỳ lân đãng tận nhất thất vô.,騏驎蕩盡一匹無。
Linh linh tứ thời vũ.,泠泠四時雨。
Tuế duật kỳ thệ.,歲聿其逝。
"Huệ thử trung quốc,",惠此中國，
Cựu hồn hoàn đối tân hồn khấp.,舊魂還對新魂泣。
"Tảo vãn tam quân tây tái hồi,",早挽三軍西塞回，
"Ngã hữu dị chủng, tàng chi tụ gian.",我有異種，藏之袖間。
"Dục chuyển thanh do sáp,",欲囀聲猶澀，
Uý tử bất bôn.,畏子不奔。
"Hổ khẩu nha khai đại như đấu,",虎口呀開大如斗，
"Nữ tử thiện hoài,",女子善懷，
Đồ kiến bạch vân đoan.,徒見白雲端。
Na tri Lũng phản như sơn viễn.,那知隴阪如山遠。
Trúc thiểu phong lai đa.,竹少風來多。
"Hoàng hoàng giả hoa,",皇皇者華，
"Lâm phong đối nguyệt vô hoan hảo,",臨風對月無歡好，
Đại phụ lạc ty trung phụ chức.,大婦絡絲中婦織。
Ngọc sàng kim tĩnh băng tranh vanh.,玉床金井冰崢嶸。
"Thạch đậu bính ngọc tuyền,",石竇迸玉泉，
"Độc chước phương xuân tửu,",獨酌芳春酒，
"Khê thuỷ hữu thời can đáo để,",溪水有時乾到底，
Hoành đoạn tây bắc già sơn tuyền.,橫斷西北遮山泉。
Quy tai! Quy tai!,歸哉！歸哉！
"Giang thượng phong yên tích,",江上風煙積，
"Nhân sinh thất thập cổ lai thiểu,",人生七十古來少，
Tây xuất đô môn bách dư lý.,西出都門百餘里。
Tính bất tự tri nhân thị thân.,併不自知人是身。
Sinh dân như hà?,生民如何？
"Vị kiến quân tử,",未見君子，
"Mạc thán Thiều hoa như chuyển cốc,",莫嘆韶華如轉轂，
"Lữ nhạn thượng vân quy tử tái,",旅雁上雲歸紫塞，
Vô tùng vô vân vân tất phi.,無松無雲雲必飛。
"Duy tư Lương giang,",惟思良江，
"Mục Vương đắc chi bất vi giới,",穆王得之不為戒，
"Hoàng y tiểu sứ lục tính danh,",黃衣小使錄姓名，
Hữu địch bất ninh.,有狄不寧。
"Thảo trung hồ thố tận hà ích,",草中狐兔盡何益，
"Chiết toàn tả hữu tật phục hoãn,",折旋左右疾復緩，
Hải tiếp Tam Ngô bá khí hàn.,海接三吳霸氣寒。
Thương thuý loạn xạ viên điểu kinh.,蒼翠亂射猿鳥驚。
Độc điếu hàn giang tuyết.,獨釣寒江雪。
Kỳ thư phòng tự.,其魚魴鱮。
"Giang tâm tự hữu cự hoả minh,",江心似有炬火明，
"Thân quân tứ xuất tặc bôn hội,",親軍四出賊奔潰，
Chi tửu bất đình trì.,卮酒不停持。
"Dũ dân khổng dị,",牖民孔易。
Hối dư bất tương hề!,悔予不將兮！
Ký dữ Lũng Đầu nhân.,寄與隴頭人。
Du du thuỳ ti.,悠悠誰思。
Lập mã phiền quân chiết nhất chi.,立馬煩君折一枝。
"Nhật mộ phi điểu hoàn,",日暮飛鳥還，
"Duy thị biển tâm,",維是褊心，
Quý nhĩ đông tây nam bắc nhân!,愧爾東西南北人！
"Thuấn tất thực khí,",舜漆食器，
Hà đắc khả cầu nan khả tỵ.,何得可求難可避。
Ba đầu xuất khuẩn liêm sinh y.,杷頭出菌鐮生衣。
"Vĩnh ngôn phối mệnh,",永言配命，
"Chính thị quốc nhân,",正是國人，
"Tà Cốc vân thâm khởi hoạ lâu,",斜谷雲深起畫樓，
"Long chung hoàn thiểm nhị thiên thạch,",龍鐘還忝二千石，
Nhĩ hào y phủ.,爾殽伊脯。
Sơn điên khứ phóng hải đông thanh.,山顛去放海東青。
"Vị như diện phược quy kim khuyết,",未如面縛歸金闕，
"Biệt nhân hoài bảo kiếm,",別人懷寶劍，
Dĩ hiếu dĩ hưởng.,以孝以享。
"Hồng nhan lực nhược nan vi lệ,",紅顏力弱難為厲，
"Biểu viết: “Thần Dũ muội tử thướng,",錶曰臣愈昧死上，
"Vạn lý bạch vân phi bất khứ,",萬里白雲飛不去，
Điếu đài kinh đào khả trú miên.,釣台惊濤可晝眠。
"Dữ quân nhất tịch thoại,",與君一夕話，
Vô tử không trường.,無子空長。
Đắc thử thích thi.,得此戚施。
Dục thướng nhân y lai.,慾上人衣來。
"Bán dạ quân hành qua tương bát,",半夜軍行戈相撥，
"Phi thư Bạch Đế doanh đấu túc,",飛書白帝營鬥粟，
"Ngạn chuyển, thụ tà xuất,",岸轉樹斜出，
Huề thủ nhập Tây Tần.,攜手入西秦。
"Thiên tử trọng anh hào,",天子重英豪，
"Ta ngã bạch phát,",嗟我白髮，
"Mã mao đới tuyết hãn khí chưng,",馬毛帶雪汗氣蒸，
Tiểu nhân bất thức.,小人不識。
"Vi quân chỉ kính,",為君止敬，
"Lạc Dương tam nguyệt lê hoa phi,",洛陽三月梨花飛，
"Tiện mỹ nhân chi lương chất hề, băng thanh ngọc nhuận;",羡美人之良質兮，冰清玉潤；
"Hồng hà uyển uyển ca thanh ngoại,",紅霞宛宛歌聲外，
Tảo phân ai ư tuyệt vực; đào nguyên khí ư hà hoang.,掃氛埃於絕域；陶元氣於遐荒。
Hu ta hồ trâu ngông.,于嗟乎，騶虞！
"Xuân thiên y trước vị quân vũ,",春天衣著為君舞，
Bất đãi đệ tam thanh.,不待第三聲。
"Cái sở chi chi thích đạo hề, lý hổ vĩ nhi sở năng vi thương.",蓋所之之適道兮履虎尾而所能為傷。
Quân vi ngã thủ hề nhạc vị hưu.,君為我守兮樂未休。
Đản ngã tự như hà?,诞我祀如何？
Thể vô cữu ngôn.,體無咎言。
Giáo ngã như hà thuyết.,教我如何說。
"Tự Nghiêu đăng bảo vị,",嗣堯登寶位，
"Nữ dã bất sảng,",女也不爽，
"Noãn nhật thường huyên, hựu thiêm cung ngữ.",暖日常暄，又添蛩語。
"Đại bang hữu tử,",大邦有子，
Hậu lai kiệt xuất vân tôn tỷ.,後來傑出雲孫比。
"Thủ trung tạo hoá diệu vô tích,",手中造化妙無蹟，
"Triêu phát Bạch Đế mộ Giang Lăng,",朝發白帝暮江陵，
"Thì bất đãi hề, như điện tật.",時不待兮，如電疾。
"Bạc thảo mỹ mỹ, liên duyên yêu yêu.",薄草靡靡，聯延夭夭。
"Tú vũ hàm hoa tha tự đắc,",繡羽銜花他自得，
"Tiện vạn vật chi đắc thời, cảm ngô sinh chi hành hưu.",羨萬物之得時，感吾生之行休。
"Thất nguyệt thất nhật Trường Sinh điện,",七月七日長生殿，
Hổ Nha đồng trụ giai khuynh trắc.,虎牙銅柱皆傾側。
"Dong ngoan bão thuỷ hàm mãn thần,",傭刓抱水含滿辰，
"Liễn lộ sinh thu thảo,",輦路生秋草，
"Thượng Lâm hồng nhạn thư trung hận,",上林鴻雁書中恨，
"Thần vãng đông cao,",晨往東臯，
Thử bối trữ trục mao tì không.,此輩杼軸茅茨空。
Tha nga quái thạch cao đê thụ.,嵯峨怪石高低樹。
"Nhân chi vô lương,",人之無良，
Giao long bàn noa nhụ quật cưỡng.,蛟龍盤拏肉屈強。
"Khả liên hoa thượng nguyệt,",可憐花上月，
Hà xứ bất vi gia!,何處不為家。
Hà dĩ tặng chi?,何以贈之？
"Thiên phong vạn phong đồng nhất phong,",千峰萬峰同一峰，
"Tuy đắc ẩm thực,",雖得飲食，
Sơn thế tận dữ giang lưu đông.,山勢盡與江流東。
"Dã vô nhân hề thu thảo lục,",野無人兮秋草綠，
"Các hữu Văn Cơ tài trĩ xỉ,",各有文姬才稚齒，
"Tuý hậu bất năng ngữ,",醉後不能語，
Bất như hữu sinh.,不如友生。
Ngũ nguyệt phảng phật văn hàn thiền.,五月仿佛聞寒蟬。
"Bát nguyệt đoạn hồ,",八月斷壺，
Văn lang xứ xứ kinh qua hảo.,聞郎處處經過好。
"Siểm khúc tham sân đoạ địa ngục,",諂曲貪嗔墮地獄，
"Giang thượng niên niên xuân thảo tân,",江上年年春草新，
Đệ nhất quận công chi sinh từ.,第一郡公之生祠。
"Tuân đại lộ hề,",遵大路兮，
Hà cánh mịch nê hoàn.,何更覓泥洹。
"Hà đương kim lạc não,",何當金絡腦，
Vu đậu vu đăng.,于豆于登。
Y nhãn hà vi kim tiết quí.,醫眼何為金屑貴。
Vãng vãng thuyết Nguyên Phong.,往往說元豐。
"Vương mệnh Trọng Sơn Phủ,",王命仲山甫，
"Tiện quân hữu tửu năng tiện tuý,",羨君有酒能便醉，
Chưng nhiên lai tư.,烝然來思。
Hà sở hạ hàn?,何所夏寒？
Thời vô bối vô trắc;,時無背無側；
"Song ngoại tam canh vũ,",窓外三更雨，
Hữu tự Tróc Nguyệt tiên.,有似捉月仙。
Tuý toạ tiếu khán khán bất túc.,醉坐笑看看不足。
"Thiên thời nhân sự lưỡng bất tề,",天時人事兩不齊，
"Thủ thân cước trực lưỡng nhãn hoang,",手伸脚直兩眼慌，
"Thanh trọc tề quân,",清濁齊均，
"Phương vật trân kỳ tuế cống thâu,",方物珍奇歲貢輸，
"Đàm sắc phù xuân không,",潭色浮春空，
"Cận lai hải nội vi trường cú,",近來海內為長句，
Hải vũ khánh hồng lưu chi thuỵ; tung hô đằng điện nhiễu chi hoan.,海宇慶虹流之瑞；嵩呼騰電繞之驩。
"Khải đễ quân tử,",豈弟君子，
"Ngoan đà chiên vị, giao tích tung hoành.",黿鼉鱣鮪，交積縱橫。
Khán ngã hình dung dĩ khô cảo.,看我形容已枯槁。
"Vệ Thanh bất bại do thiên hạnh,",衛青不敗由天幸，
Ngã hựu hà ngôn?,我又何言？
Thuỳ luân kỷ niên dã?,垂綸幾年也。
Tiển khắc hữu chung.,鮮克有終。
Thử thời diệt chúc liễm thanh nga.,此時滅燭斂青娥。
"Thanh tại sơn nam ứng sơn bắc,",聲在山南應山北，
Khiên thường thiệp Trăn.,褰裳涉溱。
Thái thú đình nội bất huyên hô.,太守庭內不喧呼。
Bạch đại ương ương.,白旆中央，
Thích bỉ Tương Nguyên.,適彼湘沅。
Nhược toàn thể xứ thượng do thương hải chi nhất thược!,若全體處，尚猶滄海之一勺！
"Triều đình thiểu sự, giản thư hi,",朝廷少事簡書稀，
Hiển doãn Phương Thúc.,顯允方叔，
Trung tuyệt viên thằng dược phục thượng.,中絕援繩躍復上。
Điển tiền tương dụng mãi tửu khiết.,典錢將用買酒喫。
"Nam phi Việt điểu, bắc phi hồng,",南飛越鳥北飛鴻，
Diệc phụ vu thiên.,亦傅于天。
"Kỳ lưu thị chưng,",騏騮是中，
Tiên sinh như đạt.,先生如達。
"Kỳ ngã hồ Tang Trung,",期我乎桑中，
Khổng lạc Hàn thổ.,孔樂韓土，
Ác phong tam nguyệt toạ Hoàng Hà.,惡風三月坐黃河。
Giới nhĩ cảnh phúc.,介爾景福。
Phi khứ mịch Quan Trung.,飛去覓關中。
Sơ nhật quang phân thượng hạ thiên.,初日光分上下天。
Giản tuyển soạn khắc lưu sơn a.,揀選撰刻留山阿。
"Giang Bắc, Giang Nam cạnh truyền tả,",江北江南競傳寫，
Nhập thế khiếp tương hình khí dịch.,入世怯將形氣役。
"Ưu tòng trung lai,",憂從中來，
Mạt lộ khốn anh hùng.,末路困英雄。
Dạ dạ giảm thanh huy.,夜夜減清輝。
Duy thị mã đề tri.,惟是馬蹄知。
"Tuyết tịnh giao tiêu lạc đao xích,",雪凈鮫綃落刀尺，
Tằng thị sa trường bách chiến nhân.,曾是沙塲百戰人。
"Tại sư nguyên khải,",在師元啟，
Đinh thượng bạch sa khan bất kiến.,汀上白沙看不見。
"Ta dư hiếu cổ sinh khổ vãn,",嗟予好古生苦晚，
Trì thượng phù dung lạc.,池上芙蓉落。
"Thái thái phù dĩ,",采采芣苡、
"Nhữ tuy đam lạc tòng,",女雖湛樂從，
"Ngã sở tư, đả hổ nhi.",我所思，打虎兒。
Hân quần tài chi lai tuỵ hề.,欣群才之來萃兮，
"Hà cố bất tại trung thư, điều đỉnh nhiệm Thương hành chi trọng;",何故不在中書，調鼎任商衡之重；
"Đông môn chi thiện,",東門之墠，
Hậu đế thị hưởng.,后帝是饗。
Trường bạn Tần Nga cái Tương thuỷ.,長伴秦娥蓋湘水。
"- “Nguyệt minh tinh hy, ô thước nam phi”, thử phi Tào Mạnh Đức chi thi hồ? Tây vọng Hạ Khẩu, đông vọng Vũ Xương; sơn xuyên tương mâu, uất hồ thương thương, thử phi Mạnh Đức chi khốn ư Chu Lang giả hồ? Phương kỳ phá Kinh Châu, há Giang Lăng, thuận lưu nhi đông dã, trục lô thiên lý, tinh kỳ tế không, si tửu Lâm giang, hoành sáo phú thi, cố nhất thế chi hùng dã, nhi kim an tại tai? Huống ngô dữ tử, ngư tiều ư giang chử chi thượng, lữ ngư hà nhi hữu mi lộc, giá nhất diệp chi biển chu, cử bào tôn dĩ tương chúc, ký phù du ư thiên địa, diểu thương hải chi nhất túc. Ai ngô sinh chi tu du, tiện Trường Giang chi vô cùng, hiệp phi tiên dĩ ngao du, bão minh nguyệt nhi trường chung. Tri bất khả hồ sậu đắc, thác di hưởng ư bi phong.",「月明星稀，烏鵲南飛，此非曹孟德之詩乎？西望夏口，東望武昌；山川相缪，鬱乎蒼蒼；此非孟德之困於周郎者乎？方其破荊州，下江陵，順流而東也，舳艫千里，旌旗蔽空，釃酒臨江，橫槊賦詩；固一世之雄也，而今安在哉？況吾與子，漁樵於江渚之上，侶魚蝦而友糜鹿，駕一葉之扁舟，舉匏樽以相屬；寄蜉蝣於天地，渺滄海之一粟。哀吾生之須臾，羨長江之無窮；挾飛仙以遨遊，抱明月而長終。知不可乎驟得，托遺響於悲風。」
"Học vấn bất cần,",學問不勤，
"Hành đạo trì trì,",行道遲遲，
Bàng hữu trường tùng nghĩa bất phụ.,傍有長松義不附。
Trừ quan đệ hỗ chưởng ty luân.,除官遞互掌絲綸。
Vu bỉ tân điền.,於彼新田，
"Nhân sinh kỳ gian, quý hồ thuận thích.",人生其間，貴乎順適。
Vân tuyết mai sơn thương huỷ hống.,雲雪埋山蒼兕吼。
"Tha nhân phú giả,",他人富者，
"Phẩm hoạ tiên thần vận,",品畫先神韻，
An hữu ngỗ giả.,安有忤者。
Như thị như thị.,如是如是。
Tranh nại võng la hiệt hiệt thường cao trương.,爭奈網羅纈纈常高張。
"Tướng quân hoạ thiện cái hữu thần,",將軍畫善蓋有神，
Nhi ân ưu thực khởi thánh chi cơ.,而殷憂實啟聖之基。
"Vạn lý thanh vân đắc ý đa,",萬里青雲得意多，
Túc dạ cơ mệnh hựu mật.,夙夜基命宥密。
Lạc lạc trượng phu hà nhĩ nhĩ.,落落丈夫何爾爾。
"Huống kim nhiếp hành đại tướng quyền,",況今攝行大將權，
Mục như thanh phong.,穆如清風。
Cửu thiên mạch mộc tân cam lộ.,九天霡霂新甘露。
Chủng tác hàn hoa ký sầu tuyệt?,種作寒花寄愁絕。
"Khởi duy thế thiểu khán hoa nhân,",豈唯世少看花人，
"Thần giám vô tư,",神監無私，
"Vạn biệt thiên sai sự,",萬別千差事，
Do năng ách đế kinh.,猶能扼帝京。
Thượng sĩ chi thiền.,上士之禪。
"Phùng Di minh cổ,",馮夷鳴鼓，
Bất khả vuống ti.,不可泳思。
Triêu đình túc vũ thần.,朝廷足武臣。
"Hữu nữ phỉ ly,",有女仳離，
"Đào hoa lý hoa tam nguyệt thiên,",桃花李花三月天，
"Ngã thả vi quân chuý toái Hoàng Hạc lâu,",我且為君捶碎黃鶴樓，
"Cổ lai thanh sử thuỳ bất kiến,",古來青史誰不見，
"Thương tâm bất nhẫn vấn kỳ cựu,",傷心不忍問耆舊，
"Hoặc mệnh cân xa, hoặc trạo cô chu.",或命巾車，或棹孤舟。
Trầm ngâm chí kim.,沉吟至今。
"Ngưu khốn, nhân cơ, nhật dĩ cao,",牛困人飢日已高，
"Hoàng hôn Hồ kỵ trần mãn thành,",黃昏胡騎塵滿城，
"Hữu tâm vô tướng,",有心無相，
Sương sương triêm y.,霜霜沾衣。
"Khẩn não hùng tư mê sở hướng,",緊腦雄姿迷所向，
"Xuân phong thả mạc định,",春風且莫定，
Muội chi hương hĩ.,沬之鄉矣。
Do vấn quân quy thị kỷ thì.,猶問君歸是幾時。
"Tích biệt liễu điều lục,",昔別柳條綠，
"Dị thái kỳ văn tương ẩn ánh,",異彩奇文相隱映，
Bồ bộc cứu chi.,匍匐救之。
"Nhĩ bạn đãn văn thiên kị tẩu,",耳畔但聞千騎走，
Lưu quang bất đãi nhân.,流光不待人。
"Lạc chỉ quân tử,",樂隻君子，
"Đăng kỳ phong hề vọng bạch vân,",登奇峰兮望白雲，
"Thiên khuyến phúc du quý niên thiếu,",偏勸腹腴愧年少，
"Trấp niên du tử bất đắc quy,",廿年遊子不得歸，
Du tử kỷ thời hoàn?,遊子幾時還。
"Hữu tửu doanh thương,",有酒盈觴，
Bất tử hà nga?,不死何為？
"Dục vọng Hoàng Sơn đạo,",欲望黃山道，
Bệnh lai chi hậu thuỷ cầu y.,病來之後始求醫。
Tri thị Lỗ không doanh.,知是虜空營。
"Dục tri hoa đảo xứ,",欲知花島處，
"Dĩ kiến tùng bách tồi vi tân,",已見松柏摧為薪，
"Mạc đạo nho quan ngộ,",莫道儒冠誤，
Dục quy bất quy tại lang túc.,欲歸不歸在郎足。
Thượng thận chiên tai!,上慎旃哉！
Nam nhi thất xích tung phục hoành.,男兒七尺縱復橫，
"Sính vọng đăng hương các,",騁望登香閣，
"Bạch vân toả thụ chỉ du phần, không chúc hệ thư chi nhạn.",白雲鎖樹指楡枌，空囑繫書之雁。
Kim nhật tống quân du.,今日送君遊。
Kim lai uyển tự quy.,今來宛似歸。
"Lạn hề nhược liệt tinh, tằng bất khả đàn hình.",爛兮若列星，曾不可殫形。
"Thành hạ không địa đa thảo sinh,",城下空地多草生，
"Âm dẫn ốc tụ,",陰靷鋈續，
Tại bỉ hà trắc.,在彼河側。
Hầu môn ca vũ xuất như hoa.,侯門歌舞出如花。
"Vị lang bạch trữ tài xuân y,",為郎白苧裁春衣，
"Dã thương phù Trịnh chước,",野觴浮鄭酌，
"Lang yên tức ư tam thuỳ, nhân phong tường hồ bát hoành.",狼煙息於三陲，仁風翔乎八紘。
Vi ngã phất cố.,微我弗顧！
Oát duy yên hệ?,斡維焉繫？
"Mã thanh hồi hợp thanh vân ngoại,",馬聲回合青雲外，
"Tâm giảo Tỷ Can đa nhất khiếu,",心較比干多一竅，
Thượng lâu hạ nữu viên đoàn đoàn.,上摟下扭圓團團。
"Tín tiêu mai chi tận lạc,",信標梅之盡落，
Y quan tập Hán đô.,衣冠集漢都。
"Lỗ đạo hữu đãng,",魯道有蕩，
Chỉ hữu niên niên hồng nhạn phi.,只有年年鴻雁飛。
"Thị Kiều chi băng đê hội nghĩ,",市橋之崩堤潰蟻，
Tĩnh trung tâm dị động,靜中心易動，
"Địa linh bộ bộ Tuyết sơn thảo,",地靈步步雪山草，
Kinh hàn nhạn trận cao.,驚寒雁陣高。
"Thuỳ năng cánh sứ Lý khinh xa,",誰能更使李輕車，
"Anh đào thục thời lang bất quy,",櫻桃熟時郎不歸，
"Tư vô tà,",思無邪，
"Dư thủ cát cư,",予手拮据、
Cử tửu dục ẩm vô quản huyền.,舉酒欲飲無管弦。
Ỷ lung yến nhập Chiêu Dương điện.,綺櫳燕入昭陽殿。
Ký quân thiên lý dao tương ức.,寄君千里遙相憶。
"Dung hoa dịch suy,",容華易衰，
Hồng phong dựng tuý.,鴻峰孕粹。
"Dưỡng kê túng kê thực,",養雞縱雞食，
Cao lãng lệnh chung.,高朗令終。
Vô phục xạ giao giang thuỷ trung.,無復射蛟江水中。
Nhất vi ca hành ca chủ khách.,一為歌行歌主客。
Hàm thuý ẩn minh thiền.,含翠隱鳴蟬。
"Nhất thất hột thảo nhất thất tê,",一匹齕草一匹嘶，
Tổng thống bang vực.,總統邦域。
"Nhất ngôn bất tín,",一言不信，
Hương dân hợp lực cường đồ tồi.,鄉民合力強徒摧。
"Vu sơn Vu giáp liên Tam Ba,",巫山巫峽連三巴，
"Nguyện tuỳ Việt điểu,",願隨越鳥，
Lưu khâm nhất động quân.,流襟一動君。
"Thụ phúc vô cương,",受福無疆，
"Tiêu liêu chi thực,",椒聊之實，
"Tái khu phách phách,",載驅薄薄，
Lộ xa hữu hất.,路車有奭，
"Đương nhật gian du giai đảm lạc,",當日奸諛皆膽落，
"Lương mã ký nhàn,",良馬既閑，
"Tần Hoài tửu gia lai bạc thuyền,",秦淮酒家來泊船，
Tài thành Chức Nữ sơ.,裁成織女梳。
"Bỉ mỹ thục cơ,",彼美淑姬，
"Đế viết: “Nhữ độ công đệ nhất,",帝曰汝度功第一，
"Phụ mẫu hậu thật,",父母厚實，
Hiếu Vũ Tần hoàng thính bất đắc.,孝武秦皇聽不得。
"Thích chi sưu sưu,",釋之叟叟，
Bất miễn cơ hàn thị khả sỉ.,不免饑寒是可恥。
Vị giải khiêu văn giá bất đắc.,爲解挑紋嫁不得。
Dữ ngã dĩ thành nhi bệnh kỳ hình.,與我以成而病其形。
"Mạn truyền cung lạp tiên gia sự,",漫傳筇笠仙家事，
"Nhân hậu ngộ hậu,",仁厚遇厚，
"Giang hà thu lạo tự niên niên,",江河秋潦自年年，
"Diểu diểu hề ư hoài,",渺渺兮於懷，
Đối thử hứng dữ tinh linh tụ.,對此興與精靈聚。
"Hoa sự lan san xuân dĩ hĩ,",花事闌珊春已矣，
"Đông tây nam bắc bách lý gian,",東西南北百里間，
"Ngô hoạch hất cổ,",吳獲迄古，
"Khứ niên trung sứ tuyên khẩu sắc,",去年中使宣口敕，
Ẩm thử tửu hỹ.,飲此湑矣。
"Nhục vị bất túc đăng đỉnh trở,",肉味不足登鼎俎，
"Như điêu như đường,",如蜩如螗，
Uyển kiến thái cổ tâm.,宛見太古心。
Tài la hựu quýnh quýnh.,裁羅又褧褧。
"Tảo cung đề phục yết,",早蛩啼復歇，
Phần Âm Hậu Thổ thân tế tự.,汾陰后土親祭祀。
"Lục thất niên gian,",六七年間，
"Trường hà lãng đầu liên thiên hắc,",長河浪頭連天黑，
"Lạc hoa như hữu ý,",落花如有意，
Tuyền Nguyên tại tả.,泉源在左。
"Lưỡng mộc trác lập thế quật cường,",兩木卓立勢倔彊，
"Thì nguy an đắc chân trí thử,",時危安得真致此，
Viễn hành bất lao cát nhật xuất.,遠行不勞吉日出。
Định Thân Bá chi trạch.,定申伯之宅。
"Thế gian thuỳ thị chân nam tử,",世間誰是真男子，
Bích kê đề lạc thiên thượng tinh.,碧雞啼落天上星。
Hồ chuyển dư vu tuất?,胡轉予于恤、
"Thiên hạ hà lự phục hà tư,",天下何慮復何思，
"Côn Sơn ngọc toái, phụng hoàng khiếu,",昆山玉碎鳳凰叫，
"Nam sơn hữu khỉ,",南山有杞，
Kiếp khôi phi tận cổ kim bình.,劫灰飛盡古今平。
Hoa tiền chước tửu xướng cao ca.,花前酌酒唱高歌。
Mộ thanh long long thôi nguyệt xuất.,暮聲隆隆催月出。
Tâm hải vô độ thuyền.,心海無渡船。
"Thủ dịch tàn đăng thủ đao xích,",手剔殘燈取刀尺，
"Phương thảo sạ nghi ca phiến lục,",芳草乍疑歌扇綠，
"Hạo thiên khổng chiêu,",昊天孔昭，
Quân bất kiến:,君不見：
"Ngã sinh chi sơ,",我生之初，
"Xa triệt mã tích,",車轍馬跡，
"Khởi tri khu xa phục đồng quỹ,",豈知驅車復同軌，
"Thanh Hoài phụng sứ thiên dư lý,",清淮奉使千餘里，
"Lân lân cố thành luỹ,",嶙嶙故城壘，
Ô hàm chỉ tiền quải khô thụ.,烏啣紙錢挂枯樹。
Giang thạch khuyết liệt thanh phong tồi.,江石缺裂青楓摧。
"Quan giả như sơn sắc trở táng,",觀者如山色沮喪，
Minh minh thường tự tại.,明明常自在。
Ô xan sái tảo!,於粲灑埽，
Khẩu vô tà thuyết.,口無邪說。
Khẩu tuy ngâm vịnh tâm trung ai.,口雖吟詠心中哀。
"Ô luân cổ chung,",於論鼓鐘，
"Điền phu phao ương điền phụ tiếp,",田夫拋秧田婦接，
"Sa song tịch mịch mai hàm tuyết,",紗窗寂寞梅酣雪，
Thiên ba vạn lãng trung.,千波萬浪中。
"Hốt phùng Giang thuỷ ức Giao Hà,",忽逢江水憶交河，
"Ty mấn liêu thiên cảm phượng sinh,",絲鬢寥天感鳳笙，
"Thiếu văn kê thanh miên,",少聞雞聲眠，
Tiêu nhiên như thử trúc.,蕭然如此竹。
"Khê thuỷ trường hàm u thảo phương,",溪水長涵幽草芳，
"Di khước san hô tiên,",遺卻珊瑚鞭，
"Bắc từ thiên kim,",北辭千金，
Tại bỉ khỉ cức.,在彼杞棘。
"Ngọc Kinh quần đế tập Bắc Đẩu,",玉京群帝集北斗，
"Toạ nhi giả mị, tư niệm kỳ cố. Nhược hữu cáo dư giả, viết: “Nhữ vi đa học nhi thức chi, vọng đạo nhi vị kiến dã, bất nhất ư nhữ nhi nhị ư vật, cố nhất thử chi ngão nhi vi chi biến dã. Nhân năng toái thiên kim chi bích nhi bất năng vô thất thanh ư phá phủ, năng bác mãnh hổ bất năng vô biến sắc ư phong sái, thử bất nhất chi hoạn dã. Ngôn xuất ư nhữ nhi vong chi da!” Dư miễn nhi tiếu, ngưỡng nhi giác. Sử đồng tử chấp bút, ký dư chi tác.",坐而假寐，私念其故。若有告余者，曰：『汝為多學而識之，望道而未見也，不一於汝而二於物，故一鼠之嚙而為之變也。人能碎千金之璧而不能無失聲於破釜，能搏猛虎不能無變色於蜂蠆，此不一之患也。言出於汝而忘之耶！』余俛而笑，仰而覺。使童子執筆，記余之作。
"Đông gia tân phụ khuynh thành tư,",東家新婦傾城姿，
"Sương trọng lân giao kình,",霜重麟膠勁，
Giang hoa thoát vãn hồng.,江花脫晚紅。
Tam canh tuyết áp Phi Hồ thành.,三更雪壓飛狐城。
"Hoạ thuyền xuy địch lộng Lục Thuỷ,",畫船吹笛弄綠水，
"Bất như Thúc dã,",不如叔也，
Hà thuỷ thanh thả trực y!,河水清且直猗。
Như hà tân dư?,如何新畬？
"Vương nãi thừa ngọc dư, tứ thảng ly, thuỳ lưu tinh, bái hợp hài.",王乃乘玉輿，駟倉螭，垂旒旌，旆合諧。
Ngũ Lão chư phong tháp tình hạo.,五老諸峰插晴昊。
Nhất tiếu tái tiếu dương thanh âu.,一笑再笑揚清謳。
Dĩ chí nhân nhi dị cường bạo.,以至仁而易彊暴。
Dã kham ôn bổ bất kham công.,也堪溫補不堪攻。
Ngưỡng ngô đạo hề trùng hy.,仰吾道兮重熙。
Chí điểu cử cách liên thanh vân.,鷙鳥舉翮連青雲。
Vị hữu ám hương lai.,為有暗香來。
"Ngô quan chư Khảm,",吾觀諸坎，
Ngạc bất vĩ vĩ?,鄂不韡韡。
"Ly điểu tịch túc,",離鳥夕宿，
Tiệp lang nhân khứ đài không lục.,屧廊人去苔空綠。
"Tứ mẫu quỳ quỳ,",四牡騤騤，
"Phiên phiên kỳ tâm,",翩翩其心，
Hán chi quảng hĩ!,漢之廣矣、
Xích kê bạch cẩu đổ lê lật.,赤雞白狗賭梨栗。
"Thanh hải uông dương thuý đại tòng,",青海汪洋翠岱從，
"Ngọc trợ thanh nga khổ giam oán,",玉箸青娥苦緘怨，
"Tráng thần kinh chi vĩ vọng, tủng vũ nội chi quan chiêm.",壯神京之偉望，聳宇內之觀瞻。
"Thử động chân chính hảo,",此洞真正好，
Thiên chi dũ dân,天之牖民，
Hạt ấm tự chi?,曷飲食之？
Mạc giao chi thượng đề.,莫教枝上啼。
Khả liên thân thượng y chính đan.,可憐身上衣正單，
"Quân tử vạn niên,",君子萬年，
"Lạp nhật bất quy đối thê nô,",臘日不歸對妻孥，
"Kinh sư tác huân,",荊師作勳，
"Nhất hộc minh châu vạn hộc sầu,",一斛明珠萬斛愁，
"Do chi vị viễn,",猶之未遠，
"Tam canh thu ý khổ,",三更秋意苦，
"Tể tể bích vương,",濟濟辟王，
Viết sát cao dương.,曰殺羔羊。
Bi thành bất tự do.,悲成不自由。
"Cửu châu binh cách hạo mang mang,",九州兵革浩茫茫，
"Thương tâm Dữu khai phủ,",傷心庾開府，
Tốt nhiên thân sát.,卒然身殺。
"Chúng tinh lạc lạc tận củng bắc,",眾星落落盡拱北，
A Man cao nghĩa cổ kim vô.,阿瞞高義古今無。
"Thuỳ dữ ngã thệ hề, ngô thuỳ dữ tòng?",誰與我逝兮，吾誰與從？
Thiên địa chi sở bất dung.,天地之所不容。
"Hành nhân điêu đẩu phong sa ám,",行人刁斗風沙暗，
Thần tung dục phúc nan vi công.,神縱欲福難為功。
"Liễn tiền tài nhân đới cung tiễn,",輦前才人帶弓箭，
"Sầu tâm tự xuân thuỷ,",愁心似春水，
"Hồi thuyền thướng mã các quy khứ,",回船上馬各歸去，
Bảo áp vi huân thấu ngân diệp.,寶鴨微熏透銀葉。
"Thực hàm tư hoạt,",實函斯活，
"Xa phu ký đồng,",射夫既同，
"Dạ vũ cương đầu thực trăn tử,",夜雨岡頭食榛子，
"Hoạ phúc tuần hoàn ỷ hoàn phục,",禍福循環倚還伏，
Xã tắc công cao.,社稷功高。
Sảng hĩ kỳ bi.,愴矣其悲。
"Cô bồ lãng thâm mê bạch trữ,",菰蒲浪深迷白紵，
Lưu Cung chi kế quỷ.,劉龔之計詭。
"Nhất quốc anh hào, thu thụ vẫn sương.",一國英豪，秋樹隕霜。
"Hằng bỉnh quý đức,",恆秉季德，
"Ký kiến quân tử,",既見君子，
Ngân hải dao quang cánh thanh triệt.,銀海搖光更清徹。
"Giai nhân bất tại,",佳人不在，
Kỳ quán kỳ lệ.,其灌其栵。
Ái thân vô đẳng nhàn.,愛親無等閒。
Mạc dao xạ nhạn minh tang cung.,莫徭射雁鳴桑弓。
"Chí u bất nhân thử ngư long,",至幽不仁此魚龍，
Nhất phái không minh hỗ hồi đãng.,一派空明互回蕩。
"Ôn ôn cung nhân,",温温恭人，
"Triệu công ngọc lập cao ca khởi,",趙公玉立高歌起，
Phú quý công danh yên túc đồ.,富貴功名焉足圖。
"Thụ lý Hoàng Hà nhiễu tái trường,",樹裡黃河繞塞長，
"Thủ tỷ bất viễn,",取譬不遠，
Nhậm thuận nhậm nghịch.,任順任逆。
Canh biến thiên niên như tẩu mã.,更變千年如走馬。
Thử địa tức bình thiên,此地即平天。
Thiên thu vị nhất nhân.,千秋為一人。
Hoa gian tương kiến nhân tương vấn.,花間相見因相問。
"Nguy sự phi kinh nhất,",危事非經一，
"Dục vấn đương niên sự,",欲問當年事，
Tri quá nhi cải.,知過而改。
Kim bích hộ dũ hồng huy khởi.,金碧戶牖紅暉起。
Hồ cừu bất noãn cẩm khâm bạc.,狐裘不煖錦衾薄。
"Tích tuyết phi sương thử dạ hàn,",積雪飛霜此夜寒，
"Ngật ta khuy xứ nguyên vô ngại,",吃些虧處原無礙，
"Hoàng thiên năng sinh diệc năng tử,",皇天能生亦能死，
"Vương lữ toàn hề bối cố hương,",王旅旋兮背故鄉，
Hồi thuyền bãi tửu thướng mã qui.,回船罷酒上馬歸。
"Vân Am dĩ tác bạch tháp tân,",雲庵已作白塔新，
Phong lý thính tùng thanh.,風裏聽松聲。
"Nguyệt quang tẩm thuỷ thuỷ tẩm thiên,",月光浸水水浸天，
Đối thử thế lệ song bàng đà.,對此涕淚雙滂沱。
Dĩ ngao dĩ du.,以敖以遊。
"Tối khổ tây phi song yến tử,",最苦西飛雙燕子，
"Đầu chi dĩ nhục hoắc nhiên khởi,",投之以肉霍然起，
Hoa tín minh triêu nhị thập tứ.,花信明朝二十四。
"Cức hạ phương toàn chấn diệp phong,",亟夏方旋振葉風，
"Đông đông hà xứ thành biên cổ,",鼕鼕何處城邊鼓，
Nại dĩ:,奈以：
"Xả nhĩ giới địch,",舍爾介狄，
"Hoảng bàn xan nhi trí bích,",洸盤餐而寘璧，
Hữu tửu mạc phụ lưu ly chung.,有酒莫負琉璃鍾。
Bất đãi cổ thanh quần tác khí.,不待鼓聲群作氣。
Khuất Giả tại nhãn nguyên lịch lịch.,屈賈在眼元歷歷。
Duật tu quyết đức.,聿修厥德。
Tự hoàng kế thánh đăng Quỳ Cao.,嗣皇繼聖登夔皋。
Viết dư vị hữu thất gia.,曰予未有室家。
"Giá thuỷ tinh hề vi cung,",架水晶兮為宮，
"Duy hữu xuân phong tối tương tích,",惟有春風最相惜，
"Thanh tất nhất thanh, thiên quan ảnh phụ.",清畢一聲，千官影附。
Hồ thượng giai nhân hiệp sắt ca.,湖上佳人挾瑟歌。
Dạ quy cấp tuyết mãn điêu cừu.,夜歸急雪滿貂裘。
"Bình minh lư hạng tảo hoa khai,",平明閭巷掃花開，
"Phạt mộc tranh tranh,",伐木丁丁。
"Đồng cung siêu hề,",彤弓弨兮，
"Vị kiến quân tử,",未見君子、
Phương Chính hư hát dĩ đỗng nghi.,方政虛喝以恫疑。
Cửu cù giáp đạo thu như thuỷ.,九衢夾道秋如水。
"Nhiễu lư thảo thụ lục thành hề,",繞廬草樹綠成蹊，
"Hoang thú chi thành thạch sắc cổ,",荒戍之城石色古，
Ngôn tiếu yến yến.,言笑晏晏。
"Khả liên thông mã sứ,",可憐驄馬使，
"Khách tuý miên vị khởi,",客醉眠未起，
"Thập niên đồng bạn lưỡng tam nhân,",十年同伴兩三人，
"Kiều kiều thác tân,",翹翹錯薪、
"Công quy bất phục,",公歸不復、
"Thị thuỳ chiêu thử đoạn trường hồn,",是誰招此斷腸魂？
"Phu tử chiến trường tử tại phúc,",夫死戰場子在腹，
Triết vương ư Bân.,哲王於豳。
"Hoặc tường thần chử,",或翔神渚，
"Ý Trọng Ni chi pháp thiên hề, hoạn tiền sử chi đảo trí.",懿仲尼之法天兮，患前史之倒置。
Ngọc giai sinh bạch lộ,玉階生白露，
Lạc hoa khởi tác hồi phong vũ.,落花起作回風舞。
Quân lưu Lạc bắc sầu mộng tư.,君留洛北愁夢思。
Vô nhân thu thập lý tắc na.,無人收拾理則那。
Hàn phong sưu sưu xuy nhật vãn.,寒風颼颼吹日晚。
Vu chiểu vu chỉ.,于沼于沚。
Kinh trăn táp tệ lư.,荊榛匝弊廬。
"Thỉ kỳ văn đức,",矢其文德，
"Điều kỳ túc hĩ,",條其嘯矣，
"Hoa lạc thù đa ý,",花落殊多意，
"Địa cựu niên tân nhân tiệm lão,",地舊年新人漸老，
Đông phong vạn cổ xuy.,東風萬古吹。
Xá thư thượng hữu thu thành công.,赦書尚有收城功。
"Phi kiên chấp nhuệ hề, cốt lật sa cương.",披肩執銳兮，骨慄沙崗。
"Cửu địa hà tu nhất ngoã quan,",九地何須一瓦棺，
Quy thị chỉ thượng hoàn trường hu.,歸視紙上還長吁。
Tằng tôn bất quật huyền tôn quật.,曾孫不掘玄孫掘。
"Ảnh sơn dữ cương,",景山與京。
"Ngư châu trục thuỷ ái sơn xuân,",漁舟逐水愛山春，
Cách diện tuy nhiên thiên địa gian.,隔面雖然天地間。
"Điện tảo Hoàng Cân định Hắc Sơn,",電掃黃巾定黑山，
"Giang bích điểu du bạch,",江碧鳥逾白，
"Kê sơn vô Hạ lão,",稽山無賀老，
"Sơn trung hữu quế hoa,",山中有桂花，
"Kỳ tri kỳ ế,",其菑其翳。
"Bạch vân diệt một xuân sơn bích,",白雲滅沒春山碧，
"Phong vân vị chi biến sắc,",風雲為之變色，
"Tiêm tiêm nữ thủ sinh động phòng,",纖纖女手生洞房，
"Minh tiên quá tửu tứ,",鳴鞭過酒肆，
Sinh Trọng Sơn Phủ.,生仲山甫。
"Yết can vi kỳ, manh lệ chi đồ tứ tập;",揭竿為旗，氓隸之徒四集
Thụ lập dục ngôn ngữ.,豎立欲言語。
"Mộ môn hữu mai,",墓門有梅，
"Vân bất khai hề nhật mạc vũ,",雲不開兮日莫雨，
Phất y từ thế huyên.,拂衣辭世喧。
Thi thành tiếu ngạo lăng thương châu.,詩成笑傲凌滄洲。
"Lưu bàn bình cao,",流磻平皋，
"Trì trì nhật khí ái,",遲遲日氣曖，
Hậu nhân ái chi tả vi đồ.,後人愛之寫為圖。
"Chủ nhân cẩm phàm tương vi khai,",主人錦帆相為開，
"Tòng phu bất từ hành lộ tu,",從夫不辭行路羞，
"Lục đê xuân thảo hợp,",綠堤春草合，
Giai trừ hôi tử thiêu đơn hoả.,階除灰死燒丹火。
Quân khứ Chiết Giang đông.,君去浙江東。
"Vô khứ vô lai,",無去無來，
"Phương giao hoa liễu biến,",芳郊花柳遍，
Lăng ca mạn mạn thanh.,菱歌慢慢聲。
"Kim thạch do năng động,",金石猶能動，
Thất miếu kinh niên bất thân tiến.,七廟經年不親薦。
Thuỳ điệu nghiên trang hồi thuý nga.,誰調妍妝回翠娥。
Diệc tại xa hạ.,亦在車下。
Thiên thu hoạ bản tư Nghê Vu.,千秋畫本思倪迂。
Bi yết hà thời hưu.,悲咽何時休。
Khúc kính tiếp Thiên Thai chi lộ.,曲徑接天台之路。
"Phát chư thanh mạo,",發諸聲貌，
Tận nhật quân vương khan bất túc.,盡日君王看不足。
Vi diệc cương chỉ.,薇亦剛止。
"Cố huề di tuệ dĩ đãng tận,",故畦遺穗已蕩盡，
Tử viết hà kỳ?,子曰何其？」
"Tư vô cương,",思無疆，
Thị nhân hành tận dã nhân hành.,市人行盡野人行。
Ô hô!,嗚呼：
Sự thù hứng cực ưu tư tập.,事殊興極懮思集。
Năng tham tạo hoá quyền.,能參造化權。
"Hải khí quyển sơn, sơn như chỉ,",海氣捲山山如指，
Bội ngọc minh loan.,佩玉鳴鸞。
"Thu lan thần huệ, giang ly tải tinh.",秋蘭茞蕙，江離載菁。
"Tiền giả đồ trung nhất tương kiến,",前者途中一相見，
Phụng nghinh chí tôn đạo loan dư.,奉迎至尊導鸞輿。
"Vật kỳ đa hỹ,",物其多矣，
"Tiêu Tương, Động Đình, bạch tuyết trung.",瀟湘洞庭白雪中。
"Vạn mục tự sinh thính,",萬牧自生聽，
Cái đào chú chi do mệnh;,蓋陶鑄之由命；
Quân kim bất tuý tương yên vi.,君今不醉將焉為。
Thử dư sinh chi trường cần; xí tiền tu nhi kỷ hậu.,此予生之長勤；企前羞而己後。
Bạc mộ hỗn tuỳ tái vũ hồi.,薄暮渾隨塞雨回。
Vân hà nhi phùng?,云何而逢？
"Túng hữu thị kiếm hề, tương yên dụng bỉ!",縱有是劍兮，將焉用彼。
"Nam Sơn tiệt trúc vi tất lật,",南山截竹為觱篥，
Tể tướng kiến chi giai duyệt tòng.,宰相見之皆悅從。
"Lý An, Phương Chính giả tức dĩ thâu sinh.",李安方政假息以偷生。
"Trưng chi ngô ấp,",徵之吾邑，
"Hữu mỹ nhất nhân,",有美一人，
Tân niên cải cố niên.,新年改故年。
Thập hạo đãng chi hải nguyệt.,拾浩蕩之海月。
"Nhất xuân ngư nhạn âm thư tuyệt,",一春魚雁音書絕，
"Giang thuỷ đạm ư tăng nhãn bích,",江水淡於僧眼碧，
Kiến nhân bạch cốt phương hàm bôi.,見人白骨方銜杯。
Qua ly thị sâm.,騧驪是驂。
"Phí thuý hiếp dực nhi lai tuỵ hề, loan phụng tường nhi bắc nam.",翡翠脅翼而來萃兮，鸞鳳翔而北南。
"Sĩ tu ư gia,",士修於家，
"Kỳ thuỷ tại hữu,",淇水在右，
Cố nhân tại hà xứ.,故人在何處。
"Cẩm bào tú phục nguyệt trung minh,",錦袍繡箙月中明，
Chiêm ngôn bách lí;,瞻言百里；
"Hung phì lưỡng nhạc hoành nan ky,",胸腓兩岳橫難羈，
"Khả liên cẩm sắt tranh tì bà,",可憐錦瑟箏琵琶，
"Đăng xa thướng mã,",登車上馬，
"Tâm chi ưu hĩ,",心之憂矣，
"Nhi nữ sàng đầu phục cổ giốc,",兒女床頭伏鼓角，
"Dạ lai tiểu vũ nhuận thiên nhai,",夜來小雨潤天街，
"Quynh quynh mẫu mã,",駉駉牡馬，
Phiêu nhiên chu tự nhập hư không.,飄然舟似入虛空。
"Vũ trung bách thảo thu lạn tử,",雨中百草秋爛死，
Mạch mạch vạn trùng tâm.,脈脈萬重心。
Khiên lai tả hữu thần giai tủng.,牽來左右神皆竦。
Vạn lý cầm thú giai già la.,萬里禽獸皆遮羅。
"Bồng ảnh toàn già giáp khẩu yên,",篷影全遮硤口煙，
"Quốc sơ dĩ lai hoạ yên mã,",國初已來畫鞍馬，
"Khâm trù lạc xứ vô di hạ,",衾裯樂處無夷夏，
"Chi tử vu quy,",之子于歸、
"Toàn gia bạch cốt thành hôi thổ,",全家白骨成灰土，
Thiếp thân tuy tồn như trú chúc.,妾身雖存如晝燭。
"Xuy hoa tuỳ thuỷ khứ,",吹花隨水去，
Hồ bất quy?,胡不歸？
Há quy vô cực chung nam hắc.,下歸無極終南黑。
"Đỗ Gia chi xâm địa tranh tiện,",杜家之侵地爭便，
"Mãi ngư cô tửu thiêu dã địch,",買魚沽酒燒野荻，
"Minh minh tại hạ,",明明在下，
"Ức khánh khống ký,",抑磬控忌，
Hiến vu công sở.,獻于公所。
"Mễ điên điên bút lạc song ngoại,",米顛顛筆落窗外，
"Tứ phương thượng hạ đồng nhất vân,",四方上下同一雲，
"Tề tử quy chỉ,",齊子歸止，
Kê phì nãi phanh chi.,雞肥乃烹之。
"Hữu vi, vô vi tùng thử xuất,",有為無為從此出，
Tử tắc đồng huật.,死則同穴。
Dĩ quan thương hải.,以觀滄海。
"La vi tống thượng thất hương xa,",羅幃送上七香車，
"Thanh sơn vạn lý tĩnh tán địa,",青山萬里靜散地，
Ta ta tạo vật hề dĩ ngã vi sinh?,嗟嗟造物奚以我為生？
Nhược ngụ mị chi hủ hủ?,若寤寐之栩栩？
Đoản đoản thanh sam dục thượng trần,短短青衫欲上塵。
"Viện lạc trầm trầm hiểu,",院落沉沉曉，
Hành vi bản lĩnh nghiệp vi tiên.,行為本領業為先。
"Dạ phát mãnh sĩ tam thiên nhân,",夜發猛士三千人，
"Nhất nhật chi nội, nhất cung chi gian, nhi khí hậu bất tề.",一日之內、一宮之間、而氣候不齊。
"Hách hách Nam Trọng,",赫赫南仲，
Liêu khả dữ ngu.,聊可與娛。
Bất năng phấn phi.,不能奮飛。
"Tễ ngọc hộ dĩ hám kim phô hề, thanh tăng hoành nhi tự chung âm.",擠玉戶以撼金鋪兮，聲噌吰而似鍾音。
"Yêu yêu thảo trùng,",喓喓草蟲，
Tuỳ phong chiếu nhật nghi khinh cử.,隨風照日宜輕舉。
Thả dữ vân sơn vị tằng thức.,且與雲山未曾識。
Duyệt địch nữ mỹ.,說懌女美。
Như lư tại phiến.,茹藘在阪。
Nhất khẩu kinh trương vạn khoa hoạ.,一口惊張萬夸和。
"Giáng phúc giản giản,",降福簡簡，
Thanh dương uyển hề.,清揚婉兮。
"Thán bỉ u thê tái điển tịch,",歎彼幽棲載典籍，
"“Thi vân”, “Tử viết” trù.",詩云子曰儔。
Thâm lâm phong thảo giai vô sắc.,深林風草皆無色。
"Nhân cơ xứ xứ quy nhĩ nhục,",人飢處處規爾肉，
Húc khí vị tằng chí,旭氣未曾至，
Cảm thì uất uất khuông quân lược.,感時鬱鬱匡君略。
Du du hồ thượng lai.,悠悠湖上來。
"Điệp cổ dao phiên Hãn Hải ba,",疊鼓遙翻瀚海波，
"Tuy hành cố hương mạch,",雖行故鄉陌，
Thê lương chẩm thượng hồn điên đảo.,淒涼枕上魂顛倒。
"“Ngã diệc thời thường tố hảo quan,",我亦時常做好官，
"Lập trung thiên chi hoa quan hề,",立中天之華觀兮，
Giảo tước nhân nhục cam như di!,咬嚼人肉甘如飴。
Thực vi văn hiến chi bang.,實為文獻之邦。
Bắc phong xuy sa tuyết phân phân.,北風吹沙雪紛紛。
"Xã tắc dĩ chi điện an,",社稷以之奠安，
Bá quyết bách cốc.,播厥百穀。
Độc thướng dịch nam lâu.,獨上驛南樓。
"Hồng phấn chiếu lục thuỷ,",紅粉照綠水，
"Tự viết: Tích Thương Hiệt sáng nghiệp, hàn mặc tác dụng, thư khế hưng yên. Phù chế tác thượng thánh tắc hiến giả, mạc tiên hồ bút. Tường nguyên kỳ sở do, cứu sát kỳ thành công, thước hồ hoán hồ, phất khả thượng hỹ.",序曰：昔蒼頡創業，翰墨作用，書契興焉。夫制作上聖則憲者，莫先乎筆。詳原其所由，究察其成功，鑠乎煥乎，弗可尚矣。
"Cử đầu vấn minh nguyệt,",舉頭問明月，
"Đông tùng bát hành sơ thả hàn,",東叢八莖疏且寒，
Lương thương lý chính xao môn lai.,踉蹌里正敲門來。
"Không viên thức chủ tâm,",空園識主心。
"Phiên thân hà giới tuỳ nhạn hàng,",翻身荷械隨雁行，
Minh già loạn động Thiên Sơn nguyệt.,鳴笳亂動天山月。
Tầm phục nhất không trục dữ trữ.,尋復一空軸與杼。
Bất tá nhất chi thê.,不借一枝棲。
"Cảm quân ý khí vô sở tích,",感君意氣無所惜，
"Nhân chi vi nghiên,",人之為言，
"Diên niên bất tử,",延年不死，
"Đãn khủng tru cầu bất cải triệt,",但恐誅求不改轍，
"Nhật chiếu hồng nghê tự,",日照虹霓似，
Khẩu bi bất san.,口碑不刊。
"Phong chiết điệp chi hội biến tướng,",風折疊之繪變相，
"Tiêu lang há bút độc bức chân,",蕭郎下筆獨逼真，
Thôn thanh do thảo đăng tiền sớ;,吞聲猶草燈前疏；
"Viên trung mạc chủng thụ,",園中莫種樹，
"Lục diễm nhàn thả tĩnh,",綠艷閒且靜，
"Chí nhược Tây Bá xuất liệp ư bỉ chi cương, thức kỳ hiền triết, đồng tải dĩ trang, suy Thượng phủ dĩ mệnh danh, cầu thị ngã ư chu hàng. Duy lương bỉ chi vũ thần, viết ngã Chu chi thị đương. Nãi đồng tâm nhi hiệp đức, cung thiên phạt nhi túc tương, chí tiền đồ chi đảo qua, lượng nhất phạt nhi khắc Thương. Viên sùng đức nhi báo công, tỷ Chu tộ chi ích xương. Y! thiên mệnh chi như thử, khỉ phi thiên tích ngọc hoàng nhi thị quyết tường giả hồ?",至若西伯出獵於彼之疆，識其賢哲，同載以裝，推上父以命名，求示我於周行。唯涼彼之武臣，曰我周之是當。乃同心而協德，恭天伐而肅將，至前徒之倒戈，諒一伐而克商。爰崇德而報功，俾周祚之益昌。噫！天命之如此，豈非天錫玉璜而示厥祥者乎？
Chủng đào tân khổ cầu trường niên.,种桃辛苦求長年。
"Tự căng Hồ lưu kỳ tuyệt đại,",自矜胡騮奇絕代，
"Duy hữu mẫu đơn chân quốc sắc,",惟有牡丹真國色，
Quyền quyền nhất cú.,拳拳一句。
"Đông phong viên lâm hoa thảo hương,",東風園林花草香，
Tốt Động chi kình phong tồi nuy.,窣洞之勁風摧萎。
"Hữu ân hữu hà,",有駰有騢，
"Nguyệt hạ trầm ngâm cửu bất quy,",月下沉吟久不歸，
"Thần diệu độc số Giang Đô Vương,",神妙獨數江都王。
"Vạn sự tận phó hình hài ngoại,",萬事盡付形骸外，
Cự khẳng cảm khích đồ an a.,詎肯感激徒媕婀。
"Vi vi phong thốc lãng,",微微風簇浪，
"Sơn kế đương song mãn,",山髻當窗滿，
Giác tắc cự cự nhiên ngô dã.,覺則遽遽然吾也。
"Phong loan tuỳ xứ cải,",峰巒隨處改，
"Tứ bách tằng toàn lạc,",四百層全落，
Ta phù!,嗟夫！
"Phàm dâu hữu tang,",凡民有喪，
"Cổ Uyên Minh hề tố cầm,",鼓淵明兮素琴，
"Duy dương duy ngưu,",維羊維牛，
Tử phi ái liên chi quân tử gia!,子非愛蓮之君子耶！
Thất chủ thố mạc vô tinh quang.,失主錯莫無晶光。
Đới vân xa chi dung duệ.,戴雲車之容裔。
Hạ xa phỏng sát dân sang di.,下車訪察民瘡痍。
Ngân bình nhẫn đối không hầu ngữ.,銀屏忍對箜篌語。
"Thế bại hưu vân quý,",勢敗休云貴，
Bất kiến giang hồ hành lộ nan.,不見江湖行路難。
"Tam kính tựu hoang, tùng cúc do tồn.",三徑就荒，松菊猶存。
"Khuyển Nhung trực lai toạ ngự sàng,",犬戎直來坐禦床，
Hạ lũng dĩ thành thúc.,下壟已成束。
Nguyện vi minh kính phân kiều diện.,願為明鏡分嬌面。
Hồ địa thiên niên,胡地千年
"Pháp bản như vô pháp,",法本如無法，
Lai khứ Cửu Giang trắc.,來去九江側。
"Khứ niên tam nguyệt nhập châu trị,",去年三月入州治，
Ngã tư bất bí.,我思不閟。
Chu đạo uy trì;,周道倭遲。
Thư ngữ bất cố thức giả xuy.,齟齬不顧識者嗤。
"Dục trục Hoài hồ thượng,",欲逐淮湖上，
Nộ phong hám phá vạn hộc châu.,怒風撼破萬斛舟。
"Đãi khan thập ngũ lục,",待看十五六，
Thượng ức tiên hoàng dung trực thần.,尚憶先皇容直臣。
"Toạ trung hào khách Yên Triệu sản,",座中豪客燕趙產，
"Ngã văn tỳ bà dĩ thán tức,",我聞琵琶已歎息，
"Thị phi thành bại hề, nguyệt hà tâm.",是非成敗兮月何心，
"Định kiến bá nghiệp,",定建霸業，
Lưỡng sam như thủ.,兩驂如手。
Lạc nhứ khinh niêm phốc tú liêm.,落絮輕粘扑繡帘。
Hoàn dư thụ tử chi xán hề.,還，予授子之粲兮。
Cổ lai tài đại nan vi dụng.,古來材大難為用。
Phi yến nghinh phong tụ hoàn tán.,飛燕迎風聚還散。
Cuồng tụng “Ly tao” hề vi quân ngu.,狂誦《离騷》兮為君娛。
"Tẩy trang thức diện trước quan bí,",洗妝拭面著冠帔，
Lạc nhật thiên bàng tăng song minh.,落日偏傍僧窗明。
"Nhiệt đàn triển bái tạ thiên tứ,",熱檀展拜謝天賜，
Đạo nhân phương đả miên.,道人方打眠。
"Phỉ tái phỉ lai,",匪載匪來，
"Khắc niệm nhược năng cuồng tác thánh,",克念若能狂作聖，
Huống nãi trì mộ gia phiền xúc.,況乃遲暮加煩促。
"Sơn linh vi cừ dã phóng điên,",山靈為渠也放顛，
"Sự vô vọng động,",事無妄動，
"Cối Kê cựu sự quân tu ký,",會稽舊事君須記，
"Chí nghiệp tự ngô tu tố đáo,",志業自吾須做到，
Tại công ẩm tửu.,在公飲酒。
Ký táo tuyết kỳ hôn ai; hựu khắc minh ư tuấn đức.,既澡雪其昏埃；又克明於俊德。
Tại đế tả hữu.,在帝左右。
"Bạc ngôn chấn chi,",薄言震之，
"Duy thước hữu sào,",維鵲有巢、
"Ngâm thi tác phú bắc song lý,",吟詩作賦北窗裏，
Quyển liêm hựu phạ phong liễu nhiễu.,捲帘又怕風繚繞。
"Độc mỵ ngụ ngôn,",獨寐寤言，
"Thệ tâm mật định qui hương kế,",誓心密定歸鄉計，
Giáo ca khiển vũ bất do nhân.,教歌遣舞不由人。
Vũ Châu thành ngoại Chu gia lâu.,禹州城外朱家樓。
Không lai lâm hạ khán hành tích.,空來林下看行跡。
Thổ phần tam xích hao cức cư!,土墳三尺蒿棘居！
"Đăng Liên Xương chi Vọng Tiên hề, huyễn Ngọc Hoàn chi châu thuý.",登連昌之望仙兮，眩玉環之珠翠。
Ký đa thụ chỉ.,既多受祉，
Vô tai vô nạn đáo công khanh.,無災無難到公卿。
"Tề Hầu chi tử,",齊侯之子，
"Thất chi đắc chi,",失之得之，
Dạ ngoạ trú phục dược.,夜臥晝服藥。
Tiêm ngã lương nhân.,殲我良人。
Bất tỉ tầm thường hoa lộng chủ.,不比尋常花弄主。
Tuý sát Động Đình thu.,醉杀洞庭秋。
"Giang đầu nhật noãn hoa hựu khai,",江頭日暖花又開，
"Thuỳ tương thử vị ngữ tỉ muội,",誰將此為語姊妹，
Phất duệ phất lâu.,弗曳弗婁；
"Lỗi lỗi chi thạch,",磊磊之石，
Chung nhật khiếu tư quy.,終日叫思歸。
Lục yên diệt tận thanh huy phát,綠煙滅盡清輝發。
Nhật tịch quốc bách lý;,日辟國百里；
"Minh triêu diệc thị tân niên đáo,",明朝亦是新年到，
"Đản chí bồ bặc,",诞實匍匐，
"Tuỳ chế ẩm tửu,",隨制飲酒，
Đại bào bất doanh.,大庖不盈？
Tả xuất vạn trượng tuyền.,寫出萬丈泉。
Nhẫn tắc vô nhục.,忍則無辱。
"Văn địch hưu ta Thạch Quý Luân,",聞笛休嗟石季倫，
Thì hữu Tây Vực Hồ tăng thức.,時有西域胡僧識。
"Thạch khởi năng ngôn chi vật, chuyển dã hà tằng,",石豈能言之物，轉也何曾，
Tái tư cập nịch.,載胥及溺。
"Tằng tôn duy chủ,",曾孫維主，
"Kình khí chỉ hề phù sơ, cương phong chấn hề đằng đạp.",勁氣砥兮扶疏，剛風振兮騰踏。
Nhất thốn sầu trường vạn lý kết.,一寸愁腸萬里結。
Xuân khê lộ tích lan diệp quang.,春溪露滴蘭葉光。
Ngã cô chước bỉ kim lôi.,我姑酌彼金罍、
"Tử trung hào tuấn đại giả thuỳ,",梓中豪俊大者誰，
"Tự vị kinh quá cựu bất mê,",自謂經過舊不迷，
"Tịnh ngôn tư chi,",靜言思之，
"Dụng nhân bất cẩn,",用人不謹，
Tà đới sơn gian cổn cổn bích.,斜帯山間滾滾碧。
Ảo dĩ ưng chi.,幻以應之。
Thuỳ nhân cánh tảo Hoàng Kim đài?,誰人更掃黃金臺。
Định tương thuỳ cử bôi.,定將誰舉杯。
Dĩ vọng Sở hĩ.,以望楚矣。
"Bạch thạch tố sa diệc tương đãng,",白石素沙亦相蕩，
Xích ngã hồ u cung.,斥我乎幽宮。
"Manh chi si si,",氓之蚩蚩，
"Nghiêm đầu, Kê huyết, Thường Sơn thiệt,",嚴頭嵇血常山舌，
Đả mã truy bôn cận đắc cấu.,打馬追奔僅得彀。
"Bán tư tụ thủ sự,",半思聚首事，
Yến uyển chi cầu.,燕婉之求，
Giả tai thiên mệnh!,假哉天命，
Ngọc thụ lưu quang chiếu hậu đình.,玉樹流光照後庭。
Bách dư niên hĩ.,百餘年矣。
"Thục đế hà niên phách,",蜀帝何年魄，
Dẫn xuất lâu đài hoành thuỷ khuếch.,引出樓臺橫水廓。
"Tuý khởi bộ khê nguyệt,",醉起步溪月，
Lạc nguyệt dao tình mãn giang thụ.,落月搖情滿江樹。
Thảo mộc dao lạc lộ vi sương.,草木搖落露為霜。
"Thạch dĩ tùng cổ thanh bức phu,",石以松古青逼膚，
Phong thảo thanh thanh hàn bất tử.,豐草青青寒不死。
Thiệu Bá sở khí.,召伯所憩。
"Tuy vô danh khước tự thành hình,",雖無名卻自成形，
"Nhân gian để xứ hữu nam bắc,",人間底處有南北，
Ngã tiếu tha nhân khán bất xuyên.,我笑他人看不穿。
"Hồng phi tuân chử,",鴻飛遵渚、
"Hữu nhất chinh phu niên thất thập,",有一征夫年七十，
"Đông môn chi lật,",東門之栗，
Hu ta lân hề!,于嗟麟兮。
Trì thượng không bàn hoàn.,池上空盤桓。
Tuấn kiệt thần tinh.,俊傑晨星。
Diệc khổng chi hưu.,亦孔之休。
Thuỳ giải trợ trà hương.,誰解助茶香。
"Chu môn trầm trầm án ca vũ,",朱門沉沉按歌舞，
Tắc hướng cận hộ.,塞向墐戶。
Kỳ đức khắc minh.,其德克明。
"Cổ lai dung quang nhân sở tiện,",古來容光人所羨，
"Hạ sàng uý xà thực uý dược,",下床畏蛇食畏藥，
Quật cường nê sa hữu thì lập.,屈強泥沙有時立。
Phỉ ngã tư thư,匪我思且。
Chuẩn bị hoàng vân tam vạn khoảnh.,準備黃雲三萬頃。
Thiên tử chi công.,天子之功。
"Cô cầm thất quần,",孤禽失群，
"Khởi vô Thục binh tam thiên nhân,",豈無蜀兵三千人，
"Thiên minh độc khứ vô đạo lộ,",天明獨去無道路，
"Khứ mã tê xuân thảo,",去馬嘶春草，
Tướng bỉ Tuyên Vương.,相彼宣王。
"Mao vi lục phiêu lưỡng nhĩ hoàng,",毛為綠縹兩耳黃，
Ẩm tửu bất tằng phương quát cốt.,飲酒不曾妨刮骨。
"Bất tri xuân sắc tảo,",不知春色早，
"Độc liên chi phấn khí,",獨憐脂粉氣，
"Sở kinh quá cựu quán,",所經過舊館，
Tất cốc phụ mẫu.,必告父母。
Khê sơn lệ hề nguyệt ngọ.,溪山麗兮月午。
"Tịnh ngôn tư chi,",靜言思之，
"Sơn hữu bao đệ,",山有苞棣，
Oanh song tố nguyệt thuỳ văn luyện.,縈窗素月垂文練。
Thấp hữu dương.,隰有楊。
"Sô thúc lai tòng thiên lý ngoại,",芻束來從千里外，
"Tố Vũ Cổ Thông tác nha trảo,",愬武古通作牙爪，
Mộng lý cố viên thu.,夢裏故園秋。
Tam quân đại hô Âm Sơn động.,三軍大呼陰山動。
"Tây phù bắc khám công hoàn nhật,",西扶北勘功完日，
"Hà hạnh vãn phi giả,","何幸晚飛者,"
"Phàm viễn thượng hồi đầu,",帆遠上回頭，
Huynh đệ vô viễn.,兄弟無遠。
"Hữu đệ chi đỗ,",有杕之杜，
Tỷ dư vu độc.,比予于毒。
"Đính thượng cao đôi Trương Giác cân,",頂上高堆張角巾，
"Nhân chi vi ngôn,",人之為言，
Khắc thuận khắc tỷ.,克順克比。
Hoả liệt cụ phụ.,火烈具阜。
"Hữu nhất vu thử,",有一于此，
"Kim giả bất lạc,",今者不樂，
Vọng mỹ nhân hề thiên nhất phương.”,望美人兮天一方。」
Hà dĩ đối thử du nhiên sinh.,何以對此油然生。
Kiến lộng Lương Châu đê diện khấp.,見弄涼州低面泣。
"Tiếu biệt Lư sơn viễn,",笑別盧山遠，
"Khả liên lưỡng phiến mộc,",可忴兩片木，
"Lưỡng nhân hoạt kế sơn thuỷ trung,",兩人活計山水中，
"Bích Giản tuyền thuỷ thanh,",碧澗泉水清，
"Độc bất kiến: Đảm nhĩ Lê sinh ngộ lão Pha,",獨不見、儋耳黎生遇老坡，
Thuỳ vị Tống viễn?,誰謂宋遠？
An đắc trường bất lão?,安得長不老？
"Ưu tâm ân ân,",憂心殷殷，
Vũ kỵ thiên quần thuỳ cảm độ?,武騎千群誰敢渡？
"Nghi huynh nghi đệ,",宜兄宜弟，
Du phi ngã lân.,遊非我鄰。
Tứ phương viên phát.,四方爰發。
Huân danh bản tự chân.,勲名本自眞。
"Quán thị hồ biên trú,",慣是湖邊住，
Độc hữu vạn trượng quang mang cắng kim cổ.,獨有萬丈光茫亙今古。
"Nhất cơ nhất dung, tận thái cực nghiên,",一肌一容、盡態極妍、
"Lưu Trịnh, kích Sở,",流鄭激楚，
"Tuế mộ cùng âm cảnh vị dĩ,",歲暮窮陰耿未已，
"Cổ khách bất tri sầu,",估客不知愁，
"Trang thành đối xuân thụ,",妝成對春樹，
"Bất như Tây châu Dương đạo sĩ,",不如西州楊道士，
"Nữ Oa luyện thạch bổ thiên xứ,",女媧煉石補天處，
"Ngã ai kỳ bần vị cố vấn,",我哀其貧為顧問，
"Ngã sinh vô điền thực phá nghiễn,",我生無田食破硯，
"Trành trành mạc quái thiếu thời niên,",倀倀莫怪少時年，
"Phục Tê mai đầu bất cảm xuất,",伏犀埋頭不敢出，
Sỉ khẩu ngang đằng ngưỡng thiên hấp.,哆口昂騰仰天吸。
Kim dã mỗi thực bất bẩu.,今也每食不飽。
"Trịnh giám phong lưu lão bất suy,",鄭監風流老不衰，
"Thân thể tại ngục trung,",身体在獄中，
"Bỉnh tâm tuyên do,",秉心宣猶，
Khởi tất cục thúc vi nhân ky.,豈必局束為人鞿。
"Háo đố hạ thổ,",耗斁下土，
"Thứu linh kim bộc cô,",鷲翎金仆姑，
Giảm mễ hoán y đương ký quy.,減米換衣當寄歸。
"Nguyệt hạ trường minh tố,",月下長鳴訴，
"Thanh sơn đoạn khuyết tủng Song Kiếm,",青山斷缺聳雙劍，
"Chung Hội, Đặng Ngải phân binh tiến,",鐘會鄧艾分兵進，
"Giang kiều thuỷ sách đa tửu lô,",江橋水柵多酒壚，
"Phù y tại môn,",鳧鷖在亹，
Bất tang phúc dụng.,不臧覆用。
"Bán song quan dạ vũ,",半窗關夜雨，
Bất giao ô náo hãm cừ câu.,不教污淖陷渠溝。
"Thu phong nguyên đầu đồng diệp phi,",秋風原頭桐葉飛，
Hàm tình đối đoản song.,含情對短窗。
Hữu y kỳ sĩ.,有依其士。
Quân bất kiến:,君不見：
"Khiên dư trù nhi thỉnh ngự hề, nguyện tận tâm chi quyền quyền.",褰余幬而請御兮，願盡心之惓惓。
"Nhất bệnh lưỡng trần tình chỉ xích cố viên do tại mộng,",一病倆陳情咫尺故園猶在夢，
Bất văn cổ xuy văn chung khánh.,不聞鼓吹聞鍾磬。
"Kính thận uy nghi,",敬慎威儀，
"Ngưỡng thiên đại tiếu xuất môn khứ,",仰天大笑出門去，
Thu phong hốt ức Giang Đông hành.,秋風忽憶江東行。
Khứ niên trung đồ cước vô lực.,去年中途腳無力。
Vô hốt hiểm trung nhân.,無忽險中人。
Dục đáo thanh tùng tận đầu chỉ.,欲到青松盡頭止。
Man giang thanh khả liên.,蠻江清可憐。
"Sách sách chi vị nhu,",索索枝未柔，
"Mặc phù ngã việt,",默扶我越，
Cầm sắt kỷ trượng sài môn u.,琴瑟幾杖柴門幽。
"Nhĩ nãi: tiện nam quát bách, kỷ tử dự chương.",爾乃：楩柟栝柏，杞梓豫章。
Khai lô tương đối y giang chử.,開壚相對依江渚。
"Học hải trước tiên tiên, thập niên dư nghị lực tiến hành nghĩ dục Trãi, Thường phù tổ quốc;",學海著先鞭，十年餘毅力進行擬育廌常扶祖國；
"Thần võ bất nghị, đại đức hảo sinh.",神武不毅，大德好生。
Nguyệt bạch hựu giang không.,月白又江空。
Đình đình đáo hiểu quang.,亭亭到曉光。
Thu thanh bất khả văn.,秋聲不可聞。
"Tri y chi tược hề,",緇衣之席兮，
Bắc phong y mệ mãn trần sa.,北風衣袂滿塵沙。
Tự miễn hoạ loạn.,自免禍亂。
Vị vi ứng long thủ.,未為應龍取。
Đương kỳ:,當期：
Thập niên cửu chế địch thác bàn thử địa thục phân ưu.,十年九制敵錯槃此地孰分憂。
"Cố hương miểu hà hử,",故鄉𣺌何許，
Tâm kiên nại tuế hàn.,心堅耐歲寒。
Trung danh my chương?,忠名彌彰？
Chỉnh giá thôi quy cập vị bô.,整駕催歸及未晡。
Lưỡng lưỡng uyên ương tiểu.,兩兩鴛鴦小。
"Tĩnh trung tâm dị động,",靜中心易動，
Sơn hoa phất diện hương.,山花拂面香。
Đăng quang yểm hoạ lâu.,燈光掩畫樓。
Vương Cơ chi xa.,王姬之車。
Biệt dưỡng ký tử liên thần tuấn.,別養驥子憐神俊。
"Duy thử lục nguyệt,",維此六月，
Phỏng phật hữu sở chiêm da?,仿佛有所覘耶？
Sầu trường thiên kết.,愁腸千結。
"Dạ bán Chương Đình dịch,",夜半樟亭驛，
"Đãi khách khách vị đáo,",待客客未到，
Ngũ lý thập lý bàn kỳ khu.,五里十里盤崎嶇。
Mãnh giao đột thú phân đằng đào.,猛蛟突獸紛騰逃。
"Tiên vương tác pháp giai chính đạo,",先王作法皆正道，
"Thẩn thị vật chi chí vi, ngụ hoá công chi thâm ý.",矧是物之至微，寓化工之深意。
"Môn tiền cung hoè mạch,",門前宮槐陌，
"Đỉnh sanh ngọc thạch, kim khối châu lịch, khí trịch lệ dĩ.",鼎鐺玉石、金塊珠礫、棄擲邐迤。
Hàm quan vị thính minh kê khách.,函關未聽鳴雞客。
Hy nhiên mỹ tục.,熙然美俗。
Tất hữu cận ưu.,必有近憂。
"Bạch nhật y sơn tận,",白日依山盡，
Mỹ nhân mỹ nhân tiếu khả ái.,美人美人笑可愛。
"Mỹ nhân đạp thượng lai ca vũ,",美人踏上來歌舞，
Thọ khảo bất vương.,壽考不忘！
Bất kham triều thị đô phi cố.,不堪朝市都非故。
Thiên sinh vưu vật bất túc trân.,天生尤物不足珍。
Thanh ly khốc huyết hàn hồ tử.,青狸哭血寒狐死。
Nữ quý trinh thuận.,女貴貞順。
Hà năng y?,何能依？
Sinh nhai cận bách niên.,生涯近百年。
"Nãi cứ hiểm nhi lập công, hựu đa phương dĩ ngộ chi.",乃據險而立功，又多方以誤之。
"Vạn lý phù vân quyển bích sơn,",萬里浮雲卷碧山，
"Tòng đầu nhất nhất tư lượng khởi,",從頭一一思量起，
"Hối bất sùng tư lâu chi tằng cấu,",悔不崇斯樓之層構，
"Tần nhân đắc tri Tấn dĩ tiền,",秦人得知晉以前，
Phi sương hạo như tuyết.,飛霜皎如雪。
Nô nhan tù thủ tiêu hung uy.,奴顏囚首銷凶威。
"Tuế cùng duy ích lão,",歲窮惟益老，
Khổ ức bình sinh Mã Thiếu Du.,苦憶平生馬少遊。
Hà thượng hồ tiêu diêu.,河上乎逍遙。
"Duy kim chi cứu,",維今之疚，
"Dĩ hưởng dĩ tự,",以享以祀，
Trắc thân chú mục trường phong sinh.,側身注目長風生。
Duy trướng hà thi?,帷帳何施？
Mãn giang lạc hoa sái đinh châu.,滿江落花灑汀洲。
"Tường đình vũ dực,",翔庭舞翼，
"Sinh nam tự hữu tứ phương chí,",生男自有四方志，
Thư trạch khải thuỷ.,書澤啟始。
Liêu dĩ tiễn quân hành.,聊以餞君行。
"Tá vấn ly cư hận thâm thiển,",借問离居恨深淺，
"Thường cẩm khuýnh thường,",裳錦褧裳，
"Võng phu cầu tiên vương,",罔敷求先王，
Mạc hướng Lâm Cùng khứ.,莫向臨邛去。
Hà tằng hữu sinh diệt.,何曾有生滅。
Lệ sái Xương Hạp bi sinh phong.,淚灑閶闔悲生風。
"Ngã hữu gia tân,",我有嘉賓，
Kỳ tử nhất hề!,其子七兮。
"Kết trường kết trường nhẫn cánh văn,",結腸結腸忍更聞，
"Yêu chi cức chi,",要之襋之，
Hạ mã toạ vọng Cư Dung khẩu.,下馬坐望居庸口。
"Lạc Dương tướng quân trung hiếu gia,",洛陽相君忠孝家，
"Thế võng quải sĩ như thù ty,",世網挂士如蛛絲，
"Sinh giả lạc kỳ sinh, toại giả đắc kỳ toại.",生者樂其生，遂者得其遂。
Xuân lai tự vũ yêu.,春來似舞腰。
"Đãn giao nhất nhật kiến thiên tử,",但教一日見天子，
Tâm diệc ưu chỉ.,心亦憂止。
"Giang trung đào hà hách phi yến,",江中淘河嚇飛燕，
"Sinh nhi luân ư khuyển dương chi dị vực,",生而淪於犬羊之異域，
Vũ bãi cẩm triền đầu.,舞罷錦纏頭。
"Tam tuế vi phụ,",三歲為婦，
"Ký tuý dĩ tửu,",既醉以酒，
Tỷ dân ưu duệ.,俾民憂泄。
"Tự quân chi xuất hỹ,",自君之出矣，
"Phỉ an phỉ thư,",匪安匪舒，
Thiên tử mục mục.,天子穆穆。
Nhất chấn cao danh mãn đế đô,一振高名滿帝都，
"Tài phùng vân vụ thành ngự y,",裁縫雲霧成禦衣，
"Sở nhân tứ thì giai ma y,",楚人四時皆麻衣，
Ngũ Phụng lâu tiền bát bách chung.,五鳳樓前八百鍾。
Hà dĩ xuyên ngã ốc?,何以穿我屋？
Thuỳ gia tiên ngưu đăng lũng thanh.,誰家鞭牛登隴聲。
"Phu cẩu vi thiện,",夫苟為善，
Hựu bất kiến:,又不見：
Gia tân thức yến hựu tư.,嘉賓式燕又思。
Kỳ nhân mỹ thả tai!,其人美且偲。
"Từ nguyên đảo lưu Tam Giáp thuỷ,",詞源倒流三峽水，
"Hồi sơn chuyển hải bất tác nan,",回山轉海不作難，
"Vương tích Thân Bá,",王錫申伯，
"Hà sự cưu hoán vũ,",何事鳩喚雨，
Đề thi lưu vạn cổ,題詩留萬古，
“Nhĩ hữu địch ư bỉ giả hồ?,「爾有覿於彼者乎？
Thuỳ gia kim dạ đảo hàn y?,誰家今夜搗寒衣？
"Lạc hoa lưu thuỷ khứ phục hồi,",落花流水去復回，
"Ưu tâm triển chuyển dạ,",憂心輾轉夜，
"Quân bất kiến Lý Bắc Hải,",君不見李北海，
"Phủ ngưỡng thiên địa giai mạc tịch,",俯仰天地皆幕席，
Tha đà bạch phát niên.,蹉跎白髮年。
"Sở quản Man huyền sầu nhất khái,",楚管蠻弦愁一槩，
"Ngô bối lục lục bão phạn hành,",吾輩碌碌飽飯行，
"Tri túc thường túc,",知足常足，
Nội ký Tương xuyên tương thức xứ.,內記湘川相識處。
"Tâm chi ưu hĩ,",心之憂矣，
Lạn mạn tùng trúc cổ.,爛漫松竹古。
Cộng khánh thắng lợi xuân.,共慶勝利春。
"Chiêu Dương điện lý ca vũ nhân,",昭陽殿裏歌舞人，
"Hoàng kim vô túc sắc,",黃金無足色，
Lũng ám tích sầu vân.,隴暗積愁雲。
"Thủ bỉ hồ ly,",取彼狐貍，
Thanh phong Bát Vịnh lâu.,清風八詠樓。
Ức nhược dương hề.,抑若揚兮，
Thương như chi hà?,傷如之何！
"Điên phúc quyết đức,",顛覆厥德，
Khuyển nhung dã phục lâm Hàm kinh.,犬戎也復臨咸京。
"Chiếu diệu thả vô phương,",照曜且無方，
Tái cổ nhi điểu tán quân kinh.,再鼓而鳥散麇驚。
"Uyển tại trung lưu Bột Hải thanh,",宛在中流渤澥清，
Hứng trung bất sổ thu phong thuần.,興中不數秋風蒪。
Để sự tiếu xuân phong?,底事笑春風？
"Tống Ngọc Lâm Giang trạch,",宋玉臨江宅，
"Niên niên thử địa thành biên thổ,",年年此地成邊土，
Khả liên diệc tiến diêu hoàng hoa.,可憐亦進姚黃花。
"Thiên sinh chưng dân,",天生烝民，
Cô cao sai nghĩ Bàn Khê tẩu.,孤高差擬蟠溪叟。
Nhất triêu thù chi.,一朝酬之。
"Hương phong phách duệ hồng hà cử,",香風拍袂紅霞舉，
"Hoàng kim can bát xuân phong thủ,",黃金桿撥春風手，
Tiểu lại đắc tiền cung nhật phí.,小吏得錢供日費。
"Đông chí Tập Bích, tây Lương Dương,",東至集壁西梁洋，
"Nguyện tuỳ cô nguyệt ảnh,",願隨孤月影，
Cáo thành vu vương.,告成于王。
Thiên thượng Thiếu Vi tinh.,天上少微星。
Dữ nhân đồng sinh diệc đồng tử.,與人同生亦同死。
Biểu thủ Âm Sơn tác bắc môn.,表取隂山作北門。
"Chiêm bỉ thuỵ thái,",瞻彼瑞彩，
"Hấp chư hầu hề ảnh tòng, ống quần anh hề khuân chí.",翕諸侯兮影從，蓊群英兮麇至。
"Ngã tôn đại nhân,",我尊大人，
Liên kỳ mục bất xả.,憐奇目不捨。
Tổ Long dĩ hủ tam trùng tuyền.,祖龍已腐三重泉。
Phồn hương quýnh bất quần,繁香迥不群
"Tiền trình lưỡng tụ hoàng kim lệ,",前程兩袖黃金淚，
"Thụ chi trăn lật,",樹之榛栗，
Ngưỡng dĩ thù quán.,仰以殊觀。
"Ngũ hoa thái kết quán tân đường,",五花彩結館賓堂，
Hán Đông thái thú tuý khởi vũ.,漢東太守醉起舞。
Tiện thiếp không cư thiên nhất phương.,賤妾空居天一方。
"Hư dĩ truyền hư,",虛以傳虛，
Thụ mệnh ký cố.,受命既固。
Hu ta Hậu Lê chi quân thần!,吁嗟後黎之君臣！
Kê Khang dưỡng sinh tao sát lục.,嵇康養生遭殺戮。
Tê mã xuất môn tư cựu hương.,嘶馬出門思舊鄉。
Sơn xuyên quang huy vị ngã nghiên.,山川光輝為我妍。
Bất như bạc nghệ.,不如薄藝。
Thực túc thường tương kiến.,食宿常相見。
Tự ngã nhân cư cư.,自我人居居。
Nhạn tháp tảo đề danh.,雁塔早題名。
Cảnh cảnh thu đăng thu dạ trường.,耿耿秋燈秋夜長。
"Ta tai ngô đảng nhị tam tử,",嗟哉吾黨二三子，
"Sĩ khí dĩ chi ích tăng,",士氣以之益增，
"Ký vi vật dĩ dã hoài, hiến đắc hiền vi thượng thuỵ!",記微物以野懷，獻得賢為上瑞！
Thuỳ tiếu phúc không hư?,誰笑腹空虛？
Nhàn đình phong vũ quá,閒庭風雨過，
Thuỳ vị Hà quảng?,誰謂河廣？
"Tích huỷ khả tiêu cốt,",積毀可銷骨，
"Thái thậm phất hoạch dĩ chi quan,",太甚弗獲已之官，
Thiềm đê yến sơ nhũ.,簷低燕初乳。
"Trung Nguyên can qua cổ diệc văn,",中原干戈古亦聞，
"Câu thượng phong lăng thập nhị cách,",韝上鋒稜十二翮，
Bất tín Lưu hoàng nhất đoạn sầu.,不信劉黄一段愁。
"Ngã hữu tân thi hà xứ ngâm,",我有新詩何處吟，
Hoành kiều băng đống thuỷ vô thanh.,橫橋冰凍水無聲。
Dư diệc sa biên cụ tiểu chu.,余亦沙邊具小舟。
"Bất khang yên tự,",不康禋祀，
"Tuy tắc như đồ,",雖則如荼，
"Tri y chi hảo hề,",緇衣之好兮，
Nhung nhân chi trung ngã khổ tân.,戎人之中我苦辛。
Ngôn thụ chi bội.,言樹之背。
"Địa phương cửu tắc,",地方九則，
Vô khí nhĩ thành.,無棄爾成。
"Đãn toàn thử nhân trí, thứ thứ hồ lạc thọ.",但全此仁智，庶庶乎樂壽。
Chu môn tiên đạt tiếu đàn quan.,朱門先達笑彈冠。
Điểu đề hoa tiếu bán song hư,鳥啼花笑半窗虛，
Hàn Cật yến dự.,韓姞燕譽。
Kim triêu cánh cử thương.,今朝更舉觴。
"Nhân ngã lưỡng bình,",人我兩平，
Truyền đạo cô tùng tối xuất quần.,傳道孤松最出群。
Tuyết thượng không lưu mã hành xứ.,雪上空留馬行處。
"Phảng phất Tần tranh xuất cốc văn,",彷彿秦筝出谷聞，
Nhất khúc Hồ già lệ vạn hàng.,一曲胡笳淚萬行。
Đẳng quân thọ ư đông hoàng.,等君壽於東皇。
"Vi hầu biệt ngã hữu sở thích,",韋侯別我有所適，
"Vật trân châu bối ngân sa đồng,",物珍珠貝銀沙銅，
"Hoàng giáp hiệt lâm hàn hữu diệp,",黃夾纈林寒有葉，
"Thuấn phục quyết đệ,",舜服厥弟，
"Nam đăng Đỗ Lăng thượng,",南登杜陵上，
Hất dụng khang niên.,迄用康年。
"Chất bản khiết lai hoàn khiết khứ,",質本潔來還潔去，
Sơn mộc thương thương lãnh đáo thiên.,山木蒼蒼冷到天。
Lão tận cố viên mai.,老盡故園梅。
"Ngư trầm nhạn diểu thiên nhai lộ,",魚沈雁杳天涯路，
Thu sương tuỵ chi.,秋霜悴之。
"Khách trình cánh thị đa khảm kha,",客程更是多坎坷，
Vị hữu gia thất.,未有家室。
"Chung cổ ký thiết,",鍾鼓既設，
"Khoan hồng bác đại đẳng thiên địa,",寬洪博大等天地，
"Y hi Thục trượng mê tân trúc,",依稀蜀杖迷新竹，
"Vũ quá vân sơn bích,",雨過雲山碧，
Ngộ mị bất vong.,寤寐不忘。
"Vị kiến quân tử,",未見君子，
Tinh nguyệt yểm ánh vân đồng lung.,星月掩映雲曈曨。
"Cổ thành phi trù tích,",古城非疇昔，
Hư vi bách lý lôi đình phi.,噓為百里雷霆飛。
Chỉ định nhĩ công!,耆定爾功！
Nhất chủng kiều thanh thiên vạn biến.,一種嬌聲千萬變。
"Chấp tử chi thủ,",執子之手，
"Thành trung tửu nùng bác thác hảo,",城中酒濃餺飥好，
"Nãi đăng vọng giang chi lâu, cô thị tửu nhi ẩm chi.",乃登望江之樓，沽市酒而飲之。
"Nữ chấp ý khuông,",女執懿筐，
Nữ Oa thanh ca.,女媧清歌。
"Khảo bàn tại lục,",考槃在陸，
Chức tác Phi Hương điện thượng thảm.,織作披香殿上毯。
Toạ linh tị tức xuy hồng nghê.,坐令鼻息吹虹霓。
"Lữ hồn kinh tái bắc,",旅魂驚塞北，
"Tướng quân thụ huân khởi An Tê,",將軍樹勳起安西，
Sầu nhân khởi vọng hương.,愁人起望鄉。
Tiêu tức tự mai tiêu.,消息自梅梢。
"Ngã hướng hoa gian phất tố cầm,",我向花間拂素琴，
"Dĩ nhữ phu phụ tân yến uyển,",以汝夫婦新嬿婉，
Đăng chúc ái dư huy.,燈燭靄余煇。
Đôn trác kỳ lữ.,敦琢其旅。
Tùng chi hạnh dị phan.,叢枝幸易攀。
Chí tinh chí minh; ký dung ký triệt.,至精至明；既融既徹。
Tạo vật vô tâm hoảng nan trắc.,造物無心怳難測。
Giao can hoành ỷ thiên.,交干橫倚天。
"Tạm du Nhân Trí sở,",暫游仁智所，
"Bạch Diêm tuyết tiêu xuân thuỷ mãn,",白鹽雪消春水滿，
Toàn mao tại phúc gian.,旋毛在腹間。
"Nhất nhân ngật nhất cá,",一人吃一個，
Hưng mê loạn vu chính;,興迷亂于政；
Phi lễ bất túc.,非禮不肅。
"Nhất cổ nhi kình khô ngạc đoạn,",一鼓而鯨刳鱷斷，
Lưỡng phục thượng tương.,兩服上襄，
Thúc hề bá hề!,叔兮伯兮，
"Thánh ân nhược hứa lưu thái học,",聖恩若許留太學，
"Trào phong lộng nguyệt thông lai vãng,",嘲風弄月通來往，
Vật báo tế toái cừu.,勿報細碎仇。
Trần bất dung kỳ gian.,塵不容其間。
"Điều cách hữu thương,",鞗革有鶬，
"Chu trung hảo xướng Thương Lang khúc,",舟中好唱滄浪曲，
"Lục thụ tàn xuân ngoại,",綠樹殘春外，
"Tiêm tiêm nguyệt, doanh phục khuyết,",纖纖月，盈復缺，
Cực mục thiên nhai phá kính phi.,極目天涯破鏡飛。
"Đãn vị quân cố,",但為君故，
"Công cầu tất thành, kích tiếp thệ ngôn thanh quốc tặc;",功求必成擊楫誓言清國賊；
Tân diên vạn linh triều cửu nhung.,賓延萬靈朝九戎。
"Mạc vấn thân chi ngoại,",莫問身之外，
"Trần gian hưng phế đẳng nhàn sự,",塵間興廢等閒事，
Vương viết: Kỳ hà như hĩ?,王曰：其何如矣？
"Thú lâu điêu đẩu thôi lạc nguyệt,",戍樓刁斗催落月，
Hạt duy kỳ vong?,曷維其亡？
Bất lạc lưỡng đầu biên.,不落兩頭邊。
Phúc cuồng dĩ hỉ.,覆狂以喜。
"Khốc thanh hưu sử đông gia văn,",哭聲休使東家聞，
Nam nhân phong niên tự vô thực.,南人豐年自無食。
Thiên thu hãn thanh.,千秋汗青。
"Lão tăng tuy tịch mịch,",老僧雖寂寞，
"Tư quân như Lũng thuỷ,",思君如隴水，
Nam bắc chi phong tục diệc dị.,南北之風俗亦異。
Thái cổ dĩ lai vô xích tuyết.,太古以來無尺雪。
"Thế năng thị tử như quy, hào vô chuyển kế.",世能視死如歸，毫無轉計。
"Mã như quyết trạng, thị quân tử chi đắc dư; diệp tác kỳ thân, kiến thương sinh chi đại tý.",馬如厥狀，視君子之得與；葉作其身，見蒼生之大庇。
Thời minh xuân giản trung.,時鳴春澗中。
Thù năng tướng chi?,殊能將之？
"Thệ sơn hải nhi thường tại,",誓山海而常在，
Kỳ thực chi hào.,其實之殽。
"Hoài tai, hoài tai!",懷哉、懷哉，
"Thao Phượng Trì Kim Mã chi vinh, tạo Lãng Uyển Bồng Hồ chi bí.",叨鳳池金馬之榮，造閬苑蓬壼之秘。
Thập nhật do huyền Chất Chi thủ.,十日猶懸郅支首。
"Tố ý chu tiêu,",素衣朱繡，
"Cung cấp sử linh bất tương ứng,",供給使令不相應，
"Tạc dạ đông phong xuy huyết tinh,",昨夜東風吹血腥，
"Dục dĩ lý thắng nạn dữ thế tranh,",欲以理勝難與勢爭，
Linh nhân trường ức Tạ Huyền Huy.,令人長憶謝玄暉。
"Ác trung chẩm túc khung lư thất,",握中枕宿穹廬室，
Trường mộc tắc hưu tường trường phát; nhật dục tắc thánh kính nhật tê.,長沐則休祥長發；日浴則聖敬日躋。
"Chu lâu bạch trú tĩnh,",朱樓白晝靜，
Cánh dữ Hồ nhân tương gian xứ.,竟與胡人相間處。
"Kim tiêu tịch mịch khổ canh trường,",今宵寂寞苦更長，
"Phương đông hạp đạp huyền âm tắc,",方冬合遝玄陰塞，
Ỷ văn trủng dĩ yêm lưu.,倚文塚以淹留。
Hàn liêm thần tự động,寒簾辰自動。
Xuân duẫn thoát hướng thanh vân lý.,春筍脫向青雲裏。
"Thôn lạc vãn tình thiên,",村落晚晴天，
"Thiên kim mãi tửu chúc dung nhân,",千金買酒囑傭人，
Nhân khởi bất thương?,人豈不傷？
"Bị chi đồng đồng,",被之僮僮、
- Tiểu tử chí chi!,小子識之，
Duy ác vị cải thần thảm thương.,帷幄未改神慘傷。
"Trường An phú quý ngọc thông kiêu,",長安富貴玉驄驕，
Ngã thân vấn chi vong giả thuỳ?,我親問之忘者誰？
"Tào tào thiết thiết thác tạp đàn,",嘈嘈切切錯雜彈，
"Cảm hủ mộc chi tái sinh, hà thức đạo chi bất bỉ.",感腐木之再生，苛識道之不鄙。
"Nhất niên minh nguyệt kim tiêu đa,",一年明月今宵多，
Cơ bão tại ngã ninh quan thiên.,飢飽在我寧關天。
Như đàm như phần.,如惔如焚。
Nhân diệc hữu ngôn:,人亦有言：
"Công thi yến ẩm,",公尸燕飲，
"Giai tiền hồng tuyến nhật thiêm trường,",階前紅線日添長，
Trung tâm háo chi.,中心好之。
"Ký ngữ thiên nhai khách,",寄語天涯客，
Diệc hữu Đào Nguyên chủng đào giả.,亦有桃源種桃者。
"Uyên hành thú vũ ánh nga nhung,",鵷行獸舞映鵝絨，
"Nam hữu cù mộc,",南有樛木，
Nhĩ hà nhất trạo nhất hồi đầu.,珥河一棹一囬頭。
Thù dị hồ công hàng.,殊異乎公行。
Hồ vi hồ nê trung?,胡為乎泥中？
"Đông hoàng phóng tình diệc bất ác,",東皇放晴亦不惡，
Nhân quá trung niên lạc diệc ai.,人過中年樂亦哀。
Vô hình khả trú.,無形可住。
Thận kỳ ngôn ngữ.,慎其言語。
"Trưởng quan liêm bình huyện lệnh hảo,",長官廉平縣令好，
"Đàn tuy tại chỉ thanh tại ý,",彈雖在指聲在意，
Điên đảo thường y.,顛倒裳衣。
Phú quý bất lai niên thiếu khứ.,富貴不來年少去。
"Quân khán ngạn biên thương thạch thượng,",君看岸邊蒼石上，
Nhân hữu tam tình.,人有三情。
Danh thuộc giáo phường đệ nhất bộ.,名屬教坊第一部。
Tráng tâm tích mộ niên.,壯心惜暮年。
Kỳ hà năng thục?,其何能淑？
"Song phong cát y cửu,",雙峰褐衣久，
"Kim ngã dữ chư quân hữu duyên, đặc phụ kê bút giáng đàn, tác thử “Dạ Trạch tiên gia phú”, dĩ phá thiên cổ chi hoặc.",今我與諸君有緣，特附乩筆降壇，作此夜澤仙家賦以破千古之惑。
Bà nhiên nhất lão.,皤然一老。
"Hữu vân quang sạ tình,",有雲光乍晴，
Khắc thắng tại minh nhật.,尅勝在明日。
Hà dĩ vong ưu?,何以忘憂？
"Mục mục Văn Vương,",穆穆文王，
"Thanh bần thường lạc,",清貧常樂，
Thúc hề bá hề!,叔兮伯兮，
Tương yêu quy độ đầu.,相邀歸渡頭。
"Xuân khứ thu lai niên phục niên,",春去秋來年復年，
Cộng tích dư phương lệ mãn y.,共惜餘芳淚滿衣。
Phiên thân khiêu nhập Hồ Công hồ.,翻身跳入壺公壺。
"Thất hỗ hu ta tảo viết cô,",失怙吁嗟早曰孤，
"Hiển phụ tiễn chi,",顯父餞之，
"Tế ảnh tương viên chất,",細影將圓質，
"Tiên sinh thực bão vô nhất sự,",先生食飽無一事，
Phi nhập cung tường nhiễu hư điện.,飛入宮墻繞虛殿。
"Phúc trung trữ thư nhất vạn quyển,",腹中貯書一萬卷，
"Hàm ha tích tuyết quải thiên nhận,",谽谺積雪掛千仞，
Phách Nguyễn đàn tranh thướng tửu lâu.,擘阮彈箏上酒樓。
"Tòng nam Tương chi nhị phi,",從南湘之二妃，
"Ky chủng mạn diễn, phương thảo la sinh.",箕踵漫衍，芳草羅生。
"Lưỡng mấn thương thương, thập chỉ hắc,",兩鬢蒼蒼十指黑。
Nhân nhân chỉ vị Nam.,人人指為南。
"Mạc hướng Tung sơn khứ,",莫向嵩山去，
Hồ nhân bán giải đàn tỳ bà.,胡人半解彈琵琶。
"Vạn bang chi phương,",萬邦之方，
Hắc mã vương lạc dĩ tử anh.,黑馬王絡以紫纓。
"Đa thiểu tài quan câu thúc thủ,",多少材官俱束手，
Thuỳ dữ độc xử?,誰與獨處！
"Huyết khí chi dũng bất túc đạo,",血氣之勇不足道，
"Phụ giã tảo thệ mẫu độc tồn,",父也早逝母獨存，
Chinh lộ thử tương phùng.,征路此相逢。
"Quả loã chi thực,",果臝之實、
"Phỉ ngôn bất năng,",匪言不能，
Tiềm hữu đa ngư.,潛有多魚。
Ngũ vân phiêu phiêu phi thướng thiên.,五雲飄飄飛上天。
"Do phụng sự Ân,",猶奉事殷，
"Du du thiên lý vô tha thoại,",悠悠千里無他話，
"An đắc trường thê thướng trích thực,",安得長梯上摘實，
"Kiếm kích quy điền tận,",劍戟歸田盡，
Nam diện thung dung tựu hình lục.,南面從容就刑戮。
Bách thảo mị xuân dương.,百草媚春陽。
Mạc thâu tục vật tương điền hôi.,莫受俗物相填豗。
"Hành khách vị tằng yết,",行客未曾歇，
Kiệt Nô bán tử Phi Hồ đạo.,羯奴半死飛狐道。
"Đại xa hạm hạm,",大車檻檻，
"Chu trung cử thủ dục dữ ngôn,",舟中舉手欲與言，
Phỉ phủ phỉ cử.,匪簠匪莒。
"Biển chu phiếm phiếm, thuỳ tòng phỏng Bồng Lai tiên cảnh chi hư vô,",扁舟泛泛，誰從訪蓬萊仙境之虛無，
"Vị khứ triều thiên tử,",未去朝天子，
"Bình sa cô tự viễn,",平沙孤嶼遠，
"Vương lạc dưỡng mã vong khổ tân,",王樂養馬忘苦辛，
Dĩ xa dịch dịch.,以車繹繹。
Vân bạch sơn thanh lãnh hoạ bình.,雲白山青冷畫屏。
Quỷ thần thiên địa na tri uý.,鬼神天地那知畏。
Thì lai bất đắc khoa thân cường.,時來不得誇身強。
Phóng thập vạn khất giáng chi binh.,放十萬乞降之兵。
Ức quân tụng thi thần lẫm nhiên.,憶君誦詩神凜然。
"Thiên duy hiển tư,",天維顯思，
"Ngâm phục ngâm hề, ký ngã tri âm.",吟復吟兮，寄我知音。
Lai triều thử địa mạc đông quy.,來朝此地莫東歸。
Vị hành đa lộ.,謂行多露。
"Hạo hạo minh nguyệt,",皎皎明月，
Lão tác bắc triều thần.,老作北朝臣。
Tái chư giản biên;,載諸簡編；
"Phu như ngưng chi,",膚如凝脂。
Nhân trạch chu lưu hề bàng tiếp thứ vật.,仁澤周流兮旁浹庶物。
Bất kiến lưu quang đáo tử cung.,不見流光到梓宮。
Tận túc cung ư thượng kinh.,盡肅恭於上京。
"Tịnh khu kích dực,",竝驅擊翼，
Kỳ thủ bá bách cốc.,其始播百穀。
"Dư hoài minh đức,",予懷明德，
"Hãn triêm phấn ô bất tái trước,",汗沾粉污不再著，
Vọng viên quả chi tư vinh.,望園果之滋榮。
Nam quốc thả hoàng ly.,南國且黃鸝。
"Tường giác sổ chi mai,",牆角數枝梅，
Hồn tuỳ Việt điểu phi nam thiên.,魂隨越鳥飛南天。
"Đông du tây hoàn lực thực quyện,",東遊西還力實倦，
"Sơn xuyên mãn mục lệ triêm y,",山川滿目淚沾衣，
Hồ phong nhiễu tuyết.,胡風繞雪。
"Thập nhị môn tiền dung lãnh quang,",十二門前融冷光，
Tiên nhân thiên lý lai tương nghênh.,仙人千里來相迎。
"Tương vọng tri bất kiến,",相望知不見，
Minh phi viễn giá sầu thanh già.,明妃遠嫁愁清笳。
"Thuỳ vi thử mưu Cát dữ Chu,",誰爲此謀葛與周，
"Lôi Khai a thuận,",雷開阿順，
"Noãn ái huy trì đào thụ tây,",暖藹輝遲桃樹西，
Hạ mộc hốt giao âm.,夏木忽交陰。
"Tĩnh ngôn tư chi hề, trắc phế can?",靜言思之兮，惻肺肝？
Kỳ tâm tắc uân.,其心塞淵。
Tác ấp vu Phong.,作邑于豐。
"Dưỡng nam bất giáo,",養男不教，
"Tướng quân giác cung bất đắc khống,",將軍角弓不得控，
"Nội tác sắc hoang,",內作色荒，
"Quân chi lai hề vô từ từ,",君之來兮毋徐徐，
Sầu vân thảm đạm vạn lý ngưng.,愁雲黲淡萬里凝。
"Thả xướng hoàng kê thôi hiểu ca,",且唱黃雞催曉歌，
"Bạ thư tiên phác trú điền uỷ,",簿書鞭撲晝填委，
"Cúc hoa hà thái khổ,",菊花何太苦，
"Văn đạo tam niên vị tằng ngữ,",聞道三年未曾語，
"Bán viên hồng nhật, mãn viên phong.",半園紅日滿園風。
"Hoa hạ nhất hồ tửu,",花下一壺酒，
Tài kiêm Bão Chiếu sầu tuyệt đảo.,才兼鮑昭愁絕倒。
"Tâm tự phùng dao lạc,",心緒逢搖落，
Nhân bách kỳ thân.,人百其身。
Mỹ triết bất ngu.,靡哲不愚。
"Hữu chí nan thân, không uổng bách niên chiêu vật nghị;",有志難伸，空枉百年昭物議；
Tất loạn đại mưu.,必亂大謀。
Trúc bế cổn đằng.,竹閉緄縢。
Lão khủng thất sài phi.,老恐失柴扉。
Kỳ thuỷ tại hĩ.,淇水在右。
Hành ngô tố vị sảng ngô hoài.,行吾素位爽吾懷。
"Công vô độ hà,",公無渡河，
"Thụ lễ thiên hạ,",受禮天下，
Liêu lạc ngã vân.,聊樂我員。
"Oanh oanh yến yến giai thành đối,",鶯鶯燕燕皆成對，
"Bàng dương dương nhi tứ thi hề, ống trạm trạm nhi phất chỉ.",滂洋洋而四施兮，蓊湛湛而弗止。
"Du trường duệ dĩ tự ế hề, sổ tích nhật chi khiên ương.",揄長袂以自翳兮，數昔日之愆殃。
Thúc hốt đông nhai phục tây giản.,倏忽東崖復西澗。
"Hiền vương ái mã như ái nhân,",賢王愛馬如愛人，
"Hữu đệ chi đỗ,",有杕之杜，
"Thú chi sở đồng,",獸之所同、
"Tái tửu hướng hà xứ,",載酒向何處，
Phỉ nhân hề câu dẫn.”,匪人兮俱泯。
"Tái nam kiện phụ phương bả sừ,",塞南健婦方把耡，
"Tây quan mã cứu tại thành hạ,",西關馬廄在城下，
"Tu du tĩnh tảo chúng phong xuất,",須臾靜掃眾峰出，
Bạt nhữ sí linh vi tiễn vũ.,拔汝翅翎爲箭羽。
"Triêu phát cổ điền điền,",朝發鼓闐闐，
"Yên vũ bách dư niên,",煙雨百餘年，
"Nhân chi hữu thường, thời đăng chí trị.",人之有常，時登至治。
Hồ nhạn sí thấp cao phi nan.,胡雁翅濕高飛難。
Tạc dạ kim triều hựu minh nhật.,昨夜今朝又明日。
"Mỹ nhân tế ý uý thiếp bình,",美人細意熨帖平，
"Nhất xuyên toái thạch đại như đấu,",一川碎石大如鬥，
Sinh thử vương quốc!,生此王國。
"Tương lão dĩ thất tử tôn ưu,",將老已失子孫憂，
Như tòng lưu sa lai vạn lý.,如從流沙來萬里。
"Xuân trì thâm thả quảng,",春池深且廣，
"Ký mâu kích chi tương tầm hề, nãi ngọc bạch chi tương lân...",既矛戟之相燖兮，乃玉帛之相鄰。
Lộ bàng lão tận một nhàn nhân.,路傍老盡沒閒人。
"Bất cứ sơn hà, cứ bình địa,",不據山河據平地，
Vân đê khoáng dã bình.,雲低曠野平。
Vân lai sơn nhập mộng.,雲來山入夢。
Cao thành truỳ thác lậu thanh sầu.,高城椎柝漏聲愁。
"Song dực câu khởi phiên cao phi,",雙翼俱起翻高飛，
Y hoan ngã độc tâm cô bi.,伊歡我獨心孤悲。
"Hoặc tứ chi diên,",或肆之筵，
Tương phùng bất tri lão.,相逢不知老。
Công bình chính trực tức thiên đường.,公平正直即天堂。
"Nhĩ thụ mệnh trường hĩ,",爾受命長矣，
"Bát loan thương thương,",八鸞鏘鏘，
Bi vô đoạn tuyệt.,悲無斷絕。
"Hữu tửu, hữu tửu,",有酒有酒，
"Đỗ quyên vô ngữ chính hoàng hôn,",杜鵑無語正黃昏，
"Phản cảnh nhập thâm lâm,",返景入深林，
"Đậu thị ngự,",竇侍禦，
"Kiêm ái, thượng đồng,",兼愛尚同，
Hựu lương ngự ký.,又良御忌。
Nhạn! Nhạn! Nhữ phi hướng hà xứ?,鴈！鴈！汝飛向何處？
Tử vô hám hỹ cựu thần thượng hữu thánh vương tri.,死無憾矣舊臣上有聖王知。
"Tinh thiều quyên cát độ trùng quan,",星韶蠲吉度重關，
Mạc thị cảo châm quy.,莫是稿砧歸。
Tâm chi ưu hĩ.,心之憂矣。
Chưng tại lật tân.,烝在栗薪。
Đắc bằng tải tửu thả tương tòng.,得朋載酒且相從。
Hà huống đài trung ca vũ kỹ.,何況臺中歌舞妓。
Hướng lai ai lạc hà kỳ đa.,向來哀樂何其多。
Đảo y châm thượng phất hoàn lai.,搗衣砧上拂還來。
"Thả vi nhân thục bất duyệt sinh, dục tòng quyền khủng vưu hại nghĩa.",且爲人孰不悅生，欲從權恐尤害義。
Đạo lý du trường.,道理悠長。
Vi quân uyển trung cầm.,為君苑中禽。
"Thi gia tam muội hốt kiến tiền,",詩家三昧忽見前，
Sơn lâu cổ giốc truyền.,山樓鼓角傳。
Tửu hàm kích kiếm giao long hú.,酒酣擊劍蛟龍吼。
Dân tốt lưu vong.,民卒流亡。
Vĩnh thỉ phất qua.,永矢弗過。
"U u lộc minh,",呦呦鹿鳴，
"Truất trắc u minh,",黜陟幽明，
"Dụng vi hy hoà thiên vi thành,",用為羲和天為成，
"Trì biên độc tự toạ,",池邉獨自坐，
"Tri âm bất dị,",知音不易，
"Xuân nhật trì trì,",春日遲遲，
Mộng trung chỉ hữu hoa kham chiết.,夢中只有花堪折。
Thiên thanh vạn thanh vô liễu thì.,千聲萬聲無了時。
Kinh hoàng tẩu tán lão nhi nữ.,驚惶走散老兒女。
Kỷ thời tài đắc hợp hoan bào.,幾時裁得合歡袍。
Nhĩ hào ký gia.,爾殽既嘉。
Ngã diệc minh niên từ đế đô.,我亦明年辭帝都。
"Quả ngôn cẩn hậu,",寡言謹厚，
Luỹ nhật hỉ đắc câu đông hành.,累日喜得俱東行。
"Tái tạo can khôn hân phục ngọ,",再造乾坤欣復午，
"Vấn dư biệt hận tri đa thiểu,",問余別恨知多少，
Cận tĩnh Đồng Quan tảo phong nghĩ.,近靜潼關掃蜂蟻。
Khoả ngã giang thượng chu.,裹我江上舟。
Phạ hướng hoa tiền thính oanh ngữ.,怕向花前聽鶯語。
"Văn hồ bào dĩ vi chí giả hề,",文瓠匏以為觶斝兮，
"Vạn hạm kim qua hề, xuất hải nhưng,",萬艦金戈兮出海陾，
"Tiểu nhân vị nhân,",小人為人，
"Nhật nguyệt quang thiên đức,",日月光天德，
"Duy thử nhị quốc,",維此二國，
"Đương thử vĩnh dạ hề, truy tư thoái tỉnh,",當此永夜兮，追思退省，
"Bạch hạc khiếu dĩ ai hiệu hề, cô thư trĩ ư khô dương.",白鶴噭以哀號兮，孤雌跱於枯楊。
"La Phù tiên tử băng vi hồn,",羅浮仙子冰為魂，
Ô hô!,嗚呼！
"Thế thượng na tri cổ hữu Tần,",世上那知古有秦，
Bỉ truyết giả gia.,彼茁者葭，
"Cánh hữu đoàn sa ế hải ngạn,",更有團沙翳海岸，
"Tao linh bất khả kiến,",騷靈不可見，
"Tức sự phi kim diệc phi cổ,",即事非今亦非古，
"Điếu đĩnh thu mân tận,",釣艇收緡盡，
Loan bội tương phùng quế hương mạch.,鸞佩相逢桂香陌。
"Tà quang yên đạm xứ,",斜光煙淡處，
Lũ minh nguyệt dĩ vi đương da?,鏤明月以為璫耶？
Hương sơn vũ phân phân.,鄉山雨紛紛。
"Khuynh ngạn dương dương, lập nhi hùng kinh.",傾岸洋洋，立而熊經。
Phong sa vô tình mạo như ngọc.,風沙無情貌如玉。
"Duy kim chi nhân,",維今之人，
Kỳ phủ!,祈父、
Quán Quân mộ thượng bi phong khởi.,冠軍墓上悲風起。
Mã tích vương nộ vương phác nhân.,馬瘠王怒王扑人。
"Duy dư lâm ngoại điểu,",唯餘林外鳥，
"Hạo kinh Bích Ung,",鎬京辟癰，
"Ngã hữu chi tửu,",我有旨酒，
Xuân hoa áp chi đê.,春花壓枝低。
"Lao dân vị quân,",勞民為君，
Bảo phiến nghinh quy cửu hoa trướng.,寶扇迎歸九華帳。
"Tân bằng tương tống xa thanh huyên,",賓朋相送車聲喧，
"Ngã kim suy lão tài lực bạc,",我今衰老才力薄，
"Phản hữu tang,",阪有桑，
Lưu sử bôn thoan quy hải nhiên.,流駛奔湍歸海陾。
Thất khước Dương Đài nữ.,失卻陽台女。
Đan phương tần thí cánh kham si.,丹方頻試更堪癡。
Hỷ sơn cư chi nhã tịch.,喜山居之雅寂。
Thiệu Bá sở thuế.,召伯所說。
"Do kỳ tri bỉ tri kỷ, năng nhược năng cường;",由其知彼知己，能弱能強；
"Lưỡng loan tự xúc phi xúc quyến yên my,",兩彎似蹙非蹙罥煙眉，
"Khuynh trắc mại chúa,",傾側賣主，
"Khiển quan tuần hành cần phủ uý,",遣官巡行勤撫慰，
Thế phong thứ sử phi thì triều.,世封刺史非時朝。
"Thường thời diễn thuyết bất tư nghị,",嘗時演說不思議，
Quang Thuận Hồng Đức thiên Nam nhất thịnh sử thị quân hữu thị thần.,光順洪德天南一盛史是君有是臣。
Bi minh vân gian.,悲鳴雲間。
Tao ngã hồ Nao chi dương hề.,遭我乎峱之陽兮。
"Tuyệt mạc đại quân hoàn,",絕漠大軍還，
"Nghĩa binh sơ khởi, tặc thế phương trương;",義兵初起，賊勢方張；
"Hạnh vị đạt thư hiền phủ chủ,",幸為達書賢府主，
"Cửu thiên chi tế,",九天之際，
Y lãng bình phô lục ỷ khâm.,伊浪平鋪綠綺衾。
"Tam nguyệt thập nhật xuân mông mông,",三月十日春濛濛，
"Bạc điền bán khoảnh cao chi đông,",薄田半頃皋之東，
"Tác chi bính chi,",作之屏之，
Đại châu tiểu châu lạc ngọc bàn.,大珠小珠落玉盤。
Bách thảo phong mậu.,百草豐茂。
Vãn cường vi nhược.,挽強為弱。
"Vưu công viễn thế cổ mạc tỷ,",尤工遠勢古莫比，
"Hưu nhược hữu dung,",休若有容，
Tiêm xa duy thường.,漸車帷裳。
"Khứ hoa tựu thực, san ngoa vi thuần.",去華就寔，刊訛為純。
"Tích nhân tằng ngôn Tỉnh Hình đạo,",昔人曾言井陘道，
Hội kiến nhất đường ngư thuỷ lạc.,會見一堂魚水樂。
"Khoan trách như kim vị khả tri,",寛窄如今未可知，
Thừa ân sác thướng Nam Huân điện.,承恩數上南熏殿。
Dân thị thiên dân thiên tự tuất.,民是天民天自卹。
"Hứng lai mãi tận thị kiều tửu,",興來買盡市橋酒，
thành hạ phóng mã mã tản hành.,城下放馬馬散行。
Đoan đích thị nam nhi.,端的是男兒。
"Ngôn tắc vô tri âm,",言則無知音，
"Từ khanh nhị tử sinh tuyệt kỳ,",徐卿二子生絕奇，
"Tấn hưng Giao giới nhập Hán chế,",晉興交界入漢制，
"Ngô châu nhất sơn thị An Lão,",吾州一山是安老，
Thuỳ tri chuyển phán hồng nhan ngộ.,誰知轉盼紅顏誤。
Kỳ đức mỹ hối.,其德靡悔。
"Nguyệt minh hà sở kiến,",月明何所見，
Ký ức tế cố phi cao hiền.,記憶細故非高賢。
"Tự tòng lưu lạc ưu cảm tập,",自從流落憂感集，
"Phỉ thả hữu thư,",匪且有且，
Đột ngột vi chi chủ.,突兀為之主。
Thanh sơn hà xứ thâm.,青山何處深。
"Trú mã dục phân khâm,",駐馬欲分襟，
"Hà danh lợi chi tương trục hề, thục vi sơ nhi vi thân.",何名利之相逐兮，孰為疏而為親。
"Khuyết đa viên thiểu tương nại hà,",缺多圓少將奈何，
Hiểu giá thán xa triển băng triệt.,曉駕炭車輾冰轍。
"Mạc quản khan bi nhân chỉ điểm,",莫管看碑人指點，
Công thành sát tướng hà phân phân.,攻城殺將何紛紛。
Tả tác An Nam phong thổ chí.,寫作安南風土誌。
Lưỡng triều trung hiếu thế gian vô.,兩朝忠孝世間無。
"Thoa lạp Ngũ Hồ vinh bội ấn,",簑笠五湖榮佩印，
"Ải nãi nhất thanh, quần sơn chuyển huy.",欸乃一聲，群山轉暉。
Hán nữ diệc giải điệu Hồ cầm.,漢女亦解調胡琴。
"Dong canh do tự bão trường cơ,",傭耕猶自抱長飢，
"Thực đàm thực hu,",實覃實訏，
"Thuỳ tri lang tạ loạn như ma,",誰知狼籍亂如麻，
Tam canh phong lạc Ngô giang lãnh.,三更風落吳江冷。
Túc dạ tại công.,夙夜在公。
Vu bỉ tân điền.,於彼新田，
Phủ sát kỷ diên.,俯察几筵。
"Hồn như hữu linh,",魂如有靈，
Thuỷ quang đãng phù.,水光蕩浮。
"Đông qui tham lộ tự giác nan,",東歸貪路自覺難，
"Nhật lạc Từ hà thuỷ loạn lưu,",日落徐河水亂流，
Đệ thiết công danh hảo quyền thế.,弟切功名好權勢。
Liêu khuếch du thần vong vật ngã.,寥廓游神忘物我。
Phong đệ khinh băng lạc hàn chiểu.,風遞輕冰落寒沼。
"Luận tư tán hoạch,",論思贊畫，
"Độc học vô hữu,",獨學無友，
Bất quyển châu liêm kiến giang thuỷ.,不卷珠簾見江水。
"Nhân sinh thọ xúc,",人生壽促，
Tang ma tế dã thắng phong hầu.,桑麻蔽野勝封侯。
"Bất khả đạc tư,",不可度思，
"Mai Bá thụ hải,",梅伯受醢，
Bất nhẫn hư trịch uỷ hoàng ai.,不忍虛擲委黃埃。
Nguyện dĩ chỉ thủ tương thiên bổ.,愿以只手將天補。
Liễu nhãn lộng sầu.,柳眼弄愁。
"Chính khí túng nhiên hoàn tuyển hoá,",正氣縱然還選化，
"Vạn khoảnh lương điền,",萬頃良田，
Thiên tử diệc niệm tây nam ngu.,天子亦念西南隅。
Kê ký minh hĩ.,「雞既鳴矣，
Hà dĩ tốc ngã ngục?,何以速我獄？
Vĩnh thỉ phất cốc.,永矢弗告。
Ngã lão tự giác đầu thuỳ ty.,我老自覺頭垂絲。
"Phá ốc hàm tinh tịch tác môn,",破屋含星席作門，
Thụ sắc ẩn lương thiền.,樹色隱涼蟬。
Tại Tuấn chi thành.,在浚之城。
"Tứ phương du đồng,",四方攸同，
"Ngân tiễn kim hồ lậu thuỷ đa,",銀箭金壺漏水多，
Thiên lý vạn lý quang bất diệt.,千里萬里光不滅。
"Lạc nhật thanh giang lý,",落日清江裏，
Trần hầu lập thân hà thản đãng?,陳侯立身何坦蕩？
Bãi chiến hưu binh hợp thiên ý.,罷戰休兵合天意。
"Tiền san thám tốt tiêu lai báo,",前山探卒宵來報，
"Dĩ ngự tân khách,",以禦賓客、
"Vị kiến quân tử,",未見君子、
"Tuy xử khốn nhi ích hanh, tri tương hưng chi hữu tường.",雖處困而益亨，知將興之有祥。
"Trở đậu vi báo,",俎豆為報，
"Thành trung hào gia tận phiêu lược,",城中豪家盡剽掠，
"Luân Đài đông môn tống quân khứ,",輪臺東門送君去，
Tần nga đối ảnh hận ly cư,顰蛾對影恨離居。
Biệt thời mang mang giang tẩm nguyệt.,別時茫茫江浸月。
"Tử phủ lâu các cao tương ỷ,",紫府樓閣高相倚，
"Trùng trùng bích hải phù độ lai,",重重碧海浮渡來，
"Huýnh chước bỉ hành lạo,",泂酌彼行潦，
"Đa ngôn thị quyệt,",多言是譎，
"Thăng đường toạ giai tân vũ túc,",升堂坐階新雨足，
"Điền trung hoà tuệ xứ xứ hoàng,",田中禾穗處處黃，
Tha nhân nhập thất.,他人入室。
Kỳ tốc duy hà?,其蔌維何？
Phụ nhân nhâm thần.,婦人妊娠。
Nhiệt Hải viêm khí vi chi đoạt.,熱海炎氣為之奪。
Do trước vũ y trung.,猶著舞衣中。
Hoa khai hoa tạ duyên hà sự?,花開花謝緣何事?
Đào phong hám thụ truỵ.,濤風撼樹墜。
Nhật nguyệt kỳ đầu.,日月其慆。
"Bỉ Phần nhất phương,",彼汾一方，
"Hoa tâm sầu dục đoạn,",花心愁欲斷，
Tuấn mã khinh xa ủng tương khứ.,駿馬輕車擁將去。
"Tông tượng nhị nghi,",宗匠二儀，
Huề thủ đồng thướng yên hà lộ.,攜手同上煙霞路。
Vân hoàn bất chỉnh kinh hồn định.,雲鬟不整驚魂定。
"Chủng thì dĩ biến phục vân tỉ,",种蒔已遍复耘耔，
"Lai thời nam mạch hoa nghênh nhập,",來時南陌花迎入，
Ngũ Lăng niên thiếu bất tương nhiêu.,五陵年少不相饒。
"Lễ nhạc chiêu trứ, pháp độ tu minh.",禮樂昭著，法度修明。
"Hồ nhiên nhi đế sử hư sinh,",胡然而帝使虛生，
"Bát khí Đàm Châu bách hộc tửu,",撥棄潭州百斛酒，
"Hà y dục động hề, thính hoàn bội chi khanh thương.",荷衣欲動兮，聽環珮之鏗鏘。
Ân kỳ doanh hĩ.,殷其盈矣。
Tải liệm yết hiêu.,載獫歇驕。
"Tứ kỳ dực dực,",四騏翼翼。
"Tuyên chiêu nghĩa văn,",宣昭義問，
Giá sắc tốt dương.,稼穡卒癢。
Hằng đức vô tạc.,恆德無怍。
"Tạ Công chánh yếu Đông Sơn kỹ,",謝公正要東山妓，
Suất do cựu chương.,率由舊章。
"Ư thị dao bội sức, minh ngọc loan.",於是搖珮飾，鳴玉鸞。
"Thái tang nhật yến huề khuông quy,",采桑日晏攜筐歸，
"Trúc thành y hức,",築城伊淢，
Giá ngôn tồ Đông.,駕言徂東。
"Thuỳ thị Ngô Tùng Trương Quý Ưng,",誰是吳淞張季鷹，
Kiều suyễn vi vi.,嬌喘微微。
Ấp ngã vị ngã huyên hề.,揖我謂我儇兮。
Kỳ triệu ương ương.,旂旐央央。
"Tích thời thanh lâu đối ca vũ,",昔時青樓對歌舞，
Vu tư tư nguyên.,于胥斯原。
Thử thời chỉ hữu điền gia mang.,此時只有田家忙。
Đầu bút hoặc tự Phù Phong Ban.,投筆或似扶風班。
"Vinh hoa chung thị tam canh mộng,",榮華終是三更夢，
"Sơn khởi nhẫn mai thành khí ngọc,",山豈忍埋成器玉，
Hoàng kỳ nhập Lạc cánh hà tường?,黄旗入洛竟何祥？
"Ai ngã nhân tư,",哀我人斯、
"Ngã phi Tư hề, phẩm Đan Dương,",我非胥兮，品丹陽，
"Chỉnh y phục, liễm dung nhan.",整衣服，歛容顏。
"Tự tri thiếp ý giai nhân ý,",自知妾意皆仁意，
"Nghi kỳ vi chúng nhân chi sở khoái đổ, nhi túc nghiệm thiên tượng chi chiêu cách.",宜其為眾人之所快睹，而足驗天象之昭格。
"Hữu bằng hữu dực,",有馮有翼，
"Điếm bắc do tồn cổ chiến trường,",店北猶存古戰場，
"Ân hữu hoặc phụ,",殷有惑婦，
Bình minh khởi tống cập đài môn.,平明起送及臺門。
Siêu đằng nhược phi tuyết.,超騰若飛雪。
"Hành thi bách thế,",行施百世，
"Lâm Hải cựu lai văn Phiêu Kỵ,",臨海舊來聞驃騎，
"Cơ hạc phiên phi bất uý nhân,",飢鶴翻飛不畏人，
"Thư sinh kỷ đắc diện quân vương,",書生幾得面君王，
"Thuỳ ngôn kim túc Tây Lăng hạ,",誰言金粟西陵下，
"Hồng phi minh minh nhật nguyệt bạch,",鴻飛冥冥日月白，
"Thiếu tiểu tu cần học,",少小須勤學，
"Túc dạ vô dĩ,",夙夜無已。
Hà do khảo chi?,何由考之？
Dực phù dữ nhạn.,弋鳧與雁。」
Văn Vương dĩ ninh.,文王以寧。
"Chúng hưởng tiệm dĩ tịch,",眾響漸已寂，
Thuỳ thị chủ nhân vân tính Tôn.,誰是主人云姓宗。
Khởi tuẫn nhân gian cầu túc dục.,豈徇人間求足欲。
Phỉ thích Tru Lâm.,匪適株林，
"Thiên chi phương ngược,",天之方虐，
"Dân chi hồi duật,",民之回遹，
Hà tằng bất dạ quy?,何曾不夜歸。
Viễn huynh đệ phụ mỵ.,遠兄弟父母。
Đại tiểu nhị triện sinh bát phân.,大小二篆生八分。
"Điều văn long đỗ chung di, gian quan cân độ giang chi thất mã.",條聞龍肚鐘移，間關跟渡江之匹馬。
Cựu thư độc tự khách sơ quy.,舊書讀似客初歸。
"Phấn tấn mao y bài song nhĩ,",奮迅毛衣擺雙耳，
Tửu đồ lịch lịch toạ châu đảo.,酒徒歷歷坐洲島。
Nãi viện ngự giả nhi cáo chi viết:,乃援御者而告之曰：
"Ngoại trạch phụ, mạc sân đố,",外宅婦，莫嗔妒，
"Dung dữ hồ Dương Lâm,",容與乎陽林，
Cửu tuyền chi hạ bất nhiêu nhữ.,九泉之下不饒汝。
Tán bộ tiêu dao tự môn phúc.,散步逍遙自捫腹。
Há than nhân hỉ thướng than sầu.,下灘人喜上灘愁。
"Nguyện tác lạc hoa phi,",願作落花飛，
Bát nguyệt thu đào vãn.,八月秋濤晚。
"Lại thiên đạo chi hảo hoàn, hữu Linh Võ chi thánh tử.",賴天道之好還，有靈武之聖子。
"Độ kỳ thấp nguyên,",度其隰原，
"Thiên hạ công hầu,",天下公侯，
Điếu giả an tri phi hạ tuỳ.,弔者安知非賀隨。
"Ký minh thả triết,",既明且哲，
Văn võ trù lược;,文武籌略；
"An năng dĩ thử thượng luận liệt,",安能以此上論列，
Lũng thượng hành nhân dạ xuy địch.,隴上行人夜吹笛。
"Ngô tài tuy bất thăng bôi chước,",吳才雖不勝杯酌，
"Ứng đản hà niên,",應誕何年，
Quá thử viêm ai kỷ nhật nhàn.,過此炎埃幾日閒。
Nhất khứ vô tiêu tức.,一去無消息。
"Chức cẩm do vị thành,",織錦猶未成，
Thiên cổ vạn cổ danh bất nhân.,千古萬古名不湮。
"Động chi sinh loạn ảnh,",動枝生亂影，
Tinh tinh tịch tịch.,惺惺寂寂。
"Ta nhĩ tam tê bất kinh tế,",嗟爾三犀不經濟，
Hà tất:,何必：
Cảo miêu bình địa thanh bồng bồng.,搞苗平地青芃芃。
"Duy nhạc giáng thần,",維岳降神，
"Triêu kiến dương dương ủng cái lai,",朝見揚揚擁蓋來，
"Tửu hầu vô nại dạ khát thậm,",酒喉無耐夜渴甚，
Vị ưng thương vật hoa.,未應傷物華。
Ánh liêm mộng đoạn văn tàn ngữ.,映簾夢斷聞殘語。
Túng hữu dược thạch nan phù trị.,縱有葯石難扶治。
"Ngô dục quan thái hư hề, Trường Canh dữ Khải Minh nhi câu dân.",吾欲觀太虛兮，長庚與啟明而俱泯。
"Ô hô Phòng, Nguỵ bất phục kiến,",嗚呼房魏不復見，
Tỷ hoa an cư?,枲華安居？
"Nguyệt hắc kiến ngư đăng,",月黑見漁燈，
Nhất danh cơ bạn trường như thử!,一名羈絆長如此。
"Không tương Hán nguyệt xuất cung môn,",空將漢月出宮門，
Chức đạo vi khấu.,職盜為寇。
Nhàn sơ hạc phát đối tà huy.,閑梳鶴發對斜暉。
Da khê nữ như tuyết.,耶溪女如雪。
"Thương nhân trọng lợi khinh biệt ly,",商人重利輕別離，
"Tĩnh các đàm huyền dạ,",靜閣談玄夜，
Do bị thưởng thì ngư.,猶被賞時魚。
"Giản hộ tịch vô nhân,",澗戶寂無人，
Phiêu phiêu tri phục đoạ hà xứ.,飄飄知復墮何處。
"Hầu môn duệ đoạn thiên kim tác,",侯門曳斷千金索，
"Nguyện sung ái vật chi tâm, nhi vi ái hiền chi tâm; suy đãi vật chi chí, nhi vi đãi hiền chi chí.",願充愛物之心，而為愛賢之心，推待物之志，而為待賢之志。
"Tiên dân hữu ngôn,",先民有言：
Cửu tình khát vũ xa thanh phát.,久晴渴雨車聲發。
Vô bất năng chỉ.,無不能止。
Hà ta cập hĩ?,何嗟及矣。
Kỷ kinh thôn thổ lai.,幾經呑吐來。
"Thi gia bút thế quân bất hiềm,",詩家筆勢君不嫌，
"Nhất khuông thiên hạ,",一匡天下，
Điểu phú dực chi.,鳥覆翼之。
"Luyện binh khiển tướng, chế thắng xuất kỳ.",練兵遣將，製勝出奇。
Độc tại âm nhai kết mao ốc.,獨在陰崖結茅屋。
Tuân mỹ thả vũ.,洵美且武。
"Dữ nhữ lâm cư vị tương thất,",與汝林居未相失，
"Tự quân chi xuất hỹ,",自君之出矣，
Nhân sinh hội diện nan tái đắc.,人生會面難再得。
"Nhất phong khuyết xứ bổ nhất vân,",一峰缺處補一雲，
"Nữ thuyền đồng tử hoàng đoản đoản,",女嬋童子黄短短，
"Thái thái phù dĩ,",采采芣苡、
Chuyển đạo Trường An xuân tảo lai.,轉道長安春早來。
Phủ thiếp liên thôi trúc hà tốt.,府帖連催築河卒。
"Nhân phạt mộc dĩ tài lâu, biệt hướng phong vấn Bạch Xã viên cơ chi chỉ.",因伐木以裁樓，別向風問白社圓基之址。
"San ngọc bội hề tương tương, tân y quan hề sở sở.",珊玉佩兮將將，繽衣冠兮楚楚。
Di tôn tử.,詒孫子。
"Đãi thiên chi vị âm vũ,",迨天之未陰雨、
Tảo dĩ chiến trường đa.,早已戰場多。
Vân như chi hà?,云如之何？
Nãi mậu chiêu kỳ đại đức; tư dư nhật nhi tề quang.,乃懋昭其大德；思與日而齊光。
"Vân mấn bán thiên tân thuỵ giác,",雲鬢半偏新睡覺，
Tống ngã hồ Kỳ chi Thượng hĩ.,送我乎淇之上矣。
"Tây Xuyên độc phách chân anh chủ,",西川獨霸真英主，
Tự ái Bàng công bất lãng xuất.,似愛厖公不浪出。
"Lục Cơ nhị thập tác văn phú,",陸機二十作文賦，
"Hán binh phấn tấn như phích lịch,",漢兵奮迅如霹靂，
"Liệt sĩ kích ngọc hồ,",烈士擊玉壺，
Hà huống mê ly yên vũ lý.,何況迷離煙雨里。
"Cố tri Dữu Tín đa thanh lệ,",故知庾信多清淚，
Tập Châu lâm hề phụng giả chứ.,集珠林兮鳳者翥。
"Nghinh thần hàm tố hoa,",迎晨含素華，
Ẩm mã mã hoàn kinh.,飲馬馬還驚。
"Cổ công Đản phủ,",古公亶父，
Trữ lập ngưng mâu.,佇立凝眸。
Hoặc trạo cô châu.,或棹孤舟。
"Tình thiểu xuân quang thiển,",晴少春光淺，
Thuỳ tương tây quy?,誰將西歸，
"Thiên địa tiếp thanh thu,",天地接清秋，
"Cận lâu đa thiểu vị hành chu,",近樓多少未行舟，
"Giang liên Thanh Hán phân hoàn hợp,",江連清漢分還合，
"Vân đình thuỷ chỉ bổn nhiên tâm,",雲停水止本然心，
Đài tiển thực tận ba đào ngân.,苔蘚蝕盡波濤痕。
Ngã dục nhân chi tráng tâm phách.,我欲因之壯心魄。
"Ngã mã khôi đồi,",我馬虺隤。
Mông nhung thái cát hoa.,蒙茸採葛花。
"Môn nghiêm cửu trùng tĩnh,",門嚴九重靜，
Tần tần lặc mã hồi đầu khán.,頻頻勒馬回頭看。
Nhật nguyệt trùng khai tái tạo đồ.,日月重開再造圖。
Huệ chất tâm bi chỉ vấn thiền.,惠質心悲只問禪。
"Nhất nhạn quá liên dinh,",一雁過連營，
"Siêu trường ngâm dĩ vĩnh mộ hề,",超長吟以永慕兮，
Yếu bạn tao nhân xan lạc anh.,要伴騷人餐落英。
"Ngã năng xuy hề, hiệp lục luật.",我能吹兮，協六律。
"Bất tá lưu cao trợ tiên đỉnh,",不借流膏助仙鼎，
"Thái bình chi phù,",太平之符，
Thiệu Công duy hàn.,召公維翰。
Khiếu nộ sách phạn đề môn đông.,叫怒索飯啼門東。
Huệ thử nam quốc.,惠此南國。
Lãnh vũ xao song bị vị ôn.,冷雨敲窗被未溫。
"Khởi bất hiền vu Cốc Tuyền chi tại Hương Lô phong,",豈不賢于谷泉之在香爐峰，
Triển chuyển sầu bất dĩ.,輾轉愁不已。
"Kiệm tắc thường túc,",儉則常足，
Mã Anh cứu đấu nhi nộ giả ích nộ.,馬瑛救鬥而怒者益怒。
"Ba Lăng, Động Đình nhật bản đông,",巴陵洞庭日本東，
Tẩm bỉ bao thi.,浸彼苞蓍。
Dã vô đại hoạn dã vô thân.,也無大患也無身。
"Nhị bát ky sương tuyết bất xâm, hà giả vị hàn điêu lão bá.",二八朞霜雪不侵，何者未寒凋老柏。
"Biện lưu nhất khả tải sổ bối,",汴流一舸載數輩，
"Phỉ trực dã dũng,",匪直也勇，
"Nam tầm Vũ Huyệt kiến Lý Bạch,",南尋禹穴見李白，
"Khải đễ quân tử,",豈弟君子，
Di địch bạt hỗ đồ thuân tuần.,夷狄跋扈徒逡巡。
Ty lập thất gia.,俾立室家。
Sưu quyết trân quái cùng nhân gian.,搜抉珍怪窮人間。
"Thệ thuỷ đông lưu bất phục phản,",逝水東流不復返，
Nê nính mạc mạc cơ hồng hộc.,泥濘漠漠饑鴻鵠。
"Thực phương thực bao,",實方實苞，
Tạc nhật phó âm báo tiêu tức.,昨日訃音報消息。
"Hàm Dự dục dục, phân huy nhi giao xạ.",含譽煜煜，分輝而交射。
Khứ tuế quan gia sự nhung tác.,去歲官家事戎索。
Dĩ định ngã vương.,以定我王。
"Khiển nhân hướng thị xa hương canh,",遣人向市賒香粳，
"Ngư phụ thiên hàn võng cổ đống,",漁父天寒網罟凍，
"Ninh kỳ thử địa hốt tương ngộ,",寧期此地忽相遇，
Sát khí quân thanh mãn U Sóc.,殺氣軍聲滿幽朔。
"Giải cấu tương ngộ,",邂逅相遇，
Tế hà thuỷ thanh Hoàng hà hồn.,濟河水清黃河渾。
Chủ nhân bổng thương khách trường thọ.,主人捧觴客長壽。
"Hùng trĩ vu phi,",雄雉于飛，
Dụng giới bất ngu.,用戒不虞。
"Khoái lô, canh thuần,",鱠鱸羹蓴。
"Để Bạch Đằng giang,",抵白藤江，
"Tích thì quân hảo ẩm,",昔時君好飲，
"Ức tích Khai Nguyên toàn thịnh nhật,",憶昔開元全盛日，
Thảo đường tự thử vô nhan sắc.,草堂自此無顏色。
Hình tuỳ bắc nhạn lai.,形隨北雁來。
Thiên cốt lão ngạnh vô bì phu.,天骨老硬無皮膚。
Thiên cổ xưng mỹ.,千古稱美。
"Quế cung lưu ảnh quang nan thủ,",桂宮流影光難取，
"Liêu lạc cố hành cung,",寥落故行宮，
Nhất đàn nhất thanh phi thướng thiên.,一彈一聲飛上天。
"Toả thạch đằng sao nguyên tự lạc,",鎖石藤稍元自落，
"Côn Di thoái hĩ,",混夷駾矣，
Giá trị bách thất luyện.,價值百匹練。
Huỳnh huỳnh hoa chúc.,熒熒華燭。
Hướng noãn hạ sàng trì.,向暖下床遲。
"Hữu ý liên diệp gian,",有意蓮葉間，
"Vân xa phong mã tiểu lưu liên,",雲車風馬小留連，
Thuỷ diện nguyệt xuất lam điền quan.,水面月出藍田關。
"Kim nhật hà nhật ban lan y,",今日何日斑斕衣，
Sinh vu đạo tả.,生于道左。
"Khổng Tử tây hành bất đáo Tần,",孔子西行不到秦，
Tử ninh bất ly?,子寧不來？
Bất ký vân gian nhất chỉ thư.,不寄雲間一紙書。
Điếu khách tân tòng vạn lý lai.,弔客新從萬里來。
Thu sương nhập kính hà đương huyền.,秋霜入鏡何當玄。
Đăng lâu vạn lý xuân.,登樓萬里春。
"Thu mộc thê thê,",秋木萋萋，
Sự vãng cận hữu lệ.,事往僅有淚。
"Hướng lai trường kỹ tận,",向來長技盡，
"Hồ nghĩ dương, thác hổ chi uy.",狐擬揚，托虎之威。
"Sức tân cung dĩ duyên trữ hề,",飾新宮以延貯兮，
Giáng quan vu tang.,降觀于桑，
Phong dao ngọc thử định mê thôn.,風搖玉黍定迷村。
"Hữu đệ hữu đệ thuần thả lương,",有弟有弟純且良，
"Diên cảnh cổ dực,",延頸鼓翼，
Tích đức kiêm nhân.,積德兼仁。
"Bách tịch động dung quan tấu độc,",百辟動容觀奏牘，
Thu lai bất kham trước.,秋來不堪著。
"Hoàn tư cố viên lộ,",還思故園路，
"Thử kim nhật sở dĩ hoá Hồ Việt vi nhất gia,",此今日所以化胡越為一家，
Minh nhật đối thu phong.,明日對秋風。
"Sa duy trú noãn mặc hoa xuân,",紗帷晝煖墨花春，
"Hà như đương sơ,",何如當初，
Dị vu trung cốc.,施于中谷。
Hành vân lưu thuỷ tuỳ sở như.,行雲流水隨所如。
"Bão ảnh băng hồ trung,",抱影冰壺中，
Dữ tử đồng bừu!,與子同袍。
Hồ cầm tỳ bà dữ Khương địch.,胡琴琵琶與羌笛。
Trượng lê cường khởi y đồng bộc.,杖藜強起依僮僕。
Tam thành thủ biên khước khả đồ.,三城守邊卻可圖。
Kỳ loại duy hà?,其類維何？
Hung ác chi nhân.,凶惡之人。
Hồng y thiển phục thâm.,紅衣淺復深。
Cái diệc cổ kim chi sở vị kiến văn.,蓋亦古今之所未見聞。
"Thiết uất đào hề dư tâm,",切欝陶兮予心，
Phục chẩm thanh phong hạn ngọc trừ.,伏枕青楓限玉除。
Khả dĩ âu trữ.,可以漚紵。
Vô đức bất báo.,無德不報。
Thuỳ kỳ thi chi?,誰其尸之？
"Tự Vũ thụ chi,",嗣武受之，
Trước tiên khoá mã thiệp viễn đạo.,著鞭跨馬涉遠道。
"""Phản lai, bất chuẩn tái trì diên"".",返來不准再遲延。
"Bất tri ngã giả,",不知我者，
"Ký khích cảm nhi tâm trục hề,",既激感而心逐兮，
"Lâm hương xuất thật thuỳ tương tận,",林香出實垂將盡，
Tiên trữ chức triêu hà.,仙杼織朝霞。
Thái vương chi thiên vu Kỳ.,太王之遷于岐。
Cửu hoa trướng lý mộng hồn kinh.,九華帳裡夢魂驚。
"Hoàng vân ảm ảm một Kim Vi,",黃雲黯黯沒金微，
Bỉ quân tử hề!,彼君子兮，
"Phong yên tự tích Lộc Môn thâm,",風煙自昔鹿門深，
"Vân tòng long hề, phong tòng hổ.",雲從龍兮風從虎。
"Ngũ hoa liên tiền tuyền tác băng,",五花連錢旋作冰，
Vũ Lăng xuân thụ tha nhân mê.,武陵春樹他人迷。
Chưng tí tổ tỉ.,烝畀祖妣。
Văn vương khang chi.,文王康之。
"Bỉ vương Trụ chi cung,",彼王紂之躬，
Nam cai tuần bộ tương hài hy.,南陔循步相諧煕。
Kim hạnh lạc quốc dưỡng vi khu.,今幸樂國養微軀。
Phương sĩ do ngôn tiên khả đắc.,方士猶言仙可得。
"Khoan hề, xước hề!",寬兮、綽兮，
"Bất tích kỳ ma,",不績其麻，
Vị tha nhân phụ.,謂他人父。
"Bát nguyệt kỳ hoạch,",八月其獲，
"Ư duy thánh hoàng,",於維聖皇，
Lỗ kỵ băng đằng uý tật lê.,虜騎崩騰畏蒺藜。
Hoa dục khuy nhân liêm bất quyển,花欲窺人簾不卷。
Thuý vĩ kim hoa bất từ nhục.,翠尾金花不辭辱。
"Nhất công trì nhất bát,",一公持一缽，
"Thụ thiên chi hỗ,",受天之祜，
Tiễn lâm khiêu vạn châu.,濺林蹺萬珠。
Kim niên đấu phẩm sung quan trà.,今年鬥品充官茶。
"Độc lâu không tử Phàn tướng quân,",髑髏空死樊將軍，
Tỉnh vấn Thiên Trúc tự tiền thạch thượng kiến.,省問天竺寺前石上見。
"Bằng lan tâm khảm thư chàng thung,",憑闌心坎舒撞舂，
"Nhất nhật bất kiến,",一日不見，
Đông cao ngải thử quy.,東皋刈黍歸。
Trưởng nhân hà thủ?,長人何守？
Nãi trượng đại thuận; cách Hạ uy Thương.,乃丈大順；革夏委商。
Giai khí thông thông chí kim vượng.,佳氣蔥蔥至今旺。
"Mệnh chung tam kỷ,",命終三紀，
"Thuỳ nhân thứ phá giới am trung,",誰人覷破芥庵中，
"Duy vị hữu đàm hề, duy hạc hữu lương.",惟鮪有潭兮，惟鶴有梁。
Trưởng lang bệnh vị dũ nhất triêu thất thị tối kham liên.,長郎病未愈一朝失恃最堪憐。
"Tái chấn tái túc,",載震載夙，
"Ngũ sắc tường vân xương hạp gian,",五色祥雲閶闔間，
Thất nguyệt phanh quỳ cập thúc.,七月亨葵及菽，
"Tu du khách khứ dư diệc tựu thuỵ. Mộng nhất đạo sĩ, vũ y biên tiên, quá Lâm Cao chi hạ, ấp dư nhi ngôn viết: “Xích Bích chi du lạc hồ?” Vấn kỳ tính danh, phủ nhi bất đáp. “Ô hô y hy! Ngã tri chi hĩ. Trù tích chi dạ, phi minh nhi quá ngã giả, phi dư dã gia?” Đạo sĩ cố tiếu, dư diệc kinh ngộ. Khai hộ thị chi, bất kiến kỳ xứ.",須臾客去予亦就睡。夢一道士，羽衣蹁躚，過臨皋之下，揖予而言曰：「赤壁之遊樂乎？」問其姓名，俯而不答。「嗚呼噫嘻！我知之矣。疇昔之夜，飛鳴而過我者，非予也耶？」道士顧笑，予亦驚悟。開戶視之，不見其處。
Phân khổn cứu thế dụng hiền hào.,分閫救世用賢豪。
"Tế phí thị chi nhi bất kiến, tiêu kiều sạ hữu nhi sạ vô.",蔽芾視之而不見，肖翹乍有而乍無。
"Lôi vũ bất mê điền hải chí,",雷雨不迷填海志，
"Thiện niệm vu tâm,",善念于心，
Kinh phá thu song thu mộng tục.,驚破秋窗秋夢續。
Hoàng hôn ẩm mã bạng Giao Hà.,黃昏飲馬傍交河。
Đãn kiến ô mạo xuất phục một.,但見烏帽出復沒。
"Nhân bị sát liễu, gia bị phần,",人被殺了家被焚，
Vị kiến trung thôn bất khả thiên.,未見中村不可遷。
Không sử mai hoa hồ điệp mộng.,空使梅花蝴蝶夢。
"Thử hương chi nhân khí lượng trách,",此鄉之人氣量窄，
"Tục nhân đa phiếm tửu,",俗人多泛酒，
"Nghiễm doãn phỉ nhũ,",玁狁匪茹，
"Thanh Khê đạo sĩ nhân bất thức,",青溪道士人不識，
"Triêu lai nhập đình thụ,",朝來入庭樹，
"Tích hồ: tiên khắc hữu chung, đồ hữu kỳ thuỷ.",惜乎：鮮克有終，徒有其始。
Tửu tỉnh mộng giác tri hà xứ.,酒醒夢覺知何處。
"Hốt ức vũ thì thu tỉnh tháp,",忽憶雨時秋井塌，
"Thương thanh liệu lượng vũ thanh cấp,",商聲嘹亮羽聲急，
Lai vãng dự kỳ trình.,來往預期程。
Xuy xuất song song loan phụng thanh.,吹出雙雙鸞鳳聲。
"Văn Vương tại thượng,",文王在上、
"Ký đắc thăng vân,",既得昇雲，
"Nhật hoàng hôn nhi vọng tuyệt hề, trướng độc thác ư không đường.",日黃昏而望絕兮，悵獨託於空堂。
Tẩm bỉ bao lang.,浸彼苞稂。
Dư cáo chi viết:,余告之曰：
"Thái thái phù dĩ,",采采芣苡、
Tự thử kiều danh canh Dự Nhượng.,自此橋名更豫讓。
"Vũ Di khê biên túc lạp nha,",武夷溪邊粟粒芽，
Nghi thị cố nhân lai.,疑是故人來。
Sơn thuỷ tự tri âm.,山水自知音。
"Tài sản phân minh,",財產分明，
"Gia Lăng giang viễn vọng Nga My,",嘉陵江遠望峨眉，
Ngã vị thúc hốt duy nhật nguyệt.,我謂倏忽惟日月。
"Toản tựu tiền tự,",纂就前緒，
Mạc tri kỳ tha.,莫知其他。
Nhất phiến đan tâm báo thiên tử.,一片丹心報天子。
"Xuân khứ hoa hoàn tại,",春去花還在，
Vạn niên chi thượng nha loạn đề.,萬年枝上鴉亂啼。
Nhất tuý luy nguyệt khinh vương hầu.,一醉累月輕王侯。
Như hà nộ sinh giả.,如何怒生者。
"Tuân nhĩ cừu phương,",詢爾仇方，
Tinh thần lao kiệt.,精神勞竭。
Xích bán bạch ngư tân xuất võng.,尺半白魚新出網。
Nam nhi đương tự cường.,男兒當自强。
"Dân mỹ hữu lê,",民靡有黎，
Ty quản trù thu không thuý lai.,絲管啁啾空翠來。
Trúc kê khiếu vũ vân như mặc.,竹雞叫雨雲如墨。
Hữu bồ hàm điểm.,有蒲菡萏。
Trung hữu úc kim tô hợp hương.,中有郁金蘇合香。
"Thử khứ sơn trung kinh kỷ vạn,",此去山中經幾萬，
"Sương phong lai thì vũ như tả,",霜風來時雨如瀉，
"Tứ thiết khổng phụ,",駟驖孔阜，
"Quan tư kế tận sinh lộ vô,",官私計盡生路無，
"Vệ Hoắc tài kham nhất kỵ tướng,",衛霍才堪一騎將，
Thiên địa vi chi cửu đê ngang.,天地為之久低昂。
"Tâm sự như bạch nhật thanh thiên lỗi lỗi lạc lạc,",心事如白日青天磊磊落落，
"Thiên quân thái nhiên, tuân đạo hồ vô phản vô trắc;",天君泰然，遵道乎無反無側；
Phú diễm tự thị cung vi hoa.,富艷自是宮闈花。
"Thu lai vị tằng kiến bạch nhật,",秋來未曾見白日，
Bất kham trì ký quân.,不堪持寄君。
Như thử lương nhân hà?,如此良人何！
"Nam Ninh vạn lý quan san cách,",南寧萬里關山隔，
Thông Huyền đạo hựu huyền.,通玄道又玄。
"Cách sào hoàng điểu tịnh,",隔巢黃鳥并，
Đà phục hỗ cường tuỳ tiếm nguỵ.,佗復怙強隨僭偽。
"Nhất sinh ngạo ngạn khổ bất hài,",一生傲岸苦不諧，
Thuỳ sử yểm ức đề cô quỳnh.,誰使掩抑啼孤煢。
Phùng nhân mạc cương khiên.,逢人莫彊牽。
Nha xỉ dục lạc chân khả tích.,牙齒欲落真可惜。
"Bất cảm trường ngữ lâm giao cù,",不敢長語臨交衢，
"Vi phụ chỉ từ,",為父止慈，
Hách hách viêm viêm.,赫赫炎炎。
"Phân tập sát ư đào viên hề, nại thần tử chi nhẫn văn.",分襲殺於桃園兮，奈臣子之忍聞。
Tịnh toạ cổ sắt.,并坐鼓瑟。
"Niệm cùng cực chi bất hoàn hề,",念窮極之不還兮，
"Du du thương thân,",悠悠蒼天，
"Hoa lưu quyền cục bất năng thực,",驊騮拳跼不能食，
"Kỳ duy triết nhân,",其維哲人，
Vãn tuế hà công sứ nguyện quả.,晚歲何功使願果。
Vị ngã hà cầu.,謂我何求。
"Hữu chuy hữu phi,",有騅有駓，
Hành lộ nan hành sáp như cức.,行路難行澀如棘。
Đình hộ đối hàm ca.,庭戶對酣歌。
"Cố nhân nỗ lực sự công danh,",故人努力事功名，
"Thanh khê quy lộ trực,",清溪歸路直，
Quốc bộ tư tần.,國步斯頻。
Tảo hoa vị lạc đồng âm trường.,棗花未落桐陰長。
"Liễu ti du giáp tự phương phi,",柳絲榆莢自芳菲，
"Chí kim, kim thượng do bát loạn,",至今今上猶撥亂，
"Mĩ bất hữu sơ,",靡不有初，
Chiếu thư ngũ đạo xuất tướng quân.,詔書五道出將軍。
Quế thụ đông vinh.,桂樹冬榮。
Hoa lạc bất đồng bi.,花落不同悲。
Liêu lạc hàn sơn đối hư dũ.,寥落寒山對虛牖。
Dục vãng tòng chi Tương thuỷ thâm.,欲往從之湘水深。
"Đương niên di sự tổng thành không,",當年遺事總成空，
"Dã khách tần lưu cụ tuyết sương,",野客頻留懼雪霜，
"Ba Đông chi giáp sinh lăng ty,",巴東之峽生淩澌，
Đồng thiên địa chi quy lượng hề.,同天地之規量兮，
Du chử hí hề.,遊渚戲蹊。
"Bảo khâm dữ trù,",抱衾與裯。
"Gian tai hữu thậm ư sơn giả,",艱哉有甚於山者，
Bị phục tiêm la.,被服纖羅。
"Tư nhân thịnh thời thuỳ cảm đương,",斯人盛時誰敢當，
Cổ vãng kim lai kỷ viên khuyết?,古往今來幾圓缺？
"Hiền hĩ Trần Chẩn,",賢矣陳軫，
Nguyệt lãng phong thanh thiên vạn hộ.,月朗風清千萬户。
Sầu lai vô địa lỗi tây phong.,愁來無地酹西風。
Trung niên đắc quy kế vĩnh cửu.,中年得歸計永久。
Quân tử thị thức.,君子是識。
"Ích kỷ hại nhân,",益己害人，
Tráng phu thính thử hồn diệc đoạn.,壯夫聽此魂亦斷。
Vi các chính nhu tài tái mệnh xuất ư tam kỷ hậu;,微閣正需才再命出於三己後；
"Tẩm dâm sưởng hoảng,",寢淫敞怳，
"Vu dĩ cẩn lý sương chi tiệm hề, vu dĩ phòng kiên băng chi chí.",于以謹履霜之漸兮，于以防堅冰之至。
"Thiên biên lão nhân quy vị đắc,",天邊老人歸未得，
Trắc bỉ cương hề!,陟彼岡兮，
Vi diệc nhu chỉ.,薇亦柔止。
Thử sự bất hệ ư chức ty.,此事不係於職司。
"Chẩm tân nhi ngoạ, huyền đảm nhi thường;",枕薪而卧，懸膽而嘗；
"Tịch dương tình cảnh hảo,",夕陽晴景好，
"Tứ mẫu phi phi,",四牡騑騑，
Bạch mã tướng quân nhược lôi điện.,白馬將軍若雷電。
Nguyện canh Chu Nhã Cửu Như thiên.,願賡周雅九如篇。
Triều đình cố cựu lễ số tuyệt.,朝廷故舊禮數絕。
Bắc hướng kinh phi minh.,北向驚飛鳴。
Càn khôn thảo muội hề vận tế phi thường.,乾坤草昧兮運際非常。
Kích trúc tiệp thu phong.,擊築挾秋風。
Kim môn ký tịch; ngọc lậu sơ tàn.,金門既闢；玉漏初殘。
"Chàng chung ẩm tửu sầu hải phiên,",撞鐘飲酒愁海翻，
Huề Hán tân chi du nữ.,攜漢濱之遊女。
Đầu lô ngũ thập qua.,頭顱五十過。
Ná miễn niên niên thường lập bi.,那免年年常立碑。
"Như hà Lý Bạch Uông Luân hậu,",如何李白汪倫後，
"Tây phong xạ khẩn, do thính oanh đề;",西風乍緊，猶聽鶯啼；
Tam thập tòng quân kim bạch phát.,三十從軍今白發。
"Sơn ông dã lão tranh đạo chân,",山翁野老爭道真，
Đông vọng Tấn Dương thành.,東望晉陽城。
"Trung nghĩa lưu quang,",忠義流光，
"Hoàng Sơ tam niên, dư triều kinh sư, hoàn tế Lạc xuyên.",黃初三年，余朝京師，還濟洛川。
Mỹ như ngọc.,美如玉；
Bạc mộ khởi lao ca.,薄暮起勞歌。
Học hữu tập hy vu quang minh.,學有緝熙于光明。
Khổ đạo khuất khuất hào khung thương.,苦道屈屈號穹蒼。
"Dự Chương thành thượng hữu cao lâu,",豫章城上有高樓，
"Nhất thanh sơn giá quá,",一聲山鷓過，
"Thử ý nhân bất tri,",此意人不知，
"Lôi khu điện bác hãi nhân mục,",雷驅電搏駭人目，
"Tu tri thần vong tắc xỉ hàn,",須知唇亡則齒寒，
"Yên hồng cẩm nhục nhân nhãn độc,",嫣紅錦褥人眼獨，
Nhất vĩ hàng chi.,一葦杭之。
Tinh khí thiên niên hoá vi bích.,精氣千年化為碧。
Hốt phùng giang thượng xuân qui yến,忽逢江上春歸燕，
"Khởi kỳ mã thượng phá tặc thủ,",豈其馬上破賊手，
"Hoàng Lâu khởi xuất bán thiên lý,",黃樓起出半天裡，
"Ngư Dương bề cổ động địa lai,",漁陽鼙鼓動地來，
"Nhất phụ hàm oan lục nguyệt sương,",一婦含冤六月霜，
Tiêu tiêu tống nhạn quần.,蕭蕭送雁群。
"Du nhiên sách lê trượng,",悠然策藜杖，
"Thuyền huyền minh kiết vân tế tự,",船舷暝戛雲際寺，
"Trước thư hạ nhật sử chi tả,",著書暇日使之寫，
Thử sinh vị bốc hành tàng.,此生未卜行藏。
Cơ nhân chử quyết cung thần xuy.,饑人煮蕨供晨炊。
Vãn hữu đệ tử truyền phân phương.,晚有弟子傳芬芳。
"Nhữ đẳng khởi tri mông đế lực,",汝等豈知蒙帝力？
Trướng thần tiêu nhi tế quang.,悵神宵而蔽光。
Gia nguyện đắc nhi hoạch sinh.,家願得而獲逞。
"Nãi từ đế khuyết, thướng biểu trần tình.",乃辭帝闕，上表陳情。
Bạch đầu minh nguyệt kính trung khan.,白頭明月鏡中看。
Canh trường chúc minh bất khả cô.,更長燭明不可孤。
Bạch la tú sam tuỳ nhuyễn dư.,白羅繡衫隨軟輿。
Bất uý Chiết Giang phong.,不畏浙江風。
"Chiếu minh huân hao,",照明焄蒿，
"Quyết thân thị kế,",厥身是繼，
Tây bắc thị Dung Châu.,西北是融州。
"Điền nguyên nê nính vô thu hoà,",田原泥濘無秋禾，
"Nhân thị Tạ nhân,",因是谢人，
"Trắc văn âm sơn Hồ nhi ngữ,",側聞陰山胡兒語，
Khỉ vô tha nhân?,豈無他人？
"Khai Nguyên nhất châu liễu,",開元一株柳，
"Bàng nhân bất thức tiếu ngã điên,",旁人不識笑我癲，
"Miếu nội lão nhân thức thần ý,",廟內老人識神意，
Ta hồ!,嗟乎！
"Khước nãi viễn lâm sa tái, chiết xung đương Hán khổn chi lao.",却乃遠臨沙塞，折衝當漢閫之勞。
"Cấp vũ xạ thương bích,",急雨射蒼壁，
Tài dĩ pháp độ nhứ dĩ nhân.,裁以法度絮以仁。
"Đế nãi ngự lâu, dĩ lâm thứ sự.",帝乃御樓，以臨庶事。
Khuê lý giai nhân niên thập dư,閨里佳人年十余，
"Uy nghi đệ đệ,",威儀棣棣，
Hùng long thư phụng diểu hà hứa?,雄龍雌鳳杳何許？
"Tự hữu phế trường,",自有肺腸，
Hồ khảo chi ninh.,胡考之寧。
Độc xứ ly sầu.,獨處離愁。
"Hiệu nguyệt lạc tâm ba,",皎月落心波，
Điện quang thiểm thiểm giao phi tường.,電光閃閃交飛翔。
"Kiếm quang thượng thiên hàn tuệ tàn,",劍光上天寒彗殘，
Mỹ mục thanh hề!,美目清兮。
"Sơn tự tương tư cửu,",山似相思久，
"Khôn xưng mẫu hề, ngô tư thị,",坤稱母兮吾斯恃，
"Vịnh Vu, Nghi hề quan xích tố;",詠雩沂兮觀尺素，
"Nhãn khô lệ tận cánh hà ích,",眼枯淚盡竟何益，
"Thế bạc ngạn nhi tương kích hề, ách giao dẫn nhi khước hội.",勢薄岸而相擊兮，隘交引而卻會。
Trú tức tang du hạ.,晝息桑榆下。
Sinh dân kích nhưỡng ca thanh thì.,生民擊壤歌清時。
Thử thì ca vũ nhập xướng gia.,此時歌舞入娼家。
"Mỹ nhân mỹ nhân mỹ như thử,",美人美人美如此，
"Tống quân tuý bão đăng thiên môn,",送君醉飽登天門，
"Kim niên Quán Khẩu tổn hộ khẩu,",今年灌口損戶口，
"Thê nhi chử mi bất cảm bão,",妻儿煮糜不敢飽，
Mạc dư vân cấu.,莫予云覯。
"Di ái tư phổ,",遺愛斯普，
"Tướng tướng bản vô chủng,",將相本無種，
"Nhật tụng “Bồ đề” thiên bách cú,",日誦菩提千百句，
"Đãm bỉ lưỡng mao,",髡彼兩髦，
"Ký kiến quân tử,",既見君子，
"Cao cầu như nhu,",羔裘如濡，
Thuỷ tri Bá Thượng vi anh hài.,始知霸上為嬰孩。
Thanh cảnh nhất thất hậu nan mô.,清景一失後難摹。
Điểu tán lạc sơn hoa.,鳥散落山花。
Trì thượng phù cừ tịnh thiểu tình.,池上芙蕖凈少情。
Đắc tức bất chân.,得即不真。
Ư ngã quy xử.,於我歸處。
"Khởi vô hoà nhạc,",豈無和樂，
Tự văn tạc giả Xích Tùng Tử.,似聞昨者赤松子，
"Hồng đào thao thiên phong bạt mộc,",洪濤滔天風拔木，
"Nhĩ tửu ký tư,",爾酒既湑，
Vu tư lạc hề.,于胥樂兮。
"Duy hoàn, văn chi vi thịnh hề,",惟桓文之為盛兮，
Thứ kỷ vô quý.,庶幾無愧。
"Nga nga Trọng Liên,",峨峨仲連，
"Khắc yên khắc tự,",克禋克祀，
"Nhất Phật, nhất thần tiên.",一佛一神仙。
Ngã tâm tắc hồng.,我心則降。
"Dư ký tư mô “Nhị kinh” nhi phú “Tam đô”, kỳ sơn xuyên thành ấp tắc kê chi địa đồ, kỳ điểu thú thảo mộc tắc nghiệm chi phương chí. Phong dao ca vũ, các phụ kỳ tục; khôi ngô trưởng giả, mạc phi kỳ cựu. Hà tắc? Phát ngôn vi thi giả, vịnh kỳ sở chí dã; thăng cao năng phú giả, tụng kỳ sở kiến dã. Mỹ vật giả quý y kỳ bản, tán sự giả nghi bản kỳ thực. Phỉ bản phỉ thực, lãm giả hề tín? Thả phu nhâm thổ tác cống, Ngu thư sở trứ; biện vật cư phương, Chu Dịch sở thận. Liêu cử kỳ nhất ngu, nhiếp kỳ thể thống, quy chư cổ huấn yên.",余旣思摹二京而賦三都，其山川城邑則稽之地圖，其鳥獸草木則驗之方志。風謠歌舞，各附其俗；魁梧長者，莫非其舊。何則？發言爲詩者，詠其所志也；升高能賦者，頌其所見也。美物者貴依其本，讚事者宜本其實。匪本匪實，覽者奚信？且夫任土作貢，虞書所著；辯物居方，周易所慎。聊舉其一隅，攝其體統，歸諸詁訓焉。
Khuynh khuông toạ thán hà thì doanh.,傾筐坐嘆何時盈。
Hữu nữ như đồ.,有女如荼。
"Lộ kinh Tam Tấn giai khâu thổ,",路經三晉皆丘土，
"Thượng đế lâm nhữ,",上帝臨女，
Thổ tính bảng xác vô thường phong.,土性磅確無常豐。
"Hạo thiên hữu thành mệnh,",昊天有成命，
Hôn Đức cập Linh Đức.,昏德及靈德。
"Thiên quyến tây cố,",天眷西顧，
Hồ năng hữu định?,胡能有定？
Hoảng nghi thân tại Côn Lôn hành.,恍疑身在昆侖行。
"Hậu cung giai lệ tam thiên nhân,",後宮佳麗三千人，
"Lộ bàng thì mại Cố hầu qua,",路傍時賣故侯瓜，
Trù trướng khủng thị bệnh thừa hoàng.,惆悵恐是病乘黃。
"Quân tử kiến cơ,",君子見機，
"Thẩn kim: đạo xiển Hy Hiên, trị dật Đường Ngu,",矧今：道闡羲軒，治軼唐虞，
"Phí thuý thiên nhai ẩn vũ mao,",翡翠天涯隠羽毛，
Đăng chúc huỳnh huỳnh chiếu cô tẩm,燈燭熒熒照孤寢。
"Minh châu viên chuyển bàn tứ giác,",明珠圓轉盤四角，
Cố tri ỷ thị vô khuynh thành.,故知倚市無傾城。
Triêu triêu xạ nhạn xuất giang biên.,朝朝射雁出江邊。
Cổ chi di hiền.,古之遺賢。
Đông quan toan phong xạ mâu tử.,東關酸風射眸子。
Nhân sinh khởi vô chí?,人生豈無志？
"Hữu giác đức hành,",有覺德行，
"Biên chu tái tửu xung yên khứ,",扁舟載酒沖烟去，
"Quyết lợi duy hà,",厥利惟何，
"Hận quân đoản hành quy âm phủ,",恨君短行歸陰府，
Cô phụ mai hoa nguyệt ảnh miên.,辜負梅花月影眠。
"Trùng nhân quyết khởi bách dư xích,",沖人決起百余尺，
"Tuế hoa nhẫm nhiễm nhân bạch đầu,",歲華荏苒人白頭，
Toàn vô ba tị.,全無巴鼻。
Bân cư duẫn hoang.,豳居允荒。
Bất tố tuân hề!,不素飧兮？
"Côn Lôn sơn nam nguyệt dục tà,",昆侖山南月欲斜，
"Huyền ca đãng tứ,",絃歌蕩思，
"Lôi công tố đế suyễn tự xuy,",雷公訴帝喘似吹，
"Ký bất năng vi chí điểu chi tủng thân trắc mục,",既不能為鷙鳥之竦身側目，
Sơn tửu lộc Đào cân.,山酒漉陶巾。
"Thân trường cửu xích, tu mi thương.",身長九尺鬚眉蒼。
Trị tiêu kim thả mịch lương phương.,治消今且覓良方。
Thiên hàn bạch ốc bần.,天寒白屋貧。
Độc ỷ tương tư thụ.,獨倚相思樹。
"Ngọc giai tịch mịch phù ty lãnh,",玉階寂寞罘罳冷，
Bất khẳng tài súc yếu hữu dư.,不肯裁縮要有余。
Khỉ bất nhĩ tư?,豈不爾思？
Quế chu lan tiếp tảo trung tàng.,桂舟蘭楫藻中藏。
"Mỹ tửu tôn trung trí thiên hộc,",美酒樽中置千斛，
Liên sơn phục thu sắc.,連山復秋色。
"Bành gia nữ nhi thập lục thất,",彭家女兒十六七，
"Dạ quang hà đức,",夜光何德，
Quần tiên chính thảo “Tân cung minh”.,群仙正草《新宮銘》。
"Ngã lai ỷ trạo hướng hồ biên,",我來倚棹向湖邊，
"Quán lịch lãm kỳ trung tháo hề, ý khảng khái nhi tự ngang.",貫歷覽其中操兮，意慷慨而自卬。
Dĩ yến dực tử.,以燕翼子。
"Hà hiến chưng nhục chi cao,",何獻蒸肉之膏，
"Nham nham thâm sơn chi hồng hồng hề,",巖巖深山之谾谾兮，
"Khởi độc Công Tôn đại nương vũ kiếm khí,",豈獨公孫大娘舞劍器，
Năng hướng hư không chức la võng.,能向虛空織羅網。
"Ngã thân bất noãn noãn tha nhân,",我身不暖暖他人，
"Nhất lạc Phồn trung tứ thập tải,",一落蕃中四十載，
Mao ám tiêu điều liên tuyết sương.,毛暗蕭條連雪霜。
Lạc diệp mãn giai hồng bất tảo.,落葉滿階紅不掃。
Xa hạ ân cần mỗi chấp thủ.,車下慇懃每執手。
Như thử tài túc đương hầu vương.,如此才足當侯王。
"Phóng thần cảm đạo Kim Mã khách,",放臣敢道金馬客，
"Hữu hùng hữu ky,",有熊有羈，
Vô sự tán thần tiên.,無事散神仙。
Dục vãng tòng chi Lương Phủ gian.,欲往從之梁父艱。
Bách lăng phi yến mai hương cốt.,柏陵飛燕埋香骨。
"Thực dung thực hác,",實墉實壑，
"Duy Cao Đường chi đại thể hề, thù vô vật loại chi khả nghi tỉ.",惟高唐之大體兮，殊無物類之可儀比。
Vạn thảo thiên hoa động ngưng bích.,萬草千花動凝碧。
Bội ngọc thương thương.,佩玉將將。
Ngô nhân vĩnh thỉ.,吾人永矢。
Xà châu hải để trầm quang quái.,蛇珠海底沈光怪。
Nguyệt lạc chẩm cổ lâu đầu miên.,月落枕股樓頭眠。
Kỳ cư an tại?,其居安在？
Thiếu niên dị lão bất trùng lai.,少年易老不重來。
Kỳ lệ bất ức.,其麗不億。
"Tiêu liêu chi thực,",椒聊之實，
"Tương phùng chỉ thoại nông tang vụ,",相逢只話農桑務，
"Bắc trường vân hoắc bãi,",北場芸藿罷，
Chấn lữ điền điền.,振旅闐闐。
"Ngọc hồ mãi xuân vũ kham thưởng,",玉壺買春雨堪賞，
"Ngã hữu nhất thất hảo đông quyên,",我有一匹好東絹，
Ức tằng Tương phi miếu lý vũ trung khán.,憶曾湘妃廟裏雨中看。
"Chấp cạnh Vũ Vương,",執競武王，
Quy vu kỳ cự.,歸于其居。
"Khả liên minh nguyệt như bát thuỷ,",可憐明月如潑水，
Uyển như thanh dương.,婉如清揚。
Kỳ quân dã tê!,其君也哉！
"Nhược vi hoa mãn tự,",若為花滿寺，
Quyết phụ thị tang.,厥父是臧。
Nữ viết: Quan hồ.,女曰：「觀乎？」
"Tinh giao tiếp dĩ lai vãng hề, tâm khải khang dĩ lạc hoan.",精交接以來往兮，心凱康以樂歡。
Nhi tử phân cánh địa?,而死分竟地？
Nhất khúc hồng tiêu bất tri số.,一曲紅綃不知數。
Mãnh khởi cấp hô đồng!,猛起急呼童。
"Bì can bác lạc tạp nê chỉ,",皮幹剝落雜泥滓，
Tẩy đao phi huyết cửu Hà hồn.,洗刀飛血九河渾。
Thanh thanh trọng tuế hàn.,青青重歲寒。
"Nhược phù tinh linh dương trạc, chung cổ vô cực;",若夫精靈洋濯，終古無極。
"Kỳ tại Thành Chu vi Việt Thường,",其在成周為越裳，
"Đương thời chỉ thụ thanh danh luỵ,",當時祇受聲名累，
"Giả diện Hồ nhân, giả sư tử.",假面胡人假獅子。
"Hải vũ thừa bình nhị bách niên,",海宇承平二百年，
Nham chướng tự bình khai.,巖嶂似屛開。
Tam thán tụ tán lâm trùng dương.,三歎聚散臨重陽。
"Nguyện ngôn quan phong thái thi giả,",愿言觀風采詩者，
Kinh ô hào lâm huỳnh nhập liêm.,驚烏號林螢入簾。
"Quy dĩ cáo phù tử đệ hề, vô dĩ dịch phù ngô ngôn,",歸以吿夫子弟兮無以易夫吾言，
"Hoặc giả các tỉnh ngô thân, tài ngô văn.",或者各省吾身，栽吾文。
"Động vô thường tắc, nhược nguy nhược an.",動無常則，若危若安，
"Tục đinh sanh phụ hề vi quân cừu,",俗丁傖父兮為君仇，
"Chấn cung hiện nhật,",震宮見日，
"Huấn đạo chi sơ,",訓導之初，
"Du giới du chỉ,",攸介攸止，
Hoa lạc oanh đề mãn thành lục.,花落鶯啼滿城綠。
Phong truyền nhập hộ lai.,風傳入戶來。
Hồng hà nộ đào quá khinh khả.,洪河怒濤過輕舸。
Thanh uyển bất nhượng Tầm Dương lang.,清婉不讓潯陽郎。
"Sinh biệt triển chuyển bất tương kiến,",生別展轉不相見，
"Hậu xa hề bão xú, trường thành hề huyết tinh;",後車兮鮑臭，長城兮血腥；
"Thích tử chi quán hề,",適子之館兮，
Đạm mặc lạc chỉ thi vô thanh.,淡墨落紙詩無聲。
Sương thê vạn thụ phong nhập y.,霜淒萬樹風入衣。
"Cát chi đàm hề,",葛之覃兮、
Vô thời lưỡng ý không huyền huyền.,無時兩意空懸懸。
"Quân bả tửu, thính ngã ca.",君把酒，聽我歌。
Nhất vọng bình nguyên vô hiểm trở.,一望平原無險阻。
Thành đầu xa mã vãng lai tần.,城頭車馬往來頻。
Ngọc lập đình đình lâm thuỷ tế.,玉立亭亭臨水際。
"Kiều phụng muội tử thiếu nhị niên,",嬌鳳妹子少二年，
Thường nga cô thê dữ thuỳ lân.,嫦娥孤棲與誰鄰。
"Như bỉ phi trùng,",如彼飛蟲，
"Duy sĩ dữ nữ,",維士與女，
Ngôn mạt kỳ mã.,言秣其馬。
Thành đầu nguyệt xuất chiếu Lương Châu.,城頭月出照涼州。
Hựu bất năng vi phù chi phiếm phiếm trung hành.,又不能為鳧之泛泛中行。
Tri ngã lân quân hoạ vô địch.,知我憐君畫無敵。
Nhiễm tác Giang Nam xuân thuỷ sắc.,染作江南春水色。
Thuỳ luận phương cẩn nhất triêu tân.,誰論芳槿一朝新。
Tiền lệ kỷ niên hành.,前淚幾年行。
Mãn hồ đăng hoả tuý nhân quy.,滿湖燈火醉人歸。
"Từ thảo mộc chi câu hủ, căng súc dưỡng chi đại ân.",辭草木之俱腐，矜畜養之大恩。
Kỷ trích tinh túc di Hy Nga.,掎摭星宿遺羲娥。
Bất giảm Hán triều Trương dữ Tô.,不減漢朝張與蘇。
Nhiễu nhiễu tại nhân gian.,擾擾在人間。
Hồn vong quy nhi bất thực.,魂亡歸而不食。
Tiên xuân vãn thuý.,仙椿晚翠。
Ngã thoán Tam Ba cửu thiên lý.,我竄三巴九千里。
Thân thượng tu tăng phúc trung thực.,身上須繒腹中實。
Động thiên chỉ xích khai tiên đô.,洞天咫尺開仙都。
"Thâu ngô bán nhật nhàn,",偷吾半日閑，
Bính bổng dung đao.,鞞琫容刀。
"Thức át khấu ngược,",式遏寇虐，
Hoàng tuất kỳ tha.,遑卹其它。
"Viên phách thướng hàn không,",圓魄上寒空，
Nhân khởi biện tài hồng?,人豈辯裁紅？
Thác tiểu vị thành can.,籜小未成竿。
"Vị báo Liêu Dương khách,",為報遼陽客，
Quân môn thượng bất dung.,君門尚不容。
"Thục nhân quân tử,",淑人君子，
Cửu môn trì đạo túc hoàng trần.,九門馳道足黃塵。
Thệ tướng báo chủ tĩnh biên trần.,誓將報主靜邊塵。
"Ngẫu nhiên trạc tú phi nan thủ,",偶然擢秀非難取，
Lục thì thiên nhạc triều hương lô.,六時天樂朝香爐。
Lục tiểu mật phục thâm.,綠筱密復深。
Sơn thuý phất nhân y.,山翠拂人衣。
"Tùng hoàng tiết tháo, mai tinh thần.",松篁節操梅精神。
Ung tự tại hề an sài phi.,雍自在兮安柴扉。
Vô phục thị thần tri.,無復侍臣知。
Xuân nhật tiềm hành Khúc giang khúc.,春日潛行曲江曲。
"Dương Tử tân đầu phong sắc khỉ,",揚子津頭風色起，
"Nữ tử bất học,",女子不學，
Gia hữu bôi bàn phong điển tự.,家有杯盤豐典祀。
"Bằng cao hà hạn ý,",憑高何限意，
"Quân vương yểm diện cứu bất đắc,",君王掩面救不得，
"Duy thử huệ quân,",維此惠君，
"Ái hiền như lan,",愛賢如蘭，
"Chức giả hà nhân y giả thuỳ,",織者何人衣者誰，
"Túc túc vương mệnh,",肅肅王命，
Tô tử viết:,蘇子曰︰
Chuỳ lão hoàn kham báo chủ ân.,埀老還堪報主恩。
"Duy diệp mịch mịch,",維葉莫莫、
Dạ dạ không khuê ác mộng đa.,夜夜空閨惡夢多。
Xích Bích lâu thuyền tảo địa không.,赤壁樓船掃地空。
Trì huy vãn mị xương bồ phố.,遲輝晚媚菖蒲浦。
"Bất tri thuỳ nhân ám tương báo,",不知誰人暗相報，
"Hào hùng ý khí kim hà tại,",豪雄意氣今何在，
"Tắc sở dĩ chỉnh đốn càn khôn, để định hoàn khu,",則所以整頓乾坤，底定寰區，
"Hạc giá thông tiêu phụng liễn bị,",鶴駕通宵鳳輦備，
Hựu phất kiều nga tả xuân bích.,又拂嬌蛾寫春碧。
Cầm kiếm cô thê viên phố trung.,琴劍孤棲園圃中。
"Phi tuyền Tam Điệp tuyệt ỷ bạng,",飛泉三疊絕倚傍，
Hà kỳ:,何期：
Tề tử du ngao.,齊子遊敖。
"Quy tâm nhật viễn đại đao chiết,",歸心日遠大刀折，
"Cảm tao gia chi bất tạo hề,",感遭家之不造兮，
"Kham thán anh hùng vô địa, phù quân đại tiết hữu Hồng Lam.",堪嘆英雄無地扶君大節有鴻藍。
"Thần quỳnh quỳnh dĩ dao tư hề,",神煢煢以遙思兮，
Ngộ mỵ vô vi.,寤寐無為，
Dĩ hĩ hồ!,已矣乎！
Hải giác thiên nhai niên hựu mộ.,海角天涯年又暮。
"Vọng cùng hàn thuỷ trúc hồi hoàn,",望窮寒水竹回環，
Thiên vương dĩ hứa hồi quy tảo.,天王已許回歸早。
"Tư quân như minh chúc,",思君如明燭，
Bình an cựu chiến trường.,平安舊戰場。
Lĩnh Nam cuồng khách thành bàng đà.,嶺南狂客成滂沱。
"Nhĩ văn môn khai thân tựu bái,",耳聞門開身就拜，
"Phỉ kê tắc minh,",「匪雞則鳴，
"Cẩu phất khí vu triết tượng,",苟弗棄于哲匠，
Khê hổ dã dương câu tịch dịch.,溪虎野羊俱辟易。
"Kiếm Nam tuế nguyệt bất khả độ,",劍南歲月不可度，
"Uyển chuyển nga mi năng kỷ thì,",宛轉蛾眉能幾時，
"Nhị ưng mãnh não từ hầu tị,",二鷹猛腦徐侯穟，
Tang giả hiền hiền hề!,桑者閑閑兮。
Long môn tao điểm ngạch.,龍門遭點額。
Lực bần mãi tửu tuý thử diên.,力貧買酒醉此筵。
"Trọng Sơn Phủ vĩnh hoài,",仲山甫永懷，
"Xuân sắc như mộng trung,",春色如夢中，
Bồ Đào quán lý hoa chính khai.,葡萄館裏花正開。
"Hỉ kim thiên tải nhất kỳ phùng,",喜今千載一奇逢，
"Anh hùng cát cứ tuy dĩ hĩ,",英雄割據雖已矣，
"Phong xa vũ mã bất trì khứ,",風車雨馬不持去，
"Đại tướng quân xuất chiến,",大將軍出戰，
"Dư kỳ trừng,",予其懲，
Hoa gian thứ đệ tân.,花間次第新。
Bộ thướng sơn đầu Tiểu Chân mộ.,步上山頭小真墓。
"Toái quang dao động lan can thấp,",碎光揺動闌干濕，
"Hữu đàm hữu ngư,",有驔有魚，
Chỉ thả hữu.,旨且有。
"Bát loan thương thương,",八鸞玱玱。
"Quân bất kiến tức kim giao thái bạc,",君不見即今交態薄，
Viên cứu viên đạc.,爰究爰度。
Quân tử hữu hiếu tử.,君子有孝子。
Thảo hoang nguyệt hắc quỷ tư gia.,草荒月黑鬼思家。
"Đạo tặc tung hoành thậm mật nhĩ,",盜賊縱橫甚密邇，
Nguyện vi song yến phiếm trung châu,愿為雙燕泛中洲。
Man thảo ly ly sinh đạo bàng.,蔓草離離生道旁。
"Kim nhật hoa khai hựu nhất chi,",今日花開又一枝，
"Chí trọng thị Nhâm,",摯仲氏任，
"Hoàng thiên bất phụ,",皇天不負，
"Minh chiêu thượng đế,",明昭上帝，
Khẳng sử kỳ lân địa thượng hành.,肯使騏驎地上行。
"Nghi nhĩ thất gia,",宜爾室家，
"Bất tích thiên kim thục thái xu,",不惜千金贖蔡姝，
Thiên thặng vạn kỵ nhập Hàm Dương.,千乘萬騎入咸陽。
Sắt sắt động long ngâm.,飋飋動龍吟。
Đấu túc sổ tiền vô binh nhung.,鬥粟數錢無兵戎。
"Cung lạp lâm gian, Tề đông dã chi vọng ngôn khả tiếu,",筇笠林間，齊東野之妄言可笑，
Tàn nguyệt chiếu cung đao.,殘月照弓刀。
"Đàm phủ ấp trung thậm thuần cổ,",潭府邑中甚淳古，
"An Tây đô hộ hồ thanh thông,",安西都護胡青驄，
"Đáo kích Trụ cung,",到擊紂躬，
Chung thân hối viễn du.,終身悔遠遊。
Uyển chuyển trợ cô ngâm.,宛轉助孤吟。
"Ngã độc y hà,",我獨伊河，
Thục sử loạn hoặc?,孰使亂惑？
Đãn kiến trường giang tống lưu thuỷ.,但見長江送流水。
"Bất chước tửu hề bất minh cầm,",不酌酒兮不鳴琴，
Tứ mẫu khổng phụ.,四牡孔阜。
Nghiễm doãn vu tương.,玁狁於襄。
Thì thì dục cận nhân.,時時欲近人。
"Toạ khan thiên lý đương sương đề,",坐看千里當霜蹄。
Y quan thất phẩm thông.,衣冠七品通。
"Dục chức tương tư hoa ký viễn,",欲織相思花寄遠，
Thạch phá thanh thiên chàng ngọc đẩu.,石破青天撞玉斗。
"Vãng thời nhân gia hữu trừ túc,",往時人家有儲粟，
"Nhũ ngã lão ảo kiến chi thán,",乳我老媼見之歎，
Ức vạn sinh linh mông kỳ tí.,億萬生靈蒙其庇。
"Hạnh tai di lê miễn phu lỗ,",幸哉遺黎免俘虜，
"“Thần văn hà Lạc chi thần,",「臣聞河洛之神，
Thiếp nguyện lão quân gia.,妾愿老君家。
"Phong vũ tống thu hàn,",風雨送秋寒，
"Túc tích truyền văn tư nhất kiến,",夙昔傳聞思一見，
"Ngã tương thử bang,",我相此邦，
Quải quân cao đường chi tố bích.,掛君高堂之素壁。
Tại bỉ Kỳ lương.,在彼淇梁。
Vạn hộc thanh hương hữu phục tả.,萬斛清香右復左。
"Trinh Quán đồng nha nỗ,",貞觀銅牙弩，
"Nam quốc Tân Phong tửu,",南國新豐酒，
"Tuyệt bút trường phong khởi tiêm mạt,",絕筆長風起纖末，
"Mạc ngôn sinh ý tận,",莫言生意盡，
Y mã bất phục năng khinh phì.,衣馬不復能輕肥。
"Sơn căn táp lạp địa trục chấn,",山根颯拉地軸震，
Ngã hành vĩnh cửu.,我行永久。
Vệ Nguy hư vu bàng da?,衛危虛于傍耶？
"Hàn tuyền hề cúc thư,",寒泉兮菊菹，
Tinh kỳ do ánh mộ sơn tử.,旌旗猶映暮山紫。
"Đối quân quân bất ngữ,",對君君不語，
"Vô phong vô tùng tùng tất kỳ,",無峰無松松必奇，
"Cửu trùng thành khuyết yên trần sinh,",九重城闕煙塵生，
"Tự ngôn tiện thị tuyệt bút thì,",自言便是絕筆時，
"Chuỳ bất nhập địa,",錐不入地，
Mỹ nhân sắc suy tương khí bối.,美人色衰相棄背。
"Luy luy kim ấn trửu gian huyền,",纍纍金印肘間懸，
Tái thượng yên chi ngưng dạ tử.,塞上燕脂凝夜紫。
Ngộ diệc thậm nan tai khảng khái tiên dĩ phò mã tử;,遇亦甚難哉忼慨先已駙馬死；
Tam tuyên đình viện khánh trường xuân.,三宣庭院慶長春。
Xúc mục phi dao.,觸目非遙。
"Chiêm vọng phất cập,",瞻望弗及，
"Chỉ đạo thành chính quả,",恉道成正果，
Khủng nhữ hậu thì nan độc lập.,恐汝後時難獨立。
Cung thỉ ký điều.,弓矢既調。
Độc thướng cao lâu vọng Ngô Việt.,獨上高樓望吳越。
Dạ hàn vô ná hải phong xuy.,夜寒無那海風吹。
Danh năng bất hủ độc tao đàn.,名能不朽獨騷壇。
Niên đại bất tri dĩ kỷ hà.,年代不知已幾何。
Trĩ minh cầu kỳ mẫu.,雉鳴求其牡。
Vô bệnh an dụng dược?,無病安用藥。
"Giai thần đối quần đạo,",佳辰對群盜，
"Tiên duệ xạ phiêu hề, văn xạ lan chi phức uất;",仙袂乍飄兮，聞麝蘭之馥郁；
Kim yên bạch mã thuỳ gia túc.,金鞍白馬誰家宿。
"Thượng khan Vương sinh bão thử hoài,",尚看王生抱此懷，
Chỉ quản tù lung hà thời khai.,只管囚籠何時開。
"Đinh vị cửu nguyệt Liễu Thăng toại dẫn binh do Khâu Ôn nhi tiến,",丁未九月柳昇遂引兵猶邱溫而進，
Tiều phu gia trú tây sơn lý.,樵夫家住西山裡。
"Phản quang trần thế giới,",反光塵世介，
Giai tòng vọng tưởng sinh.,皆從妄想生。
"Ẩm thực thất tiết,",飲食失節，
"Thấp hữu trường sở,",隰有萇楚，
Sắc tiếu đình tiền ca yến tụ.,色笑庭前歌讌聚。
"Thử thìn sơ thức diện,",此辰初識面，
"Diên hoa bất khả khí,",鉛華不可棄，
"Ta hồ nhân sinh kỷ đa tâm,",嗟乎人生幾多心，
"Quan kỳ quang huy huyến lạn, văn thái anh hoa,",觀其光輝絢爛，文采英華，
"Khởi cức tân thương,",啟棘賓商，
"Hồi cố sơ tâm, noản nhiên quỷ sỉ.",回顧初心，赧然傀恥。
"Hất khả tiểu hưu,",汔可小休。
Chư sanh nhiễu tất đề.,諸甥繞膝啼。
"Kim nhật Hán cung nhân,",今日漢宮人，
"Tập vu quán mộc,",集于灌木、
Thiệt tồn sỉ tác cùng đồ khốc.,舌存恥作窮途哭。
"Há than thâm, thướng than gian.",下灘深上灘艱。
"Hán binh đại hô nhất đương bách,",漢兵大呼一當百，
Cửu nguyệt thụ ý.,九月授衣。
Thử thì chỉ hữu lệ triêm y.,此時只有淚沾衣。
Lân các công huân thụ ân lộ.,麟閣功勛受恩露。
Công Tôn kiếm khí sơ đệ nhất.,公孫劍器初第一。
"Dạ bán hoả hành doanh tận động,",夜半火行營盡動，
Trầm ngâm tiểu uyển trung.,沈吟小苑中。
"Cao đường kim tịch đăng chúc quang,",高堂今夕燈燭光，
"Khiếu xương hạp dĩ phi tâm, kính hiến “Ngọc tỉnh liên” chi phú.",叫閶闔以披心，敬獻玉井蓮之賦。
Nhi đa vi tuất.,而多爲恤。
Ủng hạt toạ thuỵ y đoàn bồ.,擁褐坐睡依團蒲。
Hồi đầu bất kiến cựu cung tường.,回頭不見舊宮墻。
"Du du thương thân,",悠悠蒼天，
Kê minh giê giê.,雞鳴喈喈。
Minh niên bất phạ thôi tô khổ.,明年不怕催租苦。
Tập tập bất khả sổ.,戢戢不可數。
"Kê chư vãng cổ,",嵇諸往古，
Thoa phách hoàng kim hạp phân điến.,釵擘黃金合分鈿。
Khởi vân kỳ giới?,豈云其誡？
Sửu nữ hiệu chi đồ luỵ thân.,丑女效之徒累身。
Hồng trạo bãi thanh ba.,紅棹擺青波。
Hoa lạc hoa khai niên phục niên.,花落花開年復年。
Ngọc khuê dưỡng nữ kiều như hoa.,玉閨養女嬌如花。
Uyển trung vạn vật sinh nhan sắc.,苑中萬物生顏色。
"Trương Yên Trương Lỗ phách Nam Trịnh,",張燕張魯霸南鄭，
Thái Thanh nhất chung;,太清一鐘；
Đế mệnh bất thì?,帝命不時。
Nhất thuỷ tà dương điểu bất phi.,一水斜陽鳥不飛。
Chí kim chiết hạm không lân tuân.,至今折檻空嶙峋。
"Ma cung hồn quản thậm,",魔宮渾管甚，
"Ngô đồng sinh hĩ,",梧桐生矣，
Chiết vi khô hà tứ phiêu nịch.,折葦枯荷恣漂溺。
Phong lưu cự cập Ngô tài cuồng.,風流詎及吳才狂。
Thập niên yếm kiến tinh kỳ hồng.,十年厭見旌旗紅。
Lệ thư quốc nội tri danh tối.,𨽻書國内知名最。
"Môn la vạn lý, nhi tuyết nhiễm thiên hành; hồi thủ thất lăng, nhi huyết ban song lệ.",捫蘿萬里，而雪染千莖；回首七陵，而血班雙淚。
"Hán đình vinh xảo hoạn,",漢庭榮巧宦，
"Thanh Phong điếm nam phùng phụ lão,",清風店南逢父老，
"Chỉ quy cố lý vị quy tuyền,",只歸故里未歸泉，
"Thượng chi kham tàng áp,",上枝堪藏鴨，
Công hầu chi thị.,公侯之事。
Đãi phù:,迨夫：
"Biệt hữu thâm cung bế thâm viện,",別有深宮閉深院，
"Ư thị nãi tung lạp giả, cơ chỉ như tinh.",於是乃縱獵者，基趾如星。
"Cửu trùng chẩn niệm cập hà manh,",九重軫念及遐氓，
Xúc cúc trường trung xưng đệ nhất.,蹴踘場中稱第一。
Khánh Nam Sơn chi trúc bất túc dĩ thư kỳ ác.,罄南山之竹不足以書其惡。
"Phụ khứ, thuỳ vi dưỡng cô mưu.",婦去誰為養姑謀。
"Xuân phong tiểu viện khước lai thì,",春風小院卻來時，
Pha tri huyện lệnh xuất chẩn hoang.,頗知縣令出賑荒。
"Như bỉ tuế hạn,",如彼歲旱，
Thiên phủ khoái tiên đăng.,天府快先登。
Hoành sơn Linh thuỷ lộ mang mang,橫山𤅷水路茫茫。
"Phản thành nãi vong,",反成乃亡，
"Lưỡng phục tề thủ,",兩服齊首，
"Ô! tiến quảng mẫu,",於薦廣牡，
Như nhân kiến Tử Đô.,如人見子都。
"Lục nguyệt nhị thập tứ,",六月二十四，
"Dư tài khí trần trung,",予才棄塵中，
Tặng dĩ thược dược.,贈之以勺藥。
"Linh Vận, Hy Chi, khinh đầu thủ bại.",靈運，羲之，輕投取敗。
"Vương dã luận đạo trở giang hồ,",王也論道阻江湖，
"Kỳ minh dê dê, đương niên ngao du.",其鳴喈喈，當年遨遊。
Thuế vu tang đần.,說于桑田。
"Lại ngộ Nam Bình khoát phương thốn,",賴遇南平豁方寸，
"Thái ty nhung nhung hương phất phất,",彩絲茸茸香拂拂，
"Các trung đế tử kim hà tại,",閣中帝子今何在，
"Mãn diện trần hôi yên hoả sắc,",滿面塵灰煙火色，
"Hoa Nguyên thù ứng chước thành quy,",華原酬應酌成規，
Thị dĩ câu hệ.,是以拘繫。
Duy tuân cập bồ.,維筍及蒲。
Bất tri khước tác hà bá phụ.,不知卻作河伯婦。
"Khứ ý tuỳ nhạn đáo,",去意隨雁到，
"Lạc Dương nữ nhi hảo nhan sắc,",洛陽女兒好顏色，
Lao Lao tống khách đình.,勞勞送客亭。
"Văn đạo Oa Di sơ chú thành,",聞道倭夷初鑄成，
"Bình vương chi tôn,",平王之孫，
"Kim nhật bả tự quân,",今日把似君，
Năng trục Tương giang dạ nguyệt hồi.,能逐湘江夜月回。
"Nham khu tam si, tòng hoành tương truy.",巖嶇參差，從橫相追。
Tấn quân thính cầm uổng “Thanh giác”.,晉君聽琴枉清角。
"Trọng Ni chi thế,",仲尼之世，
"Lương phong xuy động Hoàng Cô chử,",涼風吹動黃姑渚，
"Bạch Đế thành môn thuỷ vân ngoại,",白帝城門水雲外，
"Khoát khai thanh minh điên,",豁開青冥顛，
Vu thời bảo chi.,于時保之。
Chu viên tư tưu.,周爰咨諏。
"Hà hậu Ích tác cách,",何后益作革，
Sứ thần hàm tuất từ bất đương.,使臣銜恤辭不當。
Nhục tuấn ôi lỗi liên tiền động.,肉駿碨礌連錢動。
Đồ bào Kỷ ưu chung uất ức.,徒抱杞憂終鬱抑。
Khu xuất lục hợp kiêu loan phân.,驅出六合梟鸞分。
Hu ta lân hề!,于嗟麟兮。
Cương diệc bất thổ;,剛亦不吐；
"Xuất túc vi kiên,",出宿于干，
"Đình độc vạn vật,",亭毒萬物，
"Lâm gian tuý trước nhân phạt mộc,",林間醉著人伐木，
Hoả sơn ngũ nguyệt hoả vân hậu.,火山五月火雲厚。
"Bằng lan thu ngữ xứ,",憑欗秋語處，
"Tuệ điểu ngứ hoa thanh lịch lịch,",慧鳥語花聲瀝瀝，
Trì thủ tại chí.,持守在志。
Khiển quyển ly tôn thành vĩnh quyết.,繾綣離樽成永訣。
"Mỹ nhân lăng không nhiếp phi bộ,",美人凌空躡飛步，
Hương hồn hoá kỷ xuân.,香魂化幾春。
"Ki tình bôn phó vị tri kỳ,",羈情奔訃未知期，
"Sầu đa trường dị đoạn,",愁多腸易斷，
Tức tiện há giai bái.,即便下階拜。
Ngũ Lăng hoa liễu mãn Tần Xuyên.,五陵花柳滿秦川。
"Loạn yên lung bích thế,",亂煙籠碧砌，
"Bất từ sơn lộ viễn,",不辭山路遠，
"Du du thương thiên,",悠悠蒼天，
"Sắt hề, hạn hề!",瑟兮、僴兮，
"Khoa Phụ trục nhật khuy Ngu Uyên,",夸父逐日窺虞淵，
"Âm lệ phi thường kham truật dịch,",陰沴非常堪怵惕，
Nhữ thượng khả sinh đương tự lực.,汝尚可生當自力。
"Tại toản vũ công,",載纘武功，
Thô sa đại thạch tương ma trì.,粗砂大石相磨治。
"Chuyên chinh tiêu cổ hướng Tần Xuyên,",專征簫鼓向秦川，
"Nãi đỉnh cập tỉ,",鼐鼎及鼒，
"Quy an tảo phóng xuất tư kiều,",歸鞍早訪出斯橋，
Từ nhân giải soạn “Hà thanh” tụng.,詞人解撰河清頌。
Thu lai sấu kỷ phân.,秋來瘦幾分。
"Nguỵ phu tằng bất thâu chức thất,",魏俘曾不輸織室，
Tê minh đơn khuyết tiền.,嘶鳴丹闕前。
"Dạ tĩnh nguyệt như trú,",夜靜月如晝，
Tông tử duy thành.,宗子維城。
"Chủng qua đắc qua,",種瓜得瓜，
"Quân ca thả hưu thính ngã ca,",君歌且休聽我歌，
Phong thỉ thị xạ.,封狶是射。
Ngọc uyển kiểu kiểu lăng hư tường.,玉腕矯矯凌虛翔。
Khoáng đãng tháo bình xuyên.,曠蕩造平川。
"Tam tuế quán nhữ,",三歲貫女，
Đôi kim điệp ngọc quang thanh huỳnh.,堆金疊玉光青熒。
"Dưỡng nữ bất giáo,",養女不教，
Vọng thủ hư danh hữu tàm sắc.,妄取虛名有慚色。
"Thệ tương khứ nhữ,",逝將去女，
"Hà điên dị quyết thủ,",何顛易厥首，
"Sầu sinh hoạ giác hương tâm phá,",愁生畫角鄉心破，
Hàm tiếu duy hoảng lý,含笑帷幌裡，
Hà nhẫn độc vi tinh.,何忍獨為醒。
Diệc tằng thân cận anh hùng nhân.,亦曾親近英雄人。
Tuy hữu tuyệt đỉnh thuỳ năng cùng?,雖有絕頂誰能窮？
"Hàn chúc chiếu thanh dạ,",寒燭照清夜，
"Dục thái tần hoa khứ,",欲採蘋花去，
Dư dĩ nhị vạn thất thiên vị đắc tức.,余已二萬七千未得息。
Bất khả thuế dã.,不可說也。
Kỳ niên thuỷ cải xưng Nguyên Hoà.,其年始改稱元和。
Tỉ tập hy vu thuần hỗ.,俾緝熙于純嘏。
Lệ sái tây phong ức huyên thảo.,淚灑西風憶萱草。
"Ngã nhập tự ngoại,",我入自外，
"Ẩm thực chi nhân,",飲食之人，
Hoa tự kim niên nhân lão hỉ.,花似今年人老喜。
"Dĩ tự dĩ tục,",以似以續，
Không sơn độc dạ khan.,空山獨夜看。
"Cự sưởng đồng cung,",秬鬯彤弓，
Không thuý thấp nhân y.,空翠濕人衣。
"Hàn hầu nghinh chỉ,",韓侯迎止，
"Giáng thần châu tụ lưỡng tịch mịch,",絳脣珠袖兩寂寞，
"Thanh tửu ký tái,",清酒既載，
"Khứ niên thượng sách bất kiến thu,",去年上策不見收，
Ma thanh quát ngạn động hành quá.,磨聲聒岸動行過。
Quyện ỷ sa song mộng dục mê.,倦倚紗窗夢欲迷。
Nhất sinh hỉ nộ trường nhậm chân.,一生喜怒長任真。
"Bằng hữu dĩ tiếm,",朋友已譖，
"Chi bất dịch phương,",之不易方，
"Đông phong nhất tả lạc thiên trượng,",東峰一泻落千丈，
"Khải đễ quân tử,",豈弟君子，
"Chức thành tài y dữ lang trứ,",織成裁衣與郎著，
Ngã giá ký đồng.,我稼既同，
"Tu đồn thú chi lỗ lâu, trúc Lệ Tiều chi bách Trĩ.",修屯戍之櫓樓，築麗譙之百雉。
Diệc như tiểu thần mị chí tôn.,亦如小臣媚至尊。
Kỳ diệp nuy hoàng.,其葉萎黃。
Văn đạo bế nghiệt năng toàn sinh.,聞道嬖孽能全生。
Hoặc ca hoặc ngạc.,或歌或咢。
Tiêu nhiên bộc lộ y sơn a.,蕭然暴露依山阿。
Thanh nhân tại Phang.,清人在彭，
Phục khủng chinh nhung can qua mật.,復恐征戎干戈密。
"Thì vị ngộ hề vô sở tương,",時未遇兮無所將，
"Quí hĩ chí phất quả! Ư ngã phương tri năng tử giả, cổ kim vi thiên hạ chí nan.",愧矣志弗果！於我方知能死者古今為天下至難。
"Bát nguyệt tái tích,",八月載績，
Canh thâm nguyệt lộ hàn.,更深月露寒。
Phương kim:,方今：
"Thuý nga thiền quyên sơ nguyệt huy,",翠娥嬋娟初月輝，
"Trường An đạo thượng xuân khả liên,",長安道上春可憐，
"Thị nhĩ như kiều,",視爾如荍，
Chử bồ nha bạch thuỷ hạnh thanh.,渚蒲牙白水荇青。
"Lâm xuyên mộ tứ,",臨川慕思，
Tu đoản hợp độ.,修短合度。
Duy cưu doanh chi.,維鳩盈之。
Niệm ngã thổ vũ.,念我土宇。
"Điếu quân khí khái,",弔君氣概，
"Kiều phi bàng dương liễu,",嬌飛傍楊柳，
Thái hậu đương triều đa xảo để.,太后當朝多巧詆。
Trùng trùng thuý mạn thâm kim bình.,重重翠幔深金屏。
A na kỳ thật.,猗儺其實。
Tu đới vũ cách thương hình ngu.,羞帶羽翮傷形愚。
"Nguyện kỷ thịnh đức dĩ lặc trinh mân hề, vĩnh thuỳ bất hủ;",願紀盛德以勒貞珉兮，永垂不朽；
"Khống huyền túng tốn phiêu kị Hoắc,",控弦縱遜票騎霍，
"Bạc ngôn thái khỉ,",薄言采芑，
"Lai thì nhất niên thâm thích lý,",來時一年深磧裡，
"Ký viết cốc chỉ,",既曰告止，
Hoá tác đỗ quyên tự lão ô.,化作杜鵑似老烏。
"Tứ thành nhân hữu đức,",肆成人有德，
"Ký linh thể chi phục hình,",冀靈體之復形，
Dĩ ngao dĩ du.,以敖以遊。
Sơ lệ diệc túc bão ngã cơ.,疏糲亦足飽我饑。
"Hiển doãn quân tử,",顯允君子，
"Ngô nhi đa bạch tích,",吳兒多白皙，
"Bất năng thời dử,",不能辰夜，
"Phúc chu châm tầm,",覆舟斟尋，
Chá lâm thố uyển di tha tộc.,柘林兔菀移他族。
"Hưởng quân tử chi bị phúc, hoàn quân tử chi lệnh danh, Thiên bảo: “Tỉ nhĩ tiển cốc”;",享君子之備福，完君子之令名，天保：「俾爾戩榖」；
"Ngã lai tự đông,",我來自東、
"Bỉ khởi hữu lực như Trung Hoàng,",彼豈有力如中黄，
Diệu niên lịch lạc thanh vân sĩ.,妙年歷落青雲士。
Dương diệm mịch cầu yên.,陽焰覓求煙。
"Dĩ đốc Chu hỗ,",以篤周祜，
"Nhân hô hổ hống thanh như lôi,",人呼虎吼聲如雷，
"Vân hoàn tử đệ án nghê thường,",雲鬟子弟按霓裳，
"Tứ thập tòng nhung trú Nam Trịnh,",四十從戎駐南鄭，
"Phong vân kim tế hội,",風雲今際會，
"Địch thanh ô yết lâu đầu khởi,",笛聲嗚咽樓頭起，
"Giao chi hoành, xuất thanh thử.",蛟之橫，出清泚。
Viên khí ngã quy.,爰契我龜。
"Niên vị tam thập trung nghĩa câu,",年未三十忠義俱，
Niên niên quá cố cung.,年年過故宮。
Mẫu tử đồng hành hướng thiên bắc.,母子同行向天北。
"Ngô hà ái, ái duy san,",吾何愛，愛惟山，
"Bàng kiến Bắc Đẩu hướng giang đê,",傍見北斗向江低，
Diệu linh an tàng?,曜靈安藏？
Triệt dược giảm thiện tâm ưu nguy.,徹葯減膳心憂危。
Nữ tâm thương bi:,女心傷悲：
"Vô oán vô ố,",無怨無惡，
"Trung quân trí tửu ẩm quy khách,",中軍置酒飲歸客，
Bất đãn hoàn lai?,不但還來？
Thực hoạch ngã tâm.,實獲我心。
"Quýnh mạc tuyệt nhi bất tề hề,",敻邈絕而不齊兮，
Nhân nhi vô chỉ?,人而無止。
"Biểu lý phục cần,",表裏服勤，
"Thiên Thai chúng dịch ngoại,",天台眾嶧外，
Chúng sinh dữ Phật đồng.,眾生與佛同。
"Thuỳ giao Tấn đỉnh phán đông tây,",誰教晉鼎判東西，
"Quy gia thả mịch thiên hộc thuỷ,",歸家且覓千斛水，
Phục kỳ mệnh phục.,服其命服，
Phục chi vô dịch.,服之無斁。
Kinh lịch cửu viễn kỳ vô đà.,經歷久遠期無佗。
"Yêu hạ bảo quyết thanh san hô,",腰下寶玦青珊瑚，
"Thị trí thị phụ,",是致是附，
"Tiềm long vô thanh lão giao nộ,",潛龍無聲老蛟怒，
Chân chân công tộc.,振振公族。
"Cận văn Khuyển Nhung viễn độn đào,",近聞犬戎遠遁逃，
"Ngã chu khổng dương,",我朱孔陽，
"Không giai dạ vũ tự thanh tuyệt,",空階夜雨自清絕，
"Lệ quang điểm điểm,",淚光點點，
Biến tập liêu cơ khổ nan chức.,變緝撩機苦難織。
"Nhân chi đa ngôn,",人之多言，
"Phi minh nhập dạ cấp,",飛鳴入夜急，
Khất thủ lợi thị quy lai phân.,乞取利市歸來分。
Hàm ngư cổ tra thượng.,銜魚古查上。
Tuấn cực vu thiên.,駿極于天。
"Nhị miên tàm khởi thực diệp đa,",二眠蠶起食葉多，
"Ô hô cổ nhân dĩ phân thổ,",嗚呼古人已糞土，
Đề đao độc lập cố bát hoang.,提刀獨立顧八荒。
"Thuỷ hạm Ôn giang khẩu,",水檻溫江口，
Hữu nữ như vân.,有女如云。
Bất nhật hữu ế.,不日有曀。
"Dĩ đại nghĩa nhi thắng hung tàn,",以大義而勝兇殘，
"Siêu cự kiều quan tam thập vạn,",超距翹關三十萬，
Bạch lộ vi sương.,白露為霜。
Yếu chi nhân sinh quý thích chí.,要之人生貴適志。
"Thúc thiện xạ ký,",叔善射忌，
Giới kỳ thương nhữ.,戒其傷女。
"Nhân gian huân nghiệp nhược trường tại,",人間勳業若長在，
Giang nguyệt niên niên chỉ tương tự.,江月年年只相似。
Hùng hồ tuy tuy.,雄狐綏綏。
"Nhân truyền thư nhiễm mạc đối đương,",人傳書染莫對當，
Mỹ nhật bất ti.,靡日不思。
Thanh toa bạch thạch Trường Sa biên.,青莎白石長沙邊。
"Thiềm tiền niệu niệu du ty thượng,",檐前嫋嫋遊絲上，
"Thương ba phún tẩm viên thả kiên,",蒼波噴浸圓且堅，
"Sơn xuyên bản tự cách Hoa nhung,",山川本自隔華戎，
Diệp đế từ chi bất trùng tô.,葉蒂辭枝不重蘇。
Văn Vương trắc giáng,文王陟降、
"Du du thương thiên,",悠悠蒼天，
Lạc tương quan cái ngạo yên hà.,樂將冠蓋傲煙霞。
"Ly tứ hạo nan thu,",離思浩難收，
"Hà khứ hà tòng hề, thất ngã cố hoan!",何去何從兮，失我故歡！
"Tỷ muội đệ huynh giai liệt thổ,",姊妹弟兄皆列土，
"Bách niên ly biệt tại cao lâu,",百年離別在高樓，
"Ngã tâm phỉ thạch,",我心匪石，
"Tòng kim thư đệ cố nhân thu,",從今書遰故人收，
Thử gian dịch kỳ tu chung cục.,此間奕棋須終局。
Kim liên bộ bộ đa kỳ ngoạn.,金蓮步步多奇玩。
Bi ca hoà tiều tẩu.,悲歌和樵叟。
Trưởng dữ thử sơn nhi nguy nguy giả hồ!,長與此山而巍巍者乎！
"Nga My cao xuất tây cực thiên,",峨眉高出西極天，
"Sính nhân thệ hĩ,",郢人逝矣，
Thục sử tuỵ chi?,孰使萃之？
"Chiếu thư hốt hạ tuyển nga mi,",詔書忽下選蛾眉，
"Lộ viễn vô tận đầu,",路遠無盡頭，
"Tái tiếu vị nhữ hà dĩ vi,",再笑謂汝何以爲，
"Bệnh giảm thi nhưng chuyết,",病減詩仍拙，
Miên miên dực dực.,綿綿翼翼。
"Khí thức khả đồng Sằn Dã phu,",器識可同莘野夫，
Tử bất tiếu hỹ.,子不肖矣。
Trần quỹ bát cửu.,陳饋八簋。
"Ninh tu trù trướng lập,",寧須惆悵立，
Phủ huyện nha biên thời tán xử.,府縣衙邊辰散處。
"Thang bàn hề hách hi,",湯盤兮赫曦，
Để đáng biện chứng pháp.,抵擋辯證法。
Thanh vân ly phi cẩm tác hà.,青雲離披錦作霞。
"Thuỷ ngưu duệ ách ma cam giá,",水牛曳軛磨甘蔗，
Thì hướng trúc lâm khuynh.,時向竹林傾。
"Dục báo Đông Sơn khách,",欲報東山客，
Biền phiên đề chỉ hoàng đồ bồi.,駢蕃褆祉皇圖培。
"Ngô quan tự cổ hiền đạt nhân,",吾觀自古賢達人，
"Hoài nhu bách thần,",懷柔百神，
Tập vu bao hủ.,集于苞栩。
"Thất hùng hùng thư do vị phân,",七雄雄雌猶未分，
Thi trung vô nhất ưu dân tự.,詩中無一憂民字。
"Tuy công bất tựu, diệc quyên nhất tử báo quân ân.",雖功不就，亦捐一死報君恩。
Ca dĩ vịnh chí.,歌以詠志。
"Quân tử hữu tửu,",君子有酒，
Viết cầu quyết chương.,曰求厥章。
Hà hận tiều tuỵ tại sơn trung.,何恨憔悴在山中。
"Thao thao thệ thuỷ lưu kim cổ,",滔滔逝水流今古，
"Trung gian thiết đậu biệt cam hàm,",中間設竇別甘鹹，
"Do lai hoa tính khinh,",由來花性輕，
"Phù trì tự thị thần minh lực,",扶持自是神明力，
"Yêu yêu thảo trùng,",喓喓草蟲、
"Sát khí nam hành động địa trục,",殺氣南行動地軸，
Vũ đả liêm tiền mai.,雨打簾前梅。
"Hữu thạch kỳ tiễu thiên trác thành,",有石奇峭天琢成，
Cổ chi nhã nhân!,古之雅人！
"Tây Đô chi tiệp, tật vu khu trì.",西都之捷，疾于驅馳。
Hữu bồ dữ kiên.,有蒲與蕳。
Kinh Bắc nghệ nhân trì quốc bảo,京北藝人持國寶
"Ô thanh kim dạ lạc,",烏聲今夜樂，
"Thành trung thất hoả,",城中失火，
Trung Sơn hữu nữ kiều vô song.,中山有女嬌無雙。
"Thanh thanh Trường Tín thảo,",青青長信草，
Chung nan thiệp đại xuyên.,終難涉大川。
Mãnh phong trung dạ xuy bạch ốc.,猛風中夜吹白屋。
Quýnh lập xương hạp sinh trường phong.,迥立閶闔生長風。
"Đào tận môn tiền thổ,",陶盡門前土，
"Quân bả tửu, thính ngã ca.",君把酒，聽我歌。
"Ân Thương chi lữ,",殷商之旅，
"Tích dục khủng dục cúc,",昔育恐育鞫，
"Gia gia thú phụ vọng phu hoàn,",家家戍婦望夫還，
Bất dữ bát tuấn câu tiên minh.,不與八駿俱先鳴。
"Ngũ nguyệt tuy nhiệt mạch phong thanh,",五月雖熱麥風清，
Âm hữu quỷ thần.,暗有鬼神。
"Tứ phương ký bình,",四方既平，
Đích đích viễn thế hoành sa đầu.,的的遠勢橫沙頭。
Nhiên thường quái:,然常怪：
"Dĩ hợp bách lễ,",以洽百禮，
"Lãm y thôi chẩm khởi bồi hồi,",攬衣推枕起徘徊，
"Nhân tiện tân lang như nhất khẩu,",人羡新郎如一口，
Tứ phương kỳ huấn chi;,四方其訓之；
"Cấm chỉ xa hoa,",禁止賒華，
Diệc niết mục tác quái.,亦揘目作怪。
"Hữu chí phất thành, anh hùng dĩ hĩ;",有志弗成英雄已矣；
Bất thực ư đản.,不實於亶。
Tướng quân ngọc trướng hiên thuý khí.,將軍玉帳軒翠氣。
Thì hữu thuỷ cầm đề.,時有水禽啼。
"Phụ mẫu tiên tổ,",父母先祖，
Xuân thụ thanh thanh ấm tiền độ.,春樹青青蔭前渡。
Cự hãn vương sư tâm hoài dị.,拒捍王師心懷異。
Nam vật tham sắc.,男勿貪色。
"Đạm yển kiển nhi đãi thự hề, hoang đình đình nhi phục minh.",澹偃蹇而待曙兮，荒亭亭而復明。
"Hữu mỹ nhất nhân,",有美一人，
Dư thiểm hữu vị.,餘忝有位。
"Vương mệnh phó ngự,",王命傅御，
Nhận khả xuy mao cẩm vi đới.,刃可吹毛錦為帶。
"Ngũ Nhạc tế dật giai tam công,",五嶽祭秩皆三公，
Trần Bình khí hà sách.,陳平氣何索。
"Vô dĩ thái khang,",無已大康，
"Lại thanh huyên cực phố,",瀨聲喧極浦，
"Nghiêu hữu tứ nhạc minh chí lý,",堯有四嶽明至理，
Lự thiển bất cập minh niên cơ.,慮淺不及明年飢。
Hồng lâu chiếu bích hồng mô hồ,烘樓照壁紅模糊；
"Tham tướng Phương Chính, Nội quan Mã Kỳ, tiên cấp hạm ngũ bách dư sưu, ký độ hải nhi do thả hồn phi phách tán;",參將方政，內官馬騏，先給艦五百餘艘，既渡海而猶且魂飛魄散；
Cố lý yên hoa nhập mộng trường,故里煙花入夢長，
"Lang lai bất tu vấn,",郎來不須問，
Chân châu lạc tý câu.,真珠絡臂鞲。
Hà dĩ báo chi thanh ngọc án.,何以報之青玉案。
Văn Vương viết: tư!,文王曰：咨！
Kim triêu tân trủng thành.,今朝新塚成。
"Ngọc dạng hương tao thất hại tu,",玉癢香搔失害羞，
"Ngọc cung quế thụ hoa vị lạc,",玉宮桂樹花未落，
Nhân thiệp ngang bĩ.,人涉卬否。
Hoa Đính đương hàn không.,華頂當寒空。
Phù thuỳ uý cụ?,夫誰畏懼？
"Cổ vãng kim lai, bách thế khả thôi.",古往今來，百世可推。
"Khởi thị muội dung hoa,",豈是昧容華，
Tướng tòng tâm diệt.,相從心滅。
Dữ nữ do thắng dữ ngoại nhân.,與女猶勝與外人。
"Thử địa do lai thịnh ca vũ,",此地由來盛歌舞，
"Phiên nhược kinh hồng,",翩若驚鴻，
Hữu Chu bất hiển?,有周不顯、
"Cung trung mỹ nhân nhất phá nhan,",宮中美人一破顏，
Thích thích đa bi.,戚戚多悲。
Kiểu kiểu vương chi tạo.,蹻蹻王之造。
"Ấu Ngọc nhất kiến khổ lưu tâm,",幼玉一見苦留心，
"Phiến phu kiệu tử tận phi thường,",扇夫轎子儘非常，
"Nga Thành Trai đình thượng chi thi, canh Xương Lê phong đầu chi cú.",哦誠齋亭上之詩，庚昌黎峰頭之句。
"Bồng Lai hữu lộ bất khả đáo,",蓬萊有路不可到，
Toạ hạ long câu lưỡng tương ngộ.,坐下龍駒兩相遇。
"Phiên hiềm tứ hạo tằng đa sự,",翻嫌四皓曾多事，
Vũ tuyết phi phi.,雨雪霏霏。
Thuỳ vị duệ xa viên.,誰為拽車轅。
Tử tôn giả vong.,子孫者亡。
"Bàng hữu loạn thạch lập thôi ngôi,",旁有亂石立崔嵬，
"Trì bôi vi mẫu thọ,",持杯為母壽，
Bất sử ngọc giai hành.,不使玉階行。
Tùng can quái để nhất nhất trực thấu tinh thần cung.,松干怪底一一直透星辰宮。
Tệ dư hựu cải tạo hề.,敝，予又改造兮。
"Xảo quyệt thị tà,",巧譎是邪，
Ngư đăng vũ ngoại minh.,漁燈雨外明。
Hồ trần ám thiên đạo lộ trường.,胡塵暗天道路長。
Đáp vân phục chẩm gian nan biến.,答雲伏枕艱難遍。
Tương ký vạn lý thân,將寄萬里親。
Bán thị ức quân thi.,半是憶君詩。
"Phối hướng Giang Nam ti thấp địa,",配向江南卑濕地，
"Dụ ta quang lộc anh hùng nhị,",籲嗟光祿英雄弭，
Dĩ hao đồ liễu.,以薅荼蓼。
Nguyệt Nga vị tất thiền quyên tử.,月娥未必嬋娟子。
Dịch xa kỳ hưu.,役車其休。
Kỳ tụng như vũ.,其從如雨。
Tiêu cổ ai minh bạch vân thu.,簫鼓哀鳴白雲秋。
Điểu thanh loạn khê thuỷ.,鳥聲亂溪水。
"Vạn hộ lâu đài lâm Vị thuỷ,",萬戶樓臺臨渭水，
"Thuỷ tri linh cảnh quýnh nhiên dị,",始知靈境迥然異，
Khước dụng Quan Trung tác bản căn.,卻用關中作本根。
"Ngã sinh chi hậu,",我生之後，
Sái huyết Giang Hán thân suy tật.,灑血江漢身衰疾。
Bất tự dương hoa uyển chuyển phi.,不似楊花宛轉飛。
Hà như tử nhi đồng hồ thiên địa diểu minh.,何如死而同乎天地杳冥。
"Bắc sơn hữu điểu, kỳ danh viết phụng hoàng.",北山有鳥其名曰鳳凰。
Hà sở đông noãn?,何所冬暖？
Hạt nguyệt dư hoàn quy tai?,曷月予還歸哉？
Sở thiên vạn lý vô tinh huy.,楚天萬里無晶輝。
Hà tư vi tư?,何斯違斯？
Xuân điểu phục ai ngâm.,春鳥復哀吟。
Bất khả tương dã.,不可襄也。
"Tiêu tương điện dao tịch,",椒漿奠瑤席，
"Vương sự thích ngã,",王事適我，
Đa ưu hà vi?,多憂何為？
Linh ngã dạ toạ phí đăng chúc.,令我夜坐費燈燭。
"Ngã bản bắc nhân kim khiển trích,",我本北人今譴謫，
"Bàn thân tồn phục quy hạc tức,",蟠身蹲伏龜鶴息，
Thị cố thị phục.,是顧是复。
"Tuy đồng quân thần hữu cựu lễ,",雖同君臣有舊禮，
Phân mang tuế hựu đông,紛忙歲又冬。
"Kim tiên cung khuyết, vô phàm trần.",金仙宮闕無凡塵。
"Mã tê bạch nhật mộ,",馬嘶白日暮，
Giang đình ám cộng tài lang túc.,江亭暗共才郎宿。
Ngã tỉnh hà vi.,我醒何為。
Hán nhị thiên thạch chân phân ưu.,漢二千石真分憂。
"Độc thị trung can nghĩa phủ, văn kiến đồng khâm;",獨是忠肝義腑，聞見同欽；
Bối ky lỗi lạc trừng bất lưu.,貝璣磊落澄不流。
"Mạc tương Thái nữ biên đầu khúc,",莫將蔡女邊頭曲，
"Mạc vi khát lộc sấn dương diễm,",莫為渴鹿趁陽燄，
Lệ tự trường lưu hoa tự mỵ,淚自長流花自媚，
Tuyết dữ thạch quang giai nhiễm lục.,雪與石光皆染綠。
Ác phát hô nhi diên nhập hộ.,握髮呼兒延入戶，
"Bạch quang hổ dược đằng tuyết sương,",白光虎躍騰雪霜，
Tản bộ vịnh lương thiên.,散步詠涼天。
"Phỉ kim tư kim,",匪今斯今，
"Tiểu Bạch bất cảm nhĩ,",小白不敢爾，
"“Ta phù! Thảo mộc vô tình, hữu thì phiêu linh; nhân vi động vật, duy vật chi linh. Bách ưu cảm kỳ tâm, vạn sự lao kỳ hình, hữu động hồ trung, tất dao kỳ tinh; nhi huống tư kỳ lực chi sở bất cập, ưu kỳ trí chi sở bất năng, nghi kỳ ác nhiên đan giả vi cảo mộc, y nhiên hắc giả vi tinh tinh. Nại hà phi kim thạch chi chất, dục dữ thảo mộc nhi tranh vinh! Niệm thuỳ vi chi tường tặc, diệc hà hận hồ thu thanh!”",「嗟夫﹗草木無情，有時飄零；人為動物，惟物之靈。百憂感其心，萬事勞其形，有動乎中，必搖其精；而況思其力之所不及，憂其智之所不能，宜其渥然丹者為槁木，黟然黑者為星星。奈何非金石之質，欲與草木而爭榮﹗念誰為之戕賊，亦何恨乎秋聲﹗」
Chung năng phấn dực.,終能奮翼。
"Đức Giang chi dương,",德江之陽，
Sinh ca tử khốc trường tương thủ.,生歌死哭長相守。
Bỉ thái yết hề.,彼采葛兮，
Chỉ ma mi hoành tị trực ông.,只麼眉橫鼻直翁。
"Lưỡng biên câu thức lệ,",兩邊俱拭淚，
Môn đối Mạnh Tân khẩu.,門對孟津口。
Không khuê nhân độc sầu.,空閨人獨愁。
"Lô yên tiệm sấu tiễn thanh tiểu,",爐煙漸瘦剪聲小，
Tam tinh tại ngẫu.,三星在隅。
"Động phòng kim dạ minh,",洞房今夜明，
Hà bất đương sơ mạc tương dữ?,何不當初莫相與？
"Câu Tiễn đặc thủ kỳ phục cừu chi chí nhi kỷ, khởi túc dĩ nghĩ nghị kỳ vạn nhất tai.",勾踐特取其復仇之志而己，豈足以擬議其萬一哉。
"Bộ đinh khiết lai thanh lang lang,",部丁朅來聲琅琅，
"Tố ty chúc chi,",素絲祝之，
Nhất biệt âm dung lưỡng diểu mang!,一別音容兩渺茫。
"Khả hiệu quân tử,",可效君子，
Vô sử sương quá triêm nhân y.,無使霜過沾人衣。
"Hạ chử đa phong lãng,",下渚多風浪，
Tiêu hoạ hành sấu tiết tiết tủng.,蕭畫莖瘦節節竦。
"Phong diệp lạc không giai,",風葉落空階，
Phù yên táng quyết thể?,夫焉喪厥體？
Hồi cầm Điểm sắt thiên cơ minh.,回琴點瑟天機鳴。
"Kim ngã toàn chỉ,",今我旋止，
Thượng hữu ai huyền lưu chí kim.,尚有哀弦留至今。
"Thánh đại dã tri vô khí vật,",聖代也知無棄物，
"Lục nguyệt thực uất cập úc,",六月食郁及薁，
"Quân kim quy khứ điếu tình hồ,",君今歸去釣晴湖，
"Bội kỳ tượng đế,",佩其象揥。
Chúc quân thán kỳ tài tận hạ.,祝君嘆其才盡下。
"Hoan Thuận đông phong dẫn bạo trào lai,",驩順東風引暴潮來，
"Bạc phạt Nghiễm doãn,",薄伐玁狁，
Hạng vô cư nhân.,巷無居人。
"Phản oán thịnh khai thì,",反怨盛開時，
"Ninh sử đương thời một huyền quan,",寧使當時沒縣官，
"Đăng khoa chi hậu thuỷ tương thức,",登科之後始相識，
Uý ác như hổ.,畏惡如虎。
Bất bỉ ba tiêu văn lộ đa.,不比芭蕉紋路多。
Dĩ vi phong thiện ngọc kiểm minh đường cơ.,以為封禪玉檢明堂基。
"Ngộ ngôn bất mỵ,",寤言不寐，
"Thị do thiên địa tổ tông chi linh hữu,",是由天地祖宗之靈有，
"Niệm tư không trường đại chi diệp,",念茲空長大枝葉，
"Niệm thế thù khởi khả cộng đới,",念世讎豈可共戴，
Sử ngã mẫu tử sinh biệt ly.,使我母子生別離。
"Thạc nhân ngữ ngữ,",碩人俁俁，
"Tâm ý ký đắc hình hài vong,",心意既得形骸忘，
"Hà dụng Đỗ Bá,",何用杜伯，
"Y thực chi nguyên thái liêu lạc,",衣食之源太寥落，
"Cụ công minh thanh chính chi tài, triều hữu trực thanh, quận hữu năng tích;",具公明清正之才，朝有直聲，郡有能績；
"Lạc Dương thành khuyết thiên trung khởi,",洛陽城闕天中起，
Vật sĩ hàng my.,勿士行枚。
"Tự nam tự bắc,",自南自北，
Quan quân dạ du Cốc Thành khẩu.,官軍夜逾谷城口。
"Tử Tư ký khí Ngô giang thượng,",子胥既棄吳江上，
"Nhân đạo càn khôn trường bất lão,",人道乾坤長不老，
"Thưởng xuân vô tửu ẩm,",賞春無酒飲，
Hậu tư thừa phụ.,後玆承輔。
"Bi đài tiêu táp thạch lung túng,",悲臺蕭颯石巃嵷，
Thiết lộng Chương Hoa đài.,竊弄章華臺。
Hành nhân bất quá thính vu lại.,行人不過聽竽籟。
"Hướng phi thánh nhân niệm xích tử,",向非聖人念赤子，
"Mỹ liên quyên dĩ tu hộ hề,",美連娟以脩嫮兮，
"Thanh phong diệp xích, thiên vũ sương.",青楓葉赤天雨霜。
"Giáo diệc bất thiện,",教亦不善，
Nan phân thử dạ trung.,難分此夜中。
Thanh thần hợp vi bộ sậu đồng.,清晨合圍步驟同。
Giai vi thương quỷ hùng.,皆為殤鬼雄。
"Nhân tâm như thiết,",人心如鐵，
Nhật mộ hoàng ly trường dục đoạn.,日暮黄鸝腸欲斷。
"Tương dư tựu chi,",將予就之，
Chủ tướng kiệm tỉnh ưu gian ngu.,主將儉省憂艱虞。
"Dục vấn hậu kỳ hà nhật thị,",欲問後期何日是，
Bỉ chí bảo chi thượng nhân; huống minh bàn chi bất hủ.,彼至寶之尚湮；況銘盤之不朽。
"Vân sơn tòng thử biệt,",雲山從此別，
"Biệt ly vô viễn cận,",別離無遠近，
Hà thú năng ngôn?,何獸能言？
"Dao tưởng quan đào xứ,",遙想觀濤處，
"Vô hạn ỷ lan tâm,",無限倚欄心，
"Thiên nhai hành khách ly gia cửu,",天涯行客離家久，
"Bắc phong bồi hồi,",北風徘徊，
Chung phong thả bạo.,終風且暴，
Dĩ nhi ca viết:,以而歌曰：
Phi phụ bất sinh.,非父不生。
"Hoài cổ nhân hề vẫn thế,",懷古人兮隕涕，
Hồi thủ cảm suy di.,回首感推移。
Thiếu niên lưu lạc nhung hành lý.,少年流落戎行裏。
"Dục tiếu tiện tiếu, ngôn tiện ngôn,",欲笑便笑言便言，
Vị hạ cơ hàn niệm minh nhật.,未暇飢寒念明日。
Nhất tiêu sổ hồi hoàn.,一宵數迴還。
Bạch nhật ảm thảm thần vô quang.,白日黯慘晨無光。
"Thập nhật tuế chung sinh nhật chí,",十日歲终生日至，
Quân độc tranh tranh thiết trượng phu.,君獨錚錚鐵丈夫。
"Ngô đồ hồ vi túng thử lạc,",吾徒胡為縱此樂，
Tại Hà chi hổ.,在河之滸。
"Nãi triệu tư không,",乃召司空，
Toạ trung hốt khủng phong lôi hắc.,坐中欻恐風雷黑。
"Quân thanh thập vạn chấn ốc ngoã,",軍聲十萬振屋瓦，
"Hữu cú vô cú,",有句無句，
Viên sơ vu dẫn dụng đương phỉ ca.,爰疏蕪引用當𢸿歌。
Thanh thanh giáp ngự hà.,青青夾禦河。
"Phiền não Bồ đề ám tiêu ma,",煩惱菩提暗消磨，
Phân uân bán yểm Giao Hà thú.,氛氳半掩交河戍。
Đại Lịch niên trung một lạc Phồn.,大曆年中沒落蕃。
"Ninh thích bất lai,",寧適不來？
Thú tác Hàm trì chi vũ.,獸作咸池之舞。
Hiểu hành chân kiến hải đào minh.,曉行真見海濤鳴。
"Như Lai thành chính giác,",如來成正覺，
Tân khổ thượng tương tòng.,辛苦尚相從。
Yên tế lưỡng tam gia.,煙際兩三家。
Hồn lễ quy tá,魂禮歸些
Nhân tri dữ bất tri.,人知與不知。
Hựu hữu viêm sương dữ phiền não.,又有炎霜與煩惱。
Thượng thực tấu ca đồ duyệt quỷ.,尚食奏歌圖悅鬼。
"Trọng Sơn Phủ chi đức,",仲山甫之德，
Nhi cố thố tại phúc?,而顧菟在腹？
"Mạc môn trẫm thiệt,",莫捫朕舌，
Đạo thuần đức bị.,道純德備。
"Thử thân phiêu bạc khổ tây đông,",此身飄泊苦西東，
Lão phu tam nhật do nhĩ lung.,老夫三日猶耳聾。
"Vị hướng Đông Khê đạo,",為向東溪道，
"Nam hải trừ thanh,",南海儲清，
Thì văn chiết trúc thanh.,時聞折竹聲。
Mạc bất lịnh đức.,莫不令德。
Lão ông thận mạc quái thiếu niên,老翁慎莫怪少年，
"Phàm phú hình tiếu chất ư lưỡng gian giả, mạc bất cổ vũ hồ xuân phong mộc dục hồ hoà khí.",凡賦形肖質於兩間者，莫不鼓舞乎春風沐浴乎和氣。
"Thiên Sơn chi thạch lục như ngọc,",天山之石綠如玉，
Đoài cung ẩn tinh.,兌宮隱星。
"Bạc thuyền thức đắc Tăng bà miếu,",泊船識得曾婆廟，
Tiên chí Lạc Dương thành.,先至洛陽城。
Nhất xứ hữu đề thanh.,一處有啼聲。
Phất niệm quyết thiệu?,弗念厥紹。
"Chỉ khủng ân tình thành cẩu hợp,",只恐恩情成苟合，
"Huề ngô tụng hề vịnh Vu, Nghi,",擕吾從兮詠雩沂。
An đắc tống ngã trí nhữ bàng?,安得送我置汝旁。
Cạnh dẫn hoàn gia vấn đô ấp.,競引還家問都邑。
"Thạch kiều hoành trực nhân gia hảo,",石橋橫直人家好，
"Vương mệnh Thiệu Bá,",王命召伯，
Bả kính chiếu diện tâm mang nhiên.,把鏡照面心茫然。
Giam oán hàm tình bất năng thổ.,緘怨含情不能吐。
Nhĩ lai nghiễn khô ma bất xuất.,爾來硯枯磨不出。
Nhập cận vu vương.,入覲于王。
"Phi đào lý chi thô tục, phi mai trúc chi cô hàn.",非桃李之粗俗，非梅竹之孤寒。
"Ức hiến tam phú Bồng Lai cung,",憶獻三賦蓬萊宮，
Chúc long hà chiếu?,燭龍何照？
Túc ung hiển tướng.,肅雝顯相。
"Lũng Hữu, Hà Nguyên bất chủng điền,",隴右河源不種田，
Bất ngữ lệ thiên hàng.,不語淚千行。
"Thủ trì cẩm bào phú ngã thân,",手持錦袍覆我身，
"Xả thao qua nhi tru đồng thất hề, nguyên Chính Khanh chi hữu ý.",捨操戈而誅同室兮，原正卿之有意。
Cầm sắt hà tằng ngự.,琴瑟何曾御。
"Phỉ vân cầu cao đằng thái không,",匪雲求高騰太空，
"Thạch Đầu thành hạ đào thanh nộ,",石頭城下濤聲怒，
Viễn khách trung tiêu lệ triêm ức.,遠客中宵淚沾臆。
Hình dung sinh quang.,形容生光。
Hại hữu vị trừ hề tư hữu dĩ cách.,害有未除兮思有以革。
"Đoản ca vi ngâm bất năng trường,",短歌微吟不能長，
"Tru mao bốc cư tổng vi thử,",誅茅卜居總為此，
"Cảm Giao Phủ chi khí ngôn hề,",感交甫之棄言兮，
Nhi điên vẫn quyết thủ?,而顛隕厥首？
Thất nguyệt tại thự.,七月在野，
Trượng lê dục sấn phi nhu khinh.,杖藜欲趁飛猱輕。
"Ban Cơ thiên cổ hận,",班姬千古恨，
Ưng tri cố hương sự.,應知故鄉事。
"Tề Hoàn chi công,",齊桓之功，
Lương sĩ hưu hưu.,良士休休。
“Ngã diệc lai dinh tuý quy nhĩ!”,我亦來營醉歸耳！
Thất nguyệt minh quyết.,七月鳴鵙，
"An tri bần phú phi do mệnh,",安知貧富非由命，
Kỳ từ viết:,其詞曰：
"Châu gia thân danh sử gia ức,",州家申名使家抑，
Khát ẩm hàn tuyền phùng để xúc.,渴飲寒泉逢抵觸。
"Thái Ất, Thái Thất du thử kỳ.",太乙太室輸此奇？
"Quyết sơ sinh dân,",厥初生民，
Dữ tử đồng đạc!,與子同澤。
Toan điềm khổ lạt tự thừa đương.,酸甜苦辣自承當。
"Triêu dương xuất hề, phụng nãi minh,",朝陽出兮鳳乃鳴，
"Ba thuỷ cấp như tiễn,",巴水急如箭，
Mạc hướng vũ trung đề.,莫向雨中啼。
"Dĩ giác thu song thu bất tận,",已覺秋窗秋不盡，
Phỉ xa phiếu hề!,匪車嘌兮。
Phù thâm bá đãng ngoan đà quật.,浮深簸蕩黿鼉窟。
"Tiến quyết hổ thần,",進厥虎臣，
"Nam sơn hữu cũ,",南山有枸，
Thập niên quy vị trì.,十年歸未遲。
"Giang thượng tam thiên nhạn,",江上三千雁，
"Đoạn kiều hành khách thiểu,",斷橋行客少，
"Vu sơn do cẩm thụ,",巫山猶錦樹，
Tuyết trung do diểu tối phồn chi.,雪中猶裊最繁枝。
"Bảo hựu mệnh nhĩ,",保右命爾，
"Sơn xuyên uyển như cựu,",山川宛如舊，
"Thanh sơn thanh, thanh dục đoạn,",青山青，青欲斷，
Kim tịch hà tịch?,今夕何夕？
"Toạ trung khấp hạ thuỳ tối đa,",座中泣下誰最多，
"Tứ khí đại tạ,",四氣代謝，
"Thư trung địch lý không tương ức,",書中笛裏空相憶，
Nhất diệp biển chu nhiệm phong đột.,一葉扁舟任風突。
Thuý sắc năng trường tại,翠色能長在，
Tử khí uất uất do xung đấu.,紫氣鬱鬱猶沖鬥。
"Chu lâu tứ diện quản huyền thanh,",朱樓四面管弦聲，
Kinh trần tiễn huyết lưu thiên tải.,驚塵濺血流千載。
"Tích thì phi tiễn vô toàn mục,",昔時飛箭無全目，
Hàn đa tửu lực vi.,寒多酒力微。
Chi tử hồng tiêu diễm phục thù.,梔子紅椒豔復殊。
"Nhữ Nam thần kê ốc ốc minh,",汝南晨雞喔喔鳴，
Địa phô bạch yên hoa thốc tuyết.,地鋪白煙花簇雪。
Đăng lâu đối tửu đàn không hầu.,登樓對酒彈箜篌。
"Chân tông như thị huyễn,",真宗如是幻，
"Sở vị y nhân,",所謂伊人，
Nhật vãng nguyệt lai vô hưu tức.,日往月來無休息。
Đương sinh sinh bất sinh.,當生生不生。
"Thi khôi mộc chi bạc lô hề, uỷ sâm si dĩ khang lương.",施瑰木之欂櫨兮，委參差以槺梁。
"Thâm sơn cùng cốc bất khả xứ,",深山窮穀不可處，
"Hoa điền uỷ địa vô nhân thu,",花鈿委地無人收，
"Ninh Kiều chi huyết thành xuyên, lưu tinh vạn lý;",寧橋之血成川，流腥萬里；
Toản nữ duy Sằn.,纘女維莘，
"Kỷ đa diệu bút trữ hoa hiên,",幾多妙筆貯華軒，
Thu sắc hốt thượng diệp.,秋色忽上葉。
Hương cơ lãnh sấn tranh tranh bội.,香肌冷襯琤琤佩。
Hồng nhan kỵ trúc ngã vô duyên.,紅顏騎竹我無緣。
"Duyệt cơ tái thỉnh,",閱期再請，
Lai vãng Tương Dương thành.,來往襄陽城。
Bôn tẩu tiên hậu phi bất lực.,奔走先後非不力。
Liêu dữ tử đồng quy hề!,聊與子同歸兮。
Thuỳ kỳ tòng chi tý ưng giả?,誰其從之臂鷹者。
"Niên niên trường tự tống hành nhân,",年年長自送行人，
Sa hàn thuỷ băng đống thương cốt.,沙寒水冰凍傷骨。
"Hà Khải duy ưu,",何啟惟憂，
"Huân thiên ý khí liên cung dịch,",薰天意氣連宮掖，
Tư nhữ Ân Thương.,咨女殷商。
Mục phù ngưu dương?,牧夫牛羊？
Hồ năng hữu định?,胡能有定？
Đỉnh đỉnh bách niên duy khủng trì.,鼎鼎百年惟恐遲。
"Phi điểu khứ bất cùng,",飛鳥去不窮，
Nhân sự nan lường đa thư ngữ.,人事難量多齟齬。
"Hàn hầu cố chi,",韓侯顧之，
Tây phương chi nhân hề!,西方之人兮。
Yên ba xứ xứ sầu.,煙波處處愁；
Hoang đài cổ nguyệt thuỷ lân lân.,荒臺古月水粼粼。
"Thí đăng tuyệt đỉnh vọng hương quốc,",試登絕頂望鄉國，
"Duy quân tử sử,",維君子使，
Nữ nhi giải ca sơn giá cô.,女兒解歌山鷓鴣。
"Giáng vân tại tiêu, cam lộ bố dã;",絳雲在霄，甘露布野；
Sắc sứ đông lai tứ cẩm bào.,敕使東來賜錦袍。
Nãi sư chi noạ.,乃師之惰。
Chỉ đạo trụ Đồng Lư.,只道住桐廬。
"Thiết y viễn thú tân cần cửu,",鐵衣遠戍辛勤久，
Nam liên Mộ Dạ chi nham a.,南聯暮夜之岩阿。
Nhĩ hào ký tương.,爾殽既將。
"Trắc giáng quyết sĩ,",陟降厥士，
"Tiên công ấm trạch,",先公蔭澤，
Mạc sinh vưu vật vi sang vị.,莫生尤物為瘡痏。
"Thứ bất đố hồ tạo hoá, diệc vô phụ hồ hồng quân.",庶不妒乎造化，亦無負乎洪鈞。
"Ký tự dĩ tâm vi hình dịch, hề trù trướng nhi độc bi?",既自以心為形役，奚惆悵而獨悲？
"Ngư nhân dạng chu trầm đại võng,",漁人漾舟沈大網，
Hoàn đồng trang tẩu lạc.,還同莊叟樂。
Hoàng đô đắc ý hồi.,皇都得意回。
"Lâm hồ nhân gia biệt dạng kiều,",臨湖人家別樣嬌，
Kỳ lạc như hà?,其樂如何。
"Lạc thổ, lạc thổ!",樂土、樂土，
Văn chương khả lập thân.,文章可立身。
"Khanh đáo triều đình thuyết lão ông,",卿到朝廷說老翁，
"Bát nguyệt thập ngũ nhật,",八月十五日，
"Hà Nam niên lai sổ cang hạn,",河南年來數亢旱，
"Yên ngã hồ Thượng Cung,",要我乎上宮，
Trúc cứu dưỡng mã phàm thiên quần.,築廄養馬凡千群。
"Lục dương hồng hạnh sắc như cựu,",綠楊紅杏色如舊，
Kim niên hoa phát lộ bàng chi.,今年花發路傍枝。
Thiên cao khí hàn.,天高氣寒。
Phục như hoa cánh khai.,復如花更開。
"Thi quyển trường lưu thiên địa gian,",詩卷長流天地間，
Vô tín tâm tương ức.,無信心相憶。
Thu phong xuy lạc Thục quỳ hoa.,秋風吹落蜀葵花。
"Văn tự bất học,",文字不學，
"Độc mỵ ngụ ca,",獨寐寤歌，
"Hương phức uất hề tằng tiêu,",香馥郁兮層霄，
"Trường Thành trực thác tam thiên lý,",長城直拓三千里，
Triển chuyển phục triểm.,輾轉伏枕。
Hà thuỷ ương ương.,河水泱泱。
Tư tập dụng quang.,思輯用光。
Vĩnh tích nhĩ loại.,永錫爾類。
"Hồng nhan lưu lạc phi ngô luyến,",紅顏流落非吾戀，
"Tam phân thiên hạ,",三分天下，
"Thanh bi tư hương quốc,",声悲思郷国，
"Thanh âm yết yết như hữu vị,",聲音咽咽如有謂，
Diệc dị vu vũ.,亦施于宇。
Trường Canh khứ hậu thuỳ phục luân?,長庚去後誰復淪？
"Hương trần bất động bạch nhật noãn,",香塵不動白日暖，
Thất lộ tiện sử thiên ma khấp.,失路便使天魔泣
Đả song phong vũ chính tam canh.,打窗風雨正三更。
Ba ngưng ngọc nhũ kim bình lãnh.,波凝玉乳金瓶冷。
Y hồ nãi nhiên,伊胡乃然
Thúc hốt quá khứ sổ bách quần.,倏忽過去數百群。
Thanh sơn nhất vọng tâm đoạn tục.,青山一望心斷續。
"Tam Nguyên lý tiền thanh nhược lôi,",三元里前聲若雷，
Trắc bỉ khỉ hề!,陟彼屺兮，
"Mệnh vận nhất ư thiên Đế Tống hoàng bào Đế Việt long cổn,",命運一於天帝宋黃袍帝越龍袞，
"Hữu bật, hữu bật,",有駜有駜，
"Thư tức ấp nhi tăng hy hề, sỉ lý khởi nhi bàng hoàng.",舒息悒而增欷兮，蹝履起而彷徨。
"Trung Sơn hảo nữ quang bồi hồi,",中山好女光徘徊，
Vương hậu chưng tai!,王后烝哉！
Thiên cực yên gia?,天極焉加？
Ký dữ tiếp lưu nhân.,寄與接流人。
Phù hà trường?,夫何長？
"Độc hành củ củ,",獨行踽踽，
Cảm thì phủ sự tăng uyển thương.,感時撫事增惋傷。
Sàm chi thiên tử ngôn kỳ tư.,讒之天子言其私。
Nãi tuyên nãi mẫu.,乃宣乃畝。
"Trú tắc kim ô chiếu,",晝則金烏照，
"Lâu Tang Huyền Đức bản hoàng tôn,",樓桑玄德本皇孫，
Vị tằng cán ngã nương sinh khố.,未曾浣我娘生褲。
Tinh chiêu phỉ loại,腥昭匪類
"Duy thử Trọng Hàng,",維此仲行，
Tử tôn giả xương.,子孫者昌。
Nhân nhân nguyện báo ân.,人人願報恩。
Ngưu dương tiễn hề mục thụ ca.,牛羊踐兮牧豎歌。
Giảo nhân liễu hề!,佼人僚兮。
"Mặc mặc tiếu tương thị,",嘿嘿笑相視，
Kỉ nhân trác tuyệt bỉnh Chu lễ.,幾人卓絕秉周禮。
Bất dụng ký hàn y.,不用寄寒衣。
Quý thích danh hào cạnh diên trí.,貴戚名豪競延致。
Vô nhân cổ dũng năng đăng tiên.,無人賈勇能登先。
Tế chí nan thù hải ngoại du.,濟志難酬海外遊。
"Kỷ tẩu hoàng tuyền lý,",紀叟黃泉裏，
"Thiên giáng cơ hoàng bệnh thử dân,",天降饑蝗病此民，
"Mỹ nhân mỹ nhân sắc khả thực,",美人美人色可食，
"Bạn chi dục động chuyển y trắc,",絆之欲動轉欹側，
Hoàng ốc thảo sinh khí nhược di.,黃屋草生棄若遺。
Thi thư bất phụ nhân.,詩書不負人。
Thắng tỷ Thất Tinh nham.,勝比七星岩。
"Thái thường lâu thuyền thanh ngao tào,",太常樓船聲嗷嘈，
Song song minh ngọc kha.,雙雙鳴玉珂。
"Khởi tri nhị cửu tai tinh đáo,",豈知二九災星到，
"Nhân ký đắc tiền hổ dao vĩ,",人既得錢虎搖尾，
"Trường An đông nam Vạn Tuế san,",長安東南萬歲山，
"Kim Sơn tây kiến yên trần phi,",金山西見煙塵飛，
"Tam tải vi ngô quận,",三載為吳郡，
"Sơn minh hải thệ hoàn bất tín,",山盟海誓還不信，
"Thu thu ẩm thực trích dữ lạp,",啾啾飲食滴與粒，
"Hô đồng phanh kê chước bạch tửu,",呼童烹雞酌白酒，
"Vô y vô hệ,",無衣無褐，
Song tiền thực đồng thanh phụng tiểu.,窗前植桐青鳳小。
"Vận lương thằng kiều tráng sĩ hỉ,",運糧繩橋壯士喜，
Mỹ mạnh Dung hĩ.,美孟庸矣。
"Minh phi sơ xuất Hán cung thì,",明妃初出漢宮時，
Hoài chi hảo âm.,懷之好音。
"Hà biên Chức Nữ tinh,",河邊織女星，
"Khách sầu hồn giảm khứ,",客愁渾減去，
Thị vô trí lư.,是無智慮。
"Ngã hữu gia tân,",我有嘉賓，
"Bạch Đế thành tây vạn trúc bàn,",白帝城西萬竹蟠，
Do văn lưu thuỷ thanh.,猶聞溜水聲。
Nhĩ mục tầm thường sở nan thức.,耳目尋常所難識。
"Bật thì tử kiên,",佛時仔肩，
Quán không cảnh du tịch.,觀空境逾寂。
"Tằng mạc tiên đế Chiếu Dạ Bạch,",曾貌先帝照夜白，
Giải cấu khởi tức phi lương đồ.,邂逅豈即非良圖。
"Nộn như Tần thì đồng nữ đăng Bồng Doanh,",嫩如秦時童女登蓬瀛，
Dữ tử nga chi.,與子宜之。
"Ngã kim huề Tạ kỹ,",我今攜謝妓，
Kết vũ lâm Y hồ.,結宇臨欹湖。
Khả dĩ lập thân.,可以立身。
"Giáng nhĩ hà phúc,",降爾遐福，
Dĩ tác nhĩ dung.,以作爾庸。
Phụ vô tàm chức phu vô canh.,婦無蠶織夫無耕。
"Bất tri đống lý vân,",不知棟裏雲，
Bách vạn qua mâu há Kinh thổ.,百萬戈矛下荊土。
Lệ thư quốc trung xứng tối công.,𨽻書國中稱最工。
Ích vinh kỳ danh.,益榮其名。
"Giang bạn tống hành nhân,",江畔送行人，
Hoành thuỳ bảo ác đồng tâm kết,橫垂寶幄同心結，
Ô nhận ngư dược!,於牣魚躍！
"Lương Châu thành đầu văn đả cổ,",涼州城頭聞打鼓，
"Gián hoặc lão bút bất khẳng khuất,",間或老筆不肯屈，
Chuyên tâm vọng khảo công.,專心望考功。
"Cao phong bất tá tiện,",高風不借便，
"Lâm gian đạp thanh khứ,",林間踏青去，
Bá cường hà xứ?,伯強何處？
Tiếu nhĩ hành tàng bất như thử.,笑爾行藏不如鼠。
"Tại thế vi nhân thân,",在世為人身，
"Triêu dữ giai nhân kỳ,",朝與佳人期，
Tác biệt nhi khứ.,作別而去。
"Ta dư sinh hề nhật tụng,",嗟予生兮日誦，
Chỉ tiềm uyên nhi vi kỳ.,指潛淵而為期。
"Quân tử vạn niên,",君子萬年，
"Mạc thán tha hương tử,",莫嘆他鄉死，
Thâm viện tĩnh âm âm,深院靜陰陰，
Mạc linh trảm đoạn thanh vân thê.,莫令斬斷青雲梯。
Hồ thử phong nghĩ tranh phệ thôn.,狐鼠蜂蟻爭噬吞。
"Hữu nghiêm hữu dực,",有嚴有翼，
Lỗi lạc phong tư.,磊落風姿。
Linh lộ nễ nễ.,零露泥泥。
"Ngô huyện đa hiển,",吾縣多顯，
Tha nhật trượng lê lai tế thinh.,他日杖藜來細聽。
Nhất triêu hựu chi.,一朝右之。
"Châu bạc lung hàn nguyệt,",珠箔籠寒月，
"Vân vạn trượng dĩ đằng phi,",雲萬丈以騰飛，
"Hạp ngô lưỡng mục, bế ngô nhĩ.",闔吾兩目閉吾耳。
"Quách Phần Dương trượng trung tín an nghĩa mệnh,",郭汾陽仗忠信安義命，
Nhất khu giao thái đồng du du.,一軀交態同悠悠。
"Tri âm thức khúc đàn thanh thương,",知音識曲彈清商，
"Hợi vi đồ tứ cổ đao nhân,",亥為屠肆鼓刀人，
"Tần vân liên sơn hải tương tiếp,",秦雲連山海相接，
"Lạc nhật sơ hà siểm dư ánh,",落日初霞閃餘映，
"Hồng Môn ngọc đẩu phân như tuyết,",鴻門玉斗紛如雪，
Đông môn chi văn.,東門之枌，
"Phủ vương nghiệp chi du cơ hề, hà nhật năng vương.",撫王業之攸基兮，何日能忘。
Canh lê phân vân ngưu bội huyết.,耕犁紛紜牛揹血。
Thanh sơn đoạn xứ vân như mạn.,青山斷處雲如幔。
Kim thố tinh can mãn vân trực.,金錯旌竿滿雲直。
"An tri sự vật tổng quy vô,",安知事物總歸無，
Khoảnh nhân Hồ chính chi phiền hà.,頃因胡政之煩苛。
"Cối biền như tinh,",會弁如星。
Ô hô hữu ai!,於乎有哀！
Vô chi mị khuyết hữu mị bổ.,無之靡闕有靡補。
Độc kỵ sấu mã đạp tàn nguyệt.,獨騎瘦馬踏殘月。
"Cố quốc tam niên nhất tiêu tức,",故國三年一消息，
Thiên hạ thái bình.,天下太平。
"Tự chu xa chi ký trần hề, bỉ vi Miêu nhi thử vi Huân;",自舟車之既陳兮，彼為猫而此為獯。
Đức âm vô lương.,德音無良。
"Sơn sắc vô viễn cận,",山色無遠近，
"Thi cảnh thi tình chính vị lan,",詩景詩情正未闌，
"Tấu vũ loan chi diệu khúc,",奏舞鸞之妙曲，
"Phú viết: Duy kỳ hàn chi sở sinh, vu quý đông chi giảo thố. Tính tinh cức dĩ phiếu hãn, thể thuyên tấn dĩ sính bộ. Tước văn trúc dĩ vi quản, gia tất ty chi triền thúc. Hình điệu đoàn dĩ trực đoan, nhiễm huyền mặc dĩ định sắc. Hoạ càn khôn chi âm dương, tán Mật hoàng chi hồng huân. Tự Ngũ đế chi hưu đức, dương đãng đãng chi minh văn. Kỷ Tam vương chi công phạt hề, biểu bát bách chi tứ cẩn. Truyền Lục kinh nhi chuế Bách thị hề, kiến hoàng cực nhi tự di luân. Tổng nhân sự ư ám muội hề, tán u minh vu minh thần. Tượng loại đa dụ, mĩ thi bất hiệp. Thượng cương hạ nhu, càn khôn vị dã. Tân cố đại tạ, tứ thời tự dã. Viên hoà chính trực, quy củ cực dã. Nguyên thủ hoàng quản, thiên địa sắc dã. Vân vân.",賦曰：惟其翰之所生，于季冬之狡兔，性精亟以慓悍，體遄迅以騁步。削文竹以為管，加漆絲之纏束，形調摶以直端，染玄墨以定色，畫乾坤之陰陽，讚宓皇之洪勳，敘五帝之休德，揚蕩蕩之明文。紀三王之功伐兮，表八百之肆覲。傳六經而綴百氏兮，建皇極而序彝倫。綜人事於晻昧兮，贊幽冥于明神。象類多喻，靡施不協。上剛下柔，乾坤位也。新故代謝，四時序也。圓和正直，規矩極也。元首黃管，天地色也。云云。
Hà xứ thị Tra Thành?,何處是渣城。
Cổ nhân tại hà xứ.,古人在何處。
"Thế nhân giải thính bất giải thưởng,",世人解聽不解賞，
"Sự tu an nghĩa mệnh,",事須安義命，
Thanh phong xuy không nguyệt thư ba.,清風吹空月舒波。
Nhãn vọng cao thành bất cảm tiền.,眼望高城不敢前。
Bật bỉ thặng mẫu.,駜彼乘牡。
"Tam thập sinh nam bất giải ái,",三十生男不解愛，
"Tỵ kỳ phi lộ phiên phiên bạch,",避旗飛鷺翩翻白，
Ngô bối phiêu linh hà túc số!,吾輩飄零何足數！
Chu môn hạ khách đa.,朱門賀客多。
"Tri ngã giải,",知我者，
Nhật mộ đông lâm đại giang khốc.,日暮東臨大江哭。
Cầu mâu ốc chuân.,厹矛鋈錞，
"Xuân lai hoa thụ thái tự kiêu,",春來花樹太自驕，
Nữ bái đệ thê nam bái đệ.,女拜弟妻男拜弟。
Qua điệt phong phong.,瓜瓞唪唪。
"Y uy tại thất,",伊威在室、
"Quy nhân do tự niệm đình vi,",歸人猶自念庭闈，
"Tịch liêu thanh thảo khúc,",寂寥青草曲，
"Thất nguyệt lưu Huỷ,",七月流火，
Thử tắc phương hoa.,黍稷方華。
Tâm chi ưu hĩ.,心之憂矣，
Diệc sử hậu nhân phục ai hậu nhân dã!,亦使後人復哀後人也！
Liệt giả bất hà.,烈假不遐。
Nhất niên nhất độ mai phương thảo.,一年一度埋芳草。
An đắc xuân nê bổ địa liệt.,安得春泥補地裂。
Bất tri xuân dĩ quy.,不知春已歸。
"Nhược vi thử lộ kim trùng quá,",若為此路今重過，
"Sơ huề nhiễu thảo ốc,",蔬畦繞草屋，
"Ngã đông viết quy,",我東曰歸、
"Đản giáng gia chủng,",诞降嘉種，
"Phỉ dụng kỳ lương,",匪用其良，
Đinh tuyệt chuyển phong Lê dữ Lý.,丁絕轉封黎與李。
Yên đắc phù Bao Tự?,焉得夫襃姒？
Bất tri phiến phiến đoạ hành trần.,不知片片墮行塵。
"Tửu lễ duy nhủ,",酒醴維醹，
Mai sổ Tống triều cự tuấn;,枚數宋朝巨俊；
"Ức tích thanh minh giai tiết thì,",憶昔清明佳節時，
Liệt tinh an trần?,列星安陳？
Diệc dĩ ngự đông.,亦以御冬。
"Quy sơn thâm tiên khứ,",歸山深淺去，
Thê thân hoang dã.,棲身荒野。
Thụ chi lịch lịch nhiễm sa thổ.,樹枝歷歷染沙土。
Tam thuế thực bần.,三歲食貧。
"Thử ưng tả chân tại Tả Miên,",此鷹寫真在左綿，
Cố khiển giai nhân tại không cốc.,故遣佳人在空穀。
Hữu âm quế kỳ.,右陰桂旗。
Cẩm trạc vong hoàn sự đa thiểu?,錦櫂忘還事多少。
"Ưu tâm khổng cứu,",憂心孔疚，
"Thế gian tráng sĩ đãn lão tử,",世間壯士但老死，
"Tả lãm phồn nhược,",左攬繁弱，
"Chung ôn thả huệ,",終溫且惠，
Lan trửu tân hoạt gia tân lưu.,蘭酎辛滑嘉賓留。
"Đại mạc sa như tuyết,",大漠沙如雪，
Nghiễm doãn chi cố.,玁狁之故；
"Quân tử vạn niên,",君子萬年，
"Hy hà vi hề thuỷ nùng thuyền,",嘻何爲兮水儂船，
Tàn dư vị miễn tòng nhân khất.,殘余未免從人乞。
Tửu lan tháp kiếm can đảm lộ.,酒闌插劍肝膽露。
"Chước chước xuân hoa,",灼灼春華，
"Đạo bản vô nhan sắc,",道本無顏色，
Bối thượng thì thì cô điểu lập.,背上時時孤鳥立。
"Quân tử chí chỉ,",君子至止，
"Nhân sinh đại đại vô cùng dĩ,",人生代代無窮已，
"Hoàng hoa thịnh tuyển thuộc nho lưu,",皇花盛選屬儒流，
Kinh cức lang tạ bàn căn nha.,荊棘狼籍盤根芽。
"Hoạ cổ đội thôi Đào Diệp kỹ,",畫鼓隊催桃葉伎，
"Cách phố vọng nhân gia,",隔浦望人家，
Kỳ tử tại my.,其子在梅。
Đài tiền yến vũ khinh.,臺前燕舞輕。
Bắc sơn hữu lý.,北山有李。
"Chu nhân thôi khách tiền than trú,",舟人催客前灘住，
Y cựu tự thuỳ ty.,依舊自垂絲。
Thất nhân giao biến tồi ngã.,室人交遍摧我。
"Liễu hạ sài phi tĩnh,",柳下柴扉靜，
Kỳ tố nhược hà: xuân mai trán tuyết;,其素若何：春梅綻雪；
Đình xa sầu thính giang viên đề.,停車愁聽江猿啼。
"Ái mai ái tuyết ái duyên hà,",愛梅愛雪愛緣何？
"Phù chu lộng thuỷ tiêu cổ minh,",浮舟弄水簫鼓鳴，
Mãn thân cổn lộng vưu tinh cực.,滿身袞弄尤精极。
Do tư đồng trụ tiêu Viêm Hải.,猶思銅柱標炎海。
"Đồ hưng Hán hề, thục Bình thục Lương?",圖興漢兮，孰平孰良。
Trung trường kết khúc nan vi từ.,中腸結曲難為辭。
Dương tu bất xuất lai.,佯羞不出來。
"Ký kiến quân tử,",既見君子，
Tả chư Ngũ Lão chi phong tiền.,瀉諸五老之峰前。
Thả tu ca vũ khoan ly ưu.,且須歌舞寬離憂。
Du du ngã ti.,悠悠我思。
"Hành nhân trầm thán mã bất tiền,",行人沉嘆馬不前，
Cư nhiên sinh tử.,居然生子。
"Miếu nhạc ung ung,",廟樂雍雍，
"Quynh quynh mẫu mã,",駉駉牡馬，
Như nhật chi thăng.,如日之升。
Sơn điểu sơn hoa ngô hữu vu.,山鳥山花吾友于。
"Tự cổ tuy hữu yểm thắng pháp,",自古雖有厭勝法，
Hoa hạ sơn xuyên trưởng nhất thân.,花下山川長一身。
Thanh huỳnh thiên sắc đồng.,青熒天色同。
Chu viên tư tuân.,周爰咨詢。
Đào khánh xúc ngữ.,鞉磬柷圉。
"Hồi như ngu hề lạc đan biều,",回如愚兮樂簞瓢，
"Cửu nhật sơn tăng viện,",九日山僧院，
"Đồng cung siêu hề,",彤弓弨兮，
Quân phùng thánh chúa du đan khuyết,君逢聖主遊丹闕。
Thu phong lai tảo xuy thiếp thường.,秋風來早吹妾裳。
"Lang yêu mạn hồi, thiềm nha cao trác.",廊腰縵迴、簷牙高啄。
"Biến thân la ỷ giả,",遍身羅綺者，
Tùng tử vu Cao.,從子于鵠。
"Nhi bối bất tiếu,",兒輩不肖，
"Tinh Hán tây lưu dạ vị ương,",星漢西流夜未央，
Thần đương bất một hĩ thê thương trường tại Thăng Long gian.,神當不沒矣悽傷長在昇龍間。
"Học thư sơ học Vệ phu nhân,",學書初學衛夫人，
“Lục cung nguyện thức suất nhan hình”.,六宮願識帥顏形。
Bàng xá hồ tương bất dung khất.,傍舍壺漿不容乞。
"Kim ngã bất lạc,",今我不樂，
Hãn kỳ thấp hĩ.,暵其濕矣。
Khuynh thành khuynh quốc lương hữu dĩ.,傾城傾國良有以。
A na kỳ chi.,猗儺其枝。
"Dịch thuỷ phong tiêu sắt,",易水風蕭瑟，
"Vân kế nga nga,",雲髻峨峨，
Hữu khách như thử phủ.,有客如此否。
"Thái y lộng sồ nhật vi lạc,",彩衣弄雛日為樂，
Kiếm lý công nhiên điện thượng xu.,劍履公然殿上趨。
Kinh thành nhất vọng đại bao la.,京城一望大包羅。
"Vân Sạn oanh vu, Kiếm Các khung sùng, tuy túc dĩ thoát Minh Hoàng chi nạn, nhi Ngọc Luỹ yêm lưu, bất năng hồi Đường triệt nhi đông;",雲棧縈紆，劍閣穹崇，雖足以脫明皇之難，而玉纍淹流，不能回唐轍而東；
Vân vụ hối minh phương giáng tinh.,雲霧晦冥方降精。
"Chiêu Dương vũ nhân ân chính thâm,",昭陽舞人恩正深，
"Lạc Dương nhất biệt lê hoa tân,",洛陽一別梨花新，
"Khang Hồi phùng nộ,",康回馮怒，
"Nãi tích nãi thương,",迺積迺倉，
Đoạt thủ đương thời khuynh quốc nhân.,奪取當時傾國人。
"Vương phối vu kinh,",王配于京，
"Thanh thảo thê thê tận khô tử,",青草萋萋盡枯死，
Thanh bích vô lộ nan di duyên.,青壁無路難夤緣。
"Thuỳ bỉnh bút nhi trực thư hề, cụ chiêu chiêu ư sử sách?",誰秉筆而直書兮，具昭昭於史冊。
Hiểu lạc Tây sơn tung phục hoành.,曉落西山縱復橫。
Bất cầu hữu sinh.,不求友生？
"Lương thu bát nguyệt Tiêu quan đạo,",涼秋八月蕭關道，
Ngọc chi thiển dã.,玉之瑱也，
Thuý hoa phất thiên lai hướng đông.,翠華拂天來向東。
Bất nhẫn bạch đầu nhân.,不忍白頭人。
"Mục đồng kỵ hoàng ngưu,",牧童騎黃牛，
Điệm phất chu khuếch.,簟茀朱鞹。
"Phương tâm tịch mịch ký hàn chi,",芳心寂寞寄寒枝，
Cẩu diệc vô tấn.,茍亦無信。
Khước lại kim tăng tuế tệ mưu.,卻賴金繒歲幣謀。
Vô dịch ư nhân tư.,無射於人斯。
Tạo hoá vô cùng.,造化無窮。
Hiểu thanh long long thôi chuyển nhật.,曉聲隆隆催轉日，
"Bảo kiếm niên đa phong ngạc tiêu,",寳劍年多鋒鍔銷，
"Quyển khởi châu liêm vọng thuý hoa,",捲起珠簾望翠花，
Tích đức thuỳ nhân.,積德垂仁。
Chu tử tá triều đình.,朱紫佐朝廷。
"Bạch thố đảo dược thu phục xuân,",白兔搗藥秋復春，
"Y đồng tử tất,",椅桐梓漆，
"Vô lao vấn hà bắc,",無勞問河北，
Hàn y bất yêu khoan.,寒衣不要寬。
Nan dĩ giải ưu.,難以解憂。
Tưởng kiến quất trục thuỳ không đình.,想見橘柚垂空庭。
Ngôn tất ý vi thời phản thần.,言畢意違時反唇。
Khỉ bất hoài quy?,豈不懷歸！
Vạn tính âu ca hề tam thuỳ yến thiếp.,萬姓謳歌兮三陲宴帖。
Tại công tái yến.,在公載燕。
"Trân dữ Vĩ,",溱與洧，
"Thanh thanh tử khâm,",青青子衿，
Ngư Phúc di cư tâm lực tỉnh.,魚復移居心力省。
Chỉ thị khởi hành vân.,只是起行雲。
Thị kinh thị vĩ.,是經是緯。
"Nhất nhật bất kiến,",一日不見，
Nhược tương phi nhi vị tường.,若將飛而未翔。
"Ba quang thuỷ điểu kinh do túc,",波光水鳥驚猶宿，
"Đông Pha vị trúc bất khả vô,",東坡謂竹不可無，
Thanh sơn quyển bạch vân.,青山卷白雲。
Nhật cao tắng trung vị phất trần.,日高甑中未拂塵。
Lục bí ốc nhược;,六轡沃若。
Thiên thiên hữu tửu Đào Uyên Minh.,篇篇有酒陶淵明，
"Hoàng kim tán tận giao bất thành,",黃金散盡交不成，
"Tử nhiêm nhược kích quan thôi ngôi,",紫髯若戟冠崔嵬。
"Ngọc vi ca quản thốc điêu lan,",玉爲歌管簇雕欄，
"Ẩn kỳ lôi,",殷其雷，
Tâm khốn lự hành.,心困慮衡。
"Duy dư tiểu tử,",維予小子，
"Cái phát mông, vãng tự hội.",蓋發蒙，往自會。
Tiện thị hồng nhan lão tử thì.,便是紅顏老死時。
"Hoa hồn điểu hồn tổng nan lưu,",花魂鳥魂總難留，
"Nhĩ đức bất minh,",爾德不明，
Do lai vô chỉ.”,猶來無止。」
"Nội tu chiến cụ, ngoại thác hoà thân.",內修戰具，外托和親。
"Nhung xa ký an,",戎也既安，
"Tống công phóng trục tằng đề bích,",宋公放逐曾題壁，
Dạ nguyệt giáp trung trường.,夜月峽中長。
"Thục phi thiện chi khả xưng hề, thục phi ác nhi khả truất.",孰非善之可稱兮，孰非惡而可黜。
"Điên khanh phó cốc tương chẩm tạ,",顛坑仆谷相枕藉，
Bất kiến lộ nhân duy kiến thổ.,不見路人唯見土。
Quá nhạn qui nha thố hồi thủ.,過雁歸鴉錯回首。
Vạn cổ tại Yên san.,萬古在燕山。
"Hữu yếm kỳ kiệt,",有厭其傑，
Kính thị tư minh.,敬視斯銘。
Tương mẫu lai thâm.,將母來諗。
"Bỉ ký chi tử,",彼其之子，
Sở học hà sự?,所學何事？
Chúng điểu an khẳng tương tôn sùng.,眾鳥安肯相尊崇。
Mạc vãng mạc lai.,莫往莫來，
"Tam phân đỉnh túc hồn như mộng,",三分鼎足渾如夢，
"Điểu nãi khứ hĩ,",鳥乃去矣，
Chí hựu vô ngôn khứ bất văn.,至又無言去不聞。
Khởi dư giả thuỳ? Bùi sứ quân!,起余者誰？裴使君！
"Doanh hoàn vận hội, thiên cổ sáng văn;",瀛寰運會，千古創聞；
Thiên kỳ tư nhân.,遷其私人。
"Cái Thi hữu lục nghĩa yên, kỳ nhị viết phú. Dương Hùng viết: “Thi nhân chi phú lệ dĩ tắc.” Ban Cố viết: “Phú giả, cổ thi chi lưu dã.” Tiên vương thái yên, dĩ quan thổ phong. Kiến “lục trúc y y”, tắc tri Vệ địa Kỳ Úc chi sản; kiến “tại kỳ bản ốc”, tắc tri Tần dã Tây Nhung chi trạch. Cố năng cư nhiên nhi biện bát phương. Nhiên Tương Như phú Thượng Lâm nhi dẫn “lô quất hạ thục”, Dương Hùng phú Cam Tuyền nhi trần “ngọc thụ thanh thông”, Ban Cố phú Tây Đô nhi thán dĩ xuất tỷ mục, Trương Hành phú Tây Kinh nhi thuật dĩ du Hải Nhược. Giả xưng trân quái, dĩ vi nhuận sắc, nhược tư chi loại, phỉ chỉ vu tư. Khảo chi quả mộc, tắc sinh phi kỳ nhưỡng; hiệu chi thần vật, tắc xuất phi kỳ sở. Ư từ tắc dị vi tảo sức, ư nghĩa tắc hư nhi vô trưng. Thả phu ngọc chi vô đương, tuy bảo phi dụng; xỉ ngôn vô nghiệm, tuy lệ phi kinh. Nhi luận giả mạc bất để kết kỳ nghiên tinh, tác giả đại để cử vi hiến chương. Tích tập sinh thường, hữu tự lai hỹ.",蓋詩有六義焉，其二曰賦。楊雄曰：「詩人之賦麗以則。」班固曰：「賦者，古詩之流也。」先王采焉，以觀土風。見「緑竹猗猗」，則知衛地淇澳之產；見「在其版屋」，則知秦野西戎之宅。故能居然而辨八方。然相如賦上林而引「盧橘夏熟」，楊雄賦甘泉而陳「玉樹青葱」，班固賦西都而歎以出比目，張衡賦西京而述以遊海若。假稱珍怪，以爲潤色，若斯之類，匪啻于茲。考之果木，則生非其壤；校之神物，則出非其所。於辭則易爲藻飾，於義則虛而無徵。且夫玉巵無當，雖寶非用；侈言無驗，雖麗非經。而論者莫不詆訐其研精，作者大氐舉爲憲章。積習生常，有自來矣。
"Giang sơn như thử bất quy sơn,",江山如此不歸山，
"Tuý khởi vi dương nhược sơ thự,",醉起微陽若初曙，
Giáng phúc khổng di.,降福孔夷。
"Xuân hàn, dã âm phong cảnh mộ.",春寒野陰風景暮。
Bất tranh hảo ác mạc tương nghi.,不爭好惡莫相疑。
Kim dạ túc thuỳ gia?,今夜宿誰家？
"Du nhân Ngũ Lăng khứ,",遊人五陵去，
"Vân An sơn lâu dạ xuy địch,",雲安山樓夜吹笛，
"Lân phụ khốc, khốc thanh ai,",鄰婦哭，哭聲哀！
Tương khán bất quy ngoạ tăng chiên.,相看不歸臥僧氈。
Hà dụng bất tang?,何用不臧。
"Thụ đầu hồng diệp phiên phiên, sơ lâm như hoạ.",樹頭紅葉翩翩，疏林如畫。
"Tam canh phong lộ hải thiên liêu,",三更風露海天寥，
"Hoàng ly sí thấp phi chuyển đê,",黃鸝翅濕飛轉低，
Tam thần ký lãng ngộ từ phụ.,三辰既朗遇慈父。
"Dịch đạo sùng khiêm,",易道崇謙，
Tri nhĩ trì trù mã thượng khan.,知爾踟躕馬上看。
"Lân nhân tá vấn tiểu gia chủ,",鄰人借問小家主，
Phượng liêm hương trân.,鳳奩香珍。
"Động Đình dương ba Giang Hán hồi,",洞庭揚波江漢回，
"Đông gia nữ tác tây gia phụ,",東家女作西家婦，
"Ngã hữu gia tân,",我有嘉賓，
"Vĩ chi ngoại,",洧之外，
"Khách tâm thiên lý quyện,",客心千里倦，
"Tiêu y cán thực, nhậm sử năng hiền.",宵衣旰食，任使能賢。
"Nữ tử hữu hành,",女子有行，
"Hổ bái khể thủ,",虎拜稽首，
Công thi lai chỉ huân huân.,公尸来止熏熏。
"Sinh lai lãn tráng đa thành tích,",生來懶戇多成癖，
Từ trung hữu thệ lưỡng tâm tri:,詞中有誓兩心知。
Bất đãi kính đài tiền.,不待鏡臺前。
"Phiên phiên lưỡng kỵ xuất quách đông,",翩翩兩騎出郭東，
"Trân điệm hoa đăng tịch dương hậu,",珍簟華燈夕陽後，
Giang Nam hoạ thuyền như ốc lý.,江南畫船如屋里。
Tự công triệu chi.,自公召之。
Cô nhạn ai minh nhược tương thất.,孤雁哀鳴若相失。
Cánh khán minh niên xuân vũ thì.,更看明年春雨時。
Tái tẩm tái hưng.,載寢載興；
Hữu quá bất cải.,有過不改。
"Cổ nhân man ca tây phi yến,",古人謾歌西飛燕，
Bồ Kiên Hợp Phì chi trận tu du tống tử.,符堅合淝之陣須臾送死。
Thời duy phụ tự.,時維婦寺。
"Hỉ quân sĩ tốt thậm chỉnh túc,",喜君士卒甚整肅，
"Ô mạo phất trần thanh loa túc,",烏帽拂塵青螺粟，
"Công danh phú quý tu du thì,",功名富貴須臾時，
"Chiết liễu phan bố,",折柳樊圃，
Khoái phi kim bàn bạch tuyết cao.,膾飛金盤白雪高。
"Biển chu độc túc Diệm khê dạ,",扁舟獨宿剡溪夜，
"Biệt như phủ ngưỡng,",別如俯仰，
"Huynh hữu phệ khuyển,",兄有噬犬，
"Phú quý hà như nhất bôi tửu,",富貴何如一杯酒，
Xuy quá loạn sơn đông.,吹過亂山東。
"Mạch thu chính cấp hựu ương hoà,",麥秋正急又秧禾，
"Vương mệnh Thiệu Hổ,",王命召虎，
"Chấn vị hiệp linh,",振位協靈，
"Ác ngôn xuất khẩu,",惡言出口，
"Doãn văn Văn Vương,",允文文王，
"“Đại giang hề cổn cổn,",大江兮滾滾，
"Hoa suy quế đống, chi nhi tảo biên.",花榱桂棟，芝栭藻櫋。
"Phú quý giai vi huyễn,",富貴皆爲幻，
Vân khí bồng bồng thiên mạo thuỷ.,雲氣蓬蓬天冒水。
"Bán câu tân nguyệt thướng cô thành,",半鉤新月上孤城，
"Thử thì mộ thiên quýnh thương mang,",此時暮天迥蒼茫，
Chính kiến tịch dương hải biên lạc.,正見夕陽海邊落。
Nghi kỳ thất gia.,宜其室家。
"Thuỷ trung khán thụ ảnh,",水中看樹影，
Minh tinh hoàng hoàng.,明星煌煌。
Vi diệc tác chỉ.,薇亦作止。
Quân hoài na đắc tri.,君懷那得知。
Tích thiện cổn cổn sinh công hầu.,積善袞袞生公侯。
"Phu tế tòng quân bán sinh tử,",夫婿從軍半生死，
Kim tường phổ chiếu thông.,金詳譜照通。
Thượng mã đề hồng giáp.,上馬啼紅頰。
Quải tại đông hồ chi thạch bích.,掛在東湖之石壁。
Phục tự Lương Ương năng hỷ nộ.,復似梁鴦能喜怒。
"Bát nhã chân vô tông,",般若真無宗，
Khỉ bất nhĩ tư?,豈不爾思？
"Cát chi đàm hề,",葛之覃兮、
Hảo địa bất dụng đa tử tôn.,好地不用多子孫。
"Nữ tâm bi chỉ,",女心悲止，
"Phù Dung lâu tiền bái tân nguyệt,",芙蓉樓前拜新月，
Độc tự nghịch triều quy.,獨自逆潮歸。
Tằng kiến Ngô vương ca vũ thì.,曾見吳王歌舞時。
"Lăng vân đăng đài,",淩雲登臺，
"Bả tí khai tôn ẩm ngã tửu,",把臂開尊飲我酒，
Vãng thành vu phương.,往城於方。
Đán kỳ nhiên hồ?,亶其然乎！
"Xuân nhật trì trì,",春日遲遲，
Nam chinh mãnh tướng như vân lôi.,南征猛將如雲雷。
"Bách niên hà túc độ,",百年何足度，
"Hạng vô ẩm tửu,",巷無飲酒。
"Thuỷ tri thần long biệt hữu chủng,",始知神龍別有種，
"Tại kỳ bản ốc,",在其板屋，
Dữ nhân vạn lý trường tương tuỳ,與人萬里長相隨。
"Thục thận nhĩ chỉ,",淑慎爾止，
"Quân bất kiến Đông Xuyên tiết độ binh mã hùng,",君不見東川節度兵馬雄，
Như thiết như tha.,如切如磋，
Vô tỷ tác thắc.,無俾作慝。
"“Chiết dương”, “Hoàng hoa” hợp lưu tục,",折楊黃華合流俗，
Tài tử tư thân dục biệt tình.,才子思親欲別情。
Lê sơ lâm diệp hồng.,梨疏林葉紅。
"Mậu Lăng thiếu niên diệc khả nhân,",茂陵少年亦可人，
"Thấp hữu trường sở,",隰有萇楚，
Thuỷ như bích ngọc sơn như đại.,水如碧玉山如黛。
Độc toạ bất thành miên.,獨坐不成眠。
"Vi sở bất năng vi, đàm tiếu không lưu hoành hải khí;",爲所不能爲，談笑空留橫海氣；
Tước lũ bằng bằng.,削屢馮馮。
"Dư sở loát đồ,",予所捋荼、
"Nỗ lực bang trợ Trung Quốc nhân,",努力幫助中國人，
"Trùng hưởng đăng quang bạc,",蟲響燈光薄，
"Đàn kiếm tác ca tấu khổ thanh,",彈劍作歌奏苦聲，
"Trung hưng chư tướng thu Sơn Đông,",中興諸將收山東，
"Bất tri ngã giả,",不知我者，
Hy Di tổ phật uyên.,希夷祖佛淵。
Minh nhật lai khan tri thị thuỳ?,明日來看知是誰？
Báo ngã bất thuật?,報我不述。
"Phụng dưỡng lễ nghi,",奉養禮儀，
"Phân phân mộ tuyết hạ viên môn,",紛紛暮雪下轅門，
"Ký bị nãi tấu,",既備乃奏，
"Nhương hạo oản ư thần hử hề,",攘皓腕於神滸兮，
"Vị thuỷ đông lưu khứ,",渭水東流去，
"Bách Lương phú thi cao yến bãi,",柏梁賦詩高宴罷，
"Tằng thị tại vị,",曾是在位，
Tương tư viễn bất tri.,相思遠不知。
"Thu quang khước tại nhàn môn hạng,",秋光卻在閒門巷，
"Văn vị táng thiên sinh Phạm lão,",文未葬天生范老，
"Nhị nguyệt thành nam tang diệp lục,",二月城南桑葉綠，
"Tảo trưng phi thị quan nhân ác,",早徵非是官人惡，
Lâm mộc hữu chi.,林木有枝。
"Văn vũ Cát Phủ,",文武吉甫，
"Khỉ kỳ thú thê,",豈其娶妻，
"Sái sái nhi tịnh,",洒洒而淨，
Bá hề khiết hề!,伯兮朅兮，
"Thiên giáng tội cổ,",天降罪罟，
Trung tâm thị điệu.,中心是悼。
"Tập hiền học sĩ như đổ tường,",集賢學士如堵牆，
Nông phu điền phụ vô tiêu tức.,農夫田婦無消息。
Vạn thọ vô cương.,萬壽無疆。
"Tích tuế Bàn Đào xưng thọ chi,",昔歲蟠桃稱壽卮，
Phiêu phiêu diêu hô dũ trang.,縹飄姚虖愈莊。
Dạ vũ minh lang đáo hiểu huyền.,夜雨鳴廊到曉懸。
"Quan chúng tinh chi hàng liệt hề, Tất, Mão xuất ư đông phương.",觀眾星之行列兮，畢昴出於東方。
"Bán quyển hồng kỳ lâm Dịch thuỷ,",半捲紅旗臨易水，
Hoa thừa ca phiến phong.,花承歌扇風。
Gia bần hà dĩ cung cam chi.,家貧何以供甘脂。
"Thành quách phân lưu chuyển,",城郭分流轉，
"Sinh nhi bất dụng thức văn tự,",生兒不用識文字，
"Bảo hữu quyết sĩ,",保有厥士，
"Giáo nhi hậu thiện,",教而後善，
Ta nhữ nãi tại viêm hoang trung.,嗟汝乃在炎荒中。
Thê kỳ dĩ phâm.,凄其以風。
"Tiêu hồn dĩ hỹ biệt ly hận,",消魂已矣別離恨，
Nhân gian hựu kiến chân Thừa Hoàng.,人間又見真乘黃。
"Chu thập nhị thần thăng hựu trầm,",周十二辰升又沉，
"Chu U thuỳ tru,",周幽誰誅，
Thuỷ thanh kích kích phong xuy y.,水聲激激風吹衣。
"Bồ Đằng chi đình khu điện xế,",蒲藤之霆驅電掣，
Khiếu nguyệt tam thanh thuỳ cộng văn.,叫月三聲誰共聞。
"Đương niên giá hạnh ngẫu đình tham,",當年駕幸偶停驂，
Thụ ngôn cao chi.,受言櫜之。
Dã hữu tử lộc.,野有死鹿，
Già khước phòng tiền dạ hợp hoa.,遮卻房前夜合花。
Đương đạo khất thực thê bất tri.,當道乞食妻不知。
Kính lý khán lai thành bạch thủ.,鏡裏看來成白首。
Thiên nãi tích hồ ứng phù.,天乃錫乎應符。
"Nhược phi thị Chức Nữ,",若非是織女，
"Kỳ đình hạ mã giải thu y,",旗亭下馬解秋衣，
Tu trúc La Thành chế quân khí.,修築羅城製軍器。
"Côn Lôn Huyền Phố,",崑崙縣圃，
Thập bát tử thành.,十八子成。
Phục kiến song hộ minh.,復見窗戶明。
"Sử nhân tâm động, vô cố tự khủng.",使人心動，無故自恐。
"Ngã sinh bất thần,",我生不辰，
"Ân giám bất viễn,",殷鑒不遠，
"Ngã hoàng phương độn tích vu tư sơn, duy sạn thái dĩ mai quang.",我皇方遁跡于茲山，惟鏟採以埋光。
"Tâm chi ưu hĩ,",心之憂矣，
Toạ lập thư trai chân cục cục.,坐立書齋真跼跼。
Nhân tử bất tri tâm.,人死不知心。
"Đế thiên minh đức,",帝遷明德，
Bất tri tiêu tức đáo kim triêu.,不知消息到今朝。
"Diệc mạc bất do ư tư bàn, dĩ thành hoà khí chi nhân uân giả dã!",亦莫不由於斯盤，以成和器之氤氳者也。
"Tống Trân Bùi Bá [Kỳ] tại tích, củng bắc kiến đan trung.",宋珍裴伯[耆]在昔，拱北見丹衷。
"Tích văn Nguyên Cửu vịnh quân thi,",昔聞元九詠君詩，
"Trước thư hạ nhật sử chi tả,",著書暇日使之寫，
"Vãn nhập ưng chân lý,",晚入應真理，
"Phát nhận hồ Hà thành,",發軔乎霞誠，
Cung nga ủng nhập quân vương khởi.,宮娥擁入君王起。
Tam tinh tại hộ.,三星在戶。
Cúc hoa thâm xứ minh.,菊花深處鳴。
"Triêu canh thượng bình điền,",朝耕上平田，
"Ngũ Lăng quý công tử,",五陵貴公子，
"Lâm biểu minh tễ sắc,",林表明霽色，
Thủ huề lục ngọc trượng từ hành.,手攜綠玉杖徐行。
"Hoàng kim thác đao bạch ngọc trang,",黃金錯刀白玉裝，
Tâm không cập đệ quy.,心空及第歸。
"Hà lự, hà tư?",何慮，何思？
Kê minh bất dĩ.,雞鳴不已。
Tu du hạc phát loạn như ti.,須臾鶴發亂如絲。
"Duy thước hữu sào,",維鵲有巢、
"Hồ sồ ẩm mã bạng giang đinh,",胡雛飲馬傍江汀，
"Thất mã nam tuần, hồ trần tứ khỉ.",匹馬南巡，胡塵四起。
"Nguyên lai y cựu,",元來依舊，
Trị kỳ lộ vũ.,值其鷺羽。
"Hắc vân áp thành thành dục tồi,",黑雲壓城城欲摧，
"Việt hương yểm yểm, chúng tước ngao ngao.",越香掩掩，眾雀嗷嗷。
Nhiếp dĩ uy nghi.,攝以威儀。
Lão gia tri chỉ.,老家知止。
"Trượng kiếm hành thiên lý,",仗劍行千里，
"Chúc quân phóng bút nhất đại tiếu,",祝君放筆一大笑，
"Cát quyên vi xí,",吉蠲爲饎，
Hậu chí vô địa vô do thính.,後至無地無由聽。
"Hình quy truân tịch, huân hao chi tinh sảng như tồn;",形歸窀穸，焄蒿之精爽如存；
Tân chi dửu chi.,薪之槱之。
"Thước chi khương khương,",鵲之彊彊，
Đông Pha đạo nhân dĩ trầm tuyền.,東坡道人已沈泉。
"Hoàn tắc cửu trùng,",圜則九重，
"Bất tu cánh đãi thu tỉnh tháp,",不須更待秋井塌，
Tằng tằng như liệt phi.,層層如裂緋。
Tượng nhật hề quyên quy.,象日兮捐規。
Thả hỉ chúng tân lai.,且喜眾賓來。
"Lục vương tất, tứ hải nhất,",六王畢、四海一、
Hữu vật hữu tắc.,有物有則。
"Giang sơn như cố, nhân bạch đầu.",江山如故人白頭。
Bất hỷ vi tặc.,不喜爲賊。
Khỉ viết vô y lục hề?,豈曰無衣六兮？
"Thượng hạ điện ế,",上下奠瘞，
"Quan thân vô định tích,",官身無定跡，
Thanh khê kỷ độ đáo vân lâm.,青溪幾度到雲林？
Thiên thượng nhân gian hội tương kiến.,天上人間會相見。
Thục dinh độ chi?,孰營度之？
Thời thần vị đáo.,時辰未到。
Nê hành lộ túc chung vô tật.,泥行露宿終無疾。
"Khung lư tạp chủng loạn kim phương,",穹廬雜種亂金方，
"Chân tâm chi dụng,",真心之用，
"Cốt cách lột ngột như đổ tường,",骨骼硉兀如堵牆。
"Tiêu điều tuế trừ dạ,",蕭條歲除夜，
Duy tư hà công?,惟玆何功？
Viết:,曰：
Uy đà uy đà.,委蛇委蛇。
Tự hữu Trần vương lai tập vị.,嗣有陳王來襲位。
Tâm bất túc nộ.,心不足怒。
Tương phùng phiên tác Hàn dữ Điên.,相逢翻作韓與顛。
Phu năng trạo thuyền nữ cô tửu.,夫能棹船女沽酒。
Nga kinh đông tản thâm.,俄驚冬霰深。
"Thoát cân quải thạch bích,",脫巾挂石壁，
"Hốt văn hữu mệnh bất cảm dĩ hoàng ninh,",忽聞有命不敢以遑寧，
"Bất giáo nhi thiện,",不教而善，
Tiều khách kính do phi.,樵客徑猶非。
Tăng phòng túc hữu kỳ.,僧房宿有期。
"Tỷ Can hà nghịch,",比干何逆，
Dân thụ kỳ ân.,民受其恩。
Thứ kiến sương phong lai kỷ thì.,庶見霜風來幾時。
"Nguyện ngôn thủ thổ cấp vi mưu,",願言守土急為謀，
Thượng hữu tương tư điểu.,上有相思鳥。
"Kiến nhân thảm đạm nhược ai tố,",見人慘澹若哀訴，
"Đan thanh vị kiến kim kiến thử,",丹青未見今見此，
Kim nhật hà tu thập vạn binh.,今日何須十萬兵。
"Sở khách đoạn trường thì,",楚客斷腸時，
Ngã tào dĩ đáo kiên tương tề.,我曹已到肩相齊。
"Phi cao diệc phi hoàn,",非高亦非還，
"Vô đông vô hạ,",無冬無夏，
Tuế thời phạp thực.,歲時乏食。
"Giá lương chi chuyên, đa ư cơ thượng chi công nữ,",架梁之椽、多於機上之工女、
"Tứ quốc vu phiên,",四國于蕃，
Kỷ độ báo cừu thân bất tử.,幾度報仇身不死。
"Nam hữu gia ngư,",南有嘉魚，
Dĩ thỉ kỳ âm.,以矢其音。
"Tự mông Thục châu “Nhân nhật” tác,",自蒙蜀州人日作，
"Mạc mạn sầu cô tửu,",莫謾愁沽酒，
"Ngô Sơn nhật lạc vô trầm trầm,",吳山日落無沈沈，
"Sơn cận ngã vô khoảnh khắc bộ,",山近我無頃刻步，
Mang hài trùng đạp Dương Châu thổ.,芒鞋重踏揚州土。
Tiêu nhĩ tác đào.,宵爾索绹；
Khước quá thanh chi do diểu diểu.,卻過青枝猶裊裊。
Phi hàm nhất lãm trường ô yết.,披函一覽長嗚咽。
"Kim nhật phùng quân khai cựu quyển,",今日逢君開舊卷，
Yếu thức ưu hỉ hà tùng lai.,要識憂喜何從來。
"Liên nhị kiều ư đông tây hề,",連二橋於東西兮，
"Công thi yến ẩm,",公尸燕飲，
"Tại tích oanh oanh tố hảo trường,",在昔轟轟做好場，
"Mỹ nhân thiên thượng lạc,",美人天上落，
Phục mệnh khuyết đình trữ luyến mộ.,復命闕庭抒戀慕。
"Đạo bàng sương liễu không dao lạc,",道旁霜柳空摇落，
"Nguyệt hàn thu trúc lãnh,",月寒秋竹冷，
Kỳ nhân thậm viễn.,其人甚遠。
Dữ tử đồng thường!,與子同裳。
Hãn nhiên bất cố hữu vi vô thành.,悍然不顧有為無成。
Thâm khuê dạ tự trường.,深閨夜自長。
Bắc vọng Ngũ Lăng gian.,北望五陵間。
Do hận sinh ca vô diệu khúc.,猶恨笙歌無妙曲。
Nghịch tặc thiên vong tự hoang yến.,逆賊天亡自荒讌。
Tàm kinh tam ngoạ hành dục lão.,蠶經三臥行欲老。
"Ngã cửu suy bệnh dật hứng thiểu,",我久衰病逸興少，
Anh tuấn tác thần lân.,英俊作臣鄰。
Tục cổ chi nhân.,續古之人。
Cương bị vân già nhất đa bán.,剛被雲遮一多半。
Bạch nhật vô quang sương tuyết phi.,白日無光霜雪飛。
"Sắc thân giá cá thị,",色身這個是，
Anh anh ngạo thần sương.,英英傲晨霜。
Đương khả nại hà!,當可奈何！
"Dã khách tư mao vũ,",野客思芼宇，
Nhẫn nhục nhu hoà thị diệu phương.,忍辱柔和是妙方。
"Môn tiền lãnh lạc xa mã hy,",門前冷落車馬稀，
"Thân vi hoan ngộ thuật tư du,",親圍歡晤述斯遊，
"Hoa mãn trung đình tửu mãn tôn,",花滿中庭酒滿樽，
"Cố ảnh tự bồi hồi,",顧影自徘徊，
"Thử khứ đế kinh hứa đa lộ,",此去帝京許多路，
"Nhật nguyệt hôn hề vô quang,",日月昏兮無光，
Tiên nghi giá cổ xa.,先宜駕鼓車。
Kiêm tống tiểu uyển bách hoa hương.,兼送小苑百花香。
Do kham nhất chiến thủ công huân.,猶堪一戰取功勳。
"Tàm nguyệt thiều tang,",蠶月條桑，
"Loạn phỉ giáng tự thiên,",亂匪降自天，
"Quyết tác quán tương,",厥作祼將，
"Tham quân đãn hữu tứ lập bích,",參軍但有四立壁，
"Tường hữu từ,",墻有茨，
Tích hữu giai nhân Công Tôn thị,昔有佳人公孫氏，
"Lậu bang hà xứ đắc thử hoa,",陋邦何處得此花，
Kim tiết vũ y phiêu a na.,金節羽衣飄婀娜。
"Tải trì tải khu,",載馳載驅，
Vị quân sinh tử kim hữu tôn.,為君生子今有孫。
Cửu thập xuân quang thiệt thượng thiên.,九十春光舌上遷。
Đương thời uổng sát Mao Diên Thọ.,當時枉殺毛延壽。
"Ngã hành nhập Đông Xuyên,",我行入東川，
"Vân vũ tự vãng lai,",雲雨自往來，
Nhân giai tiện chi.,人皆賤之。
"Bắc thuyền yên tẫn Tây Thục đô,",北船煙燼西蜀都，
Kim kiến công danh thắng cổ nhân.,今見功名勝古人。
"Lệ thuỳ điểm điểm câu thành huyết,",淚垂㸃㸃俱成血，
"Cố hương kim viết hữu,",故鄉今曰友，
Lũ phong niên.,屢豐年。
Cẩn đồ như di.,堇荼如飴。
Đoàn viên bạch ngọc bàn.,團圓白玉盤。
Ái duyên tuyết bạch mai thanh khiết.,愛緣雪白梅清潔。
"Tái chi tái hại,",載脂載轄，
"Tinh triền bảo hiệu kim bàn đà,",星躔寶校金盤陀，
"Căng căng nghiệp nghiệp,",兢兢業業，
"Tiện tha trùng trãi giải duyên thiên,",羨他蟲豸解緣天，
Phong vũ sầu đa thiểu.,風雨愁多少。
"Tích ngã đồng bào,",昔我同袍，
"Thái Hoá phong đầu ngọc tỉnh liên,",太華峰頭玉井蓮，
Cập kiến bí thư thất tâm tật.,及見秘書失心疾。
"Phong đích kim niên khứ bị biên,",鋒鏑今年去備邊，
"A Kiều tân sủng trữ kim ốc,",阿嬌新寵貯金屋，
Dao thức kiến quy chu.,遙識見歸舟。
Vân thử tối cát dư nạn đồng.,云此最吉餘難同。
"Đáo xứ tuỳ duyên diên tuế nguyệt,",到處隨緣延歲月，
Phao gia khứ tựu gia.,拋家去就枷。
"Vi u lan chi phương ái hề,",微幽蘭之芳藹兮，
"Liễu lục sạ hàm thiên xích nhứ,",柳綠乍銜千尺絮，
"Hồ cầu mang nhung,",狐裘蒙戎，
Bạch lộ vị dĩ.,白露未已。
Thuỷ quang phong lực câu tương khiếp.,水光風力俱相怯。
"Tân khách bất kiến đề bào huệ,",賓客不見綈袍惠，
Vô hoa vô tửu sừ tác điền.,無花無酒鋤作田。
Sung nhĩ dĩ hoàng hồ nhi.,充耳以黃乎而，
"Tư quân như mãn nguyệt,",思君如滿月，
Thủ bả cúc hoa lộ bàng trích.,手把菊花路旁摘。
"Thần thí quân nhi tử thí phụ hề, di luân tòng nhi dẫn tức.",臣弒君而子弒父兮，彞倫從而泯息。
"Bỉ tắc chi thật,",彼稷之實。
Chước ngôn tạc chi.,酌言酢之。
Quân bất kiến:,君不見：
Trẫm vị hữu ngải.,朕未有艾。
"Tam quân bại tận tinh kỳ đảo,",三軍敗盡旌旗倒，
"Khởi thị minh hà lậu dĩ tàn,",起視明河漏已殘，
Quá lộ ưng đa thất sở nhân.,過路應多失所人。
Tiêu Hồn kiều thượng lập đa thì.,銷魂橋上立多時。
Xuy trứu Ninh Minh nhất giang thuỷ.,吹皺寧明一江水。
"Bỉ lưu Tử Quốc,",彼留子國，
"Kim niên tư ngã lai Gia Châu,",今年思我來嘉州，
Kinh vĩ tứ cực.,經緯四極。
"Tây đăng Đồng Tử tự,",西登童子寺，
Khả tảo Nam kỷ.,可掃南紀。
"Nhiên tắc, ngã hoàng chi nghiệp,",然則，我皇之業，
"Ngọc đường kim mã cửu lưu lạc,",玉堂金馬久流落，
Cùng diệc thiện kỳ thân.,窮亦善其身。
"Hoàng hôn thuỷ khấu chủ nhân môn,",黃昏始扣主人門，
"Tiểu phụ sơ giá đương thiểu khoan,",小婦初嫁當少寬，
Nhi vô vọng hề!,而無望兮。
"Ưu tâm bính bính hề, phát ngã ai ngâm.",憂心炳炳兮，發我哀吟。
"Tự tòng hương quan tân thượng lai,",自從鄉官新上來，
"Nhất biệt Kinh Kha khứ,",一別荊軻去，
Chiên xa bách lượng giai Hồ ky.,氈車百輛皆胡姬。
"Chất nhĩ nhân dân,",質爾人民，
"Cẩn hoa bất kiến tịch,",槿花不見夕，
Đăng hoa chiếu mấn minh.,燈花照鬢明。
Dĩ ngã hối thiên.,以我賄遷。
"Huyền viên khẩu cấm bất năng khiếu,",玄猿口噤不能嘯，
"Bất đãi tha niên công nghị xuất,",不待他年公議出，
"Thập niên vô nại bắc phong, xuy quan bất huỷ nhi tận liệt.",十年無奈北風，吹冠不毀而盡裂。
Hổ đầu nãi thị phong hầu tướng.,虎頭乃是封侯相。
"Tây Hồ xuân thuỷ bích như thiên,",西湖春水碧如天，
"Kỳ phục khoáng thế,",奇服曠世，
"Nhân sinh khổ lạc giai trần tích,",人生苦樂皆陳跡，
"Mỹ nhân dao dạ ca uyển chuyển,",美人遙夜歌宛轉，
"Hoạch tồn suy hủ kiến kim nhật,",獲存衰朽見今日，
"Uyên ương cơ thượng sơ huỳnh độ,",鴛鴦機上疏螢度，
"Bạc khâm bất thành mị,",薄衾不成寐，
Sách ký án đồ.,索驥按圖。
Trí trủng diệc tượng kỳ liên san.,置冢亦象祁連山。
"Tích quy tương thức thiểu,",昔歸相識少，
Chiêm chi tại tiền.,瞻之在前。
"Đông gia kiển lư hứa tá ngã,",東家蹇驢許借我，
Chủ nhân hô giải trình.,主人呼解酲。
"Khiểm khiểm tư quy luyến cố hương,",慊慊思歸戀故鄉，
"Minh nguyệt như hữu ngôn,",明月如有言，
Diệu vũ thử khúc thần dương dương.,妙舞此曲神揚揚。
"Tư tu cửu trùng chân long xuất,",斯須九重真龍出，
Niên niên bất súc tự đa ngư.,年年不畜自多魚。
"Hà diệp đoàn viên ánh liên nhị,",荷葉團圓映蓮蕊，
(?) hoành ngọc tỷ sơ thung chân.,◆橫玉璽初從真。
Dĩ vị vương hưu.,以爲王休。
"Tương phùng đối khốc thiên hạ sự,",相逢對哭天下事，
Nhàn toạ thuyết Huyền Tông.,閒坐說玄宗。
Cửu nguyệt thụ ý.,九月授衣。
Thị phi thử ngoại thế vô nhân.,是非此外世無人。
Quy nhân lập tịch dương.,歸人立夕陽。
Cổ nhân khứ hề kim nhân lai.,古人去兮今人來。
"Noãn phong tập tập,",暖風習習，
"Phủ cân huy hề, thành lương giác.",斧斤揮兮成樑桷。
"Liên triều cổ giác chấn sơn a,",連朝鼓角震山阿，
"Cự sưởng nhất dữu,",秬鬯一卣。
"Văn lý tiên hoa trách trách cung,",紋履鮮花窄窄弓，
"Ngọc bôi thiển chước tuần sơ tạp,",玉杯淺酌巡初匝，
"Du nhân trú mã xuất bất đắc,",遊人駐馬出不得，
Vãng sự hoang vu.,往事荒蕪。
Triêu phùng dịch sứ Tần Xuyên khách.,朝逢驛使秦川客。
Ngưu bối nhất âu miên.,牛背一鷗眠。
Tây phương mỹ nhân.,西方美人。
"Chung cự hà niên khứ Lạc Dương,",鍾簴何年去洛陽，
"Kim nguyệt ưng tương cổ nguyệt đồng,",今月應將古月同，
Khí nhược u lan.,氣若幽蘭。
"Quý lý hào gia bạch mã kiêu,",貴裏豪家白馬驕，
"Liên bộ xạ di hề, dục chỉ nhi nhưng hành.",蓮步乍移兮，欲止而仍行。
Cửu dã lộng thanh âm.,九野弄清音。
Các tự tưởng quyền kinh.,各自想拳經。
"Nhất mã bất kiến, vương tâm bất ninh.",一馬不見，王心不寧。
Tư hồi nhân vị hồi.,思回人未回。
Thường tư tiên trượng quá Không Đồng.,常思仙仗過崆峒。
"Lân gia tửu thục hề, thục dữ chi thường.",鄰家酒熟兮，孰與之嚐。
"Thức thị bách phách,",式是百闢，
Cố ảnh kiêu tê tự căng sủng.,顧影驕嘶自矜寵。
Sắc diễm tuyệt thế,色艷絕世
"Hữu cú vô cú,",有句無句，
Khỉ bất nhĩ tư?,豈不爾思，
Cổ lai xuất một tuỳ đào ba.,古來出沒隨濤波。
Tiền a đại mã phương hoành hành.,前呵大馬方橫行。
"Lưu ty phù phiêu,",流澌浮漂，
"Lý truyền cửu thế nhất bách niên,",李傳九世一百年，
"Trắc bỉ cao cương,",陟彼高岡、
Liệt chi cửu khanh.,列之九卿。
"Tập tập cốc phong,",習習穀風，
"Quân bất kiến cổ lai biên đầu đa chiến thương,",君不見古來邊頭多戰傷，
"Ngọc tiêu kim quản huyên tứ diên,",玉簫金管喧四筵，
"Nam sơn bắc sơn thụ minh minh,",南山北山樹冥冥，
Tẩy nhĩ bất tu Bồ Tát tuyền.,洗耳不須菩薩泉。
Nông dân sấn hiểu canh.,農民趁曉耕。
Sư can chi thí.,師幹之試。
"Phỉ báo dã,",匪報也，
Hoài thử bách ly.,懷此百離。
"Đãi thì tứ tệ, thu phong liễm mang;",待時伺弊，收鋒斂芒；
"Liên phong ngẫu nhất vọng đông nam,",連峰偶一望東南，
Tiền vương cựu thành thị vô mễ.,錢王舊城巿無米。
Hà hạp nhi hối?,何闔而晦？
Cầu thân cường kiện cánh hà cầu.,求身強健更何求。
Ô tập hy kính chỉ.,於緝熙敬止。
"Phất trì phất khu,",弗馳弗驅。
"Sử ngã trú lập phiền nhi tôn,",使我晝立煩兒孫，
Độc hữu Tử Phòng.,獨有子房。
"Vạn tuế thiên thu phụng minh chủ,",萬歲千秋奉明主，
Tàn trích thượng huyền chi.,殘滴尚懸枝。
Chung Nam sơn sắc không thôi ngôi.,終南山色空崔嵬。
"Thiếu Quân kỵ hải thượng,",少君騎海上，
"Ngộ cơ chi biến mi thường, hành sự chi tình hà hạ.",遇機之變靡常，行事之情何暇。
"Quân tử vạn niên,",君子萬年，
Thương tai hồng nhan,傷哉紅顏
Vọng nam sơn chi sâm si.,望南山之參差。
Sát khí sâm sâm đáo U sóc.,殺氣森森到幽朔。
Thử hà nhân tai?,此何人哉！
Nhu như hồ dịch bạch tự vân.,柔如狐腋白似雲。
"Kinh điểu bài lâm độ,",驚鳥排林度，
Hành đáo Thiên Tân nam bắc sầu.,行到天津南北愁。
Biệt hữu bàng môn thông hạng mạch.,別有旁門通巷陌。
Tấn từ lưu thuỷ như bích ngọc.,晉祠流水如碧玉。
"Nhất tự phong trần khởi,",一自風塵起，
"Tiểu nhi học vấn chỉ ""Luận ngữ"",",小兒學問止論語，
Thiên nhân vạn nhân tề bả chử.,千人萬人齊把杵。
Phàm khứ lai hề danh lợi thị.,帆去來兮名利市。
Thời diệc dặc hoạch.,時亦弋獲。
"Đình thoa trướng nhiên ức viễn nhân,",停梭悵然憶遠人，
"Triêu mộ chi gian biến thái đa,",朝暮之間變態多，
"Hoàng Hà liễu nhiễu mạc nam san,",黃河繚繞漠南山，
Mạc ngã năng tri.,莫我能知。
Chiếu thử thuỳ gia lâu?,照此誰家樓？
Khai diên thượng nhật tư phương thảo.,開筵上日思芳草。
"Phụng hoàng minh hĩ,",鳳皇鳴矣，
Dân chi hạp hĩ;,民之洽矣；
"Xuân Minh môn ngoại thiên dục minh,",春明門外天欲明，
"Ưng tự Thiên Thai sơn thượng nguyệt minh tiền,",應似天台山上月明前，
Tư nhữ Ân Thương.,咨女殷商。
"Đại thiên thế giới ngoại,",大千世界外，
"Mỹ nhân doanh doanh yên vũ lý,",美人盈盈煙雨里，
"Quân bất kiến: Lý Lăng truỳ kết lão cùng biên,",君不見李陵椎髻老窮邊，
Sơ sinh hà diệp điệp thanh tiền.,初生荷葉疊青錢。
"Vô dật chi đồ, hoán dĩ sơn xuyên; dục tâm nhất manh, cùng xa cực xỉ.",無逸之圖，換以山川；欲心一萌，窮奢極侈。
Hoài lý túc phong ba.,淮裏足風波。
Kiệp điệp phân phi điểu tước đề.,蛺蝶紛飛鳥雀啼。
Uyển khâu chi đậu.,宛丘之道。
Nãi tri biến hoá bất khả cùng.,乃知變化不可窮。
Thôi ngôi tại vân trung.,崔嵬在雲中。
"Vi lạc như hà,",爲樂如何，
Bất dữ ngã thực hề!,不與我食兮。
Ngô Thục tại tranh vi bích luỹ.,吳蜀在爭為壁壘。
"Hữu cú vô cú,",有句無句，
"Nhật chi tịch hĩ,",日之夕矣，
"Tật sắc dung dung,",嫉色庸庸，
"Như sơn như phụ,",如山如阜，
Diệc tập viên chỉ.,亦集爰止。
"Trừu đại huyền nhi nhã thanh lưu, liệt phong quá nhi tăng bi ai.",紬大絃而雅聲流，冽風過而增悲哀。
"Bách phu đồng đảm tiến cung trung,",百夫同擔進宮中，
"Tiêu thuỷ liên Tương thuỷ,",瀟水連湘水，
"Sinh tại dương gian hữu tán trường,",生在陽間有散場，
Phản dư lai hách.,反予來赫。
Hán thuỷ đoàn đoàn minh kính tiền.,漢水團團明鏡前。
Ngôn chi trường dã.,言之長也。
Lâm phong tam khứu hinh hương khấp.,臨風三嗅馨香泣。
Tòng thử tương thân cánh hà hứa.,從此將身更何許。
"Yến giao nhất vọng giai trần thổ,",燕郊一望皆塵土，
"Tam tuế quán nhữ,",三歲貫女，
Đông đông lạc khách bồng.,鼕鼕落客篷。
Thằng thằng hề.,繩繩兮。
Thủ tiền lỗ nhĩ.,守錢虜耳。
"Vương sinh quái ngã nhan sắc ác,",王生怪我顏色惡，
Chước ẩm tứ toạ dĩ tản sầu.,酌飲四坐以散愁。
Huân đào hàm vịnh tuỳ phồn huyền.,薰陶涵泳隨繁絃。
"Hưu tương hình tự di tình tính,",休將形似遺情性，
"Tạc vực bội hĩ,",柞棫拔矣，
Quân tử hảo cầu.,君子好逑。
"Vị tha nhân mỹ,",謂他人母，
Kinh luân tu phát dĩ bà nhiên.,經綸鬚髮已皤然。
"Giá đắc Cù Đường cổ,",嫁得瞿塘賈，
"Hoài đan bão tố,",懷丹抱素，
"Hổ kinh cố nhi xả phụ dật,",虎驚顧兒捨父逸，
"Vị quái cập thì thiếu niên tử,",未怪及時少年子，
"Báo thù chỉ thị văn thường đảm,",報讎只是聞嘗膽，
"Thì nguy khả trượng chân hào tuấn,",時危可仗真豪俊，
"Trư đầu lạn nhiệt song ngư tiên,",豬頭爛熱雙魚鮮，
Tường khai thuỵ đán; khánh diệp xương kỳ.,祥開瑞旦；慶葉昌期。
"Bất tri thừa nguyệt kỷ nhân quy,",不知乘月幾人歸，
"Vong bất việt cảnh dĩ tuyệt phận hề, quy bất thảo tặc dĩ thù ân.",亡不越境以絕分兮，歸不討賊以酬恩。
"Sở công hoạ ưng ưng đới giác,",楚公畫鷹鷹戴角，
"Đông đạo yên hà chủ,",東道煙霞主，
Căn đoạn tuyền nguyên khởi thiên ý.,根斷泉源豈天意。
Hà xứ mịch vô song?,何處覓無雙？
"Thệ lệnh Sơ Lặc xuất phi tuyền,",誓令疏勒出飛泉，
"Phù y tại chử,",鳧鷖在渚，
"Tá viết vị tri,",借曰未知，
Đô chỉ tại nhân tâm.,都只在人心。
Thuý mạc chiên cừu địa cánh hàn.,毳幙氊裘地更寒。
Tố tri tiện tử cam bần tiện.,素知賤子甘貧賤。
"Quân tử vu dịch,",君子于役，
"Lý Lượng tặc chi gian đố, hựu bạo quyết thi.",李亮賊之奸蠹，又暴厥屍。
Tự tự cú cú hữu thâm ý.,字字句句有深意。
"Hàn Tín tu tương Giáng, Quán tỉ,",韓信羞將絳灌比，
Tắc bất ngã huệ.,則不我惠。
"Khải đễ quân tử,",豈弟君子，
"Giáp Thân giả đạo chinh Chiêm Thành,",甲申假道征占城，
"Hướng phi nhung sự bị chinh phạt,",向非戎事備征伐，
"Thẩn y nhân hỹ,",矧伊人矣，
Thập nguyệt hoạch đạo.,十月獲稻。
Lâm giang tiết sĩ an túc số.,臨江節士安足數。
"Gia hào bất thường,",嘉肴不嘗，
Bất ngã hà khí.,不我遐棄。
Kinh tam ngũ hậu doanh phục khuyết.,經三五候盈復缺。
Tạo vật tuy sử như ngô hà.,造物雖駛如吾何。
Sử phàm toàn tại chuyển phàm thì.,使帆全在轉帆時。
"Hồng thấp bác quy cước,",紅濕剝龜腳，
Dĩ tốc chư phủ.,以速諸父。
"Niên thâm hoang thảo kính,",年深荒草徑，
Hách hách minh minh.,赫赫明明。
Nhất tiếu hỉ tương phùng.,一笑喜相逢。
Tân tiên nhật nhật khoa.,新鮮日日誇。
"Công danh phú quý nhược trường tại,",功名富貴若長在，
Hồ cầu dĩ trào.,狐裘以朝。
Tằng bất sùng triêu.,曾不崇朝。
"Huynh đệ hích vu tường,",兄弟鬩於牆，
"Đông môn chi dương,",東門之楊，
"Nam Dương tam cố tình hà thâm,",南陽三顧情何深，
Tử Xa Kiềm Hổ.,子車鍼虎。
Lệ thấp Quý Phi trang.,淚濕貴妃妝。
"Y hi nghĩ trạo Sầm Dương phố,",依稀艤櫂涔陽浦，
Thanh bào tự phong điền.,青袍似葑田。
Khấu hộ hữu tăng lai.,扣戶有僧來。
Hành phùng lạc hoa trường thán tức.,行逢落花長歎息。
"Phách ba đắc tiềm ngư,",擘波得潛魚，
"Na tri bình địa hữu thanh vân,",那知平地有青雲，
"Đông tân quan ngư dĩ tái lai,",東津觀魚已再來，
"Vãn tướng mạt khiết thác niên thiếu,",晚將末契托年少，
"Sở chi thanh hề, tán Sở tốt,",楚之聲兮，散楚卒，
"Cố nhân tình nghĩa vãn thuỳ tự,",故人情義晚誰似，
"Tử nhiêm thâm mục lưỡng Hồ nhi,",紫髯深目兩胡兒，
"Tướng tướng bách quan, đài viện sảnh thự.",將相百官，臺院省署。
"Ngô cơ hoạ phảng tiểu vu hộc,",吳姬畫舫小于斛，
"Niên phùng Lạc Dương mạch,",年逢落陽陌，
"Đại tế nhật nguyệt tiểu tế dã,",大蔽日月小蔽野，
Mao tỳ sổ gian ốc.,茅茨數間屋。
Bất dụng tích hoa phi.,不用惜花飛。
"Hỗn độn dĩ lai bất khả sổ,",渾沌以來不可數，
Công độc đình tránh thủ đan bệ.,公獨廷諍守丹陛。
Cổ lai hà vật bất thành thổ?,古來何物不成土？
Bật bỉ thặng hoàng.,駜彼乘黃。
"Thu Phố đa bạch viên,",秋浦多白猿，
Trù trướng xuất tùng la.,惆悵出松蘿。
"Văn Vương hữu thanh,",文王有聲，
Tử yến lục nhĩ hành thậm tốc.,紫燕騄耳行甚速。
Nhất thanh đỗ vũ xuân quy tận,一聲杜宇春歸盡，
Dạ long biển chu Nam Phố dịch.,夜攏扁舟南浦驛。
Thủy như nhất thất luyện,水如一匹練，
Xuân hàn tế vũ xuất sơ ly.,春寒細雨出疏籬。
"Khổng viết thành nhân,",孔曰成仁，
Hội thả quy hĩ.,會且歸矣，
"Khuyến quân thả ẩm mạc tu từ,",勸君且飲莫須辭，
Thái đào vi tân thực đào thực.,採桃為薪食桃實。
"Bài ưu quân tướng thả bất cụ,",排優君將且不懼，
Du tử xuân lai bất kiến gia.,遊子春來不見家。
Chu lưu vận hành bất thiểu tức.,周流運行不少息。
Dĩ bất trường.,以不長。
Chí kim do ức Lý tướng quân.,至今猶憶李將軍。
"Dương sinh tự ngôn thức âm luật,",楊生自言識音律，
Nhất niên nhất bán vô nhân tảo.,一年一半無人掃。
"Hành viễn đăng cao yếu tự trì,",行遠登高要自持，
"Cung kính nhi sự thượng, như phong tòng hổ, vân tòng long;",恭敬而事上，如風從虎，雲從龍；
"Biên thành dạ dạ đa sầu mộng,",邊城夜夜多愁夢，
Bộ trù trừ hồ lâu đông.,步躊躇乎樓東。
Lưu dữ nhân gian tác vũ sư.,留與人間作雨師。
Thuỷ sắc mãn cô chu.,水色滿孤舟。
"Ngoại mẫu tẫn ly hoàng chi tướng pháp, miễn kỳ hành huế tức chi khuynh điên.",外牡牝驪黃之相法，免蚑行喙息之傾顚。
Lão đại khuyến nông thiên sở trực.,老大勸農天所直。
Bang chi tư trực.,邦之司直。
"Hàn mặc ngô nho sự,",翰墨吾儒事，
Thuỳ dữ tận ngôn?,誰與盡言？
Ngưỡng kết quế chi.,仰結桂枝。
Bất nhĩ khổ hàn hà thái khốc.,不爾苦寒何太酷。
"Thế thượng tiền đa trám bất tận,",世上錢多賺不盡，
Phi tuyết vãn đình nhàn.,飛雪晚庭閒。
"Công thành huệ dưỡng tuỳ sở trí,",功成惠養隨所致，
Tiện bất kiến quân vương.,便不見君王。
Lưu kị chủ nhân tâm.,留騎主人心。
"Nghi thức hình Văn Vương chi điển,",儀式刑文王之典，
"Tự ngã tổ nhĩ,",自我徂爾，
Thế thượng nhân sinh năng kỷ hà?,世上人生能幾何。
"Minh triết dĩ bảo thân, vô cứ vu lê, khốn vu thạch.",明哲以保身，毋據于藜，困于石。
"Đại phu bạt thiệp,",大夫跋涉，
"Hà như sơn thuỷ lộ,",何如山水路，
Lệ nhãn quan hoa lệ dị can,淚眼觀花淚易乾，
"Chỉ vu tang,",止于桑。
"Kim ngao bối thượng Kỳ viên địa,",金鰲背上祇園地，
"Bạt kiếm dĩ đoạn thiên kiêu tí,",拔劍已斷天驕臂，
"Vu dĩ dụng chi,",于以用之、
Khách trung thuỳ vị phùng xuân y.,客中誰為縫春衣。
"Nhất thanh “Hà Mãn Tí”,",一聲何滿子，
"Thiên giáng tư trùng, khỉ vô thâm ý.",天降斯虫，豈無深意。
Thiện vi nhạc phương.,善為樂方。
"Y thường mạn lạn ngữ thù ly,",衣裳熳爛語侏离，
"Phong thuỷ hữu khỉ,",豐水有芑，
"Thần Nông tri kỷ nhập bản thảo,",神農知己入本草，
"Dục lạc bất lạc xuân chiểu bình,",欲落不落春沼平，
Thang thiện hy sơ quang thái yết.,湯膳希疏光彩歇。
"Khâu trung hữu mạch,",丘中有麥，
"Phong xuy liễu hoa hồng phiến phiến,",風吹柳花紅片片，
"Kim dạ nguyệt sắc bạch,",今夜月色白，
"Ký tạ du du thế thượng nhi,",寄謝悠悠世上兒，
Miết nhiên há cao thụ.,瞥然下高樹。
"Vương Thông, Mã Kỳ chi phí đỉnh ngư nhi.",王通馬騏之沸鼎魚兒。
"Vạn đinh vi yêu mạc ái cừ,",萬釘圍腰莫愛渠，
"Nhị long tranh chiến quyết thư hùng,",二龍爭戰決雌雄，
"Tương phùng bất lệnh tận,",相逢不令盡，
Xuân phong dao đãng song tiền liễu.,春風搖盪窗前柳。
Dương liễu phong đa bất tự trì.,楊柳風多不自持，
Giang tổ nhất phiến thạch,江祖一片石，
Thuỷ thượng doanh doanh bộ vi nguyệt.,水上盈盈步微月。
Sở thiên lãng nguyệt chiếu lâu tê.,楚天朗月照樓西。
"Chúng di tương thị hốt biến sắc,",眾夷相視忽變色，
"Đào Nguyên nhân gia dị chế độ,",桃源人家易制度，
"Á tướng cần vương cam khổ tân,",亞相勤王甘苦辛，
Đăng chúc tinh huỳnh thiên bất dạ.,燈燭晶熒天不夜。
Hà đa nhật dã?,何多日也。
"Hôn hôn xương hạp bế phân tẩm,",昏昏閶闔閉氛祲，
"Mãn địa can qua Đỗ lão bần,",滿地干戈杜老貧，
Nhật dữ đạo tương thân.,日與道相親。
Thục đạo thượng chi?,孰道尚之？
"Thời vũ lai hề, điền trù ốc,",時雨來兮田疇沃，
"Đại phụ yêu liêm xuất,",大婦腰鐮出，
Ngọc khí trụ không hồng quán nguyệt.,玉氣柱空虹貫月。
Phong hoả bất tu kinh!,烽火不須驚！
"Hành dương nhạn đoạn sở thiên khoát,",衡陽雁斷楚天闊，
Hoài thử thánh đức.,懷此聖德。
Chúng tân giai tuý ngã độc tỉnh.,眾賓皆醉我獨醒。
Bạch vân đồng hạc phi.,白雲同鶴飛。
"Hàm quang hỗn thế quý vô danh,",含光混世貴無名，
Thiên thượng hữu nhân lạc bạch phát.,天上有人落白髮。
"Ninh tri Ba Giáp lộ,",寧知巴峽路，
"Thảm nhiên bất lạc,",慘然不樂，
Uyển đình đô tại thụ diểu huyền.,蜿蜓都在樹杪悬。
Bình khuynh nguyệt diệc không.,瓶傾月亦空。
Bạc ngôn tuyền quy.,薄言還歸。
"Hồng nhan vĩ diệp,",紅顏韡燁，
"Kiến giải trình kiến giải,",見解呈見解，
"Ngã dục tùng môn nhất bôi lỗi,",我欲松門一杯酹，
Vân thuỷ hoang lương trực chí câm.,雲水荒涼直至今。
Tuân vu sô nhiêu.,詢于芻蕘。
Kỳ dĩ thập nguyệt trung tuần nhi điễn diệt.,期以十月中旬而殄滅。
"Lục bỉ tiêu tư,",蓼彼蕭斯，
"Miên châu phó sứ trước giá hoàng,",綿州副使著柘黃，
Cẩm y hồ kỳ.,錦衣狐裘，
Mệnh bất dị tai.,命不易哉。
"Vương ly nhĩ thành,",王釐爾成，
"Lai vô xa mã tích,",來無車馬跡，
Nại thế tài chi bất công.,奈世才之不工。
"Mẫu dã thân chỉ,",母也天只，
Hậu hà nộ?,后何怒？
"Truyết kỳ khấp hĩ,",啜其泣矣。
Vô sử ngã tâm bi hề!,無使我心悲兮。
Thê lương đáo cái quan.,凄涼到蓋棺。
Dư cố thư đồng viết:,余顧書童曰：
"Chiêu Quân phất ngọc an,",昭君拂玉鞍，
"Kim niên thử nhật Minh giang phố,",今年此日明江庯，
Cam giá hợp thúc tận đảo phá.,甘蔗合束盡搗破。
Thán thiền quyên hề đa ngộ.,嘆嬋娟兮多誤。
"Kê trục thảo trùng khứ,",鷄逐草蟲去，
"Tam canh phong tác thiết mộng đao,",三更風作切夢刀，
Nhan thị chi tử tài cô tiêu.,顏氏之子才孤標。
Hà tu thân hậu thiên tải danh?,何須身後千載名。
Trường hướng thôn gia thủ hoàng độc.,長向村家取黃犢。
"Thuý Vân sơn thế cực nguy nga,",翠雲山势極巍峩，
"Cắng chi môn khỉ,",恆之穈芑，
Lập cước sai cường ư bá trọng;,立腳差強於伯仲；
"Đào Diệp phục Đào Diệp,",桃葉復桃葉，
"Chi diệp vị hữu hại,",枝葉未有害，
Sai phu trì đạo vãn táng xa.,差夫持道挽喪車。
Nhất lạng dĩ trị thiên đồng tiễn.,一兩已值千銅錢。
Phù bệnh đồ hành nhật nhất dịch.,扶病徒行日一驛。
Phàm quá túc thuỳ gia?,帆過宿誰家。
"Quân tử chi mã,",君子之馬，
Tích linh trợ ngã thanh tức tức.,鶺鴒助我聲唧唧。
Chính thị quốc nhân.,正是國人；
Tốt kỳ dị phương?,卒其異方？
"Ngư ly vu lựu,",魚麗於罶，
"Tiền giả toạ bì nhân vấn mao,",前者坐皮因問毛，
Dục biệt thướng mã thân vô lực.,欲別上馬身無力。
Vạn thuỷ lâm ly nguyên khí thấp.,萬水淋漓元氣濕。
"Tuỳ nhi tác đế tâm bất nguyện,",隨兒作帝心不願，
"Hương Lô phong sắc ẩn tình hồ,",香爐峰色隱晴湖，
Dạ hàn thiên ngoại tuý thiền quyên.,夜寒天外醉嬋娟。
Phiên thân hướng mộ vân.,翻身向暮雲。
Thừa nguyệt dạ ca hoàn.,乘月夜歌還。
"Vân âm nguyệt hắc, phong sa ác,",雲陰月黑風沙惡。
"Hạ lan đài nhi chu lãm hề, bộ thung dung ư thâm cung.",下蘭臺而周覽兮，步從容於深宮。
Đức âm trật trật.,德音秩秩。
Phong xuy tây đáo Trường An mạch,風吹西到長安陌。
"Văn Vương gia chỉ,",文王嘉止，
Hoài hôn nhân dã.,懷婚姻也。
Cổ nhân kim tại cửu tuyền trung.,古人今在九泉中。
"Ngã xuất ngã xa,",我出我車，
"Song song hiệp đàn lai Kim thị,",雙雙挾彈來金市，
"Mê ly nguyệt ảnh dạng bích y,",迷離月影漾碧漪，
"Kim Lăng lao lao tống khách đường,",金陵勞勞送客堂。
Tắc bất khả thôi.,則不可推。
"Như vân hoàn tụ tán,",如雲還聚散，
"Thuỳ vi kỳ nan, quân nãi vi kỳ dị; nhất phần trách nhiệm, các tương tâm huyết cáo đồng bào.",誰為其難，君乃為其易；一分責任，各將心血告同胞。
"Tân mạc chi gian, Ôn khả chiêu nhi Thạch khả trí.",賓幕之間，溫可招而石可致。
Nhất hồi ông ế nhất bàng đà.,一回翁翳一滂沱。
"Duy thử thánh nhân,",維此聖人，
"Khấu môn kiết bình trích mã tùng,",叩門絜瓶滴馬鬃，
Khả liên quang thái sinh môn hộ.,可憐光彩生門戶。
"Đồ ngự bất kinh,",徒禦不驚？
"Chước tửu dữ quân, quân tự khoan,",酌酒與君君自寬，
Đối quân cô tửu quân xướng ca.,對君沽酒君唱歌。
"Tần Hoài triều thuỷ Chung sơn thụ,",秦淮潮水鍾山樹，
"Tái phiền tái liệt,",載燔載烈，
Cương thường mạc trọng thị quân thân,綱常莫重是君親，
Khỉ cảm ái chi?,豈敢愛之？
Vinh nhục vu dư diệc hà hữu?,榮辱于余亦何有？
"Lũng Đầu minh nguyệt quýnh lâm quan,",隴頭明月迥臨關，
Hoành tung kỳ mẫu.,衡從其畝。
Khứ niên mỹ nhân bất tại tư.,去年美人不在茲。
"Tạc thuộc sầu xuân vũ,",昨屬愁春雨，
Hà thuỷ thanh thả luân y!,河水清且淪猗。
"Sự thân ký hiếu,",事親既孝，
Hô thủ Giang Nam nữ nhi ca trạo âu.,呼取江南女兒歌棹謳。
Thiên hạ quy tâm.,天下歸心。
Trùng hy luỹ thán.,重欷累歎。
Hoa gian tiếu ngữ thanh.,花間笑語聲。
"Đầu bạch nhãn ám toạ hữu đê,",頭白眼暗坐有胝，
"Vạn quốc thượng nhung mã,",萬國尚戎馬，
Nhất sinh bão hận kham tư ta.,一生抱恨堪咨嗟。
Lục hề y hề!,綠兮衣兮，
"Như đình như lôi,",如霆如雷。
Diệc khổng chi ái;,亦孔之僾；
Dục túng thành tai.,慾縱成災。
Âm phong nộ hào thu thảo mĩ.,陰風怒號秋草靡。
Tây binh khứ hậu kỷ nhân hoàn.,西兵去後幾人還。
Tẩu mã Chương Đài nhật bán tà.,走馬章台日半斜。
Kỳ Truy kỳ Mạch.,其追其貊，
"Kim ngã ư quốc chi giang,",今我於國之江，
Bùi hồi loạn nhiễu không.,裴回亂繞空。
Vị khẳng điệp nhĩ tranh đầu cốt.,未肯聑耳爭投骨。
Đương tiền dân mạc thính tần trần.,當前民瘼聽頻陳。
Quật tín cùng đạt thường chính trung.,屈信窮達常正忠。
"Thanh đài minh nguyệt đa nhàn địa,",青苔明月多閑地，
"Hậu nhân tôn cửu khứ phục phản,",後因孫九去復返，
Thanh sơn độc quy viễn.,青山獨歸遠。
"Tầm thường sở chí tại ôn bão,",尋常所志在溫飽，
"Kỳ thất tắc nhĩ,",其室則邇，
Nhân phỏng cố nhân cư.,因訪故人居。
Đại tuyết mãn cung đao.,大雪滿弓刀。
Tố thư nhất nguyệt phàm nhất thúc.,素書一月凡一束。
"Quan giả tham sầu xiết tí phi,",觀者貪愁掣臂飛，
"Xuân nhật tái dương,",春日載陽，
Đa bệnh trầm niên khổ vô kiện.,多病沈年苦無健。
"Kỳ thượng kiện nhi quy mạc lãn,",淇上健兒歸幕懶，
Gia nhị tam tử thậm hảo hiền.,嘉二三子甚好賢。
"Thoa đầu tẫn truỵ ngọc trùng sơ,",釵頭燼墜玉蟲初，
Cánh khủng niên suy qui bất đắc.,更恐年衰歸不得。
"Yên vụ mông mông sắc bất biện,",煙霧蒙蒙色不辨，
"Tái hoạch tế tế,",載穫濟濟，
Tùng Há Nâm.,從夏南。
Bất thị dưỡng tàm nhân.,不是養蠶人。
Chung trầm lậu tận sầu tương đán.,鐘沉漏盡愁將旦。
"Chiến huyết xích Xương Giang, Bình Than chi thuỷ.",戰血赤昌江平灘之水。
"Tâm chi ưu hĩ,",心之憂矣，
"Tương phi, Hán nữ xuất ca vũ,",湘妃漢女出歌舞，
Cánh vô tri âm!,更無知音！
Hà lự hà ưu?,何慮何憂？
Song hàng biệt lệ vô nhất ngôn.,雙行別淚無一言。
Bất cảm thướng cao lâu.,不敢上高樓。
Đầu huyền bạch nhận kiếm tương lâm.,頭懸白刃劍將臨。
"Hồ trần bất cảm động hề, thiên cổ thăng bình.",胡塵不敢動兮，千古昇平。
Thực đại thả đốc.,碩大且篤。
"Tịch tĩnh dĩ xứ,",寂靜以處，
Như kim bất phụ bình sinh du.,如今不負平生遊。
"Nam nhi truỵ địa,",男兒墜地，
"Tự lang Thạch Thành xuất,",自郎石城出，
"Phong kính Hồ giao chiết,",風勁胡膠折，
"Đồng cung siêu hề,",彤弓弨兮，
"Thiếp thân tự quý phi lương nữ,",妾身自愧非良女，
Lao tâm điết điết.,勞心怛怛。
"Trúc thành xứ,",築城處，
"Bất kiến chích kim Phần thuỷ thượng,",不見只今汾水上，
Cô lậu quả văn.,孤陋寡聞。
"Lãng Châu thành đông Linh sơn bạch,",閬州城東靈山白，
"Tư quân như xa luân,",思君如車輪，
Tịnh trước mộc lan chu.,并著木蘭舟。
Phong loan yểu điệu khê cốc hắc.,峰巒窈窕溪谷黑。
Kim ty ngọc hoàng thanh yết thu.,金絲玉簧清咽秋。
Tái hảo kỳ âm.,載好其音。
Thân tại khổ vô thân.,身在苦無身。
"Duyên cảnh tú hạng,",延頸秀項，
Vạn lý vô nhân nhất nhạn phi.,萬里無人一雁飛。
"Quy bí nhất kinh Thanh Quyết độ,",歸轡一經青厥渡，
"Kim niên hổ đa linh nhân ưu,",今年虎多令人憂，
Cửu nguyệt trúc trường bố.,九月筑場圃，
Tha nhật dĩ tương thân.,他日已相親。
Gia vật phụ nhi dân khang.,嘉物阜而民康。
Tướng quân hạ bút khai sinh diện.,將軍下筆開生面。
"Trường khế khoát,",長契闊，
"Trúc cao minh phí thuý,",竹高鳴翡翠，
"Lân chu nhất thính đa cảm thương,",鄰舟一聽多感傷，
"Tự tàm khinh khí thiên kim khu,",自慚輕棄千金軀，
"Nhĩ lai bình khứ kinh sinh học,",邇來屏去經生學，
"Tâm chi sinh hề sinh tử sinh,",心之生兮生死生，
Ô hô!,嗚呼。
Khởi thuyết Đường triều Quách Tử Nghi?,豈說唐朝郭子儀。
Tâm yên thích thích.,心焉惕惕。
Sơ đàn “Lục thuỷ” hậu “Sở phi”.,初彈淥水後楚妃。
"Phỉ cư phỉ khang,",匪居匪康，
Văn Vương viết: tư!,文王曰：咨！
"Ngự lâu lạo quân, gia hoàng thoát tử.",御樓勞軍，加黃脫紫。
"Tương tư nhân bất lai,",相思人不來，
Nhân gian tối hảo thị thanh minh.,人間最好是清明。
"Thử hồi nguyện đắc lương y thủ,",此回願得良醫手，
Duy Trọng Sơn Phủ bổ chi.,維仲山甫補之。
"Nhai Châu hà xứ tại,",崖州何處在，
"Ngã trì trường biều toạ Ba Khâu,",我持長瓢坐巴丘，
Chấn vũ lai tường.,振羽來翔。
"Khải đễ quân tử,",豈弟君子，
Thanh ca diệu vũ lạc hoa tiền.,清歌妙舞落花前。
"Mẫu tử huyết nhu y,",母死血濡衣，
Hoa như đào lý.,華如桃李。
"Ký trở ngã đức,",既阻我德，
Tốt năng:,卒能：
"Cổ tình bất tận đông lưu thuỷ,",古情不盡東流水。
"Hồ vi hoàng hoàng, dục hà chi?",胡為遑遑，欲何之？
Vật trước hữu không không.,勿著有空空。
Bạch thố xích ô tương sấn tẩu.,白兔赤烏相趁走。
Khai hoa vô số hoàng kim tiền.,開花無數黃金錢。
Vạn lý độc kiến viêm vân phi.,萬里獨見炎雲飛。
Hoàng hương chá mã an.,黃香炙馬鞍。
"Cử mục hữu thiên vân sắc ngũ,",舉目有天雲色五，
"Yểm lệ từ Đan Phong,",掩淚辭丹風，
"Nhân hữu ngũ luân,",人有五倫，
"Quân khán tích nhật Nhữ Nam thị,",君看昔日汝南市，
"Chinh phụ lâm hành hiểu trang bạc,",征婦臨行曉妝薄，
"Tướng quân kim giáp dạ bất thoát,",將軍金甲夜不脫，
Hạt kỳ hữu huyệt?,曷其有佸？
"Nội bí vu trung quốc,",內奰于中國，
Thiên tri thiên bất hoàn.,千知千不還。
Tự trình đao xích công.,自呈刀尺功。
Y quan nam độ đa băng bôn.,衣冠南渡多崩奔。
Tả hữu thể chi.,左右采之。
"Dương khinh khuê chi uy mỹ hề,",揚輕袿之猗靡兮，
Xuân điểu thu thu.,春鳥瞅瞅。
"Tả thủ chấp dược,",左手執龠，
Yển kiển bất tương thân.,偃蹇不相親。
Cử quốc chi viện binh phục lai.,舉國之援兵復來。
Hành lộ thậm nan.,行路甚難。
"Bất cập Đường Nghiêu,",不及唐堯，
Thuỷ phất ký sinh chi.,水拂寄生枝。
"Bình phố thừa triều thượng,",平浦乘潮上，
"Cửu thập xuân quang nhất trịch thoa,",九十春光一擲梭，
Khanh kỳ lai da?,卿其來耶？
Hoa chi nhan sắc nhân chi lệ,花之顏色人之淚，
"Thiên sinh lệ chất nan tự khí,",天生麗質難自棄，
"Kim nhữ hạ dân,",今女下民、
"An đắc phu lương dược,",安得夫良藥，
Tại thuỷ chi dĩ.,在水之涘。
"Quốc bộ phương truân,",國步方屯，
Tằng hữu cao ngâm xuất mộng trung.,曾有高吟出夢中。
"Tư hoằng nhất đạo,",思弘一道，
"Xuân thuỷ vô ba tịnh như luyện,",春水無波淨如練，
Cấp sất chinh kị vãng tiền khiêu.,急叱征騎往前跳。
Chung tống hoàng hôn kê báo hiểu.,鍾送黄昏雞報曉。
"Tiên quân chi tư,",先君之思，
"Miện tiêm yêu chi sở sở hề, phong hồi tuyết vũ;",盼纖腰之楚楚兮，風回雪舞；
"Ca đài noãn hưởng, xuân quang dung dung.",歌臺暖響、春光融融。
Hựu thị cô hồng lệ tiễu tiễu.,又是孤鴻唳悄悄。
Xuất diệc bất độc khoả nhất thân.,出亦不獨裹一身。
"Nghịch lữ chỉnh thiết,",逆旅整設，
Lưỡng cước dục sấn phi nhu khinh.,兩腳欲趁飛猱輕。
"Bất tòng Hoàn Công liệp,",不從桓公獵，
"Đãi Nghiêu, Thuấn chi kế thống hề, công hữu quang ư tiền nhật.",迨堯舜之繼統兮，功有光於前日。
"Hạ giả điền thăng khổ trịch trục,",下者田塍苦躑躅，
"Thuỷ diện tế phong sinh,",水面細風生，
Chung nhật mao thiềm sầu ngạ tử.,終日茅檐愁餓死。
"Khi thiên võng dân, quỷ kế cái thiên vạn trạng;",欺天罔民，詭計蓋千萬狀；
"Ư thị bối hạ lăng cao,",於是背下陵高，
Thành vi mỹ tục.,誠為美俗。
An Hán Viên Công an tại tai.,安漢園公安在哉。
"Thuẫn văn chi nhi phục khấp hề, tích tự nhĩ ư sát quân.",盾聞之而復泣兮，跡似邇於殺君。
Tử học cần mẫn.,子學勤敏。
"Tuyền nguyên linh linh tạp viên dứu,",泉源泠泠雜猿狖，
"Lư gia lan thất quế vi lương,",盧家蘭室桂為梁，
"Đào hề lý kính niên tuy cố,",桃蹊李徑年雖故，
"Cựu sào cộng thị hàm nê yến,",舊巢共是啣泥燕，
Truyền ca cộng nhiễu lương.,傳歌共繞梁。
Hoá tác u quang nhập tây hải.,化作幽光入西海。
Vũ định hoạ loạn phi công thuỳ.,武定禍亂非公誰。
"Âm Sơn kiêu tử hãn huyết mã,",陰山驕子汗血馬，
"Thiên dục tuyết vân mãn hồ,",天欲雪雲滿湖，
"Nhiễm vi hồng tuyến hồng vu hoa,",染為紅線紅于花，
"Xán xán tư tịch hợp,",粲粲滋夕合，
"Nhất triêu không tạ hội kê nhân,",一朝空謝會稽人，
"Tiểu kính điền hồng diệp,",小徑填紅葉，
Tố tuyết vân phi.,素雪云飛。
"Bất kiến kỳ nhân thuỳ dữ ngôn,",不見其人誰與言，
"Nhĩ đích trần ai, ngã đích tiên.",爾的塵埃我的僊。
Thanh Liên kỵ kình du nhiên thệ.,青蓮騎鯨悠然逝。
"Cửu Nghi hà xứ thị,",九嶷何處是，
Thương hải tang điền biến cố phồn.,滄海桑田變故繁。
Nguyện trị bất thân hiền.,願治不親賢。
Lĩnh thạch như tiêm thiên sắc minh.,嶺石如尖天色暝。
Nhập hoài bản ỷ Côn Sơn ngọc.,入懷本倚崑山玉。
"Quy lai khước quái đan thanh thủ,",歸來卻怪丹青手，
"Ưu tâm thiểu thiểu,",憂心悄悄，
Nhất khánh bạch my trường.,一磬白眉長。
Tại Tuấn chi hộ.,在浚之下。
"Thực dĩnh thực lật,",實穎實栗，
"Thừa thắng trường khu, Tây Kinh ký vị ngã hữu;",乘勝長驅，西京既為我有；
"Tá vấn vấn tân giả,",借問問津者，
"Cùng nhân vật mạ,",窮人勿罵，
"Thanh thị phong yên, bạch thị cốt.",青是烽煙白是骨。
"Túc túc Tương phi miếu,",肅肅湘妃廟，
"Âm dương hữu thì vũ hữu số,",陰陽有時雨有數，
"Ký kính ký giới,",既敬既戒，
"Hạ lạp đới tà dương,",荷笠帶斜陽，
"Bản nguyệt nhị thập nhật Liễu Thăng hựu vị ngã quân sở bại, thân tử ư Mã An chi sơn.",本月二十日柳昇又為我軍所敗，身死於馬鞍之山。
"Lão bệnh tử sinh thuỳ thế đắc,",老病死生誰替得，
Du điền thập khoảnh tang âm vi.,腴田十頃桑陰圍。
Thiếp kiến tân lang truỵ song thủ.,妾見新郎墜雙手。
"Tứ biên phạt cổ tuyết hải dũng,",四邊伐鼓雪海湧，
Hiệt chi hàng chi.,頡之頏之。
"Tu du vân đắc tân tiêu tức,",須臾雲得新消息，
Dã man hung bạo hựu tàn khốc.,野蠻凶暴又殘酷。
"Vu dĩ thái phiền,",于以采蘩、
Tiệt quyên mãi đao đô thị trung.,截絹買刀都市中。
"Vọng bình nguyên hề ký viễn mục,",望平原兮寄遠目，
"Ty tế sào đa nữ thủ đông,",絲細繰多女手疼，
"Du thân bất sử phụ mẫu tri,",偷身不使父母知，
Bỉ thử hà tu luận đoản trường.,彼此何須論短長。
Phong tận tước lập vô mông nhung.,峰盡削立無蒙茸。
Ẩm lệ hành tầm xuất môn lộ.,飲淚行尋出門路。
Tam lưỡng Hồ sồ học xạ điêu.,三兩胡雛學射雕。
Phong lưu bất cửu quy quỹ sa.,風流不久歸籄沙。
Kỳ mệnh hà tòng?,其命何從？
Kim lai hà Tạ Viên gia lang.,今來何謝袁家郎。
Nhất song thương nga phi thướng thiên.,一雙蒼鵝飛上天。
Vô tích khả thú.,無跡可趣。
Ám tửu Trường Hoằng lãnh huyết ngân.,暗酒萇弘冷血痕。
"Phong vũ tam canh dạ,",風雨三更夜，
"Đăng cao lâu, vọng minh nguyệt,",登高樓，望明月，
Thượng lâm phồn hoa chiếu nhãn tân.,上林繁花照眼新。
Bào hao thảo tế phong lai xuy.,咆哮草際風來吹。
"Tự tri phận giả,",自知分者，
Mãn địa sáp hồng kỳ.,滿地插紅旗。
"Điêu cung ký kiên,",敦弓既堅，
Di ngã bội kỷ.,貽我佩玖。
"Đạo đức di chi,",道德遺之，
Du ty niêm nhân khốn vô lực.,游絲粘人困無力。
Đồng mạo tông hài xưng lão phu.,桐帽棕鞋稱老夫。
"Triêu lai phân lệ Lý khinh xa,",朝來分隷李輕車，
"Trường Thành ẩm mã quật,",長城飲馬窟，
Do tác bố y khan.,猶作布衣看。
Bất tri dĩ tử Trường Thành gian.,不知已死長城間。
"Nguyên viễn lưu trường miên dịch thế,",源遠流長綿奕世，
"Tự tòng kì khổ đắc kì hoan,",自從奇苦得奇歡，
"Thệ từ chân hứa thiên trường cửu,",誓辭真許天長久，
Cung vũ chi phục.,共武之服，
Tất Tề chi Khương?,必齊之姜？
"Thức tịch tứ phương,",式辟四方，
"Thanh trọc tương hoạ, ngũ biến tứ hội.",清濁相和，五變四會。
Kỳ hoa loạn điểm xuân phong y.,琪花亂點春風衣。
Nhân nhân tri ngã nang vô tiền.,人人知我囊無錢。
"Gia nhân vạn lý truyền tiêu tức,",家人萬里傳消息：
"Ân sĩ phu mẫn,",殷士膚敏，
Thị phiếm thị phù.,是泛是浮。
"Phú nhân chủ chi thập thiên lợi,",富人主之十千利，
"Quân vương kim giải kiếm,",君王今解劍，
Thuỳ tùng Mục Công?,誰從穆公？
Đô đạo Dương Quan tống biệt thanh.,都道陽關送別聲。
Hồ bất quy?,胡不歸？
Thiếp ninh tân khổ giao lang lạc.,妾甯辛苦教郎樂。
Chi bất sinh hoa phúc sinh thảo.,枝不生花腹生草。
"Hữu điền bất canh,",有田不耕，
"Bất chính chi nữ,",不正之女，
"Hạo thiên Thượng đế,",昊天上帝，
Nhất đại hồng trang chiếu hãn thanh.,一代紅妝照汗青。
Thị tiết phiền dã.,是紲袢也。
Hạt bất túc ung?,曷不肅雝？
Tận nhật tiêu dao vô cá sự.,盡日逍遙無個事。
Dân hữu vị an hề tư hữu dĩ tập.,民有未安兮思有以輯。
Tâm tính do lai hiếu vi khách.,心性由來好為客。
"Loạn phi sa cầm phệ thôn cẩu,",亂飛沙禽吠村狗，
"Tri vãng lai chi năng nhàn hề, tu tham nguyệt quật dĩ nhiếp thiên căn.",知往來之能閒兮須參月窟以攝天根。
"Hữu đệ chi đỗ,",有杕之杜，
Cảo cảo xuất nhật.,杲杲出日。
Dạ bán ưu nhân ngữ ưu phụ:,夜半優人語優婦：
Canh giả nhượng bạn.,耕者讓畔。
Linh cách dư dĩ ta lai da?,靈格余以嗟來耶？
Duy huynh thị y.,惟兄是依。
"Hán gia thiên tướng tài thư hùng,",漢家天將才且雄，
"Hoạ huyền tố quản thanh thiển phồn,",畫弦素管聲淺繁，
"Tích ngã vãng hỹ,",昔我往矣，
"Du du thương thân,",悠悠蒼天，
Thần quang nghi hữu bạch vân sinh.,晨光疑有白雲生。
Yên Vũ đài không bội võng nhiên.,煙雨臺空倍惘然。
"Kính tuyết điên phong hướng kỷ hà,",勁雪顛風向幾何，
Đầu phát bất sơ nhất nguyệt mang.,頭髮不梳一月忙。
"Tuý lai nhàn ỷ nam song ngoạ,",醉來閒倚南窗臥，
"Miểu miểu xuân phong vọng vô tế,",渺渺春風望無際，
Vô sự đãng đông phong.,無事蕩東風。
"Dã kính hành vô bạn,",野徑行無伴，
Đan quất hoàng cam thử địa vô.,丹橘黃甘此地無。
"Hương kính trần sinh điểu tự đề,",香徑塵生鳥自啼，
"Xuân thảo minh niên lục,",春草明年綠，
"Hà tâm ý chi phanh phanh,",何心意之怦怦，
Tu tác kỳ lân đệ nhị nhân.,羞作麒麟第二人。
"Thái châu thập thuý y thường hảo,",採珠拾翠衣裳好，
"Phiêu ngô đồng nhi phi khứ, Ký Bắc quần không; ma dương liễu nhi tương y, Hoa Dương tức tiệp.",飄梧桐而飛去，冀北群空；磨楊柳而相依，華陽息捷。
"Diệc ký kiến chỉ,",亦既見止、
"Duy Trọng Sơn Phủ,",維仲山甫，
"Nhạn tận thư nan ký,",雁盡書難寄，
Khoan tắc đắc chúng.,寬則得眾。
Dã hoa sơn diệp ngân thoa tịnh.,野花山葉銀釵並。
"Thượng vô dĩ báo đáp quân phụ,",上無以報答君父，
"Bất ngã tiết dĩ,",不我屑以。
Vấn thị thuỳ gia hảo trạch quyến.,問是誰家好宅眷。
Thả:,且：
Đường gia chi loạn Vũ Tắc Thiên.,唐家之亂武則天。
Dữ tử thành thuyết.,與子成說。
"Thượng du tòng thử lợi nông công,",上游從此利農功，
Ký lượng thả hoà.,既亮且和。
Hữu ngu Ân tự thiên.,有虞殷自天。
"Hạo hạo hồng lưu,",浩浩洪流，
"Điều điều Lĩnh biểu sản đan lệ,",迢迢嶺表産丹茘，
"Thánh Tông hoàng đế đề thi thạch,",聖宗皇帝題詩石，
Tu du đông sơn nhất luân sinh.,須臾東山一輪生。
Sa trường tri cận viễn.,沙場知近遠。
"Lỗ tái binh khí liên vân truân,",虜塞兵氣連雲屯，
Thiên chiếu đoạn căn bồng.,偏照斷根蓬。
Khẩu bất năng đáp chỉ sơn thuý.,口不能答指山翠。
Huống ngã dữ tử phi tráng niên.,況我與子非壯年。
Vu một Tiêu ngạn thiên châu cúc.,蕪沒瀟岸千株菊。
Hoạ xưng ngự bút ế hà nhân?,和稱御筆咽何人？
"Tiên trà đương cô tửu,",煎茶當沽酒，
"Tự kim dĩ thuỷ,",自今以始，
Thụ lộc vu thiên.,受祿于天。
"Ca dư thanh liệt quán chúng nhĩ,",歌餘清洌貫眾耳，
Đại sắc sâm thiên nhị thiên xích.,黛色參天二千尺。
Hề dĩ phẫn gia.,奚以忿加。
"Sở Hoài bất tòng,",楚懷不從，
Sơn tăng khổ lưu khan lạc nhật.,山僧苦留看落日。
Vật thính ai thanh.,勿聽哀聲。
"Chí kim giang lưu,",至今江流，
"Kích sàng tiên xuất,",擊牀先出，
Hải trần tân sinh thạch sơn hạ.,海塵新生石山下。
"Vô viết cao cao tại thượng,",無曰高高在上，
"Diệc tri nhân sinh yếu hữu biệt,",亦知人生要有別，
Nang trung tự hữu tiền.,囊中自有錢。
"Dư tiền ký tuyển binh tái hiểm dĩ tồi kỳ phong,",予前既選兵塞險以摧其鋒，
Hồ bất thứ yên?,胡不佽焉？
"Thủ đê dĩ bạt,",取羝以軷，
"Ký thuận nãi tuyên,",既順乃宣，
"Đông môn chi trì,",東門之池，
"Chung Nam, Vị thuỷ hàn du du.",終南渭水寒悠悠。
"Hiểu vũ, phiến phàm lai.",曉雨片帆來。
Lâm giang sái tố thu.,臨江灑素秋。
Hà dị Thái thường thê?,何異太常妻。
"Doanh doanh kim tôn mộc ân ác,",盈盈金鐏沐恩渥，
Duy kỳ huý hĩ.,維其喙矣。
"An đắc như điểu hữu vũ sí,",安得如鳥有羽翅，
"Quân tử sở vi,",君子所為，
Ngôn chi xú dã.,言之醜也。
"Điệu lương hội chi vĩnh tuyệt hề,",悼良會之永絕兮，
Cách đại dị quốc,隔代異國
"Bất như triều thuỷ tín,",不如潮水信，
"Kháng quỳnh đệ dĩ hoạ dư hề,",抗瓊珶以和予兮，
Vương tâm tái ninh.,王心載寧。
"Triêu ca dạ huyền, vi Tần cung nhân.",朝歌夜絃、為秦宮人。
Kỷ thời khả đáo Tam sơn điên.,幾時可到三山巔。
Đa niên nhuyễn đạp Đông Hoa trần.,多年軟沓東華塵。
Trụ tích trấn vương kỳ.,拄錫鎮王畿。
"Huy hình bất cảm thê hoa ốc,",隳形不敢棲華屋，
Thời thời ngộ phất huyền.,時時誤拂弦。
"Thanh bồ hàm tử nhung,",青蒲銜紫茸，
Dữ quân thưởng tận viên trung lạc.,與君賞盡園中樂。
Cấp thử bách xích tuyền.,汲此百尺泉。
Nhi lang bị sát phu tao lỗ.,儿郎被殺夫遭虜。
Ngôn ngải kỳ lâu.,言刈其蔞。
"Diệc phục nhĩ canh,",亦服爾耕，
Nhân mạc chi tri.,人莫之知。
"Sở ca Ngô ngữ kiều bất thành,",楚歌吳語嬌不成，
"Vương sự mỹ cổ,",王事靡盬，
"Mạc học Vũ Lăng nhân,",莫學武陵人，
Niên niên tuế tuế sầu tương kiến.,年年歲歲愁相見。
Bất khả vi dã.,不可爲也。
"Vô tình mã túc như phi điện,",無情馬足如飛電，
Thiết sao kim hoàn nghiễm tương hướng.,鐵鞘金鐶儼相向。
Kim nhật tác quân thành hạ thổ.,今日作君城下土。
"Sơn khê đáo thử hạn Nam Bắc,",山溪到此限南北，
Lạc nhĩ thê nô.,樂爾妻帑。
"Kim ngư toả đoạn hồng quế xuân,",金魚鎖斷紅桂春，
"Thị dụng tác ca,",是用作歌，
"Tứ mẫu phi phi,",四牡騑騑，
"Nhân sinh hội hợp bất khả thường,",人生會合不可常，
"Trợ Ngô cự Tào,",助吳拒曹，
"Ô hô Dương Thạch kim dĩ vô,",嗚呼楊石今已無，
"Triêu lai biệt tấu tân phiên khúc,",朝來別奏新翻曲，
"Tĩnh quan tố vị,",靜觀素鮪，
Quý tại hoàng kim.,貴在黃金。
"Chinh phạt Nghiễm doãn,",征伐玁狁，
"Ngã cấu chi tử,",我覯之子、
"Tân đài hữu thử,",新臺有泚，
"Dã đường thuỷ biên kỳ ngạn trắc,",野塘水邊碕岸側，
"Tả chu hữu toàn,",左周右旋，
Kình nghê đường đột lưu dư tích.,鯨鯢唐突留餘跡。
"Hàn thiền minh thụ,",寒蟬鳴樹，
Cẩu diệc vô nhiên.,茍亦無然。
Bách vạn nhân gia giai dĩ một.,百萬人家皆已沒。
Kết chi hà vi?,結之何為？
"Bắc phạt tuy toàn Triệu,",北伐雖全趙，
"Xuân phong lai bất viễn,",春風來不遠，
Phù thuỳ sử khiêu chi?,夫誰使挑之？
"Nữ Kỳ vô hợp,",女岐無合，
"Tích nhật Thái Tông Quyền Mao Qua,",昔日太宗拳毛騧，
Thuỳ vị nga khoảnh giao tại tất.,誰謂俄頃膠在漆。
Trường đoạn quân bất tri.,腸斷君不知。
Na kham hoa mãn chi,那堪花滿枝，
Nhữ hưu uổng sát nam phi hồng.,汝休枉殺南飛鴻。
Ngã dĩ vi thọ trần đương giải anh.,我以為壽塵當解纓。
Độc túc cô phòng lệ như vũ.,獨宿孤房淚如雨。
Phong lưu thiên tử phù bất khỉ.,風流天子扶不起。
Hồ bất thứ yên?,胡不佽焉？
Thanh minh quân hữu thế dung dung.,聲明均囿世融融。
"Thuỳ gia kim dạ thiên chu tử,",誰家今夜扁舟子，
Cáo nhĩ cựu chỉ.,告爾舊止。
Thử thân ngộ giá du hiệp nhi.,此身誤嫁逰俠兒。
Độ giang bất dụng tiếp.,渡江不用楫。
"Nguyện kiến bắc địa Phó Giới Tử,",願見北地傅介子，
Thừa thặng mỗ.,乘乘馬。
Chỉ đạo tảo hoàn hương.,只道早還鄉。
Tu ngã mâu cước.,修我矛戟，
Sở tá cánh thuỳ văn.,楚些竟誰聞。
"Thánh nhân xử sự viễn đại tai,",圣人處事遠大哉，
Vân ảnh du du.,雲影悠悠。
Sinh nhai tại kính trung.,生涯在鏡中。
Nguyện quảng hoàng nhân đáo hải tân.,愿廣皇仁到海濱。
"Ngô cước trì hề, ngã bất chi.",吾腳遲兮我不之。
"Nãi cử tiếp hề trung lưu,",乃舉楫兮中流，
"Chấp thỉ vu lao,",執豕于牢，
Linh chi vĩ diệp sư cảnh quang.,靈祗煒燁攄景光。
"Tiễn tựu hoàng thi tham nhập đạo,",剪就黃絁貪入道，
Ứng hiện hoá thân bất khả lượng.,應現化身不可量。
"Cửu nhật trùng dương tiết,",九日重陽節，
Tất hà chi lý?,必河之鯉？
Toàn chi di kiên.,鑽之彌堅。
"Tướng dữ Nhị Đế, Tam Vương nhi tịnh xưng giả dã.",將與二帝三王而並稱者也。
Chí nhược:,至若：
"Ngã nghi thiên tôn chức tố luyện,",我疑天孫織素練，
"Nhân sinh lưu trệ sinh lý nan,",人生留滯生理難，
"Vạn quốc thành đầu xuy hoạ giác,",萬國城頭吹畫角，
Hương lại tịch trung trùng cải tính.,鄉吏籍中重改姓。
Ngô thân hựu vọng nhi.,吾親又望兒。
Nhất triêu hưởng chi.,一朝饗之。
"Phấn ngân tuỳ lệ thấp xuân la,",粉痕隨淚溼春羅，
"Duy sinh ai ngã vị bình phục,",惟生哀我未平復，
"Quân bất kiến: Nam Bắc thiên vô tư vũ lộ,",君不見南北天無私雨露，
Diêm tiền dạ tích ti ti vũ.,簷前夜滴絲絲雨。
Văn quyên ức Thục hương.,聞鵑憶蜀鄉。
Ly nhĩ nữ sĩ.,釐爾女士。
"Cựu tuế dĩ án tân tuế bức,",舊歲已晏新歲逼，
Lâu hạ kiếp thương lâu thượng tuý.,樓下劫商樓上醉。
Thanh huỷ hoàng hùng đề hướng ngã.,青兕黃熊啼向我。
"Minh nguyệt như kiển tố,",明月如繭素，
Lao tâm thiếu hề!,勞心慘兮。
"Thiên trở khả việt,",天阻可越，
Đản tiên đăng vu ngạn.,誕先登于岸。
Ứng vật vô ngân.,應物無垠。
Bạt bồ Ngũ Hồ trung.,拔蒲五湖中。
Nhi vô kiến thi.,而無見詩。
"Song ngư tỷ mục,",雙魚比目，
Thận vật xuất khẩu tha nhân thư.,慎勿出口他人狙。
"Mỹ nhân tung phục hoành,",美人縱復橫，
"Hải quốc ba đào tà tịch chiếu,",海國波濤斜夕照，
Thương kỳ lai thực.,將其來食。
"Thực thực kỳ chỉ,",湜湜其止。
"Phương kim: thời đăng thánh triết, vận thuộc hưu minh. Công thành trị định, chế tác tư hưng. Phóng dâm oa nhi tồn nhã nhạc, hài thứ doãn nhi cách bách linh. Phượng nghi thú vũ, mã phụ quy trình. Tuy phú tái chi thịnh đức, diệc cổ kim chi tịnh xưng.",方今：時登聖哲，運屬休明。功成治定，制作斯興。放淫哇而存雅樂，諧庶尹而格百靈。鳳儀獸舞，馬負歸呈。雖覆載之盛德，亦古今之並稱。
"Quân bất năng học Kha Thư,",君不能學哥舒，
"Thập ngũ giá vi Lư lang phụ,",十五嫁為盧郎婦，
"Lâm hữu bộc tốc,",林有樸樕，
Ngọc sơn dĩ đồi bất khả bả.,玉山已頹不可把。
"Tuý ngoạ bất tri bạch nhật mộ,",醉臥不知白日暮，
"Mật tương điểm trích thôi ma để,",密漿點滴推磨底，
Mao thiềm cổ mộc tề.,茅檐古木齊。
"Kim Lăng vọng trung sơn mạt yên,",金陵望中山抹煙，
Kỳ nhân bất tồn.,其人不存。
"Đãn lệnh thử khứ thanh sa mạc,",但令此去清沙漠，
Tửu lan trường ấp bảo đao hoành.,酒闌長揖寳刀橫。
"Tượng khẩu xuy hương tháp đăng noãn,",象口吹香毾覴暖，
"Nãi lập trũng thổ,",乃立冢土，
Ưng huyền bất ngại thương sơn cao.,應弦不礙蒼山高。
Chỉ xích trần ai vô mịch xứ.,咫尺塵埃無覓處。
Kim minh tương cừ câu bất miên.,今暝將渠俱不眠。
"Uyên ương cô miên oán phương thảo,",鴛鴦孤眠怨芳草，
Tương biệt hoa tại thuỷ.,相別花在水。
Cử đầu tam xích hữu thần kỳ.,舉頭三尺有神祇。
Dung hề toại hề!,容兮遂兮，
Quân bất kiến:,君不見:
"Nhung xa than than,",戎車嘽嘽，
"Hồ mã tê phong hề, thượng tri luyến thổ,",胡馬嘶風兮，尚知戀土，
Biệt lai kỷ nhật thu tiêu sái.,別來幾日秋瀟灑。
Trần tâm vị tận tư hương huyện.,塵心未盡思鄉縣。
Thập vạn kiện nhi phù huyết thi.,十萬健兒浮血尸。
"Phi tuyền liễm diễm khứ bất phản,",飛泉瀲灩去不返，
"Thân thị sinh diệt pháp,",身是生滅法，
"Ngọc Hoàng nhất tiếu lưu hương án,",玉皇一笑留香案，
"Hành nhân bất kiến thụ thiếu thời,",行人不見樹少時，
"Giá tốt mông trần phi hoạch dĩ,",駕卒蒙塵非獲已，
"Hoang lương cổ tự yên mê vu,",荒涼古寺煙迷蕪，
Tây nam sổ lộ hưu oán phỉ.,西南數路休怨誹。
"Thái Bạch sơn cao tam bách lý,",太白山高三百里，
"Thử nghi vô tội,",此宜無罪，
"Thanh thuyên xạ can, yết xa bao tịnh.",青荃射干，揭車苞並。
"Hán gia tự thị khởi binh qua,",漢家自是起兵戈，
Thượng mỵ vô giếu.,尚寐無覺！
Phu tử nhục ngạnh nhu như cương.,膚紫肉硬揉如僵。
"Tỳ hưu lục quân,",貔貅六軍，
"Nhất hợp tương tư lệ,",一合相思淚，
"Kê tê vu kiệt,",雞棲于桀，
Sái linh lục dĩ phù quế tữ da?,灑醽醁以浮桂醑耶？
"Đình châm vô ngữ thuý my đê,",停針無語翠眉低，
"Truỳ yết cổ, đàn không hầu,",搥羯鼓，彈箜篌，
"Hốt nhiên vũ thế hiệp phong chí,",忽然雨勢挾風至，
Nộ thị cừu phúc cam như di.,怒視仇腹甘如飴。
Tự tòng giá khứ giảm dung quang.,自從嫁去減容光。
Quái vật tiềm phục ninh kỳ tai.,怪物潛伏寧鬐顋。
Mỹ thất lao hĩ.,靡室勞矣。
Quang cảnh lưỡng kỳ tuyệt.,光景兩奇絕。
Thành bỉ đông phương.,城彼東方。
Vương tôn tự lưu ngoạn.,王孫自留玩。
Phú quý an năng nhuận hoàng lô.,富貴安能潤黃壚。
"Uý thiên chi uy,",畏天之威，
"An đắc tráng sĩ trịch thiên ngoại,",安得壯士擲天外，
"Bất viễn y nhĩ,",不遠伊邇，
Trường văn ô yết thanh.,長聞嗚咽聲。
Nguyệt sắc bạch tự sương.,月色白似霜。
Cấp tu mãn bả kim tôn đảo.,急須滿把金樽倒。
"Báo đạo nhất thanh kiều loan ải,",報道一聲嬌鸞縊，
Ốc thượng vô phiến ngoã.,屋上無片瓦。
"Ỷ giốc chi viện,",掎角之援，
"Giản tuyết áp đa tùng yển kiển,",澗雪壓多松偃蹇，
"Thuận đức giả xương,",順德者昌，
Tướng dư trần tự.,相予肆祀。
Bất tư dĩ cốc.,不胥以穀。
Bình đầu nô tử kình lý tương.,平頭奴子擎履箱。
Thuế vu nông giao.,說于農郊。
"Động chu thần dĩ từ ngôn,",動朱唇以徐言，
"Khởi kỳ tâm lực phi tương quan,",豈其心力非相關，
"Tuân bỉ Nhữ phần,",遵彼汝墳、
Thập niên phiên địa thất Yên Chi.,十年番地失焉支。
"Ký kiến quân tử,",既見君子，
"Đông phương dục minh, thiên sắc thượng lê.",東方欲明，天色尚黎。
Vi tử vi thần thử nhất thân,為子為臣此一身。
Ngưỡng kiến đột ngột sanh thanh không.,仰見突兀撐青空。
Thuỳ vị Hà quảng?,誰謂河廣？
Thuỳ phục trước thủ vi ma sa.,誰復著手為摩挲。
"Trường An khổ hàn thuỳ độc bi,",長安苦寒誰獨悲？
"Mục Dã dương dương,",牧野洋洋，
Ngư lang chính phóng lô ti lai.,漁郎正放鸕鷥來。
"Hữu như xích hoạch lượng thiên địa,",有如尺蠖量天地，
"Hán thần chi tế,",漢臣之婿，
"An vi động chủ lý tín nhiên,",安為動主理信然，
"Trừu thoa thoát xuyến giải hoàn bội,",抽釵脫釧解環珮，
"Tư văn Hậu Tắc,",思文后稷，
Canh thời ngưu lực lao vãn suy.,耕時牛力勞挽推。
Thuỷ ngoại thị sơn sơn ngoại thuỷ.,水外是山山外水。
"Xích nhi viễn chi,",斥而遠之，
"Hoành trắc sổ phong bích,",橫側數峰碧，
Quân khan lệ thấp sàng đầu thổ.,君看淚溼床頭土。
Trướng bàn hoàn nhi bất năng khứ.,悵盤桓而不能去。
Thu lệ lâm giang bi cố quốc.,收淚臨江悲故國。
Đông Hồ dân hoạ hiển hương danh,東湖民畫顯鄉名
An đắc tái sinh thử bối tây bị Hồ!,安得再生此輩西備胡。
"Vọng tản cái chi lục ly hề,",望傘蓋之陸離兮，
Ba nam thuỷ nhất phương.,巴南水一方。
Nghi tĩnh thể nhàn.,儀靜體閑。
Chu Du vu thử phá Tào Công.,周瑜于此破曹公。
"Ô hô hoàng khảo,",於乎皇考，
"Địch thanh phiêu phiêu cao nhập vân,",笛聲飄飄高入雲，
Thấp huỳnh sinh táo hoa mãn viên.,溼螢生竈花滿園。
Tịnh toạ cổ hoàng.,并坐鼓簧。
"Phiếm bỉ bách chu,",泛彼柏舟，
Bắc hải du côn vọng nhi khấp.,北海遊鯤望而泣。
"Hàn yên tiểu viện chuyển tiêu điều,",寒煙小院轉蕭條，
"Tương truyền giang thượng, ngộ hoàng nữ dĩ thành thân,",相傳江上遇皇女以成親，
"Tỉ diên tỉ kỷ,",俾筵俾几。
Xâm tại Nguyễn cương.,侵在阮疆。
Nhiễu sơn bác nhân trà bất thu.,繞山搏人茶不收。
"Nhị triêm thuỷ bích Nùng thường sơn thanh,",弭霑水碧濃常山青，
Phong lại thâm áo.,蘴藾深奧。
Khiên thường thiệp Vĩ.,褰裳涉洧。
"Thục nhân căng khoa nhất thiên tải,",蜀人矜誇一千載，
"Tự văn tán phổ cánh cầu thân,",似聞贊普更求親，
"Phi xa khoá sơn cốt kỳ hải,",飛車跨山鶻棋海，
Thuỳ kiến khấp ly quần.,誰見泣離群。
"Đồ trung nhân cộng quá,",途中人共過，
"Lâm Chương thuỷ chi trường lưu hề,",臨漳水之長流兮，
"Muội chi bắc hĩ,",沬之北矣。
"Thác hề, thác hề!",萚兮、萚兮，
"Bất nại hà, bất nại hà,",不奈何，不奈何，
Oán chiết kim thoa phụng hoàng cổ.,怨折金釵鳳凰股。
"Ngư long bất thực, sài hổ thực,",魚龍不食豺虎食，
Dạ lai ngọc thố minh.,夜來玉兔明。
Quýnh nhược hàn không động yên tuyết.,迥若寒空動煙雪。
"Ta dư sinh chi cống trực hề, ngưỡng tiền thánh nhi tự xí.",嗟予生之戇直兮，仰前聖而自企。
Thuỳ bí nễ nễ.,垂轡沵沵。
"Nhật há xuyên thượng hàn,",日下川上寒，
Đãn cục tích nhi dĩ.,但跼蹐而已。
Liêm Khê ái liên diệc hữu thuyết.,濂溪愛連亦有說。
"Bỉ ký chi tử,",彼其之子，
"Giác tráng phiên đồng my lộc du,",角壯翻同麋鹿遊，
"Tích nhĩ giới khuê,",錫爾介圭，
Cung hoa tịch mịch hồng.,宮花寂寞紅。
Thuý mâu hoành tiễn thu giang thuỷ.,翠眸橫剪秋江水。
"Cập nhĩ điên phúc,",及爾顛覆。
Thiểu yên minh nguyệt thượng đông xá.,少焉明月上東舍。
Tiền trình phục kỷ đa.,前程復幾多。
Trung hữu vạn cổ vô cùng âm.,中有萬古無窮音。
"Hiệt ba tú đài tổng thành mị,",纈波繡苔總成媚，
"Sầu thính cánh lậu chuyển phân minh,",愁聽更漏轉分明，
"Yến cập hoàng thiên,",燕及皇天，
Trí tại nghênh phong hàn lộ chi ngọc hồ.,置在迎風寒露之玉壺。
"Ngu Nhuế chất quyết thành,",虞芮質厥成，
Độc thân sinh trí Bắc Thiền Vu.,獨身生致北單于。
Quân vương phù nhạn hữu quang huy.,君王鳧雁有光輝。
"Tác pháp bất tự tễ,",作法不自斃，
Tả tuyền hữu sứu.,左旋右抽，
"Thuyền thượng khán sơn như tẩu mã,",船上看山如走馬，
"Đăng minh tửu lãnh,",燈明酒冷，
"Chỉ nhân pha thức cầm thư vị,",只因頗識琴書味，
Ngộ cạnh nam phong sơ bắc khách.,誤競南風疏北客。
Khấp thế bàng hoàng.,泣涕徬徨。
Khán sơn tịnh ngã mục.,看山淨我目。
Bất ngã dữ,不我與。
"Bối thụ tích hề cắng liên, phúc hoành văn hề ẩn ước.",背豎脊兮亙連，腹橫文兮隱約。
Bội ngọc thương thương.,佩玉將將，
"Giá tương quy trù kim uyển đống,",蔗漿歸廚金碗凍，
"Độc thánh hiền thư,",讀聖賢書，
"Giang hồ phàm mã đa tiều tuỵ,",江湖凡馬多憔悴，
Nhất thất đảo huyền không tứ cố.,一室倒懸空四顧。
"Tụ trường quản thôi dục khinh cử,",袖長管催欲輕舉，
Tiếp phạt Đại Thương.,燮伐大商。
"Duyệt thân thích chi tình thoại, lạc cầm thư dĩ tiêu ưu.",悅親戚之情話，樂琴書以消憂。
"Lâm hành vô tha ngôn,",臨行無他言，
"Huống thuộc cao phong vãn,",況屬高風晚，
"Thiên kim thuỷ nhất tiếu,",千金始一笑，
"Thiết khoán đan thư phản nội đình,",鐵券丹書返內庭，
Sinh khởi tu dung trùng tái bái.,生起脩容重再拜。
"Tây phong thê thê hàn bức nhân,",西風凄凄寒逼人，
Quân diệc vi ngô đảo khước Anh Vũ châu.,君亦為吾倒卻鸚鵡洲。
"Phảng phất hề nhược khinh vân chi tế nguyệt,",仿佛兮若輕雲之蔽月，
"Nhược yếu phân minh,",若要分明，
Lương Châu thành bắc tận Hồ Lỗ.,涼州城北盡胡虜。
Liễu tự vô yêu trì tự kính.,柳似無腰池似鏡。
"Tiện diện hà đa lực,",便面何多力，
Ân cần hậu khiển hành nhân chúc.,殷勤厚遣行人祝。
"Đấu kê hạ đỗ trần sơ hợp,",鬥雞下杜塵初合，
"Lãn thiền mấn chi xảo sơ,",懶蟬鬢之巧梳，
Thử trung hốt kiến Nga My khách,此中忽見峨眉客。
"Nguyệt điện vinh đan quế,",月殿榮丹桂，
Hoạch nhiên há liệt trường phong khai.,劃然下裂長峰開。
"Mao Tường chương duệ, bất túc trình thức.",毛嬙鄣袂，不足程式。
"Chí lão song hoàn chỉ thuỳ cảnh,",至老雙鬟只垂頸，
"Vĩ Hy Hiên chi thánh thần hề, nguyên thiên đạo nhi kiến cực.",偉羲軒之聖神兮，原天道而建極。
Gián bả thôi xao cung hiểu mộ.,間把推敲供曉暮。
Kiến tử linh nhân giải sầu kết.,見子令人解愁結。
Dĩ sự nhất nhân.,以事一人。
"Vạn lý vô nhân thu bạch cốt,",萬里無人收白骨，
Lưu chiếu Phục Ba doanh.,流照伏波營。
Cung trung hà Hán cao.,宮中河漢高。
Xuân nhật lộ bàng tình.,春日路傍情。
Cô quang nhất điểm huỳnh.,孤光一點螢。
"Hà Bắc dân,",河北民，
Bắc sơn hữu lai.,北山有萊。
Thiên hàn tuế mộ ba đào trung.,天寒歲暮波濤中。
"Quân tử giai lão,",君子偕老，
Quỷ hoả thanh huỳnh sinh bích huyết.,鬼火青熒生碧血。
Dư văn:,余聞：
"Hồng tuyền cực thâm,",洪泉極深，
Thập mẫu chi kiên hề!,十畝之間兮，
Trù trướng độ đầu xuân phục xuân.,惆悵渡頭春復春。
"Liệt bỉ hạ tuyền,",冽彼下泉，
Phong tĩnh diệc sinh trần.,風靜亦生塵。
"Triêu nhật chiếu hồng trang,",朝日照紅妝，
"Trường Giang bi dĩ trệ,",長江悲已滯，
"Ưng liên bão quan giả,",應憐抱關者，
Bá nghiệp dĩ tuỳ yên tẫn diệt.,霸業已隨煙燼滅。
"Thiên khai địa liệt Trường An mạch,",天開地裂長安陌，
"Ngô tâm nan thuyết xứ,",吾心難說處，
"Ngã diệc kỵ lư khách,",我亦騎驢客，
Thiên hàn thượng hữu sa trần tại.,天寒尚有沙塵在。
Quân bất kiến:,君不見：
"Đản chí chi ải hạng,",诞寘之隘巷，
Yên chi tiên diễm hà tương loại,胭脂鮮艷何相類，
"Hoa lạc hoàng hôn tiễu tiễu thời,",花落黃昏悄悄時，
Khuynh thành quan giả như đổ tường.,傾城觀者如堵墻。
Bang gia chi quang.,邦家之光。
Ức nhĩ triển chuyển Liêu Dương thành.,憶爾輾轉遼陽城。
Vũ phu quang quang.,武夫洸洸。
"Thân hậu ngọc trướng lâm Hà Khôi,",身後玉帳臨河魁，
"Phấn hà hồng thụ ngẫu ty quần,",粉霞紅綬藕絲裙，
Đắc lưỡng nam tử?,得兩男子？
"Trung yêu hữu nguy đình,",中腰有危亭，
Bất lượng nhân chỉ.,不諒人只！
Uy nghi bất loại.,威儀不類。
Tuyên Vương phẫn khởi huy thiên qua.,宣王憤起揮天戈。
"Lão tàm thành nga hựu sinh tử,",老蠶成蛾又生子，
Hương khuê khả niệm nhân cô lánh.,香閨可念人孤另。
Hung Nô phạm Vị Kiều.,匈奴犯渭橋。
Bất hoàng khải cư.,不遑啟居。
"Phi tiêu quyết Hán xuất hãng dới,",披霄抉漢出沆瀣，
"Tảo địa phần hương toạ,",掃地焚香坐，
"Toa Đô ký cầm ư Hàm Tử quan,",唆都既擒於鹹子關，
"Vân bằng bằng hề, thu phong toan,",雲憑憑兮，秋風酸，
"Tịch điện huỳnh phi tứ tiễu nhiên,",夕殿螢飛思悄然，
"Khả niệm thử ông hoài trực đạo,",可念此翁懷直道，
Nghệ ma như chi hà?,蓺麻如之何？
"Tam niên địch lý “Quan san nguyệt”,",三年笛里關山月，
Kỳ hạ hầu tuần.,其下侯旬。
"Hoán cừ triêu xan yết bán thiếp,",喚渠朝餐歇半霎，
Miên miên qua điệt.,綿綿瓜瓞。
Quân bất kiến:,君不見：
"Tứ chu lập sách khiên hổ xuất,",四周立柵牽虎出，
"Phục ngoại cô trung lão vị hưu,",伏外孤忠老未休，
"Khách hỉ nhi tiếu, tẩy trản cánh chước. Hào hạch ký tận, bôi bàn lang tạ. Tương dữ chẩm tạ hồ chu trung, bất tri đông phương chi ký bạch.",客喜而笑，洗盞更酌。肴核既盡，杯盤狼藉。相與枕藉乎舟中，不知東方之既白。
Chu tử vô ngôn ỷ bồng lập.,舟子無言倚篷立。
Thiên chúng vạn chúng đồng thời lai.,千眾萬眾同時來。
Phong lưu hạt túc ngôn.,風流曷足言。
Phi điện quá khích châu phiên hà.,飛電過隙珠翻荷。
"Hoài dư đối tửu dạ sương bạch,",懷餘對酒夜霜白。
Hữu thì không vọng cô vân cao.,有時空望孤雲高。
"Mục Vương xảo mai,",穆王巧梅，
"Bao biếm nghiêm ư thưởng phạt hề, nghị luận đoạn ư phủ chất.",褒貶嚴於賞罰兮，議論斷於斧鑕。
Bất dữ ngã thú Phủ.,不與我戍甫。
"Niên trường quy hà xứ,",年長歸何處，
"Hà vật thị thượng du thủ nhi,",何物市上游手兒，
Ký an thả ninh.,既安且寧。
"Hồng quân nhất khí chuyển thiên địa,",洪鈞一氣轉天地，
Cam tâm thủ tật.,甘心首疾。
Thục vân kỳ thọ.,孰雲其壽。
Ngã tâm tắc hưu.,我心則休。
"Phiên phi vị khẳng há,",翻飛未肯下，
Dương Thạch tề danh thiên hạ vô.,楊石齊名天下無。
"Cơ hàn chỉ ưng túc bố cấp,",饑寒只應粟布給，
Việt nữ như hoa khan bất túc.,越女如花看不足。
"Nhất giản nhập thương yên,",一澗入蒼煙，
Văn thuyết Hồ trần nhân cảm tích.,聞說胡塵因感昔。
Thừa kỳ tứ kỳ.,乘其四騏，
"Môi đài tỉnh thượng không tương ức,",莓苔井上空相憶，
Nhược Da khê lý hảo hoàng ngư.,若耶溪里好黄魚。
Kiêu căng thế lực hoành tương can.,驕矜勢力橫相干。
"Quát thiên ty trúc dạ hàm ẩm,",聒天絲竹夜酣飲，
"Thái vi, thái vi,",采薇采薇，
Thực duy ngã đặc,實維我特。
"Hào Lũng hiểm trở, Lạc Dương thích trung, tuy túc dĩ chí Bình Vương chi hạnh, nhi ngũ thành tự tiểu, bất năng phản Kỳ Chu chi Phong.",淆隴險阻，洛陽適中，雖足以至平王之幸，而五城自小，不能返岐周之封。
"Chướng tử tùng lâm tĩnh liểu minh,",障子松林靜杳冥，
"Mệnh chi bất dị,",命之不易，
Tại bỉ phong thảo.,在彼豐草。
Âu lộ vong cơ bạch nhật miên.,鷗鷺忘機白日眠。
Lão ngư khiêu ba sấu giao vũ.,老魚跳波瘦蛟舞。
"Tử tôn tuy hiền,",子孫雖賢，
Chinh phi nhĩ chỉ.,征夫邇止。
Bạch mã tước khiết hoàng kim lặc.,白馬嚼嚙黃金勒。
"Cố dư mấn phát tự Đồng Sơn,",顧余鬢髮似童山，
"Diên phi lệ thiên,",鳶飛戾天，
Khởi đặc vị sóc phương chi hãn ngữ.,豈特爲朔方之桿禦。
Thốc bút thê văn lai trướng hải.,禿筆悽文來漲海。
"Hoàng thiên bất phụ,",皇天不負，
"Bất thức hoàng vân xuất tái lộ,",不識黃雲出塞路，
Ngã chinh duật chí.,我征聿至。
Viễn di kim điện chủng thanh tiêu.,遠移金殿種青霄。
Độc thướng ý du du.,獨上意悠悠。
Thảo sinh cung khuyết hà tiêu tiêu!,草生宮闕何蕭蕭！
Ngọc thằng tiệm lạc minh tinh lạn.,玉繩漸落明星爛。
Do nữ thủ thân.,猶女守身。
Môn ngoại xa mã thường như vân.,門外車馬常如雲。
"Thuật trá di chi,",術詐遺之，
"Khả lân thử độ thu phong tảo,",可憐此度秋風早，
"Song đang đinh đinh liên xích tố,",雙璫丁丁聯尺素，
"Thư hoa quang tứ hải,",舒華光四海，
Hồ đắc yên?,胡得焉！
Kim nhân đa bất đàn.,今人多不彈。
"Vi thảo đáng tác lan,",為草當作蘭，
Thị hướng Y hồ đạo.,是向欹湖道。
"Sở nhân nhất cự, khả liên tiêu thổ!",楚人一炬、可憐焦土！
Tân khổ sự hoà thân.,辛苦事和親。
Giao tất trạch hữu.,交必擇友。
Tâm hạ giảo ta tử.,心下較些子。
Tái thảo tự niên niên.,塞草自年年。
"Nhân gian thử cảnh tri nan tất,",人間此境知難必，
"Phi trực tiếp giao du hiệp tử,",非直接交遊俠子，
"Danh đề tiên quế tịch,",名題仙桂籍，
Trướng dữ Lư quân tương thức trì.,悵與盧君相識遲。
Nhất bôi La Phù phá thanh hiểu.,一杯羅浮破清曉。
Hà kỳ kỷ dã?,何其久也？
Lỗi tửu thiêu tiền Táo quân hỉ.,酹酒燒錢灶君喜。
Trạc trưng Từ quốc.,濯徵徐國。
"Nghinh xuân vô biệt quỹ,",迎春無別饋，
Thế gian kinh nhân đãn hữu nhị:,世間驚人但有二：
Tiệm tiệm nhân thanh tuyệt.,漸漸人聲絕。
"Bách Hoa Châu thượng bách hoa khai,",百花洲上百花開，
Ngô sất nô nhân giải kỳ phọc.,吾叱奴人解其縛。
Như Cự Dã thụ Hoàng Hà khuynh.,如巨野受黃河傾。
Duy kỳ giai hỹ.,維其偕矣。
Nhi lang vị mai phu vị hồi.,儿郎未埋夫未回。
"Quân gia hữu điền thuỷ mạo điền,",君家有田水冒田，
Kim tuế hà thời thiếp ức quân,今歲何時妾憶君，
Tử tôn thông minh.,子孫聰明。
"Phỉ báo dã,",匪報也，
"Vân tán vân ngưng diệc ngẫu nhiên,",雲散雲凝亦偶然，
Ngã dĩ vi hương.,我以為兄。
Lục long hàn cấp quang bùi hồi.,六龍寒急光裴回。
"Trương hậu bất lạc, thượng vi mang.",張后不樂上為忙。
Kinh tuế hựu kinh niên.,經歲又經年。
"Toại linh thiên hạ phụ mẫu tâm,",遂令天下父母心，
Tế hữu thâm thiệp.,濟有深涉。
"Ngẫu ngộ nhuận thu trùng cửu nhật,",偶遇閏秋重九日，
Hoà ma thúc cức.,禾麻菽麥。
"Nghi hồ Tả thị thư chi, vi cổ lương sử hề, lịch thiên tải nhi bất dẫn kỳ nghĩa.",宜乎左氏書之，為古良史兮，歷千載而不泯其義。
Bất sầu hành khổ khổ tương tư.,不愁行苦苦相思。
"Ức niên thập ngũ tâm thượng hài,",憶年十五心尚孩，
"Bất nghi linh cảnh nan văn kiến,",不疑靈境難聞見，
"Đông lưu giang thuỷ, tây phi yến,",東流江水西飛燕，
"Giáng thử mâu tặc,",降此蟊賊，
Toạ thị vạn vật giai phù ai.,坐視萬物皆浮埃。
"Thục nhân quân tử,",淑人君子，
Cát cân tương đối tam lão ông.,葛巾相對三老翁。
"Cung thỉ nhung binh,",弓矢戎兵，
Nhân sinh vạn sự vô bất hữu.,人生萬事無不有。
Ngã độc nam hành.,我獨南行。
Lục hợp gian hùng giai ưng dương.,六合奸雄皆鷹揚：
"Nhất biệt Tần Hoài tương nhập tái,",一別秦淮將廿載，
"Cao ngoạ thất trung quyện du sĩ,",高臥室中倦遊士，
"Nhân sinh bách nghệ,",人生百藝，
"Uyển nhược Đường Lô dĩ thượng nhân,",宛若唐盧以上人，
Kim nhân khước ức Bình Nguyên Quân.,今人卻憶平原君。
Hữu khách tín tín.,有客信信。
"Sắc thân dữ diệu thể,",色身與妙體，
Điệp điệp trùng trùng kiến lưu trĩ.,疊疊重重見流峙。
"Thiên trướng Hề vương tác ngoại thần,",千帳奚王作外臣，
"Sơn hữu khứu,",山有栲，
Hà nhật tư thư?,何日斯沮？
Nhập nhãn bình sinh vị tằng hữu.,入眼平生未曾有。
"Nga my dục tần hề, tương ngôn nhi vị ngữ;",蛾眉欲顰兮，將言而未語；
Đạo đức quảng hồ quy mô; lễ nghĩa kiên hồ kim thiết.,道德廣乎規模；禮義堅乎金鐵。
"Tam bách lục thập nhật,",三百六十日，
Khứ niên xuân phục lai.,去年春復來。
"Tỉnh tuyền lưu dật đán trú minh,",井泉流溢鴠晝鳴，
"Trường đoạn giang thành nhạn,",腸斷江城雁，
Phất cầu phất địch;,弗求弗迪；
"Thì mại kỳ bang,",時邁其邦，
Cẩm tản cao trương kích đồng cổ.,錦繖高張擊銅鼓。
Năng ẩm nhất bôi vô?,能飲一杯無？
Nhữ phản thu chi;,女反收之；
"Quang Vũ sơ trừ tân thất nạn,",光武初除新室難，
"Nhàn trung nhất vọng thanh nhân tứ,",閑中一望清人思，
Trích tận đình lan bất kiến quân,摘盡庭蘭不見君，
"Khai hiền thánh, phụ bất đãi.",開賢聖，輔不逮。
"Phỉ trực dã nhân,",匪直也人，
Tu dẫn kim bôi khuynh cẩm thác.,須引金杯傾錦橐。
Thiên tải cửu tuyền do khả tác.,天載九泉猶可作。
"Thệ tương khứ nhữ,",逝將去女，
Nhân gia bất oán ngôn ngữ biệt.,人家不怨言語別。
"Trung lưu hoặc yển kiển,",中流或偃蹇，
Hải môn thập nhị hề yên ba mộng.,海門十二兮煙波濛。
"Độc lâu vô ngữ mãn nhãn nê,",髑髏無語滿眼泥，
Dã bất tu thiện.,也不修善。
"Mạc Sầu thập tam năng chức ỷ,",莫愁十三能織綺，
"Thanh lăng kính phá bảo thoa chiết,",青菱鏡破寶釵折，
Hàn tận xuân sinh Lạc Dương điện.,寒盡春生洛陽殿。
Ai nhất thệ nhi dị hương.,哀一逝而異鄉。
Dân chi phụ mẫu.,民之父母。
Lục trúc tinh tinh.,綠竹青青。
"Ưng vô sở loạn,",應無所亂，
"Tương Dương hành đông xứ,",襄陽行東處，
"Bắc phong kỳ kê,",北風其喈，
Dĩ giới cảnh phúc.,以介景福。
"Giá ngôn xuất du,",駕言出遊，
"Hương đảng chỉ hoà,",鄉黨止和，
Chúc thiên viêm hoả tuỳ phong diệt.,燭天炎火隨風滅。
Chân tính vô phi diệc vô thị.,真性無非亦無是。
Hà xứ đắc thiên kiều?,何處得遷喬。
Kinh Kha tòng thử nhập Tần quan.,荊軻從此入秦關。
Mã đề thanh lý quang âm độ.,馬蹄聲里光陰度。
"Chu nhân ngư tử nhập phố tự,",舟人漁子入浦漵，
"Hán ân tự thiển Hồ ân thâm,",漢恩自淺胡恩深，
"Khoảnh thừa chủ nhiệm tống thư lai,",頃乘主任送書來，
Nguyệt hộ phong song hàn lẫm liệt.,月戶風窗寒凜烈。
Thường phục phủ hủ.,常服黼冔。
"Thị tuyệt thị hốt,",是絕是忽，
Huyễn hữu tức không không.,幻有即空空。
Bách lưỡng thành chi.,百兩成之。
Trường phong lạc tận chi đầu đan.,長楓落盡枝頭丹。
"Hàm bá cự thử,",咸播秬黍，
"Thái Sơn trinh cao,",泰山貞高，
"Thu Phố thiên trùng lĩnh,",秋浦千重嶺，
"Bất tiếm bất tặc,",不僭不賊，
"Trợ thu phong vũ lai hà tốc,",助秋風雨來何速！
"Cổ phó lạp nguyệt nhị thập tứ,",古傅臘月二十四，
Hoả luân nhất chuyển nhất hồi cố.,火輪一轉一回顧。
"Hốt bất ngộ kỳ sở xá,",忽不悟其所舍，
"Thuỳ tri minh kính lý,",誰知明鏡裏，
Hữu cú vô cú,有句無句，
Hồi thanh dương.,迴清揚。
"Thù mâu thúc tân,",綢繆束薪，
Cốt tướng lăng tằng bì trứu cổ.,骨相崚嶒皮皺古。
Ngưu nhục thô phì đồng nhũ thanh.,牛肉粗肥挏乳清。
"Càn bài lôi vũ do lực tranh,",乾排雷雨猶力爭，
"Lục giang thâm kiến để,",綠江深見底，
"Trung phản dao vọng, huyền mộc đông vinh.",中阪遙望，玄木冬榮。
"Uy uy đà đà,",委委佗佗，
"Tần thành lâu các yên hoa lý,",秦城樓閣煙花裏，
"Tạ Diễu mỗi thiên kham phúng tụng,",謝脁每篇堪諷誦，
"Tử lan hồng nhuỵ tây phong khởi,",紫蘭紅蕊西風起，
"Huỷ huỷ kỳ lôi,",虺虺其雷。
"Thi thành sơn nguyệt thướng,",詩成山月上，
"Bất kiến đường tiền đào lý thụ,",不見堂前桃李樹，
"Nguyện quân thiên vạn thọ,",願君千萬壽，
Sinh đương trung hiếu môn.,生當忠孝門。
Huề ngã viễn lai du Mỹ Bi.,攜我遠來遊渼陂。
"Hậu tòng tiên giác,",後從先覺，
"Số hành bạch phát nả phao đắc,",數莖白髮那拋得，
"Quan hà xuân thuỷ lục du du,",官河春水綠悠悠，
"Sùng Hầu sàm chi,",崇侯讒之，
"Khánh quản thương thương,",磬筦將將，
"Thần tiên trung nhân bất dị đắc,",神仙中人不易得，
"Chỉ kim duy hữu Tây giang nguyệt,",只今唯有西江月，
Hậu tự bất đạo vi thượng chỉ.,後嗣不道違上旨。
"Quân viết: “Bốc nhĩ,",君曰：蔔爾，
"Xuân quang bão nhãn sác đê châm,",春光飽眼數低斟，
"Nhi kim nhi hậu,",而今而後，
Thế đốc hiền anh.,世篤賢英。
Bất khả phỏng ti.,不可方思。
Thế nhược lôi điện trì vạn kỵ.,勢若雷電馳萬騎。
Can hầu dĩ khiển.,乾餱以愆。
"Vô ngôn sổ biến Thiên Hà tinh,",無言數遍天河星，
"Phỉ ngã khiên kỳ,",匪我愆期，
"Diêm tiền sào xa cấp tác ti,",檐前繰車急作絲，
Vọng phân nam bắc.,妄分南北。
"Vĩ chi ngoại,",洧之外，
"Điếu quân tráng lực,",弔君壯力，
"Quân tử vu dịch,",君子于役，
Lão ấu gia gia huyết tương thị.,老幼家家血相視。
Nguyệt quải nhất luân đăng.,月掛一輪燈。
"Vân An cô thuỷ nô bộc bi,",雲安酤水奴僕悲，
"Sở dĩ Dương Công nghiễn thủ hưng ngôn, thị lai giả chi trù mâu.",所以羊公峴首興言，示來者之綢繆。
"Tương tư trái mãn hoàn cửu tuyền,",相思債滿還九泉，
Tích dữ hữu đạo giả trưởng sinh.,錫與有道者長生。
"Thiên hàn nhật mộ giang phong lạc,",天寒日暮江楓落，
Giác chẩm xán hề!,角枕粲兮，
"Khả liên vi nhân hảo tâm sự,",可憐為人好心事，
"Ai oán bồi hồi sầu bất ngữ,",哀怨徘徊愁不語，
Nại phiền tác sự hảo thương lường.,耐煩作事好商量。
"Mật phong hồ điệp sinh tình tính,",蜜蜂蝴蝶生情性，
"Lộ hoa tẩy thiên thiên đoạ thuỷ,",露華洗天天墮水，
"Chương Đài chiết dương liễu,",章台折楊柳，
"Ngư hoả thanh huỳnh bạc trạo thời,",漁火青熒泊棹時，
"Vương nhật sổ mã, điểm dưỡng mã đinh.",王日數馬，點養馬丁。
"Phản chiếu nhập lư hạng,",返照入閭巷，
Bút vãn văn tinh diễm thổ hồng.,筆挽文星焰吐紅。
Chức tư kỳ ngoại.,職思其外。
Linh vũ kỳ mông.,零雨其濛。
Cựu vân chính áp tân vân đầu.,舊雲正壓新雲頭。
Bạch yết hồng giáp trường mi thanh.,白咽紅頰長眉青。
Lân bàng chỉ nhượng.,鄰旁止讓。
"Mị bất mị hề ngọc chẩm hàn,",寐不寐兮玉枕寒，
"Lương công đoàn luyện phàm kỷ niên,",良工鍛煉凡幾年，
Kịch lỗ phiên cường chí.,劇虜翻強鷙。
"Khuyến quân lưỡng trản quân mạc nghi,",勸君兩醆君莫疑，
Hàn tương điếu nguyệt hương lan khấp.,寒螿弔月香蘭泣。
"Ngọc khuyết thiên cao,",玉闕天高，
"Nhu thử vạn bang,",揉此萬邦，
"Tử hề, tử hề!",子兮、子兮！
"Thập, thập nhất, hoặc thập nhị thì.",十十一或十二時。
"Kính trung bất kiến song thuý mi,",鏡中不見雙翠眉，
"Hữu hiếu hữu đức,",有孝有德，
Duy nhật bất túc.,維日不足。
Sở quý nam nhi túc vị thù.,所貴南兒夙未酬。
"Hữu như trường can đảo phách Nhục Phi Tiên,",有如長竿倒拍肉飛仙，
Thực mệnh bất đồng.,寔命不同！
"Thanh đoạn động tiêu ngưng lập cửu,",聲斷洞簫凝立久，
"Lý hầu trùng hữu thử tiết độ,",李侯重有此節度，
"Vị Thành kiều đầu tửu tân thục,",渭城橋頭酒新熟，
"Bỉ thái ngải hề,",彼采艾兮，
Công thi lai yến lai xử.,公尸来燕来處。
Phân phi Sở quan sơn thuỷ diêu.,分飛楚關山水遙。
"Hành quân tư mã trí thả dũng,",行軍司馬智且勇，
"Ngô tôn kỵ tào bất kỵ mã,",吾孫騎曹不騎馬，
"Hữu mỹ nhất nhân,",有美一人，
Thanh hàn ngự câu thượng.,清寒御溝上。
Phảng phất Liêu Thành thỉ cánh phi.,彷彿聊城矢更飛。
"Chí kim thử vật thượng xưng trân,",至今此物尚稱珍，
"Cao cầu án hề,",羔裘晏兮，
Tiêu tiêu nhật ảnh bi phong động.,蕭蕭日影悲風動。
"Việt lang truy trảm Lữ gia đầu,",越郎追斬呂嘉頭，
"Hộ, Đỗ thu thiên thất điêu ngạc.",鄠杜秋天失鵰鶚。
"Vu sơn bất kiến Lư sơn viễn,",巫山不見廬山遠，
Dư vương chi trảo nha.,予王之爪牙。
"Thục nhân quân tử,",淑人君子，
Lịch trung lão ký minh tiêu tiêu.,櫪中老驥鳴蕭蕭。
Đồ lao yểm duệ thương duyên phấn.,徒勞掩袂傷鉛粉。
"Ngư ly vu liễu,",魚麗於罶，
Phồn diễn doanh thăng.,蕃衍盈升。
"Tốt ngạc dị vật, bất tri sở xuất.",卒愕異物，不知所出。
Dĩ bị xuân phong xuy.,已被春風吹。
"Nhân chi vi nghiên,",人之為言，
"Mã đề đạp toái thanh pha ly,",馬蹄踏碎青玻璃，
"Khấu thủ thiên môn, cửu vạn lý chi cao ca hữu tự.",扣手天門，九萬里之高歌有自。
"Như hà toàn thịnh kim âu nhật,",如何全盛金甌日，
Hồ chiêm nhĩ đình hữu huyền thuần hề?,胡瞻爾庭有縣鶉兮？
"Thọ khảo duy kỳ,",壽考維祺，
"Ô hoàng lai mâu,",於皇來牟，
Tề hầu chi tỉ.,齊侯之子。
"Vũ tễ lãnh xuất dục,",雨霽冷出浴，
"Nghị vi Trường Sa vương phụ tam niên, hữu phục điểu phi nhập Nghị xá chỉ ư toạ ngung, phục tự hiêu, bất tường điểu dã. Nghị ký dĩ trích cư Trường Sa, Trường Sa ty thấp, Nghị tự thương điệu, dĩ vi thọ bất đắc trường, nãi vi phú dĩ tự quảng. Kỳ từ viết:",誼為長沙王傅三年，有鵩鳥飛入誼舍，止於坐隅，鵩似鴞，不祥鳥也。誼既以謫居長沙，長沙卑濕，誼自傷悼，以為壽不得長，迺為賦以自廣。其辭曰：
"Điếu quân ấu học,",弔君幼學，
Tinh mẫu ký bị.,騂牡既備。
"Sơn trung hà sở hữu,",山中何所有，
"Hựu hà nghi phù tuyết nguyệt hề, kế giảo phù thâm tiêu chi dữ đại hân.",又何疑夫雪月兮，計較夫深宵之與大昕。
Y tha nhật phủ chung bi cảm ngô song khế kỳ tương nhược hà?,噫他日釜鐘悲感吾雙契其將若何?
"Nhân sinh như ký,",人生如寄，
Nãi phụng du chỉ.,迺奉俞旨。
"Cầm điệu thu ta,",琴調秋些，
Toàn toại hà do manh?,鑽燧何由萌。
Hoặc khủng thị đồng hương.,或恐是同鄉。
Lộ bàng quá giả vô nhan sắc.,路傍過者無顏色。
Dĩ tế bất hủ.,以濟不朽。
Tương dĩ dị tri âm.,將以遺知音。
"Sinh lão bệnh tử,",生老病死，
"Thạc thử, thạc thử!",碩鼠、碩鼠，
Lôi phong tương bạc.,雷風相泊。
"Địa hình tiệm trách quan giả đa,",地形漸窄觀者多，
"Tử quả hiền hỹ,",子果賢矣，
Mị vu thiên tử.,媚于天子。
Tự nhiên thoái tán.,自然退散。
Thượng hữu điển hình.,尚有典刑。
Quyển trung đa đạo tặng Vi Chi.,卷中多道贈微之。
"Sĩ ngã ư đình hồ nhi,",俟我於庭乎而，
Bất nhược thử hoành hành.,不若鼠橫行。
"Thủ thiên xích nhi đế tượng hồ càn khôn, cung hoá quân nhi đào thành hồ thứ vị.",手天尺而締匠乎乾坤，躬化鈞而陶成乎庶彙。
"Thị thời thuỷ thế do vị hùng,",是時水勢猶未雄，
Vị ngã tâm ưu.,謂我心憂；
Mạch đầu tang thụ không chi kha.,陌頭桑樹空枝柯。
"Trần vương nạp khoản tam thập niên,",陳王納款三十年，
"Đương diên ý khí lăng cửu tiêu,",當筵意氣凌九霄，
Tắc bất ngã trợ.,則不我助。
Lạc nhật trì lạp Liêu thành hạ.,落日馳獵遼城下。
Vãn đạp cô hồng ảnh.,晚踏孤鴻影。
Chỉ kim vị tuý dĩ tiên bi.,只今未醉已先悲。
Khuyến quân tam trản quân thuỷ tri.,勸君三醆君始知。
Thướng đáo thử sơn lai.,上到此山來。
"Kim Lăng thành đông thuỳ gia tử,",金陵城東誰家子，
Hoặc bá hoặc nhu.,或簸或蹂。
"Ngọc giám trần sinh,",玉鑒塵生，
"Xạ sát trung sơn bạch ngạch hổ,",射殺中山白額虎，
"Tân phụ thủ bạc nữ chấp khuông,",新婦守箔女執筐，
"Mỹ giáo mỹ hối,",匪教匪誨，
"Hà vãng dinh ban lộc,",何往營班祿，
"Nhất dương hồi noãn xứ,",一陽回暖處，
Bất kiến Trường An kiến trần vụ.,不見長安見塵霧。
"Hầu can vô thanh khốc vô lệ,",喉乾無聲哭無淚，
"Ái khách mãn đường tận hào hàn,",愛客滿堂盡豪翰，
Dương dương vi vi chính phồn khoả.,洋洋圍圍正繁夥。
"Tất thân vi lại dịch tu mi,",漆身為癩剔鬚眉，
"Lương công miễu phương lâm,",良工眇芳林，
"Như thằng chi tửu thường khoái ý,",如澠之酒常快意，
Lưu quang diệt viễn sơn.,流光滅遠山。
"Thạc đại thả quyền,",碩大且卷。
Dĩ tác nhĩ bảo.,以作爾寶。
"Thu sơn nhập liêm thuý trích trích,",秋山入簾翠滴滴，
Dân bất cơ hàn vi thượng thuỵ.,民不饑寒為上瑞。
Linh vũ kỳ mông.,零雨其濛。
"Duật tuấn hữu thanh,",遹駿有聲，
"Bão ngọc tam triều Sở,",抱玉三朝楚，
Duy Chu chi trinh.,維周之楨。
Ngân sàng cẩm bị nhàn uyên ương.,銀床錦被閒鴛鴦。
"Đông gia tây gia bãi lai vãng,",東家西家罷來往，
Bắc khứ nam lai kỷ triêu mộ.,北去南來幾朝暮。
Hiếu tư duy tắc.,孝思維則。
"Hướng tiền xao sấu cốt,",向前敲瘦骨，
Khả liên vương tôn khấp lộ ngung.,可憐王孫泣路隅。
"Phù dung vi thường lan kết bội,",芙蓉為裳蘭結珮，
"Tác Phong y thất,",作豐伊匹，
"Đại tôn thập tuế mại ngũ thiên,",大孫十歲賣五千，
Trùng kiến lạc hoa phi.,重見落花飛。
Dĩ bảo minh kỳ thân.,以保明其身。
"Nhi vô bão phạn thượng cần thư,",儿無飽飯尚勤書，
"Trường thằng bách xích duệ bi đảo,",長繩百尺拽碑倒，
"Tiên âm triệt hề, thông cửu thiên,",仙音徹兮，通九天，
"Mãn đường không thuý như khả tảo,",滿堂空翠如可掃，
Chuyển đáo thiên tâm mạch dĩ thục.,轉到天心麥已熟。
Kỳ diệp hữu ốc.,其葉有沃。
"Sa đầu lạc nhật hô độ cấp,",沙頭落日呼渡急，
"Lâu thượng hoàng hôn hề, thính phượng xuy nhi hồi thủ,",樓上黃昏兮，聽鳳吹而回首，
Bất hà hữu hại.,不瑕有害。
"Nguyện phân trúc thực cập lâu nghĩ,",願分竹實及螻蟻，
"Sở vị y nhân,",所謂伊人，
"Xuân vũ mông mông bất kiến thiên,",春雨濛濛不見天，
Hồng lan dục hám sơn câu khuynh.,洪瀾欲撼山俱傾。
"Nhân gia thâm trú ổ đông đầu,",人家深住塢東頭，
"Bất ngôn Chiêu Dương điện,",不言昭陽殿，
"Tán ảnh ngọc giai liễu,",散影玉階柳，
Khung truất huân thử.,穹窒熏鼠，
Trọc thuỷ thanh ba hà dị nguyên?,濁水清波何異源，
"Quynh quynh mẫu mã,",駉駉牡馬，
Thu châu Nam Hải thiên dư nhật.,收珠南海千餘日。
Triều đình bất sổ Nhị Sư công.,朝廷不數貳師功。
Giả hổ ẩn mạn khủng tiểu nhi.,假虎隱幔恐小兒，
Tham thiên địa dĩ lập cực; chính vạn quốc chi kỷ cương.,參天地以立極；正萬國之紀綱。
Bất lạc thập dư niên.,不落十餘年，
"Vũ, Thang nghiễm dĩ chỉ kính hề, Kiệt, Trụ túng dĩ bạo ngược.",禹湯儼以祇敬兮，桀紂縱以暴虐。
"An Nam hữu sinh Nguyễn Đình Giới,",安南有生阮廷玠，
"Nhất thuỷ phù sàng nhất sơ toạ,",一始扶床一初坐，
"Chế tòng Trường Khánh từ cao cổ,",制從長慶辭高古，
Tướng tương tín mục.,將相信睦。
Kinh chi doanh chi.,經之營之。
"Đông Dương tố túc nữ,",東陽素足女，
"Bất tri minh kính lý,",不知明鏡裡，
"Thấp cửu phi trì bán nhật cao,",溼久飛遲半日高，
"Hà trung chi thuỷ hướng đông lưu,",河中之水向東流，
Khước tảo danh điền Đại tịch trung.,卻早名填代籍中。
"Ngã tâm thương bi,",我心傷悲，
Tại quynh chi dã.,在垧之野。
"Hương phần viễn cận kỳ ban lan,",鄉分遠近旗斑斕，
Mỹ mục phiến hề!,美目盼兮。
"Tuế tuế phùng nghênh sa ngạn gian,",歲歲逢迎沙岸間，
Nguyệt độ thâm khuê cựu mộng khiên.,月度深閨舊夢牽。
Ngã tâm ưu thương.,我心憂傷。
"Chi tử vu quy,",之子于歸，
"Đại khôi chí ứng cử,",大魁志應舉，
"Hi sinh cảnh thượng, ký hoà hiếu nhi đãi bỉ chi lai;",犧牲境上，既和好而待彼之來；
Vật vị thượng hài nhi.,勿謂尚孩兒。
Lưỡng ngạn yên thâm vũ bất như.,兩岸煙深雨不如。
Hỗ tương thoại thuyết tình hà nùng.,互相話說情何濃。
Thuỷ lưu sơn trĩ.,水流山峙。
Nhược thức dư chi tâm tự.,若識予之心緒。
"Thương thiên biến hoá thuỳ liệu đắc,",蒼天變化誰料得，
Nhân thực bất tân.,人實不信。
"Cứu cấp chẩn bần,",救急賑貧，
"Bất giá bất sắc,",不稼不穡，
"La phong nhung chi du thụ hề, ly lâu ngô nhi tương sanh.",羅豐茸之遊樹兮，離樓梧而相撐。
Hoặc vân thiện ngôn,或云善言，
Diệc các hữu hàng.,亦各有行。
Bá nghiệp dĩ tuỳ yên tẫn diệt.,霸業已隨煙燼滅。
Thâm cung độc khán nam phi hồng.,深宮獨看南飛鴻。
"Cựu hồn vị xuất tân hồn nhập,",舊魂未出新魂入，
Thượng lao hạ lao tu thuỷ quan.,上牢下牢修水關。
Mộc lạc phiên phiên.,木落翩翩。
Hồ nhi nhãn lệ song song lạc.,胡兒眼淚雙雙落。
"Tuyên thiên cổ dữ vạn cổ hề, đồng thiên địa nhi trưởng cửu.",亘千古與萬古兮，同天地而長久。
"Túc dạ tại công,",夙夜在公，
"Khước ức niên niên nhân tuý thì,",卻憶年年人醉時，
"Tốc nghi tương tựu ẩm nhất đẩu,",速宜相就飲一斗，
Nhi tâm thống bất câm.,兒心痛不禁。
Khẩu thoại nhất ngôn thiêm loại vũ.,口話一言僉類珷。
"Dương binh tập chiến trương hổ kỳ,",揚兵習戰張虎旗，
Mộc Thạnh tiêu độn nhi Lãnh Kinh tích hài.,沐晟宵遁而冷涇積骸。
Dục dữ tuệ kiếm gia lung hình.,欲與慧劍加礱硎。
"Hải nội thanh hoa tịnh tại thân,",海內聲華並在身，
Viễn tự hoang yên lạc nhật chi trung lai.,遠自荒煙落日之中來。
Dao Đài hà xứ mịch tham loan.,瑤臺何處覓驂鸞。
"Ô hô bất hiển,",於乎不顯，
"Văn hạnh tài vi lương,",文杏裁為梁，
Tứ hải bát hoang đồng nhất vân.,四海八荒同一雲。
Đãn chú tư hồ lan điện.,但注思乎蘭殿。
Khả lân huyện lệnh soán hà xứ?,可憐縣令竄何處？
Thị dĩ vi thế.,是以為刺。
"Nghệ An chi địa, dĩ vi ngã hữu;",乂安之地，已為我有；
Thanh thu mãn giáp đề viên thanh.,清秋滿峽啼猿聲。
"Thị kiếm dã, tuỵ Khôn lục chi trinh, cụ Kiền cửu chi cương. Công chi dĩ tạo hoá, hà chi dĩ âm dương. Thu thuỷ trạm hề đàm ngạc, băng sương lẫm hề phong mang. Trú bội hề nhật thất sắc, dạ hạp hề nguyệt thổ quang. Tuệ tinh vị chi thoái xá, yêu mị vị chi phục tàng. Bạch bích minh châu, vị túc nghĩ kỳ giá; Ngô Câu, Cự Khuyết, an đắc dữ kỳ đương.",是劍也，萃坤六之貞，具乾九之剛。工之以造化，煆之以陰陽。秋水湛兮鐔鍔，冰霜凜兮鋒芒。晝佩兮日失色，夜匣兮月吐光。彗星為之退舍，夭魅為之伏藏。白璧明珠，未足擬其價；吳鉤巨闕，安得與其當。
"Toạ trung miết kiến đồ nha hoàng,",坐中瞥見塗鴉黃，
"Lại phùng chinh lộ tận,",賴逢征路盡，
Khinh khinh động hoạ kiêu.,輕輕動畫橈。
"Phụ nhân tính si hoàn quá thương,",婦人性癡還過傷，
Cẩn bái thủ khể thủ nhi hiến cú viết:,謹拜手稽首而獻句曰：
Hà dĩ hưng chi?,何以興之？
"Dân chi vị lệ,",民之未戾，
Dung quang chiếu nguyệt minh.,容光照月明。
"Niên niên đương thử tiết,",年年當此節，
"Dạ phong xuy tuý vũ,",夜風吹醉舞，
Đế hà hình yên?,帝何刑焉？
Thiết võng đề cương vạn ngư cấp.,設網提綱萬魚急。
"Vĩnh Phúc thành trung nhân vật hoa,",永福城中人物華，
Kế hựu vi hô khoan chi ngâm viết:,繼又為呼寬之吟曰：
Giản thuỷ tẩu hà mang.,澗水走何忙。
Giang thượng châu truyền Anh Vũ danh.,江上洲傳鸚鵡名。
"Bạch tích thông hầu tối thiếu niên,",白皙通侯最少年，
"Đề viên lộng thử do vị liễu,",啼猿弄此猶未了，
"Thất bát nguyệt gian giải chính phì,",七八月間蟹正肥，
"Ung ung tại cung,",雝雝在宫，
"Quy lai trang các song lệ thuỳ,",歸來妝閣雙淚垂，
Hà dĩ dữ chi?,何以予之？
"Trung cốc hữu thôi,",中穀有蓷，
"Kinh sầm đàn hoàn tâm vị dĩ,",荊岑彈丸心未已，
Khương nhung hạ lạo tuyền.,羌戎賀勞旋。
Chủ ưu thần nhục tích sở văn.,主憂臣辱昔所聞。
Tao ngã hồ Nao chi đậu hề.,遭我乎峱之道兮。
Há thướng kỳ âm.,下上其音。
Tà dương tịch tịch chiếu không san;,斜陽寂寂照空山。
"Ngã sinh chi hậu,",我生之後，
Chỉ tửu đình bôi.,旨酒停杯。
"Nhất sắc phân phân, ngô bất tri kỳ hà vi hề, tiêu dư thần,",一色紛紛，吾不知其何為兮，宵歟晨。
Tựu thị thái bình thì.,就是太平時。
"Hạn ký thái thậm,",旱既太甚，
"Hữu tửu tử ngã,",有酒湑我，
"Kỷ quần thiên mã lai hoang ngoại,",幾群天馬來荒外，
"Minh triêu tửu tinh hô hạc quy,",明朝酒醒呼鶴歸，
Thiểu thị cư dân đa sơn thuỷ.,少是居民多山水。
"Đường thượng thư sinh không bạch đầu,",堂上書生空白頭，
Liệt võng trì tăng biến sơn vực.,列網持矰遍山域。
"Tướng quân đắc danh tam thập tải,",將軍得名三十載，
"Quán minh vu dật,",鸛鳴于垤、
"Đào Khiêm, Trương Tú, Công Tôn Toản,",陶謙張繡公孫瓚，
Kim niên mễ tiện đại thương nông.,今年米賤大傷農。
Huống nãi:,況乃：
"Ngã hướng Hoài Nam phan quế chi,",我向淮南攀桂枝，
Hà tư vi tư?,何斯違斯？
"Hương quan danh Cổ Pháp,",鄉關名古法，
"Vật nhược vô trần bích bất lập,",物若無塵壁不立，
Nhi kim đáo thuỷ tri.,而今到始知。
Chí chỉ túc túc.,至止肅肅。
Mạc khiển Sương Nga kiến lệ nhân.,莫遣霜娥見麗人。
"Khước vọng Nam thuyền đăng hoả minh,",卻望南船燈火明，
"Chiêm ngưỡng hạo thiên,",瞻仰昊天，
Khả liên xuân bán bất hoàn gia.,可憐春半不還家。
"Quân tử hữu tửu,",君子有酒，
"Nghiên đan phách thạch thiên bất tri,",研丹擘石天不知，
Diên lô phiến phiến phi yên lũ.,鉛爐片片飛煙縷。
"Hùng huỷ cửu thủ,",雄虺九首，
"Hậu Tắc bất khắc,",后稷不克，
"Tam cung hàm bích quốc bộ tuyệt,",三宮銜璧國步絕，
Thanh sơn thiên vạn trùng.,青山千萬重。
Công danh nhất lộ kỷ nhân nhàn?,功名一路幾人閒？
"Hổ đảo long điên uỷ trăn cức,",虎倒龍顛委榛棘，
"Hồng hộc cao phi,",鴻鵠高飛，
"Cửu nguyệt xuất Kế Môn,",九月出薊門，
Tứ thỉ phiến hề!,四矢反兮，
"Bất nhiên minh già án cổ hí thương lưu,",不然鳴笳按鼓戲滄流，
"Tự quân chi xuất hỹ,",自君之出矣，
"Sứ quân diệu đắc Tôn gia pháp,",使君妙得孫家法，
"Trác thú Thuần Hồ,",浞娶純狐，
Vô nãi thị hồ!,無乃是乎！
Thiêu tẫn Bác Sơn yên.,燒燼博山煙。
Vạn lý vô vân Hà Hán minh.,萬里無雲河漢明。
Triều thanh dạ lạc thiên môn lý.,潮聲夜落千門裏。
"Khứ niên tai dịch ngưu độn không,",去年災疫牛囤空，
Minh mâu hạo xỉ kim hà tại?,明眸皓齒今何在，
Thất thanh tiễn huyết phi kỳ tâm.,失聲濺血非其心。
"Khứ niên thái tuế không tại dậu,",去年太歲空在酉，
Khởi vô thuần lư xưng tình hảo.,豈無蓴鱸稱情好。
"Thái hầu tĩnh giả ý hữu dư,",蔡侯靜者意有餘，
Tiện quân bất vấn Ngũ hầu trạch.,羨君不問五侯宅。
"Cảm quân bái mẫu kết muội huynh,",感君拜母結妹兄，
Bán dạ khởi biên thanh.,半夜起邊聲。
Ta ta dân mệnh chế hồ thiên.,嗟嗟民命制乎天。
"Liễu nhiễu tà thôn Thiết Quan thụ,",繚繞斜吞鐵關樹，
"Chỉnh đại giá dĩ hồi kinh, tân hồ tương nhi nghinh quĩ.",整大駕以回京，繽壺漿而迎餽。
"Nhất tử thành danh, tự cổ anh hùng phi sở nguyện;",一死成名自古英雄非所願；
"Bạt Thanh Bình chi tiêm nhận, tru Bạch Đế chi âm tinh. Tảo phong trần ư lục hợp, quách vũ trụ nhi nhất thanh. Tư vi Hán gia chi thần khí, nhi trảm xà chi sở dĩ đắc danh dã.",拔青萍之銛刃，誅白帝之陰精。掃風塵於六合，郭宇宙而一清。斯為漢家之神器，而斬蛇之所以得名也。
"Thiên phong xuy ngã bội tiêu sắt,",天風吹我佩簫瑟，
Tất dĩ bình thiên phủ.,必已屏天府。
"Mạc từ cánh toạ đàn nhất khúc,",莫辭更坐彈一曲，
Trưởng ấu chỉ khiêm.,長幼止謙。
"Kinh doanh tứ phương,",經營四方，
Tư thần tiếu Bái Công.,司晨笑沛公。
Tâm chi diệt hề sinh tử diệt.,心之滅兮生死滅。
"Chân thân thành vạn tượng,",真身成萬象，
Ngô sanh Lý Triều hạ bút thân.,吾甥李潮下筆親。
"Trường Sa hữu thiên khách,",長沙有遷客，
Trùng y phức khâm hữu dư ôn.,重衣複衾有餘溫。
"Mậu Lăng Lưu lang thu phong khách,",茂陵劉郎秋風客，
"Đan át chi tuế, tứ nguyệt mạnh hạ, Canh Tý nhật tà, phục tập dư xá, chỉ ư toạ ngung, mạo thậm nhàn hạ. Dị vật lai tuỵ, tư quái kỳ cố, phát thư chiêm chi, sấm ngôn kỳ độ. Viết: “Dã điểu nhập thất, chủ nhân tương khứ.” Vấn ư tử phục: “Dư khứ hà chi? Cát hô cáo ngã, hung ngôn kỳ tai. Yêm tốc chi độ, ngữ dư kỳ kỳ.”",單閼之歲，四月孟夏，庚子日斜，鵩集余舍，止於坐隅，貌甚閒暇。異物來崪，私怪其故，發書占之，讖言其度。曰「野鳥入室，主人將去。」問於子鵩：「余去何之？吉虖告我，凶言其災。淹速之度，語余其期。」
Hành lộ nan! Quy khứ lai...,行路難！歸去來。
Thủ tiếp vân bình hô thái quân.,手接雲軿呼太君。
"Thân hành bất ngộ Trung Quốc nhân,",身行不遇中國人，
Bỉ:,彼：
Thiên âm vật sử tinh linh đắc.,天陰勿使精靈得。
"Công hầu dục thức bất khả đắc,",公侯欲識不可得，
Thử lý hỗn nhiên thuỳ đắc thức.,此理渾然誰得識。
Cô khách tối tiên văn.,孤客最先聞。
"Vấn ngã chư cô,",問我諸姑，
Ngô vương cung điện phi xích ô.,吳王宫殿飛赤烏。
Phiêu phong tự nam.,飄風自南。
Nữ hà hỉ?,女何喜？
Cức nhân loan loan hề!,棘人欒欒兮，
"Mao phát lẫm liệt sinh kê bì,",毛髮凜冽生雞皮，
Sơn quang thuỷ sắc minh trầm trầm.,山光水色暝沉沉。
"Đối việt tại thiên,",對越在天，
"Trinh Nguyên biên tướng ái thử khúc,",貞元邊將愛此曲，
"Kim ô hải để sơ phi lai,",金烏海底初飛來，
Bộc trúc hảo kinh miên.,爆竹好驚眠。
Túng Tử Trường chi viễn du.,縱子長之遠遊。
"Vô túng quỷ tuỳ,",無縱詭隨，
"Hữu mệnh tự thiên,",有命自天，
"Vũ hiết dao thiên thuỷ khí tinh,",雨歇遥天水氣腥，
"Biên lộ ba ảnh dạng sơ liêm,",邊路波影樣疏簾，
"Phi tần dắng tường, vương tử hoàng tôn, từ lâu hạ điện liễn lai ư Tần.",妃嬪媵嬙、王子皇孫、辭樓下殿輦來於秦。
Ô lạc Bích Ung.,於樂辟癰。
Vi tử vi thần cung bính chức.,為子為臣供屏織。
"Lẫm kình khí ư mang đoan hề, thuỳ thâm giới ư hậu thế.",凜勁氣於鋩端兮，垂深戒於後世。
"Nhãn khan nhân tận tuý,",眼看人盡醉，
"Suất hiện chiêu khảo,",率見昭考，
"Khán quân yển ngoạ như khởi lập,",看君偃臥如起立，
Nhất tuyến trung chiết phân oanh hồi.,一線中折分瀠洄。
Thế thượng du du hà túc luận.,世上悠悠何足論。
Tạm quyết sương đề vị vi thất.,暫蹶霜蹄未為失。
Kim đắc Quảng Châu thư.,今得廣州書。
"Cắng chi cự phi,",恆之秬秠，
"Biên bồng tiện kết khê thượng trạch,",編蓬便結溪上宅，
Tiết mao không tận hải tây đầu.,節旄空盡海西頭。
"Dạ đầu Phật tự thướng cao các,",夜投佛寺上高閣，
"Nhân giai uý tử, quân độc bất tham sinh; bát xích tu my, tu dữ hà sơn doanh nhất bão;",人皆畏死，君獨不貪生；八尺鬚眉，羞與河山營一飽；
Giang hoa vị lạc hoàn Thành Đô.,江花未落還成都。
Khứ niên hà thời quân biệt thiếp,去年何時君別妾，
Thượng vô dung.,尚無庸；
"Dĩnh Châu lão ông bệnh thả luy,",穎州老翁病且羸，
"Khổ tịch mịch ư thông cung,",苦寂寞於蔥宮，
"Hầu thiệt ban liên đài toạ hàng,",喉舌班聯台座降，
"Hữu quang hữu hội,",有洸有潰，
"Cư nhân cộng trú Võ Lăng nguyên,",居人共住武陵源，
Duy kỳ ưu hĩ.,維其優矣。
"Chí kim Bình Chính kiều hạ thuỷ,",至今平正橋下水，
"Tại nhữ cánh dụng văn chương vi,",在汝更用文章為，
"Khủng phương hồng hề dao lạc,",恐芳紅兮搖落，
"Ngưỡng chiêm hoàng cực thiên hình dung,",仰瞻皇極天形容，
Dương tiên phi khống tật như tiễn.,揚鞭飛鞚疾如箭。
"Ngô gia giá ngã hề thiên nhất phương,",吾家嫁我兮天一方，
Bất giác đáo quân gia.,不覺到君家。
Uyển Khâu chi thượng hề!,宛丘之上兮，
Hà đắc sơn hữu Khuất Nguyên trạch.,何得山有屈原宅。
Lập vọng sơn hình như tượng phục.,立望山形如象伏。
Sứ tinh mật tiếp Tử Vi cung.,使星密接紫微宮。
"Vũ trưởng châu lan ưng loạn kính,",雨長珠蘭應亂徑，
Tuỳ phong mãn địa thạch loạn tẩu.,隨風滿地石亂走。
Bạc ngôn hữu chi.,簿言有之。
"Đồ trung chuỷ thủ phi lương kế,",圖中匕首非良計，
"Tửu ngân lang tạ xuân sam thấp,",酒痕狼藉春衫濕，
Nhân kiến thị thanh la.,人見是青騾。
"Tài mộc cụ hề, quân tương tác,",材木具兮君將作，
Bất hội khinh thiểu chỉ hội toàn.,不會輕挑只會鑽。
"Cao Biền uy tín hành tại bỉ,",高駢威信行在彼，
"Ngã kim quan nhàn đắc bà sa,",我今官閑得婆娑，
Quy tư phương du tai.,歸思方悠哉。
Ký phổ ký trường.,既溥既長。
Hà dĩ hậu chi?,何以厚之？
"Bôn tẩu tiên hậu giả ký phạp kỳ nhân,",奔走先後者既乏其人，
"Tứ mẫu hữu cao,",四牡有驕，
"Điếu quân hoằng tài,",弔君弘才，
Khai trương cố chỉ.,開張故址。
Khỉ vô cư nhân?,豈無居人？
Mạc ngã khẳng đức.,莫我肯德。
"Diệt lục quốc giả, lục quốc dã, phi Tần dã,",滅六國者、六國也、非秦也、
"Thể ư tự nhiên,",體於自然，
Bất khẳng đê đầu tại thảo mãng.,不肯低頭在草莽。
"Tử táng chi uy,",死喪之威，
"Bát loan giai giai,",八鸞喈喈，
Quân bất kiến:,君不見：
Duyên hà giá nữ vi tăng phụ?,緣何嫁女為僧婦？
"Dĩ hỉ hoàng uy thanh Đại Hải,",已喜皇威清岱海，
Dạ kỵ thiên tứ siêu thiên hà.,夜騎天駟超天河。
Thuỷ thiên trùng nhi ngưng bích.,水千重而凝碧。
"Thuỳ năng bạn ngã điền gian ẩm,",誰能伴我田間飲，
"Đãn khán cổ lai ca vũ địa,",但看古來歌舞地，
Tuấn tài tảo tại thương ưng thượng.,俊才早在蒼鷹上。
Bất hiển diệc thế.,不顯亦世。
"Hồi đầu hạ vọng nhân hoàn xứ,",回頭下望人寰處，
"Kỳ phối mỹ ư Đường Ngu chi tế, chủng trị công ư Văn hoàng chi gian.",其配美於唐虞之際，踵治功於文皇之間。
Nham hà việt yên?,巖何越焉？
"Thốn địa xích thiên giai nhập cống,",寸地尺天皆入貢。
Hoàng Hà nhập hải lưu.,黃河入海流。
Tái bạt kỳ hồ.,載跋其胡。
"Đăng lập vi đế,",登立為帝，
"Thiên tầm đình lịch chi,",千尋葶藶枝，
Hành thả ca viết:,行且歌曰：
"U ý chính như thử,",幽意正如此，
Hà tất kiến u nhân.,何必見幽人。
Tằng chiếu Ngô vương cung lý nhân.,曾照吳王宮裏人。
Viết tần vu kinh.,曰嬪于京。
Quan phủ hạ lệnh giới thê tử.,官府下令械妻子。
Ngũ nhân do vị chí.,五人猶未至。
"Châu kiệt doanh xa, Hoàng Thành bạo thi.",朱傑楹車，黃誠暴屍。
"Thướng há Hoa Tử cương,",上下華子岡，
"Như lôi như đình,",如雷如霆，
Viên vi khư hề cổ mộc đa.,園為墟兮古木多。
"Phù như thị tắc phô trương hoằng hưu, vịnh ca thịnh đức, cố bất quang đại nhi diệp vĩ giả da?",夫如是則，鋪張宏休，詠歌盛德，顧不光大而燁韙者耶？
"Thứ cơ thiên trụ địa duy, cương thường bất truỵ.",庶幾天柱地維，綱常不墜。
Yểm thế mỗi doanh cân.,掩涕每盈巾。
"Diệc ký cấu chỉ,",亦既覯止、
Đạo sĩ văn nhi thán viết:,道士聞而嘆曰：
"Chỉ song trúc ốc thâm tự noãn,",紙窗竹屋深自暖，
"Minh minh ám ám,",明明闇闇，
Hữu tài vô mệnh bách liêu để.,有才無命百寮底。
Hương thôn phúc lộc vạn niên hưng,鄉村福祿萬年興
"Vinh hoa các dị đại,",榮華各異代，
"Tệ cẩu tại lương,",敝笱在梁，
Trang thành kỳ thị huân hương toạ.,妝成祇是薰香坐。
"Yêu liêm dục hà chi,",腰鐮欲何之，
"Ai bùi hồi dĩ trù trừ,",哀裴回以躊躇，
Thôn kính tự hoàng hôn.,村逕似黃昏。
Mỹ vô độ.,美無度，
"Cốt pháp đa kỳ, ưng quân chi tướng.",骨法多奇，應君之相。
Hoán tác nhàn ngôn ngữ.,喚作閒言語。
"Na kham lưỡng xứ túc,",那堪兩處宿，
"Ngư võng chi thiết,",魚網之設，
Hồ tư uý kị.,胡斯畏忌。
"Văn pháp bất cô,",文法不孤，
Tuyết viễn hàn phong tưởng ngọc tư.,雪遠寒峰想玉姿。
Dĩ đao đại ngưu thuỳ dữ đồng?”,以刀代牛誰與同？
Hán đình hành triệu Giả Sinh hoàn.,漢廷行召賈生還。
"Lương phong khởi hề thiên vẫn sương,",涼風起兮天隕霜，
"Dẫn vũ lưu thương ca dũ hoãn,",引羽流商歌愈緩，
"Trượng nghĩa sơ tài,",仗義疏財，
Chinh mã tần tần kinh thất lộ.,征馬頻頻驚失路。
Phi quá Hàm Quan nhập đỉnh môn.,飛過函關入鼎門。
Đạo lộ tức kim đa ủng cách.,道路即今多擁隔。
"Viên minh chung động bất tri thự,",猿鳴鐘動不知曙，
Vị chi hà ti?,謂之何哉！
"Cự thạch nịch nịch chi sàm tiếu hề, mạt đồng đồng nhi cao lệ.",巨石溺溺之瀺灂兮，沫潼潼而高厲。
"Dã hữu man thảo,",野有蔓草，
Nhất nhất câu dục xan thiên quang.,一一俱欲餐天光。
"Văn chương danh thế,",文章名世，
Nhất bán thị xuân băng.,一半是春冰。
Sơn hạ đỗ quyên khai.,山下杜鵑開。
"Ngã tư cổ nhân,",我思古人，
Chung thân bất sỉ.,終身不恥。
"Yêu chi ốc ốc,",夭之沃沃，
"Lạc lạc bàn cứ tuy đắc địa,",落落盤踞雖得地，
"Gian quan oanh ngữ hoa để hoạt,",閒關鶯語花底滑，
"Dĩ nhĩ câu viên,",以爾鉤援，
Trập trập hề.,蟄蟄兮。
Quân bất kiến:,君不見：
"Thư hùng vị quyết,",雌雄未決，
"Nhân nhi vô chỉ,",人而無止，
"Khứ tuế thu sơ ngã tự do,",去歲秋初我自由，
"Châu liêm vũ phiến trường tịch mịch,",珠簾羽扇長寂寞，
"Tự truyền phương tửu uyển hồng tụ,",自傳芳酒涴紅袖，
"Khẩu cán thuỳ huyết chuyển bách xúc,",口幹垂血轉迫促，
Cừ khôi kiêu thủ càn khôn di.,渠魁梟首乾坤夷。
"Chu Bá hoàng hoàng, dương thái nhi bàng chúc,",周伯煌煌，揚彩而傍燭，
Chung thân bất nhục.,終身不辱。
"Súc bản dĩ tái,",縮版以載，
"Viên hữu hàn tuyền,",爰有寒泉，
Đô đắc thực học đắc tâm hung.,都得實學得心胸。
Chưng nhiên sán sán.,烝然汕汕。
"Nhị thập dư huyện vọng như hải,",二十餘縣望如海，
"Phàm vật hữu hình đô hữu hoại,",凡物有形都有壊，
Lao tâm thảo hề!,勞心慅兮。
"Xả chiên xả chiên,",舍旃舍旃，
Ư nham chi bạn.,於岩之畔。
"Vu dĩ thái tảo,",于以采藻？
"Tích cốc phòng cơ,",積穀防饑，
Mẫu thị lao khổ.,母氏勞苦。
"Đỗng khốc lục quân câu cảo tố,",慟哭六軍俱縞素，
"Phương thị chân nam tử,",方是眞男子，
Mạc hạ phục dụng Trương Tử Phòng.,幕下復用張子房。
Thanh thanh mạch thượng tang.,青青陌上桑。
"Giao tình thông thể tâm hoà hài,",交情通體心和諧，
"Chung thanh quá hàn điểu,",鐘聲過寒鳥，
"Tướng thử hữu xỉ,",相鼠有齒，
"Quýnh địa vị chi thanh cao, ái thanh danh chi chiêu chước.",敻地位之清高，藹聲名之昭灼。
Ức tạc hoan ngu thường kiến chiêu.,憶昨歡娛常見招。
Thượng hưởng!,尚饗！
Huy thủ đạn kiệp phong linh nhiên.,揮手彈鋏風泠然。
"Thanh thanh thuỷ trung bồ,",青青水中蒲，
Ly băng trúc bán không.,籬崩竹半空。
"Mân kiệu thất thiên lý,",閩嶠七千里，
"Quân bất kiến,",君不見，
"Vĩnh ngôn hiếu tư,",永言孝思，
Cận nhập thiên gia tán hoa trúc.,近入千家散花竹。
"Tiền sơn cảnh khí giai,",前山景氣佳，
"Như chương như khuê,",如璋如圭，
Khán thủ phất vân phi.,看取拂雲飛。
Khởi ý phục tác nghiệt dĩ tốc cô.,豈意復作孽以速辜。
Tráng tâm nguyên tự bất tư gia.,壯心元自不思家。
Nãi năng:,乃能：
Thiên giả thần bính chuyên kỳ hùng.,天假神柄專其雄。
"Phù thế thanh vân như quá khách,",浮世青雲如過客，
Lũ mạo tầm thường hành lộ nhân.,屢貌尋常行路人。
"Hồng hộc cao phi thanh vân thượng,",鴻鵠高飛青雲上，
"Tạc mộng giang hoa chiếu giang nhật,",昨夢江花照江日，
Trắc thân đông vọng thế triêm hàn.,側身東望涕沾翰。
Đông lưu phó hải vô hồi ba.,東流赴海無回波。
Đương diện thâu tâm bối diện tiếu.,當面輸心背面笑。
Cứ toạ đường thượng như hùng bi.,踞坐堂上如熊羆。
Đồng quân phù trượng thướng ngư thuyền.,同君扶杖上漁船。
Thuỳ điếu trường xuyên.,垂釣長川。
Tướng quân dũng duệ dữ chi địch.,將軍勇銳與之敵。
"Vấn tiên sinh hề hà chi,",問先生兮何之，
"Thiên quang vân quang tứ thời lục,",天光雲光四時綠，
"Hán đạo phương toàn thịnh,",漢道方全盛，
"Vương dụ: “Dưỡng mã yếu đắc mã tính tình,",王諭『養馬要得馬性情，
Thực lao ngã tâm.,實勞我心。
"Ư vạn tư niên,",於萬斯年，
"Kim niên đại hạn thiên lý xích,",今年大旱千里赤，
"Chính điện xuân thâm phụng bệ từ,",政殿春深奉陛辭，
"Thử tế khởi tri phi bạc mệnh,",此際豈知非薄命，
"Bị hoa tảo chi khả hảo hề, nhược phí thuý chi phấn dực.",被華藻之可好兮，若翡翠之奮翼。
Ly cung biệt quán dĩ thành khôi.,離宮別館已成灰。
"Sơn bắc, sơn nam thiên vạn lý.",山北山南千萬里。
"Yên hữu cầu long,",焉有虯龍，
"Truyền chúc dĩ cụ, ngôn từ dĩ tất.",傳祝已具，言辭已畢。
"Dân diệc lao chỉ,",民亦勞止，
Thu sương há bạch tần.,秋霜下白蘋。
"Khứ thu Phù giang mộc lạc thì,",去秋涪江木落時，
Chí vu Kỳ hạ.,至于岐下。
Tung hoành tiêu hán vô dĩ thì.,縱橫宵漢無已辰。
"Vạn toàn dĩ thủ, nhất thốc bất di.",萬全以取，一簇不遺。
"Tam Ngô, Bách Việt.",三吳百粵。
Tự năng vị năng tối hữu tình.,似能未能最有情。
"Lập sử quan dĩ trì pháp hề, chính quân thần chi điển tắc.",立史官以持法兮，正君臣之典則。
"Quan đầu lạc nguyệt hoành tây lĩnh,",關頭落月橫西嶺，
"Giang khoáng xuân triều bạch,",江曠春潮白，
"Các trung dạ dạ đề viên khởi,",各中夜夜啼猿起，
Hỉ vô tiêu sắt ngâm.,喜無蕭瑟吟。
"Phạt tân, thiêu thán Nam Sơn trung,",伐薪燒炭南山中。
Bạch sa thố tạp ấn thương đài.,白沙錯雜印蒼苔。
"Mông bỉ trẩu si,",蒙彼縐絺，
Ngọ thị bất hợp nhập không cù.,午市不合入空衢。
Đỗ khẩu vong nghiên.,杜口忘言。
"Cùng tất hữu đạt,",窮必有達，
"Bất giác lệ hạ triêm y thường,",不覺淚下沾衣裳，
"Mạnh Đức Xích Bích chi sư đàm tiếu phi hôi,",孟德赤壁之師談笑飛灰，
"Thiềm tiền bích vân tĩnh như thuỷ,",簷前碧雲靜如水，
"Đổ tư sơn chi nga nga hề, niệm tích nhật chi gian khổ;",睹茲山之峨峨兮，念昔日之艱苦；
Duy đức chi hành.,維德之行。
Hiến Giang Nam chi minh đương.,獻江南之明璫。
"Vị kiều nam đầu nhất ngộ quân,",渭橋南頭一遇君，
"Phúc diệp nhi bối hề, văn hữu luân nhi hữu tích; ngưỡng diệp nhi phúc hề, lục phi cảo nhi phi khô.",覆葉而背兮，文有倫而有脊；仰葉而腹兮，綠非槁而非枯。
Bất vấn hồng trần kỷ xa mã.,不問紅塵幾車馬。
"Trường An tráng nhi bất cảm kỵ,",長安壯兒不敢騎，
"Long Tuyền nhan sắc như sương tuyết,",龍泉顏色如霜雪，
Phó ngự môn tiền khổ xúc bức.,僕御門前苦促逼。
Nãi Thái Hoa san đầu ngọc tỉnh chi liên.,乃泰華山頭玉井之蓮。
Phục linh thức giả cửu thán ta.,復令識者久歎嗟。
"Cẩm y quy cố lý,",錦衣歸故里，
"Lạc châm hà tằng bạch chỉ thấp,",落砧何曾白紙濕，
"Lưỡng gian dư nhất tốt,",兩間餘一卒，
Giải cấu đắc thử nan tái cầu.,邂逅得此難再求。
Thị nữ kim bồn tiến thuỷ lai,侍女金盆進水來，
"Cổ kim thử hương sinh xuất nhân,",古今此鄉生出人，
"Yêu ngã hồ Thượng Cung,",要我乎上宮，
"Thị hà ý thái hùng thả kiệt,",是何意態雄且傑，
Chẩm qua do tự ức yên hà.,枕戈猶自憶煙霞。
Phương hà vi kỳ?,方何為期？
"Tứ san huyễn chuyển phong lược nhĩ,",四山眩轉風掠耳，
"Hà đống vị ngư bất dị đắc,",河凍未漁不易得，
Phản dĩ ngã vi thù.,反以我為讎。
Xa Sư tây môn trữ hiến tiệp.,車師西門佇獻捷。
"Nhập thị bất thận vạn tỉnh cơ,",入市不慎萬井飢，
"Không lâm vẫn diệp mộ ô đề,",空林隕葉暮烏啼，
Trinh Nguyên song đế tử.,貞元雙帝子。
"Chiêm vọng phất cập,",瞻望弗及，
Nhật tịch thù bất lai.,日夕殊不來。
"Đầu ngã dĩ đào,",投我以桃，
Tảo lai ngã tích nhĩ dận tộ.”,早來我錫尒胤祚。
"Vô tư viễn nhân,",無思遠人，
Chiếu phát Phủ chi gian tà; động kiến Lộc chi tình trạng dã.,照發甫之奸邪；洞見祿之情狀也。
Tịnh khu tùng lưỡng mẫu hề.,并驅從兩牡兮，
Phục thán thuỳ gia tử?,復嘆誰家子？
"Toàn gia cần lao các hữu vọng,",全家勤勞各有望，
"Đại hạ như khuynh yếu lương đống,",大廈如傾要梁棟，
Bị phục huệ lan.,被服蕙蘭。
"Dạ chiêm thiên cực tư uất kết,",夜瞻天極思鬱結，
Yến uyển chi cầu.,燕婉之求，
Cơ tử tường cuồng.,箕子詳狂。
"Ư ngã ác giả,",於我惡者，
"Địch thanh phẫn oán ai trung lưu,",笛聲憤怨哀中流，
"Vân nhật năng thôi hiểu,",雲日能催曉，
"Dụng hoài Nguỵ đô,",用懷魏都，
"Tiền sơn cảnh khí giai,",前山景氣佳，
"Chỉnh như lão tướng nghiêm giáp binh,",整如老將嚴甲兵，
"Nội vô dĩ nghĩa hối tử điệt thiện hoá tộc lý,",內無以義誨子姪善化族里，
"Vũ trung hữu lệ diệc thê sảng,",雨中有淚亦凄愴，
"Quang ánh trang lâu nguyệt,",光映妝樓月，
Quý vô bảng nhân.,愧無榜人。
Ưu lộc du phục;,麀鹿攸伏；
Nhất khoát minh chủ chính úc đào.,一豁明主正郁陶。
Bất xứng kỳ bặc.,不稱其服。
"Tưởng thử sơn ư tư thì hề, khởi bất tự Cối Kê chi thê Việt vương giả gia?",想此山於斯時兮，豈不似會稽之棲越王者耶？
"Nhậm chuyển Giang Hoài túc,",任轉江淮粟，
"Thương Thúc vô nổ,",將叔無狃，
Phong yên trực bắc sầu.,烽烟直北愁。
"Phủ hoàng đô chi hoành lệ hề,",俯皇都之宏麗兮，
"Cao cầu tiêu dao,",羔裘逍遙，
"Vu dĩ cầu chi,",于以求之？
"Tĩnh ngôn tư chi,",靜言思之，
"Cổ hữu “Thiên văn” nghĩa,",古有千文義，
"Đối luỹ chung tiêu bất giải yên,",對壘終宵不解鞍，
Trĩ lệ vu biễu.,雉離于罦。
Phọc Nhung nhân!,縛戎人，
Lai tức ngã mi.,來即我謀。
Đối thử như hà bất lệ thuỳ.,對此如何不淚垂。
Cùng hữu chỉ nghịch.,邛有旨鷊。
"Giới mạc ích chi thiên từ hề, tâm bất hằng nhi thụ ác.",戒莫益之偏辭兮心不恆而受惡。
Cửu sồ minh phụng loạn thu thu.,九鶵鳴鳳亂啾啾。
Cái văn:,蓋聞：
Hoa bất tái phồn.,華不再繁。
Hữu tý thiên khô bán nhĩ lung.,右臂偏枯半耳聾。
"Vĩ thạch như trường nhân,",偉石如長人，
"Thượng giới chân nhân túc quan phủ,",上界真人足官府，
"Bình an chỉ lưỡng tự,",平安只兩字，
"Giang Đông thiếu niên kiếm chước án,",江東少年劍斫案，
"Lưu ly ngọc hạp thổ liên hoa,",琉璃玉匣吐蓮花，
"Cửu Giang, Ngũ Hồ,",九江五湖，
"Hữu hồ tuy tuy,",有狐綏綏，
Thủy cấp khách chu tật,水急客舟疾，
"Quan sàm hương vị lũ nhập mộng,",官饞鄉味屢入夢，
"Phong ngạn nguyệt tà minh,",楓岸月斜明，
Hồi sử phong thần lệ kính khâm.,回使封神勵敬欽。
Xích tích kỷ kỷ.,赤舄几几。
"Thức át khấu ngược,",式遏寇虐，
"Nhập đại nhập tiểu,",入大入小，
"Lũng Sơn nhật nhật hành bất tiền,",隴山日日行不前，
Tả hữu phụng chương.,左右奉璋。
Phủ ánh bạch sa.,俯映白沙。
Hà dĩ cốc chi?,何以告之？
"Thiên công hiệu lệnh tái bất xuất,",天公號令再不出，
"Triêu lai minh kính lý,",朝來明鏡裏，
"Du du sinh tử biệt kinh niên,",悠悠生死別經年，
"Hồ nhân dĩ yên mã vi gia,",胡人以鞍馬為家，
Độc túc không liêm quy mộng trường.,獨宿空帘歸夢長。
Chí bỉ chu hàng.,寘彼周行。
"Khí sinh vu thân,",氣生于身，
"Quân thần đại nghĩa trọng thiên kim,",君臣大義重千金，
"Cố nhân hứng tận, dư do bàn hoàn.",故人興盡，余猶盤桓。
"Viễn khách hồn vô mộng,",遠客渾無夢，
Mặc dục thành lâm xích nghinh nhật.,墨欲成霖赤迎日。
Tu đáo minh niên xuân.,須到明年春。
Thân thượng vô hữu hoàn cơ phu.,身上無有完肌膚。
Thứ bả thăng đẩu cầu thị nhân.,次把升斗求巿人。
"Bắc Mang bồi thổ cánh vô tồn,",北邙抔土竟無存，
"Khổng Tử, Thích thị thân bão tống,",孔子釋氏親抱送，
Nhất niên nhất độ đắc tương kiến.,一年一度得相見。
"Ngã nghi Hoàng Hà Hãn Hải địa mạch thông,",我疑黄河瀚海地脈通，
Duy kỹ cập phủ.,維锜及釜。
Nhược tuyến sơ phùng lệ tự thuỳ.,弱線初縫淚自垂。
"Lực huề nhất tôn độc tựu tuý,",力攜一樽獨就醉，
"Tác vũ thiết nữ,",作舞鐵女，
Kỳ yếm kỳ đố.,其檿其柘。
Nam nữ giai ác.,男女皆惡。
"Phiêu nhiên thì nguy nhất lão ông,",飄然時危一老翁，
"Tảo liễm tinh thần phản thái cực,",早斂精神返太極，
Cận thính thuỷ vô thanh.,近聽水無聲。
Tứ quốc thị tù.,四國是遒。
Cửu khách đa ưu kim dũ tật.,久客多憂今愈疾。
"Khoảnh khắc nhất thanh la cổ hiết,",頃刻一聲鑼鼓歇，
"Nhân hành sơn khẩu tuyết một tung,",人行山口雪沒蹤，
"Báo quân Hoàng Kim đài thượng ý,",報君黃金臺上意，
Hán chủ sơn hà cẩm tú trung.,漢主山河錦繡中。
"Xuân phong đào lý hoa khai nhật,",春風桃李花開日，
Nãi như chi nhân hề!,乃如之人兮，
"Tây phong xuy u lâm,",西風吹幽林，
Tiên trà trà dũ hương.,煎茶茶逾香。
"Ân luân kinh tiếp long văn bút,",恩綸驚接龍文筆，
Khinh hàn để dụng sầu.,輕寒底用愁。
"""Dương liễu"" uất thanh thanh,",楊柳郁青青，
"Đình trừ nhất cổ đồng,",庭除一古桐，
Bất như ngã sở chi.,不如我所之。
Cảm quyết khởi bất dữ chi tề.,敢決豈不與之齊。
An tri phong hác kim lai biến.,安知峰壑今來變。
Hiếu vu tráng sĩ vi kỵ tăng.,好于壯士為忌憎。
Chính hữu vị hành hề tư hữu dĩ phát.,政有未行兮思有以發。
Thiên hoa nhiễu giản biên.,千花繞澗邊。
"Kế nhi tứ diện thiêm binh dĩ bao vi,",繼而四面添兵以包圍，
Bất khả dĩ như.,不可以茹。
"Thanh như tam thiên đệ tử lập Khổng đình,",清如三千弟子立孔庭，
Vu dĩ chiêu trạc trạc chi linh; vu dĩ trứ hoàng hoàng chi thực.,于以昭濯濯之靈；于以著煌煌之寔。
Ngọc viết: Duy duy.,玉曰：唯唯。
"Quần yến từ quy nhạn Nam tường,",群燕辭歸雁南翔，
"Huề bàn độc xuất nguyệt hoang lương,",攜盤獨出月荒涼，
"Ký suy thành nhi hiến giám; phục khể thủ nhi phi can,",既推誠而獻鑑；復稽首而披肝。
"Ngã toại nghênh nhận nhi giải,",我遂迎刃而解，
Thần ngôn minh hồ tự giám; thần tâm hách hề nhược đan.,臣言明乎似鑑；臣心赫兮若丹。
Hồng mã xuyết kim linh.,紅馬綴金鈴。
Bi kiến sinh nhai bách ưu tập.,悲見生涯百憂集。
Tự khuyết kinh thế vụ.,自闕經世務。
"Báo ân chi tử thúc thao qua,",報恩之子焂操戈，
"Chỉ kim niên tài thập lục thất,",只今年才十六七，
Công tư thương lẫm câu phong thật.,公私倉廩俱豐實。
"Đinh ninh thử khứ Cô Tô thành,",叮嚀此去姑蘇城，
"Thiên trường túng bác gia nhưng phú,",千場縱博家仍富，
Thính thử đề thanh bội khả lân.,聽此啼聲倍可憐。
"An đắc toạ ngã mao đình trung,",安得坐我茅亭中，
Ký mệnh nhất diệp vạn nhận trung.,寄命一葉萬仞中。
Cận thân dược khoả tửu trường huề.,近身藥裹酒長攜。
Bất thừa quyền dư.,不承權輿。
"Há mã Đồng nhai nhật dĩ tà,",下馬銅街日已斜，
Khỉ cảm ái chi?,豈敢愛之？
"Tuyển binh tiến thủ, Đông Đô tận phục cựu cương.",選兵進取，東都盡復舊疆。
"Hàm tình ngưng đệ tạ quân vương,",含情凝睇謝君王，
Kim ngọc kỳ tương.,金玉其相。
"Khứ niên kim nhật tại đông dương,",去年今日在東洋，
"Thập do bát cửu phụ tân quy,",十猶八九負薪歸，
"Bất nhẫn biệt minh nguyệt,",不忍別明月，
Tương thuỷ đoạn phi hồng.,湘水斷飛鴻。
"Lão ông ngưỡng thiên lệ như vũ,",老翁仰天淚如雨，
Nghệ chi nhẫm thúc.,藝之荏菽，
"Dã thị hữu thiền khách,",野市有禪客，
"Di tử hoàng kim bảo,",遺子黃金寶，
Trạch lâm thuỷ trướng lũng sa viên.,澤林水漲隴沙圓。
Hạo như minh nguyệt khuy đồng vân.,皎如明月窺彤雲。
Kim niên ký thực nhưng yêm lưu.,今年寄食仍淹留。
Trì đao chước địa phiên tác nê.,持刀斫地翻作泥。
"Dĩ ngôn kê thử thục,",已言雞黍熟，
"Đức hạnh biểu nghi,",德行表儀，
Vương Tể thuỷ khẳng lưu chân tích.,王宰始肯留真跡。
Nhất cừ xuân thuỷ liễu thiên điều.,一渠春水柳千條。
"Vị kiến quân tử,",未見君子，
Mạch lũng thanh thanh tang uất uất.,麥隴青青桑鬱鬱。
"Phong hoà nhật noãn,",風和日暖，
Khắc phối bỉ thiên.,克配彼天。
Khổng vũ hữu lực.,孔武有力。
"Ân đoạn do nghi mộng,",恩斷猶疑夢，
"Thí thiếp dữ quân lệ,",試妾與君淚，
"Nùng cư Thạch Thành hạ,",儂居石城下，
"Miên Châu giang thuỷ chi đông tân,",綿州江水之東津，
"Quan sơn khách tử lộ,",關山客子路，
"Tổng giác chi yến,",總角之宴，
Hồng bằng bích hữu nguyên thai thấp.,紅朋碧友元胎濕。
"Đinh ninh ác thủ tạm trù trù,",叮嚀握手蹔躊蹰，
"Ngô tưởng phù bắc phong chấn mạc, Hồ binh tứ tiện. Chủ tướng kiêu địch, kỳ môn thâu chiến. Dã thụ mao kỳ, xuyên hồi tổ luyện. Pháp trùng tâm hãi, uy tôn mệnh tiện. Lợi thốc xuyên cốt, kinh sa nhập diện. Chủ khách tương bác, sơn xuyên chấn huyễn. Thanh tích giang hà, thế băng lôi điện. Chí nhược cùng âm ngưng bế, lẫm liệt hải ngung; tích tuyết một hĩnh, kiên băng tại tu. Chí điểu hưu sào, chinh mã trì trù, tăng khoáng vô ôn, đoạ chỉ liệt phu. Đương thử khổ hàn, thiên giả cường Hồ, bằng lăng sát khí, dĩ tương tiễn đồ. Kính tiệt truy trùng, hoành công sĩ tốt; đô uý tân hàng, tướng quân phúc một. Thi điền cự cảng chi ngạn, huyết mãn trường thành chi quật. Vô quý vô tiện, đồng vi khô cốt, khả thắng ngôn tai! Cổ suy hề lực kiệt, thi tận hề huyền tuyệt. Bạch nhận giao hề bảo đao chiết, lưỡng quân túc hề sinh tử quyết. Giáng hỹ tai, chung thân di địch! Chiến hỹ tai, cốt bạo sa lịch! Điểu vô thanh hề sơn tịch tịch, dạ chính trường hề phong tích tích. Hồn phách kết hề thiên trầm trầm, quỷ thần tụ hề vân mạc mạc. Nhật quang hàn hề thảo đoản, nguyệt sắc khổ hề sương bạch. Thương tâm thảm mục, hữu như thị gia!",吾想夫北風振漠，胡兵伺便。主將驕敵，期門受戰。野豎旄旗，川迴組練。法重心駭，威尊命賤。利鏃穿骨，驚沙入面。主客相搏，山川震眩。聲析江河，勢崩雷電。至若窮陰凝閉，凜冽海隅；積雪沒脛，堅冰在鬚。鷙鳥休巢，征馬踟躕，繒纊無溫，墮指裂膚。當此苦寒，天假強胡，憑陵殺氣，以相剪屠。徑截輜重，橫攻士卒；都尉新降，將軍覆沒。屍填巨港之岸，血滿長城之窟。無貴無賤，同為枯骨，可勝言哉！鼓衰兮力竭，矢盡兮絃絕。白刃交兮寶刀折，兩軍蹙兮生死決。降矣哉，終身夷狄！戰矣哉，骨暴沙礫！鳥無聲兮山寂寂，夜正長兮風淅淅。魂魄結兮天沈沈，鬼神聚兮雲冪冪。日光寒兮草短，月色苦兮霜白。傷心慘目，有如是耶！
Đồ ngự than than.,徒禦嘽嘽。
Đông lưu diệc bất nhàn?,東流亦不閒。
"Tự đoạn thử sinh hưu vấn thiên,",自斷此生休問天，
Bệnh như đào lý cánh hà ngôn.,病如桃李竟何言。
"Lạc vũ từ kim điện,",落羽辭金殿，
"Khiên Ngưu, Chức Nữ dao tương vọng,",牽牛織女遙相望，
Thiên sổ mang mang bất khả đào.,天數茫茫不可逃。
Nhất đốn nhất khởi tương tiếp tục.,一頓一起相接續。
"Hiệu uý vũ thư phi hãn hải,",校尉羽書飛瀚海，
Khứ nhật khổ đa.,去日苦多。
"Viên ngâm hạc lệ bản vô ý,",猿吟鶴唳本無意，
Quân bồng bán dạ thanh.,筠篷半夜聲。
Khả dĩ nhậm trọng trí viễn;,可以任重致遠；
"Hồ đồng kết thúc hoàn nan hữu,",胡童結束還難有，
"Thọ khảo dữ lệnh danh, chung nan lưỡng đắc, dao dao nhất hoạn, ỷ lư từ mẫu tối thương tâm.",壽考與令名，終難兩得，遙遙一宦，倚閭慈母最傷心。
Khan nhĩ bô tru hà xứ sở.,看爾逋誅何處所。
"Dư phương nhị tiếp đối thử cảnh,",予方弭楫對此景，
"Viễn nhân hoài đức tự tâm quy,",遠人懷德自心歸，
"Truỵ hà nhi tử,",墜河而死，
Hồi thuyền bất tự do.,回船不自由。
"Quân niệm dân gian tối khả liên,",君念民艱最可憐，
"Nhất sinh đại tiếu năng kỷ hồi,",一生大笑能幾回，
Dạ cửu xâm la miệt,夜久侵羅襪。
"Vu dĩ thình chi,",于以盛之？
Ngũ lý nhất hậu binh hoả thôi.,五里一堠兵火催。
Yêu cung khoá mã phân khu trì.,腰弓跨馬紛驅馳。
Tắc nhĩ sầu thinh tân triều sự.,塞耳愁聽新朝事。
Tương đối bi đề bất năng ngữ.,相對悲啼不能語。
Xuất nhập cố phán sinh quang huy.,出入顧盼生光輝。
Huyền hạc độc túc thanh sơn bạng.,玄鶴獨宿青山傍。
Bả duệ nam nam hướng lang thuyết.,把袂喃喃向郎說。
Mỹ tai!,美哉！
"Chân chân quân tử,",振振君子，
Cảm quân quý nghĩa khinh hoàng câm.,感君貴義輕黃金。
"Vị tác đương lô mại tửu nhân,",未作當壚賣酒人，
Hạt vân năng ly.,曷云能來？
Tiểu viện thanh lâu đại đạo biên.,小院青樓大道邊。
Không thành bãi vũ yêu chi tại.,空城罷舞腰支在。
Ca khúc động hàn xuyên.,歌曲動寒川。
Thiên hạ phong trần nhi diệc đắc.,天下風塵兒亦得。
"Nhất vân giang thuỷ hữu cự lân,",一云江水有巨鱗，
Thanh linh trường thử địa Hoàng Đinh thượng miếu Hoàng Lê hạ từ.,聲靈長此地皇丁上廟皇黎下祠。
"Tiểu nhi thiếu niên hữu kỳ chí,",小兒少年有奇志，
"Duy thử lương nhân,",維此良人，
Nhật nguyệt ký hối nhi phục minh.,日月既晦而復明。
"Bạch phát đăng cao lãn,",白髪登髙嬾，
Vương đức chi nhân.,王德之仁。
Phục kiêm phu tử trì thanh luận.,復兼夫子持清論。
"Sắt bỉ ngọc toản,",瑟彼玉瓚，
"Đào xã phong lưu các tự hào,",陶社風流各自豪，
Tòng lai khi khí thường khuynh phúc.,從來欹器常傾覆。
"Nhi tôn sinh trưởng dữ thế cách,",兒孫生長與世隔，
"Ngã hữu tửu hề vô đối ẩm,",我有酒兮無對飲，
Giang sơn uyển nhiên nhân đại cải.,江山宛然人代改。
"Nhẫm thúc bái bái,",荏菽旆旆。
Suất thì chiêu khảo.,率時昭考。
Tĩnh trần cơ hề tử hôi.,靜塵機兮死灰。
Hiền thần quốc trân.,賢臣國珍。
"Hoa chủng tuy nhân địa,",華種雖因地，
"Dẫn hồ trường dĩ tự chước, miện đình kha dĩ di nhan.",引壺觴以自酌，眄庭柯以怡顏。
Thủ tiêu tế chi.,取蕭祭脂。
Tâm chi ưu hĩ!,心之憂矣，
"Phương trượng thiệp hải phí thì tiết,",方丈涉海費時節，
"Sơn lâm hoàng trần tam bách xích,",山林黃塵三百尺，
"Truyền chi thất thập hữu nhị đại,",傳之七十有二代，
"Vãng lai thiên cổ tứ đàm luận,",往來千古肆談論，
"Tây phong tranh vanh phún lưu tuyền,",西峰崢嶸噴流泉，
"Khách xu nhi vấn chi, tẩu viết: Tử bất văn Thái Công chi điếu hoàng giả hồ? Đương kỳ ngược diễm phương xí, Thương thất như huỷ, Bách xuyên phất đằng, Chu đạo như chỉ. Công tỵ đạo nhi khứ chiên, viên vu tư hề lệ chỉ. Thác dĩ điếu nhi ẩn chi, khương cao thượng kỳ tâm chí. Thìn kỳ tình không liễm diễm, biệt phố sâm si, hàn ba luyện nhược, khê thuỷ liên y; niểu trúc can chi địch địch, tản hương nhĩ chi phi phi. Hoặc yển hoặc lý, du dương hồ hạnh tảo chi thượng, hoặc chiên hoặc vị, dương ngữ hồ chiểu chỉ chi my; nhậm bỉ sở thích, phỉ ngã thị kỳ.",客趨而問之，叟曰：子不聞太公之釣璜者乎？當其虐焰方熾，商室如燬，百川沸騰，周道如砥。公避道而去旃，爰于茲兮戾止。托以釣而隱之，姜高尚其心志。辰其晴空瀲灩，別浦參差，寒波練若，溪水漣漪；裊竹竿之籊籊，散香餌之菲菲。或鰋或鯉，遊揚乎荇藻之上；或鱣或鮪，洋圉乎沼沚之湄。任彼所適，匪我是期。
Kế tự kỳ hoàng chi.,繼序其皇之。
"Quân khí ký suy, công kế toại quyết.",軍氣既衰，公計遂決。
Tương quả binh vi tác ky lữ.,將寡兵微作羈旅。
San hạ chu thuyền tự vãng hoàn.,山下舟船自往還。
"Vật vị tương khứ viễn,",勿謂相去遠，
"Tác Thiệu công khảo,",作召公考，
Hà kích độc bàng hoàng.,荷戟獨徬徨。
"Văn đạo Ba Sơn lý,",聞道巴山裏，
Mộng nhập Nam Ninh lệ thành huyết.,夢入南寧淚成血。
Hương nhiên như tại đan thanh lý.,香然如在丹青裏。
Bách bức bồ phàm nhãn để tề.,百幅蒲帆眼底齊。
Đắc chí tiện xương cuồng;,得志便猖狂；
Xuân lai thảo cánh thâm.,春來草更深。
"Thụ diểu trú mông mật mật vân,",樹杪晝蒙密密雲，
Lục bí như nhu;,六轡如濡。
Toạ hưởng đại danh nhi vô công.,坐享大名而無功。
"Triệu bỉ bộc phu,",召彼僕夫，
"Không đình phục hà hữu,",空庭復何有，
Lịch điếu Nhị Thế.,歷弔二世。
"Tủng khinh khu dĩ hạc lập,",竦輕軀以鶴立，
"Vị báo hoàn trung bách xuyên thuỷ,",爲報寰中百川水，
Hoa minh liễu ám quá tiền xuyên.,花明柳暗過前川。
"Tự tiểu đa tài học,",自小多才學，
Chức cạnh dụng lực.,職競用力。
Chú mục kiều biên như hữu đổ.,注目橋邊如有睹。
"Mạc tác thương nhân phụ,",莫作商人婦，
U ý tuế hàn đa.,幽意歲寒多。
Oanh ngữ bách hoa thì.,鶯語百花時。
"Nam lâu phương nhục thử,",南樓方辱暑，
"Tuyết tương lãnh ý thấu sơ thiềm,",雪將冷意透疎簷，
"Nhược tương bần tiện tỉ xa mã,",若將貧賤比車馬，
Cao trục thâm kỳ đạo tiền triết.,高蠋深期蹈前哲。
"Như cổ tam bội,",如賈三倍，
"Thán Bào Qua chi vô thất hề,",嘆匏瓜之無匹兮，
"Tống khách quy Nam Phố,",送客歸南浦，
"Lệ chúc dao dao nhược đoản kềnh,",淚燭搖搖箬短檠，
Thực dã chi cầm.,食野之芩。
"Hoàng vân lạc nhật cổ cốt bạch,",黄雲落日古骨白，
"Đương lưu xích túc tháp giản thạch,",當流赤足蹋澗石，
Phỉ phủ bất khắc.,匪斧不克。
"Dân chi chất hỹ,",民之質矣，
"Cổ giả thế xưng đại thủ bút,",古者世稱大手筆，
Thanh sơn vị hữu gia.,青山未有家。
"Túc sương tác cừu sơ phục tại,",鷫鷞作裘初服在，
"Cẩn bị phòng gian,",謹備防姦，
"Thương sơn dao dao giang lân lân,",蒼山遙遙江潾潾，
Hành nhân bang bang.,行人彭彭。
Kháp hữu tam bách thanh đồng tiền.,恰有三百青銅錢。
Xứ xứ trục quân chu.,處處逐君舟。
"Nhị mâu trùng ương,",二矛重英，
"Ngạo tuyết tâm hư,",傲雪心虛，
"Miên miên cát luỹ,",綿綿葛藟，
Trụ trượng xao môn khán tu trúc.,拄杖敲門看修竹。
"Binh cách vị tức nhân vị tô,",兵革未息人未蘇，
Ưu lai tư quân bất cảm vong.,憂來思君不敢忘。
Đoạn hà bán không ngư vĩ xích.,斷霞半空魚尾赤。
Thương thương hà xứ tầm.,蒼蒼何處尋。
Nhiên thường sát chi:,然嘗察之：
Hữu nữ như ngọc.,有女如玉。
"Sầm Tham huynh đệ giai hiếu kỳ,",岑參兄弟皆好奇，
Luân đàn can tý dữ hoá vãng lai.,輪彈肝臂與化往來。
Ngã tâm tây bi.,我心西悲。
"Sách phù lão dĩ lưu khế, thời kiểu thủ nhi du quan.",策扶老以流憩，時矯首而遊觀。
Dữ vi vô cùng.,與為無窮。
"Dân diệc lao chỉ,",民亦勞止，
"Nhĩ tửu ký đa,",爾酒既多，
"Ký ư thiên nhi thủ tất,",既於天而取必，
Vi ba long lân ta thảo lục.,微波龍鱗莎草綠。
"Tuế nguyệt vô tình thôi bút quản,",歲月無情催筆管，
Quan quả điên liên câu bất hoạch dĩ an kỳ sở.,鰥寡顛連俱不獲以安其所。
"Ngã hữu sổ hàng lệ,",我有數行淚，
"Khước ức thiên quan nghinh giá sơ,",卻憶千官迎駕初，
"Minh triêu du thượng uyển,",明朝遊上苑，
"Thiên trùng thiết võng hề, trầm giang để.",千重鐵網兮沈江底。
"Hí kịch sổ đoạn tửu trường vị khuynh,",戲劇數段酒觴未傾，
"Yên Triệu bi ca sĩ,",燕趙悲歌士，
"Phàm vật chi lai,",凡物之來，
Bất xuất chinh hề!,不出正兮，
"Chu Công đông chinh,",周公東征、
"Dạ mạn mạn kỳ nhược tuế hề, hoài uất uất kỳ bất khả tái canh.",夜曼曼其若歲兮，懷鬱鬱其不可再更。
"Ngạn dữ ân đồng quảng,",岸與恩同廣，
"Ưu lộc ngu ngu,",麀鹿噳噳，
Bạch phát chủng chủng lai vô tình.,白髮種種來無情。
Phảng phất Hồ sàng thức cố tang.,髣髴胡牀識故桑。
"Yêm yêm lương nhân,",厭厭良人，
"Thử sơn dữ ngã tối tương lân,",此山與我最相鄰，
Thiên tử bất tại Hàm Dương cung.,天子不在咸陽宮。
U cư mặc mặc như tàng đào.,幽居默默如藏逃。
Tân thư tả hận thác thuỳ truyền.,新書寫恨託誰傳。
"Bất hận quy lai trì,",不恨歸來遲，
"Y dư thánh triều, sùng văn thịnh thế.",猗歟聖朝，崇文盛世。
Thúc bạch vô lao nhậm bạch đầu.,束帛無勞任白頭。
"Ư thị điều âu, linh nhân lam lệ thảm thê, hiếp tức tăng hy.",於是調謳，令人惏悷憯悽，脅息增欷。
"Xâm Hạo cập Phương,",侵鎬及方，
"Đáo gia tu tri bãi vấn trình,",到家須知罷問程，
Hà nhật vong chi?,何日忘之！
"Nam quý trung cần,",男貴忠勤，
Sương xuy mộ mã thương hoàng sắc.,霜吹暮馬蒼黃色。
"Dạ đài vô Lý Bạch,",夜臺無李白，
"Tửu hàm nhĩ nhiệt vong đầu bạch,",酒酣耳熱忘頭白，
"Lâm xung nhàn nhàn,",臨衝閑閑，
"Hu mô định mệnh,",訏謨定命，
Duy kỳ hà cố?,維其何故？
"Cương cường tất tử nhân nghĩa vương,",剛強必死仁義王，
Bỉ mỹ nhân hề!,彼美人兮，
Tại Hạ hậu chi thế.,在夏后之世！
Trung dạ tương tùng tri giả thuỳ?,中夜相從知者誰？
"Công tử vị Doanh đình tứ mã,",公子為嬴停駟馬，
Hưu lương tuyệt lạp cô hạc hình.,休糧絕粒孤鶴形。
Văn vũ duy hậu.,文武維後。
"Ô hô! Ô hô! Bắc Ninh dân,",嗚呼！嗚呼！北寧民，
"Tự phi hung trung minh kính, bút hạ Xuân thu hề, hạt năng chí thị.",自非胸中明鏡，筆下春秋兮，曷能至是。
"Ai cáo quy tịch hề, phóng nhữ ngao tường.",哀告歸籍兮，放汝翱翔。
"Vũ lâm nhật chích dã hoả liệu,",雨淋日炙野火燎，
Lâu thượng chính bồi hồi.,楼上正徘徊。
Đát hề tại tâm.,怛兮在心。
Xà xuất yến sào bạch hồ lập.,蛇出燕巢白狐立。
Hàm đắc vân trung xích tố thư,銜得雲中尺素書。
"Sư Vọng tại tứ,",師望在肆，
Phục duy thượng hưởng!,伏惟尚饗！
"Tự quân chi khứ thiếp toàn my,",自君之去妾攢眉，
"Vu thử tri mẫu,",呈此菑畝。
Chí chi hà chi kiên hề!,寘之河之干兮，
Hà dĩ thiên chi?,何以遷之？
Mục vọng thân khinh.,目望身輕。
Ư yên thụ chỉ phát tường.,於焉受祉發祥。
Cách nghiệt hạ dân.,革孽夏民。
"Đạo trở thả tê,",道阻且躋；
"Oan đài dịch tiển lộ tiết giác,",剜苔剔蘚露節角，
Xuân lai phát kỷ chi.,春來發幾枝。
Duy tử chi hẩu.,維子之好。
"Hà khất bỉ tiểu thần,",何乞彼小臣，
Tác miếu dực dực.,作廟翼翼。
"Nam bắc dị tiêu hồn,",南北易銷魂，
Kỳ kỳ khổng hữu.,其祁孔有。
Tâm hoài bách ưu phục thiên lự.,心懷百憂復千慮。
"Tất suất tả hữu,",悉率左右、
"Hoa chi xuất Kiến Chương,",花枝出建章，
La vi cẩm trướng nhân hà tại?,羅幃錦帳人何在，
"Thoa hoành hoa khốn kinh tàn mộng,",釵橫花困驚殘夢，
Khẳng phỏng Hoán Hoa lão ông vô.,肯訪浣花老翁無。
"Khả sự như nhất,",可事如一，
"Thúc tại tẩu,",叔在藪，
"Bỉ thương giả hân,",彼蒼者天，
Bất nguyện cúc cung xa mã tiền.,不願鞠躬車馬前。
Bất trưởng hạ dĩ cách.,不長夏以革。
"Đại hạ thâm thiềm dữ cái phúc,",大廈深簷與蓋覆，
"Thượng hạ vị hình,",上下未形，
Dĩ tá nhung tịch.,以佐戎闢。
"Miểu miểu hàn lưu quảng,",淼淼寒流廣，
"Tử du văn phong động song trúc,",子猷聞風動窗竹，
"Ngọc tiết tuỳ đông các,",玉節隨東閣，
"Bất tri thâm lâm sự,",不知深林事，
"Cố nhân hữu tửu mạc trù trướng,",故人有酒莫惆悵，
"Vãng thì vu ngã bản vô ân,",往時于我本無恩，
Khổ cơ thuỷ đắc thực nhất trùng.,苦饑始得食一蟲。
"Mao y ước hề ngạn thượng đình,",茅依約兮岸上亭，
"Hốt phùng tuyệt diễm chiếu suy hủ,",忽逢絕艷照衰朽，
"Ô duy Nghệ Hoàng, bất thị hiểm nhi thị đức hề.",於維藝皇，不恃險而恃德兮。
Hán tâm Hán ngữ Thổ Phồn thân!,漢心漢語吐蕃身。
"Thuần tửu ẩm như hoa tiệm phóng,",醇酒飲如花漸放，
Y nhân hổ nhiệm nhân di sử.,依人虎任人頤使。
Quy khứ dục hà tùng.,歸去欲何從。
Hu ta khoát hề!,于嗟闊兮，
Chiếu tỉ đông nam Ngô dữ Việt.,詔徙東南吳與越。
"Quân liên thuỳ sí khách,",君憐垂翅客，
"Bức cân bàn đới bất quải thân,",幅巾鞶帶不挂身，
"Tây tùng thất hành kính nhi kiện,",西叢七莖勁而健，
Thủ đề trịch hoàn Thôi đại phu.,手提擲還崔大夫。
Can qua bất khẳng hưu.,干戈不肯休。
Lân lân cư đại hạ.,鱗鱗居大廈。
Sùng triêu kỳ vũ.,崇朝其雨。
Hu ta hồ!,于嗟乎，
"Chước tửu khuyến quân, quân mạc từ.",酌酒勸君君莫辭。
"Tinh tinh giả nga,",菁菁者莪，
Tuân mỹ thả hẩu.,洵美且好。
Thảo căn trích lộ âm cùng khấp.,草根滴露隂蛩泣。
Thiên ngoại khách phàm quy điểu tật.,天外客帆歸鳥疾。
Tại tiền thượng xứ.,在前上處。
Dĩ tẩy hồ my thiên chi tinh.,以洗乎弥天之腥。
Thập lý ngũ lý hành tương truy.,十里五里行相追。
Liễu Thăng tống tử nhi Chi Lăng lưu huyết;,柳升送死而支棱流血；
Vạn kính nhân tung diệt.,萬徑人蹤滅。
Huyết tác Trần Đào trạch trung thuỷ.,血作陳陶澤中水。
Nhất thiết lượng đẳng thân.,一切量等身。
"Biệt hữu u sầu ám hận sinh,",別有幽愁暗恨生，
Sâm si cô phụ đông viên hoa.,參差辜負東園花。
Ngẫu toạ vị lâm tuyền.,偶坐為林泉。
Bất thị cựu thì nhan.,不是舊時顏。
"Hậu nhân ai chi nhi bất giám chi,",後人哀之而不鑑之、
Nguyệt xuất chiếu hề!,月出照兮，
"Tế Liễu khai doanh ấp thiên tử,",細柳開營揖天子，
"Đại giang lai tòng vạn sơn trung,",大江來從萬山中，
"Thiên chi giáng võng,",天之降罔，
"Chư đễ tòng chi,",諸娣從之，
"Hữu quyền giả a,",有卷者阿，
"Ngã gia xã công canh tạc chủ,",我家社公耕鑿主，
Hán gia đại tướng tây xuất sư.,漢家大將西出師。
Long xà động khiếp bàn ngân câu.,龍蛇動篋蟠銀鉤。
"Tiếu lai bôi tửu xưng huynh đệ,",笑來杯酒稱兄弟，
Hốt án hổ tích sất sử hành.,忽按虎脊叱使行。
Vô tỷ dân ưu.,無俾民憂。
"Thiên bảo định nhĩ,",天保定爾，
"Thiên khuynh dục đoạ thạch,",天傾欲墮石，
Văn hàn nhất kĩ tương hề thố.,文翰一技將奚措。
"Tích thì Yên gia trọng Quách Ngỗi,",昔時燕家重郭隗，
"Trần ai phong cảnh thương mang, nan dung cửu trú,",塵埃風景蒼汒，難容久住，
Vị dư Thiên Tân kiều nam tạo tửu lâu.,為余天津橋南造酒樓。
Phỉ cung chi cố.,匪躬之故。
"Trạc anh lễ tuyền,",濯纓醴泉，
"Lai giá vu Chu,",来嫁于周，
"Khách hành nhất dạ thu phong khởi,",客行一夜秋風起，
Tủng cán nhập vân trung.,聳幹入雲中。
Thư không đốt đốt thần hồn kinh.,書空咄咄神魂驚。
"Bỉ mính đính hề tục ẩm,",鄙酩酊兮俗飲，
Thượng kỳ quy cáo gia nhi chúc ngã cố thất:,尚其歸告家兒祝我故室：
"Thôn hàn bạch ốc niệm kiều anh,",村寒白屋念嬌嬰，
"Thiên giáng táng loạn,",天降喪亂，
Độc ỷ song lan đối thái không.,獨倚窗欄對太空。
"Quyết đức bất hồi,",厥德不回，
"Ngã hữu chi tửu,",我有旨酒，
Hà hoa hồng tự nhan.,荷花紅似顏。
Như hà? Như hà?,如何？如何？
"Kinh sư chi dã,",京師之野，
"Nhân chi vi nghiên,",人之為言，
Kiếm minh thu khí lai.,劍鳴秋氣來。
"Hiên nga thế từ,",軒峨世祠，
Bất ngôn diệc bất khốc.,不言亦不哭。
"Bách hồi sát nhân thân hiệp tử,",百回殺人身合死，
"Bất can kỷ sự,",不干己事，
"Hạo thiên thượng đế,",昊天上帝，
"Đáo kim bất tri bạch cốt xứ,",到今不知白骨處，
Bất vi ngược hề!,不為虐兮。
"Hiệt lỗ do vi mệnh,",黠虜猶違命，
Bộ trì trù ư sơn ngung.,步踟蹰於山隅。
Sĩ dân kỳ sái.,士民其瘵。
Trượng phu thú biên quan sách tô.,丈夫戍邊官索租。
Đại Thực bảo đao liêu khả tỷ.,大食寶刀聊可比。
Thập niên thử địa biển chu trụ.,十年此地扁舟住。
"Ngũ hoa tán tác vân mãn thân,",五花散作雲滿身，
Cảm dư tâm hề đa khái khảng.,感予心兮多慨慷。
"Xu phó vô quá thính tự nhiên,",趨赴無過聽自然，
Trường tự hạ lưu tâm.,長似下流心。
"Vi hầu, Vi hầu, sổ tương kiến?",韋侯韋侯數相見，
"Nhẫn biệt thanh sơn khứ,",忍別青山去，
"Tuyền cam thảo mỹ vô thường xứ,",泉甘草美無常處，
"Chư sinh phả tận tân tri lạc,",諸生頗盡新知樂，
"Hùng Vương chi thế, thập cửu tương thừa,",雄王之世十九相承，
"Kê thang đại trư nhục,",雞湯代豬肉，
Biện dữ cừ nùng tuý chung nhật.,拚與渠儂醉終日。
Hữu nhân phu tế thiện hầu vương.,有人夫婿擅侯王。
Khỉ vô cao mộc?,豈無膏沐？
Tần thủ nga my.,螓首蛾眉，
Hạt dữ tam ngũ tương phan truy.,曷與三五相攀追。
Thất nhân giao biến trích ngã.,室人交遍謫我。
Vãng nhật nhàn sầu kim nhật chỉ.,往日閑愁今日止。
Ngộ nhân chi bất thục hĩ.,遇人之不淑矣。
Nhân thì bách man.,因時百蠻。
Danh thuỳ bách thế.,名垂百世。
"Chiết kích trầm giang,",折戟沉江，
"Thúc mã hoãn ký,",叔馬慢忌，
"Đãn trầm tiềm dĩ tự thủ hề, ký chu tuyền nhi vãn lộ,",但沉潛以自守兮冀周漩于晚路，
"Tiên sinh xuân thu bát thập ngũ,",先生春秋八十五，
"Nhất trượng thảm, thiên lưỡng ty,",一丈毯，千兩絲，
Hồ vi hồ Tru Lâm?,胡為乎株林？
Tái thị thường phục.,載是常服。
Cận thì Quách gia Sư Tử Hoa.,近時郭家獅子花。
Sinh khởi tái bái sinh xuân dung.,生起再拜生春容。
"Tích thiện dư khương,",積善餘慶，
Lập ấp khai cơ Thần phúc đại,立邑開基神福大
"Toạ khách phi trường hồng nhật mộ,",座客飛觴紅日暮，
"Mỹ nhân tặng ngã kim lang can,",美人贈我金琅玕，
Lang hành hà nhật hồi?,郎行何日回？
Đông gia xa mã phương như vân.,東家車馬方如雲。
"Quyết nghiêm bất phụng,",厥嚴不奉，
"Thê lương ngâm huống vị,",淒涼吟况味，
Hốt yên cải tuế.,忽焉改歲。
Ngọc trợ ưng đề biệt ly hậu.,玉箸應啼別離後，
"Thương Trọng Tử hề,",將仲子兮，
Thuý ngự ly phi liễu khốn yên.,邃篽離披柳困煙。
Tiên thu Kế Bắc thành.,先收薊北城。
"Xuân sưu đông thú hầu đắc đồng,",春搜冬狩侯得同，
"Hốt tẩm mị nhi mộng tưởng hề, phách nhược quân chi tại bàng.",忽寢寐而夢想兮，魄若君之在旁。
Hiệp sơn siêu hải tri thuỳ kiện;,挾山超海知誰健；
"Lãnh lạc đông phong vạn liễu ty,",冷落東風萬柳絲，
"Vạn sự tiêu thân ngoại,",萬事銷身外，
"Xuân hồi ngũ tự khê lưu quang,",春回五字溪流光，
Hô nhi đăng sơn thu tượng thực.,呼兒登山收橡實。
Hạt kỳ hữu sở?,曷其有所！
Khung thương hồng hy xuân tiễu tiễu;,穹蒼鴻稀春悄悄；
Tham nhất thì chi công dĩ di tiếu ư thiên hạ.,貪一時之功以貽笑於天下。
"Mạc đạo chuỷ thủ canh vô tế,",莫道匕首更無濟，
Ta ngã nông phu.,嗟我農夫，
Uý nhân chi đa ngôn.,畏人之多言。
Vô cảm ngã tư sử dư bi.,無感我思使余悲。
"Thi nhất nang hề, tửu nhất hồ.",詩一囊兮酒一壼。
"Lý ngư phong khởi yến phi tà,",鯉魚風起燕飛斜，
Lão nhân thu lệ tiền trí từ:,老人收淚前致辭：
"Triêu thái kỳ thực,",朝採其實，
Kích ấp trung lưu tráng chí kiên.,擊揖中流壯志堅。
Hầu môn vị tất dụng phi tài.,侯門未必用非才。
Dĩ mạc bất hưng.,以莫不興。
Thiên luân bất hành.,偏輪不行。
"Thanh xuân ba lãng Phù Dung viên,",青春波浪芙蓉園，
"Tri kỷ như tương ức,",知己如相憶，
Nhất nhật nhất hồi tân.,一日一回新。
Khắc định quyết gia.,剋定厥家。
"Phụ viết: “Ta! Dư tử hành dịch,",父曰：「嗟！予子行役，
Hoàng bác kỳ mã.,皇駁其馬。
Kỵ tào Thái Hữu Lân.,騎曹蔡有鄰。
Lão nho bất dụng thượng thư lang.,老儒不用尚書郎。
Vân thâm bất tri xứ.,雲深不知處。
Cưỡng khán Thu Phố hoa,強看秋浦花。
Phi nhập thanh thiên thái vân lý.,飛入青天彩雲裏。
"Nhân duyên lưỡng địa tương tư trọng,",姻緣兩地相思重，
Tái phi tái minh.,載飛載鳴。
"Kham ta bách vạn chinh tây tốt,",堪嗟百萬征西卒，
Anh linh chi khí.,英靈之氣。
"Cảm Tống Ngọc đối Sở vương thuyết thần nữ chi sự, toại tác tư phú.",感宋玉對楚王說神女之事，遂作斯賦。
Bách niên hỗn thị hý văn trường.,百年渾是戲文場。
Minh niên hoa khai phục thuỳ tại.,明年花開復誰在。
"Cảm tâm động nhĩ, hồi trường thương khí.",感心動耳，迴腸傷氣。
Do lai tự tương hứa.,由來自相許。
Oán thịnh niên chi mạc đương.,怨盛年之莫當。
"Mạn đạo xuân lai hảo,",謾道春來好，
Hắc dạ trầm trầm hàn tác tác.,黑夜沈沈寒索索。
"Thiếp kim năng sử ô đầu bạch,",妾今能使烏頭白，
"Cửu thu thất tịch tu du dị,",九秋七夕須臾易，
"Sơn hoa như tú giáp,",山花如繡頰，
Phong tài lăng lăng thượng như tạc.,風裁棱棱尚如昨。
"Thuấn mẫn tại gia,",舜閔在家，
"Dạ lai cân thượng lệ,",夜來巾上淚，
"Bỉ Phần nhất khúc,",彼汾一曲，
"Chấn sơn linh hề, kinh hải nhược.",震山靈兮驚海若。
"Lục song thư tự ký tâm khúc,",綠窗書字寄心曲，
Sảo bất xứng tình tiện ta hành lộ gian.,稍不稱情便嗟行路艱。
"Khảo bốc duy vương,",考卜維王，
Khê thượng đối âu nhàn.,溪上對鷗閒。
"Hoặc lai chiêm nhữ,",或來瞻女，
"Minh mị tiên nghiên năng kỷ thì,",明媚鮮妍能几時，
Biên nam ngạnh sứ trình.,邊南梗使程。
"Thiên nhai hạo đãng mê nhạn tích,",天涯浩蕩迷鴈跡，
Đại thiên hành hoá hoàng thượng nhược viết:,代天行化皇上若曰。
Thiên thanh dã khoáng lai hàm chiến.,天清野曠來酣戰。
Bất giao tiện nhập Hàm Trì trung.,不教便入咸池中。
"Huống phục thời gian bất nhất định,",況復時間不一定，
"Khuếch độc tiềm nhi chuyên tinh hề, thiên phiêu phiêu nhi tật phong.",廓獨潛而專精兮，天漂漂而疾風。
Nguyện đắc thiên lao toả oan phách.,願得天牢鎖冤魄。
"Nhược vi ty bất đoạn,",若為絲不斷，
Vĩnh dĩ vi hảo dã.,永以為好也。
"Sở Tương Vương dữ Tống Ngọc du ư Vân Mộng chi phố, sử Ngọc phú Cao Đường chi sự. Kỳ dạ vương tẩm, quả mộng dữ Thần nữ ngộ, kỳ trạng thậm lệ. Vương dị chi, minh nhật dĩ bạch Ngọc.",楚襄王與宋玉遊於雲夢之浦，使玉賦高唐之事。其夜王寢，果夢與神女遇，其狀甚麗。王異之，明日以白玉。
Cử thể lan huệ hương.,舉體蘭蕙香。
"Đống bích sương hoa giao ẩn khởi,",凍壁霜華交隱起，
Toạ sử kỳ tài thành khí vật.,坐使奇材成棄物。
Thô mao thích phá hoa.,粗毛刺破花。
"Thử hành nhập Tần kế vị tiểu,",此行入秦計未小，
Vũ kiếm sương tuyết xuy thanh xuân.,舞劍霜雪吹青春。
"Thê tử hà kham hề, độc túc cô phòng.",妻子何堪兮，獨宿孤房。
"Đương thời thác oán Hàn Cầm Hổ,",當時錯怨韓擒虎，
"Thái thái phù dĩ,",采采芣苡、
Quy vọng đoạn Hà Tê.,歸望斷河西。
"Ức thích băng ký,",抑釋掤忌，
Vật trầm hàm nhi tự ngược.,勿沈酣而自虐。
"Oanh thanh huyên vật ngoại,",鶯聲喧物外，
"Cao cầu báo tụ,",羔裘豹褎，
"Duy sư Thượng Phụ,",維師尚父，
Hà dụng khúc như câu?,何用曲如鉤？
Nhi giao thôn quỹ chi?,而交吞揆之？
"Xã ủng khả lộc khê khả ngư,",社瓮可漉溪可漁，
Trác lập thiên cốt sâm khai trương.,卓立天骨森開張。
"Minh niên hoa phát tuy khả trác,",明年花發雖可啄，
"Vu dĩ điện chi,",于以奠之？
Vãng vãng khám không loại sàm khắc.,往往崁空類鑱刻。
Sân sân kỳ lộc.,甡甡其鹿。
Trường sàm quải bích lê sinh y.,長饞挂壁犁生衣。
Oanh vu hựu cải cựu thời viên.,縈紆又改舊時圓。
Ngũ nguyệt tư chung động cổ.,五月斯螽動股，
"Chỉ nhật cầm Vũ hề, ngọc thạch câu thương.",指日擒羽兮，玉石俱傷。
"Đạo cao đức trọng,",道高德重，
Duyên vân thanh thiết ca thanh thượng.,緣雲清切歌聲上。
"Càn khôn vạn cổ nhất thanh trí,",乾坤萬古一清致，
Nhật dụng ẩm thực.,日用飲食。
"Chỉ tri lang thác tận hoàng kim,",只知郎橐盡黃金，
Vạn thọ vô cương.”,萬壽無疆！
Thức tự tại vị.,式序在位。
Thì thì song ngoại lương phong quá.,時時窗外涼風過。
Cẩm dực giá cô phi.,錦翼鷓鴣飛。
"Đông vọng hà du du,",東望何悠悠，
"Dư nãi hy hư trướng ưởng,",余乃欷歔悵怏，
"Hốt văn hải thượng hữu tiên sơn,",忽聞海上有仙山，
"Ngâm án tích thành thiên thập phú,",吟案積成篇什富，
"Phụ nhân bất hạ đường,",婦人不下堂，
"Ký hữu phì trữ,",既有肥羜，
"Nhất lạc bút, nhi lưỡng tội chương hề, đắc Xuân thu chi vi chỉ.",一落筆而兩罪彰兮，得春秋之微旨。
"Đắc vinh tư nhục,",得榮思辱，
Tiểu Kiều chung lão giá Chu Lang.,小喬終老嫁周郎。
"Không ca bạt sơn lực,",空歌拔山力，
Nhất thất huyên hoa chung noãn nhiệt.,一室喧嘩終暖熱。
Thử sự hoảng hốt nan minh luân.,此事恍惚難明論。
"Vi hình tàng diệp lý,",微形藏葉裏，
"Lô trúc sinh hoa thu mãn địa,",蘆竹生花秋滿地，
"Ưu lộc trạc trạc,",麀鹿濯濯，
Di tượng hữu nghiêm.,遺像有嚴。
"Diện trang thủ sức tạp đề ngân,",面粧首飾雜啼痕，
Hôn nha tiếp sí hy.,昏鴉接翅稀。
"Thạch hiểm thiên mạo phân,",石险天貌分，
"Tứ mẫu bàng bàng,",四牡彭彭，
Tử hữu đình nội.,子有廷內，
Cảnh mệnh hữu bộc.,景命有僕。
Đế lý yên hoa táp tửu thuyền.,帝里煙花匝酒船。
"Mỹ bình cửu cù,",靡蓱九衢，
Vu tư lạc hề.,于胥樂兮。
Sắc thư trúc đệ ưu hàng vương.,敕書築第優降王。
"Ngư ly vu liễu,",魚麗於罶，
Đông Sơn tiểu kỹ ca.,東山小妓歌。
"Tây Mẫu tửu tương lan,",西母酒將闌，
Ngã Thánh tướng: tâm tạo hoá chi tâm dĩ vi tâm; trí tạo hoá chi trí dĩ vi trí.,我聖相：心造化之心以為心，智造化之智以為智。
"Chí tư quyên nhuyễn chi vi trùng, diệc hiệu xảo tâm chi nhất thí.",至茲蜎蝡之微虫，亦效巧心之一試。
"Uy nghi tốt mê,",威儀卒迷，
"Túng ngã bất vãng,",縱我不往，
