vi,cn
"Sinh tử do lai bãi vấn trình,",生死由來罷問程，
Nhân duyên thời tiết tự nhiên thành.,因緣時節自然成。
"Sơn vân dã hữu xuất sơn thế,",山雲也有出山勢，
Giản thuỷ chung vô đầu giản thanh.,澗水終無投澗聲。
"Tuế tuế hoa tuỳ tam nguyệt tiếu,",歲歲花隨三月笑，
Triêu triêu kê hướng ngũ canh minh.,朝朝雞向五更鳴。
"A thuỳ hội đắc nương sinh diện,",阿誰會得娘生面，
Thuỷ tín nhân thiên tổng giả danh.,始信人天總假名。
"Phiêu bồng ngã bối các tha hương,",漂蓬我輩各他鄉，
Tân khổ thiên quân phận ngoại thường.,辛苦天君分外常。
"Tính mệnh kỷ hồi tần tử địa,",性命幾迴頻死地，
Tu mi tam độ nhập linh đường.,鬚眉三度入齡堂。
"Kinh nhân sự nghiệp thiên đào chú,",驚人事業天陶鑄，
Bất thế phong vân đế chủ trương.,不世風雲帝主張。
"Giả sử tiền đồ tận di thản,",賈使前圖盡夷坦，
Anh hùng hào kiệt giã dung thường.,英雄豪傑也容常。
"Dục biệt tình hoài ý ảm nhiên,",欲別情懷意黯然，
Mộ vân xuân thụ lưỡng kham liên.,暮雲春樹兩堪憐。
"Tích phi mệnh sứ nguyên phùng diện,",昔非命使原逢面，
Kim thức Kinh Châu diệc thị thiên.,今識荊州亦是天。
"Đối tửu khởi đồng Từ Nhụ tháp,",對酒豈同徐孺榻，
Luận văn cộng tải Lý Ưng thuyền.,論文共載李膺船。
"Yếu tri biệt hậu tương tư cận,",要知別後相思近，
Trường tại quang phong tễ nguyệt tiền.,長在光風霽月前。
"Lạp lạp phong xuy phất diện sa,",獵獵風吹拂面沙，
Đàm đàm quan phủ kiến cao nha.,潭潭官府建高衙。
"Tham khan bách nhị quan hà khoát,",貪看百二關河闊，
Bất cố bát thiên lộ đồ xa.,不顧八千路途賒。
"Tôn hạp quế bàn khai cái thỉnh,",樽盒桂盤開蓋請，
Y quan lễ nhạc quý hoàng hoa.,衣冠禮樂愧皇華。
"Nhân sinh tụ tán như nam bắc,",人生聚散如南北，
Đồng nhạc thanh triêu hậu đức gia.,同樂清朝厚德嘉。
"Sơn sắc thương nhiên khách tiêu nhiên,",山色蒼然客蕭然，
Cáp như hỗn độn vị khai niên.,恰如混沌未開年。
"Tháp tiêm ẩn ẩn khung lâm bán,",塔尖隱隱穹林半，
Tiều đặng thâm thâm cổ thụ điên.,樵嶝深深古樹巔。
"Cao các đối giang sổ quy nhạn,",高閣對江數歸雁，
Thanh âm cứ thạch trạc phi tuyền.,清陰踞石濯飛泉。
"Tự tri nhàn tịch phi ngô sự,",自知閒寂非吾事，
Vị cảm luân tâm dữ túc thiền.,未敢輪心與足禪。
"Bất kham điên đảo thị suy Thương,",不堪顛倒視衰商，
Trung tiết chiêu hồi nhật nguyệt quang.,忠節昭回日月光。
"Cuồng, độn cánh thuỳ ưu cố quốc,",狂遁更誰憂故國，
Qui châm hà cảm phụ thời vương.,規箴何敢負時王。
"Nhân nhân tâm khiếu phi tường ngược,",人仁心竅非戕虐，
Phương bá y nhung thả hối tàng.,方霸衣戎且晦藏。
"Lục thất thánh hiền di tích diểu,",六七聖賢遺跡渺，
Lũng đầu cô ổ tiểu bi hương.,壟頭孤塢小碑香。
"Thiên thiên di tích thính ai minh,",芊芊遺跡聽哀鳴，
Sắt sắt thu thanh diệp lạc thanh.,瑟瑟秋聲葉落聲。
"Do thị nguyệt minh tam kính cúc,",猶是月明三徑菊，
Vị hà phong tiễn nhất chi kinh.,謂何風剪一枝荊。
"Tuý dư hoa giáp nan thành tịch,",醉余花甲難成席，
Trước nhữ ban y bất tại đình.,著汝斑衣不在庭。
"Cạnh phú linh nguyên vô thiểu bổ,",競賦鴒原無少補，
Phật tiền đính lễ phúng tâm kinh.,佛前頂禮諷心經。
"Vãn vân kiếm kích bích toàn ngoan,",挽雲劍戟碧巑岏，
Hải thẩn thôn triều quyển tuyết lan.,海唇吞潮捲雪瀾。
"Xuyết địa hoa điền xuân vũ tễ,",綴地花鈿春雨霽，
Hám thiên tùng lại vãn sương hàn.,撼天松籟晚霜寒。
"Sơn hà kim cổ song khai nhãn,",山河今古雙開眼，
Hồ Việt doanh thâu nhất ỷ lan.,胡越贏輸一倚欄。
"Giang thuỷ đình hàm tà nhật ảnh,",江水渟涵斜日影，
Thác nghi chiến huyết vị tằng can.,錯疑戰血未曾乾。
"Sóc phong xuy hải khí lăng lăng,",朔風吹海氣凌凌，
Khinh khởi ngâm phàm quá Bạch Đằng.,輕起吟帆過白藤。
"Ngạc đoạn kình khô sơn khúc khúc,",鱷斷鯨刳山曲曲，
Qua trầm kích chiết ngạn tằng tằng.,戈沉戟折岸層層。
"Quan hà bách nhị do thiên thiết,",關河百二由天設，
Hào kiệt công danh thử địa tằng.,豪傑功名此地曾。
"Vãng sự hồi đầu ta dĩ hĩ,",往事回頭嗟已矣，
Lâm lưu phủ ảnh ý nan thăng.,臨流撫影意難勝。
"Biển chu Thiên Đức hệ tà huy,",扁舟天德繫斜暉，
Vong Nguyễn hoang khâu dĩ tích thì.,亡阮荒丘已昔時。
"Túc túc di linh tàng trạch thụ,",肅肅遺靈藏澤樹，
Thanh thanh cổ sắc chẩm giang tì.,青青古色枕江祠。
"Đồng quan vô phục thành long khí,",桐棺無復成龍氣，
Hoa biểu duy tồn túc hạc chi.,華表惟存宿鶴枝。
"Ngưng trữ bách niên thành nhất khái,",凝佇百年成一慨，
Hoàng hôn tiểu lập tự nga thi.,黃昏小立自哦詩。
"Lục Đầu giang thượng Mạc thành hoang,",六頭江上莫城荒，
Đoạn bích tàn bi mộ chiếu thương.,斷壁殘碑暮照蒼。
"Hoa thảo kỷ kinh xuân đại tạ,",花草幾經春大謝，
Giang sơn do tiếu cổ hưng vong.,江山猶笑古興亡。
"Yên mê viễn phố hương tình trọng,",烟迷遠浦鄊情重，
Vân đoạn cô thôn lữ tứ mang.,雲斷孤村旅思忙。
"Nam vọng thần loan hà xứ thị,",南望宸鑾何處是，
Hy luân nhất phiến dũng thương lang.,曦輪一片湧滄浪。
"Bái liễu đan đình sấn Nhị hà,",拜了丹庭趁珥河，
Chinh bào phá hiểu ánh hồng hà.,征袍破曉映紅霞。
"Giang đình khiển quyển do khuynh cái,",江亭繾綣猶傾蓋，
Dịch lộ khu trì dĩ chỉ xa.,驛路驅馳已止車。
"Vạn lý hàng hàng tuỳ lữ thứ,",萬里行行隨侶次，
Cửu tiêu luyến luyến vọng kinh hoa.,九霄戀戀望京華。
"Tinh diêu ký thủ quy kỳ nhật,",星軺記取歸其日，
Bàng đĩnh tường đầu lung nhật hoa.,傍挺牆頭籠日花。
"Vãn tận thiên hà tẩy giáp binh,",挽盡天河洗甲兵，
Miếu đường vô ý sự biên chinh.,廟堂無意事邊征。
"Giang sơn hữu hạn phân nam bắc,",江山有限分南北，
Hồ Việt đồng phong các đệ huynh.,胡越同風各弟兄。
"Nguyệt mãn man thôn nhàn dạ tích,",月滿蠻村閒夜析，
Vũ dư dã thiếu lạc xuân canh.,雨餘野燒樂春耕。
"Quân ân vị hiệu quyên trần báo,",君恩未效涓塵報，
Nhất cá ninh từ vạn lý hành.,一個寧辭萬里行。
"Bát thiên nhật dịch giá chinh yên,",八千馹繹駕征鞍，
Vạn cảnh thanh quang vọng nhãn khoan.,萬景清光望眼寬。
"Hoa lĩnh thiên cao vân lạc mạc,",華嶺天高雲落莫，
Động Đình nguyệt chiếu thuỷ thanh liên.,洞庭月照水清漣。
"Tần cung, Sở quán kim hà tại,",秦宮楚館今何在，
"Hán điện, Tuỳ lâu cổ hữu truyền.",漢殿隋樓古有傳。
"Mạc vị Thiên Thai vô xứ mịch,",莫謂天台無處覓，
Yên Đài đáo xứ thị thần tiên.,燕臺到處是神仙。
"Tiền niên Đinh đế đáo sơn gian,",前年丁帝到山間，
Thuỷ trúc hoàng thiên hậu thổ đàn.,始築黃天后土壇。
"Tụ nghĩa thạch bi truyền vãng sự,",聚義石碑傳往事，
Sơ lâm tự ký cáo nhân hoàn.,初林字記告人還。
"Cổ thời dĩ biến thuỳ tham vấn,",古時已變誰摻問，
Kim ý tiềm canh đáp dị quan.,今意潛耕答異觀。
"Tây quốc loa đầu giai thổ mộc,",西國螺頭皆土木，
Tế bần khước tặc mặc vô can.,濟貧卻賊默無干。
"Nam sơn viễn viễn hiểu lôi minh,",南山遠遠曉雷鳴，
Tự hướng nhân gian tố bất bình.,似向人間訴不平。
"Nhất xuất điện quang thiên hữu thuấn,",一出電光天有瞬，
Tài qua phong tín trúc vô thanh.,纔過風信竹無聲。
"Bồn gian thử tổ sân nùng đạm,",盆間鼠祖嗔濃淡，
Dã ngoại cưu phu đố vũ tình.,野外鳩夫妒雨晴。
"Trì tửu cách ly đối lân tẩu,",持酒隔籬對鄰叟，
Hà phương sách sách thoại tang canh.,何妨嘖嘖話桑耕。
"Nan tầm nam dũng tại gia trung,",難尋男勇在家中，
Nhất quốc giai như thán bích khung.,一國皆如歎碧穹。
"Phu tử dĩ xuy anh khí diễm,",夫子已吹英氣焰，
Quan tham hựu phấn phụ tâm hưng.,官貪又奮婦心興。
"Trưng vương nam bắc nhân sùng trọng,",徵王南北人崇重，
Trình tướng chinh chu tặc tán vong.,程將征朱賊散亡。
"Thế vận bất phù mưu bất toại,",世運不扶謀不遂，
Tiền thời tâm sự hậu đương cung.,前時心事後當恭。
"Cù lao cúc dục thủ như bồng,",劬勞鞠育首如蓬，
Nhũ bộ đa tư bảo mẫu công.,乳哺多資保姆功。
"Noãn dục mỗi hoài kê đại áp,",卵育每懷雞代鴨，
Ngoã chương ninh luận huỷ phi hùng.,瓦璋寧論虺非熊。
"Bình sinh bất thức chi vô tự,",平生不識芝無字，
Trú dạ thường quan cưỡng bảo đồng.,晝夜常關襁褓童。
Cảm cáo thân dân chư phụ mẫu,敢告親民諸父母，
Tu tri bảo xích nhất ban đồng.,須知保赤一般同。
"Thập tải trần ai ám ngọc trừ,",十載塵埃暗玉除，
Bách niên thành phủ bán hoang khư.,百年城府半荒墟。
"Yêu ma trùng điểu cao phi tận,",么麼虫鳥高飛盡，
Chỉ uế càn khôn huyết chiến dư.,滓濊乾坤血戰餘。
"Tang tử binh tiền thiên lý lệ,",桑梓兵前千里淚，
Thân bằng đăng hạ sổ hàng thư.,親朋燈下數行書。
"Ngư long lãnh lạc nhàn thu dạ,",魚龍冷落閒秋夜，
Bách chủng u hoài vị nhất sư.,百種幽懷未一攄。
"Lô hà nam há thuỷ ương ương,",瀘河南下水泱泱，
Cách ngạn đê mê vọng Bát Tràng.,隔岸低迷望缽場。
"Ngu khí tựu đào tư mậu dịch,",虞器就陶資貿易，
Sở vân vô vũ tự phiêu dương.,楚雲無雨自飄揚。
"Hà bồng tự ốc liên trường ngạn,",葭芃序屋連長岸，
Tải thổ quy phàm quải tịch dương.,載土歸帆掛夕陽。
"Chiếm đắc tứ thời phong nguyệt hảo,",占得四時風月好，
Yên ba giang thượng vãng lai thương.,煙波江上往來商。
"Bất thị đam bần bất tố quan,",不是眈貧不做官，
Tố quan dung dị tố nhân nan.,做官容易做人難。
"Ngã tâm phỉ thạch cùng di cố,",我心匪石窮彌固，
Thiên đạo như toàn vãng phục hoàn.,天道如旋往復還。
"Đạm tửu tá xan trùng túc muộn,",淡酒借餐沖宿悶，
Tàn lô lưu hoả hộ tiêu hàn.,残爐留火護宵寒。
"Nhất sinh đắc táng tiêu nhàn mộng,",一生得喪消閒夢，
Lưu thủ tu mi đối lưỡng gian.,留取鬚眉對两間。
"Nô độn niên lai hứa quốc thân,",駑鈍年來許國身，
Trì khu dạ dạ khởi hiềm tần.,馳驅夜夜豈嫌頻。
"Gian trinh phi phạp tân cam tễ,",艱貞非乏辛甘劑，
Cát lợi toàn bằng phú dữ quân.,吉利全憑賦與鈞。
"Súc hữu lý thì tu dưỡng chính,",畜有履時須養正，
Tổn phùng ích xứ tiện hồi xuân.,損逢益處便回春。
"Hiền ngôn cứu tật hằng sinh huệ,",賢言疚疾恆生惠，
Tôn tiết thanh tu thị bảo chân.,樽節清修是保真。
"Trầm thuỷ yên tiêu khách mộng thanh,",沈水煙消客夢清，
Hàn đăng vô ngữ bạng nhân minh.,寒燈無語傍人明。
"Ngân hà cảnh cảnh lưu đương hộ,",銀河耿耿流當戶，
Hoàng diệp tiêu tiêu lạc mãn thành.,黃葉蕭蕭落滿城。
"Yểm hoạ trì đài thu trứ sắc,",奄畫池臺秋著色，
Thuỷ ngân thế giới nguyệt đa tình.,水銀世界月多情。
"Khởi nhân nhất bệnh thương hào khí,",豈因一病傷豪氣，
Thuỵ khởi cuồng ca tứ bích kinh.,睡起狂歌四壁驚。
"Chu xa điều đệ hảo phùng quân,",舟車迢遞好逢君，
Hương cận chi lan cửu bất văn.,香近芝闌久不聞。
"Trịnh trọng đình mai xuân bán điểm,",鄭重亭梅春半點，
Đê hồi lương nguyệt dạ bình phân.,低徊梁月夜平分。
"Sổ thanh ban mã tê phương thảo,",數聲斑馬嘶芳草，
Nhất phiến cô phàm quải tịch vân.,一片孤帆掛夕雲。
"Đa thiểu biệt tình nan tận thoại,",多少別情難盡話，
Mạn tương tam lộng ký ly quần.,謾將三弄記離群。
"Phiến phàm cao triển vãn phong khinh,",片帆高颭晚風輕，
Mộ túc Bình Nam cổ huyện thành.,暮宿平南古縣城。
"Đăng ảnh chiếu nhân hoà nguyệt ảnh,",燈影照人和月影，
Thụ thanh xao mộng tính than thanh.,樹聲敲夢併灘聲。
"Hồ sơn hữu ước vi sơ chí,",湖山有約違初志，
Tuế nguyệt như lưu mạn thử sinh.,歲月如流漫此生。
"Dạ bán thú lâu xuy hoạ giốc,",夜半戍樓吹畫角，
Khách trung thê sảng bất thăng tình.,客中悽愴不勝情。
"Uyển diên nhất đới bạch diêm thành,",碗蜒一帶白鹽城，
Dũng đạo nam hồi hoán Bố Chinh.,甬道南回喚布征。
"Cổ quái dân tâm chân khả uý,",古怪民心真可畏，
Thù ly ngôn ngữ bất kham thinh.,侏璃言語不堪聽。
"Bồng cao thất ốc am cư lậu,",蓬篙室屋諳居陋，
Võng cổ hương thôn túc trị sinh.,網罟鄉村足治生。
"Chỉ xích thần đô Tam Phụ địa,",咫尺神都三輔地，
Dã ưng giản phác tiệm khai minh.,也應簡樸漸開明。
"Động xuất nham yêu nhất vọng thâm,",洞出岩腰一望深，
Tà dương nguy đặng khách đăng lâm.,斜陽危磴客登臨。
"Khởi tu thổ mộc thi điêu hoạ,",豈須土木施彫畫，
Khẳng hứa trần ai nhiễm bích kim.,肯許塵埃染碧金。
"Bất nhị môn trung lưu trúc ảnh,",不二門中留竹影，
Bán thiên phong lý hưởng kình âm.,半天風裡響鯨音。
"Phùng tăng vị tất kham tương thoại,",逢僧未必堪相話，
Đãi bạch vân quy vấn cổ kim.,待白雲歸問古今。
"Tiên vân tình nhật tuyết hoa thiên,",鮮雲晴日雪花天，
Yên cảnh tam xuân thắng liễu xuyên.,煙景三春勝柳川。
"Hồng liễu bạch tần ngâm huống vị,",紅蓼白蘋吟況味，
La quần ỷ tụ tuý nhân duyên.,羅裙綺袖醉因緣。
"Thả đàm hồ hải Giang Nam sĩ,",且談湖海江南士，
Hưu phỏng phong lưu Thái Thạch tiên.,休訪風流采石仙。
"Cực phố tà dương ca hoãn trạo,",極浦斜陽歌緩棹，
Kỷ nhân đồng tải Hiếu liêm thuyền!,幾人同載孝廉船。
"Ngọc tỉnh phương lai bích ngẫu tài,",玉井方來碧藕栽，
Đương song phất kỷ túc đê hồi.,當窗拂幾足低徊。
"Trì tài dung nguyệt viên nhi tịnh,",池才容月圓而淨，
Hoa ái lâm phong hiểu bán khai.,花愛臨風曉半開。
"Tú cú hảo canh Khang Lạc vịnh,",秀句好賡康樂詠，
Nhàn tình hí bả Trịnh Công bôi.,閑情戲把鄭公杯。
"Trạch hoàn điểm thác phương lân bạn,",宅環點托芳鄰伴，
Dĩnh nhạ cao phương đái tuý hồi.,穎惹高芳帶醉回。
"Lữ tứ như thuần trứ xứ nùng,",旅思如醇著處濃，
Tương đầu huống ngộ Quách Lâm Tông.,相投況遇郭林宗。
"Thanh phân Sở giáp Tam Giang thuỷ,",清分楚峽三江水，
Hương nhạ Liên hoa Thập Trượng phong.,香惹蓮花十丈峰。
"Hào khí trực tương lăng bích Hán,",毫氣直將凌碧漢，
Tao âm bất thí khấu hoàng chung.,騷音不啻叩黃鍾。
"Tỉnh ngô nguyệt chiếu quy diêu ảnh,",井梧月照歸軺影，
Hảo hướng Thiên Đô ấp tiếu dung.,好向天都挹笑容。
"Tiền triều thuỳ thị Bùi hành khiển,",​前朝誰是裴行遣，
Cố lý y nhiên thử học đường.,故里依然此學堂。
"Hữu bản tỉnh tuyền trừng đạo mạch,",有本井泉澄道脈，
Thường xuân hoa thảo đới thư hương.,常春花草帶書香。
"Sinh phùng thánh thế sinh tư lạc,",生逢聖世生斯樂，
Thọ tại tài danh thọ đắc trường.,壽在才名壽得長。
"Tùng lĩnh thanh thanh Mai thuỷ bạch,",松嶺青青梅水白，
Thời lai tiện hữu đại văn chương.,時來便有大文章。
"Hạ thanh hà xứ bắc giang khâm,",下清何處北江襟，
U tịch như tằng hữu phạm lâm.,幽寂如曾有梵林。
"Chung cổ y hy sơn hưởng lượng,",鐘鼓依稀山響喨，
Lâu đài ẩn hiện thụ âm thâm.,樓臺隱現樹陰深。
"Bất tình phàm tiếp đồ danh lợi,",不情帆楫徒名利，
Vô lượng hà sa tự cổ kim.,無量河沙自古今。
"Nhất vĩ thuỳ tam tăng tại phủ,",一葦垂參僧在否，
Tĩnh quan dư diệc dục thiền tâm.,靜觀余亦欲禪心。
"Nhất tòng tị địa dao tiên lũng,",一從避地遙先壟，
Yểm hốt kim triêu hựu kỵ thần.,奄忽今朝又忌辰。
"Sương lộ hiếu tư không tại niệm,",霜露孝思空在念，
Tần phiền bạc điện cánh thuỳ nhân.,蘋蘩薄奠更誰因。
"Bát thiên lý lộ tha hương khách,",八千里路他鄉客，
Tứ thập ngũ niên vô mẫu thân.,四十五年無母身。
"Tâm tích thử thời câm bất đắc,",心析此時禁不得，
Lâm phong sái lệ bội thương thần!,臨風洒淚倍傷神。
"Canh cải đa đoan tử phục sinh,",更改多端死復生，
Du du hương lý bất thăng tình.,悠悠鄉里不勝情。
"Nam quan điều đệ ưng đầu bạch,",南關迢遞應頭白，
Bắc quán yêm lưu giác mộng kinh.,北館淹留覺夢驚。
"Tướng quốc tài nan tàm Lý Bật,",相國才難慚李泌，
Thiên đô kế chuyết khốc Bàn Canh.,遷都計拙哭盤庚。
"Kim âu kiến khuyết vô do hợp,",金歐見缺無由合，
Đãi giá tu tri ngọc phỉ khinh.,待價須知玉匪輕。
"Thế sự du du nại lão hà,",世事悠悠奈老何，
Vô cùng thiên địa nhập hàm ca.,無窮天地入酣歌。
"Thời lai đồ điếu thành công dị,",時來屠釣成功易，
Vận khứ anh hùng ẩm hận đa.,運去英雄飲恨多。
"Trí chúa hữu hoài phù địa trục,",致主有懷扶地軸，
Tẩy binh vô lộ vãn thiên hà.,洗兵無路挽天河。
"Quốc thù vị báo đầu tiên bạch,",國讎未報頭先白，
Kỷ độ Long Tuyền đới nguyệt ma.,幾度龍泉戴月磨。
"Dạ thự, vân không, kiến thuý vi,",夜曙雲空見翠微，
"Thiên biên du tử quải chinh y,",天邊遊子掛征衣。
"Nguyệt tà viễn tự chung sơ động,",月斜遠寺鍾初動，
Sương lạc hàn giang tịch thuỷ quy.,霜落寒江汐始歸。
"Thu nhập Ngũ hồ hoà ngã cộng,",秋入五湖和我共，
Tâm quan Tam Điệp hữu thuỳ tri.,心關三疊有誰知。
"Tinh ngôn thử tịch như hà tịch,",星言此夕如何夕，
Cấm lậu canh thâm bị triệu thì.,禁漏更深被召時。
"Mặc thụ đồng chương thập nhị niên,",墨綬銅章十二年，
Thử thân nhật vọng thánh triều liên.,此身日望聖朝憐。
"Bệnh nhân đa sự thả hưu hĩ,",病因多事且休矣，
Phúc hữu nhất xan do quả nhiên.,腹有一餐猶果然。
"Khứ quốc khởi vô bằng bối tại,",去國豈無朋輩在，
Quy gia vị tất tử tôn hiền.,歸家未必子孫賢。
"Mông lung bả trản tòng kim sự,",曚曨把盞從今事，
Chỉ khủng di ô đáo giản biên!,祇恐遺洿到簡編！
"Uổng tác thanh biên tiếu mạ nhân,",枉作青編笑罵人，
Si minh hà hạ cố quan thân.,癡瞑何暇顧冠紳。
"Đạn luân tuỳ hoá phi do nhĩ,",彈輪隨化非由爾，
Phong nghĩ vô tri thượng hữu quân.,蜂蟻無知尚有君。
"Quỳ thảo dục khô do hướng nhật,",葵草欲枯猶向日，
Bồng căn dĩ đoạn khởi tri xuân.,蓬根已斷豈知春。
"Tân triều túng hảo phi ngô phận,",新朝縱好非吾分，
Trở thị doanh thâu mộng vị chân.,俎是贏輸夢未真。
"Nhất niên thuỳ tận dạ thâm lai,",一年垂盡夜深來，
Đăng hoả minh tinh chiếu đế đài.,燈火明星照帝臺。
"Bồng Các thử đồng y thủ tuế,",蓬閣此同衣守歲，
Đồ tô kỷ chước hậu xưng bôi.,屠蘇幾勺後稱盃。
"Toạ kinh Giáp Tý tu du quá,",坐驚甲子須臾過，
Cánh khủng cung hồ điểm chích thôi.,更恐宮壺點滴催。
"Vị phỏng Đông Pha xà hệ túc,",爲訪東坡蛇系足，
Thi thành bát cú khiếm xao thôi.,詩成八句欠敲推。
"Thu hứng đình tiền nguyệt khứ thì,",秋興亭前月去時，
Mãn lâu sơn sắc tác tân thi.,滿樓山色索新詩。
"Tâm như liễu nhứ triêm nê tảo,",心如柳絮沾泥早，
Thân tự liên hoa xuất thuỷ trì.,身似蓮花出水遲。
"Kinh quyển dĩ thâu cư sĩ lạc,",經卷已輸居士樂，
Tửu tôn nghi dữ khả nhân kỳ.,酒樽宜與可人期。
"Ỷ lan khán biến Lang Hồ cảnh,",倚闌看遍郎湖景，
Trần tục phân phân tổng bất tri.,塵俗紛紛總不知。
"Thanh ngâm nhất khúc kỷ hồi văn,",清吟一曲幾回聞，
"Bán nhập giang lưu, bán nhập vân.",半入江流半入雲。
"Khứ Tấn dĩ ưng liên Tĩnh Tiết,",去晉已應憐靜節，
Xuất Hồ thuỳ phục ức Chiêu Quân.,出胡誰復憶昭君。
"Ngọc Quan chiết liễu nan vi điệu,",玉關折柳難為調，
U kính tài lan tri tự phân.,幽徑栽蘭知自芬。
"Thán tức giai nhân đa bất ngộ,",嘆息佳人多不遇，
Cận đăng đối chước cụ ân cần.,近燈對酌具慇勤。
"Dĩ thập niên dư bất tại gia,",已十年餘不在家，
Như kim phụ kỵ diệc thiên nhai.,如今父忌亦天涯。
"Mỗi tư thiểu hoán bài đăng chúc,",每思少喚排燈燭，
Lâm nhật duy tương dụng thái trà.,臨日惟將用菜茶。
"Lỵ sở ngưỡng kỳ khư tặc đảng,",莅所仰祈祛賊黨，
Hành thì phục nguyện khước sầu đa.,行時伏愿卻愁多。
"Bệnh trung thường ức hồi hương ngoạ,",病中常憶回鄉臥，
Vũ sái sơn biên lệ mãn hoà.,雨灑山邊淚滿和。
"Chanh giang tự cổ bạn Chanh lâm,",棦江自古伴棦林，
Thanh thuỷ thanh sơn bất dị tầm.,清水青山不易尋。
"Hữu phố hữu kiều đồng luyến khách,",有浦有橋同戀客，
Vô gia vô thị thượng tri âm.,無家無市尚知音。
"Tích thì vãn trú nhân nan đắc,",昔時挽住人難得，
Đương nhật hoan nghênh sự dĩ trầm.,當日歡迎事已沉。
"Kim ngộ xuân lai phùng vũ dạ,",今遇春來逢雨夜，
Hoặc đình vấn tửu hoán thuỳ châm.,或停問酒喚誰斟。
"Tễ vũ tình khai tế nhật lâm,",霽雨晴開蔽日林，
Chân cơ hoảng nhược kiến thiên tâm.,真機恍若見天心。
"Ngưu trầm tung dẫn, hồ quang tĩnh,",牛沉蹤泯湖光靜，
"Phụng khứ đài không, thảo sắc thâm.",鳳去臺空草色深。
"Thôn ổ khinh yên phù thuỷ đạm,",村塢輕煙浮水淡，
Tháp tiền thương thuý lạc hoa âm.,塔前蒼翠落花陰。
"Nhất đài thế giới hồn như tẩy,",一臺世界渾如洗，
Bất giả truy trần bán điểm xâm.,不假緇塵半點侵。
"Thành thị sinh nhai cánh nghiệp ngư,",城市生涯更業漁，
Thanh phong minh nguyệt bạn phù cư.,清風明月伴浮居。
"Bán giang yên lãng thiên tầm bích,",半江煙浪千尋碧，
Bách xích ty can nhất diệp hư.,百尺絲竿一葉虛。
"Đông Bộ sa bình khan bạng duật,",東步沙平看蚌鷸，
Tang Châu lạo tận lữ hà ngư.,桑州潦盡侶蝦魚。
"Giang hồ quảng mạc nhân vô sự,",江湖廣漠人無事，
Hoán tửu quy lai thả phạn sơ.,換酒歸來且飯蔬。
"Tần Thành lĩnh bạn thảo mông nhung,",秦城嶺畔草蒙茸，
Kiến chỉ Minh Phi táng lũng trung.,見指明妃塟隴中。
"Thuế trướng túng nhiên liên bạc mệnh,",毳帳縱然憐薄命，
Hương liêm hà tự lão thâm cung.,香奩何似老深宮。
"Liễu my linh lạc hàm thu lộ,",柳眉泠落含秋露，
Cầm vận thê thanh yết sóc phong.,禽韻凄清咽朔風。
"Thiên cổ mạn cừu Diên Thọ hoạ,",千古謾仇延壽畫，
Phi thường nhan mạo bút nan công.,非常顏貌筆難工。
"Thử địa niên tiền nhất hoạn du,",此地年前一宦遊，
Nhi kim nhân vật bán như thu.,而今人物半如秋。
"Nhi cô phụ quả thiên gia khốc,",兒孤婦寡千家哭，
Ốc đảo thuyền phiêu vạn hộ sầu.,屋倒船漂萬戶愁。
"Ai ngã chưng lê tao thử nạn,",哀我蒸藜遭此難，
Quái tai cụ mẫu tuyết hà cừu.,怪哉颶母雪何仇。
"Xuân Trường cựu hữu thân dân trách,",春長舊有親民責，
Thiện sách tàm ngô vị bán trù.,善策慚吾未半籌。
"Tuế nguyệt thông thông hoàn chí nhật,",歲月匆匆還至日，
Phiêu linh uất uất chỉ cùng sầu.,飄零鬱鬱只窮愁。
"Mãn tiền phong tuyết nan câm đắc,",滿前風雪難禁得，
Hà xứ thân bằng cánh khả cầu.,何處親朋更可求？
"Thanh mộng tam canh tần đoạn tục,",清夢三更頻斷續，
Hư sinh bán thế túc trầm phù.,虛生半世足沉浮。
"Dương hồi tiện thị càn khôn thái,",陽回便是乾坤泰，
Vị hợp minh thời nhất lỗ tù.,未合明時一虜囚。
"Đình thảo thành sào liễu hựu ty,",庭草成巢柳又絲，
Chinh phu hà nhật thị quy kỳ?,征夫何日是歸期？
"Bán liêm tàn nguyệt thương tâm dạ,",半簾殘月傷心夜，
Nhất chẩm đề quyên lạc lệ thì.,一枕啼鵑落淚時。
"Tái bắc vân trường cô nhạn ảnh,",塞北雲長孤雁影，
Giang nam xuân tận lão nga my.,江南春盡老蛾眉。
"Tạc lai kỷ độ tương tư mộng,",昨來幾度相思夢，
Tằng đáo quân biên tri bất tri?,曾到君邊知不知？
"Thế sự hồi đầu dĩ nhất không,",世事迴頭已一空，
Giang sơn vô lệ khấp anh hùng.,江山無淚泣英雄。
"Vạn dân nô lệ cường quyền hạ,",萬民奴隸強權下，
Bát cổ văn chương thuỵ mộng trung.,八股文章睡夢中。
"Trường thử bách niên cam thoá mạ,",長此百年甘唾罵，
Cánh tri hà nhật xuất lao lung?,更知何日出牢籠。
"Chư quân vị tất vô tâm huyết,",諸君未必無心血，
Thí hướng tư văn khán nhất thông.,試向斯文看一通。
"Hoàng đường dung dữ đáo thanh san,",黃堂容與到青山，
Viễn hoạn vô phương tá nhất nhàn.,遠宦無妨借一閒。
"Thảo hữu đông trùng nghi nhưỡng tửu,",草有冬蟲宜釀酒，
Ngư phanh man đặng hảo gia xan.,魚烹蠻磴好加餐。
"Tần khai ma tước lưu tân thoại,",頻開麻雀留賓話，
Thời dặc sơn kê sách mã hoàn.,時弋山雞策馬還。
"Đương đắc phô na phong vật ký,",當得舖那風物記，
Ngâm nang thu thập hứa nhân khan.,吟囊收拾許人看。
"Đế tải căng dân mặc bất ngôn,",帝載矜民默不言，
Dương xuân nhất khí chuyển càn khôn.,陽春一氣轉乾坤。
"Xích tiêu phác tễ thiên gia hoả,",赤霄撲霽千家火，
Đông lĩnh bài cao vạn mã đồn.,東嶺排高萬馬屯。
"Quyển ảnh ty ty thu nhật cước,",捲影絲絲收日腳，
Phi đào trận trận quá giang thôn.,飛濤陣陣過江村。
"Thử thời vạn vật sinh nhan sắc,",此時萬物生顏色，
Cộng tưởng triêm hàm hạo đãng ân.,共想霑涵浩蕩恩。
"Lưỡng ngạn thanh sơn nhất đới hà,",兩岸青山一帶河，
Sơn như bích lập thuỷ như xà.,山如壁立水如蛇。
"Giang tâm triều trướng Ngô Công quật,",江心潮漲蜈蚣窟，
Loan cước yên phong Biển bức oa.,巒腳煙封蝙蝠窩。
"Bàng chử ngư thiềm song nguyệt chiếu,",傍渚魚簷雙月照，
Lăng phong tiều kính bán vân già.,陵峰樵徑半雲遮。
"Từ lang cựu sự phong lưu thậm,",徐郎舊事風流甚，
Thiên cổ do truyền hải thượng ca.,千古猶傳海上歌。
"Ý thân phụ chính, tưởng Chu Công,",懿親輔政想周公，
Xử biến thuỳ tương Y Doãn đồng.,處變誰將伊尹同。
"Ngọc kỷ di ngôn thường tại niệm,",玉几遺言常在念，
Kim đằng cố sự cảm ngôn công.,金藤故事感言功。
"An nguy tự nhiệm phù vương thất,",安危自任扶王室，
Tả hữu vô phi bảo thánh cung.,左右無非保聖躬。
"Tử Mạnh khởi năng chiêm phảng phất,",子孟豈能占彷彿，
Ủng Chiêu cẩn khả ấp dư phong.,擁昭僅可挹餘風。
"Thử thân thử khứ tiếu tha đà,",此身此去笑蹉跎，
Thúc hốt cư chư tuế lục hoa.,倏忽居諸歳六華。
"Nhất tuyến thương yên hà xứ hoả,",一線蒼煙何處火，
Bán giang lục thảo thị thuỳ gia.,半江綠草是誰家。
"Sương xâm cổ thụ thê xuân yến,",霜侵古樹栖春燕，
Hà mạt hoang thôn thao mộ nha.,霞末荒村慆暮鴉。
"Chỉ xích hương quan thiên vạn lý,",咫尺鄉關天萬裏，
Bất kham hồi thủ vọng sào xa.,不堪回首望巢車。
"Tây Việt sơn xuyên đa hiểm hy,",西粵山川多險巇，
Hành hành tòng thử hướng thiên nhi.,行行從此向天涯。
"Băng nhai quái thạch nộ tương hướng,",崩崖怪石怒相向，
Thuỷ điểu sa cầm hiệp bất phi.,水鳥沙禽狎不飛。
"Thiên địa biên chu phù tự diệp,",天地扁舟浮似葉，
Văn chương tàn tức nhược như ty.,文章殘息弱如絲。
"Vị liên thượng quốc phong quang hảo,",為憐上國風光好，
Quan toả hương tình vị phóng quy.,關鎖鄉情未放歸。
"Thu mãn sơn thành bội tịch liêu,",秋滿山城倍寂寥，
Gia thư bất đáo hải thiên diêu.,家書不到海天遙。
"Nhân tình sơ mật xao bồng vũ,",人情疏密敲蓬雨，
Thế thái cao đê phách mạn triều.,世態高低拍漫潮。
"Tùng cúc cố lưu ta dị lộ,",松菊故留嗟異路，
Cầm thư tuế vãn hỷ đồng điều.,琴書歲晚喜同條。
"Kỷ đa lỗi khối hung trung sự,",幾多磊塊胸中事，
Thả hướng tôn tiền thí nhất kiêu.,且向樽前譬一驕。
"Lưu thuỷ du nhân lưỡng bất tình,",流水遊人兩不情，
Bằng hư chính hảo trạc trần anh.,憑虛正好濯塵纓。
"Thụ hoành lãng diện y vi bích,",樹橫浪面依微碧，
Lưu nhập vân căn đãng dạng thanh.,留入雲根蕩漾青。
"Sa điểu dục thê kinh trạo dược,",沙鳥欲棲驚棹躍，
Hồng hoa vô ngữ lộng triều sinh.,紅花無語弄潮生。
"Thuỳ tương nhất khúc xuân giang thuỷ,",誰將一曲春江水，
Vi tẩy quan hà vạn lý tinh.,為洗關河萬里腥。
"Bội kiếm huề thư đảm khí thô,",佩劍攜書膽氣粗，
Hải sơn vạn lý phiến phàm cô.,海山萬里片帆孤。
"Đồ trung nhật nguyệt tam đông quá,",途中日月三冬過，
Khách lý thân bằng nhất tự vô.,客裡親朋一字無。
"Dị cảnh mỗi kinh tân tuế nguyệt,",異境每驚新歲月，
Biển chu trùng ức cựu giang hồ.,扁舟重憶舊江湖。
"Tứ phương tráng chí bình sinh hữu,",四方壯志平生有，
Thử khứ ninh từ ngã bộc phô?,此去寧辭我僕痡。
"Vũ hậu xuân triều trướng hải môn,",雨後春潮漲海門，
Thiên phong xuy khởi lãng hoa phun.,天風吹起浪花噴。
"Bán lâm tàn chiếu si yên thụ,",半林殘照篩煙樹，
Cách thuỷ cô chung đảo nguyệt thôn.,隔水孤鐘搗月村。
"Phong cảnh khả nhân thi nhập hoạ,",風景可人詩入畫，
Hồ sơn mãn mục tửu doanh tôn.,湖山滿目酒盈樽。
"Cựu du lịch lịch dư tăng ký,",舊遊歷歷余曾記，
Vãng sự trùng tầm chỉ mộng hồn.,往事重尋只夢魂。
"Hải giác thiên nhai tứ ý ngao,",海角天涯肆意遨，
Kiền khôn đáo xứ phóng ngâm hào.,乾坤到處放吟毫。
"Ngư ca tam xướng yên hồ khoát,",漁歌三唱煙湖闊，
Mục địch nhất thanh thiên nguyệt cao.,牧笛一聲天月高。
"Thanh dạ bằng hư quan vũ trụ,",清夜憑虛觀宇宙，
Thu phong thừa hứng giá kình ngao.,秋風乘興駕鯨鰲。
"Du nhiên vạn sự vong tình hậu,",悠然萬事忘情後，
Diệu lý chân kham phó trọc lao.,妙理真堪付濁醪。
"Giang khoát triều bình nhật hựu tà,",江闊潮平日又斜，
Khấu huyền thừa hứng đáp ngư ca.,叩舷乘興答漁歌。
"Đoạn hồng quải hán thiên thu vũ,",斷虹掛漢天收雨，
Hoạ nghịch duyên lưu thuỷ tịch ba.,畫鷁沿流水寂波。
"Hồ hải thập niên tri kỷ thiểu,",湖海十年知己少，
Công danh lưỡng tự ngộ nhân đa.,功名兩字誤人多。
"Biển chu thăng dục tầm Trương Hãn,",扁舟塍欲尋張翰，
Nhất vị thuần lô nại nhĩ hà.,一味蒪鱸奈爾何。
"Mãn nhãn thanh sơn hựu lục ba,",滿眼青山又綠波，
Dao dao vạn lý phó kinh hoa.,遙遙萬里赴京華。
"Dĩ kham xích yến thương phương túc,",已堪斥鷃槍枋足，
Khởi vị Ô Công dĩ lễ la!,豈謂烏公以禮羅。
Kim nhật thánh triều chân hữu đạo?,今日聖朝真有道？
Thử sinh lãng tích khởi vô gia?,此生浪跡豈無家？
Thanh xuân tác bạn hoàn hương hảo.,青春作伴還鄉好，
Sở đắc ư thiên diệc dĩ đa!,所得於天亦已多。
"Nhân nghĩa vị cao, trung tín đà,",仁義為篙忠信柁，
Niên niên phiếm tác Đẩu quang tra.,年年泛作斗光槎。
"Tiên nguyên bất dụng thiên tao phóng,",仙源不用千艘訪，
Phật hải hà phương nhất diệp qua.,佛海何妨一葉過。
"Tái đạo khứ lai, nhàn áp lãng,",載道去來閒壓浪，
"Bình tâm hành chỉ, đẳng doanh khoa.",平心行止等盈科。
"Tế xuyên dĩ cụ Thương Nham tiếp,",濟川已具商岩楫，
Thả thính ngư nhi khuyến tửu ca.,且聽魚兒勸酒歌。
"Hà đại hoang từ bán dĩ đồi,",何代荒祠半已頹，
Đoạn bi vô tự ỷ không giai.,斷碑無字倚空階。
"Thạch lô linh lạc điền thanh thảo,",石壚泠落填青草，
"Hoạ bích điêu linh ế lục đài,",畫璧凋零翳錄苔。
"Cổ thụ tà dương cầm điểu loạn,",古樹斜陽禽鳥亂，
Không sơn dạ vũ quỷ thần ai.,空山夜雨鬼神哀。
"Nghĩ tầm di tích vô nhân đáo,",擬尋遺跡無人到，
Thời hữu phi vân khứ hựu lai.,時有飛雲去又來。
"Trượng thất càn khôn tất khả dung,",丈室乾坤膝可容，
Đặc sao chủng thụ khoá nhi đồng.,特抄種樹課兒童。
"Tài bồi tự hữu đông quân xảo,",栽培自有東君巧，
Sinh trưởng hà như tạo hoá công.,生長何如造化功。
"Bả quyển thụ gian miên ngọ nhật,",把卷樹間眠午日，
Hàm bôi hoa hạ tuý xuân phong.,啣杯花下醉春風。
"Tha thời thảng hữu quá tòng tiện,",他時倘有過從便，
Thử lạc ưng tu ngã dữ công.,此樂應須我與公。
"Thảo thấp triều minh tích vũ thiên,",草濕潮鳴積雨天。
Cùng hương khách ngoạ trệ sương yên.,窮鄉客臥滯霜煙。
"Dữ quân quát mục đa tam nhật,",與君刮目多三日。
Tiếu ngã trầm ngâm hựu nhất niên.,笑我沉吟又一年。
"Dã điểu đàm thi do bạn tục,",野鳥談詩猶伴俗，
Hàn kê kinh mộng bất kham miên.,寒雞驚夢不堪眠。
"Hồi đầu tương vọng tương tư xứ,",回頭相望相思處，
Cổ độ tiên kiều địa kỷ thiên.,古渡仙橋地幾千。
"Tằng lâu duyệt lịch kỷ tinh sương,",層樓閱歷幾星霜，
Thắng cảnh u thê dĩ bán hoang.,勝景幽淒已半荒。
"Trai táo yên tiêu xuân thảo mậu,",齋灶煙消春草茂，
Hoa giai lộ lãnh cốc phong lương.,花階露冷谷風涼。
"Nhiễu lâm linh thước y hàn thụ,",遶林靈鵲依寒樹，
Khấu án bần tăng xí diệu hương.,扣案貧僧熾妙香。
"Thiên cổ liêu liêu di tích tại,",千古寥寥遺跡在，
Triêu dương quá liễu hựu tà dương.,朝陽過了又斜陽。
"Đình đình đặc lập tuế hàn thân,",亭亭特立歲寒身，
Hảo tự Hy Hoàng dĩ thượng nhân.,好似羲皇以上人。
"Loa kế Phạn Vương trường độ lĩnh,",螺髻梵王長度嶺，
Kê bì tiên tẩu kiện đằng vân.,雞皮仙叟健騰雲。
"Xuân hồi lạc cộng mai sinh tử,",春回樂共梅生子，
Thu tĩnh hoan yêu quế tác tân.,秋靜歡邀桂作賓。
"Ngạo tận tuyết sương hoàn tự tín,",傲盡雪霜還自信，
Hồng quân phú dữ bất vi bần.,洪鈞賦予不為貧。
"Quỳnh Lôi sơn thượng thiên tình hảo,",瓊雷山上天晴好，
Hoàng diệp tòng phong xứ xứ phi.,黃葉從風處處飛。
"Điệp luyến tiền thời hoa hữu nhị,",蝶戀前時花有蕋，
Nhân lai cổ tự ỷ môn ni.,人來古寺倚門尼。
"Vãn tiều sổ cá khiêu tân khứ,",晚樵數個挑薪去，
Lão vĩ tam nhân đới lạp quy.,老娓三人帶笠歸。
"Nhất dạ tây hiên đồng ẩm lệ,",一夜西軒同飲淚，
Đãi minh thụ hạ tự phân kỳ.,待明樹下敘分岐。
"Thế duyên tiêu khước ngoại thê nhi,",世緣消卻外妻兒，
Tục khách ninh dung khoản trúc phi.,俗客寧容款竹扉。
"Thạch đỉnh phanh trà tăng cộng thoại,",石鼎烹茶僧共話，
Tùng đàn bộ nguyệt hạc đồng quy.,松壇步月鶴同歸。
"Đào thi tĩnh ngoạn u nhàn tưởng,",陶詩靜玩幽閒想，
Hy hoạch tiên tham động tĩnh ky.,羲劃先探動靜機。
"Đối tháp tạm thời bồi tiếu ngữ,",對塌暫時陪笑語，
Kinh trần hồi thủ ngộ tiền phi.,京塵迴首悟前非。
Phụng tiên hương phức phụng nghi đường.,鳳仙香馥鳳儀堂，
Nguyệt mãn đình giai tuyết mãn đường.,月滿庭階雪滿塘。
"Hứng đáo tiện công tần hữu tửu,",興到羨公頻有酒，
Bệnh lai tiếu ngã cưỡng thành chương.,病來笑我強成章。
"Tự truyền Phùng lạc đê Doanh Quốc,",敘傳馮樂低瀛國，
Tài loát Chu nan bạc Thú Dương.,才軋周難薄首陽。
"Thiền viện dục thiền thiền vị ổn,",禪院欲禪禪未穩，
Khấu quan tiêm thủ nạo đa phương.,叩關纖手撓多方。
"Thân thị đoan minh bộ ngọc đường,",身是端明步玉堂，
Khả lân tà nguyệt ấn hàn đường.,可憐斜月印寒塘。
"Tu mi lão hỹ đồ lâm kính,",鬚眉老矣徒臨鏡，
"Cẩm tú đa hồ mạc báo chương,",錦繡多乎莫報章。
"Châu lý, kim thoa chân đại ẩn,",珠履金釵真大隱，
"Hy thanh, đạm tửu hữu nguyên dương.",希聲淡酒有元陽。
"Dữ công vong tượng kiêm vong ý,",與公忘象兼忘意，
Hà tất y cuồng khổ mịch phương.,何必醫狂苦覓方。
"Hư linh phương thốn hữu minh đường,",虛靈方寸有明堂，
"Quế tại thiềm khuyên, liễu tại đường.",桂在蟾圈柳在塘。
"Tích thực tự doanh ngung nhược phẫu,",積實自盈隅若缶，
Tài cuồng đa tại phỉ nhiên chương.,裁狂多在斐然章。
"Diệp lưu đình thụ đương hàn tuế,",葉留庭樹當寒歲，
Hoa sáp triều trâm đối thái dương.,華插朝簪對太陽。
"Cổ sắt lai tiêu kỳ bí chỉ,",鼓瑟來霄蘄賁趾，
Chu hành thị ngã thứ tri phương.,周行示我庶知方。
"Nùng anh bội lội ngọc trì biên,",穠英蓓蕾玉墀邊，
Trường lập vu chu thị ngự tiền.,長立紆朱侍御前。
"Tố chất vô hương thuỳ dữ đố,",素質無香誰與妒，
Hồng nhan bất tế cánh kham liên.,紅顏不婿更堪憐。
"Xuân hoa tạ tận đan thành Phật,",春花謝盡單成佛，
Sắc tướng di lai bản tự thiền.,色相移來本自禪。
"Bất thị tứ thời khoa quý hiển,",不是四時誇貴顯，
Đan tâm chiếu hướng nhật trung thiên.,丹心照向日中天。
"Kỷ niên huề kiếm khách quan hà,",幾年攜劍客關河，
Mã thượng thu phong ức bệ la.,馬上秋風憶薜蘿。
"Sơn thế bắc liên Tam Điệp tận,",山勢北連三疊盡，
Viên thanh nam nhập Cửu Chân đa.,猿聲南入九真多。
"Thời nguy bất giác Chu quan tiện,",時危不覺周官便，
Đạo táng duy văn Sở khách ca.,道喪惟聞楚客歌。
"Ngã dục Bồng Lai lãm phương quế,",我欲蓬萊攬芳桂，
Bích thiên hoa nguyệt nại sầu hà?,碧天花月奈愁何。
"Bồng mấn tiêu tiêu hắc mạo sa,",蓬鬢瀟瀟黑帽沙，
Tuỳ phong hiểu nhập tướng công gia.,隨風曉入相公家。
"Nhân sinh bách tuế trùng dương kỷ,",人生百歲重陽幾，
Thu sắc tam phân cửu nguyệt đa.,秋色三分九月多。
"Tựu giải sầu trung ưng hữu tửu,",就解愁中應有酒，
Đắc hành lạc địa khả vô hoa.,得行樂地可無花。
"Mang nhiên nhất tuý thù giai tiết,",茫然一醉酬佳節，
Trường tiếu tây song phát hạo ca.,長笑西窗發浩歌。
"Thôn lao chước bãi tự đàm thi,",村醪酌罷自談詩，
Dục bả u hoài cánh hướng thuỳ?,欲把幽懷更向誰？
"Hoang kính nhân hành thu sắc thiếu,",荒徑人行秋色少，
Cố viên vũ lặc cúc hoa trì.,故園雨勒菊花遲。
Long Sơn hậu hội tri hà nhật?,龍山後會知何日？
Bành Trạch quy tâm tối thử thì.,彭澤歸心最此時。
"Vạn sự du du phiên nhất tuý,",萬事悠悠拚一醉，
Liễu tri thân đáo phụng hoàng trì.,了知身到鳳凰池。
"Sơn đầu tiếu chỉ cựu sơn gia,",山頭笑指舊山家，
Hốt hốt tây phong xuy mạo tà.,忽忽西風吹帽斜。
"Khứ thu kim thu hứng vị dĩ,",去秋今秋興未已，
Viễn tháp cận tháp vân tận già.,遠塔近塔雲盡遮。
"Phủ lạn kỳ tàn duy bạch thạch,",斧爛棋殘惟白石，
Sơn hàn thụ cổ vô đan hoa.,山寒樹古無丹花。
"Toạ ỷ sàm nham cha hoành địch,",坐倚巉巖咱橫笛，
Nhất nhạn cao không phi vãn hà.,一雁高空飛晚霞。
"Thập cấp tương tương sấn hiểu lam,",拾級相將趁曉嵐，
Thiều nghiêu cổ sát nhập vân thâm.,岧嶢古刹入雲深。
"Nhị Tô cựu ngụ không di tích,",二蘇舊寓空遺跡，
Song thụ trùng lai thượng hữu lâm.,雙樹重來尚有林。
"Đương hộ chung thanh tuỳ diệp lạc,",當戶鐘聲隨葉落，
Quyển liêm sơn sắc đáo song âm.,捲簾山色到窗陰。
"Bất tương, mính đính thù giai tiết,",不將酩酊酬佳節，
Không phụ đăng cao khế thưởng tâm.,空負登高契賞心。
"Thố phách hy vi thận ảnh trầm,",兔魄希微蜃影沈，
Lữ hoài hương tứ lưỡng nan câm.,旅懷鄉思兩難禁。
"Hoa phong động khẩu nhàn khai lạc,",花封洞口閑開落，
Triều khiết phong yêu tự thiển thâm.,潮齧峰腰自淺深。
"Nhất hoạn phong trần thuỳ tự ngã,",一宦風塵誰似我，
Trùng lai sơn thuỷ tích do câm.,重來山水昔猶今。
"Như hà triều thị năng tuyền thạch,",如何朝市能泉石，
Nghĩ hướng Từ lang đạo thử tâm.,擬向徐郎道此心。
"Sơn tại giang biên nhất thạch sơn,",山在江边一石山，
Âm sâm thảo mộc nguyệt tinh hàn.,陰森草木月星寒。
"Đài phong cổ tự Tây phương Phật,",苔封古寺西方佛，
Thụ bão hương từ Ngoại giáp quan.,樹抱鄉祠外甲官。
"Chung đạc tòng phong chiêu khách đáo,",鐘鐸從風招客到，
Thương thuyền lai tụ diệc cư an.,商船來聚亦居安。
"Tiền thì nhược tác mao gia trú,",前時若作茅家住，
Dĩ mại yên trà tự hữu hoan.,以賣烟茶自有歡。
"Tễ vũ hàn than tích lịch thanh,",霽雨寒灘積瀝清，
Cô đăng liêu lạc bất thăng tình.,孤燈寥落不勝情。
"Mộng hồi sạ ức gia hà xứ,",夢回乍憶家何處，
Lậu tận na tri dạ kỷ canh.,漏盡那知夜幾更。
"Vạn lại nhân thiên câu tĩnh mị,",萬籟人天俱靜寐，
Thiên phong thổ thạch vị phân minh.,千峰土石未分明。
"Ngâm thành tự tiếu Nam âm quých,",吟成自笑南音鴂，
Trừ thị ngư long nguyệt hạ thanh.,除是魚龍月下聲。
"Hoàng hoa hữu mệnh dạ tương thôi,",皇華有命夜相催，
"Tệ cát, luy câu, Nhĩ thuỷ ôi.",幣葛羸駒珥水隈。
"Thành quách mô hồ thanh vụ lý,",城郭摸糊青霧裡，
Gia hương phiếu diểu bạch vân đôi.,家鄉縹緲白雲堆。
"Tráng tâm sơ thí ba thiên khoảnh,",壯心初試波千頃，
Biệt tứ do hàm tửu bán bôi.,別思猶酣酒半杯。
"Tối thị bất câm trường đoạn xứ,",最是不禁腸斷處，
Chúc hồng dao duệ quá giang lai.,燭紅搖曳過江來。
"Sa chử miên diên địch vĩ sơ,",沙渚綿延荻葦疏，
Trạo ca thừa nguyệt tứ mang như.,棹歌乘月思茫如。
"Tào Tôn chiến địa hàn yên lý,",曹孫戰地寒煙裏，
Kinh Sở giang quan thịnh lạo sơ.,荊楚江關盛潦初。
"Bạch lãng phù không phong phàm kính,",白浪浮空風帆勁，
Hồng đăng cách ngạn thuỷ đình hư.,紅燈隔岸水亭虛。
"Pha tiên du hậu tương thuỳ tục,",坡仙遊後將誰續，
Cô đĩnh tiền than hiện dạ ngư.,孤艇前灘見夜漁。
"Lão nạp an miên Hồng Lĩnh vân,",老納安眠鴻嶺雲，
Phù âu tĩnh túc noãn sa tân.,浮鷗靜宿煖沙津。
"Nam minh tàn nguyệt phù thiên lý,",南溟殘月浮千里，
Cổ mạch hàn phong cộng nhất nhân.,古陌寒風共一人。
"Hắc dạ hà kỳ mê thất hiểu,",黑夜何其迷失曉，
Bạch đầu vô lại chuyết tàng thân.,白頭無賴拙藏身。
"Bất sầu cửu lộ triêm y duệ,",不愁久露霑衣袂，
Thả hỉ tu my bất nhiễm trần.,且喜鬚眉不染塵。
"Trệ vũ xao băng lãnh chuyển khâm,",滞雨敲冰冷轉衾，
Lô yên dục tẫn ngũ canh tâm.,爐烟欲燼五更心。
"Xuân phong vị tống hương tình úc,",春風爲送鄉情燠，
Tình tuyết thiên liên lữ mộng thâm.,晴雪偏憐旅夢深。
"Thôi chẩm hữu thanh đồng lậu bính,",催枕有聲銅漏迸，
Ngự hàn vô lực tửu hương trầm.,禦寒無力酒香沈。
"Sáp bình tà chiếu mai hoa ảnh,",插瓶斜照梅花影，
Tứ nhập bồi du ngoạn Thượng Lâm.,思入陪遊玩上林。
"Kim cổ triêu hôn ý tự nhàn,",今古朝昏意自閑，
Nhân truyền vũ bách vị tằng san.,人傳禹柏未曾刊。
"Thần công tứ tải Ân Chu thượng,",神功四載殷周上，
Nguyên khí nhất chi Giang Hán gian.,元氣一枝江漢間。
"Cốt tuấn đồng long thiên ấm hải,",骨峻銅龍天飲海，
Căn trầm thạch hổ tuyết liên san.,根沉石虎雪連山。
"Ma sa nghĩ vấn biền chi sự,",摩挲擬問胼胝事，
Di miếu triều ô khứ bất hoàn.,遺廟朝烏去不還。
"Thần quang tự diểu hứng thiên u,",神光寺杳興偏幽，
Sanh thố phi ô thiên thượng du.,撐兔飛烏天上遊。
"Thập nhị lâu đài khai hoạ trục,",十二樓臺開畫軸，
Tam thiên thế giới nhập thi mâu.,三千世界入詩眸。
"Tục đa biến thái vân thương cẩu,",俗多變態雲蒼狗，
Tung bất tri niên tăng bạch đầu.,松不知年僧白頭。
"Trừ khước chú hương tham Phật sự,",除卻炷香參佛事，
Tá dư niệm liễu tổng hưu hưu.,些餘念了總休休。
"Ban bồi ngọc duẩn thị hồng vân,",班陪玉筍侍紅雲，
Nhật biểu hy hy thuỵ khí ôn.,日表熙熙瑞氣溫。
"Vạn phái triều tông thương hải khoát,",萬派朝宗滄海闊，
Chúng tinh hoàn củng tử thần tôn.,眾星環拱紫宸尊。
"Ung dung “Trạm lộ” ca thi thập,",雍容湛露歌詩什，
Bàng phất “Quân thiên” nhập mộng hồn.,彷彿鈞天入夢魂。
"Cô nghiệt thu hào giai đế lực,",孤孽秋毫皆帝力，
Nguyện đàn trung xích báo thâm tư.,願殫忠赤報深思。
"Thác lạc nhân gia Nhĩ thuỷ tân,",錯落人家珥水津，
Cư nhiên biệt chiếm nhất thành xuân.,居然別占一城春。
"Đông tây kiều các kiêm thiên khởi,",東西橋閣兼天起，
Hồ Hán y quan đặc địa phân.,胡漢衣冠特地分。
"Mục túc thu kiêu kim lặc mã,",苜蓿秋驕金勒馬，
Bồ đào xuân tuý ngọc lâu nhân.,葡萄春醉玉樓人。
"Niên niên tự đắc phồn hoa thắng,",年年自得繁華勝，
Bất quản Nam minh kỷ độ trần.,不管南溟幾度塵。
"Cửu thập thu quang tài thất nhật,",九十秋光纔七日，
Huyền cô kim nhật phác kim triêu.,懸孤今日撲今朝。
"Tinh thần thanh triệt than quang để,",精神清徹灘光底，
Cốt cách cô cao kiệt lĩnh tiêu.,骨骼孤高傑嶺僄。
"Ỷ tịch đại đồng châu lý hiệp,",綺席大同珠履狎，
Diệu cơ tế xướng thuý hoàn kiều.,妙姬齊唱翠環嬌。
"Nhân sinh đắc ý tu tương lạc,",人生得意須相樂，
Hà tất tùng xuân chúc toán dao.,何必松椿祝算遙。
"Vạn đội du long ủng ngọc hoàng,",萬隊遊龍擁玉皇，
Uy gia tứ hải cộng phi dương.,威加四海共飛揚。
"Tảo không tích vụ khai thu sắc,",掃空積霧開秋色，
Y cựu trung thiên kiến thái dương.,依舊中天見太陽。
"Xuy khứ dĩ vô trần cấu tại,",吹去已無塵垢在，
Qui lai trùng đổ thất gia xương.,歸來重睹室家昌。
"Phi khâm độc tự ngâm du tử,",披襟獨自吟遊子，
Tây thượng tường vân thị cố hương.,西上祥雲是故鄉。
"Thập tải giang hồ nhất diệp chu,",十載江湖一葉舟，
Tây phong xuy tận hắc điêu cừu.,西風吹盡黑貂裘。
"Sương hàn dã tự chung sơ dạ,",霜寒野寺鐘初夜，
Nguyệt mãn giang thôn nhạn chính thu.,月滿江村雁正秋。
"Kim cổ vô cùng ngô đạo tại,",今古無窮吾道在，
Càn khôn bất ngại thử thân phù.,乾坤不礙此身浮。
"Minh thời khổ luyến quy tâm vị,",明時苦戀歸心未，
Tàm quý vân sơn nhiễu mộng du.,慚愧雲山遶夢遊。
"Tằng ký bồi hoan nhập Ái Châu,",曾記陪歡入愛州，
Phiêu bồng thử nhật hựu trùng du.,飄蓬此日又重遊。
"Cô sào sạn thạch chiêm như tại,",孤巢棧石瞻如在，
Thập cảnh tiêu bi đối bất thù.,十景標碑對不殊。
"Giang yến tự kinh kim tuế hạ,",江燕似驚金歲夏，
Sơn lan do ức tích niên thu.,山蘭猶憶昔年秋。
"Đăng lâm tỉnh khước hoè bang mộng,",登臨醒卻槐邦夢，
Vạn nhận thương nhai nhất bích phù.,萬仞蒼崖一碧浮。
"Chu tao tiễu bích hựu huyền nhai,",周遭峭壁又懸崖，
Bích ngoã châu môn thứ đệ khai.,碧瓦朱門次第開。
"Ba trứu lục văn tùng bàng hạm,",波皺綠彣松旁檻，
Tuyền hàm thuý cốt thạch sinh đài.,泉涵翠骨石生苔。
"Băng Hồ di tích thê lâm thảo,",冰壺遺跡悽林草，
Điều Ngự chân tình đẳng kiếp hôi.,調御真情等劫灰。
"Hiếu cộng sơn tăng thời đối thoại,",好共山僧時對話，
Trần thanh đẩu tẩu động tao hoài.,塵清抖擻動騷懷。
"Nhất thốc tùng lâm dĩ lệ lai,",一簇叢林崺峛來，
Lâm yêu trùng điệp thướng Dao đài.,林腰重疊上瑤臺。
"Lăng không lão thụ kình thanh tản,",淩空老樹擎青傘，
Trích thạch phi tuyền hoạt tuyến đài.,滴石飛泉越線苔。
"Đại sĩ phong bi thiên cổ tại,",大士豐碑千古在，
Cao thiền không tháp bán sơn khai.,高禪空墖半山開。
"Trà dư tảo dĩ tham huyền lý,",茶餘早已參玄理，
Đẩu tẩu trần duyên khoát lữ hoài.,抖擻塵緣豁旅懷。
"Trường Sa Tương thuỷ chuyển thương mang,",長沙湘水轉滄茫，
Củng Cực lâu đầu vọng Nhạc Dương.,拱極樓頭望岳陽。
"Hán phó văn chương di cổ thụ,",漢傅文章遺古樹，
Sở thần trung phẫn trục thương lang.,楚臣忠憤逐蒼浪。
"Thi lâm hoạ hạm vân tuỳ bộ,",詩臨畫檻雲隨步，
Chước tựu hoa lan vũ tẩy trường.,酌就花欄雨洗腸。
"Đạm bạc khả liên thiền vị lãnh,",淡泊可憐禪味冷，
Nhất âu sơn mính khách tình phương.,一甌山茖客情芳。
"Hữu suy hữu thịnh bản tầm thường,",有衰有盛本尋常，
Nhật nhật quan triều thí toạ lương.,日日观潮试坐樑。
"Dĩ báo song thân đăng hoạn lộ,",以報双親登宦路，
Vi an chư tử bảo thân khang.,為安諸子保身康。
"Vinh lai nhục chí cương cư thế,",榮來辱至彊居世，
Phúc tựu danh hoàn lão tại hương.,福就名完老在鄉。
"Tiến thoái nhược tri tiên bốc định,",進退若知先卜定，
Sơn cùng thuỷ tận kiến sinh phương.,山穷水盡見生方。
"Nhất nhập phồn hoa bản sắc nan,",一入繁華本色難，
Mỗi liên thân thế huống danh san.,每憐身世況名山。
"Trần ai nhật tích cơ lân tục,",塵埃日積幾鄰俗，
Ứng tiếp thù đa bất đắc nhàn.,應接殊多不得閒。
"Chương đế du thời không tưởng tượng,",章帝遊時空想像，
Thăng Am khứ hậu kỷ tê phan.,升庵去後幾躋攀。
"Toán lai diệu xứ chung hoàn tạo,",算來妙處終還造，
Vũ bác đài phong thạch tự ngoan.,雨剝苔封石自頑。
"Tạo hoá đương sơ khổ dụng công,",造化當初苦用工，
Khước tương hổ huyệt sấn giao cung.,卻將虎穴趁蛟宮。
"Hoàn Vương phong vực quy ô hữu,",環王封域歸烏有，
Trần đế tinh kỳ quải thái không.,陳帝旌旗掛太空。
"Tình thụ thê cầm thương dục lão,",晴樹棲禽蒼欲老，
Nộ đào hý ngạc bạch thành ông.,怒濤戲鱷白成翁。
Vô cùng kim cổ phù âu sự.,無窮今古浮鷗事，
Phân hợp du du hạc mộng trung.,分合悠悠鶴夢中。
"Thiên nhai dạ dạ mộng y quan,",天涯夜夜夢衣冠，
Du tử kim phiên bái Hỗ san.,遊子今番拜岵山。
"Vạn cổ tinh thần dư thuý cái,",萬古精神餘翠蓋，
Lục thu phong nguyệt lão thương can.,六秋風月老蒼竿。
"Từ bi lạc quốc Phật thiên thượng,",慈悲樂國佛天上，
Ly hợp phù âu nhân thế gian.,蘺合浮漚人世間。
"Hàn mặc thư hương lưu khánh viễn,",翰墨書香流慶遠，
Huỳnh Cung sơn ảnh Nhuệ giang lan.,黌宮山影銳江瀾。
"Bồi hồi lữ thứ sổ tuần lai,",徘徊旅次數旬來，
Thừa hứng huề tiết thượng Phạn đài.,乘興攜節上梵臺。
"Sơn nhược lưu nhân thiên túc nhiễu,",山若留人千足繞，
Hoa như mị khách lưỡng hành khai.,花如媚客兩行開。
"Thi nhân cảnh hứng dị thành cú,",詩因景興易成句，
Tửu bị sầu khiên nan tận bôi.,酒被愁牽難盡杯。
"Tối thị bạch vân ngưng vọng xứ,",最是白雲凝望處，
Dục tư hàn vũ nhất phi hồi.,欲滋雗羽一飛回。
"Cực mục lâm loan nhất lộ thông,",極目林巒一路通，
Khởi tri kỳ thắng lạc mông nhung.,豈知奇勝落蒙茸。
"Hiểu yên táp thụ liên thành bạch,",曉煙匝樹連城白，
Lão diệp như hoa mãn giản hồng.,老葉如花滿澗紅。
"Man lão phong xu Cùng thuỷ bắc,",蠻獠風趨窮水北，
Biên cương thể thế trấn quan hùng.,邊疆體勢鎮關雄。
"Nghĩ tương sử bút tài du ký,",擬將史筆栽遊記，
Tiện hướng Thanh Thanh bái Ngọ Phong.,便向青清拜午峰。
"Ngũ Hành tú sắc uất thiều nghiêu,",五行秀色鬱岧嶢，
Hải thượng tam thần định bất dao.,海上三神定不遙。
"Nhật nguyệt cửu thiên hồi động khẩu,",日月九天迴洞口，
Ba đào vạn lý đãng sơn yêu.,波濤萬里蕩山腰。
"Tình không thạch bích sinh hàn vũ,",晴空石壁生寒雨，
Dạ bán chung thanh lạc nộn triều.,夜半鐘聲落嫩潮。
"Lãm thử giang sơn kỳ thắng tuyệt,",覽此江山奇勝絕，
Toạ giao khối lôi nhất thì tiêu.,坐教塊礧一時消。
"Cao lâu bách xích ỷ vân đoan,",高樓百尺倚雲端，
Phù bệnh đăng lâm thí nhất khan.,扶病登臨試一看。
"Vọng nhãn dục cùng Yên tái viễn,",望眼欲窮燕塞遠，
Ngâm trường tu trữ Động Đình khoan.,吟腸須貯洞庭寬。
"Ô trầm cốc khẩu thiên lâm mính,",烏沉穀口千林暝，
Long chiến ba tâm lục nguyệt hàn.,龍戰波心六月寒。
"Đa thiểu ky hoài vô xứ thoại,",多少羈懷無處話，
Bình vu mạc mạc thuỷ man man.,平蕪漠漠水漫漫。
"Hoành phan thạch đặng thướng châu cung,",橫攀石磴上珠宮，
Tình phất yên hà thụ âm nùng.,晴拂煙霞樹廕濃。
"Thuỷ khoát giang hàm thiên khoảnh tuyết,",水闊江含千頃雪，
Sơn cao lương nạp tứ thời phong.,山高涼納四時風。
"Húc lâm giác hải xuyên vân các,",旭臨覺海穿雲閣，
Hưởng lạc hàn than hống nguyệt chung.,響落寒灘吼月鐘。
"Tam ngũ thiền tăng tuyên bối hậu,",三五禪僧宣唄後，
Nhất quần bạch nhạn tự phi không.,一群白雁自飛空。
"Nam phong tống ngã thướng toàn ngoan,",南風送我上巑岏，
Thân thế phiêu nhiên đính thượng nhàn.,身世飄然嵿上閒。
"Uỷ thuế thiền sư không thạch tích,",委蛻禪師空石脊，
Phù vân thiên thị chứng trần gian.,浮雲天市證塵間。
"Nham cốc hữu phận tao nhân thức,",岩谷有分騷人識，
Thảo thụ vô ky cục ngoại khoan.,草樹無羈局外寬。
"Cựu ẩn dao hoài Phan lễ bộ,",舊隱遙懷潘禮部，
Thư tàng hoặc bí thử danh san.,書藏或秘此名山。
"Hình thắng sơ lai xưng Lưỡng Quảng,",形勝初來稱兩廣，
Thái Bình nhất cảnh lưu cư thượng.,太平一境流居上。
"Thang trì hiểu diểu thuỷ thiên tầm,",湯池皛淼水千尋，
Kim bích nguy nga sơn vạn trượng.,金碧巍峨山萬丈。
"Tùng quế lâu đề tiến sĩ danh,",叢桂樓題進士名，
Thực tùng miếu tố Tuyên Ni tượng.,植松廟塑宣尼像。
"Bắc Nam vô hạn vọng trung khoan,",北南無限望中寬，
Trừu võng càn khôn quy chỉ chưởng.,綢網乾坤歸指掌。
"Tam Đảo danh sơn bán lạc sơn,",三島名山半落山，
Huỳnh hoàng vạn trạng tủng nhân quan.,熒煌萬狀聳人觀。
"Cửu Long bệ thượng phiên thân hoá,",九龍陛上翻身化，
Ngũ Phúc môn tiền phóng nhãn khoan.,五福門前放眼寬。
"Địa hiệp trường thương hùng tịnh thổ,",地狹長鎗雄淨土，
Thiên kình cổ thụ ngật trần gian.,天擎古樹屹塵間。
"Đăng lâm hữu hạnh y quan khách,",登臨有幸衣冠客，
Ngẫu nhĩ mang trung bác nhất nhàn.,偶爾忙中博一閒。
"Mang mang hải thuỷ tiếp thiên xu,",茫茫海水接天樞，
Ẩn ước cô từ xuất tiểu chu.,隱約孤祠出小洲。
"Cổ mộc hàn liên phù chử mộ,",古木寒連鳧渚暮，
Tình yên thanh dẫn hải môn thu.,晴煙青引海門秋。
"Hào thiên tướng tướng đan tâm tận,",號天相將丹心盡，
Phủ địa Quỳnh Nhai khối nhục vô.,撫地瓊崖塊肉無。
"Tiếu nhĩ Minh Phi trường xuất tái,",笑爾明妃長出塞，
Tỳ bà bôi tửu khuyến Thiền Vu.,琵琶杯酒勸單于。
"Thu khứ thu lai thu hựu thu,",秋去秋來秋又秋，
Hợp ly ly hợp kỷ thời hưu.,合離離合幾辰休。
"Tài hoa ngã thặng Uyên Minh kính,",栽花我剩淵明徑，
Tuyển cú quân đăng Dữu Lượng lâu.,選句君登庾亮樓。
"Giang tế oanh ca thôi cựu mộng,",江際鶯歌催舊夢，
Vân biên nhạn tín giải tân sầu.,雲邊雁信解新愁。
"Tự liên sấu cốt sai thi cốt,",自憐瘦骨猜詩骨，
Nan đạo thừa tra tác viễn du.,難道乘槎作遠遊。
"Lao sinh hưu vấn sắc kiêm không,",勞生休問色兼空，
Học đạo vô qua phỏng tổ tông.,學道無過訪祖宗。
"Thiên ngoại mịch tâm nan định thể,",天外覓心難定體，
Nhân gian thực quế khởi thành tùng.,人間植桂豈成叢。
"Càn khôn tận thị mao đầu thượng,",乾坤盡是毛頭上，
Nhật nguyệt bao hàm giới tử trung.,日月包含芥子中。
"Đại dụng hiện tiền quyền tại thủ,",大用現前拳在手，
Thuỳ tri phàm thánh dữ tây đông.,誰知凡聖與西東。
"Tinh xa vạn lý lịch danh khu,","星車萬里歷名區,"
Tự giác sơ cuồng quý vị nho.,自覺疏狂愧謂儒.
"Tấn thiếp đãn năng lâm bát pháp,","晉帖但能臨八法,"
Hán văn do vị phú Tam đô.,漢文猶未賦三都.
"Trực tương danh nghĩa yêu thiên sủng,","直將名義邀天寵,"
Khởi dĩ y quan huyễn hải ngung.,豈以衣冠炫海隅.
"Quan tái thượng hàm ky lữ mộng,","關塞尚酣羇旅夢,"
Tiện thuỳ cao ngoạ độc hoài du.,羨誰高臥獨懷瑜.
"Tranh chiến hà niên cục dĩ tàn,",爭戰何年局已殘，
Lâu đài không tại bán sơn gian.,樓臺空在半山間。
"Loa thành hưng phế cơ tiền định,",螺城興廢機前定，
Quy trảo tồn vong sự bất quan.,龜爪存忘事不關。
"Mai dịch khách lai phi tước hiệp,",梅驛客來飛雀狎，
Tùng lâm vũ quá mộ nha hàn.,松林雨過暮鴉寒。
"Bá vương sự nghiệp thiên thu hậu,",霸王事業千秋後，
Yên thụ thương mang nhất Dạ san.,煙樹蒼茫一夜山。
"Đấu xảo trường khai bách vật trần,",鬥巧場開百物陳，
Y hà xảo dã xảo nhi tân.,噫何巧也巧而新。
"Cận lai thuỳ tạc càn khôn khống,",近來誰鑿乾坤空，
Đáo thử phương tri vũ trụ xuân.,到此方知宇宙春。
"Viễn quốc phục trang chân quỷ dị,",遠國服裝真詭異，
Thâm lâm điểu thú tuyệt kỳ trân.,深林鳥獸絕奇珍。
"Tầm thường tệ ấp vô tha xảo,",尋常敝邑無他巧，
Liêu tác quan thường mộc ngẫu nhân.,聊作冠裳木偶人。
"Tích văn nhân đạo đại vương linh,",昔聞人道大王靈，
Kim nhật phương tri quỷ thiếp kinh.,今日方知鬼帖驚。
"Hoả tụ tam khu phần bất cập,",火聚三區焚不及，
Phong trần nhất trận phiến nan khuynh.,風塵一陣扇難傾。
"Chỉ huy võng lượng tam thiên chúng,",指揮魍魎三千眾，
Đàn áp chư ma bách vạn binh.,彈壓諸魔百萬兵。
"Nguyện phục dư uy thôi Bắc địch,",願伏餘威推北敵，
Đốn linh hoàn vũ yến nhiên thanh.,頓令寰宇宴然清。
"Bình minh các trạo thướng nham đầu,",平明擱棹上岩頭，
Thừa hứng liêu vi Ngọc Cục du.,乘興聊為玉局遊。
"Cửu chuyển đơn thành cô hạc khứ,",九轉丹成孤鶴去，
Tam thần cổ đoạn nhất ngao phù.,三神股斷一鰲浮。
"Thạch lan ảnh phụ thương giang nguyệt,",石欄影附滄江月，
Tiên động yên hàm bích thụ thu.,仙洞煙含碧樹秋。
"Thị xứ chân kham dung ngã ẩn,",是處真堪容我隱，
Sơn trung hoàn hữu cựu sa phầu.,山中還有舊砂不。
"Tử trạch liên đường đối kết ly,",梓宅蓮塘對結籬。
Hồng tường vi gián bạch tường vi.,紅薔薇間白薔薇。
"Nhuận niên xuân vãn hoa nhưng phát,",閏年春晚花仍發，
Tĩnh viện hương thâm điệp vị tri.,靜院香深蝶未知。
"Cựu phố bất tài tân thảo mộc,",舊圃不裁新草木，
Gia phong duy nhận thử khâu trì.,家風惟認此丘池。
"Minh song thôn đắc hồ trung nguyệt,",明窗吞得湖中月，
Toàn cục sơn hà phiến ảnh vi.,全局山河片影微。
"Phạm sát nga nhiên đệ nhất tằng,",梵剎峨然第一層，
Ức niên cổ kính bảo quang ngưng.,億年古鏡寶光凝。
"Dục quan kỳ thắng do kinh hổ,",欲觀奇勝猶驚虎，
Yếu độc tàn bi thả vấn tăng.,要讀殘碑且問僧。
"Thấu Ngọc kiều biên thiên cổ thuỷ,",漱玉橋邊千古水，
Thanh Hư động lý tứ thời băng.,清虛洞裏四時冰。
"Bạch Vân am hạ đăng minh tháp,",白雲庵下燈明塔，
Nhất bán thiền kham nhất bán đằng.,一半禪龕一半藤。
"Đại Khánh truân tiền Đại Khánh sơn,",大慶屯前大慶山，
Sơn tiền tuấn bích khởi thiền quan.,山前峻壁啟禪關。
"Kim thân bán hiện khan triêu đại,",金身半現看朝代，
Cổ đạo tà lâm dịch thế gian.,古道斜臨役世間。
"Trác tích tăng bàn ni thạch toạ,",卓錫僧盤尼石坐，
Thúc tân tiều phụ tịch dương hoàn.,束薪樵負夕陽還。
"Trùng du ức khởi niên tiền sự,",重游憶起年前事，
Lăng cấp vô cùng nhất Ỷ Lan.,陵級無窮一倚欄。
"Tạc thông Lĩnh đạo định Viêm khư,",鑿通嶺道定炎墟，
Cái thế công danh tại sử thư.,蓋世功名在史書。
"Hướng lão đại niên căng quắc thước,",向老大年矜钁鑠，
Trừ y thực ngoại tẫn doanh dư.,除衣食外盡贏餘。
"Đại Than phong lãng lưu tiền liệt,",大灘風浪留前烈，
Cổ miếu tùng sam cách cố lư.,古廟松杉隔故閭。
"Nhật mộ thành Tây kinh cức hạ,",日暮城西荊棘下，
Dâm Đàm di hối cánh hà như.,霪潭遺悔更何如。
"Dã thự sơ khai cảnh vật tân,",野墅初開景物新，
Phân phi đào lý tứ thời xuân.,芬菲桃李四時春。
"Nhất thanh ngưu địch thanh lâu nguyệt,",一聲牛笛青樓月，
Kỷ phiến nông thoa bích lũng vân.,幾片農蓑碧隴雲。
"Lộ vãn dương trường thông tử mạch,",路挽羊腸通紫陌，
Khê phân yến vĩ đoạn hồng trần.,溪分燕尾斷紅塵。
"Quỷ thần ám địa thâu tương ngữ,",鬼神暗地偷相語，
Nhất đoạn phong quang khả ẩn quân.,一段風光可隱君。
"Bàng vãn lâu đài ỷ thuý vanh,",傍晚樓臺倚翠嶸，
Thanh phong thiên lý thụ đình đình.,清風千里樹停停。
"Phạm vân phiếu diểu không trung ảnh,",梵雲縹渺空中影，
Phật thác đinh đông ám lý thanh.,佛柝丁東暗裡聲。
"Nhật vãn điểu quy sơn thượng thụ,",日晚鳥歸山上樹，
Dạ canh tăng toạ nguyệt trung manh.,夜更僧坐月中甍。
"Ma y nhân khứ thu quang mộ,",麻衣人去秋光暮，
Thặng hữu sơn thanh đối thuỷ thanh.,剩有山青對水清。
"Đình vi nhất biệt tuế hoa thâm,",庭闈一別歲花深，
Ái mộ nhân giai cộng thử tâm.,愛慕人皆共此心。
"Khách lí khán vân tình dị thiết,",客裡看雲情易切，
Công dư phi quyển ý nan câm.,公餘披卷意難禁。
"Gia sơn thục bất hoài tang tử,",家山孰不懷桑梓，
Trung hiếu hà tằng hữu cổ câm.,忠孝何曾有古今。
"Trì thử tặng quân hoàn tự cảm,",持此贈君還自感，
Thi thành ngã diệc lệ triêm khâm.,詩成我亦淚沾襟。
"Bách nhị sơn hà khởi chiến phong,",百二山河起戰烽，
Huề tương tử đệ nhập Quan Trung.,攜將子弟入關中。
"Yên tiêu Hàm Cốc châu cung lãnh,",煙消函谷珠宮冷，
Tuyết tán Hồng Môn ngọc đấu không.,雪散鴻門玉斗空。
"Nhất bại hữu thiên vong Trạch Tả,",一敗有天忘澤左，
Trùng lai vô địa đáo Giang Đông.,重來無地到江東。
Kinh dinh ngũ tải thành hà sự?,經營五載成何事，
Tiêu đắc khu khu táng Lỗ Công.,銷得區區葬魯公。
"Hư song muộn ỷ tịch dương thiên,",虛窗悶倚夕陽天，
Đối cảnh hoài nhân bội ảm nhiên.,對景懷人倍黯然。
"Hoa phất hạm phi hồng toả toái,",花彿檻飛紅鎖碎，
Trúc y tường lộng ngọc thiền quyên.,竹依牆弄玉嬋娟。
"Thâm tâm chỉ tá ly cầm ngữ,",深心只佐離琴語，
Quyện tứ nan thành bán chẩm miên.,倦思難成半枕眠。
"Kỷ độ nhiếp thần do lại mộng,",幾度攝神猶賴夢，
Hàn huyên thời đắc cận quân biên.,寒暄時得近君邊。
"Kỳ đình nhất thốc phủ giang tân,",旗亭一簇俯江津，
Tài phụ do truyền hoạt thuỷ tân.,才婦猶傳活水津。
"Kỳ vị cầm tâm vong thiếp phú,",祇為琴心忘妾富，
Bất duyên độc tị sỉ lang bần.,不緣犢鼻恥郎貧。
"Hồng nhan cửu khứ hoa do mị,",紅顏久去花猶媚，
Bạch phát tương sơ liễu diệc tần.,白發相疏柳亦顰。
"Băng tuyết cừ tâm nguyên phỉ nhị,",冰雪渠心元匪二，
Bất tu lao tưởng nhất tâm nhân.,不須勞想一心人。
"Tích niên thực liễu ký thành ty,",昔年植柳旣成絲，
Kim tuế hành nhân thượng vị quy.,今歲行人尚未歸。
"Sổ điểm vũ tàn xuyên tú quyện,",數點雨殘穿繡倦，
Ngũ canh chung bãi quyển liêm trì.,五更鍾罷捲簾遲。
"Tây phong thiếp dĩ an thu phiến,",西風妾已安秋扇，
Sóc tuyết thuỳ đương ký noãn y.,朔雪誰當寄煖衣。
"Tảo thức ly hoài như thử ác,",早識離懷如此惡，
Nhung trang hối bất cộng truy tuỳ.,戎裝悔不共追隨。
"Tịch dương giang thượng vũ ty ty,",夕陽江上雨絲絲，
Đỗ vũ niên niên khuyến khách quy.,杜宇年年勸客歸。
"Công nghiệp đáo đầu ninh khả thác,",功業到頭寧可錯，
Quan sơn như diện vị hiềm trì.,關山如面未嫌遲。
"Biên thành quý ngã do đề kiếm,",邊城愧我猶提劍，
Khuê các phiền quân tảo thụ y.,閨閣煩君早授衣。
"Trân trùng hữu tình hưu thái khổ,",珍重有情休太苦，
Uyên ương thiên dĩ đính giao kỳ.,鴛鴦天已訂交期。
"Chinh an tạm yết mịch nhàn nhân,",征鞍暫歇覓閒人，
Huề bộ thiền môn vũ ấp trần.,攜步禪門雨浥塵。
"Tích dĩ thiên niên lưu phạm vũ,",跡已千年留梵宇，
Nguy nhiên thất trượng hiện kim thân.,巍然七丈現金身。
"Thiên chương vinh hoán liên đài lệ,",天章榮煥蓮臺麗，
Ngự toạ quang phân pháp giới xuân.,御座光分法界春。
"Ngộ đắc bồ đề chân phúc quả,",悟得菩提真福果，
Cổ lai mỗi kết đế vương nhân.,古來每結帝王因。
"Tiên gia nhất thốc tủng vân sầm,",仙家一簇聳雲岑，
Lộ nhập yên la yểu điệu thâm.,路入煙蘿窅窱深。
"Thụ ảnh trường niên vi cổ giản,",樹影長年圍古澗，
Hoa chi thanh ngọ chuyển u cầm.,花枝清午囀幽禽。
"Quan nhàn ngã đắc tu thân quyết,",官閒我得修身訣，
Lão khử thiên tri học đạo tâm.,老去天知學道心。
"Nhược kiến Xích Tùng bằng ký ngữ,",若見赤松憑寄語，
Giai du hà nhật quả u tầm.,佳遊何日果幽尋。
"Lam Sơn tự tích ngoạ thần long,",藍山自昔臥神龍，
Thế sự huyền tri tại chưởng trung.,世事懸知在掌中。
"Đại nhiệm hữu quy thiên khải thánh,",大任有歸天啓聖，
Xương kỳ nhất ngộ hổ sinh phong.,昌期一遇虎生風。
"Quốc thù tẩy tận thiên niên sỉ,",國讎洗盡千年恥，
Kim quỹ chung tàng vạn thế công.,金匱終藏萬世功。
"Chỉnh đốn càn khôn tòng thử liễu,",整頓乾坤從此了，
Thế gian na cánh sổ anh hùng.,世間那更數英雄。
"Đồng chương mặc thụ thả thung dung,",銅章墨綬且從容，
Đáo Hải Vân quan đệ nhất hùng.,到海雲關第一雄。
"Cầm phổ vị thanh thâu Mật Tử,",琴譜未清輸宓子，
Đào hoa khả thực nghĩ Phan công.,桃花可植擬潘公。
"Tuý khan Đà Nẵng Tiên Sa nguyệt,",醉看沱曩仙沙月，
Nhàn thính Vu Lam Phật tự chung.,閒聽盂藍佛寺鐘。
"Phong tống ngẫu lai vô sự khách,",風送偶來無事客，
Thi thiên ứng trịch mãn thi đồng.,詩篇應擲滿詩筒。
"Lưu ly nhất thốc bạng giang đình,",瑠璃一簇傍江亭，
Huyễn xuất Tào Khê cảnh giới thanh.,幻出曹溪境界清。
"Huyền vũ Long Cương bài Phật ấn,",玄武龍崗牌佛印，
Thanh lưu Yến Vĩ trạm tăng bình.,青流燕尾站增平。
"Hoa khai ngọc xế quỳnh thiên thụ,",花開玉砌瓊天樹，
Nguyệt chiếu hồi lang dạ ngũ canh.,月照回廊夜五更。
"Chủng chủng thanh kỳ đô hoán cựu,",種種清奇都喚舊，
Thiện căn tá vấn kỷ viên thành.,善根借問幾圓成。
"Dục sái đương phong vạn hộc sầu,",欲洒當風萬斛愁，
Đăng cao bằng miễu tứ du du.,登高憑眇思悠悠。
"Ma thiên nhất đội quần đê phục,",摩天一隊群低伏，
Quyển địa phương kỳ tứ cố thu.,捲地方旗四顧收。
"Tháp cốt hà niên tri nhất bảo,",塔骨何年知一寶，
Thuỵ đài bi lệ khấp thiên thu.,睡苔碑淚泣千秋。
"Bất thăng tam thế lưu đề cảm,",不勝三世留題感，
Thán tức thanh sơn vị bạch đầu.,嘆息青山未白頭。
"Tích khánh nguyên lai tự hữu ky,",積慶原來自有基，
Súc hoành phát cự khả tiên tri.,畜宏發鉅可先知。
"Thi thư tuấn trạch phương du viễn,",詩書浚澤芳逾遠，
Trung hiếu truyền gia huấn vĩnh di.,忠孝傳家訓永貽。
"Thuỷ mộc tất tòng nguyên bản thỉ,",水木必從原本始，
Hoàng kim hà dụng tử tôn di.,黃金何用子孫遺。
"Phần hương nhất độc công gia phổ,",焚香一讀公家譜，
Túc túc linh nhân khởi kính ti.,肅肅令人起敬思。
"Diệp lạc bình tàn sự dĩ liêu,",葉落萍殘事已遼，
Đặc lưu cổ miếu ỷ thiều nghiêu.,特留古廟倚岧嶢。
"Hàn sơn thụ mật tàng triêu điểu,",寒山樹密藏朝鳥，
Cô tháp vân thâm ngoạ ngọ tiều.,孤塔雲深臥午樵。
"Kim tượng hữu duyên lưu tĩnh địa,",金象有緣留靜地，
Thạch bi vô tự nhận tiền triều.,石碑無字認前朝。
"Khả lân bát đế giang sơn tự,",可憐八帝江山寺，
Phân phó nhàn tăng quản tịch liêu.,吩咐閒僧管寂寥。
"Phong quang vân sắc lưỡng bồi hồi,",風光雲色兩徘徊，
Trận trận tùng phong quát nhĩ lôi.,陣陣松風颳耳雷。
"Tự cổ dĩ vô trần khách đáo,",寺古已無塵客到，
Sơn thâm cánh hữu dã tăng lai.,山深更有野僧來。
"Triều lâm giang ngạn huề huề thuỷ,",潮臨江岸畦畦水，
Vũ ấn tàn bi tự tự đài.,雨印殘碑字字苔。
"Cảnh vật biến di nhân diệc lão,",景物變移人亦老，
Sơn dung y cựu bích thôi ngôi.,山容依舊碧崔嵬。
"Lạc phách tâm như bất hệ thuyền,",落魄心如不繫船，
Tiêu dao tự thị tục trung thiền.,逍遙自是俗中禪。
"Thôn đồng hoành địch quy ngưu cấp,",村童橫笛歸牛急，
Thi hán huề nang nhập tự tiên.,詩漢攜囊入寺先。
"Cổ thụ ảnh tòng khê hạ chiếu,",古樹影從溪下照，
Đề nha thanh nhập động trung truyền.,啼鴉聲入洞中傳。
"Bằng quân mạc phụ yên hà hội,",憑君莫負煙霞會，
Đắc tự nhiên thời thả tự nhiên.,得自然時且自然。
"Thiên nhiên tú mỵ dĩ kham xan,",天然秀媚已堪餐，
Dao lỗ giai nhân cánh khả quan.,搖櫓佳人更可觀。
"Dương liễu phong đê yêu đới truỵ,",楊柳風低腰帶墜，
Phù dung sương đạm liễm chi hàn.,芙蓉霜淡臉脂寒。
"Vi hàm xuân muộn kiều vô lực,",微含春悶嬌無力，
Bán lộ thu tình ảnh dục lan.,半露秋晴影欲闌。
"Khước hận đan thanh thiên trứ bút,",却恨丹青偏著筆，
Bất tương hoàng bội hoạ hồng nhan.,不將璜珮畫紅顏。
"Tài bi kỳ lộ hỷ hồi trình,",才悲歧路喜回程，
Hà sự mang mang ẩm bất bình.,何事茫茫飲不平。
"Khởi vị hiềm nghi cừu bạc hãnh,",豈謂嫌疑仇薄倖，
Thả tương ly biệt ngộ u trinh.,且將離別悟幽貞。
"Tam xuân hồng vũ đương niên lệ,",三春紅雨當年淚，
Bán bích ngân đăng thử dạ tình.,半壁銀燈此夜情。
"Nhiễm nhiễm vân biền thiên ngoại cách,",冉冉雲駢天外隔，
Hàn giang nhất phái tả dư thanh.,寒江一派瀉餘清。
"Tử phủ lâu đài ỷ bích sầm,",紫府樓臺倚碧岑，
Thập niên kim tịch nhất đăng lâm.,十年今夕一登臨。
"Tùng hoa lạc địa kim đàn tĩnh,",松花落地金壇靜，
Khánh hưởng xuyên vân đạo viện thâm.,磬響穿雲道院深。
"Kim đỉnh đơn thành nhân dĩ khứ,",金鼎丹成人已去，
Hoàng lương mộng giác sự nan tầm.,黃梁夢覺事難尋。
"Viên sầu hạc oán vô cùng ý,",猿愁鶴怨無窮意，
Hàn nhật tiêu tiêu trúc cách lâm.,寒日蕭蕭竹隔林。
"Bàn Cổ sơ phân bất ký niên,",盤古初分不記年，
"Sơn trung sinh quật, quật sinh tuyền.",山中生窟窟生泉。
"Vạn ban thuỷ thạch thiện đại xảo,",萬般水石擅大巧，
Nhất lạp càn khôn khai tiểu thiên.,一粒乾坤開小天。
Mãn cảnh giai không hà hữu tướng?,滿境皆空何有相？
Thử tâm thường định bất ly thiền.,此心常定不離禪。
"Đại sư vô ý diệc vô tận,",大師無意亦無盡，
Phủ thán thành trung đa biến thiên.,俯嘆城中多變遷。
"Khả lân lục thập ngũ dư thành,",可憐六十五餘城，
Tận hạ quân giai tỉ muội binh.,盡下軍皆姊妹兵。
"Huyết chiến quyết thù phu chúa nghĩa,",血戰決讎夫主義，
Hùng tâm bất quý nữ vương danh.,雄心不貴女王名。
"Đồng tiêu cố quốc tình vô hạn,",銅梢故國情無限，
Thạch hoá kim thân hận vị bình.,石化今身恨未平。
"Vượng khí do tồn thiên cổ tại,",旺氣猶存千古在，
Tu mi hồi thủ lệ không linh.,鬚眉回首淚空零。
"Bà bà bạch phát lục triêu nhân,",皤皤白髮六朝人，
Quốc biến quân nguy cảm hữu thân.,國變君危敢有身。
"Khảng khái bắc thành giam mật chiếu,",慷慨北城緘密詔，
Thê lương nam ngạn khấp chinh trần.,淒涼南岸泣征塵。
"Nhất thiên bất cộng ngư xoa tử,",一天不共漁簑子，
Trùng nhưỡng vô tàm hốt phục thần.,重壤無慚笏服臣。
"Kim cổ hưng vong quy thệ thuỷ,",今古興亡歸逝水，
Độc lưu hồng nhật chiếu thương quân.,獨留紅日照蒼筠。
"Giang quan lịch lịch phiếm tinh tra,",江關歷歷泛星槎，
Ngẫu hướng Tương Đàm đổ vật hoa.,偶向湘潭覩物華。
"Phong nhạ cầm thanh đường thượng khúc,",風惹琹聲堂上曲，
Viên lưu xuân sắc huyện trung hoa.,園留春色縣中花。
"Bắc nam phân thổ tuy thiên lý,",北南分土雖千里，
Kim cổ tư văn diệc nhất gia.,今古斯文亦一家。
"Bán diện mạc hiềm tương thức thiển,",半面莫嫌相識淺，
Thời khiên thanh mộng đáo thiên nha.,時牽清夢到天涯。
"Vân tự du du tuế nguyệt thâm,",雲自悠悠歲月深，
Từ đường lưỡng bạn bách sâm sâm.,祠堂兩畔柏森森。
"Hoa ngưng túc vũ thiên hàng lệ,",花凝宿雨千行淚，
Nguyệt ấn hàn đàm nhất phiến tâm.,月印寒潭一片心。
"Đài hạ thảo phân kim nhật lộ,",臺下草分今日路，
Tùng trung hạc thức cựu thời cầm.,松中鶴識舊時琴。
"Dạ lai ký đắc đăng tiền mộng,",夜來記得燈前夢，
Hải khoát thiên cao hà xứ tầm.,海闊天高何處尋。
"Dương liễu trường đình hựu đoản đình,",楊柳長亭又短亭，
Xuân phong xuy bái trước Giang Thành.,春風吹旆著江城。
"Vô nhân tương thức khách đối khách,",無人相識客對客，
Hữu sự khả tri tình độ tình.,有事可知情度情。
"Thiên lý hương tâm hồ điệp mộng,",千里鄉心蝴蝶夢，
Nhất thuyền hành sắc giá cô thanh.,一船行色鷓鴣聲。
"Bất tri ủng tiết minh triêu khứ,",不知擁節明朝去，
Hựu thị yên ba kỷ nhật trình.,又是煙波幾日程。
"Hạ nhật Giang Thành khí uẩn long,",夏日江城氣蘊隆，
Sứ hoa kỳ hạn khổ thông thông.,使華期限苦匆匆。
"Vạn trình khứ lộ mã tê ngoại,",萬程去路馬嘶外，
Nhất cúc quy tâm điệp mộng trung.,一掬歸心蝶夢中。
"Tại ngã hữu hoài thâm cảm khái,",在我有懷深感慨，
Bỉ thiên vô ngữ vấn cùng thông.,彼天無語問窮通。
"Bình sinh bất tác chuỳ nang kế,",平生不作錐囊計，
Tàm quý tầm thường ngũ xích đồng.,慚愧尋常五尺童。
"Nghịch lữ tiêu tiêu dạ lại trầm,",逆旅蕭蕭夜籟沉，
Ba tiêu diệp thượng động thu tâm.,芭蕉葉上動秋心。
"Nhất tiên mã ảnh tuỳ phong viễn,",一鞭馬影隨風遠，
Cố quốc mai hoa nhập mộng thâm.,故國梅花入夢深。
"Khách lý nguyệt minh thiên thức diện,",客裏月明偏識面，
Thiên nhai đoạn nhạn thiểu tri âm.,天涯斷雁少知音。
"Lăng vân vị toại bình sinh chí,",淩雲未遂平生誌，
Kích tiết bất thăng thì lãng ngâm.,擊節不勝時朗吟。
"Thập nhật chưng vân tự Quế Lâm,",十日蒸雲似桂林，
Huân phong hà xứ bất phi khâm.,薰風何處不披襟。
"Thụ thiền tranh hưởng khách hoài khổ,",樹蟬爭響客懷苦，
Đình cúc vị khai thu mộng thâm.,庭菊未開秋夢深。
"Tuý lý càn khôn tân sứ tiết,",醉裏乾坤新使節，
Ngâm biên sơn thuỷ cựu tri âm.,吟邊山水舊知音。
"Vô đoan dạ bán không giai vũ,",無端夜半空階雨，
Chích toái hương quan vạn lý tâm.,滴碎鄉關萬里心。
"Đạp tận thôi ngôi lộ kỷ thiên,",踏盡崔嵬路幾千，
Đình xa nghịch lữ tự niên niên.,停車逆旅自年年。
"An nguy phi ngã sở năng cập,",安危非我所能及，
Ngữ mặc tuỳ nhân thâm khả liên.,語默隨人深可憐。
"Kiêu phá hương tâm tang lạc tửu,",澆破鄉心桑落酒，
Ngâm tiêu khách hận thảo đường thiên.,吟消客恨草堂篇。
"Tự liên bổ quốc vô ty phát,",自憐補國無絲發，
Lưỡng độ xuân phong mã nhất tiên.,兩度春風馬一鞭。
"Tiễu bích huyền nham kỷ vạn trùng,",峭壁懸岩幾萬重，
Hoá sinh hà xứ vấn tiên tung.,化生何處問仙蹤。
"Tiêu ma trần kiếp y huyền hạc,",消磨塵劫依玄鶴，
Khiếu trá vân yên khởi bạch long.,叫吒雲煙起白龍。
"Kỳ cú ma nhai thiên cổ thạch,",奇句摩崖千古石，
Thiền tâm liễu triệt nhất thanh chung.,禪心了徹一聲鍾。
"Ân cần dao tưởng sơn linh ý,",慇懃遙想山靈意，
Tam nguyệt lam hoa vị cải dung.,三月嵐花未改容。
"U hoàng diện diện lục âm vy,",幽篁面面綠陰圍，
Trung hữu kính trai nhân đáo hy.,中有逕齋人到稀。
"Lan phủ bách niên tiên cục tán,",欗斧百年仙局散，
Lăng kinh bán tháp dật hương vy.,楞經半榻佚香微。
"Cúc hoa thu sấu nguyệt thường tĩnh,",菊花秋瘦月常靜，
Tùng ổ xuân thâm vân bất phi.,松塢春深雲不飛。
"Hà hạnh thượng phương lai tục khách,",何幸上方來俗客，
Vạn ban trần tưởng tiếu phi phi.,萬般塵想笑非非。
"Thế cục như kỳ kỷ biến canh,",世局如棋幾變更，
Hà năng chích thủ vãn thương minh.,何能隻手挽滄溟。
"Công danh phú quý phong tiền liễu,",功名富貴風前柳，
Nam bắc đông tây thuỷ thượng bình.,南北東西水上萍。
"Hạo kiếp phù trầm tu bất tử,",浩劫浮沉羞不死，
Không minh liêu khuếch chứng vô sinh.,空明寥廓証無生。
"Cổ vãng lai vãng hồn như thử,",古往來往渾如此，
Nhất phiến thiền tâm đối nguyệt minh.,一片禪心對月明。
"Văn quĩ phương kim tứ hải đồng,",文軌方今四海同，
Gia gia giáo tử sự Nho cung.,家家教子事儒宮。
"Thư lâu phiêu diểu lăng tình vụ,",書樓縹緲凌晴霧，
Giảng tịch thanh cao chiếm ngọ phong.,講席清高占午風。
"Tế tế bội khâm ưng nghiễm nhã,",濟濟佩衾應儼雅，
Dương dương huyền tụng chính ung dung.,洋洋弦誦正雍容。
"Anh tài tha nhật sung lương đống,",英才他日充樑棟，
Bồi dưỡng ngô tri tại thử trung.,培養吾知在此中。
"Sách mã yêu yêu phỏng cổ thành,",筞馬吆吆訪古城，
Ánh hồ gian liễu tự dao tinh.,暎湖菅柳自搖菁。
"Tồn vong bất thẩm bao tang kế,",存亡不審苞桑計，
Đắc thất nan đào nguyệt đán bình.,得失難逃月旦評。
"Chỉ thị Nhuận Hồ hoang đức chính,",只是閏衚荒德政，
Hưu ngôn Nam Việt phạp anh linh.,休言南越乏英靈。
"Như hà tá đắc Đinh Công hạc,",如何借得丁公鶴，
Lục hợp cao tường thí nhất minh.,六合翶翔試弌鳴。
"Bàng thạch di tài trúc kỷ can,",傍石移栽竹幾竿，
Linh lung sắc ánh bích lang can.,玲瓏色映碧琅玕。
"Yên sao lộ trích y thường lãnh,",煙梢露滴衣裳冷，
Địa cốt vân sinh chẩm điệm hàn.,地骨雲生枕簟寒。
"U trí dĩ ưng trần ngoại tưởng,",幽致已應塵外想，
Thanh tiêu hoàn ái tuyết trung khan.,清標還愛雪中看。
"Song tiền nguyệt bạch cung giai thưởng,",窗前月白供佳賞，
Thối thực liêu tương ngụ tạm hoan.,退食聊將寓暫歡。
"Dã vị tử cừu dã vị công,",也為死仇也為公，
Nhị Trưng hựu thử nhất anh hùng.,二徵又此一英雄。
"Hồng nhan hữu đảm năng hoành kiếm,",紅顏有膽能橫劍，
Bạch cốt lưu hương độc bão tùng.,白骨留香獨抱松。
"U yết quốc hồn tam nguyệt vọng,",幽咽國魂三月望，
Y hy quân thế lưỡng điều phong.,依稀軍勢兩條風。
"Thuỷ chung hiệp phật hoàn không giới,",始終俠佛還空界，
Vô ngữ đàm hoa lạc chiếu trung.,無語曇花落照中。
"Lăng cốc thôi di kháp kỷ thu,",陵谷推移恰幾秋，
Biệt trữ Tiên động đãi ngô du.,別儲仙洞待吾遊。
"Vân trung tăng khứ môn vưu tịch,",雲中僧去門尤寂，
Tô ngoại sơn nhàn mộc tự do.,租外山閒木自由。
"Thường trích lộ bàn thanh tục lự,",常滴露盤清俗慮，
Bất di tiền khổng miễn nhân cầu.,不遺錢孔免人求。
"Tuyệt liên uỷ mãng thuỳ tri kỷ,",絕憐委莽誰知己，
Thi bích tùng vô nhất bút lưu.,詩壁從無一筆留。
"Liêu hải du du hạc thệ âm,",遼海悠悠鶴逝音，
Côn huyền na khẳng tục giao cầm.,崑絃那肯續交琴。
"Lan phòng dạ vĩnh loan phân ảnh,",蘭房夜永鸞分影，
Huệ trướng sương hàn nguyệt chiếu tâm.,蕙帳霜寒月照心。
"Vạn cổ cương thường thiên địa đại,",萬古綱常天地大，
Cửu trùng luân phất nhật tinh lâm.,九重綸綍日星臨。
"Cố dư diệc thị sùng danh tiết,",故予亦是崇名節，
Kinh quá từ môn khởi kính thâm.,經過祠門起敬深。
"Nam nhi bất viễn sĩ hà phương,",男兒不遠仕遐方，
Từ huấn do tương biển yết đường.,慈訓猶將扁揭堂。
"Hùng đảm tước lai phương hữu vị,",熊膽嚼來方有味，
Địch hôi phi tận ý nan vương.,荻灰飛盡意難忘。
"Bình phiên kỷ độ huyên sinh sắc,",平反幾度萱生色，
Báo đáp vô thời thảo tự hương.,報答無時草自香。
"Tăng thị nhất môn thiên tải hạ,",曾氏一門千載下，
Cao danh hữu tử dã thừa đương.,高名有子也丞當。
"Hồn nhiên an đắc ná thiên tư,",渾然安得那天資，
Trạch thiện nhi hành toại lạc chi.,擇善而行遂樂之。
"Quận chính nguyên tằng thập thủ lẫm,",郡政元曾十手凜，
Văn hành thẩn cảm nhất hào tư.,文行矧感一豪私。
"Tức như tử ngã do năng mật,",即如子我猶能密，
Chỉ thị thần kỳ bất khả khi.,祇是神祇不可欺。
"Kim nhật công đồng sơ phát túc,",今日公同初發足，
Thử tâm nguyện đối Phật tiền tri.,此心願對佛前知。
"Giai khách tương phùng nhật bão cầm,",佳客相逢日抱琴，
Cố sơn quy khứ hứng hà thâm.,故山歸去興何深。
"Hương phù ngoã đỉnh phong sinh thụ,",香浮瓦鼎風生樹，
Nguyệt chiếu đài ky trúc mãn lâm.,月照苔磯竹滿林。
"Tẩy tận trần khâm hoa ngoại mính,",洗盡塵襟花外茗，
Hoán hồi ngọ mộng chẩm biên cầm.,喚回午夢枕邊禽。
"Nhật trường ẩn kỷ vong ngôn xứ,",日長隱几忘言處，
Nhân dữ bạch vân thuỳ hữu tâm.,人與白雲誰有心。
"Giang thiên cực vọng mạn lao thần,",江天極望漫勞神，
Ngẫu nhập thiền quan bán nhĩ trần.,偶入禪關半珥塵。
"Diệu tháp không lưu vô lượng cốt,",妙塔空畱無量骨，
Pháp luân dĩ chuyển bất sinh thân.,法輪已轉不生身。
"Vân mông Sở trạch đàm hoa dũng,",雲幪楚澤曇花湧，
Tích quải Tương sơn sắc giới tân.,錫掛湘山色界新。
Phật giáo nguyên lai hà dị đế?,佛教原來何異諦，
Diệc tương trung hiếu độ mê tân.,亦將忠孝渡迷津。
"Khứ phạ phồn hoa đạp nhuyễn trần,",去怕繁花沓軟塵，
Nhất lê nham bạn khả tàng thân.,一犁岩畔可藏身。
"Thương gia lệnh tá xưng Sằn Dã,",商家令佐稱莘野，
Hán thế cao phong ngưỡng Phú Xuân.,漢世高風仰富春。
"Tùng cúc do tồn quy vị vãn,",松菊猶存歸未晚，
Lợi danh bất tiễn ẩn phương chân.,利名不羨隱方真。
"Ta dư cửu bị nho quan ngộ,",嗟余久被儒冠誤，
Bổn thị canh nhàn điếu tịch nhân.,本是耕閒釣寂人。
"Ngang tàng thân thế tục da tiên,",昂藏身世俗耶仙，
Bách xích cao lâu nhất khoảnh điền.,百尺高樓一頃田。
"Viễn hợp Đông kinh liên dạ chúc,",遠合東京連夜燭，
Cận thông Bắc địa vạn gia yên.,近通北地萬家煙。
"Tiêu dư tuế nguyệt nhàn canh điếu,",消餘歲月閒耕釣，
Đáo để công danh chỉ thực miên.,到底功名只食眠。
"Ưng thị tiền thân Nghiêm lão tử,",應是前身嚴老子，
Phú Xuân vận sự chí kim truyền.,富春韻事至今傳。
"Tráng hoài khảng khái ẩm Hoàng Long,",壯懷慷慨飲黃龍，
Thiết giáp đâu mâu khiếu sá không.,鐵甲兜鍪叫咤空。
"Hương đính nghinh sư hân phụ lão,",香頂迎師忻父老，
Kim bài phụng chiếu khấp anh hùng.,金牌奉詔泣英雄。
"Thiên giao Nam Tống ngu hoà tự,",天教南宋愚和字，
Nhân vị trung nguyên tích chiến công.,人為中原惜戰功。
"Liệt phẫn do di cung kiếm địa,",烈憤猶遺弓劍地，
Nhất đình tùng bách vãn hào phong.,一庭松柏晚號風。
"Yên sơn sơn thượng tối cao phong,",安山山上最高峰，
Tài ngũ canh sơ nhật chính hồng.,纔五更初日正紅。
"Vũ trụ nhãn cùng thương hải ngoại,",宇宙眼窮滄海外，
Tiếu đàm nhân tại bích vân trung.,笑談人在碧雲中。
"Ủng môn ngọc sóc sâm thiên mẫu,",擁門玉槊森千畝，
Quải thạch châu lưu lạc bán không.,掛石珠流落半空。
Nhân miếu đương niên di tích tại.,仁廟當年遺跡在，
Bạch hào quang lý đổ trùng đồng.,白毫光裏睹重瞳。
"Nhất đới giang lưu phi thị hiểm,",一帶江流非是險，
Nhi năng hãn ngự diệc y nhân.,而能悍禦亦依人。
"Hữu biên nghi dụng đa cung tiễn,",右边宜用多弓箭，
Tả ngạn tu phòng đại dũng quân.,左岸須防大勇軍。
"Toàn ỷ vu khanh thần thiết định,",全倚于卿神設定，
Khiếm lương đương thức tặc phong quần.,欠粮當識賊蜂群。
"Phúc thành mã trạm thường thông tín,",福城馬站常通信，
Tiền nhật tiên hoàng kỷ độ truân.,前日先皇幾度迍。
"Hoan Diễn Châu cư tiếp hải tần,",驩演州居接海瀕，
Bồi hồi thử địa tạm đình luân.,徘徊此地暫停輪。
"Thiên thu bạng cáp thành kim luỹ,",千秋蚌蛤成金壘，
Bán dạ ngư long khấp thuỷ thần.,半夜魚龍泣水神。
"Viễn chướng hà cô khinh tống nhạn,",遠嶂霞孤輕送雁，
Tiểu lan sương ám trọng hoài nhân.,小欄霜暗重懷人。
"Khả liên tứ thập niên tiền sự,",可憐四十年前事，
Tài đáo như kim chỉ bạch vân.,才到如今只白雲。
"Thượng phương thu dạ nhất chung lan,",上方秋夜一鐘闌，
Nguyệt sắc như ba phong thụ đan.,月色如波楓樹丹。
"Si vẫn đảo miên phương kính lãnh,",鴟吻倒眠方鏡冷，
Tháp quang song trĩ ngọc tiêm hàn.,塔光雙峙玉尖寒。
"Vạn duyên bất nhiễu thành già tục,",萬緣不擾城遮俗，
Bán điểm vô ưu nhãn phóng khoan.,半點無憂眼放寬。
"Tham thấu thị phi bình đẳng tướng,",參透是非平等相，
Ma cung Phật quốc hảo sinh quan.,魔宮佛國好生觀。
"Vân song tằng kỷ nhiễm thư hương,",芸窗曾幾染書香，
Tạ khước phong lưu vị thị cuồng.,謝卻風流未是狂。
"Bạc mệnh hữu duyên lưu giản tịch,",薄命有緣留簡籍，
Tàn hồn vô lệ khốc văn chương.,殘魂無淚哭文章。
"Đố ngư dị tỉnh phồn hoa mộng,",蠹魚易醒繁華夢，
Huỳnh hoả nan hôi cẩm tú trường.,螢火難灰錦繡腸。
"Văn đạo dã ưng cam nhất tử,",聞道也應甘一死，
Dâm thư do thắng vị hoa mang.,淫書猶勝為花忙。
"Nhất chi nùng diễm há Bồng Doanh,",一枝濃艷下蓬瀛，
Xuân sắc yên nhiên động lục thành.,春色嫣然動六城。
Thiên hạ hà nhân liên bạc mệnh?,天下何人憐薄命，
Trủng trung ưng tự hối phù sinh.,塚中應自悔浮生。
Yên chi bất tẩy sinh tiền chướng,胭脂不洗生前障，
Phong nguyệt không lưu tử hậu danh.,風月空留死後名。
"Tưởng thị nhân gian vô thức thú,",想是人間無識趣，
Cửu tuyền khứ bạn Liễu Kỳ Khanh.,九泉去伴柳耆卿。
"Hiền lao vương sự mỹ hoàng an,",賢勞王事靡遑安，
Niệm thiết tùng thu lệ ám san.,念切松楸淚暗潸。
"Vân thụ tiêu tiêu minh sóc mạc,",雲樹蕭蕭鳴朔漠，
Nhật quang yểm yểm bạc tây san.,日光奄奄薄西山。
"Vạn chung trí dưỡng ta hà cập,",萬鍾致養嗟何及，
Nhất tức do tồn khởi thủ nhàn.,一息猶存豈取閒。
"Suy hiếu vi trung, trung hữu hiếu,",推孝為忠忠有孝，
Sứ quân cao trục liểu nan phan.,使君高躅杳難攀。
"Thiển trì bán khoảnh bất doanh a,",淺池半頃不盈洿，
Hảo tiếu phong lai lãn tác ba.,好笑風來懶作波。
"Thuỷ vị thường đình, ngư tự dật,",水爲常渟魚自逸，
"Đường nhân hữu yển, thảo thiên đa.",溏因有堰草偏多。
"Tỉnh ư kiến thú hà nhân thức,",醒於見趣何人識，
Tuý đáo vong cơ ngã nại hà.,醉到忘機我奈何。
"Tự tín như cừ vô hiểm trở,",自信如渠無險阻，
Niên niên hồ hải bão phàm qua.,年年湖海飽帆過。
"Trùng ngọ thông thông hựu thử thần,",重午匆匆又此辰，
Nhân gia tiết vật cạnh phương trân.,人家節物競方珍。
"Đôi bàn giác thử hương văn viễn,",堆盤角黍香聞遠，
Hệ tí linh phù sắc đấu tân.,繫臂靈符色鬥新。
"Tiếu ngã nang không vô tửu khách,",笑我囊空無酒客，
Phi tha trạch bạn độc tỉnh thần.,非他澤畔獨醒臣。
"Khủng tương tuế tự hồn nhàn quá,",恐將歲序渾閒過，
Hý thiết bồ căn kết ngải nhân.,戲切蒲根結艾人。
"Thiên trung cộng hỉ trị giai thần,",天中共喜值佳辰，
Tửu phiếm xương bồ tiết vật tân.,酒泛菖蒲節物新。
"Tấn thiếp đương niên tư Vĩnh Thúc,",進帖當年思永叔，
Trầm Tương để sự thán Linh Quân.,沉湘底事嘆靈均。
"Tịch tà bất dụng ty triền tý,",闢邪不用絲纏臂，
Tuỳ tục liêu vi ngải kết nhân.,隨俗聊為艾結人。
"Nguyện bả lan thang phân tứ hải,",願把蘭湯分四海，
Tòng kim tháo tuyết cựu ô dân.,從今澡雪舊污民。
"Tứ thập dư niên nhất phiến thành,",四十餘年一片成，
Lao quan khiêu xuất vạn trùng quynh.,牢關跳出萬重扃。
"Động như không cốc phong xao hưởng,",動如空谷風敲響，
Tĩnh nhược hàn đàm nguyệt lậu minh.,靜若寒潭月漏明。
"Cú lý ngũ huyền thân thấu đắc,",句裡五玄親透得，
Lộ đầu thập tự nhậm tung hoành.,路頭十字任縱橫。
"Hữu nhân vấn ngã hà tiêu tức,",有人問我何消息，
Vân tại thanh thiên thuỷ tại bình.,雲在青天水在瓶。
"Thập niên hồi thủ độc sầu dư,",十年回首獨愁予，
Thế sự nhân tình tiệm bất như.,世事人情漸不如。
"Đồng loại tương tranh trúc phược trúc,",同類相爭竹縛竹，
Lợi tâm vô yếm ngư thôn ngư.,利心無厭魚吞魚。
"Khả liên kim nhật thuỳ vi ngạnh,",可憐今日誰為梗，
Sở dĩ tiền nhân dục phế thư.,所以前人欲廢書。
"Ký ngữ thành môn tương thức giả,",寄語城門相識者，
Phong trần mãn lộ vị quy dư.,風塵滿路未歸歟。
"Tuế nguyệt ưu du hàn mặc trường,",​歲月優游翰墨場，
Nhật cù vu học thuỷ chung thường.,日劬于學始終常。
"Dục tri cao viễn tiên ty nhĩ,",欲知高遠先卑邇，
Khẳng bả doanh thâu giảo đoản trường.,肯把贏輸較短長。
"Thương hải hà tằng đoạn địa mạch,",滄海何曾斷地脈，
Phùng hương đoan hợp phá thiên hoang.,馮鄉端合破天荒。
"Nhân tài bất dĩ thời cao hạ,",人才不以時高下，
Trực đáo công thành danh tất dương.,直到功成名必揚。
"Tây Hồ hoa uyển tẫn thành khư,",西湖花苑盡成墟，
Độc điếu song tiền nhất chỉ thư.,獨吊窗前一紙書。
"Chi phấn hữu thần liên tử hậu,",脂粉有神憐死後，
Văn chương vô mệnh luỵ phần dư.,文章無命累焚餘。
"Cổ kim hận sự thiên nan vấn,",古今恨事天難問，
Phong vận kỳ oan ngã tự cư.,風韻奇冤我自居。
"Bất tri tam bách dư niên hậu,",不知三百餘年後，
Thiên hạ hà nhân khấp Tố Như?,天下何人泣素如。
"Tình vọng Hằng sơn hạo khí ngưng,",晴望恆山灝氣凝，
Hô Đà vãn quá bích ba trừng.,滹沱晚過碧波澄。
"Bình sa nhạn khứ thu thanh lạc,",平沙鴈去秋聲落，
Cổ độ nhân quy thuý ảnh lăng.,古渡人歸翠影凌。
"Ngạn khẩu yên dư nhiên Hán hoả,",岸口煙餘然漢火，
Giang tâm tư giải tế sư băng.,江心澌解濟師冰。
"Kinh qua thử địa tương thuỳ phỏng,",經過此地將誰訪，
Phiếm phiếm ngư chu nguyệt nhất hoằng.,泛泛漁舟月一泓。
"Tha hương nguyệt hạ tự Trường An,",他鄉月下似長安，
Doanh khuyết tằng tòng vọng hối khan.,盈缺曾從望晦看。
"Vạn cổ mang si ư lý diệu,",萬古忙差於理妙，
Nhất tâm mặc nhận tại nhân nan.,一心默認在人難。
"Khu khu chính nghĩ lô bình tố,",區區正擬栌平素，
Hạo hạo thường kỳ chiếu phiến đan.,皡皡常祈照片丹。
"Chí sĩ dạ thâm duy đãi đán,",志士夜深惟待旦，
Cảm tương trào lộng phụ đoàn đoàn.,敢將嘲弄負團團。
"Phu toạ nhàn song tuý nhãn khai,",趺坐閒窗醉眼開，
Lạc hoa vô số há thương đài.,落花無數下蒼苔。
"Sinh tiền bất tận tôn trung tửu,",生前不盡樽中酒，
Tử hậu thuỳ kiêu mộ thượng bôi?,死後誰澆墓上杯。
"Xuân sắc tiệm thiên hoàng điểu khứ,",春色漸遷黃鳥去，
Niên quang ám trục bạch đầu lai.,年光暗逐白頭來。
"Bách kỳ đãn đắc chung triêu tuý,",百期但得終朝醉，
Thế sự phù vân chân khả ai.,世事浮雲真可哀。
"Tang bồng nam tử các thiên nha,",桑蓬男子各天涯，
Trịch hạ ly bôi vạn lý xa.,擲下離杯萬里賒。
"Nhất lộ tuần tuyên quân chưởng ấn,",一路旬宣君掌印，
Cửu thiên phi tiễn ngã huy qua.,九天鈹剪我揮戈。
"Nam lâu thưởng nguyệt chung tiêu ức,",南樓賞月終宵憶，
Bắc khuyết triều thiên thử địa qua.,北闕朝天此地過。
"Văn thuyết lộng chương tân hữu khánh,",聞說弄璋新有慶，
Định tri cung dã tại quân gia.,定知弓冶在君家。
"Dao đồ bàn điện ngật trung thiên,",瑤圖盤奠屹中天，
Nhất thốc lâu đài Ngũ Phượng biên.,一簇樓台五鳳邊。
"Tình ánh phương trì thanh nhiễu thế,",晴映方池青繞砌，
Húc lâm viên kiệu thuý đương diên.,旭臨圓嶠翠當筵。
"Đê mai nhàn nguyệt ngư xuyên ngọc,",堤梅閑月魚穿玉，
Ổ liễu hồi phong điểu tấu huyền.,塢柳迴風鳥奏弦。
"Trường đắc thần du lương vũ báo,",長得宸遊涼羽報，
Thái bình cơ chỉ vạn tư niên.,太平基址萬斯年。
"Phù trầm lục thập cửu niên lai,",浮沈六十九年來，
Bão lịch phong trần đệ kỷ hồi.,飽歷風塵第幾回。
"Tuế nguyệt trục nhân hồn tự thất,",歲月逐人渾似失，
Công danh đáo để tận thành hôi.,功名到底盡成灰。
"Phát tùng kính lý tinh tinh mãn,",髮從鏡裏星星滿，
Tửu hướng tôn trung nhật nhật khai.,酒向樽中日日開。
"Vạn sự toán lai nhàn tiện hảo,",萬事算來閑便好，
Tất tiền ngu lộng hữu nhi hài.,膝前娛弄有兒孩。
"Tam tam tiểu kính cúc tùng quân,",三三小徑菊松均，
Kiểm kiểm niên quang cận thất tuần.,檢檢年光近七旬。
"Xuất tử nhập sinh trần thế võng,",出死入生塵世網，
Tạc phi kim thị bạch đầu nhân.,昨非今是白頭人。
"Doanh thâu cục lý chân gia mộng,",贏輸局裏真耶夢，
Hồng tử viên trung cựu dã tân.,紅紫園中舊也新。
"Tửu thục đồ tô hoa chính phiệt,",酒熟屠蘇花正筏，
Mạc hiềm lão đại hảo cấm xuân.,莫嫌老大好禁春。
"Bất tri thử xứ hữu hà duyên,",不知此處有何緣，
Kỷ độ đồng nhân thiểu bạc thuyền.,幾度同人少泊船。
"Đường tướng lịch phiên lưu bạch cốt,",唐將歷番留白骨，
Nhị giang thường nhật tống thanh yên.,珥江常日送青煙。
"Linh thần thức đắc tu hồi quốc,",靈神識得須回國，
Kiến quỷ lai xâm hựu hoạch an.,見鬼來侵又獲安。
"Dĩ định đế kinh đương kế cổ,",已定帝京當繼古，
Tòng phong đoạn tục thính đề quyên.,從風斷續聽啼鵑。
"Vũ công hựu hữu tính vi Bùi,",​舞公又有姓爲裴，
Lê đại đa nhân đắc thính lôi.,黎代多人得聽雷。
"Tông tộc nhĩ hà giai thụ lộc,",宗族迩遐皆受祿，
Hương thôn lão ấu tịnh xu bồi.,鄉村老幼並趨陪。
"Trình Xuyên thử nhật lưu từ vũ,",程川此日留祠宇，
Nam Trực tiền thì trí mộ đôi.,南直前時置墓堆。
"Hạ vãn hồi hương đề sổ tự,",夏晚回鄉題數字，
Kỳ tiên dĩ lễ hoá nhi khôi.,其先以禮化而魁。
"Sài Sơn sơn thượng đa phù vân,",柴山山上多浮雲，
Sài Sơn sơn hạ thạch lân lân.,柴山山下石磷磷。
"Đồng Lư lộ thượng tây kiều thủ,",同廬路上西翹首，
Tú sắc thương nhiên lai chiếu nhân.,秀色蒼然來照人。
"Lịch lịch lâu đài thiên ngoại kiến,",歷歷樓臺天外見，
Vi vi chung cổ nguyệt trung văn.,微微鐘鼓月中聞。
"Thanh sam tẩu biến hồng trần lộ,",青衫走遍紅塵路，
Viên hạc hà tòng nhận cựu lân?,猿鶴何從認舊鄰。
"Đồng Lung giang thuỷ khứ du du,",同籠江水去悠悠，
Kim cổ nhàn sầu bất trú lưu.,今古閒愁不住流。
"Sa chuỷ tàn lô phi bạch lộ,",沙嘴殘蘆飛白鷺，
Lũng đầu lạc nguyệt ngoạ hàn ngưu.,隴頭落月臥寒牛。
"Loạn sơn thuý tiếp cô thành mộ,",亂山翠接孤城暮，
Thuỷ trúc hàn sinh tiểu điếm thu.,水竹寒生小店秋。
"Tiễn nhĩ dã âu tuỳ thuỷ khứ,",羨爾野鷗隨水去，
Phù sinh lao lục kỷ thì hưu?,浮生勞碌幾時休？
"Vụ phất lam phiêu tích dạ âm,",​霧拂嵐飄積夜陰，
Hỷ kim bảo kính oánh thiên tâm.,喜今寶鏡瑩天心。
"Quang dao tuyết lĩnh thiên đôi ngọc,",光搖雪嶺千堆玉，
Ảnh xạ băng hà nhất đới kim.,影射冰河一帶金。
"Viên khuyết dĩ thời phân vọng sóc,",圓缺以時分望朔，
Thanh minh bất cải tự sơ kim.,清明不改自初今。
"Kinh bằng viễn nguyệt hà vi giả,",京朋遠月何爲者，
Viễn tái do truyền đoản địch âm.,遠塞猶傳短笛音。
"Viên môn hạ lệnh phát thiên quân,",轅門下令發千軍，
Tượng mã huyên điền mãn bắc tân.,象馬喧闐滿北津。
"Địch khái bất hiềm dương liễu vãng,",敵愾不嫌楊柳往，
Chiêu an chỉ tác thử miêu tuần.,招安只作黍苗巡。
"Thu phòng vĩnh triệt vô tân sở,",秋防永撤無新楚，
Xuân noãn thiêm vinh hữu phiến cân.,春暖添榮有扇巾。
"Tuyên bố giáo thanh thần tử chức,",宣布教聲臣子職，
Nguyện tương cam vũ nhuận sơn dân.,願將甘雨潤山民。
"Tứ cố lư diêm cảnh nhập đồ,",四顧閭閻景入圖，
Mang mang dã thuỷ nhất hoành chu.,茫茫野水一橫舟。
"Kính hàm Hán biểu nghi hà lạc,",鏡涵漢表疑霞落，
Bi dũng ba gian kiến thạch phù.,碑湧波間見石浮。
"Chinh bái vị thừa thiên tử chiếu,",征旆爲承天子詔，
Nghễ diêu chỉ giải tướng quân du.,睨軺只解將軍遊。
"Đăng cao án kiếm thư trường diểu,",登高按劍舒長眺，
Vạn lĩnh vân biên thị thượng du.,萬嶺雲邊是上游。
"Đoán tri không hữu bất tương sa,",斷知空有不相差，
Sinh tử nguyên tòng nhất phái ba.,生死原從一派波。
"Tạc dạ nguyệt minh kim dạ nguyệt,",昨夜月明今夜月，
Tân niên hoa phát cố niên hoa.,新年花發故年花。
"Tam sinh thúc hốt chân phong chúc,",三生倏忽真風燭，
Cửu giới tuần hoàn thị nghĩ ma.,九界循環是蟻磨。
"Hoặc vấn như hà vi cứu cánh,",或問如何為究竟，
Ma-ha bát nhã tát-bà-ha.,摩訶般若薩婆訶。
"Thiên tượng phân minh tán hiểu hà,",天象分明散曉霞，
Cố linh kỵ mã nhập kinh hoa.,故令騎馬入京華。
"Vân khai xương hạp tam thiên trượng,",雲開閶闔三千丈，
Vụ ám lâu đài bách vạn gia.,霧暗樓台百萬家。
"Hàn tận cung hoa sơ trước nhị,",寒盡宮花初著蕊，
Xuân thâm quan liễu dĩ tàng nha.,春深官柳已藏鴉。
"Thái bình khí tượng kim như thử,",太平氣象今如此，
Thuỷ tín hoàng đồ phúc vị nhai.,始信皇圖福未涯。
"Thao Giang nhất biệt ý du du,",洮江一別意悠悠，
Bôi tửu luận văn ức cựu du.,杯酒論文憶舊遊。
"Đông Ngạn mai hoa tình ánh lãm,",東岸梅花晴映纜，
Bình Than nguyệt sắc viễn tuỳ châu.,平灘月色遠隨舟。
"Trình Công thế thượng vô song sĩ,",程公世上無雙士，
Hà Lão triều trung đệ nhất lưu.,何老朝中第一流。
"Linh các tưởng ưng thanh thoại xứ,",鈴閣想應清話處，
Thiên nhai khẳng niệm cố nhân phầu?,天涯肯念故人不。
"Ức tích tao phùng Nhị thuỷ biên,",憶昔遭逢珥水邊，
Lưỡng sàng đăng hộ tất sơ liên.,兩床燈戶膝初連。
"Thanh sam các tẩu hồng trần lý,",青衫各走紅塵裡，
"Lục mấn tương khan bạch tửu tiền,",綠鬢相看白酒前。
"Vi nguyệt cần phong kim dị điệu,",薇月芹風今異調，
Nghiễn kỳ điện cổn cựu đồng niên.,硯旗殿袞舊同年。
"Ân cần biệt hậu tu tiên sách,",慇懃別後須鞭策，
Thánh chúa phương kim chính cấp hiền.,聖主方今正急賢。
"Nhất cung sơn thượng trụ vân yên,",一笻山上柱雲煙，
Hồi thủ trần ai lộ cách thiên.,迴首塵埃路隔千。
"Vũ hậu tuyến thanh lưu thốc thốc,",雨後線聲流簌簌，
Thiên tình lam khí tịnh quyên quyên.,天晴嵐氣靜涓涓。
"Bách niên phù thế nhân giai mộng,",百年浮世人皆夢，
Bán nhật thâu nhàn ngã diệc tiên.,半日偷閒我亦仙。
"Hứng khứ dục lai tăng viện túc,",興去欲來僧院宿，
Hôn chung thôi nguyệt quải phong tiền.,昏鍾催月掛峰前。
"Khách lai vô tửu, tửu vô tiền,",客來無酒酒無錢，
Na đắc Trường An xuất lễ tuyền.,那得長安出醴泉。
"Quan xá như băng hư lý bạch,",官舍如冰虛裏白，
Thần tâm tự thuỷ đạm trung huyền.,臣心似水淡中玄。
"Tuý Ông bất tại thuần giai thú,",醉翁不在蓴皆趣，
Tri kỷ tương phùng trúc vị hiền.,知己相逢竹未賢。
"Khước tiếu thi hoài cùng ích tráng,",卻笑詩懷窮益壯，
Thôi xao do tự học Thanh Liên.,推敲猶自學青蓮。
"Tài hoa bất trị bán văn tiền,",才華不值半文錢，
Hạnh đắc sinh lai đáo tửu tuyền.,幸得生來到酒泉。
"Tiết giới thanh minh hoằng nhất bích,",節屆清明泓一碧，
Tâm an đạm bạc án tam huyền.,心安淡薄案三玄。
"Vô năng nghễ thế đàm hào kiệt,",無能睨世談豪傑，
Do khả phi thư đối thánh hiền.,猶可披書對聖賢。
"Ngọc tỉnh đình hàm xuân thuỷ tú,",玉井停涵春水秀，
Hà phương gián thực Đĩnh Chi liên.,何妨間植挺之蓮。
"Đoàn thành lộ xuất thương giang tân,",團城路出滄江津，
Vãn độ thương giang yết sứ quân.,晚渡滄江謁使君。
"Tằng thị sứ quân thù xướng địa,",曾是使君酬唱地，
Huề tương thi thảo khởi du nhân.,攜將詩草起遊人。
"Du nhân khán bão Lạng thành quy,",遊人看飽諒城歸。
Nang thác khinh khinh thặng hữu thi.,囊橐輕輕剩有詩。
"Quán thức giang sơn chân thị phúc,",慣識江山真是福，
Thử hoài hoàn dữ sứ quân tri.,此懷還與使君知。
"Sơn thế quần long ngoạ bích ba,",山勢群龍臥碧波，
Ngã lai nhất phỏng thướng tha nga.,我來一訪上嵯峨。
"Không trung hữu các khan nhân tiểu,",空中有閣看人小，
Tĩnh lý tham thiền phạ khách đa.,靜裡參禪怕客多。
"Lý hậu kim thân hồn mộc ngẫu,",李后金身渾木偶，
Lê tiền thạch kệ bán đài hoa.,黎前石碣半苔花。
"Lão tăng vô nại thôi di kiếp,",老僧無奈推移劫，
"Khổ đạo đông, tây bác cổ gia.",苦道東西博古家。
"Lâm giang cổ tự tịch hiêu trần,",臨江古寺寂囂塵，
Ma tẩy tàn bi nhận vị chân.,摩洗殘碑認未真。
"Trúc viện vân âm mai hạc túc,",竹院雲陰梅鶴宿，
Tùng môn nguyệt sắc toả long lân.,松門月色瑣龍鱗。
"Mang trung du khách nan thính pháp,",忙中游客難聽法，
Loạn hậu sơn tăng quán tự bần.,亂後山僧慣自貧。
"Sạ đáo thiền quan tâm nhập định,",乍到禪關心入定，
Mạc hiềm kiếm sách vị ly thân.,莫嫌劍策未離身。
"Thần tích phi lai kỷ bách xuân,",神錫飛來幾百春，
Bảo Lâm hương hoả khế tiền nhân.,寶林香火契前因。
"Hàng long phục hổ cơ hà diệu,",降龍伏虎機何妙，
Vô thụ phi đài ngữ nhược tân.,無樹非臺語若新。
"Điện trắc khởi lâu tàng Phật bát,",殿側起樓藏佛缽，
Kham trung di tích thuế chân thân.,龕中遺跡蛻真身。
"Môn tiền nhất phái Tào Khê thuỷ,",門前一派漕溪水，
Tẩy tận nhân gian kiếp kiếp trần.,洗盡人間劫劫塵。
"Sơ vĩ trường đê nhiễu đoản ly,",疏葦長堤繞短籬，
Nhật lai hồ thượng khiếm chi ly.,日來湖上欠支離。
"Âu biên nhân lập thành âm vãn,",鷗邊人立城陰晚，
Liễu ngoại hoa minh thuỷ tịnh thì.,柳外花明水淨時。
"Thế sự phân phân kinh quyện nhãn,",世事紛紛驚倦眼，
Khách hoài thảo thảo thuyết tân thi.,客懷草草說新詩。
"Hoang từ vi hỷ Văn Ông tiếu,",荒詞為喜文翁笑，
Hảo lỗi can khương nhất phiến bi.,好酹幹薑一片碑。
"Xuân phong đảo ngã lục linh biều,",春風倒我醁醽瓢，
Minh nguyệt tuỳ quân quế trạo diêu.,明月隨君桂棹遙。
"Thân xá hảo tuần ôn thanh hậu,",親舍好循溫清候，
Thế đồ cam tá lợi danh tiêu.,世途甘卸利名鑣。
"Vân sơn tạc mộng tầm hương lý,",雲山昨夢尋鄉里，
Hồ hải tư du cách thị triều.,湖海茲遊隔巿朝。
"Hậu dạ tương tư vô mịch xứ,",後夜相思無覓處，
Nam vân tường nhạn chính phiêu phiêu.,南雲翔雁正飄飄。
"Khúc lan can ngoại bạch vân phi,",曲欄杆外白雲飛，
Thượng giới lâu đài khám thuỷ mi.,上界樓臺瞰水湄。
"Hương triện hốt tàn tăng định bãi,",香篆忽殘僧定罷，
Chung thanh bất động hạc miên trì.,鐘聲不動鶴眠遲。
"Giang sơn tín mỹ phi ngô thổ,",江山信美非吾土，
Trượng lũ trùng lai hựu kỷ thì.,杖屨重來又幾時。
"Hổ khiếu long ngâm hồn tịch mịch,",虎嘯龍吟渾寂寞，
Du nhân không đả Lý Ung bi.,遊人空打李邕碑。
"Nhiếp giáo tam niên quan xá vô,",攝教三年官舍無，
Dân gia khách phố bão kiều cư.,民家客舖飽僑居。
"Minh luân đường vũ kinh doanh thuỷ,",明倫堂宇經營始，
Dạ tức mao đình phác trác sơ.,夜息茅亭樸斲初。
"Vị cập bán sàng thinh dạ vũ,",未及半床聽夜雨，
Khả liên nhất cự cánh yên khư.,可憐一炬更煙墟。
"Không dư đề vịnh thi thiên tại,",空餘題詠詩篇在，
Cảm cựu linh nhân phú Tử Hư.,感舊令人賦子虛。
"Sơn vân tước lược ngạn hoa minh,",山雲削略岸花明，
Kiến thuyết Dương Phi thử địa sinh.,見說楊妃此地生。
"Tự thị cử triều không lập trượng,",自是舉朝空立仗，
Uổng giao thiên cổ tội khuynh thành.,枉教千古罪傾城。
"Tiêu tiêu Nam Nội bồng cao biến,",簫簫南內蓬篙遍，
Mịch mịch Tây Giao khâu lũng bình.,寞寞西郊丘隴平。
"Lang tạ tàn hồng vô mịch xứ,",狼藉殘紅無覓處，
Đông phong thành hạ bất thăng tình.,東風城下不勝情。
"Bán sinh trần thổ phụ đăng lâm,",半生塵土負登臨，
Quang cảnh tha đà tiện đáo câm.,光景蹉跎便到今。
"Phù thế bách niên chân nhất thuấn,",浮世百年真一瞬，
Cổ nhân phiến lạc trị thiên câm.,古人片樂值千金。
"Tiền xuyên ngọ nhật bàng hoa hứng,",前川午日傍花興，
Nghi thuỷ xuân phong dữ vật tâm.,沂水春風與物心。
"Ngưỡng chỉ cao sơn hoài nẵng triết,",仰止高山懷曩哲，
Giản hà lộ thứ chính u tầm.,澗河路次正幽尋。
"Loạn hậu trùng tầm đáo Phổ Minh,",亂後重尋到普明，
Viên hoa dã thảo cựu nham quynh.,園花野草舊巖扃。
"Bi văn bác lạc hoà yên bích,",碑文剝落和煙碧，
Phật nhãn thê lương chiếu dạ thanh.,佛眼淒涼照夜清。
"Pháp giới ưng đồng thiên quảng đại,",法界應同天廣大，
Hương nhân do thuyết địa anh linh.,鄉人猶說地英靈。
Liêu liêu cổ đỉnh kim hà tại?,寥寥古鼎今何在，
Thức đắc vô hình thắng hữu hình.,識得無形勝有形。
"Mạc bả kim du thắng tích du,",莫把今遊勝昔遊，
Ngô nhân lạc xứ thị La Phù.,吾人樂處是羅浮。
"Bất năng lãng tích yêm trường hạ,",不能浪迹淹長夏，
Vô nại khanh tình phó vãn thu.,無奈卿情赴晚秋。
"Bách thảo tùng trung thi lễ địa,",百草叢中詩禮地，
Ngũ vân thâm xứ đế vương châu.,五雲深處帝王州。
"Đô lai giải cấu phi dung dị,",都來邂逅非容易，
Đãn tá thiền phi tác Quách chu.,但借禪扉作郭舟。
"Cảnh sắc tiên minh thảo thụ phồn,",景色鮮明草樹繁，
Lâu đài yểm ánh bạn sơn môn.,樓臺晻映伴山門。
"Lâm thanh loạn ứng chung thanh tế,",林聲亂應鐘聲細，
Giản thuỷ tiềm thông tỉnh thuỷ ôn.,澗水潛通井水溫。
"Bách bộ cầm sinh xuy trúc lạc,",百步禽笙吹竹落，
Nhất xoang mục địch hưởng tùng hiên.,一腔牧笛響松軒。
"Phỏng tăng tịch mịch tri hà xứ,",訪僧寂寞知何處，
Mãn viện đào hoa tiếu bất ngôn.,滿院桃花笑不言。
"Tiên quận danh sơn đệ nhất san,",仙郡名山第一山，
Tương truyền tiên cảnh tại nhân gian.,相傳仙境在人間。
"Tiều kha thặng thử cô thôn tại,",樵柯剩此孤村在，
Kỳ cục dung ngô nhất toạ nhàn.,棋局容吾一坐閒。
"Cố miện nhãn cơ không thế giới,",顧眄眼幾空世界，
Tiếu đàm thanh dục triệt vân đoan.,笑談聲欲徹雲端。
"Hà tu cánh thuyết Từ công sự,",何須更說徐公事，
Dữ ngã đăng lâm diệc tể quan.,與我登臨亦宰官。
"Dao duệ chung thanh hà xứ thiên,",搖曳鐘聲何處天，
Từ Hàng phạm vũ liễu ngưng yên.,慈航梵宇柳凝煙。
"Tùng phong tảo viện thanh thiền vị,",松風掃院清禪味，
Trúc vũ sư song tịnh dục duyên.,竹雨篩窗淨欲緣。
"Bình đới túc hương hoa vị sáp,",瓶帶宿香花未插，
Lô thiêu tân thán hạc do miên.,鑪燒新炭鶴猶眠。
"Kim triêu nhược liễu bình sinh sự,",今朝若了平生事，
Ưng giả Từ Hàng hoán ngọc tiên.,應假慈航換玉鞭。
"Nhân long hoá khứ hiện thần long,",人龍化去現神龍，
Tiễu thạch lâm lưu miện Hán Trung.,峭石臨流眄漢中。
"Bắc hướng trầm cơ khu nhạn trận,",北向沉機驅雁陣，
Đông thôn dư nộ dịch độn phong.,東吞餘怒役盹風。
"Đỉnh phân vô lực tranh thương hạo,",鼎分無力爭蒼昊，
Miếu tự hà tâm ỷ bích không.,廟祀何心倚碧空。
"Tùng bách y hi khuynh cái nhật,",松柏依稀傾蓋日，
Hành dương thu thuỷ chiếu cô trung.,衡陽秋水照孤忠。
"Đan tâm nhất điểm tự bình sinh,",丹心一點自平生，
Thuỳ bả vô trường nhập phẩm bình?,誰把無腸入品評？
"Thảo dã thử thân nguyên hữu dụng,",草野此身原有用，
Giang sơn đáo xứ tận hoành hành.,江山到處盡橫行。
"Huyền hoàng mãn phúc văn tâm nhuận,",玄黃滿腹文心潤，
Qua giáp đương đồ võ lược tinh.,戈甲當途武畧精。
"Tứ hải chính đương cơ khát vọng,",四海正當饑渴望，
Quân như bất xuất thục điều canh!,君如不出熟調羹！
"Tổn ích tương hồi, đạo dũ tôn,",損益相回道愈尊，
Ngô nhân tố tự hữu uyên nguyên.,吾人素自有淵源。
"Xuân dung cựu phán hoàn quan thính,",春融舊泮環觀聽，
Thời tập tân quy trọng thảo luân.,時習新規重討論。
"Lậu hạng đa niên phi sĩ vọng,",漏巷多年蜚士望，
Đại đình chỉ nhật đối vương ngôn.,大庭指日對王言。
"Thiên tâm tương khải văn minh vận,",天心將啟文明運，
Ngũ dạ Khuê tinh xán học môn.,五夜圭星燦學門。
"Hạo khí phù không cảnh vật thù,",灝氣浮空景物殊，
Điệu phu báo đạo thị giang Châu.,掉夫報道是江州。
"Nghinh phong đình hữu y nhai lộ,",迎風亭有依崖路，
Đắc nguyệt hiên đa chẩm thuỷ lưu.,得月軒多枕水流。
"Hồng liệu đinh thu ngư tử võng,",紅蓼汀收漁子網，
Lục dương tân tang giả nhân san.,綠楊津桑賈人珊。
"Thực đoan hành sắc tương chiêu dẫn,",實端行色相招引，
Liêu vi đình kiêu tác thắng du.,聊為停橈作勝遊。
"Tinh phiếm Thái Bình tân,",星泛太平津，
Vi tòng triều bán lạc.,微從潮半落。
"Nguyệt chử bích yên lung,",月渚碧煙籠，
Sương đinh hồng diệp bạc.,霜汀紅葉薄。
"Giang sơn bút hữu thần,",江山筆有神，
Thánh hiền tửu phi ác.,聖賢酒非惡。
"Khinh khinh tố Hán tra,",輕輕溯漢槎，
Kiểu kiểu thừa phong hạc.,矯矯乘風鶴。
"Nhất lộ thản nhiên bình,",一路坦然平，
Bình an nhật hoàn tạc.,平安日還昨。
"Ức tích ngô ông tạ lão thì,",憶昔吾翁謝老時，
Phiêu phiêu bồ tứ thử giang my.,飄飄蒲駟此江湄。
"Tiên chu kích thuỷ thần long đấu,",仙舟激水神龍鬥，
Bảo cái phù không thuỵ hạc phi.,寶蓋浮空瑞鶴飛。
"Nhất tự y thường vô mịch xứ,",一自衣裳無覓處，
Lưỡng đê yên thảo bất thăng bi.,兩隄煙草不勝悲。
"Bách niên đa thiểu thương tâm sự,",百年多少傷心事，
Cận nhật Trường An đại dĩ phi.,近日長安大已非。
"Giang Đình độc lập sổ quy châu,",江亭獨立數歸舟，
Phong cấp than tiền nhất địch thu.,風急灘前一笛秋。
"Tà nhật ngâm tàn hồng đạm đạm,",斜日吟殘紅淡淡，
Mộ thiên vọng đoạn bích du du.,暮天望斷碧悠悠。
"Công danh dĩ lạc hoang đường mộng,",功名已落荒唐夢，
Hồ hải liêu vi hãn mạn du.,湖海聊為汗漫遊。
"Tự khứ tự lai hồn bất quản,",自去自來渾不管，
Thương ba vạn khoảnh tiện phi âu.,滄波萬頃羨飛鷗。
"Trường giang cổn cổn phiến phàm đông,",長江滾滾片帆東，
Hải khoát thiên cao vọng mạc cùng!,海闊天高望莫窮。
"Giáp ngạn thuyền song thanh thảo vũ,",夾岸船窗青草雨，
Tiền sa trạo ảnh bạch tần phong.,前沙棹影白蘋風。
"Bách niên hào kiệt chiến tranh địa,",百年豪傑戰爭地，
"Vạn cổ sơn hà đới lệ công,",萬古山河帶礪功。
Bằng trượng tân thi tác đồ chí.,憑仗新詩作圖誌，
Hành quan tứ hải quĩ văn đồng.,行觀四海軌文同。
"Hồ hải sơ tâm vị thuỷ ma,",湖海初心未始磨，
Quang âm như tiễn hựu như thoa.,光陰如箭又如梭。
"Thanh phong minh nguyệt sinh nhai túc,",清風明月生涯足，
Lục thuỷ thanh sơn hoạt kế đa.,綠水青山活計多。
"Hiểu quải cô phàm lăng hãn mạn,",曉掛孤帆淩汗漫，
Vãn hoành đoản địch lộng yên ba.,晚橫短笛弄煙波。
"Tạ Tam kim dĩ vô tiêu tức,",謝三今已無消息，
Lưu đắc không thuyền các thiển sa.,留得空船閣淺沙。
"Tự cổ Hồng Đô xưng thắng địa,",自古洪都稱勝地，
Kim triêu khách lý tạm tương qua.,今朝客裡暫相過。
"Yên thu Nam Phố tình quang hảo,",煙收南浦晴光好，
Nhật lạc Tây Sơn mộ cảnh gia.,日落西山暮景佳。
"Cáo kiết thành phong liên tục bạc,",告訐成風憐俗薄，
Từ chương hữu học trúng khoa đa.,詞章有學中科多。
"Tinh Dương thiết trụ kim do tại,",旌揚鐵柱今猶在，
Bi khắc thiên niên tiển dĩ hoa.,碑刻千年蘚已花。
"Vạn khoảnh yên ba tẩm bích liên,",萬頃煙波浸碧漣，
Bình phân sơn sắc hốt du nhiên.,平分山色忽悠然。
"Thương mang vọng ngoại trùng sơn nhạc,",蒼茫望外重山岳，
Oánh khiết hồ trung nhất thuỷ thiên.,瑩潔壺中一水天。
"Đào độ phong cao ngư phố địch,",桃渡風高漁浦笛，
Hàn sa nhật đạm viễn thôn yên.,寒沙日淡遠村煙。
"Thanh quang nhãn khoát nùng ngâm hứng,",清光眼豁濃吟興，
Bán bức vân hà chiếu viễn biên.,半幅雲霞照遠邊。
"Tây lân thôn hạng cách đông lân,",西鄰村巷隔東鄰，
Kê khuyển tương văn cận yếu tân.,雞犬相聞近要濱。
"Hải yến nhật tà đê lộng ảnh,",海燕日斜低弄影，
Giang hoa phong tế viễn tuỳ nhân.,江花風細遠隨人。
"Đạo phùng mai vũ liên vân thục,",稻逢梅雨連雲熟，
Tàm đáo tang thiên trước diệp tân.,蠶到桑天著葉新。
"Khước tiếu ngâm ông tham thắng thưởng,",卻笑吟翁貪勝賞，
Ngọc kinh quy trạo dĩ kiêm tuần.,玉京歸棹已兼旬。
"Hành sắc thương mang tuế chính lan,",行色蒼芒歲正闌，
Tiêu tiêu phong tuyết biệt ly gian.,簫簫風雪別離間。
"Sơn trùng thuỷ phục khách trình viễn,",山重水復客程遠，
Đông tận xuân sinh thiên đạo hoàn.,冬盡春生天道還。
"Vạn sự vô tâm tuỳ tiết biến,",萬事無心隨節變，
Thử sinh nhâm vận cánh thuỳ ban.,此生任運更誰班。
"Phụng thành nhị nguyệt hoa như hải,",鳳城二月華如海，
Chuẩn nghĩ thiều quang nhất phá nhan.,準擬韶光一破顏。
"Hoàng hoa thu sắc nhất thiên tình,",黃花秋色一天晴，
Giang tự chiêu yêu tản bộ hành.,江寺招邀散步行。
"Cận thuỷ lâu cao chung ảnh tế,",近水樓高鍾影細，
Nghênh hy đạo khiết lý trần khinh.,迎曦道潔履塵輕。
"Ngũ niên du tử tiền phiên huống,",五年遊子前番況，
Thất cổn cao tăng thử dạ tình.,七袞高僧此夜情。
"Nhất ấp nhược tương từ tín túc,",一揖若將辭信宿，
Thôi xao vị hứa định quan quynh.,推敲未許定關扃。
"Quang phong sương nguyệt khoát khâm hoài,",光風霜月豁襟懷，
Nam cảnh tinh trì ngọc tiết lai.,南境星馳玉節來。
"Lễ tự kính tân chân ý phát,",禮自敬賓真意發，
Nhân tòng ái vật chí thành khai.,仁從愛物至誠開。
"Đức triêm bách tính dư ba nhuận,",德沾百姓餘波潤，
Khí áp quần phong chướng vụ tồi.,氣壓群峰障霧摧。
"Trực đãi nham lang điều đỉnh thực,",直待岩廊調鼎實，
Long đông tùng bách tuyết tiền mai.,隆冬松柏雪前梅。
"Trung thiên nhật nguyệt phổ quang minh,",中天日月普光明，
Tiểu quốc kỳ thân tựu vọng tình.,小國期伸就望情。
"Điều đệ khai sơn thiên vạn lý,",迢遞開山千萬里，
Khách trình hà nhật đáo Thần Kinh.,客程何日到神京。
"Ấp Giang nhất phái dư ba tại,",邑江一派餘波在，
Tuyên Lĩnh thiên niên chính khí tồn.,鐫嶺千年正氣存。
"Diệt tặc công cao đương đại ngưỡng,",滅賊功高當代仰，
Cùng bi trường đối thử càn khôn.,窮碑長對此乾坤。
"Độc hữu hành hàng việt mạch thiên,",獨有行行越陌阡，
Bình vu nhất vọng tứ mang nhiên.,平蕪一望思茫然。
"Thế đồ bán hợp bán năng hợp,",世途半合半能合，
Sơn sắc như liên như bất liên.,山色如連如不連。
"Lâm ngạn tiên đăng tư hữu đạo,",臨岸先登思有道，
Quá hà dục tế tích vô thuyền.,過河欲濟惜無船。
"Đào nguyên tiên khách tri hà xứ,",桃原僊客知何處，
Vô số đào hoa lạc động biên.,無數桃花落洞邊。
"Cầm thư tẩu biến bắc nam trình,",琴書走遍北南程，
Hựu phụ công xa thướng đế kinh.,又附公車上帝京。
"Cảm hướng uý đồ tranh tiệp bộ,",敢向畏途爭捷步，
Thác tương tiểu nghệ khởi phù danh.,錯將小藝起浮名。
"Bôi trung thiên địa kỳ hoài khoát,",杯中天地奇懷闊，
Mã thủ giang sơn lão nhãn minh.,馬首江山老眼明。
"Trịnh trọng liễu đình nhất huy thủ,",鄭重柳亭一揮手，
Luận văn hậu hội thả chu tinh.,論文後會且週星。
"Lục thập lão nhân cân lực suy,",六十老人筋力衰，
Cứ an bị giáp tật như phi.,據鞍被甲疾如飛。
"Điện đình chỉ bác quân vương tiếu,",殿庭只博君王笑，
Hương lý ninh tri huynh đệ bi.,鄉里寧知兄弟悲。
"Đồng trụ cận năng khi Việt nữ,",銅柱僅能欺越女，
Châu xa tất cánh luỵ gia nhi.,珠車畢竟累家兒。
"Tính danh hợp thướng Vân Đài hoạ,",姓名合上雲臺畫，
Do hướng Nam trung sách tuế thì.,猶向南中索歲時。
Viêm viêm cửu thổ chính tiêu tầm.,炎炎九土正焦燖，
Nhất vũ hoàng thiên phổ trạch thâm.,一雨皇天普澤深。
"Thỉnh tội quốc tương hành thịnh đảo,",請罪國將行盛禱，
Sơ hoà dân dĩ giáp hoan tâm.,初和民已浹歡心。
"Ngoạ long tự thị nhân gian vật,",臥龍自是人間物，
Tiêu tượng năng vi tuế hạn lâm.,肖象能為歲旱霖。
"Tỉ thị bộc uông hà dụng giả,",徙巿暴尪何用者，
Chí thành cảm triệu cổ do câm.,至誠感召古猶今。
"Cố viên loạn hậu hữu tiên lư,",故園亂後有先廬，
Lục tuế nhi đồng phả ái thư.,六歲兒童頗愛書。
"Đề điểu lạc hoa thâm hạng vĩnh,",啼鳥落花深巷永，
Lương phong tàn mộng ngọ song hư.,涼風殘夢午窗虛。
"Tâm tòng nhàn xứ thiên ưu thất,",心從閒處千憂失，
"Học đáo sung thời tứ thể thư,",學到充時四體舒。
"Trục vật lao nhân hưu ngộ ngã,",逐物勞人休誤我，
An nhân chí dĩ toại u cư.,安仁志已遂幽居。
"Lục đào đê ảnh liễu thuỳ âm,",綠桃低影柳垂陰，
Hách hách càn khôn thử nhật lâm.,赫赫乾坤暑日臨。
"Thiên khí uất chưng thang phí đỉnh,",天氣欝蒸湯沸䁀，
Nhật quang thiểm thước hoả lưu câm.,日光閃爍火流金。
"Ninh thân đạo tại Hoàng Hương chẩm,",寧親道在黃香枕，
Phụ vật công quy Đế Thuấn cầm.,阜物功歸帝舜琴。
"Kế thuỷ tiêu văn thanh đáo cốt,",薊水颷紋清到骨，
Thu cô mạc động Thiếu Lăng ngâm.,秋菰莫動少陵吟。
"Thị Phan gia tử, Ngô gia sanh,",是潘家子吾家甥，
Tằng tại Trung châu quán tính danh.,曾在中州慣姓名。
"Hoa quốc văn chương giai tả khoán,",華國文章皆左券，
Giao lân quan cái tức am trình.,交鄰冠蓋即諳程。
"Tinh sà tục tráng tiền du phả,",星槎續壯前遊譜，
Long Động tăng quang thử thứ hành.,龍峒增光此次行。
"Tảo trữ công hoàn mông dị ốc,",早佇公完蒙異渥，
Lạc đồng bả trản thướng ban đình.,樂同把盞上班庭。
"Ngọc Nữ sơn tiền tống nhạn quy,",玉女山前送雁歸，
Xuân phong xuy vũ mãn thiên phi.,春風吹雨滿天飛。
"Liễu dao tuyệt tái tinh kỳ ám,",柳搖絕塞旌旗暗，
Hoa lạc tàng thành cổ giác hy.,花落藏城鼓角希。
"Úc viễn sa đình tân tuế tửu,",鬱遠扠停新歲酒，
Đăng cao tần thấp di hương y.,登高頻濕移鄉衣。
"Tây chinh bát tuấn âm trầm đoạn,",西征八駿喑沉斷，
Đỗ Vũ thành trung độc yểm phi.,杜宇城中獨掩扉。
"Đế hương sơn thuỷ hạo man man,",帝鄉山水浩漫漫，
Lệ lạc tinh kỳ kiến Hán quan.,淚落旌旗見漢關。
"Xã tắc chí kim lao thạch mã,",社稷至今勞石馬，
Phong vân hà lộ ủng kim loan.,風雲何路擁金鑾。
"Đẩu ngưu thiên ngoại cô tra viễn,",斗牛天外孤槎遠，
Sa thảo thành biên hiểu giác hàn.,沙草城邊曉角寒。
"Không phú Đăng lâu sầu cực mục,",空賦登樓愁極目，
Ngũ lăng yên thụ tiếp Trường An.,五陵煙樹接長安。
"Thiên khai địa tịch cửu thanh di,",天開地闢久清怡，
Bắc thú thanh ca tĩnh Thái vi.,北戍聲歌靜采薇。
"Ngũ đế Tam hoàng truyền phượng lịch,",五帝三皇傳鳳歷，
Cửu châu tứ hải ngưỡng long phi.,九州四海仰龍飛。
"Bồng sơn hiểu nhật quang hoàng đạo,",蓬山曉日光黃道，
Hoá quốc xuân phong vũ thuý kỳ.,華國春風舞翠旗。
"Thử khứ Hồ trần tri tảo tận,",此去胡塵知掃盡，
Nham lang vô sự chính thuỳ y.,巖浪無事正垂衣。
"Hoa cấu kinh doanh tạm tất công,",花構經營暫畢工，
Di cư gia cụ chỉ nang không.,移居家具只囊空。
"Tố cầm hoành tất tam canh nguyệt,",素琴橫膝三更月，
Yên tẩm nghênh hương ngọ hậu phong.,燕寢迎香午後風。
"Trương Lão tụng ngôn phi dật mỹ,",張老頌言非溢美，
Vu Công tích đức giác tăng sùng.,于公積德覺增崇。
"Hạ thành tước hỷ bồi tân liệt,",廈成雀喜陪賓列，
Ổi tụng tân thi tiếu ngữ trung.,猥頌新施笑語中。
"Khuông quốc tài du cái thế công,",匡國才猷蓋世功，
Hoàng hoàng nhật nguyệt chiếu đan trung.,煌煌日月照丹衷。
"Hữu phu tại đạo tuỳ hà cữu,",有孚在道隨何咎，
Bàng tác hàm cần kiển phỉ cung.,旁作咸勤蹇匪躬。
"Khang tế đại thần phi độ ngoại,",康濟大臣非度外，
Hiển tàng quân tử chính thời trung.,顯藏君子正時中。
"Tương hân tương đắc nhân cư nhĩ,",相欣相得仁居邇，
Thời tự Kỳ du hội thượng công.,時序耆遊會上公。
"Hồ hải niên lai hứng vị lan,",湖海年來興未闌，
Càn khôn đáo xứ giác tâm khoan.,乾坤到處覺心寬。
"Nhãn biên xuân sắc huân nhân tuý,",眼邊春色薰人醉，
Chẩm thượng triều thanh nhập mộng hàn.,枕上潮聲入夢寒。
"Tuế nguyệt vô tình song mấn bạch,",歲月無情雙鬢白，
Quân thân tại niệm thốn tâm đan.,君親在念寸心丹。
"Nhất sinh sự nghiệp thù kham tiếu,",一生事業殊堪笑，
Doanh đắc hư danh lạc thế gian.,嬴得虛名落世間。
"Nhất biệt giang hồ sổ thập niên,",一別江湖數十年，
Hải môn kim nhật hệ ngâm thuyền.,海門今日繫吟船。
Ba tâm hạo diểu thương châu nguyệt,波心浩渺滄洲月，
Thụ ảnh sâm si phố tự yên.,樹影參差浦漵煙。
Vãng sự nan tầm thời dị quá.,往事難尋時易過，
Quốc ân vị báo lão kham liên.,國恩未報老堪憐。
"Bình sinh độc bão tiên ưu niệm,",平生獨抱先憂念，
Toạ ủng hàn khâm dạ bất miên.,坐擁寒衾夜不眠。
"Ca lâu vũ tạ bán hoang lương,",哥樓舞榭半荒涼，
Tiền nhật phồn hoa mộng nhất trường.,前日繁華夢一場。
"Đình thảo phùng xuân tuỳ ý lục,",庭草逢春隨意綠，
Viên hoa vô chủ vị thuỳ hương.,園花無主為誰香。
"Hoạ đường thiềm ảnh thuỳ hàn vũ,",畫堂簷影垂寒雨，
Tiêu tự chung thanh tống tịch dương.,蕭寺鐘聲送夕陽。
"Duy hữu điều canh phong vị tại,",惟有調羹風味在，
Lão mai y cựu nhiễu trai tường.,老梅依舊遶齋墻。
"Thu lai, Hà Khẩu thưởng thu đăng,",秋來河口賞秋燈，
Nhất khắc thiên kim mãi bất năng.,一刻千金買不能。
"Khách phố cáp phùng tam ngũ dạ,",客浦恰逢三五夜，
Ngân hoa quang chiếu nhất hồ băng.,銀花光照一壺冰。
"Giang sơn bất dạ khiêu thi hứng,",江山不夜挑詩興，
Phong nguyệt vô biên đối tửu bằng.,風月無邊對酒朋。
"Mạc bả tầm thường đăng biểu khán,",莫把尋常燈表看，
Thời điều ngọc chúc hỉ bình trưng.,時調玉燭喜平徵。
"Chi phất ưu ban tự cửu thiên,",芝綍優頒自九天，
Vinh thiên Kinh lược sứ ty quyền.,榮遷經略使司權。
"Triều môn bán thị ngao hồng trạch,",潮門半是嗷鴻澤，
Đồn lĩnh do tàn kiếp thạch yên.,屯嶺猶殘劫石煙。
"Trù hoạch tiểu thi kinh quốc thủ,",籌劃小施經國手，
Chiết xung chung lại tế thời hiền.,折衝終賴濟時賢。
"Quy lai quỹ lộ dung hà vãn,",歸來揆路庸何晚，
Thánh chúa phương kim cấp tại biên.,聖主方今急在邊。
"Thê trì biệt giá vị dân tâm,",棲遲別駕為民心，
Vạn cổ cam đường thập mẫu âm.,萬古甘棠十畝陰。
"Hữu ý Khấu quân phiền nguyện tá,",有意寇君煩願借，
Đa tình Vũ Tích quả trùng lâm.,多情禹錫果重臨。
"Ngâm tiên kỷ độ giai sơn thuỷ,",吟鞭幾度佳山水，
Hành thác y nhiên cựu hạc cầm.,行橐依然舊鶴琴。
"Kim nhật tiểu sinh lai Yển thất,",今日小生來偃室，
Cộng duyên ngưỡng đức cửu di thâm.,共緣仰德久彌深。
"Bá vương trần tích thuộc du du,",霸王陳跡屬悠悠，
Hán thuỷ thao thao trú dạ lưu.,漢水滔滔晝夜流。
"Quy Hạc lưỡng sơn tương đối ngạn,",龜鶴兩山相對岸，
Thần tiên nhất khứ chỉ không lâu.,神仙一去只空樓。
"Thi thành thảo thụ giai thiên cổ,",詩成草樹皆千古，
Nhật mộ hương quan cộng nhất sầu.,日暮鄉關共一愁。
"Tưởng tượng đương niên xuy địch dạ,",想像當年吹笛夜，
Bạch tần hồng liễu mãn đinh châu.,白蘋紅蓼滿汀洲。
"Khinh phong nộn thử hạ chi sơ,",輕風嫩暑夏之初，
Đại tuý cuồng ngâm độc hữu dư.,大醉狂吟獨有余。
"Thị phụ thừa bàn cung thục lệ,",巿婦承盤供熟荔，
Điền ông phát cẩu mại tiên ngư.,佃翁發茍賣鮮魚。
"Túc tinh sạ khởi nhất văn trĩ,",宿醒乍起一聞雉，
Cựu cú vị vong tần kiểm thư.,舊句未忘頻撿書。
"Bồng tất thử gian dung lão bệnh,",蓬蓽此間容老病，
Thê thê trần lộ cánh hà như?,棲棲塵路更何如？
"Truyền gia cựu nghiệp chỉ thanh chiên,",傳家舊業只青氈，
Ly loạn như kim mệnh cẩu tuyền.,離亂如今命苟全。
"Phù thế bách niên chân tự mộng,",浮世百年真似夢，
Nhân sinh vạn sự tổng quan thiên.,人生萬事總關天。
"Nhất hồ bạch tửu tiêu trần lự,",一壼白酒消塵慮，
Bán tháp thanh phong túc ngọ miên.,半榻清風足午眠。
"Duy hữu cố sơn tâm vị đoạn,",惟有故山心未斷，
Hà thì kết ốc hướng mai biên.,何時結屋向梅邊。
"Vũ quá đình kha trưởng lục âm,",雨過庭柯長綠陰，
Thiền thanh cung chuỷ tấu Ngu cầm.,蟬聲宮徵奏虞琴。
"Song tiền hoàng quyển công môi thuỵ,",窗前黃卷公媒睡，
Hộ ngoại thanh sơn cố sách ngâm.,戶外青山故索吟。
"Trú tĩnh càn khôn khoan đạo tứ,",晝靜乾坤寬道思，
Nhân gian danh lợi tỉnh sơ tâm.,人間名利醒初心。
"Hồi đầu tam thập niên tiền sự,",回頭三十年前事，
Mộng lý du du cánh mạc tầm.,夢裡悠悠更莫尋。
"Bất kham hạ nhật vọng tu đồ,",不堪夏日望修途，
Bình nhật lăng vân chí khí cô.,平日凌雲志氣孤。
"Phúc chiểu lục tần khiêu nhất lý,",覆沼綠蘋跳一鯉，
Đương môn thuý trúc vũ song hồ.,當門翠竹舞雙蝴。
"Uyên Minh ngâm hứng sỉ quy tửu,",淵明吟興哆歸酒，
Tử Hậu hoàn khê tẫn vị ngu.,子厚環溪儘為愚。
"Nhàn toạ phương tương thủ bôi chước,",閒坐方將取杯酌，
Vũ tòng đông chí hảo phong câu.,雨從東至好風俱。
"Đoàn đoàn tinh kỵ xuất viên đông,",團團精騎出園東，
Biện sắc gian môn giá lục long.,辨色間門駕六龍。
"Cẩm áo xuyên châu hoàn bát ngạch,",錦襖穿珠環八額，
Kim yên án bí phán trùng đồng.,金鞍按轡盼重瞳。
"Ân cần thiên ngữ tuyên ân trọng,",殷勤天語宣恩重，
Khoản khúc xuân quan đạo ý nùng.,款曲春官道意濃。
"Giá quá khởi lai chiêm tất lộ,",駕過起來瞻蹕路，
Kế Môn yên thụ uất thiên phong.,薊門煙樹鬱千峰。
"Tiên hạnh tài bồi tuế nguyệt thâm,",仙杏栽培歲月深，
Cao đàn ngật nhĩ trấn Nho lâm.,高壇屹爾鎮儒林。
"Văn phong phi phất dương phân phức,",文風披拂揚芬馥，
Giáo vũ lâm ly bát thuý âm.,教雨淋漓潑翠陰。
"Ngọ hậu lương sinh hàm trượng tịch,",午後涼生函丈席，
Dạ hàn hưởng nhập thất huyền cầm.,夜寒響入七弦琴。
"Thiên nghi đình cối trường lân cận,",偏宜庭檜長鄰近，
Vĩnh dữ càn khôn cộng cổ câm.,永與乾坤共古今。
"Cảnh thanh u vật diệc thanh u,",景清幽物亦清幽，
Thập nhất tiên châu thử nhất châu.,十一仙州此一州。
"Bách bộ sinh ca, cầm bách thiệt,",百部笙歌禽百舌，
"Thiên hàng nô bộc, quất thiên đầu,",千行奴僕橘千頭。
Nguyệt vô sự chiếu nhân vô sự.,月無事照人無事，
Thuỷ hữu thu hàm thiên hữu thu.,水有秋含天有秋。
"Tứ hải dĩ thanh, trần dĩ tịnh,",四海已清塵已靖，
Kim niên du thắng tích niên du.,今年遊勝昔年遊。
"Cửu bệ trù biên trọng thị sư,",九陛籌邊重視師，
Nam hiên đặc giản xuất nam thuỳ.,南軒特簡出南陲。
"Trạc chinh thắng thế tòng kim nhật,",濯征勝勢從今日，
Tiên trước phu công cáp hảo thì.,先著膚公恰好辰。
"Tâm thượng kinh luân nan thượng khả,",心上經綸難上可，
Phúc trung binh giáp kết trung tuy.,腹中兵甲結中綏。
"Thử hồi Thái Thạch kình ba thiếp,",此回采石鯨波帖，
Hoàng các đàn quan trữ hạ chi.,黃閣彈冠佇賀卮。
"Ngọc Đường môn khước tá thư si,",玉堂門却些書痴，
Toạ đối Bồng sơn ái nhật trì.,坐對蓬山愛日遲。
"Nhược Thuỷ tam thiên trần thế cách,",弱水三千塵世隔，
Thiều quang cửu thập đế đài ti.,韶光九十帝臺私。
"Tuyết phiêu du nhứ hồi đan cấm,",雪飄遊絮回丹禁，
Phong triển phi hoa độ ngọc trì.,風颭飛花度玉墀。
"Tiếu tiếu phiên giai hồng thược dược,",笑笑翻階紅芍藥，
Thanh hương bất sử dã phong tri.,清香不使野蜂知。
"“Xích phục” trình phù sự dĩ phi,",赤伏呈符事已非，
Cổ thành lao lạc thảo uy nuy.,古城牢落草葳萎。
"Thú lâu ngoã lịch kim thiên tải,",戍樓瓦礫今千載，
Giáp đệ ca chung bỉ nhất kỳ.,甲第歌鐘彼一期。
Bắc Thượng trần đồ thành cổ kính.,北上塵途成古徑，
“Đông Quang” đài triện uỷ tàn bi.,東光苔篆委殘碑。
"Đại đô thịnh vãn đương nhiên sự,",大都盛晚當然事，
Khước tiện Đồng Giang bách xích ty.,卻羨桐江百尺絲。
"Quyền mưu bổn thị dụng trừ gian,",權謀本是用除姦，
Nhân nghĩa duy trì quốc thế an.,仁義維持國勢安。
"Đài các hữu nhân nho tịch noãn,",臺閣有人儒席煖，
Biên thùy vô sự liễu doanh nhàn.,邊陲無事柳營閒。
"Viễn phương ngọc bạch đồ vương hội,",遠方玉帛圖王會，
Trung quốc uy nghi đổ Hán quan.,中國威儀睹漢官。
"Sóc tẩm dĩ thanh kình lãng tức,",朔祲已清鯨浪息，
Nam châu vạn cổ cựu giang san.,南州萬古舊江山。
"Ức tích Lam Sơn ngoạn Vũ Kinh,",憶昔藍山玩武經，
Đương thời chí dĩ tại thương sinh.,當時志已在蒼生。
"Nghĩa kỳ nhất hướng trung nguyên chỉ,",義旗一向中原指，
Miếu toán tiên tri đại sự thành.,廟算先知大事成。
"Nguyệt xuế nhật thành quy đức hoá,",月竁日城歸德化，
Huỷ thường chuỳ kế thức uy thanh.,卉裳椎髻識威聲。
"Nhất nhung đại định hà thần tốc,",一戎大定何神速，
Giáp tẩy cung nang lạc thái bình.,甲洗弓囊樂太平。
"Thị ẩn như kim tự khả dung,",市隱如今自可容，
Dữ quân quát mục tiếu tương phùng.,與君刮目笑相逢。
"Văn tâm cấu kết phong vân hợp,",文心構結風雲合，
Tuý nhãn mê ly thiên địa không.,醉眼迷離天地空。
"Hội ngộ thời hy đầu dị bạch,",會遇時稀頭易白，
Tiêu ma nhật thậm bút vưu hùng.,銷磨日甚筆尤雄。
"Si huynh cận trạng hoàn thâu đệ,",癡兄近狀還輸弟，
Bất cảm công thi chỉ phạ cùng.,不敢工詩只怕窮。
"Phong tĩnh hà minh mộ vũ hưu,",風静霞明暮雨休，
Giang thành triệt dạ tế quang phù.,江城徹夜濟光浮。
"Khí đăng thu hạ xa tranh đạo,",氣燈秋下車爭道，
Hoàn Kiếm hồ biên nguyệt quải lâu.,還劍湖邊月掛樓。
"Thế sự như kỳ vô định cục,",世事如棋無定局，
Suy miểu tá tửu mạn tiêu sầu.,衰眇借酒慢肖愁。
"Nhi đồng tham trục ngư long ký,",兒同參逐魚龍驥，
Bất kế sơn hà dĩ bán thu.,不計山河已半秋。
"Tâm hương bái đảo tướng quân tỳ,",心香拜禱將軍祠，
Nhất trạo trung lưu tứ sở chi.,一掉中流肆所之。
"Đáo xứ giang sơn như thức thú,",到處江山如識趣，
Hỷ nhân xà hổ bất thi uy.,喜人蛇虎不施威。
"Vạn châu tùng thụ tăng nhân ốc,",萬株松樹僧人屋，
Nhất đới hàn yên Yến Tử ky.,一帶寒煙燕子磯。
"Tịch tịch thuyền song vô cá sự,",寂寂船窗無箇事，
Ngư ca giang thượng khán tà huy.,漁歌江上看斜暉。
"Xuẩn nhĩ man tù cảm khấu biên,",蠢爾蠻酋敢寇邊，
Tích hung nẫm ác dĩ đa niên.,積凶稔惡已多年。
"Cửu trùng duệ niệm liên hà tục,",九重睿念憐遐俗，
Vạn lý loan dư mạo chướng yên.,萬里鸞輿冒瘴煙。
"Sơn thú dĩ văn thu Nguỵ Bác,",山戍已聞收魏博，
Thần Khuê hựu kiến khắc Yên Nhiên.,宸奎又見刻燕然。
"Tòng kim tứ hải xa thư nhất,",從今四海車書一，
Thịnh đức phong công vạn cổ tiền.,盛德豐功萬古前。
"Gian thần tặc tử tội nan dung,",奸臣賊子罪難容，
Đáo để chung đầu hiến võng trung.,到底終投憲網中。
"Cùng nhưỡng khởi kham diên suyễn tức,",窮壤豈堪延喘息，
Đại đình ưng dĩ tấu phu công.,大庭應已奏膚公。
"Giốc thanh vạn lý khê sơn nguyệt,",角聲萬里溪山月，
Kỳ cước thiên nham thảo mộc phong.,旗腳千岩草木風。
"Tứ hải vĩnh thanh tòng thử thỉ,",四海永清從此始，
Phù tang tảo biện quải thiên cung.,榑桑早辨掛天弓。
"Thánh triều nhu viễn mẫn hôn ngu,",聖朝柔遠憫昏愚，
Nại nhĩ vô tri tự vẫn khu.,奈爾無知自殞軀。
"Lũy thế cừu thâm lân cảnh oán,",累世仇深憐鏡怨，
Khi thiên tội đại quỷ thần tru.,欺天罪大鬼神誅。
"Mạc tương tiền thế ban kim đại,",莫將前世扳今代，
Bất tác trung thần hiệu nghịch tù.,不作忠臣效逆囚。
"Vị báo hậu lai phiên trấn giả,",為報後來藩鎮者，
Chinh luân phúc triệt tại tiền đồ.,征輪覆轍在前途。
"Khi thiên võng thượng vị thiên cao,",欺天罔上謂天高，
Thiên võng khôi khôi cánh mạc đào.,天網恢恢更莫逃。
"Hộ ngoại trùng sơn không thiết hiểm,",戶外重山空設險，
Lâm gian thê điểu bất quy sào.,林間棲鳥不歸巢。
"Man khê lộ viễn vu loan ngự,",蠻溪路遠紆鸞馭，
Ngọc trướng mưu thâm xuất Hổ thao.,玉帳謀深出虎韜。
"Tứ hải chỉ kim câu thiếp tĩnh,",四海只今俱帖靜，
Dự tri hậu dật bổn tiên lao.,預知後逸本先勞。
"Ô đài cửu hỹ cấm vô văn,",烏臺久矣噤無聞，
Thánh chúa khai thành diệu tuyển luân.,聖主開誠妙選掄。
"Khánh Lịch tích văn dương tứ gián,",慶歷昔聞揚四諫，
Xương Phù kim hỷ trạc tam nhân.,昌符今喜擢三人。
"Dĩ tương phong thái nghi triều trứ,",已將風采儀朝著，
Hảo bả tinh trung động tử thần.,好把精忠動紫宸。
"Lưu thủ thanh danh quang vạn cổ,",留取聲名光萬古，
Thế gian kỳ lộ tổng yên trần.,世間岐路總煙塵。
"Trà Khê ẩn ẩn cách nhân gia,",茶溪隱隱隔人家。
Thiên vị thi hào trúc Thiệu oa.,天為詩豪築邵窩。
"Ưu lạc đăng lâu nan tự khiển,",憂樂登樓難自遣，
Ngâm đề hữu bích bất phương đa.,吟題有壁不妨多。
"Nhàn duy úc tử lưu đình thụ,",閒惟勖子留庭樹，
Lão thượng huề thư luyến dã hoa.,老尚攜書戀野花。
"Song hạ thỉnh quân khan tiểu chiếu,",窗下請君看小照，
Hy Hoàng thân thế thị chân da?,羲皇身世是真耶。
"Trịnh phố yên hoa nhập kính mê,",鄭圃煙花入徑迷。
Thâm thâm nhàn viện chẩm hoa khê.,深深閒院枕花溪。
"Đường thăng hạ yến do bần chủ,",堂升賀燕猶貧主，
Lư đối hàn mai diệc lão thê.,廬對寒梅亦老妻。
"Thi bích ninh tuỳ phong vũ chuyển,",詩壁寧隨風雨轉，
"Ngâm lâu tần giác Đẩu, Ngưu đê.",吟樓頻覺斗牛低。
"Giang sơn túng khỉ tiên sinh ngoạ,",江山縱起先生臥，
Kháp hướng thư song hối sậu đề.,恰向書窗悔驟題。
"Ngu đình thứ sự vụ hy khang,",虞庭庶事務熙康，
Tích điển duy công hợp trắc dương.,績典惟公合陟揚。
"Nhân vọng quỳ long tham ngọc huyễn,",人望夔龍參玉鉉，
Thiên giao Tinh phượng triển di chương.,天教星鳳展彝章。
Khúc Giang túc phụ kinh luân học.,曲江夙負經綸學，
Tư mã ninh từ tứ lục trường.,司馬寧辭四六長。
Thánh thế thảng hoài di khí vật.,聖世倘懷遺棄物，
Nguyện thi tài tảo đáo nông tang.,願施栽藻到農桑。
"Hoàng kê thôi xướng hiểu linh lung,",黃雞催唱曉玲瓏，
Xích ngũ phi lai tử cấm trung.,尺五飛來紫禁中。
"Toại sử Nghiêu ngôn bố thiên hạ,",遂使堯言布天下，
Thuỷ tri Hán chiếu cảm Sơn Đông.,始知漢詔感山東。
"Kim âu dĩ phó kinh luân thủ,",金甌已付經綸手，
Ngọc chúc quân điều đỉnh nãi công.,玉燭均調鼎鼐功。
"Nhân tụng thái bình vô sự nhật,",人頌太平無事日，
Thôn thôn canh đạo phiêu hương phong.,村村粳稻飄香風。
"Nhàn lai vô sự bất thanh nga,",閑來無事不清哦，
Trần ngoại phong lưu tự nhất gia.,塵外風流自一家。
"Khuê bích thiên trùng khai điệp nghiễn,",珪璧千重開疊巘，
Pha lê vạn khoảnh dạng tình ba.,玻瓈萬頃漾晴波。
"Quản huyền tào tạp lâm biên điểu,",管弦嘈雜林邊鳥，
La ỷ phương phân ổ lý hoa.,羅綺芳芬塢裡花。
"Nhãn để nhất thì thi liệu phú,",眼底一時詩料富，
Ngâm ông thuỳ dữ thế nhân đa.,吟翁誰與世人多。
"Cửu hỹ Đồ Sơn tại mộng trung,",久矣塗山在夢中，
Tư du vô ước cánh tương phùng.,斯遊無約更相逢。
"Liên thiên hải sắc nhãn sơ khoát,",連天海色眼初闊，
Bả tửu than đầu tâm tự không.,把酒灘頭心自空。
"Tứ nhiễu tùng đào ba hưởng hợp,",四繞松濤波響合，
Thiên tầm phàm ảnh bích vân lung.,千尋帆影碧雲籠。
"Ngâm hoài hứa dữ giang sơn thức,",吟懷許與江山識，
Trường khiếu nhất thanh đương hiểu phong.,長叫一聲當曉風。
Đào hoa lãng phiếm noãn thanh xuân.,桃花浪泛暖青春，
Hồ hải phong lưu khước tiện Trần.,湖海風流卻羡陳。
"Lão ngã nhất quan nhàn thảo chiếu,",老我一官閒草詔，
Tráng quân vạn lý viễn từ thân.,壯君萬里遠辭親。
"Mộ vân tự khoát tương tư địa,",暮雲自豁相思地，
Dạ nguyệt hân phùng cửu biệt nhân.,夜月欣逢久別人。
"Ưu quốc chính tu ngô bối sự,",懮國正須吾輩事，
Bằng cừ vị thuyết Nghệ An dân.,憑渠為說乂安民。
"Tiếu mạo ca thanh tổng nhập thần,",笑貌歌聲總入神，
Mạc sầu quỷ lỗi hý vô nhân.,莫愁傀儡戲無因。
"Cương thường luân lý kim do cổ,",綱常倫理今猶古，
Lễ nhạc y thường giả thị chân.,禮樂衣裳假是真。
"Ưu Mạnh cảm ngôn năng ngộ chủ,",優孟敢言能悟主，
Ưu Thi thiện vũ khước vong thân.,優施善舞卻忘身。
"Xuân thu, Chiến quốc đô trần sự,",春秋戰國都陳事，
Nhiễm hãn thành văn thoại cánh tân.,染翰成文話更新。
"Mộc dục ân cao thử nhất triêu,",沐浴恩膏此一朝，
Thôi nhân yết cổ cánh liêu liêu.,催人羯鼓竟寥寥。
"Khả năng thục khí hồi viêm nhiệt,",可能淑氣回炎熱，
Nhẫn sử phi trần động hải triều.,忍使飛塵動海潮。
"Tích bệnh tận tuỳ đương nhật dũ,",積病盡隨當日愈，
Bách ưu đốn giác giáp thời tiêu.,百憂頓覺浹時消。
"Cam đường thụ hạ hoan thanh biến,",甘棠樹下歡聲遍，
Tuyền chuyển nguyên cơ tín cửu tiêu.,旋轉元機信九霄。
"Quân thần đại nghĩa trọng như san,",君臣大義重如山，
Hành chỉ tu tòng sở ngộ an.,行止須從所遇安。
"Vũ trụ mạc phi nho giả sự,",宇宙莫非儒者事，
Giang hồ vị hứa thử thân gian.,江湖未許此身閒。
"Cửu tiêu hồng nhật thanh quang cận,",九霄紅日清光近，
Vạn lý thanh vân vũ cách khoan.,萬里青雲羽翮寬。
"Sát sỉ hạnh thù ngô trách tắc,",詧耻幸酬吾責塞，
Bất phương tương phỏng thuỷ vân gian.,不妨相訪水雲間。
"Phi duyệt dư đồ thập hữu tam,",披閱輿圖十有三，
Hoá Châu phong vực cổ Phù Nam.,化州封域古扶南。
"Sơn liên hải khí, yên vô chướng,",山連海氣煙無瘴，
"Hải tiếp sơn nguyên, thuỷ bất hàm.",海接山源水不鹹。
"Nhật mão khí huân đông vũ khổ,",日昴氣熏冬雨苦，
Cao sa vị khiết tỉnh tuyền cam.,膏沙味潔井泉甘。
"Tự tòng Thuần miếu di dân hậu,",自從淳廟移民後，
Lạc thổ như kim giáp Mãnh Hàm.,樂土如今甲猛函。
"Nhị bách niên tiền tiểu bá đô,",二百年前小伯都，
Y nhiên thành khuyết cựu quy mô.,依然城闋舊規模。
"Ẩn tinh sự nghiệp, trùng Tề, Tấn,",隱星事業重齊晉，
"Phận đỉnh giang sơn, tái Nguỵ, Ngô.",分鼎江山再魏吳。
"Vượng khí đông nam lưu tử cái,",旺氣東南留紫蓋，
Trường giang tả hữu uyển hoàng đồ.,長江左右宛黃圖。
"Thuỳ tri nhất đới sa đê ấp,",誰知一帶沙堤邑，
Toại tác đương kim lữ cận đồ.,遂作當今旅覲途。
"Cao các tài khai dạ lậu can,",高閣纔開夜漏乾，
Cửu thiên cung khuyết tiễu khinh hàn.,九天宮闕悄輕寒
"Vân khai thuỵ nhật càn khôn hiểu,",雲開瑞日乾坤曉，
Xuân bố hoàng nhân vũ lộ khoan.,春布皇仁雨露寬
"Đổng, Giả bân bân dương điện bệ,",董賈彬彬揚殿陛，
"Quỳ, Long sở sở tập triều đoan.",夔龍楚楚集朝端
"Hoa bào thiểm chuế quần công hậu,",華袍忝綴群公後，
Nguyện khánh quyên ai hiệu nhất quan.,願罄涓埃效一官。
"Chiến hàm thi giáp ô kim diệp,",戰酣詩甲汙金葉，
Chuẩn nghĩ cung cao mã trần thiếp.,準擬弓櫜馬塵帖。
"Tao Đàn Đỗ suý chân hào hùng,",騷壇杜帥真豪雄，
Thi lộ kế khai kiều kế điệp.,詩路繼開橋繼疊。
"Vô qua ấp tốn tửu tam bôi,",無過揖遜酒三盃，
Hưu biện Hoàng Châu thượng trung hiệp.,休辦黃州上中峽。
"Liên anh đăng tự đình tiền trì,",蓮英登自亭前池，
Vi đại liên thần hạ liên tiệp.,為代蓮神賀蓮捷。
"Đầu cơ bất tất đề hồng diệp,",投機不必題紅葉，
Đắc thú kim liên tuỳ địa thiếp.,得趣金蓮隨地帖。
"Nhàn đình trú vĩnh yết liêm quyên,",閒庭晝永揭簾鵑，
Khuy kiến nhàn vân thiên vạn điệp.,窺見閒雲千萬疊。
"U tình ký hướng thái liên phu,",幽情寄向採蓮俘，
Đằng tự thừa chu phiếm Vu Giáp.,滕似乘舟泛巫峽。
"Ngọc vận thời văn lưu thuỷ thanh,",玉韻時聞流水聲，
Chiến thoái viêm chưng báo nê tiệp.,戰退炎烝報泥捷。
"Bất hội y bố biên hà diệp,",不會衣布編荷葉，
Mãn địa kim giao thanh cẩm thiếp.,滿地金蛟青錦帖。
"Đồng thị ngao tường lang miếu nhân,",同是翱翔廊廟人，
Nhàn tình thiên hướng thi lâu điệp.,閒情偏向詩樓疊。
"Khước tiếu bệnh lai thi phúc khô,",卻笑病來詩腹枯，
Mạn trạo biển chu Mã Đương hiệp.,慢掉扁舟馬當峽。
"Đồng cảm phi khâm Tô Tử Chiêm,",同敢披襟蘇子瞻，
Nhượng công tam tiễn Thiên Sơn tiệp.,讓公三箭天山捷。
"Châu ky vũ trích thanh liên diệp,",珠璣雨滴青蓮葉，
Hựu kiến châu ky đề mãn thiếp.,又見珠璣題滿帖。
"Xá nhân sanh tự trung đường lai,",舍人撐自中堂來，
Đạo thị Bắc Đẩu song liên điệp.,道是北斗雙蓮疊。
"Nãi phanh liên trà ca liên chương,",乃烹蓮茶歌蓮章，
Tự tự hương yên đáo Tam Giáp.,字字香煙到三峽。
"Liên châu kinh trịch chiểu trung thanh,",蓮珠驚擲沼中聲，
Thi trận mạc kinh thi tướng tiệp.,詩陣莫京詩將捷。
"Thiên dị tao ông bạn ngã hành,",天遺騷翁伴我行，
Hồng nghê vạn trượng bức nhân vinh.,虹霓萬丈逼人榮。
"Ngữ lai ai khúc thần minh giám,",語來哀曲神明鑑，
Bút hữu phong mang quỷ mị kinh.,筆有鋒鋩鬼魅驚。
"Tự thị anh hùng kham nhập nhãn,",自是英雄堪入眼，
Tòng phi thân cố diệc hàm tình.,從非親故亦含情。
"Lân tài biệt hữu nan ngôn xứ,",憐才別有難言處，
Mạc bả thân sơ bốc trọng khinh.,莫把親疎卜重輕。
"Quân tử nguyên lai vô sở tranh,",君子原來無所爭，
Tầm thường danh lợi nhất trần khinh.,尋常名利一塵輕。
"Mai kinh tuyết hậu phương vi bạch,",梅經雪後方為白，
Tuyền tận nê thời tiện kiến thanh.,泉盡泥時便見清。
"Học đáo bất ưu hoàn thị lạc,",學到不憂還是樂，
Lý ư đại thuận tự nhiên hanh.,理於大順自然亨。
"Nhàn dư mỗi duyệt giai chương tặng,",閒餘每閱佳章贈，
Hữu ái ngôn ngôn cảm chí tình.,友愛言言感至情。
"Hoành Sơn sơn ngoại lĩnh nam trình,",橫山山外嶺南程，
Cầm kiếm tương tuỳ thướng ngọc kinh.,琴劍相隨上玉京。
"Thố tuỷ vị hoàn tân đại dược,",兔髓未完新大藥，
Báo bì nhưng luỵ cựu phù danh.,豹皮仍累舊浮名。
"Thương minh thuỷ dẫn bôi trung lục,",滄溟水引杯中綠，
Cố quốc thiềm tuỳ mã hậu minh.,故國蟾隨馬後明。
"Thử khứ gia huynh như kiến vấn,",此去家兄如見問，
Cùng đồ bạch phát chính tinh tinh.,窮途白髮正星星。
"Thiền phong vô hậu diệc vô tiền,",禪風無後亦無前，
Bản thể như như chỉ tự nhiên.,本體如如只自然。
"Thiếu Thất cửu niên vô nhất ngữ,",少室九年無一語，
Hoàng Mai bán dạ giả đơn truyền.,黃梅半夜假單傳。
"Tâm cơ bất quải ti hào niệm,",心機不掛絲毫念，
Khẩu nghiệp hà lao giản trạch nghiên.,口業何勞揀擇言。
"Vị báo nguyên quân Trần xử sĩ,",為報元君陳處士，
Nhất thanh lãnh nhạn độ sương thiên.,一聲冷雁度霜天。
"Sầu lai đốt đốt mạn thư không,",愁來咄咄漫書空，
Thiên địa vô cùng thán chuyển bồng.,天地無窮嘆轉蓬。
"Thế sự hôi tâm đầu hướng bạch,",世事灰心頭向白，
Suy nhan tá tửu vựng sinh hồng.,衰顏借酒暈生紅。
"Lãm huy nghĩ học minh dương phụng,",覽輝擬學鳴陽鳳，
Viễn hại chung vi tị dặc hồng.,遠害終為避弋鴻。
"Luân lạc thiên nhai câu thị khách,",淪落天涯俱是客，
Niên lai xuất xứ lược tương đồng.,年來出處略相同。
"Bồng Lai Nhược Thuỷ diểu vô nha,",蓬萊弱水杳無涯，
Tục cảnh đê hồi phát bán hoa.,俗境低回髮半花。
"Vân ngoại cố cư không huệ trướng,",雲外故居空蕙帳，
Nguyệt trung thanh mộng nhiễu sơn gia.,月中清夢遶山家。
"Tâm như dã hạc phi thiên tế,",心如野鶴飛天際，
Tích tự chinh hồng đạp tuyết sa.,跡似征鴻踏雪沙。
Nham huyệt thê thân hà nhật thị?,岩穴棲身何日是，
Thiên môn hồi thủ ngũ vân xa.,天門回首五雲賒。
"Mao ốc tam gian dã thuỷ nha,",茆屋三間野水涯，
Thiếu niên bác lạc cựu phân hoa.,少年剝洛舊紛華。
"Đắc an phận xứ nhưng tuỳ phận,",得安分處仍隨分，
Vị xuất gia thì thả trú gia.,未出家時且駐家。
"Hạm lý vân sơn vô sủng nhục,",檻裡雲山無寵辱，
Thành trung hiên miện tổng trần sa.,城中軒冕總塵沙。
"Cát ông nhất khứ kim thiên tải,",葛翁一去今千載，
Đơn táo hàn yên tuế nguyệt xa.,丹灶寒煙歲月賒。
"Tiên thư sổ quyển cựu sinh nha,",仙書數卷舊生涯，
Cơ thực tùng căn tước nhật hoa.,饑食松根嚼日華。
"Trúc hữu thiên can lan tục khách,",竹有千竿欄俗客，
Trần vô bán điểm đáo tiên gia.,塵無半點到仙家。
"Dao giai hạc lệ song tà nguyệt,",瑤階鶴唳窗斜月，
Điếu chử ngư hàn trạo các sa.,釣渚魚寒棹擱沙。
"Đồ giác hồ trung phong nguyệt hảo,",徒覺壺中風月好，
Niên niên bất dụng nhất tiền xa.,年年不用一錢賒。
"Tằng vi vũ nội Tứ Minh cuồng,",曾為宇內四明狂，
"Khẳng tiện Y vương dữ Quỷ vương,",肯羡醫王與鬼王。
"Vị giác ngộ trung, chân giác ngộ,",未覺悟中真覺悟，
"Nan thương lượng để, diệu thương lường.",難商量底妙商量。
"Tiểu căn dục vấn trường sinh dược,",小根欲問長生藥，
Tác giả na cầu bất tử phương.,作者那求不死方。
"Kim nhật thuỷ hàn ngư bất thực,",今日水寒魚不食，
Nhất thì thuyên võng dã đô vương.,一時筌網也都忘。
"Hối bất đương sơ diệp dữ canh,",悔不當初饁與耕，
Toại nhân phú quý luỵ khuê khanh.,遂因富貴累閨卿。
"Lý nguy sỉ ngã tiền niên ngộ,",履危恥我前年誤，
Huề ấu liên quân thử nhật hành.,攜幼憐君此日行。
"Kim kính quải hiên thu bát nguyệt,",金鏡掛軒秋八月，
Ngân hà đương hộ dạ tam canh.,銀河當戶夜三更。
"“Quy Huề” mỹ khánh Xuân Thu nghĩa,",歸雟美罄春秋義，
Tối thị tương quan nhất phiến tình.,最是相關一片情。
"Khứ quốc vong thần thuỳ tự ngã,",去國亡臣誰似我，
Ưu gia lệnh phụ thiểu như khanh.,憂家令婦少如卿。
"Vân sơn nhất tính do tương tụ,",雲山一姓猶相聚，
Thạch thất tam niên diệc tịnh hành.,石室三年亦並行。
"Tùng duyệt nghiêm đông thiên lĩnh tú,",松閱嚴冬千嶺秀，
Nguyệt ly mông vụ vạn xuyên minh.,月離濛霧萬川明。
"Sinh sinh nguyện chí phu thê ước,",生生願志夫妻約，
Thập bát niên tiền thị nhất sinh.,十八年前是一生。
"Thế lộ mang mang kỷ vạn trùng,",世路茫茫幾萬重，
Thốn tâm như mã dục truy phong.,寸心如馬欲追風。
"Bôn Ngô đãi triển cô thần chí,",奔吳待展孤臣志，
Tồn Triệu tiên tư lão tướng công.,存趙先資老將功。
"Kiếm ngoại hoành quan tân vũ trụ,",劍外橫 觀新宇宙，
Đăng tiền tung luận cổ anh hùng.,燈前縱論古英雄。
"Nhất tôn dự đính quy lai nhật,",一 樽預訂歸來日，
Vân tễ nam thiên húc ảnh hồng.,雲霽南天旭影紅。
"Phiêu phiêu hành lý lĩnh vân nam,",飄飄行李嶺雲南，
Xuân nhập mai hoa chỉ lưỡng tam.,春入梅花只兩三。
Nhất thị đồng nhân thiên tử đức.,一視同仁天子德，
Sinh vô bổ thế trượng phu tàm.,生無補世丈夫慚。
"Mã đầu phong tuyết trùng hồi thủ,",馬頭風雪重回首，
Nhãn để giang san thiểu trú tham.,眼底江山少駐驂。
"Minh nhật Lô giang yên thuỷ khoát,",明日瀘江煙水闊，
Bồ đào nộn lục tẩy tâm đàm.,葡萄嫩綠洗心惔。
"Hà xứ thần tiên kinh kỷ thì,",何處神仙經幾時，
Do lưu tiên tích thử giang mi?,猶留仙跡此江湄？
"Kim lai cổ vãng Lư sinh mộng,",今來古往廬生夢，
Hạc khứ lâu không Thôi Hiệu thi.,鶴去樓空崔顥詩。
"Hạm ngoại yên ba chung diểu diểu,",檻外煙波終渺渺，
Nhãn trung thảo thụ thượng y y.,眼中草樹尚依依。
"Trung tình vô hạn bằng thuỳ tố,",衷情無限憑誰訴，
Minh nguyệt thanh phong dã bất tri.,明月清風也不知。
"Lữ hoài hà xứ khả tiêu ưu,",旅懷何處可消憂，
Hoàng hạc ky nam nhất ỷ lâu.,黃鶴磯南一倚樓。
"Hạ khẩu viễn phàm lai biệt phố,",夏口遠帆來別浦，
Hán Dương tình thụ cách thương châu.,漢陽晴樹隔滄洲。
"Lâu tiền ca quản hồi ông tuý,",樓前歌管迴翁醉，
Hạm ngoại yên ba Thái Bạch sầu.,檻外煙波太白愁。
"Mãnh phách lan can hoàn tự ngạo,",猛拍欗杆還自傲，
Giang sơn kỳ tuyệt ngã tư du.,江山奇絕我茲遊。
"Hoàng Mai kiều thượng, tịch dương hồng,",黃梅橋上夕陽紅，
"Hoàng Mai kiều hạ, thuỷ lưu đông.",黃梅橋下水流東。
"Nguyên khí phù trầm thương hải ngoại,",元氣浮沉滄海外，
Tình lam thôn thổ loạn lưu trung.,晴嵐吞吐亂流中。
"Đoản thoa ngư chẩm cô chu nguyệt,",短蓑漁枕孤舟月，
Trường địch đồng xuy cổ kính phong.,長笛童吹古徑風。
"Đại địa văn chương tuỳ xứ kiến,",大地文章隨處見，
Quân tâm hà sự thái thông thông?,君心何事太匆匆。
"Đại tiểu Hoa Sơn sổ lý phân,",大小花山數里分，
Hoàng Sào di tích tại giang tân.,黃巢遺蹟在江津。
"Khởi tri Kim Thống Tần trung đế,",豈知金統秦中帝，
Nãi xuất Tôn Sơn bảng ngoại nhân.,乃出孫山榜外人。
"Ngộ quốc mỗi nhân câu hạn lượng,",誤國每因拘限量，
Cùng thì tự khả biến phong vân.,窮時自可變風雲。
"Viễn lai nghĩ vấn thiên niên sự,",遠來擬問千年事，
Hang hộ dao đầu nhược bất văn.,舡戶搖頭若不聞。
"Linh xuân triêu khuẩn khởi đồng niên,",靈椿朝菌豈同年，
Trí giả phương tri sở dĩ nhiên.,智者方知所以然。
"Thế cố vô cùng vân vũ biến,",世故無窮雲雨變，
Cương thường vạn cổ nhật tinh huyền.,綱常萬古日星懸。
"Khán lai hà sự phi ngô bối,",看來何事非吾輩，
Tất cánh tri tâm hữu lão thiên.,畢竟知心有老天。
"Uỷ lại bão quan vô bất khả,",委吏抱關無不可，
Tân An thi thiết diệc huyền huyền.,新安施設亦玄玄。
"Cửu bao ngũ thái tự uy trì,",九苞五采自威持，
Thuỵ thế văn chương phỉ đức suy.,瑞世文章匪德衰。
"Tạm tá ngọc đường tài thủ chiếu,",暫借玉堂栽手詔，
Toàn tương mỹ cẩm chế thường y.,全將美錦製裳衣。
"Bàn hung sắc tuyến kinh luân phú,",蟠胸色線經綸富，
Trác tỵ phong cân tả hữu nghi.,斲鼻風斤左右宜。
"Bệnh hạc thôi đồi ngao xí đoản,",病鶴推頹翱趐短，
Khan cừ độc vận giáng tiêu kỳ.,看渠獨運絳霄期。
"Lợi nhân vị ngã tổng tâm lao,",利人為我總心勞，
Đính chủng hà như bạt nhất mao.,頂踵何如拔一毛。
"Quái sự ta tai Ân đốt đốt,",怪事嗟哉殷咄咄，
Kim niên cuồng thậm Điểm hao hao.,今年狂甚點嘐嘐。
"Vận cân dĩ hạnh vô lâm lịch,",運斤已幸無林櫟，
Thiệp tế ninh tu khổ diệp bào.,涉濟寧須苦葉匏。
"Ngô đạo nhược vô tri kỷ tại,",吾道若無知己在，
Vọng cùng tứ hải mục không hao.,望窮四海目空蒿。
"Nhật mộ duy chu cổ ngạn đầu,",日暮維舟古岸頭，
Khách hoài vạn cảm thử đăng lâu.,客懷萬感此登樓。
"Không thành phấn điệp di cơ tại,",空城粉堞遺基在，
Vãng sự tinh sà trục thuỷ lưu.,往事星槎逐水流。
"Xuân tảo khứ thời kinh chướng lĩnh,",春早去時經瘴嶺，
Nguyệt minh kim dạ túc Hoành Châu.,月明今夜宿橫州。
"Nhất tôn vị hạ thù giai cảnh,",一樽未暇酬佳景，
Liêu bả tân thi ký viễn du.,聊把新詩記遠遊。
"Thạch sơn tận xứ khởi sa sơn,",石山盡處起沙山，
Khê giản chu hồi sa thạch gian.,溪澗周回沙石間。
"Thuỷ tẩm bút phong giao ẩn đảo,",水浸筆峰蛟隱島，
Lâm thuỳ hải diện điểu khuy lan.,林垂海面鳥窺瀾。
"Trường kiều xa mã đồ nghinh tống,",長橋車馬途迎送，
Dũng đạo tiều ngư thị khứ hoàn.,甬道樵漁市去還。
"Nhất vĩ tự thông nam bắc lộ,",一葦自通南北路，
Sài môn bất tự Kiếm Môn quan.,柴門不似劍門關。
"Bất đáo Kiếm hồ tam thập niên,",不到劍湖三十年，
Đương thì cảnh sắc dĩ mang nhiên.,當時景色已茫然。
"Hành mao hà xứ khởi lâu các,",衡茅何處起樓閣，
Già pháo đãn thanh vô quản huyền.,笳礮但聲無管絃。
"Huyền điểu quy lai mê cựu kính,",玄鳥歸來迷舊徑，
Bạch âu mộ hạ túc hàn yên.,白鷗暮下宿寒煙。
"Khả liên ngũ bách văn chương địa,",可憐五百文章地，
Thượng hữu cô sơn thạch nhất quyền.,尚有孤山石一拳。
"Kỷ niên xuất quốc diểu vân sa,",幾年出國杳雲砂，
Thân ký nhung yên tạm đáo gia.,身寄狨鞍暫到家。
"Thốc thốc lâu đài không nhật ảnh,",簇簇樓台空日影，
Doanh doanh châu thuý các thiên nhai.,盈盈珠翠各天涯。
"Chân thành Đông Hải quy Liêu hạc,",真成東海歸遼鶴，
Cảm vọng Nam Môn nhập Trịnh xà.,敢望南門入鄭蛇。
Nhân vật thê lương hà xứ vấn?,人物淒涼何處問？
Giang phong xuy lão lệ chi hoa.,江風吹老荔枝花。
"Giới Hiên bi khắc Hiệp Thạch thi,",介軒碑刻峽石詩，
Loan tường phượng chứ đổ như tằng.,鸞翔鳳翥睹如曾。
"Nhị công văn vọng Hoa Di kiến,",二公聞望華夷見，
Lưỡng triều phụ bật Đường Ngu đăng.,兩朝輔弼唐虞登。
"Thanh sam ức thường thăng Khổng thất,",青衫憶常升孔室，
Bạch đầu hoàn kiến suất chân đăng.,白頭還見率真登。
"Văn chương tịch thục không lưu hãn,",文章籍湜空流汗，
Hữu nhược tiêu liêu dữ đại bằng.,有若鷦鷯與大鵬。
"Danh sơn danh sĩ bản tương triền,",名山名士本相纏，
Ngoạ trấn thiên nghi Dục Thuý biên.,臥鎮偏宜浴翠邊。
"Trú tiết tằng loan ngâm sướng tuyệt,",駐節層巒吟暢絕，
Hành trang sổ quyển khứ tiêu nhiên.,行裝數卷去蕭然。
"Cao hoài dữ cúc tranh thu đạm,",高懷與菊爭秋淡，
Viễn cử như bằng thả thạch thiên.,遠舉如鵬且石遷。
"Lãm thắng hữu thi thuỳ thưởng ngã,",覽勝有詩誰賞我，
Đắc công nhất cố dã văn duyên.,得公一顧也文緣。
"Mai tuyết du thời tam thập xuân,",梅雪遊時三十春，
Tự gia năng tử quốc năng thần.,自家能子國能臣。
"Công thi quả hữu tinh tràng quý,",工詩果有旌幢貴，
Ứng thế nguyên phi nhĩ mục bần.,應世原非耳目貧。
"Đương lộ thư sinh do bản sắc,",當路書生猶本色，
Khai man lão thủ hoặc tiền nhân.,開蠻老手或前因。
"Quá sơn đáo hải du trung hoạn,",過山到海遊中宦，
Nhãn phúc như công mãn thập phần.,眼福如公滿十分。
"Châu quận nhàn lưu Triệu, Đỗ danh,",州郡閒留兆杜名，
Thu phong hạc mộng hoán lai tinh.,秋風鶴夢喚來醒。
"Đáo gia nghinh hậu hoan đồng trĩ,",到家迎候歡童稚，
Mãn toạ thân bằng nhượng phụ huynh.,滿座親朋讓父兄。
"Trú vĩnh phần hương huy ngọc chủ,",晝永焚香揮玉麈，
Hứng lai sách tửu chỉ ngân bình.,興來索酒指銀瓶。
"Hậu nhân tự hữu hậu nhân kế,",後人自有後人計，
Thử nghĩa tri công cửu dĩ minh.,此義知公久已明。
"Dao vọng Hoa Đường thụ sắc di,",遙望花塘樹色移，
Chu phù nhai hạ vãn phong xuy.,舟浮崖下晚風吹。
"Nguy nga từ vũ huyền tinh bái,",巍峨祠宇懸旌旆，
Lịch lạc thôn khư bạng trúc ly.,歷落村墟傍竹籬。
"Bút giá cao đê sơn nhập hoạ,",筆架高低山入畫，
Văn lan đãng dạng thuỷ thôi thi.,文瀾蕩漾水催詩。
"Lỗ thanh dao duệ truyền không cốc,",櫓聲搖曳傳空谷，
Kinh khởi đàm long dục hoá ky.,驚起潭龍欲化機。
"Phong lưu quận thú văn chương bá,",風流郡守文章伯，
Kiều mộc năng liên ngã cố gia.,喬木能憐我故家。
"Tín mỹ giang sơn thi dị tựu,",信美江山詩易就，
Vô tình tuế nguyệt nhãn tương hoa.,無情歲月眼將花。
"Can qua thập tải thân bằng thiểu,",干戈十載親朋少，
Vũ trụ thiên niên biến cố đa.,宇宙千年變故多。
"Khách xá hương trần xuân trú vĩnh,",客舍香塵春晝永，
Đằng đằng thanh mộng nhiễu yên ba.,騰騰清夢繞煙波。
"Thuỳ phân kim tạc thị phi gian,",誰分今昨是非間，
Bạch tận nhân đầu vị nhất quan.,白盡人頭為一官。
"Sinh thế yếu tương ngô sự liễu,",生世要將吾事了，
Tuỳ duyên tiện giác thử tâm nhàn.,隨緣便覺此心閒。
"Dĩ tiền nho huống duy thư tại,",以前儒況惟書在，
Tối hậu ân minh tá thạch san.,最後恩銘借石刊。
"Liệu đắc động mai đa khởi sắc,",料得峒梅多起色，
Vân lâm ông dĩ đính quy san.,雲林翁已訂歸山。
"Kinh thế tằng thao kỷ bộ thư,",經世曾操幾部書，
Táp niên kim phục phản văn dư.,卅年今復返文輿。
"Ân cần khất sớ tình ô điểu,",慇懃乞疏情烏鳥，
Điểm kiểm tàn biên lý đố ngư.,點檢殘編理蠹魚。
"Vãn cúc hữu hương thu bất lão,",晚菊有香秋不老，
Hoàng lương đáo thục mộng đô hư.,黃粱到熟夢都虛。
"Dao tri sào yến hoan nghinh xứ,",遙知巢燕歡迎處，
Hoạ cẩm tân đường cựu ẩn lư.,畫錦新堂舊隱廬。
Dương Quan tam điệp Nhị hà tân,陽關三疊珥河濱，
Ỷ khúc cao ca nhập mộng tần,倚曲高歌入夢頻。
Tương thức bất hư thiên hạ sĩ,相識不虛天下士，
Đa tình hựu thuộc Tống Sơn nhân,多情又屬宋山人。
Nghĩ tuỳ Công Bộ thi do chuyết,擬隨工部詩猶拙，
Dục tố Bình Nguyên hoạ vị chân,欲塑平原畫未真。
Danh phẩm tối kham đề tặng xứ,名品最堪題贈處，
Hùng Vương cổ miếu lực trùng tân,雄王古廟力重新。
"Cao chẩm thiền quan tự tại xuân,",髙枕禪關自在春，
Tâm vi Phật tử cốt tiên nhân.,心為佛子骨仙人。
"Dương danh tiểu ẩn trần vô luỵ,",佯名小隱塵無累，
Như hoạ tân thi bút hữu thần.,如畫新詩筆有神。
"Lục tổ đàm kinh triêu mộ xứ,",六祖談經朝暮處，
Vương tôn vấn tự vãng lai tần.,王孫問字往來頻。
"Dữ quân đồng tác không môn hữu,",與君同作空門友，
Thạch thượng tinh hồn khởi túc nhân.,石上精魂豈宿因。
"Hoa tả tân oanh liễu thí yên,",花寫新鶯柳試煙，
Sài phi chung nhật chẩm tương miên.,柴扉終日枕相眠。
"Đồng tâm cố cựu các thiên lý,",同心故舊各千里，
Cải mục sơn hà dĩ nhất niên.,改目山河已一年。
"Khước hạnh thần quang do tá nhật,",卻幸晨光猶借日，
Khởi ưng hải quốc độc vô thiên.,豈應海國獨無天。
"Thử sinh vị liễu tang bồng chí,",此生未了桑蓬志，
Cảm chiếm Lư Sơn kết Bạch Liên.,敢占廬山結白蓮。
"Bách chuyển oanh hầu xảo lộng ca,",百轉鶯喉巧弄歌，
Khả liên mỹ mục quán thu ba.,可憐美目觀秋波。
"Tiêu sơ lư xá trì ty trúc,",蕭疏廬舍持絲竹，
Uyển diễm kiều nương cưỡng ỷ la.,婉艷嬌娘強綺羅。
"Triển chuyển xuân tình sầu dạ nguyệt,",輾轉春情愁夜月，
Thê lương cổ điệu yết minh già.,淒涼古調咽鳴笳。
"Động nhân tối thị phong lưu xứ,",動人最是風流處，
Nhất khúc Nam âm dật xướng hoà.,一曲南音逸唱和。
"Chi phụng thiên chương xuất phụng thành,",祗奉天章出鳳城，
Phong quang lịch lịch hướng lai trình.,風光歷歷向來程。
"Hồi đầu bắc địa sơn xuyên tú,",回頭北地山川秀，
Thức mục nam thiên nhật nguyệt minh.,拭目南天日月明。
"Huyền thỉ hoạch thù nam tử chí,",懸矢獲酬男子志，
Huống cung ngưỡng trượng đại quân linh.,貺弓仰仗大君靈。
"Thập bằng thượng hựu phù tiên triệu,",十朋上佑符先兆，
Chiếu ngã quy biền hữu phúc tinh.,照我歸駢有福星。
Hội tường khởi hữu hội tường da?,會祥豈有會祥耶，
Hiển Khánh quan canh sự nhược hà.,顯慶观耕事若何。
"Cải viết Ứng Phong tòng thử sắc,",改曰應豐從此嗇，
Niên xưng Đại Khánh thế nhân ta.,年稱大慶世人嗟。
"Lợi Nhân long hiện thuỳ năng kiến,",利仁龍現誰能見，
Vị Nghĩa xa hành diệc bất ngoa.,為義車行亦不訛。
"Mục kiến dĩ minh ưng tốc hoán,",目見已明應速換，
Cổ kim nhất quỹ chất chư hiền.,古今一軌質諸賢。
Vạn tính ngao ngao đãi bộ cầu.,萬姓嗷嗷待哺裘，
Thuỳ gia kim ngọc á cao khâu!,誰家金玉亞高丘？
"Nhân tình gian hiểm, quân phương cốc,",人情艱險君方穀，
"Thế lộ phong đào, ngã diệc châu.",世路風濤我亦舟。
"Đế lý, khách hoài, phùng mộ vũ,",帝里客懷逢暮雨，
"Thư phòng, cựu thoại, niệm anh du.",書房舊話念英遊。
"Tây phong quát mộng truyền biên tín,",西風刮夢傳邊信，
Tràng đoạn nam nhuyên tứ ngũ châu.,腸斷南壖四五州。
"Mạn tằng nhất đệ sá hương lân,",謾曾一第詫鄉鄰，
Thuỳ đạo thanh phong bất liệu bần.,誰道清風不療貧。
"Sương hậu cúc hoa hoàn tửu khách,",霜後菊花還酒客，
Tuyết trung mai ý khả thi nhân.,雪中梅意可詩人。
"Ngâm biên khách xá song bồng mấn,",吟邊客舍雙蓬鬢，
Mộng lý thiên môn bát dực thân.,夢裡天門八翼身。
"Thành nguyệt phố vân tương vọng xứ,",城月浦雲相望處，
Cố nhân lai địa dục thanh xuân.,故人來地欲清春。
"Hoè phủ tây biên vãn bốc lân,",槐府西邊晚卜鄰，
Tiêu nhiên nhất thất lạc thanh bần.,翛然一室樂清貧。
"Sàng đầu kim kiếm thù tri kỷ,",床頭金劍酬知己，
Chẩm bạn hoàng lương mộng cố nhân.,枕畔黃梁夢故人。
"Hồ hải đương niên thiên hạ sĩ,",湖海當年天下士，
Phong lưu thử nhật sảnh lang thân.,風流此日省郎身。
"Khách trình tuế mộ hàn biêm cốt,",客程歲暮寒砭骨，
Tối ái Băng Hồ biệt dạng xuân.,最愛冰壼別樣春。
"Sáng nghiệp tu tri kiệm dữ cần,",創業須知儉與勤，
Cố quan an lạc ngưỡng tiên ân.,顧觀安樂仰先恩。
"Thường tư thị trọng tiền tinh huyết,",常思視重前精血，
Tu ức lai tham cổ cựu tân!,須憶來探古舊新。
"Thế phụng hương đăng đường giáo hậu,",世奉香燈堂教後，
Thời nghi thân mệnh nhận hà chân.,時宜身命認何真。
"Bút nghiễn tự thiểu ưng vô khuyết,",筆硯自少應無缺，
Thuỷ đắc bình sinh thản bộ vân.,始得平生坦步云。
"Ngã sinh chi hậu thán phùng ly,",我生之後嘆逢罹，
Thế loạn nhân cùng tuế hựu ky.,世亂人窮歲又饑。
"Tức tức dạ trùng như tự tố,",𠺒𠺒夜蟲如自訴，
Ngao ngao sương nhạn dục hà chi.,嗷嗷霜雁欲何之。
"Hạnh nhân nho đẳng vi tiên cái,",幸因儒等為先丐，
Cửu quán lê căn vị trứu bì.,久慣蔾根未皺皮。
"Ưu muộn sảng nhiên tương trước bút,",憂悶愴然將著筆，
Cổ nhân khất thực dĩ thành thi.,古人乞食已成詩。
"Hạn thậm đông tiền cốc bất thu,",旱甚冬前穀不收，
Thê phong kim hạ lãnh như thu.,凄風今夏冷如秋。
"Phiền gian thặng chúc tằng xan vị,",墦間剩粥曾餐未，
Úng để lưu phôi khẳng tuý vô.,甕底留醅肯醉無。
"Quốc vận nhược vi gia vận ách,",國運若為家運厄，
Đại nhân ưng tác thỉ nhân hô.,大人應作豕人呼。
"Mạc thán tầm thường cơ ngã thậm,",莫嘆尋常饑餓甚，
Thì cùng phương thị kiến chân ngô.,時窮方是見真吾。
"Cấm cổ tam đông thành thượng lâu,",禁鼓三鼕城上樓，
Lan nhiêu tật trạo xuất đinh châu.,蘭橈疾棹出汀洲。
"Chiết lưu ẩn ước Kim Long dược,",折流隱約金龍躍，
Lâm chử y vi Ngọc Trản phù.,臨渚依微玉盞浮。
"Sa thiển bạch tuỳ ngư hoả hiện,",沙淺白隨漁火見，
Thụ thâm thanh trục Phượng vân u.,授深青逐鳳雲幽。
"Canh lan tĩnh chước tam bôi tửu,",更闌靜酌三杯酒，
Nguyệt đạm ba bình tịnh thưởng thu.,月淡波平並賞秋。
"Cánh thiên Ngân Hán thuỷ điều điều,",竟天銀漢水迢迢，
Nhất phái thuỳ tương hạ cửu tiêu.,一派誰將下九霄。
"Dao vọng hoảng nghĩ thuỷ luyện tẩy,",遙望恍擬水練洗，
Cận văn cận thị ngọc thuý điều.,近聞僅是玉翠調。
"Tế lưu việt tự từ u hác,",細流越自辭幽壑，
Đại hải chung quy tác cự triều.,大海終歸作巨潮。
"Giá hữu thanh trân kham bả xứ,",這有清珍堪把處，
Chú tư ưng khả địch phiền hiêu.,注茲應可滌煩囂。
"Kê sơn tủng khởi lưỡng nguyên trường,",​鷄山聳起兩源長，
Tuyền hữu Long Môn mộc hữu chân.,泉有竜門木有真。
"Thuỷ phất lam xa tài hạ đạo,",水拂嵐車栽夏稻，
Thán tiều thôn hoả nhiệt đông lang.,炭燋村火熱冬榔。
"Lưỡng đồ sử nhập danh thần truyện,",兩途史入名臣傳，
Tam tự nhân khâm tiết phụ hương.,三字人欽節婦鄉。
"Sinh trưởng mạc sầu dư địa tiểu,",生長莫愁輿地小，
Thiên thư tòng cổ chiếm an khang.,天書從古占安康。
"Bình sơn Hương thuỷ thượng y nhiên,",平山香水上依然，
Thế cục nhân tình dị tích niên.,世局人情異昔年。
"Lộ thượng dĩ đa tha thực phục,",路上已多他食服，
Triêu trung thái bán ngoại tâm điền.,朝中太半外心田。
"Giang hà tam bách nan vi thủ,",江河三百難爲守，
Phong tục thiên thu nghĩa diệc thiên.,風俗千秋義亦遷。
"Binh bộ thử phiên đàm vị tận,",兵部此番談未盡，
Lập xuân hồi lị bất năng an.,立春回莅不能安。
"Huề bộ Thê Hà nhập động phi,",擕步栖霞入洞扉，
Truyền đăng nhất điểm thượng hi vi.,傳燈一點尙熹微。
"Úc hồi hạc mộng yên sơ tán,",燠囘鹤夢烟初散，
Hiểu tống kình âm lộ chính hy.,曉送鯨音露正晞。
"Nham trúc phong cao thanh ảnh sấu,",巖竹風高清影瘦，
Cốc lan vũ nhuận tố tâm phì.,谷闌雨潤素心肥。
"Sơn tăng bất thức nam nhân phục,",山僧不識南人服，
Tiếu nhận Bồng Lai vũ khách phi.,笑認蓬萊羽客飛。
"Thập nhất hào quang phóng Sở nam,",十一毫光放楚南，
Từ phong thượng tại Bảo Đà kham.,慈風尙在寶陀龕。
"Phi ca hữu tích truyền lai thế,",飛袈有跡傳來世，
Tuệ cốt vô lương chứng cổ am.,慧骨無量証古庵。
"Ngẫu phiếm tiên tra đăng bỉ ngạn,",偶泛仙槎豋彼岸，
Hà phương nho lý lịch ưu đàm.,何妨儒履歷優曇。
"Kỷ thiên tải sự kỷ thiên lý,",幾千載事幾千里，
Định hữu tiền nhân hạnh nhất tham.,定有前因幸一參。
"Tam niên Lĩnh Hải tác thi tù,",三年嶺海作詩囚，
Thân thế gia bang lệ bính lưu.,身世家邦戾迸流。
"Tinh Vệ hồn cô sa chử đoạn,",精衛魂孤沙渚斷，
Đỗ quyên huyết ảm Thục sơn u.,杜鵑血黯蜀山幽。
"Thân bằng thu diệp phong tiền vũ,",親朋秋葉風前舞，
Thư kiếm thanh bình thủy thượng phù.,書劍青萍水上浮。
"Tự tiếu đan tâm hoàn bất tử,",自笑丹心還不死，
Ngô thành dạ dạ vọng Nam ngưu.,吳城夜夜望南牛。
"Nhân sinh hà tất vấn cùng thông,",人生何必問窮通，
Kim cổ công danh lữ mộng trung.,今古功名旅夢中。
"Tự phận sơ dung phi đại khí,",自分疏庸非大器，
Ngẫu nhân cừu bại kiến vi trung.,偶因裘敗見微忠。
"Quân ân vi báo hà từ nhục,",君恩為報何辭辱，
Thần đạo vô thành phóng hữu công.,臣道無成放有功。
"Hạnh thiết hoạt thân quy cố quốc,",幸竊活身歸故國，
Thái bình vũ trụ tác thi nông.,太平宇宙作詩農。
"Chiến chỉ chỉ trì tích lưu kỳ,",​戰止砥峙析流岐，
Hiểm yếu thiên lưu tráng Việt thuỳ.,險要天留壯粵陲。
"Cự tích ám tàng giang để toả,",巨蹟暗藏江底鎖，
Tiêm ky vi kiến thuỷ trung chuỳ.,尖磯微見水中錐。
"Mã bôn nộ lãng thanh thanh cấp,",馬奔怒浪聲聲急，
Loa kết hồi thoan khúc khúc ty.,螺結回湍曲曲澌。
"Nhất trạo an lan quy khứ ổn,",一棹安瀾歸去穩，
Túng nhiên bách hiểm dã thành di.,縱然百險也成夷。
"Nhàn ngoạn tiền biên hữu sở tư,",閒玩前編有所思，
Xuân thu khí vận tối kham bi.,春秋氣運最堪悲。
"Chủ thần tác đối, tam phân đỉnh,",主臣作對三分鼎，
"Ông tế thành cừu, bán cục kỳ.",翁婿成仇半局棋。
"Đế bá dĩ tuỳ Chu, Tấn cổ,",帝霸已隨周晉古，
"Giang sơn bất cải Lý, Trần thì.",江山不改李陳時。
"Cương trù vạn cổ tồn công án,",綱疇萬古存公案，
"Hổ đấu, long tranh mạn sính uy.",虎鬥龍爭慢逞威。
"Thạch bích lăng không cổ thụ hoành,",石壁凌空古樹橫，
Nhãn trung thiên địa tối phân minh.,眼中天地最分明。
"Dục cầu Đỗ Phủ thi nan trạng,",欲求杜甫詩難狀，
Túng hữu Vương Duy hoạ bất thành.,縱有王維畫不成。
"Tự tiếu niên lai vô dị học,",自笑年來無異學，
Mỗi đăng cao xứ uý bình sinh.,每登高處慰平生。
"Danh đề động lý tu tri ngã,",名題洞裡須知我，
Tuy Lý vương tôn Thúc Giạ Bình.,綏理王孫叔野苹。
"Hạo hạo trường giang tứ diểu man,",浩浩長江四淼漫，
Cô châu ảo xuất tiểu đồng loan.,孤州幻出小童鸞。
"Sát âm hữu thụ tàng ô chuỷ,",察陰有樹藏烏觜，
Viên đỉnh vô yên lộ giáng quan.,圓頂無煙露絳冠。
"Vũ khách viễn lai phong khoá nhạn,",羽客遠來風跨贗，
Tiên nga môi đắc nhật kỵ loan.,仙娥媒得日騎鸞。
"Sơn xuyên nhất đoạn chân kỳ tuyệt,",山川一段真奇絕，
Hưng trí chân chân nhập bút đoan.,興緻甄甄入筆端。
"Sinh thế na kham tiện trượng phu,",生世那堪賤丈夫，
Ly khâm nhẫn đới lệ ngân khô.,離襟忍帶淚痕枯。
"Nhật trầm Kiến Lĩnh minh đầu quán,",日沉建嶺冥投館，
Tuyết tễ Trường Châu thự giới đồ.,雪霽長州曙戒途。
"Thiên địa vị dung tư đạo xả,",天地未容斯道捨，
Giang sơn khẳng ngoại thử thân cô.,江山肯外此身孤。
"Minh thời thảng hiệu hào phân bổ,",明時倘效毫分補，
Vạn lý ninh từ ngã bộc phu.,萬里寧辭我僕痡。
"Hàn không nga kính chiếu đình giai,",寒空娥鏡照庭階，
Thanh ảnh dao tòng quế hải lai.,清影遙從桂海來。
"Thu sắc bán phân mang lý quá,",秋色半分忙裏過，
Hương tâm ngũ dạ mộng trung hồi.,鄉心五夜夢中回。
"Sương xâm sầu mấn bằng cô hạm,",霜侵愁鬢憑孤檻，
Lậu yết lương tiêu đảo tuý bôi.,漏歇良宵倒醉杯。
"Bồng ngạnh liên niên du tử hận,",蓬梗連年遊子恨，
"Xuân thành, Lạng khổn hựu Yên Đài.",春城諒閫又燕臺。
"Lưỡng độ niên hoa vạn lý hành,",两度年華萬里行，
Gia tình quốc sự bán kinh doanh.,家情國事半經營。
"Tang bồng dị túc bình sinh chí,",桑蓬易足平生志，
Hương hoả nan cung nhất thốn thành.,香火難供一寸誠。
"Huy lệ tự tu sài thát niệm,",揮淚自羞豺獺念，
Đê đầu không thính giá cô thanh.,低頭空聽鷓鴣聲。
"Chỉnh dung tham vọng hư linh giám,",整容參望虛靈鑒，
Sương mấn sầu thôi kính lý doanh.,霜鬂愁催鏡裡盈。
"Càn khôn lãng bạc bán suy ông,",乾坤浪泊半衰翁，
Thân tự phù vân mấn tự bồng.,身似浮雲鬢似蓬。
"Thốc bút kỷ chi ngâm tứ thiển,",禿筆幾枝吟思淺，
Hàn song nhất trản lữ hoài nùng.,寒窗一盞旅懷濃。
"Lâm linh hà xứ thương tâm vũ,",淋鈴何處傷心雨，
Cử thác chung tiêu quát nhĩ minh.,籧籜終宵聒耳鳴。
"Lãnh lạc đơn trù thù phục tỉnh,",冷落單裯酬復醒，
Mộc lan hoa ngoại viễn sơn chung.,木蘭花外遠山鐘。
"Thiển bả nga nhi độc tự châm,",淺把鵝兒獨自斟，
Ky mi động liễu hạc viên tâm.,羈縻動了鶴猿心。
"Hoa biên mao ốc xuân trường hảo,",花邊茅屋春長好，
Liễu ngoại sài môn khách dị tầm.,柳外柴門客易尋。
"Bán tháp tiêu phong hoà ngọ mộng,",半榻蕉風和午夢，
Nhất liêm mai vũ trợ thanh ngâm.,一簾梅雨助清吟。
"Thị phi bất đáo nhàn song kỷ,",是非不到閒窗椅，
Thuỵ khởi phần hương phủ tố cầm.,睡起焚香撫素琴。
"Tuế mộ tha đà Nhị thuỷ đông,",歲墓蹉跎珥水東，
Xuân lai bất giác toạ xuân phong.,春來不覺坐春風。
"Bình chương lục dã thiên thôn ngoại,",平章綠野千村外，
Quản lĩnh thanh dương lưỡng tụ trung.,管領青陽兩袖中。
"Lại thoái thuỳ liêm công thự tĩnh,",吏退垂簾公署靜，
Hoa khai bằng kỷ khách tâm không.,花開憑几客心空。
"Túng quan tiện hữu thần giao giả,",縱觀便有神交者，
Liêu khuếch vân gian vị định hồng.,遼廓雲間未定鴻。
"Kỷ thanh liệu lượng bạng thiềm văn,",幾聲嘹亮傍檐聞，
Nguyệt hạ trường đình tửu bán huân.,月下長亭酒半醺。
"Mộc lạc ai viên xuất u hác,",木落哀猿出幽壑，
Tiêu thâm hàn nhạn hưởng huyền vân.,宵深寒雁響玄雲。
"Dịch mai cách độ lục thất lý,",驛梅隔渡六七里，
Giang liễu thâu xuân nhất nhị phân.,江柳偷春一二分。
"Ngã khởi Hoàng Châu tằng mộng hạc,",我豈黃州曾夢鶴，
Động tiêu xuy giả khách hà nhân.,洞簫吹者客何人。
Môn tiền yên cảnh cận như hà?,門前煙景近如何，
Nhàn nhật khai song sinh ý đa.,閒日開窗生意多。
"Lục nguyệt bồi phong bằng tỷ địa,",六月培風鵬徙地，
Nhất đình tích vũ nghĩ di oa.,一庭積雨蟻移窩。
"Thanh chiên cựu vật khổ trân tích,",青氈舊物苦珍惜，
Bạch phát hùng tâm không đốt ta.,白髮雄心空咄嗟。
"Tái bệnh thượng tu điều nhiếp lực,",再病尚須調攝力，
Bất tri thu tứ đáo thuỳ gia?,不知秋思到誰家。
"Ngũ tích dao đài tủng thuý vi,",五脊瑤臺聳翠微
Tường quang vân ủng ánh phầu ty.,祥光雲擁映罘罳
"Phượng tường nghi vũ khai cung phiến,",鳳翔儀羽開宮扇
Long phún minh châu nhiễu điện trì.,龍噴明珠繞殿墀
"Thánh thượng lâm hiên phương nhật xuất,",聖上臨軒方日出
"Lão thần đãi lậu chính tinh hy,",老臣待漏正星稀
"Nan tương suy cốt thù thiên quyến,",難將衰骨酬天眷
Kiền đối nam sơn chúc thọ my.,虔對南山祝壽眉
"Khẩn hành dục thuỵ thuỵ thù mang,",緊行欲睡睡殊忙，
Nhật dạ bôn trì bất cảm khang.,日夜奔馳不敢康。
"Thập thặng mã tê thiên lý nguyệt,",十乘馬嘶千里月，
Thiên gia kê khiếu ngũ canh sương.,千家雞叫五更霜。
"Khúc quăng vị hoạch an sơ thuỷ,",曲肱未獲安疏水，
Tuệ nhãn hoàn ưng khán thục lương.,慧眼還應看熟梁。
"Danh lợi uý đồ đa nhiệt náo,",名利畏途多熱鬧，
Thanh minh giác tỉnh tự vô phương.,清明覺醒似無妨。
"Uẩn nhân nhị ngũ diệu tương tham,",縕絪二五妙相參，
Di nguyệt tam dương nhật hựu tam.,彌月三陽日又三。
"Thiện chính Bình Than thanh oánh ngọc,",善政平灘青瑩玉，
Nùng ân Linh Tụ bích tuy lam.,醲恩靈岫碧綏藍。
"Cung, Hoàng huân nghiệp chân dư sự,",龔黃勳業真餘事，
"Phòng, Đỗ thanh danh xỉ mỹ đàm.",房杜聲名侈美談。
"Kim nhật tân diên bồi tiếu ngữ,",今日賓筵陪笑語，
Ta dư lão bệnh cánh hà kham.,嗟予老病更何堪。
"Hùng giáp thường dung tịch hữu tham,",雄甲常容席右參，
Nại vô tước đức quý tôn tam.,奈無爵德貴尊三。
"Hỷ phùng kim nhật huyền hồ thỉ,",喜逢今日懸狐矢，
Hà hận xuân quang chính uất lam.,何恨春光正蔚藍。
"Đãn nguyện phượng lân tường thịnh thế,",但願鳳麟祥盛世，
Bất tu quy hạc tụng thường đàm.,不須龜鶴誦常談。
"Tư văn vị táng ngô công tại,",斯文未喪吾公在，
Thúc Dạ hà phương thất bất kham.,叔夜何妨七不堪。
"Quận thành thắng cảnh biến tằng tham,",郡城勝景徧曾參，
Khuất chỉ như kim chỉ lưỡng tam.,屈指如今只兩三。
"Kiệt Đặc giang đầu dư giáp đệ,",傑特江頭餘甲第，
Chí Linh tuyệt đỉnh cựu danh lam.,至靈絕嵿舊名藍。
"Giang sơn như thử bất nhất đáo,",江山如此不一到，
Phong nguyệt vô cùng đa thiếu đàm.,風月無窮多少談。
"Thừa hứng liệu tri ưng hữu ước,",乘興料知應有約，
Truy bồi ngã lão lực do kham.,追陪我老力猶堪。
"Xạ sách xuân vi ức cộng tham,",射策春圍憶共參，
Nhiêu quân điệp trúng chiếm khôi tam.,饒君疊中占魁三。
"Bảng đề tự thấp hương phù mặc,",榜題字濕香浮墨，
Bào tứ ân nùng sắc bí lam.,袍賜恩濃色泌藍。
"Vi chính tức kim suy thực học,",為政即今推實學，
Cảm nhân bất tại thượng hư đàm.,感人不在尚虛談。
"Khu khu châu huyện đồ lao nhĩ,",區區州縣徒勞耳，
Kỳ triển kinh luân ngã bối kham.,期展經綸我輩堪。
"Nhất đỗng thiên môn tịch chiếu trầm,",一慟天門夕照沈，
Nho y phiêu bạc đáo như câm.,儒衣飄泊到如今。
"Giang sơn phóng dật tài nhập bút,",江山放逸才入筆，
Phong vũ bi ca liệt sĩ tâm.,風雨悲歌烈士心。
"Tứ toạ do văn đàm Bắc Hải,",四座猶聞談北海，
Cửu thu tằng cộng phỏng Đông Lâm.,九秋曾共訪東林。
"Ma sa hạp kiếm tri thuỳ tặng,",摩挲匣劍知誰贈，
Hồi thủ nam minh tích vụ thâm.,回首南溟積霧深。
"Bán sinh khâu hác phế đăng lâm,",半生邱壑廢登臨，
Loạn hậu gia hương phí mộng tầm.,亂後家鄉費夢尋。
"Thạch bạn tùng phong cô thắng thưởng,",石畔松風孤勝賞，
Giản biên mai ảnh phụ thanh ngâm.,澗邊梅影負清吟。
"Yên hà lãnh lạc trường kham đoạn,",煙霞冷落腸堪斷，
Viên hạc tiêu điều ý phỉ câm.,猿鶴蕭條意匪禁。
"Bằng trượng nhân gian cao hoạ thủ,",憑仗人間高畫手，
Bút đoan tả xuất nhất ban tâm.,筆端寫出一般心。
"Thân như kinh điểu thâm vân lý,",身如驚鳥深雲裏，
Tâm tự ngu ngư mạn thuỷ trung.,心似愚魚慢水中。
Hàn chử tuỳ triều khan điếu đĩnh.,寒渚隨潮看釣艇，
Sơ viên đối nguyệt bạn thư đồng.,疏園對月伴書童。
"Cơ sầu trích tận ba tiêu vũ,",羈愁滴盡芭蕉雨，
Lãn mộng xao tàn dương liễu phong.,懶夢敲殘楊柳風。
"Tối thị giải phì kham hạ tửu,",最是蟹肥堪下酒，
Bất phương đoản cát khiếu thôn ông.,不妨短褐叫村翁。
"Bách niên tam vạn lục thiên nhật,",百年三萬六千日，
Nhất nhật trùng phân thập nhị thì.,一日重分十二時。
"Nhân sự thiên thời tương vãng phục,",人事天時相往復，
Tang điền thương hải kỷ thôi di.,桑田滄海幾推移。
"Thánh hiền thù tạc tam bôi tửu,",聖賢酬酢三杯酒，
Kim cổ doanh thâu nhất cục kỳ.,今古贏輸一局棋。
"Đãn đắc công danh thuỳ vĩnh cửu,",但得功名垂永久，
Sở sinh bất thiểm thị nam nhi.,所生不忝是男兒。
"Tam niên bồi thị bão phong trần,",三年陪侍飽風塵，
Cân quắc vinh nhiên bộc ngự thân.,巾幗榮然僕禦身。
"Mệnh khởi hồng nhan thương nhĩ bạc,",命豈紅顏傷爾薄，
Cảnh ư xích thổ sỉ ngô bần.,境於赤土恥吾貧。
"Dược thang lỗ mãng tình đa khiểm,",藥湯鹵莽情多歉，
Liễm táng thông mang lễ thiểu tuần.,殮葬匆忙禮少循。
"Kỳ kiển canh di ky trửu luỹ,",奇蹇更移箕帚纍，
Bồi hồi tưởng vãng lệ triêm cân.,徘徊想往淚沾巾。
"Thanh xuân tiêu đắc kỷ đa thì,",青春消得幾多時，
Nhất tịch xuân lai xuân hựu quy.,一席春來春又歸。
"Chuyển nhãn yên hoa thành bạc mệnh,",轉眼烟花成薄命，
Vô tình phong vũ đố kiều tư.,無情風雨妬嬌姿。
"Hàn quyên dạ dạ minh cô nguyệt,",寒鵑夜夜鳴孤月，
Đề điểu thanh thanh điếu lạc huy.,啼鳥聲聲吊落暉。
"Hồ điệp bất tri xuân dĩ khứ,",蝴蝶不知春已去，
Si tâm do tự luyến tàn chi.,癡心猶自戀殘枝。
"Tứ tự tuần hoàn xuân phục thâu,",四序循環春復秋，
Xâm xâm dĩ lão thiếu niên đầu.,駸駸已老少年頭。
"Vinh hoa khẳng cố nhất trường mộng,",榮華肯顧一場夢，
Tuế nguyệt không hoài vạn hộc sầu.,歲月空懷萬斛愁。
"Khổ thú luân hồi như chuyển cốc,",苦趣輪迴如轉轂，
Ái hà xuất một đẳng phù âu.,愛河出沒等浮漚。
"Phùng trường diệc bất mô lai tị,",逢場亦不摸來鼻，
Vô hạn lương duyên chỉ ma hưu.,無限良緣只麼休。
Thập niên mao việt tĩnh Đông Đô.,十年旄鉞靜東都，
"Long khứ Lam Sơn, kiếm tại hồ.",龍去藍山劍在湖。
"Bảo diệm quang trầm tam xích ngạc,",寶焰光沉三尺鍔，
Ngưu khư oánh triệt nhất hoằng châu.,牛墟瑩徹一泓珠。
"Hoa khai xuân sắc hoan trùng khải,",花開春色歡重凱，
Sương lạc thu thanh khốc tặc phu.,霜落秋聲哭賊俘。
"Thương hải tang điền hồ tự nhược,",滄海桑田湖似若，
Thiên uy do hoạ thuỷ vân đồ.,天威猶畫水雲圖。
"Đoàn Thành lưỡng thứ lãng thê trì,",團城兩次浪棲遲，
Di cảo sưu tầm đát viễn ti.,遺藁搜尋怛遠思。
Niên bá huân danh lưu thạch luỹ;,年伯勲名留石壘，
Tiên ông văn tự kiến đài bi.,先翁文字見苔碑。
Quận triều vị vọng song thiên cổ;,郡朝位望雙千古，
Thương lỗ cơ giam hựu nhất thì.,滄鹵機緘又一辰。
"Tuế tự biến thiên gia huý cận,",歲序變遷家諱近，
Tha hương du tử bội thê bi.,他鄉遊子倍悽悲。
"Vị ngộ Nhiêm Tô bút diệc cùng,",未遇髯蘇筆亦窮，
Văn chương kim nhật thuyết Nhiêm Ông.,文章今日說髯翁。
"Tích kim tâm sự hàn đăng hạ,",昔今心事寒燈下，
Nam bắc quan hà viễn mộng trung.,南北關河遠夢中。
"Sử cục trường niên vong lão đại,",史局長年忘老大，
Tửu bôi chung nhật hạ anh hùng.,酒杯終日下英雄。
"Âu Dương nhất kiến kỳ quan tận,",歐陽一見奇觀盡，
Tuyệt thắng giang sơn sổ vạn trùng.,絕勝江山數萬重。
"Phật tháp tiên lâu bích ngọc xâm,",佛塔仙樓碧玉侵，
Giám hồ nhất thuỷ tự thâm thâm.,鑑湖一水自深深。
"Viên hàm thu thự khai minh hạp,",圓涵秋曙開明匣，
Quang trạm thanh lưu hiện bích sầm.,光湛清流見碧岑。
"Triêu húc sơ thăng lân toái ngọc,",朝旭初昇鱗碎玉，
Lạc hà vãn chiếu ảnh sư câm.,落霞晚照影篩金。
"Nhất sinh cố sự hà tu vấn,",一生故事何須問，
Trực đãi tiền thôn nguyệt nhất lâm.,直待前村月一林。
"Địa xuất danh hiền xưng Cát Thuỷ,",地出名賢稱吉水，
Thiên tương chính khí dục Văn Sơn.,天將正氣毓文山。
"Trạng nguyên, Tể tướng cương thường trọng,",狀元宰相綱常重，
"Hoằng Phạm, Toa Đô sự thế nan.",弘範唆都事勢難。
"Thanh hãn bất phương lưu nghĩa liệt,",青汗不妨留義烈，
Hoàng quan phi cẩu nguyện an nhàn.,黃冠非苟願安閒。
"Cô trung chiêu yết càn khôn cửu,",孤忠昭揭乾坤久，
Ba lãng trung nhân nhất noản nhan.,波浪中人一赧顏。
"Vũ tễ kinh đường tối hảo khán,",雨霽京塘最好看，
Lục âm như tẩy cẩm đoàn đoàn.,綠陰如洗錦團團。
"Vân khai thanh xuất Yên sơn nhãn,",雲開青出燕山眼，
Trần tịnh hồng thiêm Hán bích nhan.,塵淨紅添漢壁顏。
"Tuỳ liễu hành nhân lư tử bối,",隨柳行人驢子背，
Trâm hoa du nữ mã nhi hoàn.,簪花遊女馬兒鬟。
"Lương phong tống khách quy lai sảng,",涼風送客歸來爽，
Thiết trụ kiều đầu bộ bộ khoan.,鐵柱橋頭步步寬。
"Kỳ khu Lĩnh Ngoại thán đầu hoang,",岐嶇嶺外嘆投荒，
Vạn lý vô liêu tứ diểu mang.,萬里無聊思渺茫。
"Tích lịch kiêm hàm thu vũ ngạn,",淅瀝兼含秋雨岸，
Linh lung quất thấu tịch dương tường.,玲瓏橘透夕陽墻。
"Hà Đông lộ viễn tần trương mục,",河東路遠頻張目，
Giang ngạn lâu cao kỷ đoạn trường.,江岸樓高幾斷腸。
"Tịch tịch thiên nhai nhân khứ hậu,",寂寂天涯人去後，
Cô thành y cựu thuỷ vân hương.,孤城依舊水雲鄉。
"Tảo giốc xuy sương nhật ảnh hồng,",早角吹霜日影紅，
Phù phù hoạ chức thuỷ thiên trung.,浮浮畫織水天中。
"Tương ba viễn tiếp trường không thế,",湘波遠接長空勢，
Sở sắc dao phân nộn liễu phong.,楚色搖分嫩柳風。
"Ngư võng sái vân kinh đoạn nhạn,",漁網曬雲驚斷鴈，
Ích phàm chức phố loạn chinh hồng.,益帆織浦亂征鴻。
"Cảnh đài lao lạc càn khôn vãn,",景臺牢落乾坤晚，
Hà xứ chung thanh cách ngạn đông.,何處鐘聲隔岸東。
"Cuồng hoả viêm viêm thái bức nhân,",狂火炎炎太逼人，
Cô hồng độc độ bố chinh vân.,孤鴻獨渡布征雲。
"Hư hư thật thật mang trung sự,",虛虛實實忙中事，
Tuý tuý tinh tinh tửu hậu thân.,醉醉醒醒酒後身。
"Lạc phách thử sinh cam vạn tội,",落魄此生甘萬罪，
Ban kinh vô địa bái chư quân.,班荊無地拜諸君。
"Tuy nhiên tế lạo minh hành chỉ,",雖然霽潦明行止，
Vị tất trì khu thượng ẩn luân.,未必馳驅尚隱論。
"Binh dư thân thích bán ly linh,",兵餘親戚半離零，
Vạn tử tàn khu ngẫu nhất sinh.,萬死殘軀偶一生。
"Vãng sự không thành Hoè quốc mộng,",往事空成槐國夢，
Biệt hoài thuỳ tả Vị dương tình.,別懷誰寫渭楊情。
"Bất lai tự nghĩ đồng Vương Thức,",不來自擬同王式，
Tỵ loạn chung đương học Quản Ninh.,避亂終當學管寧。
"Dục vấn tương tư sầu biệt xứ,",欲問相思愁別處，
Cô trai phong vũ dạ tam canh.,孤齋風雨夜三更。
"Đài đoan nhất khứ tiện thiên nhai,",臺端一去便天涯，
Hồi thủ thương tâm sự sự vi.,回首傷心事事違。
"Cửu mạch trần ai nhân dị lão,",九陌塵埃人易老，
Ngũ hồ phong vũ khách tư quy.,五湖風雨客思歸。
"Nho phong bất chấn hồi vô lực,",儒風不振回無力，
Quốc thế như huyền khứ diệc phi.,國勢如懸去亦非。
"Kim cổ hưng vong chân khả giám,",今古興亡真可鑑，
Chư công hà nhẫn gián thư hy.,諸公何忍諫書稀。
"Tương phùng cận thử lập đàm gian,",相逢僅此立談間，
Cửu biệt xâm tầm mấn dĩ ban.,久別侵尋鬢已斑。
"Kim nhật tài vi ngô ấp tể,",今日纔為吾邑宰，
Thập niên tằng thị cựu tiên ban.,十年曾是舊仙班。
"Điền trù tử đệ quan nhân vọng,",田疇子弟關人望，
Phủ tự thôi khoa quả thục nan.,撫字催科果孰難。
"Thế lộ thông thông thù khả tiếu,",世路匆匆殊可笑，
Đông đồ tây mạt xúc chinh an.,東塗西抹促征鞍。
"Cẩm lý Tương giang nhập mộng trì,",錦里湘江入夢遲，
Sơn trai phong tĩnh yểm sài phi.,山齋風靜掩柴扉。
"Đoàn bằng xuất hải khinh thiên lý,",摶鵬出海輕千里，
Quy điểu sào lâm ổn nhất chi.,歸鳥巢林穩一枝。
"Nhã tục tòng lai thôi toạ trấn,",雅俗從來推坐鎮，
Thế đồ chi ngoại phó hành ky.,世途之外付行機。
"Cố nhân hội đắc sơn nhân ý,",故人會得山人意，
Nhàn bả Hy đồ vấn hoá nhi.,閒把羲圖問化兒。
"Độ đầu trịnh trọng biệt thời nan,",渡頭鄭重別時難，
Chiết liễu đình tiên bán nhật gian.,折柳停鞭半日間。
"Giai cú trường ngâm ngưng bạch tuyết,",佳句長吟凝白雪，
Đài quang hồi vọng trở thanh san.,台光回望阻青山。
"Sương nhu hoa lạc tâm như chuyển,",霜濡華駱心如轉，
Mộng nhập chi my bộ dục khoan.,夢入芝眉步欲寬。
"Thiên Định tự tiền tam bả ẩm,",天定寺前三把飲，
Ư kim xuân sắc thượng đà nhan.,於今春色尚酡顏。
"Tích nhật đồng triều bái thánh quân,",昔日同朝拜聖君，
Chí kim âm hưởng tuyệt vô văn.,至今音響絕無聞。
"Giang san thác lạc tri hà tại,",江山錯落知何在，
Bằng bối điêu linh thục dữ quần?,朋輩彫零孰與群？
"Loạn thế hành tàng như độc hạc,",亂世行藏如獨鶴，
Lão lai hình ảnh tự cô vân.,老來形影似孤雲。
"Chỉ duyên hạnh đắc suy đồi thậm,",祇緣幸得衰頹甚，
Nhất điểm linh tê bất thập phần.,一點靈犀不十分。
"Bán sinh thế lộ thán truân chiên,",半生世路嘆屯邅，
Vạn sự duy ưng phó lão thiên.,萬事惟應付老天。
"Thốn thiệt đãn tồn không tự tín,",寸舌但存空自信，
Nhất hàn như cố diệc kham liên.,一寒如故亦堪憐。
"Quang âm thúc hốt thời nan tái,",光陰焂忽時難再，
Khách xá thê lương dạ tự niên.,客舍凄涼夜似年。
"Thập tải độc thư bần đáo cốt,",十載讀書貧到骨，
"Bàn duy mục túc, toạ vô chiên.",盤惟苜蓿坐無氈。
"Hồng Sơn sơn nguyệt nhất luân minh,",鴻山山月一輪明，
Thiên lý Trường An thử dạ tình.,千里長安此夜情。
"Thái phác bất toàn chân diện mục,",太璞不全眞面目，
Nhất châu hà sự tiểu công danh.,一州何事小功名。
"Hữu sinh bất đới công hầu cốt,",有生不帶公侯骨，
Vô tử chung tầm thỉ lộc minh.,無死終尋豕鹿盟。
"Tiễn sát bắc song cao ngoạ giả,",羨殺北窗高臥者，
Bình cư vô sự đáo hư linh.,平居無事到虛靈。
"Loạn hậu thân bằng lạc diệp không,",亂後親朋落葉空，
Thiên biên thư tín đoạn thu hồng.,天邊書信斷秋鴻。
"Cố viên quy mộng tam canh vũ,",故園歸夢三更雨，
Lữ xá ngâm hoài tứ bích cùng.,旅舍吟懷四壁蛩。
"Đỗ lão hà tằng vong Vị Bắc,",杜老何曾忘渭北，
Quản Ninh do tự khách Liêu Đông.,管寧猶自客遼東。
"Việt Trung cố cựu như tương vấn,",越中故舊如相問，
Vị đạo sinh nhai tự chuyển bồng.,為道生涯似轉蓬。
"Mạc mạc trần ai mãn thái không,",漠漠塵埃滿太空，
Bế môn cao chẩm ngoạ kỳ trung.,閉門高枕臥其中。
"Nhất thiên minh nguyệt giao tình tại,",一天明月交情在，
Bách lý Hồng sơn chính khí đồng.,百里鴻山正氣同。
"Nhãn để phù vân khan thế sự,",眼底浮雲看世事，
Yêu gian trường kiếm quải thu phong.,腰間長劍掛秋風。
"Vô ngôn độc đối đình tiền trúc,",無言獨對庭前竹，
Sương tuyết tiêu thời hợp hoá long.,霜雪消時合化龍。
"Thiên Thai sơn tiền độc bế môn,",天台山前獨閉門，
Tây phong trần cấu mãn trung nguyên.,西風塵垢滿中原。
"Điền gia bất trị Nam Sơn đậu,",田家不治南山豆，
Bần hộ thường không Bắc Hải tôn.,貧戶常空北海樽。
"Dã hạc phù vân thì nhất kiến,",野鶴浮雲時一見，
Thanh phong minh nguyệt dạ vô ngôn.,清風明月夜無言。
"Viễn lai chí thủ tương tầm lộ,",遠來誌取相尋路，
Gia tại Hồng Sơn đệ nhất thôn.,家在鴻山第一村。
"Địa tận kỳ quan hạn bắc nam,",地盡奇觀限北南，
Hoành Sơn nhất đái ỷ thương lam.,橫山一帶倚蒼藍。
"Huyền Trân sính vật dư thanh thụ,",玄珍聘物餘青樹，
Chế Thắng hương liêm ngụ bích đàm.,制勝香奩寓碧潭。
"Tướng mạc tiêu sơ vân tác bính,",將莫蕭疏雲作屏，
Dân cư thác lạc trúc vi am.,民居錯落竹為庵。
"Thanh tuyền tương chiếu ngân hoa trản,",青泉相照銀花盞，
Vị mạch thuần giai vạn cổ cam.,味脈純佳萬古甘。
"Thanh điểu tây phi trực đáo kim,",青鳥西飛直到今，
Kiều sơn cung kiếm hận di thâm.,橋山弓劍恨遺深，
"Binh tàn tái bắc vô gia trú,",兵殘塞北無家住，
Xuân viễn giang nam hữu mộng tầm.,春遠江南有夢尋。
"Vương Xán đăng lâu thiên lý mục,",王粲登樓千里目，
Trường Khanh đề trụ thập niên tâm.,長卿題柱十年心。
"Thuỳ nhân chủng liễu Long Thành lộ,",誰人種柳龍城路，
Vị ngã thiên nhai nhất ký âm.,為我天涯一寄音。
"Nhất tự phân huề tuế kỷ kinh,",一自分攜歲幾經，
Thiên nhai hải giác lưỡng ban tình.,天涯海角兩般情。
"Phong tiền chiêm vọng tâm ưng tích,",風前覘望心應析，
Mộng lý tương phùng lệ ám khuynh.,夢裏相逢淚暗傾。
"Đầu lão dĩ nhương hưu thế dụng,",投老已攘休世用，
Dư sinh hoàn khủng nhạ nhàn danh.,餘生還恐惹閒名。
"Hành tàng dụng xả vô phi mệnh,",行藏用舍無非命，
Kiến tử hà thời tử tế bình.,見子何時仔細評。
"Bình thuỷ thông thông quân hựu biệt,",萍水匆匆君又別，
Giang sơn hạo hạo ngã hà quy.,江山浩浩我何歸。
"Tam niên quát mục nhân do tạc,",三年刮目人猶昨，
Bán thế hồi đầu sự khả tri.,半世囘頭事可知。
"Quân tử hữu ưu phi nhất nhật,",君子有憂非一日，
Trượng phu vô lệ khấp phân kỳ.,丈夫無淚泣分岐。
"Sơn Vi du tử như tương vấn,",山圍遊子如相問，
Vi đạo bô nhân phát tự ti.,爲道逋人髮似絲。
"Thông thông sách mã cận vi môn,",匆匆策馬覲闈門，
Vị cập trường đình chước nhất tôn.,未及長亭酌一樽。
"Tụ tán thời cơ tuỳ sở ngộ,",聚散時機隨所遇，
Trì khu ngã phận phục hà ngôn.,馳驅我分復何言。
"Ngũ canh đối nguyệt liên cô ảnh,",五更對月憐孤影，
Thiên lý khan vân đoạn lữ hồn.,千里看雲斷旅魂。
"Quân tại khách trung hưu kiến ức,",均在客中休見憶，
Miễn năng đới lạp phỏng gia viên.,勉能帶笠訪家園。
"Sơn quận phân phù hiệu nhất trường,",山郡分符效一長，
Năng thanh đãng đãng cửu đằng phương.,能聲蕩蕩久騰芳。
"Cố gia kiều mộc thiên tầm bích,",故家喬木千尋碧，
Huệ chính đường âm thập mẫu lương.,惠政棠陰十畝涼。
"Tự tín hứa thân nhương Tắc, Tiết,",自信許身攘稷契，
"Khẳng tương sự nghiệp đẳng Cung, Hoàng.",肯將事業等龔黃。
"Cá trung hoàn hữu quá nhân xứ,",個中還有過人處，
Bần tiện giao tình bất khả vương.,貧賤交情不可忘。
"Tương phùng kinh lộ thủ tài phân,",相逢京路手纔分，
Kỷ độ mai hoa nhập mộng tần.,幾度梅花入夢頻。
"Lạc nhật xuân thiên đa hảo ý,",落日春天多好意，
"Cao sơn lưu thuỷ hướng thuỳ luân,",高山流水向誰論。
"Khê đầu đạp phá sương song tích,",溪頭踏破霜雙跡，
Liên hộ xao tàn nguyệt nhất ngân.,蓮戶敲殘月一痕。
"Chu cấp tòng lai quân tử sự,",周給從來君子事，
Thử tình khả dữ đạt nhân ngôn.,此情可與達人言。
"Cảng khẩu thính triều tạm hệ đao,",港口聽潮暫繫舠，
Am am cách ngạn hưởng bồ lao.,韽韽隔岸響蒲牢。
"Thuyền song khách dạ tam canh vũ,",船窗客夜三更雨，
Hải khúc thu phong thập trượng đào.,海曲秋風十丈濤。
"Mạc ngoại hư danh thân thị huyễn,",膜外虛名身是幻，
Mộng trung phù tục sự kham phao.,夢中浮俗事堪拋。
"Nhất sinh khí tập hồn như tạc,",一生氣習渾如昨，
Bất vị ky sầu tổn cựu hào.,不為羈愁損舊豪。
"Đãi lậu kim ngao bất dạ thiên,",待漏金熬不夜天，
Quang Minh đường thượng chúc cao huyền.,光明堂上燭高懸。
"Lâu sào thụ điểu thuỵ phương ổn,",樓巢樹鳥睡方穩，
Cảnh tích thì kê thanh chính huyên.,警析時雞聲正喧。
"Bút trận hoa phi nan ngự giáp,",筆陣花飛難御甲，
Nghiễn trì liễu động dị sinh yên.,硯池柳動易生煙。
"Uỷ xà dục học Chu khanh sĩ,",委蛇欲學周卿士，
Khước mộ Cơ công trùng tử kiên.,卻慕姬公重仔肩。
"Bắc tối cao phong thị Tống Tinh,",北最高峰是送星，
Hải nam tuyệt tuấn Phú Xuân thành.,海南絕峻富春城。
"Tinh mao tằng ký tiền niên vãng,",旌旄曾記前年往，
Cầm kiếm ninh tri thử nhật hành.,琴劍寧知此日行。
"Thế đại phế hưng thiên cổ sự,",世代廢興千古事，
Phong cương phân hợp nhất chu kinh.,封疆分合一周經。
"Khấu quan để bích phi ngô ý,",扣關提壁非吾意，
Hảo tiếu suy di trục lãng bình.,好笑衰遺逐浪萍。
"Sắt sắt hàn phong tống vãn thu,",瑟瑟寒風送晩秋，
Khê lưu hà xứ hựu sơn đầu.,溪流何處又山頭。
"Nhân tâm khả thị do hưng Hán,",人心可侍猶興漢，
Thiên mệnh ưng tri vị tuyệt Châu.,天命應知未絕周。
"Mính thảo tự hàm hưng phế hận,",暝草似含興廢恨，
Lưu tuyền như yết biệt ly sầu.,流泉如歇別離愁。
"Giang sơn tự mỹ vô giai cú,",江山似美無佳句，
Hành khách hà tâm tả thắng du.,行客何心寫勝遊。
"Biệt thời thiên ngữ ký đinh ninh,",別時天語記丁寧，
Xã tắc tồn vong hệ thử hành.,社稷存亡係此行。
"Hoa thảo đối nhân như tố oán,",花草對人如訴怨，
Giang sơn tự khách bất tri danh.,江山似客不知名。
"Tam thiên chinh lộ yên lam lão,",三千怔路煙嵐老，
Nhất phiến cô trung nhật nguyệt minh.,一片孤忠日月明。
"Bạt thiệp cần lao thần tử chức,",跋涉勤勞臣子職，
Quốc gia ân trọng cố thân khinh.,國家恩重故身輕。
"Vạn mộc sơn tiền khả bốc cư,",萬木山前可卜居，
Bạch vân tại tụ thuỷ thông cừ.,白雲在岫水通渠。
"Sơn tăng đối trúc lưỡng vô dạng,",山僧對竹兩無恙，
Mục thụ kỵ ngưu nhất bất như.,牧豎騎牛一不如。
"Ảnh lý tu my khan lão hỷ,",影裏鬚眉看老矣，
Mộng trung tùng cúc ức quy dư.,夢中松菊憶歸與。
"Toạ gia thôn tẩu đa nhàn sự,",坐家村叟多閒事，
Chỉ vị bình sinh bất độc thư.,只為平生不讀書。
"Thương thương thu sắc hộ thâm san,",蒼蒼秋色護深山，
Nhất lộ điều dao lậu hướng lan.,一路迢遙漏向闌。
"Bảo mã dị xung sương khí túc,",寶馬易衝霜氣肅，
Cẩm cừu khinh đới nguyệt quang hàn.,錦裘輕帶月光寒。
"Bình sinh tự hứa công danh dị,",平生自許功名易，
Thử khứ ninh từ đạo lộ nan.,此去寧辭道路難。
"Kham tiện sổ điều khê bạn trúc,",堪羡數條溪畔竹，
Vị dư tiên dĩ báo bình an.,爲余先已報平安。
"Nhị Lạng giang sơn cảnh giới liên,",二諒江山境界連，
Bàng thông Kinh Quảng tiếp Cao Tuyên.,旁通荊廣接高宣。
"Khê lưu bôn sử tranh quy hải,",溪流奔駛爭歸海，
Lĩnh đạo thuỳ thê trực thướng thiên.,領道垂梯直上天。
"Thần kiếm thượng lưu Minh tướng thạch,",神劍尚留明將石，
Quỷ môn không toả Hán từ yên.,鬼門空鎖漢祠煙。
"Tự tòng nam bắc thông quan hậu,",自從南北通關後，
Chỉ điểm tinh biền đáo tự Yên.,指點星駢到自燕。
"Bắc Lạng giao cương Hán tướng đài,",北諒交疆漢將臺，
Thác nghi ý dĩ lạc ô lai.,錯疑薏苡落污萊。
"Vô cùng kim cổ thụ vinh tạ,",無窮今古樹榮謝，
Bất lão khê sơn nhân vãng lai.,不老溪山人往來。
"Đạo lộ kiến tòng thanh thảo xuất,",道路見從青草出，
Điền trù văn tự lục vân khai.,田疇聞自綠雲開。
"Kỳ quan tối thị trường thiên sắc,",奇觀最是長天色，
Trung cực kinh tinh huyến Đẩu Thai.,中極經星絢斗台。
"Giai thoại do tồn bất kỷ niên,",佳話猶存不紀年，
Lăng Sương thử động hữu thiên duyên.,凌霜此峝有天緣。
"Sơn tinh bản ý vi vương tế,",山精本意爲王婿，
Thuỷ quái phi nghi cố thị quyền.,水恠非疑固恃權。
"Trân bảo nhược tầm đương dị đắc,",珍寶若尋當易得，
Dụng công thuỳ vị nghiệp vô chuyên.,用功誰謂業無專。
"Thiên thu tích hận nan vong khởi,",千秋積恨難忘起，
Nguyễn thị tam nhân cổ diễm truyền.,阮氏三人古艶傳。
"Quần phong dũng lãng thạch minh đào,",群峰湧浪石鳴濤，
"Giao hữu u cung, quyên hữu sào.",蛟有幽宮鵑有巢。
"Tuyền thuỷ hợp lưu giang thuỷ khoát,",泉水合流江水闊，
Tử sơn bất cập Mẫu sơn cao.,子山不及母山高。
"Đoàn thành vân thạch tịch tương hậu,",團城雲石夕相侯，
Hồng lĩnh thân bằng nhật tiệm dao.,鴻嶺親朋日漸遙。
"Quái đắc nhu tình khinh cát đoạn,",怪得柔情輕割斷，
Khuông trung huề hữu bút như đao.,筐中攜有筆如刀。
"Thiên lý hào du nhãn giới thư,",千里豪遊眼界舒，
Đăng bô vấn phản quá Kỵ Lư.,登峬問坂過騎驢。
"Thú lâu tương vọng tuỳ nhai thiết,",戍樓相望隨崖設，
Man chủng thù đa bạn giản cư.,蠻種殊多伴澗居。
"Tác hứng chính duyên tầm cựu vũ,",索興正緣尋舊雨，
Khan sơn kháp tự độc tân thư.,看山恰似讀新書。
"Cùng lâm biệt hữu thanh di lộ,",窮林別有清夷路，
Lam tất linh nhân niệm quốc sơ.,藍篳令人念國初。
"Ổn liễu nhi tôn, chỉnh liễu khuê,",穩了兒孫整了閨，
Thông thông đầu thị nhật tương tây.,匆匆投市日將西。
"Khẳng huề tam ngũ đàm chi phấn,",肯攜三五談脂粉，
Chỉ toán cơ linh biện hoắc lê.,只算奇零辨藿藜。
"Vật giá tiên thành tuỳ ý thủ,",物價先成隨意取，
Khách trình hậu tái hữu nhân đề.,客程厚載有人提。
"Quy lai đồng tử nghinh môn tiếu,",歸來童子迎門笑，
Tất hạ phân cam hỷ khí tề.,膝下分甘喜氣齊。
"Ngô niên ngũ thập ngũ niên linh,",吾年五十五年零，
Xú thái bàn bàn lão tận hình.,醜態般般老盡形。
"Xỉ bặc hàm toan như chúng tụng,",齒踣含酸如眾訟，
Nhãn hoa yểm quyển mạn truyền kinh.,眼花掩卷漫傳經。
"Tự liên kính phát tam phần bạch,",自憐鏡髮三分白，
Thặng hữu đan tâm nhất điểm linh.,剩有丹心一點靈。
"Mạc quái bằng song liên nhật tuý,",莫怪憑窗連日醉，
Ngã vi bất tuý thục vi tinh?,我為不醉孰為醒？
"Thuỷ các các hạ, giang thuỷ thâm,",水閣閣下江水深，
"Thuỷ các các thượng, nhân trầm ngâm.",水閣閣上人沉吟。
"Du du vân ảnh biến thần tịch,",悠悠雲影變晨夕，
Cổn cổn lãng hoa phù cổ câm.,滾滾浪花浮古今。
"Trần thế bách niên khai nhãn mộng,",塵世百年開眼夢，
Hồng sơn thiên lý ỷ lan tâm.,鴻山千里倚欄心。
"Bồi hồi đối ảnh độc vô ngữ,",徘徊對影獨無語，
Bạch phát sổ hành thuỳ ngã khâm.,白髮數莖垂我襟。
"Điều phong phất phất hiểu hàn thu,",條風拂拂曉寒收，
Lạp bán nghênh xuân lưỡng vụ hưu.,臘半迎春兩務休。
"Lý lão kinh khan tân thái yến,",里老驚看新綵燕，
Thành trung phạ tống tiểu nê ngưu.,城中怕送小泥牛。
"Tảo nông thuỳ thị năng chiêm tuế,",早農誰是能瞻歲，
Thượng thuỵ nhân giai vọng hữu thu.,上瑞人皆望有秋。
"Kim nhật bôi bàn đa hỷ ý,",今日杯盤多喜意，
Dữ quân đồng lạc kiến ngô hầu.,與君同樂見吾侯。
"Khai Trướng tây lai cấu đại oa,",​開帳西來構大窩，
Thâm Nguyên tại hạ ủng thanh La.,深源在下擁青羅。
"Phần khư nhiệm thổ phú nhiêu thiểu,",墳墟任土富饒少，
Châu mặc thành sơn văn học đa.,硃墨成山文學多。
"Hành khiển cao phong minh vũ trụ,",行譴高峯鳴宇宙，
Nghĩa Vương chính khí tác sơn hà.,義王正氣作山河。
"Hà nhân biệt hữu Phù Sơn Thạch,",何人別有浮山石，
Dung tận trung châu khả hạm qua.,容盡中洲舸艦過。
"Cao đê trường thử trấn sơn hà,",高低長此鎮山河，
Hồng trảo di tung ngật Đại La.,鴻爪遺蹤屹大羅。
"Thiên phủ hữu hình phân toả thược,",天府有形分鎖鑰，
Thương vân nhất phiến biến điều kha.,蒼雲一片遍條柯。
"Tam xuân triện oánh Lô giang thuỷ,",三春篆瑩瀘江水，
Ngũ dạ sương minh Tế Liễu già.,五夜霜鳴祭柳笳。
"Sự vãng nhân phi thành quách thị,",事往人非城郭是，
Kỷ hồi quyên khấp hựu oanh ca.,幾回鵑泣又鶯歌。
"Bộc trúc sơ xuân, thiên lại thu,",曝竹初春天籟秋，
Du du bất tự cổ canh lâu.,悠悠不似鼓更樓。
"Minh hoà chinh đạc tư cung lậu,",鳴和鉦鐸司宮漏，
Kích toái phong sương báo dạ trù.,擊碎風霜報夜籌。
"Thanh quá trùng thành kinh nhạn ổ,",聲過重城驚雁塢，
Hưởng cùng Nhĩ thuỷ đối ngư chu.,響窮珥水對漁舟。
"Canh lan đa thiểu hương quan tứ,",更闌多少鄉關思，
"Thính đắc đông song, nhật xuất đầu.",聽得東窗日出頭。
"Đáo liễu lai triêu hựu thất triêu,",到了來朝又七朝，
Tá tha tịnh thuỷ tẩy trần hiêu.,借他淨水洗塵囂。
"Xuyên song húc ảnh khai u uất,",穿窗旭影開幽鬱，
Cách bích ca thanh phá tịch liêu.,隔壁歌聲破寂寥。
"Thiên nhật nhất tâm như hoạ xuất,",天日一心如畫出，
Phong ba vạn biến định toàn tiêu.,風波萬變定全消。
"Vấn dư hà thị năng vô khủng,",問余何恃能無恐，
Thần hướng thời thời mộng lý yêu.,神向時時夢裏邀。
"Càn khôn diệu ý bất thắng cùng,",乾坤妙意不勝窮，
Vạn tượng thiên nghi vãn chiếu trung.,萬象偏宜晚照中。
"Cao xứ sơn hoàng đê xứ thuý,",高處山黃低處翠，
Tả biên thuỷ bích hữu biên hồng.,左邊水碧右邊紅。
"Ẩn ngư lân tập than đầu hoả,",隱漁鱗集灘頭火，
Quy điểu hàn sinh mộc mạt phong.,歸鳥翰生木末風。
"Cánh hữu nhất ban thanh ý vị,",更有一般清意味，
Tùng lâm y ước sổ thanh chung.,松林依約數聲鍾。
"Thiên lý thần giao xú vị đồng,",千里神交臭味同，
Nhất tôn giải cấu thử đình trung.,一樽邂逅此亭中。
"Phong lai hà khí xâm nhân phức,",風來荷氣侵人馥，
Ba dạng hoa quang nhập tửu hồng.,波漾花光入酒紅。
"Nhã tập tuấn tài giai Dật Thiếu,",雅集俊才皆逸少，
Tri tâm kim nhật kỷ Liêm Ông!,知心今日幾濂翁。
"Ngô sài hội hợp vô phi số,",吾儕會合無非數，
Mạc mạn trì trì đảo bích đồng.,莫漫遲遲倒碧筒。
"Y quan đạt giả chí thanh vân,",衣冠達者志青雲，
Ngô diệc lạc ngô my lộc quần.,吾亦樂吾麋鹿群。
"Giải thích nhàn tình an tại hoạch,",解釋閒情安在獲，
Bính trừ dị loại bất phương nhân.,屏除異類不妨仁。
"Xạ miên thiển thảo hương do thấp,",麝眠淺草香猶濕，
Khuyển độ trùng sơn phệ bất văn.,犬渡重山吠不聞。
"Phù thế vi hoan các hữu đạo,",浮世為歡各有道，
Khu xa ủng cái thị hà nhân.,驅車擁蓋是何人。
"Thành Nam sổ lý Liệt đàm tân,",城南數里烈潭津，
"Phương thụ y y cổ độ xuân,",芳樹依依古渡春。
"Thiên khoảnh bình phô thâm thiển thuỷ,",千頃平鋪深淺水，
Nhất chu lợi thiệp vãng lai nhân.,一舟利涉往來人。
"Cửu kiều quan phiệt khiên thằng cấp,",九橋官筏牽繩急，
Tam bản trà thuyền ẩm khách tần.,三板茶船飲客頻。
"Kỷ độ phong ba hồn bất phạ,",幾度風波渾不怕，
"Đàm tâm như luyện, thảo như nhân.",潭心如練草如茵。
"Quan san vạn lý tự trì khu,",關山萬里自馳驅，
Mạc quái thời di sự diệc thù.,莫怪時移事亦殊。
"Kỳ ký nan vi trường hệ liễu,",騏驥難為長繫柳，
Phượng hoàng hội kiến tảo thê ngô.,鳳凰會見早棲梧。
"Thốn thành quả đắc mông quân chiếu,",寸誠果得蒙均照，
Thiên lự chung năng triển nhất ngu.,千慮終能展一愚。
"Trực đáo thời lai cơ mỗi bán,",直到時來機每半，
Dã tri thiên hữu hậu ư ngô.,也知天有侯於吾。
"Ngưu phạn thuỳ gia chiếm địa linh,",牛飯誰家占地靈，
Hiêu hiêu quyến mẫu nhiệm nhân canh.,囂囂畎畝任人耕。
"Nhàn đề bất phóng Đào Lâm dã,",閒蹄不放桃林野，
Phong thảo thường ngu Bát Nhã đình.,豊草常娛般若庭。
"Vật phụ bất phiền ưu Hán tướng,",物阜不煩憂漢相，
Nhân tài hà đãi tá Tề khanh.,人才何待借齊卿。
"Nhất ban dật hứng thành nan hoạ,",一般逸興成難畫，
Liệu lượng phong tiền khấu giác thanh.,嘹喨風前扣角聲。
"Lục tiêu ca bãi dạ man man,",蓼蕭歌罢夜漫漫，
Hãng giới thiên cao bạch lộ đoàn.,沆瀣天高白露漙。
"Nhuận vật sơ vô thanh điểm trích,",潤物初無聲點滴，
Thấp hoa y hữu lệ lan can.,濕花衣有淚闌干。
"Nguyệt lưu tiên chưởng kình tiêu trọng,",月流僊掌擎霄重，
Xuân tỉnh cung Nga hấp hiểu hàn.,春醒宮娥吸曉寒。
"Thanh tuyệt bất tri thuỳ dữ cộng,",清絕不知誰與共，
Ngâm ông mạn tự tỉ châu khan.,吟翁謾自比珠看。
"Thần châu nhất tự khởi can qua,",神州一自起干戈，
Vạn tính ngao ngao khả nại hà.,萬姓嗷嗷可奈何。
"Tử Mỹ cô trung Đường nhật nguyệt,",子美孤忠唐日月，
Bá Nhân song lệ Tấn sơn hà.,伯仁雙淚晉山河。
"Niên lai biến cố xâm nhân lão,",年來變故侵人老，
Thu việt tha hương cảm khách đa.,秋越他鄉感客多。
"Tạp tải hư danh an dụng xứ,",卅載虛名安用處，
Hồi đầu vạn sự phó Nam Kha.,回頭萬事付南柯。
"Nhất biệt gia sơn kháp thập niên,",一別家山恰十年，
Quy lai tùng cúc bán tiêu nhiên.,歸來松匊半翛然。
"Lâm tuyền hữu ước na kham phụ,",林泉有約那堪負，
Trần thổ đê đầu chỉ tự liên.,塵土低頭只自憐。
"Hương lí tài qua như mộng đáo,",鄕里纔過如夢到，
Can qua vị tức hạnh thân tuyền.,干戈未息幸身全。
"Hà thời kết ốc vân phong hạ,",何時結屋雲峰下，
Cấp giản phanh trà chẩm thạch miên.,汲澗烹茶枕石眠。
"Thu trước lô hoa lưỡng ngạn minh,",秋著蘆花兩岸明，
Cá trung nhất thất hữu dư thanh.,箇中一室有餘清。
"Quán thinh ai nãi đoản trường vận,",慣聽欸乃短長韻，
Hà xứ đinh đông tam lưỡng thanh.,何處丁東三兩聲。
"Tự khiển u nhân tăng dật hứng,",似遣幽人增逸興，
Phi quan thú phụ khiếp khuê tình.,非關戍婦怯閨情。
"Sàng đầu phạ tác công danh mộng,",床頭怕作功名夢，
Trợ ngã hoang kê thời nhất minh.,助我荒雞時一鳴。
"Thiên cổ văn chương thiên cổ si,",天古文章天古師，
Bình sinh bội phục vị thường ly.,平生佩服未常離。
"Lỗi Dương tùng bách bất tri xứ,",耒陽松柏不知處，
Thu phố ngư long hữu sở ti.,秋浦魚龍有所思。
"Dị đại tương liên không sái lệ,",異代相憐空灑淚，
Nhất cùng chí thử khởi công thi?,一窮至此豈工詩。
Trạo đầu cựu chứng y thuyên vị?,掉頭舊症醫痊未，
Địa hạ vô linh quỷ bối xi.,地下無令鬼輩嗤。
"Khứ niên hổ huyệt ngã tằng khuy,",去年虎穴我曾窺，
Long Đại kim quan thạch quật kỳ.,龍岱今觀石窟奇。
"Ngao phụ xuất sơn, sơn hữu động,",鰲負出山山有洞，
"Kình du tắc hải, hải vi trì.",鯨遊塞海海為池。
"Hồ trung nhật nguyệt thiên nan lão,",壼中日月天難老，
Thế thượng anh hùng thử nhất thì.,世上英雄此一時。
"Lê Phạm phong lưu ta tiệm viễn,",黎范風流嗟漸遠，
Thanh đài bán thực bích gian thi.,青苔半蝕璧間詩。
"Xuân sắc tòng lai thuyết Nhĩ Nùng,",春色從來説耳儂，
Nhi kim nhân vật bán thu dung.,而今人物半秋容。
"Phong lưu phụ quách dư tàn suyễn,",風流附郭餘殘喘，
Thuỷ hoạn thôn khư nhất hội ung.,水患村墟一會癰。
"Tối hỉ trần thi vô Thạc thử,",最喜陳詩無碩鼠，
Hưu ngôn trị quận tất Thăng Long.,休言治郡必昇龍。
"Hoàng Giang tân chuyển hiền sô mục,",潢江新轉賢芻牧，
Cổ hậu nguyên hanh chính hảo phùng.,蠱後元亨正好逢。
"Năng ngôn anh vũ cổ lai trân,","能言鸚鵡古來珍,"
Thuỳ ái lô tư sự chủ nhân.,誰愛鸕鷀事主人.
"Nhật vị ngư gia sinh kế túc,","日爲漁家生計足,"
Thời kinh thuỷ tộc nghiệp oan tần.,時驚水族業寃頻.
"Phi cầm hữu loại phân mao vũ,","飛禽有類分毛羽,"
Tiềm vật vô đoan nhận giáp lân.,潛物無端認甲鱗.
"Nhược sử thế nhân tri tảo súc,","若使世人知早畜,"
Trạch lương kim diệc bất chinh tuần.,澤梁今亦不征巡.
"Lô Tư đường khẩu chẩm tình san,",鸕鷀塘口枕晴山，
Nhất hệ tiên tra bạng trúc loan.,一繫仙槎傍竹灣。
"Phóng phiệt ngư nhân giao điểu túc,",放筏漁人敎鳥宿，
Nhĩ khư dã phụ xuyến ngư hoàn.,迩墟野婦串魚還。
"Hoạn tình đạm đãng giang lưu khiết,",宦情淡蕩江流潔，
Khách tứ đê hồi lậu chuyển nhàn.,客思低徊漏轉閑。
"Cao quyển bồng song thiên sắc thự,",高捲篷窗天色曙，
Bạch vân miểu miểu thuỷ sàn sàn.,白雲渺渺水潺潺。
"Tố chất sinh lai bất nhiễm nê,",素質生來不染泥，
Quả nhiên lục địa hiện pha lê.,果然陸地現玻璃。
"Dũng đình nguyệt Phật khai lăng kính,",涌庭月佛開菱鏡，
Lâm dũ vân Tiên trịch vũ nghê.,臨牖雲僊擲羽霓。
"Tiết đối thương tùng lăng tuyết lĩnh,",節對蒼松凌雪嶺，
Đạo đồng thuý thảo ấn hàn khê.,道同翠草印寒溪。
"Hoá công hữu ý thiêm bồi thực,",化工有意添培埴，
Chiểu thượng thanh quang nhất sắc tề.,沼上清光一色齊。
"Tài để Lam Kiều tảo tác lâm,",纔抵藍橋早作霖，
Tự như trường lý độ quang âm.,沮洳塲裏度光陰。
"Cận giao phỉ động u hoàn thuý,",近郊匪洞幽還邃，
Lữ xá như tăng tịch hựu sầm.,旅舍如僧寂又岑。
"Tiên bất kình tương nan nhuận uế,",仙不擎漿難潤喙，
Phật phi hoài bính dị không tâm.,佛非懷餅易空心。
"Ngọc kinh hà tất kỳ khu thượng,",玉京何必崎嶇上，
Đãn vọng nam xa chỉ hữu châm.,但望南車指有針。
"Phong sương khởi đắc đố quan thân,",風霜豈得妒官身，
Thân thị đông tây nam bắc nhân.,身是東西南北人。
"Tạo hoá sinh ngô lư vũ trụ,",造化生吾廬宇宙，
Quân vương mệnh ngã chức ty luân.,君王命我職絲綸。
"Giang sơn tại xứ hộ trì hảo,",江山在處護持好，
Vũ lộ như kim ốc mộc tân.,雨露如今渥沐新。
"Trung tín tự đa vô vọng hỷ,",忠信自多無妄喜，
Bất phương đẩu tẩu sách tinh thần.,不妨抖藪策精神。
"Khứ tuế trùng dương hứng vị hào,",去歲重陽興未豪，
Kim thu lữ huống chính tiêu tao.,今秋旅況正蕭騷。
"Mạn tương hoàng cúc sưu hương tứ,",謾將黃菊瘳鄉思，
Không bội thù du tị viễn lao.,空佩茱萸辟遠勞。
"Bách cảm hữu thi giai khứ quốc,",百感有詩皆去國，
Thốn tâm vô quý thị đăng cao.,寸心無愧是登高。
"Bất tu cố sự hoàn xuy mạo,",不須故事還吹帽，
Khủng động sương hoa lưỡng mấn mao.,恐動霜花兩鬂毛。
"Ngôn ngữ tu tương phẩm sứ tài,",言語羞將品使才，
Trực giao thốn niệm đắc đao bồi.,直敎寸念得叨陪。
"Long thành vân thụ miêu ly tứ,",龍城雲樹描離思，
Yên địa thê hàng trục viễn lai.,燕地梯航逐遠來。
"Chinh nhãn thuý liên quan thượng liễu,",征眼翠連關上柳，
Hoàng hoa hương tống lũng đầu mai.,皇華香送隴頭梅。
"Kim triêu phi dĩ tầm thường tuý,",今朝非以尋常醉，
Huề thủ tương tương mạc yếm bôi.,擕手相將莫厭杯。
"Táp niên cố hữu trùng phùng nhật,",卅年故友重逢日，
Vạn lý tiền đồ nhất xúc sơ.,萬里前途一蹴初。
"Đạo lộ nhật lai tình vị cánh,",道路日來情未竟，
Vân sơn biệt hậu ý hà như.,雲山別後意何如。
"Trướng nhiên phân thủ trùng quan ngoại,",悵然分手重關外，
Lão hỷ toàn thân bách chiến dư.,佬矣全身百戰餘。
"Tha nhật Nam qui tương hội phỏng,",他日南歸相會訪，
Lục Đầu giang thượng hữu tiều ngư.,六頭江上有樵漁。
"Tây phong tiêu táp phất cao lâm,",西風蕭颯拂高林，
Khuynh tận ly bôi thoại dạ thâm.,傾盡離杯話夜深。
"Loạn thế nam nhi tu đối kiếm,",亂世男兒羞對劍，
Tha hương bằng hữu trọng phân khâm.,他鄉朋友重分襟。
"“Cao sơn lưu thuỷ” vô nhân thức,",高山流水無人識，
Hải giác thiên nhai hà xứ tầm?,海角天涯何處尋？
"Lưu thủ giang nam nhất phiến nguyệt,",留取江南一片月，
Dạ lai thường chiếu lưỡng nhân tâm.,夜來常照兩人心。
"Hán Dương thảo thụ vãn yên nùng,",漢陽草樹晚煙濃，
Yết bộ Thiên Đô phỏng phạm tông.,歇步天都訪梵宗。
"Pháp vũ sư trần thanh liễu ngạn,",法雨篩塵清柳岸，
Đàm vân thổ diễm uý Liên phong.,曇雲吐艷蔚蓮峰。
"Ngâm hồn đạm đãng hồ trung nguyệt,",吟魂淡蕩湖中月，
Lữ mộng du dương lâu thượng chung.,旅夢悠揚樓上鐘。
"Dạ sắc quang phân quy hạc ảnh,",夜色光分歸鶴影，
Bán song nghi thị bạch y dung.,半窗疑是白衣容。
"Thập niên nhân thế cổ thiền đường,",十年人世古禪堂，
Hoa thảo nùng âm nhất kính hương.,花草濃陰一徑香。
"Nhiễu hạm hồ quang lai dạ nhật,",繞檻湖光來夜日，
Đương liêm tháp ảnh đậu tà dương.,當廉塔影逗斜陽。
"Tang thương sự quá thành tăng lão,",桑滄事過成僧老，
Già cổ thanh đa khiển Phật mang.,笳鼓聲多遣佛忙。
"Tảo bích ngẫu nhân đề diệu cú,",掃壁偶因題妙句，
Bích sa lung xứ dũng tường quang.,碧紗籠處湧祥光。
"Lưu Gia độ khẩu thụ tham thiên,",劉家渡口樹參天，
Hỗ tụng đông hành tích bạc thuyền.,扈從東行昔泊船。
"Cựu tháp giang đình thu thuỷ thượng,",舊塔江亭秋水上，
Hoang từ cổ trủng thạch lân tiền.,荒祠古塚石麟前。
"Thái bình đồ chí kỷ thiên lý,",太平圖誌幾千里，
Lý đại sơn hà nhị bách niên.,李代山河二百年。
"Thi khách trùng lai đầu phát bạch,",詩客重來頭髮白，
Mai hoa như tuyết chiếu tình xuyên.,梅花如雪照晴川。
"Thế giới tân thành ngũ đại châu,",世界新成五大洲，
Tinh sà kim nhật thuỷ tư du.,星槎今日始斯遊。
"Vân Sơn Châu Thuỷ viễn hành khách,",雲山珠水遠行客，
Bạch lộ thương gia thái bán thu.,白露蒼葭太半秋。
"Nam cực lâu đài chiêu chỉ xích,",南極樓臺昭咫尺，
Tây thanh từ phú ức phong lưu.,西清詞賦憶風流。
"Cửu Long ngoạn nguyệt quan đào dạ,",九龍玩月觀濤夜，
Na đắc y nhân cộng nhất chu.,那得伊人共一舟。
"Túng bộ liên niên thướng ngọc kinh,",縱步連年上玉京，
Khẩu hàm thiên hiến đạt biên tình.,口含天憲達邊情。
"Phỉ tương tài điệu yêu thù quyến,",匪將才調邀殊眷，
Trực dĩ ngôn từ động thánh thinh.,直以言辭動聖聽。
"Ca quản tịch tiền phi phận lạc,",歌管席前非分樂，
Y quan hội thượng hữu dư vinh.,衣冠會上有餘榮。
"Quy lai trường ức tri âm nghị,",歸來長憶知音誼，
Dao vọng Minh Giang nguyệt sắc minh.,遙望明江月色明。
"Nữ nhi bất tri thân hậu kế,",女兒不知身後計，
Dã phu bất giá giá hàn sĩ.,冶夫不嫁嫁寒士。
"Hàn sĩ thư trật tuy ngũ thất,",寒士書帙雖五七，
Hà như thiết tử tại dã lý.,何如鐵子在野里。
"Đãn kiến thiết tử hồng quang khởi,",但見鐵子紅光起，
Tiện thị ẩm thực tận sung mĩ.,便是飲食盡充美。
"Thế tình như thử trùng như thử,",世情如此重如此，
Văn ca cảm thán khởi dĩ dĩ.,聞歌感嘆豈已已。
"Nhân sinh tung tích tuyết nê hồng,",人生蹤跡雪泥鴻，
Giải cấu thuỳ tri nhất tiếu đồng.,邂逅誰知一笑同。
"Cửu biệt linh nhân tư Thúc Độ,",久別令人思叔度，
Thậm suy tiếu ngã mộng Chu Công.,甚衰笑我夢周公。
"Luận văn mỗi hướng giao tình thượng,",論文每向交情上，
Thuỳ dữ tương kỳ khí khái trung.,誰與相期氣概中。
"Thặng bả thử thi đương hữu khế,",賸把此詩當有契，
Hà phương Vị Bắc dữ Giang Đông.,何妨渭北與江東。
"Triệt dạ la thanh bất tạm đình,",徹夜鑼聲不暫停，
Cô đăng tương đối đáo thiên minh.,孤燈相對到天明。
"Kinh tuần khứ quốc tâm như tử,",經旬去國心如死，
Nhất lộ phùng nhân diện tẫn sinh.,一路逢人面盡生。
"Sơn lộc tích nê thâm một mã,",山麓積泥深沒馬，
Khê tuyền phục quái lão thành tinh.,谿泉伏怪老成精。
"Khách tình chí thử dĩ vô hạn,",客情至此已無限，
Hựu thị Yên sơn vạn lý hành.,又是燕山萬里行。
"Bần trung vô dược khả y bần,",貧中無藥可醫貧，
Hô trản hà năng thụ nhất văn.,瑚盞何能售一文。
"Lại hữu cấu đường tiên thế trạch,",賴有構堂先世宅，
Hạnh chi xuy trước thử sinh thân.,幸支嗤著此生身。
"Xích suy thốn ngoã quy tân chủ,",尺榱寸瓦歸新主，
Cải chỉ đồi viên luyến cố nhân.,改址頹垣戀故人。
"Biệt hữu sinh nhai di bất đắc,",別有生涯移不得，
Nhất thiên phong nguyệt nhất sơn vân.,一天風月一山雲。
"Đô môn nhất xuất toại quy điền,",都門一出遂歸田，
Bần bệnh niên lai độc tự liên.,貧病年來獨自憐。
"Song nhật ám di hồng ảnh cận,",窗日暗移紅影近，
Trúc phong bất nhượng bạch đầu tiên.,竹風不讓白頭先。
"Bố ương nô lão tri hoà cước,",布秧奴老知禾脚，
Địch cốc nhân hồi dẫn đẩu niên.,糴穀人回引斗年。
"Thừa hứng chỉ duy tôn tửu thích,",乘興祇惟樽酒適，
Nam sơn bằng diểu chính du nhiên.,南山憑眺正悠然。
"Long Vĩ châu biên đa bạch âu,",龍尾洲邊多白鷗，
Lam Giang đường thượng hữu hàn nho.,藍江堂上有寒儒。
"Nhất sinh từ phú tri vô ích,",一生詞賦知無益，
Mãn giá cầm thư đồ tự ngu.,滿架琴書徒自愚。
"Bách tuế vi nhân bi thuấn tức,",百歲為人悲瞬息，
Mộ niên hành lạc tích tu du.,暮年行樂惜須臾。
"Ninh tri dị nhật tây lăng hạ,",寧知異日西陵下，
Năng ẩm trùng dương nhất trích vô?,能飲重陽一滴無。
"Bách niên thân thế uỷ phong trần,",百年身世委風塵，
Lữ thực giang tân hựu hải tân.,旅食江津又海津。
"Cao hứng cửu vô hoàng các mộng,",高興久無黃閣夢，
Hư danh vị phóng bạch đầu nhân.,虛名未放白頭人。
"Tam xuân tích bệnh bần vô dược,",三春積病貧無藥，
Táp tải phù sinh hoạn hữu thân.,卅載浮生患有身。
"Dao ức gia hương thiên lý ngoại,",遙憶家鄉千里外，
Trạch xa đoạn mã quý đông lân.,澤車段馬愧東鄰。
"Phác tán thuần ly thánh đạo nhân,",朴散淳漓聖道湮，
Ngô nho sự nghiệp yểu vô văn.,吾儒事業杳無聞。
"Phùng thời bất tác Thương Nham vũ,",逢時不作商岩雨，
Thối lão tư canh Cốc Khẩu vân.,退老思耕谷口雲。
"Mỗi thán bách niên đồng quá khách,",每嘆百年同過客，
Hà tằng nhất phạn nhẫn vong quân.,何曾一飯忍忘君。
"Nhân sinh thức tự đa ưu hoạn,",人生識字多憂患，
Pha lão tằng vân ngã diệc vân.,坡老曾云我亦云。
"Thế lộ sa đà tuyết thượng điên,",世路蹉跎雪上巔，
Nhất sinh lạc thác cánh kham liên.,一生落魄更堪憐。
"Nhi tôn chủng phúc lưu tâm địa,",兒孫種福留心地，
Ngư điểu vong tình lạc tính thiên.,魚鳥忘情樂性天。
"Tảo tuyết chử trà hiên trúc hạ,",掃雪煮茶軒竹下，
Phần hương đối án các mai biên.,焚香對案閣梅邊。
"Cố sơn tạc dạ triền thanh mộng,",故山昨夜纏清夢，
Nguyệt mãn Bình Than tửu mãn thuyền.,月滿平灘酒滿船。
"Hành cước vô căn nhiệm chuyển bồng,",行腳無根任轉蓬，
Giang nam giang bắc nhất nang không.,江南江北一囊空。
"Bách niên cùng tử văn chương lý,",百年窮死文章裏，
Lục xích phù sinh thiên địa trung.,六尺浮生天地中。
"Vạn lý hoàng quan tương mộ cảnh,",萬里黃冠將暮景，
Nhất đầu bạch phát tản tây phong.,一頭白髮散西風。
"Vô cùng kim cổ thương tâm xứ,",無窮今古傷心處，
Y cựu thanh sơn tịch chiếu hồng.,依舊青山夕照紅。
"Cửu vạn đoàn phong ký tích tằng,",九萬摶風記昔曾，
Đương niên thác tỷ bắc minh bằng.,當年錯比北溟鵬。
"Hư danh tự thán thành Cơ Đẩu,",虛名自嘆成箕斗，
Hậu học thuỳ tương tác chuẩn thằng.,後學誰將作準繩。
"Nhất phiến đan tâm chân hống hoả,",一片丹心真汞火，
Thập niên thanh chức ngọc hồ băng.,十年清職玉壺冰。
"Ưu du thả phục ngôn dư hiếu,",優遊且復言余好，
Phủ ngưỡng tuỳ nhân tạ bất năng.,俯仰隨人謝不能。
"Ô thố thông thông vãn bất lưu,",烏兔匆匆挽不留，
Hồi đầu vạn sự tổng nghi hưu.,回頭萬事總宜休。
"Không hoa huyễn nhãn miên tiêu lộc,",空花幻眼眠蕉鹿，
Tục cảnh kinh tâm suyễn nguyệt ngưu.,俗境驚心喘月牛。
"Ải ốc thê thân kham độ lão,",矮屋棲身堪度老，
Thương sinh tại niệm độc tiên ưu.,蒼生在念獨先憂。
"Bành thương tang cốc đô hưu luận,",彭殤臧穀都休論，
Cổ vãng kim lai lạc nhất khưu.,古往今來貉一丘。
"Tiểu viện âm âm thạch kính tà,",小院陰陰石徑斜，
Tiêu nhiên hoạn huống tự tăng gia.,翛然宦況似僧家。
"Quan tình dị khiếp thương cung điểu,",官情易怯傷弓鳥，
Mộ ảnh nan lưu phó hác xà.,暮影難留赴壑蛇。
"Mộng giác cố viên tam kính cúc,",夢覺故園三徑菊，
Tâm thanh hoạt thuỷ nhất âu trà.,心清活水一甌茶。
"Hồi đầu lục thập niên tiền sự,",回頭六十年前事，
Song mấn tinh tinh lưỡng nhãn hoa.,雙鬢星星兩眼花。
"Nhãn trung phù thế tổng phù vân,",眼中浮世總浮雲，
Oa giác kinh khan nhật Tấn Tần.,蝸角驚看日晉秦。
"Thiên hoặc táng tư tri hữu mệnh,",天或喪斯知有命，
Bang như hữu đạo diệc tu bần.,邦如有道亦羞貧。
"Trần Bình tự tín năng vi tể,",陳平自信能為宰，
Đỗ Phủ thùy liên dĩ ngộ thân.,杜甫誰憐已誤身。
"Thế sự bất tri hà nhật liễu,",世事不知何日了，
Biển chu quy điếu Ngũ Hồ xuân.,扁舟歸釣五湖春。
"Bác sơn hương tẫn ngọ song hư,",博山香燼午窗虛，
Lãn tính tòng lai ái tác cư.,懶性從來愛索居。
"Gia hữu cầm thư nhi bối lạc,",家有琴書兒輩樂，
Môn vô xa mã cố nhân sơ.,門無車馬故人疏。
"Tê diêm tuỳ phận an hoành bí,",齏鹽隨分安衡泌，
Hồ hải thê thân ức điếu ngư.,湖海棲身憶釣魚。
"Dữ thế tiệm sơ đầu hướng bạch,",與世漸疏頭向白，
Đông Sơn nhật nhật phú quy dư.,東山日日賦歸輿。
"Thanh niên phương dự ái nho lâm,",青年芳譽靄儒林，
Lão khứ hư danh phó mộng tầm.,老去虛名付夢尋。
"Trượng sách hà tòng quy Hán thất,",杖策何從歸漢室，
Bão cầm không tự tháo Nam âm.,抱琴空自操南音。
"Trọng Ni tam nguyệt vô quân niệm,",仲尼三月無君念，
Mạnh Tử cô thần lự hoạn tâm.,孟子孤臣慮患心。
"Đãn hỉ cung cơ tồn cựu nghiệp,",但喜弓箕存舊業，
Truyền gia hà dụng mãn doanh câm.,傳家何用滿贏金。
"Bàng quách sổ gian mao cái đầu,",傍郭數間茅蓋頭，
Địa thiên tâm viễn hứng du du.,地偏心遠興悠悠。
"Thanh thiềm chiếu tịch thất sinh bạch,",清蟾照夕室生白，
Hảo điểu minh xuân viên chính u.,好鳥鳴春園正幽。
"Dung tất cá trung chân thị lạc,",容膝個中真是樂，
Quan thư thử ngoại phục hà cầu.,觀書此外復何求。
"Thời nhân mạc tiếu ngô cư lậu,",時人莫笑吾居陋，
Nhị mãn tam bình quá tức hưu.,二滿三平過即休。
"Bán liêm nhật ảnh bán song phong,",半簾日影半窻風，
Nhất triện ngưng hương vạn lự không.,一篆凝香萬慮空。
"Ngoã đỉnh phanh trà yên tán bích,",瓦鼎烹茶煙散碧，
Địa lô thí hoả thán sinh hồng.,地爐試火炭生紅。
"Tĩnh trung điểm thức Hy đồ hoạ,",靜中點識羲圖畫，
Tuý lý thần giao Thái Cực ông.,醉裏神交太極翁。
"Chỉ trướng mai hoa nhàn nhật nguyệt,",紙帳梅花閒日月，
Cá trung chân lạc hữu thuỳ đồng?,箇中眞樂有誰同。
"Học do nhân tố khởi thiên xan,",學由人做豈天慳，
Tu bả di biên tử tế khan.,須把遺編仔細看。
"Loạn thế độc thư kim diệc thiểu,",亂世讀書今亦少，
Tiền hiền giáo tử cổ lai nan.,前賢敎子古來難。
"Kiến đa tâm tự như tuyền đạt,",見多心似如泉達，
Dục quả thân nhiêu đáo xứ an.,欲寡身饒到處安。
"Nhân dục tĩnh thời thiên lý kiến,",人欲靜時天理見，
Hà tu tiết tiết lộc chi can.,何須屑屑祿之干。
"Thuỷ nguyệt kiều biên lộng tịch huy,",水月橋邊弄夕暉，
Hà hoa hà diệp tịnh tương y.,荷花荷葉靜相依。
Ngư du cổ chiểu long hà tại?,魚遊古沼龍何在，
Vân mãn không sơn hạc bất quy.,雲滿空山鶴不歸。
"Lão quế tuỳ phong hương thạch lộ,",老桂隨風香石路，
Nộn đài trước thuỷ một tùng phi.,嫩苔著水沒松扉。
"Thốn tâm thù vị như hôi thổ,",寸心殊未如灰土，
Văn thuyết tiên hoàng lệ ám huy.,聞說先皇淚暗揮。
"Viễn thuỷ liên thiên lạc chiếu hồng,",遠水連天落照紅，
Cô phàm nhất diệp quá thu phong.,孤帆一葉過秋風。
"Sa âu điểm điểm tà dương ngoại,",沙鷗點點斜陽外，
Ngư hoả tinh tinh mộ ái trung.,漁火星星暮靄中。
"Lưỡng ngạn thanh sơn hàm bích ảnh,",兩岸青山涵碧影，
Nhất xuyên hàn nguyệt chiếu trường không.,一川寒月照長空。
"Vô cùng đông khứ thao thao thuỷ,",無窮東去滔滔水，
Vạn cổ nhân gian ý vị cùng.,萬古人間意未窮。
"Tiêu cổ đông đông sơ xuất môn,",簫鼓鼕鼕初出門，
Vạn sơn trung đoạn nhất tra bôn.,萬山中斷一槎奔。
"Phù vân sạ tán thạch dung sấu,",浮雲乍散石容瘦，
Tân lạo sơ sinh giang thuỷ hồn.,新潦初生江水渾。
"Biệt hậu quan sơn tư đệ muội,",別後關山思弟妹，
Vọng trung nham tụ kiến nhi tôn.,望中岩岫見兒孫。
"Nhật tà mạc hướng Hoa Sơn quá,",日斜莫向華山過，
Phạ hữu thanh thanh trường đoạn vôn.,怕有聲聲腸斷猿。
"Việt cao độ hiểm lịch cô dung,",越高渡險歷孤墉，
Tài đáo Minh giang thuỷ lộ thông.,纔到明江水路通。
"Nhân diệc gia hương phù thạch phố,",人亦家鄉浮石浦，
Cảnh như sơn thuỷ hoạ đồ trung.,景如山水畫圖中。
"Hộ đê cổ mộc bàn căn hậu,",護堤古木盤根厚，
Thỉnh khách tân lang thướng giáp hồng.,請客檳榔上頰紅。
"Nhất lộ thiên tâm đa mặc tướng,",一路天心多默相，
Đồng đồng húc nhật hựu nam phong.,曈曈旭日又南風。
"Nhiễu thành nhất đới thuỷ lưu thông,",繞城一帶水流通，
Ngạn tủng tằng loan tễ bích không.,岸聳層巒霽碧空。
"Sơn thị nhàn vân quy điểu đạo,",山市閒雲歸鳥道，
Giang thôn vi vũ dục ngư ông.,江村微雨浴漁翁。
"Nữ trang kinh bố dao trường lỗ,",女粧荊布搖長櫓，
Nhi hệ biều qua hí đoản bồng.,兒繫瓢瓜戲短篷。
"Bạn tống châu quan vô cá sự,",伴送州官無箇事，
Thỉnh an duy hữu trát thư hồng.,請安惟有札書翃。
"Chiêm Thành cố nhưỡng giáp Viêm khư,",占城故壤夾炎墟，
Hoạch đoạn đông tây nhất trượng dư.,劃斷東西一丈餘。
"Vũ quá Bàn Than ba hưởng cấp,",雨過盤灘波響急，
Vân thu Hoành Lĩnh lưu thanh sơ.,雲秋橫嶺流清疏。
"Xuy yên điểm xuyết cô thôn cận,",吹煙點綴孤村近，
Hoa ảnh phân minh lưỡng ngạn hư.,花影分明兩岸虛。
"Chung cổ khê lưu trường xúc thạch,",終古溪流長觸石，
Mộc miên hà xứ mộc hà như.,木棉何處木何如。
"Bả duệ thu phong bộ khước trì,",把袂秋風步卻遲，
Nhược vi hồi thủ Điện giang ky.,若為回首奠江磯。
"Vương tôn lộ viễn mê phương thảo,",王孫路遠迷芳草，
Xứ sĩ môn thâm yểm thuý vi.,處士門深掩翠微。
"Lỗ quốc tối liên Văn Cử trực,",魯國最憐文舉直，
Huệ nhân thuỳ tích Tử Chiêm quy.,惠人誰惜子瞻歸。
"Tưởng ưng biệt hậu dao tương ức,",想應別後遙相憶，
Nhật nhật Hương kiều kỷ điển y.,日日香橋幾典衣。
"Trường tiêu ngoạ đối tiểu trai đông,",長宵臥對小齋東，
Mộng đáo quân môn đệ cửu trùng.,夢到君門第九重。
"Diện đối long nhan tài mật nhĩ,",面對龍顏纔密邇，
Thân thừa thiên ngữ hảo ung dung.,親承天語好雍容。
"Đáo đầu đốn dữ phàm trần quýnh,",到頭頓與凡塵敻，
Thức mục tần thiêm hỷ khí nùng.,拭目頻添喜氣濃。
"Lai nhật thanh vân như đắc lộ,",來日青雲如得路，
Định tri thiên ý dĩ tiên tòng.,定知天意已先從。
"Trì lưu kim cổ thường như thử,",峙留今古常如此，
Thân thế phù du đương nại hà.,身世浮游當奈何。
"Ky khách phiêu bồng thiên lý khứ,",羈客飄蓬千里去，
Ngư chu trường địch nhất thanh qua.,漁舟長笛一聲過。
"Phong trần cực mục gia hà tại,",風塵極目家何在，
Yên ái mạn không nhật chính tà.,煙靄漫空日正斜。
"Mộ điểu quy sào tiều kính đoạn,",暮鳥歸巢樵徑斷，
Mãn sơn hoa thảo mãn giang ba.,滿山花草滿江波。
"Tuế vãn thiên hàn khách dị bi,",歲晚天寒客易悲，
Tao nhân hà tất oán giang ly.,騷人何必怨江蘺。
"Tây phong ly lạc cúc tàn hậu,",西風籬落菊殘後，
Dạ vũ hồ sơn nhạn đoạn thì.,夜雨湖山雁斷時。
"Lão cảnh bức nhân xâm vỉ vỉ,",老景逼人侵亹亹，
Thu quang luyến ngã khứ trì trì.,秋光戀我去遲遲。
"Vi viên thanh mộng đầu tương bạch,",薇垣清夢頭將白，
Chính khủng thuần lư mỗi phụ kỳ.,正恐蓴鱸每負期。
"Thập tải bôn ba thử nhất đồ,",十載奔波此一途，
Quy lai ngô hạnh đắc vi ngô.,歸來吾幸得為吾。
"Tiểu viên hãn quá hồng y điệp,",小園罕過紅衣蝶，
Nhiễu thụ đa đề bạch hạng ô.,遶樹多啼白項烏。
"Thiên nhật duy manh nan tái kiến,",天日惟盲難再見，
Khâu khê hữu bệnh tức vi ngu.,丘溪有病即為愚。
"Túng nhiên bất tác thiên trường ẩm,",縱然不作千觴飲，
Dĩ thị Giang Nam cái thượng nho.,已是江南丐上儒。
"Nhất niên xuân sắc cửu thập nhật,",一年春色九十日，
Phao trịch xuân quang thù khả liên.,拋擲春光殊可憐。
"Phù thế công danh khan điểu quá,",浮世功名看鳥過，
Nhàn đình tiết tự đới oanh thiên.,閒庭節字帶鶯遷。
"Trắc thân bất xuất hữu hình ngoại,",側身不出有形外，
Thiên tuế trường ưu vị tử tiền.,千歲長懮未死前。
"Phù lợi vinh danh chung nhất tán,",浮利榮名終一散，
Hà như cập tảo học thần tiên?,何如及早學神仙。
"Chung Tử viên cầm tháo nam âm,",鐘子援琴操南音，
Trang Tích bệnh trung do Việt ngâm.,莊錫病中猶越吟。
"Tứ hải phong trần gia quốc lệ,",四海風塵家國淚，
Thập tuần lao ngục tử sinh tâm.,十旬牢獄死生心。
"Bình Chương di hận hà thì liễu,",平章遺恨何時了，
Cô Trúc cao phong bất khả tầm.,孤竹高風不可尋。
"Ngã hữu thốn tâm vô dữ ngữ,",我有寸心無與語，
Hồng Sơn sơn hạ Quế giang thâm.,鴻山山下桂江深。
"Đại sơn lạc xuất đại chi tam,",​大山落出大支三，
Hùng tủng đương trung cổ Nhật Nam.,雄聳當中古日南。
"Huệ nham đông hồi sơn tự chướng,",惠巖東廻山似障，
Long giang nam ấp thuỷ như lam.,竜江南挹水如藍。
"Phì nhiêu phả hữu Hoan Châu tối,",肥饒頗有驩州最，
Hào hiệp trùng đa bắc thổ đàm.,豪俠重多北土談。
"Dục khảo đồ kinh cầu vãng sự,",欲考圖經求往事，
Giang đầu cổ miếu uất yên lam.,江頭古廟鬱煙嵐。
"Hành chỉ hà tâm, nhậm khảm lưu,",行止何心任坎流，
Phiêu diêu bất định thử sinh phù.,飄颻不定此生浮。
"Bách niên thân thế song bồng mấn,",百年身世雙蓬鬢，
Vạn lý quan hà nhất diệp chu.,萬里關河一葉舟。
"Triệu Vũ phùng thời thân tráng chí,",趙武逢時伸壯志，
Ngũ Viên vô xứ thụ trung mưu.,伍員無處售忠謀。
Na kham Nam Hải Tư Giang bạc!,那堪南海胥江泊，
Hoài cổ tình hoài động khách sầu.,懷古情懷動客愁。
"Tả giang binh bị đạo đài sư,",左江兵備道臺師，
Kiếm bội khanh thương thị vũ nghi.,劍佩鏗鏘示武儀。
"Bào giản trường lưu Nùng Tử hận,",泡澗長流儂子恨，
Côn sơn vĩnh lặc Địch Thanh bi.,崑山永勒狄青碑。
"Thành phân trĩ điệp lâm thiên tế,",城分雉堞臨天際，
Ốc xuyến thiền liên bạng thuỷ nhai.,屋串蟬聯傍水涯。
"Dạ nguyệt giang đình yến tân khách,",夜月江亭宴賓客，
Long quang dao xạ Phục Ba từ.,龍光遥射伏波祠。
"Tiên nhiêu nhất quá Tiểu Nam Kinh,",仙橈一過小南京，
Mãn nhãn phồn hoa hoán lộ trình.,滿眼繁華煥路程。
"Cẩm tú tân đề quang thuỷ các,",錦綉新題光水閣，
Quản huyền dật vận nhiễu giang thành.,管絃逸韻遶江城。
"Bôi châm anh vũ diên tân khách,",杯斟鸚鵡筵賓客，
Kỳ ủng long xà diệu giáp binh.,旗擁龍蛇耀甲兵。
"Văn hiến dã tri ngô quốc bảo,",文獻也知吾國寶，
Tương tùng hà xứ bất phùng nghinh?,將從何處不逢迎。
"Ngọc thư phủng há ngũ vân đoan,",玉書捧下五雲端，
Vạn lý đan xa độ Hán quan.,萬里單車渡漢關。
"Nhất lộ giai lai duy bạch phát,",一路偕來惟白髮，
Nhị tuần sở kiến đãn thanh san.,二旬所見但青山。
"Quân ân tự hải hào vô báo,",君恩似海毫無報，
Xuân vũ như cao cốt tự hàn.,春雨如膏骨自寒。
"Vương đạo đãng bình hưu vấn tấn,",王道蕩平休問訊，
Minh Giang bắc thướng thị Trường An.,明江北上是長安。
Tiêu nhiên cô quán khởi thê phong,蕭然孤館起凄風，
Bán bích thanh đăng chiếu bệnh dung,半壁青燈照病容。
Trích toái thu tâm song ngoại vũ,滴碎秋心窗外雨，
Xao tàn hiểu mộng chẩm biên chung,敲殘曉夢枕邊鐘。
Hành Dương nhạn đoạn tam thiên lộ,衡陽雁斷三千路，
Vu Giáp viên đề thập nhị phong,巫峽猿啼十二峰。
Bất tận quan san hồi thủ xứ,不盡關山回首處，
Mộ vân điệp điệp thuỷ trùng trùng,暮雲疊疊水重重。
"Điều dao vạn lý ngạo phong trần,",迢遥萬里傲風塵，
Kính bất tri quyền ngộ thử thân.,徑不知權誤此身。
"Bắc sở thập niên hành tố vị,",北所十年行素位，
Tây giao nhất đán nhạ hoàng nhân.,西郊一旦迓皇仁。
"Thuần huyền huỷ phục trang nhưng cựu,",鶉懸卉服裝仍舊，
Quyết lộng nam âm ngữ chuyển tân.,鴃弄南音語轉新。
"Quốc mạc năng thù gia mạc cố,",國莫能酬家莫顧，
Bồng đầu tự bảo uổng vi nhân.,蓬頭似葆枉爲人。
"Lâm lưu trách nghiễn kỷ kinh niên,",臨流岞巘幾經年，
Hồi thủ hành tàng tổng thị thiên.,回首行藏總是天。
"Hồ thỉ vị năng thù tố chí,",弧矢未能殊素志，
Cầm thư cố hữu kết nhân duyên.,琴書故有結人緣。
"Hí trường muộn đổ doanh hoàn cục,",戲場悶賭贏還局，
Sự nghiệp ưng tàm quốc sử biên.,事業應慚國史編。
"Huề trượng nhàn du ngu phỏng hữu,",攜杖閒遊愚訪友，
Nhất cầm nhất tửu nhất thi thiên.,一琴一酒一詩篇。
"Sơ canh cổ giốc, ngũ canh kê,",初更鼓角五更雞，
Chung dạ bồi hồi tứ chuyển mê.,終夜徘徊思轉迷。
"Minh nguyệt mãn thiên hà cố cố,",明月滿天何故故，
Tây phong xuy ngã chính thê thê.,西風吹我正凄凄。
"Thương tàn vật tính bi phù hĩnh,",傷殘物性悲鳧脛，
Khắc lạc thiên chân thất mã đề.,刻雒天真失馬蹄。
"Nhược ngộ sơn trung my lộc hữu,",若遇山中糜鹿友，
Yên hà cựu thoại bất kham đề.,煙霞舊話不堪提。
"Nhất lệ thiên nhai sái đoạn bồng,",一淚天涯洒斷蓬，
La Phù giang thượng khởi thu phong.,羅浮江上起秋風。
"Hoàng vân bạch thuỷ lưỡng tương chiếu,",黃雲白水兩相照，
Cấp quản bi ty vạn bất đồng.,急管悲絲萬不同。
"Lục xích câu my trường dịch dịch,",六尺拘縻長役役，
Tứ thì phao trịch thái thông thông.,四時拋擲太匆匆。
Chinh hồng ảnh lý gia hà tại?,征鴻影裏家何在，
Ẩn ẩn Quỳnh vân tam lưỡng phong.,隱隱瓊雲三兩峰。
"Kỷ độ tang điền kỷ độ thương,",幾度桑田幾度滄，
Kham dư nhất khối chính mang mang.,堪輿一塊正茫茫。
"Sơn hà trứ lạc bình trung cửu,",山河著落枰中久，
Vương bá doanh du cục lý mang.,王伯盈輸局裡忙。
"Thiên nhược vô văn cơ bất tạo,",天若無文機不造，
Địa nhân hữu lý hiểm năng tàng.,地因有理險能藏。
"Tang bồng tối thị bình sinh ý,",桑蓬最是平生意，
Mạc yếm gian quan đạo lộ trường.,莫厭間關道路長。
"Tự sá bình sinh lý tố ti,",自詫平生履素絲，
Văn chương vô phận cảm luân thì.,文章無分敢論時。
"Triển Cầm yên vãng phi tam truất,",展禽焉往非三黜，
Chương Tử thuỳ vân noạ tứ chi.,章子誰云惰四肢。
"Lão tức điền viên chân sự nghiệp,",老即田園真事業，
Tâm vô mộ dạ quý thê nhi.,心無暮夜愧妻兒。
"Càn khôn hình trước giai ngô đạo,",乾坤形著皆吾道，
Phi dược cao thâm khả toại nghi.,飛躍高深可遂宜。
"Hỉ đắc thân nhàn quan hựu lãnh,",喜得身閒官又冷，
Bế môn tận nhật thiểu tương qua.,閉門盡日少相過。
"Mãn đường vân khí triêu phần bách,",滿堂雲氣朝焚柏，
Nhiễu chẩm tùng thanh dạ thược trà.,遶枕松聲夜瀹茶。
"Tu kỉ đãn tri vi thiện lạc,",修己但知為善樂，
Trí thân vị tất độc thư đa.,致身未必讀書多。
"Bình sinh vu khoát chân ngô bệnh,",平生迂闊真吾病，
Vô thuật năng y lão cánh gia.,無術能醫老更加。
"Sơ độ nam du đáo Nghệ An,",初度南攸到乂安，
Phong quang nhất bộ nhất kỳ quan.,風光一部一其官。
"Sa đê vạn lý triều tông hải,",沙堤萬李朝宗海，
Thạch bảo thiên trùng quải hán san.,石保天重掛漢山。
"Địa hữu công hầu sa thuỷ tú,",地有公侯沙水秀，
"Thiên sinh hào kiệt đấu tinh hoàn,",天生毫桀斗星還，
"Mai trình ký thủ danh hương ấp,",梅程既首名香邑，
Lịch lịch sư vô tại giản đoan.,歷歷師無在澗端。
"Bình khai hải lĩnh khống lao lang,",​平開海嶺控牢狼，
Thiên lý đê phong cổ Việt Thường.,千里堤封古越裳。
"Thuần tú túc trưng cao giám biệt,",淳秀夙徵高鑑別，
Trại kinh ngạo tiếu ngộ tư lương.,寨京傲笑誤思量。
"Thánh Chu bất cảm thần hoàng cẩu,",聖周不敢臣黃耇，
Tặc Phụ an năng đoạt Nghĩa Vương.,賊輔安能奪義王。
"Trường đắc càn khôn chung khí hậu,",長得乾坤鍾氣厚，
Ức niên văn hiến tố y Đường.,億年文獻溯伊唐。
"Nghi Câu thu sắc quải ngô chi,",宜溝秋色掛梧枝，
Sương đạm canh thâm tửu lực vi.,霜淡更深酒力微。
"Ngưu nữ ảnh tà ô dạ táo,",牛女影斜烏夜噪，
Quan sơn nguyệt lãnh nhạn nam phi.,關山月冷鴈南飛。
"Nhân tình dục xảo đa tranh tuyến,",人情欲巧多爭線，
Khách tứ vô liêu mạn sái y.,客思無聊漫晒衣。
"Giai tiết khủng khiên ly biệt huống,",佳節恐牽離別況，
Thả bằng khi chẩm mộng trung quy.,且憑欹枕夢中歸。
"Nam hướng nguy sơn vọng diểu nhiên,",南向嵬山望渺然，
Tiên hương hoặc ký bạch vân biên.,仙鄉或寄白雲邊。
"Cô thôn thuỷ trúc nghi vô lộ,",孤村水竹疑無路，
Bồng đảo lâu đài biệt hữu thiên.,蓬島樓臺別有天。
"Trần tĩnh u khê hàm nguyệt lãng,",塵靜幽溪涵月朗，
Xuân trường thanh điểu bạn hoa miên.,春長青鳥伴花眠。
"Thuỳ tri Bất Tử văn chương tại,",誰知不死文章在，
Kê bút chân kinh thế cộng truyền.,乩筆真經世共傳。
"Chu lan thuý đống lâm thanh lại,",朱欄翠棟臨清瀨，
Mậu thụ tràng tràng như vũ cái.,茂樹幢幢如羽蓋。
"Văn đạo Toàn Vương thử xuất gia,",聞道全王此出家，
Chí kim thượng hữu di thân tại.,至今尚有遺身在。
"Bình hồ yên mãng chính ly phi,",平湖煙莽正離披，
Cố quốc xuân lai tự cựu thời.,故國春來似舊時。
"Thí thượng nhất tằng lâu thượng vọng,",試上一層樓上望，
Hà nhân bất khởi Ung Môn bi.,何人不起雍門悲。
"Giáp tạp sơn cương tiếp hải mi,",​夾雜山崗接海湄，
Phần sa thổ hội biện dân nghi.,墳沙土會辨民宜。
"Tình khai Hồng Lĩnh tiều phu cấp,",晴開鴻嶺樵夫急，
Vụ trạo Đan Nhai hải khách trì.,霧罩丹崖海客遲。
"Trung nghĩa nho thần sơn hữu sắc,",忠義儒臣山有色，
Thái bình danh tướng sử vi bi.,太平名將史為碑。
"Phong quang tối thị đa kỳ tuyệt,",風光最是多奇絕，
Bát cảnh liêu nhân tả diễm từ.,八景聊人寫艷辭。
"Đa bệnh đa sầu khí bất thư,",多病多愁氣不舒，
Thập tuần khốn ngoạ Quế giang cư.,十旬困臥桂江居。
"Lệ thần nhập thất thôn nhân phách,",癘神入室吞人魄，
Cơ thử duyên sàng khiết ngã thư.,饑鼠緣床喫我書。
"Vị hữu văn chương sinh nghiệt chướng,",未有文章生孽障，
Bất dung trần cấu tạp thanh hư.,不容塵垢雜清虛。
"Tam lan song hạ ngâm thanh tuyệt,",三蘭窗下吟聲絕，
Điểm điểm tinh thần du thái sơ.,點點精神遊太初。
"Xuân hàn hạ thử cố tương xâm,",春寒夏暑故相侵，
Nhất ngoạ Hồng Sơn tuế nguyệt thâm.,一臥鴻山歲月深。
"Minh kính hiểu hàn khai lão sấu,",明鏡曉寒開老瘦，
Sài phi dạ tĩnh bế thân ngâm.,柴扉夜靜閉呻吟。
"Thập niên túc tật vô nhân vấn,",十年夙疾無人問，
Cửu chuyển hoàn đan hà xứ tầm?,九轉還丹何處尋。
"An đắc huyền quan minh nguyệt hiện,",安得玄關明月見，
Dương quang hạ chiếu phá quần âm.,陽光下照破群陰。
"Nan tri thử động tự hà thời,",難知此峝自何時，
Bạch thuỷ tòng phong khứ hựu hồi.,白水從風去又回。
"Bất đại bất thâm hoa dẫn lộ,",不大不深花引路，
Hữu thuyền hữu khách nguyệt thường lai.,有船有客月常來。
"Tiều phu Đinh tướng sơ lâm tỵ,",樵夫丁將初臨避，
Ngư phụ Trần vương kế chước bôi.,漁父陳王継酌杯。
"Tao nạn vãn tham lưu túc tích,",遭難晚貪留足跡，
Tự minh thạch bích ký dư hoài.,字銘石壁記予懷。
"Lộ nhập Thanh Ngô cảnh cánh gia,",路入青梧景更嘉，
Ngạn biên dương liễu thốc nhân gia.,岸邊陽柳映人家。
"Cửu Nghi tích thuý phong như ngọc,",九疑積翠峰如玉，
Nhị Quảng phân lưu thuỷ nhược xoa.,二廣分流水若叉。
"Lâm Quán không văn phi bạch hạc,",琳觀空聞飛白鶴，
Tiên nhân bất kiến tụ thanh xà.,仙人不見袖青蛇。
"Hoả sơn băng tỉnh chân kỳ sự,",火山冰井真奇事，
Cựu tục tương truyền khủng diệc soa.,舊俗相傳恐亦差。
"Chu thứ Ngô giang đống tuyết khai,",舟次梧江凍雪開，
Dạ gian hàn úc chính tương thôi.,夜間寒燠正相催。
"Nghênh tân vận nhã hành trung cú,",迎新韻雅行中句，
Tống lạp hương phân tặng hậu mai.,送臘香分贈後梅。
"Cố quốc vị quy tu ý cẩm,",故國未歸羞衣錦，
Minh niên vô sự mạn khuynh bôi.,明年無事謾傾杯。
"Hồi đầu nhai hạng truyền đăng chúc,",回頭街巷傳燈燭，
Hoảng nhận long quang xạ Đẩu đài.,恍認龍光射斗台。
"Hà sự Lê hoàng đáo thử san,",何事黎皇到此山，
Hạ thiên nhật mộ nhạ phong hàn.,夏天日暮迓風寒。
"Quốc vụ toàn bằng vương thượng phụ,",國務全憑王上輔，
Gia tình nan vọng bách quan tham.,家情難望百官參。
"Phóng can bất tức thân vi dũng,",放竿不息身為俑，
Giải uấn hà năng cải sấu nhan.,解愠何能改瘦顏。
"Khai thị mỗi quan thương mại sự,",開市每觀商賣事，
Đông tây lai vãng nhật thường hoan.,東西來往日常歡。
"Phồn hoa nhân vật loạn lai phi,",繁華人物亂來非，
Huyền hạc quy lai kỷ cá tri.,玄鶴歸來幾個知。
"Hồng tụ tằng văn ca uyển chuyển,",紅袖曾聞歌宛轉，
Bạch đầu tương kiến khốc lưu ly.,白頭相見哭流離。
"Phúc bồn dĩ hĩ nan thâu thuỷ,",覆盆已矣難收水，
Đoạn ngẫu thương tai vị tuyệt ty.,斷藕傷哉未絕絲。
"Kiến thuyết giá nhân dĩ tam tử,",見說嫁人已三子，
Khả liên do trước khứ thời y.,可憐猶著去時衣。
"Cầu nhân tự cổ đắc nhân nan,",求仁自古得仁難，
Ẩm nghĩa như quân tử diệc hoan.,飲義如君死亦歡。
"Tận chước thuần thành thù hoạ loạn,",盡酌醇誠酬禍亂，
Mạn tương tôn trở luận nguy an.,謾將樽俎論危安。
"Nhất sinh sự nghiệp bôi trung liệt,",一生事業杯中洌，
Thiên tải công danh tuý hậu hoàn.,千載功名醉後完。
"Đồng tịch đương niên thuỳ vị cảm,",同席當年誰爲感，
Tướng đàn trung hoả đối tâm can.,將壇忠火對心肝。
"Nhân chi dữ vật bất đồng quần,",人之與物不同群，
Phong nghĩ tuy tiểu thượng hữu quân.,蜂蟻雖小尚有君。
"Huống thị thiếu niên tằng bội phục,",況是少年曾佩服，
Kiêm tri tráng tuế dĩ quan thân.,兼知壯歲以官紳。
"Bắc song xử sĩ do tư Tấn,",北窗處士猶思晉，
Đông hải tiên sinh bất đế Tần.,東海先生不帝秦。
Tử hậu mộ bàng nhân chỉ điểm:,死後墓傍人指點，
Lê triều tiến sĩ tính danh Trần.,黎朝進士性名陳。
"Tân tống viên biền uý giản thư,",津送員弁畏簡書，
Thiên luân thôi triệu cảm hoàng cư.,天倫催召敢遑居。
"Chính sầu phi dịch vũ vô chính,",正愁飛驛雨無正，
Khước tiếu bôn tuyền câu bất như.,卻笑奔泉駒不如。
"Suy bỉ thuận lưu tình sở dĩ,",推彼順流情所以，
Kiến dư xu sự nghĩa chi ư.,見余趨事義之於。
"Cần lao tự cổ trường sinh tễ,",勤勞自古長生劑，
Hà tất cao đường toạ ủng lư.,何必高堂坐擁爐。
"Tuyết ủng Lam quan mã bất tiền,",雪擁藍關馬不前，
Tích nhân tăng thử hận thiên diên.,昔人曾此恨遷延。
"Liễu dương cảnh huống tha hương địa,",柳楊景況他鄉地，
Phần tử tình hoài cố quốc thiên.,枌梓情懷故國天。
"Khuất chỉ hải môn tam thập lục,",屈指海門三十六，
Đài đầu lĩnh kiệu vạn dư thiên.,抬頭嶺嶠萬餘千。
"Mộng tàn huyền hạc mê hoàn tỉnh,",夢殘玄鶴迷還醒，
Phù thế phong xà thượng bách niên.,浮世風蛇尚百年。
"Hoài Vương qui táng, Trương Nghi tử,",懷王歸葬張儀死，
Sở quốc từ nhân ký bội lan.,楚國詞人記佩蘭。
"Thiên cổ chiêu hồn chung bất phản,",天古招魂終不返，
Mãn giang tranh cạnh thái vô đoan.,滿江爭競太無端。
"Yên ba diểu diểu không bi oán,",煙波渺渺空悲怨，
La cổ niên niên tự tiếu hoan.,羅鼓年年自笑歡。
"Hồn nhược quy lai dã vô thác,",魂若歸來也無托，
Long xà quỷ vực biến nhân gian.,龍蛇鬼蜮遍人間。
"Thiên quang nhân cảnh lưỡng bình phân,",天光人景兩平分，
Bích thụ tường hoa đối tịch huân.,壁樹牆花對夕曛。
"Phật tự y vi lung ngạn tuyết,",佛寺依微籠岸雪，
Vương cung lạc mạc ẩn sơn vân.,王宮落漠隱山雲。
"Ngự câu lưu thuỷ thuỳ dương sấu,",御溝流水垂楊瘦，
Cố luỹ u sào túc điểu phân.,故壘幽巢宿鳥紛。
"Hồi thủ Trường An tây thượng vọng,",回首長安西上望，
Nùng sơn thuỵ khí chính nhân uân.,濃山瑞氣正氤氳。
"Tứ mẫu trì khu chướng vụ trung,",四牡馳驅瘴霧中，
Thiên môn hồi thủ ngũ vân trùng.,天門迴首五雲重。
"Mộng kinh toả thát song hoàn hưởng,",夢驚瑣闥雙環響，
Vọng cực Thông Minh nhất đoá hồng.,望極聰明一朵紅。
"Trạch vật hữu tình thời xuất tụ,",澤物有情時出岫，
Y thừa tại niệm thiết tòng long.,依乘在念切從龍。
"Nhật biên tảo vãn hành tuyên triệu,",日邊早晚行宣召，
Bái tác Thương lâm tứ hải đồng.,沛作商霖四海同。
"Càn khôn phúc tải hữu ngô thân,",​乾坤覆載有吾身，
Nhạc dữ bần giao bất trục bần.,樂與貧交不逐貧。
"Vãng sự yên hoa hồn tự mộng,",往事煙花渾似夢，
Bán sinh bình ngạnh vị quy căn.,半生萍梗未歸根。
"Dĩ ư trọc thế vi nho giả,",已於濁世為儒者，
Tu hướng sơn trung tác chủ nhân.,須向山中作主人。
"Tạo hoá bất khan phong nguyệt phúc,",造化不慳風月福，
Vô liêu khước hạnh hữu tân xuân.,無聊卻幸有新春。
"Thố tẩu ô phi bất đãi nhân,",兔走烏飛不待人，
Tạc xuân quá nhãn dĩ kim xuân.,昨春過眼已今春。
"Liễu đào cảnh sắc giao tranh mị,",柳桃景色交爭媚，
La ỷ phong lưu các tự thân.,羅綺風流各自親。
"Cộng ngưỡng hồng quân nhất khí chuyển,",共仰洪鈞一氣轉，
Ninh sầu bạch phát trục niên tân.,寧愁白髮逐年新。
"Khu khu thốn thảo tâm do tráng,",區區寸草心猶壯，
Mỗi tuế tung hô hướng Bắc thần.,每歲嵩呼向北辰。
"Huyên khí khư hàn lạc tửu biên,",暄氣祛寒落酒邊，
Tỉnh khan hoa sắc thướng liêm tiên.,醒看花色上簾鮮。
"Kế tuần ưng dĩ xưng cường sĩ,",計旬應已稱強仕，
Canh sự đa tàm thượng thiếu niên.,更事多慚尚少年。
"Si chuyết thử thân đa bệnh thái,",癡拙此身多病態，
Tao phùng kim nhật hạnh sinh duyên.,遭逢今日幸生緣。
"Nhàn lai như tảo thành sơ chí,",閑來如早成初志，
Mãi tận xuân sơn bất dụng tiền.,買盡春山不用錢。
"Nhân hiềm tuế nguyệt khứ như lưu,",​人嫌歲月去如流，
Ngã hỷ niên phương dữ ngã câu.,我喜年芳與我俱。
"Noãn nhật nghinh lai hảo thời tiết,",暖日迎來好時節，
Xuân phong tống nhập mỹ đồ tô.,春風送入美屠蘇。
"Bất phương phi tiễn thôi quang ảnh,",不妨飛箭催光影，
Cánh bả tân đào hoán cựu phù.,更把新桃換舊符。
"Duy hữu mai hoa tâm kết hữu,",惟有梅花心結友，
Niên niên chiếm bảng tự ngô nho.,年年占榜似吾儒。
"Sinh ca tạc dạ tống tàn đông,",笙歌昨夜送殘冬，
Hoán khởi đông phong tán hoá công.,喚起東風贊化工。
"Thiên thượng cửu trùng ban Hạ chính,",天上九重頒夏正，
Nhân gian vạn lý phó xuân phong.,人間萬里付春風。
"Trì trì nhật ảnh lâm mai xế,",遲遲日影臨梅砌，
Đạm đạm yên quang thức liễu tùng.,淡淡煙光拭柳叢。
"Tuế nguyệt tuần hoàn nhân cộng lạc,",歲月循環人共樂，
Thái bình cảnh tại tuý hương trung.,太平境在醉鄉中。
"Chí Linh thành ngoại vũ tình sơ,",至靈城外雨晴初，
Hải ngoại vân quy tịnh thái hư.,海外雲歸淨太虛。
"Lễ phật lâu đài hoành bình mãng,",禮佛樓臺橫平莽，
Hướng nhân la ỷ chiếu khâu khư.,嚮人羅綺照丘墟。
"Hồng đào lục liễu xuân tương tự,",紅桃綠柳春相似，
Bích thuỷ thanh sơn hoạ bất như.,碧水青山畫不如。
"Duy hữu Trang Chu hồ điệp mộng,",惟有莊周蝴蝶夢，
Nhậm tha hủ hủ cánh cừ cừ.,任他栩栩更蘧蘧。
"Hoè đình nguyên nhật bái sinh thần,",槐庭元日拜生辰，
Khách tử quang âm kỷ độ tân.,客子光陰幾度新。
"Đông các trùng du xuân thế giới,",東閣重遊春世界，
Nam chi thiên lộ tuyết tinh thần.,南枝偏露雪精神。
"Thiên di nhất lão phù xương vận,",天遺一老扶昌運，
Đế quyến tam triều ỷ cựu thần.,帝眷三朝倚舊臣。
"Chúc tụng khởi tư môn hạ sĩ,",祝頌豈私門下士，
Quyền quyền chỉ vị ái tư dân.,拳拳只為愛斯民。
"Thánh nhật thuỳ quang bị Việt Nam,",聖日垂光被越南，
Dịch đình cung liễu hứa đình tham.,驛亭宮柳許停驂。
"Xa thư kim hỗn tứ phương nhất,",車書今混四方一，
Quan bội hàm hô vạn tuế tam.,冠佩咸呼萬歲三。
"Hương thổ thuý vân long khuyết nhuận,",香吐翠雲龍闕潤，
Tửu phiên kim hải phong tiêu hàm.,酒翻金海風簫酣。
"Quần thần vũ đạo thiên nhan cận,",群臣舞蹈天顏近，
Quyến cố ân thâm vũ lộ hàm.,眷顧恩深雨露涵。
"Lâm cước sơn yêu tống lạc ô,",林腳山腰送落烏，
Thôn thôn hướng dạ tịch như vô.,村村向夜寂如無。
"Hằng Nga thiên thượng vân khai kính,",姮娥天上雲開鏡，
Thần Nữ nhân gian thuỷ lộng châu.,神女人間水弄珠。
"Vọng nhập Động Đình thiên lý cộng,",望入洞庭千里共，
Hứng quy Xích Bích nhất phàm cô.,興歸赤壁一帆孤。
"Khách trung mạc vị vô tình hữu,",客中莫謂無情友，
Dĩ hữu thanh quang đáo tửu hồ.,已有清光到酒壺。
"Bích thụ đình trừ nguyệt sắc thâm,",碧樹庭除月色深，
Đồng long tế trích đẩu thanh trầm.,銅龍細滴斗聲沉。
"Gia hương thiên lý nan thành mộng,",家鄉千里難成夢，
Vân vật tam canh dị xúc ngâm.,雲物三更易觸吟。
"Vị liễu tham sân tiền quả chướng,",未了貪瞋前果障，
Không lao danh lợi thử sinh tâm.,空勞名利此生心。
"Hà thời vũ khố thác cung thỉ,",何時武庫橐弓矢，
"Hạc cốt, sương đề phản cố lâm.",鷽骨霜蹄返故林。
"Thặng hữu đồ tô khánh hữu sinh,",剩有屠蘇慶友生，
Ngọc sơn đồi xứ tửu tôn khuynh.,玉山頹處酒樽傾。
"Xuân tàm tác kiển thân nhưng kiện,",春蠶作繭身仍健，
Hải hạc thiêm trù tuế phục canh.,海鶴添籌歲復更。
"Cổ hoạ trùng khai hoa thảo sắc,",古畫重開花草色，
Tân thi bán nhập quản huyền thanh.,新詩半入管弦聲。
"Binh qua lãng thuyết doanh hoàn sự,",兵戈浪說瀛環事，
Cơ hoá thần kinh quỷ diệc kinh.,機化神驚鬼亦驚。
"Lữ để nhàn dư trú yểm phi,",旅邸閑餘晝掩扉，
Thôi xao tiêu khiển sổ chương thi.,推敲消遣數章詩。
"Gia hương khang cát bằng lai giản,",家鄉康吉憑來簡，
Thân thế ưu ngu vấn diệp thi.,身世憂虞問揲蓍。
Tự hải hầu môn hi túc đáo.,似海侯門稀足到，
Như băng hoạn huống chỉ tâm tri.,如冰宦況祇心知。
"Kỉ hành tuyết mấn tranh mai bạch,",幾莖雪鬢爭梅白，
Hà nhật hoa sơn túng mã quy.,何日華山縱馬歸。
"Thiều thiều khoát bộ nhập trần lai,",迢迢闊步入塵來，
Hoàng sắc my đầu đỉnh đỉnh khai.,黃色眉頭鼎鼎開。
"Bắc lý ưu du đầu mã phúc,",北里憂遊投馬腹，
Đông gia tán đản nhập lư thai.,東家散誕入驢胎。
"Kim tiên đả sấn nê ngưu tẩu,",金鞭打趁泥牛走，
Thiết sách khiên trừu thạch hổ hồi.,鐵索牽抽石虎回。
"Tự đắc nhất triêu phong giải đống,",自得一朝風解凍，
Bách hoa nhưng cựu lệ xuân đài.,百花仍舊淚春臺。
"Hoành trạo Ô Long nhật hướng hôn,",橫棹烏龍日向昏，
Vọng cùng Hà hải triệt vân côn.,望窮河海徹雲根。
"Nhạn thần vạn lý triều thiên khuyết,",鴈臣萬里朝天闕，
Ngư tử tam canh xướng hải môn.,魚子三更唱海門。
"Mãn khiếp đồ thư bằng đẩu chiếu,",滿篋圖書憑斗照，
"Bão phàm trung tín thính triều bôn,",飽帆忠信聽潮奔。
"Lan nhiêu chỉ hướng sa đê phát,",蘭橈指向沙堤發，
Ngưỡng diện Vi viên đối chí tôn.,仰面微垣對至尊。
"Sâm si vân thụ thướng lâu đài,",參差雲樹上樓臺，
Liễu nhiễu bình kiều tứ diện khai.,繚繞平橋四面開。
"Nhất tự chung sơ tà chiếu tận,",一寺鐘疏斜照盡，
Bán giang trạo cấp hảo phong hồi.,半江棹急好風迴。
"Ngạn thuỳ lục trúc ảnh du bích,",岸垂綠竹影逾碧，
Trà cận bạch liên hương mãn bôi.,茶近白蓮香滿杯。
"Giả sử phi trường thính pháp khúc,",假使披觴聽法曲，
Thử thân ưng thị đáo Bồng Lai.,此身應是到蓬萊。
"Chân tể huân đào vạn tượng thành,",真宰薰陶萬象成，
Bản lai phi triệu hựu phi manh.,本來非兆又非萌。
"Chỉ si hữu niệm vong vô niệm,",只差有念忘無念，
Khước bối vô sinh thụ hữu sinh.,卻背無生受有生。
"Tỵ trước chư hương thiệt tham vị,",鼻著諸香舌貪味，
Nhãn hoang chúng sắc nhĩ văn thanh.,眼肓眾色耳聞聲。
"Vĩnh vi lãng đãng phong trần khách,",永為浪蕩風塵客，
Nhật viễn gia hương vạn lý trình.,日遠家鄉萬里程。
"Thu mãn phong lâm sương diệp hồng,",秋滿楓林霜葉紅，
Tiểu oa hào xuất đoản ly đông.,小猧嗥出短籬東。
"Sổ huề canh đạo kê đồn ngoại,",數畦粳稻雞豚外，
Nhất đới mao tỳ dương liễu trung.,一帶茅茨楊柳中。
"Hồng Lĩnh cách niên hư túc mộng,",鴻嶺隔年虛宿夢，
Bạch đầu thiên lý tẩu thu phong.,白頭千里走秋風。
"Mang nhiên bất biện hoàn hương lộ,",茫然不辨還鄉路，
Xúc mục phù vân xứ xứ đồng.,觸目浮雲處處同。
"Quân hầu tố bão khâm hoài tráng,",君侯素抱襟懷壯，
Phấn duệ dương tiên ý thiết nham.,奮袂揚鞭意鐵岩。
"Ngô châu tạm thử thí hình đao,",吾州暫此試硎刀，
Nhất huy hựu tự Từ nhi Lạng.,一麾又自慈而諒。
"Thử địa tằng văn cổ chiến trường,",此地曾聞古戰場，
Tán nguyên nghiêu giác liên lâm chướng.,散元嶢角連林嶂。
"Trần vương di tích điếu hoang từ,",陳王遺迹弔荒祠，
Hạp kiếm do minh Đức giang lãng.,匣劍猶鳴德江浪。
"Thế sự như giang nhật giáng thăng,",世事如江日降升，
Tùng phong thiên đả phá đê tằng.,從風天打破堤層。
"Nhãn trung hậu lãng truy tiền lãng,",眼中後浪追前浪，
Thuỷ thượng cao lăng duệ hạ lăng.,水上高淩拽下淩。
"Lai vãng dục an nan hữu vọng,",來往欲安難有望，
Nhân thuyền giai uý tự cư băng.,人船皆畏似居冰。
"Duy tầm thiển xứ y lư bạn,",惟尋淺處依廬畔，
Thiểu đắc thư hoài đãi tuế chung.,少得舒懷待歲終。
"Nhân sinh tại thế nhược phù âu,",人生在世若浮漚，
Thọ yêu nhân thiên mạc vọng cầu.,壽夭因天莫妄求。
"Cảnh bức tang du tương hướng vãn,",景逼桑榆將向晚，
Thân như bồ liễu tạm kinh thâu.,身如蒲柳暫經秋。
"Thanh điêu tích nhật Phan Lang mấn,",青雕昔日潘郎鬢，
Bạch biến đương niên Lã Vọng đầu.,白遍當年呂望頭。
"Thế sự thao thao hồn bất cố,",世事滔滔渾不顧，
Tịch dương tây khứ thuỷ đông lưu.,夕陽西去水東流。
"Kim niên du thắng tích niên du,",今年遊勝昔年遊，
"Thu tịch, thu thiên, ổn phiếm thu.",秋夕秋天穩泛秋。
"Tĩnh thuỷ nhất điều trương tố luyện,",静水一條張素練，
Sơ tinh kỷ điểm ánh cô chu.,疏星幾點映孤舟。
"Tà dương cổ thụ kim quang xạ,",斜陽古樹金光射，
Hàn chử ngư đăng diệm ảnh phù.,寒渚魚燈剡影浮。
"“Bất Dạ” lâu đài hà xứ phỏng,",不夜樓臺何處訪，
“Linh Đài” phương thốn hữu chân tu.,靈臺方寸有眞修。
"Độc thướng cao sơn nhãn giới tân,",獨上高山眼界新，
Anh hùng vãng sự quải giang tân.,英雄往事掛江津。
"Nhất thành thượng hạ tận kiều mộc,",一城上下盡喬木，
Thập lý uy phong kiến cổ nhân.,十里威風見古人。
"Thử địa bắc nam quy nhất trục,",此地北南歸一軸，
Đương thì tỉnh táo trú tam quân.,當時井燥駐三軍。
"Thập niên vị tiết nam nhi hận,",十年未泄男兒恨，
Đàn kiếm trường ca đối bạch vân.,彈劍長歌對白雲。
"Ninh Minh bách lý biệt nam thiên,",寧明百里別南天，
Sứ tiết du dương sáp hoạ thuyền.,使節悠揚插畫船。
"Đinh hạc sa âu cung ngã lãm,",汀鶴沙鷗供我覽，
Giang mai đê liễu vị thuỳ khiên.,江梅堤柳爲誰牽。
"Vân gian thành quách tà dương thụ,",雲間城郭斜陽樹，
Ngạn thứ bồng cao tịch chướng yên.,岸次篷篙夕嶂煙。
"Nhất vọng thản nhiên khoan nhãn giới,",一望坦然寬眼界，
Kỳ khu hà tự thập niên tiền!,崎嶇何似十年前。
"Thập trượng lâu hang há Việt lang,",十丈樓舡下粵瀧，
Tướng quân hệ tổ liệt thành hàng.,將軍係組列城降。
"Trung triều nhất thống hữu kim nhật,",中朝一統有今日，
Nam quốc tiểu thần như thử giang.,南國小臣如此江。
"Tự nhập vũ mao châu phú hậu,",自入羽毛州賦後，
Tu trung lân giới thổ phi quang.,須忠鱗介土飛光。
"Đương niên bách tuế Tần Đà lão,",當年百歲秦佗老，
Hà sự thi thư trệ nhất bang.,何事詩書滯一邦。
"Bôn đào nam há các tây đông,",奔濤南下各西東。
Tụ tán thiên niên tổng bất đồng.,聚散千年總不同。
"Trấn thủ dinh đồn dư ngạn khoát,",鎮守營屯餘岸闊，
Phồn hoa thị tỉnh bán giang không.,繁華市井半江空。
"Anh hùng tâm sự tam chi thuỷ,",英雄心事三支水，
Cố quốc quan hà bách chiến phong.,故國關河百戰鋒。
"Già mạc thôi di vô để định,",遮莫推移無底定，
Cô bồng phiếm phiếm nhất ngư ông.,孤蓬泛泛一漁翁。
"Viễn cận quần sơn đoạn tục lai,",遠近群山斷續來，
Hồ thiên điểm tựu nhất đồ khai.,湖天點就一圖開。
"Việt Thường đại địa xuyên nguyên cổ,",越裳大地川源古，
Mai Đế di khư đẩu túc hồi.,枚帝遺墟斗宿迴。
"Ba lãng thiên trùng thu lạo tích,",波浪千重秋潦積，
Vân yên vạn khoảnh hạ hoà đôi.,雲煙萬頃夏禾堆。
"Quyết lai mạn đạo Hương Lâm sự,",决來謾道香林事，
Khai tắc thuỳ cùng hỗn độn phôi.,開塞誰窮混沌胚。
"Văn đạo thôn thôn cấm cổ già,",聞道村村禁鼓笳，
Ngã trì oa cổ triệt tiêu quá.,我池蛙鼓徹宵過。
"Sất chi lương cửu phục như thị,",叱之良久復如是，
Lệnh tại chư quân bất uý da.,令在諸君不畏耶。
"Hoặc ái u cư đa đạm bạc,",或愛幽居多淡薄，
Thả dung nhất bộ tác phồn hoa.,且容一部作繁花。
"Vị tri cường hạng hà nhân giả,",未知強項何人者，
Quá thử hoàn đương thức nộ oa.,過此還當式怒蛙。
"Phù tục thăng trầm ngũ thập niên,",浮俗升沉五十年，
Cố sơn tuyền thạch phụ tình duyên.,故山泉石負情緣。
"Hư danh thực hoạ thù kham tiếu,",虛名實禍殊堪笑，
Chúng báng cô trung tuyệt khả liên.,眾謗孤忠絕可憐。
"Số hữu nan đào tri thị mệnh,",數有難逃知是命，
Văn như vị táng dã quan thiên.,文如未喪也關天。
"Ngục trung độc bối không tao nhục,",獄中牘背空遭辱，
Kim khuyết hà do đạt thốn tiên.,金闕何由達寸箋。
"Ta nga lão thạch chuỷ Giang Can,",​嗟哦老石箠江干，
Thuỷ trục oanh hồi ngũ Chiết Than.,水逐鶯迴五浙灘。
"Ân ân lôi nhu tòng địa hưởng,",殷殷雷濡從地響，
Chân chân tuyết lãng mãn không hàn.,甄甄雪浪滿空寒。
"Tra khinh khoái đắc thừa phong tiện,",槎輕快得乘風便，
Than cấp hà ưu thuỷ lộ nan.,灘急何憂水路難。
"Tri thị vãng hoàn tiêu tức hảo,",知是往還消息好，
Thí tòng kim nhật nghiệm an phu.,試從今日驗安溥。
"Thế áp ngao đầu khống bách man,",勢壓鰲頭控百蠻，
Chử ba cô điểu tịch dương gian.,渚波孤鳥夕陽間。
"Giang bàn lão tướng luận binh địa,",江蟠老將論兵地，
Vân ủng tiên hoàng trác tích san.,雲擁先皇卓錫山。
"Tuế nguyệt xâm xâm phong bán lạc,",歲月駸駸楓半落，
Thuỷ thiên mạc mạc điểu song hoàn.,水天漠漠鳥雙還。
"Thắng du phủ ngưỡng thành trần tích,",勝遊俯仰成陳蹟，
Liên vị bằng cao phá lữ nhan.,聯為憑高破旅顏。
"Nhân ngôn phá xỉ sự kham ta,",人言破齒事堪嗟，
Đố độc niên lai huống chuyển gia.,蠹毒年來況轉加。
"Bất đãi vong thần hàn chí cốt,",不待忘唇寒至骨，
Chính sầu giảo thái hận vô nha.,正愁咬菜恨無牙。
"Lao hình thiên định giáo cừ dật,",勞形天定教渠逸，
Bệnh chứng nhân thôi như ngã đa.,病症人催如我多。
"Vị tử, đồ vi Nguyên Nhưỡng tặc,",未死徒為原壤賊，
Giáp hùng hà tất tuế long xà.,甲雄何必歲龍蛇。
"Lạo thoái ba bình thuỷ hướng thu,",潦退波平水向秋，
Thừa nhàn tam ngũ mịch thanh du.,乘閒三五覓清遊。
"An lưu thượng hạ giang thiên lý,",安流上下江千里，
Hào hứng tung hoành diệp nhất chu.,豪興縱橫葉一舟。
"Yểm ánh vi thôn quyền túc lộ,",晻映葦村拳宿鷺，
Vi mang ngư trạo phiếm tình âu.,微茫漁棹泛晴鷗。
"“Lạc mai” kỷ khúc tà dương địch,",落梅幾曲斜陽笛，
Bất giác trần tâm đốn dũng thu.,不覺塵心頓勇收。
"Điền nguyên mạc mạc thử ly ly,",田原漠漠黍離離，
Nhất thốc di cung kỷ lạc huy.,一簇遺宮幾落暉。
"Cố quốc hữu hồn đề đỗ vũ,",故國有魂啼杜宇，
Hoang thành vô xứ mịch linh quy.,荒城無處覓靈龜。
"Sự lâm mã thượng ta hà cập,",事臨馬上嗟何及，
Tội đáo nga mao hối dĩ trì.,罪到鵝毛悔已遲。
"Thiên cổ đan tâm công luận tại,",千古丹心公論在，
Vị tu sử kính giải quần nghi.,為修史鏡解群疑。
"“Lãng ngâm phi quá Động Đình hồ”,",朗吟飛過洞庭湖，
Vân thuỷ thương mang sạ hữu vô.,雲水蒼茫乍有無。
"Cự lãng mạn thiên phong tối kiện,",巨浪漫天風最健，
Khinh phàm để ngạn nhật tài bô.,輕帆抵岸日纔晡。
"Sơn am ẩn ước chung thanh viễn,",山庵隱約鍾聲遠，
Trạch quốc uông hàm nhạn ảnh cô.,澤國汪涵雁影孤。
"Chuyển thuấn yên ba tam bách lý,",轉瞬煙波三百里，
Tương Âm thành ngoại nhưỡng tân cô.,湘陰城外釀新沽。
"Tương kiến thời hy cảm tự đa,",相見時稀感緒多，
Ngẫu đàm tâm xứ vấn sinh nha.,偶談心處問生涯。
"Hộ cư hữu trúc phàm thiên thụ,",護居有竹凡千樹，
Tích nhật tài lan kỷ độ hoa.,積日栽蘭幾度花。
"Đại ẩn viên lâm huyên tĩnh giả,",大隱園林暄靜者，
Tiểu thiền thân thế nhạn chân da.,小禪身世贗真耶。
"Ngô văn thuỳ thị thiên kim mãi,",吾文誰是千金買，
Cổ học thư cô cận nhược hà.,古學書沽近若何。
"Phong thụ lâm lưu hứng hữu dư,",風樹臨流興有餘，
Nhàn khan vi vi hý thanh cừ.,閒看圍圍戲清渠。
"Giang hồ phóng lãng tâm do tại,",江湖放浪心猶在，
Tảo hạnh du dương lạc tự như.,藻荇悠揚樂自如。
"Giải đạo trì trung cừ thị vật,",解道池中渠是物，
An tri Hào thượng ngã phi ngư.,安知濠上我非魚。
"Hoàn tha bát bát hoạt điền địa,",還他潑潑活田地，
Đạo học công phu thời khởi dư.,道學工夫時起余。
"Phiêu phiêu tiên lữ phỏng Đào nguyên,",飄飄仙旅訪桃源，
Khước thị trần gian vị liễu căn.,卻是塵間未了根。
"Vinh lộc dĩ cam từ huyện ấn,",榮祿已甘辭縣印，
Ái tình do tự luỹ tiên hôn.,愛情猶自累仙婚。
"Nghê thường ảm đạm triêu vân cảnh,",霓裳黯淡朝雲景，
Thạch nhũ lâm ly dạ nguyệt hồn.,石乳淋灕夜月魂。
"Tiếu ngã đương đồ quy khứ vãn,",笑我當途歸去晚，
Tương phùng động khẩu tịch vô ngôn.,相逢洞口寂無言。
"Phúc Đường cảnh trí dĩ lang đang,",福堂景致已郎當，
Lại hữu thiền phong tập tập lương.,賴有禪風習習涼。
"Ly lạc tiêu sơ trừu duẩn sấu,",籬落簫疏抽筍瘦，
Môn đình u thuý tịch tùng hoang.,門庭幽邃闢松荒。
"Vị phùng thì thái hiền nhân xuất,",未逢時泰賢人出，
"Thả hỉ lâm thâm thuỵ thú tàng,",且喜林深瑞獸藏。
"Tảo vãn lão thiên khai Phật nhật,",早晚老天開佛日，
Thông môn đào lý lộng xuân quang.,通門桃李弄春光。
"Phúc Hưng nhất khúc thuỷ hồi hoàn,",福興一曲水回環，
Trung hữu bình viên sổ mẫu khoan.,中有平園數畝寬。
"Mai ổ tuyết tiêu châu bội lội,",梅塢雪消珠蓓蕾，
Trúc đình vân quyển bích lang can.,竹亭雲捲碧琅玕。
"Thử lai yêu khách kiêu trà uyển,",暑來邀客澆茶碗，
Vũ quá hô đồng lý dược lan.,雨過呼童理藥攔。
"Nam vọng lang yên vô phục khởi,",南望狼煙無復起，
Đồi nhiên nhất tháp mộng thiên an.,頹然一榻夢偏安。
"Đông hàn hạ thử cố xâm tầm,",冬寒夏暑故侵尋，
Lão đại đầu lô tuế nguyệt thâm.,老大頭顱歲月深。
"Kinh quốc oanh hoa thiên lý ngoại,",京國鶯花千里外，
Giang hồ xoa lạp thập niên câm.,江湖簑笠十年今。
"Tụ đầu nan đắc thường thanh mục,",聚頭難得常青目，
Lý phát đương tri vị bạch tâm.,理髮當知未白心。
"Lam thuỷ Hồng sơn vô hạn thắng,",藍水鴻山無限勝，
Bằng quân thu thập trợ thanh ngâm.,憑君收拾助清吟。
"Khách niên quá thử bất lưu hành,",客年過此不留行，
Kim dĩ kinh tuần vị khởi trình.,今已經旬未起程。
"Tam túc trì trì phi xuất hoạch,",三宿遲遲非出畫，
Độc hành củ củ vị tồn kinh.,獨行踽踽為存荊。
"Quyền hành đại nghĩa thiên kim trọng,",權衡大義千金重，
Bình ngạnh vi khu nhất diệp khinh.,萍梗微軀一葉輕。
"Đại hạ kỷ thời xanh đắc trụ,",大厦幾時撑得住，
Giác cân tư đệ toại bình sinh.,角巾私第遂平生。
"Nhất khang xuân phủ dục tiên nghiên,",一腔春府毓鮮研，
Cận thuỷ lâu đài nguyệt phù tiên.,近水樓臺月浮先。
"Lã Phụ xưởng tân khai ngạn chử,",呂父廠新開岸渚，
Minh Phi kính dĩ quải liêm tiền.,明妃鏡已掛簾前。
"Nhàn trung đắc ý quan thiên địa,",閒中得意觀天地，
Tĩnh lý tri tâm đối thánh hiền.,靜裏知心對聖賢。
"Mặc hội hướng dương hoa thảo thú,",默會向陽花草趣，
Tân chi tân đức lạc ngô thiên.,新枝新德樂吾天。
"Thành trung kỷ độ đấu viêm lương,",城中幾度鬬炎涼，
Mạn tống du du tuế nguyệt trường.,漫送悠悠歲月長。
"Tán chất khởi kham tiện thế dụng,",散質豈堪便世用，
Kiều tâm tu bả đố thời trang.,嬌心羞把妒時粧。
"Hàn tùng vãn cúc Uyên Minh kính,",寒松晚菊淵明徑，
Độc thụ cô thôn Tử Mỹ đường.,獨樹孤村子美堂。
"Hiền tướng thảng lân môn hạ sĩ,",賢相儻憐門下士，
Khẳng dung quần tác bạch đầu lang.,肯容群作白頭郎。
"Vũ Lâm nhất đới bích thiều thiều,",武林一帶碧迢迢，
Vương sự ninh từ bạt thiệp diêu.,王事寧辭跋涉遙。
"Sơn quán túc tình yên thụ hợp,",山館宿晴煙樹合，
Quận đình bạc noãn tuyết hoa tiêu.,郡庭薄暖雪花消。
"Vũ phu cảm khấp quan Đường chiếu,",武夫感泣觀唐詔，
"Phụ lão phù lê thính Hán triều,",父老扶藜聽漢朝。
"Tự quí vi lao hà bổ báo,",自愧微勞何補報，
Nguyện dương hoàng hoá đảm thiên kiêu.,願揚皇化憺天驕。
"Thượng đế hiếu sinh liên chấp nịch,",上帝孝生憐執溺，
Thần ngoan nhất dạ chấn Thiên Uy.,神刓一夜震天威。
"Kinh trăn tự tắc Thiết sơn yển,",荊蓁自塞鐵山堰，
Chu tiếp nan thông Tiên mẫu từ.,舟楫難通仙母祠。
"Thánh chủ tuất binh cần động niệm,",聖主恤兵廑動念，
Ngu thần sự thượng hạnh đầu ky.,愚臣事上幸投机。
"Tòng kim cảng vận vô gian trở,",從今港運無艱阻，
Dục thọ nhân tình lại bất nguy.,欲壽人情賴不危。
Phong trào bột bột ngũ châu lai,風潮渤渤五洲來，
Chiến Quốc Xuân Thu hựu thử hồi,戰國春秋又此回。
Cục ngoại vương tôn an tú chẩm,局外王孫安繡枕，
Sơn trung tể tướng mệnh hà bôi,山中宰相命霞杯。
Trù thiêm hải ốc thân nhưng kiện,籌添海屋身仍健，
Hương nhạ Bàn đào yến vị khai,香惹蟠桃燕未開。
Thiên hạnh Lộc Minh đình tiểu trú,偏幸鹿鳴亭小住，
Hướng dương hoa thảo cận Bồng Lai,向陽花草近蓬萊。
"Phanh trà nhưỡng tửu khán hoa khai,",烹茶釀酒看花開，
Đa thiểu nhàn tình hứng dị thôi.,多少閒情興易催。
"Hạc toán y kỳ duyên hải chí,",鶴算依期緣海至，
Oanh thanh nhiễu thụ báo xuân hồi.,鶯聲遶樹報春回。
"Phú quy Bành Trạch thôi cao ẩn,",賦歸彭澤推高隱，
Thi đáo Trần Tư hữu biệt tài.,詩到陳思有別才。
"Thất thập niên hoa khang thả kiện,",七十年華康且健，
Đoàn viên khánh đổ nguyệt châu thai.,團園慶覩月珠胎。
"Lộc Minh cố sự ký đinh niên,",鹿鳴故事記丁年，
Lục Dã quy lai tảo tự hiền.,綠野歸來早自賢。
"Lục thập niên gian triều quận vọng,",六十年間朝郡望，
Tam hưu đình hạ thái hoà thiên.,三休亭下泰和天。
"Kỷ vô đồng bối tham văn ẩm,",幾無同輩參文飲，
Cập kiến tân kinh cải trị huyền.,及見新經改治弦。
"Nghĩ tác Mậu Thìn trùng phó yến,",擬作戊辰重赴宴，
Mãn đình kim tử thị hoa diên.,滿庭金紫侍花筵。
"Tang hồ tân khánh tiểu phi y,",桑弧新慶小緋衣，
Khởi đắc niên ông đại giải di.,起得年翁大解頤。
"Thiên hạ sự nan duy tố phụ,",天下事難惟做父，
Danh gia phúc hậu thả khan nhi.,名家福厚且看兒。
"Sơn trừ mai phẩm nghi tu đáo,",山儲梅品宜修到，
Hải xuất châu quang bất quản trì.,海出珠光不管遲。
"Sự nghiệp văn chương đô quán kiến,",事業文章都慣見，
Giai đàm đệ nhất đáo kim tri.,佳談第一到今知。
"Nhất toạ châu lâm ỷ thuý bình,",一座珠琳倚翠屏，
Y nhiên thắng cảnh hoạ nan thành.,依然勝景畫難成。
"Dục tuân thái lão sơn vô ký,",欲詢太老山無記，
Tòng trú thiền sư tự dĩ danh.,從住禪師寺已名。
"Hạ lĩnh viên truyền phong ngoại kệ,",下嶺猿傳風外偈，
Độ kiều bồ hống nguyệt sơ thanh.,度橋蒲吼月初聲。
"Kỳ kim vạn tượng kinh thần phẩm,",祇今萬象經宸品，
Trường diệu anh thanh phúc thái bình.,長耀英聲福太平。
"Hải bang yên thuỷ khoát nhi thâm,",海邦煙水闊而深，
Lang miếu giang hồ ký nhất ngâm.,廊廟江湖寄一吟。
"Huân nghiệp hữu thư lưu quỹ thất,",勳業有書留櫃室，
Phong ai vô luỵ đáo viên lâm.,風埃無累到園林。
"Gian trinh chung giác hoàng thường cát,",艱貞終覺黃裳吉，
Ưu ái ninh tri bạch phát xâm.,憂愛寧知白髮侵。
"Tướng quốc chi kim ngu quyến mẫu,",相國祗今娛畎畝，
Mỹ điền vị tất thị sơ tâm.,美田未必是初心。
"Thông thông thế lộ khổ cầu quan,",匆匆世路苦求官，
Thuỳ liệu tiên sinh thoát tỷ khan.,誰料先生脫屣看。
"Khoa hoạn túng hư hoàn khởi dị,",科宦縱虛完豈易，
Quận triều lưỡng trọng thoái vưu nan.,郡朝兩重退尤難。
"Trùng Thân hữu mệnh ninh từ tước,",重申有命寧辭爵，
Nhị Dậu tiền minh nhẫn phụ san.,二酉前盟忍負山。
"Tổng thị vô tâm học bất đắc,",總是無心學不得，
Tùng long nhuận vật phiến vân hoàn.,從龍潤物片雲還。
"Trọng quan lưu khứ hệ giang san,",重官留去係江山，
Để ý thời nhân thức đắc nan.,底意時人識得難。
"Sự túng khả vi ninh bạch thủ,",事縱可為寧白首，
Thân do đại dụng cưỡng gia xan.,身猶大用強加餐。
"Hoạ sa vô nại bi tiền tịch,",畫沙無奈悲前席，
Mẫn thế tương yên trúc pháp đàn.,憫世將焉築法壇。
"Thượng hữu đông ly quy tiện hảo,",尚有東籬歸便好，
Vị tha hoang cúc nhất khai nhan.,為他荒菊一開顏。
"Ngũ triều dương lịch dã tri tân,",五朝揚歷也知津，
Mạo hỹ na kham mãn lộ trần.,耄矣那堪滿路塵。
"Hành chỉ toán lai thời nghĩa tại,",行止算來時義在，
Thị phi vị tất tạc kim chân.,是非未必昨今真。
"Thao thiên dân ẩn quan hoài thiết,",滔天民隱關懷切，
Thống nhất không ngôn ám lệ tần.,統一空言暗淚頻。
"Phạm lão thử tâm vô tiến thoái,",范老此心無進退，
Dao dao tây hướng hựu ưu quân.,遙遙西向又憂君。
"Cao ư sơn nhạc khiết ư tuyền,",高於山岳潔於泉，
Khởi vị phù sinh tục luỵ khiên.,豈為浮生俗累牽。
"Kinh hoạn thần tiên do phạ náo,",京宦神仙猶怕鬧，
Tiền thân hiệp phật thả tuỳ duyên.,前身俠佛且隨緣。
"Thành công huống dĩ thôi hàn tuế,",成功況已催寒歲，
Hậu lạc nguyên lai thị cố viên.,後樂原來是故園。
"Chi thử liên tài xuân ý thiết,",祗此憐才春意切，
Tài hoa điểm kiểm bất tri niên.,栽花點檢不知年。
"Hồ hải lâu da thị tiết lâu,",湖海樓耶是節樓，
Danh đô hào khí xứng phong lưu.,名都豪氣稱風流。
"Mãn sàng bảo ngoạn tâm thiên cổ,",滿床寶玩心千古，
Tứ bích đồ thư mục ngũ châu.,四壁圖書目五洲。
"Nguyệt dạ lưu tân đàm cựu cú,",月夜留賓談舊句，
Tinh sà hữu tử thoại tiền du.,星槎有子話前遊。
"Tức kim soái phủ nhu kinh thuật,",即今帥府需經術，
Tả hữu chân năng đắc Nghiệp hầu.,左右真能得鄴侯。
"Tích xuân hoa thảo vị thuỳ dung,",惜春花草為誰容，
Ninh nại lân quân độc vãn hồng.,寧耐憐君獨晚紅。
"Diễm sắc bất điêu tam nguyệt vũ,",豔色不凋三月雨，
Phương tâm dĩ giá nhất niên phong.,芳心已嫁一年風。
"Lạc hà ảnh lý lưu oanh lão,",落霞影裏流鶯老，
Minh nguyệt chi đầu vũ điệp dung.,明月枝頭舞蝶慵。
"Khước tiếu vu quỳ hoa thái thiểu,",卻笑于葵花態少，
Kỷ phiên tiều tuỵ nhất phiên nùng.,幾番憔悴一番濃。
"Thiên cù như thuỷ thự quang nùng,",天衢如水曙光濃，
Sứ tiết sơ từ phượng các Đông.,使節初辭鳳閣東。
"Hoa phố xung hàn cừu đới nguyệt,",花浦衝寒裘帶月，
Liễu kiều sấn hiểu mã tê phong.,柳橋趁曉馬嘶風。
"Tân bằng khiển quyển tam bôi tửu,",賓朋繾綣三杯酒，
Thân thế bình an nhất lộ thông.,身世平安一路通。
"Thủ bí từ từ hồi thủ vọng,",手轡徐徐回首望，
Tràng An chỉ xích ngũ vân hồng.,長安咫尺五雲紅。
"Tính danh đồng thị nhị nghi sinh,",姓名同是二儀生，
Nhất nặc nhân duyên vạn cổ tình.,一諾因緣萬古情。
"Nhật nguyệt chiếu lâm hình ảnh mật,",日月炤臨形影密，
Càn khôn khoan khoát thất gia bình.,乾坤寬闊室家平。
"Hồng trang la đới hà thiên lý,",紅粧羅帶霞千里，
Bích ủng dao bình lộ ngũ canh.,碧擁瑤屛露五更。
"Kỷ độ giang hà thành biến cải,",幾度江河成變改，
Phong ba bất cải thử kiên trinh.,風波不改此堅貞。
"Thuỷ quốc vi phong chính khả nhân,",水國微風正可人，
Thanh tôn khuynh tận tống dư huân.,清樽傾盡送餘曛。
"Lô hoa sắt sắt triều thôn ngạn,",蘆花瑟瑟潮吞岸，
Thiên sắc y y nhạn một vân.,天色依依雁沒雲。
"Tiệt phố ngư yên chung vận tiểu,",截浦漁煙鐘韻小，
Toái than lỗ bạo dạ lương phân.,碎灘櫓雹夜涼分。
Ngọc kinh thiên lý tình vô nại...,玉京千里情無奈，
"Giang, Hán đình chu khán đẩu văn.",江漢停舟看斗文。
"Khứ niên hạ thủ tống phù quân,",去年夏首送夫君，
Giải cấu tương phùng kim tảo xuân.,邂逅相逢今早春。
"Vũ tiết đạp tàn Nam Lĩnh chướng,",羽節踏殘南嶺瘴，
Đơn y đái đắc Bắc Kinh trần.,單衣帶得北京塵。
"Công danh ngẫu nhĩ hồn dư sự,",功名偶爾渾餘事，
Phong độ liên cừ cận cổ nhân.,風度憐渠近古人。
"Đa thiểu hữu hoài tu hậu hội,",多少有懷須後會，
Liên sàng khoản khoản thoại tình thân.,連床款款話情親。
"Ảnh chiếu sơn đầu đàm thuỷ my,",影照山頭潭水湄，
Phong quang bất cải thái bình thì.,風光不改太平時。
"Dân gia tác tức hào ngư lạc,",民家作息濠魚樂，
"Thế cục thăng trầm dã điểu phi,",世局升沉野鳥飛。
"Đề kiếm tư du thù mạnh lãng,",提劍斯遊殊孟浪，
Quải quan vãng sự thượng y hy.,掛冠往事尚依稀。
"Hộ chu nghĩ trúc Liên hoa thất,",戶朱擬築蓮花室，
Ẩn ước cám hàn bạng liễu ty.,隱約紺寒傍柳絲。
"Nhàn hoa vô chủ trục phong phi,",閒花無主逐風飛，
Bạch thủ cung nhân độc tự bi.,白首宫人獨自悲。
"Nhĩ mục dĩ di tân phục ngữ,",耳目已移新服語，
Y quan bất đổ cựu uy nghi.,衣冠不覩舊威儀。
"Mộc miên chi thượng hàn nha lão,",木棉枝上寒鴉老，
Kim tự môn tiền chiến mã phì.,金字門前戰馬肥。
"Tối thị bất quan hưng phế sự,",最是不關興廢事，
Thượng lâm xuân sắc chính y y.,上林春色正依依。
"Song phong tuấn trĩ uyển phân mao,",雙峯峻峙宛分茅，
Biệt xưởng càn khôn tối thuý kiêu.,別厰乾坤最邃嶠。
"Ông uất xuân huyên hân tịnh mậu,",蓊鬱椿萱欣並茂，
Lân tuân Hỗ Dĩ ngưỡng di cao.,嶙峋岵屺仰彌高。
"Nghinh phong hoa vũ ban lan sắc,",迎風花舞斑斕色，
Bộc bố tuyền si chỉ mỹ giao.,瀑布泉篩旨美膠。
"Sứ viễn du nhân chiêm vọng xứ,",使遠遊人瞻望處，
Giải tương trúc thạch cảm cù lao.,解將竹石感劬勞。
"Cổ Phao thành thượng thông thông khứ,",古拋城上匆匆去，
Hồi thủ vi mang kiến cố hương.,回首微茫見故鄉。
"Xử thế khả vô kỳ cử động,",處世可無奇舉動，
Mưu gia hà tất trọng tư lương.,謀家何必重思量。
"Đãn ngôn vũ trụ giai ngô phận,",但言宇宙皆吾分，
Bất hứa sơn hà thuộc bỉ cường.,不許山河屬彼強。
"Vạn cổ ưng truyền kỳ tuyệt sự,",萬古應傳奇絕事，
Tệ khâm tàn lạp sứ thần trang.,敝衾殘笠使臣裝。
"Khổng thánh hoằng khai quán đức môn,",孔聖宏開觀德門，
Khan lai Quắc Tướng dục tài viên.,看來矍相育材園。
"Trì cung thẩm cố ung dung mỹ,",持弓審顧雍容美，
Sĩ ngẫu đồng đăng lễ nhượng tôn.,俟偶同登禮讓尊。
"Đa thiểu tuấn anh quy cấu nội,",多少俊英歸彀內，
Hứa nhiêu dũng hãn xuất tường phiên.,許饒勇悍出牆藩。
"Đương thì quán cách tri hà dụng,",當時貫革知何用，
Tư phố danh xưng kim cổ tồn.,茲圃名稱今古存。
"Phiến phiến phong phàm độ thuỷ nhai,",片片風帆渡水涯，
Hồ trung Ngô Sở thuỷ phân kỳ.,湖中吳楚水分岐。
"Biên chu nguyệt ám nga my ảnh,",扁舟月暗蛾眉影，
Tùng trúc yên ngưng ngọc lệ chi.,叢竹煙凝玉淚枝。
"Thảo thụ tích mê Vân Mộng liễn,",草樹跡迷雲夢輦，
Hoàng kim danh lặc Nhạc Dương bi.,黃金名勒岳陽碑。
"Quân Sơn thập nhị kính qua hậu,",君山十二逕過後，
Hồng quất phân cam dẫn tửu chi.,紅橘分甘引酒巵。
"Hình đài thành lý giá chinh an,",邢臺城裡駕征鞍，
Nhất đới trường hồng trứ nhãn khan.,一帶長虹著眼看。
"Lương hạ nguyệt đê thôn thán ảnh,",梁下月低吞炭影，
Bản đầu sương ấn tất thân hàn.,板頭霜印漆身寒。
"Chúng nhân kim nhật kinh qua dị,",眾人今日經過易，
Quốc sĩ đương niên khứ trú nan.,國士當年去住難。
"Triệu Mạnh cơ đồ tuỳ thệ thuỷ,",趙孟基圖隨逝水，
Kiều danh chung cổ chiếm giang can.,橋名終古占江干。
"Bát tận nhàn sầu độc ỷ bồng,",撥盡閑愁獨倚蓬，
Thuỷ quang diểu diểu tứ hà cùng.,水光渺渺思何窮。
"Tùng Lâm địa xích cương Nam Bắc,",松林地斥疆南北，
Long Vĩ sơn hoành hạn yếu xung.,龍尾山橫限要衝。
"Nghĩa khí tảo không thiên chướng vụ,",義氣掃空千障霧，
Tráng hoài hô khởi bán phàm phong.,壯懷呼起半帆風。
"Biển chu tiện ngã triều thiên khách,",扁舟羨我朝天客，
Trực giá kình nghê khoá hải Đông.,直駕鯨鯢跨海東。
"Tam niên tam thướng Hải Vân đài,",三年三上海雲臺，
Nhất điểu thân khinh độc vãng hồi.,一鳥身輕獨往回。
"Thảo thụ bán không đê nhật nguyệt,",草樹半空低日月，
Càn khôn chích nhãn tiểu trần ai!,乾坤隻眼小塵埃。
"Văn phi sơn thuỷ vô kỳ khí,",文非山水無奇氣，
Nhân bất phong sương vị lão tài.,人不風霜未老才。
"Hưu đạo Tần quan chinh lộ hiểm,",休道秦關征路險，
Mã đầu hoa tận đới yên khai!,馬頭花盡帶煙開。
"Nhạc Dương tuý hậu thoại quy trình,",岳陽醉後話歸程，
Lộ nhập Hàm Đan thảo thụ tình.,路入邯鄲草樹晴。
"Hồng mễ vô tâm lưu phú quý,",紅米無心留富貴，
Hoàng lương hữu ý chử công danh.,黃梁有意煑功名。
"Đa tương thế hốt ky trần mộng,",多將替笏羇塵夢，
Thuỳ hướng vân yên lộng địch thanh.,誰向雲煙弄笛聲。
"Ninh tĩnh dã tri tiên bất viễn,",寧靜也知僊不遠，
Hà tu tá chẩm ngoạ Lư sinh.,何須借枕臥盧生。
"Thuyết trước sa trường cảm khái đa,",說著沙場感慨多，
Như kim Hàm Tử mạn kinh qua.,如今鹹子謾經過。
"Cổ chinh hung dũng triều thanh cấp,",鼓鉦洶湧潮聲急，
Kỳ bái sâm si trúc ảnh tà.,旗旆參差竹影斜。
"Vương đạo hồi xuân nùng cổ thụ,",王道回春濃古樹，
Hồ quân bão hận sấu hàn ba.,胡軍抱恨漱寒波。
"Toa Đô thụ thủ tri hà xứ,",唆都授首知何處，
Thuỷ lục sơn thanh nhập vọng xa.,水綠山青入望賒。
"Hoa biểu vân thâm hạc vị quy,",花表雲深鶴未歸，
Phong trang vũ bác một nham phi.,風樁雨剝沒巖扉。
"Đương niên chương phủ tri hà xứ,",當年章甫知何處，
Thử ngoại Bồng Doanh nhậm sở chi.,此外蓬瀛任所之。
"Tang cốc trì đình thành vãng sự,",桑穀池亭成往事，
Châu ky thiên thập kiến bình thì.,珠璣篇什見平時。
"Khách lai đồ ỷ hoàng hôn vũ,",客來徒倚黃昏雨，
Kỷ độ bồi hồi ức Hạng Ty.,幾度徘徊憶項斯。
"Hoan châu nam giới tận Hoành Sơn,",驩州南界盡橫山，
Sáp hán tằng tằng tẩm bích lan.,插漢層層浸碧瀾。
"Bảo Tượng quân vương chinh bái cổ,",寶象君王征旆古，
Huyền Trân công chúa sính liêm tàn.,玄珍公主聘奩殘。
"Trường đê sa dũng kình nghê thiếp,",長堤沙湧鯨鯢帖，
Cố luỹ yên thâm điểu tước nhàn.,故壘煙深鳥雀閒。
"Quan cái bất phương lăng hiểu tuyết,",冠蓋不妨夌曉雪，
Mai hoa tảo chiếm khiếu xuân hoàn.,梅花早占嘯春還。
"Lĩnh ngoại hà hoang quảng đế đồ,",嶺外遐荒廣帝圖，
Tướng quân cổ miếu ỷ Cương Ngô.,將軍古廟倚崗梧。
"Mao phân thiên địa kim do tại,",茅分天地今猶在，
Mễ tụ sơn khê tích vị vu.,米聚山谿昔未蕪。
"Đồng trụ trực tương lưu vĩ tích,",銅柱直將畱偉績，
Vân đài hà tất hội gia mô.,雲臺何必繪嘉謨。
"Ngũ than thiên cổ kinh qua hậu,",五灘千古經過後，
Vị cảm tinh trung điện nhất hồ.,爲感精忠奠一壺。
"Yên mê thảo thụ kỷ kinh trăn,",煙迷草樹幾荊榛，
Nguyên khí vu kim hỷ phục xuân.,元氣于今喜復春。
"Thú vũ phượng nghi hồn tự cựu,",獸舞鳳儀渾似舊，
Long bàn hổ cứ uyển nhiên tân.,龍蟠虎踞宛然新。
"Đối nhân mục mãn vô song cảnh,",對人目滿無雙景，
Hướng hoá tâm do bất nhị dân.,向化心猶不弍民。
"Tự cổ tác tiền công đức hậu,",自古作前功德厚，
Dũ trưng thiên hữu dữ dân thân.,愈徵天祐與民親。
"Tiền cương nhật lạc mã hôi đồi,",前崗日落馬虺隤，
Hành tận Mai quan bất kiến mai.,行盡梅關不見梅。
"Giáp đạo thiên tùng xanh Hán lập,",夾道千松撐漢立，
Duyên vân nhất lộ phách sơn khai.,緣雲一路擘山開。
"Trường An nhật cận liêu thư mục,",長安日近聊舒目，
Cố quốc thiên dao trọng cảm hoài.,故國天遙重感懷。
"Đường tướng nhất tòng thông thử đạo,",唐相一從通此道，
Bất tri kim kỷ bách niên lai.,不知今幾百年來。
"Nam Bình nhất vọng ức nhân long,",南屏一望憶人龍，
Hồ hải thao thao thuỷ thệ đông.,湖海滔滔水逝東。
"Dã thiêu vãn mê giang khẩu hoả,",野燒晚迷江口火，
Phố vân tình quyển thạch đầu phong.,浦雲晴捲石頭風。
"Yên ba sạ tán thôn Ngô hận,",煙波乍散吞吳恨，
Đài tạ do lưu phụ Hán công.,臺榭猶留輔漢攻。
"Dục nhận thiên thu kinh hoạch địa,",欲認千秋經畫地，
Thanh sương tử điện ái sơn trung.,青霜紫電靄山中。
"Giang sơn như thử nhất khai nhan,",江山如此一開顏，
Di cấu khuynh y bất khả phan.,遺構傾欹不可攀。
"Vũ quyển châu liêm không quyển khứ,",雨捲珠簾空捲去，
Vân phi hoạ đống tự phi hoàn.,雲飛畫棟自飛還。
"Lăng thiên cốc biến hàn sa thượng,",陵遷谷變寒沙上，
Cổ vãng kim lai lạc chiếu gian.,古往今來落照間。
Đương nhật phồn hoa hà xứ tại?,當日繁華何處在？
Y nhiên Nam Phố đối Tây San.,依然南浦對西山。
"Gia gia môn ngoại quải hoa đăng,",家家門外掛花燈，
Bạch xích hoàng thanh thượng hạ trang.,白赤黃青上下装。
"Sao bính nhãn khan giai vị mỹ,",炒餅眼看皆味美，
Bao xuy tị xúc hữu hương thăng.,包龡鼻臅有香昇。
"Lão đồng huề thủ hoan nghinh vấn,",老童携手歡迎問，
Viễn cận nhai trung tiếu ngữ đằng.,遠近街中笑語騰。
"Hốt ngộ nữ nhân yêu nhập thất,",忽遇女人要入室，
"Bả trà tự biệt, chúc niên tăng.",把茶敘别祝年增。
"Thân đáo tiên hương ức cố hương,",身到仙鄉憶故鄉，
Nhân duyên nhất đoạn thục mang mang.,姻緣一段蜀茫茫。
"Chiết hoa tích khứ không lưu luyến,",折花跡去空留戀，
Lộng Ngọc tình nùng nhẫn đạm lương.,弄玉情濃忍淡涼。
"Tầm kính vô môi sầu điệp sứ,",尋徑無媒愁牒使，
Thừa tra hữu lộ quý Ngưu Lang.,承槎有路愧牛郎。
"Vân trình đa thiểu đăng tiên khách,",雲程多少登仙客，
Khước thị Từ sinh tục mộng trường.,卻是徐生俗夢長。
"Bách thế nhân duyên nghĩ tục hoàn,",百世姻緣擬續完，
Tiên trần lộ quýnh khước vô đoan.,仙塵路迥卻無端。
"Ngọc tiêu hưởng đoạn thương phi phượng,",玉簫響斷傷飛鳳，
Bích động đài thâm trướng biệt loan.,壁峒苔深悵別鸞。
"Đáo để anh tài đa mạnh lãng,",到底英才多孟浪，
Do lai tiên tử nại u nhàn.,由來仙子耐幽閒。
"Thuỳ thông Quỳnh đảo ngư thư sứ,",誰通瓊島漁書使，
Kim mã đường trung hữu mẫu đan.,金馬堂中有牡丹。
"Văn đạo mẫu đơn tài ngọc thự,",聞道牡丹裁玉署，
Hồng anh chủng xuất Tống công gia.,紅英種出宋公家。
"Tao khang thực kết tam thiên tử,",糟糠實結三千子，
Kỳ cảo chi sinh bát vạn kha.,綦縞枝生八萬柯。
"Tiên mộng tranh như xuân mộng tín,",仙夢爭如春夢信，
Vân hương khước bội cố hương xa.,雲鄉卻倍故鄉賒。
"Quảng Hàn hữu quế kham phàn chiết,",廣寒有桂堪攀折，
Ninh hướng thanh hư bạn Tố Nga.,寧向清虛伴素娥。
"Đa tài vị hữu bất đa tình,",多才未有不多情，
Ứng thế đô tòng giáng thế sinh.,應世都從降世生。
"Thân vị thoát trần do khí huyết,",身未脫塵猶氣血，
Tâm năng bạt tục thị Bồng Doanh.,心能拔俗是蓬瀛。
"Động Tân hữu phụ duyên phi thiểu,",洞濱有婦緣飛少，
Chức Nữ vô phu mộng bất thành.,織女無夫夢不成。
"Từ lệnh giải huề nương tử khứ,",徐令解攜娘子去，
Hoàng Sơn giai lão cánh cao thanh.,黃山偕老更高清。
"Bắc hải đương niên dĩ lục kình,",北海當年已戮鯨，
Yến an do lự cật nhung binh.,燕安猶慮詰戎兵。
"Tinh kỳ y nỉ liên vân ảnh,",旌旗旖旎連雲影，
Bề cổ huyên điền động địa thanh.,鼙鼓喧闐動地聲。
"Vạn giáp diệu sương tỳ hổ túc,",萬甲耀霜貔虎肅，
Thiên sưu bố trận quán nga hành.,千艘布陣鸛鵝行。
"Thánh tâm dục dữ dân hưu tức,",聖心欲與民休息，
Văn trị chung tu trí thái bình.,文治終須致太平。
"Cáo kha nhất sớ thướng đan trì,",告痾一疏上丹墀，
Khúc chẩn thần ân xuất sở kỳ.,曲軫宸恩出所期。
"Hư hữu phù danh trần duệ thính,",虛有浮名塵睿聽，
Khổ nhân đa bệnh phụ tương tri.,苦因多病負相知。
"Minh đình loan phụng phương hoà tập,",明庭鑾鳳方和集，
Thần lực nô thai khước quyện trì.,臣力駑駘却倦遲。
"Phi thị tố tâm mưu tự dật,",非是素心謀自逸，
Thả tương trung hiếu miễn quần nhi.,且將忠孝勉群兒。
"Kỷ độ phù hàng kỷ độ thê,",幾渡浮航幾度梯，
Tiên nhiêu hựu phiếm Ngũ Than khê.,仙橈又泛五灘溪。
"Cuồng lan yên trục giao cung tán,",狂瀾烟逐鮫宮散，
Tuyết lãng hoa phân nhạn ảnh mê.,雪浪花分鴈影迷。
"Tuần kiểm tân đài phong trận trận,",廵檢新臺風陣陣，
Phục Ba cổ miếu thảo thê thê.,伏波古廟草萋萋。
"Hồi đầu sạ tỉnh giang hồ mộng,",囘頭乍醒江湖夢，
Cô tửu tương tương nghĩ phẩm đề.,沽酒相將擬品題。
"Thung mộc trùng trùng hải lãng tiền,",樁木重重海浪前，
Trầm giang thiết toả diệc đồ nhiên.,沉江鐵鎖亦徒然。
"Phúc chu thuỷ tín dân do thuỷ,",覆舟始信民猶水，
Thị hiểm nan bằng mệnh tại thiên.,恃險難憑命在天。
"Hoạ phúc hữu môi phi nhất nhật,",禍福有媒非一日，
Anh hùng di hận kỷ thiên niên.,英雄遺恨幾千年。
"Kiền khôn kim cổ vô cùng y,",乾坤今古無窮意，
Khước tại Thương Lang viễn thụ yên.,卻在滄浪遠樹煙。
"Sát khí xung khai vạn táo yên,",殺氣衝開萬灶煙，
Duy dư trĩ điệp Nhĩ hà biên.,惟餘畤疊珥河邊。
"Tái vinh thảo mộc huân tàn chiếu,",再榮草木曛殘照，
Nhất độ can qua trực đảo huyền.,一度杆戈直倒懸。
"Ngũ Lĩnh quy hồn ưng vạn lý,",五嶺歸魂應萬里，
Chương Dương vãng sự dĩ thiên niên.,章陽往事已千年。
"Giải tri hưng kế tu xuyên nhạc,",解知興計羞川岳，
Tảo hướng Tây Sơn tống hạ tiên.,早向西山送賀箋。
"Thử khí viêm chưng hạ nhật trường,",暑氣炎蒸夏日長，
Nho gia điền sự thái phân mang.,儒家田事太紛忙。
"Mỗi sầu hữu túc đa sinh nhiệt,",每愁有粟多生熱，
Hựu khủng vô hoà thả phạp lương.,又恐無禾且乏糧。
"Tân phạn kiêm thu liên bản cốc,",薪飯兼收連本穀，
Dữu khuân chỉ tại cập kiên tường.,庾囷只在及肩墻。
"Thế gian vạn sự năng như nguyện,",世間萬事能如願，
Phong dục doanh môn túc mãn đường.,風欲盈門粟滿堂。
"Nhàn song địch thủ ngẫu tương phùng,",閒窗敵手偶相逢，
Thử lạc kham thù đấu quất trung.,此樂堪殊鬥橘中。
"Sơ nhạ hiểu tinh quang thác lạc,",初訝曉星光錯落，
Hốt văn tình bạo toái linh lung.,忽聞晴雹碎玲瓏。
"Tung hoành ám hợp chu thiên số,",縱橫暗合周天數，
Thắng phụ giao tranh lược địa công.,勝負交爭略地功。
"Vạn sự như kỳ tu thuyết trước,",萬事如棋須說著，
Cổ kim cục diện khổ nan đồng.,古今局面苦難同。
"Ngũ Phúc sơn trung dương chiến kỳ,",五福山中揚戰旂，
Nhất thanh thiên ngoại vũ lâm ly.,一聲天外雨淋漓。
"Xao tàn lão diệp cao đê hưởng,",敲殘老葉高低響，
Trích hạ tiều lâu đoạn tục thuỳ.,滴下樵樓斷續垂。
"Tướng mạc tiêu tao hương mộng tỉnh,",將幕蕭騷鄉夢醒，
Nhung trang triêm thấp tiệp thư trì.,戎裝沾濕捷書遲。
"Xuân lai dạ khán tình minh hậu,",春來夜看晴明後，
Tiện thị bình yêu phản bái kỳ.,便是平妖返旆期。
"Hãn giang đông độ mã như phi,",桿江東渡馬如飛，
Cực mục hoang thành phú Thử ly.,極目荒城賦黍離。
"Nhất lệ vô quan thiên hạ sự,",一淚無關天下事，
Thập niên do kiến thái bình thi.,十年猶見太平詩。
"Quân thanh bạch nhật tinh kỳ biến,",軍聲白日旌旗變，
Dã sắc thanh san hổ báo si.,野色青山虎豹癡。
"Vạn lý kinh phong thôi hải khiếu,",萬里驚風催海嘯，
Thuỳ tương xích kiếm điện nam duy.,誰將尺劍奠南維。
"Tinh kỳ lạp lạp xuất Dương Quan,",旌旗獵獵出陽關，
Tương thủ vân trình bát lý san.,驤首雲程八里山。
"Trung thổ đề phong tòng Lĩnh kiệu,",中土提封從嶺嶠，
Tiên hoàng uy đức tại khu hoàn.,先皇威德在區寰。
"Đãng bình vương đạo tuân vô trắc,",蕩平王道遵無惻，
Trinh cố thần tâm lợi khắc gian.,貞固臣心利克艱。
"Bất dụng lâm kỳ châm biệt tửu,",不用臨岐斟別酒，
Chư quân tằng thử cận diêu hoàn.,諸君曾此覲軺還。
"Bất ngộ truân như bất kiến kỳ,",​不遇屯如不見奇，
Nhất môn tam liệt tối kham bi.,一門三烈最堪悲。
"Châu trầm thử địa kim do chí,",珠沉此地今猶誌，
Hoa lão dư xuân thế khởi tri.,花老餘春世豈知。
"Giang yết đào thanh lưu nghĩa lệ,",江咽濤聲留義淚，
Sơn hàm nguyệt sắc chiếu u tư.,山銜月色照幽姿。
"Khả liên phủ ngưỡng không trần tích,",可憐俯仰空塵跡，
Suy thảo hàn yên nhất thạch bi.,衰草寒煙一石碑。
"Quách ngoại bình hồ ánh viễn lâm,",郭外平湖映遠林，
Linh Lang từ miếu ỷ thu âm.,靈郎祠廟倚秋陰。
"Sơn xuyên Phục tượng hùng uy tại,",山川伏象雄威在，
Quân quốc đồ long tích hận thâm.,軍國屠龍積恨深。
"Tây cực biên phong không thảm đạm,",西極邊烽空慘淡，
Đông Kinh sinh khí cánh tiêu trầm.,東京生氣竟銷沉。
"Thập niên thư kiếm trùng hồi thủ,",十年書劍重回首，
Do thị đăng xa cựu nhật tâm.,猶是登車舊日心。
"Ngã xuất thời quan hải thuỷ thanh,",我出時觀海水青，
Ngã lai tự cựu tiếp không minh.,我來似舊接空明。
"Liên thiên trùng ngạn hoàn thiên phủ,",連千重岸環天府，
Cách nhất hoằng trư khoá thái thanh.,隔一泓瀦跨太清。
"Kích cổ lâu thuyền dư nộ lãng,",擊鼓樓船餘怒浪，
Điền hà lạc thạch thất trường kình.,填河落石失長鯨。
"Phùng Di hà dữ nhân gian sự,",馮夷何與人間事，
Nhật dạ trì khu bất thiểu đình.,日夜馳驅不少停。
"Thần Phù hải khẩu dạ trung qua,",神符海口夜中過，
Nại thử phong thanh nguyệt bạch hà.,奈此風清月白何。
"Giáp ngạn thiên phong bài ngọc duẩn,",夾岸千峰排玉筍，
Trung lưu nhất thuỷ tẩu thanh xà.,中流一水走青蛇。
"Giang sơn như tạc anh hùng thệ,",江山如昨英雄逝，
Thiên địa vô tình sự biến đa.,天地無情事變多。
"Hồ Việt nhất gia kim hạnh đổ,",胡越一家今幸睹，
Tứ minh tòng thử tức kình ba.,四溟從此息鯨波。
"Phân thuỷ sơn tiền nhị thuỷ phân,",分水山前二水分，
Thiên Bình thuỷ diện tự lân tuân.,天平水面似磷峋。
"Nhất bôi không điện lâm giang miếu,",一杯空奠臨江廟，
Thiên cổ thuỳ vi xế thạch nhân.,千古誰為砌石人。
"Bán lĩnh khê tuyền giai nhập Sở,",半嶺溪泉皆入楚，
Mãn châu bi kiệt dĩ phi Tần.,滿洲碑碣已非秦。
"Chu nhân tranh chỉ gia hương cận,",舟人爭指家鄉近，
Não sát thù phương lão sứ thần.,惱殺殊方老使臣。
"Bất thị Trường Sa lão Giả sinh,",不是長沙老賈生，
Vị hoàng thiên tử ố phân canh.,未遑天子惡紛更。
"Hậu nguyên tuy khuyết lễ văn sự,",後元雖缺禮文事，
"Tuyên Thất hoàn phi thống khốc đình,",宣室還非痛哭庭。
"Tất cạnh thiếu niên đa hiệp khí,",畢競少年多挾氣，
Toại giao nhất chức khổ quan tình.,遂教一職苦關情。
"Dục tầm cố trạch lai bằng điếu,",欲尋故宅來憑吊，
Giang thụ y y thượng bất bình.,江樹依依尚不平。
"Nham bài giản khúc trở kinh qua,",巖排澗曲阻經過，
Vũ Thắng quan tiền yết mộ già.,武勝關前咽暮笳。
"Vân tế nhạn hoành tinh sổ điểm,",雲際雁横星數點，
Thôn đầu kê xướng nguyệt sơ tà.,村頭雞唱月初斜。
"Lộ thông Hồ Bắc khai xà huyệt,",路通湖北開蛇穴，
Sơn hạn Nam Hà chế khuyển nha.,山限南河制犬牙。
"Điều đệ quy trình tâm tự tiễn,",迢遞歸程心似箭，
Dao khan cố quốc kỷ thiên nhai.,遙看故國幾天涯。
"Thành hạ Trường Giang bích thuỷ dung,",​城下長江碧水溶，
Môi lai đan quế ảnh trùng trùng.,媒來丹桂影重重。
"Nhất hồ dạ tĩnh ngọc tàng thố,",一壺夜靜玉藏兔，
Vạn khoảnh thu trừng châu bão long.,萬頃秋澄珠抱龍。
"Ngũ Lĩnh hàn lung sơn sắc đạm,",五嶺寒籠山色淡，
Tam Tương tình đới thuỷ quang nùng.,三湘晴帶水光濃。
"Thanh huy yêu đắc tiên lâu khách,",清輝邀得仙樓客，
Hạo hạo thi bài tửu mãn chung.,浩浩詩牌酒滿鍾。
"Trung nguyên đại thế dĩ đồi đường,",中原大勢已頹唐，
Kiệt lực cô thành khống nhất phương.,竭力孤城控一方。
"Chung nhật tử trung tâm bất động,",終日死中心不動，
Thiên thu địa hạ phát do trường,千秋地下髮猶長。
"Tàn Minh miếu xã đa thu thảo,",殘明廟社多秋草，
Toàn Việt sơn hà tận tịch dương,全越山河盡夕陽。
"Cộng đạo Trung Hoa thượng tiết nghĩa,",共道中華尚節義，
Như hà hương hỏa thái thê lương.,如何香火太凄涼。
"Cẩm phàm cao quải ấp thanh tiêu,",錦帆高挂挹清飊，
Vãn sấn bình than thính thuỷ triều.,晚趂平灘聽水潮。
"Chỉ xích thiên đình lai ngọc chiếu,",咫尺天庭來玉詔，
Bách thiên lý lộ phóng lan nhiêu.,百千里路放闌橈。
"Vọng cùng lĩnh thụ hương quan dị,",望窮嶺樹鄉關異，
Ngâm bãi giang mai tuế nguyệt tiêu.,吟罷江梅歲月銷。
"Bái ảnh nhật quang tân quốc hiệu,",斾影日光新國號，
Dao phân tiên sủng diệu Nam triều.,遙分仙寵耀南朝。
"Thập niên phiêu chuyển thán bồng bình,",十年飄轉嘆蓬萍，
Quy tứ dao dao nhật tự tinh.,歸思搖搖日似旌。
"Kỷ thác mộng hồn tầm cố lý,",幾托夢魂尋故里，
Không tương huyết lệ tẩy tiên doanh.,空將血淚洗先塋。
"Binh dư cân phủ ta nan cấm,",兵餘斤斧嗟難禁，
Khách lý giang sơn chỉ thử tình.,客裡江山只此情。
"Uất uất thốn hoài vô nại xứ,",鬱鬱寸懷無奈處，
Thuyền song thôi chẩm đáo thiên minh.,船窗推枕到天明。
"Linh Phong cổ sát cận Bàn thành,",靈峰古剎近槃城，
Huề hữu đăng lâm bộ bộ khinh.,攜友登臨步步輕。
"Hữu hoạ sơn vân phù phiến phiến,",有畫山雲浮片片，
Vô ba tuyền thuỷ lạc thanh thanh.,無波泉水落聲聲。
"Ngự sàng hoán tỉnh quân vương mộng,",御床喚醒君王夢，
Thạch thất trường lưu Đại sĩ danh.,石室長留大士名。
"Hà hạnh thử sinh tu đắc đáo,",何幸此生修得到，
Tương yêu địa chủ thái đa tình.,相邀地主太多情。
"Lam sơn chí thử duyên sinh kế,",藍山至此緣生繼，
Canh giá vô ưu bão noãn thân.,耕稼無耰抱卵身。
"Ngư võng tuỳ triều thu tiểu lợi,",魚網隨朝收小利，
Tàm tang cần ỷ hữu lương ân.,蠶桑勤依有良恩。
"Hạnh phùng quan lộ nhưng đa hoạ,",幸逢官路仍多禍，
Bất thức nhân hoà đại thất chân.,不識人和大失真。
"Điều lý tảo hồi quan cúc kính,",條里早回觀匊敬，
Thiện hành di phúc hậu lai nhân.,善行詒福後來人。
"Quỷ môn thạch kính xuất vân côn,",鬼門石徑出雲根，
Chinh khách nam quy dục đoạn hồn.,征客南歸欲斷魂。
"Thụ thụ đông phong xuy tống mã,",樹樹東風吹送馬，
Sơn sơn lạc nguyệt dạ đề viên.,山山落月夜啼猿。
"Trung tuần lão thái phùng nhân lãn,",中旬老態逢人懶，
Nhất lộ hàn uy trượng tửu ôn.,一路寒威杖酒溫。
Sơn ổ hà gia đại tham thuỵ?,山塢何家大貪睡，
Nhật cao do tự yểm sài môn.,日高猶自掩柴門。
"Liên phong cao sáp nhập thanh vân,",連峰高插入青雲，
Nam bắc quan đầu tựu thử phân.,南北關頭就此分。
"Như thử hữu danh sinh tử địa,",如此有名生死地，
Khả liên vô số khứ lai nhân.,可憐無數去來人。
"Tắc đồ tùng mãng tàng xà hổ,",塞途叢莽藏蛇虎，
Bố dã yên lam tụ quỷ thần.,布野煙嵐聚鬼神。
"Chung cổ hàn phong xuy bạch cốt,",終古寒風吹白骨，
Kỳ công hà thủ Hán tướng quân.,奇功何取漢將軍。
"Nguyên dạ không đình nguyệt mãn thiên,",元夜空庭月滿天，
Y y bất cải cựu thuyền quyên.,依依不改舊嬋娟。
"Nhất thiên xuân hứng thuỳ gia lạc,",一天春興誰家落，
Vạn lý Quỳnh Châu thử dạ viên.,萬里瓊州此夜圓。
"Hồng Lĩnh vô gia huynh đệ tán,",鴻嶺無家兄弟散，
Bạch đầu đa hận tuế thì thiên.,白頭多恨歲時遷。
"Cùng đồ liên nhữ dao tương kiến,",窮途憐汝遙相見，
Hải giác thiên nhai tam thập niên.,海角天涯三十年。
"Nam bắc thanh hoàng lưỡng dạng phân,",南北青黄兩樣分，
Hưu tương phù lợi dịch thiên chân.,休將浮利役天真。
"Tích liên khoát tụ đàm thi khách,",昔連豁袖談詩客，
Kim bạn già quan thuyết tính nhân.,今伴伽冠説性人。
"Sắc tức thị không không tức sắc,",色即是空空即色，
Thân nguyên do đạo đạo do thân.,身原猶道道猶身。
"Bàng nhân mạc tiếu dư mưu chuyết,",傍人莫笑予謀拙，
Thiện niệm tiền đầu hữu thiện nhân.,善念前頭有善因。
"Tích ngã cường tráng dữ nhĩ thân,",昔我強壯與爾親，
Phàm hữu ẩm thực vô bất quân.,凡有飲食無不均。
"Ngã kim suy lão thả đa bệnh,",我今衰老且多病，
Nhĩ tương niết ngột mưu thoát thân.,爾將臲卼謀脫身。
"Hồ vi dục khứ bất tiện khứ,",胡為欲去不便去，
Không sử nhất tần phục nhất tần.,空使一顰復一顰。
"Hành tai mạc sức thư hoàng khẩu,",行哉莫飭雌黃口，
Tự nhĩ tòng vi bất phạp nhân.,似爾從違不乏人。
"Đa thiểu anh hùng sản vực trung,",多少英雄產域中，
Kỳ vi chí dã bất tương đồng.,其為志也不相同。
"Xuất tư kiêm thiện công quang thế,",出斯兼善功光世，
Xử tất thâm tàng đạo tuẫn cung.,處必深藏道徇躬。
"Mục Dã nhất nhung khai đại nghiệp,",牧野一戎開大業，
Lô Sơn ngũ liễu kích thanh phong.,盧山五柳激清風。
"Thời tai thân khuất phương vi chính,",時哉伸屈方為正，
Thị đạo dư tương miễn dụng công.,是道予將勉用功。
"Sơn vũ liêu liêu trú mộng hồi,",山宇寥寥晝夢回，
Vi lương nhất tuyến khởi đình mai.,微涼一線起庭梅。
"Yến tầm cố luỹ tương tương khứ,",燕尋故壘相將去，
Thiền yết tân thanh lục tục lai.,蟬咽新聲陸續來。
"Điểm thuỷ khê liên vô tục thái,",點水溪蓮無俗態，
Xuất ly trúc duẩn bất phàm tài.,出籬竹筍不凡材。
"Thê ngô tĩnh cực hoàn thành lãn,",棲梧靜極還成懶，
Án thượng tàn thư phong tự khai.,案上殘書風自開。
"Vạn nhận thanh sơn tiếp bích không,",萬仞青山接碧空，
Bạch vân thiên tải nhiễu điên phong.,白雲千載繞巔峰。
"Tùng thanh viễn lạc hàn khê ngoại,",松聲遠落寒溪外，
Bộc ảnh trường huyền tịch chiếu trung.,瀑影長懸夕照中。
"Nhất kính u thâm thông cổ tự,",一徑幽深通古寺，
Bán nham thương thuý toả tình phong.,半岩蒼翠鎖晴風。
"Đăng cao cực mục càn khôn khoát,",登高極目乾坤闊，
Vạn lý giang sơn nhập vọng trung.,萬里江山入望中。
"Nam khứ Trường An thiên lý dư,",南去長安千里餘，
Quần phong thâm xứ dã nhân cư.,群峰深處野人居。
"Sài môn trú tĩnh sơn vân bế,",柴門晝靜山雲閉，
Dược phố xuân hàn lũng trúc sơ.,藥圃春寒隴竹疏。
"Nhất phiến hương tâm thiềm ảnh hạ,",一片鄉心蟾影下，
Kinh niên biệt lệ nhạn thanh sơ.,經年別淚雁聲初。
"Cố hương đệ muội âm hao tuyệt,",故鄉弟妹音耗絕，
Bất kiến bình an nhất chỉ thư.,不見平安一紙書。
"Xúc xúc cô đình ỷ bích không,",矗矗孤亭倚碧空，
Thanh quang biệt chiếm nhất hồ trung.,清光別占一壺中。
"Thiên tình cẩm chức thiên chương thụ,",天晴錦織千章樹，
Địa viễn hương phiêu tứ tự phong.,地遠香飄四序風。
"Song ngoại vân đê sơn sắc bạch,",窗外雲低山色白，
Giai tiền nhật cận dã hoa hồng.,階前日近野花紅。
"Quan hà vạn lý đình mâu xứ,",關河萬里停眸處，
Thắng thưởng linh nhân dật hứng nùng.,勝賞令人逸興濃。
"Sơn thế liên hành khoá vĩ lư,",山勢連行跨尾閭，
Dược như sinh ý hữu hà như.,躍如生意有何如。
"Càn khôn bất hạn đông tây ngoại,",乾坤不限東西外，
Tạo hoá nan cùng hỗn độn sơ.,造化難窮混沌初。
"Yên thụ Hồng sơn xuân vũ tễ,",煙樹鴻山春雨霽，
Phong phàm Đan Hải vãn triều dư.,風帆丹海晚潮餘。
"Giang hồ giải hội Trang Chu ý,",江湖解會莊周意，
Tiện thị ngư sơn tiện thị ngư.,便是魚山便是魚。
"Hấp đắc dương quang tài thướng thiên,",吸得陽光纔上天，
Sơ tam sơ tứ vị đoàn viên.,初三初四未團圓。
"Thường Nga trang kính vi khai hạp,",嫦娥妝鏡微開匣，
Tráng sĩ loan cung bất thướng huyền.,壯士彎弓不上弦。
"Thiên lý quan san vô cải sắc,",千里關山無改色，
Nhất đình sương lộ cộng sầu miên.,一庭霜露共愁眠。
"Bồi hồi chính ức Hồng sơn dạ,",徘徊正憶鴻山夜，
Khước tại La Phù giang thuỷ biên.,卻在羅浮江水邊。
"Bão thực giao nguyên, bạc mộ quy,",飽食郊原薄暮歸，
Tiễn cừ vô sự độc hy hy.,羨渠無事獨熙熙。
"Giáng tài nãi hữu giá ban hậu,",降材乃有這般厚，
Tạo vật hà tằng nhất điểm ty.,造物何曾一點私。
"Tự thị nô thai đa hạ nhật,",自是駑駘多暇日，
Nhược giao kỳ ký thiểu nhàn thì.,若教騏驥少閑時。
"Thế nhân mạc oán thông minh ngộ,",世人莫怨聰明誤，
Đại để thô trường chiếm tiện nghi.,大抵粗腸佔便宜。
"Vạn sơn thâm xứ tuyệt phong trần,",萬山深處絕風塵，
Thác lạc sài môn bế mộ vân.,錯落柴門閉暮雲。
"Trưởng giả y quan do thị Hán,",長者衣冠猶是漢，
Sơn trung giáp tí quýnh phi Tần.,山中甲子迥非秦。
"Mục nhi giác truỷ hoang giao mộ,",牧兒角搥荒郊暮，
Cấp nữ đồng liên ngọc tỉnh xuân.,汲女筒連玉井春。
"Ná đắc khiêu ly phù thế ngoại,",那得跳離浮世外，
Trường tùng thụ hạ tối nghi nhân.,長松樹下最宜人。
"Hư danh táp tải bạn trần ky,",虛名卅載絆塵羈，
Nhất phản giang sơn một thị phi.,一反江山沒是非。
"Tàn tuyết điệp cân cơ dã thổ,",殘雪墊巾奇野土，
Xuân phong hy phát đại than ky.,春風晞髮大灘磯。
"Mộng trung vãng sự nhương tiêu lộc,",夢中往事攘蕉鹿，
Thế thượng phù vân nhậm cẩu y.,世上浮雲任狗衣。
"Thuỳ đạo giang thôn sinh kế bạc,",誰道江村生計薄？
Tang ma nhiễu ốc lục sơ phì.,桑麻繞屋綠初肥。
"Mao ốc cô cao xuất thế trần,",​茅屋孤高出世塵，
Tứ vi vân hác đới tùng quân.,四圍雲壑帶松君。
"Mộng hồi lâm hạ tiên văn điểu,",夢回林下先聞鳥，
Hành tận khê đầu thuỷ kiến nhân.,行盡溪頭始見人。
"Ngũ lý vụ mê tăng tự viễn,",五里霧迷僧寺遠，
Bán sơn phong tống phạm thanh tần.,半山風送梵聲頻。
"Đồ lê tiếu ngã du hà kịch,",徒犁笑我遊何劇，
Vãng vãng tương qua dạ hướng thần.,往往相過夜向晨。
"Thập niên chính tỉnh phụ thu đăng,",十年政省負秋燈，
Tùng hạ hành ngâm ỷ sấu đằng.,松下行吟倚瘦藤。
"Tuỳ mã vọng trần vô tục khách,",隨馬望塵無俗客，
Khấu môn vấn tự hữu thi tăng.,叩門問字有詩僧。
Thoái nhàn Lục Dã tri hà cập?,退閒綠野知何及？
Tán cấp Thanh miêu tạ bất năng.,散給青苗謝不能。
"Toạ đãi công thành danh toại hậu,",坐待功成名遂後，
Nhất khâu lão cốt dĩ lăng tằng.,一丘老骨已崚嶒。
"Động Đình hồ thuỷ Nhạc Dương lâu,",洞庭湖水岳陽樓，
Thiên tái du du tranh diễm xuất.,千載悠悠爭艷出。
"Vu Giáp triêu phi Thần nữ vân,",巫峽朝飛神女雲，
Tương Giang dạ cổ Linh phi sắt.,湘江夜鼓靈妃瑟。
"Hoả tàn giang khẩu tức nhân mưu,",火殘江口熄人謀，
Phong thặng thạch đầu xuy quỷ thuật.,風剩石頭吹鬼術。
"Vãng cổ thao thao thuỷ thệ đông,",往古滔滔水逝東，
Sơn xuyên định ký tao nhân bút.,山川定記騷人筆。
"Kinh, Tương thiên lý cổ danh đô,",荊襄千里古名都，
Nhất bán khâm giang nhất đới hồ.,一半襟江一帶湖。
"Thiên giả phú cường cung bách chiến,",天假富彊供百戰，
Địa lưu khuyết hãm hạn Tam Ngô.,地留缺陷限三吳。
"Thu phong lạc nhật giai hương vọng,",秋風落日皆鄉望，
Lưu thuỷ phù vân thất bá đồ.,流水浮雲失霸圖。
"Tôn sách Lưu phân hà xứ tại,",孫索劉分何處在，
Thương nhiên nhất vọng tẫn bình vu.,蒼然一望盡平蕪。
"Tảo tuế tài danh phiếm bất ky,",早歲才名泛不羈，
"Ly, hoàng ngẫu hạnh tuấn đồ phi.",驪黃偶幸駿圖披。
"Trường đồ mỗi hận gia tiên sách,",長途每恨加鞭策，
Không cốc hà tâm thụ trập duy.,空谷何心受縶維。
"Bá Nhạc cứu biên tần thưởng thức,",伯樂廄邊頻賞識，
Vương Lương phạm nội cánh khu trì.,王良範內更驅馳。
"Đông phong khoái đạp triều thiên lộ,",東風快踏朝天路，
Hy ký thâm hoài đáp sở tri.,希冀深懷答所知。
"Thanh giáo dương dương bị nhĩ hà,",聲教洋洋被邇遐，
Nhãn tiền Văn Miếu hốt nguy nga.,眼前文廟忽巍峨。
"Long đầu cao chứ Nho lâm biểu,",龍頭高翥儒林表，
Uyên ngoã dao hàm Phán thuỷ ba.,鴛瓦遙涵泮水波。
"Báo bản nhất tâm thành dũ chí,",報本一心誠愈至，
Tán thành đại nghiệp lực cư đa.,贊成大業力居多。
"Thư sinh xưng tạ tương hà dĩ,",書生稱謝將何以，
Cố tụng “Anh tài lạc dục” ca.,故誦英才樂育歌。
"Tướng phủ phồn hoa cục dĩ di,",相府繁華局已移，
Thôn cương cổ sát thượng y y.,村崗古剎尚依依。
"Hàn tuyền cảnh thế đam quyền lợi,",寒泉警世耽權利，
Khô thụ trào nhân tác phúc uy.,枯樹嘲人作福威。
"Ký vãng thị phi, vân biến hoá,",既往是非雲變化，
"Như Lai không sắc, nguyệt minh huy.",如來空色月明輝。
"Kinh qua cố để trùng hồi thủ,",經過故邸重回首，
Vị điếu tây phong lỗi nhất chi.,為吊西風酹一卮。
"Phù trầm bình thế ngộ thời cùng,",浮沈萍世遇時窮，
Thả tải nam quan nhiệm bắc phong.,且載南冠任北風。
"Thân khốn thập niên hoài tố tiết,",身困十年懷素節，
Mệnh tuỳ nhất phát biểu đan trung.,命隨一髮表丹衷。
"Thảng năng hợp nghĩa vô tàm quý,",倘能合義無慚愧，
"Chỉ vị cầu nhân khẳng oán đồng,",只爲求仁肯怨恫。
"Ngũ thập niên lai thành nhất mộng,",五十年來成一夢，
Kỷ đa tân khổ tổng hoàn không.,幾多辛苦總還空。
"Khuất chỉ thần niên lục thập niên,",屈指辰年六十年，
Bảng trung tự xỉ điện quần hiền.,榜中序齒殿群賢。
"Xuân vi tứ độ kinh tiền nhật,",春圍四度經前日，
Thu phố trùng khai hướng vãn thiên.,秋圃重開向晚天。
"Lão khứ ngôn văn tư cựu vũ,",老去言文思舊雨，
Cận lai thủ sĩ cải tân huyền.,近來取士改新絃。
"Lộc Minh tích yến song đường tại,",鹿鳴昔宴雙堂在，
Do cập quân ân bái thọ diên.,猶及君恩拜壽筵。
"Tầm Châu thành hạ cổ bề thanh,",潯州城下鼓鼙聲，
Khách lộ hoàn yêm sổ nguyệt trình.,客路還淹數月程。
"Khê động hữu manh sơn bát vạn,",溪洞有氓山八萬，
Thú lâu xuy giốc nguyệt tam canh.,戍樓吹角月三更。
"Ngạn hoàng sắt sắt bi phong khởi,",岸篁瑟瑟悲風起，
Giang thuỷ du du lữ mộng thanh.,江水悠悠旅夢清。
"Lão ngã thế đồ gian hiểm thục,",老我世途艱險熟，
Trung tiêu bất mị độc thương tình.,中宵不寐獨傷情。
"Mộ già hà xứ hướng châu nhai,",暮笳何處向洲涯，
Thanh lạc bồng song động lữ hoài.,聲落蓬窗動旅懷。
"Thuỷ các huyền đăng nghênh quốc cống,",水閣懸登迎國貢，
Giang tuần xao thác điểm chinh bài.,江廵敲柝點征牌。
"Kinh khan nhạn ảnh phiên tàn tuyết,",驚看鴈影翻殘雪，
Mộng nhập uyên hàng chỉnh ngọc giai.,夢入鵷行整玉階。
"Thành thượng pháo thanh thôi hiểu lậu,",城上砲聲催曉漏，
Hồi đầu hoa thảo lộng tình nhai.,回頭花草弄晴街。
"Thanh Hoa sơn thuỷ đế vương châu,",清華山水帝王州，
Thư kiếm trùng lai thị cố ngô.,書劍重來是故吾。
"Tam Điệp phong đầu sơ túng mục,",三疊峰頭初縱目，
Cửu Long giang ngoại nhất hồi đầu.,九龍江外一回頭。
"Nham mê thụ sắc thiên thanh lạc,",岩迷樹色千青落，
Hải nhập vân biên phiến bạch phù.,海入雲邊片白浮。
"Nghĩ bả dư tình đính tuyền thạch,",擬把予情訂泉石，
Bất tri tuyền thạch tín dư phầu.,不知泉石信予不。
"Tam Thanh tam phỏng cố ngô thân,",三清三放故吾身，
Tư cảnh ư ngô hữu túc nhân.,斯景於吾有夙因。
"Đồng phật bất tri tân cách sự,",峝佛不知新革事，
Dã tăng thiên ký cựu du nhân.,野僧偏記舊遊人。
"Thạch tuyền thạch bích dục ư ngữ,",石泉石壁欲於語，
Sơn thảo sơn hoa đô tự xuân.,山草山花都自春。
"Vị bốc tương lai tằng đáo thử,",未卜將來曾到此，
Thả bằng lâu hạm địch khí trần.,且憑樓檻滌器塵。
"Tây Việt trùng sơn nhất thuỷ phân,",西粵重山一水分，
Lưỡng sơn tương đối thạch lân tuân.,兩山相對石磷峋。
"Viên đề thụ diểu nhược vô lộ,",猿啼樹杪若無路，
Khuyển phệ lâm trung tri hữu nhân.,犬吠林中知有人。
"Tứ vọng vân sơn nhân độc lão,",四望雲山人獨老，
Đồng chu Hồ Việt các tương thân.,同舟胡越各相親。
"Thập niên dĩ thất hoàn hương lộ,",十年已失還鄉路，
Ná đắc gia hương nhập mộng tần.,那得家鄉入夢頻。
"Nhất đái tùng lâm lạc hải loan,",一帶叢林落海灣，
Tang thương vạn cổ chứng nhân hoàn.,桑滄萬古證人寰。
"Hưng vong Lê, Mạc triều cao hạ,",興亡黎莫潮高下，
Khu trục sài lang thuỷ kích thoan.,驅逐豺狼水激湍。
"Bắc khấu yên trần đài ngân tích,",北寇煙塵苔痕積，
Biên thần tâm sự nguyệt quang hàn.,邊臣心事月光寒。
"Giang sơn tá vấn kim thuỳ chủ,",江山借問今誰主，
Kinh phẩm đề dư dã đại quan.,經品題餘也大觀。
"Kinh phẩm đề dư dã đại quan,",經品題餘也大觀，
Giang sơn nhập hoạ xảo nan đàn.,江山入畫巧難殫。
"Thâm u động khẩu tiểu khê lộ,",深幽洞口小溪路，
Thanh tuyệt hồ tâm không bích gian.,清絕湖心空碧間。
"Xuất một ngư long ba hám thạch,",出沒魚龍波噉石，
Xâm tầm phong vũ tự y san.,侵尋風雨寺依山。
"Khởi tri hoạn hải thành giai thú,",豈知宦海成佳趣，
Thiên vị tao nhân tá nhất nhàn.,天為騷人借一閒。
"Thái nữ sinh sồ Trác nữ bôn,",蔡女生雛卓女奔，
Lạc hoa phi nhứ bất thăng ngôn.,落花飛絮不勝言。
"Thiên thu bi kiệt hiển tam liệt,",千秋碑碣顯三烈，
Vạn cổ cương thường thuộc nhất môn.,萬古綱常屬一門。
"Địa hạ tương khan vô quí sắc,",地下相看無愧色，
Giang biên hà xứ điếu trinh hồn?,江邊何處吊貞魂。
"Thanh thời đa thiểu tu như kích,",清時多少鬚如戟，
Thuyết hiếu đàm trung các tự tôn!,說孝談忠各自尊。
"Nhất thuỷ doanh doanh cách thế trần,",一水盈盈隔世塵，
Tiểu kiều ổn trước hảo tầm xuân.,小橋穩著好尋春。
"Cựu thời Cô Xạ hoàn vô dạng,",舊時姑射還無恙，
Kim dạ Hằng Nga diệc khả nhân.,今夜姮娥亦可人。
"Hồng ảnh ba quang tương đãng đãng,",虹影波光相蕩蕩，
Băng hồn ngọc phách tổng tinh thần.,冰魂玉魄總精神。
"Nhân gian thử cảnh thuỳ miêu đắc,",人間此景誰描得？
Tá dữ thi ông vị tả chân.,借與詩翁為寫真。
"Dĩ vô hoạ chúc tuý quần hồng,",已無畫燭醉裙紅，
Cánh ỷ thanh đăng chiếu mấn bồng.,更倚青燈照鬢蓬。
"Phá ốc ngâm tàn hồng hạnh vũ,",破屋吟殘紅杏雨，
Thanh Đô mộng tỉnh tử vi phong.,清都夢醒紫薇風。
"Nhất thân cửu khiếu thất tình nội,",一身九竅七情內，
Vạn sự thiên ưu bách lự trung.,萬事千憂百慮中。
"Hoảng để bất tri hàn thực quá,",慌底不知寒食過，
Khải song hoa hựu chiết ngô đồng.,啟窗花又折梧桐。
"Thường Mậu viên trung tiểu hữu thiên,",常茂園中小有天，
Bồng hồ cảnh giới tự thiên nhiên.,蓬壺境界自天然。
"Tam thần tú lĩnh lai thanh cấm,",三神繡嶺來清禁，
Ngũ sắc tường quang ủng bích điên.,五色祥光擁碧巔。
"Nhất tháp lăng tằng phù Phật nhật,",一塔崚層扶佛日，
Thiên hoa hoàn hộ dưỡng tiên niên.,千花環護養仙年。
"Không trung văn hữu ca Tam Thọ,",空中聞有歌三壽，
Thường phục tam thanh sơn hạ truyền.,常復三聲山下傳。
"Âm dương khiên đức bản tương nhân,",陰陽愆德本相因，
Biến tác tai truân cập thế nhân.,變作災屯及世人。
"Đại để hữu thân phương hữu bệnh,",大抵有身方有病，
Nhược hoàn vô bệnh diệc vô thân.,若還無病亦無身。
"Linh đan mạn sá trưởng sinh thuật,",靈丹謾詫長生術，
Lương dược nan linh bất tử xuân.,良藥難令不死春。
"Tảo nguyện viễn ly ma cảnh giới,",早願遠離魔境界，
Hồi tâm hướng đạo dưỡng thiên chân.,回心向道養天真。
"Giang lưu khúc khúc trục tứ than,",江流曲曲逐四灘，
Thuỷ thế bôn đằng kích thạch nhu.,水勢奔騰激石濡。
"Hung hung phong tuỳ đĩnh hổ khiếu,",洶洶風隨艇虎嘯，
Phi phi tuyết phún ngọc long hàn.,霏霏雪噴玉龍寒。
"Phù tra khoái ngã dao lan tương,",浮槎快我搖蘭槳，
Ỷ ngạn hà nhân bả trúc can.,倚岸何人把竹竿。
"Tự hữu mãn khang trung nghĩa tại,",自有滿腔忠義在，
Giá thuyền đạo lộ giác phi nan.,這船道路覺非難。
"Giang đáo Tùng sơn xuất thạch bàn,",江到松山出石盤，
Giang sơn vạn cổ xuất thi đàn.,江山萬古出詩壇。
"Sơn vi lưỡng ngạn hoa âm mật,",山圍兩岸花陰密，
Giang hội tam xoa thuỷ quốc khoan.,江會三叉水國寬。
"Điểu vận yêu nhân Đinh Huyện miếu,",鳥韻邀人丁縣廟，
Ngư ca tống khách Đỗ gia than.,魚歌送客杜嘉灘。
"Thế trần bất nhiễm càn khôn khoát,",世塵不染乾坤濶，
Xuyên thượng nhàn lai ấp đạo lan.,川上閒來挹道瀾。
"Phi y phi thích diệc phi nông,",非醫非釋亦非農，
Lãnh đạm hành ngang ngoạ nhất ông.,冷淡衡昂臥一翁。
"Chiếu phủ tân giao hà kỵ nguyệt,",照腑新交荷芰月，
Hồi đầu cựu mộng hải đường phong.,回頭舊夢海棠風。
"Hạp khai tự dũ vô thông tắc,",闔開似牖無通塞，
Thân súc như câu thục thuỷ chung.,伸縮如鉤孰始終。
"Mạc vấn cư đình đình ngoại sự,",莫問居亭庭外事，
Thử ông nhĩ trọng thính nan thông.,此翁耳重聽難通。
"Dĩ tương thân thế thác vân yên,",已將身世托雲煙，
Viện tĩnh nhân nhàn túc ái miên.,院靜人閒足愛眠。
"Độc bão “Xuân thu” nan kiến tiết,",獨抱春秋難見節，
Tính vong giáp tý bất tri niên.,併忘甲子不知年。
"Cùng thông dĩ thị quan nhân quốc,",窮通已是關人國，
Hành chỉ ưng vô muội ngã thiên.,行止應無眛我天。
"Dục thức thử tâm hà sở tự,",欲識此心何所似，
Nhất đình tân nguyệt nhất trì liên.,一庭新月一池蓮。
"Vũ lộ uông dương phổ Hán ân,",雨露汪洋普漢恩，
Phụng hàm đan chiếu xuất hồng vân.,鳳啣丹詔出紅雲。
"Thác khai địa giác giai hoà khí,",拓開地角皆和氣，
Tịnh hiệp thiên hà tẩy chiến trần.,凈挾仟河洗戰塵。
"Tận đạo tỉ thư thập hàng hạ,",盡道璽書十行下，
Thắng như cầm điện ngũ huyền huân.,勝如琴殿五絃薰。
"Càn khôn kiêm ái vô nam bắc,",乾坤兼愛無南北，
Hà hoạn vân lôi phục hữu truân.,何患雲雷復有屯。
"Nhất phong phượng chiếu hạ thiên đình,",一封鳳詔下天庭，
Chỉ xích hoàng hoa vạn lý hành.,咫尺皇華萬里行。
"Bắc khuyết y quan tranh tổ đạo,",北闕衣冠爭祖道，
Nam châu thảo mộc tận tri danh.,南州草木盡知名。
"Khẩu hàm uy phúc quân bao biếm,",口啣威福君褒貶，
Thân bội an nguy quốc trọng khinh.,身佩安危國重輕。
"Cảm chúc tứ hiền quân phiếm ái,",敢祝四賢均泛愛，
Hảo vi noãn dực Việt thương sinh.,好為卵翼越蒼生。
"Chử luyện đan sa học dĩ tinh,",煮煉丹砂學已精，
Lung trung sâm truật phí kinh dinh.,籠中參朮費經營。
"Dân y điều tễ tư khương hoạt,",民醫調劑資姜活，
Lợi lộ hanh thông trọng ký sinh.,利路亨通重寄生。
"Khách địa liên tâm nhiêu hậu phác,",客地蓮心饒厚朴，
Tân Châu thương lục trứ thanh danh.,新州商陸著聲名。
"Hồng hoa tử uyển tăng xuân sắc,",紅花紫苑增春色，
Lô hội kim ngân phúc lý thành.,蘆會金銀福履成。
"Chính sự văn chương nhất đại gia,",政事文章一大家，
Thử lai nhân vọng sứ quân đa.,此來人望使君多。
"Hư tâm dữ bút thần tương chứng,",虛心與筆神相證，
Lại trị như thi pháp bất hà.,吏治如詩法不苛。
"Cầm tửu tiếu đàm hồn nhã phạm,",琴酒笑談渾雅範，
Huân trì xướng hoạ tẫn từ hoa.,塤篪唱和儘詞華。
"Tiền trình kích thuỷ tam thiên lý,",前程擊水三千里，
Bán trích lưu vi cửu lý hà.,半滴留為九里河。
"Phụng thành cam giá Thuý sơn hoa,",鳳城甘蔗翠山花，
Thập tải thanh tu cận nhược hà.,十載清修近若何。
"Bản sắc thư sinh vô tục luỵ,",本色書生無俗累，
Mãn tiền thương xích thức dân hoà.,滿前蒼赤識民和。
"Thái lan địa nhĩ tuần cai tiện,",採蘭地邇循陔便，
Nhuận hải ân kinh đãi trạch đa.,潤海恩經待澤多。
"Tương phỏng chính đương hoang lạo hậu,",相訪正當荒潦後，
Hành văn tải đạo hữu dư ca.,行聞載道有輿歌。
"Biệt tự thành gia chỉ nhất kinh,",別自成家只一經，
Mao truỳ hữu lực dữ thời tranh.,毛錐有力與時爭。
"Thử thân phủ ngưỡng vô tàm ốc,",此身俯仰無慚屋，
Trấn nhật tiêu diêu mỗi ủng thành.,鎮日逍遙每擁城。
"Hoạn lãnh bất phương dinh thị ẩn,",宦冷不妨營市隱，
Duyệt thâm tối khả cận nhân tình.,閱深最可近人情。
"Đương trường náo nhiệt chân năng tĩnh,",當場鬧熱真能靜，
Nhi độc thư thanh dạ lý thinh.,兒讀書聲夜裡聽。
"Nhân sinh thập lự cửu thường quai,",人生十慮九常乖，
Thịnh thế thuỳ tri hữu khí tài.,盛世誰知有棄才。
"Pha lão tích tằng Đam Nhĩ khứ,",坡老昔曾儋耳去，
Trường Canh diệc hướng Dạ Lang lai.,長庚亦向夜郎來。
"Văn chương tự cổ đa vi luỵ,",文章自古多為累，
Thi tửu tòng kim thả phóng hoài.,詩酒從今且放懷。
"Hội đãi kim kê khai xá nhật,",會待金雞開赦日，
Ngũ vân thâm xứ đổ Bồng Lai.,五雲深處睹蓬萊。
"Thập niên tiền dĩ tín phong lưu,",十年前已信風流，
Kỵ hạc nhi kim đáo thử châu.,騎鶴而今到此州。
"Kim mã ngọc đường gia hữu khoán,",金馬玉堂家有券，
Thanh sơn bích hải hoạn vi du.,青山碧海宦為遊。
"Ứng quan sự giản vô lưu thảo,",應官事簡無留草，
Thừa nguyệt hoài cao mỗi đăng lâu.,乘月懷高每登樓。
"Đồng bối cộng thôi tài bộ dật,",同輩共推才步逸，
Biền điền nhất lộ khán chinh câu.,駢闐一路看征駒。
"Phong độ đoan nghi kiến đại gia,",風度端疑見大家，
Thập niên tương thức nhượng quân đa.,十年相識讓君多。
"Đường âm cựu thị tiên công bạt,",棠陰舊是先公苃，
Mạch vũ tân tuỳ thục lộ xa.,麥雨新隨熟路車。
"Thất chuyển quan nghi thành lão thủ,",七轉官宜成老手，
Bát du nhân dĩ lịch tây sà.,八遊人已歷西槎。
"Tài đào bất hạn thiên nam bắc,",栽桃不限天南北，
Phan lệnh tiền thân nhã ái hoa.,潘令前身雅愛花。
"Tích niên lang miếu thân thừa nhàn,",昔年廊廟親承閒，
Kim nhật khưu viên luyến Khảo bàn.,今日邱園戀考槃。
"Dĩ biến uý đồ thành lạc thú,",已變畏途成樂趣，
Khẳng tương thanh tháo bạn trần phàn.,肯將清操絆塵樊。
"Giang sơn phong vị tình tuy thích,",江山風味情雖適，
Gia quốc thân huân mộng vị lan.,家國親勳夢未闌。
"Thử khứ Thăng Long hoàn kỷ lý,",此去昇龍還幾里，
Cối Xuyên chỉ xích thị Trường An.,檜川咫尺是長安。
"Trúc lý oanh đề lĩnh khiếu viên,",竹裏鶯啼嶺嘯猿，
An Nam sứ giả há long hang.,安南使者下龍舡。
"Chiếu ban Diên Chỉ khuynh tâm bái,",詔頒鳶趾傾心拜，
Thi trí Kê Lâm hảo sự truyền.,詩致雞林好事傳。
"Giáng tiết ty tồn tân vũ lộ,",絳節司存新雨露，
Thanh xuân lai vãng quyện phong yên.,青春來往倦風煙。
"Giang đầu khách phát thuỳ thuỳ bạch,",江頭客發垂垂白，
Do kiến nam lai Lục Giả niên.,猶見南來陸賈年。
"Cầm hạc trùng lai thị túc nhân,",琴鶴重來是夙因，
Ngô niên kim hựu kết ngô lân.,吾年今又結吾鄰。
"Cách giang mạch tuệ khan tân chính,",隔江麥穗看新政，
Nhất dạ trà yên thoại cố nhân.,一夜茶煙話故人。
"Lộc phủ hiến vi huyên thất thọ,",祿釜獻為萱室壽，
"Hoa thành tài tác hạnh thôn xuân,",花城栽作杏村春。
"Quân hầu tể thử tương nghi thậm,",君侯宰此相宜甚，
Thanh thuỷ phù dung dã bức chân.,清水芙蓉也逼真。
"Úc nhiên văn vật mãn hoa trình,",燠然文物滿華程，
Thiên lý quỳ du chỉ xích khinh.,千里葵輸咫尺輕。
"Tử tái yên tiêu tinh bái ảnh,",紫塞煙消旌旆影，
Hoàng đường phong nhạ quản huyền thanh.,黃堂風惹管絃聲。
"Vị tương trùng dịch yêu tân sủng,",未將重驛邀新寵，
Dĩ bả đài quang đạt viễn tình.,已把台光達遠情。
"Tôn trở túc phu biên khổn ngoại,",樽爼足敷邊閫外，
Hồng danh đại chấn Thái Bình thành.,鴻名大振太平城。
"Tây phong xuy mộng đáo Long Biên,",西風吹夢到龍編，
Hồi thủ tương phùng hựu cách niên.,回首相逢又隔年。
"Mã thoái khinh trần hoàn nhật hạ,",馬退輕塵還日下，
Nhạn tuỳ sấu ảnh xuất vân biên.,雁隨瘦影出雲邊。
"Tứ phương chuyên đối thi tam bách,",四方專對詩三百，
Ngũ Lĩnh quy lai lộ bát thiên.,五嶺歸來路八千。
"Tận đạo triều đình dụng văn sĩ,",盡道朝廷用文士，
Thượng thư chí khí hương thu thiên.,尚書志氣香秋天。
"Pháp thân tịch diệt, sắc thân tồn,",法身寂滅色身存，
Dạ tĩnh tam canh nhập mộng hồn.,夜靜三更入夢魂。
"Túng vị ưu du Thiền tổ vực,",縱未懮遊禪祖域，
Dã tằng xuất nhập Pháp vương môn.,也曾出入法王門。
"Lãn đăng hiền thánh vô sinh lộ,",懶登賢聖無生路，
Cam kết nhân thiên hữu lậu côn.,甘結人天有漏根。
"Nhược ngộ tác gia đàm diệu chỉ,",若遇作家談妙旨，
Thiên Tân hà xứ khởi hồ tôn.,天津何處起猢猻。
Thiên hạc đàm ngư hà xứ tầm?,天鶴潭魚何處尋，
La Thành nhất biệt thập niên thâm.,羅城一別十年深。
"Đồng niên đối diện cách thiên nhưỡng,",同年對面隔千壤，
Vãng sự hồi đầu thành cổ câm.,往事回頭成古今。
"Bạch phát tiêu ma bần sĩ khí,",白髮消磨貧士氣，
Đề bào trân trọng cố nhân tâm.,綈袍珍重故人心。
"Mạc sầu tịch địa vô giai khách,",莫愁僻地無佳客，
Lam Thuỷ Hồng Sơn túc vịnh ngâm.,藍水鴻山足詠吟。
"Ngã tích tri quân lệ ám thuỳ,",我昔知君淚暗垂，
Quân kim đối ngã cưỡng khai my.,君今對我強開眉。
"Tuý tinh ngô bối song cuồng nhãn,",醉醒吾輩雙狂眼，
Đắc táng nhân gian nhất cục kỳ.,得喪人間一局棋。
"Thiên địa hữu tình dung ngã kiện,",天地有情容我健，
Giang sơn vô ngữ tiếu nhân si.,江山無語笑人癡。
"Bằng kim thả chước tôn tiền nguyệt,",憑今且酌樽前月，
Mai ý xung hàn chỉ tự tri.,梅意衝寒只自知。
"Giao tình trân đái hạ tiên thi,",交情珍帶荷先施，
Phục dụng thâm tàm chất hủ suy.,服用深慚質朽衰。
"Bảo khoá thác trần quang thiểm thiểm,",寶銙錯陳光閃閃，
Hắc xà bàn ngoạ sắc ly ly.,黑蛇蟠臥色離離。
"Phúc khoan Chu Dị đoan tương xứng,",腹寬周顗端相稱，
Yêu sấu Hưu Văn khởi sở nghi.,腰瘦休文豈所宜。
"Dục thức hàm ân đa thiểu xứ,",欲識銜恩多少處，
Khinh tiện vưu tiện tẩu xu thì.,輕便尤便走趨時。
"Thiếu tằng đồ mạt diệc Tây Thi,",少曾塗抹亦西施，
Lão đại như kim sắc ái suy.,老大如今色愛衰。
"Hàn uyển yêu tê vô mộng đáo,",翰苑腰犀無夢到，
Bạn châu thủ thố kỷ thời ly.,畔株守兔幾時離。
"Thuật cùng ngũ kỹ tương an dụng,",術窮五技將安用，
"Phận suỷ tam hưu dĩ thị nghi,",分揣三休已是宜。
"Thuỳ sử cường nhan do quán hạ,",誰使強顏猶館下，
Tuỳ nhân tự quý lạc thanh thì.,隨人自愧樂青時。
"Hủ mộc lương công xảo mạc thi,",朽木良工巧莫施，
Cao tình cửu yếu bất tằng suy.,高情久要不曾衰。
"Luận tâm bội hỷ kim thân hợp,",論心倍喜今親合，
Hồi thủ phiên ta tích biệt ly.,迴首翻嗟昔別離。
"Cộng tệ thông tài công ý hậu,",共敝通財公意厚，
Đầu nhàn trí tán ngã tài nghi.,投閒致散我材宜。
"Nhân sinh hội ngộ ninh phi số,",人生會遇寧非數，
Hành lạc do lai yếu cập thì.,行樂由來要及時。
"Nguyệt mi lẫm túc mạn thi thi,",月糜廩粟曼施施，
Phong tục hà quan đáo thịnh suy.,風俗何關到盛衰。
"Tự quý đạo truyền kiêm hoặc giải,",自愧道傳兼惑解，
Thâm tàm cư sách cánh quần ly.,深慚居索更群離。
"Dĩ tôn hạ tiện quang khiêm đức,",以尊下賤光謙德，
Giảo đoản lượng trường quý thích nghi.,較短量長貴適宜。
"Cử thế phân phân giai hiệp quý,",舉世紛紛皆挾貴，
Ta quân hà sự độc vi thì.,嗟君何事獨違時。
"Tây thuỳ tình vọng uất như huân,",西陲晴望鬱如薰，
"Ẩn hiện đê mê Tản Lĩnh vân,",隱見低迷傘嶺雲。
"Tam cấp thạch ngân hồn ái đãi,",三級石痕渾靉靆，
Bán không sơn sắc tự nhân uân.,半空山色自氤氳。
"Thiên tinh Dực Chẩn khôn duy chuyển,",天星翼軫坤維轉，
Địa trục Côn Luân càn trụ phân.,地軸崑崙乾柱分。
"[...] nhai linh vạn tuế,",●●●崖令萬歲，
Tường quang giai khí thọ bang quân.,祥光佳氣壽邦君。
"Thiều hoa xán lạn cảnh quang tân,",韶花燦爛景光新，
Vạn lý thiên thanh sóc tái vân.,萬里天清朔塞雲。
"Nhật nguyệt thực tăng tùng bách kỷ,",日月實增松柏紀，
Sơn xuyên thiêm hộ thử miêu xuân.,山川添護黍苗春。
"Đại nhân phát đạt đa nghi Tuất,",大人發達多宜戌，
Nguyên hậu bao siêu kháp hảo thần.,元后褒超恰好辰。
"Bội khánh Nam sơn niên tấn chỉ,",倍慶南山年晉祇，
Quế lan tất hạ cạnh phu phân.,桂蘭膝下競敷芬。
"Nhất diệp khinh chu thuỷ thượng phù,",一葉輕舟水上浮，
Sổ thanh hàn nhạn bất thắng thu.,數聲寒雁不勝秋。
"Nhĩ Tỳ bà khúc thương ly hợp,",耳琵琶曲傷離合，
Xuy Phụng hoàng tiêu cảm khứ lưu.,吹鳳凰簫感去留。
"Phẩm mính đề thi chiêu khách hoạ,",品茗題詩招客和，
Hữu ngư vô tửu hướng khuê mưu.,有魚無酒向閨謀。
"Bồng song liêm quyển hàm thanh mộng,",篷窗簾捲酣清夢，
Thố ảnh tương khuy bạn chẩm đầu.,兔影相窺伴枕頭。
"Ngũ xuất viên ba kim niễn tu,",五出圓芭金撚鬚，
San hô trầm ảnh hải lân phù.,珊瑚沉影海鱗浮。
"Cá tam đông bạch chi tiền diện,",箇三冬白枝前面，
Tá nhất biện hương xuân thượng đầu.,些一辨香春上頭。
"Cam lộ lưu phương si điệp tỉnh,",甘露流芳癡蝶醒，
Dạ quang như thuỷ khát cầm sầu.,夜光如水渴禽愁。
Hằng Nga nhược thức hoa giai xứ,姮娥若識花佳處，
Quế lãnh thiềm hàn chỉ ma hưu!,桂冷蟾寒只麼休。
"Ngũ nhật kinh hàn lãn xuất môn,",五日驚寒懶出門，
Đông phong tiên dĩ đáo cô côn.,東風先已到孤根。
"Ảnh hoành thuỷ diện băng sơ phán,",影橫水面冰初泮，
Hoa áp chi đầu noãn vị phân.,花壓枝頭暖未分。
"Thuý vũ ca trầm sơn điếm nguyệt,",翠羽歌沉山店月，
Hoạ long xuy thấp Ngọc Quan vân.,畫龍吹濕玉關雲。
"Nhất chi mê nhập cố nhân mộng,",一枝迷入故人夢，
Giác hậu bất kham trì tặng quân.,覺後不堪持贈君。
"Xâm thần vị tán ngũ canh sương,",侵辰未散五更霜，
Y ác kê thanh triệt Thượng dương.,咿喔雞聲徹上陽。
"Phủ toạ dĩ bài kim kiếm vệ,",黼座已俳金劍衛，
Các thần phương chỉnh tú y hàng.,閣臣方整繡衣行。
"Thần mô miếu toán truyền thiên ngữ,",宸謨廟算傳天語，
Quốc kế biên trù diễn cáo chương.,國計邊籌演誥章。
"Thuỳ thị bình Hoài Bùi Tấn quốc,",誰是平淮裴晉國，
Ưu cần cơ lược tán ngô hoàng.,憂勤幾略贊吾皇。
"Đạp biến thiên nha hựu hải nha,",踏遍天涯又海涯，
Càn khôn tuỳ tại tức vi gia.,乾坤隨在即為家。
"Bình sinh bất khởi thương dăng niệm,",平生不起蒼蠅念，
Kim cổ thuỳ đồng bạch nghĩ oa?,今古誰同白蟻窩。
"Liêu lạc tráng tâm hư đoản kiếm,",寥落壯心虛短劍，
Tiêu điều lữ muộn đối thì ca.,蕭條旅悶對時歌。
"Bế môn bất thức xuân thâm thiển,",閉門不識春深淺，
Đãn kiến đường lê lạc tận hoa.,但見棠藜落盡花。
"Thu thanh nhất dạ độ Lam hà,",秋聲一夜渡藍河，
Vô ảnh vô hình nhập ngã gia.,無影無形入我家。
"Vạn lý tây phong lai bạch phát,",萬里西風來白髮，
Nhất song thu sắc tại hoàng hoa.,一窗秋色在黃花。
Bách niên ai lạc hà thời liễu?,百年哀樂何時了？
Tứ bích đồ thư bất yếm đa.,四壁圖書不厭多。
"Đình thực cô tùng cao bách xích,",庭植孤松高百尺，
Bất tri Thanh đế nại nhân hà?,不知青帝奈人何。
"Long Vĩ giang đầu ốc nhất gian,",龍尾江頭屋一間，
U cư sầu cực hốt tri hoan.,幽居愁極忽知歡。
"Đạt nhân tâm cảnh quang như nguyệt,",達人心境光如月，
Xử sĩ môn tiền thanh giả san.,處士門前青者山。
Chẩm bạn thúc thư phù bệnh cốt.,枕畔束書扶病骨，
Đăng tiền đấu tửu khởi suy nhan.,燈前斗酒起衰顏。
"Táo đầu chung nhật vô yên hoả,",灶頭終日無煙火，
Song ngoại hoàng hoa tú khả xan.,窗外黃花秀可餐。
"Mạc mạc thu quang bát nguyệt thâm,",漠漠秋光八月深，
Mang mang thiên khí bán tình âm.,茫茫天氣半晴陰。
"Thu phong cao trúc minh thiên lại,",秋風高竹鳴天籟，
Linh vũ hoàng hoa bố địa câm.,零雨黃花布地金。
"Viễn tụ hàn xâm du tử mộng,",遠岫寒侵遊子夢，
Trừng đàm thanh cộng chủ nhân tâm.,澄潭清共主人心。
"Xuất môn từ bộ khan thu sắc,",出門徐步看秋色，
Bán tại giang đầu phong thụ lâm.,半在江頭楓樹林。
"Tráng sĩ bạch đầu bi hướng thiên,",壯士白頭悲向天，
Hùng tâm sinh kế lưỡng mang nhiên.,雄心生計兩茫然。
"Xuân lan thu cúc thành hư sự,",春蘭秋菊成虛事，
Hạ thử đông hàn đoạt thiếu niên.,夏暑冬寒奪少年。
"Hoàng khuyển truy hoan Hồng Lĩnh hạ,",黃犬追歡鴻嶺下，
Bạch vân ngoạ bệnh Quế Giang biên.,白雲臥病桂江邊。
"Thôn cư bất yếm tần cô tửu,",村居不厭頻沽酒，
Thượng hữu nang trung tam thập tiền.,尚有囊中三十錢。
"Hồng Sơn nhất sắc lâm bình cừ,",鴻山一色臨平渠，
Thanh tịch khả vi hàn sĩ cư.,清寂可為寒士居。
Thiên lý bạch vân sinh kỷ tịch,千里白雲生几席，
Nhất song minh nguyệt thướng cầm thư,一窗明月上琴書。
"Tiếu đề tuẫn tục can qua tế,",笑啼殉俗干戈際，
Giam mặc tàng sinh lão bệnh dư.,緘默藏生老病餘。
"Diệp lạc hoa khai nhãn tiền sự,",葉落花開眼前事，
Tứ thì tâm kính tự như như.,四時心鏡自如如。
"Sóc xuý lăng lăng giới tệ cầu,",朔吹稜稜戒敝裘，
Miếu đường tâm sự tích lâm khâu.,廟堂心事蹟林丘。
"Ngu đình dĩ tác lai nghi phượng,",虞庭已作來儀鳳，
Phó dã liêu hoàn tế cự châu.,傅野聊還濟巨舟。
Vân nạp tế tham Hoàng Nghiệt thoại,雲衲細參黃糱話，
Hà tâm cao ấp Xích Tùng du.,霞心高揖赤松遊。
"Bằng tương tú cú tuyên sơn cốt,",憑將繡句鐫山骨，
Thiệu Khánh nguyên công trấn Lạng Châu.,紹慶元功鎮諒州。
"Sơn trung thị xứ nghĩ Đồ Cầu,",山中是處擬菟裘，
Tuế vãn ngôn toàn bốc nhất khâu.,歲晚言旋卜一丘。
"Đài tiển bán hoang Linh Vận lý,",苔蘚半荒靈運履，
Tuyết bồng không hệ Tử Du châu.,雪蓬空繫子猷舟。
"Mang trung tuế nguyệt thông thông quá,",忙中歲月匆匆過，
Mộng lý lâm tuyền lịch lịch du.,夢裡林泉歷歷遊。
"Tưởng đắc Thanh Hư đề vịnh biến,",想得清虛題詠遍，
Bất phương giai cú đáo hoàng châu.,不妨佳句到皇州。
"Gia cư Bà Liệt cố nhân danh,",家居婆列故因名，
Tự Lý chi tiền giá dã sinh.,自李之前蔗野生。
"Dị mẫu thiếu thời lao phụng vũ,",異母少時勞奉武，
Phong vương trưởng phát sự tương thành.,封王長發事將成。
"Giáp chi lưu tại, ô vi nghiệp,",甲支留在杇為業，
Thứ xuất tòng nhung tử diệc vinh.,次出從戎死亦榮。
"Kim vấn Phúc Long tri thuỷ mạt,",今問福隆知始末，
Diệc tiêu Trần tính bất nan canh.,亦標陳姓不難更。
"Cẩm phàm khinh sấn lãng hoa khai,",錦帆輕趁浪花開，
Bồng để yêm yêm thủ bất đài.,篷底厭厭首不抬。
"Tam Giáp mộ vân vô nhạn đáo,",三峽暮雲無鴈到，
Cửu Than minh nguyệt hữu long lai.,九灘明月有龍來。
"Thê lương hành sắc thiêm cung mộng,",淒涼行色添宮夢，
Liêu loạn nhàn sầu đáo tửu bôi.,撩亂閒愁到酒杯。
"Hán Vũ phiên chiêu cùng độc báng,",漢武藩招窮黷謗，
Nam nhi đắc đắc nhược vi tai!,男兒得得若為哉。
"Liên hoa do tự cựu niên hồng,",​蓮花猶似舊年紅，
Trấn Quốc chung thanh thượng hiểu không.,鎮國鍾聲上曉空。
"Chỉ kiến bạch vân quá cổ luỹ,",只見白雲過古壘，
Duy dư thanh sử ký Ly cung.,惟餘青史記離宮。
"Trung thu Nghê khúc quy hàn nguyệt,",中秋霓曲歸寒月，
Thượng uyển Tao âm phó vãn phong.,上苑騷音付晚風。
"Điếu tẩu bất tri kim cổ sự,",釣叟不知今古事，
Nhất ty đoản địch tự tây đông.,一絲短笛自西東。
"Dâm Đàm thuỷ sắc chính liên y,",淫潭水色正漣漪，
Kiều thượng quan hoàn hoán trạc thì.,橋上觀紈浣濯時。
"Thái triệt long oa phô luyện chử,",采徹龍窩鋪練渚，
Cẩm hồi Thước phố dục hà ky.,錦回鵲浦浴河磯。
"Tàm tang sinh lý thân thường khiết,",蠶桑生裏身常潔，
Tích lịch kỳ phương thủ bất quy.,霹靂奇方手不龜。
"Hà xứ sương châm hàn đảo nguyệt,",何處霜砧寒搗月，
Sầu nhân thanh đáp hoán hồ ty.,愁人聲答浣湖絲。
"Hiểu phát thanh Hoài phiếm lục tần,",曉發清淮泛蓼蘋，
Hoàng Hà ba lãng diểu vô tân.,黃河波浪渺無津。
"Mã ngưu nhai bạn sinh yên vụ,",馬牛涯畔生煙霧，
Kình ngạc đàm trung xuất quái thần.,鯨鱷潭中出怪神。
"Chu tiếp thu thiên thiên chuyển thái,",舟楫鞦韆千轉態，
Phu công khổi lỗi nhất bàn thân.,夫工傀儡一般身。
"Trạo ca bán khuyết đầu thiêm bạch,",棹歌半闋頭添白，
Thuỳ thị cùng nguyên vạn lý nhân.,誰是窮源萬里人。
"Thái Nguyên tây thượng trĩ thiên phong,",太原西上峙千峰，
Nhất phái thanh tuyền dược thạch long.,一派清泉躍石龍。
"Bàn Cổ dĩ lai đầu giác lão,",盤古以來頭角老，
Trường lưu tự thử trảo nha hùng.,長流自此爪牙雄。
"Thuỷ sơn yểm ánh dương quang xứ,",水山奄映揚光處，
Phong nguyệt thu tàng thái xảo trung.,風月收藏太巧中。
"Phẩm tảo tự tòng minh kính chiếu,",品藻自從明鏡照，
Ngũ vân dục hướng cận thần phong.,五雲欲向覲宸楓。
"Thuỷ lộ điều điều lĩnh ngoại hoang,",水路迢迢嶺外荒，
Tiên chu tằng thử trú thương mang.,仙舟曾此住蒼茫。
"Ngư đinh diễm lãnh xâm sa chử,",漁汀焰冷侵沙渚，
Tiều giác thanh đê độ phấn tường.,樵角聲低度粉牆。
"Minh nguyệt mãn thuyền hoà tửu hứng,",明月滿船和酒興，
Thanh phong bán chẩm khởi thi đằng.,清風半枕豈詩騰。
"Khách trung tự hữu bình an mộng,",客中自有平安夢，
Dĩ toại thu hồng đáo cố hương.,已遂秋鴻到故鄉。
"Nhất niên kim hựu nhất niên quá,",一年今又一年過，
Bần bệnh an tri hữu tuế hoa.,貧病安知有歲華。
"Tá tửu nhi thường cung phụng đậu,",佐酒兒常供鳳豆，
Vọng xuân khách hữu tặng long trà.,望春客有贈龍茶。
"Thiên sơn minh ám nghi vô trạng,",千山明暗疑無狀，
Độc hạc tung hoành vị hữu gia.,獨鶴縱橫未有家。
"Chỉ hữu tiểu viên thông giới tú,",只有小園蔥芥秀，
Bất lao quán khái tự bà sa.,不勞灌溉自婆娑。
Hà dụng suy thời thức tự nhân?,何用衰時識字人，
Văn chương túng hảo bất y bần!,文章縱好不醫貧。
"Mễ ngang phạn hữu tam phần thái,",米昂飯有三分菜，
Cẩm quý y duy thất xích thuần!,錦貴衣惟七尺鶉。
"Chuyết phụ vô mưu doanh kế nhật,",拙婦無謀營繼日，
Chuế ông do tự tiếu phù vân.,贅翁猶自笑浮雲。
"Tiền sinh hợp thị Ư Lăng tử,",前生合是於陵子，
Lạc đáo kim sinh hựu tính Trần!,落到今生又姓陳。
"Tản lĩnh Lô giang tuế tuế đồng,",傘嶺瀘江歲歲同，
Bạch đầu do đắc kiến Thăng Long.,白頭猶得見昇龍。
"Thiên niên cự thất thành quan đạo,",千年巨室成官道，
Nhất phiến tân thành một cố cung.,一片新城沒故宮。
"Tương thức mỹ nhân khan bão tử,",相識美人看抱子，
Đồng du hiệp thiếu tẫn thành ông.,同遊俠少盡成翁。
"Quan tâm nhất dạ khổ vô thuỵ,",關心一夜苦無睡，
Đoản địch thanh thanh minh nguyệt trung.,短笛聲聲明月中。
"Cổ thời minh nguyệt chiếu tân thành,",古時明月照新城，
Do thị Thăng Long cựu đế kinh.,猶是昇龍舊帝京。
"Cù hạng tứ khai mê cựu tích,",衢巷四開迷舊跡，
Quản huyền nhất biến tạp tân thanh.,管弦一變雜新聲。
"Thiên niên phú quý cung tranh đoạt,",千年富貴供爭奪，
Tảo tuế thân bằng bán tử sinh.,早歲親朋半死生。
"Thế sự phù trầm hưu thán tức,",世事浮沉休嘆息，
Tự gia đầu bạch diệc tinh tinh.,自家頭白亦星星。
"Thử địa phồn hoa kỷ độ kinh,",此地繁華幾度經，
Niên niên hồi thủ bất thăng tình.,年年回首不勝情。
"Ngưu Hồ dĩ biến tam triều cục,",牛湖已變三朝局，
"Long Đỗ không dư bách chiến thành,",龍肚空餘百戰城。
"Nùng Lĩnh phù vân kim cổ sắc,",濃嶺浮雲今古色，
Nhị Hà lưu thuỷ khấp ca thanh.,珥河流水泣歌聲。
"Cầm Hồ đoạt sáo nhân hà tại,",擒胡奪槊人何在，
Ưng vị giang sơn tẩy bất bình.,應為江山洗不平。
"Hoạn du đáo xứ tổng vi duyên,",宦遊到處總為緣，
Dữ thử chu tuyền dĩ nhất niên.,與此周旋已一年。
"Khư tệ vị phu lê thứ vọng,",祛弊未孚黎庶望，
Trợ dư trùng niệm sĩ phu hiền.,助余重念士夫賢。
"Tam thu lạo trướng ô hồng ấn,",三秋潦漲汙鴻印，
Lục vạn sinh linh uý nhạn hoàn.,六萬生靈慰鴈還。
"Lưỡng độ xuân phong thoại lai khứ,",兩度春風話來去，
Giai nhi thử địa thái bình thiên.,佳兒此地太平天。
"Kiến tác công phu đại hoá ky,",建作工夫代化機，
Ngũ Môn lâu ngoại vọng nguy nguy.,五門樓外望巍巍。
"Cao phiêu bách xích kình thiên lập,",高飄百尺擎天立，
Trực chỉ trùng tiêu ủng nhật huy.,直指重霄擁日輝。
Tiến cận khai thời phong chính phất.,進近開時風正拂，
Bãi triều quyển xứ lộ sơ hy.,罷朝捲處露初晞。
"Ức niên chiêm ngưỡng vô cùng tụng,",億年瞻仰無窮頌，
"Bất tức dương quang, bất bạt kỳ.",不息陽光不拔旗。
"Nhất tòng luân lạc tha hương khứ,",一從淪洛他鄉去，
Khuất chỉ thanh minh kỷ độ qua.,屈指清明幾度過。
"Thiên lý phần doanh vi bái tảo,",千里墳塋違拜掃，
Thập niên thân cựu tẫn tiêu ma.,十年親舊盡消磨。
"Sạ tình thiên khí mô lăng vũ,",乍晴天氣模稜雨，
Quá bán xuân quang tư cú hoa.,過半春光廝句花。
"Liêu bả nhất bôi hoàn tự cưỡng,",聊把一杯還自彊，
Mạc giao nhật nhật khổ tư gia.,莫教日日苦思家。
"Đông phong trú dạ động giang thành,",東風晝夜動江城，
"Nhân tự bi thê, thảo tự thanh.",人自悲悽草自青。
"Xuân nhật hữu thân phi thiếu tráng,",春日有身非少壯，
Thiên nhai vô tửu đối thanh minh,天涯無酒對清明。
"Thôn ca sơ học tang ma ngữ,",村歌初學桑麻語，
Dã khốc thời văn chiến phạt thanh.,野哭時聞戰伐聲。
"Khách xá hàm sầu dĩ vô hạn,",客舍含愁已無限，
Mạc giao mao thảo cận giai sinh.,莫敎茅草近階生。
"Trường hà nhất đái thuỷ du du,",長河一帶水悠悠，
"Thanh Hoá, Sơn Nam hoạch nhị châu.",清化山南劃二州。
"Triều tín vãng lai quan tạo hoá,",潮信往來觀造化，
Điểu thanh thượng hạ thuyết doanh thâu.,鳥聲上下說贏輸。
Yên phù tùng tản miếu hà xứ?,煙浮松傘廟何處，
Bạch phất lô kỳ thiên cộng thu.,白拂蘆旂天共秋。
"Thập nhị niên tiền tằng quá thử,",十二年前曾過此，
Tân đình phong cảnh sử nhân sầu.,新亭風景使人愁。
"Phù kiều tận xứ xuất bình điền,",浮橋盡處出平田，
Lịch lịch thanh sơn tại nhãn tiền.,歷歷青山在眼前。
"Cổ kính tiều quy minh nguyệt đảm,",古徑樵歸明月擔，
Triều môn ngư tống tịch dương thuyền.,潮門魚送夕陽船。
"Mang mang viễn thuỷ tam xuân thụ,",茫茫遠水三春樹，
Lạc lạc nhân gia lưỡng ngạn yên.,落落人家兩岸煙。
Cực mục hương quan tại hà xứ?,極目鄉關在何處，
Chinh hồng sổ điểm bạch vân biên.,征鴻數點白雲邊。
"Hoạn đồ tứ thập ngũ niên thân,",宦途四十五年身，
Thành thị nuy vi đại ẩn nhân.,城市羸為大隱人。
"Trúc thạch an bài thi hảo cảnh,",竹石安排詩好景，
Điểu hoa đoàn chiếm tửu giai tân.,鳥花團占酒佳賓。
"Hành môn tự hữu an tâm lạc,",衡門自有安心樂，
Thánh thế hà ưu bão đạo bần.,聖世何憂抱道貧。
"Thuỳ đạo xu thời ngô kế chuyết,",誰道趨時吾計拙，
Nhất nhàn phong vị tẫn ngô nhân.,一閒風味儘吾仁。
"Triều trung chu tử động phân phân,",朝中朱紫動紛紛，
Huyễn nhãn thuỳ năng các tự phân.,幻眼誰能各自分。
"Đầu thượng lão thiên y nhật nguyệt,",頭上老天依日月，
Nhân gian mộng cảnh phó yên vân.,人間夢景付煙雲。
Tập Trì hà xứ chiêu Sơn Giản?,習池何處招山簡？
Đỗ Khúc vô tiền mịch Quảng Văn.,杜曲無錢覓廣文。
Mưu nghị miếu đường ngô khởi cảm!,謀議廟堂吾豈敢，
Nghĩ tương tuyền thạch mộng chư quân.,擬將泉石夢諸君。
"Cố quốc quy tâm lạc nhạn biên,",故國歸心落雁邊，
Thu phong nhất diệp hải môn thuyền.,秋風一葉海門船。
"Kình phun lãng hống lôi nam bắc,",鯨噴浪吼雷南北，
Sóc ủng sơn liên ngọc hậu tiền.,槊擁山連玉後前。
"Thiên địa đa tình khôi cự tẩm,",天地多情恢巨浸，
Huân danh thử hội tưởng đương niên.,勳名此會想當年。
"Nhật tà ỷ trạo thương mang lập,",日斜倚棹滄茫立，
Nhiễm nhiễm hàn giang khởi mộ yên.,冉冉寒江起暮煙。
"Ai bài tối thị hoá công đa,",挨排最是化工多，
Đại khối do lai hỗn độn tra.,大塊由來渾沌槎。
"Vị ao nhất hoằng tàng Thái Dịch,",為凹一泓藏太腋，
Toại khu quần thạch áp thương ba.,遂驅群石壓滄波。
"Cục tàn Thiết Giáp dư thanh miếu,",局殘鐵甲餘清廟，
Yến bãi đào viên toả lạc hà.,宴罷桃園鎖落霞。
"Si tưởng lâu thuyền minh cổ xuý,",癡想樓船鳴鼓吹，
Tao Đàn hà nhật kiến canh ca.,騷壇何日見賡歌。
"Chẩm qua tằng dĩ tích niên tâm,",枕戈曾已積年心，
Phương Lạn sơn đầu dạ nhất lâm.,芳爛山頭夜一臨。
"Ngã bộc diệc cam sương tuyết khổ,",我僕亦甘霜雪苦，
Nhân tình đa tự giản khê thâm.,人情多似澗溪深。
"Tam canh giác lạc phong tiền hưởng,",三更角落風前響，
Vạn lý tùng đê nguyệt hạ âm.,萬里松低月下陰。
"Trù lược ý trung nan mị khứ,",籌略意中難寐去，
Do nhiên sách thú vị cùng lâm.,猶然索獸未窮林。
"Thiên thượng song tinh dục hội kỳ,",天上雙星欲會期，
Tuấn bôn ô thước dịch linh ty.,駿奔烏鵲役靈司。
"Giá vân kiều hợp thiên xa chuyển,",架雲橋合天車轉，
Chức cẩm cơ nhàn vụ tuyến thuỳ.,織錦機閒霧線垂。
"Tạm hội khước tòng kim tịch biệt,",暫會卻從今夕別，
Tương phùng hựu thị cách niên kỳ.,相逢又是隔年期。
"Vô nhân tái phối Ngân Hà thuỷ,",無人再配銀河水，
Thiêm tác đà canh nhất dạ trì.,添作鼉更一夜遲。
"Y cẩu phù vân biến thái đa,",衣狗浮雲變態多，
Du du đô phó mộng Nam Kha.,悠悠都付夢南柯。
"Sương dung tẩy hạ hà phương trán,",霜容洗夏荷方綻，
Phong sắc lai xuân mai dĩ hoa.,風色來春梅已花。
"Tây nguyệt trầm không nan phục ảnh,",西月沉空難復影，
Đông lưu phó hải khởi hồi ba.,東流赴海豈回波。
"Quân khan Vương, Tạ lâu tiền yến,",君看王謝樓前燕，
Kim nhập tầm thường bách tính gia.,今入尋常百姓家。
"Hưu tầm Thiếu Thất dữ Tào Khê,",休尋少室與曹溪，
Thể tính minh minh vị hữu mê.,體性明明未有迷。
"Cổ nguyệt chiếu phi quan viễn cận,",古月照非關遠近，
Thiên phong xuy bất giản cao đê.,天風吹不揀高低。
"Thu quang hắc bạch tuỳ duyên sắc,",秋光黑白隨緣色，
Liên nhị hồng hương bất trước nê.,蓮蕊紅香不著泥。
"Diệu khúc bản lai tu cử xướng,",妙曲本來須舉唱，
Mạc tầm nam bắc dữ đông tê.,莫尋南北與東西。
"Kỷ độ tương y đối ảnh tam,",幾度相依對影三，
Kim tiêu tự cựu hướng tùng am.,今霄敘舊向松庵。
"Huyền quan trước nhãn tân kim bích,",玄關著眼新金璧，
Hữu thạp luận tâm lão uý lam.,友錔論心老蔚藍。
"Hà chủ hà tân phô củng bắc,",何主何賓鋪拱北，
Thị không thị sắc thuật hoà nam.,是空是色述和南。
"Cơ tương đầu xứ tri tương khế,",机相投處知相契，
Mạc tiện Thanh Liên bỉnh chúc đàm.,莫羨青蓮秉燭談。
"Thiên lý quan hà mộng đế kinh,",千里關河夢帝京，
Quy chu sơ bạc Phú Xuân thành.,歸舟初泊富春城。
"Nhân do kiêu dưỡng thành lăng vũ,",人由驕養成凌侮，
Thiên vị ân ưu khải thánh minh.,天為殷憂啟聖明。
"Sơn sắc thuỷ quang song trứ nhãn,",山色水光雙著眼，
Triều cơ biên sự lưỡng quan tình.,朝機邊事兩關情。
"Trung tiêu cảnh cảnh tần y chẩm,",中宵耿耿頻欹枕，
Mao điếm thời văn kê sổ thanh.,茅店時聞雞數聲。
"Chấp ngũ niên tiền biệt cố nhân,",卄五年前别故人，
Thuyền hành chính ngộ hựu xuân phân.,船行正遇又春分。
"Mạc giang tị loạn đương thanh tuế,",幕江避乱當青歲，
Thị Độ tầm cư dĩ lão tuần.,市渡尋居已老旬。
"Tứ khẩu như kim tam thập khẩu,",四口如今三十口，
Nhất gia sinh xuất bát gia lân.,一家生出八家鄰。
"Hậu lai nhược vấn hồi Giao Thuỷ,",後來若問回膠水，
Tác ốc vô thiên trạch mộ phần.,作屋無遷擇墓墳。
"Nhân vị tiên sinh ái ngã nhi,",人謂先生愛我兒，
Ái nhi chi mẫu hữu thuỳ tri.,愛兒之母有誰知。
"Giá kiều cựu cú phi vô vị,",架橋舊句非無謂，
Lãm kính tiền nhân chỉ tự bi.,攬鏡前因只自悲。
"Chỉ khủng thế gian vô quả phụ,",只恐世間無寡婦，
Mạc ngôn thiên hạ khiếm thiền sư.,莫言天下欠蟬師。
"Ái sư dục vị ái nhi giáo,",愛師欲為愛兒教，
Giáo đắc nhi thì mẫu hựu si.,校得兒時母又癡。
"Vạn lý lai quan quốc thượng tân,",萬里來觀國上賓，
Khoa trường ngộ tác cấu trung nhân.,科場誤作彀中人。
"Đông phong ngự uyển hoa dung động,",東風御苑花容動，
Tế vũ càn khôn liễu sắc tân.,細雨乾坤柳色新。
"Song lý khoát truyền giang thượng tín,",雙鯉闊傳江上信，
Biên chu tù hệ khách trung thân.,扁舟囚繫客中身。
"Kim triêu tối thị sầu trường xứ,",今朝最是愁腸處，
Nhất biệt đình vi thắng bán xuân.,一別庭闈勝半春。
"Phản trạng đương niên biện Yết nhi,",反狀當年辨羯兒，
Chí minh tiên kiến nhược thi quy.,至明先見若蓍龜。
"Tế thì nho thuật sinh bình hữu,",濟時儒術生平有，
Gián chúa trung ngôn tử hậu tri.,諫主忠言死後知。
"Vạn cổ bất ma Kim giám lục,",萬古不磨金鑑錄，
Thiên niên do hưởng Khúc giang từ.,千年猶享曲江祠。
"Cao phong truy tưởng hồn như tạc,",高風追想渾如昨，
Thủ phất thanh đài nhận thạch bi.,手拂青苔認石碑。
"Dĩ tương tính tự đăng hiền bảng,",​已將姓字登賢榜，
Bất bả văn chương ỷ lý kiều.,不把文章倚里橋。
"Quy khứ trinh vân dư địa tích,",龜去貞雲餘地脊，
Hồng tuỳ bạc vũ thướng thiên yêu.,虹隨薄雨上天腰。
"Thụ hoành khúc giản ngư long quật,",樹橫曲澗魚龍窟，
Mạch tú giao trù dã điểu hiêu.,麥秀郊疇野鳥嘵。
"Trù trướng vô liêu hành khách tứ,",惆悵無聊行客思，
Tước bi thượng ký nhận tiền triều.,削碑尚記認前朝。
"Ba đào vạn khoảnh dược ngư long,",波濤萬頃躍魚龍，
Tây bắc minh mê thuỷ sở tòng.,西北溟迷水所從。
"Xích nhật dục uyên sơ xuất sắc,",赤日浴淵初出色，
Huyền Trân phù đảo thượng vi dung.,玄珍浮島尚為容。
"Xuân phong noãn nhập thao cô toạ,",春風暖入操觚座，
Hải khí hàn sinh xạ đẩu xung.,海氣寒生射斗衝。
"Thừa thuận cẩm phàm đa đắc ý,",乘順錦帆多得意，
Thi thuyền phá lãng tác tiên phong.,詩船破浪作先鋒。
"Vị hữu quan thì dục tố quan,",未有官辰欲做官，
Hữu quan thuỷ giác tố quan nan.,有官始覺做官難。
"Hoạn đào chỉ dĩ khinh tâm trạo,",宦濤祇以輕心掉，
Lợi cục hà năng lãnh nhãn khan.,利局何能冷眼看。
"Lãng chú kim ngân nang dĩ khánh,",浪注金銀囊已罄，
Bất tri hà đổ tịch tương tàn.,不知蝦賭席將殘。
"Ngô nhi tự tín thông minh tại,",吾兒自信聰明在，
Tằng phủ ngô ngôn yết toạ đoan.,曾否吾言揭座端。
"Ngọc giai tiên trượng hiểu ban thôi,",玉階仙杖曉班催，
Nhật thướng Đồng Chương bảo phiến khai.,日上彤章寶扇開。
"Lôi động càn khôn tam chúc thọ,",雷動乾坤三祝壽，
Xuân sinh vũ lộ cửu hà bôi.,春生雨露九霞杯。
"Nguyên niên tân kỷ Hoàng Long thuỵ,",元年新紀黃龍瑞，
Trùng dịch kim truyền bạch trĩ lai.,重譯今傳白雉來。
"Tòng thử nam hoang thâm cảm đức,",從此南荒深感德，
Bất lao đồng trụ lập thôi ngôi.,不勞銅柱立崔嵬。
"Thảng lai hoạ phúc bất đơn hành,",儻來禍福不單行，
Nhàn bốc u thâm ký thử sinh.,閑卜幽深寄此生。
"Hải quốc tam xuân mê yến luỹ,",海國三春迷燕壘，
Yên thôn nhất vũ cách nông canh.,煙村一雨隔農耕。
"Đa tàm thân trọc phùng thì trọc,",多慚身濁逢時濁，
Thiểu lại tâm thanh ngộ quốc thanh.,少賴心清遇國清。
"Dạ mộng Quan Âm nhập hoang thảo,",夜夢觀音入荒草，
Thu giang thanh thiển lộ hoa hoành.,秋江清淺露花橫。
"Thiếu thì ngã học tử gia biên,",少時我學子家邊，
Ngã vị vi quan tử vị thiền.,我未為官子未禪。
"Tự tử vân du ngã quan khứ,",自子雲遊我官去，
Thử gian tiêu tức lưỡng mang nhiên.,此間消息兩茫然。
"Bất tri xa lạp kim hà tịch,",不知車笠今何夕，
Dĩ thị phong trần nhị thập niên.,已是風塵二十年。
"Ngã dĩ từ quan hựu cấu tử,",我已辭官又逅子，
Khán lai câu vị tịnh trần duyên.,看來俱未淨塵緣。
"Minh Hà thu lộ chiếu hoa tham,",明河秋露照華參，
Thiên vũ tiên hoa ưu bát đàm.,天雨仙花優缽曇。
"Ân trọng bằng trình chuyển minh bắc,",恩重鵬程轉溟北，
Đan thành kê khuyển tại An Nam.,丹成雞犬在安南。
"Trường sinh tịch nội thiên thu bát,",長生籍內千秋八，
Thiện Lạc đường trung thất nguyệt tam.,善樂堂中七月三。
"Bạch phát môn đồ trân trọng ý,",白髮門徒珍重意，
Lưu hà phách thủ tá xuân hàm.,流霞拍手借春酣。
"Học hiệu do lai phong hoá nguyên,",學校由來風化源，
Triều đình cấp vụ thử vi tiên.,朝庭急務此為先。
"Quận hầu qui hoạch tâm cần chính,",郡侯規劃心勤正，
Châu ấp thu công nhật miễn chiên.,州邑收功日勉旃。
"Văn Miếu đốt ta lăng hiểu vụ,",文廟咄嗟凌曉霧，
Tứ lang y cựu uỷ hoang yên.,四廊依舊委荒煙。
"Chỉ kim đáo xứ luân tài mộc,",只今到處掄材木，
Nại thử Đông Triều thượng khiếm nhiên.,奈此東潮尚欠然。
"Đạo huề thiên lý xích như thiêu,",稻畦千里赤如燒，
Điền dã hưu ta ý bất liêu?,田野咻嗟意不聊？
"Hậu thổ sơn hà phương địch địch,",后土山河方滌滌，
Hoàng thiên vũ lộ chính thiều thiều!,皇天雨露正迢迢。
"Lại tư võng cổ hồn đa kiệt,",吏胥網罟渾多竭，
Dân mệnh cao chi bán dĩ tiêu.,民命膏脂半已消。
"Hảo bả tân thi đương tấu độc,",好把新詩當奏牘，
Chỉ kim ngoạ bệnh vị năng triều.,只今臥病未能朝。
"Sổ chuyên thư thất yểm bồng cao,",數椽書室掩蓬筸，
Trì thảo viên lâm mộng nhập tao.,池草園林夢入騷。
"Phú ốc sương quân thiên ngoã trọng,",覆屋霜勻千瓦重，
Xâm môn nhật thượng bán ly cao.,侵門日上半籬高。
"Bệnh trung hoạt kế tồn linh dược,",病中活計存靈藥，
Thân ngoại phù danh phó trọc giao.,身外浮名付濁醪。
"Vạn sự vô doanh tâm tự khả,",萬事無營心自可，
Xuân phong mãn xế thái giao giao!,春風滿砌太陶陶。
"Thanh thảo thôn tiền ngoạ lão ông,",青草村前臥老翁，
Giang nam dạ sắc thướng liêm lung.,江南夜色上簾櫳。
"Mãn thiên minh nguyệt nhất trì thuỷ,",滿天明月一池水，
Bán bích hàn đăng vạn thụ phong.,半壁寒登萬樹風。
"Lão khứ vị tri sinh kế chuyết,",老去未知生計拙，
Chướng tiêu thời giác túc tâm không.,障消時覺夙心空。
"Niên niên kết đắc ngư tiều lữ,",年年結得漁樵侶，
Tiếu ngạo hồ yên dã thảo trung.,笑傲湖煙野草中。
"Bão ly trúc thụ vạn điều thương,",抱籬竹樹萬條槍，
Lão ốc cung dư cổ tự bàng.,老屋弓餘古寺傍。
"Quá vũ trì đường oa ngữ quát,",過雨池塘蛙語聒，
Lạc hoa đình viện yến nê hương.,落花庭院燕泥香。
"Nhàn tình trạm trạm xuân giao túc,",閒情湛湛春醪足，
Thế lộ mang mang ngọ thuỵ trường.,世路茫茫午睡長。
"Tỉnh hậu xuất môn huề bộc khứ,",醒後出門攜僕去，
Phùng nhân chỉ hướng thuyết nông tang.,逢人只向說農桑。
"Trạo bỉ giang đầu hỷ khí doanh,",掉彼江頭喜氣盈，
Sổ hàng giang cán nhất triêu thành.,數行江檊一朝成。
"Phụ tài tự thị nhân thiên đốc,",負裁自是因天篤，
Ủng chú nguyên phi dữ thuỷ tranh.,擁注原非與水爭。
"Cán định hải triều tuỳ nguyệt trưởng,",檊定海潮隨月長，
Căn thâm sơn lạo hướng thu sinh.,根深山潦向秋生。
"Tòng kim tư tức niên niên hậu,",從今斯即年年厚，
Ngọc luỹ ngân đôi địa vận hanh.,玉壘銀堆地運亨。
"Sơ thị Ô châu dữ Lý châu,",初是烏州與里州，
Trần thì Thuận Hoá diệc phân khâu.,陳時順化亦分丘。
"Lê đồ biên nhập Hải Tây đạo,",黎圖編入海西道，
Tiệm chí tiên vương nhất quán thâu.,漸至先王一貫收。
"Hậu thành chủ phủ hình thiên mỹ,",後成主府形偏美，
Thất thập dư niên Trịnh đáo câu.,七十餘年鄭到拘。
"Di chí Tây Sơn tam tuế bán,",移至西山三歲半，
"Hựu hồi, hựu khứ vị qua mâu.",又回又去為戈矛。
"Ngô bối tâm giao kỷ diện phùng,",吾輩心交幾面逢，
Mỗi liên đồ mạt địa thiên trùng.,每憐塗抹地千重。
"Quả tình tự thử sơ tương phỏng,",寡情似此疏相訪，
Đa bệnh bằng quân hoặc kiến dung.,多病憑君或見容。
"Nhất sự văn chương sầu Lão Đỗ,",一事文章愁老杜，
Thập niên hồ hải ngộ Nguyên Long.,十年湖海誤元龍。
"Bất thăng trân trọng ân cần ý,",不勝珍重慇懃意，
Tụng biến dao hàn mạc trí phong.,誦遍瑤翰莫置封。
"Hoè quế kết hương liên tính danh,",槐桂結香聯姓名，
Hứng giai ngô thất nhập phong thanh.,興佳吾室入風清。
"Bôi khuynh khách ẩm phân hiền thánh,",杯傾客飲分賢聖，
Cú lạc giang hàn khiếp Đẩu tinh.,句落江寒怯斗星。
"Mai ánh tuyết quang xuân tảo báo,",梅映雪光春早報，
Liễu hàm yên ái nhật sơ tình.,柳含煙靄日初晴。
"Khai hồng tử sắc hoa tiền mãn,",開紅紫色花前滿，
Tài tự thủ hoa di hạ đình.,栽自手花移下庭。
"Thất mã yên trần biệt cựu lâm,",匹馬煙塵別舊林，
Quyên khu thệ báo quốc ân thâm.,捐驅誓報國恩深。
"Bổ thiên điền hải tuy nan sự,",補天填海雖難事，
Phá phủ trầm chu tự tráng tâm.,破釜沉舟自壯心。
"Vạn lý chinh sam tuỳ nhạn độ,",萬里征衫隨雁渡，
Tam canh hùng kiếm tác long ngâm.,三更雄劍作龍吟。
"Hà thì thân hệ cường Hồ cảnh,",何時親繫彊胡頸，
Qui đối giang san tửu mãn châm.,歸對江山酒滿斟。
"Bất vị thuần lô nhạ viễn sầu,",不爲蓴蘆惹遠愁，
Thời quang nhân sự hựu du du.,時光人事又悠悠。
"Nhất thanh sương báo thôi hồng nhạn,",一聲霜報催鴻雁，
Tạc dạ tinh hà nhận Nữ Ngưu.,昨夜星河認女牛。
"Minh nguyệt chiếu lai cao các tứ,",明月照來高閣思，
Bạch vân phi quá cố viên thu.,白雲飛過故園秋。
"Nhãn tiền dĩ thị hoàng hoa hậu,",眼前已是黃花候，
Vị vấn phương tâm tự tại phù.,爲問芳心自在不。
"Nhẫm nhiễm thu quang nhất trịch thoa,",荏苒秋光一擲梭，
Cửu trùng thánh học tích niên hoa.,九重聖學惜年華。
"Bích ngô phong tảo giai tiền diệp,","碧梧風掃階前葉,"
Kim cúc sương đôi viện hậu hoa.,金菊霜堆院後花。
"Nguyệt quật thiên căn thâm hữu khế,",月窟天根深有契，
Chu tình Khổng tứ hạo vô nha.,周情孔思浩無涯。
"Hoành Phần thượng tiếu Hán thiên tử,",橫汾上笑漢天子，
Đáo lão vô công lãng tự ta.,到老無功浪自嗟。
"Tứ thì hảo cảnh vô đa nhật,",四時好景無多日，
Phao trịch như thoa hoán bất hối.,拋擲如梭喚不回。
"Thiên lý xích thân vi khách cửu,",千里赤身為客久，
Nhất đình hoàng diệp tống thu lai.,一庭黃葉送秋來。
"Liêm thuỳ tiểu các tây phong động,",簾垂小閣西風動，
Tuyết ám cùng thôn hiểu giốc ai.,雪暗窮村曉角哀。
"Trù trướng lưu quang thôi bạch phát,",惆悵流光催白髮，
Nhất sinh u tứ vị tằng khai.,一生幽思未曾開。
"Thái bình Thiên tử chính sùng văn,",太平天子正崇文，
Hỷ kiến hoàng kim lịch ngoã phân.,喜見黃金礫瓦分。
"Mỹ ngọc bất lao cầu thiện giá,",美玉不勞求善價，
Ỷ lan chung tự thổ thanh phân.,猗蘭終自吐清芬。
"Tiện quân dĩ tác nghi đình phụng,",羡君已作儀庭鳳，
Quý ngã ưng đồng xuất tụ vân.,愧我應同出岫雲。
"Lưỡng nhãn hôn hoa đầu cánh bạch,",兩眼昏花頭竟白，
Quyên ai hà dĩ đáp quân ân.,涓埃何以答君恩。
"Biên địa phong đa chướng địa truyền,",邊地風多瘴地傳，
Quân nhân đa bệnh chiến cầu đan.,軍人多病戰求丹。
"Quan hà thu lãnh nan thành mộng,",關河秋冷難成夢，
Can cách niên suy tiệm khiếp hàn.,肝膈年衰漸怯寒。
"Diểu diểu đông lai giang thuỷ khoát,",渺渺東來江水闊，
Điều điều tây khứ nguyệt luân đoàn.,迢迢西去月輪團。
"Bất sầu Tây tặc năng vi cánh,",不愁西賊能為梗，
Đại tướng thuỳ nhân xưng nhất Hàn.,大將誰人稱一韓。
"Nhất thiên tinh đẩu dạ trầm trầm,",一天星斗夜沉沉，
Sạ đính thanh thanh tứ bất câm.,乍頂聲聲思不禁。
"Cách trúc cao đê xao bính chẩm,",隔竹高低敲丙枕，
Hoà sương đoạn tục tả thương âm.,和霜斷續瀉滄音。
"Sầu xâm giác thú tam canh nguyệt,",愁侵角戍三更月，
Hoán khởi hương khuê vạn lý tâm.,喚起鄉閨萬里心。
"Tiêu thiết hoành thu nam tử tháo,",銷鐵橫秋男子操，
Đinh ninh mạc sử nhập nhân thâm.,丁寧莫使入人深。
"Vân đạm phong khinh nguyệt vị viên,",雲淡風轻月未圓，
Song biên trướng lý bất năng miên.,窗边帳裡不能眠。
"Thất thì nan vãn đông phương nhật,",失時難挽東方日，
Khiển hứng huề đồng bắc thị thiên.,遣興携童北市遷。
"Tửu lạc dữ nhân đàm đạo kiếp,",酒落與人談盗劫，
Thuế sai văn khách khiếu oan khiên.,税差闻客叫冤愆。
"Tứ canh sơ điểm trư thanh oán,",四更初點猪声怨，
Phản bộ lân lân lộ thượng liên.,返步轔轔路上連。
"Nhân tự đê hồi nguyệt tự lưu,",人自低回月自流，
Tha hương nguyệt thị cố hương thu.,他鄉月是故鄉秋。
"Đề hồng thanh lý quan hà yểu,",啼鴻聲裏關河杳，
Nhiễu thước chi biên vũ trụ phù.,繞鵲枝邊宇宙浮。
"Bắc tái vân yên thôi viễn cảm,",北塞雲煙催遠感，
Tây lĩnh phong vũ mộng tiền du.,西嶺風雨夢前遊。
"Bằng thuỳ tá tửu tiêu trường dạ,",憑誰借酒消長夜，
Phủ kiếm hào trường thiên địa u.,撫劍號長天地幽。
"Lý hoàng nhị lộ chiếu thiên đô,",李皇二路詔遷都，
Thử sự đương tri dĩ vĩnh đồ.,此事當知以永圖。
"Thuỷ bộ hùng sư bề cổ chấn,",水步雄師鼙皷振，
Nhĩ hà lão thiếu vạn niên hô.,邇遐老少萬年呼。
"Minh Không linh tự thuyền lưu bạc,",明空灵寺船留泊，
Kiếm lĩnh sơn biên khố hữu cơ.,劍嶺山边庫有基。
"Thường vọng anh quân thiên thượng trợ,",常望英君天上助，
Nam bang lê thứ vấn hà cô.,南邦黎庶問何辜。
"Thu lai ngẫu bạng cúc hoa tùng,",秋來偶徬菊花叢，
Nhất thất chi lan xú vị đồng.,一室芝蘭臭味同。
"Thế sự phiếm luân đăng ảnh ngoại,",世事泛論燈影外，
Giao tình thâm ký tửu bôi trung.,交情深寄酒杯中。
"Kỷ hành bạch phát thì tương vãn,",幾莖白髮時相晚，
Vạn lý thanh vân tín vị thông.,萬里青雲信未通。
"Độc đối bất lai kim tịch mộng,",獨對不來今夕夢，
Tây phong xuy vũ lạc ngô đồng.,西風吹雨落梧桐。
"Hồng diệp đôi đình trúc ủng môn,",紅葉堆庭竹擁門，
Mãn giai minh nguyệt quá hoàng hôn.,滿階明月過黃昏。
"Cửu tiêu thanh lộ tam canh thấp,",九霄清露三更濕，
Tứ bích hàn cung triệt dạ huyên.,四壁寒蛩徹夜喧。
"Thiên lại ngữ thu kinh thảo mộc,",天籟語秋驚草木，
Ngọc Thằng đê Hán chuyển càn khôn.,玉繩低漢轉乾坤。
"Cao trai độc toạ hồn vô mị,",高齋獨坐渾無寐，
Hảo bả tân thi hướng chí luân.,好把新詩向志論。
"Lữ xá tiêu tiêu tịch tác môn,",旅舍蕭蕭席作門，
Vi ngâm tụ thủ quá hoàng hôn.,微吟袖手過黃昏。
"Thu phong lạc diệp ki tình tứ,",秋風落葉羈情思，
Dạ vũ thanh đăng khách mộng hồn.,夜雨青燈客夢魂。
"Loạn hậu phùng nhân phi túc tích,",亂後逢人非夙昔，
Sầu trung tống mục ngụ càn khôn.,愁中送目寓乾坤。
"Đáo đầu vạn sự giai hư huyễn,",到頭萬事皆虛幻，
Hưu luận Phàm vong dữ Sở tồn.,休論凡亡與楚存。
"Tây phong hám thụ hưởng tranh tranh,",西風撼樹響錚錚，
Diêu lạc thanh bi cửu khách tình.,搖落聲悲久客情。
"Hoàng diệp mãn đình thu quá bán,",黃葉滿庭秋過半，
Thanh đăng hoà vũ dạ tam canh.,青燈和雨夜三更。
"Bệnh đa cốt sấu miên ưng thiểu,",病多骨瘦眠應少，
Quan lãnh thân nhàn mộng diệc thanh.,官冷身閒夢亦清。
"Nhất niệm tức lai thiên niệm tức,",一念息來千念息，
Kê trùng tự thử liễu tương tranh.,雞虫自此了相爭。
"Phồn tinh lịch lịch lộ như ngân,",繁星歷歷露如銀，
Đông bích hàn trùng bi cánh tân.,東壁寒蟲悲更辛。
"Vạn lý thu thanh thôi lạc diệp,",萬里秋聲催落葉，
Nhất thiên hàn sắc tảo phù vân,一天寒色掃浮雲。
Lão lai bạch phát khả liên nhữ,老來白髮可憐汝，
Trú cửu thanh sơn vị yếm nhân,住久青山未厭人。
Tối thị thiên nhai quyện du khách,最是天涯倦遊客，
Cùng niên ngoạ bệnh Quế giang tân.,窮年臥病桂江津。
"Bạch lộ vi sương thu khí thâm,",白露為霜秋氣深，
Giang thành thảo mộc cộng tiêu sâm.,江城草木共蕭森。
"Tiễn đăng độc chiếu sơ trường dạ,",剪燈獨照初長夜，
Ác phát kinh hoài mạt nhật tâm.,握髮經懷末日心。
"Thiên lý giang sơn tần trướng vọng,",千里江山頻悵望，
Tứ thì yên cảnh độc trầm ngâm.,四時煙景獨沉吟。
"Tảo hàn dĩ giác vô y khổ,",早寒已覺無衣苦，
Hà xứ không khuê thôi mộ châm?,何處空閨催暮砧。
"Mai dịch thê lương đậu khách trình,",梅驛淒涼逗客程，
Bích ngô chi thượng báo thu thanh.,碧梧枝上報秋聲。
"Song hàm tĩnh luyện giang phong bạch,",雙涵靜練江風白，
Chẩm lộng hàn quang hải nguyệt minh.,枕弄寒光海月明。
"Án thượng hữu hoài đăng nhất điểm,",案上有懷燈一點，
Lâu tiền hà xứ địch tam canh.,樓前何處笛三更。
"Thuỳ nhân tống xướng Ly Câu khúc,",誰人送唱驪駒曲，
Lao lạc yên ba mộng bất thành.,牢落煙波夢不成。
"Diểu diểu xuân thành tuyết chính man,",渺渺春城雪正漫，
Đông phong lao toản vị toàn can.,東風牢鑽未全乾。
"Hoạn tình tế nhạ dương yên bạc,",宦情細惹楊煙薄，
Khách tự thiên tuỳ hạnh vũ tàn.,客緒偏隨杏雨殘。
"Lưu thuỷ cao sơn cầm há vận,",流水高山琴下韻，
Hồng kỳ xích xí mộng tương lan.,紅旗赤幟夢將闌。
"Lân cừ vạn tính giai ngô dữ,",鄰渠萬姓皆吾與，
Thử ốc thuỳ gia diện diện hàn.,此屋誰家面面寒。
"Tịch mịch thư trai ý bất liêu,",寂寞書齋意不聊，
Di sàng thu hộ thính ba tiêu.,移床秋戶聽芭蕉。
"Nguyệt tàn Cẩm hạng chung thanh hiểu,",月殘錦巷鐘聲曉，
Phong hám Đồng thôn mã túc kiêu.,風撼銅村馬足驕。
"Tao cốt dục thanh thi cánh hoán,",騷骨欲清詩更換，
Bệnh căn vị khứ dược hoàn kiêu.,病根未去藥還澆。
"Hô đồng tịnh tảo sài môn diệp,",呼童凈掃柴門葉，
Lưu đãi quân lai thoại cách triều.,留待君來話隔朝。
"Phá ốc khan tinh dạ vị ương,",破屋看星夜未央，
Tiêu tiêu tứ bích nhiễu hàn tương.,簫簫四璧遶寒螿。
"Thanh đăng đối ảnh song bồng mấn,",青燈對影雙蓬鬢，
Hoàng quyển luân tâm nhất chú hương.,黃卷論心一炷香。
"Phong tống thu thanh tuỳ thụ viễn,",風送秋聲隨樹遠，
Nguyệt phân dạ khí nhập song lương.,月分夜氣入窗涼。
"Ky hoài lãnh khước hồn vô sự,",羈懷冷卻渾無事，
Thời thính đình ngô lạc hiểu sương.,時聽庭梧落曉霜。
"Học vấn vô tha tại miễn chiên,",學問無他在勉旃，
"Nhất tu đương bách, thập đương thiên.",一須當百十當千。
"Lăng vân Thái, Nhạc ưng gia quỹ,",凌雲泰岳應加簣，
"Truy nhật Hoa, Lưu khoái trước tiên.",追日驊騮快著鞭。
"Thân khả phong phì duy đạo vị,",身可豐肥惟道味，
"Tuế vô thuỷ hạn thị thư điền,",歲無水旱是書田。
Cổ lai khanh tướng hà thường chủng.,古來卿相何常種，
Nghiệp quảng công sùng khán chẩm viên.,業廣功崇看枕圓。
"Nhất quan bôn tẩu phong trần mạt,",一官奔走風塵末，
Bách tải xâm tầm điện lộ trung.,百載駸尋電露中。
"Kỷ đoá hoàng hoa khai cựu kính,",幾朵黃花開舊徑，
Sổ hàng bạch phát cảnh suy ông.,數行白髮警衰翁。
"Tang bồng vận sự tâm đô lãnh,",桑蓬運事心都冷，
Chung đỉnh tiền triều mộng diệc dung.,鍾鼎前朝夢亦慵。
"Kiến thuyết nhân gia tương báo đạo,",見說人家相報道，
Nghinh xuân xứ xứ liễu đê đông.,迎春處處柳堤東。
"Hàn thuỷ trường không nhất sắc tề,",寒水長空一色齊，
Tuỳ phong hà xứ xướng kim kê.,隨風何處唱金雞。
"Tòng dung cô nhạn đinh tiền túc,",從容孤雁汀前宿，
Đoạn tục ai viên ngạn thượng đề.,斷續哀猿岸上啼。
"Thanh đại ảnh hàm sơn viễn cận,",青黛影涵山遠近，
Đan sa điểm kết thụ cao đê.,丹砂點結樹高低。
"Thu lai kỳ phu đương quy lộ,",秋來祇夫當歸路，
Dao chỉ Thiên Tân nhật vị tây.,遙指天津日未西。
"Lộ kinh Mạc Phủ nhập Bằng Tường,",路經幕府入馮祥，
Cố Thụ Hàng thành thị cố cương.,故受降城是故彊。
"Sơn tự Lạng Sơn, khê giáo thiểu,",山似諒山溪較少，
"Thạch xưng Hạ Thạch, lý thiên trường!",石稱下石里偏長。
"Thuỷ xa chuyển trục lôi huyên ngạn,",水車轉軸雷暄岸，
Hoả hiệu tiêu đài tuyết mãn đường.,火號標臺雪滿塘。
"Đô thống hành thành thành thậm sự,",都統行城成甚事，
Linh nhân thiên tải mạ Nghi Dương.,伶人千載罵宜陽。
"Lưu hoả sơ kinh thử khí cang,",流火初經暑氣亢，
Tân thu dĩ kết mã đề sương.,新秋已結馬蹄霜。
Chinh bào ám đệ kim phong sảng;,征袍暗遞金風爽，
Sứ tiết tần phiêu ngọc lộ lương.,使節頻飄玉露涼。
Cúc chú kim tiền nghinh quán khách;,菊鑄金錢迎館客，
Nguyệt phù ngân kính chiếu hành trang.,月浮銀鏡照行裝。
"Xứng tràng giao bệ ca Thiên Bảo,",稱觴蛟陛歌天保，
Nhất trục bình xa nhạn ảnh trường.,一軸軿車雁影長。
"Hoá thành hốt tự điền trung khởi,",化城忽自田中起，
Quan lộ sơ tòng mạch thượng qua.,官路初從陌上過。
"Thạch quật nham âm giai tác động,",石窟岩陰皆作洞，
Tự thê sơn hạ khả vi gia.,寺棲山鏬可為家。
"Thiên công đa huyễn thầm nan trắc,",天工多幻忱難測，
Thế sự vô cùng mạc hận ta.,世事無窮莫恨嗟。
"Khách hứng kháp phùng thu sắc hiểu,",客興恰逢秋色曉，
Chung lưu xao tán nhập minh hà.,鐘流敲散入明霞。
"Trần hải kinh phiêu bất trú xuy,",塵海驚飃不住吹，
Niên lai thán thệ phục thương ly.,年來嘆逝復傷離。
"Quan sơn bức trắc hoài Chu đạo,",關山逼仄懷周道，
Lan chỉ thê ai tục Sở từ.,蘭芷悽哀續楚辭。
"Vạn lý hành nang cô kiếm tại,",萬里行囊孤劍在，
Thập niên quy mộng nhất đăng tri.,十年歸夢一燈知。
"Quốc thù vị phục ân nan báo,",國讎未復恩難報，
Cô phụ đương sơ thệ mộ thì.,辜負當初誓墓時。
"Hoà thử Chu kinh xúc nhãn bi,",禾黍周京觸眼悲，
Thương mang thiên địa trướng hà chi.,蒼茫天地帳何之。
"Không sơn huyết sái quyên đề dạ,",空山血洒鵑啼夜，
Tuyệt tắc hồn tiêu nhạn đoạn thì.,絕塞魂銷雁斷時。
"Lưu đắc tiêu cầm không tự tích,",留得焦琴空自惜，
Thái lai hương thảo dục thuỳ di.,採來香草欲誰貽。
"Thoá hồ kích khuyết kim bôi lãnh,",唾壺擊缺金杯冷，
Tao thủ tây phong hữu sở tư.,搔首西風有所思。
"Hồ già thanh yết Ngũ Vân lâu,",胡笳聲咽五雲樓，
Bạch phát tương quân khứ quốc sầu.,白髮將軍去國愁。
"Chung cổ đế hồn bi Đỗ Vũ,",終古帝魂悲杜宇，
Đương niên cừu huyết nhiễm Ngô câu.,當年仇血染吳鉤。
"Du Nhiên đình phế thiên phong trĩ,",悠然亭廢千峯峙，
Dữ Dã viên không nhất thuỷ lưu.,與也園空一水流。
"Mãn nhãn thương mang gia quốc hận,",滿眼滄茫家國恨，
Tây phong huy thế vọng Thiều Châu.,西風揮涕望韶州。
"Thử vãng tảo trì kinh nhất xuân,",此往早遲經一春，
Vô lao chiêm luyến ký thư tần.,無勞瞻戀寄書頻。
"Túc kham vạn sự xưng nhân tử,",肅堪萬事稱人子，
Kính phụng song thân đại nhĩ thân.,敬奉雙親代爾親。
"Tằng thức nhĩ phương đương mậu miễn,",曾識爾方當懋勉，
Hà tu lão ngã phí tưu tuân.,何須老我費諏詢。
"Diêu hồi thái ổ trùng hoan hội,",軺囬泰塢重歡會，
Dư phúc di hương tiện giác cân.,餘福移鄉便角巾。
"Kiểu kiểu long tương vạn hộc chu,",矯矯龍襄萬斛舟，
An hành mỗi cụ phúc trung lưu.,安行每懼覆中流。
"Sự kham thế lệ phi ngôn thuyết,",事堪涕淚非言說，
Vận lạc phong ba khởi trí mưu.,運落風波豈智謀。
"Thân ngoại phù danh Yên Các quýnh,",身外浮名煙閣迥，
Mộng trung hoa điểu cố sơn u.,夢中花鳥故山幽。
"Ân cần kham tạ hương trung hữu,",慇懃堪謝鄉中友，
Liêu bả tân thi tả ngã sầu.,聊把新詩寫我愁。
"Hành niên lục thập dĩ kinh qua,",行年六十已經過，
Hy cổ hy nhân vị đáo hà.,希古稀人未到何。
"Ngẫu đái xương cuồng phi tửu tích,",偶帶猖狂非酒癖，
Bất kinh hồn mộng hữu thi ma.,不驚魂夢有詩魔。
"Hành môn tự hứa tâm như thuỷ,",衡門自許心如水，
Lão phố thê nhàn mấn tiệm hoa.,老圃棲閒鬢漸華。
"Tế thử xuân quang vô dị hảo,",際此春光無異好，
Chỉ Kỳ viên thụ mính viên hoa.,只祇園樹茗園花。
"Trần tung quân dữ ngã,",塵蹤君與我，
Thời nghĩa hiếu vi trung.,時義孝為忠。
"Bất tử nguyên gia tại,",不死原家在，
Tương liên dã bệnh đồng.,相憐也病同。
"Trầm ngâm thư hữu phích,",沉吟書有癖，
Ma chiết bút vưu hùng.,磨折筆尤雄。
"Khoái ngữ sai cường ý,",快語差強意，
Suy nhan tá tửu hồng.,衰顏借酒紅。
"U trai thuỵ khởi độc trầm ngâm,",幽齋睡起獨沈吟，
Án thượng hương tiêu tịnh khách tâm.,案上香消凈客心。
"Tĩnh lý càn khôn kinh vạn biến,",靜裏乾坤驚萬變，
Nhàn trung nhật nguyệt trị thiên kim.,閑中日月値千金。
"Nho phong lãnh đạm thời tình bạc,",儒風冷淡時情薄，
Thánh vực ưu du đạo vị thâm.,聖域優遊道味深。
"Độc bãi quần thư vô cá sự,",讀罷群書無箇事，
Lão mai song bạn lý dao cầm.,老梅窗畔理瑤琴。
"Tàn mộng sơ sơ tỉnh hiểu chung,",殘夢疏疏醒曉鍾，
Nhật hàm thu ảnh xạ song lung.,日含秋影射窗櫳。
"Khách hoài ủng chẩm y miên hậu,",客懷擁枕欹眠後，
Tâm sự phần hương ngột toạ trung.,心事焚香兀坐中。
"Đình ngoại tảo sầu khan lạc diệp,",庭外掃愁看落葉，
Thiên biên cách lệ sổ chinh hồng.,天邊隔淚數征鴻。
Ô hô thế đạo hà như ngã?,嗚呼世道何如我？
Tam phủ di biên phú Đại đông.,三撫遺編賦大東。
"Khách chẩm hoè đình hựu tái hồng,",客枕槐亭又塞鴻，
Như sương ngâm mấn dục thành bồng.,如霜吟鬢欲成蓬。
"Bế môn vạn lý liên triêu vũ,",閉門萬里連朝雨，
Quá nhãn tam thu lạc diệp phong.,過眼三秋落葉風。
"Thế thái nhiệm tha hoàn phiến bạc,",世態任他紈扇薄，
Nhàn sầu khuyến ngã tửu bôi không.,閑愁勸我酒杯空。
"Tây song nhất chẩm thanh miên túc,",西窗一枕清眠足，
Cánh vịnh tân thi khoá tiểu đồng.,更詠新詩課小童。
"Tiêu tiêu truỵ diệp hưởng đình cao,",蕭蕭墜葉響庭皋，
Bệnh cốt tài tô khí chuyển hào.,病骨纔蘇氣轉豪。
"Thiên địa tư văn tùng cổ trọng,",天地斯文從古重，
Hồ sơn thanh hứng nhập thu cao.,湖山清興入秋高。
"Kính trung bạch phát giai nhân lão,",鏡中白髮佳人老，
Thân ngoại phù danh mạn nhĩ lao.,身外浮名謾爾勞。
"Miến tưởng cố viên tam kính cúc,",緬想故圓三徑菊，
Mộng hồn dạ dạ thượng quy đao.,夢魂夜夜上歸舠。
"Tiêu trí nguyên lai bạc Tạ An,",標致原來薄謝安，
Chỉ ư thu nhật thưởng thu san.,祇於秋日賞秋山。
"Nghiêm sương bất hứa tùng nhan lão,",嚴霜不許松顏老，
Vi vũ thiên dung thạch lĩnh ban.,微雨偏容石嶺斑。
"Kim lại điềm thời thinh thú giác,",金籟恬時聽戍角，
Bích yên khai xứ kiến thiền quan.,碧煙開處見禪關。
"Đăng cao hồi thủ giang tây ngạn,",登高回首江西岸，
Phảng phất quân thiều chỉ xích gian.,彷彿鈞韶咫尺間。
"Na đắc quan thân tận nhật nhàn,",那得官身盡日閒，
Càn khôn giai cảnh dữ nhân khan.,乾坤佳景與人看。
"Vân yên thác lạc Như Lai thổ,",雲煙錯落如來土，
Loan dữ tung hoành tự tại sơn.,巒嶼縱橫自在山。
"Xa mã ảnh tòng vân đội lý,",車馬影從雲隊裡，
Quản huyền hưởng tại thạch trung gian.,管弦響在石中間。
"Quyền a chính hảo ưu du hội,",卷阿正好優游會，
Lạc tại đồng tâm xú hữu lan.,樂在同心臭有蘭。
"Thu nhật thừa lương phó Thịnh Đoàn,",秋日承涼赴盛團，
Đăng sơn hoan thoại hựu đăng sơn.,登山歡話又登山。
Kim phong tiêu sắt thiên dung đạm;,金風蕭瑟天容淡，
Cẩm lĩnh cao tường khách bộ khoan.,錦嶺翺翔客步寬。
Thắng thưởng kiêm phùng xuy dĩ trúc;,勝賞兼逢吹以竹，
Anh du thặng hữu xú như lan.,英遊剩有臭如蘭。
"Xuân hoà huống tại Đường Ngu vũ,",春和況在唐虞宇，
Thả hiệu Cù ca chúc thái an.,且效衢歌祝泰安。
Trường sa nhất đới tiểu hoa diên,長沙一帶小華筵，
Vạn khoảnh thương mang ủng toạ tiền,萬頃滄茫擁坐前。
Đối chước dị hàm thôn tửu trọc,對酌易酣村酒濁，
Hư hoài bội giác hải ngư tiên,虛懷倍覺海魚鮮。
Ba đào thế tráng lai đông cực,波濤勢壯來東極，
Tinh đẩu quang hàn quải bích thiên,星斗光寒掛碧天。
Tuý hậu cuồng ca quân hoà ngã,醉後狂歌君和我，
Hoan du thử dạ hứng vô biên,歡遊此夜興無邊。
"Hảo hoa tú lệ nguyệt tinh thần,",好花秀麗月精神，
Ngoạn nguyệt ngâm hoa sái lạc thân.,玩月吟花灑落身。
"Sạ hướng hoa tiền yêu nguyệt ẩm,",乍向花前邀月飲，
Thời lai nguyệt hạ đối hoa tần.,時來月下對花嚬。
"Bồi hồi nguyệt ảnh hoa doanh cước,",徘徊月影花盈腳，
Mính đính hoa tùng nguyệt mãn cân.,酩酊花叢月滿巾。
"Bất tỷ tầm thường hoa nguyệt khách,",不比尋常花月客，
Nguyệt trung hoàn thị chiết hoa nhân.,月中還是折花人。
"Kinh quốc huề thư nhị thập niên,",京國攜書二十年，
Đăng long mỗi hận khiếm tiền duyên.,登龍每恨欠前緣。
"Mộng tuỳ hàn uyển thanh phong ngoại,",夢隨翰苑清風外，
Xuân tại đông đình bạch tửu biên.,春在東亭白酒邊。
"Vạn trượng quang mang khuy Thái Bạch,",萬丈光芒窺太白，
Nhất đoàn hoà khí ấp Y Xuyên.,一團和氣挹伊川。
"Thốn hoài biệt hậu lao khuynh ngưỡng,",寸懷別後勞傾仰，
Cảnh cảnh cao minh nguyệt dạ huyền.,耿耿高明月夜懸。
"Vũ trệ Tầm giang hiểu phát trì,",雨滯潯江曉發遲，
Ngô thành bạc mộ thượng phi phi.,梧城薄暮尚霏霏。
"Nhất giang tân lạo bình Tam Sở,",一江新潦平三楚，
Đại bán phù vân trú Cửu Nghi.,大半浮雲駐九疑。
"Trách trách tiểu chu nan quá Hạ,",窄窄小舟難過夏，
Sam sam trường phát tự tri Di.,鬖鬖長髮自知夷。
"Bình ba nhật mộ Tương Đàm viễn,",平波日暮湘潭遠，
Bôi tửu bằng lan điếu nhị phi.,杯酒憑欄弔二妃。
"Ngu đế nam tuần cánh bất hoàn,",虞帝南巡更不還，
Nhị phi sái lệ trúc thành ban.,二妃洒淚竹成班。
"Du du trần tích thiên niên thượng,",悠悠陳跡千年上，
Lịch lịch quần thư nhất vọng gian.,歷歷群書一望間。
"Tân lạo sơ thiêm tam xích thuỷ,",新潦初添三尺水，
"Phù vân bất biện Cửu Nghi san,",浮雲不辨九疑山。
Tầm thanh dao tạ tỳ bà ngữ.,尋聲遙謝琵琶語，
Thiên lý thanh sam bất nại hàn.,千里青衫不耐寒。
"Duyên giang thiên lý chúc quang hồng,",沿江千里燭光紅，
Thái nghịch thừa phong khoá lãng bồng.,彩鷁乘風跨浪篷。
"Thập trượng lâu đài tiêu thận khí,",十丈樓臺消蜃氣，
Tam canh cổ giốc tráng quân dung.,三更鼓角壯軍容。
"Thương ba nguyệt tẩm ngọc thiên khoảnh,",滄波月浸玉千頃，
Tiên trượng vân xu thiên cửu trùng.,仙杖雲趨天九重。
"Ngũ dạ bồng song thanh mộng giác,",五夜篷窗清夢覺，
Do nghi Trường Lạc cách hoa chung.,猶疑長樂隔花鐘。
"Thân tuy phì độn ngụ hương quan,",身雖肥遯寓鄉關，
Tứ trọng ân thâm vị cảm hàn.,四重恩深未敢寒。
"Ý chuyết thiểu phùng thiêm ý khí,",意拙少逢添意氣，
Tâm hôi cô thủ thốn tâm đan.,心灰孤守寸心丹。
"Xuân hồi hư đối khai đào nhị,",春回虛對開桃蘂，
Phong khởi không văn kích trúc can.,風起空聞擊竹竿。
"Đương nhật đáo gia tham vấn bãi,",當日到家參問罷，
Một huyền cầm tử thỉnh kim đàn.,沒絃琴子請今彈。
"Tạm lai tỉnh vấn cổ chuỳ thiền,",暫來省問古錐禪，
Tượng mạo kỳ di tráng thả kiên.,像貌期頤壯且堅。
"Tuệ Khả thân tàm bì tuỷ ký,",慧可身慚皮髓記，
Triệu Châu thiên dữ hạc quy niên.,趙州天與鶴龜年。
"Tu tri thế hữu nhân trung Phật,",須知世有人中佛，
Hưu quái lô khai hoả lý liên.,休怪爐開火裏蓮。
"Trân trọng già đà tuỳ hứng lễ,",珍重伽陀隨興禮，
Kỷ đa mạn khước tử nhung chiên.,幾多漫卻紫茸羶。
"Đình cối lăng sương lão dục lân,",庭檜凌霜老欲鱗，
Phế hưng kỷ duyệt thế gian nhân.,廢興幾閱世間人。
"Ngư câu thuỷ cấp cô bồ ám,",魚溝水急菰蒲暗，
Mã loát đê bình thảo mộc xuân.,馬捋堤平草木春。
"Tứ hải an nguy tồn chưởng ác,",四海安危存掌握，
Lưỡng triều ấp tốn hệ kinh luân.,兩朝揖遜繫經輪。
"Anh hùng như tại cơ cầu tuyệt,",英雄如在箕裘絕，
Lân các đan thanh vạn cổ tân.,麟閣丹青萬古新。
"Bát diện thôn khư nhất đính cô,",八面村墟一嵿孤，
Tài đăng vạn tượng nhập trung đô.,纔登萬象入中都。
"Phong khinh vân lộng Thường Nga ảnh,",風輕雲弄嫦娥影，
Vụ tễ thiên cao Bắc Đẩu xu.,霧霽天高北斗樞。
"Phẩm vật nhất thiên kim thế giới,",品物一天金世界，
Giang sơn tứ cố ngọc dư đồ.,江山四顧玉輿圖。
"Sương minh hà xứ thu thanh đáp,",霜鳴何處秋聲答，
Hoán khởi Âu Dương tảo tứ tô.,喚起歐陽藻思蘇。
"Mộc lạc đô thành cửu nguyệt thiên,",木落都城九月天，
Tà dương tráo địa tiệt vân yên.,斜陽罩地截雲煙。
"Ly hồng viễn viễn nghênh phong trận,",離鴻遠遠迎風陣，
Khích nguyệt quyên quyên cách thụ huyền.,隙月涓涓隔樹懸。
"Ngâm hứng tứ thời thu dị cảm,",吟興四時秋易感，
Nhân sinh vạn sự lão kham liên.,人生萬事老堪憐。
"Binh qua huống phục điêu tàn hậu,",兵戈況復彫殘後，
Dao vọng tình mân nhất khái nhiên.,遙望晴旻一慨然。
"Táp táp tây phong xuy bạch du,",颯颯西風吹白榆，
Chinh phu vô kế giải quy sầu.,征夫無計解歸愁。
"Thước kiều thoa trịch tinh di giá,",鵲橋梭擲星移駕，
Báo trướng cung huyền nguyệt lạc câu.,豹帳弓弦月落鉤。
"Thiên thượng nhất niên hoan hợp tịch,",天上一年歡合夕，
Nhân gian thiên lý biệt ly thu.,人間千里別離秋。
"Tương phùng tha nhật tri hà xứ,",相逢他日知何處，
Ký đắc kim tiêu vọng Nữ Ngưu.,記得今宵望女牛。
"Nhật sắc một thì lâm dạ sắc,",日色没時臨夜色，
Hôn cù nhiễu nhiễu hựu trùng tăng.,昏衢擾擾又重增。
"Đồ tri ngoại điểm tha gia chúc,",徒知外點他家燭，
Bất khẳng hồi nhiên tự kỷ đăng.,不肯回燃自己燈。
"Ẩn ẩn kim ô sơn dĩ nhập,",隱隱金烏山已入，
Đồng đồng ngọc thố hải sơ đằng.,曈曈玉兔海初騰。
"Tử sinh đại tạ hỗn như thử,",死生代謝渾如此，
Hà bất quy y Phật pháp tăng.,何不歸依佛法僧。
"Miết nhãn ô luân tài xuất chấn,",瞥眼烏輪纔出震，
Hồi đầu hy ngự hựu đương ly.,回頭曦馭又當離。
"Tận tham hủ mộc tẩm vưu thục,",盡貪朽木寢尤熟，
Na khẳng cao hoè ảnh dị di.,那肯高槐影易移。
"Thúc hốt hoa âm trùng phục đảo,",倏忽花陰重復倒，
Thuân tuần khuân mệnh thịnh hoàn suy.,逡巡囷命盛還衰。
"Chư nhân hạp tảo hồi quang chiếu,",諸人盍早回光照，
Tự khổ khu trì lược lộ kỳ.,自苦驅馳畧路岐。
"Pháp cổ kích hồi phù thế mộng,",法皷擊回浮世夢，
Phạm chung chàng phá đại gia thanh.,梵鍾撞破大家聲。
"Do tham bắc thủ miên điềm hắc,",猶貪北首眠甜黑，
Bất quản đông nhan nhật chiếu hồng.,不管東顏日照紅。
"Trường dạ man man thì hữu đán,",長夜漫漫時有旦，
Minh đồ mặc mặc lộ nan thông.,冥途默默路難通。
"Kim triêu nhược bất cần hành đạo,",今朝若不勤行道，
Tha nhật na phùng hoàng diện công.,他日那逢黄面公。
"Tiêu tiêu phong động chuyển thê thanh,",蕭蕭風動轉凄清，
Thiên địa sơ thu khách tử tình.,天地初秋客子情。
"Long Khánh nhị niên tân tiến sĩ,",隆慶二年新進士，
Kiều Tài tam quán cựu thư sinh.,翹才三館舊書生。
"Thiếu niên cảm phụ Hàn Trung Hiến,",少年敢負韓中獻，
Đa bệnh hoàn liên Mã Trường Khanh.,多病還憐馬長卿。
"Vạn sự bội nhân tiêu tiệm vĩnh,",萬事背人霄漸永，
Trữ sầu khi ngoạ sổ tàn canh.,貯愁攲臥數殘更。
"Phong lai quế chử quế hoa hương,",風來桂渚桂花香，
Khách lý chiêu yêu cộng dị hương.,客裡招邀共異鄉。
"Để sự hồng quần ngu tửu hứng,",底事紅裙娛酒興，
Trực tu bạch tuyết hoà ca chương.,直須白雪和歌章。
"Nhất thời khuynh áng thiên do vũ,",一時傾盎天猶雨，
Vạn lý thanh hoài nhạn dĩ sương.,萬里青懷雁已霜。
"Tống viễn bất vong Nam phủ sứ,",送遠不忘南撫使，
Thu lai nguyệt sắc hảo tương vọng.,秋來月色好相望。
"Cung dư tịch địa bán trăn kinh,",弓餘僻地半榛荊，
Hỷ đắc tân thi đương toạ minh.,喜得新詩當座銘。
"Ung thuật lũ khuynh mưu phụ tửu,",瓮秫屢傾謀婦酒，
Nang thư duy hữu thảo Huyền kinh.,囊書惟有草玄經。
"Bồng môn đảo lý nghinh giai khách,",蓬門倒履迎佳客，
Hoa ổ di sàng cận khúc linh.,花塢移床近曲櫺。
"Tiếu ngã lão lai cuồng cánh thậm,",笑我老來狂更甚，
Bàng nhân hưu quái Thứ công tinh.,旁人休怪次公醒。
"Bình sinh đảm khí ngạc hoành thu,",平生膽氣鶚橫秋，
Hàn mặc trường trung nhất chiến thu.,翰墨場中一戰收。
"Mao ốc ngọc đường giai hữu mệnh,",茅屋玉堂皆有命，
Trọc Kinh thanh Vị bất đồng lưu.,濁涇清渭不同流。
"Lão phùng chiêu đại tri hà bổ,",老逢昭代知何補，
Thân lạc cùng sơn tiếu chuyết mưu.,身落窮山笑拙謀。
"Kiểm điểm niên niên bần hoạt kế,",檢點年年貧活計，
"Trà âu, thi quyển bạn Thang Hưu.",茶甌詩卷伴湯休。
Hải thuỷ doanh doanh lậu chuyển trù,海水盈盈漏轉籌，
Sương phong xuy giác xuất tiều lâu,霜風吹角出譙樓。
Mộng tàn đạm nguyệt ngũ canh hiểu,夢殘淡月五更曉，
Tâm viễn cô vân vạn lý thu,心遠孤雲萬里秋。
Ngọc bạch kỷ niên tân Thượng quốc,玉帛幾年賓上國，
Thi thư bán xuất lão Trung châu,詩書半出老中州。
Bình sinh sự nghiệp hồn như tạc,平生事業渾如昨，
Vô nại thanh đăng chiếu bạch đầu,無奈青燈照白頭。
"Nhất tâm báo quốc thượng hoàn hoàn,",一心報國尚桓桓，
Tiểu cấu mao đình thả tự khoan.,小構茆亭且自寬。
"Vi tỉnh thối quy hoa ảnh chuyển,",薇省退歸花影轉，
Kim môn mộng giác lậu thanh tàn.,金門夢覺漏聲殘。
"Cầm thư nhã thú chân kham thượng,",琴書雅趣真堪尚，
Tùng cúc hoan minh diệc vị hàn.,松菊歡盟亦未寒。
"Hậu lạc tưởng tri chung hữu ý,",後樂想知終有意，
Hảo tương sự nghiệp bách niên khan.,好將事業百年看。
"Nhật nhật hàm bôi đối thử quân,",日日啣杯對此君，
Bồi hồi vị ức hữu tâm nhân.,徘徊為憶有心人。
"Sinh ư thiên địa nhất trường mộng,",生於天地一場夢，
Tái tại thi thư vạn lý chân.,載在詩書萬里真。
"Vị kiến vi nhân ưu bất phú,",未見為仁憂不富，
Chỉ văn hữu đạo sỉ nhi bần.,只聞有道恥而貧。
"Nhàn lai khán thủ sinh sinh ý,",閒來看取生生意，
Mạc sử oanh hoa chiếm tận xuân.,莫使鶯花占盡春。
"Điểu ngữ, tùng minh, dạ sắc hôn,",鳥語松鳴夜色昏，
Giao văn kích thác thuỷ quân đồn.,郊聞擊柝水軍屯。
"Trùng môn thiết trại y giang bạng,",重門設寨依江傍，
Ngũ cổ truyền canh cộng giác huyên.,五鼓傳更共角喧。
"Hưởng triệt thương lương qua thử độ,",響徹蒼浪過此渡，
Xao tàn hắc ám ủng triêu đôn.,敲殘黑暗擁朝敦。
"Tư thanh chuyển nhập tao nhân nhĩ,",斯聲轉入蚤人耳，
Nguyệt mãn cao lâu tửu mãn tôn.,月滿高樓酒滿樽。
"Địa tiếp Tây Hồ cộng cửu thiên,",地接西湖共九天，
"Giai tai Thuỵ tửu, tửu trung tiên.",佳哉瑞酒酒中仙。
"Đề hồ nhưỡng tựu thiên chung mãn,",醍醐釀就千鐘滿，
Chưng đạo hương khai vạn hộc triền.,烝稻香開萬斛瀍。
"Ái cúc dục tiêu Bành Trạch hứng,",愛菊慾消彭澤興，
Tuý thù hư thuyết Đỗ Lăng thiên.,醉茱虛說杜陵篇。
"Tống nhân mục tác đồ Tô nhượng,",宋人目作徒穌讓，
Trân trọng Thanh Liên trượng hữu tiền.,珍重青蓮杖有錢。
"Thuỷ bản vô thanh, khước hữu thanh,",水本無聲卻有聲，
Tào khanh giang thượng vị thuỳ minh.,嘈鏗江上為誰鳴。
"Trường lưu thuận chú, nguyên thường tĩnh,",長流順注原常靜，
"Đoạn thạch hoành lan, nãi bất bình.",斷石橫欄乃不平。
"Ngạnh vị khứ thời, ưng hữu nộ,",哽未去時應有怒，
"Lượng năng dung xứ, tiện vô tranh.",量能容處便無爭。
"Thái hoà quân tử tu tiềm hội,",太和君子須潛會，
Thấu triệt ngân quang đáo để minh.,透徹銀光到底明。
"Bất tri thử tử tòng hà lai,",不知此子從何來，
Băng ngọc thiên nhiên nãi nhĩ tài.,冰玉天然乃爾裁。
"Toạ thượng trí chi nhất thạch hải,",座上置之一石海，
Minh triêu hốt kiến sổ hoa khai.,明朝忽見數花開。
"Tịnh quy đại cổ tương hề trạch,",并歸大賈將奚擇，
Độc đối suy ông thù khả ai.,獨對衰翁殊可哀。
"Phương xú phân minh thiên tải hậu,",芳臭分明千載後，
Cách tường đào lý mạc tương sai!,隔墻桃李莫相猜！
"Phinh đình uyển tại thuỷ tân nhai,",娉婷宛在水濱涯，
Thuỳ triện dao trâm bán chỉnh tà.,垂瑑搖簪半整斜。
"Tất cánh hình hài phi thế tục,",畢更形骸非世俗，
Nhất sinh thanh bạch tuyệt trần sa.,一生清白絕塵沙。
"Ngọc Hoàng hương án nghi vị lại,",玉皇香案宜為吏，
Kim Mẫu Dao Trì hợp tác gia.,金母瑤池合作家。
"Khước tiếu phàm căn đoạn bất đắc,",卻笑凡根斷不得，
Tuỳ duyên lưu lạc ngộ xuân hoa.,隨緣流落誤春花。
"Động thiên phúc địa tịch thiền quynh,",洞天福地寂禪扃，
Tú đoạt nham nhai độc đảo thanh.,秀奪巖崖獨島靑。
"Hải nhất loan thông tình triển kính,",海一灣通晴展鏡，
Sơn thiên điệp hạ đáo vi bình.,山千疊下倒圍屏。
"Thượng phương pháp giới phong vân chuyển,",上方法界風雲轉，
Thánh tích sơn hà thảo mộc linh.,聖蹟山河草木靈。
"Cao tháp phủ khan nhật nguyệt xuất,",高塔俯看日月出，
Càn khôn thái bán nhập thương minh.,乾坤太半入滄溟。
"Sứ tinh phi há ủng tường yên,",使星飛下擁祥煙，
Bất đạn khi khu lộ cửu thiên.,不憚崎嶇路九千。
"Song tụ phất khai nam hải chướng,",雙袖拂開南海瘴，
Nhất thanh hát phá hạ thừa thiền.,一聲喝破下乘禪。
"Diệu linh dĩ xuất Chung Quân thượng,",妙齡已出終軍上，
Anh luận cao cư Lục Giả tiền.,英論高居陸賈前。
"Quy đáo triều đoan tu vị thuyết,",歸到朝端須為說，
Viễn manh nhật dạ chúc Nghiêu niên.,遠氓日夜祝堯年。
"Phật tổ trang nghiêm xỉ vạn câm,",佛祖壯嚴侈萬金，
Tùng phong xuy khởi hải trào âm.,松風吹起海朝音。
"Vân tàng cổ tự sơn nam bắc,",雲藏古寺山南北，
Tháp ỷ tằng tiêu thế cổ câm.,塔倚層霄世古今。
"Cấp giản quy tăng hành mộc diểu,",汲澗歸僧行木杪，
Thính chung miên khách ỷ hoa âm.,聽鐘眠客倚花陰。
"Lạn kha vấn trước tiên kỳ sự,",爛柯問著仙碁事，
Thạch thượng đài hoa tích tiệm thâm.,石上苔花積漸深。
"Tài hoa học phú ký doanh khoa,",才華學賦記盈科，
Thập nhị ngu chương diệu hội đà.,十二虞章妙繪陀。
"Kỷ độ đường âm lưu chính tích,",幾度棠陰留政績，
Thử hồi cúc kính đạo thiên hoà.,此回菊徑道天和。
"Bách niên huyện ấp huyền xa thiểu,",百年縣邑懸車少，
Nhất tính kỳ anh giới hỗ đa.,一姓耆英介祜多。
"Xuân mãn cố viên nhàn trượng lũ,",春滿故園閒杖屨，
Tam Hưu đình thượng xướng ly ca.,三休亭上唱鸝歌。
"Hoàng hoa diệu tuyển đạt long tri,",皇華妙選達隆知，
Nam tử chân vi thiên hạ kỳ.,男子眞爲天下奇。
"Thi hứng lăng tiêu đôi cẩm tú,",詩興淩霄堆錦繡，
Tửu hào khư tuyết noãn đồ my.,酒豪祛雪煖酴醾。
"Đại phu hàm mệnh vạn thiên lý,",大夫銜命萬千里，
Nhân tử tư thân thập nhị thì.,人子思親十二時。
"Tảo tảo vinh toàn bằng quốc phúc,",早早榮旋憑國福，
Vũ Ban đình hạ nhạc di di.,舞班庭下樂怡怡。
"Thương giang phụng lĩnh mạc thanh cao,",蒼江鳳嶺漠清高，
Hỷ hữu nho thần ủng tiết mao.,喜有儒臣擁節旄。
"Thử địa nhĩ lai không hổ tích,",此地邇來空虎跡，
Niệm niên tiền dĩ thí ngưu đao.,念年前已試牛刀。
"Hề tô miêu thử xuân cơ quán,",徯蘇苗黍春幾慣，
Quy thị đình âm lộ bất dao.,歸視庭陰路不遙。
"Liệu đắc tuần tuyên đa chính kiến,",料得旬宣多政見，
Tri công khởi cận tại văn tào.,知公豈僅在文曹。
"Hựu dữ Thao, Hùng đính túc duyên,",又與洮雄訂夙緣，
Đại gia vận sự thuyết đinh niên.,大家韻事說丁年。
"Tân thành đường ấm do tiên trạch,",新城棠蔭猶先澤，
Khách tuế xuân quan hữu đệ hiền.,客歲春官有弟賢。
"Thượng lộ tráng du phù tích viễn,",上路壯遊鳧舄遠，
Ngô châu di ái nhạn viên hoàn.,吾州遺愛鴈垣還。
"Chi kim tư luyến mang nhân ý,",祗今私戀忙人意，
Giáp ngạn thuỳ dương nhị nguyệt thiên.,夾岸垂楊二月天。
"Cức lâm nan khuất phụng loan tài,",棘林難屈鳳鸞才，
Niên tá thiên trì sổ nguyệt lai.,年借偏遲數月來。
"Mạch tuệ hữu xuân sơ lưỡng thục,",麥穗有春初兩熟，
Hoa khê vô dạng kỷ canh tài.,花溪無恙幾更栽。
"Hữu thiên do thị hồi tường địa,",右遷猶是迴翔地，
Minh kiến lưu vi kỷ niệm đài.,明建留為紀念臺。
"Ngô bối tương phùng đa hậu hội,",吾輩相逢多後會，
Ly thương tạm hướng cúc thiên khai.,離觴暫向菊天開。
"Cố nhân kim nhật nại thiên hà,",故人今日奈天何，
Cực bắc cùng nam đại khảm kha.,極北窮南大坎坷。
"Đáo hải hữu thi hoàn phận mệnh,",到海有詩還分命，
Phùng thu cường tửu mạc bi ca.,逢秋強酒莫悲歌。
"Tráng hoài bất vị phong sương biến,",壯懷不為風霜變，
Khoan điển nhưng tri vũ lộ đa.,寬典仍知雨露多。
"Quy lộ khả năng trùng kiến phỏng,",歸路可能重見訪，
Tặng quân lão phố độc hoàng hoa.,贈君老圃獨黃花。
"Can toàn lực phụ bổ oa thiên,",幹旋力負補媧天，
Thiên tải long vân tế ngộ duyên.,千載龍雲際遇緣。
"Phủ tảo ngu chương thần nhậm chức,",黼藻虞章臣任職，
Phiên hàn thang ấp tướng an biên.,藩翰湯邑將安邊。
"Nham lâm ký phổ ân tông tuế,",岩霖既普殷宗歲，
Dục giáp hà di lộ quốc niên.,浴甲遐頤路國年。
"Trụ thạch vị ưng tuyền thạch luyến,",柱石未應泉石戀，
Thượng bằng nghi vũ xướng thời hiền.,尚憑儀羽倡時賢。
"Bất tài thừa trọng bất thăng nhâm,",不才承重不勝任，
Lãng tích vô gia bát tải câm.,浪跡無家八載今。
"Uất uất kỷ thời nhưng tác khách,",鬱鬱幾時仍作客，
Thê thê thử nhật bội thương tâm.,棲棲此日倍傷心。
"Tả Giang khâu lũng hàn sương tích,",左江丘壟寒霜積，
Trạch Thuỷ tiên lư mạn thảo thâm.,澤水先廬蔓草深。
"Tần tảo nhược vi cung phi điện,",蘋藻若為供菲奠，
Tùng thu hồi thủ mộ vân trầm.,松楸回首暮雲沉。
"Vũ úc hàn dương bất khả kỳ,",雨燠寒暘不可期，
Doanh hư tiêu tức thục tiên tri.,盈虛消息孰先知。
"Cốt băng nhĩ địch ngã nghi ngã,",骨冰耳笛我疑我，
Hạng lạp điền thoa thuỳ vấn thuỳ.,巷笠田簑誰問誰。
"Bạng thế tiểu mai khai khẩu tiếu,",徬砌小梅開口笑，
Định sào tân yến cách liêm khuy.,定巢新燕隔簾窺。
"Tích nhân diệc hữu như dư giả,",昔人亦有如余者，
Kịch tuý cuồng ca dã vị si.,劇醉狂歌也未癡。
"Ba dạng hà minh hướng tịch dương,",波漾霞明向夕陽，
Hoa nhân điều đệ độ Tiêu Tương.,華駰迢遞渡瀟湘。
"Thiên biên viễn kiệu yên phi lục,",天邊遠嶠煙披綠，
Sa chuỷ cô thôn nhật xạ hoàng.,沙嘴孤村日射黃。
"Ngư phục nghịch chu ca hưởng tế,",漁伏鷁舟歌響細，
Mục đăng ngưu bối địch thanh trưởng.,牧登牛背笛聲長。
"Hoạch linh sấn lãng bồng phàm cấp,",畫舲趁浪蓬帆急，
Cố quốc nam huân nhập tụ lương.,故國南薰入袖涼。
"Hà xứ huân phong nhập thảo đường,",何處勳風入草堂，
Đông song thuỵ giác mộng hồn lương.,東窗睡覺夢魂涼。
"Lan tùng diệp chiến hương quy tụ,",蘭叢葉戰香歸袖，
Trà uyển quang dao ảnh thướng lương.,茶碗光搖影上樑。
"Nhiễu thế thiềm tranh kình lạp nghĩ,",繞砌蟾爭擎粒蟻，
Cách chi tước tứ bộ thiền lang.,隔枝雀伺捕蟬螂。
"Tiểu viên diệc hữu vô cùng thú,",小園亦有無窮趣，
Bằng kỷ trầm ngâm độc tự lường.,憑几沉吟獨自量。
"Tiểu xuân sơn vũ tế phi vi,",小春山雨細飛微，
Xuất tụ vân thâm phiến phiến phi.,出岫雲深片片飛。
"Chướng nhật mông man hôn tự hiểu,",障日濛漫昏似曉，
Tuỳ phong tiêu sắt mật hoàn hy.,隨風簫瑟密還稀。
"Mai hàm ngọc lạp truyền thiên tín,",梅含玉粒傳天信，
Trúc bính lang trâm tiết địa ky.,竹迸琅簪洩地機。
"Thuỵ khởi lư hương tàn kỷ độ,",睡起爐香殘幾度，
Thôn ông vị bả nhất lê quy.,村翁未把一犁歸。
"Sơn phòng tận nhật tuý hôn hôn,",山房盡日醉昏昏，
Thế lộ nan nguy lãn xuất môn.,世路難危懶出門。
"Lục dật từ thân thiên lý cách,",六帙慈親千里隔，
"Lưỡng niên khấu loạn nhất thân tồn,",兩年寇亂一身存。
"Phong trần thiên địa không tao phát,",風塵天地空搔髮，
Yên chướng lâm loan chỉ đoạn hồn.,煙瘴林巒只斷魂。
"Mạn hữu thốn hoài lao cảnh cảnh,",謾有寸懷勞耿耿，
Dạ y Ngưu Đẩu vọng trung nguyên.,夜依牛斗望中原。
"Đoàn đoàn thuý cái xuất đinh châu,",團團翠蓋出丁洲，
Bách biện ngân hoa truất tịnh đầu.,百瓣銀花茁並頭。
"Giai lão phu thê trâm bạch phát,",偕老夫妻簪白髮，
Liên phương huynh đệ tuỵ yên lâu.,連芳兄弟萃煙樓。
"Vạn thù nhất bản trưng huyền lý,",萬殊一本徵玄理，
Hợp bích liên châu ứng cát phù.,合璧連珠應吉符。
"Bất trị trà đồng phan thái tảo,",不值茶童攀採早，
Thuỳ môi tiên ngẫu bạn anh du.,誰媒僊偶伴英遊。
"Lạp nguyệt mai hoa, ngũ nguyệt huyên,",臘月梅花五月萱，
Mạn tương cảnh huống thuyết hàn huyên.,謾將景况說寒暄。
"Hoàng chi bán chước liêu hương tứ,",黃巵半酌瘳鄉思，
Bạch phiến tần khai ức chủ ân.,白扇頻開憶主恩。
"Sứ tiết nghênh tường đương ngải diệp,",使節迎祥當艾葉，
Chinh tiên khước tích thắng bồ căn.,征鞭却癖勝蒲根。
"Thu lai quốc sự doanh thành hậu,",秋來國事營成後，
Nguyệt diễm quy chu ngọc mãn tôn.,月艶歸舟玉滿樽。
"Sơn hà tráng nhĩ điện Nam bang,",山河壯爾奠南邦，
Tô phái oanh hồi ẩm mã giang.,蘇派縈迴飲馬江。
"Túng hác ngư hà danh thức lịch,",縱壑魚蝦名識歷，
Lâm lưu kỳ ký ảnh thành song.,臨流騏驥影成雙。
Thành biên hữu sắc nghi long hoá.,城邊有色疑龍化，
Phong tế vô thanh nhậm thuỷ bàng.,風際無聲任水龐。
"Thánh đại hân kim vô dụng vũ,",聖代欣今無用武，
Quy lai nhàn bộ quá sa song.,歸來閒步過紗窗。
"Bất lao binh lực đản phu văn,",不勞兵力誕敷文，
Trương thỉ thần cơ diệu xử phân.,張弛神機妙處分。
"Khẳng tiết nhung xa lao vạn lý,",肯屑戎車勞萬里，
Thả tương can vũ vũ tam tuần.,且將干羽舞三旬。
Yêu ma tiểu xú vi hà vật.,么麼小醜爲何物。
Man mạch hà tưu diệc ngã dân.,蠻貊遐陬亦我民。
"Thời vũ vương sư như tái cử,",時雨王師如再舉，
Nguyện đàn nô độn hiệu tòng quân.,願彈駑鈍効從軍。
"Diêu tinh lưỡng điểm chiếu thiên Nam,",軺星兩點照天南，
Quang dẫn thai triền dạ nhiễu tam.,光引台躔夜繞三。
"Thượng quốc ân thâm tình dị cảm,",上國恩深情易感，
Tiểu bang tục bạc lễ đa tàm.,小邦俗薄禮多慚。
"Tiết lăng chướng vụ thân vô dạng,",節凌瘴霧身無恙，
Tiên phất xuân phong mã hữu tham.,鞭拂春風馬有驂。
"Đỉnh ngữ nguyện ôn Trung Thống chiếu,",鼎語願溫中統詔，
Miễn giao ưu quốc mỗi như đàm.,免教憂國每如惔。
"Tống quân quy khứ độc bàng hoàng,",送君歸去獨彷徨，
Mã thủ xâm xâm chỉ đế hương.,馬首駸駸指帝鄉。
"Nam Bắc tâm tinh huyền phản bái,",南北心旌懸反旆，
Chủ tân đạo vị phiếm ly trường.,主賓道味泛離觴。
"Nhất đàm tiếu khoảnh, ta phân duệ,",一談笑頃嗟分袂，
"Cộng xướng thù gian, tích đối sàng.",共唱酬間惜對床。
"Vị thẩm hà thời trùng đổ diện,",未審何時重睹面，
Ân cần ác thủ tự huyên lương.,慇懃握手敘暄涼。
"Cố vô quỳnh báo tự hoài tàm,",顧無瓊報自懷慚，
Cực mục giang cao ý bất kham.,極目江皋意不堪。
"Mã thủ thu phong xuy kiếm giáp,",馬首秋風吹劍鋏，
Ốc lương lạc nguyệt chiếu thư am.,屋梁落月照書庵。
"Mạc không nan trú yến quy Bắc,",幕空難駐燕歸北，
Địa noãn sầu văn nhạn biệt Nam.,地暖愁聞雁別南。
"Thử khứ vị tri khuynh cái nhật,",此去未知傾蓋日，
Thi thiên liêu vị đáng thanh đàm.,詩篇聊為當清談。
"Viên lâm thú chiếm lợi danh trường,",園林趣占利名場，
Thích hứng du nhiên tự điểm trang.,適興油然自點妝。
"Tiên các thí cầu triền nhật vựng,",仙閣試球纏日彙，
Cẩm thành phô ngọc ánh hoa đường.,錦城鋪玉映華塘。
"Thiền cơ tỉnh hát nghi chung lãng,",禪機醒喝宜鐘朗，
Nhạc khúc truyền ca đối nguyệt xoang.,樂曲傳歌對月腔。
"Liên nhiễm bích ti pha lục liễu,",蓮染碧絲坡綠柳，
Viên lâm thú chiếm lợi danh trường.,園林趣占利名場。
"Cần thuỷ xuân phong quế điện thu,",芹水春風桂殿秋，
Khoa trường lịch lịch ức đồng du.,科場歷歷憶同遊。
"Quân kim hựu tác hành nhân khứ,",君今又作行人去，
Ngã độc hồ vi Sảnh thuộc lưu.,我獨胡為省屬留。
"Lĩnh dịch vân khai hào khoá mã,",嶺驛雲開豪跨馬，
Hồ triều tuyết tịnh ổn đăng châu.,湖潮雪淨穩登舟。
"Trượng phu tống biệt hà tu lệ,",丈夫送別何須淚，
Nhất tiếu tương khan phủ khoái câu.,一笑相看撫蒯緱。
"Hồ thỉ sơ tâm viễn đại kỳ,",弧矢初心遠大期，
Tối tô trung hiếu lưỡng kiêm chi.,最穌忠孝兩兼之。
"Bạch vân thâm xá nhân hoài niệm,",白雲深舍人懷念，
Hồng nhật Trường An luyến khuyết phi.,紅日長安戀闕扉。
"Sơn dịch nhạn phi thu sắc lão,",山驛雁飛秋色老，
Hải môn kình tá thuỷ thanh khi.,海門鯨借水聲欺。
"Miếu đường vũ trụ ngô nho sự,",廟堂宇宙吾儒事，
Sất ngự vương tôn khẳng tự trì.,叱馭王孫肯自遲。
"Miễn hoài lân hảo triển gia nghi,",緬懷鄰好展嘉儀，
Đặc giản từ thần ủng tiết huy.,特簡詞臣擁節麾。
"Vạn lý quan hà khinh lữ huống,",萬里關河輕旅況，
Lưỡng kỳ sương tuyết phất chinh y.,兩期霜雪拂征衣。
"Tư tuân thức tạ quan phương vật,",咨詢式藉觀方物，
Chuyên đối toàn bằng trọng quốc uy.,專對全憑重國威。
"Chuẩn nghĩ công hoàn ưng hậu quyến,",準擬公完膺厚眷，
Tang bồng bất phụ thử khâm kỳ.,桑蓬不負此襟期。
"Phủ trung Chiêm tặc cửu bô tru,",釜中占賊久逋誅，
Tứ hải nhân thần oán phẫn câu.,四海人神怨憤俱。
"Thuỳ bốc bách niên di thử lỗ,",誰卜百年遺此虜，
Công phiền thốn thiệt thảo cuồng Hồ.,公煩寸舌討狂胡。
"Kim qua thiết mã kình nghê một,",金戈鐵馬鯨猊沒，
Vũ hịch tinh huy tượng huỷ khu.,羽檄星麾象兕驅。
"Chỉ nhật hoàng phong thanh tuyệt vực,",指日皇風清絕域，
Đại công xuất nhậm thuộc ngô nho.,大功出任屬吾儒。
"Ngô đồ hà hạ sá khinh phì,",吾徒何暇詫輕肥，
Hổ huyệt thu danh hựu nhất kỳ.,虎穴收名又一奇。
"Thân trục tái hồng xung bắc tuyết,",身逐塞鴻衝北雪，
Tâm như Việt điểu luyến nam chi.,心如越鳥戀南枝。
"Thập niên cố cựu bôi trung vật,",十年故舊杯中物，
Vạn lý quan hà mã thượng thi.,萬里關河馬上詩。
"Lưỡng quốc giao hoan vô sự nhật,",兩國交歡無事日，
Lĩnh mai xuân tín báo quy kỳ.,嶺梅春信報歸期。
"Nam Sơn hữu điểu hàm tinh hoa,",南山有鳥含精華，
Phi khứ phi lai khinh võng la.,飛去飛來輕網羅。
"Hồng Lĩnh hữu nhân lai tố chủ,",鴻嶺有人來做主，
Bạch đầu vô lại bất hoàn gia.,白頭無賴不還家。
"Sinh bình văn thái tàn lung phượng,",生平文彩殘籠鳳，
Phù thế công danh tẩu hác xà.,浮世功名走壑蛇。
"Quy khứ cố hương hảo phong nguyệt,",歸去故鄉好風月，
Ngọ song vô mộng đáo thiên nha.,午窗無夢到天涯。
"Sứ quân tổ trướng phủ giang tầm,",使君祖帳俯江潯，
Cộng xướng Ly câu trường đoản ngâm.,共唱驪駒長短吟。
"Kim nhật tình hoài khiên liễu ngạn,",今日情懷牽蓼岸，
Tha thời đức chính tưởng đường âm.,他時德政想棠陰。
"Đài hàm Văn Thuỷ thu thiên khoảnh,",臺函文水秋千頃，
Tiêu tủng Lư Phong ngọc vạn tầm.,標聳廬峰玉萬尋。
"Hà tất thuyên hành lao vấn tấn,",何必銓衡勞問訊，
Hảo bằng dân khẩu nghiệm dân tâm.,好憑民口驗民心。
"Ký tằng giảng học thập dư niên,",記曾講學十餘年，
Kim hựu tương phùng nhất dạ miên.,今又相逢一夜眠。
"Thả hỷ mộng trung phao tục sự,",且喜夢中拋俗事，
Cánh tầm thạch thượng thoại tiền duyên.,更尋石上話前緣。
"Minh triêu Linh phố hoàn phi tích,",明朝靈浦還飛錫，
Hà nhật Côn Sơn cộng thính tuyền?,何日崑山共聽泉。
"Lão khứ cuồng ngôn hưu quái ngã,",老去狂言休怪我，
Lâm kỳ ngã diệc Thượng Thừa Thiền.,臨岐我亦上乘禪。
"Đăng tiền tạc dạ thoại thông thông,",燈前昨夜話匆匆，
Mã thủ kim triêu khoá hiểu phong.,馬首今朝跨曉風。
"Vọng nhãn đãn huyền thiên khuyết bắc,",望眼但懸天闕北，
Qui tâm ninh trú thuỷ khê đông.,歸心寧住水溪東。
"Hoè đình nguyệt bạch lân thê thước,",槐庭月白憐棲鵲，
Lô ngạn thu cao tích biệt hồng.,蘆岸秋高惜別鴻。
"Đạo tuyết tranh hương thôn nhưỡng thục,",稻雪橙香村釀熟，
Trần ai ta ngã bạn cô tung.,塵埃嗟我絆孤蹤。
"Lê gia nhân vật Việt bang hương,",黎家人物越邦香，
Công dã lam thanh xuất dị thường.,公也籃青出異常。
"Nhất quận sinh linh duy tá Khấu,",一郡生靈惟借寇，
Cửu trùng sứ giả trọng phiền Trương.,九重使者重煩張。
"Hạp trung thu thuỷ thanh trường lộ,",匣中秋水清長路，
Mã thượng xuân phong thính dị hương.,馬上春風聽異鄉。
"Tảo hướng Nam Đài chuyên đối liễu,",早向南臺專對了，
"Kinh quí Quỳ, Vũ tá ngô hoàng.",經歸夔禹佐吾皇。
"Quế Lâm nam khứ tiếp Giao Châu,",桂林南去接交州，
Da diệp tân lang ám dịch lâu.,椰葉檳榔暗驛樓。
"Sứ giả trì thư hành tuyệt vực,",使者持書行絕域，
Thị lang tiên mã chiếu thanh thu.,侍郎鞭馬照清秋。
"Nguyên niên chiếu hạ Hoàng Long Hán,",元年詔下黃龍漢，
"Cửu dịch nhân quy bạch lý Chu,",九譯人歸白鯉周，
"Sứ hoá văn thân tác chương phủ,",使化文身作章甫，
Quy lai Lục Giả thuyết tiền lưu.,歸來陸賈說前瑬。
"Ân cần thiên lý tống quân hồi,",慇懃千里送君迴，
Lãnh đạm trường đình tửu nhất bôi.,冷淡長亭酒一杯。
"Ngư đảo kim thiên hồng độc khứ,",魚島今天鴻獨去，
Phụng thành hà nhật nghịch trùng lai.,鳳城何日鷁重來。
"Bán xoang sầu trạng miêu nan tận,",半腔愁狀描難盡，
Vạn hộc tư trần tảo bất khai.,萬斛思塵掃不開。
"Tối thị lữ nhân hương niệm trọng,",最是旅人鄉念重，
Thanh phong minh nguyệt cộng bồi hồi.,清風明月共徘徊。
"Ân cần thiên lý tống quân hành,",​慇懃千里送君行，
Nhạn tự phân phi hạt ký tình.,雁序分飛曷既情。
"Cùng cảnh khởi năng trường tụ hợp,",窮境豈能長聚合，
Sứ trường bất phạ viễn phiêu linh.,使場不怕遠飄零。
"Sơn phong hải nguyệt thiên ban hảo,",山風海月千般好，
Khách tụ quy phàm nhất dạng thanh.,客袖歸帆一樣清。
"Hiểu mộ nghịch đầu ngu mục xứ,",曉暮鷁頭娛目處，
Khả vô hồi vọng Phú Xuân thành.,可無回望富春城。
"Ân cần thiên lý tống quân hoàn,",​慇懃千里送君還，
Hữu niệm gia tình bả duệ gian.,友念家情把袂間。
"Mục chú biển phàm xuyên hải kiệu,",目注艑帆穿海嶠，
Hồn tuỳ điệp chẩm nhiễu hương quan.,魂隨蝶枕遶鄉關。
"Liễu kiều tự ngã sầu tân biệt,",柳橋自我愁新別，
Cúc kính hà nhân mịch cựu nhàn.,菊徑何人覓舊閒。
"Mạc nhạ thử hành lao bạt thiệp,",莫訝此行勞跋涉，
Ngâm ông song nhãn tiễn giang sơn.,吟翁雙眼餞江山。
"Ân cần thiên lý tống quân quy,",​慇懃千里送君歸，
Chấp thủ hà kham tự hợp ly.,執手何堪敘合離。
"Nam hải phong cao bằng dực kiện,",南海風高鵬翼健，
Bắc sơn vân viễn điểu tình si.,北山雲遠鳥情癡。
"Tha hương tố biệt nan chung ngữ,",他鄉訴別難終語，
Phù thế vi hoan vị bốc kỳ.,浮世為歡未卜期。
"Dự toán hồi lai chân lạc thú,",預算回來真樂趣，
Nghinh môn trĩ tử tiếu hy hy.,迎門稚子笑嘻嘻。
"Ân cần thiên lý tống quân tuyền,",​慇懃千里送君旋，
Bắc thụ nam vân phục các thiên.,北樹南雲復各天。
"Quỳnh Hải yên hà ngâm nhãn khoát,",瓊海煙霞吟眼闊，
Xuân Kỳ châu quế hoạn tình khiên.,春畿珠桂宦情牽。
"Nhàn sầu mạch mạch phong lâm toạ,",閒愁脈脈風臨座，
Quy tứ phiêu phiêu nguyệt mãn thuyền.,歸思飄飄月滿船。
"Hoa ấp thử hồi ưng đắc hứng,",華邑此回應得興，
Bôi tàn tuý đảo khúc lư tiền.,杯殘醉倒麯爐前。
"Ngũ sắc vân biên xuất sứ tinh,",五色雲邊出使星，
Lẫm nhiên trung nghĩa chiếu nhân minh.,凜然忠義照人明。
"Xuân lâm Mai dịch sương đề cấp,",春臨梅驛霜蹄急，
Tuyết tễ Hoài triều ngọc tiết thanh.,雪霽淮潮玉節清。
"Thiên địa bắc nam song nhãn khoát,",天地北南雙眼闊，
Sơn hà di hiểm thốn tâm bình.,山河夷險寸心平。
"Ân cần kim nhật tống quân biệt,",慇懃今日送君別，
Bôi tửu nan thăng vạn lý tình.,杯酒難勝萬里情。
"Thượng thư Văn Sử tế thì tài,",尚書文史濟時才，
Thất mã nhưng tuỳ sứ khách lai.,匹馬仍隨使客來。
"Thương hải long phi thiên tử chiếu,",滄海龍飛天子詔，
Thanh minh hạc há Triệu vương đài.,青溟鶴下趙王台。
"Chư khê hoàng trúc sâm si động,",諸溪篁竹參差動，
Ngũ lĩnh mai hoa chuẩn nghĩ khai.,五嶺梅花準擬開。
"Chính sứ phong yên thù Bách Việt,",政使風煙殊百粵，
Vị ưng giai cú bất năng tài.,未應佳句不能裁。
Trĩ hú Nam thành tịch chiếu qua,雉呴南城夕照過，
Thiên niên quốc ấp phỏng Đông A,千年國邑訪東阿。
Thân vương bách chiến khuông thời tảo,親王百戰匡時早，
Tế tửu cô trung cảm sự đa,祭酒孤忠感事多。
Hư ỷ nhất đồ an xã tắc,虛倚一圖安社稷，
Trực lưu cô tháp đối sơn hà,直留孤塔對山河。
Chiêu Lăng thạch mã kim an tại,昭陵石馬今安在，
Yên vũ ngư chu nhập tuý ca,煙雨漁舟入醉歌。
"Lý Trần cựu sự diểu nan tầm,",李陳舊事杳難尋，
Tam bách niên lai trực đáo câm.,三百年來直到今。
"Lưỡng quốc bình phân cô luỹ diện,",兩國平分孤壘面，
Nhất quan hùng trấn vạn sơn tâm.,一關雄鎮萬山心。
"Địa thiên mỗi vị truyền văn ngộ,",地偏每為傳聞誤，
Thiên cận tài tri giáng trạch thâm.,天近纔知降澤深。
"Đế khuyết hồi đầu bích vân biểu,",帝闕回頭碧雲表，
Quân thiều nhĩ bạn hữu dư âm.,鈞韶耳畔有餘音。
"Trệ khách yêm lưu Nam Hải trung,",滯客淹留南海中，
Tịch liêu lương dạ dữ thuỳ đồng?,寂寥良夜與誰同。
"Quy hồng bi động thiên hà thuỷ,",歸鴻悲動天河水，
Thú cổ hàn xâm hạ dạ phong.,戍鼓寒侵夏夜風。
"Nhân đáo cùng đồ vô hảo mộng,",人到窮途無好夢，
Thiên hồi khổ hải xúc phù tung.,天回苦海促浮蹤。
"Phong trần đội lý lưu bì cốt,",風塵隊裡留皮骨，
Khách chẩm tiêu tiêu lưỡng mấn bồng.,客枕蕭蕭兩鬢蓬。
"Hắc ám trùng han tự cửu u,",黑暗重犴似九幽，
Di Giao nhưng thị trúc Yên tù.,移郊仍是築燕囚。
"Thân tây đính hoả sầu vân tráo,",身西頂火愁雲罩，
Mục bắc tân băng lệ vũ lưu.,目北津冰淚雨流。
"Thử nhật cương thường hoàng quyên để,",此日綱常黄絹底，
Hà niên hài cốt đại đao đầu.,何年骸骨大刀頭。
"Ô nha hắc phát đường đường khứ,",烏牙黑髮堂堂去，
Duy hữu đan tâm vị ngã lưu.,惟有丹心為我留。
"Vạn quốc y quan ủng kiến chương,",萬國衣冠擁建章，
Hoàng kim mãn tụ đới thiên hương.,黃金滿袖帶天香。
"Tường khai hoàng đạo càn khôn khoát,",祥開黃道乾坤闊，
Thuỵ củng hồng vân nhật nguyệt quang.,瑞拱紅雲日月光。
"Thánh thọ tùng xuân nguyên bất lão,",聖壽鬆椿元不老，
Thần tâm quỳ hoắc tự nan vương.,臣心葵藿自難忘。
"Chích kim cử tự phong nhân chúc,",隻今舉似封人祝，
Lịch thế Nghiêu nhân bảo vận trường.,曆世堯仁寶運長。
"Phong tản nghiêm ngưng thấu tụ hàn,",風霰嚴凝透袖寒，
Bệ tiền chỉ xích đối long nhan.,陛前咫尺對龍顏。
"Nhất ngôn nhượng quốc thanh danh viễn,",一言讓國聲名遠，
Vạn lý triều thiên phú quý hoàn.,萬里朝天富貴還。
"Thủ thổ chức cư nam hải ngoại,",守土職居南海外，
Truyền gia tâm củng bắc thần gian.,傳家心拱北辰間。
"Mã đề phấn tấn quy kỳ hảo,",馬蹄奮迅歸期好，
Trực đáo đông thâm vọng Tuý San.,直到冬深望粹山。
"Bạo Sở cường Tần tương kế tru,",暴楚強秦相繼誅，
Ung dung ấp tốn bá nam tu.,雍容揖遜霸南陬。
"Tự ngu tẫn khả xưng hoàng đế,",自娛儘可稱皇帝，
Lạc thiện hoàn năng khuất thụ nhu.,樂善還能屈豎儒。
"Bách xích cao đài khuynh Lĩnh Biểu,",百尺高臺傾嶺表，
Thiên niên cổ mộ một Phiên Ngu.,千年古墓沒番禺。
"Khả liên thế đại tương canh điệt,",可憐世代相更迭，
Bất cập man di nhất lão phu.,不及蠻夷一老夫。
"Cửu trùng cận niệm dụ dân đồ,",九重廑念裕民圖，
Tiền hoá lưu thông Trúc Bạch lô.,錢貨流通竹白爐。
"Nhân tại kiều đầu hô tống thán,",人在橋頭呼送炭，
Hoả tòng sa thượng xuất phù du.,火從沙上出蚨蝣。
"Tằng tằng yên trảo Long Châu tự,",層層煙爪龍珠寺，
Hạo hạo tuyền lưu Mã Cảnh hồ.,浩浩泉流馬頸湖。
"Tuế nguyệt phương viên công khoá túc,",歲月方圓公課足，
Yêu triền hà tất thướng Dương Châu.,腰瀍何必上揚州。
"Khách trung tống lạp Hổ Đình gia,",客中送臘虎亭家，
Tàn tuyết do phiêu lục xuất hoa.,殘雪猶飄六出花。
"Thiên địa đông xuân đình ngoại thảo,",天地冬春庭外草，
Quang âm hôn hiểu thụ gian nha.,光陰昏曉樹間鴉。
"Đăng nhân thủ tuế thường thường tục,",燈因守歲常常續，
Tửu vị tiêu sầu số số xa.,酒為消愁數數賒。
"Vạn sự tế tư khan mấn phát,",萬事細思看鬢髮，
Bình minh sơ tẩy hướng Đông Hoa.,平明梳洗向東華。
"Đại Biệt sơn đầu Hán Khẩu tiền,",大別山頭漢口前，
Ngô vương ky hạ Miện thành biên.,吴王磯下沔城邊。
"Lập tàn thu thuỷ cách than lộ,",立殘秋水隔灘鷺，
Táo lạc tịch dương hà xứ thiền?,噪落夕陽何處蟬？
"Xích Bích lãnh yên tiêu Nguỵ tốt,",赤壁冷煙銷魏卒，
Hoàng Châu đạm nguyệt chiếu Pha tiên.,黃州淡月照坡仙。
"Anh hùng tiêu sái danh câu tại,",英雄瀟洒名俱在，
Ngã ái cuồng ngâm bất quý thiên.,我愛狂吟不愧天。
"Cửu phế đăng lâm bất phú thi,",久廢登臨不賦詩，
Khước lai trùng khán cúc hoa chi.,卻來重看菊花枝。
"Do tư mã thượng tây môn khốc,",猶思馬上西門哭，
Bất ký ngao biên tả thủ trì.,不記螯邊左手持。
"Song mấn khởi kham tần hoán sắc,",雙鬢豈堪頻換色，
Nhất tôn đương cập vị suy thì.,一樽當及未衰時。
"Phân phân phong điệp tri xuân sự,",紛紛蜂蝶知春事，
Minh nguyệt thu phong hảo phó thuỳ.,明月秋風好付誰。
"Công hạ mỗi du An Quốc tự,",公暇每遊安國寺，
Như kim hựu đắc kỷ phân nhàn.,如今又得幾分閒。
"Vũ tòng Triều Khẩu thành biên quá,",雨從潮口城邊過，
Điểu tự Am Hà động lý hoàn.,鳥自庵霞洞裡還。
"Thu sắc tại nhân sinh ý trí,",秋色在人生意致，
Tuyền thanh giáo ngã tức thành quan.,泉聲敎我息城關。
"Cao tiêu thuỵ khởi bằng lan xứ,",高標睡起憑欄處，
Sơn thuỷ trường giang giang ngoại sơn.,山水長江江外山。
"Kính tà thụ tĩnh nhập Cao Lăng,",徑斜樹靜入高陵。
Không giới tùng lai nhậm khách thăng.,空界從來任客升。
"Minh các sâm si tàng cổ Phật,",明閣參差藏古佛，
Nhàn hoa ban bác ủng cù tăng.,閒花斑駁擁癯僧。
"Tam thiên trần mộng chung sơ hiểu,",三千塵夢鐘初曉，
Vạn đoá từ vân tháp tự lăng.,萬朵慈雲塔自凌。
"Tức đáo thiền môn do hữu phận,",即到禪門猶有分，
Trùng lai tài thướng tối cao tằng.,重來纔上最高層。
"Tam niên lưỡng độ phỏng giang tân,",三年兩度訪江津，
Dữ thử giang sơn hoặc túc nhân.,與此江山或夙因。
"Thạch nhũ xao nhàn triêu mộ kệ,",石乳敲閑朝暮偈，
Nham nhan duyệt quá cổ kim nhân.,岩顏閱過古今人。
"Hàn nhai nhất lộ hữu thiên nhật,",寒崖一路有天日，
Thế giới tam thiên vô điểm trần.,世界三千無點塵。
"Lăng cốc đáo kim nhưng vị biến,",陵谷到今仍未變，
Thả lăng tuyệt đính ngạo ngô thân.,且凌絕嵿傲吾身。
"Trùng dương bất vũ vị tư ta,",重陽不雨為咨嗟，
Sắt sắt tây phong nại nhĩ hà.,瑟瑟西風奈爾何。
"Hữu khách tống lai hoàng cúc tửu,",有客送來黃菊酒，
Vô nhân khai đắc đỗ quyên hoa.,無人開得杜鵑花。
"Bán sơn đảo ảnh tần di hạm,",半山倒影頻移檻，
Vạn lý minh hồng vị định gia.,萬里冥鴻未定家。
"Bệnh nhãn kiêm chi trần nhiễu thậm,",病眼兼之塵擾甚，
Bế môn bất xuất diệc hàm ca.,閉門不出亦酣歌。
"Hải quốc càn khôn nhập vọng khoan,",海國乾坤入望寬，
Trần trung đối thử hoát sầu nhan.,塵中對此豁愁顏。
"Ba phiên triều lạc đông tây thuỷ,",波翻潮落東西水，
Vân hợp hà khai thượng hạ san.,雲合霞開上下山。
"Ngư đĩnh phù trầm yên đảo ngoại,",漁艇浮沉煙島外，
Tăng gia ẩn ước hoạ đồ gian.,僧家隱约畫圖間。
"Lâm tuyền mãn mục không tàm quý,",林泉滿目空慚愧，
Ngã lão năng phùng kỷ nhật nhàn.,我老能逢幾日閒。
"Khứ niên tam nguyệt Nhị Hà tân,",去年三月珥河濱，
Lệ phục tương tuỳ ngũ lục nhân.,麗服相隨五六人。
"Ngạn thảo vô tình xuân tự lục,",岸草無情春自綠，
Giang lưu tại nhãn khách hoàn tân.,江流在眼客還新。
"Thanh ngâm vũ hậu yêu hồng diệp,",清吟雨後邀紅葉，
Hoãn trạo phong tiền quá bạch tần.,緩棹風前過白蘋。
"Trường khủng thốn tâm dao nguỵ khuyết,",長恐寸心遙魏闕，
Ngũ Hồ thiên tải độc thư thân.,五湖偏載讀書身。
"Thiên Hùng điện ngoại bội trù trừ,",天雄殿外倍躕躇，
Nhất đại tôn thần thử cố cư.,一代尊臣此故居。
"Ủng nhật thụ ảnh y đế trạch,",擁日樹影依帝宅，
Hiệp sương hoa dục tả binh thư.,挾霜花欲寫兵書。
"Viên lâm quán ngã trùng du hậu,",園林慣我重遊後，
Kiếm mã truyền lai bách chiến dư.,劍馬傳來百戰餘。
"Vị ngữ yêu thương du lạp giả,",為語腰鎗遊獵者，
Mạc tương cơ giới phạm trừ tư.,莫將機械犯儲胥。
"Kim ba tự hải mạn không lưu,",金波自海漫空流，
Hà Hán vi vân đạm đạm thu.,河漢微雲淡淡收。
"Vũ hậu trì đài đa trữ nguyệt,",雨後池臺多貯月，
Khách trung tình tự bất thăng thu.,客中情緒不勝秋。
"Nguyện bằng thiên thượng thanh quang dạ,",願憑天上清光夜，
Biến chiếu nhân gian tật khổ sầu.,遍照人間疾苦愁。
"Trường sử quốc gia đa hạ nhật,",長使國家多暇日，
Ngũ hồ quy mộng đáo biển chu.,五湖歸夢到扁舟。
"Bạc mộ khinh phàm há Hải Châu,",薄暮輕帆下海洲，
Quan hà thắng thưởng vị câu lưu.,關河勝賞為拘留。
"Mãn xoang phong nguyệt hồi sơn sắc,",滿腔風月迴山色，
Nhất dạng lâu đài ấn thuỷ lưu.,一樣樓臺印水流。
"Nhiễu lộ đê hồi thiên lý khách,",遶路低徊千里客，
Duyên giang cạnh phóng ngũ hồ chu.,沿江競放五湖舟。
"Hồi đầu sạ thính đông minh ngoại,",回頭乍聽東溟外，
Xuy đáo sương già bất tận thu.,吹到霜笳不盡秋。
"Khẳng nhân linh lạc hoán dung nhan,",肯人零落換容顏，
Tùng bách ưng đồng tiết tháo khan.,松柏應同節操看。
"Bất vị tiêu đầu y bắc khuyết,",不爲燋頭依北闕，
Ninh giao bồng mấn chỉnh nam quan.,寧教蓬鬢整南冠。
"Tri quân hồi thủ cầu trường dị,",知君回首求長易，
Tiếu bỉ xuy mao kiến đoản nan.,笑彼吹毛見短難。
"Bỉ mỹ đương thời ưng khả giám,",比美當時應可鑑，
Tranh lai thiên cổ nhất kỳ quan.,爭來千古一奇觀。
"Giáng Quán võ nhân hà sở tri,",絳灌武人何所知，
Hiếu Văn đạm bạc đạn canh vi.,孝文澹泊憚更為。
"Lập đàm bất triển bình sinh học,",立談不展平生學，
Sự chức hà phương chí tử bi.,事職何妨至死悲。
"Thiên giáng kỳ tài vô dụng xứ,",天降奇才無用處，
Nhật tà dị vật hữu lai thì.,日斜異物有來時。
"Tương Đàm chỉ xích tương lân cận,",湘潭咫尺相鄰近，
Thiên cổ tương phùng lưỡng bất vi.,千古相逢兩不違。
"Ngạn quải tàn hồng ẩn ước minh,",岸掛殘紅隱約明，
Diên lưu thập lý thuỷ ba bình.,沿流十里水波平。
"Nguy phân thụ ảnh quy nha tán,",桅分樹影歸鴉散，
Đăng chiếu sa đôi túc lộ kinh.,燈照沙堆宿鷺驚。
"Úc khí tiệm khai quang sứ tiết,",燠氣漸開光使節，
Tình yên bán hợp nhiễu châu thành.,晴煙半合遶州城。
"Nhất thanh hiệu pháo thiên nham tịch,",一聲號砲千岩寂，
Kinh nhập Trư Sơn đường khẩu binh.,驚入豬山塘口兵。
"Trừ khước kim tiêu thị tân tuế,",除卻今宵是新歲，
Toại thành ngũ thập ngũ niên ông.,遂成五十五年翁。
"Bất tri đầu thượng kỷ hành bạch,",不知頭上幾莖白，
Chỉ hữu niên lai song nhãn hồng.,祇有年來雙眼紅。
"Nhân dục tầm xuân minh nhật kiến,",人欲尋春明日見，
Bần duy thử tịch bách ưu không.,貧惟此夕百憂空。
"Trầm ngâm toạ đối hàn đăng chước,",沉吟坐對寒燈酌，
Nhất cú liên niên hứng vị cùng.,一句連年興未窮。
"Đãi xuân toạ đối tiểu thư trai,",待春坐對小書齋，
Chung dạ khiêu đăng ước cộng lai.,終夜挑燈約共來。
"Quỷ khứ hà lao thôi bộc trúc,",鬼去何勞催爆竹，
Thần thanh độc tự hảo quan mai.,神清獨自好觀梅。
"Nhân tâm trực dữ thiên tâm hợp,",人心直與天心合，
Tuế sự hà hiềm thế sự thôi.,歲事何嫌世事催。
"Đông khứ xuân lai phong cảnh hảo,",冬去春來風景好，
Bách hoa tòng thử hướng dương khai.,百花從此向陽開。
"Nhật nhật trượng trì tại chưởng trung,",日日杖持在掌中，
Hốt nhiên như hổ hựu như long.,忽然如虎又如龍。
"Niêm lai khước khủng sơn hà toái,",拈來卻恐山河碎，
Trác khởi hoàn phương nhật nguyệt lung.,卓起還妨日月籠。
Tam xích Song Lâm hà xứ hữu?,三尺雙林何處有？
Lục hoàn Địa Tạng khoái nan phùng.,六環地藏快難逢。
"Túng nhiêu thế đạo kỳ khu thậm,",縱饒世道崎嶇甚，
Bất nại tòng tiền bột tốt ông.,不奈從前勃窣翁。
"Hạnh cao triều dã chấn thanh phong,",行高朝野振清風，
Tích trụ như vân mộ tập long.,錫拄如雲暮習龍。
"Nhân vũ hốt kinh băng huệ đống,",仁宇忽驚崩惠棟，
Đạo lâm thường thán yển minh tùng.,道林常嘆偃冥松。
"Phần oanh bích thảo thiêm tân tháp,",墳縈碧草添新塔，
Thuỷ trám thanh sơn nhận cựu dung.,水蘸青山認舊容。
Tịch tịch thiền quan thuỳ cánh khấu?,寂寂禪關誰更叩？
Kinh qua sầu thính mộ thiên chung.,經過愁聽暮天鐘。
"Bình sinh hận bất thức Sầm Lâu,",平生恨不識岑樓，
Nhất độc di biên nhất điểm đầu.,一讀遺編一點頭。
"Thoa lạp Ngũ hồ vinh bội ấn,",簑笠五湖榮佩印，
Tang ma sổ mẫu thắng phong hầu.,桑麻數畝勝封侯。
"Thế gian thử ngữ thuỳ năng đạo,",世間此語誰能道，
Vạn cổ tư văn khứ dĩ hưu.,萬古斯文去已休。
"Dục lỗi tao hồn hà xứ thị,",欲酹騷魂何處是，
Yên ba vạn khoảnh sử nhân sầu.,煙波萬頃使人愁。
"Nhĩ mục tâm can cụ thử thân,",耳目心肝具此身，
Cổ hà nhân dã ngã hà nhân.,古何人也我何人。
"Bất kinh học vấn an tri đạo,",不經學問安知道，
Hội lịch phồn hoa khởi giải bần.,會歷繁花豈解貧。
"Quý dã bất kiêu phương thị lễ,",貴也不驕方是禮，
Mẫn nhi hảo học vị chi văn.,敏而好學謂之文。
"Phân minh ký thủ lão sơn giáo,",分明記取老山教，
Đức bất cô hề tất hữu lân.,德不孤兮必有鄰。
"Phát dĩ tinh tinh diệc bão tôn,",髮已星星亦抱孫，
Như hà quan vật lý do hôn.,如何觀物理猶昏。
"Sài lang hung mãnh nan thi đức,",豺狼凶猛難施德，
Thư quái khinh khiêu dị bối tâm.,狙獪輕佻易背心。
"Tào Tháo phụ nhân nhân lại táng,",曹操負人仁賴喪，
Dương Chu vị ngã nghĩa do tồn.,楊朱為我義猶存。
"Toán lai tương dữ duy thiên tính,",算來相與惟天性，
Thận trạch giao thân thận thủ ngôn.,愼擇交親愼守言。
"Nhân gia nhất tộc bạng thanh khê,",人家一族傍淸溪，
Tam nguyệt đông phong liễu phất đê.,三月東風柳拂堤。
"Ma tỉnh hữu nhân hàm lục nghĩ,",麻井有人酣綠蟻，
Tang thôn hà xứ hưởng hoàng kê.,桑村何處響黃雞。
"Khiếp đào hoa hạ oanh thanh nhuyễn,",怯桃花下鶯聲軟，
Lưu thuỷ kiều biên điệp phách mê.,流水橋邊蝶魄迷。
"Xuân cảnh thiên nùng ngâm hứng loạn,",春景偏濃吟興亂，
Thôi xao bất giác tịch dương tây.,推敲不覺夕陽西。
"Hồng trần cảnh ngoại biệt cư chư,",紅塵景外別居諸，
Vũ trụ y y thái phác dư.,宇宙依依太樸餘。
"Huyền đặng liễu âm thuỳ viễn phố,",懸磴柳陰垂遠浦，
Hàn phong tháp ảnh nhập song hư.,寒峰塔影入窗虛。
"Hồ sơn hứng bãi sơ văn hạc,",湖山興擺初聞鶴，
Vân quán miên dư hiểu sách lư.,雲館眠餘曉策驢。
"Thuỳ mệnh thử trung chân tạo hoá,",誰命此中真造化，
Phân minh bút chỉ kiến Hoa Tư.,分明筆紙見華胥。
"Thương mang hoang ổ tiếp hàn sa,",蒼茫荒塢接寒沙，
"Thuỷ tĩnh, phong vi, thạch thế tà.",水靜風微石勢斜。
"Nhất thốc lâu đài khai thế giới,",一簇樓臺開世界，
Bán sơn thảo thụ biệt niên hoa.,半山草樹別年華。
"Thời giao cầm vận minh xuân điểu,",時交琴韻鳴春鳥，
Độc thiến đăng quang tá mộ hà.,獨倩燈光借暮霞。
"Bĩ thái bất quan trần hải cục,",否泰不關塵海局，
Bạch vân thâm xứ vũ tiên gia.,白雲深處羽仙家。
"Tứ đại thiên trung cánh tiểu hoàn,",四大天中更小寰，
Hải liên nhất sắc bạch mê man.,海連一色白迷漫。
"Hoành tà viễn phố hà niên thụ,",橫斜遠浦何年樹，
Lạc dịch thâm lâm sổ toạ san.,絡繹深林數座山。
"Thuỷ trướng đào thôn, ngư ổn phiếm,",水漲桃村漁穩泛，
"Phong cao liễu dịch, điểu tri hoàn.",風高柳澤鳥知還。
"Tiêu dao nhân tại hồng mông thế,",逍遙人在鴻濛世，
Cương toả hồi đầu liễu bất quan.,韁鎖回頭了不關。
"Lãm Thuý đình đông trúc mãn lâm,",攬翠亭東竹滿林，
Sài môn trú tảo tịnh âm âm.,柴門晝掃凈陰陰。
"Vũ dư sơn sắc thanh thi nhãn,",雨餘山色清詩眼，
Lạo thoái giang quang tịnh tục tâm.,潦退江光凈俗心。
"Hộ ngoại điểu đề tri khách chí,",戶外鳥啼知客至，
Đình biên mộc lạc thức thu thâm.,庭邊木落識秋深。
"Ngọ song thuỵ tỉnh hồn vô mị,",午窗睡醒渾無寐，
Ẩn kỷ phần hương lý ngọc cầm.,隱几焚香理玉琴。
"Thuỳ đạo hành đô sở bất quan,",誰道行都所不關，
Hồi hương vọng bái tổ sơ an.,回鄉望拜祖初安。
"Tứ dân lạc nghiệp, tha vô đối,",四民樂業他無對，
"Ngũ lộ tề lai, nguyện mạc hoàn.",五路齊來願莫還。
"Thanh tử lâm triều xa mã hội,",青紫臨朝車馬會，
Chúc đăng chung dạ tiếu đàm hoan.,燭燈終夜笑談歡。
"Vị tri khả bảo sơn hà cố,",未知可保山河固，
Hãn hoạn phòng vi lự bách ban.,捍患防微慮百般。
"Trùng trùng bích thuỷ cánh thanh san,",重重碧水更青山，
Thiên lý tằng tư khế mã yên.,千里曾茲憩馬鞍。
"Tuyền dẫn dao tranh quy chẩm điệm,",泉引瑤箏歸枕簟，
Nguyệt tương ngọc kính trú lan can.,月將玉鏡住欄桿。
"Thần tâm tự giác duy thiên bạch,",臣心自覺惟天白，
Khách xá ninh tri hữu tuế hàn.,客舍寧知有歲寒。
"Trận trận tây phong hà xứ khởi,",陣陣西風何處起，
Hảo xuy thanh mộng đáo Trường An.,好吹清夢到長安。
"Tiểu tiểu hiên song nuỵ nuỵ lư,",小小軒窗矮矮廬，
Quan cư đốn giác loại u cư.,官居頓覺類幽居。
"Thương ba giang thượng nhàn thuỳ điếu,",滄波江上閒垂釣，
Lục thụ âm trung tĩnh khán thư.,綠樹陰中靜看書。
"Vũ quá tình lam khuy hộ dũ,",雨過晴嵐窺戶牖，
Phong lai tuyết lãng vũ đình trừ.,風來雪浪舞庭除。
"Ngọ song tiêu sái vô trần luỵ,",午窗瀟灑無塵累，
Nhất phiến nhàn tâm nhiếp thái hư.,一片閒心躡太虛。
"Thu quang hữu bút mạc hình dung,",秋光有筆莫形容，
Khích mục sơn hà xứ xứ đồng.,激目山河處處同。
"Nhất phái Tào Khê hàn trạm trạm,",一派曹溪寒湛湛，
Thiên niên Hùng Nhĩ bích tùng tùng.,千年熊耳碧叢叢。
"Đăng lung chàng phá kim cương quyển,",燈籠撞破金剛圈，
Lộ trụ hồn thôn lật cức bồng.,露柱渾吞栗棘蓬。
"Dục thức cá trung đoan đích ý,",欲式箇中端的意，
Tân La dạ bán nhật đầu hồng.,新羅夜半日頭紅。
"Lĩnh ngoại xuân quy tự phóng mai,",嶺外春歸自放梅，
Hồng hồng bạch bạch tổng xuân tài.,紅紅白白總春栽。
"Phàm tam thập ngã giang sơn hữu,",凡三十我江山友，
Thị tứ thiên niên giáo dục lai.,是四千年教育來。
"Lão thiếu đồng niên giai bá trọng,",老少同年皆伯仲，
Dần cung dị nhật thử thê giai.,夤恭異日此梯階。
"Tiền trình vạn lý do ngô vãng,",前程萬里猶吾往，
Báo quốc văn chương miễn triển hoài.,報國文章勉展懷。
"Tú thuỷ oanh hu nhiễu quách thôn,",繡水縈紆繞郭村，
Thư đường phủ khám xảo đương môn.,書堂府瞰巧當門。
"Ba quang thiên ảnh dung tình tính,",波光天影融情性，
Chỉ trướng mai hoa đạm mộng hồn.,紙帳梅花淡夢魂。
"Phong chiến nha thiêm thu diệp hưởng,",風顫牙籤秋葉響，
Vũ giai cù nhãn ngọ yên hôn.,雨揩鴝眼午煙昏。
"Độc thư kiến hiệu hồn dư sự,",讀書見效渾餘事，
Cánh thuyết Quan Tây hữu viễn tôn!,竟說關西有遠孫。
"Bình ngạnh kinh hoa tiếu lục trầm,",萍梗京華笑陸沉，
Tây phong xuy động cố hương tâm.,西風吹動故鄉心。
"Nhất viên xuân thụ thanh nhưng tại,",一園春樹青仍在，
Bách mẫu tư điền lục chính xâm.,百畝私田綠正侵。
"Thiên lý si vân nhàn viễn tụ,",千里癡雲閒遠岫，
Trung không cô nhạn diểu giai âm.,中空孤雁杳佳音。
"Cùng thông Bác Phục quan huyền tạo,",窮通剝復關玄造，
Hà nhật hoa tiền lãng hứng ngâm.,何日花前浪興吟。
"Thiết mã tê phong cổ bích đồi,",鐵馬嘶風古碧頹，
Ngưỡng thiên trường khiếu bạch vân khai.,仰天長嘯白雲開。
"Di gia tổng ái sơn như ngọc,",移家總愛山如玉，
Hoán kiếp thuỳ tri thổ diệc hôi.,換劫誰知土亦灰。
"Vân đoạn Hạc sào thiên hộ bế,",雲斷鶴巢千戶閉，
Nguyệt minh Long đỗ nhất phàm lai.,月明龍肚一帆來。
"Đào hoa đạp biến thôn nam bắc,",桃花踏遍村南北，
Bất kiến phi tiên không phục hồi.,不見飛仙空復回。
"Ngẫu nhân công sự đáo Tư Minh,",偶因公事到思明，
Phiếm phiếm liêu bằng quế trạo khinh.,泛泛聊憑桂棹輕。
"Nhất thuỷ bạch tha băng luyện tẩy,",一水白拖冰練洗，
Quần sơn thuý kết ngọc trâm hoành.,群山翠結玉簪橫。
"Vân tuỳ cô nhạn đương không ảnh,",雲隨孤雁當空影，
Phong tống hàn viên báo vãn thanh.,風送寒猿報晚聲。
"Hồ thỉ tứ phương nam tử sự,",弧矢四方男子事，
Tráng hoài ưng bất phụ bình sinh.,壯懷應不負平生。
"Thanh u nhất tụ thử giang can,",清幽一岫此江干，
Thuý nghiễn thương ba điểm xuyết gian.,翠巚蒼波點綴間。
"Thâm Phố thanh giao tam giáp thuỷ,",深浦清交三夾水，
Hương La bích ủng lưỡng điều sơn.,香羅碧擁兩條山。
"Vân đầu lão thụ Đinh hầu miếu,",雲頭老樹丁侯廟，
Sa chuỷ biên chu Đỗ Xá loan.,沙嘴扁舟杜舍灣。
"Thạch toạ phù không thuỳ vị trí,",石座浮空誰位置，
Du nhân kỷ độ phú quan lan.,遊人幾度賦觀瀾。
"Thánh học cao minh đạt cổ câm,",聖學高明達古今，
Thiết nhiên long tạng quán hoa tâm.,竊然龍藏貫花心。
"Thích phong ký đắc khai quyền bảo,",釋風既得開拳寶，
Tổ ý tương vô thấu thuỷ châm.,祖意將無透水針。
"Trí bạt Thiền quan thông Thiếu Thất,",智拔禪關通少室，
Tình siêu giáo hải khoá Uy Âm.,情超教海跨威音。
"Nhân gian chỉ kiến thiên sơn tú,",人間只見千山秀，
Thuỳ thính viên đề thâm xứ thâm.,誰聽猿啼深處深。
"Hiếu tu nhân khứ nhị thiên tải,",好修人去二千載，
Thử địa do văn lan chỉ hương.,此地猶聞蘭芷香。
"Tông quốc tam niên bi phóng trục,",宗國三年悲放逐，
Sở từ vạn cổ thiện văn chương.,楚詞萬古擅文章。
"Ngư long giang thượng vô tàn cốt,",魚龍江上無殘骨，
Đỗ nhược châu biên hữu chúng phương.,杜蒻洲邊有眾芳。
"Cực mục thương tâm hà xứ thị,",極目傷心何處是，
Thu phong lạc mộc quá Nguyên Tương.,秋風落木過沅湘。
"Sở quốc oan hồn táng thử trung,",楚國冤魂葬此中，
Yên ba nhất vọng diểu hà cùng.,煙波一望渺何窮。
"Trực giao hiến lệnh hành thiên hạ,",直交憲令行天下，
Hà hữu Ly tao kế Quốc phong ?,何有離騷繼國風。
"Thiên cổ thuỳ nhân liên độc tỉnh,",千古誰人憐獨醒，
Tứ phương hà xứ thác cô trung ?,四方何處托孤忠。
"Cận thời mỗi hiếu vi kỳ phục,",近時每好為奇服，
Sở bội tiêu lan cánh bất đồng.,所揹椒蘭竟不同。
"Bách tuế năng kham kỷ biệt ly,",百歲能堪幾別離，
Dị hương cửu khách vị thành quy.,異鄉久客未成歸。
"Xuân thâm đình viện hoè âm hợp,",春深庭院槐陰合，
Nhật noãn trì đường liễu nhứ phi.,日暖池塘柳絮飛。
"Vạn hộc hương sầu nan đáng tửu,",萬斛鄉愁難當酒，
Tam phân bệnh cốt bất thăng y.,三分病骨不勝衣。
"Hoàng trần vô hạn đô môn ngoại,",黃塵無限都門外，
Tảo sấn nam huân phú “Thức vi”.,早趁南薰賦式微。
"Bài đãng cuồng phong quát địa sinh,",擺蕩狂風括地生，
Ngư ông tuý lý điếu chu hoành.,魚翁醉裡釣舟橫。
"Tứ thuỳ vân hợp âm mai sắc,",四垂雲合陰霾色，
Nhất phái ba phiên cổ động thanh.,一派波翻鼓動聲。
"Vũ cước trận thôi phiêu lịch lịch,",雨腳陣催飄歷歷，
Lôi xa luân chuyển nộ oanh oanh.,雷車輪轉怒轟轟。
"Tạm thì trần liễm thiên biên tịnh,",暫時塵斂天邊淨，
Nguyệt lạc trường giang dạ kỷ canh.,月落長江夜幾更。
"Biên quận Thừa tuyên tráng chí thù,",邊郡承宣壯志酬，
Hùng phiên tiết chế hữu huy du.,雄藩節制有徽猷。
"Thanh tùng bảo nhĩ tuế hàn tiết,",青松保爾歲寒節，
Bạch phát khoan dư tây cố ưu.,白髮寬予西顧懮。
"Huấn sức binh nông giai tựu tự,",訓飭兵農皆就緒，
Giải đình trấn thú thị hà thu?,解停鎮戍是何秋。
"Cần lao mạc vị vô tri giả,",勤勞莫謂無知者，
Tứ mục nguyên phi tế miện lưu!,四目原非蔽冕旒。
"Sinh vị thành danh thân dĩ suy,",生未成名身已衰，
Tiêu tiêu bạch phát mộ phong xuy.,蕭蕭白髮暮風吹。
Tính thành hạc hĩnh hà dung đoạn?,性成鶴脛何容斷？
Mệnh đẳng hồng mao bất tự tri.,命等鴻毛不自知。
"Thiên địa dữ nhân truân cốt tướng,",天地與人屯骨相，
Xuân thu hoàn nhữ lão tu mi.,春秋還汝老鬚眉。
"Đoạn bồng nhất phiến tây phong cấp,",斷蓬一片西風急，
Tất cánh phiêu linh hà xứ quy?,畢竟飄零何處歸？
"Sàng trách yêm yêm bất xuất môn,",床簀淹淹不出門，
Lữ sầu tiêu đắc kỷ hoàng hôn.,旅愁消得幾黃昏。
"Nhược khu chi ỷ tam phân sấu,",弱軀支倚三分瘦，
Chính khí duy trì nhất điểm tồn.,正氣維持一點存。
"Vô dược khả y ưu quốc bệnh,",無藥可醫憂國病，
Hữu quan nan trở mộng gia hồn.,有關難阻夢家魂。
"Tương liên hạnh hữu đồng tâm lữ,",相憐幸有同心侶，
Thời khải tiên phi uý nhất ngôn.,時啟箋扉尉一言。
"Tam thập hành canh lục xích thân,",三十行庚六尺身，
Thông minh xuyên tạc tổn thiên chân.,聰明穿鑿損天真。
"Bản vô văn tự năng tăng mệnh,",本無文字能憎命，
Hà sự càn khôn thác đố nhân?,何事乾坤錯妒人。
"Thư kiếm vô thành sinh kế xúc,",書劍無成生計促，
Xuân thu đại tự bạch đầu tân.,春秋代序白頭新。
"Hà năng lạc phát quy lâm khứ,",何能落髮歸林去，
Ngoạ thính tùng phong hưởng bán vân!,臥聽松風響半雲。
"Phiêu linh bình cánh cùng du tử,",飄零萍梗窮遊子，
Bạt thiệp quan lương tiện hữu ty.,跋涉關涼賤有司。
"Hứa quốc vô tài duy khẩu thiệt,",許國無才惟口舌，
Du nhân nhất thoại thất tu mi.,猷人一話失鬚眉。
"Hành tàng xuất xử hữu phận mệnh,",行藏出處有分命，
Nam bắc đông tây vô hiểm di.,南北東西無險夷。
"Tông miếu hạnh an thần trách tắc,",宗廟幸安臣責塞，
Giang hồ hảo hứng bệnh tương nghi.,江湖好興病相宜。
"Nộ giao hư vụ bá thuyền song,",怒蛟噓霧簸船窗，
Tứ nguyệt bôn ba khoái tự lang.,四月奔波駃似瀧
"Ngạn thụ đông tây kỳ phất lược,",岸樹東西旗拂掠，
Than thanh thượng hạ ngọc thung chàng.,灘聲上下玉舂撞
"Yên ba vạn lý đan tâm thốn,",煙波萬里丹心寸，
Phong vũ cô bồng lục mấn song.,風雨孤蓬綠鬢雙
"Bất thị nhất quan thiên thượng khứ,",不是一官天上去，
Na kham thử nhật ngoạ thương giang.,那堪此日臥滄江。
"Thắng cảnh trùng du chu nhất thiên,",勝景重遊舟一扁，
Phong quang hồi thủ tứ vô biên.,風光回首思無邊。
"Mai thê hạc tử viên thành thú,",梅棲鶴子爰成趣，
Nguyệt tỷ phong di khế túc duyên.,月姊風姨契夙緣。
"Ngũ sắc văn thành vân động khẩu,",五色文成雲峝口，
Cửu thành nhạc tấu điểu sơn điên.,九城樂奏鳥山顚。
"Sơn hà phong cảnh kim như tạc,",山河風景今如昨，
Ưng biểu thi chương thạch thượng truyền.,應表詩章石上傳。
"Độc hữu ky thần lệ ám lưu,",獨有羈臣淚暗流，
Quốc tình gia tứ lưỡng du du.,國情家思兩悠悠。
"Tha hương khởi tất phùng thanh nhãn,",他鄉豈必逢青眼，
Nghịch cảnh thuỳ năng bất bạch đầu.,逆境誰能不白頭。
"Hứa quốc cô trung Thục thừa tướng,",許國孤忠蜀丞將，
Báo cừu thốn thiệt Trương lưu hầu.,報仇寸舌張留侯。
"Nam nhi bất tố oanh thiên sự,",男兒不做轟天事，
Hư độ phù sinh tử cánh hưu.,虛度浮生死更休。
"Lục dã quy lai tứ ngũ kỳ,",綠野歸來四五期，
Bà bà bạch phát phục hà vi.,皤皤白髮復何為。
"Nhất bần mạo sấu kiêm thân sấu,",一貧貌瘦兼身瘦，
Đa bệnh hình si diệc ảnh si.,多病形癡亦影癡。
"Tôn tửu lũ không hoàng cúc tiếu,",樽酒屢空黃菊笑，
Tài thư bất tựu bạch âu nghi.,裁書不就白鷗疑。
"Vị tri lai thế thuỳ vi ngã,",未知來世誰為我，
Đáo thử phong lưu dã thị thuỳ.,到此風流也是誰。
"Ngô niên ngũ thập triếp huyền xa,",吾年五十輒懸車，
Quốc ngũ nguyên canh tuế ngũ trừ.,國五元更歲五除。
"Vũ hậu phù cùng khan lão cúc,",雨後扶筇看老菊，
Bệnh trung phục chẩm thính nhi thư.,病中伏枕聽兒書。
"Phệ sơ bất dụng tái tam độc,",筮初不用再三瀆，
Sự thập hà tu bát cửu như.,事十何須八九如。
"Tuý đáo phục ngâm ngâm phục tuý,",醉到復吟吟復醉，
Thâu nhàn ngô diệc ái ngô lư.,偷閒吾亦愛吾廬。
"Dục tức danh sơn phỏng cổ tung,",欲即名山訪古蹤，
Mang mang tổng dĩ thuộc hồng mông.,茫茫總已屬鴻濛。
"Thạch đài Đinh Lý luân đề kính,",石苔丁李輪蹄徑，
Động toả Trần Hồ cổ xuý phong.,洞鎖陳胡鼓吹風。
"Đại sĩ tàn bi hoa ảnh hạ,",大士殘碑花影下，
Thần y cố trạch điểu thanh trung.,神醫故宅鳥聲中。
"Duy dư thắng cảnh y nhiên tại,",惟餘勝景依然在，
Trường vị hi triều hộ thuý cung.,長為熙朝護邃宮。
"Tầm thường thôn ổ xuất lâm tuyền,",尋常村塢出林泉，
Cầm thụ phùng nghinh cảnh sắc nghiên.,禽樹逢迎景色妍。
"Hoàn lĩnh giai điền, điền chủng cốc,",環嶺皆田田種穀，
"Bàng cung thị thuỷ, thuỷ tài liên.",傍宮是水水栽蓮。
"Tự tiền nguyệt chiếu hư vô địa,",寺前月照虛無地，
Động lý vân tàng hỗn độn thiên.,洞裡雲藏混沌天。
"Thắng thưởng trường cung nhân trí lạc,",勝賞長供仁智樂，
Nhất du thời tứ thái bình diên.,一遊時肆太平筵。
"Trường An tự tích đế vương châu,",長安自昔帝王州，
Ngẫu phú Hoàng hoa tác thắng du.,偶賦皇華作勝遊。
"Tục tạp liêu di dân thái cổ,",俗雜獠夷民太古，
"Địa nghi canh đạo, tuế thường thu.",地宜粳稻歲常秋。
"Sơn trung quá ngã vô hà hổ,",山中過我無苛虎，
Cảnh thượng phiền quân súc mộc ngưu.,境上煩君畜木牛。
"Vương sự hữu trình quân chính cấp,",王事有程軍政急，
Hung hoài mạc hướng tửu bôi hưu.,胸懷莫向酒杯休。
"Sát hoả yên tiêu chúc giảm hồng,",殺火煙消燭减紅，
Du trần đoạn tống tức mông mông.,游塵斷送即濛濛。
"Tam canh đình viện mai hoa vũ,",三更庭院梅花雨，
Kỷ xứ trì đường liễu nhứ phong.,幾處池塘柳絮風。
"Lục dã dĩ đồi thanh thảo trủng,","綠野已堆青草塚,"
Loạn sơn khước học bạch đầu ông.,亂山卻學白頭翁。
"Trùng cừu thặng hỷ gia gia hữu,",重裘剩喜家家有，
Cương ngoạ vô nhân tự Lạc trung.,僵臥無人似洛中。
"Trung lập càn khôn bất ỷ thiên,",中立乾坤不倚天，
"Việt Nam văn vật cổ lai truyền,",越南文物古來傳。
"Quân dân cộng chủ tinh thần hội,",君民共主精神會，
"Thần tử tôn Chu nhật nguyệt truyền,",臣子尊周日月傳。
"Bách Việt sơn hà vô bạch xỉ,",百越山河無白齒，
"Nhất xoang trung nghĩa hữu thanh thiên,",一腔忠義有青天。
"Anh hùng đề cục hưu thành bại,",英雄提局休成敗，
Công luận thiên thu phó sử biên!,公論千秋付史編。
"Ngũ thập hưu ông bán mẫu đường,",五十休翁半畝堂，
Bắc song cao ngoạ bán thanh lương.,北窗高臥半清涼。
"Phì nê thuỷ chức hà y mật,",肥泥水織荷衣密，
U kính phong khiên thảo đới trường.,幽徑風牽草帶長。
"Tạp cú bất tu nhân cộng thưởng,",雜句不須人共賞，
Gian tình duy hữu tửu tương đương.,閒情惟有酒相當。
"Tàn xuân bệnh nhãn vô phân biệt,",殘春病眼無分別，
Nhật ảnh hy vi nhất dạng hoàng.,日影熹微一樣黃。
"Sơn trung đào nạn tử na sinh,",山中逃難死那生，
Tiết tự suy di tận khả kinh.,節序推移盡可驚。
"Hà xứ đồ tô kham thống ẩm,",何處屠蘇堪痛飲，
Mãn thôn Hồ kỵ chính liên doanh.,滿村胡騎正連營。
"Đa niên lữ ngụ gia hương cách,",多年旅寓家鄉隔，
"Kim nhật nhi tôn phụ tử tình,",今日兒孫父子情。
"Liệu đắc thiên tâm phương yếm loạn,",料得天心方厭亂，
Thái bình hành kiến trục tân chinh.,太平行見逐新正。
"Lục Tháp thành nam hệ nhất quan,",六塔城南繫一官，
Hải Vân dạ độ thạch toàn ngoan.,海雲夜渡石巑岏。
"Cùng tưu lam chướng tam niên thú,",窮陬嵐瘴三年戍，
Cố quốc yên hoa nhị nguyệt hàn.,故國煙花二月寒。
Nhất biệt bất tri hà xứ trú?,一別不知何處住，
Trùng phùng đương tác tái sinh khan.,重逢當作再生看。
"Hải thiên mang diểu thiên dư lý,",海天茫渺千餘里，
Thần phách tương cầu mộng diệc nan!,神魄相求夢亦難。
"Du du chiêm phụ bạch vân hương,",悠悠瞻父白雲鄉
"Khúc khúc giang lưu, khúc khúc trường.",曲曲江流曲曲腸
"Ngọ tuế thu vi đăng ất bảng,",午歲秋圍登乙榜
Tuất niên hạ quí thượng thiên đường.,戌年夏季上天堂
"Từ quan bất tố lưu nhi tố,",辭官不做留兒做
Hưởng thọ vô trường di tử trường.,享壽無長遺子長
"Lan quế truyền hương bi diệp ngữ,",蘭桂傳香碑葉語
Dung dung hậu phúc vĩnh lưu phương.,容容後福永流芳
"Cận lai suy bệnh bất tham thiền,",近來衰病不參禪，
Hồi ức tiền du diệc sảng nhiên.,回憶前遊亦愴然。
"Cổ tự tứ lân duy mộc thạch,",古寺四鄰唯木石，
Hàn tăng nhất tháp cộng vân yên.,寒僧一榻共雲煙。
"Kỷ tằng trúc ảnh nghi vô lộ,",幾層竹影疑無路，
Hữu khách tang gian lập đãi thuyền.,有客桑間立待船。
"Dã lão vị tri chung hưởng ngọ,",野老未知鐘響午，
Phóng ngưu sơn lộc ngoạ tùng miên.,放牛山麓臥松眠。
"Đào hoa, đào diệp lạc phân phân,",桃花桃葉落紛紛，
Môn yểm tà phi nhất viện bần.,門掩斜扉一院貧。
"Trú cửu đốn vong thân thị khách,",住久頓忘身是客，
Niên thâm cánh giác lão tuỳ thân.,年深更覺老隨身。
"Dị hương dưỡng chuyết sơ phòng tục,",異鄉養拙初防俗，
Loạn thế toàn sinh cửu uý nhân.,亂世全生久畏人。
"Lưu lạc bạch đầu thành để sự,",流落白頭成底事，
Tây phong xuy đảo tiểu ô cân.,西風吹倒小烏巾。
"Thập tải phong trần khứ quốc xa,",十載風塵去國賒，
Tiêu tiêu bạch phát ký nhân gia.,蕭蕭白髮寄人家。
"Trường đồ nhật mộ tân du thiểu,",長途日暮新遊少，
Nhất thất xuân hàn cựu bệnh đa.,一室春寒舊病多。
"Hoại bích nguyệt minh bàn tích dịch,",壞壁月明蟠蜥蜴，
Hoang trì thuỷ hạc xuất hà ma.,荒池水涸出蝦蟆。
"Hành nhân mạc tụng “Đăng lâu phú”,",行人莫誦登樓賦，
Cưỡng bán xuân quang tại hải nha.,強半春光在海涯。
"Danh sơn thính thoại tứ phong sinh,",名山聽話思風生，
Nhàn khước đa niên tiếu Tử Bình.,閑卻多年笑子平。
"Cân lực cộng hân kim chính kiện,",筋力共欣今正健，
Trần mang thuỳ miễn cửu tương anh.,塵忙誰免久相嬰。
"Tuyền như tống tửu hà từ ẩm,",泉如送酒何辭飲，
Thạch khả đề thi bất đãi trình.,石可題詩不待呈。
"Thử khứ khởi tri vi lạc thậm,",此去豈知為樂甚，
Đệ ư cao lĩnh thính tùng thanh.,第於高嶺聽松聲。
"Sơn thế đông hồi khống cự xuyên,",山勢東廻控巨川，
Đương yêu nhất xác bổng hồng liên.,當腰一礜捧紅蓮。
"Địa xưng danh thắng đa du khách,",地稱名勝多遊客，
Tự lập hồng hoang bất ký niên.,寺立洪荒不記年。
"Quá tục thế đồ khu Độc Lĩnh,",過續世途驅犢嶺，
Trừng thanh thiền kính dạng Long Uyên.,澄清禪鏡漾竜淵。
"Đăng lâm hà tất vấn nhân quả,",登臨何必問因菓，
Cửu thập cửu phong trung nhất thiên.,九十九峯中一天。
"Tích nhật thiền sư đáo thử phương,",昔日禪師到此方，
Tụ nhân viễn xứ hội vi hương.,聚人遠處會為鄉。
"Thiết đồng khuyến chế chư nông cụ,",鐵銅勸製諸農具，
Thị độ tân khai tập khách thương.,市渡新開集客商。
"Thổ dụng bất đa vô cát thổ,",土用不多無吉土，
Lương cầu túc số khiếm dân lương.,粮求足數欠民粮。
"Hậu di Tống Xá nhi thành sự,",後移宋舎而成事，
Tôn tổ từ tiêu biển dĩ chương.,尊祖祠標扁以彰。
"Đương thì thị toạ đàm huyền khách,",當時侍坐談玄客，
Kim nhật đáo môn đăng chiếu linh.,今日到門燈照靈。
"Trùng đối hoạch my hồn hoặc phản,",重對畫眉魂或返，
Mỗi khan di cảo lệ giao linh.,每看遺稿淚交零。
"Tây môn cựu lộ hoa ưng bạch,",西門舊路花應白，
Nam quốc tân thiên thảo dị thanh.,南國新阡草易青。
"Vô hạn việt ngâm chiêu bất đắc,",無限越吟招不得，
Chỉ tiền phong cấp thụ minh minh.,紙錢風急樹冥冥。
"Nhập niên hoạn hải lịch phong ba,",廿年宦海歷風波，
Hồi thủ quy lai nhất tiếu ha.,回首歸來一笑呵。
"Đầu phát hốt kinh tam điểm bạch,",頭髮忽驚三點白，
Nha bài kinh đắc cửu hồi ma.,牙牌經得九回磨。
"Thế tình dĩ tác băng tâm lãnh,",世情已作冰心冷，
Lão xỉ thiên hiềm nhục thực đa.,老齒偏嫌肉食多。
"Kiến thuyết ngô hoàng tương chấp chính,",見說吾皇將執政，
Khủng phiền tái khởi tống an xa.,恐煩再起送安車。
Vân thu thiên ngoại điểu quy lâm,雲收天外鳥歸林，
Hà đạm yên khinh nhật ảnh trầm,霞淡煙輕日影沈。
Tứ dã nông ca cao trạch nhuận,四野農歌膏澤潤，
Trùng dương ngư vịnh thuỷ lưu thâm,重洋魚詠水流深。
Khí chưng viêm hải phong thường tật,氣蒸炎海風常疾，
Địa tiếp Hồ sơn vũ bất dâm,地接胡山雨不霪。
Xứ xứ kinh qua giai lạc thổ,處處經過皆樂土，
Giang hồ dục lão thiếu niên tâm,江湖欲老少年心。
"Ngũ dạ câu trần lâm sóc thổ,",​五夜鉤陳臨朔土，
Tam xuân thuỵ ái nhiễu nam thiên.,三春瑞靄繞南天。
"Vũ mao hành sắc thiên dư lý,",羽旄行色千餘里，
Nghi vệ nhân tình nhị thập niên.,儀衛人情二十年。
"Bàn thạch kim âu kim xã tắc,",磐石金甌今社稷，
Phân mao đồng trụ cựu sơn xuyên.,分茅銅柱舊山川。
"Minh đường tự hữu quang minh chúc,",明堂自 有光明燭，
Vô sĩ sư quan Thất nguyệt thiên.,無俟師官七月篇。
"Trường đình bắc vọng lộ thiều thiều,",​長亭北望路迢迢，
Thuý liễn thanh trần tế mã kiêu.,翠輦清塵細馬驕。
"Cửu mạch tự y song khuyết thự,",九陌自依雙闕曙，
Tam Thai ưng bạng ngũ vân dao.,三台應傍五雲遙。
"Đỗ Lăng hiến phú năng vô biểu,",杜陵獻賦能無表，
Thục khách thăng tiên tự hữu kiều.,蜀客昇仙自有橋。
"Chính hỷ cố sơn quy mộng hảo,",正喜故山歸夢好，
Tô Giang yên nguyệt tiếp quân thiều.,蘇江煙月接鈞韶。
"Chu vương tây giá bát long xa,",周王西駕八龍車，
Hán sứ đông phi vạn lý sà.,漢使東飛萬里槎。
"Qua kích khí sâm kim khuyết nhật,",戈戟氣森金闕日，
Tinh kỳ vụ quyển ngọc môn sa.,旌旗霧捲玉門沙。
"Đàm binh kỷ cá không môn sắt,",談兵幾箇空門虱，
Mưu quốc hà nhân dục hoạ xà.,謀國何人欲畫蛇。
"Văn đạo Chiêu Lăng thần mã tại,",聞道昭陵神馬在，
Thương mang thiên ý vị trường ta.,蒼茫天意未長嗟。
"Lịch đại khoa danh tại hãn thanh,",歷代科名在汗青，
Thương tang y cựu nhất Văn đình.,滄桑依舊一文亭。
"Môn đương thập đạo cao lâu các,",門當十道高樓閣，
Song túc phi yên đạm kết bình.,窗宿飛煙淡結屏。
"Ngọc trạch tích bồi danh giáo địa,",玉澤昔陪名教地，
Hoàng cương tân bí giản thư tinh.,皇綱新賁簡書星。
"Khánh vân tương kiến quang hoa đán,",慶雲相見光華旦，
Nhất quốc chiêm y cụ điển hình.,一國瞻依具典型。
"Lộ nhập Vân Đồn sơn phục sơn,",路入雲屯山復山，
Thiên khôi địa thiết phó kỳ quan.,天恢地設付奇觀。
"Nhất bàn lam bích trừng minh kính,",一盤藍碧澄明鏡，
Vạn hộc nha thanh đoả thuý hoàn.,萬斛鴉青鬌翠鬟。
"Vũ trụ đốn thanh trần hải nhạc,",宇宙頓清塵海岳，
Phong ba bất động thiết tâm can.,風波不動鐵心肝。
"Vọng trung ngạn thảo thê thê lục,",望中岸草萋萋綠，
Đạo thị phiên nhân trú bạc loan.,道是藩人駐舶灣。
"Tà huy thu sắc cảnh liêu liêu,",斜暉秋色景寥寥，
Thi kệ du quan ức cựu triều.,詩偈遊觀憶舊朝。
"Thuỵ mã tường lân dư thạch cốt,",瑞馬祥麟餘石骨，
Tịnh am minh tháp ỷ nham yêu.,淨庵明塔倚岩腰。
"Kỷ niên bi tại văn cơ một,",紀年碑在文幾沒，
Tàng bản kinh tồn kiếp bán thiêu.,藏板經存劫半燒。
"Cổ tích truyền lai bồ tát hiện,",古跡傳來菩薩現，
Khả năng toạ trấn thử phong triều?,可能坐鎮此風潮。
"Trường khiếu Tô Môn vị hữu kỳ,",長嘯蘇門未有期，
Tây du biều lạp hận lai trì.,西遊瓢笠恨來遲。
"Hô đăng cộng thám Từ công tích,",呼燈共探徐公跡，
Môn tiển tần khan Cảnh Thống bi.,捫蘚頻看景統碑。
"Tứ diện vân sơn nhàn chỉ cố,",四面雲山閒指顧，
Bách niên nhân thế kỷ hưng suy.,百年人世幾興衰。
"Bình sinh lãng tích na trùng vấn,",平生浪迹那重問，
Thủ bả liên hoa tiếu tự tri.,手把蓮花笑自知。
"Thôn ông ái thuyết lão Thượng thư,",村翁愛說老尚書，
Tuế mộ qui lai thuỷ trúc cư.,歲暮歸來水竹居。
"Lạc nhật tính tuỳ trần sự cải,",落日併隨塵事改，
Cấp lưu thiên giác lại tình sơ.,急流偏覺吏情疏。
"Hiện thân nhập thế kinh tam dĩ,",現身入世經三已，
Thục nhãn khan nhân ngộ lục như.,熟眼看人悟六如。
"Quyện ngã tiệm thành chân lãn tản,",倦我漸成真懶散，
Thử sơn đoan nghĩ trúc tinh lư.,此山端擬築精廬。
"Đàm thanh lộ quýnh trúc âm lương,",潭清路迥竹陰涼，
Nhật xuất Đông A nhận đế hương.,日出東阿認帝鄉。
"Tự do kim thân truyền thái thượng,",自由金身傳太上，
Độc lưu bảo tháp phó Thiên Trường.,獨留寶塔付天長。
"Phổ Minh Lý đỉnh danh không ký,",普明李鼎名空記，
Cảnh Trị Lê bi tự bán hoang.,景治黎碑字半荒。
"Cứu thế chân nhân tâm khổ thậm,",救世真人心苦甚，
Liên đài nhất ngoạ kỷ tang thương.,蓮臺一臥幾桑滄。
"Mãn sơn loạn khiếu bất như quy,",滿山亂嘯不如歸，
Giải sử hành nhân bộ bộ trì.,解使行人步步遲。
"Kinh quốc nguyệt mang hàn chử chiếu,",京國月忙寒渚照，
Cố hương vân trục viễn sơn phi.,故鄉雲逐遠山飛。
"Phiêu bồng thân thế khinh như diệp,",飄蓬身世輕如葉，
Sào kiển tâm quan loạn tự ty.,繅繭心關亂似絲。
"Lạc thú dục phân cừ nhất bán,",樂趣欲分渠一半，
Kê trù hà sự xúc chinh y.,雞籌何事促征衣。
"Hồi thủ gia san lữ mộng triền,",回首家山旅夢纏，
Quá sơn đáo hải hựu hành biên.,過山到海又行邊。
"Thần hôn cận địa tư sai uý,",晨昏近地斯差慰，
"Bảo chướng luân tài vị tất nhiên,",保障掄才未必然。
"Hình dịch bán sinh niên bán bách,",形役半生年半百，
Tuần tuyên tam tải lộ tam thiên.,旬宣三載路三遷。
"Trương, Ngô nhị lão đăng lâm xứ,",張吳二老登臨處，
Tiền hậu tao phùng hoặc túc duyên.,前後遭逢或夙緣。
"Ngân hà tạc dạ tự thiên khuynh,",銀河昨夜自天傾，
Giang thuỷ mang mang giang ngạn bình.,江水茫茫江岸平。
"Vị tín quỉ thần năng tướng hựu,",未信鬼神能相佑，
Tẫn giao long hổ thất tinh linh.,盡教龍虎失精靈。
"Bình cư bất hội giảng trung tín,",平居不會講忠信，
Đáo xứ vô phương tề tử sinh.,到處無妨薺死生。
"Cánh hữu hiểm hy nhiêu thập bội,",更有險巇饒十倍，
Ngô tương hà dĩ khấu thần minh.,吾將何以叩神明。
"Kim thiết trầm trầm, tịch dạ minh,",金鐵沉沉寂夜鳴，
"Khanh hoanh biện đắc hải đào thanh,",鏗訇辨得海濤聲。
"Súc năng tái trọng nghi vô nộ,",畜能載重宜無怒，
Khiêm bản cư ty khởi bất bình.,謙本居卑起不平。
"Thế vị thừa phong bôn sử cấp,",世為承風奔駛急，
Cơ nhân kích ngạn phát lôi oanh.,机因擊岸發雷轟。
"Tối thâm tình xứ hà nhân trắc,",最深情處何人測，
Nạp tận quần xuyên độc ố doanh.,納盡群川獨惡盈。
"Cùng hạng u cư khổ tịch liêu,",窮巷幽居苦寂寥，
Ô cân trúc trượng vãn tiêu diêu.,烏巾竹杖晚逍遙。
"Hoang thôn nhật lạc, hà thê thụ.",荒村日落霞棲樹，
"Dã kính nhân hy, thuỷ một kiều.",野徑人稀水沒橋。
"Kim cổ vô cùng giang mạc mạc,",今古無窮江漠漠，
Anh hùng hữu hận diệp tiêu tiêu.,英雄有恨葉蕭蕭。
"Quy lai độc bẵng lan can toạ,",歸來獨憑欄杆坐，
Nhất phiến băng thiềm quải bích tiêu.,一片冰蟾掛碧霄。
"Xuân thiên huề thủ đáo Vân Môn,",春天攜手到雲門，
Nhất toạ thiền lâm tịnh lục côn.,一座禪林凈六棍。
"Uyển táo đài sinh tăng bất tại,",碗灶苔生僧不在，
Sài phi vũ lạc Phật vô ngôn.,柴扉雨落佛無言。
"Bán văn bất trị hủ hồng viện,",半文不值腐紅院，
Bát tự không mê yên thuỷ thôn.,八字空迷煙水村。
"Nhân tĩnh dạ thâm đa thiểu khách,",人靜夜深多少客，
Khả năng tuệ nhãn chiếu quai côn.,可能慧眼照乖棍。
"Tố lưu dẫn lãm bạng thanh loan,",泝流引纜傍清巒，
Viễn thính đào thanh hưởng Đại Than.,遠聽濤聲響大灘。
"Sơn chướng giang loan phiên tống lãng,",山障江灣翻送浪，
Thạch phù thuỷ diện kích hồi thoan.,石浮水面激迴湍。
"Tuần sảnh kỳ phất yên phong khởi,",巡廳旗拂烟烽起，
Sùng miếu hương hàm nhật ảnh tàn.,崇廟香含日影殘。
"Hạo hứng thuỳ tri dư lạc xứ,",浩興誰知余樂處，
Hang đầu tiểu chước toạ quan lan.,舡頭小酌坐觀瀾。
"Lâm loan bạch thủ độn kinh thành,",林巒白首遁京城，
Phất tụ cao sơn viễn cánh hinh.,拂袖高山遠更馨。
"Kỷ nguyện tịnh cân xu trượng tịch,",幾願淨巾趨丈席，
Hốt văn di lý yểm thiền quynh.,忽聞遺履掩禪扃。
"Trai đình u điểu không đề nguyệt,",齋庭幽鳥空啼月，
Mộ tháp thuỳ nhân vị tác minh.,墓塔誰人為作銘。
"Đạo lữ bất tu thương vĩnh biệt,",道侶不須傷永別，
Viện tiền sơn thuỷ thị chân hình.,院前山水是真形。
"Tòng vô hiện hữu, hữu vô thông,",從無現有有無通，
Hữu hữu vô vô tất cánh đồng.,有有無無畢竟同。
"Phiền não bồ đề nguyên bất nhị,",煩惱菩提元不二，
Chân như vọng niệm tổng giai không.,真如妄念總皆空。
"Thân như huyễn kính nghiệp như ảnh,",身如幻鏡業如影，
Tâm nhược thanh phong tính nhược bồng.,心若清風性若蓬。
"Hưu vấn tử sinh ma dữ Phật,",休問死生魔與佛，
Chúng tinh củng bắc thuỷ triều đông.,眾星拱北水潮東。
"Khuất chỉ phiêu bồng ký ngũ niên,",屈指飄蓬既五年，
Kim thu thôn tự nhất tham thiền.,今秋村寺一參禪。
"Cúc hoa sơ quải hoàng kim giáp,",菊花初掛黃金甲，
Bối diệp trọng chiếm bạch ngọc thuyên.,貝葉重占白玉銓。
"Vãng sự kỷ hồi hoè quốc mộng,",往事幾回槐國夢，
Cố ngô y cựu trúc lâu duyên.,故吾依舊竹樓緣。
"Linh am tự tại linh quang tĩnh,",靈庵自在靈光靜，
Sảng nhập ngân câu tú thuỷ liên.,爽入銀鉤秀水連。
"Thống khốc Giang Nam lão cự khanh,",痛哭江南老鉅卿，
Đông phong thấp lệ vị thương tình.,東風濕淚為傷情。
"Vô đoan thiên thượng biên niên nguyệt,",無端天上編年月，
Bất quản nhân gian hữu tử sinh.,不管人間有死生。
"Vạn điệp bạch vân già cố trạch,",萬疊白雲遮故宅，
Nhất đôi hoàng nhưỡng phúc hương danh.,一堆黃壤覆香名。
"Hồi thiên lực lượng tuỳ lưu thuỷ,",回天力量隨流水，
Lưu thuỷ than đầu cộng bất bình.,流水灘頭共不平。
"Bích Hán minh loan bất động trần,",碧漢鳴鸞不動塵，
Ngọc kinh phiêu nhiễu hội tinh thần.,玉京縹繞會星辰。
"Vũ hồi Ngao Bối tam sơn tuyết,",舞回鼇背三山雪，
Tửu thượng long nhan vạn quốc xuân.,酒上龍顏萬國春。
"Vật bị nhân phong vinh ngự uyển,",物被仁風榮禦苑，
Thuỷ hàm thánh trạch dật Thiên Tân.,水涵聖澤溢天津。
"Việt Nam ky lữ bồi ban liệt,",越南羈旅陪班列，
Chỉ xích quang chiêu nhật nguyệt tân.,咫尺光昭日月新。
"Sở, Việt cương loan thịnh sản tùng,",楚粵崗巒盛產松，
Đình đình giáp đạo lục âm nùng.,亭亭夾道綠陰濃。
"Tham thiên lão cán phương điều đạt,",參天老幹方條達，
Mãn địa anh chi cánh uất thông.,滿地英枝更鬱蔥。
"Tụ bảo đoàn đoàn căn hữu hổ,",聚寶團團根有虎，
Lăng sương cá cá giáp thành long.,凌霜個個甲成龍。
"Ái cừ đặc lập ngang nhiên cốt,",愛渠特立昂然骨，
Bất phạ hàn uy tuế hữu đông.,不怕寒威歲有冬。
"Khoả quốc hân nhiên tiện thoát y,",躶國欣然便脫衣，
"Lễ phi vô dã, tục tuỳ nghi.",禮非亡也俗隨宜。
"Kim xuyên thốc ẩu vi huyền dặc,",金穿禿嫗為懸杙，
Minh kính manh nhân tác cái chi.,明鏡盲人作蓋卮。
"Ngọc tháo nhập cầm ngưu bất thính,",玉操入琴牛不聽，
Hoa trang anh lạc tượng hà tri.,花粧瓔珞象何知。
"Hu ta nhất khúc huyền trung diệu,",吁嗟一曲玄中妙，
Hợp bả hoàng kim chú Tử Kỳ.,合把黃金鑄子期。
"Vị Hoàng giang thượng Vị Hoàng doanh,",渭潢江上渭潢營，
Lâu lỗ sâm si tiếp thái thanh.,樓櫓參差接太青。
"Cổ độ tà dương khan ẩm mã,",古渡斜陽看飲馬，
Hoang giao tĩnh dạ loạn phi huỳnh.,荒郊靜夜亂飛螢。
"Cổ kim vị kiến thiên niên quốc,",古今未見千年國，
Hình thế không lưu bách chiến danh.,形勢空留百戰名。
"Mạc hướng Thanh Hoa thôn khẩu vọng,",莫向清華村口望，
Điệp Sơn bất cải cựu thì thanh.,疊山不改舊時青。
"Đại địa như hà dịch khởi tha,",大地如何剔起他，
Lao nhương tối thị lực điền gia.,勞攘最是力田家。
"Hạ thu cần động mưu nguyên thấp,",夏秋勤動謀原濕，
Đán mộ tư lường nghệ thái hoà.,旦暮思量藝泰禾。
"Tỉ chỉ vô vong chi nhật phú,",耜趾無忘之日賦，
Thương sương thả ứng hữu niên ca.,倉箱且應有年歌。
"Trường giao thuận tắc duyên nam mẫu,",長教順則緣南畝，
Tâm chúc nguyên phi chiếu ỷ la.,心燭原非照綺羅。
"Hành lĩnh phù vân Tiêu thuỷ ba,",衡嶺浮雲瀟水波，
Liễu châu cố trạch thử phi gia ?,柳州故宅此非耶。
"Nhất thân xích trục lục thiên lý,",一身斥逐六千里，
Thiên cổ văn chương bát đại gia.,千古文章八大家。
"Huyết chỉ hãn nhan thành khổ hỹ,",血指汗顏誠苦矣，
Thanh khê gia mộc nại ngu hà.,清溪嘉木奈愚何。
"Tráng niên ngã diệc vi tài giả,",壯年我亦為材者，
Bạch phát thu phong không tự ta!,白髮秋風空自嗟。
"Xuân tiền đào lý mạn phân phân,",春前桃李漫紛紛，
Cấu diệp thương hành liễu bất văn.,垢葉蒼莖了不聞。
"Khổ tiết nhược vi an tố phận,",苦節若為安素分，
Cùng thu nhiên hậu kiến thanh phân.,窮秋然後見清芬。
"Ám liên lão phố ưng như thị,",暗憐老圃應如是，
Độc lập tây phong thục dữ quần.,獨立西風孰與群。
"Cao khiết trinh tâm phi dị đắc,",高潔貞心非易得，
Đào Tiềm quy khứ thuỷ tri quân.,陶潛歸去始知君。
"Bách hoa khai thì nhĩ vị khai,",百花開時尒未開，
Bách hoa lạc tận nhĩ phương lai.,百花落盡尒方來。
"Độc đương hàn tuế thuỳ vi ngẫu,",獨當寒歲誰為偶，
Bất lạc phương tâm chân khả ai.,不落芳心真可哀。
"Ly bạn sâm si bán lục trúc,",籬畔參差半綠竹，
Song tiền niệu na tân hồng mai.,窗前嬝娜新紅梅。
"Hàm bôi toạ khán nhất vi tiếu,",啣杯坐看一微笑，
Bất phụ hưu ông tích nhật tài.,不負休翁昔日栽。
"Biệt thử phồn hoa thập kỉ niên,",別此繁華十幾年，
Nhi kim trùng quá đại phi tiền.,而今重過大非前。
"Nhãn trung lí lạc đa điêu háo,",眼中里落多彫耗，
Tâm thượng tri giao bán tích quyên.,心上知交半瘠捐。
"Nhân tạp tứ di tiền hậu thị,",人雜肆移前後市，
Lạo thâm bình tẩm hạ thu điền.,潦深平浸夏秋田。
"Đường lư kiến thuyết do nùng ấm,",堂廬見說猶濃蔭，
Khách bộ đê hồi tứ võng nhiên.,客步低回思惘然。
"Thử tử bất tri hà xứ lai,",此子不知何處來，
Tiểu viên cách tuế ngẫu nhiên tài.,小園隔歲偶然栽。
"Diệp do vị phát hoa tranh phát,",葉猶未發花爭發，
Hoa ký bất khai diệp thuỷ khai.,花既不開葉始開。
"Oái uý dĩ phi quần thảo ngũ,",薈蔚已非群草伍，
Thanh phân ưng thị bách hoa khôi.,清芬應是百花魁。
"Tuý ông thần tịch sổ tương uỷ,",醉翁晨夕數相慰，
Thế mạc tử tri chân khả ai.,世莫子知真可哀。
"Tiền thân chủng xuất tự Bồng Lai,",前身種出自蓬萊，
Di hướng Bồ Đề viện lý tài.,移向菩提院裏栽。
"Tố nhuỵ quang tranh đông dạ tuyết,",素蕊光爭冬夜雪，
Kỳ phương phẩm đoạt lĩnh đầu mai.,其芳品奪嶺頭梅。
"Hương chân vương giả thiên thuỳ thưởng,",香真王者天垂賟，
Trang tỉ Thường Nga nguyệt ám sai.,莊比嫦娥月暗猜。
"Duy Phật trùng lai năng thức Phật,",惟佛重來能識佛，
Ân cần huệ ngã thử hoa khôi.,慇勤惠我此花魁。
"Nhung y xích kiếm há Đông san,",戎衣赤劍下東山，
Phong hãi vân lưu chỉ cố gian.,風駭雲流指顧間。
"Tam giá uy thanh lưu bàng bạc,",三駕威清流磅礴，
Bách niên thân sự phó tuần hoàn.,百年身事付循環。
"Tây Hồ cung lý vân nhưng toả,",西湖宮裏雲仍鎖，
Ngọc Trản phong đầu thổ vị can.,玉盞峰頭土未乾。
"Thuỳ dụ đương niên quai tích thiện,",垂裕當年乖積善，
Xung nhân hà lực đảm đa gian.,沖人何力擔多艱。
"Vĩnh Thuần giang khẩu độ tà huy,",永純江口渡斜暉，
Ẩn ẩn lâu đài bán yểm phi.,隱隱樓臺半掩扉。
"Tháp ảnh tranh vanh tiêu huyện trị,",塔影崢嶸標縣治，
Thụ sao tế phất ủng thành vi.,樹梢蔽芾擁城圍。
"Trượng phu khuynh cái nghênh vương sứ,",丈夫傾蓋迎王使，
Trĩ tử đăng chu khán cẩm y.,稚子登舟看錦衣。
"Thông dạ yêm lưu thanh lữ mộng,",通夜淹畱清旅夢，
Úc phùng thiên khí khước hàn uy.,燠逢天氣却寒威。
"Thanh xuân toả liễu lãnh tiêu phòng,",青春鎖柳冷蕭房，
Cẩm trục đình châm ngại điểm trang.,錦軸停針礙點妝。
"Thanh dạng độ liên phi phất lục,",清樣度蓮披拂綠，
Đạm hy tán cúc thái sơ hoàng.,淡曦散菊彩疏黃。
"Tình si dị tố liêm biên nguyệt,",情痴易訴簾邊月，
Mộng xúc tằng liêu trướng đính sương.,夢觸曾撩帳頂霜。
"Tranh khúc cưỡng khiêu sầu tự bạn,",箏曲強挑愁緒絆，
Oanh ca nhật vịnh các tiêu hương.,鶯歌日詠閣蕭香。
"Ngọc phả tiên nguyên cái thế hào,",玉譜仙源蓋世豪，
Phấn thân hứa quốc bất từ lao.,奮身許國不辭勞。
"Sanh phù nhật cốc khâm hoài tráng,",撐扶日轂襟懷壯，
Tấn tảo biên trần thủ đoạn cao.,迅掃邊塵手段高。
"Công mãn Nam thiên thuỳ trúc bạch,",功滿南天垂竹帛，
Uy dư Đông hải thiếp ba đào.,威餘東海帖波濤。
"Phần Dương khánh diễn hồn dư sự,",濆陽慶衍渾餘事，
Trường sử Hồ nhi thức tuấn mao.,長使胡兒識俊髦。
"Cung kiếm trường giang quải tịch huy,",弓劍長江掛夕暉，
Phong trần đại địa tống chinh phi.,風塵大地送征騑。
"Nhất gia như yến thê hà định,",一家如燕棲何定，
Vạn lý vô hồng tín diệc hy.,萬里無鴻信亦稀。
"Thạch thất cầm huyền vân nhiễu bích,",石室琴弦雲繞壁，
Trúc lâm chung hưởng nguyệt hoành phi.,竹林鐘響月橫扉。
"Hội ưng quy thái thanh hà diệp,",會應歸採青荷葉，
Cao toạ loan đầu chức điếu y.,高坐灣頭織釣衣。
"Tằng lăng vân tế điệp trùng biên,",嶒埈雲際疊重邊，
Danh tướng danh am cổ cổ truyền.,名將名庵古古傳。
"Thạch khánh hữu huề li động khẩu,",石磬有携離洞口，
Đồng chung vô dạng quải nhai biên.,銅鍾無恙掛崖邊。
"Giang sơn đề vịnh cơ trần tích,",江山題詠几陳跡，
Phụ lão phùng nghinh thuyết vãng niên.,父老逢迎說往年。
"Hạc trấn phiên bình phong hoả tĩnh,",鶴鎮藩屏峰火靜，
Thiên thu nhất quế thái bình thiên.,千秋一桂太平天。
Tang thương để cục kỷ chu tinh,桑滄底局幾週星，
Bán bích y nhiên nhất dạng thanh,半壁依然壹樣清。
Động khẩu vân quan lung thạch tượng,洞口雲關籠石像，
Nham đầu phong sảng hưởng chung thanh,岩頭風爽嚮鍾聲。
Địa tiêu danh thắng xuân thường trú,地標名勝春常住，
Thiên giả cao nhân thú ngẫu thành,天假高人趣偶成。
Thử nhật đăng lâm bình vãng sự,此日登臨評往事，
Huân thần phẩm vọng tự tranh vanh.,勳臣品望自崢嶸。
"Vọng Doanh đầu mộ hệ ngâm thuyền,",望瀛投暮繫吟船，
Thi cảnh liêu nhân vãn hứng khiên.,詩景撩人晚興牽。
"Dục Thuý vũ tình phong tự ngọc,",浴翠雨晴峰似玉，
Đại An triều trướng thuỷ như thiên.,大安潮漲水如天。
"Y y viễn thụ thanh yên lý,",依依遠樹青煙裏，
Diểu diểu bình sa bạch điểu tiền.,渺渺平沙白鳥前。
"Tam thập niên tiền hồ hải thú,",三十年前湖海趣，
Tư du kỳ tuyệt thắng Tô tiên.,茲遊奇絕勝蘇仙。
"Hoá thạch sơn đầu kỷ tịch huân,",化石山頭幾夕曛，
Thương tâm vô lộ cánh phùng quân.,傷心無路更逢君。
"Thiên nhai mục đoạn niên niên nguyệt,",天崖目斷年年月，
Giang thượng hồn tiêu mộ mộ vân.,江上魂消暮暮雲。
"Thanh lệ nhất ban hoa lộ trích,",青淚一般花露滴，
Ly tình vạn chủng thảo yên phân.,離情萬種草煙雰。
"Tương phi nhược thức tương tư khổ,",湘妃若識相思苦，
Bất tích ai huyền ký dữ văn.,不惜哀絃寄予聞。
Thạch da? Nhân da? Bỉ hà nhân?,石耶？人耶？彼何人？
Độc lập sơn đầu thiên bách xuân,獨立山頭千百春。
"Vạn kiếp diểu vô vân vũ mộng,",萬劫杳無雲雨夢，
Nhất trinh lưu đắc cổ kim thân.,一貞留得古今身。
"Lệ ngân bất tuyệt tam thu vũ,",淚痕不絕三秋雨，
Đài triện trường minh nhất đoạn văn.,苔篆長銘一段文。
"Tứ vọng liên sơn diểu vô tế,",四望連山渺無際，
Độc giao nhi nữ thiện di luân.,獨教兒女擅彝倫。
"U uất thu tâm khổ bất miên,",幽鬱秋心苦不眠，
Phần hương ngũ dạ độc di biên.,焚香五夜讀遺編。
"Thi từ vô hạn lăng vân tứ,",詩詞無限凌雲思，
Bút thái do lưu hàn mặc duyên.,筆彩猶留翰墨緣。
"Nguyệt lãnh ngâm lâu không tịch mịch,",月冷吟樓空寂寞，
Đăng thuỳ lạp lệ cộng lưu liên.,燈垂臘淚共流連。
"Nghị hồn hà xứ như tương thức,",毅魂何處如將識，
"Ưng bổ hoa thi ""Biệt hận thiên"".",應捕花詩別恨篇。
"Y thuỳ tuyệt cảnh cấu đình đài,",伊誰絕境構亭臺，
Phạt tận tùng chi truỵ hạc thai.,伐盡松枝墜鶴胎。
"Thạch huyệt hà niên sơ tạc phá,",石穴何年初鑿破，
Kim thân tiền dạ khước phi lai.,金身前夜卻飛來。
"Đình vân xứ xứ tăng miên định,",停雲處處僧眠定，
Lạc nhật sơn sơn viên khiếu ai.,落日山山猿叫哀。
"Nhất chú đàn hương tiêu tuệ nghiệp,",一炷檀香消慧業，
Hồi đầu dĩ cách vạn trùng nhai.,回頭已隔萬重崖。
"Mục quýnh đông tây vọng tứ phương,",目炯東西望四方，
Thủ chiến do kình quốc tộc hồn.,手顫猶擎國族魂。
"Phát phi do đới sơn hà hận,",髮披猶帶山河恨，
Thần cấm tĩnh văn bách tính ương.,唇噤靜聞百姓殃。
"Y thực uy hiếp tù gia toả,",衣食威脅囚枷鎖，
Dân khổ xung thiên động đoạn trường.,民苦衝天動斷腸。
"Thử thân nguyện đắc tuỳ công trắc,",此身願得隨公側，
Ngưu mã tiên gia diệc hướng hương.,牛馬鞭加亦向鄉。
"Tùng thu thâm toả nhật tương tịch,",松秋深鎖日將夕，
Yên thảo như đài mê loạn thạch.,煙草如苔迷亂石。
"Ảm đạm thiên sơn phong cánh sầu,",黯淡千山風更愁，
Tiêu trầm vạn cổ vân vô tích.,消沉萬古雲無跡。
"Khê hoa dục lạc vũ ti ti,",溪花欲落雨絲絲，
Dã điểu bất quy sơn tịch tịch.,野鳥不歸山寂寂。
"Kỷ độ trù trừ hành phục hành,",幾度躊躇行復行，
Bình vu vô tận xuân sinh bích.,平蕪無盡春生碧。
"Hải thượng đê mê thảo thụ âm,",海上低迷草樹陰，
Quý Ly hà xứ hốt thành cầm.,季釐何處忽成擒。
"Khả liên tặc tử mưu di quốc,",可憐賊子謀移國，
Bất ngộ hoàng thiên sát phụ tâm.,不悟皇天殺負心。
"Khẩu thực vạn niên nhân thoá mạ,",口埴萬年人唾駡，
Sơn quang nhất phiến khách trầm ngâm.,山光一片客沉吟。
"Kỳ La đồng vọng phù lam xứ,",奇羅同望浮嵐處，
Thiên ức Hùng Vương thính ngọc cầm.,偏億雄王聽玉琴。
"Thời bình, biến dã ế tang ma,",辰平徧野翳桑麻，
Nhất ấp sinh nhai mãn địa hoa.,一邑生涯滿地花。
"Bát mẫu địa phì đa noãn thổ,",八畝地肥多煖土，
Quần phương xuân cập thổ kỳ ba.,群方春及吐奇葩。
"Thiều tư nan cấm u nhàn địa,",韶資難禁幽閒地，
Diễm sắc chung quy phú quý gia.,艷色終歸富貴家。
"Tự hữu Tô giang tư quán tẩm,",自有蘇江資灌寖，
"Hàn sương đông quá, hựu phồn hoa.",寒霜冬過又繁華。
"Cổ Phật vô lường Đường thế nhân,",古佛無量唐世人，
Tương Sơn tự lý hữu chân thân.,湘山寺裡有真身。
"Chân thân nhất dạ tẫn viêm hoả,",真身一夜燼炎火，
Cổ tự thiên niên không mộ vân.,古寺千年空暮雲。
"Ngũ Lĩnh phong loan đa khí sắc,",五嶺峰巒多氣色，
Toàn Châu thành quách tại phong trần.,全州城郭在風塵。
"Cô chu giang thượng bằng lan xứ,",孤舟江上憑欄處，
Nhất đái tùng sam bán tịch huân.,一帶松杉半夕曛。
"Tiền trình vạn lý phó du du,",前程萬里付悠悠，
Bất trứ nam quan học Sở tù.,不著南冠學楚囚。
"Kim cổ thị phi tranh đại mộng,",今古是非爭大夣，
Bắc Nam khứ vãng thuộc hư chu.,北南去往屬虛舟。
"Phạn chi tàn bệnh cơ lai thực,",飯支殘病饑來食，
Thuỵ áp dư tình tuý hậu hưu.,睡壓餘情醉後休。
"Bất thị chinh nhân tâm tự thiết,",不是征人心似鐵，
Sầu thâm dĩ chuyển nhập vô sầu.,愁深已轉入無愁。
"Vô ý ư tri tiện kiến tri,",無意於知便見知，
Thử sinh hành chỉ khởi nhân vi.,此生行止豈人為。
"Thân tuy lão hỹ chí nhưng tại,",身雖老矣志仍在，
Nghĩa hữu đương nhiên tử bất tì.,義有當然死不辭。
"Nhiếp đặng môn la canh vạn hiểm,",躡磴捫蘿更萬險，
Thượng than hạ lại thiệp thiên nguy.,上灘下瀨涉千危。
"Tứ phương tự thị nam nhi sự,",四方自是男兒事，
Đạp biến giang sơn dã nhất kỳ.,踏遍江山也一奇。
"Phong vũ tiêu tiêu cựu vũ tình,",風雨瀟瀟舊雨情，
Văn chương ngô hữu tuế ngô huynh.,文章吾友歲吾兄。
"Kinh tam biến hậu đầu cơ bạch,",經三變後頭幾白，
Ư nhập niên tiền nhãn độc thanh.,於廿年前眼獨青。
"Trần diện tự liên tam đẩu tục,",塵面自憐三斗俗，
U hoài dao tưởng nhất đăng minh.,幽懷遙想一燈明。
"Nông giang thuỷ dữ Tuy giang hợp,",農江水與綏江合，
Ngâm hướng thu triều ký viễn thanh.,吟向秋潮寄遠聲。
"Dung thân tiểu kiệu nhậm khi khuynh,",容身小轎任攲傾，
Hựu sấn hoàng hôn đáo Vũ Doanh.,又趁黃昏到武盈。
"Kỷ thốc man gia hoàng thác lạc,",幾簇蠻家黃錯落，
Tứ vi sơn sắc bích tung hoành.,四圍山色碧縱橫。
"Trúc li hữu cúc thu thuỳ vãn,",竹籬有菊秋垂輓，
Dã thú vô nhân nguyệt tự minh.,野戍無人月自明。
"Chính thị khách trung sầu đoạn xứ,",正是客中愁斷處，
Bất kham trùng thính dạ viên thanh.,不堪重聴夜猿聲。
"Cổ lai binh hoả thuộc anh hùng,",古來兵火屬英雄，
Hứa quốc dung thành nhất điểm trung.,許國鎔成一點忠。
"Phấn cốt phong viêm tây tái bạch,",粉骨風炎西塞白，
Đan tâm nhật diễm Việt thiên hồng.,丹心日焰越天紅。
"Yên phi đài các lăng hào khí,",煙飛臺閣凌豪氣，
Khôi toả cương trường cái thế công.,灰鎖疆場蓋世功。
"Hưng diệt tối quan khanh hoả sí,",興滅最關卿火熾，
Khởi đồ hàn vũ nhiệt Nam cung.,豈徒寒雨熱南宮。
"Bảo đỉnh hương phiêu triện trúc bao,",寶鼎香飄篆竹苞，
Chân nhân linh tích trấn Nam giao.,真人靈跡鎮南郊。
"Kiếm quang ủng tuệ ngưng đàm ảnh,",劍光擁慧凝潭影，
Thiềm phách minh sương hưởng thụ sao.,蟾魄鳴霜響樹捎。
"Tịch diệt thiền cơ kình lũ động,",寂滅禪機鯨屢動，
Vinh khô thế mộng điệp tần lao.,榮枯世夢蝶頻勞。
"Bất như nhất trạo thanh phong lý,",不如一掉清風里，
Nhất khúc Thương Lang tự giải trào.,一曲滄浪似解嘲。
"Phi canh phi điếu thái ngang tàng,",非耕非釣太昂藏，
Xuyên tựu hà y thượng ngọc đường.,穿就荷衣上玉堂。
"Kiên xuất phụng mao hàm chế cáo,",肩出鳳毛銜制誥，
Bối sinh quy giáp phụ văn chương.,背生龜甲負文章。
"Quyển thư để ý tuỳ hành chỉ,",卷書底意隨行止，
Tuyệt bổ hà tâm giảo đoản trường.,絕補何心較短長。
"Vũ lộ triêm thiên hoàn tự đắc,",雨露霑天還自得，
Quy lai thượng đới tử nê hương.,歸來尚帶紫泥香。
"Quan sơn lịch lịch thuộc chinh đồ,",關山歷歷屬征途，
Nhất phiến đan thành vạn lý du.,一片丹誠萬里輸。
"Bất thị Tử Phương kiêu phú quý,",不是子方驕富貴，
Chung bằng Vương thị phạm trì khu.,終憑王氏範馳驅。
"Văn thanh hỉ vọng nhân tình cận,",聞聲喜望人情近，
Đầu hạt tương lưu thế vị thù.,投轄相留世味殊。
"Tự tiếu nguyên phi đề Đỗ khách,",自笑原非題杜客，
Diệc lao xa mã quá hoàng đô.,亦勞車馬過皇都。
Chu tình Khổng tứ cánh hà như?,周情孔思竟何如？
Thái cực đình tiền thảo bất trừ.,太極庭前草不除。
"Kỷ thụ oanh thanh phong định hậu,",幾樹鶯聲風定後，
Nhất thiên hoa sắc vũ tình sơ.,一天花色雨晴初。
"Càn khôn sinh ý đa Ngu Thuấn,",乾坤生意多虞舜，
Kim cổ phao tâm lậu Tể Dư.,今古抛心陋宰予。
"Minh mị nhâm tha đào dữ liễu,",明媚任他桃與柳，
Y y diện đối thánh hiền thư.,依依面對聖賢書。
Hắc dạ thiều quang hà xứ tầm?,黑夜韶光何處尋，
Tiểu song khai xứ liễu âm âm.,小窗開處柳陰陰。
"Giang hồ bệnh đáo kinh thì cửu,",江湖病到經時久，
Phong vũ xuân tuỳ nhất dạ thâm.,風雨春隨一夜深。
"Ky lữ đa niên đăng hạ lệ,",羈旅多年燈下淚，
Gia hương thiên lý nguyệt trung tâm.,家鄉千里月中心。
"Nam Đài thôn ngoại Long giang thuỷ,",南臺村外龍江水，
Nhất phiến hàn thanh tống cổ câm.,一片寒聲送古今。
"Tiện nhĩ tiêm tiêm nhất vũ hàn,",羨爾纖纖一羽翰，
Đầu minh nhi tử tử nhi an.,投明而死死而安。
"Nhược vi thảng tốt lâm nghi dị,",若為倘倅臨宜易，
Đáo đắc thuân tuần biện diệc nan.,到得逡巡辨亦難。
Tố phú tri năng do vị dẫn.,素賦知能猶未泯，
Đương tiền danh lợi bất tương quan.,當前名利不相關。
Cô đăng sát nhĩ do liên nhĩ.,孤燈殺爾猶憐爾，
Đáo đắc thành hôi lệ vị can.,到得成灰淚未乾。
"Tịch mịch sơn gia trấn nhật nhàn,",寂寞山家鎮日閒，
Trúc phi tà ủng hộ khinh hàn.,竹扉斜擁護輕寒。
"Bích mê thảo sắc thiên như tuý,",碧迷草色天如醉，
Hồng thấp hoa tiêu lộ vị can.,紅濕花梢露未乾。
"Thân dữ cô vân trường luyến tụ,",身與孤雲長戀岫，
Tâm đồng cổ tỉnh bất sinh lan.,心同古井不生瀾。
"Bách huân bán lãnh trà yên yết,",柏薰半冷茶煙歇，
Khê điểu nhất thanh xuân mộng tàn.,溪鳥一聲春夢殘。
"Pha đầu trú mã tịch dương đình,",坡頭駐馬夕陽亭，
Toàn chước thanh tuyền tẩy phá quang.,旋酌清泉洗破觥。
"Xuân điểm trang hoa hồng giáp ất,",春點莊花紅甲乙，
Sơn liên dã thụ lục tung hoành.,山連野樹綠縱橫。
"Thi tòng thắng cảnh ngâm biên hứng,",詩從勝景吟邊興，
Nguyệt đậu sơ vân quyết xứ minh.,月逗疏雲鈌處明。
"Cách ốc tạm đồng tăng xá túc,",隔屋暫同僧舍宿，
Nhất câu đăng hoả thoại bình sinh.,一篝燈火話平生。
"Thập nhị thiều quang xuân nhất đoàn,",十二韶光春一團，
Nhất thiên liệu tiễu tống dư hàn.,一天料峭送餘寒。
"Khinh âm tá vũ xâm hoa dị,",輕陰借雨侵花易，
Tàn tuyết nhân phong truỵ liễu nan.,殘雪因風墜柳難。
"Tú thát giai nhân đê ngọc trướng,",繡闥佳人低玉帳，
Hương nhai tuý khách xúc kim an.,香街醉客促金鞍。
"Toàn kiền tự hữu thần công tại,",還乾自有神功在，
Dĩ bá dương hoà mãn tế bàn.,已播陽和滿祭繁。
"Ngưng vân mạc mạc vụ trầm trầm,",凝雲漠漠霧沈沈，
Nhưỡng tác dư hàn thập nhật âm.,釀作餘寒十日陰。
"Đái vũ hữu ngân niêm thụ nhứ,",帶雨有痕粘樹絮，
Thương xuân vô ngữ cách hoa cầm.,傷春無語隔花禽。
"Thư trai tịch tịch duy cao chẩm,",書齋寂寂惟高枕，
Thế sự du du chính bão khâm.,世事悠悠正抱衾。
"An đắc thử thân như thác dược,",安得此身如橐籥，
Hoà phong hư biến cửu châu tâm.,和風噓遍九州心。
"Bách niên thân thế thán phù bình,",百年身世嘆浮萍，
Xuân khứ thuỳ năng lão bất thành.,春去誰能老不成。
"Lưu thuỷ kiều biên dương liễu ảnh,",流水橋邊楊柳影，
Tịch dương giang thượng giá cô thanh.,夕陽江上鷓鴣聲。
"Nguyệt ư yên thụ tuy vô phận,",月於煙樹雖無分，
Phong dữ thiên hương thượng hữu tình.,風與天香尚有情。
"Cửu thập thiều quang dung dị quá,",九十韶光容易過，
Thảo tâm du tử khổ nan bình.,草心遊子苦難平。
"Tam dương tuế đán phục càn khôn,",三陽歲旦復乾坤，
Vãng sự hồi đầu bất khả ngôn.,往事回頭不可言。
"Toạ giáp tị cầu vô bạch quỷ,",坐甲鼻求無白鬼，
Đối thời tương thưởng chước thanh tôn.,對時相賞酌清樽。
Tụ ca ư thử gia nhi tộc.,聚歌於此家兒族，
Hy tiếu đương tiền tử dữ tôn.,嘻笑當前子與孫。
"Cảm vị thái bình tư nhất thất,",敢謂太平私一室，
Xuân phong ná đắc cộng thôn thôn.,春風那得共村村。
"Lâm ly nhất vũ tiện kinh tuần,",淋漓一雨便經旬，
Thặng hỉ kim triêu tễ sắc tân.,剩喜今朝霽色新。
"Nhật lệ phong khinh tăng khí tượng,",日麗風輕增氣象，
Sơn thanh thuỷ lục bội tinh thần.,山青水綠倍精神。
"Trường không trạm trạm vô dư cảnh,",長空湛湛無餘景，
Tứ hải hy hy cộng nhất xuân.,四海熙熙共一春。
"Phong vật mãn tiền ngâm hứng túc,",風物滿前吟興足，
Tao ông tòng thử thưởng phương thần.,騷翁從此賞芳辰。
"Vũ bạch phì mai tế nhược ti,",雨白肥梅細若絲，
Bế môn ngột ngột toạ thư si.,閉門兀兀坐書癡。
"Nhị phần xuân sắc nhàn sa quá,",二分春色閒蹉過，
Ngũ thập suy ông dĩ tự tri.,五十衰翁已自知。
"Cố quốc tâm hoàn phi điểu quyện,",故國心還飛鳥倦，
Ân ba hải khoát túng lân trì.,恩波海闊縱鱗遲。
"Bình sinh đảm khí luân khuân tại,",平生膽氣輪囷在，
Tuý đảo đông phong phú nhất thi.,醉倒東風賦一詩。
"Nguyệt sắc vi vi dạ hướng lan,",月色微微夜向闌，
Đông phong đặc địa khởi xuân hàn.,東風特地起春寒。
"Phiên không liễu nhứ niêm cao các,",翻空柳絮黏高閣，
Giác mộng Tương quân phác hoạ lan.,覺夢湘筠撲畫欄。
"Bị vật nhuận tòng thiên ngoại vũ,",被物潤從天外雨，
Kinh tâm hồng thoái tích thì nhan.,驚心紅褪昔時顏。
"Khư sầu lại hữu tam bôi tửu,",袪愁賴有三杯酒，
Phủ kiếm du du ức cố san.,撫劍悠悠憶故山。
"Tế sổ lạc hoa sầu vị phá,",細數落花愁未破，
Tĩnh thinh đề điểu tín tương lai.,靜聽啼鳥信將來。
"Ngâm bôi hữu khách hoài vân thụ,",吟杯有客懷雲樹，
Lữ dạ hà nhân khán đẩu đài.,旅夜何人看斗台。
"Kỷ khúc Vị Thành tân sắc liễu,",幾曲渭城新色柳，
Nhất chi Kế Bắc cựu tình mai.,一支薊北舊情梅。
"Tư quân nhiễu mộng tầm quân xứ,",思君遶夢尋君處，
Chu phiếm Linh giang thướng Hải đài.,舟泛𤅷江上海臺。
"Sương khí mông lung mãn địa phi,",霜氣曚曨滿地飛，
Thần quang phiêu hốt hận hy vi.,晨光飄忽恨熹微。
"Viên kim quất hạch do tàng giáp,",園金橘核猶藏甲，
Bồn thuỷ tiên hoa vị giải y.,盆水仙花未解衣。
"Hiểu trích u hoàng như tự khấp,",曉滴幽篁如自泣，
Dạ minh độc hạc tự an quy.,夜鳴獨鶴自安歸。
"Uý hàn lãn dục thôi y khởi,",畏寒懶欲催衣起，
Môn ngoại thường khai khách diệc hy.,門外常開客亦稀。
"Ly trúc hoành tà bán vũ âm,",籬竹橫斜半雨陰，
Đằng sàng tỷ ỷ toạ xuân thâm.,藤床徙倚坐春深。
"Lân đồng thần khởi độc tam tự,",鄰童晨起讀三字，
Phi điểu ngẫu qua di nhất âm.,飛鳥偶過遺一音。
"Thi đáo cùng thời vô tục cốt,",詩到窮時無俗骨，
Sự nhân tuý hậu hữu hùng tâm.,事因醉後有雄心。
"Lão hưu mạc hận tân bằng thiểu,",老休莫恨賓朋少，
Bành Trạch tương tri chỉ tố cầm.,彭澤相知只素琴。
"Vọng xuân bất tri xuân dĩ quy,",望春不知春已歸，
Hàn vân mạc mạc vũ phi phi.,寒雲漠漠雨霏霏。
"Đình giai nha giáp hữu sinh ý,",廷階芽甲有生意，
Thượng hạ điểu ngư vô trệ cơ.,上下鳥魚無滯機。
"Trần thế hữu thời hoàng hạc khứ,",塵世有時黃鶴去，
Hải ba hà xứ bạch âu phi.,海波何處白鷗飛。
"Bắc song độc chước đồi nhiên tuý,",北窗獨酌頹然醉，
Nhất dục xuyên hài thướng thuý vi.,一欲穿鞋上翠微。
"Hoạn khí kinh thì hộ bất khai,",患氣經時戶不開，
Thuân tuần hàn thử cố tương thôi.,逡巡寒暑故相催。
"Tha hương nhân dữ khứ niên biệt,",他鄉人與去年別，
Quỳnh Hải xuân tòng hà xứ lai?,瓊海春從何處來。
"Nam phố thương tâm khan lục thảo,",南浦傷心看綠草，
Đông hoàng sinh ý lậu hàn mai.,東皇生意漏寒梅。
"Lân ông bôn tẩu thôn tiền miếu,",鄰翁奔走村前廟，
Đấu tửu song cam tuý bất hồi.,斗酒雙柑醉不回。
"Tân tuế phương lai cựu tuế trừ,",新歲方來舊歲除，
Thanh bần ngô tự ái ngô lư.,清貧吾自愛吾廬。
"Hoàn cư bất mãn cửu cao thổ,",環居不滿九高土，
Tố nghiệp vô tha nhất thúc thư.,素業無他一束書。
"Ủng hộ yên thâm sơn sắc quýnh,",擁戶煙深山色迥，
Bàng tường vũ thiển cúc hoa sơ.,傍墻雨淺菊花疏。
"Nhi tào hoặc khả thừa ngô chí,",兒曹或可承吾志，
Bút nghiễn vô hoang đạo thục sơ.,筆硯無荒稻菽蔬。
"Đồi hồ mao phát tiệm sam sam,",頹乎毛髮漸鬖鬖，
Bất giác niên đăng ngũ thập tam.,不覺年登五十三。
"Đương thế thi thư hà sở dụng,",當世詩書何所用，
Lão lai quan đới thượng đa tàm.,老來冠帶尚多慚。
"Loạn ly xuân sắc chân vô lại,",亂離春色真無賴，
Ưu khổ nhân tình tổng bất kham.,憂苦人情總不堪。
Đối thử quang âm hà dĩ uý?,對此光陰何以慰？
Chư nhi do tự tửu ca hàm.,諸兒猶自酒歌酣。
"Ngã dĩ từ quan nhĩ tố quan,",我已辭官爾做官，
Tố quan năng hội tố vi nan.,做官能會做為難。
"Danh cư quá mãn ưu lăng tiết,",名居過滿憂淩節，
Sĩ hữu nhân bần thả bão quan.,仕有人貧且抱關。
"Đương nhật sự tuỳ đương nhật ứng,",當日事隨當日應，
Nhất phần tứ thị nhất phần khoan.,一分賜是一分寬。
"Hành tai liêu tá xuân phong tặng,",行哉聊借春風贈，
Đương nhĩ hư hoà thích táo đan.,當爾噓和釋躁丹。
"U viện thâm trầm độc toạ y,",幽院深沉獨坐衣，
Tiểu lan can ỷ bị hàn khi.,小欄杆倚被寒欺。
"Tam xuân bệnh sắc dung lâm kính,",三春病色慵臨鏡，
Tận nhật thanh sầu vị khứ my.,盡日清愁未去眉。
"Môn yểm lạc hoa oanh ngữ cấp,",門掩落花鶯語急，
Liêm thuỳ mộ vũ yến quy trì.,簾垂暮雨燕歸遲。
"Yên hoa phất nhãn tây lâu ngoại,",煙花拂眼西樓外，
Nhàn quyển thu thiên thướng liễu chi.,閑捲鞦韆上柳枝。
"Thiên địa thuỷ tiêu đông thích y,",天地水消凍釋衣，
Xứng tình hoa liễu noãn trung xuy.,稱情花柳暖中吹。
"Dĩ khu nhất thế quy xuân sắc,",已驅一世歸春色，
Hoàn phóng thiên môn xuất tửu kỳ.,還放千門出酒旗。
"Lục phổ ba sinh âu hạo đãng,",綠浦波生鷗浩蕩，
Hồng lâu liêm quyển yến sâm si.,紅樓簾捲燕參差。
"Vũ Vu tự hữu vô cùng lạc,",舞雩自有無窮樂，
Điểm sắt giao giao vị dị tri.,點瑟嘐嘐未易知。
"Vân đạm phong khinh nhật ảnh trì,",雲淡風輕日影遲，
Thư từ thành thượng bộ tình huy.,舒徐城上步晴暉。
"Nghênh nhân triền hộ tiêu tân thiếp,",迎人廛戶標新帖，
Hậu khách thiền quan động hiểu phi.,候客禪關洞曉扉。
"Phù bạch liêm tiền lưu cảnh hứng,",浮白簾前留景興，
Đạp thanh hoa ngoại sáp xuân quy.,踏青花外插春歸。
"Vô đoan xán xán y thường tử,",無端粲粲依裳子，
Vọng trục hành trần tiếp chủng đê.,望逐行塵接踵低。
"Tiêu tiêu bồng mấn lão phong trần,",蕭蕭蓬鬢老風塵，
Ám lý thiên kinh vật hậu tân.,暗裡偏驚物候新。
"Trì thảo vị lan thiên lý mộng,",池草未闌千里夢，
Đình mai dĩ hoán nhất niên xuân.,庭梅已換一年春。
"Anh hùng tâm sự hoang trì sính,",英雄心事荒馳騁，
Danh lợi doanh trường luỵ tiếu tần.,名利營場累笑顰。
"Nhân tự tiêu điều xuân tự hảo,",人自蕭條春自好，
Đoàn Thành thành hạ nhất triêm cân.,團城城下一沾巾。
"Tam nguyệt thông thông hốt phá trừ,",三月匆匆忽破除，
Thiều quang nhập nhãn cánh vô dư.,韶光入眼更無餘。
"U lan sổ điểm chân tri kỷ,",幽蘭數點真知己，
Thời điểu nhất thanh như khởi dư.,時鳥一聲如起余。
"Đạm đạm trì đường phong quá hậu,",淡淡池塘風過後，
Dung dung viện lạc vũ tình sơ.,溶溶院落雨晴初。
"Hy kinh độc bãi tiêu dao lạc,",羲經讀罷逍遙樂，
Thắng tự Nam hoa nhất quyển thư.,勝似南華一卷書。
"Lục sơ kiều ngoại tức thiên san,",六初橋外即千山，
Tây vọng uy di chiếu khách nhan.,西望逶迤照客顏。
"Lao nhĩ sổ nghinh phục sổ tống,",勞爾數迎復數送，
Tự dư không vãng cánh không hoàn.,似余空往更空還。
"Hồng vân đỉnh đỉnh thông nam khuyết,",紅雲嵿嵿通南闕，
Thanh ải tằng tằng tế bắc quan.,青靄層層蔽北關。
"Nhược hướng sơn trung khuy tạo thiết,",若向山中窺造設，
Ngu Công đa tự vị tri nhàn.,愚公多自未知閒。
"Sinh vi nam tử yếu hy kỳ,",生為男子要希奇，
Khẳng hứa càn khôn tự chuyển di.,肯許乾坤自轉移。
"Ư bách niên trung tu hữu ngã,",於百年中須有我，
Khởi thiên tải hậu cánh vô thuỳ.,起千載後更無誰。
"Giang sơn tử hĩ sinh đồ nhuế,",江山死矣生圖汭，
Hiền thánh liêu nhiên tụng diệc si.,賢聖遼然誦亦癡。
"Nguyện trục trường phong Đông hải khứ,",願逐長風東海去，
Thiên trùng bạch lãng nhất tề phi.,千重白浪一齊飛。
"Tàn vân thặng thảo nhất ngâm ông,",殘雲剩草一吟翁，
Tuyệt thuỷ cùng sơn lộ cánh thông.,絕水窮山路更通。
"Quá hải địa kinh tam cấp lãng,",過海地驚三級浪，
Xuất quan thiên phản ngũ canh phong.,出關天返五更風。
"Văn chương mệnh tín sinh sơ định,",文章命信生初定，
Hành chỉ tâm tiên trước xứ không.,行止心先著處空。
"Vi vấn nam lai du hoạn giả,",爲問南來遊宦者，
Nhập thu tiêu sái kỷ nhân đồng.,入秋瀟灑幾人同。
"Nam quan nhi trập thập dư niên,",南冠而縶十餘年，
Ưu ác hồng triêm giáng tự nhiên.,優渥鴻霑降自然。
"Trạc phát nan thù tân vũ lộ,",擢髮難酬新雨露，
Hồi đầu khủng phụ cựu sơn xuyên.,囘頭恐負舊山川。
"Trung hồn tha nhật dư ân bổ,",忠魂他日餘恩補，
Khổ tiết như kim túc chí tuyền.,苦節如今宿志全。
"Hồng nhật phương thăng cao chúc chiếu,",紅日方升高爥照，
Khẳng giao ký bắc hữu đề quyên.,肯教冀北有啼鵑。
"Đương niên phù nghĩa xuất nam bang,",當年扶義出南邦，
Cảnh cảnh đan trung đối bỉ thương.,耿耿丹忠對彼蒼。
"Bất thị Văn Công đào Tấn nạn,",不是文公逃晉難，
Thứ cơ Vi Tử khái Ân vong.,庶幾微子慨殷亡。
"Cơ cầu vị mẫn tiên quân liệt,",箕裘未泯先君烈，
Giản sách ưng lưu hậu thế phương.,簡策應留後世芳。
"Hoàn hải xa thư hội đồng nhật,",寰海車書會同日，
Cố gia dao ký Việt sơn trường.,故家遙記越山長。
"Khách đồ phong tuyết tuế canh thâm,",客途風雪歲更深，
Trường hướng đan tiêu quải thốn tâm.,長向丹霄掛寸心。
"Loạn hậu giao du phi phục tích,",亂後交遊非復昔，
Thành trung lữ bạc đáo như câm!,城中旅泊到如今。
Tân sầu cổn cổn bằng thuỳ tống?,新愁滾滾憑誰送？
Vãng sự du du phó mộng tầm.,往事悠悠付夢尋。
"Tảo vãn hồi triều tương hảo vấn,",早晚迴朝將好問，
"Quỷ, Chương hà nhật hạ sinh cầm?",鬼章何日賀生擒？
"Nghệ Tổ đương sơ tuyết dạ trù,",藝祖當初雪夜籌，
Yên Sơn tiền hậu thập dư châu.,燕山前後十餘州。
"Bàng biên bất cấm tha nhân thuỵ,",傍邊不禁他人睡，
Cố nhưỡng nan tương tuế tệ thu.,故壤難將歲幣收。
Kim cổ phong quang vô thịnh vãn,今古風光無盛晚，
"Sóc nam sự cục điệt doanh thâu,",朔南事局迭盈輸。
"Nhàn khan duy hữu hành vân hảo,",閒看惟有行雲好，
Phi trạo thiên niên chỉ tự do.,飛罩千年祇自由。
"Do lai thuỷ mộc hữu căn nguyên,",猶來水木有根源，
Tổ khảo tinh thần tại tử tôn.,祖考精神在子孫。
"Khắc khổ cần lao kim tự cổ,",刻苦勤勞今自古，
Huân cao thế thảng một do tồn.,勳高世儻沒猶存。
"Tứ triêu hoa cổn thi thư trạch,",四朝華袞詩書宅，
Bách thế cơ cầu đạo nghĩa môn.,百世箕裘道義門。
"Nhất biện tâm hương kỳ thượng cách,",一瓣心香祈上格，
Minh minh hoặc khả tác trung hồn.,冥冥或可作忠魂。
"Nhân kiệt phiên giao địa diệc linh,",人傑翻教地亦靈，
Thần minh cố trạch lẫm như sinh.,神明故宅凜如生。
"Viên lâm vị cải truyền lai dị,",園林未改傳來異，
Kiếm mã hư trần nhạ dục minh.,劍馬虛陳訝欲鳴。
"Dữ cổ quốc hồn câu bất tử,",與古國魂俱不死，
Đại anh hùng xứ dã nan danh.,大英雄處也難名。
"Chi kim từ ngoại thiên hàng trúc,",祗今祠外千行竹，
Phong lý tiêu tiêu phá tặc thanh.,風裡蕭蕭破賊聲。
"Tương truyền thần tướng trụ chinh an,",相傳神將住征鞍，
Bách chiến phong sương thử nhất nhàn.,百戰風霜此一閒。
"Thanh dạ long quang dư hách trạc,",清夜龍光餘赫濯，
Bình nguyên mã tích ký gian nan.,平原馬跡記艱難。
"Cảnh quy không tịch hoa vô ngữ,",境歸空寂花無語，
Thạch tự u trầm hãn vị càn.,石自幽沉汗未乾。
"Tài thị anh hùng kinh qua địa,",纔是英雄經過地，
Linh thanh trường tịch trấn giang san.,靈聲長籍鎮江山。
"La Nham hải bạn thạch thôi ngôi,",羅巖海畔石崔嵬，
Thần nỗ hà niên khởi hoạ môi.,神弩何年起禍媒。
"Đạo xuất Diễn Châu vô cẩm nhục,",道出演州無錦褥，
Miếu tồn Mộ Dạ hữu kim bài.,廟存暮夜有金牌。
"Diểu mang thuỷ thượng văn tê khứ,",渺茫水上紋犀去，
Đoạn tục lâm biên khổng tước lai.,斷續林邊孔雀來。
"Ngoại sử hoang đường nan tận tín,",外史荒唐難盡信，
Xuất môn lặc mã trọng bồi hồi.,出門勒馬重徘徊。
