vi,cn
"Trùng môn tệ xuân tịch,",重門敝春夕，
Đăng chúc ái dư huy.,燈燭靄余煇。
"Tuý ngã bách tôn tửu,",醉我百尊酒，
Lưu liên dạ vị quy.,留連夜未歸。
"Trường Thành ẩm mã quật,",長城飲馬窟，
Ẩm mã mã hoàn kinh.,飲馬馬還驚。
"Ninh tri ô yết thuỷ,",寧知嗚咽水，
Do tác bảo đao minh.,猶作寶刀鳴。
"Kim nhật hoa tiền ẩm,",今日花前飲，
Cam tâm tuý sổ bôi.,甘心醉數杯。
Đãn sầu hoa hữu ngữ:,但愁花有語，
Bất vị lão nhân khai.,不為老人開。
"Ủng bị nghễ thuyền song,",擁被睨船窗，
Hành khách trùng hiểu phát.,行客重曉發。
"Giang biên tửu điếm ông,",江邊酒店翁，
Hàn tảo môn tiền tuyết.,寒掃門前雪。
"Tà nhật ỷ lâm chuyển,",斜日倚林轉，
Du vân cộng điểu hoàn.,遊雲共鳥還。
"Đông phong xuy thái cấp,",東風吹太急，
Lôi vũ bất ly san.,雷雨不離山。
"Lưu tô kết hợp hoan,",流蘇結合歡，
Tú bị song uyên ương.,繡被雙鴛鴦。
"Lang khứ hoàn hà nhật,",郎去還何日，
Thâm khuê dạ tự trường.,深閨夜自長。
"Xuất môn tống lang khứ,",出門送郎去，
Lang tâm bất khả trú.,郎心不可住。
"Nam bắc dị tiêu hồn,",南北易銷魂，
Độc ỷ tương tư thụ.,獨倚相思樹。
"Cổ khách bất tri sầu,",估客不知愁，
Đãn tuý tửu gia lâu.,但醉酒家樓。
"Nông tâm Lũng hạ thuỷ,",儂心隴下水，
Bi yết hà thời hưu.,悲咽何時休。
"Ấu nữ tài lục tuế,",幼女才六歲，
Vị tri xảo dữ chuyết.,未知巧與拙。
"Hướng dạ tại đường tiền,",向夜在堂前，
Học nhân bái tân nguyệt.,學人拜新月。
"Trường dạ bạch đầu ngâm,",長夜白頭吟，
Tân ty lý cố cầm.,新絲理故琴。
"Mạc tương nhất nhật ý,",莫將一日意，
Ngộ kết bách niên tâm.,誤結百年心。
"Bạch lộ há thu thuỷ,",白鷺下秋水，
Cô phi như truỵ sương.,孤飛如墜霜。
"Tâm nhàn thả vị khứ,",心閑且未去，
Độc lập sa châu bàng.,獨立沙洲旁。
"Bạch mã tử liên tiền,",白馬紫連錢，
Tê minh đơn khuyết tiền.,嘶鳴丹闕前。
"Văn kha tự điệp tiệp,",聞珂自蹀躞，
Bất yếu há kim tiên.,不要下金鞭。
"Thanh thiển bạch thạch than,",清淺白石灘，
Lục bồ hướng kham bả.,綠蒲向堪把。
"Gia trú thuỷ đông tây,",家住水東西，
Hoán sa minh nguyệt hạ.,浣紗明月下。
"Kỳ thạch phục lâm thuỷ,",跂石復臨水，
Lộng ba tình vị cực.,弄波情未極。
"Nhật há xuyên thượng hàn,",日下川上寒，
Phù vân đạm vô sắc.,浮雲澹無色。
"Thiếu niên đa hảo sự,",少年多好事，
Lãm bí hướng Tây Đô.,攬轡向西都。
"Tương phùng hiệp tà lộ,",相逢狹斜路，
Trú mã nghệ đương lô.,駐馬詣當壚。
"Giang sơn như hoạ xuất,",江山如畫出，
Nham chướng tự bình khai.,巖嶂似屛開。
"Tằng hướng tiên sư khẩu,",曾向先師口，
Kỷ kinh thôn thổ lai.,幾經呑吐來。
"Tố diện ỷ lan câu,",素面倚欄鉤，
Kiều thanh xuất ngoại đầu.,嬌聲出外頭。
"Nhược phi thị Chức Nữ,",若非是織女，
Hà đắc vấn Khiên Ngưu?,何得問牽牛。
"Bắc xá hồ thuỷ bắc,",北垞湖水北，
Tạp thụ ánh chu lan.,雜樹映朱闌。
"Uy dĩ nam xuyên thuỷ,",逶迤南川水，
Minh diệt thanh lâm đoan.,明滅青林端。
"Nam sơn bắc xá hạ,",南山北垞下，
Kết vũ lâm Y hồ.,結宇臨欹湖。
"Mỗi dục thái tiều khứ,",每欲採樵去，
Biển chu xuất cô bồ.,扁舟出孤蒲。
"Cự tỵ nghi sơn cát,",巨鼻宜山褐，
Bàng my nhập khổ ngâm.,龐眉入苦吟。
"Phi quân xướng nhạc phủ,",非君唱樂府，
Thuỳ thức oán thu thâm?,誰識怨秋深？
"Khai liêm kiến tân nguyệt,",開簾見新月，
Tức tiện há giai bái.,即便下階拜。
"Tế ngữ nhân bất văn,",細語人不聞，
Bắc phong xuy quần đái.,北風吹裙帶。
"Tị hiền sơ bãi tướng,",避賢初罷相，
Lạc thánh thả hàm bôi.,樂聖且銜杯。
"Vị vấn môn tiền khách,",為問門前客，
Kim triêu kỷ cá lai?,今朝幾個來?
"Khởi thị muội dung hoa,",豈是昧容華，
Khởi bất tri cơ chức.,豈不知機織。
"Tự thị sinh hàn môn,",自是生寒門，
Lương môi bất tương thức.,良媒不相識。
"Quái lai trang các bế,",怪來妝閣閉，
Triều há bất tương nghinh.,朝下不相迎。
"Tổng hướng xuân viên lý,",總向春園裏，
Hoa gian tiếu ngữ thanh.,花間笑語聲。
"Thương Ngô thiên tải hậu,",蒼梧千載後，
Ban trúc đối Tương Nguyên.,斑竹對湘沅。
"Dục thức Tương Phi oán,",欲識湘妃怨，
Chi chi mãn lệ ngân.,枝枝滿淚痕。
"Ba thuỷ cấp như tiễn,",巴水急如箭，
Ba thuyền khứ nhược phi.,巴船去若飛。
"Thập nguyệt tam thiên lý,",十月三千里，
Lang hành kỷ thì quy?,郎行幾時歸？
"Thanh bồ hàm tử nhung,",青蒲銜紫茸，
Trường diệp phục tòng phong.,長葉復從風。
"Dữ quân đồng chu khứ,",與君同舟去，
Bạt bồ Ngũ Hồ trung.,拔蒲五湖中。
"Triêu phát Quế Lan chử,",朝發桂蘭渚，
Trú tức tang du hạ.,晝息桑榆下。
"Dữ quân đồng bạt bồ,",與君同拔蒲，
Cánh nhật bất thành bả.,竟日不成把。
"Bất giác nữ đầu bạch,",不覺女頭白，
Báo nhĩ tác giả thức.,報你作者識。
"Nhược vấn Phật cảnh giới,",若問佛境界，
Long môn tao điểm ngạch.,龍門遭點額。
"Lục vân đương song phiên,",綠雲當窗翻，
Thanh âm mãn lang vũ.,清音滿廊廡。
"Phong vũ tống thu hàn,",風雨送秋寒，
Trung tâm bất ngôn khổ.,中心不言苦。
"Công cái tam phân quốc,",功蓋三分國，
Danh thành Bát trận đồ.,名成八陣圖。
"Giang lưu thạch bất chuyển,",江流石不轉，
Di hận thất thôn Ngô.,遺恨失吞吳。
"Cửu bệnh vô nhân vấn,",久病無人問，
Sơn gian hữu Phật y.,山間有佛醫。
"Nhàn giai ngoa ảnh bạn,",閑階靴影畔，
Hướng noãn hạ sàng trì.,向暖下床遲。
"Hương đăng bạn tàn mộng,",香燈伴殘夢，
Sở quốc tại thiên nhai.,楚國在天涯。
"Nguyệt lạc tử quy yết,",月落子規歇，
Mãn đình sơn hạnh hoa.,滿庭山杏花。
"Bích Giản tuyền thuỷ thanh,",碧澗泉水清，
Hàn sơn nguyệt hoa bạch.,寒山月華白。
"Mặc tri thần tự minh,",默知神自明，
Quán không cảnh du tịch.,觀空境逾寂。
"Đông Lâm tống khách xứ,",東林送客處，
Nguyệt xuất bạch viên đề.,月出白猿啼。
"Tiếu biệt Lư sơn viễn,",笑別盧山遠，
Hà phiền quá Hổ khê.,何煩過虎溪。
"Biệt ly vô viễn cận,",別離無遠近，
Lâm lão cấm sầu nan.,臨老禁愁難。
"Dục khứ cánh hồi thủ,",欲去更回首，
Xuyên nguyên tăng mộ hàn.,川原增暮寒。
"Tri hữu tiền kì tại,",知有前期在，
Nan phân thử dạ trung.,難分此夜中。
"Vô tướng cố nhân tửu,",無將故人酒，
Bất cập Thạch Vưu phong.,不及石尤風。
"Giang thượng phong yên tích,",江上風煙積，
Sơn u vân vụ đa.,山幽雲霧多。
"Tống quân Nam Phố ngoại,",送君南浦外，
Hoàn vọng tương như hà!,還望將如何。
"Tống biệt đáo trung lưu,",送別到中流，
Thu thuyền ỷ độ đầu.,秋船倚渡頭。
"Tương khan thượng bất viễn,",相看尚不遠，
Vị khả tức hồi chu.,未可即回舟。
"Uý đồ phương vạn lý,",畏途方萬里，
Sinh nhai cận bách niên.,生涯近百年。
"Bất tri tương bạch thủ,",不知將白首，
Hà xứ nhập hoàng tuyền.,何處入黃泉？
"Tam tải vi ngô quận,",三載為吳郡，
Lâm kì tổ trướng khai.,臨岐祖帳開。
"Tuy phi tạ kiệt hiệt,",雖非謝桀黠，
Thả vi nhất bùi hồi.,且為一裴回。
"Lưu thuỷ xương môn ngoại,",流水閶門外，
Thu phong xuy liễu điều.,秋風吹柳條。
"Tòng lai tống khách xứ,",從來送客處，
Kim nhật tự hồn tiêu.,今日自魂銷。
"Sơn nguyệt hiểu nhưng tại,",山月曉仍在，
Lâm phong lương bất tuyệt.,林風涼不絕。
"Ân cần như hữu tình,",殷勤如有情，
Trù trướng lệnh nhân biệt.,惆悵令人別。
"Y trì động xa mã,",依遲動車馬，
Trù trướng xuất tùng la.,惆悵出松蘿。
"Nhẫn biệt thanh sơn khứ,",忍別青山去，
Kỳ như lục thuỷ hà.,其如綠水何。
"Diểu diểu thú yên cô,",渺渺戍煙孤，
Mang mang tái thảo khô.,茫茫塞草枯。
"Lũng đầu na dụng bế,",隴頭那用閉，
Vạn lý bất phòng Hồ.,萬里不防胡。
"Tuyệt mạc đại quân hoàn,",絕漠大軍還，
Bình sa độc thú nhàn.,平沙獨戍閒。
"Không lưu nhất phiến thạch,",空留一片石，
Vạn cổ tại Yên san.,萬古在燕山。
"Khoát khai thanh minh điên,",豁開青冥顛，
Tả xuất vạn trượng tuyền.,寫出萬丈泉。
"Như tài nhất điều tố,",如裁一條素，
Bạch nhật huyền thu thiên.,白日懸秋天。
"Tấn bộc lạc nguy tằng,",迅瀑落危層，
Lãnh thanh văn hoàn hác.,冷聲聞還壑。
"Tiêm tiêm nhất điểm trần,",纖纖一點塵，
Vô xứ khả thê bạc.,無處可栖泊。
"Sản khước Quân sơn hảo,",剗却君山好，
Bình phô Tương thuỷ lưu.,平铺湘水流。
"Ba Lăng vô hạn tửu,",巴陵无限酒，
Tuý sát Động Đình thu.,醉杀洞庭秋。
"Tạc phá thương đài địa,",鑿破蒼苔地，
Thâu tha nhất phiến thiên.,偷他一片天。
"Bạch vân sinh kính lý,",白雲生鏡裏，
Minh nguyệt lạc giai tiền.,明月落階前。
"Bách chiến vị ngôn phi,",百戰未言非，
Cô quân kinh dạ vi.,孤軍驚夜圍。
"Sơn hà ý khí tận,",山河意氣盡，
Lệ thấp mỹ nhân y.,淚濕美人衣。
"Cầm điệu thu ta,",琴調秋些，
Hồ phong nhiễu tuyết.,胡風繞雪。
"Giáp tuyền thanh yến,",峽泉聲嚥，
Giai nhân sầu ta.,佳人愁些。
"Đại hải ba đào thiển,",大海波濤淺，
Tiểu nhân phương thốn thâm.,小人方寸深。
"Hải khô chung kiến để,",海枯終見底，
Nhân tử bất tri tâm.,人死不知心。
"Môn nghiêm cửu trùng tĩnh,",門嚴九重靜，
Song u nhất thất nhàn.,窗幽一室閑。
"Hảo thị tu tâm xứ,",好是修心處，
Hà tất tại thâm sơn.,何必在深山。
"Tình thiểu xuân quang thiển,",晴少春光淺，
Hàn đa tửu lực vi.,寒多酒力微。
"Nhất thanh sơn giá quá,",一聲山鷓過，
Sổ điểm hải đường phi.,數點海棠飛。
"Bán hủ lâm phong thụ,",半朽臨風樹，
Đa tình lập mã nhân.,多情立馬人。
"Khai Nguyên nhất châu liễu,",開元一株柳，
Trường Khánh nhị niên xuân.,長慶二年春。
"Cẩn hoa bất kiến tịch,",槿花不見夕，
Nhất nhật nhất hồi tân.,一日一回新。
"Đông phong xuy đào lý,",東風吹桃李，
Tu đáo minh niên xuân.,須到明年春。
"Hàn mặc ngô nho sự,",翰墨吾儒事，
Công danh thiếu tráng thì.,功名少壯時。
"Gia thanh khán nhữ bối,",家聲看汝輩，
Vật vị thượng hài nhi.,勿謂尚孩兒。
"Chỉ kê giao nha đường,",只雞膠牙糖，
Điển y cung biện hương.,典衣供瓣香。
"Gia trung vô trưởng vật,",家中無長物，
Khởi độc thiểu hoàng dương.,豈獨少黃羊。
"Đàn loan ánh không khúc,",檀欒映空曲，
Thanh thuý dạng liên y.,青翠漾漣漪。
"Ám nhập Thương Sơn lộ,",暗入商山路，
Tiều nhân bất khả tri.,樵人不可知。
"Minh lưu hu thả trực,",明流紆且直，
Lục tiểu mật phục thâm.,綠筱密復深。
"Nhất kính thông sơn lộ,",一徑通山路，
Hành ca vọng cựu sầm.,行歌望舊岑。
"Hoa tương nhân cộng tiếu,",花將人共笑，
Ly ngoại lộ phồn chi.,籬外露繁枝。
"Tống Ngọc Lâm Giang trạch,",宋玉臨江宅，
Tường đê bất ngại khuy.,牆低不礙窺。
"Viễn thiên minh nguyệt xuất,",遠天明月出，
Chiếu thử thuỳ gia lâu?,照此誰家樓？
"Thượng hữu mộng y thường,",上有夢衣裳，
Lương phong xuy bất sầu.,涼風吹不愁。
"Bản lai vô xứ sở,",本來無處所，
Xứ sở thị chân tông.,處所是真宗。
"Chân tông như thị huyễn,",真宗如是幻，
Huyễn hữu tức không không.,幻有即空空。
Tuyệt hảo chiên đàn thụ,絕好栴檀樹
Phồn hương quýnh bất quần,繁香迥不群
Hận cừ thiên tính biệt,恨渠天性別
Chỉ tại nghịch phong văn.,只在逆風聞
"Tiểu khạp nhị thăng tửu,",小榼二升酒，
Tân điệm lục xích sàng.,新簟六尺床。
"Năng lai dạ thoại bất,",能來夜話吥，
Trì bạn dục thu lương.,池畔欲秋涼。
"Túc tích thanh vân chí,",宿昔青雲志，
Tha đà bạch phát niên.,蹉跎白髮年。
"Thuỳ tri minh kính lý,",誰知明鏡裏，
Hình ảnh tự tương liên.,形影自相憐。
"Hán đạo phương toàn thịnh,",漢道方全盛，
Triêu đình túc vũ thần.,朝廷足武臣。
"Hà tu bạc mệnh thiếp,",何須薄命妾，
Tân khổ sự hoà thân.,辛苦事和親。
"Yểm lệ từ Đan Phong,",掩淚辭丹風，
Hàm bi hướng Bạch Long.,銜悲向白龍。
"Thiền Vu lãng kinh hỉ,",單于浪驚喜，
Vô phục cựu thì dung.,無復舊時容。
"Hồ địa vô hoa thảo,",胡地無花草，
Xuân lai bất tự xuân.,春來不似春。
"Tự lai y đới hoãn,",自來衣帶緩，
Phi thị vị yêu thân.,非是為腰身。
"Sơn trung hà sở hữu,",山中何所有，
Lĩnh thượng đa bạch vân.,嶺上多白雲。
"Chỉ khả tự di duyệt,",只可自怡悅，
Bất kham trì ký quân.,不堪持寄君。
"Khả thán đình cơ đức,",可嘆停機德，
Kham liên vịnh nhứ tài!,堪憐詠絮才！
"Ngọc đới lâm trung quải,",玉帶林中掛，
Kim trâm tuyết lý mai.,金簪雪裏埋。
"Dục khiết hà tằng khiết,",欲潔何曾潔，
Vân không vị tất không;,云空未必空；
"Khả liên kim ngọc chất,",可憐金玉質，
Chung hãm náo nê trung.,終陷淖泥中。
"Tử hệ Trung sơn lang,",子系中山狼，
Đắc chí tiện xương cuồng;,得志便猖狂；
"Kim khuê hoa liễu chất,",金閨花柳質，
Nhất tái phó hoàng lương.,一載赴黃粱。
"Thế bại hưu vân quý,",勢敗休云貴，
Gia vong mạc luận thân;,家亡莫論親；
"Ngẫu nhân tế thôn phụ,",偶因濟村婦，
Xảo đắc ngộ ân nhân.,巧得遇恩人。
"Tiều tuỵ phùng tân tuế,",憔悴逢新歲，
Phương phi kiến dương xuân.,芳菲見陽春。
"Triêu lai minh kính lý,",朝來明鏡裏，
Bất nhẫn bạch đầu nhân.,不忍白頭人。
"Tuế khứ sầu chung tại,",歲去愁終在，
Xuân hoàn mệnh bất lai.,春還命不來。
"Trường hu vấn thừa tướng,",長吁問丞相，
Đông các kỷ thì khai?,東閣幾時開？
"Sinh tử mạc phi mệnh,",生死莫非命，
Như hà nộ sinh giả.,如何怒生者。
"Ô hô nương bất tại,",嗚呼娘不在，
Thuỳ năng phục tín ngã.,誰能復信我。
"Nguyệt hắc kiến ngư đăng,",月黑見漁燈，
Cô quang nhất điểm huỳnh.,孤光一點螢。
"Vi vi phong thốc lãng,",微微風簇浪，
Tản tác mãn hà tinh.,散作滿河星。
"Phá hiểu sổ thanh địch,",破曉數聲笛，
Lăng ba nhất diệp chu.,凌波一葉舟。
"Trạo ca tương gián phát,",掉歌相間發，
Yên thủy diểu tiền châu.,煙水渺前州。
"Chung Nam âm lĩnh tú,",終南陰嶺秀，
Tích tuyết phù vân đoan.,積雪浮雲端。
"Lâm biểu minh tễ sắc,",林表明霽色，
Thành trung tăng mộ hàn.,城中增暮寒。
"Lâm hác tiền duyên hữu,",林壑前緣有，
Thanh sơn nhận tích nhân.,青山認昔人。
"Thử thìn sơ thức diện,",此辰初識面，
Tha nhật dĩ tương thân.,他日已相親。
"Chu trung vọng nhật xuất,",舟中望日出，
Nhật xuất viễn sơn đông.,日出遠山東。
"Sơn đông huyền hoả kính,",山東懸火鏡，
Hoả kính chiếu chu trung.,火鏡照舟中。
"Khai quyển lương âm hạ,",開卷涼陰下，
Dung quang chiếu nguyệt minh.,容光照月明。
"Tĩnh trung tâm dị động,",靜中心易動，
Lạc diệp tác thu thanh.,落葉作秋聲。
"Hoang điền nhất phiến thạch,",荒田一片石，
Văn tự mãn thanh đài.,文字滿青苔。
"Bất thị phùng nhàn khách,",不是逢閑客，
Hà nhân khẳng độc lai.,何人肯讀來。
"Dục biệt khiên lang y,",欲別牽郎衣，
Lang kim đáo hà xứ.,郎今到何處。
"Bất hận quy lai trì,",不恨歸來遲，
Mạc hướng Lâm Cùng khứ.,莫向臨邛去。
"Khô đồng thuỳ sở chế,",枯桐誰所製，
Uyển kiến thái cổ tâm.,宛見太古心。
"Du du đình tử ngoại,",悠悠亭子外，
Sơn thuỷ tự tri âm.,山水自知音。
"Phá lạc cổ quan thành,",破落古關城，
Do năng ách đế kinh.,猶能扼帝京。
"Kim triêu hành khách quá,",今朝行客過，
Bất đãi hiểu kê minh.,不待曉雞鳴。
"Liêu lạc cố hành cung,",寥落故行宮，
Cung hoa tịch mịch hồng.,宮花寂寞紅。
"Bạch đầu cung nữ tại,",白頭宮女在，
Nhàn toạ thuyết Huyền Tông.,閑坐說玄宗。
"Cổ hữu “Thiên văn” nghĩa,",古有千文義，
Tu tri hậu học thông.,須知後學通。
"Thánh hiền câu gian xuất,",聖賢俱間出，
Dĩ thử phát mông đồng.,以此發矇童。
"Hữu tín sác ký thư,",有信數寄書，
Vô tín tâm tương ức.,無信心相憶。
"Mạc tác bình lạc tỉnh,",莫作瓶落井，
Nhất khứ vô tiêu tức.,一去無消息。
"Xuân chủng nhất lạp túc,",春種一粒粟，
Thu thâu vạn khoả tử.,秋收萬顆子。
"Tứ hải vô nhàn điền,",四海無閑田，
Nông phu do ngã tử.,農夫猶餓死。
"Sừ hoà nhật đương ngọ,",鋤禾日當午，
Hãn trích hoà hạ thổ.,汗滴禾下土。
"Thuỳ tri bàn trung xan,",誰知盤中餐，
Lạp lạp giai tân khổ.,粒粒皆辛苦。
"Cổ thụ xuân phong nhập,",古樹春風入，
Dương hoà lực thái trì.,陽和力太遲。
"Mạc ngôn sinh ý tận,",莫言生意盡，
Cánh dẫn vạn niên chi.,更引萬年枝。
"Nhất hợp tương tư lệ,",一合相思淚，
Lâm giang sái tố thu.,臨江灑素秋。
"Bích ba như hội ý,",碧波如會意，
Khước dữ hướng tây lưu.,卻與向西流。
"Hà diệp lục như cái,",荷葉綠如蓋，
Hà hoa hồng tự nhan.,荷花紅似顏。
"Tư quân vị đắc kiến,",思君未得見，
Trì thượng không bàn hoàn.,池上空盤桓。
"Tịnh tảo hoàng kim giai,",淨掃黃金階，
Phi sương hạo như tuyết.,飛霜皎如雪。
"Hạ liêm đàn không hầu,",下簾彈箜篌，
Bất nhẫn kiến thu nguyệt.,不忍見秋月。
"Hà biên Chức Nữ tinh,",河邊織女星，
Hà bạn khiên Ngưu Lang.,河畔牽牛郎。
"Vị đắc độ thanh thiển,",未得渡清淺，
Tương đối dao tương vọng.,相對遙相望。
"Tạc dạ Vu sơn trung,",昨夜巫山中，
Thất khước Dương Đài nữ.,失卻陽台女。
"Triêu lai hương các lý,",朝來香閣裏，
Độc bạn Sở vương ngữ.,獨伴楚王語。
"Đông sơn minh nguyệt xuất,",東山明月出，
Lâu thượng chính bồi hồi.,楼上正徘徊。
"Tư quân quân bất kiến,",思君君不見，
Cầm tửu vi thuỳ huề.,琴酒為誰携。
Chúng huỷ toàn tiêu lạc,眾卉全蕭落，
Phương tùng độc phát huy,芳叢獨發揮。
Trinh tâm sương cộng bạch,貞心霜共白，
Cao dữ nguyệt vi kỳ,高與月爲期。
"Cúc hoa như chí sĩ,",菊花如志士，
Quá thì hữu dư hương.,過時有餘香。
"Xán xán tư tịch hợp,",粲粲滋夕合，
Anh anh ngạo thần sương.,英英傲晨霜。
"Ải địa quan môn ủng,",隘地關門擁，
Sơn lâu cổ giốc truyền.,山樓鼓角傳。
"Trường phong xuy bất yết,",長風吹不歇，
Tái thảo tự niên niên.,塞草自年年。
"Cung điện thiều nghiêu tủng,",宮殿岧嶢聳，
Nhai cù cạnh vật hoa.,街衢競物華。
"Phong vân kim tế hội,",風雲今際會，
Thiên cổ đế vương gia.,千古帝王家。
"Trắc kính âm cung hoè,",仄徑蔭宮槐，
U âm đa lục đài.,幽陰多綠苔。
"Ưng môn đãn nghinh tảo,",應門但迎掃，
Uý hữu sơn tăng lai.,畏有山僧來。
"Môn tiền cung hoè mạch,",門前宮槐陌，
Thị hướng Y hồ đạo.,是向欹湖道。
"Thu lai sơn vũ đa,",秋來山雨多，
Lạc nhật vô nhân tảo.,落日無人掃。
"Mã tê bạch nhật mộ,",馬嘶白日暮，
Kiếm minh thu khí lai.,劍鳴秋氣來。
"Ngã tâm hạo vô tế,",我心浩無際，
Hà thượng không bồi hồi.,河上空徘徊。
"Liễn lộ sinh thu thảo,",輦路生秋草，
Thượng Lâm hoa mãn chi.,上林花滿枝。
"Bằng cao hà hạn ý,",憑高何限意，
Vô phục thị thần tri.,無復侍臣知。
"Thiên địa tiếp thanh thu,",天地接清秋，
Cử mục giang sơn sắc.,舉目江山色。
"Lâm hành vô tha ngôn,",臨行無他言，
Cửu tự tín tương đắc.,久自信相得。
"Cửu hạn phùng cam vũ,",久旱逢甘雨，
Tha hương ngộ cố tri.,他鄉遇故知。
"Động phòng hoa chúc dạ,",洞房花燭夜，
Kim bảng đề danh thì.,金榜題名時。
"Tạc nhật đăng cao bãi,",昨日登高罷，
Kim triêu cánh cử thương.,今朝更舉觴。
"Cúc hoa hà thái khổ,",菊花何太苦，
Tao thử lưỡng trùng dương.,遭此兩重陽。
"Cửu nhật trùng dương tiết,",九日重陽節，
Khai môn hữu cúc hoa.,開門有菊花。
"Bất tri lai tống tửu,",不知來送酒，
Nhược cá thị Đào gia.,若個是陶家。
"Tha hương phùng tố tiết,",他鄉逢素節，
Hà xứ mịch hoàng hoa.,何處覔黄花。
"Bạch phát đăng cao lãn,",白髪登髙嬾，
Tương tiền hướng tửu gia.,將錢向酒家。
"Cửu nhật sơn tăng viện,",九日山僧院，
Đông ly cúc dã hoàng.,東籬菊也黃。
"Tục nhân đa phiếm tửu,",俗人多泛酒，
Thuỳ giải trợ trà hương.,誰解助茶香。
"Vi khách tài ô mạo,",為客裁烏帽，
Tòng nhi cụ lục tôn.,從兒具綠尊。
"Giai thần đối quần đạo,",佳辰對群盜，
Sầu tuyệt cánh thuỳ luân.,愁絕更誰論。
"Cửu nhật Long sơn ẩm,",九日龍山飲，
Hoàng hoa tiếu trục thần.,黃花笑逐臣。
"Tuý khan phong lạc mạo,",醉看風落帽，
Vũ ái nguyệt lưu nhân.,舞愛月留人。
"Nhất vi Ngô quận thú,",一為吳郡守，
Bất giác cúc hoa khai.,不覺菊花開。
"Thuỷ hữu cố viên tứ,",始有故園思，
Thả hỉ chúng tân lai.,且喜眾賓來。
"Dã áp song song một,",野鴨雙雙沒，
Khinh âu lưỡng lưỡng phù.,輕鷗兩兩浮。
"Nhân sinh diệc như thử,",人生亦如此，
Na hữu biệt ly sầu.,那有別離愁。
"Cấp vũ xạ thương bích,",急雨射蒼壁，
Tiễn lâm khiêu vạn châu.,濺林蹺萬珠。
"San căn thuỷ ủng hác,",山根水壅壑，
Man khiếu nhược chú hồ.,漫竅若注壺。
"Thuyền há Quảng Lăng khứ,",船下廣陵去，
Nguyệt minh Chinh Lỗ đình.,月明征虜亭。
"Sơn hoa như tú giáp,",山花如繡頰，
Giang hoả tự lưu huỳnh.,江火似流螢。
"Vũ quá vân sơn bích,",雨過雲山碧，
Lâm u khê thuỷ thanh.,林幽溪水清。
"Đoạn kiều hành khách thiểu,",斷橋行客少，
Thì hữu dã kê thanh.,時有野鷄聲。
"Bạch nhật bất đáo xứ,",白日不到處，
Thanh xuân cáp tự lai.,青春恰自來。
"Đài hoa như mễ tiểu,",苔花如米小，
Diệc học mẫu đơn khai.,亦學牡丹開。
"Đế đức càn khôn đại,",帝德乾坤大，
Uy thanh tĩnh bát diên.,威聲靜八埏。
"U âm mông huệ trạch,",幽陰蒙惠澤，
Ưu ốc bái Xung thiên.,優渥拜沖天。
"Vạn biệt thiên sai sự,",萬別千差事，
Giai tòng vọng tưởng sinh.,皆從妄想生。
"Nhược ly thử phân biệt,",若離此分別，
Hà vật bất tề bình.,何物不齊平。
"Đại tỉ nhân tự cử,",大比因自舉，
Hương thư dĩ loại thăng.,鄉書以類升。
"Danh đề tiên quế tịch,",名題仙桂籍，
Thiên phủ khoái tiên đăng.,天府快先登。
"Tế vũ mai tiền lộ,",細雨埋前路，
Phi hoa đoạn dã kiều.,飛花斷野橋。
"Tiểu đồng thoa lạp túc,",小童簑笠宿，
Cô đĩnh cách khê chiêu.,孤艇隔鸂招。
"Tận nhật hành hải biên,",盡日行海邊，
Đào phong hám thụ truỵ.,濤風撼樹墜。
"Dạ lai thôi chẩm văn,",夜來推枕聞，
Thị đào thị vũ chí.,是濤是雨至。
"Linh linh thất huyền thượng,",泠泠七絃上，
Tĩnh thính tùng phong hàn.,靜聽松風寒。
"Cổ điệu tuy tự ái,",古調雖自愛，
Kim nhân đa bất đàn.,今人多不彈。
"Bát thiên dư lý khách,",八千餘里客，
Nhị thập tứ kiều thu.,二十四橋秋。
"Dị quốc phùng giai cảnh,",異國逢佳景，
Mang trung cưỡng ỷ lâu.,忙中彊倚樓。
"Thao thao đại giang thuỷ,",滔滔大江水，
Thiên địa tương chung thuỷ.,天地相終始。
"Kinh duyệt kỷ thế nhân,",經閱幾世人，
Phục thán thuỳ gia tử?,復嘆誰家子？
"Đông vọng hà du du,",東望何悠悠，
Tây lai trú dạ lưu.,西來晝夜流。
"Tuế nguyệt ký như thử,",歲月既如此，
Vị tâm na bất sầu?,為心那不愁？
"Tư lâu nhật đăng diểu,",茲樓日登眺，
Lưu tuế ám tha đà.,流歲暗蹉跎。
"Toạ yếm Hoài Nam tự,",坐厭淮南寺，
Thu sơn hồng thụ đa.,秋山紅樹多。
"Hoang sơn thu nhật ngọ,",荒山秋日午，
Độc thướng ý du du.,獨上意悠悠。
"Như hà vọng hương xứ,",如何望鄉處，
Tây bắc thị Dung Châu.,西北是融州。
"Bạch nhật y sơn tận,",白日依山盡，
Hoàng Hà nhập hải lưu.,黃河入海流。
"Dục cùng thiên lý mục,",欲窮千里目，
Cánh thướng nhất tằng lâu.,更上一層樓。
"Vật ngoại sơn xuyên cận,",物外山川近，
Tình sơ cảnh ái tân.,晴初景靄新。
"Phương giao hoa liễu biến,",芳郊花柳遍，
Hà xứ bất nghi xuân?,何處不宜春。
"Đào Diệp phục Đào Diệp,",桃葉復桃葉，
Độ giang bất dụng tiếp.,渡江不用楫。
"Đãn độ vô sở khổ,",但渡無所苦，
Ngã tự nghinh tiếp nhữ.,我自迎接汝。
"Đào tận môn tiền thổ,",陶盡門前土，
Ốc thượng vô phiến ngoã.,屋上無片瓦。
"Thập chỉ bất triêm nê,",十指不沾泥，
Lân lân cư đại hạ.,鱗鱗居大廈。
"Nhất giản nhập thương yên,",一澗入蒼煙，
Thiên hoa nhiễu giản biên.,千花繞澗邊。
"Hoa khai dữ hoa lạc,",花開與花落，
Lưu thuỷ tống lưu niên.,流水送流年。
"Lộ viễn vô tận đầu,",路遠無盡頭，
Cổ kim trường quy khứ.,古今長歸去。
"Kim nhân vị khẳng hưu,",今人未肯休，
Cổ nhân tại hà xứ.,古人在何處。
"Miểu miểu hàn lưu quảng,",淼淼寒流廣，
Thương thương thu vũ hối.,蒼蒼秋雨晦。
"Quân vấn Chung Nam sơn,",君問終南山，
Tâm tri bạch vân ngoại.,心知白雲外。
"Tùng diệp kham vi tửu,",松葉堪為酒，
Xuân lai nhưỡng kỷ đa.,春來釀幾多。
"Bất từ sơn lộ viễn,",不辭山路遠，
Đạp tuyết dã tương qua.,踏雪也相過。
"Lâm trung quan Dịch bãi,",林中觀易罷，
Khê thượng đối âu nhàn.,溪上對鷗閒。
"Sở tục nhiêu từ khách,",楚俗饒詞客，
Hà nhân tối vãng hoàn?,何人最往還。
"Pháp bản như vô pháp,",法本如無法，
Phi hữu diệc phi không.,非有亦非空。
"Nhược nhân tri thử pháp,",若人知此法，
Chúng sinh dữ Phật đồng.,眾生與佛同。
"Tịch tịch Lăng Già nguyệt,",寂寂棱伽月，
Không không độ hải chu,空空渡海舟。
"Tri không, không giác hữu,",知空空覺有，
Tam muội nhậm thông chu.,三昧任通週。
"Quốc tộ như đằng lạc,",國祚如藤絡，
Nam thiên lý thái bình.,南天裏太平。
"Vô vi cư điện các,",無為居殿閣，
Xứ xứ tức đao binh.,處處息刀兵。
"Ná tự Hứa Do đức,",那似許由德，
Hà tri thế kỷ xuân?,何知世幾春。
"Vô vi cư khoáng dã,",無為居曠野，
Tiêu dao tự tại nhân.,逍遙自在人。
"Thượng uyển xuân tiên nhập,",上苑春先入，
Viên trung hoa tận khai.,園中花盡開。
"Duy dư u kính thảo,",唯餘幽徑草，
Thượng đãi nhật quang thôi.,尚待日光催。
"Vũ hậu quá huề nhuận,",雨後過畦潤，
Hoa tàn bộ kịch trì.,花殘步屐遲。
"Bả văn kinh Tiểu Lục,",把文驚小陸，
Hiếu khách kiến đương thì.,好客見當時。
"Trượng kiếm hành thiên lý,",仗劍行千里，
Vi khu cảm nhất ngôn.,微軀敢一言。
"Tằng vi Đại Lương khách,",曾為大梁客，
Bất phụ Tín Lăng ân.,不負信陵恩。
"Kinh Môn liên dã nhạn,",荊門怜野雁，
Tương thuỷ đoạn phi hồng.,湘水斷飛鴻。
"Tri kỷ như tương ức,",知己如相憶，
Nam Hồ nhất phiến phong.,南湖一片風。
"Khứ mã tê xuân thảo,",去馬嘶春草，
Quy nhân lập tịch dương.,歸人立夕陽。
"Nguyên tri sổ nhật biệt,",元知數日別，
Yếu sử lưỡng tình thương.,要使兩情傷。
"Thạch đài ưng khả tiễn,",石苔應可踐，
Tùng chi hạnh dị phan.,叢枝幸易攀。
"Thanh khê quy lộ trực,",清溪歸路直，
Thừa nguyệt dạ ca hoàn.,乘月夜歌還。
"Đa thiểu Thiên Thai nhân,",多少天台人，
Bất thức Hàn Sơn tử.,不識寒山子。
"Mạc tri chân ý độ,",莫知真意度，
Hoán tác nhàn ngôn ngữ.,喚作閒言語。
"Ngâm phong tùng sắt sắt,",吟風松瑟瑟，
Lạc thạch thuỷ sàn sàn.,落石水潺潺。
"Huống phục tàn nguyệt hiểu,",況復殘月曉，
Tử quy thanh Khiếu sơn.,子規淸叫山。
Triệu thị liên thành bích,趙氏連城璧，
Do lai thiên hạ truyền,由來天下傳。
Tống quân hoàn cựu phủ,送君還舊府，
Minh nguyệt mãn tiền xuyên.,明月滿前川。
"Nguy lâu cao bách xích,",危樓高百尺，
Thủ khả trích tinh thần.,手可摘星辰。
"Bất cảm cao thanh ngữ,",不敢高聲語，
Khủng kinh thiên thượng nhân.,恐驚天上人。
"Dĩ nhạ khâm chẩm lãnh,",已訝衾枕冷，
Phục kiến song hộ minh.,復見窗戶明。
"Dạ thâm tri tuyết trọng,",夜深知雪重，
Thì văn chiết trúc thanh.,時聞折竹聲。
"Tảo cung đề phục yết,",早蛩啼復歇，
Tàn đăng diệt hựu minh.,殘燈滅又明。
"Cách song tri dạ vũ,",隔窗知夜雨，
Ba tiêu tiên hữu thanh.,芭蕉先有聲。
"Tịch mịch tân văn uyển,",寂寞新文苑，
Bình an cựu chiến trường.,平安舊戰場。
"Lưỡng gian dư nhất tốt,",兩間餘一卒，
Hà kích độc bàng hoàng.,荷戟獨徬徨。
"Thử địa tằng cư trú,",此地曾居住，
Kim lai uyển tự quy.,今來宛似歸。
"Khả liên phần thượng liễu,",可憐汾上柳，
Tương kiến dã y y.,相見也依依。
"Thế số nhất tức mặc,",世數一息墨，
Thời tình lưỡng hải ngân.,時情兩海銀。
"Ma cung hồn quản thậm,",魔宮渾管甚，
Phật quốc bất thăng xuân.,佛國不勝春。
"Thâu ngô bán nhật nhàn,",偷吾半日閑，
Tạm tác tam gia khách.,暫作三家客。
"Vô hạn ỷ lan tâm,",無限倚欄心，
Thiên cao sơn ngoại bích.,天高山外碧。
"Tây đăng Đồng Tử tự,",西登童子寺，
Đông vọng Tấn Dương thành.,東望晉陽城。
"Kim xuyên thiên điểm lục,",金川千點淥，
Phần thuỷ nhất điều thanh.,汾水一條清。
"Thử động chân chính hảo,",此洞真正好，
Thắng tỷ Thất Tinh nham.,勝比七星岩。
"Việt nhân đáo thử xứ,",越人到此處，
Mạc bất tâm khai nhan.,莫不心開顏。
"Lạc hoa song thụ tích,",落花雙樹積，
Phương thảo nhất đình xuân.,芳草一庭春。
"Ngoạn chi kham hứng tận,",玩之堪興盡，
Hà tất kiến u nhân.,何必見幽人。
"Vãn nhập ưng chân lý,",晚入應真理，
Kinh hành thượng vị hồi.,經行尚未回。
"Phòng trung vô tục vật,",房中無俗物，
Lâm hạ hữu thanh đài.,林下有青苔。
"Thôn lạc vãn tình thiên,",村落晚晴天，
Đào hoa ánh thuỷ tiên.,桃花映水鮮。
Mục đồng hà xứ khứ?,牧童何處去，
Ngưu bối nhất âu miên.,牛背一鷗眠。
"Nhất nhập thâm cung lý,",一入深宮裏，
Vô do đắc kiến xuân.,無由得見春。
"Đề thi hoa diệp thượng,",題詩花葉上，
Ký dữ tiếp lưu nhân.,寄與接流人。
"Quân gia vân mẫu trướng,",君家雲母障，
Thì hướng dã đình khai.,時向野庭開。
"Tự hữu sơn tuyền nhập,",自有山泉入，
Phi nhân thái hoạ lai.,非因采畫來。
"Vân yểm Huyền Thiên động,",雲掩玄天洞，
Yên khai Ngọc Đế gia.,煙開玉帝家。
"Bộ hư thanh tịch mịch,",部虛聲寂寞，
Điểu tán lạc sơn hoa.,鳥散落山花。
"Bạch nhật thăng thiên dị,",白日升天易，
Trí quân Nghiêu Thuấn nan.,致君堯舜難。
"Trần ai lục thập tải,",塵埃六十載，
Hồi thủ quý hoàng quan.,回首愧黃冠。
"Băng hồn tiêu bất tận,",冰魂銷不盡，
Chiêu đắc thượng nam chi.,招得上南枝。
"Y hồng hoành tà ảnh,",依紅橫斜影，
Sa song nguyệt thượng thì.,紗窗月上時。
"Dạ tĩnh nguyệt như trú,",夜靜月如晝，
Giang hàn thuỷ bất lưu.,江寒水不流。
"Bình sa cô tự viễn,",平沙孤嶼遠，
Tiễu tiễu nhất thanh thu.,悄悄一聲秋。
"Lộng văn ly văn võng,",弄文罹文网，
Kháng thế vi thế tình.,抗世違世情。
"Tích huỷ khả tiêu cốt,",積毀可銷骨，
Không lưu chỉ thượng thanh.,空留紙上聲。
"Cao hiền mạc dĩ viễn,",高賢邈已遠，
Lẫm lẫm sinh khí tồn.,凜凜生氣存。
"Hàn Phạm bất thì hữu,",韓範不時有，
Thử tâm thuỳ dữ luân.,此心誰與論。
"Ái thử giang biên hảo,",愛此江邊好，
Lưu liên chí nhật tà.,留連至日斜。
"Miên phân hoàng độc thảo,",眠分黄犢草，
Toạ chiếm bạch âu sa.,坐占白鷗沙。
"Thự thoái nam song ngọ,",署退南窗午，
Kim phong lão hoả tiêu.,金風老火消。
"Ban Cơ thiên cổ hận,",班姬千古恨，
U hồn thục năng chiêu.,幽魂孰能招。
"Uý nhật nhân như tắng,",畏日人如甑，
Viêm phong nhiệt bất câm.,炎風熱不禁。
"Loan loan vô ảnh nguyệt,",彎彎無影月，
Chiếm tận tảo thu tâm.,占盡早秋心。
"Chu lâu bạch trú tĩnh,",朱樓白晝靜，
Hốc hách thử uy kiêu.,熇赫暑威驕。
"Tiện diện hà đa lực,",便面何多力，
Trường khu thuẫn nhật tiêu.,長驅盾日消。
"Trúc lão Tề hoàn tố,",竹老齊紈素，
Thanh tiêu tuyệt khả liên.,清標絕可憐。
"Phong khinh liêm quyển ngọ,",風輕簾捲午，
Tiêu đắc nhật như niên.,銷得日如年。
"Chưởng thượng du dương ảnh,",掌上悠揚影，
Phong tiêu tuyệt khả nhân.,風標絕可人。
"Ngũ minh khai thị thính,",五明開視聽，
Anh tuấn tác thần lân.,英俊作臣鄰。
"Nam lâu phương nhục thử,",南樓方辱暑，
Hoả hạ nhật như niên.,火夏日如年。
"Khước ái chưởng trung vật,",卻愛掌中物，
Năng tham tạo hoá quyền.,能參造化權。
"Di Phủ nhậm tán đản,",夷甫任散誕，
Bình thúc toạ đàm không.,平叔坐談空。
"Bất ngôn Chiêu Dương điện,",不言昭陽殿，
Hoá tác Thiền Vu cung.,化作單于宮。
"Tái tửu hướng hà xứ,",載酒向何處，
Kê sơn Kính thuỷ biên.,稽山鏡水邊。
"Nhược vi vô Hạ lão,",若為無賀老，
Hứng tận tiện hồi thuyền.,興盡便回船。
"Tiêu sái Kê sơn đạo,",蕭洒稽山道，
Phong lưu Hạ Quý Chân.,風流賀季真。
"Tương tư bất tương kiến,",相思不相見，
Sầu sát Trích Tiên nhân.,愁殺謫仙人。
"Chinh thú tại Tang Càn,",征戍在桑乾，
Niên niên Kế thuỷ hàn.,年年薊水寒。
"Ân cần dịch tây lộ,",殷勤驛西路，
Bắc khứ hướng Trường An.,北去向長安。
"Thiên Thai chúng dịch ngoại,",天台眾嶧外，
Hoa Đính đương hàn không.,華頂當寒空。
"Hữu thì bán bất kiến,",有時半不見，
Thôi ngôi tại vân trung.,崔嵬在雲中。
"Nhị cú tam niên đắc,",二句三年得，
Nhất ngâm song lệ lưu.,一吟雙淚流。
"Tri âm như bất thưởng,",知音如不賞，
Quy ngoạ cố sơn thu.,歸臥故山秋。
"Dược kính thâm hồng tiển,",藥徑深紅蘚，
Sơn song mãn thuý vi.,山窗滿翠微。
"Tiện quân hoa hạ tửu,",羨君花下酒，
Hồ điệp mộng trung phi.,蝴蝶夢中飛。
"Giang thụ tình cánh nùng,",江樹晴更濃，
Giang ba lục vị dĩ.,江波綠未已。
"Ly tứ hạo nan thu,",離思浩難收，
Thao thao ký giang thuỷ.,滔滔寄江水。
"Hán quốc sơn hà tại,",漢國山河在，
Tần Lăng thảo thụ thâm.,秦陵草樹深。
"Mộ vân thiên lý sắc,",暮雲千里色，
Vô xứ bất thương tâm.,無處不傷心。
"Lộ hành tam Thục tận,",路行三蜀盡，
Thân cập nhất dương sinh.,身及一陽生。
"Lại hữu tàn đăng hoả,",賴有殘燈火，
Tương y toạ đáo minh.,相依坐到明。
"Xã hậu từ sào yến,",社後辭巢燕，
Sương tiền biệt đế bồng.,霜前別蒂蓬。
"Nguyện vi hồ điệp mộng,",願為蝴蝶夢，
Phi khứ mịch Quan Trung.,飛去覓關中。
"Cao chi chi thượng điểu,",高枝枝上鳥，
Chung nhật khiếu tư quy.,終日叫思歸。
"Như tư vũ dực toàn,",如斯羽翼全，
Hà bất vọng hương phi.,何不望鄉飛。
"Giải hạ túc sương cừu,",解下鷫鸘裘，
Kháp thế tửu nhất đấu.,恰貰酒一斗。
"Tiếu vấn tửu gia Hồ,",笑問酒家胡，
Hữu khách như thử phủ.,有客如此否。
"Chủ nhân bất tương thức,",主人不相識，
Ngẫu toạ vị lâm tuyền.,偶坐為林泉。
"Mạc mạn sầu cô tửu,",莫謾愁沽酒，
Nang trung tự hữu tiền.,囊中自有錢。
"Bão ảnh băng hồ trung,",抱影冰壺中，
Trí thân minh kính lý.,置身明鏡裏。
"Tương đối cửu vong ngôn,",相對久忘言，
Tức thử thị tri kỷ.,即此是知己。
"Lộng thạch lâm khê toạ,",弄石臨溪坐，
Tầm hoa nhiễu tự hành.,尋花繞寺行。
"Thì thì văn điểu ngữ,",時時聞鳥語，
Xứ xứ thị tuyền thanh.,處處是泉聲。
"Thử địa biệt Yên Đan,",此地別燕丹，
Tráng sĩ phát xung quan.,壯士髮衝冠。
"Tích thời nhân dĩ một,",昔時人已沒，
Kim nhật thuỷ do hàn.,今日水猶寒。
"Xuất môn hà sở kiến,",出門何所見，
"Xuân sắc mãn bình vu,",春色滿平蕪，
"Khả thán vô tri kỷ,",可嘆無知己，
Cao Dương nhất tửu đồ.,高陽一酒徒。
"Lĩnh vân nhàn bất triệt,",嶺雲閑不撤，
Giản thuỷ tẩu hà mang.,澗水走何忙。
"Tùng hạ trích tùng tử,",松下摘松子，
Tiên trà trà dũ hương.,煎茶茶逾香。
"Nhất điều vạn cổ thuỷ,",一條萬古水，
Hướng ngã thủ tâm lưu.,向我手心流。
"Lâm hành giải tặng quân,",臨行解贈君，
Vật báo tế toái cừu.,勿報細碎仇。
"Tảo địa phần hương toạ,",掃地焚香坐，
Không tâm đãi nguyệt sinh.,空心待月生。
"Thanh ảnh di mai chí,",清影移梅至，
Tây sương nhiễu trúc hàng.,西廂遶竹行。
"Lai vãng vô đạn dặc,",來往無彈弋，
"Không viên thức chủ tâm,",空園識主心。
"Xuân phong tam lưỡng thụ,",春風三兩樹，
Uyển chuyển trợ cô ngâm.,宛轉助孤吟。
"Di tử hoàng kim bảo,",遺子黃金寶，
Hà như giáo nhất kinh.,何如教一經。
"Tính danh thư cẩm trục,",姓名書錦軸，
Chu tử tá triều đình.,朱紫佐朝廷。
"Bát nguyệt thập ngũ nhật,",八月十五日，
Nguyệt luân chính đương ngọ.,月輪正當午。
"Hiệu ảnh lạc hàn châu,",皎影落寒洲，
Quải tại san hô thụ.,掛在珊瑚樹。
"Phù sinh tri kỷ nhật,",浮生知幾日，
Vô trạng trục không danh.,無狀逐空名。
"Bất như đa nhưỡng tửu,",不如多釀酒，
Thì hướng trúc lâm khuynh.,時向竹林傾。
"Chư Lữ cánh tương vương,",諸呂更相王，
Trần Bình khí hà sách.,陳平氣何索。
"Thiên kim thọ Giáng Hầu,",天金壽絳侯，
Lưu tông tri hữu thác.,劉宗知有托。
"Chúng điểu cao phi tận,",眾鳥高飛盡，
Cô vân độc khứ nhàn.,孤雲獨去閒。
"Tương khan lưỡng bất yếm,",相看兩不厭，
Chỉ hữu Kính Đình san.,只有敬亭山。
"Trì biên độc tự toạ,",池邉獨自坐，
Trì đê ngẫu phùng tăng.,池低偶逢僧。
"Mặc mặc tiếu tương thị,",嘿嘿笑相視，
Tri quân ngữ bất ưng.,知君語不應。
"Đối quân quân bất ngữ,",對君君不語，
Bất ngữ ý du tai.,不語意悠哉。
"Trật tán sàng đầu thư,",帙散床頭書，
Vũ đả liêm tiền mai.,雨打簾前梅。
"Nam đăng Đỗ Lăng thượng,",南登杜陵上，
Bắc vọng Ngũ Lăng gian.,北望五陵間。
"Thu thuỷ minh lạc nhật,",秋水明落日，
Lưu quang diệt viễn sơn.,流光滅遠山。
"Quế mật nham hoa bạch,",桂密岩花白，
Lê sơ lâm diệp hồng.,梨疏林葉紅。
"Giang cao hàn vọng tận,",江皋寒望盡，
Quy niệm đoạn chinh bồng.,歸念斷征篷。
Trần sự vô chung cực,塵事無終極，
Phân mang tuế hựu đông,紛忙歲又冬。
Mai truyền xuân tín tảo,梅傳春信早，
Mạo tuyết tác tiên dung,冒雪作先容。
"Thi thành sơn nguyệt thướng,",詩成山月上，
Thuỵ giác dã vân phi.,睡覺野雲飛。
"Hoa lạc thù đa ý,",花落殊多意，
Phong tiền điểm khách y.,風前點客衣。
"Vũ tẩy Đông Pha nguyệt sắc thanh,",雨洗東坡月色清，
Thị nhân hành tận dã nhân hành.,市人行盡野人行。
"Mạc hiềm lạc xác pha đầu lộ,",莫嫌犖确坡頭路，
Tự ái khanh nhiên duệ trượng thanh.,自愛鏗然曳杖聲。
"Lộ tảo cơ hàn tích,",路掃飢寒跡，
Thiên ai chí khí nhân.,天哀志氣人。
"Hưu linh biệt ly lệ,",休零別離淚，
Huề thủ nhập Tây Tần.,攜手入西秦。
"Động Thiên hồ thượng cảnh,",洞天湖上景，
Hoa thảo giảm xuân dung.,花草減春容。
"Thượng đế liên sầm tịch,",上帝憐岑寂，
Thái thanh thì nhất chung.,太清時一鐘。
"Thuỷ diện băng do đống,",水面冰猶凍，
Sơn đầu nhật vị cao.,山頭日未高。
"Nhất dương hồi noãn xứ,",一陽回暖處，
Tiêu tức tự mai tiêu.,消息自梅梢。
"Dị tục phi hương tục,",異俗非鄉俗，
Tân niên cải cố niên.,新年改故年。
"Kế môn khán hoả thụ,",薊門看火樹，
Nghi thị chúc long nhiên.,疑是燭龍然。
"Hải tân ngư tự thổ,",海濱魚似土，
Thị thượng mễ như kim.,市上米如金。
"Quy điểu sâm si một,",歸鳥參差沒，
Du du nhật ảnh trầm.,悠悠日影沉。
"Thục đế hà niên phách,",蜀帝何年魄，
Thiên xuân hoá đỗ quyên.,千春化杜鵑。
"“Bất như quy khứ” ngữ,",不如歸去語，
Diệc tự cổ lai truyền.,亦自古來傳。
"Sơn tiền đỗ vũ ai,",山前杜宇哀，
Sơn hạ đỗ quyên khai.,山下杜鵑開。
"Trường đoạn thanh thanh huyết,",腸斷聲聲血，
Lang hành hà nhật hồi?,郎行何日回？
"Dã kính hành vô bạn,",野徑行無伴，
Tăng phòng túc hữu kỳ.,僧房宿有期。
"Đồ sơn lai vãng thục,",涂山來往熟，
Duy thị mã đề tri.,惟是馬蹄知。
Phù nhạn mưu đạo lương,鳧雁謀稻粱，
Sinh dân vị y thực,生民為衣食。
Tân khổ thị tứ nhân,辛苦市肆人，
Ngột ngột bất hoàng tức,矻矻不遑息。
"Bão ngọc tam triều Sở,",抱玉三朝楚，
Hoài thư thập thướng Tần.,懷書十上秦。
"Niên phùng Lạc Dương mạch,",年逢落陽陌，
Hoa điểu lộng quy nhân.,花鳥弄歸人。
"Nam chinh phục bắc hoàn,",南征復北還，
Nhiễu nhiễu bách niên gian.,擾擾百年間。
"Tự tiếu hồng trần lý,",自笑紅塵裏，
Sinh nhai bất tạm nhàn.,生涯不暫閑。
"Thắng địa du tuy biến,",勝地遊雖遍，
Quan sơn hợp hữu thi.,關山合有詩。
"Quan thân vô định tích,",官身無定跡，
Vị cảm dữ tăng kỳ.,未敢與僧期。
"Giang thượng tam thiên nhạn,",江上三千雁，
Niên niên quá cố cung.,年年過故宮。
"Khả liên giang thượng nguyệt,",可憐江上月，
Thiên chiếu đoạn căn bồng.,偏照斷根蓬。
"Thiên niên cổ mạo đa,",千年古貌多，
Bát nguyệt thu đào vãn.,八月秋濤晚。
"Ngẫu bị chủ nhân lưu,",偶被主人留，
Na tri lai cận viễn.,那知來近遠。
"Liễu hạ sài phi tĩnh,",柳下柴扉靜，
Ngư gia vô tứ lân.,漁家無四鄰。
"Nhật tà giang thượng lộ,",日斜江上路，
Hà xứ độc quy nhân?,何處獨歸人。
"Đình hàn chiếu cổ nguyệt,",亭寒照古月，
Lũng ám tích sầu vân.,隴暗積愁雲。
"Kim nhật xuất môn thụ,",今日出門樹，
Hà xứ hữu tướng quân.,何處有將軍。
"Tham thắng quyện khước vong,",貪勝倦卻忘，
Liên kỳ mục bất xả.,憐奇目不捨。
"Khách lai tăng vị tri,",客來僧未知，
Thụ hạ thập sơn quả.,樹下拾山菓。
"Thanh khê tẩy ngã túc,",淸溪洗我足，
Khán sơn tịnh ngã mục.,看山淨我目。
"Thử ngoại cánh vô cầu,",此外更無求，
Bất mộng nhàn vinh nhục.,不夢閒榮辱。
"Thạch hiểm thiên mạo phân,",石险天貌分，
Lâm giao nhật dung khuyết.,林交日容缺。
"Âm giản lạc xuân vinh,",阴涧落春荣，
Hàn nham lưu hạ tuyết.,寒岩留夏雪。
"Hoán khởi song toàn thự,",喚起窗全曙，
Thôi quy nhật vị tê.,催歸日未西。
"Vô tâm hoa lý điểu,",無心花裏鳥，
Cánh dữ hữu tình đề.,更與有情啼。
"Tích giả thuỳ năng tỉ,",昔者誰能比，
Kim lai sự bất đồng.,今來事不同。
"Tịch liêu thanh thảo khúc,",寂寥青草曲，
Tán mạn bạch du phong.,散漫白榆風。
"Giá đảo đằng toàn lạc,",架倒藤全落，
Ly băng trúc bán không.,籬崩竹半空。
"Ninh tu trù trướng lập,",寧須惆悵立，
Phiên phúc bản vô cùng.,翻覆本無窮。
"Phan phan chiêu dật khách,",攀攀招逸客，
Yển quế hiệp u tình.,偃桂協幽情。
"Thuỷ trung khán thụ ảnh,",水中看樹影，
Phong lý thính tùng thanh.,風裏聽松聲。
"Tạm du Nhân Trí sở,",暫游仁智所，
Tiêu nhiên tùng quế tình.,蕭然松桂情。
"Ký thê ngôn độn khách,",寄栖言遁客，
Vật phục phỏng Bồng Doanh.,勿复訪蓬瀛。
"Mãn chỉ hoang đường ngôn,",滿紙荒唐言，
Nhất bả tân toan lệ!,一把辛酸淚！
"Đô vân tác giả si,",都云作者癡，
Thuỳ giải kỳ trung vị?,誰解其中味？
"Lục thụ tàn xuân ngoại,",綠樹殘春外，
Song phi cẩm dực tề.,雙飛錦翼齊。
"Trường Sa hữu thiên khách,",長沙有遷客，
Mạc hướng vũ trung đề.,莫向雨中啼。
"Quyện thái my vu diệp,",倦採蘼蕪葉，
Tham liên chiếu đảm minh.,貪憐照膽明。
"Lưỡng biên câu thức lệ,",兩邊俱拭淚，
Nhất xứ hữu đề thanh.,一處有啼聲。
"Ký giải đáo Nam Ninh,",既解到南寧，
Hựu giải phản Vũ Minh;,又解返武鳴。
"Loan loan, khúc khúc giải,",彎彎曲曲解，
Đồ diên ngã hành trình.,徒延我行程。
Bất bình!,不平！
"Niệu niệu cổ đê biên,",嫋嫋古堤邊，
Thanh thanh nhất thụ yên.,青青一樹煙。
"Nhược vi ty bất đoạn,",若為絲不斷，
Lưu thủ hệ lang thuyền.,留取繫郎船。
"Giang tống Ba nam thuỷ,",江送巴南水，
Sơn hoành tái bắc vân.,山橫塞北雲。
"Tân đình thu nguyệt dạ,",津亭秋月夜，
Thuỳ kiến khấp ly quần.,誰見泣離群。
"Loạn yên lung bích thế,",亂煙籠碧砌，
Phi nguyệt hướng nam đoan.,飛月向南端。
"Tịch tịch ly đình yểm,",寂寂離亭掩，
Giang sơn thử dạ hàn.,江山此夜寒。
"Ngạn chuyển, thụ tà xuất,",岸轉樹斜出，
"Khê thâm, hoa đảo khai.",溪深花倒開。
"Vãn hà, cô điểu một,",晚霞孤鳥沒，
"Hiểu vũ, phiến phàm lai.",曉雨片帆來。
"Lộ chuyển trưởng xuyên viễn,",路轉長川遠，
Vân đê khoáng dã bình.,雲低曠野平。
"Thiên hàn chinh nhạn khổ,",天寒征雁苦，
Sa trướng túc âu kinh.,沙漲宿鷗驚。
"Quỷ hoả lâm gian bích,",鬼火林間碧，
Ngư đăng vũ ngoại minh.,漁燈雨外明。
"Quy chu dạ vị bạc,",歸舟夜未泊，
Nha yết lỗ do minh.,鴉軋櫓猶鳴。
"Độc chước phương xuân tửu,",獨酌芳春酒，
Đăng lâu dĩ bán huân.,登樓已半曛。
"Thuỳ kinh nhất hàng nhạn,",誰驚一行雁，
Xung đoạn quá giang vân.,沖斷過江雲。
"Giá đắc Cù Đường cổ,",嫁得瞿塘賈，
Triêu triêu ngộ thiếp kỳ.,朝朝誤妾期。
"Tảo tri triều hữu tín,",早知潮有信，
Giá dữ lộng triều nhi.,嫁與弄潮兒。
"Phát hướng Hoành Đường khẩu,",發向橫塘口，
Thuyền khai trị cấp lưu.,船開值急流。
"Tri lang cựu thì ý,",知郎舊時意，
Thả thỉnh long thuyền đầu.,且請攏船頭。
"Lục giang thâm kiến để,",綠江深見底，
Cao lãng trực phiên không.,高浪直翻空。
"Quán thị hồ biên trú,",慣是湖邊住，
Chu khinh bất uý phong.,舟輕不畏風。
"Trục lưu khiên hạnh thính,",逐流牽荇聽，
Lục ngạn trích lô miêu.,綠岸摘蘆苗。
"Vị tích uyên ương điểu,",為惜鴛鴦鳥，
Khinh khinh động hoạ kiêu.,輕輕動畫橈。
"Nhật mộ Trường Giang lý,",日暮長江裏，
Tương yêu quy độ đầu.,相邀歸渡頭。
"Lạc hoa như hữu ý,",落花如有意，
Lai khứ trục thuyền lưu.,來去逐船流。
"Thiếp gia Hoành Đường đông,",妾家橫塘東，
Dữ lang sạ tương phùng.,與郎乍相逢。
"Lang lai bất tu vấn,",郎來不須問，
Môn ngoại thực ngô đồng.,門外植梧桐。
"Thiếp gia Hoành Đường tê,",妾家橫塘西，
Xuân hoa áp chi đê.,春花壓枝低。
"Lục ba tịnh như kính,",綠波淨如鏡，
Chỉ trữ uyên ương thê.,只著鴛鴦棲。
"Thuỷ diện tế phong sinh,",水面細風生，
Lăng ca mạn mạn thanh.,菱歌慢慢聲。
"Khách đình lâm tiểu thị,",客亭臨小市，
Đăng hoả dạ trang minh.,燈火夜妝明。
"Hốt kiến hàn mai thụ,",忽見寒梅樹，
Khai hoa Hán thuỷ tân.,開花漢水濱。
"Bất tri xuân sắc tảo,",不知春色早，
Nghi thị lộng châu nhân.,疑是弄珠人。
"Giang thuỷ dạng tây phong,",江水漾西風，
Giang hoa thoát vãn hồng.,江花脫晚紅。
"Ly tình bị hoạnh địch,",離情被橫笛，
Xuy quá loạn sơn đông.,吹過亂山東。
"Giang thượng vãng lai nhân,",江上往來人，
Đãn ái lô ngư mỹ.,但愛鱸魚美。
"Quân khan nhất diệp chu,",君看一葉舟，
Xuất một phong ba lý.,出沒風波裡。
"Phong ngạn nguyệt tà minh,",楓岸月斜明，
Viên đề lữ mộng kinh.,猿啼旅夢驚。
"Sầu đa trường dị đoạn,",愁多腸易斷，
Bất đãi đệ tam thanh.,不待第三聲。
"Tịch lịch thu giang ngư hoả hy,",寂歷秋江漁火稀，
Khởi khan tàn nguyệt ánh lâm vi.,起看殘月映林微。
"Ba quang thuỷ điểu kinh do túc,",波光水鳥驚猶宿，
Lộ lãnh lưu huỳnh thấp bất phi.,露冷流螢濕不飛。
"Thiên sơn điểu phi tuyệt,",千山鳥飛絕，
Vạn kính nhân tung diệt.,萬徑人蹤滅。
"Cô chu thoa lạp ông,",孤舟簑笠翁，
Độc điếu hàn giang tuyết.,獨釣寒江雪。
"Đạm tảo trường thiên sắc,",淡掃長天色，
Do văn lưu thuỷ thanh.,猶聞溜水聲。
"Phù tây thiên thụ xuất,",浮西千樹出，
Trị bắc chúng phong sinh.,值北眾風生。
"Tác pháp bất tự tễ,",作法不自斃，
Du nhiên quá tứ thập.,悠然過四十。
"Hà phương đổ phì đầu,",何妨賭肥頭，
Để đáng biện chứng pháp.,抵擋辯證法。
"Khả liên chức nữ tinh,",可憐織女星，
Hoá vị mã lang phụ.,化為馬郎婦。
"Ô thước nghi bất lai,",烏鵲疑不來，
Điều điều ngưu nãi lộ.,迢迢牛奶路。
"Thế giới hữu văn học,",世界有文學，
Thiếu nữ đa phong đồn.,少女多豐臀。
"Kê thang đại trư nhục,",雞湯代豬肉，
Bắc tân toại yểm môn.,北新遂掩門。
"Danh nhân tuyển tiểu thuyết,",名人選小說，
Nhập tuyến vân hữu hạn.,入線雲有限。
"Tuy hữu vọng viễn cảnh,",雖有望遠鏡，
Vô nại cận thị nhãn.,無奈近視眼。
"Hạ nguyệt chính tồ thử,",夏月正徂暑，
Dao khê bất đoạn phân.,遙溪不斷芬。
"Nam phong giải dân uấn,",南風解民慍，
Vị trợ ngũ huyền huân.,爲助五弦薰。
"Phất phất sinh tàn huy,",拂拂生殘暉，
Tằng tằng như liệt phi.,層層如裂緋。
"Thiên phong tiễn thành phiến,",天風剪成片，
Nghi tác tiên nhân y.,疑作仙人衣。
"Tuyền xu vô đình vận,",璿樞無停運，
Tứ tự tương thác hành.,四序相錯行。
"Ký ngôn hách hy cảnh,",寄言赫曦景，
Kim nhật nhất âm sinh.,今日一陰生。
"Cố quốc tam thiên lý,",故國三千里，
Thâm cung nhị thập niên.,深宮二十年。
"Nhất thanh “Hà Mãn Tí”,",一聲何滿子，
Song lệ lạc quân tiền.,雙淚落君前。
"Cao tình lâm sảng nguyệt,",高情臨爽月，
Cấp hưởng tống thu phong.,急響送秋風。
"Độc hữu nguy quan ý,",獨有危冠意，
Hoàn tương suy mấn đồng.,還將衰鬢同。
"Tú mạc san hô câu,",繡幕珊瑚鉤，
Xuân khai phí thuý lâu.,春開翡翠樓。
"Thâm tình bất khẳng đạo,",深情不肯道，
Kiều ỷ điền không hầu.,嬌倚鈿箜篌。
"Hàn chúc chiếu thanh dạ,",寒燭照清夜，
Sanh ca cách tiển tường.,笙歌隔蘚墻。
"Nhất tòng Phi Yến nhập,",一從飛燕入，
Tiện bất kiến quân vương.,便不見君王。
"Hiểu phát sơ lâm thuỷ,",曉髮梳臨水，
Hàn đường toạ kiến thu.,寒塘坐見秋。
"Hương tâm chính vô hạn,",鄉心正無限，
Nhất nhạn độ nam lâu.,一雁度南樓。
"Triêu du phù vân kiệu,",朝遊浮雲嶠，
Mộ túc minh nguyệt loan.,暮宿明月灣。
"Hốt nhiên đắc giai thú,",忽然得佳趣，
Vạn tương sinh hào đoan.,萬象生毫端。
"Lãn diêu bạch vũ phiến,",懒搖白羽扇，
Loã thể thanh lâm trung.,裸體青林中。
"Thoát cân quải thạch bích,",脫巾挂石壁，
Lộ đính sái tùng phong.,露嵿洒松風。
"Sinh đương tác nhân kiệt,",生當作人傑，
Tử diệc vi quỷ hùng.,死亦為鬼雄。
"Chí kim tư Hạng Vũ,",至今思項羽，
Bất khẳng quá Giang Đông.,不肯過江東。
"Liêu lạc cổ hành cung,",寥落古行宮，
Cung hoa tịch mịch hồng.,宮花寂寞紅。
"Bạch đầu cung nữ tại,",白頭宮女在，
Nhàn toạ thuyết Huyền Tông.,閒坐說玄宗。
"Vạn tính yếm can qua,",萬姓厭干戈，
Tam biên thượng vị tri.,三邊尚未知。
"Tướng quân khoa bảo kiếm,",將軍誇寶劍，
Công tại sát nhân đa.,功在殺人多。
"Cường dục đăng cao khứ,",強欲登高去，
Vô nhân tống tửu lai.,無人送酒來。
"Dao liên cố viên cúc,",遙憐故園菊，
Ưng bạng chiến trường khai.,應傍戰場開。
"Phổ thiên giai diệt diễm,",普天皆滅焰，
Tạp địa tận tàng yên.,匝地盡藏煙。
"Bất tri hà xứ hoả,",不知何處火，
Lai tựu khách tâm nhiên?,來就客心然。
"Khoảnh thừa chủ nhiệm tống thư lai,",頃乘主任送書來，
Độc bãi tinh thần giác đốn khai;,讀罷精神覺頓開。
"Lãnh tụ vĩ ngôn như tại nhĩ,",領袖偉言如在耳，
Thiên biên oanh động nhất thanh lôi.,天邊轟動一聲雷。
"Ỷ trạo xuân giang thượng,",倚棹春江上，
Hoành chu thạch ngạn tiền.,橫舟石岸前。
"Sơn minh hành nhân đoạn,",山暝行人斷，
Điều điều độc phiếm tiên.,迢迢獨泛仙。
"Thuỳ hệ tây chi mã,",誰系西枝馬，
Mã tê hoa loạn phi.,馬嘶花亂飛。
"Loạn phi hồn tự khả,",亂飛渾自​​可，
Mạc khiển chiết hoa chi.,莫遣折花枝。
"Đội đội xuân canh tượng,",隊隊春耕象，
Phân phân vân thảo cầm.,紛紛耘草禽。
"Tự Nghiêu đăng bảo vị,",嗣堯登寶位，
Hiếu cảm động thiên tâm.,孝感動天心。
"Thử khí hiểu lai thanh,",暑氣曉來清，
Thời thời văn viễn oanh.,時時聞遠鶯。
"Hoàn tư cố viên lộ,",還思故園路，
Tùng hạ lục đài sinh.,松下綠苔生。
"Thiếu văn kê thanh miên,",少聞雞聲眠，
Lão thính kê thanh khỉ.,老聽雞聲起。
"Thiên cổ vạn đại nhân,",千古萬代人，
Tiêu ma sổ thanh lý.,消磨數聲裏。
"Hiểu toạ đối trà âu,",曉坐對茶甌，
Không tâm lãn ứng tiếp.,空心懶應接。
"Kê điểu thanh phục thanh,",雞鳥聲復聲，
Tình vân bố loạn điệp.,晴雲布亂蝶。
"Vân nhật năng thôi hiểu,",雲日能催曉，
Phong quang bất tích niên.,風光不惜年。
"Lại phùng chinh lộ tận,",賴逢征路盡，
Quy tại lạc hoa tiền.,歸在落花前。
"Liên tử bất khả đắc,","蓮子不可得,"
Liên hoa sinh thuỷ trung.,蓮花生水中。
"Do thắng đạo bàng liễu,","猶勝道傍柳,"
Vô sự đãng đông phong.,無事蕩東風。
"Liên diệp vị khai thì,",蓮葉未開時，
Khổ tâm chung nhật quyển.,苦心終日卷。
"Xuân thuỷ đồ đãng dạng,",春水徒蕩漾，
Hà hoa vị khai triển.,荷花未開展。
"Hữu ý hiềm binh bộ,",有意嫌兵部，
Chuyên tâm vọng khảo công.,專心望考功。
"Thuỳ tri cước thặng đặng,",誰知腳蹭蹬，
Kỷ lạc tỉnh tường đông.,幾落省牆東。
"Viễn khan sơn hữu sắc,",遠看山有色，
Cận thính thuỷ vô thanh.,近聽水無聲。
"Xuân khứ hoa hoàn tại,",春去花還在，
Nhân lai điểu bất kinh.,人來鳥不驚。
"Phong điệp khứ phân phân,",蜂蝶去紛紛，
Hương phong cách ngạn văn.,香風隔岸聞。
"Dục tri hoa đảo xứ,",欲知花島處，
Thuỷ thượng mịch hồng vân.,水上覓紅雲。
"Hoa hạ nhất hồ tửu,",花下一壺酒，
Định tương thuỳ cử bôi.,定將誰舉杯。
"Tuyết anh phi lạc cận,",雪英飛落近，
Nghi thị cố nhân lai.,疑是故人來。
Hà vật lệnh nùng tiện?,何物令儂羨，
Tiện lang thuyền vĩ yến.,羨郎船尾燕。
"Nhai nê sấn tường can,",街泥趁檣竿，
Thực túc thường tương kiến.,食宿常相見。
"Đương niên thạch hổ bất sinh phong,",當年石虎不生風，
Nhất đới hoang sơn lục dã trung.,一帶荒山綠野中。
"Bàn cứ thiên thu do bạch địa,",盤據千秋猶白地，
Đỗ quyên thanh xứ lạc hoa hồng.,杜鵑聲處落花紅。
"Tích biệt liễu điều lục,",昔別柳條綠，
Như kim sương diệp phiên.,如今霜葉翻。
"Tư quân độc vô ngữ,",思君獨無語，
Hàn nhật hạ hoang nguyên.,寒日下荒原。
"Đông hoàng tằng chước nhãn,",東皇曾酌眼，
Dĩ hứa bách hoa khôi.,以許百花魁。
"Chỉ vị khiêm khiêm ý,",只爲謙謙意，
Phiên giao tiệm tiệm khai.,番交漸漸開。
"Dao tưởng quan đào xứ,",遙想觀濤處，
Do ức thái liên ca.,猶憶採蓮歌。
"Vô nhân quan tái diệp,",無因關塞葉，
Cộng há Động Đình ba.,共下洞庭波。
"Văn quân đình trúc vịnh,",聞君庭竹詠，
U ý tuế hàn đa.,幽意歲寒多。
"Thán tức vị quan tiểu,",嘆息為冠小，
Lương công tương nại hà.,良工將奈何。
"Thuỷ biên dương liễu khúc trần ty,",水邊楊柳麴塵絲，
Lập mã phiền quân chiết nhất chi.,立馬煩君折一枝。
"Duy hữu xuân phong tối tương tích,",惟有春風最相惜，
Ân cần cánh hướng thủ trung xuy.,殷勤更向手中吹。
"Liệu phố tam thu vũ,",蓼浦三秋雨，
Quân bồng bán dạ thanh.,筠篷半夜聲。
"Cô đăng minh hựu diệt,",孤燈明又滅，
Hồ hải thập niên tình.,湖海十年情。
"Mao xá nhân yên lý,",茅舍人煙裡，
Cô chu tiểu bạc thì.,孤舟小泊時。
"Thôn đồng tam tứ bối,",村童三四輩，
Duyên thuỷ mịch bành kỳ.,沿水覓蟛蜞。
"Nhân nhàn quế hoa lạc,",人閒桂花落，
Dạ tĩnh xuân sơn không.,夜靜春山空。
"Nguyệt xuất kinh sơn điểu,",月出驚山鳥，
Thời minh xuân giản trung.,時鳴春澗中。
"Nhật nhật thái liên khứ,",日日採蓮去，
Châu trường đa mộ quy.,洲長多暮歸。
"Lộng cao mạc tiễn thuỷ,",弄篙莫濺水，
Uý thấp hồng liên y.,畏溼紅蓮衣。
"Sạ hướng hồng liên một,",乍向紅蓮沒，
Phục xuất thanh bồ dương.,復出清蒲揚。
"Độc lập hà ly si,",獨立何褵褷，
Hàm ngư cổ tra thượng.,銜魚古查上。
"Triêu canh thượng bình điền,",朝耕上平田，
Mộ canh thượng bình điền.,暮耕上平田。
"Tá vấn vấn tân giả,",借問問津者，
Ninh tri tự nịch hiền.,寧知沮溺賢。
"Xuân trì thâm thả quảng,",春池深且廣，
Hội đãi khinh chu hồi.,會待輕舟迴。
"Mị mị lục bình hợp,",靡靡綠萍合，
Thuỳ dương tảo phục khai.,垂楊掃復開。
"Trì trì nhật khí ái,",遲遲日氣曖，
Mạn mạn tuyết thiên xuân.,漫漫雪天春。
"Tri quân dục tuý ẩm,",知君欲醉飲，
Tư kiến thử giao thân.,思見此交親。
"Thân giao thử kiến tư,",親交此見思，
Ẩm tuý dục quân tri.,飲醉欲君知。
"Xuân thiên tuyết mạn mạn,",春天雪漫漫，
Ái khí nhật trì trì.,曖氣日遲遲。
"Hà xứ vô minh nguyệt,",何處無明月，
Không sơn độc dạ khan.,空山獨夜看。
"Hồi đầu tư cố hương,",回頭思故鄉，
Cử đầu vọng Trường An.,舉頭望長安。
"Viễn viễn tòng tăng tự,",遠遠從僧寺，
Đông đông lạc khách bồng.,鼕鼕落客篷。
"Triều sinh thiên địa hiểu,",潮生天地曉，
Nguyệt bạch hựu giang không.,月白又江空。
"Xuân lai bán nguyệt độ,",春來半月度，
Tục kỵ nhất triêu nhàn.,俗忌一朝閑。
"Bất chước tha hương tửu,",不酌他鄉酒，
Vô kham đối Sở san.,無堪對楚山。
"Phi điểu khứ bất cùng,",飛鳥去不窮，
Liên sơn phục thu sắc.,連山復秋色。
"Thướng há Hoa Tử cương,",上下華子岡，
Trù trướng tình hà cực.,惆悵情何極！
"Lạc nhật tùng phong khởi,",落日松風起，
Hoàn gia thảo lộ hy.,還家草露晞。
"Vân quang xâm lý tích,",雲光侵履跡，
Sơn thuý phất nhân y.,山翠拂人衣。
"Minh minh thường tự tại,",明明常自在，
Diệc niết mục tác quái.,亦揘目作怪。
"Kiến quái bất kiến quái,",見怪不見怪，
Kỳ quái tất tự hoại.,其怪悉自壞。
"Ngã hữu sổ hàng lệ,",我有數行淚，
Bất lạc thập dư niên.,不落十餘年，
"Kim nhật vị quân tận,",今日為君盡，
Tịnh sái thu phong tiền.,並灑秋風前。
"Chân thân thành vạn tượng,",真身成萬象，
Vạn tượng tức chân thân.,萬象即真身。
"Nguyệt điện vinh đan quế,",月殿榮丹桂，
Đan quế tại nhất luân.,丹桂在一輪。
"Khứ niên vô hoa khán,",去年無花看，
Kim niên vị khán hoa.,今年未看花。
"Cánh văn phiêu lạc tận,",更聞飄落盡，
Tẩu mã hướng thuỳ gia?,走馬向誰家？
"Học nãi thân chi bảo,",學乃身之寶，
Nho vi tịch thượng trân.,儒為席上珍。
"Quân khan vi tể tướng,",君看為宰相，
Tất dụng độc thư nhân.,必用讀書人。
"Học vấn cần trung đắc,",學問勤中得，
Huỳnh song vạn quyển thư.,螢窗萬卷書。
"Tam đông kim túc dụng,",三冬今足用，
Thuỳ tiếu phúc không hư?,誰笑腹空虛？
"Vạn trượng hồng tuyền lạc,",萬丈紅泉落，
Thiều thiều bán tử phân.,迢迢半紫氛。
"Bôn lưu há tạp thụ,",奔流下雜樹，
Sái lạc xuất trùng vân.,灑落出重雲。
"Nhật chiếu hồng nghê tự,",日照虹霓似，
Thiên thanh phong vũ văn.,天清風雨聞。
"Linh sơn đa tú sắc,",靈山多秀色，
Không thuỷ cộng nhân uân.,空水共氤氳。
"Lục diễm nhàn thả tĩnh,",綠艷閒且靜，
Hồng y thiển phục thâm.,紅衣淺復深。
"Hoa tâm sầu dục đoạn,",花心愁欲斷，
Xuân sắc khởi tri tâm.,春色豈知心。
"Đan quế nhất tùng, mai nhất tùng,",丹桂一叢梅一叢，
"Bán viên hồng nhật, mãn viên phong.",半園紅日滿園風。
"Giác lai vấn bộc miên đa thiểu,",覺來問僕眠多少，
Tằng hữu cao ngâm xuất mộng trung.,曾有高吟出夢中。
"Kính xích thiên dư đoá,",徑尺千餘朵，
Nhân gian hữu thử hoa.,人間有此花。
"Kim triêu kiến nhan sắc,",今朝見顏色，
Cánh bất hướng chư gia.,更不向諸家。
"""Dương liễu"" uất thanh thanh,",楊柳郁青青，
"""Trúc chi"" vô hạn tình.",竹枝無限情。
"Chu lang nhất hồi cố,",周郎一回顧，
"Sở xướng ""Hột na"" thanh.",所唱紇那聲。
"Đạp khúc hứng vô cùng,",踏曲興無窮，
Điệu đồng từ bất đồng.,調同詞不同。
"Nguyện quân thiên vạn thọ,",願君千萬壽，
Trường tác chủ nhân ông.,長作主人翁。
"Hiển dương thù phụ mẫu,",顯揚酬父母，
Khai thác dụ nhi tôn.,開拓裕兒孫。
"Phương thị chân nam tử,",方是眞男子，
Phong lưu hạt túc ngôn.,風流曷足言。
"Đại khôi chí ứng cử,",大魁志應舉，
Tể tướng chí vi quan.,宰相志為官。
"Miễn tử tân niên ngữ,",勉子新年語，
Ái thân vô đẳng nhàn.,愛親無等閒。
"Nhị Tuyền kết nham phu,",二泉結岩趺，
Mật tảo nhất hoằng dưỡng.,密藻一泓養。
"Đàm sắc phù xuân không,",潭色浮春空，
Sơn tĩnh du ngư hưởng.,山靜游魚響。
"Tĩnh các đàm huyền dạ,",靜閣談玄夜，
Nam lâu bái nguyệt nhật.,南樓拜月日。
"Thanh phong xuy bất đoạn,",清風吹不斷，
Vi diệu độc tâm tri.,微妙獨心知。
"Vô hạn tương tư khổ,",無限相思苦，
Hàm tình đối đoản song.,含情對短窗。
"Khủng qui Xa Đà Lợi,",恐歸沙吒利，
Hà xứ mịch vô song?,何處覓無雙？
"Tác hữu trần sa hữu,",作有塵沙有，
Vi không nhất thiết không.,為空一切空。
"Hữu, không như thuỷ nguyệt,",有空如水月，
Vật trước hữu không không.,勿著有空空。
"Thiềm gian thanh phong điệm,",簷間清風簟，
Tùng hạ minh nguyệt bôi.,松下明月盃。
"U ý chính như thử,",幽意正如此，
Huống nãi cố nhân lai.,況乃故人來。
"Huyễn pháp giai thị huyễn,",幻法皆是幻，
Huyễn tu giai thị huyễn.,幻修皆是幻。
"Nhị huyễn giai bất tức,",二幻皆不即，
Tức thị trừ chư huyễn.,即是除諸幻。
"Hữu khách khán huyên thảo,",有客看萱草，
Chung thân hối viễn du.,終身悔遠遊。
"Hướng nhân không tự lục,",向人空自綠，
Vô phục giải vong ưu.,無復解忘憂。
"Khách tuý miên vị khởi,",客醉眠未起，
Chủ nhân hô giải trình.,主人呼解酲。
"Dĩ ngôn kê thử thục,",已言雞黍熟，
Phục đạo ủng đầu thanh.,復道甕頭清。
"Giáo ngoại khả biệt truyền,",教外可別傳，
Hy Di tổ phật uyên.,希夷祖佛淵。
"Nhược nhân dục biện đích,",若人欲辨的，
Dương diệm mịch cầu yên.,陽焰覓求煙。
"Hỷ trúng thanh tiền tuyển,",喜中青錢選，
Tài cao áp tuấn anh.,才高壓俊英。
"Huỳnh song tân thoát tích,",螢窗新脱跡，
Nhạn tháp tảo đề danh.,雁塔早題名。
"Hoa chủng hữu sinh tính,",華種有生性，
"Nhân địa, hoa sinh sinh.",因地華生生。
"Đại duyên dữ tín hợp,",大緣與信合，
Đương sinh sinh bất sinh.,當生生不生。
"Dưỡng kê túng kê thực,",養雞縱雞食，
Kê phì nãi phanh chi.,雞肥乃烹之。
"Chủ nhân kế cố giai,",主人計固佳，
Bất khả sử kê tri.,不可使雞知。
"Minh chân như tính hải,",明真如性海，
Kim tường phổ chiếu thông.,金詳譜照通。
"Chỉ đạo thành chính quả,",恉道成正果，
Giác ngộ chứng chân không.,覺悟証真空。
"Hoa chủng tuy nhân địa,",華種雖因地，
Tùng địa chủng hoa sinh.,從地種華生。
"Nhược vô nhân hạ chủng,",若無人下種，
Hoa địa tận vô sinh.,華地盡無生。
"Kha cán như kim thạch,",柯幹如金石，
Tâm kiên nại tuế hàn.,心堅耐歲寒。
Bình sinh thuỳ kết hữu?,平生誰結友？
Nghi cộng trúc tùng khan.,宜共竹松看。
"Thiên địa nhất thân tại,",天地一身在，
Đầu lô ngũ thập qua.,頭顱五十過。
"Lưu niên tiêu tráng chí,",流年消壯志，
Không sử lệ thành hà.,空使淚成河。
"Thánh chúa ân cầu sĩ,",聖主恩求士，
Ngô thân hựu vọng nhi.,吾親又望兒。
"Thử thân tư báo bổ,",此身思報補，
Hồi thủ cảm suy di.,回首感推移。
"Khảng khái trượng phu chí,",慷慨丈夫志，
Sinh đương trung hiếu môn.,生當忠孝門。
"Vi quan tu tác tướng,",為官須作相，
Cập đệ tất tranh tiên.,及第必爭先。
"Trung dạ hốt tự khởi,",中夜忽自起，
Cấp thử bách xích tuyền.,汲此百尺泉。
"Lâm mộc hàm bạch lộ,",林木含白露，
Tinh đẩu tại thanh thiên.,星斗在青天。
"An đắc xả trần võng,",安得捨塵網，
Phất y từ thế huyên.,拂衣辭世喧。
"Du nhiên sách lê trượng,",悠然策藜杖，
Quy hướng đào hoa nguyên.,歸向桃花源。
"Môn kính phủ thanh khê,",門徑俯清溪，
Mao thiềm cổ mộc tề.,茅檐古木齊。
"Hồng trần phiêu bất đáo,",紅塵飄不到，
Thì hữu thuỷ cầm đề.,時有水禽啼。
"Nhật lạc chúng sơn hôn,",日落眾山昏，
Tiêu tiêu mộ vũ phồn.,蕭蕭暮雨繁。
"Na kham lưỡng xứ túc,",那堪兩處宿，
Cộng thính nhất thanh viên.,共聽一聲猿。
"Mẫu chỉ tài phương khiết,",母指才方嚙，
Nhi tâm thống bất câm.,兒心痛不禁。
"Phụ tân quy vị vãn,",負薪歸未晚，
Cốt nhục chí tình thâm.,骨肉至情深。
"Khai khiếp lệ triêm ức,",開篋淚沾臆，
Kiến quân tiền nhật thư.,見君前日書。
"Dạ đài hà tịch mịch,",夜臺何寂寞，
Do thị Tử Vân cư.,猶是子雲居。
"Cố nhân bất khả kiến,",故人不可見，
Hán thuỷ nhật đông lưu.,漢水日東流。
"Tá vấn Tương Dương lão,",借問襄陽老，
Giang sơn không Sái Châu.,江山空蔡州。
"Kỷ tẩu hoàng tuyền lý,",紀叟黃泉裏，
Hoàn ưng nhưỡng lão xuân.,還應釀老春。
"Dạ đài vô Lý Bạch,",夜臺無李白，
Cô tửu dữ hà nhân?,沽酒與何人？
"Phù hương nhiễu khúc ngạn,",浮香繞曲岸，
Viên ảnh phúc hoa trì.,圓影覆華池。
"Thường khủng thu phong tảo,",常恐秋風早，
Phiêu linh quân bất tri.,飄零君不知。
"Hoa minh ỷ mạch xuân,",花明綺陌春，
Liễu phất ngự câu tân.,柳拂御溝新。
"Vị báo Liêu Dương khách,",為報遼陽客，
Lưu quang bất đãi nhân.,流光不待人。
"Viễn thú công danh bạc,",遠戍功名薄，
U khuê niên mạo thương.,幽閨年貌傷。
"Trang thành đối xuân thụ,",妝成對春樹，
Bất ngữ lệ thiên hàng.,不語淚千行。
"Hình ảnh nhất triêu biệt,",形影一朝別，
Yên ba thiên lý phân.,煙波千里分。
"Quân khan vọng quân xứ,",君看望君處，
Chỉ thị khởi hành vân.,只是起行雲。
"Đề oanh lục thụ thâm,",啼鶯綠樹深，
Ngữ yến điêu lương vãn.,語燕雕梁晚。
"Bất tỉnh xuất môn hành,",不省出門行，
Sa trường tri cận viễn.,沙場知近遠。
"Động phòng kim dạ minh,",洞房今夜明，
Như luyện phục như sương.,如練復如霜。
"Vị chiếu ly nhân hận,",為照離人恨，
Đình đình đáo hiểu quang.,亭亭到曉光。
"Nhạn tận thư nan ký,",雁盡書難寄，
Sầu đa mộng bất thành.,愁多夢不成。
"Nguyện tuỳ cô nguyệt ảnh,",願隨孤月影，
Lưu chiếu Phục Ba doanh.,流照伏波營。
"Lũng để ta trường biệt,",隴底嗟長別，
Lưu khâm nhất động quân.,流襟一動君。
"Hà ngôn u yết sở,",何言幽咽所，
Cánh tác tử sinh phân.,更作死生分。
"Triêu tăng oanh bách chuyển,",朝憎鶯百囀，
Dạ đố yến song thê.,夜妒燕雙棲。
"Bất quán kinh xuân biệt,",不慣經春別，
Duy tri đáo hiểu đề.,惟知到曉啼。
"Châu bạc lung hàn nguyệt,",珠箔籠寒月，
Sa song bối hiểu đăng.,紗窗背曉燈。
"Dạ lai cân thượng lệ,",夜來巾上淚，
Nhất bán thị xuân băng.,一半是春冰。
"Quan san chinh thú viễn,",關山征戍遠，
Khuê các biệt ly nan.,閨閣別離難。
"Khổ chiến ưng tiều tuỵ,",苦戰應憔悴，
Hàn y bất yêu khoan.,寒衣不要寬。
"Tam nguyệt tuyết liên dạ,",三月雪連夜，
Vị ưng thương vật hoa.,未應傷物華。
"Chỉ duyến xuân dục tận,",只緣春欲盡，
Lưu trước bạn lê hoa.,留著伴梨花。
"Dữ hoan du trì thượng,",與歡遊池上，
Hà sinh mãn lục trì.,荷生滿綠池。
"Chu hoa tự hoan diện,",朱花似歡面，
Tố ngẫu tự hoan ky.,素藕似歡肌。
"Song phong cát y cửu,",雙峰褐衣久，
Nhất khánh bạch my trường.,一磬白眉長。
"Thuỳ thức dã nhân ý,",誰識野人意，
Đồ khan xuân thảo phương.,徒看春草芳。
"Thập niên ma nhất kiếm,",十年磨一劍，
Sương nhận vị tằng thí.,霜刃未曾試。
"Kim nhật bả tự quân,",今日把似君，
Thuỳ vi bất bình sự.,誰為不平事。
"Kiến giải trình kiến giải,",見解呈見解，
Tự niết mục tác quái.,自揘目作怪。
"Niết mục tác quái liễu,",揘目作怪了，
Minh minh thường tự tại.,明明常自在。
"Tạp anh phân dĩ tích,",雜英紛已積，
Hàm phương độc mộ xuân.,含芳獨暮春。
"Hoàn như cố viên thụ,",還如故園樹，
Hốt ức cố viên nhân.,忽憶故園人。
"Thiên lý bất vi viễn,",千里不為遠，
Thập niên quy vị trì.,十年歸未遲。
"Đồng tại càn khôn nội,",同在乾坤內，
Hà tu oán biệt ly.,何須怨別離。
"Liễn lộ giang phong ám,",輦路江楓暗，
Cung đình dã thảo xuân.,宮廷野草春。
"Thương tâm Dữu khai phủ,",傷心庾開府，
Lão tác bắc triều thần.,老作北朝臣。
"Nhật ẩm kim tiết tuyền,",日飲金屑泉，
Thiểu đương thiên dư tuế.,少當千餘歲。
"Thuý phụng tường văn ly,",翠鳳翔文螭，
Vũ tiết triều ngọc đế.,羽節朝玉帝。
"Oanh đình đạm bất lưu,",縈渟澹不流，
Kim bích như khả thập.,金碧如可拾。
"Nghinh thần hàm tố hoa,",迎晨含素華，
Độc vãng sự triêu cấp.,獨往事朝汲。
"Vạn lý trường thành hoại,",萬里長城壞，
Hoang dinh dã thảo thu.,荒營野草秋。
"Mạt Lăng đa sĩ nữ,",秣陵多士女，
Độc xướng “Bạch phù cưu”.,獨唱白符鳩。
"Giang thuỷ tam thiên lý,",江水三千里，
Gia thư thập ngũ hàng.,家書十五行。
"Hàng hàng vô biệt ngữ,",行行無別語，
Chỉ đạo tảo hoàn hương.,只道早還鄉。
"Ngạn dữ ân đồng quảng,",岸與恩同廣，
Ba tương từ cộng thâm.,波將慈共深。
"Quyên quyên lao nhật dạ,",涓涓勞日夜，
Trường tự hạ lưu tâm.,長似下流心。
"Quái đắc bắc phong cấp,",怪得北風急，
Tiền đình như nguyệt huy.,前庭如月輝。
"Thiên nhân ninh hứa xảo,",天人寧許巧，
Tiễn thuỷ tác hoa phi.,剪水作花飛。
"Cựu sơn chư ẩn luân,",舊山諸隱淪，
Thân tại khổ vô thân.,身在苦無身。
"Mạc toả bạch vân lộ,",莫鎖白雲路，
Bạch vân đa ngộ nhân.,白雲多誤人。
"Mân kiệu thất thiên lý,",閩嶠七千里，
Phong yên thập nhị thu.,烽煙十二秋。
"Bất tri minh kính lý,",不知明鏡裡，
Dã hữu tuyết doanh đầu.,也有雪盈頭。
"Tằng hướng Tiền Đường trụ,",曾向錢塘住，
Văn quyên ức Thục hương.,聞鵑憶蜀鄉。
"Bất tri kim dạ mộng,",不知今夜夢，
"Đáo Thục, đáo Tiền Đường?",到蜀到錢塘？
"Hoàng kim vô túc sắc,",黃金無足色，
Bạch bích hữu vi hà.,白璧有微瑕。
"Cầu nhân bất cầu bị,",求人不求備，
Thiếp nguyện lão quân gia.,妾愿老君家。
"Tiền hữu dung ám quân,",前有庸暗君，
Hôn Đức cập Linh Đức.,昏德及靈德。
"Hà bất tảo an bài,",何不早安排，
Đồ sử lao nhân lực.,徒使勞人力。
"Thí thuyết đồ trung cảnh,",試說途中景，
Phương tri biệt hậu tâm.,方知別後心。
"Hành nhân nhật mộ thiểu,",行人日暮少，
Phong tuyết loạn sơn thâm.,風雪亂山深。
"Ngã tế khứ trùng hồ,",我婿去重湖，
Lâm song khấp huyết thư.,臨窗泣血書。
"Ân cần bằng yến dực,",慇懃憑燕翼，
Ký dữ bạc tình phu.,寄與薄情夫。
"Tùng ám thuỷ quyên quyên,",松暗水涓涓，
Dạ lương nhân vị miên.,夜涼人未眠。
"Tây phong nguyệt do tại,",西峰月猶在，
Dao ức thảo đường tiền.,遙憶草堂前。
"Khách tâm thiên lý quyện,",客心千里倦，
Xuân sự nhất triêu quy.,春事一朝歸。
"Hoàn thương bắc viên lý,",還傷北園裏，
Trùng kiến lạc hoa phi.,重見落花飛。
"Mạch mạch quảng xuyên lưu,",脈脈廣川流，
Khu mã lịch trường châu.,驅馬歷長洲。
"Thước phi sơn nguyệt thự,",鵲飛山月曙，
Thuyền táo dã phong thu.,蟬噪野風秋。
"Tảo thu kinh lạc diệp,",早秋驚落葉，
Phiêu linh tự khách tâm.,飄零似客心。
"Phiên phi vị khẳng há,",翻飛未肯下，
Do ngôn tích cố lâm.,猶言惜故林。
"Đại đạo trực như phát,",大道直如髮，
Xuân nhật giai khí đa.,春日佳氣多。
"Ngũ Lăng quý công tử,",五陵貴公子，
Song song minh ngọc kha.,雙雙鳴玉珂。
Bạch ngọc thuỳ gia lang,白玉誰家郎，
Hồi xa độ Thiên Tân,回車渡天津。
Khán hoa đông mạch thượng,看花東陌上，
Kinh động Lạc Dương nhân.,驚動洛陽人。
"Tạc nhật hoa tốc tốc,",昨日花簌簌，
Kim nhật lạc như tảo.,今日落如掃。
"Phản oán thịnh khai thì,",反怨盛開時，
Bất cập vị khai hảo.,不及未開好。
"Kim Cốc viên trung liễu,",金谷園中柳，
Xuân lai tự vũ yêu.,春來似舞腰。
"Na kham hảo phong cảnh,",那堪好風景，
Độc thướng Lạc Dương kiều.,獨上洛陽橋。
"Bất hỉ Tần Hoài thuỷ,",不喜秦淮水，
Sinh tăng giang thượng thuyền.,生憎江上船。
"Tải nhi phu tế khứ,",載兒夫婿去，
Kinh tuế hựu kinh niên.,經歲又經年。
"Mạc tác thương nhân phụ,",莫作商人婦，
Kim thoa đương bốc tiền.,金釵當卜錢。
"Triêu triêu giang khẩu vọng,",朝朝江口望，
Thác nhận kỷ nhân thuyền.,錯認幾人船。
"Na niên ly biệt nhật,",那年離別日，
Chỉ đạo trụ Đồng Lư.,只道住桐廬。
"Đồng Lư nhân bất kiến,",桐廬人不見，
Kim đắc Quảng Châu thư.,今得廣州書。
"Lạc Dương phỏng tài tử,",洛陽訪才子，
Giang Lĩnh tác lưu nhân.,江嶺作流人。
"Văn thuyết mai hoa tảo,",聞說梅花早，
Hà như thử địa xuân?,何如此地春？
"Tương tống lâm cao đài,",相送臨高臺，
Xuyên nguyên diểu hà cực.,川原杳何極。
"Nhật mộ phi điểu hoàn,",日暮飛鳥還，
Hành nhân khứ bất tức.,行人去不息。
"Sinh tại dương gian hữu tán trường,",生在陽間有散場，
Tử quy địa phủ dã hà phương?,死歸地府也何妨。
"Dương gian địa phủ câu tương tự,",陽間地府俱相似，
Chỉ đáng phiêu lưu tại dị hương.,只當漂流在異鄉。
"Tính tích đam u tĩnh,",性癖耽幽靜，
Nhàn hiên cận bệ la.,閑軒近薜蘿。
"Phong ba vãng lai lộ,",風波往來路，
Tình quyển lục âm đa.,晴卷綠陰多。
"Hữu ý liên diệp gian,",有意蓮葉間，
Miết nhiên há cao thụ.,瞥然下高樹。
"Phách ba đắc tiềm ngư,",擘波得潛魚，
Nhất điểm thuý quang khứ.,一點翠光去。
"Phiến hà chiếu tiên tỉnh,",片霞照仙井，
Tuyền để đào hoa hồng.,泉底桃花紅。
"Na tri u thạch hạ,",那知幽石下，
Bất dữ Vũ Lăng thông.,不與武陵通。
"Phương bình hoạ xuân thảo,",芳屏畫春草，
Tiên trữ chức triêu hà.,仙杼織朝霞。
"Hà như sơn thuỷ lộ,",何如山水路，
Đối diện tức phi hoa.,對面即飛花。
"Đà cổ tam thanh tất,",鼍鼔三聲畢，
Tây sơn nhật hựu tà.,西山日又斜。
"Hoàng tuyền vô khách xá,",黄泉無客舍，
Kim dạ túc thuỳ gia.,今夜宿誰家。
"Nhai cổ xâm nhân cấp,",街鼓侵人急，
Tây khuynh nhật dục tà.,西傾日欲斜。
"Hoàng tuyền vô lữ điếm,",黃泉無旅店，
Kim dạ túc thuỳ gia?,今夜宿誰家？
"Hạo khí hoàn thái hư,",浩氣還太虛，
Đan tâm chiếu vạn cổ.,丹心照萬古。
"Sinh tiền vị liễu sự,",生前未了事，
Lưu dữ hậu nhân bổ!,留與後人補！
"Thiên vương tự thánh minh,",天王自圣明，
Chế độ cao thiên cổ.,制度高千古。
"Bình sinh vị báo ân,",平生未报恩，
Lưu tác trung hồn bổ!,留作忠魂补！
"Khinh chu nghinh thượng khách,",輕舟迎上客，
Du du hồ thượng lai.,悠悠湖上來。
"Đương hiên đối tôn tửu,",當軒對樽酒，
Tứ diện phù dung khai.,四面芙蓉開。
"Đương hiên di hoảng dạng,",當軒彌滉漾，
Cô nguyệt chính bùi hồi.,孤月正裴回。
"Cốc khẩu viên thanh phát,",谷口猿聲髮，
Phong truyền nhập hộ lai.,風傳入戶來。
"Tuế khứ hồng nhan tận,",歲去紅顏盡，
Thu lai bạch phát tân.,秋來白髮新。
"Kim triêu khai kính hạp,",今朝開鏡匣，
Nghi thị biệt phùng nhân.,疑是別逢人。
"Sơ tùng nghi nguyệt bạch,",疎松冝月白，
U giáp túc phong thanh.,幽峽足風淸。
"Tiếu ngạo tung du hý,",笑傲縱遊戱，
Cao đê tuỳ xứ bình.,高低隨處平。
"Thiên hạ thương tâm xứ,",天下傷心處，
Lao Lao tống khách đình.,勞勞送客亭。
"Xuân phong tri biệt khổ,",春風知別苦，
Bất khiển liễu điều thanh.,不遣柳條青。
"Minh triêu du thượng uyển,",明朝遊上苑，
Hoả cấp báo xuân tri.,火急報春知。
"Hoa tu liên dạ phát,",花須連夜發，
Mạc đãi hiểu phong xuy.,莫待曉風吹。
"Vạn sự tiêu thân ngoại,",萬事銷身外，
Sinh nhai tại kính trung.,生涯在鏡中。
"Duy tương mãn mấn tuyết,",唯將滿鬢雪，
Minh nhật đối thu phong.,明日對秋風。
"Nhất thuỷ trung phù địa,",一水中浮地，
Trường lưu đảo tải thiên.,長流倒載天。
"Ngư chu xuân tống khách,",漁舟春送客，
Hồi trạo túc hoa biên.,迴棹宿花邊。
"Lai vô xa mã tích,",來無車馬跡，
Khứ dữ lộ âu quần.,去與鷺鷗群。
"Cửu hữu vong cơ hứng,",久有忘機興，
Ngư ông khẳng bán phân.,漁翁肯半分。
"Hồng nhan xứng tuyệt đại,",紅顏稱絕代，
Dục tịnh chân vô lữ.,欲并真無侶。
"Độc hữu kính trung nhân,",獨有鏡中人，
Do lai tự tương hứa.,由來自相許。
"Phân hàng tiếp ỷ thụ,",分行接綺樹，
Đảo ảnh nhập thanh y.,倒影入清漪，
"Bất học ngự câu thượng,",不學御溝上，
Xuân phong thương biệt ly.,春風傷別離。
"Ánh trì đồng nhất sắc,",映池同一色，
Trục xuy tán như ti.,逐吹散如絲。
"Kết âm ký đắc địa,",結陰既得地，
Hà tạ Đào gia thì.,何謝陶家時。
"Vô phong tài đáo địa,",無風才到地，
Hữu phong hoàn mãn không.,有風還滿空。
"Duyên cừ thiên tự tuyết,",緣渠偏似雪，
Mạc cận mấn mao sinh.,莫近鬢毛生。
"Liễu sắc xâm y lục,",柳色侵衣綠，
Đào hoa ánh tửu hồng.,桃花映酒紅。
"Trường An du dã tử,",長安遊冶子，
Nhật nhật tuý xuân phong.,日日醉春風。
"Diệu vũ Hán cung nhân,",妙舞漢宮人，
Hương hồn hoá kỷ xuân.,香魂化幾春。
"Kiều phi bàng dương liễu,",嬌飛傍楊柳，
Do tự học yêu thân.,猶似學腰身。
"Vấn xuân tòng thử khứ,",問春從此去，
Kỷ nhật đáo Tần Nguyên?,幾日到秦原？
"Bằng ký hoàn hương mộng,",憑寄還鄉夢，
Ân cần nhập cố viên.,殷勤入故園。
"Đông khứ canh trù tận,",冬去更籌盡，
Xuân tuỳ Đẩu bính hồi.,春隨斗柄回。
"Hàn huyên nhất dạ cách,",寒暄一夜隔，
Dung mấn lưỡng niên thôi.,容鬢兩年催。
"Thập niên tằng nhất biệt,",十年曾一別，
Chinh lộ thử tương phùng.,征路此相逢。
"Mã thủ hướng hà xứ,",馬首向何處，
Tịch dương thiên vạn phong.,夕陽千萬峰。
"Lại thanh huyên cực phố,",瀨聲喧極浦，
Duyên thiệp hướng nam tân.,沿涉向南津。
"Phiếm phiếm âu phù độ,",泛泛鷗鳧渡，
Thì thì dục cận nhân.,時時欲近人。
"Không sơn bất kiến nhân,",空山不見人，
Đãn văn nhân ngữ hưởng.,但聞人語響。
"Phản cảnh nhập thâm lâm,",返景入深林，
Phục chiếu thanh đài thượng.,復照青苔上。
"Nhật tịch kiến hàn sơn,",日夕見寒山，
Tiện vi độc vãng khách.,便為獨往客。
"Bất tri thâm lâm sự,",不知深林事，
Đãn hữu quân gia tích.,但有麏麚蹟。
"Tế vũ quá giang đầu,",細雨過江頭，
Cô bồng dạ vị hưu.,孤篷夜未休。
"Quy tâm dữ yên lãng,",歸心與烟浪，
Tương trục há Dương Châu.,相逐下揚州。
"Bách quả hữu long nhãn,",百果有龍眼，
Như nhân kiến Tử Đô.,如人見子都。
"Bất ưng duyên hậu thục,",不應緣後熟，
Hoán tác lệ chi nô.,喚作荔枝奴。
"Tạc nhật đông lâu tuý,",昨日東樓醉，
Hoàn ưng đảo tiếp ly.,還應倒接蘺。
"A thuỳ phù thượng mã,",阿誰扶上馬，
Bất tỉnh hạ lâu thì.,不省下樓時。
"Lục thuỷ minh thu nguyệt,",淥水明秋月，
Nam hồ thái bạch tần.,南湖採白蘋。
"Hà hoa kiều dục ngữ,",荷花嬌欲語，
Sầu sát đãng chu nhân.,愁殺蕩舟人。
"Triêu vi canh chủng nhân,",朝為耕種人，
Mộ vi đao thương quỷ.,暮為刀槍鬼。
"Tương khán phụ tử huyết,",相看父子血，
Cộng nhiễm thành hào thuỷ.,共染城壕水。
"Ngọc tiết tuỳ đông các,",玉節隨東閣，
Kim khuê biệt cựu liêu.,金閨別舊僚。
"Nhược vi hoa mãn tự,",若為花滿寺，
Dược mã thướng hà kiều.,躍馬上河橋。
"Trú mã dục phân khâm,",駐馬欲分襟，
Thanh hàn ngự câu thượng.,清寒御溝上。
"Tiền sơn cảnh khí giai,",前山景氣佳，
Độc vãng hoàn trù trướng.,獨往還惆悵。
"Trú mã dục phân khâm,",駐馬欲分襟，
Thanh hàn ngự câu thượng.,清寒禦溝上。
"Tiền sơn cảnh khí giai,",前山景氣佳，
Độc vãng hoàn trù trướng.,獨往還惆悵。
"Quy sơn thâm thiển khứ,",歸山深淺去，
Tu tận khâu hác mỹ.,須盡丘壑美。
"Mạc học Vũ Lăng nhân,",莫學武陵人，
Tạm du Đào Nguyên lý.,暫遊桃源裏。
"Nhất khứ nhất vạn lý,",一去一萬里，
Thiên tri thiên bất hoàn.,千知千不還。
"Nhai Châu hà xứ tại,",崖州何處在，
Sinh độ Quỷ Môn quan.,生度鬼門關。
"Tự ngọc lai đầu ngục,",似玉來投獄，
Phao gia khứ tựu gia.,拋家去就枷。
"Khả liên lưỡng phiến mộc,",可忴兩片木，
Giáp khước nhất chi hoa.,夾卻一枝花。
"Ly hạ trùng dương cúc,",籬下重陽菊，
Chi đầu thục khí oanh.,枝頭淑氣鶯。
"Trú tắc kim ô chiếu,",晝則金烏照，
Dạ lai ngọc thố minh.,夜來玉兔明。
"Viên trung mạc chủng thụ,",園中莫種樹，
Chủng thụ tứ thì sầu.,種樹四時愁。
"Độc thuỵ nam sàng nguyệt,",獨睡南床月，
Kim thu tự khứ thu.,今秋似去秋。
"Mạc đạo nho quan ngộ,",莫道儒冠誤，
Thi thư bất phụ nhân.,詩書不負人。
"Đạt nhi tướng thiên hạ,",達而相天下，
Cùng diệc thiện kỳ thân.,窮亦善其身。
"Nùng cư Thạch Thành hạ,",儂居石城下，
Lang đáo Thạch Thành du.,郎到石城遊。
"Tự lang Thạch Thành xuất,",自郎石城出，
Trường tại Thạch Thành đầu.,長在石城頭。
"Xuân phong xuy Thạch Thành,",春風吹石城，
Nhật nhật hoán hoa khai.,日日喚花開。
"Khả liên hoa thượng nguyệt,",可憐花上月，
Bất hoán Mạc Sầu lai.,不喚莫愁來。
Mạc Sầu tại hà xứ?,莫愁在何處，
Mạc Sầu Thạch Thành tây.,莫愁石城西。
"Đĩnh tử đả lưỡng tưởng,",艇子打兩槳，
Thôi tống Mạc Sầu lai.,催送莫愁來。
"Văn hoan hạ Dương Châu,",聞歡下揚州，
Tương tống Sở sơn đầu.,相送楚山頭。
"Thám thủ bão yêu khán,",探手抱腰看，
Giang thuỷ đoạn bất lưu.,江水斷不流。
"Đông phong xuy noãn chí,",東風吹暖至，
Bách thảo mị xuân dương.,百草媚春陽。
"Hà sự cưu hoán vũ,",何事鳩喚雨，
Hoa thần dục tẩy trang.,花神欲洗粧。
Húc khí vị tằng chí,旭氣未曾至，
Hoa chi tảo dĩ khai,花枝早已開。
Dã tri thử hương sắc,也知此香色，
Bản tự tuế hàn lai,本自歲寒來。
"Tường giác sổ chi mai,",牆角數枝梅，
Lăng hàn độc tự khai.,凌寒獨自開。
"Dao tri bất thị tuyết,",遙知不是雪，
Vị hữu ám hương lai.,為有暗香來。
"Tái bắc vị quân thú,",塞北為君戍，
Giang Nam thị thiếp gia.,江南是妾家。
"Dao tri quan ngoại tuyết,",遙知關外雪，
Chính tự lĩnh đầu hoa.,正似嶺頭花。
"Tân gia Mạnh Thành khẩu,",新家孟城口，
Cổ mộc dư suy liễu.,古木餘衰柳。
"Lai giả phục vi thuỳ,",來者復為誰，
Không bi tích nhân hữu.,空悲昔人有。
"Kết lư cổ thành hạ,",結廬古城下，
Thì đăng cổ thành thượng.,時登古城上。
"Cổ thành phi trù tích,",古城非疇昔，
Kim nhân tự lai vãng.,今人自來往。
"Giang Nam mạnh xuân thiên,",江南孟春天，
Hạnh diệp đại như tiền.,荇葉大如錢。
"Bạch tuyết trang mai thụ,",白雪裝梅樹，
Thanh bào tự phong điền.,青袍似葑田。
"Thử mã phi phàm mã,",此馬非凡馬，
Phòng tinh bản thị tinh.,房星本是星。
"Hướng tiền xao sấu cốt,",向前敲瘦骨，
Do tự đới đồng thanh.,猶自帶銅聲。
"Đại mạc sa như tuyết,",大漠沙如雪，
Yên sơn nguyệt tự câu.,燕山月似鉤。
"Hà đương kim lạc não,",何當金絡腦，
Khoái tẩu đạp thanh thu?,快走踏清秋？
"Cơ ngoạ cốt tra nha,",飢臥骨查牙，
Thô mao thích phá hoa.,粗毛刺破花。
"Liệp tiêu chu sắc lạc,",鬣焦朱色落，
Phát đoạn cứ trường ma.,髮斷鋸長麻。
"Tây Mẫu tửu tương lan,",西母酒將闌，
Đông vương phạn dĩ can.,東王飯已乾。
"Quân vương nhược yến khứ,",君王若燕去，
Thuỳ vị duệ xa viên.,誰為拽車轅。
"Thôi bảng độ Ô Giang,",催榜渡烏江，
Thần chuy khấp hướng phong.,神騅泣嚮風。
"Quân vương kim giải kiếm,",君王今解劍，
Hà xứ trục anh hùng.,何處逐英雄。
"Bất tòng Hoàn Công liệp,",不從桓公獵，
Hà năng phục hổ uy.,何能伏虎威。
"Nhất triêu câu lũng xuất,",一朝溝隴出，
Khán thủ phất vân phi.,看取拂雲飛。
"Bá Nhạc hướng tiền khan,",伯樂向前看，
Toàn mao tại phúc gian.,旋毛在腹間。
"Chỉ kim bẫu bạch thảo,",只今掊白草，
Hà nhật mạch thanh san?,何日驀青山？
"Hãn huyết đáo vương gia,",汗血到王家，
Tuỳ loan hám ngọc kha.,隨鸞撼玉珂。
"Thiếu Quân kỵ hải thượng,",少君騎海上，
Nhân kiến thị thanh la.,人見是青騾。
"Vũ Đế ái thần tiên,",武帝愛神仙，
Thiêu kim đắc tử yên.,燒金得紫煙。
"Cứu trung giai nhục mã,",廄中皆肉馬，
Bất giải thướng thanh thiên.,不解上青天。
"Minh mục tứ thiên cổ,",瞑目思千古，
Phiêu nhiên nhất hồng trần.,飄然一烘塵。
"Sơn xuyên uyển như cựu,",山川宛如舊，
Đa thiểu vị lai nhân.,多少未來人。
"Đãi nguyệt tây sương hạ,",待月西廂下，
Nghinh phong hộ bán khai.,迎風戶半開。
"Phất tường hoa ảnh động,",拂牆花影動，
Nghi thị ngọc nhân lai.,疑是玉人來。
"Minh tranh kim túc trụ,",鳴箏金粟柱，
Tố thủ ngọc phòng tiền.,素手玉房前。
"Dục đắc Chu Lang cố,",欲得周郎顧，
Thời thời ngộ phất huyền.,時時誤拂弦。
"Thương thương lạc nhật thì,",蒼蒼落日時，
Điểu thanh loạn khê thuỷ.,鳥聲亂溪水。
"Duyên khê lộ chuyển thâm,",緣溪路轉深，
U hứng hà thì dĩ.,幽興何時已。
"Kiến diệp sơ nghi thị,",見葉初疑柿，
Khán hoa hựu thị liên.,看花又是蓮。
"Khả liên vô định tướng,",可憐無定相，
Bất lạc lưỡng đầu biên.,不落兩頭邊。
"Địa hạ đa ngô hữu,",地下多吾友，
Giai vi thương quỷ hùng.,皆為殤鬼雄。
"Dạ lai mộng Tuyết Đậu,",夜來夢雪竇，
Trường tiêu chiến trường trung.,長嘯戰場中。
"Tuý trung hoàn hữu mộng,",醉中還有夢，
Thân ngoại dĩ vô tâm.,身外已無心。
"Minh kính duy tri lão,",明鏡唯知老，
Thanh sơn hà xứ thâm.,青山何處深。
"Đoản trạo các tình sa,",短棹擱晴沙，
Tiền thôn nhật dĩ tà.,前村日已斜。
"Tự vô hoàn tự hữu,",似無還似有，
Yên tế lưỡng tam gia.,煙際兩三家。
"Cửu nhàn lưỡng cước nhuyễn như miên,",久閑兩腳軟如綿，
Kim thí hành hành lũ dục điên;,今試行行屢欲顛。
Phiến khắc dĩ văn Ban trưởng hám:,片刻已聞班長喊，
"""Phản lai, bất chuẩn tái trì diên"".",返來不准再遲延。
"Mục đồng kiến khách bái,",牧童見客拜，
Sơn quả hoài trung lạc.,山果懷中落。
"Trú nhật khu ngưu quy,",晝日驅牛歸，
Tiền khê phong vũ ác.,前溪風雨惡。
"Ngọc quản triêu triêu lộng,",玉管朝朝弄，
Thanh ca nhật nhật tân.,清歌日日新。
"Chiết hoa đương dịch lộ,",折花當驛路，
Ký dữ Lũng Đầu nhân.,寄與隴頭人。
"Bình phố thừa triều thượng,",平浦乘潮上，
Nông dân sấn hiểu canh.,農民趁曉耕。
"Hát ngưu phi bạch điểu,",喝牛飛白鳥，
Phong ngoại lưỡng tam thanh.,風外兩三聲。
"Đạm đạm Trường Giang thuỷ,",澹澹長江水，
Du du viễn khách tình.,悠悠遠客情。
"Lạc hoa tương dữ hận,",落花相與恨，
Đáo địa nhất vô thanh.,到地一無聲。
"Nam Hoang cổ Viêm kiếu,",南荒古炎徼，
Thập nguyệt vô sương phi.,十月無霜飛。
"Đình toa bi viễn đạo,",停梭悲遠道，
Bất dụng ký hàn y.,不用寄寒衣。
"Đại gia khứ yết linh,",大家去謁靈，
Cường đạo trang chính kinh.,強盜裝正經。
"Tĩnh mặc thập phân chung,",靜默十分鐘，
Các tự tưởng quyền kinh.,各自想拳經。
"Khứ quốc Tam Ba viễn,",去國三巴遠，
Đăng lâu vạn lý xuân.,登樓萬里春。
"Thương tâm giang thượng khách,",傷心江上客，
Bất thị cố hương nhân.,不是故鄉人。
"Nam Phố thê thê biệt,",南浦淒淒別，
Tây phong niệu niệu thu.,西風嫋嫋秋。
"Nhất khán trường nhất đoạn,",一看腸一斷，
Hảo khứ mạc hồi đầu.,好去莫回頭。
"Vạn lý nhân nam khứ,",萬里人南去，
Tam xuân nhạn bắc phi.,三春雁北飛。
"Bất tri hà tuế nguyệt,",不知何歲月，
Đắc dữ nhĩ đồng quy.,得與爾同歸。
"Khinh chu nam xá khứ,",輕舟南垞去，
Bắc xá miểu nan tức.,北垞淼難即。
"Cách phố vọng nhân gia,",隔浦望人家，
Dao dao bất tương thức.,遙遙不相識。
"Cô chu tín nhất bạc,",孤舟信一泊，
Nam xá hồ thuỷ ngạn.,南垞湖水岸。
"Lạc nhật há yêm tư,",落日下崦嵫，
Thanh ba thù miểu mạn.,清波殊淼漫。
"Nga nga, lưỡng nga nga,",鵝鵝兩鵝鵝，
Ngưỡng diện hướng thiên nha.,仰面向天涯。
"Bạch mao phô lục thuỷ,",白毛鋪綠水，
Hồng trạo bãi thanh ba.,紅棹擺青波。
"Khả liên ngạn biên thụ,",可怜岸邊樹，
Hồng nhị phát thanh điều.,紅蕊發青條。
"Đông phong xuy độ thuỷ,",東風吹渡水，
Xung trước mộc lan kiêu.,沖著木蘭橈。
"Kim triêu phong nhật hảo,",今朝風日好，
Đường tiền huyên thảo hoa.,堂前萱草花。
"Trì bôi vi mẫu thọ,",持杯為母壽，
Sở hỉ vô huyên hoa.,所喜無喧嘩。
"Cô chu mộ quy khứ,",孤舟暮歸去，
Biệt lộ Giang Nam thụ.,別路江南樹。
"Yên ngoại hữu chung thanh,",煙外有鐘聲，
Cố nhân tại hà xứ.,故人在何處。
"Suy mấn thiên hành tuyết,",衰鬢千莖雪，
Tha hương nhất thụ hoa.,他鄉一樹花。
Kim triêu dữ quân tuý.,今朝與君醉，
Vong khước tại Trường Sa.,忘卻在長沙。
"Kỵ mãn quang tiên khuyết,",忌滿光先缺，
Thừa hôn ảnh tạm lưu.,乘昏影暫流。
"Ký năng minh tự kính,",既能明似鏡，
Hà dụng khúc như câu?,何用曲如鉤？
"Mạc thán tha hương tử,",莫嘆他鄉死，
Quân vương dã bất quy.,君王也不歸。
"Niên niên dã đường thụ,",年年野棠樹，
Hoa tại lộ bàng phi.,花在路傍飛。
"Lệ tận san hô chẩm,",淚盡珊瑚枕，
Hồn tiêu đại mội sàng.,魂銷玳瑁床。
"La y bất nhẫn trước,",羅衣不忍著，
Tu kiến tú uyên ương.,羞見繡鴛鴦。
"Quân khứ kỳ hoa thì,",君去期花時，
Hoa thì quân bất chí.,花時君不至。
"Thiềm tiền song yến phi,",簷前雙燕飛，
Lạc thiếp tương tư lệ.,落妾相思淚。
"Không khuê diệt chúc hậu,",空閨滅燭後，
La hoảng độc miên thì.,羅幌獨眠時。
"Lệ tận trường dục đoạn,",淚盡腸欲斷，
Tâm tri nhân bất tri.,心知人不知。
"Độc tự phi y tọa,",獨自披衣坐，
Canh thâm nguyệt lộ hàn.,更深月露寒。
"Cách liêm trường dục đoạn,",隔簾腸欲斷，
Tranh cảm hạ giai khan.,爭敢下階看。
"Tạc dạ quần đới giải,",昨夜裙帶解，
Kim triêu hỉ tử phi.,今朝蟢子飛。
"Diên hoa bất khả khí,",鉛華不可棄，
Mạc thị cảo châm quy.,莫是稿砧歸。
"Vạn lý hành nhân chí,",萬里行人至，
Thâm khuê dạ vị miên.,深閨夜未眠。
"Song mi đăng hạ tảo,",雙眉燈下掃，
Bất đãi kính đài tiền.,不待鏡臺前。
"Ngọc điện truyền kim bảng,",玉殿傳金榜，
Quân ân tứ trạng đầu.,君恩賜狀頭。
"Anh hùng tam bách bối,",英雄三百輩，
Tuỳ ngã bộ Doanh Châu.,隨我步瀛洲。
Ngọc giai sinh bạch lộ,玉階生白露，
Dạ cửu xâm la miệt,夜久侵羅襪。
Dục hạ thuỷ tinh liêm,欲下水晶簾，
Linh lung vọng thu nguyệt,玲瓏望秋月。
"Lạc Dương nhất biệt lê hoa tân,",洛陽一別梨花新，
Hoàng điểu phi phi phùng cố nhân.,黃鳥飛飛逢故人。
"Huề thủ đương niên cộng vi lạc,",攜手當年共為樂，
Vô kinh huệ thảo tích tàn xuân.,無驚蕙草惜殘春。
"Ngô phụ quốc thị Lan,",吳輔國是蘭，
Lê đô quan thị Kích.,黎都官是擊。
"Án nhất tụng Mạc Tích,",按一訟莫績，
Đãn cục tích nhi dĩ.,但跼蹐而已。
"Ngô tâm tự thu nguyệt,",吾心似秋月，
Bích đàm thanh hiệu khiết.,碧潭清皎潔。
"Vô vật kham tỷ luân,",無物堪比倫，
Giáo ngã như hà thuyết.,教我如何說。
"Đại tạo bản vô phương,",大造本無方，
Vân hà thị ưng trú?,云何是應住？
"Ký tòng không trung lai,",既從空中來，
Ưng hướng không trung khứ.,應向空中去。
"Vũ quá khê sơn tịnh,",雨過溪山淨，
Phong lâm nhất mộng lương.,楓林一夢涼。
"Phản quang trần thế giới,",反光塵世介，
Khai nhãn tuý mang mang.,開眼醉茫茫。
"Dục trục Hoài hồ thượng,",欲逐淮湖上，
Tạm đình Ngư Tử câu.,暫停魚子溝。
"Tương vọng tri bất kiến,",相望知不見，
Chung thị lũ hồi đầu.,終是屢回頭。
"Triêu nhật chiếu hồng trang,",朝日照紅妝，
Nghĩ thượng Đồng Tước đài.,擬上銅雀台。
"Hoạ my do vị liễu,",畫眉猶未了，
Nguỵ đế sử nhân thôi.,魏帝使人催。
"Mộc trung nguyên hữu hoả,",木中元有火，
Nguyên hoả phục hoàn sinh.,元火復還生。
"Nhược vị mộc vô hoả,",若謂木無火，
Toàn toại hà do manh?,鑽燧何由萌。
"Lữ quán khách nhưng tại,",旅館客仍在，
Khứ niên xuân phục lai.,去年春復來。
Quy kỳ hà nhật thị?,歸期何日是？
Lão tận cố viên mai.,老盡故園梅。
"Hảo cảnh phùng nguyên nhật,",好景逢元日，
Vô gia mẫn thử thân.,無家憫此身。
"Khách sầu hồn giảm khứ,",客愁渾減去，
Lão nhãn khán thanh xuân.,老眼看青春。
"Phách y câu dạng tiểu,",魄依鉤樣小，
Phiến trục Hán Cơ đoàn.,扇逐漢機團。
"Tế ảnh tương viên chất,",細影將圓質，
Nhân gian kỷ xứ khan.,人間幾處看。
"Dạ phong xuy tuý vũ,",夜風吹醉舞，
Đình hộ đối hàm ca.,庭戶對酣歌。
"Sầu trục tiền niên thiếu,",愁逐前年少，
Hoan nghinh kim tuế đa.,歡迎今歲多。
"Đào chi kham tích ác,",桃枝堪辟悪，
Bộc trúc hảo kinh miên.,爆竹好驚眠。
"Ca vũ lưu kim tịch,",歌舞留今夕，
Do ngôn tích cựu niên.,猶言惜舊年。
"Nhàn đình bách hoa phát,",閒庭百花發，
Dư hương nhập thử đường.,餘香入此堂。
"Tương đối cộng vô ngữ,",相對共無語，
"Xuân dạ, dạ tương ương.",春夜夜將央。
"Tòng tiền tống phạn thiên thiên tảo,",從前送飯天天早，
Hiện tại khai xan trì hựu trì;,現在開餐遲又遲。
"Huống phục thời gian bất nhất định,",況復時間不一定，
"Thập, thập nhất, hoặc thập nhị thì.",十十一或十二時。
"Nhàn du Hoa đỉnh thượng,",閑遊華頂上，
Thiên lãng trú quang huy.,天朗晝光輝。
"Tứ cố tình không lý,",四顧晴空裏，
Bạch vân đồng hạc phi.,白雲同鶴飛。
"Nhập xuân tài thất nhật,",入春才七日，
Ly gia dĩ nhị niên.,離家已二年。
"Nhân quy lạc nhạn hậu,",人歸落鴈後，
Tư phát tại hoa tiền.,思發在花前。
"Thuỷ quốc thu quang mộ,",水國秋光暮，
Kinh hàn nhạn trận cao.,驚寒雁陣高。
"Ưu tâm triển chuyển dạ,",憂心輾轉夜，
Tàn nguyệt chiếu cung đao.,殘月照弓刀。
"Nhân tại diễm dương trung,",人在豔陽中，
Đào hoa ánh diện hồng.,桃花映面紅。
"Niên niên nhị tam nguyệt,",年年二三月，
Để sự tiếu xuân phong?,底事笑春風？
"Bách niên dĩ quá bán,",百年已過半，
Thu chí chuyển cơ hàn.,秋至轉飢寒。
"Vị vấn bành châu mục,",為問彭州牧，
Hà thì cứu cấp nan.,何時救急難。
"Nhàn tự phỏng cao tăng,",閒自訪高僧，
Yên sơn vạn vạn tằng.,煙山萬萬層。
"Sư thân chỉ quy lộ,",師親指歸路，
Nguyệt quải nhất luân đăng.,月掛一輪燈。
"Mạch mạch quảng xuyên lưu,",脈脈廣川流，
Khu mã biên trường châu.,驅馬邊長洲。
"Thước phi sơn nguyệt thự,",鵲飛山月曙，
Thiền táo dã phong thu.,蟬噪野風秋。
"Sơ sấu cùng thu thuỷ,",疏瘦窮秋水，
Sàm nham lạc chiếu trung.,巉礹落照中。
"Ngang đầu khan bất tận,",昂頭看不盡，
Lai lộ hựu trùng trùng.,來路又重重。
"Nhật nguyệt quang thiên đức,",日月光天德，
Sơn xuyên tráng đế cư.,山川壯帝居。
"Thái bình vô dĩ báo,",太平無以報，
Nguyện thướng đông phong thư.,願上東封書。
"Nhất cử đăng khoa nhật,",一舉登科日，
Song thân vị lão thì.,雙親未老時。
"Cẩm y quy cố lý,",錦衣歸故里，
Đoan đích thị nam nhi.,端的是男兒。
"Sa thượng kiến nhật xuất,",沙上見日出，
Sa thượng kiến nhật một.,沙上見日沒。
"Hối hướng vạn lý lai,",悔向萬里來，
Công danh thị hà vật?,功名是何物。
"Nhật nguyệt quang thiên đức,",日月光天德，
Sơn hà tráng đế cư.,山河壯帝居。
"Thái bình vô dĩ báo,",太平無以報，
Nguyện thướng vạn niên thư.,願上萬年書。
"Tán ảnh ngọc giai liễu,",散影玉階柳，
Hàm thuý ẩn minh thiền.,含翠隱鳴蟬。
"Vi hình tàng diệp lý,",微形藏葉裏，
Loạn hưởng xuất phong tiền.,亂響出風前。
"Niên kỷ tuy nhiên tiểu,",年紀雖然小，
Văn chương nhật tiệm đa.,文章日漸多。
"Đãi khan thập ngũ lục,",待看十五六，
Nhất cử tiện đăng khoa.,一舉便登科。
"Niên thiếu sơ đăng đệ,",年少初登第，
Hoàng đô đắc ý hồi.,皇都得意回。
"Vũ Môn tam cấp lãng,",禹門三汲浪，
Bình địa nhất thanh lôi.,平地一聲雷。
"Dữ quân nhất tịch thoại,",與君一夕話，
Tỷ ngã thập niên giao.,比我十年交。
"Mai chử mang vi biệt,",梅渚忙爲別，
Diên sơn vọng lý dao.,鳶山望裡遙。
"Thí thiếp dữ quân lệ,",試妾與君淚，
Lưỡng xứ trích trì thuỷ.,兩處滴池水。
"Khán thủ phù dung hoa,",看取芙蓉花，
Kim niên vị thuỳ tử.,今年為誰死。
"Mỹ nhân quyển châu liêm,",美人捲珠簾，
Thâm toạ tần nga my.,深坐顰蛾眉。
"Đãn kiến lệ ngân thấp,",但見淚痕濕，
Bất tri tâm hận thuỳ.,不知心恨誰。
"Thiếp hữu la y thường,",妾有羅衣裳，
Tần vương tại thì tác.,秦王在時作。
"Vi vũ xuân phong đa,",為舞春風多，
Thu lai bất kham trước.,秋來不堪著。
"Lâu đầu đào lý sơ,",樓頭桃李疏，
Trì thượng phù dung lạc.,池上芙蓉落。
"Chức cẩm do vị thành,",織錦猶未成，
Cung thanh nhập la mạc.,蛩聲入羅幕。
"Sơn quán yêm hành khách,",山館淹行客，
Biên nam ngạnh sứ trình.,邊南梗使程。
"Khứ gia tài nhị nguyệt,",去家纔二月，
Tiện hữu cố hương tình.,便有故鄉情。
"Phẩm hoạ tiên thần vận,",品畫先神韻，
Luận thi trọng tính tình.,論詩重性情。
"Giao long sinh khí tận,",蛟龍生氣儘，
Bất nhược thử hoành hành.,不若鼠橫行。
"Bắc phong xuy bạch vân,",北風吹白雲，
Vạn lý độ hà Phần.,萬里渡河汾。
"Tâm tự phùng dao lạc,",心緒逢搖落，
Thu thanh bất khả văn.,秋聲不可聞。
"Hiệt lỗ do vi mệnh,",黠虜猶違命，
Phong yên trực bắc sầu.,烽烟直北愁。
"Khước giao nghiêm khiển thiếp,",卻教嚴譴妾，
Bất cảm hướng Tùng Châu.,不敢向松州。
"Văn đạo biên thành khổ,",聞道邊城苦，
Nhi kim đáo thuỷ tri.,而今到始知。
"Khước tương Môn hạ khúc,",卻將門下曲，
Xướng dữ Lũng Đầu nhi.,唱與隴頭兒。
"Giang Hán thâm vô cực,",江漢深無極，
Lương Mân bất khả phan.,梁岷不可攀。
"Sơn xuyên vân vụ lý,",山川雲霧裏，
Du tử kỷ thời hoàn?,遊子幾時還。
"Nhất trạo nguy ư diệp,",一棹危於葉，
Bàng quan diệc tổn thần.,傍觀亦損神。
"Tha thì tại bình địa,",他時在平地，
Vô hốt hiểm trung nhân.,無忽險中人。
"Giải lạc tam thu diệp,",解落三秋葉，
Năng khai nhị nguyệt hoa.,能開二月花。
"Quá giang thiên xích lãng,",過江千尺浪，
Nhập trúc vạn can tà.,入竹萬竿斜。
"Ngã tự giang nam lai,",我自江南來，
Quân tòng giang bắc khứ.,君從江北去。
"Khứ lai bất tương phùng,",去來不相逢，
Hảo sự đa như thử.,好事多如此。
"Văn đạo Ly sơn hạ,",聞道驪山下，
Tây Nhung dĩ kết binh.,西戎已結兵。
"Mỹ nhân phương nhất tiếu,",美人方一笑，
Phong hoả bất tu kinh!,烽火不須驚！
"Phong vũ tam canh dạ,",風雨三更夜，
Cung tương tứ bích thu.,蛩螿四壁秋。
"Thê lương ngâm huống vị,",淒涼吟况味，
Độc yểm tiểu song u.,獨掩小窗幽。
"Nhân yên sinh xứ tích,",人煙生處僻，
Hổ tích quy tân đề.,虎跡歸新蹄。
"Dã cốt phiên khuy thảo,",野鶻翻窺草，
Thôn thuyền nghịch thượng khê.,村船逆上溪。
"Điếu đĩnh thu mân tận,",釣艇收緡盡，
Hôn nha tiếp sí hy.,昏鴉接翅稀。
"Nguyệt sinh sơ học phiến,",月生初學扇，
Vân tế bất thành y.,雲細不成衣。
"Vạn quốc thượng nhung mã,",萬國尚戎馬，
Cố viên kim nhược hà.,故園今若何。
"Tích quy tương thức thiểu,",昔歸相識少，
Tảo dĩ chiến trường đa.,早已戰場多。
"Thân giác tỉnh lang tại,",身覺省郎在，
Gia tu nông sự quy.,家須農事歸。
"Niên thâm hoang thảo kính,",年深荒草徑，
Lão khủng thất sài phi.,老恐失柴扉。
"Kim ty lũ tiễn thốc,",金絲鏤箭簇，
Tạo vĩ xiết kỳ can.,皂尾掣旗竿。
"Nhất tự phong trần khởi,",一自風塵起，
Do ta hành lộ nan.,猶嗟行路難。
"Hồ lỗ hà tằng thịnh,",胡虜何曾盛，
Can qua bất khẳng hưu.,干戈不肯休。
"Lư diêm thính tiểu tử,",閭閻聽小子，
Đàm tiếu mịch phong hầu.,談笑覓封侯。
"Trinh Quán đồng nha nỗ,",貞觀銅牙弩，
Khai Nguyên cẩm thú trương.,開元錦獸張。
"Hoa Môn tiểu tiễn hảo,",花門小箭好，
Thử vật khí sa trường.,此物棄沙場。
"Kim nhật tường lân mã,",今日翔麟馬，
Tiên nghi giá cổ xa.,先宜駕鼓車。
"Vô lao vấn hà bắc,",無勞問河北，
Chư tướng giác vinh hoa.,諸將角榮華。
"Nhậm chuyển Giang Hoài túc,",任轉江淮粟，
Hưu thiêm uyển hữu binh.,休添苑囿兵。
"Do lai tỳ hổ sĩ,",由來貔虎士，
Bất mãn phụng hoàng thành.,不滿鳳凰城。
"Giang thượng diệc thu sắc,",江上亦秋色，
Hoả vân chung bất di.,火雲終不移。
"Vu sơn do cẩm thụ,",巫山猶錦樹，
Nam quốc thả hoàng ly.,南國且黃鸝。
"Mỗi hận Đào Bành Trạch,",每恨陶彭澤，
Vô tiền đối cúc hoa.,無錢對菊花。
"Như kim cửu nhật chí,",如今九日至，
Tự giác tửu tu xa.,自覺酒須賒。
"Bệnh giảm thi nhưng chuyết,",病減詩仍拙，
Ngâm đa ý hữu dư.,吟多意有余。
"Mạc khan Giang Tổng lão,",莫看江總老，
Do bị thưởng thì ngư.,猶被賞時魚。
"Trác lĩnh như nhân lập,",卓嶺如人立，
Đương sơn vô dữ quần.,當山無與群。
"Trung lưu hoặc yển kiển,",中流或偃蹇，
Khuynh nhĩ tẩy phù vân.,傾耳洗浮雲。
"Yên Triệu bi ca sĩ,",燕趙悲歌士，
Tương phùng Kịch Mạnh gia.,相逢劇孟家。
"Thốn tâm ngôn bất tận,",寸心言不盡，
Tiền lộ nhật tương tà.,前路日將斜。
"Lân lân cố thành luỹ,",嶙嶙故城壘，
Hoang lương không thú lâu.,荒涼空戍樓。
"Tại đức bất tại hiểm,",在德不在險，
Phương tri vương đạo hưu.,方知王道休。
"Sương trọng lân giao kình,",霜重麟膠勁，
Phong cao nguyệt ảnh viên.,風高月影圓。
"Ô phi tuỳ đế liễn,",烏飛隨帝輦，
Nhạn lạc trục minh huyền.,雁落逐鳴弦。
"Công tử tam thiên khách,",公子三千客，
Nhân nhân nguyện báo ân.,人人願報恩。
"Ưng liên bão quan giả,",應憐抱關者，
Bần bệnh khảo Di Môn.,貧病考夷門。
"Vân âm đới tàn nhật,",雲陰帶殘日，
Trướng biệt thử hà thì.,悵別此何時。
"Dục vọng Hoàng Sơn đạo,",欲望黃山道，
Vô do kiến sở tư.,無由見所思。
"Nhật mộ thương sơn viễn,",日暮蒼山遠，
Thiên hàn bạch ốc bần.,天寒白屋貧。
"Sài môn văn khuyển phệ,",柴門聞犬吠，
Phong tuyết dạ quy nhân.,風雪夜歸人。
"Phiến phàm hà xứ khứ,",片帆何處去，
Thất mã độc quy trì.,匹馬獨歸遲。
"Trù trướng giang nam bắc,",惆悵江南北，
Thanh sơn dục mộ thì.,青山欲暮時。
"Bảo bang vong khử ác,",保邦忘去惡，
Nguyện trị bất thân hiền.,願治不親賢。
"Dẫn dẫn quy ư loạn,",泯泯歸於亂，
Chung nan thiệp đại xuyên.,終難涉大川。
"Bát phong vũ dao cách,",八風儛遙翮，
Cửu dã lộng thanh âm.,九野弄清音。
"Nhất tồi vân gian chí,",一摧雲間志，
Vi quân uyển trung cầm.,為君苑中禽。
"Biên đầu xạ điêu tướng,",邊頭射雕將，
Tẩu mã xuất trung quân.,走馬出中軍。
"Viễn kiến bình nguyên thượng,",遠見平原上，
Phiên thân hướng mộ vân.,翻身向暮雲。
"Nhất nhạn quá liên dinh,",一雁過連營，
Phồn sương phúc cổ thành.,繁霜覆古城。
"Hồ già tại hà xứ,",胡笳在何處，
Bán dạ khởi biên thanh.,半夜起邊聲。
"Biên địa oanh hoa thiểu,",邊地鶯花少，
Niên lai vị giác tân.,年來未覺新。
"Mỹ nhân thiên thượng lạc,",美人天上落，
Long tái thuỷ ưng xuân.,龍塞始應春。
"Thược dược trảm tân tài,",芍藥斬新栽，
Đương đình sổ đoá khai.,當庭數朵開。
"Đông phong dữ câu thúc,",東風與拘束，
Lưu đãi tế quân lai.,留待細君來。
"Lãng Bạc ta diên truỵ,",浪泊嗟鳶墜，
Phong Khê trúc Kiển thành.,封溪築茧城。
"Nhất thời cân quắc trận,",一時巾幗陣，
Đẩu nhĩ lập công danh!,陡爾立功名。
"Cơ điểu hốt ngộ phạn,",飢鳥忽遇飯，
Tham uý lưỡng nan thu.,貪畏兩難收。
"Nhất trác bách hồi cố,",一啄百回顧，
Bi thành bất tự do.,悲成不自由。
"Thử nhật trường hôn ẩm,",此日長昏飲，
Phi quan dưỡng tính linh.,非關養性靈，
"Nhãn khan nhân tận tuý,",眼看人盡醉，
Hà nhẫn độc vi tinh.,何忍獨為醒。
"Trúc diệp liên tao thuý,",竹葉連糟翠，
Bồ đào đới Khúc hồng.,葡萄帶曲紅。
"Tương phùng bất lệnh tận,",相逢不令盡，
Biệt hậu vị thuỳ không.,別後為誰空。
"Đối tửu đãn tri ẩm,",對酒但知飲，
Phùng nhân mạc cương khiên.,逢人莫彊牽。
"Ỷ lô tiện đắc thuỵ,",倚爐便得睡，
Hoành úng túc kham miên.,橫瓮足堪眠。
"Chung thanh quá hàn điểu,",鐘聲過寒鳥，
Thụ sắc ẩn lương thiền.,樹色隱涼蟬。
"Hành khách vị tằng yết,",行客未曾歇，
Đạo nhân phương đả miên.,道人方打眠。
"Quyện chẩm sầu kê minh,",倦枕愁雞鳴，
Vấn lang kim nhật trình.,問郎今日程。
"Trung lộ bất khả túc,",中路不可宿，
Trường đồ tu tảo hành.,長途須早行。
"Man thụ bất điêu diệp,",蠻樹不凋葉，
Man vân bất phóng tình.,蠻雲不放晴。
"Trường đình vọng bất kiến,",長亭望不見，
Hà xứ thị Tra Thành?,何處是渣城。
"Niểu niểu trầm thuỷ yên,",裊裊沈水煙，
Ô đề dạ lan cảnh.,烏啼夜闌景。
"Khúc chiểu phù dung ba,",曲沼芙蓉波，
Yêu vi bạch ngọc lãnh.,腰圍白玉冷。
"Đông lai vạn lý khách,",東來萬里客，
Loạn định kỷ niên quy.,亂定幾年歸。
"Trường đoạn giang thành nhạn,",腸斷江城雁，
Cao cao chính bắc phi.,高高正北飛。
Lệ mặc sái vi thư,淚墨灑為書，
Tương ký vạn lý thân,將寄萬里親。
Thư khứ hồn diệc khứ,書去魂亦去，
Ngột nhiên không nhất thân.,兀然空一身。
"Giang Nam quý xuân thiên,",江南季春天，
Thuần diệp tế như huyền.,蓴葉細如弦。
"Trì biên thảo tác kính,",池邊草作徑，
Hồ thượng diệp như thuyền.,湖上葉如船。
"Địa thuỷ hoả phong thức,",地水火風識，
Nguyên lai nhất thiết không.,原來一切空。
"Như vân hoàn tụ tán,",如雲還聚散，
Phật nhật chiếu vô cùng.,佛日照無窮。
"Sắc thân dữ diệu thể,",色身與妙體，
Bất hợp bất phân ly.,不合不分離。
"Nhược nhân yếu chân biệt,",若人要甄別，
Lô trung hoa nhất chi.,爐中花一枝。
"Sa đầu nhất thuỷ cầm,",沙頭一水禽，
Cổ dực dương thanh âm.,鼓翼揚清音。
"Chỉ đãi cao phong tiện,",只待高風便，
Phi vô vân hán tâm.,非無雲漢心。
"An bộ hữu đa lạc,",安步有多樂，
Thuỷ lưu phong bất huyên.,水流風不喧。
"Nhất tâm vô quải ngại,",一心無掛礙，
Xứ xứ thị đào nguyên.,處處是桃源。
"Sổ điểm vũ dư vũ,",數點雨餘雨，
Nhất phiên hàn thực hàn.,一番寒食寒。
"Đỗ quyên hoa phát xứ,",杜鵑花發處，
Huyết lệ nhiễm thành đan.,血淚染成丹。
"Tao linh bất khả kiến,",騷靈不可見，
Sở tá cánh thuỳ văn.,楚些竟誰聞。
"Dục thái tần hoa khứ,",欲採蘋花去，
Thương châu cách mộ vân.,滄州隔暮雲。
"Mục đồng kỵ hoàng ngưu,",牧童騎黃牛，
Ca thanh chấn lâm việt.,歌聲振林樾。
"Ý dục bộ minh thiền,",意欲捕鳴蟬，
Hốt nhiên bế khẩu lập.,忽然閉口立。
"Yểu điệu thuỳ giản la,",窈窕垂澗蘿，
Mông nhung thái cát hoa.,蒙茸採葛花。
"Uyên ương lâm bích thuỷ,",鴛鴦臨碧水，
Chiếu ảnh vũ kim sa.,照影舞金沙。
"Ngọc Quan chinh thú cửu,",玉關征戍久，
Không khuê nhân độc sầu.,空閨人獨愁。
"Hàn lộ thấp thanh đài,",寒露濕青苔，
Biệt lai bồng mấn thu.,別來蓬鬢秋。
"Nhân toạ thanh lâu vãn,",人坐青樓晚，
Oanh ngữ bách hoa thì.,鶯語百花時。
"Sầu đa nhân tự lão,",愁多人自老，
Trường đoạn quân bất tri.,腸斷君不知。
"Tương giang ban trúc chi,",湘江斑竹枝，
Cẩm dực giá cô phi.,錦翼鷓鴣飛。
"Xứ xứ Tương vân hợp,",處處湘雲合，
Lang tòng hà xứ quy.,郎從何處歸。
"Dã tự phân tình thụ,",野寺分晴樹，
Sơn đình quá vãn hà.,山亭過晚霞。
"Xuân thâm vô khách đáo,",春深無客到，
Nhất lộ lạc tùng hoa.,一路落松花。
"Thanh sơn nhược vô tố,",青山若無素，
Yển kiển bất tương thân.,偃蹇不相親。
"Yếu thức Lư sơn diện,",要識廬山面，
Tha niên thị cố nhân.,他年是故人。
"Cố hương kim viết hữu,",故鄉今曰友，
Hoan hội toạ ưng đồng.,歡會坐應同。
"Ninh tri Ba Giáp lộ,",寧知巴峽路，
Tân khổ Thạch Vưu phong.,辛苦石尤風。
Độc đáo sơn hạ túc.,獨到山下宿，
Tĩnh hướng nguyệt trung hành.,靜向月中行。
"Hà xứ thuỷ biên đối,",何處水邊碓，
Dạ thung vân mẫu thanh.,夜舂雲母聲。
"Hoà phong khởi thiên lộ,",和風起天路，
Nghiêm khí tiêu băng tỉnh.,嚴氣消冰井。
"Sách sách chi vị nhu,",索索枝未柔，
Yếm yếm lậu do vĩnh.,厭厭漏猶永。
"Sơn quán trường tịch tịch,",山館長寂寂，
Nhàn vân triêu tịch lai.,閒雲朝夕來。
"Không đình phục hà hữu,",空庭復何有，
Lạc nhật chiếu thanh đài.,落日照青苔。
"Châu thực sơn hạ khai,",朱實山下開，
Thanh hương hàn cánh phát.,清香寒更發。
"Hạnh dữ tùng quế hoa,",幸與叢桂花，
Song tiền hướng thu nguyệt.,窗前向秋月。
"Sơn tăng tham nguyệt sắc,",山僧貪月色，
Nhất tịnh cấp bình trung.,一並汲瓶中。
"Đáo tự phương ưng giác,",到寺方應覺，
Bình khuynh nguyệt diệc không.,瓶傾月亦空。
"Hoành trắc sổ phong bích,",橫側數峰碧，
Uy di nhất kính khai.,逶迤一徑開。
"Vô nhân tương tựu túc,",無人相就宿，
Thời hữu bạch vân lai.,時有白雲來。
"Kinh khê bạch thạch xuất,",荊谿白石出，
Thiên hàn hồng diệp hy.,天寒紅葉稀。
"Sơn lộ nguyên vô vũ,",山路元無雨，
Không thuý thấp nhân y.,空翠濕人衣。
"Vị hướng Đông Khê đạo,",為向東溪道，
Nhân lai lộ tiệm xa.,人來路漸賒。
"Sơn trung xuân tửu thục,",山中春酒熟，
Hà xứ đắc đình gia?,何處得停家？
"Sơn trung đa pháp lữ,",山中多法侶，
Thiền tụng tự vi quần.,禪誦自為群。
"Thành quách dao tương vọng,",城郭遙相望，
Duy ưng kiến bạch vân.,唯應見白雲。
"Sơn uấn kim triêu thục,",山醞今朝熟，
Hoàng hoa lão bất hương.,黃花老不香。
"Trầm âm thiên vạn lý,",沈陰千萬里，
Hà xứ hữu trùng dương.,何處有重陽。
"Sơ nhật minh Yên quán,",初日明燕館，
Tân lưu mãn Lương trì.,新溜滿梁池。
"Quy vân bán nhập lĩnh,",歸雲半入嶺，
Tàn trích thượng huyền chi.,殘滴尚懸枝。
"Lạc vũ từ kim điện,",落羽辭金殿，
Cô minh tra tú y.,孤鳴吒繡衣。
"Năng ngôn chung kiến khí,",能言終見棄，
Hoàn hướng Lũng Tây phi.,還向隴西飛。
"Tượng vật hành Chu lễ,",象物行周禮，
Y quan tập Hán đô.,衣冠集漢都。
"Thuỳ liên sự Ngu Thuấn,",誰憐事虞舜，
Hạ lý khấp Thương Ngô.,下里泣蒼梧。
"Lãnh diễm toàn khi tuyết,",冷豔全欺雪，
Dư hương sạ nhập y.,餘香乍入衣。
"Xuân phong thả mạc định,",春風且莫定，
Xuy hướng ngọc giai phi.,吹向玉階飛。
"Lữ hồn kinh tái bắc,",旅魂驚塞北，
Quy vọng đoạn Hà Tê.,歸望斷河西。
"Xuân phong nhược khả ký,",春風若可寄，
Tạm vi nhiễu lan khuê.,暫爲遶蘭閨。
"Duy chu đăng dã ngạn,",維舟登野岸，
Nhân phỏng cố nhân cư.,因訪故人居。
"Loạn hậu tri hà xứ,",亂後知何處，
Kinh trăn táp tệ lư.,荊榛匝弊廬。
"Dục vấn đương niên sự,",欲問當年事，
Canh nhân đô bất tri.,耕人都不知。
"Không dư đê thượng liễu,",空餘堤上柳，
Y cựu tự thuỳ ty.,依舊自垂絲。
"Thứu linh kim bộc cô,",鷲翎金仆姑，
Yến vĩ tú mâu hồ.,燕尾繡蝥弧。
"Độc lập dương tân lịnh,",獨立揚新令，
Thiên dinh cộng nhất hô.,千營共一呼。
"Lâm ám thảo kinh phong,",林暗草驚風，
Tướng quân dạ dẫn cung.,將軍夜引弓。
"Bình minh tầm bạch vũ,",平明尋白羽，
Một tại thạch lăng trung.,沒在石棱中。
"Nguyệt hắc nhạn phi cao,",月黑雁飛高，
Thiền Vu dạ độn đào.,單于夜遁逃。
"Dục tương khinh kỵ trục,",欲將輕騎逐，
Đại tuyết mãn cung đao.,大雪滿弓刀。
"Dã mạc tế quỳnh diên,",野幕蔽瓊筵，
Khương nhung hạ lạo tuyền.,羌戎賀勞旋。
"Tuý hoà kim giáp vũ,",醉和金甲舞，
Lôi cổ động sơn xuyên.,雷鼓動山川。
"Mộng Trạch tam thu nhật,",夢澤三秋日，
Thương Ngô nhất phiến vân.,蒼梧一片雲。
"Hoàn tương uyên lộ vũ,",還將鵷鷺羽，
Trùng nhập giá cô quần.,重入鷓鴣群。
"Đại Hán vô trung sách,",大漢無中策，
Hung Nô phạm Vị Kiều.,匈奴犯渭橋。
"Ngũ Nguyên thu thảo lục,",五原秋草綠，
Hồ mã nhất hà kiêu.,胡馬一何驕。
"Phong kính Hồ giao chiết,",風勁胡膠折，
Sương thâm Lỗ kỵ mê.,霜深虜騎迷。
"Hướng lai trường kỹ tận,",向來長技盡，
Bất cảm đáo Liêu Tê.,不敢到遼西。
"Mệnh tướng chinh Tây cực,",命將征西極，
Hoành hành Âm Sơn trắc.,橫行陰山側。
"Yên Chi lạc Hán gia,",燕支落漢家，
Phụ nữ vô hoa sắc.,婦女無華色。
"Ô thanh kim dạ lạc,",烏聲今夜樂，
Tri thị Lỗ không doanh.,知是虜空營。
"Cấp độ Lâm Hà mã,",急度臨河馬，
Tiên thu Kế Bắc thành.,先收薊北城。
"Tại thế vi nhân thân,",在世為人身，
Tâm vi Như Lai tạng.,心為如來藏。
"Chiếu diệu thả vô phương,",照曜且無方，
Tầm chi cánh tuyệt khoáng.,尋之更絕曠。
"Tùng hạ vấn đồng tử,",松下問童子，
Ngôn sư thái dược khứ.,言師採藥去。
"Chỉ tại thử sơn trung,",只在此山中，
Vân thâm bất tri xứ.,雲深不知處。
"Quý nhân tam các thượng,",貴人三閣上，
Nhật yến vị sơ đầu.,日晏未梳頭。
"Bất ưng hữu hận sự,",不應有恨事，
Kiều thậm khước thành sầu.,嬌甚卻成愁。
"Tam canh phong lộ hải thiên liêu,",三更風露海天寥，
Nhất phiến hàn quang thượng bích tiêu.,一片寒光上璧霄。
"Bất chiếu anh hùng tâm khúc sự,",不照英雄心曲事，
Thừa vân tây tiến dạ thiều thiều.,承雲西進夜迢迢。
"Hành chí cúc hoa đàm,",行至菊花潭，
Thôn tây nhật dĩ tà.,村西日已斜。
"Chủ nhân đăng cao khứ,",主人登高去，
Kê khuyển không tại gia.,雞犬空在家。
"Độ thuỷ phục độ thuỷ,",渡水復渡水，
Khán hoa hoàn khán hoa.,看花還看花。
"Xuân phong giang thượng lộ,",春風江上路，
Bất giác đáo quân gia.,不覺到君家。
"Tùng phong thuỷ nguyệt minh,",松風水月明，
Vô ảnh diệc vô hình.,無影亦無形。
"Sắc thân giá cá thị,",色身這個是，
Không không tầm hưởng thanh.,空空尋響聲。
"Nguyên Tương lưu bất tận,",沅湘流不盡，
Khuất tử oán hà thâm!,屈子怨何深！
"Nhật mộ thu phong khởi,",日暮秋風起，
Tiêu tiêu phong thụ lâm.,蕭蕭楓樹林。
"Văn thuyết đáo Dương Châu,",聞說到揚州，
Xuy tiêu ức cựu du.,吹簫憶舊遊。
"Nhân lai đa bất kiến,",人來多不見，
Mạc thị thướng mê lâu.,莫是上迷樓。
"Tạc nhật nhập thành thị,",昨日入城市，
Quy lai lệ mãn cân.,歸來淚滿巾。
"Biến thân la ỷ giả,",遍身羅綺者，
Bất thị dưỡng tàm nhân.,不是養蠶人。
"Tín thư thành tự ngộ,",信書成自誤，
Kinh sự tiệm tri phi.,經事漸知非。
"Kim nhật lâm kỳ biệt,",今日臨岐別，
Hà niên đãi nhữ quy?,何年待汝歸？
"Đạo bản vô nhan sắc,",道本無顏色，
Tân tiên nhật nhật khoa.,新鮮日日誇。
"Đại thiên thế giới ngoại,",大千世界外，
Hà xứ bất vi gia!,何處不為家。
"Mộc mạt phù dung hoa,",木末芙蓉花，
Sơn trung phát hồng ngạc.,山中發紅萼。
"Giản hộ tịch vô nhân,",澗戶寂無人，
Phân phân khai thả lạc.,紛紛開且落。
"Lục đê xuân thảo hợp,",綠堤春草合，
Vương tôn tự lưu ngoạn.,王孫自留玩。
"Huống hữu tân di hoa,",況有辛夷花，
Sắc dữ phù dung loạn.,色與芙蓉亂。
"Giác Hải tâm như hải,",覺海心如海，
Thông Huyền đạo hựu huyền.,通玄道又玄。
"Thần thông kiêm biến hoá,",神通兼變化，
"Nhất Phật, nhất thần tiên.",一佛一神仙。
"Tam nhật nhập trù hạ,",三日入櫥下，
Tẩy thủ tác canh thang.,洗手作羹湯。
"Vị am cô thực tính,",未諳姑食性，
Tiên khiển tiểu cô thường.,先遣小姑嘗。
"Hán đình vinh xảo hoạn,",漢庭榮巧宦，
Vân các bạc biên công.,雲閣薄邊功。
"Khả liên thông mã sứ,",可憐驄馬使，
Bạch thủ vị thuỳ hùng.,白首為誰雄。
"Dã khách tư mao vũ,",野客思芼宇，
Sơn nhân ái trúc lâm.,山人愛竹林。
"Cầm tôn duy đãi xứ,",琴樽唯待處，
Phong nguyệt tự tương tầm.,風月自相尋。
"Mạc hướng Tung sơn khứ,",莫向嵩山去，
Thần tiên đa ngộ nhân.,神仙多誤人。
"Bất như triều Nguỵ khuyết,",不如朝魏闕，
Thiên tử trọng hiền thần.,天子重賢臣。
"Tam bách lục thập nhật,",三百六十日，
Nhật nhật tuý như nê.,日日醉如泥。
"Tuy vi Lý Bạch phụ,",雖為李白婦，
Hà dị Thái thường thê?,何異太常妻。
"Chiết mai phùng dịch sứ,",折梅逢驛使，
Ký dữ Lũng Đầu nhân.,寄與隴頭人。
"Giang Nam vô sở hữu,",江南無所有，
Liêu tặng nhất chi xuân.,聊贈一枝春。
"Bất phẫn thành cố nhân,",不忿成故人，
Yểm thế mỗi doanh cân.,掩涕每盈巾。
"Tử sinh kim hữu cách,",死生今有隔，
Tương kiến vĩnh vô nhân.,相見永無因。
"Hạp lý tàn trang phấn,",匣裏殘妝粉，
Lưu tương dữ hậu nhân.,留將與後人。
"Hoàng tuyền vô dụng xứ,",黃泉無用處，
Hận tác trủng trung trần.,恨作塚中塵。
"Hữu ý hoài nam nữ,",有意懷男女，
Vô tình diệc nhiệm quân.,無情亦任君。
"Dục tri trường đoạn xứ,",欲知腸斷處，
Minh nguyệt chiếu cô phần.,明月照孤墳。
"Phụng bát kim linh thế,",鳳撥金翎砌，
Đàn tào hậu đới thuỳ.,檀槽後帶垂。
"Tuý kiều vô khí lực,",醉嬌無氣力，
Phong niểu mẫu đơn chi.,風裊牡丹枝。
"Bạch thủ độc nhất thân,",白首獨一身，
Thanh sơn vi tứ lân.,青山為四鄰。
"Tuy hành cố hương mạch,",雖行故鄉陌，
Bất kiến cố hương nhân.,不見故鄉人。
Quần công thuỳ nhượng vị?,群公誰讓位，
Ngũ Liễu độc tri bần.,五柳獨知貧。
"Trù trướng thanh sơn lộ,",惆悵青山路，
Yên hà lão thử nhân.,煙霞老此人。
"Dữ quân thanh nhãn khách,",與君青眼客，
Cộng hữu bạch vân tâm.,共有白雲心。
"Bất tương Đông sơn khứ,",不相東山去，
Nhật lệnh xuân thảo thâm.,日令春草深。
"Tần nga thập tứ ngũ,",秦娥十四五，
Diện bạch ư chỉ trảo.,面白於指爪。
"Tu nhân dạ thái tang,",羞人夜採桑，
Kinh khởi đới thăng điểu.,驚起戴勝鳥。
"Tỉnh ngô lương diệp động,",井梧涼葉動，
Lân chử thu thanh phát.,鄰杵秋聲發。
"Độc hướng thiềm hạ miên,",獨向檐下眠，
Giác lai bán sàng nguyệt.,覺來半床月。
"Giang khoáng xuân triều bạch,",江曠春潮白，
Sơn trường hiểu tụ thanh.,山長曉岫青。
"Tha hương lâm diểu cực,",他鄉臨眺極，
Hoa liễu ánh biên đình.,花柳映邊亭。
"Quân tự cố hương lai,",君自故鄉來，
Ưng tri cố hương sự.,應知故鄉事。
"Lai nhật ỷ song tiền,",來日綺窗前，
Hàn mai trước hoa vị?,寒梅著花未。
"Dĩ kiến hàn mai phát,",已見寒梅發，
Phục văn đề điểu thanh.,復聞啼鳥聲。
"Sầu tâm thị xuân thảo,",愁心視春草，
Uý hướng ngọc giai sinh.,畏向玉階生。
"Gia trú Mạnh Tân hà,",家住孟津河，
Môn đối Mạnh Tân khẩu.,門對孟津口。
"Thường hữu Giang Nam thuyền,",常有江南船，
Ký thư gia trung phủ?,寄書家中否？
"Nguyệt hạ trường minh tố,",月下長鳴訴，
Lệnh nhân chẩm vị an.,令人枕未安。
"Tam canh thu ý khổ,",三更秋意苦，
Lộ thấp thảo song hàn.,露濕草窗寒。
"Cổ nhân phi ngạo lại,",古人非傲吏，
Tự khuyết kinh thế vụ.,自闕經世務。
"Ngẫu ký nhất vi quan,",偶寄一微官，
Bà sa sổ châu thụ.,婆娑數株樹。
"Hảo nhàn tảo thành tính,",好閑早成性，
Quả thử hài túc nặc.,果此諧宿諾。
"Kim nhật tất viên du,",今日漆園遊，
Hoàn đồng trang tẩu lạc.,還同莊叟樂。
"Vị thuỷ đông lưu khứ,",渭水東流去，
Hà thì đáo Ung Châu.,何時到雍州。
"Bằng thiêm lưỡng hàng lệ,",憑添兩行淚，
Ký hướng cố viên lưu.,寄向故園流。
"Thạch mã xỉ cuồng ninh,",石馬齒狂獰，
"Thực miêu, nhật nguyệt minh.",食苗日月鳴。
"Đồ trung nhân cộng quá,",途中人共過，
Mã thượng nhân bất hành.,馬上人不行。
"Vô tài khả khứ bổ thương thiên,",無才可去補蒼天，
Uổng nhập hồng trần nhược hứa niên;,枉入紅塵若許年；
"Thử hệ thân tiền thân hậu sự,",此係身前身後事，
Sảnh thuỳ ký khứ tác kỳ truyền?,倩誰記去作奇傳？
"Lạc nhật thanh giang lý,",落日清江裏，
Kinh ca diễm Sở yêu.,荊歌艷楚腰。
"Thái liên tòng tiểu quán,",採蓮從小慣，
Thập ngũ tức thừa triều.,十五即乘潮。
"Ngọc tự hoa tranh phát,",玉漵花爭發，
Kim đường thuỷ loạn lưu.,金塘水亂流。
"Tương phùng uý tương thất,",相逢畏相失，
Tịnh trước mộc lan chu.,并著木蘭舟。
"Nguy sự phi kinh nhất,",危事非經一，
Phù vinh đắc thị không.,浮榮得是空。
"Bạch đầu quan xá lý,",白頭官舍裏，
Kim nhật hựu xuân phong.,今日又春風。
"Thần đồng sam tử đoản,",神童衫子短，
Tụ đại nhạ xuân phong.,袖大惹春風。
"Vị khứ triều thiên tử,",未去朝天子，
Tiên lai yết tướng công.,先來謁相公。
"Tha nhân kỵ đại mã,",他人騎大馬，
Ngã độc khoá lư tử.,我獨跨驢子。
"Hồi cố đảm sài Hán,",回顧擔柴漢，
Tâm hạ giảo ta tử.,心下較些子。
"Như Lai thành chính giác,",如來成正覺，
Nhất thiết lượng đẳng thân.,一切量等身。
"Hồi hỗ bất hồi hỗ,",迴互不迴互，
Nhãn tình đồng tử thần.,眼晴童子神。
"Khương địch “Mai hoa dẫn”,",羌笛梅花引，
Ngô Khê Lũng thuỷ thanh.,吳溪隴水清。
"Hàn sơn thu phố nguyệt,",寒山秋浦月，
Trường đoạn Ngọc Quan tình.,腸斷玉關情。
"Lữ nhân ỷ chinh trạo,",旅人倚征棹，
Bạc mộ khởi lao ca.,薄暮起勞歌。
"Tiếu lãm Thanh Khê nguyệt,",笑攬清溪月，
Thanh huy bất áp đa.,清輝不厭多。
"Dịch đình lâm Bạch Thuỷ,",驛亭臨白水，
Thạch tháp mãn thương đài.,石榻滿蒼苔。
"Viễn khách hồn vô mộng,",遠客渾無夢，
Giang thanh chẩm thượng lai.,江聲枕上來。
"Thành ngoại thổ man đầu,",城外土饅頭，
Hãm thảo tại thành lý.,餡草在城里。
"Nhất nhân ngật nhất cá,",一人吃一個，
Mạc hiềm một tư vị.,莫嫌沒滋味。
"Sơ huề nhiễu thảo ốc,",蔬畦繞草屋，
Lâm hạ lộc lô trì.,林下轆轤遲。
"Sương mạn dĩ trừ giá,",霜蔓已除架，
Phong phiêu không quải ly.,風飄空挂籬。
"Thanh thanh thuỷ trung bồ,",青青水中蒲，
Hạ hữu nhất song ngư.,下有一雙魚。
"Quân kim thượng Lũng khứ,",君今上隴去，
Ngã tại dữ thuỳ cư?,我在與誰居？
"Thanh thanh thuỷ trung bồ,",青青水中蒲，
Trường tại thuỷ trung cư.,長在水中居。
"Ký ngữ phù bình thảo,",寄語浮萍草，
Tương tuỳ ngã bất như.,相隨我不如。
"Thanh thanh thuỷ trung bồ,",青青水中蒲，
Diệp đoản bất xuất thuỷ.,葉短不出水。
"Phụ nhân bất hạ đường,",婦人不下堂，
Hành tử tại vạn lý.,行子在萬里。
"Nhân hiếu lâm thiên hạ,",仁孝臨天下，
Nguy nguy quán bách vương.,巍巍冠百王。
"Hán đình sự hiền mẫu,",漢庭事賢母，
Thang dược tất thân thường.,湯藥必親嘗。
"Hạp trung tam xích kiếm,",匣中三尺劍，
Thiên thượng Thiếu Vi tinh.,天上少微星。
"Vật vị tương khứ viễn,",勿謂相去遠，
Tráng tâm tằng bất đình.,壯心曾不停。
"Nhất công trì nhất bát,",一公持一缽，
Tưởng phục độ dao sầm.,想復度遥岑。
"Địa sấu vô hoàng độc,",地瘦無黄犢，
Xuân lai thảo cánh thâm.,春來草更深。
"Lộ khí như vi trùng,",露氣如微蟲，
Ba thế như ngoạ ngưu.,波勢如臥牛。
"Minh nguyệt như kiển tố,",明月如繭素，
Khoả ngã giang thượng chu.,裹我江上舟。
"Trầm trầm canh cổ cấp,",沉沉更鼓急，
Tiệm tiệm nhân thanh tuyệt.,漸漸人聲絕。
"Xuy đăng song canh hữu,",吹燈窗更有，
Nguyệt chiếu nhất thiên tuyết.,月照一天雪。
"Nhật nguyệt xuất nham đầu,",日月出岩頭，
Nhân nhân tận thất châu.,人人盡失珠。
"Phú nhân hữu câu tử,",富人有駒子，
Bộ hành bất kỵ câu.,步行不騎駒。
"Chử đậu nhiên đậu ky,",煮豆燃豆萁，
Ky tại phủ hạ khấp.,萁在釜下泣。
"Ngã tẫn nhĩ thục liễu,",我燼你熟了，
Chính hảo biện giao tịch.,正好辦教席。
"Ngã hữu nhất phương tiện,",我有一方便，
Giá trị bách thất luyện.,價值百匹練。
"Tương đả trường thủ nhược,",相打長取弱，
Chí tử bất nhập huyện.,至死不入縣。
"Bát nhã chân vô tông,",般若真無宗，
"Nhân không, ngã diệc không.",人空我亦空。
"Quá hiện vị lai Phật,",過現未來佛，
Pháp tính bản tương đồng.,法性本相同。
"Thường hận ngôn ngữ thiển,",常恨言語淺，
Bất như nhân ý thâm.,不如人意深。
"Kim triêu lưỡng tương thị,",今朝兩相視，
Mạch mạch vạn trùng tâm.,脈脈萬重心。
"Chân tính thường vô tính,",真性常無性，
Hà tằng hữu sinh diệt.,何曾有生滅。
"Thân thị sinh diệt pháp,",身是生滅法，
Pháp tính vị tằng diệt.,法性未曾滅。
"Lộ địch âm thanh viễn,",露滌音清遠，
Phong xuy cố diệp tề.,風吹故葉齊。
"Thanh thanh tự tương tiếp,",聲聲似相接，
Các tại nhất chi thê.,各在一枝棲。
"Thuỳ nhuy ẩm thanh lộ,",垂緌飲清潞，
Lưu hưởng xuất sơ đồng.,流響出疏桐。
"Cư cao thanh tự viễn,",居高聲自遠，
Phi thị tá thu phong.,非是借秋風。
"Bích nhãn đối thanh sơn,",碧眼對靑山，
Trần bất dung kỳ gian.,塵不容其間。
"Tự nhiên thanh đáo cốt,",自然淸到骨，
Hà cánh mịch nê hoàn.,何更覓泥洹。
"Thiên thính tịch vô âm,",天聽寂無音，
Thương thương hà xứ tầm.,蒼蒼何處尋。
"Phi cao diệc phi hoàn,",非高亦非還，
Đô chỉ tại nhân tâm.,都只在人心。
"Thiên tử trọng anh hào,",天子重英豪，
Văn chương giáo nhĩ tào.,文章教爾曹。
"Vạn ban giai hạ phẩm,",萬般皆下品，
Duy hữu độc thư cao.,惟有讀書高。
"Di khước san hô tiên,",遺卻珊瑚鞭，
Bạch mã kiêu bất hành.,白馬驕不行。
"Chương Đài chiết dương liễu,",章台折楊柳，
Xuân nhật lộ bàng tình.,春日路傍情。
"Thiếu tiểu tu cần học,",少小須勤學，
Văn chương khả lập thân.,文章可立身。
"Mãn triều chu tử quý,",滿朝朱紫貴，
Tận thị độc thư nhân.,盡是讀書人。
"Viễn thính giang thượng địch,",遠聽江上笛，
Lâm trường nhất tống quân.,臨觴一送君。
"Hoàn sầu độc túc dạ,",還愁獨宿夜，
Cánh hướng quận trai văn.,更向郡齋聞。
"Hồng thấp bác quy cước,",紅濕剝龜腳，
Hoàng hương chá mã an.,黃香炙馬鞍。
"Sơn tăng trì tịnh giới,",山僧持凈戒，
Đồng toạ bất đồng xan.,同坐不同餐。
"Thi tửu cầm kỳ khách,",詩酒琴棋客，
Phong hoa tuyết nguyệt thiên.,風花雪月天。
"Hữu danh nhàn phú quý,",有名閒富貴，
Vô sự tán thần tiên.,無事散神仙。
"Thành ngung nhất phân thủ,",城隅一分手，
Kỷ nhật hoàn tương kiến?,幾日還相見。
"Sơn trung hữu quế hoa,",山中有桂花，
Mạc đãi hoa như tản.,莫待花如霰。
"Hoạ quân thiếu niên thì,",畫君少年時，
Như kim quân dĩ lão.,如今君已老。
"Kim thì tân thức nhân,",今時新識人，
Tri quân cựu thì hảo.,知君舊時好。
"Liên tiêu phong vũ ác,",連宵風雨惡，
Bồng hộ bất khinh khai.,蓬戶不輕開。
"Sơn tự tương tư cửu,",山似相思久，
Thôi song phác diện lai.,推窗撲面來。
"Tang âm tàm chính miên,",桑喑蠶正眠，
Thiềm đê yến sơ nhũ.,簷低燕初乳。
"Lực quyện hạ sừ quy,",力倦荷耡歸，
Trú vĩnh cưu thanh ngọ.,晝永鳩聲午。
"Phú quý giai vi huyễn,",富貴皆爲幻，
Huân danh bản tự chân.,勲名本自眞。
"Bách niên lưu tính tự,",百年留姓字，
Duy hữu khẩu bi văn.,惟有口碑文。
"Tha hương vị đắc khứ,",他鄕未得去，
Cố quốc bất năng quy.,故國不能歸。
"Thử dạ phùng giai tiết,",此夜逢佳節，
Khuynh hồ đáp cố tri.,傾壺答故知。
"Huyền đăng thiên vạn điểm,",懸燈千萬點，
Chiếu ngã sổ hàng thi.,照我数行詩。
"Đắc tuý hà cầu tỉnh,",得醉何求醒，
Tỉnh lai không tự si.,醒來空自癡。
"Hùng đáo sơn phong vãn thập điểm,",熊到山峰晚十點，
Trùng thanh đoạn tục khánh thu lai;,蟲聲断續慶秋來。
"Tù nhân bất quản thu lai vị,",囚人不管秋來未，
Chỉ quản tù lung hà thời khai.,只管囚籠何時開。
"Khứ tuế thu sơ ngã tự do,",去歲秋初我自由，
Kim niên thu thủ ngã cư tù;,今年秋首我居囚。
"Thảng năng tì ích ngô dân tộc,",倘能裨益吾民族，
Khả thuyết kim thu trị khứ thu.,可說今秋值去秋。
"Tây phong xuy u lâm,",西風吹幽林，
Thu sắc hốt thượng diệp.,秋色忽上葉。
"Cảm thử bách niên thân,",感此百年身，
Lão lai hà đại tiệp.,老來何大捷。
"Thu cảnh kim tiêu bán,",秋景今宵半，
Thiên cao nguyệt bội minh.,天高月倍明。
"Nam lâu thuỳ yến thưởng,",南樓誰宴賞，
Ty trúc tấu thanh thanh.,絲竹奏清聲。
"Khách tâm tranh nhật nguyệt,",客心爭日月，
Lai vãng dự kỳ trình.,來往預期程。
"Thu phong bất tương đãi,",秋風不相待，
Tiên chí Lạc Dương thành.,先至洛陽城。
"Phong diệp lạc không giai,",風葉落空階，
Thu thanh cảm khách hoài.,秋聲感客懷。
"Đa tình thiên thượng nguyệt,",多情天上月，
Dạ dạ nhập duy lai.,夜夜入帷來。
"Bắc trường vân hoắc bãi,",北場芸藿罷，
Đông cao ngải thử quy.,東皋刈黍歸。
"Tương phùng thu nguyệt mãn,",相逢秋月滿，
Cánh trị dạ huỳnh phi.,更值夜螢飛。
"Hoài quân thuộc thu dạ,",懷君屬秋夜，
Tản bộ vịnh lương thiên.,散步詠涼天。
"Không sơn tùng tử lạc,",空山松子落，
U nhân ưng vị miên.,幽人應未眠。
"Vạn lý quyện hành dịch,",萬里倦行役，
Thu lai sấu kỷ phân.,秋來瘦幾分。
"Nhân khan Hà Bắc nguyệt,",因看河北月，
Hốt ức hải đông vân.,忽憶海東雲。
"Thu sắc liên thanh dạ,",秋色憐清夜，
Tân lương đậu khách song.,新涼逗客窗。
"Hạ duy hiềm trú đoản,",下帷嫌晝短，
Sai khả đối ngân công.,差可對銀釭。
"Thu phong duy khổ ngâm,",秋風唯苦吟，
Thế lộ thiểu tri âm.,世路少知音。
"Song ngoại tam canh vũ,",窓外三更雨，
Đăng tiền vạn lý tâm.,燈前萬里心。
"Lão nhân khán thử tịch,",老人看黍席，
Mãn ốc thu dương minh.,滿屋秋陽明。
"Kê trục thảo trùng khứ,",鷄逐草蟲去，
Cúc hoa thâm xứ minh.,菊花深處鳴。
"Nguyệt ảnh xuyên song đạm,",月影穿窗淡，
Đăng hoa chiếu mấn minh.,燈花照鬢明。
"Thì hoài ngâm vị ổn,",蒔懷吟未穩，
Hà xứ hiểu chung thanh.,何處曉鐘聲。
"Kết thực hồng thả lục,",結實紅且綠，
Phục như hoa cánh khai.,復如花更開。
"Sơn trung thảng lưu khách,",山中倘留客，
Trí thử phù dung bôi.,置此芙蓉杯。
"Phiêu hương loạn tiêu quế,",飄香亂椒桂，
Bố diệp gián đàn loan.,布葉間檀欒。
"Vân nhật tuy hồi chiếu,",雲日雖回照，
Sâm trầm do tự hàn.,森沉猶自寒。
"Phàm viễn thượng hồi đầu,",帆遠上回頭，
Đạm quang yên chử lãnh.,淡光煙渚冷。
"Giang thượng đối sầu quy,",江上對愁歸，
Vãn đạp cô hồng ảnh.,晚踏孤鴻影。
"Khứ ý tuỳ nhạn đáo,",去意隨雁到，
Ly tình trục thuỷ lưu.,離情逐水流。
"Tà quang yên đạm xứ,",斜光煙淡處，
Dao thức kiến quy chu.,遙識見歸舟。
Khai quyển thâm âm hạ,開卷深愔下，
Dung quang chiếu tự minh,容光照自明。
Tĩnh trung tâm dị động,靜中心易動，
Lạc diệp tác thu thanh,落葉作秋聲。
"Tâm vị minh thời tận,",心為明時盡，
Quân môn thượng bất dung.,君門尚不容。
"Điền viên mê kính lộ,",田園迷徑路，
Quy khứ dục hà tùng.,歸去欲何從。
"Thu đáo hàn phong khởi,",秋到寒風起，
Ly quốc nhật thăng bi.,離國日昇悲。
"Thập niên song mấn bạch,",十年雙鬢白，
Hồi mã vấn hà thì?,迴馬問何時？
"Mục cực giang thiên viễn,",目極江天遠，
Thu sương há bạch tần.,秋霜下白蘋。
"Khả liên nam khứ nhạn,",可憐南去雁，
Bất vị ỷ lâu nhân.,不為倚樓人。
"Cô loan tương hạc quần,","孤鸞將鶴群,"
Tình nhật lệ xuân vân.,晴日麗春雲。
"Hà hạnh vãn phi giả,","何幸晚飛者,"
Thanh âm trường thử văn.,清音長此聞。
"Phản chiếu nhập lư hạng,",返照入閭巷，
Ưu lai thuỳ cộng ngữ.,憂來誰共語。
"Cổ đạo thiểu nhân hành,",古道少人行，
Thu phong động hoà thử.,秋風動禾黍。
"Lạc nhật Ngũ Hồ du,",落日五湖遊，
Yên ba xứ xứ sầu.,煙波處處愁；
"Phù trầm thiên cổ sự,",浮沈千古事，
Thuỳ dữ vấn đông lưu?,誰與問東流。
"Tích thì quân hảo ẩm,",昔時君好飲，
Chi tửu bất đình trì.,卮酒不停持。
"Kim nhật phần tiền thổ,",今日墳前土，
Đồ nhiên lỗi nhất chi.,徒然酹一卮。
"Bất mị quyện trường canh,",不寐倦長更，
Phi y xuất lộ hành.,披衣出路行。
"Nguyệt hàn thu trúc lãnh,",月寒秋竹冷，
Phong thiết dạ song thanh.,風切夜窗聲。
"Lý trung hữu đề nhi,",里中有啼兒，
Thanh thanh hô a mẫu.,聲聲呼阿母。
"Mẫu tử huyết nhu y,",母死血濡衣，
Do hàm hoài trung nhũ.,猶銜懷中乳。
"Đình tiền thược dược yêu vô cách,",庭前芍葯妖無格，
Trì thượng phù cừ tịnh thiểu tình.,池上芙蕖凈少情。
"Duy hữu mẫu đơn chân quốc sắc,",惟有牡丹真國色，
Hoa khai thời tiết động kinh thành.,花開時節動京城。
"Lục nguyệt nhị thập tứ,",六月二十四，
Thướng đáo thử sơn lai.,上到此山來。
"Cử đầu hồng nhật cận,",舉頭紅日近，
Đối ngạn nhất chi mai.,對岸一枝梅。
"Vạn lý lộ trường tại,",萬里路長在，
Lục niên thân thuỷ quy.,六年身始歸。
"Sở kinh quá cựu quán,",所經過舊館，
Đại bán chủ nhân phi.,大半主人非。
"Phượng phi lâu kỹ tuyệt,",鳳飛樓伎絕，
Loan tử kính đài không.,鸞死鏡台空。
"Độc liên chi phấn khí,",獨憐脂粉氣，
Do trước vũ y trung.,猶著舞衣中。
"Dã thương phù Trịnh chước,",野觴浮鄭酌，
Sơn tửu lộc Đào cân.,山酒漉陶巾。
"Đãn lệnh thiên nhật tuý,",但令千日醉，
Hà tích lưỡng tam xuân.,何惜兩三春。
"Thu Phố cẩm đà điểu,",秋浦錦駝鳥，
Nhân gian thiên thượng hy.,人間天上稀。
"Sơn kê tu lục thuỷ,",山雞羞淥水，
Bất cảm chiếu mao y.,不敢照毛衣。
"Lưỡng mấn nhập Thu Phố,",兩鬢入秋浦，
Nhất triêu táp dĩ suy.,一朝颯已衰。
"Viên thanh thôi bạch phát,",猿聲催白髮，
Trường đoản tận thành ty.,長短盡成絲。
"Thu Phố đa bạch viên,",秋浦多白猿，
Siêu đằng nhược phi tuyết.,超騰若飛雪。
"Khiên dẫn điều thượng nhi,",牽引條上兒，
Ẩm lộng thuỷ trung nguyệt.,飲弄水中月。
Sầu tác Thu Phố khách,愁作秋浦客，
Cưỡng khán Thu Phố hoa,強看秋浦花。
Sơn xuyên như Diễm Huyện,山川如剡縣，
Phong nhật tự Trường Sa.,風日似長沙。
Túy thượng Sơn Công mã,醉上山公馬，
Hàn ca Ninh Thích ngưu,寒歌甯戚牛。
Không ngâm Bạch Thạch Lạn,空吟白石爛，
Lệ mãn hắc điêu cừu.,淚滿黑貂裘。
"Thu Phố thiên trùng lĩnh,",秋浦千重嶺，
Thuỷ Xa Lĩnh tối kỳ.,水車嶺最奇。
"Thiên khuynh dục đoạ thạch,",天傾欲墮石，
Thuỷ phất ký sinh chi.,水拂寄生枝。
Giang tổ nhất phiến thạch,江祖一片石，
Thanh thiên tảo họa bình,青天掃畫屏。
Đề thi lưu vạn cổ,題詩留萬古，
Lục tự cẩm đài sinh.,綠字錦苔生。
La nhân hoành điểu đạo,邏人橫鳥道，
Giang tổ xuất ngư lương,江祖出魚梁。
Thủy cấp khách chu tật,水急客舟疾，
Sơn hoa phất diện hương.,山花拂面香。
Thủy như nhất thất luyện,水如一匹練，
Thử địa tức bình thiên,此地即平天。
Nại khả thừa minh nguyệt,耐可乘明月，
Khán hoa thượng tửu thuyền.,看花上酒船。
"Lục thuỷ tịnh tố nguyệt,",淥水淨素月，
Nguyệt minh bạch lộ phi.,月明白鷺飛。
"Lang thính thái lăng nữ,",郎聽採菱女，
Nhất đạo dạ ca quy.,一道夜歌歸。
Lô hỏa chiếu thiên địa,爐火照天地，
Hồng tinh loạn tử yên,紅星亂紫煙。
Noãn Lang minh nguyệt dạ,赧郎明月夜，
Ca khúc động hàn xuyên.,歌曲動寒川。
"Bạch phát tam thiên trượng,",白髮三千丈，
Ly sầu tự cá trường.,離愁似個長。
"Bất tri minh kính lý,",不知明鏡裡，
Hà xứ đắc thu sương!,何處得秋霜。
"Thu Phố Điền Xá Ông,",秋浦田舍翁，
Thái ngư thuỷ trung túc.,採魚水中宿。
"Thê tử trương bạch nhàn,",妻子張白鷴，
Kết ta ánh thâm trúc.,結罝映深竹。
"Đào ba nhất bộ địa,",桃波一步地，
Liễu liễu ngữ thanh văn.,了了語聲聞。
"Ám dữ sơn tăng biệt,",闇與山僧別，
Đê đầu lễ bạch vân.,低頭禮白雲。
Hà xứ thu phong chí?,何處秋風至，
Tiêu tiêu tống nhạn quần.,蕭蕭送雁群。
"Triêu lai nhập đình thụ,",朝來入庭樹，
Cô khách tối tiên văn.,孤客最先聞。
"Bất nhẫn biệt minh nguyệt,",不忍別明月，
Hư song ngọ dạ khai.,虛窗午夜開。
"Bằng lan thu ngữ xứ,",憑欗秋語處，
Di quá tụ biên lai.,移過袖邊來。
"Hoa lạc xuân vô ngữ,",花落春無語，
Xuân quy điểu tự đề.,春歸鳥自啼。
"Đa tình thị phong điệp,",多情是蜂蝶，
Phi quá phấn tường tê.,飛過粉墻西。
"Khinh âm các tiểu vũ,",輕陰閣小雨，
Thâm viện trú dung khai.,深院晝慵開。
"Toạ khán thương đài sắc,",坐看蒼苔色，
Dục thướng nhân y lai.,慾上人衣來。
"Đãi khách khách vị đáo,",待客客未到，
Tầm tăng tăng diệc vô.,尋僧僧亦無。
"Duy dư lâm ngoại điểu,",唯餘林外鳥，
Khoản khúc khuyến đề hồ.,款曲勸提壺。
"Diệp thanh lạc như vũ,",葉聲落如雨，
Nguyệt sắc bạch tự sương.,月色白似霜。
"Dạ thâm phương độc ngoạ,",夜深方獨臥，
Thùy vị phất trần sàng ?,誰為拂塵床？
"Nhất phiến tha hương nguyệt,",一片他鄉月，
Thu quang diệc khổ tân.,秋光亦苦辛。
"Mỗi tòng phong vũ hậu,",每從風雨後，
Lai chiếu biệt ly nhân.,來照別離人。
"Khách tâm kinh lạc mộc,",客心驚落木，
Dạ toạ thính thu phong.,夜坐聽秋風。
"Triêu nhật khan dung mấn,",朝日看容鬢，
Sinh nhai tại kính trung.,生涯在鏡中。
"Thiết thiết ám song hạ,",切切暗窗下，
Yêu yêu thâm thảo lý.,喓喓深草裏。
"Thu thiên tư phụ tâm,",秋天思婦心，
Vũ dạ sầu nhân nhĩ.,雨夜愁人耳。
"Quan khuyết Trường An cận,",觀闕長安近，
Giang sơn Thục đạo xa.,江山蜀道賒。
"Khách hành triêu phục tịch,",客行朝復夕，
Vô xứ thị hương gia.,無處是鄉家。
"Thuỷ hoả nhật tương tham,",水火日相參，
Do lai vị khả đàm.,由來未可談。
"Báo quân vô xứ sở,",報君無處所，
Tam tam hựu tam tam.,三三又三三。
"Tự cổ lai tham học,",字古來參學，
Nhân nhân chỉ vị Nam.,人人指為南。
"Nhược nhân vấn tân sự,",若人問新事，
Tân sự nguyệt sơ tam.,新事月初三。
"Ám tích xuân tương quý,",暗惜春將季，
Trầm ngâm tiểu uyển trung.,沈吟小苑中。
"Diệp phong phiên hãi lục,",葉風飜駭綠，
Hoa vũ lạc phân hồng.,花雨落紛紅。
"Tịch liêu bão đông tâm,",寂寥抱冬心，
Tài la hựu quýnh quýnh.,裁羅又褧褧。
"Dạ cửu tần thao đăng,",夜久頻挑燈，
Sương hàn tiễn đao lãnh.,霜寒剪刀冷。
"Sóc phong khấu quần mộc,",朔風扣群木，
Nghiêm sương điêu bách thảo.,嚴霜雕百草。
"Tá vấn nguyệt trung nhân,",借問月中人，
An đắc trường bất lão?,安得長不老？
Khai song thu nguyệt quang,開窗秋月光，
Diệt chúc giải la thường,滅燭解羅裳。
Hàm tiếu duy hoảng lý,含笑帷幌裡，
Cử thể lan huệ hương.,舉體蘭蕙香。
"Thụ thượng oanh ca thanh,",樹上鶯歌淸，
Đài tiền yến vũ khinh.,臺前燕舞輕。
"Tiên trà đương cô tửu,",煎茶當沽酒，
Liêu dĩ tiễn quân hành.,聊以餞君行。
"Cảm cánh đào lý sắc,",敢竟桃李色，
Tự trình đao xích công.,自呈刀尺功。
"Điệp do mê tiễn thuý,",蝶猶迷剪翠，
Nhân khởi biện tài hồng?,人豈辯裁紅？
"Triêu lai lâm kính đài,",朝來臨鏡臺，
Trang bãi tạm bồi hồi.,妝罷暫徘徊。
"Thiên kim thuỷ nhất tiếu,",千金始一笑，
Nhất triệu cự năng lai.,一召詎能來。
"Hoa chi xuất Kiến Chương,",花枝出建章，
Phượng quản phát Chiêu Dương.,鳳管發昭陽。
"Tá vấn thừa ân giả,",借問承恩者，
Song nga kỷ hứa trường.,雙蛾幾許長。
"Trù tích uyên ương lữ,",疇昔鴛鴦侶，
Chu môn hạ khách đa.,朱門賀客多。
"Như kim vô thử sự,",如今無此事，
Hảo khứ mạc tương qua.,好去莫相過。
"Vô phong trạm bất ba,",無風湛不波，
Hữu tượng sâm ư mục.,有像森於目。
"Hà tất đãi đa ngôn,",何必待多言，
Tương khan ý dĩ túc.,相看意已足。
"Nguyệt ám tống triều phong,",月暗送潮風，
Tương tầm lộ bất thông.,相尋路不通。
"Lăng ca xướng bất triệt,",菱歌唱不徹，
Tri tại thử đường trung.,知在此塘中。
"Lang thái lăng diệp tiêm,",郎採菱葉尖，
Thiếp thái hà diệp viên.,妾採荷葉圓。
"Thạch Thành sầu nhật mộ,",石城愁日暮，
Các tự bát quy thuyền.,各自撥歸船。
"Quế tôn nghinh đế tử,",桂尊迎帝子，
Đỗ nhược tặng giai nhân.,杜若贈佳人。
"Tiêu tương điện dao tịch,",椒漿奠瑤席，
Dục há vân trung quân.,欲下雲中君。
"Đan thứ quyến nhân y,",丹刺罥人衣，
Phương hương lưu quá khách.,芳香留過客。
"Hạnh kham điều đỉnh dụng,",幸堪調鼎用，
Nguyện quân thuỳ thái trích.,願君垂採摘。
"Sàng tiền minh nguyệt quang,",床前明月光，
Nghi thị địa thượng sương.,疑是地上霜。
"Cử đầu vọng minh nguyệt,",舉頭望明月，
Đê đầu tư cố hương.,低頭思故鄉。
"Đình trừ nhất cổ đồng,",庭除一古桐，
Tủng cán nhập vân trung.,聳幹入雲中。
"Chi nghinh nam bắc điểu,",枝迎南北鳥，
Diệp tống vãng lai phong.,葉送往來風。
"Vũ tế sầu nan tẩy,",雨細愁難洗，
Phong hàn dạ vị miên.,風寒夜未眠。
"Toạ thinh canh sổ chuyển,",坐聽更數轉，
Thiêu tẫn Bác Sơn yên.,燒燼博山煙。
"Toàn dân cảo dược tiến,",全民搞躍進，
Mãn địa sáp hồng kỳ.,滿地插紅旗。
"Nông nghiệp cộng sản hoá,",農業共產化，
Tựu thị thái bình thì.,就是太平時。
"Vạn trùng tu đáo hải,",萬重須到海，
Nhất lộ thuỷ ly sơn.,一路始離山。
"Thành quách phân lưu chuyển,",城郭分流轉，
Nhân tâm không tự nhàn.,人心空自閒。
"Xuân giang sầu tống quân,",春江愁送君，
Huệ thảo sinh nhân uân.,蕙草生氤氳。
"Tuý hậu bất năng ngữ,",醉後不能語，
Hương sơn vũ phân phân.,鄉山雨紛紛。
"Dương liễu đông môn thụ,",楊柳東門樹，
Thanh thanh giáp ngự hà.,青青夾禦河。
"Cận lai phan chiết khổ,",近來攀折苦，
Ưng vị biệt ly đa.,應為別離多。
"Lạc diệp tụ hoàn tán,",落葉聚還散，
Chinh cầm khứ bất quy.,征禽去不歸。
"Dĩ ngã cùng đồ khấp,",以我窮途泣，
Triêm quân xuất tái y.,沾君出塞衣。
"Sơn trung tương tống bãi,",山中相送罷，
Nhật mộ yểm sài phi.,日暮掩柴扉。
"Xuân thảo minh niên lục,",春草明年綠，
Vương tôn quy bất quy?,王孫歸不歸。
"Tiêu thuỷ liên Tương thuỷ,",瀟水連湘水，
Thiên ba vạn lãng trung.,千波萬浪中。
"Tri lang vị đắc khứ,",知郎未得去，
Tàm quý thạch vưu phong.,慚愧石尤風。
"Du nhân Ngũ Lăng khứ,",遊人五陵去，
Bảo kiếm trị thiên kim.,寶劍值千金。
"Phân thủ đoái tương tặng,",分手脫相贈，
Bình sinh nhất phiến tâm.,平生一片心。
"Kinh Môn bất kham biệt,",荊門不堪別，
Huống nãi Tiêu Tương thu!,況乃瀟湘秋。
Hà xứ dao vọng quân?,何處遙望君，
Giang biên minh nguyệt lâu.,江邊明月樓。
"Quân đăng thanh vân khứ,",君登青雲去，
Dư vọng thanh sơn quy.,余望青山歸。
"Vân sơn tòng thử biệt,",雲山從此別，
Lệ thấp bệ la y.,淚濕薜蘿衣。
"Biệt lộ vân sơ khởi,",別路雲初起，
Ly đình diệp chính phi.,離亭葉正飛。
"Sở ta nhân dị nhạn,",所嗟人異雁，
Bất tác nhất hàng quy.,不作一行歸。
"Tây Thục tam thiên lý,",西蜀三千里，
Ba nam thuỷ nhất phương.,巴南水一方。
"Hiểu vân thiên tế đoạn,",曉雲天際斷，
Dạ nguyệt giáp trung trường.,夜月峽中長。
"Thanh sơn lâm Hoàng Hà,",青山臨黃河，
Hạ hữu Trường An đạo.,下有長安道。
"Thế thượng danh lợi nhân,",世上名利人，
Tương phùng bất tri lão.,相逢不知老。
"Thập niên lao viễn biệt,",十年勞遠別，
Nhất tiếu hỉ tương phùng.,一笑喜相逢。
"Hựu thướng thanh sơn khứ,",又上青山去，
Thanh sơn thiên vạn trùng.,青山千萬重。
"Thương thương Trúc Lâm tự,",蒼蒼竹林寺，
Diểu diểu chung thanh vãn.,杳杳鐘聲晚。
"Hạ lạp đới tà dương,",荷笠帶斜陽，
Thanh sơn độc quy viễn.,青山獨歸遠。
"Tống khách quy Nam Phố,",送客歸南浦，
Quan san mãn biệt sầu.,關山滿別愁。
"Sầu tâm tự xuân thuỷ,",愁心似春水，
Xứ xứ trục quân chu.,處處逐君舟。
"Minh nguyệt song khê thuỷ,",明月雙溪水，
Thanh phong Bát Vịnh lâu.,清風八詠樓。
"Tích niên thị khách xứ,",昔年是客處，
Kim nhật tống quân du.,今日送君遊。
"Giang bạn tống hành nhân,",江畔送行人，
Thiên sơn sinh mộ phân.,千山生暮氛。
"Tạ An đoàn phiến thượng,",謝安團扇上，
Hảo hoạ Kính Đình vân.,好畫敬亭雲。
"Quan sơn khách tử lộ,",關山客子路，
Hoa liễu đế vương thành.,花柳帝王城。
"Thử trung nhất phân thủ,",此中一分手，
Tương cố liên vô thanh.,相顧憐無聲。
"A tỷ phù sàng khấp,",阿姊扶床泣，
Chư sanh nhiễu tất đề.,諸甥繞膝啼。
"Bình an chỉ lưỡng tự,",平安只兩字，
Mạc tích quá Giang đề.,莫惜過江題。
"Ánh môn Hoài thuỷ lục,",映門淮水綠，
Lưu kị chủ nhân tâm.,留騎主人心。
"Minh nguyệt tuỳ lương duyện,",明月隨良掾，
Xuân triều dạ dạ thâm.,春潮夜夜深。
"Sóc phong thiên lý kinh,",朔風千里驚，
Hán nguyệt ngũ canh thanh.,漢月五更青。
"Túng hữu hoàn gia mộng,",縱有還家夢，
Do văn xuất tái thanh.,猶聞出塞聲。
"Đại tướng quân xuất chiến,",大將軍出戰，
Bạch nhật ám Du quan.,白日暗榆關。
"Tam diện hoàng kim giáp,",三面黃金甲，
Thiền Vu phá đảm hoàn.,單于破膽還。
"Sóc phong kính ư tiễn,",朔風勁於箭，
Sóc thảo khô như tất.,朔草枯如漆。
"Vạn lý độ Cư Diên,",萬里度居延，
Khắc thắng tại minh nhật.,尅勝在明日。
"Nguyện dĩ Táo hạ dưỡng,",願以竈下養，
Địch bỉ Tả Hiền Vương.,敵彼左賢王。
"Xà mâu khinh chiến đấu,",蛇矛輕戰鬬，
Long kiếm lệ quang mang.,龍劍厲光鋩。
"Liệp liệp vân kỳ ủng,",獵獵雲旗擁，
Tiêu tiêu biên mã minh.,蕭蕭邊馬鳴。
"Lâm Thao tam vạn lý,",臨洮三萬里，
Đại bán Thụ Hàng thành.,大半受降城。
"Quy sơn thâm tiên khứ,",歸山深淺去，
Tu tận khâu hác mỹ.,須盡丘壑美。
"Mạc học Vũ Lăng nhân,",莫學武陵人，
Tạm du Đào Nguyên lý.,暫遊桃源裡。
"Cô vân tương dã hạc,",孤雲將野鶴，
Khởi hướng nhân gian trụ.,豈向人間住。
"Mạc mãi Ốc Châu sơn,",莫買沃洲山，
Thì nhân dĩ tri xứ.,時人已知處。
"Ngã trú Chiết Giang tây,",我住浙江西，
Quân khứ Chiết Giang đông.,君去浙江東。
"Nhật nhật tâm lai vãng,",日日心來往，
Bất uý Chiết Giang phong.,不畏浙江風。
"Phong lâm dĩ sầu mộ,",楓林已愁暮，
Sở thuỷ phục kham bi.,楚水復堪悲。
"Biệt hậu lãnh sơn nguyệt,",別後冷山月，
Thanh viên vô đoạn thì.,清猿無斷時。
"Hải ngạn canh tàn tuyết,",海岸耕殘雪，
Khê sa điếu tịch dương.,溪沙釣夕陽。
Khách trung hà sở hữu?,客中何所有，
Xuân thảo tiệm khan trường.,春草漸看長。
"Tây Tái vân sơn viễn,",西塞雲山遠，
Đông phong đạo lộ trường.,東風道路長。
"Nhân tâm thắng triều thuỷ,",人心勝潮水，
Tương tống quá Tầm Dương.,相送過潯陽。
"Nhật nhật nhân không lão,",日日人空老，
Niên niên xuân cánh quy.,年年春更歸。
"Tương hoan tại tôn tửu,",相歡在尊酒，
Bất dụng tích hoa phi.,不用惜花飛。
"Độ đầu xuân thảo lục như yên,",渡頭春草綠如煙，
Xuân vũ thiêm lai thuỷ phách thiên.,春雨添來水拍天。
"Dã kính hoang lương hành khách thiểu,",野徑荒涼行客少，
Cô chu trấn nhật các sa miên.,孤舟鎮日擱沙眠。
"Giang Nam trọng xuân thiên,",江南仲春天，
Tế vũ sắc như yên.,細雨色如煙。
"Ty vi Vũ Xương liễu,",絲為武昌柳，
Bố tác Thạch Môn tuyền.,布作石門泉。
"Nhất niên chỉ kiến binh hòa cảnh,",一年只見兵和警，
Kim nhật khan kiến nho nhã nhân;,今日看見儒雅人。
"Nhã nhân sử ngã tâm hưng phấn,",雅人使我心興奮，
Ngã phát hắc phản lưỡng tam phân.,我髮黑反兩三分。
"Kết cấu trì tây lang,",結構池西廊，
Sơ lý trì đông thụ.,疏理池東樹。
"Thử ý nhân bất tri,",此意人不知，
Dục vi đãi nguyệt xứ.,欲為待月處。
"Trì đao gian mật trúc,",持刀間密竹，
Trúc thiểu phong lai đa.,竹少風來多。
"Thử ý nhân bất hội,",此意人不會，
Dục lệnh trì hữu ba.,欲令池有波。
"Triêu vi điền xá lang,",朝為田舍郎，
Mộ đăng thiên tử đường.,暮登天子堂。
"Tướng tướng bản vô chủng,",將相本無種，
Nam nhi đương tự cường.,男兒當自强。
"Tiểu oa sanh tiểu đĩnh,",小娃撐小艇，
Thâu thái bạch liên hồi.,偷採白蓮回。
"Bất giải tàng tung tích,",不解藏蹤跡，
Phù bình nhất đạo khai.,芙萍一道開。
"Vi phong dẫn tùng lại,",微風引松籟，
Tiêu tiêu thanh thả ai.,蕭蕭淸且哀。
"Hiệu nguyệt lạc tâm ba,",皎月落心波，
Trừng trừng tịnh vô ai.,澄澄淨無埃。
"Độc toạ u hoàng lý,",獨坐幽篁裏，
Đàn cầm phục trường khiếu.,彈琴復長嘯。
"Thâm lâm nhân bất tri,",深林人不知，
Minh nguyệt lai tương chiếu.,明月來相照。
"Lai quá trúc lý quán,",來過竹裏館，
Nhật dữ đạo tương thân.,日與道相親。
"Xuất nhập duy sơn điểu,",出入惟山鳥，
U thâm vô thế nhân.,幽深無世人。
"Yên vũ bách dư niên,",煙雨百餘年，
Mao tỳ sổ gian ốc.,茅茨數間屋。
"Trung hữu tại gia tăng,",中有在家僧，
Tiêu nhiên như thử trúc.,蕭然如此竹。
"Lương công miễu phương lâm,",良工眇芳林，
Diệu tư xúc vật sính.,妙思觸物騁。
"Miệt nghi thu thiền dực,",篾疑秋蟬翼，
Đoàn thủ vọng thư cảnh.,團取望舒景。
"Gia ký Quan Tây trú,",家寄關西住，
Thân vi Hà Bắc du.,身為河北遊。
"Tiêu điều tuế trừ dạ,",蕭條歲除夜，
Lữ bạc tại Danh Châu.,旅泊在洺州。
"Ký ngữ thiên nhai khách,",寄語天涯客，
Khinh hàn để dụng sầu.,輕寒底用愁。
"Xuân phong lai bất viễn,",春風來不遠，
Chỉ tại ốc đông đầu.,只在屋東頭。
"Quy thì nhật thượng tảo,",歸時日尚早，
Cánh dục hướng phương châu.,更欲向芳洲。
"Độ khẩu thuỷ lưu cấp,",渡口水流急，
Hồi thuyền bất tự do.,回船不自由。
"Doanh khuyết thanh minh ngoại,",盈缺青冥外，
Đông phong vạn cổ xuy.,東風萬古吹。
"Hà nhân chủng đan quế,",何人種丹桂，
Bất trưởng xuất viên chi.,不長出圓枝。
"Viên phách thướng hàn không,",圓魄上寒空，
Giai ngôn tứ hải đồng.,皆言四海同。
"An tri thiên lý ngoại,",安知千里外，
Bất hữu vũ kiêm phong.,不有雨兼風。
"Ngã tích thắng quân tích,",我昔勝君昔，
Quân câm thắng ngã câm.,君今勝我今。
"Vinh hoa các dị đại,",榮華各異代，
Hà dụng khổ truy tầm.,何用苦追尋。
"Kim dạ nguyệt sắc bạch,",今夜月色白，
Ô thước kinh khiếu tư.,烏鵲驚叫滋。
"Thanh bi tư hương quốc,",声悲思郷国，
Bất tri hà xứ y.,不知何処依。
"Dục hướng Giang Đông khứ,",欲向江東去，
Định tương thuỳ cử bôi?,定將誰舉杯？
"Kê sơn vô Hạ lão,",稽山無賀老，
Khước trạo tửu thuyền hồi.,卻棹酒船回。
"Minh tiên quá tửu tứ,",鳴鞭過酒肆，
Huyễn phục du xương môn.,袨服遊倡門。
"Bách vạn nhất thời tận,",百萬一時盡，
Hàm tình vô phiến ngôn.,含情無片言。
"Tây hành nhất thiên lý,",西行一千里，
Minh sắc sinh hàn thụ.,暝色生寒樹。
"Ám văn ca xuy thanh,",暗聞歌吹聲，
Tri thị Trường An lộ.,知是長安路。
"Mạc Sầu mạo như hoa,",莫愁貌如花，
Sinh trưởng Trường Can lý.,生長長干里。
"Giá dữ viễn du lang,",嫁與逺遊郎，
Sầu phong phục sầu thuỷ.,愁風復愁水。
Quân gia tại hà xứ?,君家在何處？
Thiếp trú tại Hoành Đường.,妾住在橫塘。
"Đình thuyền tạm tá vấn,",停船暫借問，
Hoặc khủng thị đồng hương.,或恐是同鄉。
"Gia lâm Cửu Giang thuỷ,",家臨九江水，
Lai khứ Cửu Giang trắc.,來去九江側。
"Đồng thị Trường Can nhân,",同是長干人，
Sinh tiểu bất tương thức.,生小不相識。
"Hạ chử đa phong lãng,",下渚多風浪，
Liên chu tiệm giác hy.,蓮舟漸覺稀。
"Na năng bất tương đãi,",那能不相待，
Độc tự nghịch triều quy.,獨自逆潮歸。
"Tam Giang triều thuỷ cấp,",三江潮水急，
Ngũ Hồ phong lãng dũng.,五湖風浪湧。
"Do lai hoa tính khinh,",由來花性輕，
Mạc uý liên chu trọng.,莫畏蓮舟重。
"Di khước san hô tiên,",遺卻珊瑚鞭，
Bạch mã kiêu bất hành.,白馬驕不行。
"Chương Đài chiết dương liễu,",章臺折楊柳，
Xuân nhật lộ bàng tình.,春日路傍情。
"Hải hạc nhất vi biệt,",海鶴一為別，
Tồn vong tam thập thu.,存亡三十秋。
"Kim lai sổ hàng lệ,",今來數行淚，
Độc thướng dịch nam lâu.,獨上驛南樓。
"Mộng lý quân vương cận,",夢裏君王近，
Cung trung hà Hán cao.,宮中河漢高。
"Thu phong năng tái nhiệt,",秋風能再熱，
Đoàn phiến bất từ lao.,團扇不辭勞。
"Thể nhược sương ưng giác,",体弱霜應覺，
Khâm hàn thu diệc bi.,衿寒秋亦悲。
"Bất từ song lệ tận,",不辭雙淚盡，
Tâm sự hữu thuỳ tri.,心事有誰知。
"Ân đoạn do nghi mộng,",恩斷猶疑夢，
Đăng hàn bất tác hoa.,燈寒不作花。
"Trang thành ngưng hiểu toạ,",粧成凝曉坐，
Cánh dục tẩy diên hoa.,更欲洗鉛華。
"Trường Tín cung trung thảo,",長信宮中草，
Niên niên sầu xứ sinh.,年年愁處生。
"Cố xâm châu lý tích,",故侵珠履跡，
Bất sử ngọc giai hành.,不使玉階行。
"Thanh thanh Trường Tín thảo,",青青長信草，
Vô ý học phùng nghinh.,無意學逢迎。
"Bất yếm thê lương địa,",不厭凄涼地，
Xuân lai hoàn tự sinh.,春來還自生。
"Uất uất tương tư thụ,",鬱鬱相思樹，
Thượng hữu tương tư điểu.,上有相思鳥。
"Tương tư nhân bất lai,",相思人不來，
Phong vũ sầu đa thiểu.,風雨愁多少。
"Quân hành đăng Lũng thượng,",君行登隴上，
Thiếp mộng tại khuê trung.,妾夢在閨中。
"Ngọc trợ thiên hàng lạc,",玉箸千行落，
Ngân sàng nhất bán không.,銀床一半空。
"Ỷ tịch xuân miên giác,",綺席春眠覺，
Sa song hiểu vọng mê.,紗窗曉望迷。
"Mông lung tàn mộng lý,",朦朧殘夢裏，
Do tự tại Liêu tê.,猶自在遼西。
"Bán sơn tàn chiếu ảnh sơ sơ,",半山殘照影初初，
Lưỡng ngạn yên thâm vũ bất như.,兩岸煙深雨不如。
"Ngật ngật đăng tiền thập niên độc,",仡仡燈前十年讀，
Nhãn khuy vị biến thánh hiền thư.,眼窺未遍聖賢書。
"Sùng Phạm cư Nam quốc,",崇范居南國，
Tâm không cập đệ quy.,心空及第歸。
"Nhĩ trường hồi thuỵ chất,",耳長迴瑞質，
Pháp pháp tận ly vi.,法法盡离微。
"Vạn Hạnh dung tam tế,",萬行融三際，
Chân phù cổ sấm thi.,真符古讖詩。
"Hương quan danh Cổ Pháp,",鄉關名古法，
Trụ tích trấn vương kỳ.,拄錫鎮王畿。
"Dạ bán Chương Đình dịch,",夜半樟亭驛，
Sầu nhân khởi vọng hương.,愁人起望鄉。
"Nguyệt minh hà sở kiến,",月明何所見，
Triều thuỷ bạch mang mang.,潮水白茫茫。
"Chúng hưởng tiệm dĩ tịch,",眾響漸已寂，
Trùng ư Phật diện phi.,蟲於佛面飛。
"Bán song quan dạ vũ,",半窗關夜雨，
Tứ bích quải tăng y.,四壁掛僧衣。
"Di chu bạc yên chử,",移舟泊煙渚，
Nhật mộ khách sầu tân.,日暮客愁新。
"Dã khoáng thiên đê thụ,",野曠天低樹，
Giang thanh nguyệt cận nhân.,江清月近人。
"Tiêu điều thu vũ tịch,",蕭條秋雨夕，
Thương mang Sở giang hối.,蒼茫楚江晦。
"Thì kiến nhất chu hành,",時見一舟行，
Mông mông thuỷ vân ngoại.,濛濛水雲外。
"Mạc dĩ kim thời sủng,",莫以今時寵，
Năng vong cựu nhật ân.,能忘舊日恩。
"Khán hoa mãn nhãn lệ,",看花滿眼淚，
Bất cộng Sở vương ngôn.,不共楚王言。
"Bách bảo trang yêu đới,",百寶裝腰帶，
Chân châu lạc tý câu.,真珠絡臂鞲。
"Tiếu thì hoa cận nhãn,",笑時花近眼，
Vũ bãi cẩm triền đầu.,舞罷錦纏頭。
"Tiểu kính điền hồng diệp,",小徑填紅葉，
Đồi viên trưởng lục đài.,頹垣長綠苔。
"Báo nha vô lại đáo,",報衙無吏到，
Khấu hộ hữu tăng lai.,扣戶有僧來。
"Tử đằng quải vân mộc,",紫藤掛雲木，
Hoa mạn nghi dương xuân.,花蔓宜陽春。
"Mật diệp ẩn ca điểu,",密葉隱歌鳥，
Hương phong lưu mỹ nhân.,香風留美人。
"Cận thụ thâm ư nhiễm,",近樹深於染，
Dao sơn đạm hữu ngân.,遙山澹有痕。
"Nhân gia hà xứ thị,",人家何處是，
Thôn kính tự hoàng hôn.,村逕似黃昏。
"Thái Sơn trinh cao,",泰山貞高，
Tượng hốt trinh liệt.,象笏貞列。
"Linh trãi tiến giác,",靈廌進角，
Vi hốt nan chiết.,為笏難折。
"Xuân cầm do cạnh chuyển,",春禽猶競囀，
Hạ mộc hốt giao âm.,夏木忽交陰。
"Sảo giác thu sơn viễn,",稍覺秋山遠，
Nga kinh đông tản thâm.,俄驚冬霰深。
"Đối tửu bất giác minh,",對酒不覺瞑，
Lạc hoa doanh ngã y.,落花盈我衣。
"Tuý khởi bộ khê nguyệt,",醉起步溪月，
Điểu hoàn nhân diệc hy.,鳥還人亦稀。
Thuý sắc năng trường tại,翠色能長在，
Phương tâm bất khả dân,芳心不可民。
Tiêu tiêu phong tuyết lý,蕭蕭風雪裡，
Tiếp dẫn nhất thiên xuân,接引一天春。
"Đoạt sáo Chương Dương độ,",奪槊章陽渡，
Cầm Hồ Hàm Tử quan.,擒胡鹹子關。
"Thái bình tu nỗ lực,",太平須努力，
Vạn cổ thử giang san.,萬古此江山。
"Gia trú Tung sơn hạ,",家住嵩山下，
Hảo thái cựu sơn vi.,好採舊山薇。
"Tự tỉnh du tuyền thạch,",自省遊泉石，
Hà tằng bất dạ quy?,何曾不夜歸。
"Huệ thảo kiều hồng ngạc,",蕙草嬌紅萼，
Thì quang vũ bích kê.,時光舞碧雞。
"Thành trung mỹ niên thiếu,",城中美年少，
"Tương kiến ""Bạch đồng đê"".",相見白銅鞮。
"Tương Dương hành đông xứ,",襄陽行東處，
"Ca vũ ""Bạch đồng đê"".",歌舞白銅鞮。
"Giang thành hồi lục thuỷ,",江城回綠水，
Hoa nguyệt sử nhân mê.,花月使人迷。
"Thiếu niên Tương Dương địa,",少年襄陽地，
Lai vãng Tương Dương thành.,來往襄陽城。
"Thành trung khinh bạc tử,",城中輕薄子，
Tri thiếp giải Tần tranh.,知妾解秦箏。
"Đông sàng quyển tịch bãi,",東床卷席罷，
Hộ lạc tương hành khứ.,護落將行去。
"Thu bạch dao dao không,",秋白遙遙空，
Nhật mãn môn tiền lộ.,日滿門前路。
"Cửu Nghi hà xứ thị,",九嶷何處是，
Ngọc liễn kỷ thời qua.,玉輦幾時過。
"Thiên thu bi đế tử,",千秋悲帝子，
Trúc thượng lệ ngân đa.,竹上淚痕多。
"Tuế cùng duy ích lão,",歲窮惟益老，
Xuân chí khước từ gia.,春至卻辭家。
"Khả tích đông viên thụ,",可惜東園樹，
Vô nhân dã tác hoa.,無人也作花。
"Túc túc Tương phi miếu,",肅肅湘妃廟，
Không tường bích thuỷ xuân.,空牆碧水春。
"Trùng thư ngọc bội tiển,",蟲書玉佩蘚，
Yến vũ thuý duy trần.,燕舞翠帷塵。
"Vãn bạc đăng đinh thụ,",晚泊登汀樹，
Vi hinh tá chử tần.,微馨借渚蘋。
"Thương Ngô hận bất tận,",蒼梧恨不盡，
Nhiễm lệ tại tùng quân.,染淚在叢筠。
"Bão kha dục giáp tuần,",抱痾欲浹旬，
Dạ ngoạ trú phục dược.,夜臥晝服藥。
"Bất khiết nhất lạp mễ,",不喫一粒米，
Lạp lạp giai giảo trước.,粒粒皆咬著。
"Súc dược dục trị bệnh,",蓄藥欲治病，
Vô bệnh an dụng dược?,無病安用藥。
"Kim hữu vô mễ phạn,",今有無米飯，
Vô khẩu nhân giảo trước.,無口人咬著。
"Cách ngạn tương viên khiếu,",隔岸湘猿叫，
Lâm sơn Sở trúc u.,臨山楚竹幽。
"Tịch dương tình cảnh hảo,",夕陽晴景好，
Thuỷ sắc mãn cô chu.,水色滿孤舟。
"Hồng đậu sinh nam quốc,",紅豆生南國，
Xuân lai phát kỷ chi.,春來發幾枝。
"Nguyện quân đa thái hiệt,",願君多採擷，
Thử vật tối tương ti.,此物最相思。
"Gia ký Giang Đông viễn,",家寄江東遠，
Thân đối Giang Tây xuân.,身對江西春。
"Không kiến tương tư thụ,",空見相思樹，
Bất kiến tương tư nhân.,不見相思人。
"Tiểu Uyển oanh ca yết,",小苑鶯歌歇，
Trường Môn điệp vũ đa.,長門蝶舞多。
"Nhãn khan xuân hựu khứ,",眼看春又去，
Thuý liễn bất tằng qua.,翠輦不曾過。
"Tự quân chi xuất hĩ,",自君之出矣，
Lương trần tĩnh bất phi.,梁塵靜不飛。
"Tư quân như mãn nguyệt,",思君如滿月，
Dạ dạ giảm dung huy.,夜夜減容暉。
"Tự quân chi xuất hĩ,",自君之出矣，
Bảo kính vị thuỳ minh?,寶鏡為誰明？
"Tư quân như Lũng thuỷ,",思君如隴水，
Trường văn ô yết thanh.,長聞嗚咽聲。
"Tự quân chi xuất hĩ,",自君之出矣，
Vạn vật khan thành cổ.,萬物看成古。
"Thiên tầm đình lịch chi,",千尋葶藶枝，
Tranh nại trường trường khổ.,爭奈長長苦。
"Tự quân chi xuất hỹ,",自君之出矣，
Tu chiết thanh thanh liễu.,須折青青柳。
"Nguyện tác lạc hoa phi,",願作落花飛，
Tuỳ phong nhập lang thủ.,隨風入郎手。
"Tự quân chi xuất hĩ,",自君之出矣，
Thiên San chỉ đẳng nhàn.,千山只等閒。
"Thác dữ tương tư mộng,",托與相思夢，
Nhất tiêu sổ hồi hoàn.,一宵數迴還。
"Tự quân chi xuất hĩ,",自君之出矣，
Hoa khai hựu hoa tạ.,花開又花謝。
"Tư quân như nhật nguyệt,",思君如日月，
Cảnh cảnh trú phục dạ.,耿耿晝復夜。
"Tự quân chi xuất hĩ,",自君之出矣，
Bất phục lý tàn ky.,不復理殘機。
"Tư quân như mãn nguyệt,",思君如滿月，
Dạ dạ giảm thanh huy.,夜夜減清輝。
"Tự quân chi xuất hĩ,",自君之出矣，
Đồ tả linh lạc nhĩ.,徒寫零落耳。
"Tư quân như xa luân,",思君如車輪，
Triển chuyển sầu bất dĩ.,輾轉愁不已。
"Tự quân chi xuất hĩ,",自君之出矣，
Hồng trang thuỳ nhân khan.,紅妝誰人看。
"Khả liên thạch lựu quần,",可憐石榴裙，
Cửu trí tâm diệc hàn.,久置心亦寒。
"Tự quân chi xuất hĩ,",自君之出矣，
Cầm sắt hà tằng ngự.,琴瑟何曾御。
"Tư quân như lạc diệp,",思君如落葉，
Tiêu sắt bi mộ thu.,蕭瑟悲暮秋。
"Tự quân chi xuất hĩ,",自君之出矣，
Hương uyển tuyệt nhân yên.,香苑絕人煙。
"Thiên thượng hữu thất tịch,",天上有七夕，
Tâm hải vô độ thuyền.,心海無渡船。
"Tự quân chi xuất hỹ,",自君之出矣，
Nhật nhật vọng thanh loan.,日日望青鸞。
"Thanh loan vọng bất chí,",青鸞望不至，
Đồ kiến bạch vân đoan.,徒見白雲端。
"Tự quân chi xuất hỹ,",自君之出矣，
Tần bả quy kỳ kế.,頻把歸期計。
"Chỉ thống bất kham sổ,",指痛不堪數，
Ngũ nhân do vị chí.,五人猶未至。
"Tự quân chi xuất hỹ,",自君之出矣，
Trần mai kính lý loan.,塵埋鏡裏鸞。
"Phạ chiếu thu tâm mạo,",怕照秋心貌，
Bất thị cựu thì nhan.,不是舊時顏。
"Tự quân chi xuất hỹ,",自君之出矣，
Bất cảm thướng cao lâu.,不敢上高樓。
"Lâu ngoại hữu dương liễu,",樓外有楊柳，
Ty ty hội nhạ sầu.,絲絲會惹愁。
"Tự quân chi xuất hỹ,",自君之出矣，
Bất ngôn diệc bất khốc.,不言亦不哭。
"Ngôn tắc vô tri âm,",言則無知音，
Khốc khủng kinh lang ngụ.,哭恐驚郎寤。
"Tự quân chi xuất hỹ,",自君之出矣，
Độc toạ bất thành miên.,獨坐不成眠。
"Bán tư tụ thủ sự,",半思聚首事，
Bán tư ly biệt ngôn.,半思離別言。
"Tự quân chi xuất hỹ,",自君之出矣，
Trương đăng tần cố ảnh.,張燈頻顧影。
"Cố ảnh tự bồi hồi,",顧影自徘徊，
Tiêu sấu khả liên mẫn.,消瘦可憐憫。
"Tự quân chi xuất hỹ,",自君之出矣，
Yếm nguyệt chiếu không sàng.,厭月照空床。
"Bạc khâm bất thành mị,",薄衾不成寐，
Cô chẩm phạ nghiêm sương.,孤枕怕嚴霜。
"Tự quân chi xuất hỹ,",自君之出矣，
Vô nhật bất nam tư.,無日不南思。
"Tư quân quân bất chí,",思君君不至，
Lệ chích mãn la cư.,淚滴滿羅裾。
"Tự quân chi xuất hĩ,",自君之出矣，
Minh kính bãi hồng trang.,明鏡罷紅妝。
"Tư quân như dạ chúc,",思君如夜燭，
Tiền lệ kỷ niên hành.,前淚幾年行。
"Tự quân chi xuất hỹ,",自君之出矣，
Trường đoạn phục tâm hôi.,腸斷復心灰。
"Lưỡng địa tư thiên lý,",兩地思千里，
Tư hồi nhân vị hồi.,思回人未回。
"Tự quân chi xuất hĩ,",自君之出矣，
Hồng nhan chuyển tiều tuỵ.,紅顏轉憔悴。
"Tư quân như minh chúc,",思君如明燭，
Tiễn tâm thả hàm lệ.,煎心且銜淚。
"Mộ nghĩa danh không tại,",慕義名空在，
Thâu trung hiếu bất toàn.,輸忠孝不全。
"Báo ân vô hữu nhật,",報恩無有日，
Quy quốc định hà niên?,歸國定何年？
"Trường Giang bi dĩ trệ,",長江悲已滯，
Vạn lý niệm tương quy.,萬里念將歸。
"Huống thuộc cao phong vãn,",況屬高風晚，
Sơn sơn hoàng diệp phi.,山山黃葉飛。
"Tự tiểu đa tài học,",自小多才學，
Bình sinh chí khí cao.,平生志氣高。
"Biệt nhân hoài bảo kiếm,",別人懷寶劍，
Ngã hữu bút như đao.,我有筆如刀。
"Tật phong tri kình thảo,",疾風知勁草，
Bản đãng thức thành thần.,板蕩識誠臣。
"Dũng phu an thức nghĩa,",勇夫安識義，
Trí giả tất hoài nhân.,智者必懷仁。
"Tính tích thù kham tiếu,",性僻殊堪笑，
Ngâm đa diệc bất công!,吟多亦不工。
"Dạ thâm tài đắc cú,",夜深纔得句，
Mãnh khởi cấp hô đồng!,猛起急呼童。
"Lục thập niên trung sự,",六十年中事，
Thê lương đáo cái quan.,凄涼到蓋棺。
"Bất tương lưỡng hàng lệ,",不將兩行淚，
Khinh hướng nhữ tào đàn.,輕向汝曹彈。
"Hải để hữu minh nguyệt,",海底有明月，
Viên ư thiên thượng luân.,圓於天上輪。
"Đắc chi nhất thốn quang,",得之一寸光，
Khả mãi thiên lý xuân.,可買千里春。
"Nhật xuất ly đông thuỷ,",日出籬東水，
Vân sinh xá bắc nê.,雲生舍北泥。
"Trúc cao minh phí thuý,",竹高鳴翡翠，
Sa tích vũ côn kê.,沙僻舞鵾雞。
"Ái ái hoa nhị loạn,",藹藹花蕊亂，
Phi phi phong điệp đa.,飛飛蜂蝶多。
"U thê thân lãn động,",幽栖身懶動，
Khách chí dục như hà.,客至欲如何。
"Tạc tỉnh giao tông diệp,",鑿井交棕葉，
Khai cừ đoạn trúc căn.,開渠斷竹根。
"Thiên chu khinh diểu lãm,",扁舟輕裊纜，
Tiểu kính khúc thông thôn.,小徑曲通村。
"Cấp vũ sao khê túc,",急雨捎溪足，
Tà huy chuyển thụ yêu.,斜暉轉樹腰。
"Cách sào hoàng điểu tịnh,",隔巢黃鳥并，
Phiên tảo bạch ngư khiêu.,翻藻白魚跳。
"Xá hạ duẫn xuyên tường,",舍下筍穿牆，
Đình trung đằng thích thiềm.,庭中藤刺檐。
"Địa tình ty nhiễm nhiễm,",地晴絲冉冉，
Giang bạch thảo tiêm tiêm.,江白草纖纖。
"Giang động nguyệt di thạch,",江動月移石，
Khê hư vân bạng hoa.,溪虛雲傍花。
"Ô thê tri cố đạo,",烏栖知故道，
Phàm quá túc thuỳ gia?,帆過宿誰家。
"Trì nhật giang sơn lệ,",遲日江山麗，
Xuân phong hoa thảo hương.,春風花草香。
"Nê dung phi yến tử,",泥融飛燕子，
Sa noãn thuỵ uyên ương.,沙暖睡鴛鴦。
"Giang bích điểu du bạch,",江碧鳥逾白，
Sơn thanh hoa dục nhiên.,山青花欲燃。
"Kim xuân khan hựu quá,",今春看又過，
Hà nhật thị quy niên?,何日是歸年？
"Văn đạo Ba Sơn lý,",聞道巴山裏，
Xuân thuyền chính hảo hành.,春船正好行。
"Đô tương bách niên hứng,",都將百年興，
Nhất vọng Cửu Giang thành.,一望九江城。
"Thuỷ hạm Ôn giang khẩu,",水檻溫江口，
Thảo đường Thạch Duẩn tây.,草堂石筍西。
"Di thuyền Tiên Chủ miếu,",移船先主廟，
Tẩy dược Hoán Hoa khê.,洗藥浣花溪。
"Mạn đạo xuân lai hảo,",謾道春來好，
Cuồng phong thái phóng điên.,狂風太放顛。
"Xuy hoa tuỳ thuỷ khứ,",吹花隨水去，
Phiên khước điếu ngư thuyền.,翻卻釣魚船。
"Nguyễn Tịch tỉnh thì thiểu,",阮籍醒時少，
Đào Tiềm tuý nhật đa.,陶潛醉日多。
"Bách niên hà túc độ,",百年何足度，
Thừa hứng thả trường ca.,乘興且長歌。
"Ốc giác nhật quang trì,",屋角日光遲，
Lâu đầu vân ảnh bạc.,樓頭雲影薄。
"Đồi nhiên nhất lãn ông,",頹然一懶翁，
Tuý khởi đình hoa lạc.,醉起庭花落。
"Du du nam quốc tư,",悠悠南國思，
Dạ hướng Giang Nam bạc.,夜向江南泊。
"Sở khách đoạn trường thì,",楚客斷腸時，
Nguyệt minh phong tử lạc.,月明楓子落。
"Bất hướng Đông Sơn cửu,",不向東山久，
Tường vi kỷ độ hoa?,薔薇幾度花。
"Bạch vân hoàn tự tán,",白雲還自散，
Minh nguyệt lạc thuỳ gia?,明月落誰家。
"Ngã kim huề Tạ kỹ,",我今攜謝妓，
Trường khiếu tuyệt nhân quần.,長嘯絕人群。
"Dục báo Đông Sơn khách,",欲報東山客，
Khai quan tảo bạch vân.,開關掃白雲。
"Tần tương tư mẫu lệ,",頻將思母淚，
Tảo mộ sái Tương Âm.,早暮灑湘陰。
"Cực mục giang thiên viễn,",極目江天遠，
Bạch vân hà xứ thâm.,白雲何處深。
"Diểu diểu Giang Lăng đạo,",渺渺江陵道，
Tương tư viễn bất tri.,相思遠不知。
"Cận lai văn quyển lý,",近來文卷裏，
Bán thị ức quân thi.,半是憶君詩。
"Tâm trục nam vân thệ,",心逐南雲逝，
Hình tuỳ bắc nhạn lai.,形隨北雁來。
"Cố hương ly hạ cúc,",故鄉籬下菊，
Kim nhật kỷ hoa khai?,今日幾花開？
"Lục anh mãn hương thế,",綠英滿香砌，
Lưỡng lưỡng uyên ương tiểu.,兩兩鴛鴦小。
"Đãn ngu xuân nhật trường,",但娛春日長，
Bất quản thu phong tảo.,不管秋風早。
"Hướng tịch vấn chu tử,",向夕問舟子，
Tiền trình phục kỷ đa.,前程復幾多。
"Loan đầu chính kham bạc,",灣頭正堪泊，
Hoài lý túc phong ba.,淮裏足風波。
"Văn hạnh tài vi lương,",文杏裁為梁，
Hương mao kết vi vũ.,香茅結為宇。
"Bất tri đống lý vân,",不知棟裏雲，
Khứ tác nhân gian vũ.,去作人間雨。
"Điều điều văn hạnh quán,",迢迢文杏館，
Tễ phàn nhật dĩ lũ.,躋攀日已屢。
"Nam lĩnh dữ bắc hồ,",南嶺與北湖，
Tiền khán phục hồi cố.,前看復回顧。
"Tự ta danh lợi khách,",自嗟名利客，
Nhiễu nhiễu tại nhân gian.,擾擾在人間。
"Hà sự trường Hoài thuỷ,",何事長淮水，
Đông lưu diệc bất nhàn?,東流亦不閒。
"Cửu hỗn phàm trần vị thức câm,",久混凡塵未識金，
Bất tri hà xứ thị chân tâm.,不知何處是真心。
"Nguyện thuỳ chỉ đích khai phương tiện,",願垂指的開方便，
Liễu kiến như như đoạn khổ tầm.,了見如如斷苦尋。
"Phong tồi, nan cải sắc,",風摧難改色，
Hạ tận bất suy hương.,暇盡不衰香。
"Mạc quái khai thiên vãn,",莫怪開偏晚，
Viêm thần lãn đấu phương.,炎晨懶鬥芳。
"Lục nghị tân phôi tửu,",綠螘新醅酒，
Hồng nê tiểu hoả lô.,紅泥小火爐。
"Vãn lai thiên dục tuyết,",晚來天欲雪，
Năng ẩm nhất bôi vô?,能飲一杯無？
Cố viên miểu hà xứ?,故園眇何處？
Quy tư phương du tai.,歸思方悠哉。
"Hoài Nam thu vũ dạ,",淮南秋雨夜，
Cao trai văn nhạn lai.,高齋聞雁來。
"Lạc nhật tảo thiền cấp,",落日早蟬急，
Khách tâm văn cánh sầu.,客心聞更愁。
"Nhất thanh lai chẩm thượng,",一聲來枕上，
Mộng lý cố viên thu.,夢裏故園秋。
"Viện lạc trầm trầm hiểu,",院落沉沉曉，
Hoa khai bạch tuyết hương.,花開白雪香。
"Nhất chi khinh đới vũ,",一枝輕帶雨，
Lệ thấp Quý Phi trang.,淚濕貴妃妝。
"Sơn sắc vô viễn cận,",山色無遠近，
Khán sơn chung nhật hành.,看山終日行。
"Phong loan tuỳ xứ cải,",峰巒隨處改，
Hành khách bất tri danh.,行客不知名。
"Trường Can Ngô nhi nữ,",長干吳兒女，
Mi mục diễm tinh nguyệt.,眉目艷星月。
"Kịch thượng túc như sương,",屐上足如霜，
Bất trước nha đầu miệt.,不著鴉頭襪。
"Ngô nhi đa bạch tích,",吳兒多白皙，
Hảo vi đãng chu kịch.,好為蕩舟劇。
"Mại nhãn trịch xuân tâm,",賣眼擲春心，
Chiết hoa điều hành khách.,折花調行客。
"Da khê thái liên nữ,",耶溪採蓮女，
Kiến khách trạo ca hồi.,見客棹歌回。
"Tiếu nhập hà hoa khứ,",笑入荷花去，
Dương tu bất xuất lai.,佯羞不出來。
"Đông Dương tố túc nữ,",東陽素足女，
Cối Kê tố khả lang.,會稽素舸郎。
"Tương khan nguyệt vị đoạ,",相看月未墮，
Bạch địa đoạn can tràng.,白地斷肝腸。
"Kính hồ thuỷ như nguyệt,",鏡湖水如月，
Da khê nữ như tuyết.,耶溪女如雪。
"Tân trang đãng tân ba,",新妝蕩新波，
Quang cảnh lưỡng kỳ tuyệt.,光景兩奇絕。
"Tần Vọng hoạ trung san,",秦望畫中山，
Nhược Da kính trung thuỷ.,若耶鏡中水。
Thập gia cửu hoán sa.,十家九浣紗，
Vị thủ Trữ La nữ.,為取苧蘿女。
"Thượng huyền minh nguyệt bán,",上弦明月半，
Kích tiễn lưu tinh viễn.,激箭流星遠。
"Lạc nhạn đới thư kinh,",落雁帶書驚，
Đề viên nhiễu chi chuyển.,啼猿繞枝轉。
"Bắc phạt tuy toàn Triệu,",北伐雖全趙，
Đông quy bất vương Tần.,東歸不王秦。
"Không ca bạt sơn lực,",空歌拔山力，
Tu tác độ giang nhân.,羞作渡江人。
"Tử Thôi ngôn tỵ thế,",子推言避世，
Sơn hoả toại phần thân.,山火遂焚身。
"Tứ hải đồng hàn thực,",四海同寒食，
Thiên thu vị nhất nhân.,千秋為一人。
"Cố hương hành vân thị,",故鄉行雲是，
Hư thất toạ gian đồng.,虛室坐間同。
"Nhật lạc tây sơn mộ,",日落西山暮，
Phương tri thiên hạ không.,方知天下空。
"Dục chuyển thanh do sáp,",欲囀聲猶澀，
Tương phi vũ vị điều.,將飛羽未調。
"Cao phong bất tá tiện,",高風不借便，
Hà xứ đắc thiên kiều?,何處得遷喬。
"Bàn căn thực doanh chử,",盤根植瀛渚，
Giao can hoành ỷ thiên.,交干橫倚天。
"Thư hoa quang tứ hải,",舒華光四海，
Quyển diệp âm sơn xuyên.,卷葉蔭山川。
"Hữu vân quang sạ tình,",有雲光乍晴，
Vô thuỷ ảnh hoàn không.,無水影還空。
"Mạc nhạ tây trầm khứ,",莫訝西沉去，
Minh tiêu hựu xuất đông.,明霄又出東。
"Nhật lý dương triêu thái,",日裏颺朝綵，
Cầm trung bạn dạ đề.,琴中伴夜啼。
"Thượng lâm đa thiểu thụ,",上林多少樹，
Bất tá nhất chi thê.,不借一枝棲。
"Trục vũ phiêu khinh tụ,",逐舞飄輕袖，
Truyền ca cộng nhiễu lương.,傳歌共繞梁。
"Động chi sinh loạn ảnh,",動枝生亂影，
Xuy hoa tống viễn hương.,吹花送遠香。
"Sơn kế đương song mãn,",山髻當窗滿，
Tùng thoa lạc tụ khinh.,松釵落袖輕。
"Lão tăng tuy tịch mịch,",老僧雖寂寞，
Quy hữu nhất hoa nghinh.,歸有一花迎。
"Thuỳ trác Côn sơn ngọc,",誰斲崑山玉，
Tài thành Chức Nữ sơ.,裁成織女梳。
"Khiên Ngưu nhất khứ hậu,",牽牛一去後，
Sầu trịch bích không hư.,愁擲碧空虛。
"Thượng hữu đề bào tặng,",尚有綈袍贈，
Ưng lân Phạm thúc hàn.,應憐范叔寒。
"Bất tri thiên hạ sĩ,",不知天下士，
Do tác bố y khan.,猶作布衣看。
"Kiếm ảnh hoành tiêu trướng,",劍影橫綃帳，
Đăng quang yểm hoạ lâu.,燈光掩畫樓。
"Ngô cung thâm tự hải,",吳宮深似海，
Dạ dạ mộng Kinh Châu.,夜夜夢荊州。
"Thượng lưu thanh trủng tại,",尚留青塚在，
Di hận nhập tì bà.,遺恨入琵琶。
"Không đối Hồ thiên nguyệt,",空對胡天月，
Nan vong Hán uyển hoa.,難忘漢苑花。
"Hầu môn thâm tự hải,",侯門深似海，
Cự nhãn thức anh hùng.,巨眼識英雄。
"Lữ điếm khuynh đàm nhật,",旅店傾談日，
Cầu Nhiêm bái hạ phong.,虯髯拜下風。
"Thiên vong phi chiến tội,",天亡非戰罪，
Mạt lộ khốn anh hùng.,末路困英雄。
"Khí tận Ngu đồng tử,",氣盡虞同死，
Tư thần tiếu Bái Công.,司晨笑沛公。
"Dịch thuỷ phong tiêu sắt,",易水風蕭瑟，
Khinh thân phó hổ lang.,輕身赴虎狼。
"Thuỳ vân sơ kiếm thuật,",誰雲疏劍術，
Khí dĩ nhiếp Tần vương.,氣已懾秦王。
"Yên Triệu đa kỳ sĩ,",燕趙多奇士，
Bi ca khởi thị trung.,悲歌起市中。
"Thanh thanh du hiệp lệ,",聲聲遊俠淚，
Kích trúc tiệp thu phong.,擊築挾秋風。
"Vạn mục tự sinh thính,",萬牧自生聽，
Thái không hằng tịch liêu.,太空恆寂寥。
"Hoàn tòng tĩnh trung khởi,",還從靜中起，
Khước hướng tĩnh trung tiêu.,卻向靜中消。
"Trạc trạc đương hiên trúc,",擢擢當軒竹，
Thanh thanh trọng tuế hàn.,青青重歲寒。
"Tâm trinh đồ kiến thưởng,",心貞徒見賞，
Thác tiểu vị thành can.,籜小未成竿。
"Quang ánh trang lâu nguyệt,",光映妝樓月，
Hoa thừa ca phiến phong.,花承歌扇風。
"Dục đố mai tương liễu,",欲妒梅將柳，
Cố lạc tảo xuân trung.,故落早春中。
"Vi thảo đáng tác lan,",為草當作蘭，
Vi mộc đáng tác tùng.,為木當作松。
"Lan u hương phong viễn,",蘭幽香風遠，
Tùng hàn bất cải dung.,松寒不改容。
"Nhân chi vi thiện sự,",人之為善事，
Thiện sự nghĩa đương vi.,善事義當為。
"Kim thạch do năng động,",金石猶能動，
Quỷ thần kỳ khả khi.,鬼神其可欺。
"Sự tu an nghĩa mệnh,",事須安義命，
Ngôn tất đạo can tỳ.,言必道肝脾。
"Mạc vấn thân chi ngoại,",莫問身之外，
Nhân tri dữ bất tri.,人知與不知。
"Mãn mục vô tương thức,",滿目無相識，
Chu trung độc tả thi.,舟中獨寫詩。
"Ngô tâm nan thuyết xứ,",吾心難說處，
Chỉ hữu nhất tu tri.,只有一鬚知。
"Thân thể tại ngục trung,",身体在獄中，
Tinh thần tại ngục ngoại.,精神在獄外。
"Dục thành đại sự nghiệp,",欲成大事業，
Tinh thần cánh yếu đại.,精神更要大。
"Ngã thừa du bích xa,",我乘油壁車，
Lang thừa thanh thông mã.,郎乘青驄馬。
"Hà xứ kết đồng tâm,",何處結同心，
Tây lăng tùng bách hạ.,西陵松柏下。
"Tuy mông kim nhật sủng,",雖蒙今日寵，
Do ức tích thời liên.,猶憶昔時憐。
"Dục tri tâm đoạn tuyệt,",欲知心斷絕，
Ưng khan tất thượng huyền.,應看膝上弦。
"Đại mộng thuỳ tiên giác,",大夢誰先覺，
Bình sinh ngã tự tri.,平生我自知。
"Thảo đường xuân thuỵ túc,",草堂春睡足，
Song ngoại nhật trì trì.,窗外日遲遲。
"Tương phùng hoa mãn thiên,",相逢花滿天，
Tương biệt hoa tại thuỷ.,相別花在水。
"Xuân sắc như mộng trung,",春色如夢中，
Nhược thuỷ diểu thiên lý.,弱水杳千里。
"Thiên phong xuy ngọc bội,",天風吹玉佩，
Bạch vân hà ly ly.,白雲何離離。
"Vu sơn tha dạ vũ,",巫山他夜雨，
Nguyện thấp Tương Vương y.,愿濕襄王衣。
"Vũ vực đa phi tướng,",禹域多飛將，
Oa lư thặng dật dân.,蝸廬剩逸民。
"Dạ yêu đàm để ảnh,",夜邀潭底影，
Huyền tửu tụng Hoàng nhân.,玄酒頌皇仁。
"Yên thuỷ tầm thường sự,",煙水尋常事，
Hoang thôn nhất điếu đồ.,荒村一釣徒。
"Thâm tiêu trầm tuý khởi,",深宵沉醉起，
Vô xứ mịch cô bồ.,無處覓菰蒲。
"Chỉ hữu mông mông ý,",只有蒙蒙意，
Nhân gia dữ điếu ky.,人家與釣磯。
"Tự môn chung sạ khởi,",寺門鐘乍起，
Tiều khách kính do phi.,樵客徑猶非。
"Tứ bách tằng toàn lạc,",四百層全落，
Tam thiên trượng thuý phi.,三千丈翠飛。
"Dữ thuỳ tham hoạ lý,",與誰參畫理，
Bán diện tận tà huy.,半面盡斜暉。
"Thiên Hán lương thu dạ,",天漢涼秋夜，
Trừng trừng nhất kính minh.,澄澄一鏡明。
"Sơn không viên lũ khiếu,",山空猿屢嘯，
Lâm tĩnh thước tần kinh.,林靜鵲頻驚。
"Yêu liêm dục hà chi,",腰鐮欲何之，
Đông viên ngải thu cửu.,東園刈秋韭。
"Thế sự bất phục luân,",世事不復論，
Bi ca hoà tiều tẩu.,悲歌和樵叟。
"Khai môn vọng Trường Xuyên,",開門望長川，
Bạc mộ kiến ngư giả.,薄暮見漁者。
Tá vấn bạch đầu ông:,借問白頭翁，
Thuỳ luân kỷ niên dã?,垂綸幾年也。
"Di miếu đan thanh lạc,",遺廟丹青落，
Không sơn thảo mộc trường.,空山草木長。
"Do văn từ Hậu Chủ,",猶聞辭後主，
Bất phục ngoạ Nam Dương.,不復臥南陽。
"Độc thắng vũ tiền sắc,",獨勝雨前色，
Kỳ như vũ hậu sơn.,其如雨後山。
"Đạm tình vân tự biệt,",淡晴雲自別，
Nùng thuý thụ tương ban.,濃翠樹相斑。
"Vũ tễ lãnh xuất dục,",雨霽冷出浴，
Lam ngưng thuý dục trích.,嵐凝翠欲滴。
"Thục trừng phát tình ngâm,",熟瞪發情吟，
Hỗn thân hoá hàn bích.,渾身化寒碧。
"Tiên nga kim hạ giá,",仙娥今下嫁，
Kiêu tử tự đồng hoà.,驕子自同和。
"Kiếm kích quy điền tận,",劍戟歸田盡，
Ngưu dương nhiễu tái đa.,牛羊繞塞多。
"Hán sứ nam hoàn tận,",漢使南還盡，
Hồ trung thiếp độc tồn.,胡中妾獨存。
"Tử đài miên vọng tuyệt,",紫臺綿望絕，
Thu thảo bất kham luân.,秋草不堪論。
"Chiêu Quân phất ngọc an,",昭君拂玉鞍，
Thượng mã đề hồng giáp.,上馬啼紅頰。
"Kim nhật Hán cung nhân,",今日漢宮人，
Minh triêu Hồ địa thiếp.,明朝胡地妾。
"Vi sân Vương lục sự,",為嗔王錄事，
Bất ký thảo đường ty.,不寄草堂貲。
"Tạc thuộc sầu xuân vũ,",昨屬愁春雨，
Năng vong dục lậu thì.,能忘欲漏時。
"Ngã diệc kỵ lư khách,",我亦騎驢客，
Thô tri hành lộ nan.,粗知行路難。
"Lục niên tam kiến nhữ,",六年三見汝，
Tân khổ độ Tang Càn.,辛苦渡桑乾。
"Vũ quá sơn tẩy dung,",雨過山洗容，
Vân lai sơn nhập mộng.,雲來山入夢。
"Vân vũ tự vãng lai,",雲雨自往來，
Thanh sơn nguyên bất động.,青山原不動。
"Gia trú xuân ba thượng,",家住春波上，
Xuân thâm vị đắc quy.,春深未得歸。
"Đào hoa tân thuỷ trưởng,",桃花新水長，
Ứng một hoán sa ky.,應沒浣紗磯。
"Mạch đầu dương liễu chi,",陌頭楊柳枝，
Dĩ bị xuân phong xuy.,已被春風吹。
"Thiếp tâm chính đoạn tuyệt,",妾心正斷絕，
Quân hoài na đắc tri.,君懷那得知。
"Xuân uyển nhật bồi hồi,",春苑日徘徊，
Trúc đường xâm dạ khai.,竹堂侵夜開。
"Kinh điểu bài lâm độ,",驚鳥排林度，
Phong hoa cách thuỷ lai.,風花隔水來。
"Xuân đáo thanh minh hảo,",春到清明好，
Tình thiên cẩm tú văn.,晴天錦繡紋。
"Niên niên đương thử tiết,",年年當此節，
Để sự vũ phân phân.,底事雨紛紛。
"Xuân trung nhất dạ vũ,",春中一夜雨，
Thiên hạ bán niên tâm.,天下半年心。
"Khán thủ dương hoà ý,",看取陽和意，
Hỉ vô tiêu sắt ngâm.,喜無蕭瑟吟。
"Vạn thụ giang biên hạnh,",萬樹江邊杏，
Tân khai nhất dạ phong.,新開一夜風。
"Mãn viên thâm thiển sắc,",滿園深淺色，
Chiếu tại lục ba trung.,照在綠波中。
"Sính vọng đăng hương các,",騁望登香閣，
Tranh cao há thế đài.,爭高下砌臺。
"Lâm gian đạp thanh khứ,",林間踏青去，
Tịch thượng ký tiên lai.,席上寄箋來。
"Thượng uyển hà cùng thụ,",上苑何窮樹，
Hoa gian thứ đệ tân.,花間次第新。
"Hương xa dữ ti kỵ,",香車與絲騎，
Phong tĩnh diệc sinh trần.,風靜亦生塵。
"Xuân du phương thảo địa,",春遊芳草地，
Hạ thưởng lục hà trì.,夏賞綠荷池。
"Thu ẩm hoàng hoa tửu,",秋飲黃花酒，
Đông ngâm bạch tuyết thi.,冬吟白雪詩。
"Dao dạng Việt giang xuân,",搖漾越江春，
Tương tương thái bạch tần.,相將採白蘋。
"Quy thì bất giác dạ,",歸時不覺夜，
Xuất phố nguyệt tuỳ nhân.,出浦月隨人。
"Giang thuỷ xuân trầm trầm,",江水春沉沉，
Thượng hữu song trúc lâm.,上有雙竹林。
"Trúc diệp hoại thuỷ sắc,",竹葉壞水色，
Lang diệc hoại nhân tâm.,郎亦壞人心。
"Gia ký Chinh Hà ngạn,",家寄征河岸，
Chinh nhân kỷ tuế du.,征人幾歲遊。
"Bất như triều thuỷ tín,",不如潮水信，
Mỗi nhật đáo sa đầu.,每日到沙頭。
"Thừa hiểu nam hồ khứ,",乘曉南湖去，
Sâm si điệp lãng hoành.,參差疊浪橫。
"Tiền Châu tại hà xứ,",前洲在何處，
Sương lý nhạn anh anh.,霜裏雁嚶嚶。
"Thuỵ khởi khải song phi,",睡起啟窗扉，
Bất tri xuân dĩ quy.,不知春已歸。
"Nhất song bạch hồ điệp,",一雙白蝴蝶，
Phách phách sấn hoa phi.,拍拍趁花飛。
"Niểu niểu thành biên liễu,",裊裊城邊柳，
Thanh thanh mạch thượng tang.,青青陌上桑。
"Đề lung vong thái diệp,",提籠忘採葉，
Tạc dạ mộng Ngư Dương.,昨夜夢漁陽。
"Tuyết tận huyên trừu diệp,",雪盡萱抽葉，
Phong khinh thuỷ biến đài.,風輕水變苔。
"Ngọc Quan âm tín đoạn,",玉關音信斷，
Hựu kiến phát đình mai.,又見發庭梅。
"Xuân mộng tuỳ vân tán,",春夢隨雲散，
Phi hoa trục thuỷ lưu;,飛花逐水流；
Ký ngôn chúng nhi nữ:,寄言眾兒女：
Hà tất mịch nhàn sầu.,何必覓閑愁。
"Hoãn hoãn tiền đình bộ,",緩緩前庭步，
Quy mô nhất bệnh nhân.,規模一病人。
"Oanh thanh huyên vật ngoại,",鶯聲喧物外，
Tá vấn thị thuỳ xuân.,借問是誰春。
"Niên trường quy hà xứ,",年長歸何處，
Thanh sơn vị hữu gia.,青山未有家。
"Thưởng xuân vô tửu ẩm,",賞春無酒飲，
Đa khán tự trung hoa.,多看寺中花。
"Tửu bôi xuân tuý hảo,",酒杯春醉好，
Phi tuyết vãn đình nhàn.,飛雪晚庭閒。
"Cửu ức đồng tiền thưởng,",久憶同前賞，
Trung thu đối viễn san.,中秋對遠山。
"San viễn đối thu trung,",山遠對秋中，
Thưởng tiền đồng ức cửu.,賞前同憶久。
"Nhàn đình vãn tuyết phi,",閒庭晚雪飛，
Hảo tuý xuân bôi tửu.,好醉春杯酒。
"Tì hổ thiên môn túc,",貔虎千門肅，
Y quan thất phẩm thông.,衣冠七品通。
"Bạch đầu quân sĩ tại,",白頭軍士在，
Vãng vãng thuyết Nguyên Phong.,往往說元豐。
"Xuân phong như quý khách,",春風如貴客，
Nhất đáo tiện phồn hoa.,一到便繁華。
"Lai tảo thiên sơn tuyết,",來掃千山雪，
Quy lưu vạn quốc hoa.,歸留萬國花。
Nhàn đình phong vũ quá,閒庭風雨過，
Thuỵ giác vô nhân cộng,睡覺無人共。
Thâm viện tĩnh âm âm,深院靜陰陰，
Hàn liêm thần tự động,寒簾辰自動。
"Xuân sắc tam phân nhị,",春色三分二，
Nhân sinh thất thập hy.,人生七十稀。
"Điệp hồn quy nghĩ trủng,",蝶魂歸蟻塚，
Hoa biện bạc ngư y.,花瓣泊魚衣。
"Xuân thảo thanh thanh vạn lý dư,",春草青青萬里餘，
Biên thành lạc nhật kiến ly cư.,邊城落日見離居。
"Tình tri hải thượng tam niên biệt,",情知海上三年別，
Bất ký vân gian nhất chỉ thư.,不寄雲間一紙書。
"Bạch đậu tam cân trọng,",白豆三斤重，
Chất cam nhi vị hương.,質甘而味香。
"Thanh niên tăng sản đắc,",青年增產得，
Thỉnh nhĩ thường nhất thường.,請你嚐一嚐。
"Nghinh xuân vô biệt quỹ,",迎春無別饋，
Duy hữu tửu sổ tôn.,唯有酒數樽。
"Thỉnh nhĩ môn nhất tuý,",請你們一醉，
Cộng khánh thắng lợi xuân.,共慶勝利春。
"Hoa mãn trung đình tửu mãn tôn,",花滿中庭酒滿樽，
Bình minh độc toạ đáo hoàng hôn.,平明獨坐到黃昏。
"Xuân lai thi tứ thiên hà xứ,",春來詩思偏何處，
Phi quá Hàm Quan nhập đỉnh môn.,飛過函關入鼎門。
"Phi tuyết đới xuân phong,",飛雪帶春風，
Bùi hồi loạn nhiễu không.,裴回亂繞空。
"Quân khan tự hoa xứ,",君看似花處，
Thiên tại Lạc thành đông.,偏在洛城東。
"Xuân tuyết mãn không lai,",春雪滿空來，
Xúc xứ tự hoa khai.,觸處似花開。
"Bất tri viên lý thụ,",不知園裏樹，
Nhược cá thị chân mai?,若箇是真梅。
"Xuân tuyết đoạ như si,",春雪墮如簁，
Hồn gia tuý bất tri.,渾家醉不知。
"Nê lưu hổ đấu tích,",泥留虎鬥跡，
Sầu sát lộ bàng nhi.,愁殺路傍兒。
"Hồ điệp mộng trung ý,",胡蝶夢中意，
Đỗ quyên thanh ngoại sầu.,杜鵑聲外愁。
"Vấn xuân xuân bất ngữ,",問春春不語，
Liễu nhứ ám đinh châu.,柳絮暗汀洲。
"Sơn tuyền lưỡng xứ vãn,",山泉兩處晚，
Hoa liễu nhất viên xuân.,花柳一園春。
"Hoàn trì thiên nhật tuý,",還持千日醉，
Cộng tác bách niên nhân.,共作百年人。
"Hoa khai bất đồng thưởng,",花開不同賞，
Hoa lạc bất đồng bi.,花落不同悲。
"Dục vấn tương tư xứ,",欲問相思處，
Hoa khai hoa lạc thì.,花開花落時。
"Lạm thảo kết đồng tâm,",嚂草結同心，
Tương dĩ dị tri âm.,將以遺知音。
"Xuân sầu chính đoạn tuyệt,",春愁正斷絕，
Xuân điểu phục ai ngâm.,春鳥復哀吟。
"Phong hoa nhật tương lão,",風花日將老，
Giai kỳ do diểu diểu.,佳期猶渺渺。
"Bất kết đồng tâm nhân,",不結同心人，
Không kết đồng tâm thảo.,空結同心草。
Na kham hoa mãn chi,那堪花滿枝，
Phiên tác lưỡng tương tư,翻作兩相思。
Ngọc trợ thuỳ triêu kính,玉箸垂朝鏡，
Xuân phong tri bất tri.,春風知不知。
"Oa minh thanh thảo bạc,",蛙鳴青草泊，
Thiền táo thuỳ dương phố.,蟬噪垂楊浦。
"Ngô hành diệc ngẫu nhiên,",吾行亦偶然，
Cập thử tân quá vũ.,及此新過雨。
"Nhất biệt Kinh Kha khứ,",一別荊軻去，
Hạp trần mai chí câm.,匣塵埋至今。
"Vị quân trùng phất thức,",爲君重拂拭，
Sắt sắt động long ngâm.,飋飋動龍吟。
"Nam quốc Tân Phong tửu,",南國新豐酒，
Đông Sơn tiểu kỹ ca.,東山小妓歌。
"Đối quân quân bất lạc,",對君君不樂，
Hoa nguyệt nại sầu hà.,花月奈愁何。
"Đông đạo yên hà chủ,",東道煙霞主，
Tây Giang thi tửu diên.,西江詩酒筵。
"Tương phùng bất giác tuý,",相逢不覺醉，
Nhật đoạ Lịch Dương xuyên.,日墮曆陽川。
"Liễm bí tuân Long Hán,",斂轡遵龍漢，
Hàm thê độ Ngọc Quan.,銜淒渡玉關。
"Kim nhật lưu sa ngoại,",今日流沙外，
Thuỳ thế niệm sinh hoàn.,垂涕念生還。
"Thiên hạ tao mông muội,",天下遭蒙昧，
Trung thần nặc tính danh.,忠臣匿姓名。
"Trung thiên yết nhật nguyệt,",中天揭日月，
Thục bất hiện kỳ hình.,孰不現其形。
"Trùng hưởng đăng quang bạc,",蟲響燈光薄，
Tiêu hàn dược khí nùng.,宵寒藥氣濃。
"Quân liên thuỳ sí khách,",君憐垂翅客，
Tân khổ thượng tương tòng.,辛苦尚相從。
"Đả khởi hoàng oanh nhi,",打起黃鶯兒，
Mạc giao chi thượng đề.,莫教枝上啼。
"Đề thì kinh thiếp mộng,",啼時驚妾夢，
Bất đắc đáo Liêu Tê.,不得到遼西。
"Yên sơn như trường xà,",燕山如長蛇，
Thiên lý hạn Di Hán.,千里限夷漢。
"Thủ hàm tây sơn lộc,",首銜西山麓，
Vĩ quải đông hải ngạn.,尾掛東海岸。
"Tật lê trầm Bắc thuỷ,",蒺藜沉北水，
Lý tử thụ Nam thiên.,李子樹南天。
"Tứ phương qua can tĩnh,",四方戈杆靜，
Bát biểu hạ bình yên.,八表賀平安。
"Xuy tiêu lăng cực phố,",吹簫淩極浦，
Nhật mộ tống phu quân.,日暮送夫君。
"Hồ thượng nhất hồi thủ,",湖上一回首，
Thanh sơn quyển bạch vân.,青山卷白雲。
"Không khoát hồ thuỷ quảng,",空闊湖水廣，
Thanh huỳnh thiên sắc đồng.,青熒天色同。
"Nghĩ chu nhất trường khiếu,",艤舟一長嘯，
Tứ diện lai thanh phong.,四面來清風。
