vi,cn
"Thuỷ lục thảo mộc chi hoa, khả ái giả thậm phồn. Tấn Đào Uyên Minh độc ái cúc; tự Lý Đường lai, thế nhân thịnh ái mẫu đơn; dư độc ái liên chi xuất ứ nê nhi bất nhiễm, trạc thanh liên nhi bất yêu, trung thông ngoại trực, bất mạn bất chi, hương viễn ích thanh, đình đình tịnh thực, khả viễn quan nhi bất khả tiết ngoạn yên. Dư vị cúc, hoa chi ẩn dật giả dã; mẫu đơn, hoa chi phú quý giả dã; liên, hoa chi quân tử giả dã. Y! Cúc chi ái, Đào hậu tiển hữu văn; liên chi ái, đồng dư giả hà nhân; mẫu đơn chi ái, nghi hồ chúng hĩ.",水陸草木之花，可愛者甚蕃。晉陶淵明獨愛菊；自李唐來，世人盛愛牡丹；予獨愛蓮之出淤泥而不染 ，濯清漣而不妖，中通外直，不蔓不枝，香遠益清，亭亭靜植，可遠觀而不可褻玩焉。予謂菊，花之隱逸者也；牡 丹，花之富貴 者也；蓮，花之君子者也。噫！菊之愛，陶後鮮有聞；蓮之愛，同予者何人；牡丹之愛，宜乎眾矣。
"Đăng pha đà chi trường bản hề,",登陂阤之長阪兮，
Bộn nhập tằng cung chi tha nga.,坌入曾宮之嵯峨。
"Lâm khúc giang chi kỳ châu hề,",臨曲江之隑州兮，
Vọng nam sơn chi sâm si.,望南山之參差。
"Nham nham thâm sơn chi hồng hồng hề,",巖巖深山之谾谾兮，
Thông cốc hoát hồ hàm ha.,通谷𧯆乎𧮰谺。
"Cốt hức hấp tập dĩ vĩnh thệ hề,",汩淢噏習以永逝兮，
Chú bình cao chi quảng diễn.,注平臯之廣衍。
"Quan chúng thụ chi ống ái hề,",觀眾樹之蓊薆兮，
Lãm trúc lâm chi trăn trăn.,覽竹林之榛榛。
"Đông trì thổ sơn hề,",東馳土山兮，
Bắc yết thạch lại.,北揭石瀨。
"Nhị tiết dung dữ hề,",弭節容與兮，
Lịch điếu Nhị Thế.,歷弔二世。
"Trì thân bất cẩn hề,",持身不謹兮，
Vong quốc thất thế.,亡國失埶。
"Tín sàm bất ngộ hề,",信讒不寤兮，
Tông miếu diệt tuyệt.,宗廟滅絕。
Ô hô ai tai!,嗚呼哀哉！
"Tháo hạnh chi bất đắc hề,",操行之不得兮，
"Mộ vu uế nhi bất tu hề,",墓蕪穢而不修兮，
Hồn vong quy nhi bất thực.,魂亡歸而不食。
"Quýnh mạc tuyệt nhi bất tề hề,",敻邈絕而不齊兮，
Di cửu viễn nhi dũ mại.,彌久遠而愈佅。
"Tinh võng lãng nhi phi dương hề,",精罔閬而飛揚兮，
Thập cửu thiên nhi vĩnh thệ.,拾九天而永逝。
Ô hô ai tai!,嗚呼哀哉！
"Lục vương tất, tứ hải nhất,",六王畢、四海一、
"Thục sơn ngột, A Phòng xuất.",蜀山兀、阿房出。
"Phú áp tam bách dư lý, cách ly thiên nhật.",覆壓三百餘里、隔離天日。
"Ly sơn bắc cấu nhi tây chiết, trực tẩu Hàm Dương.",驪山北構而西折、直走咸陽。
"Nhị xuyên dung dung, lưu nhập cung tường.",二川溶溶、流入宮牆。
"Ngũ bộ nhất lâu, thập bộ nhất các,",五步一樓、十步一閣、
"Lang yêu mạn hồi, thiềm nha cao trác.",廊腰縵迴、簷牙高啄。
"Các bão địa thế, câu tâm đấu giác.",各抱地勢、鉤心鬥角。
"Bàn bàn yên, khuân khuân yên,",盤盤焉、囷囷焉、
"Phong phòng thuỷ oa, súc bất tri kỳ kỷ thiên vạn lạc.",蜂房水渦、矗不知其幾千萬落。
"Trường kiều ngoạ ba, vị vân hà long?",長橋臥波、未雲何龍？
"Phức đạo hành không, bất tễ hà hồng?",複道行空、不霽何虹？
"Cao đê minh mê, bất tri tây đông.",高低冥迷、不知西東。
"Ca đài noãn hưởng, xuân quang dung dung.",歌臺暖響、春光融融。
"Vũ điện lãnh tụ, phong vũ thê thê.",舞殿冷袖、風雨淒淒。
"Nhất nhật chi nội, nhất cung chi gian, nhi khí hậu bất tề.",一日之內、一宮之間、而氣候不齊。
"Phi tần dắng tường, vương tử hoàng tôn, từ lâu hạ điện liễn lai ư Tần.",妃嬪媵嬙、王子皇孫、辭樓下殿輦來於秦。
"Triêu ca dạ huyền, vi Tần cung nhân.",朝歌夜絃、為秦宮人。
"Minh tinh huỳnh huỳnh, khai trang kính dã,",明星熒熒、開妝鏡也、
"Lục vân nhiễu nhiễu, sơ hiểu hoàn dã,",綠雲擾擾、梳曉鬟也、
"Vị lưu trướng nhị, khí chi thuỷ dã,",渭流漲膩、棄脂水也、
"Yên tà vụ hoành, phần tiêu lan dã,",煙斜霧橫、焚椒蘭也、
"Lôi đình sạ kinh, cung xa quá dã,",雷霆乍驚、宮車過也、
"Lộc lộc viễn thính, yểu bất tri kỳ sở chi dã.",轆轆遠聽、杳不知其所之也。
"Nhất cơ nhất dung, tận thái cực nghiên,",一肌一容、盡態極妍、
"Mạn lập viễn thị nhi vọng hạnh yên,",縵立遠視而望幸焉、
Hữu bất đắc kiến giả tam lục niên.,有不得見者三六年。
"Yên Triệu thu tàng, Hàn Nguỵ chi kinh doanh,",燕趙收藏、韓魏之經營、
"Tề Sở chi tinh anh, kỷ thế kỷ niên, thủ lược kỳ nhân, ỷ điệp như sơn.",齊楚之精英、幾世幾年、取掠其人、倚疊如山。
"Nhất đán bất năng hữu, thâu lai kỳ gian.",一旦不能有、輸來其間。
"Đỉnh sanh ngọc thạch, kim khối châu lịch, khí trịch lệ dĩ.",鼎鐺玉石、金塊珠礫、棄擲邐迤。
"Tần nhân thị chi, diệc bất thậm tích.",秦人視之、亦不甚惜。
Ta hồ!,嗟乎！
"Nhất nhân chi tâm, thiên vạn nhân chi tâm dã.",一人之心、千萬人之心也。
"Tần ái phân xa, nhân diệc niệm kỳ gia.",秦愛紛奢、人亦念其家。
"Nại hà thủ chi tận truy thù, dụng chi như nê sa!",奈何取之盡錙銖、用之如泥沙！
"Sử phụ đống chi trụ, đa ư nam mẫu chi nông phu,",使負棟之柱、多於南畝之農夫、
"Giá lương chi chuyên, đa ư cơ thượng chi công nữ,",架梁之椽、多於機上之工女、
"Đinh đầu lân lân, đa tại dữu chi túc lạp,",釘頭磷磷、多在庾之粟粒、
"Ngoã phùng tham soa, đa ư chu thân chi bạch lũ,",瓦縫參差、多於周身之帛縷、
"Trực lan hoành hạm, đa ư cửu thổ chi thành quách,",直欄橫檻、多於九土之城郭、
"Quản huyền ẩu á, đa ư thị nhân chi ngôn ngữ.",管絃嘔啞、多於市人之言語。
"Sử thiên hạ chi nhân bất cảm ngôn nhi cảm nộ,",使天下之人不敢言而敢怒、
"Độc phu chi tâm, nhật ích kiêu cố.",獨夫之心、日益驕固。
"Thú tốt khiếu, Hàm Cốc cử,",戍卒叫、函谷舉、
"Sở nhân nhất cự, khả liên tiêu thổ!",楚人一炬、可憐焦土！
Ô hô!,嗚呼！
"Diệt lục quốc giả, lục quốc dã, phi Tần dã,",滅六國者、六國也、非秦也、
"Tộc Tần giả, Tần dã, phi thiên hạ dã.",族秦者、秦也、非天下也。
Ta hồ!,嗟乎！
"Sử lục quốc các ái kỳ nhân, tắc túc dĩ cự Tần,",使六國各愛其人、則足以拒秦、
"Tần phục ái lục quốc chi nhân, tắc đệ tam thế khả chí;",秦復愛六國之人、則遞三世可至、
"Vạn thế nhi vi quân, thuỳ đắc nhi tộc diệt dã?",萬世而為君、誰得而族滅也。
"Tần nhân bất hạ tự ai, nhi hậu nhân ai chi,",秦人不暇自哀、而後人哀之、
"Hậu nhân ai chi nhi bất giám chi,",後人哀之而不鑑之、
Diệc sử hậu nhân phục ai hậu nhân dã!,亦使後人復哀後人也！
Khách hữu:,客有：
"Quải hạn mạn chi phong phàm,",掛汗漫之風帆，
Thập hạo đãng chi hải nguyệt.,拾浩蕩之海月。
"Triêu dát huyền hề Nguyên, Tương,",朝嘎舷兮沅湘，
Mộ u thám hề Vũ huyệt.,暮幽探兮禹穴。
"Cửu Giang, Ngũ Hồ,",九江五湖，
"Tam Ngô, Bách Việt.",三吳百粵。
"Nhân tích sở chí,",人跡所至，
Mị bất kinh duyệt.,靡不經閱。
"Hung thôn Vân Mộng giả sổ bách nhi,",胸吞雲夢者數百而，
Tứ phương tráng chí do khuyết như dã.,四方壯志猶闕如也。
"Nãi cử tiếp hề trung lưu,",乃舉楫兮中流，
Túng Tử Trường chi viễn du.,縱子長之遠遊。
"Thiệp Đại Than khẩu,",涉大灘口，
Tố Đông Triều đầu.,溯東潮頭。
"Để Bạch Đằng giang,",抵白藤江，
Thị phiếm thị phù.,是泛是浮。
"Tiếp kình ba ư vô tế,",接鯨波於無際，
Trám diêu vĩ chi tương mâu.,蘸繇尾之相繆。
"Thuỷ thiên nhất sắc,",水天一色，
Phong cảnh tam thu.,風景三秋。
"Chử địch ngạn lô,",渚获岸蘆，
Sắt sắt sâu sâu.,瑟瑟颼颼。
"Chiết kích trầm giang,",折戟沉江，
Khô cốt doanh khâu.,枯骨盈丘。
"Thảm nhiên bất lạc,",慘然不樂，
Trữ lập ngưng mâu.,佇立凝眸。
"Niệm hào kiệt chi dĩ vãng,",念豪傑之已往，
Thán tung tích chi không lưu.,嘆蹤跡之空留。
"Giang biên phụ lão,",江邊父老，
Vị ngã hà cầu.,謂我何求。
"Hoặc phù lê trượng,",或扶黎杖，
Hoặc trạo cô châu.,或棹孤舟。
Ấp dư nhi ngôn viết:,揖余而言曰：
"“Thử Trùng Hưng nhị thánh cầm Ô Mã Nhi chi chiến địa,",此重興二聖擒烏馬兒之戰地，
Dữ tích thời Ngô thị phá Lưu Hoằng Thao chi cố châu dã.”,與昔時吳氏破劉弘操之故洲也。
Đương kỳ:,當期：
"Trục lô thiên lý,",舳艫千里，
Tinh kỳ ỷ nỉ.,旌旗旖旎。
"Tỳ hưu lục quân,",貔貅六軍，
Binh nhẫn phong khỉ.,兵刃蜂起。
"Thư hùng vị quyết,",雌雄未決，
Nam Bắc đối luỹ.,南北對壘。
"Nhật nguyệt hôn hề vô quang,",日月昏兮無光，
Thiên địa lẫm hề tương huỷ.,天地凜兮將毀。
Bỉ:,彼：
"Tất Liệt chi thế cường,",必烈之勢強，
Lưu Cung chi kế quỷ.,劉龔之計詭。
"Tự vị đầu tiên,",自謂投鞭，
Khả tảo Nam kỷ.,可掃南紀。
Ký nhi:,既而：
"Hoàng thiên trợ thuận,",皇天助順，
Hung đồ phi mỵ.,凶徒披靡。
"Mạnh Đức Xích Bích chi sư đàm tiếu phi hôi,",孟德赤壁之師談笑飛灰，
Bồ Kiên Hợp Phì chi trận tu du tống tử.,符堅合淝之陣須臾送死。
"Chí kim giang lưu,",至今江流，
Chung bất tuyết sỉ.,終不雪恥。
"Tái tạo chi công,",再造之功，
Thiên cổ xưng mỹ.,千古稱美。
Tuy nhiên:,雖然：
"Tự hữu vũ trụ,",自有宇宙，
Cố hữu giang san.,故有江山。
"Tín thiên tạm chi thiết hiểm,",信天塹之設險，
Lại nhân kiệt dĩ điện an.,賴人傑以奠安。
"Mạnh Tân chi hội ưng dương nhược Lã,",孟津之會鷹揚箬呂，
Duy Thuỷ chi chiến quốc sĩ như Hàn.,濰水之戰國士如韓。
"Duy thử giang chi đại tiệp,",惟此江之大捷，
Do đại vương chi tặc nhàn.,猶大王之賊閒。
"Anh phong khả tưởng,",英風可想，
Khẩu bi bất san.,口碑不刊。
"Hoài cổ nhân hề vẫn thế,",懷古人兮隕涕，
Lâm giang lưu hề hậu nhan.,臨江流兮厚顏。
Hành thả ca viết:,行且歌曰：
"“Đại giang hề cổn cổn,",大江兮滾滾，
Hồng đào cự lãng hề triều tông vô tận.,洪濤巨浪兮朝宗無盡。
"Nhân nhân hề văn danh,",仁人兮聞名，
Phỉ nhân hề câu dẫn.”,匪人兮俱泯。
Khách tòng nhi canh ca viết:,客從而賡歌曰：
"“Nhị thánh hề tịnh minh,",二聖兮並明，
Tựu thử giang hề tẩy giáp binh.,就此江兮洗甲兵。
"Hồ trần bất cảm động hề, thiên cổ thăng bình.",胡塵不敢動兮，千古昇平。
"Tín tri: bất tại quan hà chi hiểm hề,",信知：不在關河之險兮，
Duy tại ý đức chi mạc kinh.”,惟在懿德之莫京。
Ô hô!,嗚呼！
Hoa di vọng trọng;,華夷望重；
Xã tắc công cao.,社稷功高。
Mai sổ Tống triều cự tuấn;,枚數宋朝巨俊；
Kỷ như Khấu lão thời mao.,幾如寇老辰髦。
"Hà cố bất tại trung thư, điều đỉnh nhiệm Thương hành chi trọng;",何故不在中書，調鼎任商衡之重；
"Khước nãi viễn lâm sa tái, chiết xung đương Hán khổn chi lao.",却乃遠臨沙塞，折衝當漢閫之勞。
Tất cánh:,畢竟：
Kiến kỵ vu nhân;,見忌于人；
Nan bình giả sự.,難平者事。
Yêu minh sỉ thậm ư Chân Tông;,要盟恥甚於眞宗；
Tự ước cừu thâm ư Vương tử.,沮約仇深於王子。
"Thiền Uyên hạ bế môn thúc thủ, bỉ ký giao túc oán chi vị thư;",澶淵下閉門束手，彼既膠宿怨之未舒；
"Thái Sơn điên điệp ngọc nê kim, tư cánh lự gian mưu chi kiến tự.",泰山巔牒玉泥金，玆更慮奸謀之見沮。
Cố cửu yêm hà thượng chi cao tường;,故久淹河上之翶翔；
Khởi đặc vị sóc phương chi hãn ngữ.,豈特爲朔方之桿禦。
"Thế sự phù vân, bão kiến cẩu y biến thái.",世事浮雲，飽見狗衣變態。
"Lợi trường nhiệt hoả, không giáo nghĩ khổn thành hôi.",利腸熱火，空教蟻悃成灰。
"Trị thử Lê thị thỉ cương, bỉ Tây cừ cấu nạn.",値此黎氏弛綱，彼西渠搆難。
"Sạ thính Ô châu cổ động, dũng dược khu đoàn hổ chi quần dương.",乍聽烏州鼓動，踴躍驅摶虎之羣羊。
"Điều văn long đỗ chung di, gian quan cân độ giang chi thất mã.",條聞龍肚鐘移，間關跟渡江之匹馬。
"Văn dục phấn, phụ sơn chi thế,",蚊欲奮，負山之勢，
"Hồ nghĩ dương, thác hổ chi uy.",狐擬揚，托虎之威。
"Tồn cô sơ học Tấn Trình Anh, chuyển tác Bao Tư phục Sở tá.",存孤初學晉程嬰，轉作包胥復楚佐。
"Hán hậu hy hàn nhụ tử, phiên thành Tín Quốc tù Yên.",漢後希韓孺子，翻成信國囚燕。
"Ngộ cơ chi biến mi thường, hành sự chi tình hà hạ.",遇機之變靡常，行事之情何暇。
"Vạn lý tằng kinh đông tuyết, mộc đầu vị thế nhi tự khôn.",萬里曾經冬雪，沐頭未剃而自髠。
"Thập niên vô nại bắc phong, xuy quan bất huỷ nhi tận liệt.",十年無奈北風，吹冠不毀而盡裂。
"Tâm phảng phất thổ nê chi dẫn, thân y hy đầu chúc chi nga.",心彷彿吐泥之蚓，身依稀投爥之蛾。
"Trở nhự trường cẩu ổ kê tê, lạc an hữu địa.",沮洳場狗塢鷄栖，樂安有地。
"U tù cảnh thử can trùng tí, tặc dư tuỳ thiên.",幽囚境鼠肝蟲臂，賊予隨天。
"Phương thốn trung duy thận vu tòng, chức phận nội hạt năng vô quý.",方寸中惟愼于從，職分內曷能無愧。
"Bắc hải vị sinh, mã giác ti oanh quế lĩnh cửu hồi trường.",北海未生，馬角絲縈桂嶺九迴腸。
"Đỉnh hồ mạc đãi, long nhiêm cầu tích băng thiên song quán lệ.",鼎湖莫逮，龍髯球滴冰天雙串淚。
"Công nghĩa dĩ phi cảm vọng, tư tình phu phục hà ngôn.",公義已非敢望，私情夫復何言。
"Bạch vân toả thụ chỉ du phần, không chúc hệ thư chi nhạn.",白雲鎖樹指楡枌，空囑繫書之雁。
"Hồng nhật hàm sơn chiêm Dĩ Hỗ, thiên tàm phản bô chi ô.",紅日含山瞻屺岵，偏慚反哺之烏。
"Trí sử trung hiếu tự chi lưỡng khuy, vi khiếm bô bá thần chi nhất tử.",致使忠孝字之兩虧，爲欠逋播臣之一死。
"Ta tự cổ thuỳ năng vô tử, dục liễu phận khủng hoặc thương nhân.",嗟自古誰能無死，欲了分恐或傷仁。
"Thả vi nhân thục bất duyệt sinh, dục tòng quyền khủng vưu hại nghĩa.",且爲人孰不悅生，欲從權恐尤害義。
"Minh bạch đãn tuần thiên lý, thư hoàng hề quản nhân ngôn.",明白但循天理，雌黄奚管人言。
"Ngưu mã nhậm kỳ hô, vô tu tâm tức vô quý sắc.",牛馬任其呼，無羞心卽無愧色。
"Long xà an sở ngộ, bất oán thiên diệc bất vưu nhân.",龍蛇安所遇，不怨天亦不尤人。
Ô hô!,嗚呼。
"Thú hựu thủ khâu chi hồ, cầm hựu nam chi chi điểu.",獸有首邱之狐，禽有南枝之鳥。
"Tống Trân Bùi Bá [Kỳ] tại tích, củng bắc kiến đan trung.",宋珍裴伯[耆]在昔，拱北見丹衷。
"Duy Liêu Lê Quang Bí hà nhân, chỉ nam hoàn tố nguyện.",惟僚黎光賁何人，指南完素願。
"Nhi kim dư sinh do vị mẫn, hạo thủ cánh hà quy.",而今餘生猶未冺，皓首竟何歸。
"Du du bỉ thiên, hạt kỳ hữu cực.",悠悠彼天，曷其有極。
"Khách hữu phương thiên khê, chu vạn hác. Thuấn Kỳ Phong, võ Triền Lạc. Lịch Nghiêm lại nhi tả toàn, chỉ Bàn Khê nhi kính bạc. Nga yên thụ chi vi mang, đạm phong vân chi mãng mạc. Kiển trung tâm hề dao dao, niệm giai hứng hề di ngạc. Hốt sương nhiêm chi lão tẩu, xanh vi hàng nhi dao độ.",客有方千溪，舟萬壑。舜岐豐，武瀍洛。礫嚴瀨而左旋，指磻溪而徑泊。睋煙樹之微茫，澹風雲之莽漠。褰中心兮搖搖，念佳興兮貽愕。忽霜髯之老叟，撐葦航而遙渡。
"Khách xu nhi vấn chi, tẩu viết: Tử bất văn Thái Công chi điếu hoàng giả hồ? Đương kỳ ngược diễm phương xí, Thương thất như huỷ, Bách xuyên phất đằng, Chu đạo như chỉ. Công tỵ đạo nhi khứ chiên, viên vu tư hề lệ chỉ. Thác dĩ điếu nhi ẩn chi, khương cao thượng kỳ tâm chí. Thìn kỳ tình không liễm diễm, biệt phố sâm si, hàn ba luyện nhược, khê thuỷ liên y; niểu trúc can chi địch địch, tản hương nhĩ chi phi phi. Hoặc yển hoặc lý, du dương hồ hạnh tảo chi thượng, hoặc chiên hoặc vị, dương ngữ hồ chiểu chỉ chi my; nhậm bỉ sở thích, phỉ ngã thị kỳ.",客趨而問之，叟曰：子不聞太公之釣璜者乎？當其虐焰方熾，商室如燬，百川沸騰，周道如砥。公避道而去旃，爰于茲兮戾止。托以釣而隱之，姜高尚其心志。辰其晴空瀲灩，別浦參差，寒波練若，溪水漣漪；裊竹竿之籊籊，散香餌之菲菲。或鰋或鯉，遊揚乎荇藻之上；或鱣或鮪，洋圉乎沼沚之湄。任彼所適，匪我是期。
"Thúc hữu hoàng chi hề tự, phân ngã điếu nhi ngộ chi. Tưởng hoàng thiên chi tích thuỵ, khỉ xuyên cơ chi hiệu kỳ. Trạng loại bán bích, vô hà vô tỳ. Phỉ thông phỉ tuy, phỉ châu phỉ ky, như khuê như chương, như tông như ly. Kỳ cương nghị dã khả dĩ tỷ công chi dũng liệt, kỳ kiên ngạnh dã khả dĩ giảo công chi thọ kỳ, kỳ chẩn lật dã khả dĩ bễ công chi tiết tháo, kỳ ôn nhuận dã khả dĩ thị công chi dung nghi, kỳ thuỵ quang dã khả dĩ giảo công tá vương chi tượng, kỳ thương sắc dã khả dĩ biểu Chu gia thụ mệnh chi ky. Khởi phi thiên giáng quyết tường dĩ chương quân thần chi đức ư đương thời hồ?",倏有璜之奚自，紛我釣而遇之。想皇天之錫瑞，豈川姬之效奇。狀類半壁，無瑕無疵。匪璁匪雖，匪珠匪璣，如珪如璋，如琮如璃。其剛毅也可以比公之勇烈，其堅硬也可以較公之壽耆，其縝栗也可以媲公之節操，其溫潤也可以視公之容儀，其瑞光也可以較公佐王之象，其蒼色也可以表周家受命之基。豈非天降厥祥以章君臣之德於當時乎？
"Chí nhược Tây Bá xuất liệp ư bỉ chi cương, thức kỳ hiền triết, đồng tải dĩ trang, suy Thượng phủ dĩ mệnh danh, cầu thị ngã ư chu hàng. Duy lương bỉ chi vũ thần, viết ngã Chu chi thị đương. Nãi đồng tâm nhi hiệp đức, cung thiên phạt nhi túc tương, chí tiền đồ chi đảo qua, lượng nhất phạt nhi khắc Thương. Viên sùng đức nhi báo công, tỷ Chu tộ chi ích xương. Y! thiên mệnh chi như thử, khỉ phi thiên tích ngọc hoàng nhi thị quyết tường giả hồ?",至若西伯出獵於彼之疆，識其賢哲，同載以裝，推上父以命名，求示我於周行。唯涼彼之武臣，曰我周之是當。乃同心而協德，恭天伐而肅將，至前徒之倒戈，諒一伐而克商。爰崇德而報功，俾周祚之益昌。噫！天命之如此，豈非天錫玉璜而示厥祥者乎？
"Khách nan chi viết: tẩu chi ngôn vu hỹ, hà lục kinh vô nhất tự chi ký, tiên triết tuyệt bán ngữ chi từ?",客難之曰：叟之言蕪矣，何六經無一字之記，先哲絕半語之詞？
"Tẩu ngữ chi viết: tử đồ đạm văn, vị thường hải thị. Bất hữu kỳ tường, thục minh chí lý? Hà xuất long mã, dĩ hiệu Hy thị hữu đức chi trưng, thiên tích Huyền Khuê dĩ biểu Đại Vũ bình thành chi trị, khởi bất thị dĩ minh trưng nhi biểu kỳ gia thuỵ giả hồ?",叟語之曰：子徒窞聞，未常海視。不有奇祥，孰明至理？河出龍馬以效羲氏有德之徵，天錫玄圭以表大禹平成之治，豈不示以明徵而表其嘉瑞者乎？
"Tẩu ngôn dĩ, cổ duệ nhi thệ.",叟言已，鼓枻而逝。
"Khách nhược hữu thất, thiểu nhiên trường vị. Nãi ca viết:",客若有失，愀然長喟。乃歌曰：
"Bàn Khê chi thuỷ, thanh thả liên y!",磻溪之水，清且漣漪！
"Điếu hoàng chi sự, kim kỳ dĩ phi,",釣璜之事，今其已非，
"Thái Công phương hình hề, thiên cổ như ty.",太公芳型兮，千古如斯。
"Cửu nguyệt thâm thu hề, tứ dã phi sương,",九月深秋兮，四野飛霜，
"Thiên cao thuỷ hạc hề, hàn nhạn bi thương.",天高水涸兮，寒雁悲傷。
"Tối khổ nhung biên hề, nhật dạ bàng hoàng,",最苦戎邊兮，日夜徬徨，
"Phi kiên chấp nhuệ hề, cốt lật sa cương.",披肩執銳兮，骨慄沙崗。
"Ly gia thập niên hề, phụ mẫu sinh biệt,",離家十年兮，父母生別，
"Thê tử hà kham hề, độc túc cô phòng.",妻子何堪兮，獨宿孤房。
"Tuy hữu du điền hề, thuỳ dữ chi thủ,",雖有腴田兮，誰與之守，
"Lân gia tửu thục hề, thục dữ chi thường.",鄰家酒熟兮，孰與之嚐。
"Bạch phát y môn hề, vọng xuyên thu thuỷ,",白髮依門兮，望穿秋水，
"Trĩ tử ức niệm hề, lệ đoạn can trường.",稚子憶念兮，淚斷肝腸。
"Hồ mã tê phong hề, thượng tri luyến thổ,",胡馬嘶風兮，尚知戀土，
"Nhân sinh khách cửu hề, ninh vong cố hương.",人生客久兮，寧忘故鄉。
"Nhất đán giao binh hề, đạp nhẫn nhi tử,",一旦交兵兮，踏刃而死，
"Cốt nhục vi nê hề, suy thảo hào lương.",骨肉為泥兮，衰草濠梁。
"Hồn phách du du hề, uổng tri sở ỷ,",魂魄悠悠兮，枉知所倚，
"Tráng chí liêu liêu hề, phó chi hoang đường.",壯志寥寥兮，付之荒唐。
"Đương thử vĩnh dạ hề, truy tư thoái tỉnh,",當此永夜兮，追思退省，
"Cập tảo tán Sở hề, miễn tử thù phương.",及早散楚兮，免死殊方。
"Ngã ca khởi đản hề, thiên khiển cáo nhữ,",我歌豈誕兮，天譴告汝，
"Nhữ kỳ tri mệnh hề, vật vị diểu mang.",汝其知命兮，勿謂渺茫。
"Hán vương hữu đức hề, hàng quân bất sát,",漢王有德兮，降軍不殺，
"Ai cáo quy tịch hề, phóng nhữ ngao tường.",哀告歸籍兮，放汝翱翔。
"Vật thủ không doanh hề, lương đạo dĩ tuyệt,",勿守空營兮，糧道已絕，
"Chỉ nhật cầm Vũ hề, ngọc thạch câu thương.",指日擒羽兮，玉石俱傷。
"Sở chi thanh hề, tán Sở tốt,",楚之聲兮，散楚卒，
"Ngã năng xuy hề, hiệp lục luật.",我能吹兮，協六律。
"Ngã phi Tư hề, phẩm Đan Dương,",我非胥兮，品丹陽，
"Ngã phi Trâu hề, ca Yên Thất.",我非鄒兮，歌燕室。
"Tiên âm triệt hề, thông cửu thiên,",仙音徹兮，通九天，
"Thu phong khởi hề, sở vong nhật.",秋風起兮，楚亡日。
"Sở tức vong hề, nhữ yên quy?",楚即亡兮，汝焉歸？
"Thì bất đãi hề, như điện tật.",時不待兮，如電疾。
"Ca hề ca hề tam bách tự,",歌兮歌兮三百字，
Tự tự cú cú hữu thâm ý.,字字句句有深意。
"Vọng nhữ mạc tác đẳng nhàn khan,",望汝莫作等閒看，
"Nhập nhĩ quan tâm, nhĩ môn lao lao địa cẩn ký.",入耳關心，你們牢牢地謹記。
Đại thiên hành hoá hoàng thượng nhược viết:,代天行化皇上若曰。
Cái văn:,蓋聞：
"Nhân nghĩa chi cử, yếu tại an dân,",仁義之舉，要在安民，
"Điếu phạt chi sư, mạc tiên khử bạo.",弔伐之師，莫先去暴。
"Duy, ngã Đại Việt chi quốc,",惟，我大越之國，
Thực vi văn hiến chi bang.,實為文獻之邦。
"Sơn xuyên chi phong vực ký thù,",山川之封域既殊，
Nam bắc chi phong tục diệc dị.,南北之風俗亦異。
"Tự Triệu, Đinh, Lý, Trần chi triệu tạo ngã quốc,",自趙丁李陳之肇造我國，
"Dữ Hán, Đường, Tống, Nguyên nhi các đế nhất phương.",與漢唐宋元而各帝一方。
"Tuy cường nhược thì hữu bất đồng,",雖強弱時有不同
Nhi hào kiệt thế vị thường phạp.,而豪傑世未常乏。
"Cố Lưu Cung tham công dĩ thủ bại,",故劉龔貪功以取敗，
Nhi Triệu Tiết hiếu đại dĩ xúc vong.,而趙禼好大以促亡。
"Toa Đô ký cầm ư Hàm Tử quan,",唆都既擒於鹹子關，
Ô Mã hựu ế ư Bạch Đằng hải.,烏馬又殪於白藤海。
"Kê chư vãng cổ,",嵇諸往古，
Quyết hữu minh trưng.,厥有明徵。
Khoảnh nhân Hồ chính chi phiền hà.,頃因胡政之煩苛。
Chí sử nhân tâm chi oán bạn.,至使人心之怨叛。
"Cuồng Minh tứ khích, nhân dĩ độc ngã dân;",狂明伺隙，因以毒我民；
"Ác đảng hoài gian, cánh dĩ mại ngã quốc.",惡黨懷奸，竟以賣我國。
"Hân thương sinh ư ngược diễm,",焮蒼生於虐焰，
Hãm xích tử ư hoạ khanh.,陷赤子於禍坑。
"Khi thiên võng dân, quỷ kế cái thiên vạn trạng;",欺天罔民，詭計蓋千萬狀；
Liên binh kết hấn nẫm ác đãi nhị thập niên.,連兵結釁稔惡殆二十年。
"Bại nghĩa thương nhân, càn khôn kỷ hồ dục tức;",敗義傷仁，乾坤幾乎欲息；
"Trọng khoa hậu liễm, sơn trạch mi hữu kiết di.",重科厚歛，山澤靡有孑遺。
"Khai kim trường tái mạo lam chướng nhi phủ sơn đào sa,",開金場塞冒嵐瘴而斧山淘沙，
Thái minh châu tắc xúc giao long nhi căng yêu thộn hải.,採明珠則觸蛟龍而緪腰汆海。
"Nhiễu dân thiết huyền lộc chi hãm tịnh,",擾民設玄鹿之陷阱，
Điển vật chức thuý cầm chi võng la.,殄物織翠禽之網羅。
"Côn trùng thảo mộc giai bất đắc dĩ toại kỳ sinh,",昆虫草木皆不得以遂其生，
Quan quả điên liên câu bất hoạch dĩ an kỳ sở.,鰥寡顛連俱不獲以安其所。
Tuấn sinh linh chi huyết dĩ nhuận kiệt hiệt chi vẫn nha;,浚生靈之血以潤桀黠之吻牙；
Cực thổ mộc chi công dĩ sùng công tư chi giải vũ.,極土木之功以崇公私之廨宇。
"Châu lý chi chinh dao trọng khốn,",州里之征徭重困，
Lư diêm chi trữ trục giai không.,閭閻之杼柚皆空。
"Quyết Đông Hải chi thuỷ bất túc dĩ trạc kỳ ô,",決東海之水不足以濯其污，
Khánh Nam Sơn chi trúc bất túc dĩ thư kỳ ác.,罄南山之竹不足以書其惡。
"Thần dân chi sở cộng phẫn,",神民之所共憤，
Thiên địa chi sở bất dung.,天地之所不容。
Dư:,予：
"Phấn tích Lam Sơn,",奮跡藍山，
Thê thân hoang dã.,棲身荒野。
"Niệm thế thù khởi khả cộng đới,",念世讎豈可共戴，
Thệ nghịch tặc nan dữ câu sinh.,誓逆賊難與俱生。
"Thống tâm tật thủ giả thuỳ thập dư niên,",痛心疾首者垂十餘年，
Thường đảm ngoạ tân giả cái phi nhất nhật.,嘗膽臥薪者蓋非一日。
"Phát phẫn vong thực, mỗi nghiên đàm thao lược chi thư,",發憤忘食，每研覃韜略之書，
"Tức cổ nghiệm kim, tế suy cứu hưng vong chi lý.",即古驗今，細推究興亡之理。
"Đồ hồi chi chí,",圖回之志，
Ngộ mị bất vong.,寤寐不忘。
"Đương nghĩa kỳ sơ khởi chi thì,",當義旗初起之時，
Chính tặc thế phương trương chi nhật.,正賊勢方張之日。
Nại dĩ:,奈以：
"Nhân tài thu diệp,",人才秋葉，
Tuấn kiệt thần tinh.,俊傑晨星。
"Bôn tẩu tiên hậu giả ký phạp kỳ nhân,",奔走先後者既乏其人，
Mưu mô duy ác giả hựu quả kỳ trợ.,謀謨帷幄者又寡其助。
"Đặc dĩ cứu dân chi niệm, mỗi uất uất nhi dục đông;",特以救民之念，每鬱鬱而欲東；
"Cố ư đãi hiền chi xa, thường cấp cấp dĩ hư tả.",故於待賢之車，常汲汲已虛左。
Nhiên kỳ:,然其：
"Đắc nhân chi hiệu mang nhược vọng dương,",得人之效茫若望洋，
Do kỷ chi thành thậm ư chửng nịch.,由己之誠甚於拯溺。
"Phẫn hung đồ chi vị diệt,",憤兇徒之未滅，
Niệm quốc bộ chi tao truân.,念國步之遭迍。
"Linh Sơn chi thực tận kiêm tuần,",靈山之食盡兼旬，
Khôi Huyện chi chúng vô nhất lữ.,瑰縣之眾無一旅。
"Cái thiên dục khốn ngã dĩ giáng quyết nhiệm,",蓋天欲困我以降厥任，
Cố dữ ích lệ chí dĩ tế vu nan.,故與益勵志以濟于難。
"Yết can vi kỳ, manh lệ chi đồ tứ tập;",揭竿為旗，氓隸之徒四集
"Đầu giao hưởng sĩ, phụ tử chi binh nhất tâm.",投醪饗士，父子之兵一心。
"Dĩ nhược chế cường, hoặc công nhân chi bất bị;",以弱制彊，或攻人之不備；
Dĩ quả địch chúng thường thiết phục dĩ xuất kỳ.,以寡敵眾常設伏以出奇。
Tốt năng:,卒能：
"Dĩ đại nghĩa nhi thắng hung tàn,",以大義而勝兇殘，
Dĩ chí nhân nhi dị cường bạo.,以至仁而易彊暴。
"Bồ Đằng chi đình khu điện xế,",蒲藤之霆驅電掣，
Trà Lân chi trúc phá hôi phi.,茶麟之竹破灰飛。
"Sĩ khí dĩ chi ích tăng,",士氣以之益增，
Quân thanh dĩ chi đại chấn.,軍聲以之大振。
"Trần Trí, Sơn Thọ văn phong nhi sỉ phách,",陳智山壽聞風而褫魄，
"Lý An, Phương Chính giả tức dĩ thâu sinh.",李安方政假息以偷生。
"Thừa thắng trường khu, Tây Kinh ký vị ngã hữu;",乘勝長驅，西京既為我有；
"Tuyển binh tiến thủ, Đông Đô tận phục cựu cương.",選兵進取，東都盡復舊疆。
"Ninh Kiều chi huyết thành xuyên, lưu tinh vạn lý;",寧橋之血成川，流腥萬里；
"Tốt Động chi thi tích dã, di xú thiên niên.",窣洞之屍積野，遺臭千年。
"Trần Hiệp tặc chi phúc tâm, ký kiêu kỳ thủ;",陳洽賊之腹心，既梟其首；
"Lý Lượng tặc chi gian đố, hựu bạo quyết thi.",李亮賊之奸蠹，又暴厥屍。
"Vương Thông lý loạn nhi phần giả ích phần,",王通理亂而焚者益焚，
Mã Anh cứu đấu nhi nộ giả ích nộ.,馬瑛救鬥而怒者益怒。
"Bỉ trí cùng nhi lực tận, thúc thủ đãi vong;",彼智窮而力盡，束手待亡；
"Ngã mưu phạt nhi tâm công, bất chiến tự khuất.",我謀伐而心攻，不戰自屈。
"Vị bỉ tất dị tâm nhi cải lự,",謂彼必易心而改慮，
Khởi ý phục tác nghiệt dĩ tốc cô.,豈意復作孽以速辜。
"Chấp nhất kỷ chi kiến dĩ giá hoạ ư tha nhân,",執一己之見以嫁禍於他人，
Tham nhất thì chi công dĩ di tiếu ư thiên hạ.,貪一時之功以貽笑於天下。
"Toại linh Tuyên Đức chi giảo đồng, độc binh vô yếm;",遂靈宣德之狡童，黷兵無厭；
"Nhưng mệnh Thạnh Thăng chi noạ tướng, dĩ du cứu phần.",仍命晟昇之懦將，以油救焚。
"Đinh vị cửu nguyệt Liễu Thăng toại dẫn binh do Khâu Ôn nhi tiến,",丁未九月柳昇遂引兵猶邱溫而進，
Bản niên thập nguyệt Mộc Thạnh hựu phân đồ tự Vân Nam nhi lai.,本年十月木晟又分途自雲南而來。
"Dư tiền ký tuyển binh tái hiểm dĩ tồi kỳ phong,",予前既選兵塞險以摧其鋒，
Dư hậu tái điều binh tiệt lộ dĩ đoạn kỳ thực.,予後再調兵截路以斷其食。
"Bản nguyệt thập bát nhật Liễu Thăng vị ngã quân sở công, kế truỵ ư Chi Lăng chi dã;",本月十八日柳昇為我軍所攻，計墜於支稜之野；
"Bản nguyệt nhị thập nhật Liễu Thăng hựu vị ngã quân sở bại, thân tử ư Mã An chi sơn.",本月二十日柳昇又為我軍所敗，身死於馬鞍之山。
"Nhị thập ngũ nhật Bảo Định bá Lương Minh trận hãm nhi táng khu,",二十五日保定伯梁銘陣陷而喪軀，
Nhị thập bát nhật Thượng thư Lý Khánh kế cùng nhi vẫn thủ.,二十八日尚書李慶計窮而刎首。
"Ngã toại nghênh nhận nhi giải,",我遂迎刃而解，
Bỉ tự đảo qua tương công.,彼自倒戈相攻。
"Kế nhi tứ diện thiêm binh dĩ bao vi,",繼而四面添兵以包圍，
Kỳ dĩ thập nguyệt trung tuần nhi điễn diệt.,期以十月中旬而殄滅。
"Viên tuyển tì hưu chi sĩ,",爰選貔貅之士，
Thân mệnh trảo nha chi thần.,申命爪牙之臣。
"Ẩm tượng nhi hà thuỷ càn,",飲象而河水乾，
Ma đao nhi sơn thạch quyết.,磨刀而山石鈌。
"Nhất cổ nhi kình khô ngạc đoạn,",一鼓而鯨刳鱷斷，
Tái cổ nhi điểu tán quân kinh.,再鼓而鳥散麇驚。
"Quyết hội nghĩ ư băng đê,",決潰蟻於崩堤，
Chấn cương phong ư cảo diệp.,振剛風於稿葉。
"Đô đốc Thôi Tụ tất hành nhi tống khoản,",都督崔聚膝行而送款，
Thượng thư Hoàng Phúc diện phọc dĩ tựu cầm.,尚書黃福面縛以就擒。
"Cương thi tái Lượng Giang, Lượng Sơn chi đồ,",僵屍塞諒江諒山之途，
"Chiến huyết xích Xương Giang, Bình Than chi thuỷ.",戰血赤昌江平灘之水。
"Phong vân vị chi biến sắc,",風雲為之變色，
Nhật nguyệt thảm dĩ vô quang.,日月慘以無光。
"Kỳ Vân Nam binh vị ngã quân sở ách ư Lê Hoa, tự đỗng nghi hư hạt nhi tiên dĩ phá phủ;",其雲南兵為我軍所扼於梨花，自恫疑虛喝而先以破腑；
"Kỳ Mộc Thạnh chúng văn Thăng quân sở bại ư Cần Trạm, toại lận tạ bôn hội nhi cận đắc thoát thân.",其沐晟眾聞昇軍所敗於芹站，遂躪藉奔潰而僅得脫身。
"Lãnh Câu chi huyết chử phiếu, giang thuỷ vị chi ô yết;",冷溝之血杵漂，江水為之嗚咽；
"Đan Xá chi thi sơn tích, dã thảo vị chi ân hồng.",丹舍之屍山積，野草為之殷紅。
"Lưỡng lộ cứu binh ký bất toàn chủng nhi câu bại,",兩路救兵既不旋踵而俱敗，
Các thành cùng khấu diệc tướng giải giáp dĩ xuất hàng.,各城窮寇亦將解甲以出降。
"Tặc thủ thành cầm, bỉ ký trạo ngạ hổ khất liên chi vĩ;",賊首成擒，彼既掉餓虎乞憐之尾；
"Thần võ bất sát, dư diệc thể thượng đế hiếu sinh chi tâm.",神武不殺，予亦體上帝孝生之心。
"Tham tướng Phương Chính, Nội quan Mã Kỳ, tiên cấp hạm ngũ bách dư sưu, ký độ hải nhi do thả hồn phi phách tán;",參將方政，內官馬騏，先給艦五百餘艘，既渡海而猶且魂飛魄散；
"Tổng binh Vương Thông, Tham chính Mã Anh, hựu cấp mã sổ thiên dư thất, dĩ hoàn quốc nhi ích tự cổ lật tâm kinh.",總兵王通，參政馬瑛，又給馬數千餘匹，已還國而益自股慄心驚。
"Bỉ ký uý tử tham sinh, nhi tu hảo hữu thành;",彼既畏死貪生，而修好有誠；
"Dư dĩ toàn quân vi thượng, nhi dục dân chi đắc tức.",予以全軍為上，而欲民之得息。
"Phi duy mưu kế chi cực kỳ thâm viễn,",非惟謀計之極其深遠，
Cái diệc cổ kim chi sở vị kiến văn.,蓋亦古今之所未見聞。
"Xã tắc dĩ chi điện an,",社稷以之奠安，
Sơn xuyên dĩ chi cải quan.,山川以之改觀。
"Càn khôn ký bĩ nhi phục thái,",乾坤既否而復泰，
Nhật nguyệt ký hối nhi phục minh.,日月既晦而復明。
"Vu dĩ khai vạn thế thái bình chi cơ,",于以開萬世太平之基，
Vu dĩ tuyết thiên địa vô cùng chi sỉ.,于以雪天地無窮之恥。
"Thị do thiên địa tổ tông chi linh hữu,",是由天地祖宗之靈有，
Dĩ mặc tương âm hữu nhi trí nhiên dã.,以默相陰佑而致然也！
Ô hô!,於戲！
"Nhất nhung đại định, hất thành vô cạnh chi công;",一戎大定，迄成無競之功；
"Tứ hải vĩnh thanh, đản bố duy tân chi cáo.",四海永清，誕布維新之誥。
"Bá cáo hà nhĩ,",播告遐邇，
Hàm sử văn tri.,咸使聞知。
"Tự viết: Tích Thương Hiệt sáng nghiệp, hàn mặc tác dụng, thư khế hưng yên. Phù chế tác thượng thánh tắc hiến giả, mạc tiên hồ bút. Tường nguyên kỳ sở do, cứu sát kỳ thành công, thước hồ hoán hồ, phất khả thượng hỹ.",序曰：昔蒼頡創業，翰墨作用，書契興焉。夫制作上聖則憲者，莫先乎筆。詳原其所由，究察其成功，鑠乎煥乎，弗可尚矣。
"Phú viết: Duy kỳ hàn chi sở sinh, vu quý đông chi giảo thố. Tính tinh cức dĩ phiếu hãn, thể thuyên tấn dĩ sính bộ. Tước văn trúc dĩ vi quản, gia tất ty chi triền thúc. Hình điệu đoàn dĩ trực đoan, nhiễm huyền mặc dĩ định sắc. Hoạ càn khôn chi âm dương, tán Mật hoàng chi hồng huân. Tự Ngũ đế chi hưu đức, dương đãng đãng chi minh văn. Kỷ Tam vương chi công phạt hề, biểu bát bách chi tứ cẩn. Truyền Lục kinh nhi chuế Bách thị hề, kiến hoàng cực nhi tự di luân. Tổng nhân sự ư ám muội hề, tán u minh vu minh thần. Tượng loại đa dụ, mĩ thi bất hiệp. Thượng cương hạ nhu, càn khôn vị dã. Tân cố đại tạ, tứ thời tự dã. Viên hoà chính trực, quy củ cực dã. Nguyên thủ hoàng quản, thiên địa sắc dã. Vân vân.",賦曰：惟其翰之所生，于季冬之狡兔，性精亟以慓悍，體遄迅以騁步。削文竹以為管，加漆絲之纏束，形調摶以直端，染玄墨以定色，畫乾坤之陰陽，讚宓皇之洪勳，敘五帝之休德，揚蕩蕩之明文。紀三王之功伐兮，表八百之肆覲。傳六經而綴百氏兮，建皇極而序彝倫。綜人事於晻昧兮，贊幽冥于明神。象類多喻，靡施不協。上剛下柔，乾坤位也。新故代謝，四時序也。圓和正直，規矩極也。元首黃管，天地色也。云云。
"Duy hoàng Đường chi lục diệp, thực Minh Hoàng chi sơ niên.",維皇唐之六葉，實明皇之初年。
"Thể cần kiệm chi mỹ đức, cung hữu ái chi tính thiên.",體勤儉之美德，躬友愛之性天。
"Ký xích viễn ư nữ sắc, diệc bính tuyệt ư du điền.",既斥遠於女色，亦屏絕於遊畋。
"Cấm cẩm tú nhi bất bửu, thị phác tố vi dân tiên.",禁錦繡而不寶，示樸素為民先。
"Bất dĩ vị vi dật lạc, niệm vương nghiệp chi gian nan.",不以位為逸樂，念王業之艱難。
"Tiêu y cán thực, nhậm sử năng hiền.",宵衣旰食，任使能賢。
"Thân lâm thứ chính, tổng lãm hoá quyền.",親臨庶政，總攬化權。
"Kỳ phối mỹ ư Đường Ngu chi tế, chủng trị công ư Văn hoàng chi gian.",其配美於唐虞之際，踵治功於文皇之間。
"Cần chính danh lâu, cái hữu do nhiên.",勤政名樓，蓋有由然。
"Tưởng kỳ: ly cung biệt quán, ẩn lâu thiền liên.",想其：離宮別館，隱樓蟬聯。
"Chư vương để đệ, la lạc liên diên.",諸王邸弟，羅絡連延。
"Hoa Ngạc tù tốt hề kỳ hữu, Hưng Khánh cùng sùng hề kỳ thiên.",華萼崷崒兮其右，興慶窮崇兮其偏。
"Hoa suy quế đống, chi nhi tảo biên.",花榱桂棟，芝栭藻櫋。
"Tuyền đề loát dao không chi vụ, điêu đống lăng tình hạo chi yên.",璇題刷瑤空之霧，雕棟凌晴昊之煙。
"Khoát càn khôn chi hạp tịch, thông Hy nga chi vãng hoàn.",豁乾坤之闔闢，通羲娥之往還。
"Tráng thần kinh chi vĩ vọng, tủng vũ nội chi quan chiêm.",壯神京之偉望，聳宇內之觀瞻。
"Đãi phù: ngọc lậu thanh tàn, kê nhân báo thự.",迨夫：玉漏聲殘，雞人報曙。
"Trĩ vĩ tà khai, vân cừu tiến ngự.",雉尾斜開，雲裘進御。
"Thanh tất nhất thanh, thiên quan ảnh phụ.",清畢一聲，千官影附。
"Hấp thiên hương hề phức uất, đạm vũ bảo hề dung dữ.",潝天香兮馥鬱，淡羽葆兮容與。
"Liễu tráo triêu yên, hoa hợp túc lộ.",柳罩朝煙，花合宿露。
"San ngọc bội hề tương tương, tân y quan hề sở sở.",珊玉佩兮將將，繽衣冠兮楚楚。
"Đế nãi ngự lâu, dĩ lâm thứ sự.",帝乃御樓，以臨庶事。
"Tướng tướng bách quan, đài viện sảnh thự.",將相百官，臺院省署。
"Chấn chấn uyên hàng, trật trật nhạn tự.",振振鴛行，秩秩雁字。
"Tiến ngôn dĩ chức, tấu sự dĩ thứ.",進言以職，奏事以次。
"Đế ư thị, đạt tứ thông minh tứ mục, thính hiến khả dữ thế phủ, đô du dữ hô phất.",帝於是，達四聰明四目，聽獻可與替否，都俞與呼咈。
Chính hữu vị hành hề tư hữu dĩ phát.,政有未行兮思有以發。
Đức hữu vị phu hề tư hữu dĩ hợp.,德有未敷兮思有以洽。
Hình hữu vị đáng hề tư hữu dĩ tuất.,形有未當兮思有以恤。
Dân hữu vị an hề tư hữu dĩ tập.,民有未安兮思有以輯。
Lợi hữu vị hưng hề tư hữu dĩ thí.,利有未興兮思有以施。
Hại hữu vị trừ hề tư hữu dĩ cách.,害有未除兮思有以革。
"Nghiệp nghiệp căng căng, vạn cơ nhất nhật.",業業兢兢，萬幾一日。
"Duy cơ duy khang, vô lạc vô dật.",惟幾惟康，無樂無逸。
Nhân trạch chu lưu hề bàng tiếp thứ vật.,仁澤周流兮旁浹庶物。
Vạn tính âu ca hề tam thuỳ yến thiếp.,萬姓謳歌兮三陲宴帖。
"Nghi kỳ trí Khai Nguyên thái bình chi thịnh, quang Thái Tông Trinh Quán chi liệt dã!",宜其致開元太平之盛，光太宗貞觀之烈也。
"Tích hồ: tiên khắc hữu chung, đồ hữu kỳ thuỷ.",惜乎：鮮克有終，徒有其始。
"Vô dật chi đồ, hoán dĩ sơn xuyên; dục tâm nhất manh, cùng xa cực xỉ.",無逸之圖，換以山川；欲心一萌，窮奢極侈。
"Cửu Linh sàm nhi Dương Lý tiến, Hàn hưu lão nhi Diêu Tống tử.",九齡讒而楊李進，韓休老而姚宋死。
"Đăng Liên Xương chi Vọng Tiên hề, huyễn Ngọc Hoàn chi châu thuý.",登連昌之望仙兮，眩玉環之珠翠。
"Y Trầm Hương chi lan can hề, phù hải đường chi thuỵ khỉ.",依沉香之欄杆兮，扶海棠之睡起。
"Nghê thường vũ y, minh mâu hạo xỉ.",霓裳羽衣，明眸皓齒。
"Hồ sồ cẩm băng chi du, biến quan cấm nội.",胡雛錦繃之遊，遍觀禁內。
"Ninh vương ngọc địch chi thanh, thâu truyền thành thị.",寧王玉笛之聲，偷傳城巿。
"Bao tàng hoạ tâm, trậm độc cam mỹ.",包藏禍心，鴆毒甘美。
"Như thố hoả ư tích tân, vị quốc gia chi khả thị.",如厝火於積薪，謂國家之可恃。
"Cập hồ: Ngư Dương soái thần, cổ bề động địa.",及乎：漁陽帥臣，鼓鼙動地。
"Thất mã nam tuần, hồ trần tứ khỉ.",匹馬南巡，胡塵四起。
"Phó miếu xã ư kiếp hôi, phỏng kiều danh ư Vạn Lý.",付廟社於劫灰，訪橋名於萬里。
"Lại thiên đạo chi hảo hoàn, hữu Linh Võ chi thánh tử.",賴天道之好還，有靈武之聖子。
"Tu đồn thú chi lỗ lâu, trúc Lệ Tiều chi bách Trĩ.",修屯戍之櫓樓，築麗譙之百雉。
"Hậu sóc vọng chi kinh trần, cảnh sĩ tốt chi đoạ thỉ.",侯朔望之驚塵，警士卒之惰弛。
"Vạn Lý lai qui, Cẩm Giang Ngọc Luỹ.",萬里來歸，錦江玉壘。
"Ngự lâu lạo quân, gia hoàng thoát tử.",御樓勞軍，加黃脫紫。
"Nam Nội thê lương, dĩ vô lực sĩ.",南內凄涼，已無力士。
"Dạ vũ ngô đồng, xuân phong đào lý.",夜雨梧桐，春風桃李。
"Hồi cố sơ tâm, noản nhiên quỷ sỉ.",回顧初心，赧然傀恥。
"Ư thử chi thời, an tri Minh Hoàng chi tâm,",於此之時，安知明皇之心，
"Hối bất sùng tư lâu chi tằng cấu,",悔不崇斯樓之層構，
Bồi tư lâu chi phi chỉ dã da?,培斯樓之丕址也耶？
"Ta phù: hậu thế nhân quân, ân giám bất viễn.",嗟夫：後世人君，殷鑑不遠。
"Trị loạn chi cơ, quân tâm di chuyển.",治亂之機，君心移轉。
"Cần Chính chi cơ, thực địa tu tiễn.",勤政之基，實地須踐。
"Vụ bản chi ý, hành chi mãnh miễn.",務本之意，行之黽勉。
"Thứ hữu thuỷ nhi hữu chung, hạnh tư lâu chi bất điến.",庶有始而有終，幸斯樓之不靦。
"Phương ly liễu ổ, xạ xuất hoa phòng.",方離柳塢，乍出花房。
"Đán hành xứ, điểu kinh đình thụ;",但行處，鳥驚庭樹；
"Tương đáo thì, ảnh độ hồi lang.",將到時，影度回廊。
"Tiên duệ xạ phiêu hề, văn xạ lan chi phức uất;",仙袂乍飄兮，聞麝蘭之馥郁；
"Hà y dục động hề, thính hoàn bội chi khanh thương.",荷衣欲動兮，聽環珮之鏗鏘。
"Yếp tiếu xuân đào hề, vân kết đôi thuý;",靨笑春桃兮，雲髻堆翠；
"Thần trán anh khoả hề, lưu xỉ hàm hương.",唇綻櫻顆兮，榴齒含香。
"Miện tiêm yêu chi sở sở hề, phong hồi tuyết vũ;",盼纖腰之楚楚兮，風回雪舞；
"Diệu châu thuý chi đích đích hề, áp lục nga hoàng.",耀珠翠之的的兮，鴨綠鵝黃。
"Xuất một hoa gian hề, nghi sân nghi hỉ;",出沒花間兮，宜嗔宜喜；
"Bồi hồi trì thượng hề, nhược phi nhược dương.",徘徊池上兮，若飛若揚。
"Nga my dục tần hề, tương ngôn nhi vị ngữ;",蛾眉欲顰兮，將言而未語；
"Liên bộ xạ di hề, dục chỉ nhi nhưng hành.",蓮步乍移兮，欲止而仍行。
"Tiện mỹ nhân chi lương chất hề, băng thanh ngọc nhuận;",羡美人之良質兮，冰清玉潤；
"Mộ mỹ nhân chi hoa phục hề, siểm thước văn chương.",慕美人之華服兮，閃爍文章。
"Ái mỹ nhân chi dung mạo hề, hương bồi ngọc triện;",愛美人之容貌兮，香培玉篆；
"Tỷ mỹ nhân chi thái độ hề, phượng chứ long tường.",比美人之態度兮，鳳翥龍翔。
Kỳ tố nhược hà: xuân mai trán tuyết;,其素若何：春梅綻雪；
Kỳ khiết nhược hà: thu huệ phi sương.,其潔若何：秋蕙披霜。
Kỳ tĩnh nhược hà: tùng sinh không cốc;,其靜若何：松生空谷；
Kỳ diễm nhược hà: hà ánh trừng đường.,其艷若何：霞映澄塘。
Kỳ văn nhược hà: long du khúc chiểu;,其文若何：龍游曲沼；
Kỳ thần nhược hà: nguyệt xạ hàn giang.,其神若何：月射寒江。
"Viễn tàm Tây Tử, cận quý Vương Tường.",遠慚西子，近愧王嬙。
Sinh vu thục địa? Giáng tự hà phương ?,生于孰地？降自何方？
"Nhược phi yến bãi quy lai, Dao Trì bất nhị;",若非宴罷歸來，瑤池不二；
"Định ưng xuy tiêu dẫn khứ, tử phủ vô song giả dã.",定應吹蕭引去，紫府無雙者也。
"Phấn càn cương hề ác xu,",奮乾綱兮握樞，
Hoán minh tinh hề chúc u.,煥明星兮燭幽。
"Nhân ân trạm hề bàng tiếp,",仁恩湛兮旁浹，
Phẩm vựng sán hề chiêu tô.,品彙粲兮昭蘇。
"Đức ký mậu ư vô tư,",德既茂於無私，
Thiên nãi tích hồ ứng phù.,天乃錫乎應符。
"Thử Cảnh Tinh chi dị thuỵ, sở dĩ gián đại nhi cẩn hiện, hữu dĩ chương long bình chi hưu giả hồ!",此景星之異瑞，所以間代而僅見，有以彰隆平之休者乎！
"Quan kỳ quang huy huyến lạn, văn thái anh hoa,",觀其光輝絢爛，文采英華，
"Cảnh tố phách chi cô minh, trám Ngân Hà chi trừng bích.",耿素魄之孤明，蘸銀河之澄碧。
"Tiếp Đế Viên nhi chiêu tích, ánh hoàng đạo nhi đích lịch,",接帝垣而昭晰，映黃道而的皪，
"Ảnh động Tích Mộc chi tân, quang phù Phụ Lộ chi trắc.",影動析木之濱，光浮附路之側。
"Chu Bá hoàng hoàng, dương thái nhi bàng chúc,",周伯煌煌，揚彩而傍燭，
"Hàm Dự dục dục, phân huy nhi giao xạ.",含譽煜煜，分輝而交射。
"Kiển sắc chính nhi mang hàn, viết Đức Tinh chi Cách Trạch.",褰色正而芒寒，曰德星之格澤。
"Đương Nghiêu chi thời, thiên hạ quang trạch, đằng diệu vu thiên, tinh huỳnh huyễn hách,",當堯之時，天下光宅，縢耀于天，晶熒烜赫，
"Hà Hán, Đường chi mạt tạo, lũ minh minh nhi hôn thực!",何漢唐之末造，屢暝暝而昏蝕！
"Tế hưu minh chi thịnh thời, phục chiêu trứ hồ kim nhật,",際休明之盛時，復昭著乎今日，
"Nghi kỳ vi chúng nhân chi sở khoái đổ, nhi túc nghiệm thiên tượng chi chiêu cách.",宜其為眾人之所快睹，而足驗天象之昭格。
"Duy phù thuỵ chi đặc dị, triệu vũ nội chi long bình.",惟符瑞之特異，兆宇內之隆平。
"Âm dương dĩ hoà, thiên địa dĩ ninh,",陰陽以和，天地以寧，
"Phong vũ dĩ thời, bách cốc dụng thành.",風雨以時，百穀用成。
"Lang yên tức ư tam thuỳ, nhân phong tường hồ bát hoành.",狼煙息於三陲，仁風翔乎八紘。
"Lễ nhạc chiêu trứ, pháp độ tu minh.",禮樂昭著，法度修明。
"Nhân điềm vật hy, chính giản hình thanh.",人恬物熙，政簡刑清。
"Phất vạn quốc chi âu ca, dật tứ hải chi tụng thanh,",沸萬國之歐歌，溢四海之頌聲，
"Thành túc dĩ biểu ngã quốc chi thịnh trị, tiến nhất nhân chi gia trinh.",誠足以表我國之盛治，薦一人之嘉禎。
Nhiên thường sát chi:,然嘗察之：
"Thiên nhân nhất lý, cảm thông bất thắc.",天人一理，感通不忒。
"Trưng bất vu thiên nhi vu nhân, phù bất tại tường nhi tại đức.",徵不于天而于人，符不在祥而在德。
"Cố thiên chi thuỵ Thuấn, bất tại thất chính chi tề, nhi tại sắc thiên chi thời cơ,",故天之瑞舜，不在七政之齊，而在敕天之時機，
"Thiên chi tích Vũ, bất tại Lạc thư chi trình, nhi tại lục phủ chi khổng tu.",天之錫禹，不在洛書之呈，而在六府之孔須。
"Thẩn kim: đạo xiển Hy Hiên, trị dật Đường Ngu,",矧今：道闡羲軒，治軼唐虞，
"Tuấn đức khắc minh, quần công thừa hưu.",峻德克明，群工承休。
"Kỵ Ky, Vĩ giả, thí Thương gia chi hiền,",騎箕尾者，媲商家之賢，
"Ứng Mão túc giả, lậu Hán thế chi trù.",應昴宿者，陋漢世之儔。
"Tắc sở dĩ chỉnh đốn càn khôn, để định hoàn khu,",則所以整頓乾坤，底定寰區，
"Trí Cảnh Tinh chi hiệu tường, thực hợp điệp nhi ứng đồ.",致景星之效祥，實合牒而應圖。
"Mạc phi ngã thánh hoàng tham tán chi diệu dụng, hữu dĩ khai ức vạn tải chi hoành mô,",莫非我聖皇參贊之妙用，有以開億萬載之宏謨。
Cẩn bái thủ khể thủ nhi hiến cú viết:,謹拜手稽首而獻句曰：
"Chiêm bỉ thuỵ thái,",瞻彼瑞彩，
Diệp dương minh hề.,燁揚明兮。
"Thái bình chi phù,",太平之符，
Diệc khổng trinh hề.,亦孔貞兮。
"Ư duy thánh hoàng,",於維聖皇，
Tại đức bất tại tinh hề!,在德不在星兮！
"Tích giả Sở Tương Vương dữ Tống Ngọc du ư Vân Mộng chi đài, vọng Cao Đường chi quán. Kỳ thượng độc hữu vân khí, tuỵ hề trực thướng, hốt hề cải dung, tu du chi gian, biến hoá vô cùng.",昔者楚襄王與宋玉遊於雲夢之臺，望高唐之觀。其上獨有雲氣，崒兮直上，忽兮改容，須臾之間，變化無窮。
Vương vấn Ngọc viết: Thử hà khí dã?,王問玉曰：此何氣也？
Ngọc đối viết: Sở vị Triêu Vân giả dã.,玉對曰：所謂朝雲者也。
Vương viết: Hà vị Triêu Vân?,王曰：何謂朝雲？
"Ngọc viết: Tích giả tiên vương thường du Cao Đường, đãi nhi trú tẩm, mộng kiến nhất phụ nhân, viết: “Thiếp Vu sơn chi nữ dã, vi Cao Đường chi khách. Văn quân du Cao Đường, nguyện tiến chẩm tịch.” Vương nhân hạnh chi. Khứ nhi từ viết: “Thiếp tại Vu sơn chi dương, cao khâu chi trở, đán vi Triêu Vân, mộ vi hành vũ. Triêu triêu mộ mộ, Dương Đài chi hạ.” Đán triêu thị chi như ngôn, cố vi lập miếu, hiệu viết Triêu Vân.",玉曰：昔者先王嘗遊高唐，怠而晝寢，夢見一婦人，曰：「妾巫山之女也，為高唐之客。聞君遊高唐，願薦枕席。」王因幸之。去而辭曰：「妾在巫山之陽，高丘之阻，旦為朝雲，暮為行雨。朝朝暮暮，陽臺之下。」旦朝視之如言，故為立廟，號曰『朝雲』。
"Vương viết: Triêu Vân thuỷ xuất, trạng nhược hà dã?",王曰：朝雲始出，狀若何也？
"Ngọc đối viết: Kỳ thuỷ xuất dã, đối hề nhược tùng thì. Kỳ thiểu tiến dã, tích hề nhược giảo cơ. Dương duệ chương nhật, nhi vọng sở tư. Hốt hề cải dung, kệ hề nhược giá tứ mã, kiến vũ kỳ. Tưu hề như phong, thê hề như vũ. Phong chỉ vũ tễ, vân vô xứ sở.",玉對曰：其始出也，㬣兮若松榯。其少進也，晰兮若姣姬。揚袂鄣日，而望所思。忽兮改容，偈兮若駕駟馬，建羽旗。湫兮如風，淒兮如雨。風止雨霽，雲無處所。
Vương viết: Quả nhân phương kim khả dĩ du hồ?,王曰：寡人方今可以遊乎？
Ngọc viết: Khả.,玉曰：可。
Vương viết: Kỳ hà như hĩ?,王曰：其何如矣？
"Ngọc viết: Cao hĩ hiển hĩ, lâm vọng viễn hĩ! Quảng hĩ phổ hĩ, vạn vật tổ hĩ! Thượng thuộc ư thiên, hạ kiến ư uyên, trân quái kỳ vĩ, bất khả xưng luận.",玉曰：高矣顯矣，臨望遠矣！廣矣普矣，萬物祖矣！上屬於天，下見於淵，珍怪奇偉，不可稱論。
Vương viết: Thí vi quả nhân phú chi.,王曰：試為寡人賦之。
Ngọc viết: Duy duy.,玉曰：唯唯。
"Duy Cao Đường chi đại thể hề, thù vô vật loại chi khả nghi tỉ.",惟高唐之大體兮，殊無物類之可儀比。
"Vu sơn hách kỳ vô trù hề, đạo hỗ chiết nhi tằng luỹ.",巫山赫其無疇兮，道互折而曾累。
"Đăng sàm nham nhi hạ vọng hề, lâm đại để chi súc thuỷ.",登巉巖而下望兮，臨大阺之稸水。
"Ngộ thiên vũ chi tân tễ hề, quan bách cốc chi câu tập.",遇天雨之新霽兮，觀百穀之俱集。
"Tị hung hung kỳ vô thanh hề, hội đạm đạm nhi tịnh nhập.",濞洶洶其無聲兮，潰淡淡而並入。
"Bàng dương dương nhi tứ thi hề, ống trạm trạm nhi phất chỉ.",滂洋洋而四施兮，蓊湛湛而弗止。
"Trường phong chí nhi ba khởi hề, nhược ly sơn chi cô mẫu.",長風至而波起兮，若麗山之孤畝。
"Thế bạc ngạn nhi tương kích hề, ách giao dẫn nhi khước hội.",勢薄岸而相擊兮，隘交引而卻會。
"Tuỵ trung nộ nhi đặc cao hề, nhược phù hải nhi vọng kiệt.",崒中怒而特高兮，若浮海而望碣。
"Thạch lịch lỗi lỗi nhi tương ma hề, vanh chấn thiên chi khái khái.",石礫磥磥而相摩兮，巆震天之磕磕。
"Cự thạch nịch nịch chi sàm tiếu hề, mạt đồng đồng nhi cao lệ.",巨石溺溺之瀺灂兮，沫潼潼而高厲。
"Thuỷ đạm đạm nhi bàn hu hề, hồng ba dâm dâm chi dung duệ.",水澹澹而盤紆兮，洪波淫淫之溶㵝。
"Bôn dương dũng nhi tương kích hề, vân hưng thanh chi bái bái.",奔揚踴而相擊兮，雲興聲之霈霈。
"Mãnh thú kinh nhi khiêu hãi hề, vọng bôn tẩu nhi trì mại.",猛獸驚而跳駭兮，妄奔走而馳邁。
"Hổ báo sài huỷ, thất khí khủng uế.",虎豹豺兕，失氣恐喙。
"Điêu ngạc ưng diêu, phi dương phục thoán,",雕鶚鷹鷂，飛揚伏竄，
"Cổ chiến hiếp tức, an cảm vọng chí.",股戰脅息，安敢妄摯。
"Ư thị thuỷ trùng tận bạo, thừa chử chi dương.",於是水蟲盡暴，乘渚之陽。
"Ngoan đà chiên vị, giao tích tung hoành.",黿鼉鱣鮪，交積縱橫。
"Chấn lân phấn dực, uy uy uyển uyển.",振鱗奮翼，蜲蜲蜿蜿。
"Trung phản dao vọng, huyền mộc đông vinh.",中阪遙望，玄木冬榮。
"Hoàng hoàng huỳnh huỳnh, đoạt nhân mục tinh.",煌煌熒熒，奪人目精。
"Lạn hề nhược liệt tinh, tằng bất khả đàn hình.",爛兮若列星，曾不可殫形。
"Trăn lâm uất thịnh, ba hoa phúc cái.",榛林鬱盛，葩華覆蓋。
"Song kỷ thuỳ phòng, củ chi hoàn hội.",雙椅垂房，糾枝還會。
"Tỉ mỹ đạm đạm, tuỳ ba ám ái.",徙靡澹淡，隨波闇藹。
"Đông tây thi dực, y nỉ phong phái.",東西施翼，猗狔豐沛。
"Lục diệp tử khoả, đan hành bạch đế.",綠葉紫裹，丹莖白蔕。
"Tiêm điều bi minh, thanh tự vu lại.",纖條悲鳴，聲似竽籟。
"Thanh trọc tương hoạ, ngũ biến tứ hội.",清濁相和，五變四會。
"Cảm tâm động nhĩ, hồi trường thương khí.",感心動耳，迴腸傷氣。
"Cô tử quả phụ, hàn tâm toan tị.",孤子寡婦，寒心酸鼻。
"Trưởng lại huy quan, hiền sĩ thất chí.",長吏隳官，賢士失志。
"Sầu tư vô dĩ, thán tức thuỳ lệ.",愁思無已，歎息垂淚。
"Đăng cao viễn vọng, sử nhân tâm tuỵ.",登高遠望，使人心瘁。
"Bàn ngạn tán hoàn, chẩn trần ngại ngại.",盤岸巑岏，裖陳磑磑。
"Bàn thạch hiểm tuấn, khuynh khi nhai đồi.",磐石險峻，傾崎崖隤。
"Nham khu tam si, tòng hoành tương truy.",巖嶇參差，從橫相追。
"Tưu hỗ hoành ngỗ, bối huyệt yển chích.",陬互橫啎，背穴偃蹠。
"Giao gia luỹ tích, trùng điệp tăng ích.",交加累積，重疊增益。
"Trạng nhược Chỉ Trụ, tại Vu sơn hạ.",狀若砥柱，在巫山下。
"Ngưỡng thị sơn điên, túc hà thiên thiên,",仰視山顛，肅何千千，
"Huyễn diệu hồng nghê, phủ thị tranh vanh.",炫燿虹蜺，俯視崝嶸。
"Khuê liêu yểu minh, bất kiến kỳ để, hư văn tùng thanh.",窐寥窈冥，不見其底，虛聞松聲。
"Khuynh ngạn dương dương, lập nhi hùng kinh.",傾岸洋洋，立而熊經。
"Cửu nhi bất khứ, túc tận hãn xuất.",久而不去，足盡汗出。
"Du du hốt hốt, siêu trướng tự thất.",悠悠忽忽，怊悵自失。
"Sử nhân tâm động, vô cố tự khủng.",使人心動，無故自恐。
"Bí Dục chi đoán, bất năng vi dũng.",賁育之斷，不能為勇。
"Tốt ngạc dị vật, bất tri sở xuất.",卒愕異物，不知所出。
"Ly ly sân sân, nhược sinh ư quỷ, nhược xuất ư thần.",縰縰莘莘，若生於鬼，若出於神。
"Trạng tự tẩu thú, hoặc tượng phi cầm.",狀似走獸，或象飛禽。
"Quyệt nguỵ kỳ vĩ, bất khả cứu trần.",譎詭奇偉，不可究陳。
"Thượng chí quán trắc, địa cái để bình.",上至觀側，地蓋底平。
"Ky chủng mạn diễn, phương thảo la sinh.",箕踵漫衍，芳草羅生。
"Thu lan thần huệ, giang ly tải tinh.",秋蘭茞蕙，江離載菁。
"Thanh thuyên xạ can, yết xa bao tịnh.",青荃射干，揭車苞並。
"Bạc thảo mỹ mỹ, liên duyên yêu yêu.",薄草靡靡，聯延夭夭。
"Việt hương yểm yểm, chúng tước ngao ngao.",越香掩掩，眾雀嗷嗷。
"Thư hùng tương thất, ai minh tương hào.",雌雄相失，哀鳴相號。
"Vương thư, ly hoàng, chính minh, Sở cưu.",王雎鸝黃，正冥楚鳩。
"Tỉ quy, tư phụ, thuỳ kê cao sào.",姊歸思婦，垂雞高巢。
"Kỳ minh dê dê, đương niên ngao du.",其鳴喈喈，當年遨遊。
"Canh xướng điệt hoạ, phó khúc tuỳ lưu.",更唱迭和，赴曲隨流。
"Hữu phương chi sĩ, Tiện Môn, Cao Khê,",有方之士，羨門高谿。
"Thượng Thành, Uất Lâm, Công Nhạc, Tụ Cốc.",上成鬱林，公樂聚穀。
"Tiến thuần hy, đảo quỳnh thất.",進純犧，禱琁室。
"Tiếu chư thần, lễ Thái Nhất.",醮諸神，禮太一。
"Truyền chúc dĩ cụ, ngôn từ dĩ tất.",傳祝已具，言辭已畢。
"Vương nãi thừa ngọc dư, tứ thảng ly, thuỳ lưu tinh, bái hợp hài.",王乃乘玉輿，駟倉螭，垂旒旌，旆合諧。
"Trừu đại huyền nhi nhã thanh lưu, liệt phong quá nhi tăng bi ai.",紬大絃而雅聲流，冽風過而增悲哀。
"Ư thị điều âu, linh nhân lam lệ thảm thê, hiếp tức tăng hy.",於是調謳，令人惏悷憯悽，脅息增欷。
"Ư thị nãi tung lạp giả, cơ chỉ như tinh.",於是乃縱獵者，基趾如星。
"Truyền ngôn vũ lạp, hàm mai vô thanh.",傳言羽獵，銜枚無聲。
"Cung nỗ bất phát, phù toánh bất khuynh.",弓弩不發，罘潁不傾。
"Thiệp mãng mãng, trì tần tần.",涉漭漭，馳苹苹。
"Phi điểu vị cập khởi, tẩu thú vị cập phát.",飛鳥未及起，走獸未及發。
"Hà tiết yểm hốt, đề túc sái huyết?",何節奄忽，啼足灑血？
"Cử công tiên đắc, hoạch xa dĩ thực.",舉功先得，獲車已實。
"Vương tướng dục vãng kiến, tất tiên trai giới, si thì trạch nhật.",王將欲往見，必先齋戒，差時擇日。
"Giản dư huyền phục, kiến vân bái, nghê vi tinh, thuý vi cái.",簡輿玄服，建雲旆，蜺為旌，翠為蓋。
"Phong khởi vũ chỉ, thiên lý nhi thệ.",風起雨止，千里而逝。
"Cái phát mông, vãng tự hội.",蓋發蒙，往自會。
"Tư vạn phương, ưu quốc hại.",思萬方，憂國害。
"Khai hiền thánh, phụ bất đãi.",開賢聖，輔不逮。
"Cửu khiếu thông uất, tinh thần sát trệ.",九竅通鬱，精神察滯。
Duyên niên ích thọ thiên vạn tuế.,延年益壽千萬歲。
"Thần long khởi hề phi Lam Kinh,",神龍起兮飛藍京，
"Thiên qua chỉ hề sóc tái thanh,",天戈指兮朔塞清，
"Sáng nghiệp chi công thành bí bí,",創業之功成閟毖，
Tây thổ chi sơn xuyên hữu linh.,西土之山川有靈。
"Ê ngã hoàng chi thánh võ,",繄我皇之聖武，
Đương tứ phương chi kinh dinh.,當四方之經營。
"Quốc bộ phương truân,",國步方屯，
Tâm khốn lự hành.,心困慮衡。
"Ký ư thiên nhi thủ tất,",既於天而取必，
Nãi lệ chí dĩ cạnh thành.,乃勵志以競成。
"Thử kim nhật sở dĩ hoá Hồ Việt vi nhất gia,",此今日所以化胡越為一家，
Nhi tư sơn đắc dĩ thiên cổ thuỳ danh dã.,而茲山得以千古垂名也。
Đương kỳ:,當其：
"Nghĩa binh sơ khởi, tặc thế phương trương;",義兵初起，賊勢方張；
"Nhất quốc anh hào, thu thụ vẫn sương.",一國英豪，秋樹隕霜。
"Chí thôn Ngô hề, thục Chủng thục Lãi?",志吞吳兮，孰種孰蠡；
"Đồ hưng Hán hề, thục Bình thục Lương?",圖興漢兮，孰平孰良。
"Ngã hoàng phương độn tích vu tư sơn, duy sạn thái dĩ mai quang.",我皇方遁跡于茲山，惟鏟採以埋光。
"Thê tử lưu ly, sĩ tốt tán vương.",妻子流離，士卒散亡。
"Tuy xử khốn nhi ích hanh, tri tương hưng chi hữu tường.",雖處困而益亨，知將興之有祥。
"Cung giới trụ dĩ vi y, thực thái căn nhi vi lương.",躬介胄以為衣，食菜根而為糧。
"Chí cấp cấp ư đồ hồi, tâm uất uất nhi bất vương.",志汲汲於圖回，心鬱鬱而不忘。
"Tưởng thử sơn ư thử thì hề, khởi bất tự Hán hoàng chi tại Mang Đãng giả gia?",想此山於此時兮，豈不似漢皇之在芒碭者耶？
"Do kỳ tri bỉ tri kỷ, năng nhược năng cường;",由其知彼知己，能弱能強；
"Đãi thì tứ tệ, thu phong liễm mang;",待時伺弊，收鋒斂芒；
"Chẩm tân nhi ngoạ, huyền đảm nhi thường;",枕薪而卧，懸膽而嘗；
"Tư tuyết tiền sỉ, dĩ phục cố cương.",思雪前恥，以復故疆。
"Tưởng thử sơn ư tư thì hề, khởi bất tự Cối Kê chi thê Việt vương giả gia?",想此山於斯時兮，豈不似會稽之棲越王者耶？
Ký nãi:,既乃：
"Thu kỳ tán tốt, phủ dưỡng ích cần;",收其散卒，撫養益勤；
"Nội tu chiến cụ, ngoại thác hoà thân.",內修戰具，外托和親。
"Quyên kim mộ sĩ, sát tượng hưởng quân.",捐金募士，殺象饗軍。
"Nhân hoài thân thượng dĩ tử trưởng,",人懷親上以死長，
Tư dục hiệu lực dĩ thù ân.,思欲效力以酬恩。
Ư thị:,於是:
"Luyện binh khiển tướng, chế thắng xuất kỳ.",練兵遣將，製勝出奇。
"Sinh nhục tử vinh, tri ngã quân chi khả dụng;",生辱死榮，知我軍之可用；
"Hướng lương khí giới, cáo nhân địch dĩ vi tư.",餉糧器械，告因敵以為資。
"Vạn toàn dĩ thủ, nhất thốc bất di.",萬全以取，一簇不遺。
Cầm Bành kê đầu dĩ hiến địa;,琴彭稽頭以獻地；
Phương Chính hư hát dĩ đỗng nghi.,方政虛喝以恫疑。
"Nãi cứ hiểm nhi lập công, hựu đa phương dĩ ngộ chi.",乃據險而立功，又多方以誤之。
"Dạ tắc cử hoả, trú tắc trương kỳ.",夜則舉火，晝則張旗。
"Đỗ Gia chi xâm địa tranh tiện,",杜家之侵地爭便，
Khả Lưu chi độ giang trầm sư.,可留之渡江沉師。
"Lôi khu điện xiết, trúc phá hôi phi.",雷驅電掣，竹破灰飛。
"Châu kiệt doanh xa, Hoàng Thành bạo thi.",朱傑楹車，黃誠暴屍。
"Nghệ An chi địa, dĩ vi ngã hữu;",乂安之地，已為我有；
"Tây Đô chi tiệp, tật vu khu trì.",西都之捷，疾于驅馳。
"Giáp đạo hồ sát, lai giả như quy.",夾道壺察，來者如歸。
"Hào kiệt hàm phẫn dĩ thiết xỉ,",豪傑咸憤以切齒，
"Phụ lão cảm khấp nhi hy hy,",父老感泣而欷欷，
"Ngã chi quân chỉnh, nhật dĩ ích chấn;",我之軍整，日以益振；
"Tặc chi bôn mệnh, nhật dĩ ích bì.",賊之奔命，日以益疲。
"Thị Kiều chi băng đê hội nghĩ,",市橋之崩堤潰蟻，
Tốt Động chi kình phong tồi nuy.,窣洞之勁風摧萎。
"Trần Hiệp, Lý Lượng chi thâm khanh truỵ hổ,",陳洽李亮之深坑墜虎，
"Vương Thông, Mã Kỳ chi phí đỉnh ngư nhi.",王通馬騏之沸鼎魚兒。
"Vạn lý chi sơn hà khắc phục,",萬里之山河剋復，
Đông Đô chi thị tứ bất di.,東都之市肆不移。
"Đương thử chi thì, khởi bất tự Hán Cao Cai Hạ tứ nhi chi vi giả gia?",當此之時，豈不似漢高垓下四而之圍者耶？
"Nại hà,",奈何，
"Cuồng lỗ chi tham tâm bất tập,",狂虜之貪心不戢，
Cử quốc chi viện binh phục lai.,舉國之援兵復來。
"Dĩ du cứu phần, nhạc hoạ hạnh tai.",以油救焚，樂禍幸災。
Liễu Thăng tống tử nhi Chi Lăng lưu huyết;,柳升送死而支棱流血；
Mộc Thạnh tiêu độn nhi Lãnh Kinh tích hài.,沐晟宵遁而冷涇積骸。
"Lưỡng lộ cứu binh, bất toàn chủng nhi câu bại;",兩路救兵，不旋踵而俱敗；
"Các xứ tặc thành, bất huyết nhận nhi tự khai.",各處賊城，不血刃而自開。
"Trạo vĩ khất liên, thành thiết kham ai.",棹尾乞憐，誠切堪哀。
"Đương thử chi thì, khởi bất tự Câu Tiễn chi khốn Ngô vương vu Cô Tô đài giả gia?",當此之時，豈不似勾踐之困吳王于姑蘇台者耶？
"Tuy nhiên,",雖然，
"Hán Cao chi quy mô hoành vi, chính tự Ngô hoàng kim nhật chi thịnh;",漢高之規模宏違，正似吾皇今日之盛；
"Câu Tiễn đặc thủ kỳ phục cừu chi chí nhi kỷ, khởi túc dĩ nghĩ nghị kỳ vạn nhất tai.",勾踐特取其復仇之志而己，豈足以擬議其萬一哉。
Chí nhược:,至若：
"Thần võ bất nghị, đại đức hảo sinh.",神武不毅，大德好生。
"Niệm quốc gia trưởng cửu chi kế,",念國家長久之計，
Phóng thập vạn khất giáng chi binh.,放十萬乞降之兵。
"Tu lưỡng quốc chi hoà hảo,",修兩國之和好，
Tức vạn thế chi chiến tranh.,息萬世之戰爭。
"Toàn quốc vi thượng, duy đồ tập ninh.",全國為上，惟圖輯寧。
"Thị tắc ngã hoàng chi thịnh đức,",是則我皇之盛德，
"Hựu khởi Cao Tổ đồng nhật chi câu ngữ,",又豈高祖同日之俱語，
"Tướng dữ Nhị Đế, Tam Vương nhi tịnh xưng giả dã.",將與二帝三王而並稱者也。
Ta hồ!,嗟乎！
"Cổ vãng kim lai, bách thế khả thôi.",古往今來，百世可推。
"Nghiêu hưng Đường hầu, Thuấn khởi trắc vi.",堯興唐侯，舜起側微。
"Thành Thang chi tai tự Hào,",成湯之哉自毫，
Thái vương chi thiên vu Kỳ.,太王之遷于岐。
"Cái đa nan nãi điển bang chi bản,",蓋多難乃典邦之本，
Nhi ân ưu thực khởi thánh chi cơ.,而殷憂實啟聖之基。
"Lịch biến đa tắc tư hư thâm,",歷變多則思虛深，
Kế sự viễn tắc thành công kỳ.,計事遠則成功奇。
"Đế vương chi hưng, mạc bất do tư.",帝王之興，莫不由斯。
"Nhiên tắc, ngã hoàng chi nghiệp,",然則，我皇之業，
Thực do thử sơn nhi sang thuỷ;,實由此山而創始；
"Nhi ngã hoàng chi long công thịnh đức,",而我皇之隆功盛德，
Trưởng dữ thử sơn nhi nguy nguy giả hồ!,長與此山而巍巍者乎！
Nãi bái thủ kê thủ nhi hiến ca viết:,乃拜首稽首而獻歌曰：
Thiên khởi thánh hề địa hưng vương;,天啟聖兮地興王；
Càn khôn thảo muội hề vận tế phi thường.,乾坤草昧兮運際非常。
"Đổ tư sơn chi nga nga hề, niệm tích nhật chi gian khổ;",睹茲山之峨峨兮，念昔日之艱苦；
"Phủ vương nghiệp chi du cơ hề, hà nhật năng vương.",撫王業之攸基兮，何日能忘。
"Nguyện kỷ thịnh đức dĩ lặc trinh mân hề, vĩnh thuỳ bất hủ;",願紀盛德以勒貞珉兮，永垂不朽；
"Tuyên thiên cổ dữ vạn cổ hề, đồng thiên địa nhi trưởng cửu.",亘千古與萬古兮，同天地而長久。
"Thành Thái Ất Tị niên, Chử tiên giáng bút tự đề:",成泰乙巳年，渚仙降筆自題：
"Hà sơn quá nhãn kỷ thiên niên,",河山過眼幾千年，
Nhất khúc cao ca tán cửu thiên.,一曲高歌散九天。
"Giang chử nguyệt minh vân ảnh đạm,",江渚月明雲影淡，
Trạch lâm thuỷ trướng lũng sa viên.,澤林水漲隴沙圓。
"Mạn truyền cung lạp tiên gia sự,",漫傳筇笠仙家事，
Thuỳ thức lâu đài đế tử duyên.,誰識樓臺帝子緣。
"Đáo để nhất trần hoàn bất nhiễm,",到底一塵還不染，
Kim ngao giá hải ngụ vân yên.,金鰲駕海寓雲煙。
Dạ trạch tiên gia phú:,夜澤仙家賦：
"Ngọc khuyết thiên cao,",玉闕天高，
Kim đài địa tịch.,金臺地闢。
"Vân vạn trượng dĩ đằng phi,",雲萬丈以騰飛，
Thuỷ thiên trùng nhi ngưng bích.,水千重而凝碧。
"Biển chu phiếm phiếm, thuỳ tòng phỏng Bồng Lai tiên cảnh chi hư vô,",扁舟泛泛，誰從訪蓬萊仙境之虛無，
"Dạ Trạch mang mang, ngã độc sáng đế tử nhân duyên chi thuộc tịch.",夜澤汒汒，我獨創帝子因緣之屬籍。
"Tương truyền giang thượng, ngộ hoàng nữ dĩ thành thân,",相傳江上遇皇女以成親，
"Thuỳ thức tiên ban, bản châu cung chi mạc nghịch.",誰識仙班本珠宮之莫逆。
"Hùng Vương chi thế, thập cửu tương thừa,",雄王之世十九相承，
"Đế viết hữu bang, bỉ xu giả tử.",帝曰有邦彼姝者子。
"Nãi tòng tinh nhi hiển diệu, hoàn giá vũ lai Xích Đằng thắng địa chi gian,",乃從星而顯耀，還駕雨來赤藤勝地之間，
"Nhân phạt mộc dĩ tài lâu, biệt hướng phong vấn Bạch Xã viên cơ chi chỉ.",因伐木以裁樓，別向風問白社圓基之址。
"Thị xứ tiên gia kê khuyển, hà sự phi thăng,",是處仙家雞犬，何事飛昇，
"Ngẫu nhiên đại trạch long xà, tương tranh hộ tí.",偶然大澤龍蛇，相爭護庇。
"Hạnh tài thiên thụ, dược nhị biến hồ phương dân,",杏栽千樹，藥餌遍乎方民，
"Đào tặng vạn gia, ngâm vịnh truyền ư lư lý.",桃贈萬家，吟詠傳於閭里。
Thời tắc:,時則:
"Nguyệt minh dạ tĩnh,",月明夜靜，
Giang khoát thiên không.,江闊天空。
"Hoặc thừa chu nhi thuỳ điếu,",或乘舟而垂釣，
Hoặc ỷ trượng dĩ nghinh phong.,或倚杖以迎風。
"Huề thủ cao đài, lộng ngọc tiêu nhi phụng giáng,",攜手高臺，弄玉蕭而鳳降，
"Thí châm dật các, liên kim tự nhi uyên đồng.",試針逸閣，聯金字而鴛同。
"Trần ai phong cảnh thương mang, nan dung cửu trú,",塵埃風景蒼汒，難容久住，
"Nhật nguyệt hồ thiên ẩn ước, mỗi động cao tung.",日月壺天隱約，每動高蹤。
"Nãi từ đế khuyết, thướng biểu trần tình.",乃辭帝闕，上表陳情。
"Toàn hướng thần sơn, phỏng dư cựu lữ.",旋向神山，訪予舊侶。
"Xích Tùng thị vũ sư du hí, Thần Nông chi thế phi dao,",赤松是雨師遊戲，神農之世非遙，
"Thương Hiệt sinh văn tự khế thư, Bàn Cổ chi phong khả tự.",蒼頡生文字契書，盤古之風可緒。
"Hồi đầu giang chử, tam thập niên chi thác tích chuyển không,",回頭江渚，三十年之托跡轉空，
"Khấu thủ thiên môn, cửu vạn lý chi cao ca hữu tự.",扣手天門，九萬里之高歌有自。
"Lâu đài diệc huyễn,",樓臺亦幻，
Phần tử không lưu.,枌梓空留。
"Giang ba tịch tịch,",江波寂寂，
Vân ảnh du du.,雲影悠悠。
"Duyệt cổ kim chi trần tích,",閱古今之陳跡，
Cảm hoà thử ư giao khâu.,感禾黍於郊邱。
"Lai Công chi trúc thành lâm, đức năng triệu dị,",萊公之竹成林，德能兆異，
"Phan Lệnh chi đào kết thực, ngã diệc hà cầu.",潘令之桃結實，我亦何求。
"Nhiên nhi Thiệu Bá cam đường bất phạt, tổng nhân tâm chi tư mộ,",然而召伯甘棠不伐，總人心之思慕，
"Sở dĩ Dương Công nghiễn thủ hưng ngôn, thị lai giả chi trù mâu.",所以羊公峴首興言，示來者之綢繆。
"Viết đình, viết các,",曰庭曰閣，
"Thành ấp, thành đô.",成邑成都。
"Tiên tung phiếu diểu,",仙蹤縹緲，
Vãng sự hoang vu.,往事荒蕪。
"Cung lạp lâm gian, Tề đông dã chi vọng ngôn khả tiếu,",筇笠林間，齊東野之妄言可笑，
"Mạc duy giang thượng, Triệu bắc phương chi giai thoại hoàn vô.",幕帷江上，趙北方之佳話還無。
"Hư dĩ truyền hư,",虛以傳虛，
Tín nan khả tín.,信難可信。
"Nhân tư cựu trạch nhi bất vong,",人思舊澤，而不忘，
Ngã độc phi linh nhi mặc vận.,我獨飛靈，而默運。
"Thạch khởi năng ngôn chi vật, chuyển dã hà tằng,",石豈能言之物，轉也何曾，
"Cối truyền tả nữu chi văn, thị thuỳ mậu dẫn.",檜傳左紐之文，是誰謬引。
"Toại sử thiên thu vận sự, di tích nan bằng,",遂使千秋韻事，遺跡難憑，
"Thức khán nhất phiến nhàn vân, tiên tích bất mẫn.",識看一片閒雲，仙跡不泯。
"Chư quân độc thư, nghi tế tâm phẫu tích, vật khả nhân vân diệc vân.",諸君讀書，宜細心剖析，勿可人云亦云。
"Kim ngã dữ chư quân hữu duyên, đặc phụ kê bút giáng đàn, tác thử “Dạ Trạch tiên gia phú”, dĩ phá thiên cổ chi hoặc.",今我與諸君有緣，特附乩筆降壇，作此夜澤仙家賦以破千古之惑。
Khả huyền vu chính trung điện ngoại.,可懸于正中殿外。
"Đế trụ đương hưng, thiên thần đản giáng, đỉnh đồ huy xích nhất đao.",帝冑當興，天神誕降，鼎圖揮斥一刀。
"Hách hách anh thanh nghĩa khái, trực dục xương Thục Hán nhi điễn Tôn Tào.",赫赫英聲義概，直欲昌蜀漢而殄孫曹。
"Thiên tải hạ đan thanh miêu hội, nãi kỳ tu my chi tự;",千載下丹青描繪，乃其鬚眉之似。
"Nhược phù tinh linh dương trạc, chung cổ vô cực;",若夫精靈洋濯，終古無極。
"Phổ hoàn doanh nhi đồng kính, nghiễm nhiên chiêu cách vu huân hao.",普寰瀛而同敬，儼然昭格于焄蒿。
"Nhược hữu vật hề chí vi, sấm diệu xảo hề hoá ky.",若有物兮至微，闖妙巧兮化機。
"Hà linh linh nhi dị dị, phục quái quái nhi kỳ kỳ.",何靈靈而異異，復怪怪而奇奇。
"Hình tuy trùng chi đặc tiếu, thân thị diệp chi giai vi.",形雖虫之特肖，身是葉之皆為。
"Sưu đồ kinh ư vãng điệp, cánh mạc thức nhi mạc tri.",蒐圖經於往牒，竟莫識而莫知。
Tư phi Kim Âu sơn trang chi thụ thượng nhi hoá tác diệp mã nhi giả hồ!,茲非金甌山莊之樹上而化作葉馬兒者乎。
Quan kỳ:,觀其：
"Thông thiến thái phù, quyền kỳ tú trạc.",蔥蒨彩浮，權奇秀擢。
"Bối thụ tích hề cắng liên, phúc hoành văn hề ẩn ước.",背豎脊兮亙連，腹橫文兮隱約。
"Bỉ giác bỉ đề, thục tiễn thục tước?",彼角彼蹄，孰剪孰削？
"Tố tưởng tượng ư hồng mông, uyển long mã chi tương nhược.",溯想像於鴻蒙，苑龍馬之相若。
"Tích tuy bạng ư lâm tuyền, chí tẩm trì ư liêu khoác.",跡雖傍於林泉，志寔馳於寥廓。
"Khế Hầu Lĩnh chi nguyệt minh, hy Phù Tang chi hiểu trạc.",憩緱嶺之月明，晞扶桑之曉濯。
"Phong dao chi ảnh, kinh ngọc lặc chi tương huy.",風搖枝影，驚玉勒之將揮。
"Hà chuyển thụ yêu, hoảng kim ky chi sơ lạc.",霞轉樹腰，恍金羈之初絡。
"Thích ngộ viên đinh, như phùng Bá Nhạc.",適遇園丁，如逢伯樂。
"Chuyển miện hồ thanh lâm chi trắc, la trí hồ ỷ tịch chi tiền.",轉眄乎青林之側，羅置乎綺席之前。
"Hoan thừa nặc nhất, giá trọng kim thiên.",歡承諾一，價重金千。
"Bỉ tập liệu chi đào trùng, do kiến ca ư “Chu tụng”.",彼集蓼之桃蟲，猶見歌於周頌。
"Nhi tại tang chi hoắc thục, thượng bá vịnh ư “Mân thiên”.",而在桑之藿蠋，尚播詠於豳篇。
"Thẩn thị vật chi chí vi, ngụ hoá công chi thâm ý.",矧是物之至微，寓化工之深意。
"Bất sinh hồ khoan nhàn chi dã, nhi thác tích ư động thiên.",不生乎寬閒之野，而托跡於洞天。
"Bất xứ hồ tịch mịch chi tân, nhi lai du ư phúc địa.",不處乎寂寞之濱，而來遊於福地。
"Đắc phi huỷ trung chi linh, mao trung chi dị hồ!",得非卉中之靈，毛中之異乎。
"Phủ ngưỡng kim cổ, thiên tải phù khế.",俯仰今古，千載符契。
"Trị thuỷ tất nhi qui trình, tác kinh thành nhi lân chí.",治水畢而龜程，作經成而麟至。
"Lượng khí ứng chi thích nhiên, diệc thánh hiền chi lực trí.",諒氣應之適然，亦聖賢之力致。
Ngã Thánh tướng: tâm tạo hoá chi tâm dĩ vi tâm; trí tạo hoá chi trí dĩ vi trí.,我聖相：心造化之心以為心，智造化之智以為智。
"Thủ thiên xích nhi đế tượng hồ càn khôn, cung hoá quân nhi đào thành hồ thứ vị.",手天尺而締匠乎乾坤，躬化鈞而陶成乎庶彙。
"Phàm phú hình tiếu chất ư lưỡng gian giả, mạc bất cổ vũ hồ xuân phong mộc dục hồ hoà khí.",凡賦形肖質於兩間者，莫不鼓舞乎春風沐浴乎和氣。
"Sinh giả lạc kỳ sinh, toại giả đắc kỳ toại.",生者樂其生，遂者得其遂。
"Công giả trình kỳ năng, thuật giả thụ kỳ kỹ.",工者程其能，術者售其技。
"Chí tư quyên nhuyễn chi vi trùng, diệc hiệu xảo tâm chi nhất thí.",至茲蜎蝡之微虫，亦效巧心之一試。
"Nhân quan vật dĩ hưng hoài, mặc cảm phu hồ khí loại.",因觀物以興懷，默感孚乎氣類。
"Kỳ kỷ thuật dã, Đường Thúc đắc Gia Hoà chi thư.",其紀述也，唐叔得嘉禾之書。
"Kỳ thưởng ngoạn dã, Thành Vương vô tiễn đồng chi hí.",其賞玩也，成王無剪桐之戲。
"Cẩu phi tạo vật chi diệu, hoá công chi chí, an năng trí thị hồ!",苟非造物之妙，化工之至，安能致是乎！
"Ngưỡng duy: thánh trí chi năng, nhi phi chúng nhân chi sở khả nghị dã.",仰惟：聖智之能，而非眾人之所可議也。
"Thiết hựu: phản phúc thiên tâm, trừu dịch nhân sự.",竊又：反覆天心，紬繹人事。
"Dữ kỳ sinh thụ thượng linh dị chi trùng, thục nhược sản nhân trung tuấn dật chi tài, cao mại chi sĩ?",與其生樹上靈異之虫，孰若產人中俊逸之才，高邁之士？
"Dữ kỳ vịnh “Mã nhi” chi thi, thục nhược giảng “Lỗ tụng” “Hữu bật” chi chương, cứu “Lỗ luận” “Đức ký” chi chỉ?",與其詠馬兒之詩，孰若講魯頌有駜之章，究魯論德冀之旨？
"Nhiên nhi vật chi linh dị giả, do thả ái chi; huống hiền ư vật nhi tối linh tối dị giả hồ!",然而物之靈異者，猶且愛之，況賢於物而最靈最異者乎。
"Nguyện sung ái vật chi tâm, nhi vi ái hiền chi tâm; suy đãi vật chi chí, nhi vi đãi hiền chi chí.",願充愛物之心，而為愛賢之心，推待物之志，而為待賢之志。
"Quan thụ diệp tắc tư “Vực phác” tác nhân chi phương, “Tinh nga” dục tài chi nghĩa.",觀樹葉則思棫樸作人之方，菁莪育才之義。
"Ngoạn “Mã nhi” tắc niệm “Sô ngu”, “Lân chỉ” chi nhân, “Quan thư”, “Thước sào” chi mỹ.",玩馬兒則念騶虞，麟趾之仁，關雎，鵲巢之美。
"Tài quán chi hạ, tuấn khả thị nhi kim khả quyên.",材館之下，駿可巿而金可捐。
"Tân mạc chi gian, Ôn khả chiêu nhi Thạch khả trí.",賓幕之間，溫可招而石可致。
"Sử lang miếu trăn tiếu tượng chi cầu, sơn trạch phấn ngoạ long chi khởi.",使廊廟臻肖像之求，山澤奮臥龍之起。
"Phù như thị tắc phô trương hoằng hưu, vịnh ca thịnh đức, cố bất quang đại nhi diệp vĩ giả da?",夫如是則，鋪張宏休，詠歌盛德，顧不光大而燁韙者耶？
"Ta vi sinh chi hà tu, hạnh tao phùng ư thịnh tế.",嗟微生之何修，幸遭逢於盛際。
"Thiểm nhập mạc chi gia tân, hà mệnh đề chi thịnh ý.",忝入幕之嘉賓，苛命題之盛意。
"Đàn khắc chử chi tiện công, hiệu điêu trùng chi mạt kỹ.",殫刻楮之賤工，效彫虫之末技。
"Ký vi vật dĩ dã hoài, hiến đắc hiền vi thượng thuỵ!",記微物以野懷，獻得賢為上瑞！
"Duy đại quân chi bá vật, phú yêu cự chi vạn thù.",維大鈞之播物，賦么鉅之萬殊。
"Bỉ nhu nhuyễn dữ hội tối, phân động thực chi nan câu.",彼蠕蝡與薈蕞，紛動植之難俱。
"Hà diệp thượng chi mã nhi, nhân giả hợp nhi thành khu.",荷葉上之馬兒，因假合而成軀。
"Phúc diệp nhi bối hề, văn hữu luân nhi hữu tích; ngưỡng diệp nhi phúc hề, lục phi cảo nhi phi khô.",覆葉而背兮，文有倫而有脊；仰葉而腹兮，綠非槁而非枯。
"Lưỡng giác khuê tiêm, tự tiễn đồng nhi vi hý; tứ đề sương bạc, loại khắc chử nhi thành mô.",兩角圭尖，似剪桐而為戲；四蹄霜薄，類刻楮而成模。
"Cụ thể nhi vi, sàm thủ ngang nhi ức quảng; ngụ hình mạc biện, hỗn chi chuyết nhi anh phu.",具體而微，巉首昂而臆廣；寓形莫瓣，混枝綴而英敷。
"Tế phí thị chi nhi bất kiến, tiêu kiều sạ hữu nhi sạ vô.",蔽芾視之而不見，肖翹乍有而乍無。
"Vị vi bão diệp chi thiền, nhi huế minh chi phỉ thất; thí tắc hoá Trang chi điệp, hựu phúc bối nhi phi đồ.",謂為抱葉之蟬，而嘒鳴之匪匹；譬則化莊之蝶，又腹背而非徒。
"Khởi tiêu lộc chi hoang thuyết, hạt mao quân chi hậu vu.",豈蕉鹿之荒說，曷茅麇之厚誣。
"Nhận thiên giáng diệp thân chi thuỵ trùng, nhi kỳ trạng hữu loại hồ long câu dã.",認天降葉身之瑞虫，而其狀有類乎龍駒也。
Tưởng phù:,想夫：
"Trường lâm tiêu táp, diệp động thiên giáp.",長林蕭颯，葉動千甲。
"Kình khí chỉ hề phù sơ, cương phong chấn hề đằng đạp.",勁氣砥兮扶疏，剛風振兮騰踏。
"Phi quan ngự bí, thục kỳ ký chi khả câu; tri kỷ xuân thu, tiếu huệ cô chi tương hiệp.",非關御轡，孰騏驥之可拘；知幾春秋，笑蟪蛄之相狎。
"Phiêu ngô đồng nhi phi khứ, Ký Bắc quần không; ma dương liễu nhi tương y, Hoa Dương tức tiệp.",飄梧桐而飛去，冀北群空；磨楊柳而相依，華陽息捷。
"Hạp quy lễ nghĩa chi đại nhàn, thệ uỷ khinh vi nhi báo đáp.",盍歸禮義之大閑，誓委輕微而報答。
Nhĩ nãi:,爾乃：
"Tích độn hoang dã, kim lai động thiên.",昔遯荒野，今來洞天。
"Từ thảo mộc chi câu hủ, căng súc dưỡng chi đại ân.",辭草木之俱腐，矜畜養之大恩。
"Thê tung hồ quỳnh chi chi thượng, tức ảnh ư châu liêm chi tiền.",棲蹤乎瓊枝之上，息影於珠簾之前。
"Tịch ẩm mộc lan chi cam lộ, triều xan tử phủ chi tường yên.",夕飲木蘭之甘露，朝餐紫府之祥煙。
"Nhất cố nhi giá tăng bách bội, thân chỉ nhi như trước tiên tiên.",一顧而價增百倍，親指而如著先鞭。
"Ngoại mẫu tẫn ly hoàng chi tướng pháp, miễn kỳ hành huế tức chi khuynh điên.",外牡牝驪黃之相法，免蚑行喙息之傾顚。
"Thiết quan phù hoá công tiêu hình chi xảo diệu, nhi tri phù hiền tướng tạo hoá chi đại toàn.",竊觀夫化工肖形之巧妙，而知夫賢相造化之大全。
Ta phù!,嗟夫！
"Nhân chi hữu thường, thời đăng chí trị.",人之有常，時登至治。
"Ký bảo hợp ư thái hoà, nghi chư phúc chi tất chí.",既保合於太和，宜諸福之畢至。
"Thiên giáng tư trùng, khỉ vô thâm ý.",天降斯虫，豈無深意。
"Mã như quyết trạng, thị quân tử chi đắc dư; diệp tác kỳ thân, kiến thương sinh chi đại tý.",馬如厥狀，視君子之得與；葉作其身，見蒼生之大庇。
Thả:,且：
"Mã giả long dã, phù khai địa chi vô cương; diệp giả mậu dã, triệu bản chi chi bách thế.",馬者龍也，符開地之無疆；葉者茂也，兆本支之百世。
"Thẩn tư trùng dã: sản ư Kim Âu chi thượng, diệu ư động thiên chi địa.",矧斯虫也：產於金甌之上，曜於洞天之地。
"Thích đương Linh Đài kinh thuỷ chi sơ, xuất ứng Lạc Ấp trạch trung chi tế.",適當靈臺經始之初，出應洛邑宅中之際。
"Vi vật tao phùng, ức niên quan hệ.",微物遭逢，億年關係。
"Nô tài hà hạnh, đổ tư hưu mỹ.",駑材何幸，睹斯休美。
"Cảm hủ mộc chi tái sinh, hà thức đạo chi bất bỉ.",感腐木之再生，苛識道之不鄙。
"Thao Phượng Trì Kim Mã chi vinh, tạo Lãng Uyển Bồng Hồ chi bí.",叨鳳池金馬之榮，造閬苑蓬壼之秘。
"Cố điêu trùng khắc triện chi phỉ công, phú đắc hiền vi thượng thuỵ.",顧雕虫刻篆之匪工，賦得賢為上瑞。
"Hạo hạo hồ bình sa vô ngân, quýnh bất kiến nhân. Hà thuỷ oanh đới, quần sơn củ phân. Ảm hề thảm tuỵ, phong bi nhật huân. Bồng đoạn thảo khô, lẫm nhược sương thần. Điểu phi bất há, thú đĩnh vong quần. Đình trưởng cáo dư viết: “Thử cổ chiến trường dã. Thường phúc tam quân, vãng vãng quỷ khốc, thiên âm tắc văn.” Thương tâm tai! Tần dư? Hán dư? Tương cận đại dư?",浩浩乎平沙無垠，敻不見人。河水縈帶，羣山糾紛。黯兮慘悴，風悲日曛。蓬斷草枯，凜若霜晨。鳥飛不下，獸鋌亡羣。亭長告余曰：「此古戰場也。嘗覆三軍，往往鬼哭，天陰則聞。」傷心哉！秦歟？漢歟？將近代歟？
"Ngô văn phu Tề, Nguỵ dao thú, Kinh, Hàn triệu mộ. Vạn lý bôn tẩu, liên niên bạo lộ. Sa thảo thần mục, hà băng dạ độ. Địa khoát thiên trường, bất tri quy lộ. Ký thân phong nhận, phức ức thuỳ tố? Tần, Hán nhi hoàn, đa sự tứ di; Trung Châu háo dịch, vô thế vô chi. Cổ xưng nhung, hạ, bất kháng vương sư. Văn giáo thất tuyên, võ thần dụng kỳ. Kỳ binh hữu dị ư nhân nghĩa, vương đạo vu khoát nhi mạc vi. Ô hô! Y hy!",吾聞夫齊、魏徭戍，荊、韓召募。萬里奔走，連年暴露。沙草晨牧，河冰夜渡。地闊天長，不知歸路。寄身鋒刃，腷臆誰訴？秦、漢而還，多事四夷；中州耗斁，無世無之。古稱戎、夏，不抗王師。文教失宣，武臣用奇。奇兵有異於仁義，王道迂闊而莫為。嗚呼！噫嘻！
"Ngô tưởng phù bắc phong chấn mạc, Hồ binh tứ tiện. Chủ tướng kiêu địch, kỳ môn thâu chiến. Dã thụ mao kỳ, xuyên hồi tổ luyện. Pháp trùng tâm hãi, uy tôn mệnh tiện. Lợi thốc xuyên cốt, kinh sa nhập diện. Chủ khách tương bác, sơn xuyên chấn huyễn. Thanh tích giang hà, thế băng lôi điện. Chí nhược cùng âm ngưng bế, lẫm liệt hải ngung; tích tuyết một hĩnh, kiên băng tại tu. Chí điểu hưu sào, chinh mã trì trù, tăng khoáng vô ôn, đoạ chỉ liệt phu. Đương thử khổ hàn, thiên giả cường Hồ, bằng lăng sát khí, dĩ tương tiễn đồ. Kính tiệt truy trùng, hoành công sĩ tốt; đô uý tân hàng, tướng quân phúc một. Thi điền cự cảng chi ngạn, huyết mãn trường thành chi quật. Vô quý vô tiện, đồng vi khô cốt, khả thắng ngôn tai! Cổ suy hề lực kiệt, thi tận hề huyền tuyệt. Bạch nhận giao hề bảo đao chiết, lưỡng quân túc hề sinh tử quyết. Giáng hỹ tai, chung thân di địch! Chiến hỹ tai, cốt bạo sa lịch! Điểu vô thanh hề sơn tịch tịch, dạ chính trường hề phong tích tích. Hồn phách kết hề thiên trầm trầm, quỷ thần tụ hề vân mạc mạc. Nhật quang hàn hề thảo đoản, nguyệt sắc khổ hề sương bạch. Thương tâm thảm mục, hữu như thị gia!",吾想夫北風振漠，胡兵伺便。主將驕敵，期門受戰。野豎旄旗，川迴組練。法重心駭，威尊命賤。利鏃穿骨，驚沙入面。主客相搏，山川震眩。聲析江河，勢崩雷電。至若窮陰凝閉，凜冽海隅；積雪沒脛，堅冰在鬚。鷙鳥休巢，征馬踟躕，繒纊無溫，墮指裂膚。當此苦寒，天假強胡，憑陵殺氣，以相剪屠。徑截輜重，橫攻士卒；都尉新降，將軍覆沒。屍填巨港之岸，血滿長城之窟。無貴無賤，同為枯骨，可勝言哉！鼓衰兮力竭，矢盡兮絃絕。白刃交兮寶刀折，兩軍蹙兮生死決。降矣哉，終身夷狄！戰矣哉，骨暴沙礫！鳥無聲兮山寂寂，夜正長兮風淅淅。魂魄結兮天沈沈，鬼神聚兮雲冪冪。日光寒兮草短，月色苦兮霜白。傷心慘目，有如是耶！
"Ngô văn chi: mục dụng triệu tốt, đại phá lâm hồ, khai địa thiên lý, độn đào hung nô. Hán khuynh thiên hạ, tài đàn lực phô. Nhậm nhân nhi dĩ, kỳ tại đa hồ? Chu trục hiểm duẫn, bắc chí thái nguyên, ký thành sóc phương, toàn sư nhi hoàn. Ẩm chí sách huân, hoà nhạc thả nhàn. Mục mục lệ lệ, quân thần chi gian. Tần khởi trưởng thành, cánh hải vi quan; đồ độc sinh linh, vạn lý châu ân. Hán kích hung nô, tuy đắc âm sơn, chẩm hài biến dã, công bất bổ hoạn.",吾聞之：牧用趙卒，大破林胡，開地千里，遁逃匈奴。漢傾天下，財殫力痡。任人而已，其在多乎？周逐玁狁，北至太原，既城朔方，全師而還。飲至策勳，和樂且閑。穆穆棣棣，君臣之間。秦起長城，竟海為關；荼毒生靈，萬里朱殷。漢擊匈奴，雖得陰山，枕骸遍野，功不補患。
"Thương thương chưng dân, thuỳ vô phụ mẫu? Đề huề phủng phụ, uý kỳ bất thọ. Thuỳ vô huynh đệ? Như túc như thủ. Thuỳ vô phu phụ? Như tân như hữu. Sinh dã hà ân? Sát chi hà cữu? Kỳ tồn kỳ một, gia mạc văn tri. Nhân hoặc hữu ngôn, tướng tín tướng nghi. Quyên quyên tâm mục, tẩm mị kiến chi. Bố điện khuynh trường, khốc vọng thiên nhai. Thiên địa vi sầu, thảo mộc thê bi. Điếu tế bất chí, tinh hồn hà y? Tất hữu hung niên, nhân kỳ lưu ly. Ô hô y hy! Thì gia mệnh gia? Tòng cổ như tư. Vi chi nại hà? Thủ tại tứ di.",蒼蒼蒸民，誰無父母？提攜捧負，畏其不壽。誰無兄弟？如足如手。誰無夫婦？如賓如友。生也何恩？殺之何咎？其存其歿，家莫聞知。人或有言，將信將疑。悁悁心目，寢寐見之。布奠傾觴，哭望天涯。天地為愁，草木淒悲。弔祭不至，精魂何依？必有凶年，人其流離。嗚呼噫嘻！時耶命耶？從古如斯。為之奈何？守在四夷。
"Đệ, dã ngu Phan Đình Phùng bút phục.",弟，野愚潘廷逢筆復。
"Trần Đình Túc, Nguyễn Hữu Độ, Hoàng Hữu Thường, Võ Nhự đồng bái.",陳廷肅，阮有度，黃有常，武洳仝拜。
"Trượng phu hứa quốc, duy kiệt lực ư đương vị;",丈夫許國，惟竭力於當為；
"Chí sĩ thành nhân, khởi sát thân chi túc tích.",志士成仁，豈殺身之足惜。
"Tự phi kiến nguy trí mệnh, xác hữu cương trường;",自非見危致命，確有剛腸；
"Thế năng thị tử như quy, hào vô chuyển kế.",世能視死如歸，毫無轉計。
Cố Hà Ninh tổng đốc Hoàng đại nhân:,故河寧總督黃大人：
Tằng lăng khí cốt;,嶒崚氣骨；
Lỗi lạc phong tư.,磊落風姿。
"Cụ công minh thanh chính chi tài, triều hữu trực thanh, quận hữu năng tích;",具公明清正之才，朝有直聲，郡有能績；
"Phụ tuấn tiễu quảng ngung chi khí, môn vô tư yết, gia vô hậu thuý.",負峻悄廣隅之氣，門無私謁，家無厚邃。
Phương đương Long Biên kiến tiết chi sơ;,方當龍邊建節之初；
Dĩ hữu kình hải dương ba chi lự.,已有鯨海揚波之慮。
"Bất đồng giả lực, cố tri thời thế chi nan;",不同者力，固知時勢之難；
"Duy ký quyết tâm, diệc viết phong cương chi trách.",惟既厥心，亦曰封疆之責。
"Hi sinh cảnh thượng, ký hoà hiếu nhi đãi bỉ chi lai;",犧牲境上，既和好而待彼之來；
"Giáp mã thành biên, nại lăng bách nhi thụ ngã dĩ khốn.",甲馬城邊，奈陵迫而受我以困。
"Phong đình nhất trận, yên trần cô dung;",風霆一陣，煙塵孤墉；
"Quân khí ký suy, công kế toại quyết.",軍氣既衰，公計遂決。
"Vân quan hồi thủ, khởi vô Quản Di Ngô tam tẩu chi tư;",雲關回首，豈無管夷吾三走之思；
"Nùng lĩnh ngưng mâu, cánh thiết Hoa Tư Mã phục lai chi sỉ.",濃嶺凝眸，更切花司馬復來之恥。
"Thảng thốt hoàng cung bái mỹ, thần tội đương tru;",倉卒皇宮拜鎂，臣罪當誅；
"Thung dung Võ Miếu quyên sinh, minh thần cộng chứng.",從容武廟捐生，明神共證。
"Cô trung khả bạch, tố nhất trường chi liệt liệt oanh oanh;",孤忠可白，做一場之烈烈轟轟；
"Công luận do tồn, phó chúng khẩu chi phi phi thị thị.",公論猶存，付眾口之非非是是。
Ô hô!,嗚呼！
"Doanh hoàn vận hội, thiên cổ sáng văn;",瀛寰運會，千古創聞；
"Nhĩ chử phong ai, thập niên lưỡng độ.",珥渚風埃，十年兩度。
"Khách sái Tân Đình chi lệ, thử nhật sơn hà;",客灑新亭之淚，此日山河；
"Sĩ chiêu lữ sấn chi hồn, cựu thời bộ khúc.",士招旅襯之魂，舊時部曲。
"Độc thị trung can nghĩa phủ, văn kiến đồng khâm;",獨是忠肝義腑，聞見同欽；
"Thứ cơ thiên trụ địa duy, cương thường bất truỵ.",庶幾天柱地維，綱常不墜。
"Duy tiền bằng điếu, thực quan nhân sinh ý khí chi bi;",惟前憑吊，寔關人生意氣之悲；
"Tận hậu cán hoàn, ích hệ thế đại tích kim chi cảm.",盡後幹還，益係世大昔今之感。
Viên sơ vu dẫn dụng đương phỉ ca.,爰疏蕪引用當𢸿歌。
Tiêu lộc hác xà;,蕉鹿壑蛇；
Đồng ngưu giác mã.,童牛角馬。
"Thiên vạn lý ba đào vô dạng, hốt nhiên ký ngạn tá hư chu;",千萬里波濤無恙，忽然旣岸卸虛舟；
"Nhị bát ky sương tuyết bất xâm, hà giả vị hàn điêu lão bá.",二八朞霜雪不侵，何者未寒凋老柏。
Duy dư nghĩa liệt ư nhân gian;,惟餘義烈於人間；
Khả đối quân thân ư địa hạ.,可對君親於地下。
"Hình quy truân tịch, huân hao chi tinh sảng như tồn;",形歸窀穸，焄蒿之精爽如存；
"Thần phản đoạn đường, liêu thảo chi minh thành dĩ thoả.",神返斷堂，藔草之明誠以妥。
"Ê nhân văn chi vị tuyên hề, ẩn thái phác chi thuần chất.",繄人文之未宣兮，隱太璞之醇質。
"Viên kết thằng dĩ vi ước hề, cố vị tri phù kỷ thuật.",爰結繩以為約兮，固未知夫紀述。
"Vĩ Hy Hiên chi thánh thần hề, nguyên thiên đạo nhi kiến cực.",偉羲軒之聖神兮，原天道而建極。
"Tạo thư khế dĩ lợi dụng hề, hiệp tư văn ư tải tịch.",造書契以利用兮，協斯文於載籍。
"Lập sử quan dĩ trì pháp hề, chính quân thần chi điển tắc.",立史官以持法兮，正君臣之典則。
"Đãi Nghiêu, Thuấn chi kế thống hề, công hữu quang ư tiền nhật.",迨堯舜之繼統兮，功有光於前日。
"Vũ, Thang nghiễm dĩ chỉ kính hề, Kiệt, Trụ túng dĩ bạo ngược.",禹湯儼以祇敬兮，桀紂縱以暴虐。
"Văn, Vũ mục dĩ ý cung hề, U, Lệ hôn nhi tường tặc.",文武穆以懿恭兮，幽厲昏而戕賊。
"Bỉ dĩ đức nhi hưng long hề, thử dĩ hôn nhi táng quốc.",彼以德而興隆兮，此以昏而喪國。
"Thuỳ bỉnh bút nhi trực thư hề, cụ chiêu chiêu ư sử sách?",誰秉筆而直書兮，具昭昭於史冊。
"Ta! Cơ triệt chi đông thiên hề, vương cương đồi nhi phất thực.",嗟！姬轍之東遷兮，王綱頹而弗植。
"Can qua mãn ư vũ nội hề, nhân cầm thú nhi tương thực.",干戈滿於宇內奚，人禽獸而相食。
"Thần thí quân nhi tử thí phụ hề, di luân tòng nhi dẫn tức.",臣弒君而子弒父兮，彞倫從而泯息。
"Xác Đổng Hồ chi đặc lập hề, tư cổ nhân chi thị thức.",確董狐之特立兮，思古人之是式。
"Thường kiển kiển nhi phỉ cùng hề, tận trung thành ư sử chức.",常褰褰而匪窮兮，盡忠誠於史職。
"Khu lôi đình dĩ phấn uy hề, định giám hành ư hung ức.",驅雷霆以奮威兮，定鑑衡於胸臆。
"Thục phi thiện chi khả xưng hề, thục phi ác nhi khả truất.",孰非善之可稱兮，孰非惡而可黜。
"Chấp bút trực dĩ đại thư hề, vô hào ly chi cảm thắc.",執筆直以大書兮，無毫釐之敢忒。
"Minh vạn cổ chi thị phi hề, chính đương thời chi đắc thất.",明萬古之是非鼷，正當時之得失。
"Bao biếm nghiêm ư thưởng phạt hề, nghị luận đoạn ư phủ chất.",褒貶嚴於賞罰兮，議論斷於斧鑕。
"Khái Linh Công chi vô đạo hề, vụ hậu liễm ư sinh dân.",慨靈公之無道兮，務厚斂於生民。
"Sát tể phu chi nhi hùng hề, tòng đài thượng dĩ đạn nhân.",殺宰夫之胹熊兮，從臺上以彈人。
"Nhật khang ngu nhi bất dĩ hề, Tuyên Tử gián nhi di sân.",日康娛而不已兮，宣子諫而彌嗔。
"Nãi mệnh Nghê dĩ kích sát hề, Nghê xúc hoè nhi tễ.",乃命麑以擊殺兮，麑觸槐而斃。
"Phục thiết tửu dĩ thốc ngao hề, ngao sước giai nhi truy phệ.",復設酒以嗾獒兮，獒躇階而追噬。
"Tuyên Tử cụ nhi vong tẩu hề, Tấn quốc loạn dĩ phân phân.",宣子懼而亡走兮，晉國亂以紛紛。
"Phân tập sát ư đào viên hề, nại thần tử chi nhẫn văn.",分襲殺於桃園兮，奈臣子之忍聞。
"Thuẫn văn chi nhi phục khấp hề, tích tự nhĩ ư sát quân.",盾聞之而復泣兮，跡似邇於殺君。
"Vong bất việt cảnh dĩ tuyệt phận hề, quy bất thảo tặc dĩ thù ân.",亡不越境以絕分兮，歸不討賊以酬恩。
"Y! Khứ tựu tịnh thất nghĩa hề, cố nan đào kỳ trách vân.",伊！去就並失義兮，固難逃其責云。
"Vĩ Thái sử chi bút pháp hề, yết quân thần chi đại nghĩa.",偉太史之筆法兮，揭君臣之大義。
"Thư hữu tội dĩ thị triều hề, bất thủ sát nhi viết sát.",書有罪以示朝兮，不手殺而曰殺。
"Xả thao qua nhi tru đồng thất hề, nguyên Chính Khanh chi hữu ý.",捨操戈而誅同室兮，原正卿之有意。
"Danh Di Cao dĩ hiển ác hề, thị quân đức chi mỹ ý.",名夷皋以顯惡兮，示君德之靡懿。
"Nhất lạc bút, nhi lưỡng tội chương hề, đắc Xuân thu chi vi chỉ.",一落筆而兩罪彰兮，得春秋之微旨。
"Phương hàm hào nhi nhu mặc hề, quỷ thần kinh nhi ảnh tị.",方含毫而濡墨兮，鬼神驚而影避。
"Bài trùng môn nhi khải độc hề, thư đại ác nhi bất huý.",排重門而啟牘兮，書大惡而不諱。
"Phù vương cương ư ký hoại hề, chấn vương pháp ư dĩ truỵ.",扶王綱於既壞兮，振王法於已墜。
"Lẫm kình khí ư mang đoan hề, thuỳ thâm giới ư hậu thế.",凜勁氣於鋩端兮，垂深戒於後世。
"Vu dĩ bế tiểu nhân chi tà tâm hề, vu dĩ cảnh hậu vương chi tứ chí.",于以閉小人之邪心兮，于以警後王之肆志。
"Vu dĩ cẩn lý sương chi tiệm hề, vu dĩ phòng kiên băng chi chí.",于以謹履霜之漸兮，于以防堅冰之至。
"Loạn thần văn chi nhi ty phách hề, tặc tử kiến chi nhi táng khí.",亂臣聞之而禠魄兮，賊子見之而喪氣。
"Cố sử dật chi tiền văn hề, thị Đổng Hồ nhi hữu quý.",顧史佚之前聞兮，視董狐而有愧。
"Ý Trọng Ni chi pháp thiên hề, hoạn tiền sử chi đảo trí.",懿仲尼之法天兮，患前史之倒置。
"Nhân cựu văn nhi bút tước hề, đoán trung tà chi thành nguỵ.",因舊文而筆削兮，斷忠邪之誠偽。
"Vị Hồ bút chi vi chân hề, cố bất soán ư nhất tự.",謂狐筆之為真兮，故不竄於一字。
"Sử thiên tải chi nghịch loạn hề, thượng văn phong nhi chuý chuý.",使千載之逆亂兮，尚聞風而惴惴。
"Tự phi hung trung minh kính, bút hạ Xuân thu hề, hạt năng chí thị.",自非胸中明鏡，筆下春秋兮，曷能至是。
"Nghi hồ Tả thị thư chi, vi cổ lương sử hề, lịch thiên tải nhi bất dẫn kỳ nghĩa.",宜乎左氏書之，為古良史兮，歷千載而不泯其義。
"Ta dư sinh chi cống trực hề, ngưỡng tiền thánh nhi tự xí.",嗟予生之戇直兮，仰前聖而自企。
"Phủ Lân kinh nhi tăng hy hề, nhận trung chính dĩ tự bội.",拊麟經而增欷兮，紉中正以自佩。
"Y dục chỉ thanh thiên nhi bút Thái Hoa hề, thứ hồ thư thánh triều chi tường thuỵ nhi dĩ.",伊欲紙青天而筆太華兮，庶乎書聖朝之祥瑞而已。
"Tòng minh hậu nhi hi du hề,",從明後而嬉遊兮，
"Đăng tằng đài, dĩ ngu tình.",登層臺以娛情。
Kiến thái phủ chi quảng khai hề.,見太府之廣開兮，
Quan Thánh đức chi sở dinh,觀聖德之所營。
"Kiến cao môn chi tha nga hề,",建高門之嵯峨兮，
Phù song khuyết hồ Thái thanh.,浮雙闕乎太清。
"Lập trung thiên chi hoa quan hề,",立中天之華觀兮，
Liên phi các hồ Tây Thành.,連飛閣乎西城。
"Lâm Chương thuỷ chi trường lưu hề,",臨漳水之長流兮，
Vọng viên quả chi tư vinh.,望園果之滋榮。
"Lập song đài ư tả hữu hề,",立雙臺於左右兮，
Hữu Ngọc Long dữ Kim Phụng.,有玉龍與金鳳。
"Liên nhị kiều ư đông tây hề,",連二橋於東西兮，
Nhược trường không chi đế đống.,若長空之蝃蝀。
"Phủ hoàng đô chi hoành lệ hề,",俯皇都之宏麗兮，
Khám vân hà chi phù động.,瞰雲霞之浮動。
Hân quần tài chi lai tuỵ hề.,欣群才之來萃兮，
Hiệp phi hùng chi cát mộng.,協飛熊之吉夢。
Ngưỡng xuân phong chi hoà mục hề.,仰春風之和穆兮，
Thính bách điểu chi bi minh.,聽百鳥之悲鳴。
"Thiên vân viên kỳ ký lập hề,",天雲垣其既立兮，
Gia nguyện đắc nhi hoạch sinh.,家願得而獲逞。
"Dương nhân hoá ư vũ nội hề,",揚仁化於宇內兮，
Tận túc cung ư thượng kinh.,盡肅恭於上京。
"Duy hoàn, văn chi vi thịnh hề,",惟桓文之為盛兮，
Khởi túc phương hồ thánh minh.,豈足方乎聖明！
Hưu hỹ! Mỹ hỹ!,休矣！美矣！
Huệ trạch viễn dương.,惠澤遠揚。
Dực tá ngã hoàng gia hề.,翼佐我皇家兮，
Ninh bỉ tứ phương.,寧彼四方。
Đồng thiên địa chi quy lượng hề.,同天地之規量兮，
Tề nhật nguyệt chi huy quang.,齊日月之暉光。
Vĩnh quý tôn nhi vô cực hề.,永貴尊而無極兮，
Đẳng quân thọ ư đông hoàng.,等君壽於東皇。
Ngự long kỳ dĩ ngao du hề,御龍旂以遨遊兮，
Hồi loan giá nhi chu chương.,迴鸞駕而周章。
"Ân hoá cập hồ tứ hải hề,",恩化及乎四海兮，
Gia vật phụ nhi dân khang.,嘉物阜而民康。
"Nguyện tư đài chi vĩnh cố hề,",願斯臺之永固兮，
Lạc chung cổ nhi vị ương!,樂終古而未央！
"Há Tung sơn hề đa sở tư,",下嵩山兮多所思，
Huề giai nhân hề bộ trì trì.,攜佳人兮步遲遲。
"Tùng gian minh nguyệt trường như thử,",松間明月長如此，
Quân tái du hề phục hà thì?,君再遊兮復何時？
"Thị tuế thập nguyệt chi vọng, bộ tự Tuyết Đường, tương quy ư Lâm Cao. Nhị khách tòng dư, quá Hoàng Nê chi phản. Sương lộ ký giáng, mộc diệp tận thoát, nhân ảnh tại địa, ngưỡng kiến minh nguyệt. Cố nhi lạc chi, hành ca tương đáp.",是歲十月之望，步自雪堂，將歸於臨皋。二客從予，過黃泥之阪。霜露既降，木葉盡脫，人影在地，仰見明月。顧而樂之，行歌相答。
"Dĩ nhi thán viết: “Hữu khách vô tửu, hữu tửu vô hào; nguyệt bạch phong thanh, như thử lương dạ hà?” Khách viết: “Kim giả bạc mộ, cử võng đắc ngư, cự khẩu tế lân, trạng như Tùng giang chi lô. Cố an sở đắc tửu hồ?” Quy nhi mưu chư phụ. Phụ viết: “Ngã hữu đấu tửu, tàng chi cửu hĩ, dĩ đãi dư bất thì chi nhu.”",已而歎曰：「有客無酒，有酒無肴；月白風清，如此良夜何？」客曰：「今者薄暮，舉網得魚，巨口細鱗，狀如松江之鱸。顧安所得酒乎？」歸而謀諸婦。婦曰：「我有鬥酒，藏之久矣，以待予不時之需。」
"Ư thị huề tửu dữ ngư, phục du ư Xích Bích chi hạ. Giang lưu hữu thanh, đoạn ngạn thiên xích. Sơn cao nguyệt tiểu, thuỷ lạc thạch xuất. Tằng nhật nguyệt chi kỷ hà, nhi giang sơn bất khả phục thức hĩ. Dư nãi nhiếp y nhi thượng, lý sàm nham, phi mông nhung, cứ hổ báo, đăng cầu long; phan thê cốt chi nguy sào, phủ Phùng Di chi u cung. Cái nhị khách bất năng tòng yên. Hoạch nhiên trường khiếu, thảo mộc chấn động, sơn minh cốc ưng, phong khởi thuỷ dũng. Dư diệc tiễu nhiên nhi bi túc nhiên nhi khủng, lẫm hồ kỳ bất khả lưu dã. Phản nhi đăng chu, phóng hồ trung lưu, thính kỳ sở chỉ nhi hưu yên. Thì dạ tương bán, tứ cố tịch liêu. Thích hữu cô hạc, hoành giang đông lai, sí như xa luân, huyền thường cảo y, kiết nhiên trường minh, lược dư chu nhi tây dã.",於是攜酒與魚，復遊於赤壁之下。江流有聲，斷岸千尺。山高月小，水落石出。曾日月之幾何，而江山不可復識矣。予乃攝衣而上，履巉岩，披蒙茸，踞虎豹，登虯龍；攀棲鶻之危巢，俯馮夷之幽宮。蓋二客不能從焉。劃然長嘯，草木震動，山鳴谷應，風起水湧。餘亦悄然而悲肅然而恐，凜乎其不可留也。返而登舟，放乎中流，聽其所止而休焉。時夜將半，四顧寂寥。適有孤鶴，橫江東來，翅如車輪，玄裳縞衣，戛然長鳴，掠予舟而西也。
"Tu du khách khứ dư diệc tựu thuỵ. Mộng nhất đạo sĩ, vũ y biên tiên, quá Lâm Cao chi hạ, ấp dư nhi ngôn viết: “Xích Bích chi du lạc hồ?” Vấn kỳ tính danh, phủ nhi bất đáp. “Ô hô y hy! Ngã tri chi hĩ. Trù tích chi dạ, phi minh nhi quá ngã giả, phi dư dã gia?” Đạo sĩ cố tiếu, dư diệc kinh ngộ. Khai hộ thị chi, bất kiến kỳ xứ.",須臾客去予亦就睡。夢一道士，羽衣蹁躚，過臨皋之下，揖予而言曰：「赤壁之遊樂乎？」問其姓名，俯而不答。「嗚呼噫嘻！我知之矣。疇昔之夜，飛鳴而過我者，非予也耶？」道士顧笑，予亦驚悟。開戶視之，不見其處。
"Tô tử dạ toạ, hữu thử phương ngão. Phụ sàng nhi chỉ chi, ký chỉ phục tác. Sử đồng tử chúc chi, hữu thác trung không. Hao hao ngao ngao, thanh tại thác trung. Viết: “Y! Thử thử chi kiến bế nhi bất đắc khứ giả dã.” Phát nhi thị chi, tịch vô sở hữu, cử chúc nhi tác, trung hữu tử thử. Đồng tử kinh viết: “Thị phương ngão dã, nhi cự tử dã? Hướng vi hà thanh, khởi kỳ quỷ da?” Phúc nhi xuất chi, đoạ địa nãi tẩu, tuy hữu mẫn giả, mạc thố kỳ thủ.",蘇子夜坐，有鼠方嚙。拊床而止之，既止復作。使童子燭之，有橐中空。嘐嘐聱聱，聲在橐中。曰：『噫！此鼠之見閉而不得去者也。』發而視之，寂無所有，舉燭而索，中有死鼠。童子驚曰：『是方嚙也，而遽死也？向為何聲，豈其鬼耶？』覆而出之，墮地乃走，雖有敏者，莫措其手。
"Tô tử thán viết: “Dị tai, thị thử chi hiệt dã! Bế ư thác trung, thác kiên nhi bất khả huyệt dã. Cố bất ngão nhi ngão, dĩ thanh trí nhân; bất tử nhi tử, dĩ hình cầu thoát dã. Ngô văn hữu sinh, mạc trí ư nhân. Nhiễu long phạt giao, đăng quy thú lân, dịch vạn vật nhi quân chi, tốt kiến sử ư nhất thử, đoạ thử trùng chi kế trung, kinh thoát thố ư xứ nữ, ô tại kỳ vi trí dã?”",蘇子嘆曰：『異哉，是鼠之黠也！閉於橐中，橐堅而不可穴也。故不嚙而嚙，以聲緻人；不死而死，以形求脫也。吾聞有生，莫智於人。擾龍伐蛟，登龜狩麟，役萬物而君之，卒見使於一鼠，墮此蟲之計中，驚脫兔於處女，烏在其為智也？』
"Toạ nhi giả mị, tư niệm kỳ cố. Nhược hữu cáo dư giả, viết: “Nhữ vi đa học nhi thức chi, vọng đạo nhi vị kiến dã, bất nhất ư nhữ nhi nhị ư vật, cố nhất thử chi ngão nhi vi chi biến dã. Nhân năng toái thiên kim chi bích nhi bất năng vô thất thanh ư phá phủ, năng bác mãnh hổ bất năng vô biến sắc ư phong sái, thử bất nhất chi hoạn dã. Ngôn xuất ư nhữ nhi vong chi da!” Dư miễn nhi tiếu, ngưỡng nhi giác. Sử đồng tử chấp bút, ký dư chi tác.",坐而假寐，私念其故。若有告余者，曰：『汝為多學而識之，望道而未見也，不一於汝而二於物，故一鼠之嚙而為之變也。人能碎千金之璧而不能無失聲於破釜，能搏猛虎不能無變色於蜂蠆，此不一之患也。言出於汝而忘之耶！』余俛而笑，仰而覺。使童子執筆，記余之作。
"Hoàng Sơ tam niên, dư triều kinh sư, hoàn tế Lạc xuyên.",黃初三年，余朝京師，還濟洛川。
"Cổ nhân hữu ngôn, tư thuỷ chi thần danh viết Phục phi.",古人有言，斯水之神名曰宓妃。
"Cảm Tống Ngọc đối Sở vương thuyết thần nữ chi sự, toại tác tư phú.",感宋玉對楚王說神女之事，遂作斯賦。
Kỳ từ viết:,其詞曰：
"Dư tòng kinh vực,",余從京域，
Ngôn quy đông phiên.,言歸東藩。
"Bối Y Khuyết, Hoàn Viên,",背伊闕，轘轅，
"Kinh Thông Cốc, lăng Cảnh Sơn.",經通谷，陵景山。
"Nhật ký tây khuynh,",日既西傾，
Xa đãi mã phiền.,車殆馬煩。
"Nhĩ nãi thuế giá hồ hành cao,",爾乃稅駕乎蘅皋，
Mạt tứ hồ chi điền.,秣駟乎芝田。
"Dung dữ hồ Dương Lâm,",容與乎陽林，
Lưu miện hồ Lạc xuyên.,流盼乎洛川。
"Ư thị tinh di thần hãi,",於是精移神駭，
Hốt yên tứ tán.,忽焉思散。
"Phủ tắc vị sát,",俯則未察，
Ngưỡng dĩ thù quán.,仰以殊觀。
"Đổ nhất lệ nhân,",睹一麗人，
Ư nham chi bạn.,於岩之畔。
Nãi viện ngự giả nhi cáo chi viết:,乃援御者而告之曰：
“Nhĩ hữu địch ư bỉ giả hồ?,「爾有覿於彼者乎？
"Bỉ hà nhân tư, nhược thử chi diễm dã!”",彼何人斯，若此之艷也！」
Ngự giả đối viết:,御者對曰：
"“Thần văn hà Lạc chi thần,",「臣聞河洛之神，
Danh viết Phục phi.,名曰宓妃。
"Nhiên tắc quân vương chi sở kiến dã,",然則君王之所見也，
Vô nãi thị hồ!,無乃是乎！
Kỳ trạng nhược hà?,其狀若何？
Thần nguyện văn chi.”,臣愿聞之。」
Dư cáo chi viết:,余告之曰：
"Kỳ hình dã,",其形也，
"Phiên nhược kinh hồng,",翩若驚鴻，
Uyển nhược du long.,婉若遊龍。
"Vinh diệu thu cúc,",榮曜秋菊，
Hoa mậu xuân tùng.,華茂春松。
"Phảng phất hề nhược khinh vân chi tế nguyệt,",仿佛兮若輕雲之蔽月，
Phiêu diêu hề nhược lưu phong chi hồi tuyết.,飄颻兮若流風之迴雪。
"Viễn nhi vọng chi, hạo nhược thái dương thăng triêu hà,",遠而望之，皎若太陽昇朝霞，
"Bách nhi sát chi, chước nhược phù dung xuất lục ba.",迫而察之，灼若芙蓉出淥波。
"Nùng tiêm đắc trung,",穠纖得中，
Tu đoản hợp độ.,修短合度。
"Khiên nhược tước thành,",肩若削成，
Yêu như thúc tố.,腰如束素。
"Duyên cảnh tú hạng,",延頸秀項，
Hạo chất trình lộ.,皓質呈露。
"Phương trạch vô gia,",芳澤無加，
Duyên hoa phất ngự.,鉛華弗御。
"Vân kế nga nga,",雲髻峨峨，
Tu my liên quyên.,修眉連娟。
"Đan thần ngoại lãng,",丹唇外朗，
Hạo xỉ nội tiên.,皓齒內鮮。
"Minh mâu thiện lãi,",明眸善睞，
Yếp phụ thừa quyền.,靨輔承權。
"Khôi tư diễm dật,",瑰姿艷逸，
Nghi tĩnh thể nhàn.,儀靜體閑。
"Nhu tình xước thái,",柔情綽態，
Mị ư ngữ ngôn.,媚於語言。
"Kỳ phục khoáng thế,",奇服曠世，
Cốt tượng ưng đồ.,骨像應圖。
"Phi la y văn thôi xán hề,",披羅衣文璀燦兮，
Nhĩ dao bích chi hoa cư.,珥瑤碧之華琚。
"Đới kim thuý chi thủ sức,",戴金翠之首飾，
Chuế minh châu dĩ diệu khu.,綴明珠以耀軀。
"Tiễn viễn du chi văn lý,",踐遠遊之文履，
Duệ vụ tiêu chi khinh cư.,曳霧綃之輕裾。
"Vi u lan chi phương ái hề,",微幽蘭之芳藹兮，
Bộ trì trù ư sơn ngung.,步踟蹰於山隅。
"Ư thị hốt yên túng thể,",於是忽焉縱體，
Dĩ ngao dĩ hy.,以遨以嬉。
"Tả ỷ thái mao,",左倚采旄，
Hữu âm quế kỳ.,右陰桂旗。
"Nhương hạo oản ư thần hử hề,",攘皓腕於神滸兮，
Thái thoan lại chi huyền chi.,採湍瀨之玄芝。
"Dư tình duyệt kỳ thục mỹ hề,",余情悅其淑美兮，
Tâm chấn đãng nhi bất di.,心振蕩而不怡。
"Vô lương môi dĩ tiếp hoan hề,",無良媒以接歡兮，
Thác vi ba nhi thông từ.,托微波而通辭。
"Nguyện thành tố chi tiên đạt hề,",愿誠素之先達兮，
Giải ngọc bội dĩ yếu chi.,解玉佩以要之。
"Ta giai nhân chi tín tu hề,",嗟佳人之信修兮，
Khương tập lễ nhi minh thi.,羌習禮而明詩。
"Kháng quỳnh đệ dĩ hoạ dư hề,",抗瓊珶以和予兮，
Chỉ tiềm uyên nhi vi kỳ.,指潛淵而為期。
"Chấp quyến quyến chi khoản thực hề,",執眷眷之款實兮，
Cụ tư linh chi ngã khi.,懼斯靈之我欺。
"Cảm Giao Phủ chi khí ngôn hề,",感交甫之棄言兮，
Trướng do dự nhi hồ nghi.,悵猶豫而狐疑。
"Thâu hoà nhan nhi tĩnh chí hề,",收和顏而靜志兮，
Thân lễ phòng dĩ tự trì.,申禮防以自持。
"Ư thị Lạc linh cảm yên,",於是洛靈感焉，
Tỷ ỷ bàng hoàng.,徙倚徬徨。
"Thần quang ly hợp,",神光离合，
Sạ âm sạ dương.,乍陰乍陽。
"Tủng khinh khu dĩ hạc lập,",竦輕軀以鶴立，
Nhược tương phi nhi vị tường.,若將飛而未翔。
"Tiễn tiêu đồ chi uất liệt,",踐椒途之郁烈，
Bộ hành bạc nhi lưu phương.,步蘅薄而流芳。
"Siêu trường ngâm dĩ vĩnh mộ hề,",超長吟以永慕兮，
Thanh ai lệ nhi my trường.,聲哀厲而彌長。
"Nhĩ nãi chúng linh tạp đạp,",爾乃眾靈雜沓，
Mệnh trù khiếu lữ.,命儔嘯侶。
"Hoặc hý thanh lưu,",或戲清流，
"Hoặc tường thần chử,",或翔神渚，
"Hoặc thái minh châu,",或採明珠，
Hoặc thập thuý vũ.,或拾翠羽。
"Tòng nam Tương chi nhị phi,",從南湘之二妃，
Huề Hán tân chi du nữ.,攜漢濱之遊女。
"Thán Bào Qua chi vô thất hề,",嘆匏瓜之無匹兮，
Vịnh Khiên Ngưu chi độc xứ.,詠牽牛之獨處。
"Dương khinh khuê chi uy mỹ hề,",揚輕袿之猗靡兮，
Ế tu tụ dĩ duyên trữ.,翳修袖以延佇。
"Thể tấn phi phù,",體迅飛鳧，
Phiêu hốt nhược thần.,飄忽若神。
"Lăng ba vi bộ,",陵波微步，
La miệt sinh trần.,羅襪生塵。
"Động vô thường tắc, nhược nguy nhược an.",動無常則，若危若安，
"Tiến chỉ nan kỳ, nhược vãng nhược hoàn.",進止難期，若往若還。
"Chuyển phán lưu tinh,",轉盼流精，
Quang nhuận ngọc nhan.,光潤玉顏。
"Hàm từ vị thổ,",含辭未吐，
Khí nhược u lan.,氣若幽蘭。
"Hoa dung a na,",華容婀娜，
Linh ngã vong xan.,令我忘餐。
"Ư thị Bình Ế thu phong,",於是屏翳收風，
Xuyên Hậu tĩnh ba.,川後靜波。
"Phùng Di minh cổ,",馮夷鳴鼓，
Nữ Oa thanh ca.,女媧清歌。
"Đằng văn ngư dĩ cảnh thừa,",騰文魚以警乘，
Minh ngọc loan dĩ giai thệ.,鳴玉鑾以偕逝。
"Lục long nghiễm kỳ tề thủ,",六龍儼其齊首，
Đới vân xa chi dung duệ.,戴雲車之容裔。
"Kình nghê dũng nhi giáp cốc,",鯨鯢踴而夾轂，
Thuỷ cầm tường nhi vi vệ.,水禽翔而為衛。
"Ư thị việt bắc chỉ,",於是越北沚，
Quá nam cương.,過南岡，
"Hu tố lĩnh,",紆素領，
Hồi thanh dương.,迴清揚。
"Động chu thần dĩ từ ngôn,",動朱唇以徐言，
Trần giao tiếp chi đại cương.,陳交接之大綱。
"Hận nhân thần chi đạo thù hề,",恨人神之道殊兮，
Oán thịnh niên chi mạc đương.,怨盛年之莫當。
"Kháng la duệ dĩ yểm thế hề,",抗羅袂以掩涕兮，
Lệ lưu khâm chi lang lang.,淚流襟之浪浪。
"Điệu lương hội chi vĩnh tuyệt hề,",悼良會之永絕兮，
Ai nhất thệ nhi dị hương.,哀一逝而異鄉。
"Vô vi tình dĩ hiệu ái hề,",無微情以效愛兮，
Hiến Giang Nam chi minh đương.,獻江南之明璫。
"Tuy tiềm xứ ư Thái Âm,",雖潛處於太陰，
Trường ký tâm ư quân vương.,長寄心於君王。
"Hốt bất ngộ kỳ sở xá,",忽不悟其所舍，
Trướng thần tiêu nhi tế quang.,悵神宵而蔽光。
"Ư thị bối hạ lăng cao,",於是背下陵高，
Túc vãng thần lưu.,足往神留。
"Di tình tưởng tượng,",遺情想像，
Cố vọng hoài sầu.,顧望懷愁。
"Ký linh thể chi phục hình,",冀靈體之復形，
Ngự khinh chu nhi thượng tố.,御輕舟而上溯。
"Phù trường xuyên nhi vong phản,",浮長川而忘返，
Tư miên miên nhi tăng mộ.,思綿綿而增慕。
"Dạ cảnh cảnh nhi bất mị,",夜耿耿而不寐，
Triêm phồn sương nhi chí thự.,沾繁霜而至曙。
"Mệnh bộc phu nhi tựu giá,",命仆夫而就駕，
Ngô tương quy hồ đông lộ.,吾將歸乎東路。
"Lãm phi bí dĩ kháng sách,",攬騑轡以抗策，
Trướng bàn hoàn nhi bất năng khứ.,悵盤桓而不能去。
"Ngọc giám trần sinh,",玉鑒塵生，
Phượng liêm hương trân.,鳳奩香珍。
"Lãn thiền mấn chi xảo sơ,",懶蟬鬢之巧梳，
Bế lũ y chi khinh luyện.,閉縷衣之輕練。
"Khổ tịch mịch ư thông cung,",苦寂寞於蔥宮，
Đãn chú tư hồ lan điện.,但注思乎蘭殿。
"Tín tiêu mai chi tận lạc,",信標梅之盡落，
Cách Trường Môn nhi bất kiến.,隔長門而不見。
Huống nãi:,況乃：
"Hoa tâm dương hận,",花心颺恨，
Liễu nhãn lộng sầu.,柳眼弄愁。
"Noãn phong tập tập,",暖風習習，
Xuân điểu thu thu.,春鳥瞅瞅。
"Lâu thượng hoàng hôn hề, thính phượng xuy nhi hồi thủ,",樓上黃昏兮，聽鳳吹而回首，
"Bích vân nhật mộ hề, đối tố nguyệt nhi ngưng mâu.",碧雲日暮兮，對素月而凝眸。
"Ôn Tuyền bất đáo, ức thập thuý chi cựu sự,",溫泉不到，憶拾翠之舊事，
"Nhàn đình thâm bế, ta thanh điểu chi tín tu.",閒庭深閉，嗟青鳥之信修。
Miễn phù:,緬夫：
"Thái Dịch thanh ba,",太液清波，
Thuỷ quang đãng phù.,水光蕩浮。
"Lạp ca thưởng yến,",笠歌賞宴，
Bồi tòng thần tu.,陪從宸修。
"Tấu vũ loan chi diệu khúc,",奏舞鸞之妙曲，
Thừa hoạ nghịch chi tiên chu.,乘畫鷁之仙舟。
"Quân tình khiển quyển,",君情繾綣，
Thâm tự trừu đoạn.,深敘綢緞。
"Thệ sơn hải nhi thường tại,",誓山海而常在，
Tự nhật nguyệt nhi mị hưu.,似日月而靡休。
Hà kỳ:,何期：
"Tật sắc dung dung,",嫉色庸庸，
Đố tâm xung xung.,妒心衝衝。
"Đoạt ngã chi ái hạnh,",奪我之愛幸，
Xích ngã hồ u cung.,斥我乎幽宮。
"Tư cựu hoan nhi bất đắc,",思舊歡而不得，
Tương mộng trước hồ mông lung.,相夢著乎朦朧。
"Độ hoa triêu dữ nguyệt tịch,",度花朝與月夕，
Dung độc đối hồ xuân phong.,慵獨對乎春風。
"Dục Tương Như chi tấu phú,",欲相如之奏賦，
Nại thế tài chi bất công.,奈世才之不工。
"Thuộc sầu ngâm chi vị cánh,",屬愁吟之未竟，
Dĩ hưởng động hồ sơ chung.,已響動乎疏鐘。
"Không trường thán nhi yểm duệ,",空長歎而掩袂，
Bộ trù trừ hồ lâu đông.,步躊躇乎樓東。
"Mỹ liên quyên dĩ tu hộ hề,",美連娟以脩嫮兮，
"Mệnh sào tuyệt nhi bất trưởng,",命樔絕而不長，
"Sức tân cung dĩ duyên trữ hề,",飾新宮以延貯兮，
Mẫn bất quy hồ cố hương.,泯不歸乎故鄉。
"Thảm uất uất kỳ vu uế hề,",慘鬱鬱其蕪穢兮，
"Ẩn xứ u nhi hoài thương,",隱處幽而懷傷，
"Thích dư mã ư sơn tiêu hề,",釋輿馬於山椒兮，
Yểm tu dạ chi bất dương.,奄修夜之不陽。
"Thu khí thảm dĩ thê lệ hề,",秋氣憯以淒淚兮，
"Quế chi lạc nhi tiêu vong,",桂枝落而銷亡，
"Thần quỳnh quỳnh dĩ dao tư hề,",神煢煢以遙思兮，
Tinh phù du nhi xuất cương.,精浮游而出畺。
"Thác trầm âm dĩ khoáng cửu hề,",託沈陰以壙久兮，
"Tích phiền hoa chi Vị Ương,",惜蕃華之未央，
"Niệm cùng cực chi bất hoàn hề,",念窮極之不還兮，
Duy ấu miễu chi tương dương.,惟幼眇之相羊。
"Hàm tuy phù dĩ sĩ phong hề,",函荾荴以俟風兮，
"Phương tạp tập dĩ my chương,",芳雜襲以彌章，
"Đích dung dữ dĩ y mỹ hề,",的容與以猗靡兮，
Phiêu phiêu diêu hô dũ trang.,縹飄姚虖愈莊。
"Yến dâm diễn nhi phủ doanh hề,",燕淫衍而撫楹兮，
"Liên lưu thị nhi nga dương,",連流視而娥揚，
"Ký khích cảm nhi tâm trục hề,",既激感而心逐兮，
Bao hồng nhan nhi phất minh.,包紅顏而弗明。
"Hoan tiếp hiệp dĩ ly biệt hề,",驩接狎以離別兮，
"Tiêu ngụ mộng chi mang mang,",宵寤夢之芒芒，
"Hốt thiên hoá nhi bất phản hề,",忽遷化而不反兮，
Phách phóng dật dĩ phi dương.,魄放逸以飛揚。
"Hà linh hồn chi phân phân hề,",何靈魂之紛紛兮，
"Ai bùi hồi dĩ trù trừ,",哀裴回以躊躇，
"Thế lộ nhật dĩ viễn hề,",勢路日以遠兮，
Toại hoang hốt nhi từ khứ.,遂荒忽而辭去。
"Siêu hề tây chinh,",超兮西征，
Tiết hề bất kiến.,屑兮不見。
"Tẩm dâm sưởng hoảng,",寢淫敞怳，
"Tịch hề vô âm,",寂兮無音，
"Tư nhược lưu ba,",思若流波，
Đát hề tại tâm.,怛兮在心。
"Ngã sở cư hề, Thanh Ngạnh chi phong;",我所居兮，青埂之峰；
"Ngã sở du hề, hồng mông thái không.",我所遊兮，鴻蒙太空。
"Thuỳ dữ ngã thệ hề, ngô thuỳ dữ tòng?",誰與我逝兮，吾誰與從？
"Diểu diểu mang mang hề, quy bỉ Đại Hoang!",渺渺茫茫兮，歸彼大荒！
Khách hữu:,客有：
"Ẩn kỷ cao trai, hạ nhật chính ngọ.",隱几高齋，夏日正午。
"Lâm bích thuỷ chi thanh trì, vịnh phù dung chi Nhạc phủ.",臨碧水之清池，詠芙蓉之樂府。
Hốt hữu nhân yên:,忽有人焉：
"Dã kỳ phục, hoàng kỳ quan.",野其服，黃其冠。
"Huýnh xuất trần chi tiên cốt, lẫm tích cốc chi cù nhan.",迥出塵之仙骨，凜辟穀之臞顏。
"Vấn chi hà lai, viết tòng Hoa San.",問之何來，曰從華山。
"Nãi thụ chi kỷ, nãi sử chi toạ.",迺授之几，迺使之坐。
"Phá Đông Lăng chi qua, trãi Dao Trì chi quả,",破東陵之瓜，薦瑤池之果，
"Tái ngôn chi lang, tái tiếu chi tha.",載言之琅，載笑之瑳。
Ký nhi mục khách viết:,既而目客曰：
Tử phi ái liên chi quân tử gia!,子非愛蓮之君子耶！
"Ngã hữu dị chủng, tàng chi tụ gian.",我有異種，藏之袖間。
"Phi đào lý chi thô tục, phi mai trúc chi cô hàn.",非桃李之粗俗，非梅竹之孤寒。
"Phi tăng phòng chi cẩu kỷ, phi Lạc thổ chi mẫu đan.",非僧房之枸杞，非洛土之牡丹。
"Phi Đào lệnh đông ly chi cúc, phi Linh quân cửu uyển chi lan.",非陶令東籬之菊，非靈均九畹之蘭。
Nãi Thái Hoa san đầu ngọc tỉnh chi liên.,乃泰華山頭玉井之蓮。
Khách viết:,客曰：
"Dị tai! Khởi sở vị ngẫu như thuyền hề hoa thập trượng, lãnh như sương hề cam tỷ mật giả gia!",異哉!豈所謂藕如船兮花十丈，冷如霜兮甘比蜜者耶！
"Tích văn kỳ danh, kim đắc kỳ thực.",昔聞其名，今得其實。
"Đạo sĩ hân nhiên, nãi tụ trung xuất.",道士欣然，乃袖中出。
"Khách nhất kiến chi, tâm trung uất uất.",客一見之，心中鬱鬱。
"Nãi phất thập dạng chi tiên, thử ngũ sắc chi bút.",乃拂十樣之牋，泚五色之筆。
Dĩ nhi ca viết:,以而歌曰：
"Giá thuỷ tinh hề vi cung,",架水晶兮為宮，
Tạc lưu ly hề vi hộ.,鑿琉璃兮為戶。
"Toái pha ly hề vi nê,",碎玻璃兮為泥，
"Sái minh châu hề vi lộ,",洒明珠兮為露，
"Hương phức uất hề tằng tiêu,",香馥郁兮層霄，
Đế văn phong hề nữ mộ.,帝聞風兮女慕。
"Quế tử lãnh hề vô hương,",桂子冷兮無香，
Tố Nga phân hề nữ đố.,素娥紛兮女妒。
"Thái dao thảo hề Phương châu,",採瑤草兮芳州，
Vọng mỹ nhân hề Tương phố.,望美人兮湘浦。
"Kiển hà vi hề trung lưu,",蹇何為兮中流，
Hạp tương phản hề cố vũ.,盍將返兮故宇。
"Khởi hộ lạc hề vô dung,",豈護落兮無容，
Thán thiền quyên hề đa ngộ.,嘆嬋娟兮多誤。
"Cẩu dư bính chi bất a,",苟予柄之不阿，
Quả hà thương hề phong vũ.,果何傷兮風雨。
"Khủng phương hồng hề dao lạc,",恐芳紅兮搖落，
Mỹ nhân lai hề tuế mộ.,美人來兮歲暮。
Đạo sĩ văn nhi thán viết:,道士聞而嘆曰：
Tử hà vi ai thả oán dã.,子何為哀且怨也！
"Độc bất kiến Phượng Hoàng trì thượng chi tử vi, Bạch Ngọc đường tiền chi hồng dược!",讀不見鳳凰池上之紫薇，白玉堂前之紅藥！
"Quýnh địa vị chi thanh cao, ái thanh danh chi chiêu chước.",敻地位之清高，藹聲名之昭灼。
"Bỉ giai kiến quý ư thánh minh chi triều, tử độc hà chi hồ tao nhân chi quốc!",彼皆見貴於聖明之朝，子獨何之乎騷人之國！
"Ư thị hữu cảm kỳ ngôn, khởi kính khởi mộ.",於是有感其言，起敬起慕。
"Nga Thành Trai đình thượng chi thi, canh Xương Lê phong đầu chi cú.",哦誠齋亭上之詩，庚昌黎峰頭之句。
"Khiếu xương hạp dĩ phi tâm, kính hiến “Ngọc tỉnh liên” chi phú.",叫閶闔以披心，敬獻玉井蓮之賦。
"Nghị vi Trường Sa vương phụ tam niên, hữu phục điểu phi nhập Nghị xá chỉ ư toạ ngung, phục tự hiêu, bất tường điểu dã. Nghị ký dĩ trích cư Trường Sa, Trường Sa ty thấp, Nghị tự thương điệu, dĩ vi thọ bất đắc trường, nãi vi phú dĩ tự quảng. Kỳ từ viết:",誼為長沙王傅三年，有鵩鳥飛入誼舍，止於坐隅，鵩似鴞，不祥鳥也。誼既以謫居長沙，長沙卑濕，誼自傷悼，以為壽不得長，迺為賦以自廣。其辭曰：
"Đan át chi tuế, tứ nguyệt mạnh hạ, Canh Tý nhật tà, phục tập dư xá, chỉ ư toạ ngung, mạo thậm nhàn hạ. Dị vật lai tuỵ, tư quái kỳ cố, phát thư chiêm chi, sấm ngôn kỳ độ. Viết: “Dã điểu nhập thất, chủ nhân tương khứ.” Vấn ư tử phục: “Dư khứ hà chi? Cát hô cáo ngã, hung ngôn kỳ tai. Yêm tốc chi độ, ngữ dư kỳ kỳ.”",單閼之歲，四月孟夏，庚子日斜，鵩集余舍，止於坐隅，貌甚閒暇。異物來崪，私怪其故，發書占之，讖言其度。曰「野鳥入室，主人將去。」問於子鵩：「余去何之？吉虖告我，凶言其災。淹速之度，語余其期。」
"Phục nãi thái tức, cử thủ phấn dực, khẩu bất năng ngôn, thỉnh đối dĩ ý: “Vạn vật biến hoá, cố vô hưu tức. Oát lưu nhi thiên, hoặc thôi nhi hoàn. Hình khí chuyển tục, biến hoá nhi thiện. Vật mục vô gian, hồ khả thăng ngôn. Hoạ hề phúc sở ỷ, phúc hề hoạ sở phục; ưu hỉ tụ môn, cát hung đồng vực. Bỉ Ngô cường đại, Phù Sai dĩ bại; Việt thê Cối Kê, Câu Tiễn bá thế. Tư du toại thành, tốt bị ngũ hình; Phó Duyệt tư mỹ, nãi tướng Vũ Đinh. Phù hoạ chi dữ phúc, hà dị củ mặc! Mệnh bất khả thuyết, thục tri kỳ cực? Thuỷ kích tắc hạn, thỉ kích tắc viễn. Vạn vật hồi bạc, chấn đãng tương chuyển. Vân chưng vũ giáng, củ thác tương phân. Đại quân bá vật, dưỡng át vô ngân. Thiên bất khả dữ lự, đạo bất khả dữ mưu. Trì tốc hữu mệnh, ô thức kỳ thời.”",鵩乃太息，舉首奮翼，口不能言，請對以意：「萬物變化，固無休息。斡流而遷，或推而還。形氣轉續，變化而嬗。沕穆無間，胡可勝言！禍兮福所倚，福兮禍所伏；憂喜聚門，吉凶同域。彼吳彊大，夫差以敗；粵棲會稽，句踐伯世。斯遊遂成，卒被五刑；傅說胥靡，乃相武丁。夫禍之與福，何異糾纆！命不可說，孰知其極？水激則旱，矢激則遠。萬物回薄，震蕩相轉。雲烝雨降，糾錯相紛。大鈞播物，坱圠無垠。天不可與慮，道不可與謀。遲速有命，烏識其時？」
"Thả: “Phù thiên địa vi lô, tạo hoá vi công; âm dương vi thán, vạn vật vi đồng, hợp tán tiêu tức, an hữu thường tắc? Thiên biến vạn hoá, vị thuỷ hữu cực. Hốt nhiên vi nhân, hà túc khống tuy; hoá vi dị vật, hựu hà túc hoạn. Tiểu trí tự tư, tiện bỉ quý ngã; đạt nhân đại quan, vật vô bất khả. Tham phu tuẫn tài, liệt sĩ tuẫn danh; khoa giả tử quyền, phẩm thứ mỗi sinh. Truật bách chi đồ, hoặc xu tây đông; đại nhân bất khúc, ý biến tề đồng. Ngu sĩ hệ tục, thời nhược tù câu; chí nhân di vật, độc dữ đạo câu. Chúng nhân hoặc hoặc, hiếu ác tích ý; chân nhân điềm mạc, độc dữ đạo tức. Thích trí di hình, siêu nhiên tự táng; liêu khoác hốt hoang, dữ đạo cao tường. Thừa lưu tắc thệ, đắc khảm tắc chỉ; tung khu uỷ mệnh, bất tư dữ kỷ. Kỳ sinh hề nhược phù, kỳ tử hề nhược hưu. Đạm hô nhược thâm uyên chi tĩnh, phiếm hô nhược bất hệ chi chu. Bất dĩ sinh cố tự bảo, dưỡng không nhi phù. Đức nhân vô luỹ, tri mệnh bất ưu. Tế cố đế giới, hà túc dĩ nghi.”",且：「夫天地為鑪，造化為工；陰陽為炭，萬物為銅，合散消息，安有常則？千變萬化，未始有極。忽然為人，何足控揣；化為異物，又何足患！小智自私，賤彼貴我；達人大觀，物無不可。貪夫徇財，列士徇名；夸者死權，品庶每生。怵迫之徒，或趨西東；大人不曲，意變齊同。愚士繫俗，時若囚拘；至人遺物，獨與道俱。衆人惑惑，好惡積意；真人恬漠，獨與道息。釋智遺形，超然自喪；寥廓忽荒，與道翱翔。乘流則逝，得坎則止；縱軀委命，不私與己。其生兮若浮，其死兮若休。澹虖若深淵之靚，氾虖若不繫之舟。不以生故自保，養空而浮。德人無累，知命不憂。細故蔕芥，何足以疑！」
"Thiên hà như thị chi thương thương hề,",天何如是之蒼蒼兮，
Thừa ngọc cầu dĩ du hồ khung lung da?,乘玉虯以遊乎穹窿耶？
"Địa hà như thị chi mang mang hề,",地何如是之茫茫兮，
Giá dao tượng dĩ giáng hồ tuyền nhưỡng da?,駕瑤象以降乎泉壤耶？
"Vọng tản cái chi lục ly hề,",望傘蓋之陸離兮，
"Ức Cơ, Vĩ chi quang da?",抑箕尾之光耶？
"Liệt vũ bảo nhi vi tiền đạo hề,",列羽葆而為前導兮，
Vệ Nguy hư vu bàng da?,衛危虛于傍耶？
"Khu phong long dĩ vi tý tòng hề,",驅豐隆以為庇從兮，
Vọng thư nguyệt dĩ lâm da?,望舒月以臨耶？
"Thính xa quỹ nhi y yết hề,",聽車軌而伊軋兮，
Ngự loan ê dĩ chinh da?,御鸞鷖以征耶？
"Văn phức uất nhi phiêu nhiên hề,",聞馥郁而飄然兮，
Nhận hành đỗ dĩ vi nhương da?,紉蘅杜以為纕耶？
"Lan quần cư chi thước thước hề,",斕裙裾之爍爍兮，
Lũ minh nguyệt dĩ vi đương da?,鏤明月以為璫耶？
"Tá uy nhuy nhi thành trĩ hề,",借葳蕤而成畤兮，
Kềnh liên diễm dĩ chúc lan cao da?,檠蓮焰以燭蘭膏耶？
"Văn hồ bào dĩ vi chí giả hề,",文瓠匏以為觶斝兮，
Sái linh lục dĩ phù quế tữ da?,灑醽醁以浮桂醑耶？
"Chiêm vân khí nhi ngưng mâu hề,",瞻雲氣而凝眸兮，
Phỏng phật hữu sở chiêm da?,仿佛有所覘耶？
"Phủ ba ngân nhi cư nhĩ hề,",俯波痕而居耳兮，
Hoảng dịch hữu sở văn da?,恍惚有所聞耶？
"Kỳ hãn mạn nhi vô tế hề,",期汗漫而無際兮，
Nhẫn quyên khí dư vu trần ai da?,忍捐棄予于塵埃耶？
"Thiến phong liêm chi vi dư khu xa hề,",倩風廉之為余驅車兮，
Ký liên bí nhi huề quy da?,冀聯轡而攜歸耶？
"Dư trung tâm vi chi khái nhiên hề,",余中心為之慨然兮，
Đồ khiếu khiếu nhi hà vi da?,徒噭噭而何為耶？
"Khanh yển nhiên nhi trường tẩm hề,",卿偃然而長寢兮，
Khởi thiên vận chi biến vu tư da?,豈天運之變于斯耶？
"Ký truân tịch thả an ổn hề,",既窀穸且安穩兮，
Phản kỳ chân nhi hựu hề hoá da?,反其真而又奚化耶？
"Dư do trất cốc nhi huyền phụ hề,",余猶桎梏而懸附兮，
Linh cách dư dĩ ta lai da?,靈格余以嗟來耶？
"Lai hề chỉ hề,",來兮止兮，
Khanh kỳ lai da?,卿其來耶？
"Nhược phu hồng mông nhi cư,",若夫鴻蒙而居，
"Tịch tĩnh dĩ xứ,",寂靜以處，
"Tuy lâm vu tư,",雖臨于茲，
Dư diệc mạc đổ.,余亦莫睹。
"Khiên yên la nhi vi bộ chướng,",搴煙蘿而為步障，
Liệt xương bồ nhi sâm hàng ngũ.,列菖蒲而森行伍。
"Cảnh liễu nhãn chi tham miên,",警柳眼之貪眠，
Thích liên tâm chi vị khổ.,釋蓮心之味苦。
"Tố nữ ước vu quế nham,",素女約于桂岩，
Mật phi nghinh lan chử.,宓妃迎蘭渚。
"Lộng Ngọc xuy sinh,",弄玉吹笙，
Hàn hoàng kích ngữ.,寒簧擊敔。
"Chinh Tung Nhạc chi phi,",征嵩嶽之妃，
Khởi Ly Sơn chi mụ.,啟驪山之姥。
"Quy trình Lạc phố chi linh,",龜呈洛浦之靈，
Thú tác Hàm trì chi vũ.,獸作咸池之舞。
"Tiềm Xích thuỷ hề long ngâm,",潛赤水兮龍吟，
Tập Châu lâm hề phụng giả chứ.,集珠林兮鳳者翥。
"Viên cách viên thành,",爰格爰誠，
Phỉ phủ phỉ cử.,匪簠匪莒。
"Phát nhận hồ Hà thành,",發軔乎霞誠，
Hoàn tinh hồ Huyền phố.,還旌乎玄圃。
"Ký hiển vi nhi nhược thông,",既顯微而若通，
Phúc nhân uân nhi thúc trở.,復氤氳而倏阻。
"Ly hợp hề yên vân,",離合兮煙雲，
Không mông hề vụ vũ.,空蒙兮霧雨。
"Trần mai liễm hề tinh cao,",塵霾斂兮星高，
Khê sơn lệ hề nguyệt ngọ.,溪山麗兮月午。
"Hà tâm ý chi phanh phanh,",何心意之怦怦，
Nhược ngụ mị chi hủ hủ?,若寤寐之栩栩？
"Dư nãi hy hư trướng ưởng,",余乃欷歔悵怏，
Khấp thế bàng hoàng.,泣涕徬徨。
"Nhân ngữ hề tịch lịch,",人語兮寂歷，
Thiên lại hề vân đương.,天籟兮篔簹。
"Điểu kinh tán nhi phi,",鳥驚散而飛，
Ngư xiệp điệp dĩ hưởng.,魚唼喋以響。
"Chí ai hề thị đảo,",志哀兮是禱，
Thành lễ hề kỳ tường.,成禮兮期祥。
Ô hô! Ai tai!,嗚呼！哀哉！
Thượng hưởng!,尚饗！
"Cơ triệt đông thiên, bá diễm hồng thiên. Văn, Võ chi lễ nhạc vị truỵ; Chu công chi miêu duệ do truyền. Vĩ Diên Lăng chi nhã thức, nhân vãng sứ nhi thỉnh quan. Hoảng dương dương nhi doanh nhĩ, tiếu tục điệu hề nan phan.",姬轍東遷，伯焰紅天。文武之禮樂未墜，周公之苗裔猶傳。偉延陵之雅識，因往使而請觀。恍洋洋而盈耳，笑俗調兮難攀。
"Tưởng kỳ, công đường thuý mật, quần quan túc ung. Nãi Trần nhạc khí, nãi mệnh nhạc công. Xuy sinh cổ sắt, kích thạch chàng chung. Giản Tam Hạ dĩ điệt tấu, hài ngũ âm nhi tương thông. Chính thanh phát hề liệu lượng, tán thanh hưởng hề xung dung. Đạo thái cổ trung hoà chi khí, tẩy suy thế thê uyển chi phong. Niệm di âm hề yểu yểu, cổ dư vận hề phùng phùng.",想其公堂邃密，群官肅雍。乃陳樂器，乃命樂工。吹笙鼓瑟，擊石撞鐘。簡三夏以迭奏，諧五音而相通。正聲發兮嘹喨，散聲響兮沖融。導太古中和之氣，洗衰世悽惋之風。念遺音兮杳杳，鼓餘韻兮渢渢。
"Thị dĩ: quan Tiêu thiều chi vũ, nhi khả tri Thuấn đức chi long. Văn Quan thư chi loạn, tắc tư Chu Nam chi hoá; thính Hoàn, Lại chi thuỷ, tắc niệm Mục dã chi công. Giai thẩm nhạc dĩ tri chính, hoài cổ đạo ư hồng mông. Hồi thị đương thời chi tang bộc, ích tăng thoá ách nhi bi đồng. Truy tiên vương hề cảnh cảnh; khái dục thệ hề yên tòng!",是以：觀蕭韶之舞，而可知舜德之隆。聞關雎之亂，則思周南之化；聽桓賚之始，則念牧野之功。皆審樂以知政，懷古道於鴻蒙。迴視當時之桑濮，益增唾啞而悲恫。追先王兮耿耿，慨欲逝兮焉從。
"Ta phù! Thế chí Xuân Thu, Đại Nhã vong hĩ. Bỉ liệt quốc chi danh khanh, cạnh bôn trì ư danh lợi. Bát Dật, Ung Triệt, ký manh tiếm thiết chi tâm; Thiều Hạ Hộ Võ, khởi nhập tục nhân chi nhĩ! Phân Trịnh Vệ chi thị đam, mộ nhã nhạc hề năng kỷ? Trác tự bát ư nhân quần, nãi độc văn ư Quí Tử.",嗟夫！世至春秋，大雅亡矣。彼列國之名卿，競奔馳於名利。八佾，雍徹，既萌僭竊之心；韶夏護武，豈入俗人之耳。紛鄭衛之是眈，慕雅樂兮能幾？卓自撥於人群，乃獨聞於季子。
"Thị tri: dĩ đức quan nhạc, duy hiền giả nhiên hậu năng chi; ngoại nhạc cầu đức, bỉ tục lưu yên năng thức thử! Liệu Quí Tử chi tâm, hận bất thân kiến ư đương niên; nhi Quí Tử chi thán, ích thâm hữu vọng ư lai thế.",是知：以德觀樂，唯賢者然後能之；外樂求德，彼俗流安能識此。料季子之心，恨不親見於當年；而季子之嘆，益深有望於來世。
"Phương kim: thời đăng thánh triết, vận thuộc hưu minh. Công thành trị định, chế tác tư hưng. Phóng dâm oa nhi tồn nhã nhạc, hài thứ doãn nhi cách bách linh. Phượng nghi thú vũ, mã phụ quy trình. Tuy phú tái chi thịnh đức, diệc cổ kim chi tịnh xưng.",方今：時登聖哲，運屬休明。功成治定，制作斯興。放淫哇而存雅樂，諧庶尹而格百靈。鳳儀獸舞，馬負歸呈。雖覆載之盛德，亦古今之並稱。
"Tiểu thần hà hạnh, hoạch thân đổ ư kim nhật, khởi đán như Quí Tử, đồ niệm kỳ di thanh dã tai!",小臣何幸，獲親睹於今日，豈但如季子，徒念其遺聲也哉！
"Quy khứ lai hề, điền viên tương vu, hồ bất quy!",歸去來兮，田園將蕪，胡不歸！
"Ký tự dĩ tâm vi hình dịch, hề trù trướng nhi độc bi?",既自以心為形役，奚惆悵而獨悲？
"Ngộ dĩ vãng chi bất gián, tri lai giả khả truy.",悟已往之不諫，知來者可追。
"Thực mê đồ kỳ vị viễn, giác kim thị nhi tạc phi.",實迷途其未遠，覺今是而昨非。
"Chu dao dao dĩ khinh dương, phong phiêu phiêu nhi xuy y.",舟遙遙以輕颺，風飄飄而吹衣。
"Vấn chinh phu dĩ tiền lộ, hận thần quang chi hy vi.",問征夫以前路，恨晨光之熹微。
"Nãi chiêm hành vũ, tái hân tái bôn.",乃瞻衡宇，載欣載奔。
"Đồng bộc hoan nghinh, trĩ tử hậu môn.",僮僕歡迎，稚子候門。
"Tam kính tựu hoang, tùng cúc do tồn.",三徑就荒，松菊猶存。
"Huề ấu nhập thất, hữu tửu doanh tôn.",攜幼入室，有酒盈樽。
"Dẫn hồ trường dĩ tự chước, miện đình kha dĩ di nhan.",引壺觴以自酌，眄庭柯以怡顏。
"Ỷ nam song dĩ ký ngạo, thẩm dung tất chi dị an.",倚南窗以寄傲，審容膝之易安。
"Viên nhật thiệp dĩ thành thú, môn tuy thiết nhi thường quan.",園日涉以成趣，門雖設而常關。
"Sách phù lão dĩ lưu khế, thời kiểu thủ nhi du quan.",策扶老以流憩，時矯首而遊觀。
"Vân vô tâm dĩ xuất tụ, điểu quyện phi nhi tri hoàn.",雲無心以出岫，鳥倦飛而知還。
"Cảnh ế ế dĩ tương nhập, phủ cô tùng nhi bàn hoàn.",景翳翳以將入，撫孤松而盤桓。
"Quy khứ lai hề, thỉnh tức giao dĩ tuyệt du.",歸去來兮，請息交以絕遊。
"Thế dữ ngã nhi tương vi, phục giá ngôn hề yên cầu?",世與我而相違，復駕言兮焉求？
"Duyệt thân thích chi tình thoại, lạc cầm thư dĩ tiêu ưu.",悅親戚之情話，樂琴書以消憂。
"Nông nhân cáo dư dĩ xuân cập, tương hữu sự ư tây trù.",農人告余以春及，將有事於西疇。
"Hoặc mệnh cân xa, hoặc trạo cô chu.",或命巾車，或棹孤舟。
"Ký yểu điệu dĩ tầm hác, diệc khi khu nhi kinh khâu.",既窈窕以尋壑，亦崎嶇而經丘。
"Mộc hân hân dĩ hướng vinh, tuyền quyên quyên nhi thuỷ lưu.",木欣欣以向榮，泉涓涓而始流。
"Tiện vạn vật chi đắc thời, cảm ngô sinh chi hành hưu.",羨萬物之得時，感吾生之行休。
Dĩ hĩ hồ!,已矣乎！
"Ngụ hình vũ nội phục kỷ thời, hạt bất uỷ tâm nhiệm khứ lưu?",寓形宇內復幾時，曷不委心任去留？
"Hồ vi hoàng hoàng, dục hà chi?",胡為遑遑，欲何之？
"Phú quý phi ngô nguyện, đế hương bất khả kỳ.",富貴非吾願，帝鄉不可期。
"Hoài lương thần dĩ cô vãng, hoặc thực trượng nhi vân tỷ.",懷良辰以孤往，或植杖而耘耔。
"Đăng đông cao dĩ thư khiếu, lâm thanh lưu nhi phú thi.",登東皋以舒嘯，臨清流而賦詩。
"Liêu thừa hoá dĩ quy tận, lạc phù thiên mệnh phục hề nghi?",聊乘化以歸盡，樂夫天命復奚疑!
"Cái Thi hữu lục nghĩa yên, kỳ nhị viết phú. Dương Hùng viết: “Thi nhân chi phú lệ dĩ tắc.” Ban Cố viết: “Phú giả, cổ thi chi lưu dã.” Tiên vương thái yên, dĩ quan thổ phong. Kiến “lục trúc y y”, tắc tri Vệ địa Kỳ Úc chi sản; kiến “tại kỳ bản ốc”, tắc tri Tần dã Tây Nhung chi trạch. Cố năng cư nhiên nhi biện bát phương. Nhiên Tương Như phú Thượng Lâm nhi dẫn “lô quất hạ thục”, Dương Hùng phú Cam Tuyền nhi trần “ngọc thụ thanh thông”, Ban Cố phú Tây Đô nhi thán dĩ xuất tỷ mục, Trương Hành phú Tây Kinh nhi thuật dĩ du Hải Nhược. Giả xưng trân quái, dĩ vi nhuận sắc, nhược tư chi loại, phỉ chỉ vu tư. Khảo chi quả mộc, tắc sinh phi kỳ nhưỡng; hiệu chi thần vật, tắc xuất phi kỳ sở. Ư từ tắc dị vi tảo sức, ư nghĩa tắc hư nhi vô trưng. Thả phu ngọc chi vô đương, tuy bảo phi dụng; xỉ ngôn vô nghiệm, tuy lệ phi kinh. Nhi luận giả mạc bất để kết kỳ nghiên tinh, tác giả đại để cử vi hiến chương. Tích tập sinh thường, hữu tự lai hỹ.",蓋詩有六義焉，其二曰賦。楊雄曰：「詩人之賦麗以則。」班固曰：「賦者，古詩之流也。」先王采焉，以觀土風。見「緑竹猗猗」，則知衛地淇澳之產；見「在其版屋」，則知秦野西戎之宅。故能居然而辨八方。然相如賦上林而引「盧橘夏熟」，楊雄賦甘泉而陳「玉樹青葱」，班固賦西都而歎以出比目，張衡賦西京而述以遊海若。假稱珍怪，以爲潤色，若斯之類，匪啻于茲。考之果木，則生非其壤；校之神物，則出非其所。於辭則易爲藻飾，於義則虛而無徵。且夫玉巵無當，雖寶非用；侈言無驗，雖麗非經。而論者莫不詆訐其研精，作者大氐舉爲憲章。積習生常，有自來矣。
"Dư ký tư mô “Nhị kinh” nhi phú “Tam đô”, kỳ sơn xuyên thành ấp tắc kê chi địa đồ, kỳ điểu thú thảo mộc tắc nghiệm chi phương chí. Phong dao ca vũ, các phụ kỳ tục; khôi ngô trưởng giả, mạc phi kỳ cựu. Hà tắc? Phát ngôn vi thi giả, vịnh kỳ sở chí dã; thăng cao năng phú giả, tụng kỳ sở kiến dã. Mỹ vật giả quý y kỳ bản, tán sự giả nghi bản kỳ thực. Phỉ bản phỉ thực, lãm giả hề tín? Thả phu nhâm thổ tác cống, Ngu thư sở trứ; biện vật cư phương, Chu Dịch sở thận. Liêu cử kỳ nhất ngu, nhiếp kỳ thể thống, quy chư cổ huấn yên.",余旣思摹二京而賦三都，其山川城邑則稽之地圖，其鳥獸草木則驗之方志。風謠歌舞，各附其俗；魁梧長者，莫非其舊。何則？發言爲詩者，詠其所志也；升高能賦者，頌其所見也。美物者貴依其本，讚事者宜本其實。匪本匪實，覽者奚信？且夫任土作貢，虞書所著；辯物居方，周易所慎。聊舉其一隅，攝其體統，歸諸詁訓焉。
"Hoàng hoa mãn địa,",黃花滿地，
Bạch liễu hoành pha.,白柳橫坡。
"Tiểu kiều thông Nhược Gia chi khê,",小橋通若耶之溪，
Khúc kính tiếp Thiên Thai chi lộ.,曲徑接天台之路。
"Thạch trung thanh lưu trích trích, ly lạc phiêu hương;",石中清流滴滴，籬落飄香；
"Thụ đầu hồng diệp phiên phiên, sơ lâm như hoạ.",樹頭紅葉翩翩，疏林如畫。
"Tây phong xạ khẩn, do thính oanh đề;",西風乍緊，猶聽鶯啼；
"Noãn nhật thường huyên, hựu thiêm cung ngữ.",暖日常暄，又添蛩語。
"Dao vọng đông nam, kiến kỷ xứ y sơn chi tạ;",遙望東南，建幾處依山之榭；
"Cận quan tây bắc, kết tam gian lâm thuỷ chi hiên.",近觀西北，結三間臨水之軒。
"Sinh hoàng doanh toạ, biệt hữu u tình;",笙簧盈座，別有幽情；
"La ỷ xuyên lâm, bội thiêm vận trí.",羅綺穿林，倍添韻致。
"Lưỡng loan tự xúc phi xúc quyến yên my,",兩彎似蹙非蹙罥煙眉，
Nhất song tự hỉ phi hỉ hàm tình mục.,一雙似喜非喜含情目。
"Thái sinh lưỡng yếp chi sầu,",態生兩靨之愁，
Kiều tập nhất thân chi bệnh.,嬌襲一身之病。
"Lệ quang điểm điểm,",淚光點點，
Kiều suyễn vi vi.,嬌喘微微。
"Nhàn tĩnh tự kiều hoa chiếu thuỷ,",閑靜似嬌花照水，
Hành động như nhược liễu phù phong.,行動如弱柳扶風。
"Tâm giảo Tỷ Can đa nhất khiếu,",心較比干多一竅，
Bệnh như Tây Tử thắng tam phân.,病如西子勝三分。
"Thượng chương Khốn Đôn chi tuế, Giả tử tế thi chi tịch, Cối Kê Kiết Kiếm sinh đẳng cẩn dĩ hàn tuyền lãnh hoa, tự thư thần Trường Ân, nhi chuế chi dĩ lý từ viết:","上章困敦之歲,賈子祭詩之夕，會稽戛劍生等謹以寒泉冷華，祀書神長恩，而綴之以俚詞曰："
"Kim chi tịch hề trừ tịch,",今之夕兮除夕，
Hương diễm nhân uẩn hề chúc diễm xích.,香焰絪縕兮燭焰赤。
"Tiền thần tuý hề tiền nô mang,",錢神醉兮錢奴忙，
Quân độc hà vi hề thủ tàn tịch?,君獨何為兮守殘籍？
"Hoa diên khai hề lạp tửu hương,",華筵開兮腊酒香，
Canh điểm điểm hề dạ trường.,更點點兮夜長。
"Nhân huyên hô hề nhập tuý hương,",人喧呼兮入醉鄉，
Thuỳ trãi quân hề nhất trường.,誰薦君兮一觴。
"Tuyệt giao a đổ hề thượng thặng tàn thư,",絕交阿堵兮尚剩殘書，
Bả tửu đại hô hề quân lâm ngã cư.,把酒大呼兮君臨我居。
"Tương kỳ hề vân dư,",湘旗兮芸輿，
Khiết Mạch vọng hề giá đố ngư.,挈脈望兮駕蠹魚。
"Hàn tuyền hề cúc thư,",寒泉兮菊菹，
Cuồng tụng “Ly tao” hề vi quân ngu.,狂誦《离騷》兮為君娛。
"Quân chi lai hề vô từ từ,",君之來兮毋徐徐，
Quân hữu Tất phi hề Quản Thành hầu.,君友漆妃兮管城侯。
"Hướng bút hải nhi khiếu ngạo hề,",向筆海而嘯傲兮，
Ỷ văn trủng dĩ yêm lưu.,倚文塚以淹留。
"Bất phương đạo Mạch vọng nhi đăng tiên hề,",不妨導脈望而登仙兮，
Dẫn đố ngư chi lai du.,引蠹魚之來游。
"Tục đinh sanh phụ hề vi quân cừu,",俗丁傖父兮為君仇，
Vật sử lý quắc hề tăng quân tu.,勿使履閾兮增君羞。
"Nhược phất thính hề chỉ dĩ ngô câu,",若弗聽兮止以吳鉤，
"Thị chi “Khâu”, “Sách” hề cức kỳ hầu.",示之《丘》《索》兮棘其喉。
"Lệnh quản thành thoát dĩnh dĩ xuất hề,",令管城脫穎以出兮，
Sử bỉ chuyết chuyết dĩ tâm ưu.,使彼惙惙以心懮。
"Ninh chiêu thư tích hề lai thi tù,",寧招書癖兮來詩囚，
Quân vi ngã thủ hề nhạc vị hưu.,君為我守兮樂未休。
"Tha niên cần mậu nhi tê hương hề,",他年芹茂而樨香兮，
Dị tịch dĩ tương thù.,異籍以相酬。
"Y dư Thành Thang, tuấn triết ôn lương.",猗歟成湯，濬哲溫良。
Nhân phong táp đạp hề cửu hữu; nghĩa võ hiển hách hề tứ phương.,仁風馺沓兮九有；義武顯赫兮四方。
Nãi trượng đại thuận; cách Hạ uy Thương.,乃丈大順；革夏委商。
Tham thiên địa dĩ lập cực; chính vạn quốc chi kỷ cương.,參天地以立極；正萬國之紀綱。
Tảo phân ai ư tuyệt vực; đào nguyên khí ư hà hoang.,掃氛埃於絕域；陶元氣於遐荒。
Nhiên do tàm di đức chi vị nhất; khủng đại đạo chi mị thường.,然由慚台德之未一；恐大道之靡常。
Nãi mậu chiêu kỳ đại đức; tư dư nhật nhi tề quang.,乃懋昭其大德；思與日而齊光。
Viên tác bàn dĩ nhật tục; thứ táo tuyết nhi chiêu chương.,爰作盤以日俗；庶澡雪而昭彰。
Thị bàn dã:,是盤也：
Hình mô kiên phác; khí lượng khôi hồng.,形模堅朴；器量恢洪。
Viên quy tượng nhật; thụ phù hàm không.,圓規象日；受夫含空。
Trạm trạm hồ ba quang chi đãng dạng; uyên uyên hồ thuỷ sắc chi linh lung.,湛湛乎波光之蕩漾；淵淵乎水色之玲瓏。
Trĩ Liêm Tuyền nhi trần Thái Trạch; nô Thừa Lộ nhi trĩ Kim Đồng.,涬廉泉而塵太澤；奴承露而稚金銅。
Thử ngô tri kỳ phi đồ sự ư tẩy địch; nhi tất thuỳ huấn ư vô cùng giả dã.,此吾知其非徒事於洗滌，而必垂訓於無窮者也。
"Cái nhật giả, quân chi tượng; bàn giả, nguyệt chi hình.",蓋日者君之象；盤者月之形。
Tuy viên phách bất dịch kỳ cựu thể; nhi linh diệu thường đổ kỳ tân minh.,雖圓魄不易其舊體；而靈曜常覩其新明。
Niệm thánh nhân chi thể đạo; cố ư tư nhi hữu đắc.,念聖人之體道；固於斯而有得。
Nguyên giáng trung chi hằng tính; nhược nhật nguyệt chi hách dịch.,原降衷之恆性；若日月之赫奕。
Khủng tư dục chi nhất manh; như vân vụ chi tứ tắc.,恐私慾之一萌；如雲霧之四塞。
Luỵ chí tính chi hư minh; thất bản tâm chi động triệt.,累至性之虛明；失本心之洞徹。
Nãi tác minh ư tư bàn; ngụ chí thành chi bất tức.,乃作明於斯盤；寓至誠之不息。
Ký táo tuyết kỳ hôn ai; hựu khắc minh ư tuấn đức.,既澡雪其昏埃；又克明於俊德。
Vu dĩ tồn tỉnh sát chi công; vu dĩ cực hàm dưỡng chi lực.,于以存省察之功；于以極函養之力。
Vu dĩ chiêu trạc trạc chi linh; vu dĩ trứ hoàng hoàng chi thực.,于以昭濯濯之靈；于以著煌煌之寔。
Vu dĩ tiêu chí thiện ư tư dân; vu dĩ tẩy cựu ô ư vạn quốc.,于以標至善於斯民；于以洗舊污於萬國。
"Vu dĩ thích tiền nhật chi tàm tâm, vu dĩ thuỳ hậu vương chi phi tắc.",于以釋前日之慚心；于以垂後王之丕則。
Thử kỳ công dụng khả dĩ phối ư càn khôn; tính tình khả dĩ đồng ư nhật nguyệt.,此其功用可以配於乾坤；性情可以同於日月。
"Khởi chỉ sơ luân kỳ bì phu, nhi vọng nhất thân chi quyên khiết dã tai.",豈止疏淪其皮膚；而望一身之蠲潔也哉。
Tưởng kỳ:,想其：
Trường mộc tắc hưu tường trường phát; nhật dục tắc thánh kính nhật tê.,長沐則休祥長發；日浴則聖敬日躋。
Lẫm lẫm hồ nhược lâm uyên chi khủng truỵ; lãnh lãnh hồ nhược khải ốc chi dĩ thuỳ.,凜凜乎若臨淵之恐墜；冷冷乎若啟沃之已垂。
Ký tiễn phất ư Tang Lâm chi đảo vũ; hựu trai túc ư Sằn Dã chi tệ nghi.,既湔祓於桑林之禱雨；又齋肅於莘野之弊儀。
"Ác phát vị hy, tư thi trạch ư bách tính; táo thân nhi tịnh, chiêu tuấn khiết ư cửu vi.",握髮未晞，思施擇於百姓；澡身而淨，昭濬潔於九圍。
Bàn nhất dụng nhi minh nhất quy; tâm dũ oánh nhi đức dũ huy.,盤一用而銘一規；心愈瑩而德愈輝。
Kỵ phù:,暨夫：
"Khắc khoan khắc nhân, chương tín triệu dân.",克寬克仁，彰信兆民。
"Bách lộc thị tổng, vi thiên hạ dân.",百祿是總，為天下民。
"Thể càn khôn chi phúc tái, dữ vạn vật nhi vi xuân.",体乾坤之覆載，與萬物而為春。
"Duẫn đức hiệp hạ, vạn bang duy tân.",允德協下，萬邦維新。
"Vô tệ khả trừ, chính sự nhật thuần.",無弊可除，政事日醇。
"Vật thái dĩ chi nhi dung tiết, dân phong dĩ chi chân thuần.",物態以之而溶潷；民風以之真淳。
"Diệc mạc bất do ư tư bàn, dĩ thành hoà khí chi nhân uân giả dã!",亦莫不由於斯盤，以成和器之氤氳者也。
Ta phù!,嗟夫！
"Đạo bất tự hiện, dĩ khí nhi hiện; khí bất tự thọ, dĩ minh nhi thọ.",道不自見，以器而見；器不自壽，以銘而壽。
Kỳ Dương chi cổ thập; Đại Vũ chi đỉnh cửu.,岐陽之鼓十；大禹之鼎九。
Bỉ chí bảo chi thượng nhân; huống minh bàn chi bất hủ.,彼至寶之尚湮；況銘盤之不朽。
Cẩu nhật tân chi vô văn; tín ư nhĩ hồ hà hữu.,苟日新之無聞；信於爾乎何有。
Thử dư sinh chi trường cần; xí tiền tu nhi kỷ hậu.,此予生之長勤；企前羞而己後。
Liêu tác ca dĩ tự miễn; nguyện trì thành ư vĩnh cửu.,聊作歌以自勉；願持誠於永久。
Ca viết:,歌曰：
"Thang bàn hề hách hi,",湯盤兮赫曦，
Tượng nhật hề quyên quy.,象日兮捐規。
"Quần sinh hề nhuận trạch,",群生兮潤澤，
Thánh kính hề nhật tê.,聖敬兮日躋。
"Bàn minh hề cửu tự,",盤銘兮九字，
Thiên cổ hề bất truỵ.,千古兮不墜。
"Nhân dục hề tịnh tận,",人欲兮淨盡，
Thánh đức hề quang huy.,聖德兮光輝。
"Ta dư sinh hề nhật tụng,",嗟予生兮日誦，
Thứ dư học hề tập hy.,庶予學兮緝熙。
"Kỳ vạn vũ hề ngọc chúc,",其萬宇兮玉燭，
Ngưỡng ngô đạo hề trùng hy.,仰吾道兮重熙。
"Sở Tương Vương dữ Tống Ngọc du ư Vân Mộng chi phố, sử Ngọc phú Cao Đường chi sự. Kỳ dạ vương tẩm, quả mộng dữ Thần nữ ngộ, kỳ trạng thậm lệ. Vương dị chi, minh nhật dĩ bạch Ngọc.",楚襄王與宋玉遊於雲夢之浦，使玉賦高唐之事。其夜王寢，果夢與神女遇，其狀甚麗。王異之，明日以白玉。
Ngọc viết: Kỳ mộng nhược hà?,玉曰：其夢若何？
"Vương đối viết: Bô tịch chi hậu, tinh thần hoảng hốt, nhược hữu sở hỉ. Phân phân nhiễu nhiễu, vị tri hà ý. Mục sắc phảng phất, sạ nhược hữu ký. Kiến nhất phụ nhân, trạng thậm kỳ dị. Mị nhi mộng chi, ngụ bất tự chí. Võng hề bất lạc, trướng nhiên thất chí. Ư thị phủ tâm định khí, phục kiến sở mộng.",王對曰：晡夕之後，精神怳忽，若有所喜。紛紛擾擾，未知何意。目色髣髴，乍若有記。見一婦人，狀甚奇異。寐而夢之，寤不自識。罔兮不樂，悵然失志。於是撫心定氣，復見所夢。
Ngọc viết: Trạng hà như dã?,玉曰：狀何如也？
"Vương viết: Mậu hĩ mỹ hĩ, chư hảo bị hĩ. Thịnh hĩ lệ hĩ, nan trắc cứu hĩ. Thượng cổ ký vô, thế sở vị kiến. Khôi tư vĩ thái, bất khả thắng tán. Kỳ thuỷ lai dã, diệu hồ nhược bạch nhật sơ xuất chiếu ốc lương. Kỳ thiểu tiến dã, hạo nhược minh nguyệt thư kỳ quang. Tu du chi gian, mỹ mạo hoành sinh. Diệp hề như hoa, ôn hồ như oánh. Ngũ sắc tịnh trì, bất khả đàn hình. Tường nhi thị chi, đoạt nhân mục tinh. Kỳ thịnh sức dã, tắc la hoàn ỷ hội thịnh văn chương, cực phục diệu thái chiếu vạn phương. Chấn tú y, bị quái thường. Nùng bất đoản, tiêm bất trường. Bộ duệ duệ hề diệu điện đường. Hốt hề cải dung, uyển nhược du long thừa vân tường. Đoạ bị phục, đoái bạc trang. Mộc lan trạch, hàm nhược phương. Tính hoà thích, nghi thị bàng. Thuận tự ti, điều tâm trường.",王曰：茂矣美矣，諸好備矣。盛矣麗矣，難測究矣。上古既無，世所未見。瑰姿瑋態，不可勝贊。其始來也，耀乎若白日初出照屋梁。其少進也，皎若明月舒其光。須臾之間，美貌橫生。曄兮如華，溫乎如瑩。五色並馳，不可殫形。詳而視之，奪人目精。其盛飾也，則羅紈綺繢盛文章，極服妙采照萬方。振繡衣，被褂裳。穠不短，纖不長。步裔裔兮曜殿堂。忽兮改容，婉若遊龍乘雲翔。嫷被服，侻薄裝。沐蘭澤，含若芳。性和適，宜侍旁。順序卑，調心腸。
Vương viết: Nhược thử thịnh hĩ! Thí vi quả nhân phú chi.,王曰：若此盛矣！試為寡人賦之。
Ngọc viết: Duy duy.,玉曰：唯唯。
"Phù hà Thần nữ chi giảo lệ hề, hàm âm dương chi ác sức.",夫何神女之姣麗兮，含陰陽之渥飾。
"Bị hoa tảo chi khả hảo hề, nhược phí thuý chi phấn dực.",被華藻之可好兮，若翡翠之奮翼。
"Kỳ tượng vô song, kỳ mỹ vô cực.",其象無雙，其美無極。
"Mao Tường chương duệ, bất túc trình thức.",毛嬙鄣袂，不足程式。
"Tây Thi yểm diện, tỉ chi vô sắc.",西施掩面，比之無色。
"Cận chi ký yêu, viễn chi hữu vọng.",近之既妖，遠之有望。
"Cốt pháp đa kỳ, ưng quân chi tướng.",骨法多奇，應君之相。
"Thị chi doanh mục, thục giả khắc thượng.",視之盈目，孰者克尚。
"Tư tâm độc duyệt, lạc chi vô lượng.",私心獨悅，樂之無量。
"Giao hy ân sơ, bất khả tận sướng.",交希恩疏，不可盡暢。
"Tha nhân mạc đổ, vương lãm kỳ trạng.",他人莫睹，王覽其狀。
"Kỳ trạng nga nga, hà khả cực ngôn.",其狀峨峨，何可極言。
"Mạo phong doanh dĩ trang xu hề, bao ôn nhuận chi ngọc nhan.",貌豐盈以莊姝兮，苞溫潤之玉顏。
"Mâu tử quýnh kỳ tinh lãng hề, liễu đa mỹ nhi khả quan.",眸子炯其精朗兮，瞭多美而可觀。
"My liên quyên dĩ nga dương hề, châu thần đích kỳ nhược đan.",眉聯娟以蛾揚兮，朱脣的其若丹。
"Tố chất cán chi nùng thực hề, chí giải thái nhi thể nhàn.",素質幹之醲實兮，志解泰而體閑。
"Ký quỷ hoạ ư u tĩnh hề, hựu bà sa hồ nhân gian.",既姽嫿於幽靜兮，又婆娑乎人間。
"Nghi cao điện dĩ quảng ý hề, dực phóng túng nhi xước khoan.",宜高殿以廣意兮，翼放縱而綽寬。
"Động vụ hộc dĩ từ bộ hề, phất trì thanh chi san san.",動霧縠以徐步兮，拂墀聲之珊珊。
"Vọng dư duy nhi duyên thị hề, nhược lưu ba chi tương lan.",望余帷而延視兮，若流波之將瀾。
"Phấn trường tụ dĩ chính nhẫm hề, lập trịch trục nhi bất an.",奮長袖以正衽兮，立躑躅而不安。
"Đạm thanh tĩnh kỳ am ế hề, tính trầm tường nhi bất phiền.",澹清靜其愔嫕兮，性沈詳而不煩。
"Thì dung dữ dĩ vi động hề, chí vị khả hồ đắc nguyên.",時容與以微動兮，志未可乎得原。
"Ý tự cận nhi ký viễn hề, nhược tương lai nhi phục toàn.",意似近而既遠兮，若將來而復旋。
"Khiên dư trù nhi thỉnh ngự hề, nguyện tận tâm chi quyền quyền.",褰余幬而請御兮，願盡心之惓惓。
"Hoài trinh lượng chi khiết thanh hề, tốt dữ ngã hề tương nan.",懷貞亮之絜清兮，卒與我兮相難。
"Trần gia từ nhi vân đối hề, thổ phân phương kỳ nhược lan.",陳嘉辭而云對兮，吐芬芳其若蘭。
"Tinh giao tiếp dĩ lai vãng hề, tâm khải khang dĩ lạc hoan.",精交接以來往兮，心凱康以樂歡。
"Thần độc hanh nhi vị kết hề, hồn quỳnh quỳnh dĩ vô đoan.",神獨亨而未結兮，魂煢煢以無端。
"Hàm nhiên nặc kỳ bất phân hề, vị dương âm nhi ai thán.",含然諾其不分兮，喟揚音而哀歎。
"Bình bạc nộ dĩ tự trì hề, tằng bất khả hồ phạm can.",頩薄怒以自持兮，曾不可乎犯干。
"Ư thị dao bội sức, minh ngọc loan.",於是搖珮飾，鳴玉鸞。
"Chỉnh y phục, liễm dung nhan.",整衣服，歛容顏。
"Cố nữ sư, mệnh thái phó.",顧女師，命太傅。
"Hoan tình vị tiếp, tương từ nhi khứ.",歡情未接，將辭而去。
"Thiên duyên dẫn thân, bất khả thân phụ.",遷延引身，不可親附。
"Tự thệ vị hành, trung nhược tương thủ.",似逝未行，中若相首。
"Mục lược vi miện, tinh thái tương thụ.",目略微眄，精彩相授。
"Chí thái hoành xuất, bất khả thắng ký.",志態橫出，不可勝記。
"Ý ly vị tuyệt, thần tâm phố phúc.",意離未絕，神心怖覆。
"Lễ bất hoàng cật, từ bất cập cứu.",禮不遑訖，辭不及究。
"Nguyện giả tu du, Thần nữ xưng cự.",願假須臾，神女稱遽。
"Hồi trường thương khí, điên đảo thất cứ.",徊腸傷氣，顛倒失據。
"Ám nhiên nhi minh, hốt bất tri xứ.",闇然而暝，忽不知處。
"Tình độc tư hoài, thuỳ giả khả ngữ?",情獨私懷，誰者可語？
"Trù trướng thuỳ thế, cầu chi chí thự.",惆悵垂涕，求之至曙。
"Bộc bố huyền sương, long đê ỷ không.",瀑布懸霜，龍隄倚空。
"Tản Viên xanh không nhi trấn bắc, Đà giang thấu ngọc dĩ lưu đông.",傘圓撐空而鎮北，沱江漱玉以流東。
"Thử thiên địa thiết hiểm, dĩ tráng Nam cực khôn duy chi thế; nhi Nghệ Hoàng trú tất, dĩ khai vạn thế trung hưng chi công.",此天地設險，以壯南極坤維之勢；而藝皇駐驆，以開萬世中興之功。
"Quan kỳ: liên lạc Lao quan, khống ách Vân kiêu.",觀其：聯洛牢關，控扼雲徼。
"Khâm đái bách Man, hầu yết lục Chiếu.",襟帶百蠻，喉咽六詔。
"Toàn ngoan tù tốt, vạn sơn hoàn ủng nhi thanh lai; đãng quyết uông dương, chúng thuỷ bôn đằng nhi bạch nhiễu.",嶜岏崷崒，萬山環擁而青來；蕩潏汪洋，眾水奔騰而白繞。
Hãn chư trấn chi hạn phiên; cứ thượng lưu chi tân yếu.,捍諸鎮之限藩；據上流之津要。
"Nhĩ nãi: tiện nam quát bách, kỷ tử dự chương.",爾乃：楩柟栝柏，杞梓豫章。
Thúc mạch bái bái hề đôi lũng; tang ma truỵ truỵ hề thành hàng.,菽麥旆旆兮堆壟，桑麻隧隧兮成行。
"Vũ mao xỉ cách hề, ba cập ư lân giới; kim ngân châu ngọc hề, diễn dật ư biên cương.",羽毛齒革兮，波及於鄰界；金銀珠玉兮，衍溢於邊疆。
"Tra phù sách dẫn, điểu đạo thố khanh.",槎浮索引，鳥道兔坑。
"Liễn sâm hiến chí, phủ ngưỡng quan quang.",輦琛獻贄，俯仰觀光。
"Thành vi quốc gia chi ngoại phủ, nhi vạn bảo chi sở trân tàng.",誠為國家之外府，而萬寶之所珍藏。
"Tư tích: ngao cực chấn kinh, la đồ điên chí.",思昔：鰲極震驚，蘿圖顛躓。
"Ách tao tứ bách, vận đinh nhuận quý.",厄遭四百，運丁潤季。
"Hoang dâm vô độ, Xương Vương di Hán tộ chi long; hồ mị phi xương, Vũ thị thiết Đường gia chi khí.",荒淫無度，昌王移漢祚之隆；狐媚披猖，武氏竊唐家之器。
"Nhật nguyệt hôn nhi vô quang, thiên địa lẫm kỳ tương huỷ.",日月昏而無光，天地凜其將毀。
"Duy Nghệ Hoàng chi hiềm thân, thường tiểu tâm chi chuý chuý.",惟藝皇之嫌親，常小心之惴惴。
"Đãi vô khả ư nại hà, nãi nhập sơn nhi đào tỵ.",逮無可於奈何，乃入山而逃避。
"Môn la vạn lý, nhi tuyết nhiễm thiên hành; hồi thủ thất lăng, nhi huyết ban song lệ.",捫蘿萬里，而雪染千莖；回首七陵，而血班雙淚。
"Chiêm thuý hoa hề dao dao, nghiễm lục long chi lệ chỉ.",瞻翠華兮搖搖，儼六龍之淚止。
"Hấp chư hầu hề ảnh tòng, ống quần anh hề khuân chí.",翕諸侯兮影從，蓊群英兮麇至。
"Hùng bi chi sĩ, tam thiên nhi đồng tâm; tì hổ chi quân, bách vạn nhi lai tuỵ.",熊羆之士，三千而同心；貔虎之軍，百萬而來萃。
"Chỉnh đại giá dĩ hồi kinh, tân hồ tương nhi nghinh quĩ.",整大駕以回京，繽壺漿而迎餽。
"Chỉ huy nhi yêu nghiệt nghinh hàng, đàm tiếu nhi hung đồ tống tử.",指揮而妖孽迎降，談笑而兇徒送死。
"Tẩy lục hợp chi tinh chiên, đãng cung đình chi phân ế.",洗六合之腥羶，蕩宮庭之氛翳。
"Huyền nhật nguyệt ư trung thiên, điện phi cơ ư vạn thế.",懸日月於中天，奠丕基於萬世。
"Nhiên hậu tri: Nghệ Hoàng vi tư trấn, an năng chí thành công chi nguy nguy;",然後知：藝皇微斯鎮，安能至成功之巍巍；
"Tư trấn vi Nghệ Hoàng, an năng xứng gia danh chi vĩ vĩ tai!",斯鎮微藝皇，安能稱嘉名之煒煒哉！
Ô hô! Y hi!,嗚呼！噫嘻！
"Vân Sạn oanh vu, Kiếm Các khung sùng, tuy túc dĩ thoát Minh Hoàng chi nạn, nhi Ngọc Luỹ yêm lưu, bất năng hồi Đường triệt nhi đông;",雲棧縈紆，劍閣穹崇，雖足以脫明皇之難，而玉纍淹流，不能回唐轍而東；
"Hào Lũng hiểm trở, Lạc Dương thích trung, tuy túc dĩ chí Bình Vương chi hạnh, nhi ngũ thành tự tiểu, bất năng phản Kỳ Chu chi Phong.",淆隴險阻，洛陽適中，雖足以至平王之幸，而五城自小，不能返岐周之封。
"Nhiên hậu tri: Nghệ Hoàng chi công, Thiên Hưng chi trấn, lịch vạn thế nhi mạc dữ chi thất mỹ nhi tỷ long dã.",然後知：藝皇之功，天興之鎮，歷萬世而莫與之匹美而比隆也。
Nãi bái thủ khể thủ nhi vi chi ca viết:,乃拜手稽首而為之歌曰：
"Tráng tai Thiên Hưng, vi Nam phương chi biểu cực hề.",壯哉天興，為南方之表極兮。
"Khải ngã hoàng đồ thuỳ thiên ức hề,",啟我皇圖垂千憶兮，
"Ô duy Nghệ Hoàng, bất thị hiểm nhi thị đức hề.",於維藝皇，不恃險而恃德兮。
"Dã hấp, dã tịch:",也翕，也闢；
"Hà lự, hà tư?",何慮，何思？
Cái đào chú chi do mệnh;,蓋陶鑄之由命；
Khởi trí lực chi năng vi?,豈智力之能為？
"Thiên quân thái nhiên, tuân đạo hồ vô phản vô trắc;",天君泰然，遵道乎無反無側；
"Thượng đế lâm nhữ, thuận tắc ư bất thức bất tri.",上帝臨汝，順則於不識不知。
Hà vi thiên?,何為天？
Hạo hạo vô ngân;,浩浩無垠；
Dương dương tuấn cực.,洋洋峻極。
Vân hành vũ thí các lưu hình;,雲行雨施各流形；
Nhật vãng nguyệt lai vô hưu tức.,日往月來無休息。
"Cổ chú cơ giam mặc vận, thảm tắc vạn vật giai thảm, thư tắc vạn vật giai thư;",鼓鑄機緘默運，慘則萬物皆慘，舒則萬物皆舒；
"Phát sinh đạo lí tự nhiên, bạch giả vạn cổ thường bạch, hắc giả vạn cổ thường hắc.",發生道理自然，白者萬古常白，黑者萬古常黑。
Hà vị thiên quân?,何謂天君？
Linh đài oánh tĩnh;,靈臺瑩靜；
Hư thất linh lung.,虛室玲瓏。
"Vô ý, tất, cố, ngã;",無意，必，固，我；
"Tri cương, nhu, biến, thông.",知剛，柔，變，通。
"Dụng tắc hành, xả tắc tàng, xuất, xử, ngữ, mặc, giai thông hồ thời nghĩa;",用則行，舍則藏，出，處，語，黙，皆通乎時義；
"Ngôn chi tín, hành chi quả, tử, sinh, kinh, cụ, bất nhập hồ hung trung.",言之信，行之果，死，生，驚，懼，不入乎胸中。
Cố quân tử:,故君子：
Tri sở thao trì;,知所操持；
Tại tư trừu dịch.,在茲紬繹。
Ung ung dĩ nhạ giai giai;,雍雍以迓喈喈；
Đãng đãng nhi vô thích thích.,蕩蕩而無戚戚。
"Cung kính nhi sự thượng, như phong tòng hổ, vân tòng long;",恭敬而事上，如風從虎，雲從龍；
"Minh triết dĩ bảo thân, vô cứ vu lê, khốn vu thạch.",明哲以保身，毋據于藜，困于石。
Nãi năng:,乃能：
Cát vô bất lợi;,吉無不利；
Động võng phất tàng.,動罔弗藏。
Khả dĩ nhậm trọng trí viễn;,可以任重致遠；
Ư yên thụ chỉ phát tường.,於焉受祉發祥。
"Hưởng quân tử chi bị phúc, hoàn quân tử chi lệnh danh, Thiên bảo: “Tỉ nhĩ tiển cốc”;",享君子之備福，完君子之令名，天保：「俾爾戩榖」；
"Cư thiên hạ chi quảng cư, hành thiên hạ chi đạt đạo, Hồng phạm: “Thân kỳ khang cường”.",居天下之廣居，行天下之達道，洪範：「身其康彊」。
Thí quan:,試觀：
Tái chư giản biên;,載諸簡編；
Túc vi giám giới.,足為監戒。
"Khuất Nguyên, Giới Tử, cô phẫn tự tường;",屈原，介子，孤憤自戕；
"Linh Vận, Hy Chi, khinh đầu thủ bại.",靈運，羲之，輕投取敗。
"Quách Phần Dương an nghĩa mệnh, trượng trung tín, thiếu quý, lão toàn;",郭汾陽安義命，仗忠信，少貴，老全；
"Lã Bình Chương xử đại sự bất hồ đồ, quốc an, gia thái.",呂平章處大事，不糊塗，國安，家泰。
Cư ngô ngữ tử:,居吾語子：
Vi thần bất dị;,為臣不易；
Hành lộ thậm nan.,行路甚難。
Đầu giác tuy vân ngang tủng;,頭角雖云昂聳；
Mấn mao hốt dĩ thương ban.,鬢髦忽已蒼班。
"Thượng hạ vô thường, tiến thoái vô hằng, thả yếu cần hành bất tức;",上下無常，進退無恆，且要勤行不息；
"Tây nam vi di, đông bắc vi hiểm, tất tư thuận xử nãi an.",西南為夷，東北為險，必思順處乃安。
Thâm tư tai:,深思哉：
Thái Thanh nhất chung;,太清一鐘；
Đại yến tam tước.,大燕三爵。
Tu giác ngộ ư vị minh;,須覺悟於未明；
Vật trầm hàm nhi tự ngược.,勿沈酣而自虐。
"Thời suy di nhi biến hoá, luân đàn tuỳ dữ vãng lai;",時推移而變化，輪彈隨與往來；
"Cương đoản chiết nhu cửu trường, xỉ thiệt khởi tranh cường nhược.",剛短折柔久長，齒舌豈爭彊弱。
"Dư cái luận tính mệnh chi nhất đoan,",余蓋論性命之一端，
Nhược toàn thể xứ thượng do thương hải chi nhất thược!,若全體處，尚猶滄海之一勺！
"Y tích đế đình,",伊昔帝庭，
Hữu thần Cửu Linh.,有臣九齡。
"Hoài đan bão tố,",懷丹抱素，
Hàm hoa thổ anh.,含華吐英。
Động đạt hồ trị loạn chi lý; cảm thông hồ hiến thế chi thành.,洞達乎治亂之理；感通乎獻替之誠。
Nãi toản thuật kỳ hưng phế; dụ quyết giám chi thậm minh.,乃纂述其興廢；喻厥鑑之甚明。
Ư thị:,於是：
Vận ứng thiên thu; thần đương lệnh tiết.,運應千秋；辰當令節。
Y dư hưu tai; kỳ ý nhược viết:,猗歟休哉；其意若曰：
"Linh phinh quy hạc, khởi túc vi chúc thánh chi phù; đản mạn thần tiên, hồ khả ngữ trường sinh chi quyết.",竛竮龜鶴，豈足為祝聖之符；誕謾神仙，胡可語長生之訣。
Thị giám dã:,是鑑也：
Chí tinh chí minh; ký dung ký triệt.,至精至明；既融既徹。
Đạo đức quảng hồ quy mô; lễ nghĩa kiên hồ kim thiết.,道德廣乎規模；禮義堅乎金鐵。
Lẫm kỳ khí hề băng sương; bính kỳ văn hề nhật nguyệt.,凜其氣兮冰霜；炳其文兮日月。
Chiếu chi hôn giả khả sử minh; ma chi ngu giả khả sử triết.,照之昏者可使明；磨之愚者可使哲。
Nhân tái tả dĩ tái trình; dụng viên minh nhi viên khiết.,因載寫以載呈；用爰明而爰潔。
Phi độc quy mỹ ư ngô quân; nhi khả dĩ vi vạn thế chi quỹ triệt.,非獨歸美於吾君；而可以為萬世之軌轍。
Đãi phù:,迨夫：
Kim môn ký tịch; ngọc lậu sơ tàn.,金門既闢；玉漏初殘。
Tương nguỵ hội thê hàng chi vạn quốc; long trì la kiếm bội chi thiên quan.,象魏會梯杭之萬國；龍墀羅劍佩之千官。
Hải vũ khánh hồng lưu chi thuỵ; tung hô đằng điện nhiễu chi hoan.,海宇慶虹流之瑞；嵩呼騰電繞之驩。
Cửu Linh nãi:,九齡乃：
Nga quan bệ trắc; tấn hốt yêu gian,峨冠陛側；搢笏腰間。
Dung nghi nghiêm túc; bộ vũ thư nhàn.,容儀嚴肅；步武舒閒。
Gián quần thần ư triều liệt; hồi nhất cố ư uy nhan.,間群臣於朝列；回一顧於威顏。
"Ký suy thành nhi hiến giám; phục khể thủ nhi phi can,",既推誠而獻鑑；復稽首而披肝。
Thần ngôn minh hồ tự giám; thần tâm hách hề nhược đan.,臣言明乎似鑑；臣心赫兮若丹。
Chúng chính ư thị hồ chí thư nhi khí khoát; quần tà ư thị hồ đảm lạc nhi mao hàn.,眾正於是乎志舒而氣豁；群邪於是乎膽落而毛寒。
Cố năng:,故能：
"Truy tung Bính, Hàn; tịnh mỹ Diêu, Tống.",追蹤丙韓；並美姚宋。
Chiếu phát Phủ chi gian tà; động kiến Lộc chi tình trạng dã.,照發甫之奸邪；洞見祿之情狀也。
Nhiên thường quái:,然常怪：
"Thái Tông hữu Nguỵ Trưng nhi vi giám dã, hồ vi bất năng trí Trinh Quán tam thập niên chi thái bình; Minh Hoàng diệc hữu Cửu Linh vi giám dã, hồ vi bất cứu Thiên Bảo mạt niên chi điên chí.",太宗有魏徵而為鑑也，胡為不能致貞觀三十年之太平；明皇亦有九齡為鑑也，乎為不救天寶末年之顛躓。
Cố sở dụng chi như hà; thiết hữu cảm ư Lý Đường chi sự.,顧所用之如何；竊有感於李唐之事。
Phương kim:,方今：
Tường khai thuỵ đán; khánh diệp xương kỳ.,祥開瑞旦；慶葉昌期。
Vạn niên ức niên tỷ thọ; nhất nhật nhị nhật duy ky.,萬年億年俾壽；一日二日惟幾。
"Giám ư tiên vương, tắc hữu tổ tông chi thành hiến; giám ư vãng sự tắc hữu kỳ ngải chi quang huy.",鑑於先王則有祖宗之成憲；鑑於往事則有耆艾之光輝。
"Dĩ trị loạn vi giám giả, thục mỹ thục ác; dĩ đắc thất vi giám giả thục nghiên thục si.",以治亂為鑑者，孰美孰惡；以得失為鑑者，孰妍孰媸。
"Thử ngu thần sở dĩ khể thủ hiến Thiên thu giám giả, kỳ thiên tử kỳ giám vu tư.",此愚臣所以稽首獻千秋鑑者，期天子其鑑于茲。
"Âu Dương tử phương dạ độc thư, văn hữu thanh tự tây nam lai giả, tủng nhiên nhi thính chi, viết: “Dị tai! Sơ tích lịch dĩ tiêu táp, hốt bôn đằng nhi phanh vi; như ba đào dạ kinh, phong vũ sậu chí; kỳ xúc ư vật dã, thung thung tranh tranh, kim thiết giai minh; hựu như phó địch chi binh, hàm mai tật tẩu, bất văn hiệu lệnh, đãn văn nhân mã chi hành thanh.” Dư vị đồng tử: “Thử hà thanh dã? Nhữ xuất thị chi!” Đồng tử viết: “Tinh nguyệt hiệu khiết, minh hà tại thiên; tứ vô nhân thanh, thanh tại thụ gian.”",歐陽子方夜讀書，聞有聲自西南來者，悚然而聽之曰︰「異哉﹗初淅瀝以瀟颯，忽奔騰而砰湃；如波濤夜驚，風雨驟至；其觸於物也，鏦鏦錚錚，金鐵皆鳴；又如赴敵之兵，啣枚疾走，不聞號令，但聞人馬之行聲。」予謂童子︰「此何聲也？汝出視之﹗」童子曰︰「星月皎潔，明河在天；四無人聲，聲在樹間。」
"Dư viết: “Y hy! Bi tai! Thử thu thanh dã, hồ vi hồ lai tai! Cái phu thu chi vi trạng dã, kỳ sắc thảm đạm, yên phi vân liễm; kỳ dung thanh minh, thiên cao nhật tinh; kỳ khí lật liệt, biêm nhân cơ cốt; kỳ ý tiêu điều, sơn xuyên tịch liêu. Cố vi kỳ thanh dã, thê thê thiết thiết, hô hiệu phấn phát, phong thảo lục nhục nhi tranh mậu, giai mộc thông lung nhi khả duyệt, thảo phất chi nhi sắc biến, mộc tao chi nhi diệp thoát; kỳ sở dĩ tồi bại linh lạc giả, nãi nhất khí chi dư liệt.",予曰︰「噫嘻﹗悲哉﹗此秋聲也，胡為乎來哉﹗蓋夫秋之為狀也，其色慘淡，煙霏雲歛；其容清明，天高日晶；其氣慄冽，砭人肌骨；其意蕭條，山川寂寥。故為其聲也，淒淒切切，呼號奮發，豐草綠縟而爭茂，佳木蔥蘢而可悅，草拂之而色變，木遭之而葉脫；其所以摧敗零落者，乃一氣之餘烈。
"“Phù thu, hình quan dã, ư thì vi âm; hựu binh tượng dã, ư hành vi kim. Thị vị thiên địa chi nghĩa khí, thường dĩ túc sát nhi vi tâm. Thiên chi sinh vật, xuân sinh thu thực, cố kỳ tại lạc dã, thương thanh chủ tây phương chi âm, di tắc vi thất nguyệt chi luật. Thương thương dã, vật ký lão nhi bi thương; di lục dã, vật quá thịnh nhi đương sát.",「夫秋、刑官也，於時為陰；又兵象也，於行為金。是謂天地之義氣，常以肅殺而為心。天之生物，春生秋實，故其在樂也，商聲主西方之音，夷則為七月之律。商傷也，物既老而悲傷；夷戮也，物過盛而當殺。
"“Ta phù! Thảo mộc vô tình, hữu thì phiêu linh; nhân vi động vật, duy vật chi linh. Bách ưu cảm kỳ tâm, vạn sự lao kỳ hình, hữu động hồ trung, tất dao kỳ tinh; nhi huống tư kỳ lực chi sở bất cập, ưu kỳ trí chi sở bất năng, nghi kỳ ác nhiên đan giả vi cảo mộc, y nhiên hắc giả vi tinh tinh. Nại hà phi kim thạch chi chất, dục dữ thảo mộc nhi tranh vinh! Niệm thuỳ vi chi tường tặc, diệc hà hận hồ thu thanh!”",「嗟夫﹗草木無情，有時飄零；人為動物，惟物之靈。百憂感其心，萬事勞其形，有動乎中，必搖其精；而況思其力之所不及，憂其智之所不能，宜其渥然丹者為槁木，黟然黑者為星星。奈何非金石之質，欲與草木而爭榮﹗念誰為之戕賊，亦何恨乎秋聲﹗」
"Đồng tử mạc đối, thuỳ đầu nhi thuỵ, đãn văn tứ bích trùng thanh tức tức, như trợ dư chi thán tức.",童子莫對，垂頭而睡，但聞四壁蟲聲唧唧，如助予之歎息。
"Nhâm Tuất chi thu, thất nguyệt ký vọng, Tô tử dữ khách phiếm chu du ư Xích Bích chi hạ. Thanh phong từ lai, thuỷ ba bất hứng, cử tửu chúc khách, tụng Minh nguyệt chi thi, ca Yểu điệu chi chương. Thiểu yên, nguyệt xuất ư đông sơn chi thượng, bồi hồi ư Đẩu Ngưu chi gian. Bạch lộ hoành giang, thuỷ quang tiếp thiên. Túng nhất vĩ chi sở như, lăng vạn khoảnh chi mang nhiên. Hạo hạo hồ như bằng hư ngự phong, nhi bất tri kỳ sở chỉ; phiêu phiêu hồ như di thế độc lập, vũ hoá nhi đăng tiên. Ư thị ẩm tửu lạc thậm, khấu huyền nhi ca chi. Ca viết:",壬戌之秋，七月既望，蘇子與客泛舟遊於赤壁之下。清風徐來，水波不興，舉酒屬客，誦明月之詩，歌窈窕之章。少焉，月出於東山之上，徘徊於斗牛之間。白露橫江，水光接天。縱一葦之所如，凌萬頃之茫然。浩浩乎如馮虛御風，而不知其所止；飄飄乎如遺世獨立，羽化而登仙。於是飲酒樂甚，扣舷而歌之。歌曰︰
"“Quế trạo hề lan tương,",「桂棹兮蘭槳，
"Kích không minh hề tố lưu quang,",擊空明兮泝流光。
"Diểu diểu hề ư hoài,",渺渺兮於懷，
Vọng mỹ nhân hề thiên nhất phương.”,望美人兮天一方。」
"Khách hữu xuy động tiêu giả, ỷ ca nhi hoạ chi; kỳ thanh ô ô nhiên, như oán như mộ, như khấp như tố, dư âm diểu diểu bất tuyệt như lũ; vũ u hác chi tiềm giao, khấp cô chu chi ly phụ.",客有吹洞蕭者，倚歌而和之，其聲嗚嗚然，如怨如慕，如泣如訴；餘音裊裊，不絕如縷；舞幽壑之潛蛟，泣孤舟之嫠婦。
"Tô tử sậu nhiên chính khâm, nguy toạ nhi vấn khách, viết:",蘇子愀然，正襟危坐，而問客曰︰
- Hà vi kỳ nhiên dã?,「何為其然也？」
Khách viết:,客曰︰
"- “Nguyệt minh tinh hy, ô thước nam phi”, thử phi Tào Mạnh Đức chi thi hồ? Tây vọng Hạ Khẩu, đông vọng Vũ Xương; sơn xuyên tương mâu, uất hồ thương thương, thử phi Mạnh Đức chi khốn ư Chu Lang giả hồ? Phương kỳ phá Kinh Châu, há Giang Lăng, thuận lưu nhi đông dã, trục lô thiên lý, tinh kỳ tế không, si tửu Lâm giang, hoành sáo phú thi, cố nhất thế chi hùng dã, nhi kim an tại tai? Huống ngô dữ tử, ngư tiều ư giang chử chi thượng, lữ ngư hà nhi hữu mi lộc, giá nhất diệp chi biển chu, cử bào tôn dĩ tương chúc, ký phù du ư thiên địa, diểu thương hải chi nhất túc. Ai ngô sinh chi tu du, tiện Trường Giang chi vô cùng, hiệp phi tiên dĩ ngao du, bão minh nguyệt nhi trường chung. Tri bất khả hồ sậu đắc, thác di hưởng ư bi phong.",「月明星稀，烏鵲南飛，此非曹孟德之詩乎？西望夏口，東望武昌；山川相缪，鬱乎蒼蒼；此非孟德之困於周郎者乎？方其破荊州，下江陵，順流而東也，舳艫千里，旌旗蔽空，釃酒臨江，橫槊賦詩；固一世之雄也，而今安在哉？況吾與子，漁樵於江渚之上，侶魚蝦而友糜鹿，駕一葉之扁舟，舉匏樽以相屬；寄蜉蝣於天地，渺滄海之一粟。哀吾生之須臾，羨長江之無窮；挾飛仙以遨遊，抱明月而長終。知不可乎驟得，托遺響於悲風。」
Tô tử viết:,蘇子曰︰
"- Khách diệc tri phù thuỷ dữ nguyệt hồ? Thệ giả như tư nhi vị thường vãng dã; doanh hư giả như bỉ nhi tốt mạc tiêu trưởng dã. Cái tương tự kỳ biến giả nhi quan chi, nhi thiên địa tằng bất năng dĩ nhất thuấn. Tự kỳ bất biến giả nhi quan chi, tắc vật dữ ngã giai vô tận dã, nhi hựu hà tiện hồ? Thả phù thiên địa chi gian, vật các hữu chủ. Cẩu phi ngô chi sở hữu, tuy nhất hào nhi mạc thủ. Duy giang thượng chi thanh phong, dữ sơn gian chi minh nguyệt, nhĩ đắc chi nhi vi thanh, mục ngộ chi nhi thành sắc. Thủ chi vô cấm, dụng chi bất kiệt. Thị tạo vật giả chi vô tận tàng dã, nhi ngô dữ tử chi sở cộng thích.",「客亦知夫水與月乎？逝者如斯，而未嘗往也；盈虛者如彼，而卒莫消長也。蓋將自其變者而觀之，而天地曾不能以一瞬。自其不變者而觀之，則物與我皆無盡也，而又何羨乎？且夫天地之間，物各有主。苟非吾之所有，雖一毫而莫取。惟江上之清風，與山間之明月，耳得之而為聲，目遇之而成色。取之無禁，用之不竭。是造物者之無盡藏也，而吾與子之所共適。」
"Khách hỉ nhi tiếu, tẩy trản cánh chước. Hào hạch ký tận, bôi bàn lang tạ. Tương dữ chẩm tạ hồ chu trung, bất tri đông phương chi ký bạch.",客喜而笑，洗盞更酌。肴核既盡，杯盤狼藉。相與枕藉乎舟中，不知東方之既白。
"Phong hoà nhật noãn,",風和日暖，
"Cảnh thanh vật u,",景清物幽。
"Vân gian ông hề tiêu dao du,",雲間翁兮逍遙遊，
"Thi nhất nang hề, tửu nhất hồ.",詩一囊兮酒一壼。
"Tụng giả ngũ, lục nhân,",從者五六人，
"“Thi vân”, “Tử viết” trù.",詩云子曰儔。
"Vấn tiên sinh hề hà chi,",問先生兮何之，
Dư tương phỏng hề bàn chi lưu.,余將訪兮蟠之流。
Ư thị:,於是：
"Thư từ tản bộ,",舒徐散步，
Dục khê thuỷ hử,浴溪水滸。
"Tầm độc lạc chi phương viên,",尋獨樂之芳園，
Phỏng vi kỳ chi danh thự.,訪圍棋之名墅。
"Thụ đối khách hề như nghinh,",樹對客兮如迎，
Hoa hướng nhân hề bất ngữ.,花向人兮不語。
"Kí phi phất dĩ ngâm nga,",既披拂以吟哦，
Nãi bồi hồi nhi diên trữ.,乃徘徊而延佇。
"Mao y ước hề ngạn thượng đình,",茅依約兮岸上亭，
"Ngoã sâm si hề thôn biên tự,",瓦參差兮村邊寺。
"Duy xuân thuỷ chi thanh liên,",帷春水之清漣，
Nhược thức dư chi tâm tự.,若識予之心緒。
Ký nhi:,既而：
"Viên trung chủ nhân,",園中主人，
"Khoái lô, canh thuần,",鱠鱸羹蓴。
"Hoảng bàn xan nhi trí bích,",洸盤餐而寘璧，
"Nghi phương thốn chi la trân,",疑方寸之羅珍。
"Hào phỉ tải hề tình thậm chân,",殽匪酨兮情甚真，
Tửu bất nùng hề cam như thuần.,酒不濃兮甘如醇。
"Bỉ mính đính hề tục ẩm,",鄙酩酊兮俗飲，
"Lạc thái hoà hề vi huân,",樂太和兮微薰。
"Thiết uất đào hề dư tâm,",切欝陶兮予心，
"Vọng tây phương hề mĩ nhân,",望西方兮美人，
Bỉ mĩ nhân hề ủng thuý vân.,彼美人兮擁翠雲。
"Ngũ Nhạc thâm hề Anh Vũ lâu,",五岳深兮鸚鵡樓，
Tam Quy tịch hề ngư long động.,三歸寂兮魚龍洞。
"Dịch lộ tam thiên hề thảo thụ vi,",驛路三千兮草樹微，
Hải môn thập nhị hề yên ba mộng.,海門十二兮煙波濛。
"Tưởng tử thát chi hà niên,",想紫闥之何年，
Thực Kinh sơn chi tại mộng.,實荊山之在夢。
"Chước nhất chước hề tuý như si,",酌一酌兮醉如癡，
Ngâm phục ngâm hề chiêm hựu vọng.,吟復吟兮瞻又望。
"Vọng tri kỷ hề thuỳ dữ quy,",望知己兮誰與歸？
Hồng hà lạc hề bạch vân phi.,紅霞落兮白雲飛。
"Cẩu vô oán hề quả oán,",苟無怨兮寡怨，
Năng bất tri hề thị tri.,能不知兮是知。
"Hồi như ngu hề lạc đan biều,",回如愚兮樂簞瓢，
Ung tự tại hề an sài phi.,雍自在兮安柴扉。
"Cổ Uyên Minh hề tố cầm,",鼓淵明兮素琴，
Ca Bát Khuyết hề ly huy.,歌八闋兮離徽。
"Quan thái hư hề tượng mang mang,",觀太虛兮象茫茫，
Phát thiên quang hề ngô hi hi.,發天光兮吾熙熙。
"Thí quan Hà thuỷ,",試觀河水，
"Uông dương thiên lý,",汪洋千里。
"Lưu hồi hoàn hề sinh lạc châu,",流迴還兮生落洲，
Phàm khứ lai hề danh lợi thị.,帆去來兮名利市。
"Vạn hạm kim qua hề, xuất hải nhưng,",萬艦金戈兮出海陾，
"Thiên trùng thiết võng hề, trầm giang để.",千重鐵網兮沈江底。
"Thị phi thành bại hề, nguyệt hà tâm.",是非成敗兮月何心，
"Đắc táng doanh khuy hề, vân vô ý.",得喪盈虧兮雲無意。
"Tiện điền thượng hề quần âu,",羡田上兮群鷗，
Tiếu khích trung hề lục ký.,笑隙中兮六驥。
Hà như:,何如：
"Cao ngâm khảo bàn,",高吟考盤，
Trường ca khứ lai.,長歌去來。
"Kim cúc hoa hề mãn kính,",金菊花兮滿徑，
"Ngọc lan hương hề doanh hoài,",玉蘭香兮盈懷。
"Tân đức, tân tâm hề, ba tiêu diệp,",新德新心兮芭蕉葉，
"Trạc anh, trạc túc hề, Thương Lang ôi.",濯纓濯足兮滄浪隈。
"Ngộ hoá công hề sinh ý,",悟化工兮生意，
Tĩnh trần cơ hề tử hôi.,靜塵機兮死灰。
"Thiên địa trung hề ngô minh mệnh,",天地中兮吾明命，
Vũ trụ nội hề ngô linh đài.,宇宙内兮吾靈臺。
"Mã sinh noãn hề, ngoại vật quan vật,",馬生卵兮外物觀物，
"Bằng phù dao hề, thiên nhai chi nhai.",鵬扶搖兮天涯之涯。
Nãi tòng nhi vi Ngô ca viết:,乃從而爲吳歌曰：
Kiển hà vi hề tịch nùng thuỵ?,蹇何爲兮夕儂睡，
Khương hà vi hề đán nùng khởi?,羌何爲兮旦儂起。
"Hy hà vi hề thuỷ nùng thuyền,",嘻何爲兮水儂船，
Ha hồ vi hề lục nùng chiên?,呵胡爲兮陸儂氈！
"Động, tĩnh, khuất, thân hề nhất thái cực,",動靜屈伸兮一太極，
Ngu giả minh hề trí giả thức.,愚者冥兮智者識。
"Phân náo phồn hoa hề lạc yến nê,",紛閙䌓花兮落燕泥，
Đạt giả khoát hề minh giả mê.,達者豁兮冥者迷。
"Đối hư không hề tâm tự tri,",對虛空兮心自知，
"Huề ngô tụng hề vịnh Vu, Nghi,",擕吾從兮詠雩沂。
"Vịnh Vu, Nghi hề quan xích tố;",詠雩沂兮觀尺素，
Đãn kiến:,但見：
"Hằng, Tâm, Hà, Hán,",恆心河漢，
"Nam, Bắc tinh huỳnh.",南北晶熒。
Thục chuyển luân hề đồng thử lộ?,孰轉輪兮同此路？
"Hậu xa hề bão xú, trường thành hề huyết tinh;",後車兮鮑臭，長城兮血腥；
"Long hưng hề Bái ấp, lộc tẩu hề Hàm Kinh.",龍興兮沛邑，鹿走兮咸京。
"Bạt Thanh Bình chi tiêm nhận, tru Bạch Đế chi âm tinh. Tảo phong trần ư lục hợp, quách vũ trụ nhi nhất thanh. Tư vi Hán gia chi thần khí, nhi trảm xà chi sở dĩ đắc danh dã.",拔青萍之銛刃，誅白帝之陰精。掃風塵於六合，郭宇宙而一清。斯為漢家之神器，而斬蛇之所以得名也。
"Thị kiếm dã, tuỵ Khôn lục chi trinh, cụ Kiền cửu chi cương. Công chi dĩ tạo hoá, hà chi dĩ âm dương. Thu thuỷ trạm hề đàm ngạc, băng sương lẫm hề phong mang. Trú bội hề nhật thất sắc, dạ hạp hề nguyệt thổ quang. Tuệ tinh vị chi thoái xá, yêu mị vị chi phục tàng. Bạch bích minh châu, vị túc nghĩ kỳ giá; Ngô Câu, Cự Khuyết, an đắc dữ kỳ đương.",是劍也，萃坤六之貞，具乾九之剛。工之以造化，煆之以陰陽。秋水湛兮鐔鍔，冰霜凜兮鋒芒。晝佩兮日失色，夜匣兮月吐光。彗星為之退舍，夭魅為之伏藏。白璧明珠，未足擬其價；吳鉤巨闕，安得與其當。
"Tưởng kỳ: tống đồ Ly Sơn, dạ kinh trạch bạn. Kiến cự xà chi đương đạo, trí tiền hành chi kinh phản. Hách vương uy chi chấn nộ, phấn tráng chí chi tinh hãn, bạt chi dĩ trảm, hoạch nhiên nhi đoạn. Tố linh ư thị hồ tiềm khấp, Viêm tộ ư thị hồ hách xiển. Mang Đãng chi thuỵ khí khởi, Chỉ Đạo chi ngọc tỉ hiến. Tru Cai Hạ chi âm ô, lục Hoài Âm chi nghịch bạn, khả vị vật chi thần nhi kiếm chi thiện dã.",想其：送徒驪山，夜經澤畔。見巨蛇之當道，致前行之驚返。赫王威之震怒，奮壯志之精悍，拔之以斬，劃然而斷。素靈於是乎潛泣，炎祚於是乎赫闡。芒碭之瑞氣起，軹道之玉璽獻。誅垓下之喑嗚，戮淮陰之逆叛，可謂物之神而劍之善也。
"Nhiên thường văn chi: phàm vật chi bảo, nhân nhân chi trân. Bỉ Can Tương chi linh, Mạc Da chi thần, bất tế anh minh chi chủ, thần vũ chi quân; tắc đồ mai tinh ư Phong ngục, thao thái ư Long Tân. Hạt nhược tư kiếm, thân ngộ Cao hoàng. Cắng thiên cổ chi bất dẫn, lưu gia anh nhi dũ chương.",然嘗聞之：凡物之寶，因人之珍。彼干將之靈，莫邪之神，不際英明之主，神武之君；則徒埋精於豐獄，韜采於龍津。曷若斯劍，親遇高皇。亙千古之不泯，留嘉英而愈章。
"Phú vị tất, khách nạn chi viết: “Sinh văn minh chi thời giả, bất đàm uy vũ chi công; đăng ung hi chi triều giả, bất ngôn chiến phạt chi sự. Quyết kim thánh triều, thăng bình cực trị. Hỗn tứ hải ư nhất gia, đồng xa thư ư văn quĩ. Bao can qua dĩ hổ bì, tiêu phong đích vi nông khí. Hoà khí áng hồ cửu châu, nhân phong huân hồ lưỡng tế. Tử phương ngao tường phượng nghi chi đình, vũ đạo tấu Thiều chi địa. Phản nhi chi khu khu sính điêu trùng chi mạt kỹ, xưng tạp bá chi tích, muội đế vương chi ý. Hề thời vụ chi bất thông, vi hữu thức chi sở bỉ”.",賦未畢，客難之曰：生文明之時者，不談威武之功；登雍熙之朝者，不言戰伐之事。厥今聖朝，昇平極治。混四海於一家，同車書於文軌。包干戈以虎皮，銷鋒鏑為農器。和氣盎乎九州，仁風薰乎兩際。子方翱翔鳳儀之庭，舞蹈奏韶之地。反而之區區騁雕虫之末技，稱雜伯之蹟，昧帝王之懿。奚時務之不通，為有識之所鄙。
Phú giả hỷ nhi ca viết:,賦者喜而歌曰：
Kiếm hồ! Kiếm hồ! Bất tường chi khí!,劍乎！劍乎！不祥之器！
"Thánh nhân bất đắc dĩ nhi dụng chi, thành phi sở quí.",聖人不得已而用之，誠非所貴。
"Y dư thánh triều, sùng văn thịnh thế.",猗歟聖朝，崇文盛世。
"Thiên hạ nhất thống hề, an nhiên vô sự.",天下一統兮，安然無事。
"Túng hữu thị kiếm hề, tương yên dụng bỉ!",縱有是劍兮，將焉用彼。
"Bi thì tự chi đệ thiện hề,",悲時序之遞嬗兮，
Hựu thuộc thanh thu.,又屬清秋。
"Cảm tao gia chi bất tạo hề,",感遭家之不造兮，
Độc xứ ly sầu.,獨處離愁。
"Bắc đường hữu huyên hề,",北堂有萱兮，
Hà dĩ vong ưu?,何以忘憂？
"Vô dĩ giải ưu hề,",無以解憂兮，
Ngã tâm hưu hưu!,我心咻咻！
"Vân bằng bằng hề, thu phong toan,",雲憑憑兮，秋風酸，
"Bộ trung đình hề, sương diệp can;",步中庭兮，霜葉乾；
"Hà khứ hà tòng hề, thất ngã cố hoan!",何去何從兮，失我故歡！
"Tĩnh ngôn tư chi hề, trắc phế can?",靜言思之兮，惻肺肝？
"Duy vị hữu đàm hề, duy hạc hữu lương.",惟鮪有潭兮，惟鶴有梁。
"Lân giáp tiềm phục hề, vũ mao hà trường!",鱗甲潛伏兮，羽毛何長！
"Tao thủ vấn hề mang mang,",搔首問兮茫茫，
"Cao thiên hậu địa hề, thuỳ tri dư chi vĩnh thương?",高天厚地兮，誰知余之永傷？
"Ngân hà cảnh cảnh hề hàn khí xâm,",銀河耿耿兮寒氣侵，
Nguyệt sắc hoành tà hề ngọc lậu trầm.,月色橫斜兮玉漏沉。
"Ưu tâm bính bính hề, phát ngã ai ngâm.",憂心炳炳兮，發我哀吟。
"Ngâm phục ngâm hề, ký ngã tri âm.",吟復吟兮，寄我知音。
"Phù hà nhất giai nhân hề, bộ tiêu dao dĩ tự ngu.",夫何一佳人兮，步逍遙以自虞。
"Hồn du dật nhi bất phản hề, hình khô cảo nhi độc cư.",魂踰佚而不反兮，形枯槁而獨居。
"Ngôn ngã triêu vãng nhi mộ lai hề, ẩm thực lạc nhi vong nhân.",言我朝往而暮來兮，飲食樂而忘人。
"Tâm khiểm di nhi bất tỉnh cố hề, giao đắc ý nhi tương thân.",心慊移而不省故兮，交得意而相親。
"Y dư chí chi mạn ngu hề, hoài trinh xác chi hoàn tâm.",伊予志之慢愚兮，懷貞愨之懽心。
"Nguyện tứ vấn nhi tự tiến hề, đắc thượng quân chi ngọc âm.",願賜問而自進兮，得尚君之玉音。
"Phụng hư ngôn nhi vọng thành hề, kỳ Thành Nam chi ly cung.",奉虛言而望誠兮，期城南之離宮。
"Tu bạc cụ nhi tự thiết hề, quân tằng bất khẳng hồ hạnh lâm.",修薄具而自設兮，君曾不肯乎幸臨。
"Khuếch độc tiềm nhi chuyên tinh hề, thiên phiêu phiêu nhi tật phong.",廓獨潛而專精兮，天漂漂而疾風。
"Đăng lan đài nhi dao vọng hề, thần hoảng hoảng nhi ngoại dâm.",登蘭臺而遙望兮，神怳怳而外淫。
"Phù vân uất nhi tứ tái hề, thiên yểu yểu nhi trú âm.",浮雲鬱而四塞兮，天窈窈而晝陰。
"Lôi ân ân nhi hưởng khởi hề, thanh tượng quân chi xa âm.",雷殷殷而響起兮，聲像君之車音。
"Phiêu phong hồi nhi khởi khuê hề, cử duy ác chi xiêm xiêm.",飄風迴而起閨兮，舉帷幄之襜襜。
"Quế thụ giao nhi tương phân hề, phương khốc liệt chi ngân ngân.",桂樹交而相紛兮，芳酷烈之誾誾。
"Khổng tước tập nhi tương tồn hề, huyền viên khiếu nhi trường ngâm.",孔雀集而相存兮，玄猿嘯而長吟。
"Phí thuý hiếp dực nhi lai tuỵ hề, loan phụng tường nhi bắc nam.",翡翠脅翼而來萃兮，鸞鳳翔而北南。
"Tâm bằng y nhi bất thư hề, tà khí tráng nhi công trung.",心憑噫而不舒兮，邪氣壯而攻中。
"Hạ lan đài nhi chu lãm hề, bộ thung dung ư thâm cung.",下蘭臺而周覽兮，步從容於深宮。
"Chính điện khối dĩ tạo thiên hề, uất tịnh khởi nhi khung sùng.",正殿塊以造天兮，鬱並起而穹崇。
"Gian tỷ ỷ ư đông sương hề, quan phù mỹ mỹ nhi vô cùng.",間徙倚於東廂兮，觀夫靡靡而無窮。
"Tễ ngọc hộ dĩ hám kim phô hề, thanh tăng hoành nhi tự chung âm.",擠玉戶以撼金鋪兮，聲噌吰而似鍾音。
"Khắc mộc lan dĩ vi suy hề, sức văn hạnh dĩ vi lương.",刻木蘭以為榱兮，飾文杏以為梁。
"La phong nhung chi du thụ hề, ly lâu ngô nhi tương sanh.",羅豐茸之遊樹兮，離樓梧而相撐。
"Thi khôi mộc chi bạc lô hề, uỷ sâm si dĩ khang lương.",施瑰木之欂櫨兮，委參差以槺梁。
"Thì phảng phất dĩ vật loại hề, tượng Tích Thạch chi tương tương.",時彷彿以物類兮，像積石之將將。
"Ngũ sắc huyễn dĩ tương diệu hề, lạn diệu diệu nhi thành quang.",五色炫以相曜兮，爛耀耀而成光。
"Trí thác thạch chi linh bích hề, tượng đại mội chi văn chương.",緻錯石之瓴甓兮，像玳瑁之文章。
"Trương la ỷ chi mạn duy hề, thuỳ Sở tổ chi liên cương.",張羅綺之幔帷兮，垂楚組之連綱。
"Phủ trụ my dĩ thung dung hề, lãm Khúc Đài chi ương ương.",撫柱楣以從容兮，覽曲臺之央央。
"Bạch hạc khiếu dĩ ai hiệu hề, cô thư trĩ ư khô dương.",白鶴噭以哀號兮，孤雌跱於枯楊。
"Nhật hoàng hôn nhi vọng tuyệt hề, trướng độc thác ư không đường.",日黃昏而望絕兮，悵獨託於空堂。
"Huyền minh nguyệt dĩ tự chiếu hề, tồ thanh dạ ư động phòng.",懸明月以自照兮，徂清夜於洞房。
"Viện nhã cầm dĩ biến điệu hề, tấu sầu tứ chi bất khả trường.",援雅琴以變調兮，奏愁思之不可長。
"Án lưu chuỷ dĩ khước chuyển hề, thanh ấu miểu nhi phục dương.",案流徵以卻轉兮，聲幼眇而復揚。
"Quán lịch lãm kỳ trung tháo hề, ý khảng khái nhi tự ngang.",貫歷覽其中操兮，意慷慨而自卬。
"Tả hữu bi nhi thuỳ lệ hề, thế lưu ly nhi tòng hoành.",左右悲而垂淚兮，涕流離而從橫。
"Thư tức ấp nhi tăng hy hề, sỉ lý khởi nhi bàng hoàng.",舒息悒而增欷兮，蹝履起而彷徨。
"Du trường duệ dĩ tự ế hề, sổ tích nhật chi khiên ương.",揄長袂以自翳兮，數昔日之愆殃。
"Vô diện mục chi khả hiển hề, toại đồi tứ nhi tựu sàng.",無面目之可顯兮，遂頹思而就床。
"Đoàn phân nhược dĩ vi chẩm hề, tịch thuyên lan nhi thần hương.",摶芬若以為枕兮，席荃蘭而茞香。
"Hốt tẩm mị nhi mộng tưởng hề, phách nhược quân chi tại bàng.",忽寢寐而夢想兮，魄若君之在旁。
"Dịch ngụ giác nhi vô kiến hề, hồn vương vương nhược hữu vong.",惕寤覺而無見兮，魂迋迋若有亡。
"Chúng kê minh nhi sầu dư hề, khởi thị nguyệt chi tinh quang.",眾雞鳴而愁予兮，起視月之精光。
"Quan chúng tinh chi hàng liệt hề, Tất, Mão xuất ư đông phương.",觀眾星之行列兮，畢昴出於東方。
"Vọng trung đình chi ái ái hề, nhược quý thu chi giáng sương.",望中庭之藹藹兮，若季秋之降霜。
"Dạ mạn mạn kỳ nhược tuế hề, hoài uất uất kỳ bất khả tái canh.",夜曼曼其若歲兮，懷鬱鬱其不可再更。
"Đạm yển kiển nhi đãi thự hề, hoang đình đình nhi phục minh.",澹偃蹇而待曙兮，荒亭亭而復明。
"Thiếp nhân thiết tự bi hề, cứu niên tuế nhi bất cảm vong.",妾人竊自悲兮，究年歲而不敢忘。
"Thị tuế thập nguyệt ký vọng, Học Tốn thị tự Bảo Triện chi dưỡng trai quy vu Hà Khẩu thư viện, kê minh sách mã vu kỳ đồ nhi chi Thiên Thai sơn.",是歳十月既望，學遜氏自寶篆之養齋，歸于河口書院，雞鳴策馬迂其途而之天台山。
"Đông phương dục minh, thiên sắc thượng lê.",東方欲明，天色尚黎。
"Ải nãi nhất thanh, quần sơn chuyển huy.",欸乃一聲，群山轉暉。
"Trắc bỉ thôi ngôi, phóng nhãn hoành di.",陟彼崔嵬，放眼紘夤。
"Yên quang vạn thái, tỉ bộ bất tề.",煙光萬態，徙步不齊。
"Nãi uỷ bí chỉ sách, túng mã chi sở chi.",乃委轡止策，縱馬之所之。
"Hốt yên sơn đê thụ thuý, loan hồi thuỷ mị.",忽焉山低樹翠，灣迴水媚。
"Tán lịch ngại lý, bình cương sa khỉ.",散礫礙履，平崗沙起。
"Hổ báo củng thị, cầu long tác thế.",虎豹拱視，虯龍作勢。
"Kim cương ủ lũ, sư tử phục địa.",金剛傴僂，獅子伏地。
"Bại bích thành đôi, phác bi thất lệ.",敗壁成堆，撲碑失隸。
"Thác nhận thiền căn, hoảng nhiên thiên thị.",錯認禪根，恍然天市。
Dã tẩu vị ngôn:,野叟為言：
- Thử tiên triều hành cung chi cố chỉ dã.,此先朝行宮之故址也。
"Dư tòng nhi vấn kỳ sự,",余從而問其事，
Tắc lịch lịch như Vân Du chi sở ký.,則歷歷如雲遊之所記。
"Thịnh vãn tuần hoàn, cố sự thành lan.",盛晩循環，故事成瀾。
"Ngẫu xúc mục nhi thương tâm, giác lâm phong nhi hậu nhan.",偶觸目而傷心，覺臨風而厚顔。
"Khoảnh hữu nhất nhân, tòng sơn biên lai,",頃有一人，從山邊來，
"Nhận thị cố nhân, tương kiến thậm hoan.",認是故人，相見甚歡。
"Tương dữ bả ác vu tùng phong chi hạ,",相與把握于松風之下，
Đề huề ư trúc thạch chi gian.,提攜於竹石之間。
"Tự bình sinh chi khế khoát,",敘平生之契闊，
Bình vũ trụ chi đại quan.,評宇宙之大觀。
"Cố nhân hứng tận, dư do bàn hoàn.",故人興盡，余猶盤桓。
Quái nhi vấn dư viết:,怪而問余曰：
"- Thiên địa danh thắng đa hỹ,",天地名勝多矣，
Nhi tử hà luyến hồ tư san?,而子何戀乎斯山。
Viết:,曰：
"- Tạo thiết vô cùng, tế bàn phi trách.",造設無窮，際蟠非窄。
"Nhân sinh kỳ gian, quý hồ thuận thích.",人生其間，貴乎順適。
"Dư cái ố thành thị chi huyên hoa,",余蓋惡城市之諠譁，
Hỷ sơn cư chi nhã tịch.,喜山居之雅寂。
"Tương dĩ sảng hồ dư hoài,",將以爽乎余懷，
Khởi dư hiếu vu cùng tịch.,豈余好于窮僻。
"Sơn bất tại cao, thuỷ bất tại thâm.",山不在高，水不在深。
"Sơn thuỷ chi lạc, ngụ ư mục nhi đắc ư tâm.",山水之樂，寓於目而得於心。
Hà tất:,何必：
"Cùng Hổ Khê chi nguyên, thám Nhạn Đãng chi quật.",窮虎溪之源，探雁蕩之窟，
"Phan thê cốt chi sào, khám tiềm giao chi thất.",攀梯鶻之巢，瞰潛蛟之室。
Nhiên hậu túc dĩ sướng ngô hoài nhi tiêu tục lự dã tai?,然後足以暢吾懷而消俗慮也哉？
"Nãi đăng vọng giang chi lâu, cô thị tửu nhi ẩm chi.",乃登望江之樓，沽市酒而飲之。
"Tửu cập vi huân, cố nhân quắc nhiên khởi viết:",酒及微醺，故人矍然起曰：
"- Văn chương, thái cực chi tuý dã,",文章，太極之粹也，
"Giang sơn, pháp tương chi bí dã.",江山，法像之秘也。
"Đại khối ký giả ngã dĩ văn chương,",大塊既假我以文章，
Giang sơn phục triệu ngã dĩ yên cảnh.,江山復召我以煙景。
Hà dĩ đắc tư ư thiên địa tai?,何以得斯於天地哉？
"Hoặc giả các tỉnh ngô thân, tài ngô văn.",或者各省吾身，栽吾文。
"Khứ hoa tựu thực, san ngoa vi thuần.",去華就寔，刊訛為純。
"Tước kỳ chi diệp, dĩ toàn ngô chân.",削其枝葉，以全吾真。
"Thứ bất đố hồ tạo hoá, diệc vô phụ hồ hồng quân.",庶不妒乎造化，亦無負乎洪鈞。
"Nhân bả trản canh chước, phách án nhi ngâm vân:",因把盞更酌，拍案而吟云：
"Giang sơn duyệt nhân đại, thiên tải nhược đán mộ.",江山閲人代，千載若旦暮。
"Ngẫu vu trần ngoại chẩn, phổ cực hoàn trung thú.",偶迂塵外軫，溥極寰中趣。
"Đăng quan khoát tráng mâu, sơ dương kiển túc vụ.",登觀豁壯眸，初陽蹇宿霧。
"Ẩn ước Lãm Sơn vân, hy vi Thiên Đức thụ.",隱約覽山雲，稀微天德樹，
"Thời lai thiên lý phong, tập tập xuy phương đỗ.",時來千里風，習習吹芳杜。
"Xung tưởng mịch liêu thiên, ngô ngữ thục dữ ngộ.",沖想寞寥天，吾語孰與晤。
"Cổ nhân nan dữ kim, kim nhật thúc thành cổ.",古人難與今，今日倏成古。
"Hiền thánh khứ bất quy, trí ngu đồng thử lộ.",賢聖去不歸，智愚同此路。
"Tài đa đạo sở tăng, học quảng nhân tranh đố.",才多道所憎，學廣人爭妒。
"Thông minh tạc hỗn độn, anh phát táng trung tố.",聰明鑿混沌，英發喪衷素。
"Đãn toàn thử nhân trí, thứ thứ hồ lạc thọ.",但全此仁智，庶庶乎樂壽。
"Ngâm thành tửu hạc, yên ngưng sơn mộ.",吟成酒涸，煙凝山暮。
Dư cố thư đồng viết:,余顧書童曰：
- Tiểu tử chí chi!,小子識之，
Tác biệt nhi khứ.,作別而去。
Ta ta tạo vật hề dĩ ngã vi sinh?,嗟嗟造物奚以我為生？
"Dữ ngã dĩ trí nhi đoản kỳ chí,",與我以智而短其志，
Dữ ngã dĩ thành nhi bệnh kỳ hình.,與我以成而病其形。
"Ký bất năng vi câu chi ngang ngang thiên lý,",既不能為駒之昂昂千里，
Hựu bất năng vi phù chi phiếm phiếm trung hành.,又不能為鳧之泛泛中行。
"Ký bất năng vi chí điểu chi tủng thân trắc mục,",既不能為鷙鳥之竦身側目，
Hựu bất năng vi ẩn báo chi liễm thái tàng thanh.,又不能為隱豹之歛彩藏聲。
Ta ta tạo vật hề dĩ ngã vi sinh?,嗟嗟造物奚以我為生？
"Lạm tòng khoa hoạn lịch duyệt chu tinh,",濫從科宦歷閱周星，
Cửu an điềm thoái ngẫu thử gian trinh.,久安恬退偶此艱貞。
"Hốt văn hữu mệnh bất cảm dĩ hoàng ninh,",忽聞有命不敢以遑寧，
Danh nghĩa vi trọng lợi hại vi khinh.,名義為重利害為輕。
"Dục dĩ lý thắng nạn dữ thế tranh,",欲以理勝難與勢爭，
Hãn nhiên bất cố hữu vi vô thành.,悍然不顧有為無成。
Ta ta tạo vật hề dĩ ngã vi sinh?,嗟嗟造物奚以我為生？
"Thượng vô dĩ báo đáp quân phụ,",上無以報答君父，
Hạ vô dĩ cực tế sinh linh.,下無以極濟生靈。
"Nội vô dĩ nghĩa hối tử điệt thiện hoá tộc lý,",內無以義誨子姪善化族里，
Ngoại vô dĩ trung tín tòng giả thuỷ chung bằng tình.,外無以忠信從者始終朋情。
Dân sinh tam sự tàm phụ thế linh.,民生三事慚負涕零。
Ta ta tạo vật hề dĩ ngã vi sinh?,嗟嗟造物奚以我為生？
"Sinh nhi luân ư khuyển dương chi dị vực,",生而淪於犬羊之異域，
Hà như tử nhi đồng hồ thiên địa diểu minh.,何如死而同乎天地杳冥。
"Sinh nhi vi nhân gian chi huyền vưu phụ chuế,",生而為人間之懸疣附贅，
Hà như tử nhi vị giang sơn chi quỳnh chi ngọc anh.,何如死而為江山之瓊枝玉英。
"Nhị triêm thuỷ bích Nùng thường sơn thanh,",弭霑水碧濃常山青，
Nhất thốn tĩnh địa thiên cổ giai thành.,一寸靜地千古佳城。
Du du hồ! Dương dương hồ!,悠悠乎！洋洋乎！
Sóc chi kiếm! Không chi thi! Đằng chi thung!,朔之劍！空之詩！藤之樁！
"Tương dữ vi trắc giáng tả hữu phong vũ lôi đình,",相與為陟降左右風雨雷霆，
Dĩ tẩy hồ my thiên chi tinh.,以洗乎弥天之腥。
Ta ta tạo vật hề dĩ ngã vi sinh?,嗟嗟造物奚以我為生？
Trù tích chi dạ mộng dữ Khuất Tử Bình đối ngã ngôn:,疇昔之夜夢與屈子平對我言：
"“Khứ điếu tựu hạ, khứ hạ tựu điếu”.",「去弔就賀，去賀就弔」。
"Hí kịch sổ đoạn tửu trường vị khuynh,",戲劇數段酒觴未傾，
"Nhi kim yên như mộng như giác, như tuý như tinh.",而今焉如夢如覺，如醉如醒。
"Tri ngã giả hoặc cơ kỳ quá phẫn,",知我者或譏其過憤，
Bất tri giả hoặc ác kỳ yêu danh.,不知者或惡其要名。
"Tri dữ bất tri,",知與不知，
Hựu an kế đương thế hậu thế chi thị phi xứng hành.,又安計當世後世之是非稱衡，
Tự tri tự phận liêu dĩ tự minh.,自知自分聊以自銘。
Ta ta tạo vật hề dĩ ngã vi sinh?,嗟嗟造物奚以我為生？
"Nhân thuỳ mãn bách, bán bách ngải linh,",人誰滿百，半百艾零，
Ngã dĩ vi thọ trần đương giải anh.,我以為壽塵當解纓。
"Nhi hựu hà tiện hồ nhân sinh chi trường cần,",而又何羨乎人生之長勤，
Thương khổ hải chi linh đinh.,傷苦海之零汀。
Ta ta tạo vật hề dĩ ngã vi sinh?,嗟嗟造物奚以我為生？
Thượng kỳ quy cáo gia nhi chúc ngã cố thất:,尚其歸告家兒祝我故室：
"Tích khanh ư gia chi giang,",昔卿於家之江，
"Kim ngã ư quốc chi giang,",今我於國之江，
"Tuy bất đắc đồng thì đồng nhật,",雖不得同時同日，
Do đắc đồng lưu đồng thanh.,猶得同流同清。
Ta ta tạo vật hề dĩ ngã vi sinh?,嗟嗟造物奚以我為生？
"Nhất sắc phân phân, ngô bất tri kỳ hà vi hề, tiêu dư thần,",一色紛紛，吾不知其何為兮，宵歟晨。
"Ngô dục quan thái hư hề, Trường Canh dữ Khải Minh nhi câu dân.",吾欲觀太虛兮，長庚與啟明而俱泯。
"Chỉ tiền sơn nhi thức chiêm hề, thảo thụ đôi bạch dĩ luân khuân.",指前山而拭瞻兮，草樹堆白以輪囷。
"Khởi trường dạ chi vị ương hề, hồ vi hồ điểu thanh ước lược tương văn.",豈長夜之未央兮，胡為乎鳥聲約略相聞。
"Tương thanh thần chi sơ hi hề, hồ vi hồ bản kiều quýnh bất kiến nhân.",將清晨之初稀兮，胡為乎板橋敻不見人。
"Dư hữu nghi hồ tuyết nguyệt hề, hoán dư giả nhi tư tuân.",予有疑乎雪月兮，喚輿者而咨詢。
"Nãi thù ly chi bất biện hề, thủ chỉ khẩu nhi vân vân.",乃殊離之不辨兮，手指口而云云。
"Hành độc hội ư dư tâm hề, vũ trụ hồng hoang chi vị phân.",行獨會於予心兮，宇宙洪荒之未分。
"Hạ thuỳ vi xuyên nhạc hề, thượng thuỳ vi tinh vân.",下誰為川岳兮，上誰為星雲。
"Trung dĩ hà trạng nhi vi vật hề, dĩ hà hình nhi vi nhân.",中以何狀而為物兮，以何形而為人。
"Hựu hà vi thượng trung hạ hề, sử các loại tụ nhi quần phân.",又何為上中下兮，使各類聚而群分。
"Thị lý để không đồng hề, thị khí để hỗn luân.",是理底倥侗兮，是氣底渾淪。
"Hà danh lợi chi tương trục hề, thục vi sơ nhi vi thân.",何名利之相逐兮，孰為疏而為親。
"Hà tống nghênh chi tương phiền hề, thục vi nguỵ nhi vi chân.",何送迎之相煩兮，孰為偽而為真。
"Tự chu xa chi ký trần hề, bỉ vi Miêu nhi thử vi Huân;",自舟車之既陳兮，彼為猫而此為獯。
"Ký mâu kích chi tương tầm hề, nãi ngọc bạch chi tương lân...",既矛戟之相燖兮，乃玉帛之相鄰。
"Thuỷ hữu vạn thiên lý chi tu đồ hề, trùng tam dịch nhi sách hoa nhân,",始有萬千里之修途兮，重三譯而策驊駰。
"Cẩu nhân tích chi sở đáo hề, giai khả lý thanh sương nhi đạp hồng trần.",苟人迹之所到兮，皆可履青霜而踏紅塵。
"Hựu hà nghi phù tuyết nguyệt hề, kế giảo phù thâm tiêu chi dữ đại hân.",又何疑夫雪月兮，計較夫深宵之與大昕。
"Nguyện trường khang hồ thử thân hề, hiệu Cừ xa chi lân lân.",願長康乎此身兮，效蘧車之轔轔。
"Hạnh tư tưu chi vô cữu hề, kỳ thiểu đáp phù hồng quân.",幸諮諏之無咎兮，期少答夫洪均。
"Phú Liên xã chi quy lai hề, hiêu hiêu nhiên hy Sằn dã chi thiên dân.",賦蓮社之歸來兮，囂囂然希莘野之天民。
"Cư bất tri sở vi hề, hành bất tri sở chi,",居不知所為兮行不知所之，
"Vi sở bất đương vi hề, ngã tâm nghi,",為所不當為兮我心疑，
"Chi sở bất đương chi hề, ngô cước trì,",之所不當之兮吾腳遲，
"Ngã tâm nghi hề, ngô bất vi,",我心疑兮吾不為，
"Ngô cước trì hề, ngã bất chi.",吾腳遲兮我不之。
Phù hà vi hề đương vi?,夫何為兮當為？
"Xuyết ngô văn hề, ngâm ngô thi,",綴吾文兮吟吾詩，
"Phụng vương ngôn hề, diễn luân ti,",奉王言兮演綸絲，
Phù hà chi hề đương chi?,夫何之兮當之？
"Tảo ngô triều hề, vãn ngô quy.",早吾朝兮晚吾歸。
"Cần chức vụ hề, giới bôn trì.",勤職務兮戒奔馳。
Quân bất kiến:,君不見：
"Thời vũ lai hề, điền trù ốc,",時雨來兮田疇沃，
"Nhất lê xuân hề, thiên khoảnh túc.",一犁春兮千頃足。
"Khải phong xuy hề, giang hải bình,",凱風吹兮江海平，
"Phiến phàm trương hề, thiên chu doanh.",片帆張兮扁舟盈。
"Tài mộc cụ hề, quân tương tác,",材木具兮君將作，
"Phủ cân huy hề, thành lương giác.",斧斤揮兮成樑桷。
"Vi đương vi hề, nông công thương,",為當為兮農工商，
"Khởi ngô nho hề, bất tư lượng.",豈吾儒兮不思量。
Hựu bất kiến:,又不見：
"Lôi vũ tác hề, long nãi dược,",雷雨作兮龍乃躍，
"Chấn sơn linh hề, kinh hải nhược.",震山靈兮驚海若。
"Triêu dương xuất hề, phụng nãi minh,",朝陽出兮鳳乃鳴，
"Đạo cửu thiều hề, vũ lục anh.",蹈九韶兮舞六英。
"Chi thảo sinh hề, lân nãi chí,",芝草生兮麟乃至，
"Hổ vô uy hề, lang thất thế.",虎無威兮狼失勢。
"Chi đương chi hề, long phụng lân,",之當之兮龍鳳麟，
"Khởi ngô nhân hề, bất tịch trân.",豈吾人兮不席珍。
"Uý thế đồ hề, tối khuynh hiểm,",畏世途兮最傾險，
"Ngôn đương thúc hề, hạnh đương kiểm,",言當束兮行當檢，
"Cư bất tri kỳ sở vi hề, thuỳ tiêu minh chi túc yếm.",居不知其所為兮誰蟭螟之足厭。
"Thương nhân tình hề, thái thâm u,",傷人情兮太深幽，
"Bác nghi ước hề, phóng nghi thu,",博宜約兮放宜收，
"Hành bất tri sở chi hề, hà tiêu liêu chi đa cầu.",行不知所之兮何鷦鷯之多求。
"Ngô tĩnh ngô tâm,",吾靜吾心，
Cư ngô ẩn ước.,居吾隱約。
"Cái sở vi chi thuận mệnh hề, hành thiên hạ nhi bất dĩ vi xước.",蓋所為之順命兮衡天下而不以為綽。
"Ngô bảo ngô thân,",吾保吾身，
Hành ngô khang trang.,行吾康莊。
"Cái sở chi chi thích đạo hề, lý hổ vĩ nhi sở năng vi thương.",蓋所之之適道兮履虎尾而所能為傷。
"Ngô quan chi Càn,",吾觀之乾，
Chung thuỷ đại minh.,終始大明。
"Hà mạc bất vi,",何莫不為，
Vũ thí vân hành.,雨施雲行。
"Càn vi phụ hề, ngô tác hỗ,",乾為父兮吾作怙，
"Vân tòng long hề, phong tòng hổ.",雲從龍兮風從虎。
"Ngô quan chư Khôn,",吾觀諸坤，
Hành địa vô cương.,行地無彊。
"Hà mạc bất chi,",何莫不之，
Tây nam âm phương.,西南陰方。
"Khôn xưng mẫu hề, ngô tư thị,",坤稱母兮吾斯恃，
"Giới lý sương hề, phòng băng chí.",戒履霜兮防冰至。
"Ngô quan chư Ly,",吾觀諸離，
Trung hư nãi liệt.,中虛乃烈。
"Thốn yên phần lâm,",寸煙焚林，
Hoả tàn hôi diệt.,火殘灰滅。
"Hà như thái dương chi kiện hành hề, tây di tiễn nhi đông di tân,",何如太陽之健行兮西寅餞而東寅賓，
"Duy ẩn hiện chi hữu tiết hề, cánh nhị bát nhi độ bất sai phân.",惟隱現之有節兮更二八而度不差分。
"Ngô quan chư Khảm,",吾觀諸坎，
Nội thực tắc cường.,內實則強。
"Nhất tích hội đê,",一滴潰堤，
Thuỷ hạc trần dương.,水涸塵揚。
"Hà như thái âm chi hằng trinh hề, hối tái sinh nhi huyền tái tử,",何如太陰之恆貞兮晦載生而弦載死，
"Duy doanh khuyết chi hữu độ hề, lịch tam ngũ nhi triền bất ly thứ.",惟盈缺之有度兮歷三五而纏不離次。
"Ngô quan Chấn, Tốn,",吾觀震巽，
Lôi phong tương bạc.,雷風相泊。
"Vị bất thất tắc,",為不失則，
Hằng đức vô tạc.,恆德無怍。
"Giới mạc ích chi thiên từ hề, tâm bất hằng nhi thụ ác.",戒莫益之偏辭兮心不恆而受惡。
"Ngô quan Đoài, Cấn,",吾觀兌艮，
Sơn trạch thông khí.,山澤通氣。
"Chi bất dịch phương,",之不易方，
Hàm trung hữu hỉ.,咸中有喜。
"Tổn tam hành chi nhất nhân hề, vị bất đáng nhi thủ lệ.",損三行之一人兮位不當而取厲。
"Kỳ tiểu vô nội,",其小無內，
Duy thâm cố thông.,惟深故通。
"Nhân dục vô nhai,",人欲無涯，
Tạo hoá vô cùng.,造化無窮。
"Vi chi tại tâm,",為之在心，
Trì thủ tại chí.,持守在志。
"Tiểu nhân vị nhân,",小人為人，
Quân tử vị kỷ.,君子為己。
"Cái ngô ẩn ư hoạn lộ hề, giới dũng thoái phù cấp lưu,",蓋吾隱於宦路兮戒勇退夫急流，
"Phi duyên nhai chi xạ lợi hề, khủng xúc thạch nhi kinh chu.",非緣崖之射利兮恐觸石而驚舟。
"Đãn trầm tiềm dĩ tự thủ hề, ký chu tuyền nhi vãn lộ,",但沉潛以自守兮冀周漩于晚路，
"Học Khang Tiết chi đả quai hề, liêu ngụ tình nhi tác phú.",學康節之打乖兮聊寓情而作賦。
"Quy dĩ cáo phù tử đệ hề, vô dĩ dịch phù ngô ngôn,",歸以吿夫子弟兮無以易夫吾言，
"Tri vãng lai chi năng nhàn hề, tu tham nguyệt quật dĩ nhiếp thiên căn.",知往來之能閒兮須參月窟以攝天根。
Kế hựu vi hô khoan chi ngâm viết:,繼又為呼寬之吟曰：
Khoan hĩ khoan!,寬矣寬！
"Thướng than dị, há than nan.",上灘易下灘難。
"Chu trung tĩnh chước tam bôi tửu,",舟中靜酌三杯酒，
Tiến thoái ngã sinh quan.,進退我生觀。
Khoan hô khoan!,寬乎寬！
"Há than thâm, thướng than gian.",下灘深上灘艱。
"Chu trung hảo xướng Thương Lang khúc,",舟中好唱滄浪曲，
Năng tĩnh hậu năng an.,能靜後能安。
