vi,ch
"Thiếu Lăng dã lão thôn thanh khốc,",少陵野老吞聲哭，
Xuân nhật tiềm hành Khúc giang khúc.,春日潛行曲江曲。
"Giang đầu cung điện toả thiên môn,",江頭宮殿鎖千門，
Tế liễu tân bồ vị thuỳ lục?,細柳新蒲為誰綠。
"Ức tích nghê tinh há nam uyển,",憶昔霓旌下南苑，
Uyển trung vạn vật sinh nhan sắc.,苑中萬物生顏色。
"Chiêu Dương điện lý đệ nhất nhân,",昭陽殿裡第一人，
Đồng liễn tuỳ quân thị quân trắc.,同輦隨君侍君側。
"Liễn tiền tài nhân đới cung tiễn,",輦前才人帶弓箭，
Bạch mã tước khiết hoàng kim lặc.,白馬嚼嚙黃金勒。
"Phiên thân hướng thiên ngưỡng xạ vân,",翻身向天仰射雲，
Nhất tiếu chính truỵ song phi dực.,一笑正墜雙飛翼。
Minh mâu hạo xỉ kim hà tại?,明眸皓齒今何在，
Huyết ô du hồn quy bất đắc.,血污遊魂歸不得，
"Thanh Vị đông lưu, Kiếm Các thâm,",清渭東流劍閣深，
Khứ trú bỉ thử vô tiêu tức.,去住彼此無消息。
"Nhân sinh hữu tình lệ triêm ức,",人生有情淚沾臆，
Giang thuỷ giang hoa khởi chung cực.,江水江花豈終極。
"Hoàng hôn Hồ kỵ trần mãn thành,",黃昏胡騎塵滿城，
Dục vãng thành nam vọng thành bắc.,欲往城南望城北。
"Trường An thành đầu đầu bạch ô,",長安城頭頭白烏，
Dạ phi Diên Thu môn thượng hô.,夜飛延秋門上呼。
"Hựu hướng nhân gia trác đại ốc,",又向人家啄大屋，
Ốc để đạt quan tẩu tị Hồ.,屋底達官走避胡。
"Kim tiên đoạn chiết cửu mã tử,",金鞭斷折九馬死，
Cốt nhục bất đãi đồng trì khu.,骨肉不待同馳驅。
"Yêu hạ bảo quyết thanh san hô,",腰下寶玦青珊瑚，
Khả liên vương tôn khấp lộ ngung.,可憐王孫泣路隅。
"Vấn chi bất khẳng đạo tính danh,",問之不肯道姓名，
Đãn đạo khốn khổ khất vi nô.,但道困苦乞為奴。
"Dĩ kinh bách nhật thoán kinh cức,",已經百日竄荊棘，
Thân thượng vô hữu hoàn cơ phu.,身上無有完肌膚。
"Cao Đế tử tôn tẫn long chuyết,",高帝子孫盡隆準，
Long chủng tự dữ thường nhân thù.,龍種自與常人殊。
"Sài lang tại ấp long tại dã,",豺狼在邑龍在野，
Vương tôn thiện bảo thiên kim khu.,王孫善保千金軀。
"Bất cảm trường ngữ lâm giao cù,",不敢長語臨交衢，
Thả vị vương tôn lập tư tu.,且為王孫立斯須。
"Tạc dạ đông phong xuy huyết tinh,",昨夜東風吹血腥，
Đông lai thác đà mãn cựu đô.,東來橐駝滿舊都。
"Sóc phương kiện nhi hảo thân thủ,",朔方健兒好身手，
Tích hà dũng nhuệ kim hà ngu!,昔何勇銳今何愚。
"Thiết văn thiên tử dĩ truyền vị,",竊聞天子已傳位，
Thánh đức bắc phục Nam Thiền Vu.,聖德北服南單于。
"Hoa Môn ly diện thỉnh tuyết sỉ,",花門剺面請雪恥，
Thận vật xuất khẩu tha nhân thư.,慎勿出口他人狙。
"Ai tai vương tôn thận vật sơ,",哀哉王孫慎勿疏，
Ngũ Lăng giai khí vô thời vô.,五陵佳氣無時無。
"Anh vũ lai quá Ngô giang thuỷ,",鸚鵡來過吳江水，
Giang thượng châu truyền Anh Vũ danh.,江上洲傳鸚鵡名。
"Anh vũ tây phi Lũng sơn khứ,",鸚鵡西飛隴山去，
Phương châu chi thụ hà thanh thanh.,芳洲之樹何青青。
"Yên khai lan diệp hương phong noãn,",煙開蘭葉香風暖，
Ngạn giáp đào hoa cẩm lãng sinh.,岸夾桃花錦浪生。
"Thiên khách thử thời đồ cực mục,",遷客此時徒極目，
Trường châu cô nguyệt hướng thuỳ minh?,長洲孤月向誰明？
"Trường hồng đẩu lạc sinh khiêu ba,",長洪斗落生跳波，
Khinh chu nam hạ như đầu thoa.,輕舟南下如投梭。
"Thuỷ sư tuyệt khiếu phù nhạn khởi,",水師絕叫鳧雁起，
Loạn thạch nhất tuyến tranh tha ma.,亂石一線爭磋磨。
"Hữu như thố tẩu ưng chuẩn lạc,",有如兔走鷹隼落，
Tuấn mã hạ chú thiên trượng pha.,駿馬下注千丈坡。
"Đoạn huyền ly trụ tiễn thoát thủ,",斷絃離柱箭脫手，
Phi điện quá khích châu phiên hà.,飛電過隙珠翻荷。
"Tứ san huyễn chuyển phong lược nhĩ,",四山眩轉風掠耳，
Đãn kiến lưu mạt sinh thiên qua.,但見流沫生千渦。
"Hiểm trung đắc lạc tuy nhất khoái,",嶮中得樂雖一快，
Hà ý thuỷ bá khoa thu hà.,何意水伯誇秋河。
"Ngã sinh thừa hoá nhật dạ thệ,",我生乘化日夜逝，
Toạ giác nhất niệm du Tân La.,坐覺一念逾新羅。
"Phân phân tranh đoạt tuý mộng lý,",紛紛爭奪醉夢裏，
Khởi tín kinh cức mai đồng đà.,豈信荊棘埋銅駝。
"Giác lai phủ ngưỡng thất thiên kiếp,",覺來俯仰失千劫，
Hồi thị thử thuỷ thù uỷ xà.,回視此水殊委蛇。
"Quân khán ngạn biên thương thạch thượng,",君看岸邊蒼石上，
Cổ lai cao nhãn như phong khoa.,古來篙眼如蜂窠。
"Đãn ưng thử tâm vô sở trụ,",但應此心無所住，
Tạo vật tuy sử như ngô hà.,造物雖駛如吾何。
"Hồi thuyền thướng mã các quy khứ,",回船上馬各歸去，
Đa ngôn nao nao sư sở a.,多言譊譊師所呵。
"Ngô vương tại thì bách hoa khai,",吳王在時百花開，
Hoạ thuyền tải lạc châu biên lai.,畫船載樂洲邊來。
"Ngô vương khứ hậu bách hoa lạc,",吳王去後百花落，
Ca xuý vô văn châu tịch mịch.,歌吹無聞洲寂寞。
"Hoa khai hoa lạc niên niên xuân,",花開花落年年春，
Tiền hậu khán hoa ưng kỷ nhân?,前後看花應幾人？
"Đãn kiến chi chi ánh lưu thuỷ,",但見枝枝映流水，
Bất tri phiến phiến đoạ hành trần.,不知片片墮行塵。
"Niên lai phong vũ hoang đài bạn,",年來風雨荒臺畔，
Nhật mộ hoàng ly trường dục đoạn.,日暮黄鸝腸欲斷。
"Khởi duy thế thiểu khán hoa nhân,",豈唯世少看花人，
Túng lai thử địa vô hoa khán.,縱來此地無花看。
Quân bất kiến:,君不見：
"Hoàng hộc cao ư ngũ xích đồng,",黃鵠高於五尺童，
Hoá vi bạch phù tự lão ông.,化為白鳧似老翁。
"Cố huề di tuệ dĩ đãng tận,",故畦遺穗已蕩盡，
Thiên hàn tuế mộ ba đào trung.,天寒歲暮波濤中。
"Lân giới tinh thiên tố bất thực,",鱗介腥膻素不食，
Chung nhật nhẫn cơ tây phục đông.,終日忍饑西復東。
"Lỗ môn viên cư diệc thặng đặng,",魯門鶢鶋亦蹭蹬，
Văn đạo như kim do tị phong.,聞道如今猶避風。
"Vạn lý thuỷ hối nhất thuỷ đại,",萬里水匯一水大，
Hoanh hoanh thanh văn thập lý ngoại.,訇訇聲聞十里外。
"Nham khẩu bức trắc thế cánh hung,",岩口逼仄勢更凶，
Đoạt môn nhi xuất huyền bạch long.,奪門而出懸白龍。
"Long tu đái vũ dục nhật hồng,",龍須帶雨浴日紅，
Kim quang ngọc sắc tương đãng thung.,金光玉色相蕩舂。
"Tuyết tịnh giao tiêu lạc đao xích,",雪凈鮫綃落刀尺，
Đại châu tiểu châu phiêu tuỳ phong.,大珠小珠飄隨風。
"Phong chiết điệp chi hội biến tướng,",風折疊之繪變相，
Tam giáng tam thăng thạch bất nhượng.,三降三升石不讓。
"Hữu như trường can đảo phách Nhục Phi Tiên,",有如長竿倒拍肉飛仙，
Trung tuyệt viên thằng dược phục thượng.,中絕援繩躍復上。
"Phục Tê mai đầu bất cảm xuất,",伏犀埋頭不敢出，
Hoài bảo an miên già bộ chướng.,懷寶安眠遮步障。
"Ngã dục cát thủ thử thuỷ trí tụ trung,",我欲割取此水置袖中，
Viết hằng úc nhược thư càn phong.,曰恆燠若書乾封。
"Khấu môn kiết bình trích mã tùng,",叩門絜瓶滴馬鬃，
Cảo miêu bình địa thanh bồng bồng.,搞苗平地青芃芃。
"Khởi bất hiền vu Cốc Tuyền chi tại Hương Lô phong,",豈不賢于谷泉之在香爐峰，
Toạ hưởng đại danh nhi vô công.,坐享大名而無功。
"Bắc phong quyển địa bạch thảo chiết,",北風捲地白草折，
Hồ thiên bát nguyệt tức phi tuyết.,胡天八月即飛雪；
"Hốt như nhất dạ xuân phong lai,",忽如一夜春風來，
Thiên thụ vạn thụ lê hoa khai.,千樹萬樹梨花開。
"Tán nhập châu liêm thấp la mạc,",散入珠簾濕羅幕，
Hồ cừu bất noãn cẩm khâm bạc.,狐裘不煖錦衾薄。
"Tướng quân giác cung bất đắc khống,",將軍角弓不得控，
Đô hộ thiết y lãnh do trước.,都護鐵衣冷猶著。
"Hãn hải lan can bách trượng băng,",瀚海闌干百丈冰，
Sầu vân thảm đạm vạn lý ngưng.,愁雲黲淡萬里凝。
"Trung quân trí tửu ẩm quy khách,",中軍置酒飲歸客，
Hồ cầm tỳ bà dữ Khương địch.,胡琴琵琶與羌笛。
"Phân phân mộ tuyết hạ viên môn,",紛紛暮雪下轅門，
Phong xế hồng kỳ đống bất phiên.,風掣紅旗凍不翻。
"Luân Đài đông môn tống quân khứ,",輪臺東門送君去，
Khứ thời tuyết mãn Thiên San lộ.,去時雪滿天山路；
"Sơn hồi lộ chuyển bất kiến quân,",山迴路轉不見君，
Tuyết thượng không lưu mã hành xứ.,雪上空留馬行處。
"Sào ty tu trường bất tu bạch,",繅絲須長不須白，
Việt la thục cẩm kim túc xích.,越羅蜀錦金粟尺。
"Tượng sàng ngọc thủ loạn ân hồng,",象床玉手亂殷紅，
Vạn thảo thiên hoa động ngưng bích.,萬草千花動凝碧。
"Dĩ bi tố chất tuỳ thì nhiễm,",已悲素質隨時染，
Liệt hạ minh ky sắc tương xạ.,裂下鳴機色相射。
"Mỹ nhân tế ý uý thiếp bình,",美人細意熨帖平，
Tài phùng diệt tận châm tuyến tích.,裁縫滅盡針線蹟。
"Xuân thiên y trước vị quân vũ,",春天衣著為君舞，
Giáp điệp phi lai hoàng ly ngữ.,蛺蝶飛來黃鸝語。
"Lạc nhứ du ty diệc hữu tình,",落絮遊絲亦有情，
Tuỳ phong chiếu nhật nghi khinh cử.,隨風照日宜輕舉。
"Hương hãn khinh trần ô nhan sắc,",香汗輕塵污顏色，
Khai tân hợp cố trí hà hử.,開新合故置何許。
"Quân bất kiến tài sĩ cấp dẫn nan,",君不見才士汲引難，
Khủng cụ khí quyên nhẫn ky lữ.,恐戄棄捐忍羈旅。
"Ức niên thập ngũ tâm thượng hài,",憶年十五心尚孩，
Kiện như hoàng độc tẩu phục lai.,健如黃犢走復來。
"Đình tiền bát nguyệt lê tảo thục,",庭前八月梨棗熟，
Nhất nhật thượng thụ năng thiên hồi.,一日上樹能千回。
"Tức kim thúc hốt dĩ ngũ thập,",即今倏忽已五十，
"Toạ ngoạ chỉ đa, thiểu hành lập.",坐臥只多少行立。
"Cưỡng tương tiếu ngữ cung chủ nhân,",強將笑語供主人，
Bi kiến sinh nhai bách ưu tập.,悲見生涯百憂集。
"Nhập môn y cựu tứ bích không,",入門依舊四壁空，
Lão thê đổ ngã nhan sắc đồng.,老妻睹我顏色同。
"Si nhi bất tri phụ tử lễ,",痴兒不知父子禮，
Khiếu nộ sách phạn đề môn đông.,叫怒索飯啼門東。
"Viễn bang mộ hoá lai tuần tuyên,",遠邦慕化來旬宣，
Xuân ôn áng áng huân đại diên.,春溫盎盎薰玳筵。
"Thánh triều thiên tử chí minh triết,",聖朝天子至明哲，
Cổ quăng phụ bật câu lương hiền.,股肱輔弼俱良賢。
"Khoan hồng bác đại đẳng thiên địa,",寬洪博大等天地，
Bao hoang nạp ô lâm nguyên nguyên.,包荒納汙臨元元。
"Vi sinh hà hạnh phùng thịnh thế,",微生何幸逢盛世，
Khoản thành thuật chức lai triều thiên.,款誠述職來朝天。
"Doanh doanh kim tôn mộc ân ác,",盈盈金鐏沐恩渥，
Huân đào hàm vịnh tuỳ phồn huyền.,薰陶涵泳隨繁絃。
"Thai quang chỉ xích phụng đức ý,",台光咫尺奉德意，
Mãn đường thù tạc tác chu tuyền.,滿堂酬酢作周旋。
"Hồng quân nhất khí chuyển thiên địa,",洪鈞一氣轉天地，
Bát phương tứ hải tịnh đào chiên.,八方四海並陶甄。
"Khởi duy, ngã bối thụ kỳ tứ,",豈惟我輩受其賜，
Hà hoang lạc nghiệp trường miên miên.,遐荒樂業長綿綿。
"Chung Nam tàn nguyệt quải thành đầu,",終南殘月掛城頭，
Hoa lạc kỳ đình thuỷ loạn lưu.,花落旗亭水亂流。
"Bất dụng phong tiền “Chiết dương liễu”,",不用風前折楊柳，
Tỳ bà đàn xuất Bá Lăng thu.,琵琶彈出灞陵秋。
"Thụ lý Hoàng Hà nhiễu tái trường,",樹裡黃河繞塞長，
Biên phong xuy giốc thuỷ mang mang.,邊風吹角水茫茫。
"Quan Tây lão tướng đầu như tuyết,",關西老將頭如雪，
Tuý ỷ cung đao thuyết chiến trường.,醉倚弓刀說戰場。
"Lãnh lạc đông phong vạn liễu ty,",冷落東風萬柳絲，
Tiêu Hồn kiều thượng lập đa thì.,銷魂橋上立多時。
"Tửu ngân lang tạ xuân sam thấp,",酒痕狼藉春衫濕，
Hưu xướng Hà Kham tuyệt diệu từ.,休唱何戡絕妙詞。
"Phóng quan Bạng cáp chi phù sa,",放觀蚌蛤之浮沙，
Nhất đới triền khiên đáo hải ba.,一帶纏牽到海波。
"Bắc tự Ông Phùng chi giang thuỷ,",北自翁馮之江水，
Nam liên Mộ Dạ chi nham a.,南聯暮夜之岩阿。
"Tằng tằng loa xác thành đôi điệp,",層層螺殼成堆疊，
Niên đại bất tri dĩ kỷ hà.,年代不知已幾何。
Y!,噫！
"Mang mang vũ trụ vô chung cùng,",茫茫宇宙無終窮，
Miểu miểu càn khôn đa biến thái.,渺渺乾坤多變態。
"Như kim hải ký biến vi sa,",如今海既變為沙，
An tri sa bất biến vi hải.,安知沙不變為海。
"Tang thương thế cục hồn như tư,",桑滄世局渾如斯，
Duy hữu chính khí trường bất cải.,惟有正氣長不改。
"Lương uyển thành tây nhị thập lý,",梁苑城西二十里，
Nhất cừ xuân thuỷ liễu thiên điều.,一渠春水柳千條。
"Nhược vi thử lộ kim trùng quá,",若為此路今重過，
Thập ngũ niên tiền cựu bản kiều.,十五年前舊板橋。
"Tằng cộng ngọc nhan kiều thượng biệt,",曾共玉顏橋上別，
Bất tri tiêu tức đáo kim triêu.,不知消息到今朝。
"Tiêm vân tứ quyển thiên vô hà,",纖雲四卷天無河，
Thanh phong xuy không nguyệt thư ba.,清風吹空月舒波。
"Sa bình thuỷ tức thanh ảnh tuyệt,",沙平水息聲影絕，
Nhất bôi tương thuộc quân đương ca.,一杯相屬君當歌。
"Quân ca thanh toan từ thả khổ,",君歌聲酸辭且苦，
Bất năng thính chung lệ như vũ.,不能聽終淚如雨。
"Động Đình liên thiên, Cửu Nghi cao,",洞庭連天九疑高，
Giao long xuất một tinh ngô hào.,蛟龍出沒猩鼯號。
"Thập sinh cửu tử đáo quan sở,",十生九死到官所，
U cư mặc mặc như tàng đào.,幽居默默如藏逃。
"Hạ sàng uý xà thực uý dược,",下床畏蛇食畏藥，
Hải khí thấp chập huân tinh tao.,海氣濕蟄熏腥臊。
"Tạc giả châu tiền chuý đại cổ,",昨者州前捶大鼓，
Tự hoàng kế thánh đăng Quỳ Cao.,嗣皇繼聖登夔皋。
"Xá thư nhất nhật hành vạn lý,",赦書一日行萬里，
Tội tòng đại tích giai trừ tử.,罪從大辟皆除死。
"Thiên giả truy hồi lưu giả hoàn,",遷者追回流者還，
Địch hà đãng cấu thanh triêu ban.,滌瑕蕩垢清朝班。
"Châu gia thân danh sử gia ức,",州家申名使家抑，
Khảm kha chỉ đắc di Kinh Man.,坎軻只得移荊蠻。
"Phán ty ty quan bất kham thuyết,",判司卑官不堪說，
Vị miễn chuý sở trần ai gian.,未免捶楚塵埃間。
"Đồng thì bối lưu đa thượng đạo,",同時輩流多上道，
Thiên lộ u hiểm nan truy phan.,天路幽險難追攀。
"Quân ca thả hưu thính ngã ca,",君歌且休聽我歌，
Ngã ca kim dữ quân thù khoa.,我歌今與君殊科。
"Nhất niên minh nguyệt kim tiêu đa,",一年明月今宵多，
Nhân sinh do mệnh phi do tha.,人生由命非由他。
Hữu tửu bất ẩm nại minh hà.,有酒不飲奈明何。
"Vũ sư thế khấp Bằng di nộ,",羽師涕泣憑夷怒，
Ngũ chỉ sơn tiền thủy bạo chú.,五指山前水暴注。
"Bạch ba chung nhật tẩu xà long,",白波終日走蛇龍，
Thanh sơn lưỡng ngạn giai sài hổ.,青山兩岸皆豺虎。
"Chu tiếp phân phân đồng nhất lưu,",舟楫紛紛同一流，
Há than nhân hỉ thướng than sầu.,下灘人喜上灘愁。
"Bách trượng trường thằng vãn bất tiến,",百丈長繩挽不進，
Chu trung niên thiếu giai bạch đầu.,舟中年少皆白頭。
"Mục Vương bát tuấn thiên mã câu,",穆王八駿天馬駒，
Hậu nhân ái chi tả vi đồ.,後人愛之寫為圖。
"Bối như long hề cảnh như tượng,",背如龍兮頸如象，
Cốt tủng cân cao chỉ nhục tráng.,骨聳筋高脂肉壯。
"Nhật hành vạn lý tật như phi,",日行萬里疾如飛，
Mục Vương độc thừa hà sở chi?,穆王獨乘何所之？
"Tứ hoang bát cực tháp dục biến,",四荒八極蹋欲遍，
Tam thập nhị đề vô yết thì.,三十二蹄無歇時。
"Thuộc xa trục chiết sấn bất cập,",屬車軸折趁不及，
Hoàng ốc thảo sinh khí nhược di.,黃屋草生棄若遺。
"Dao Trì tây phó Vương Mẫu yến,",瑤池西赴王母宴，
Thất miếu kinh niên bất thân tiến.,七廟經年不親薦。
"Bích Đài nam dữ thịnh cơ du,",壁臺南與盛姬遊，
Minh đường bất phục triều chư hầu.,明堂不復朝諸侯。
"Bạch vân hoàng trúc ca thanh động,",白雲黃竹歌聲動，
Nhất nhân hoang lạc vạn nhân sầu.,一人荒樂萬人愁。
"Chu tòng Hậu Tắc chí Văn, Vũ,",周從后稷至文武，
Tích đức luỹ công thế cần khổ.,積德累功世勤苦。
"Khởi tri tài cập tứ đại tôn,",豈知纔及四代孫，
Tâm khinh vương nghiệp như hôi thổ.,心輕王業如灰土。
"Do lai vưu vật bất tại đại,",由來尤物不在大，
Năng đãng quân tâm tắc vi hại.,能蕩君心則為害。
"Văn đế khước chi bất khẳng thừa,",文帝卻之不肯乘，
Thiên lý mã khứ Hán đạo hưng.,千里馬去漢道興。
"Mục Vương đắc chi bất vi giới,",穆王得之不為戒，
Bát tuấn câu lai chu thất hoại.,八駿駒來周室壞。
"Chí kim thử vật thượng xưng trân,",至今此物尚稱珍，
"Bất tri phòng tinh chi tinh hạ vi quái,",不知房星之精下為怪，
Bát tuấn đồ quân mạc ái.,八駿圖君莫愛。
"Thanh thiên hữu nguyệt lai kỷ thì,",青天有月來幾時，
Ngã kim đình bôi nhất vấn chi!,我今停杯一問之。
"Nhân phan minh nguyệt bất khả đắc,",人攀明月不可得，
Nguyệt hành khước dữ nhân tương tuỳ.,月行卻與人相隨。
"Kiểu như phi kính lâm đan khuyết,",皎如飛鏡臨丹闕，
Lục yên diệt tận thanh huy phát,綠煙滅盡清輝發。
"Đãn kiến tiêu tòng hải thượng lai,",但見宵從海上來，
Ninh tri hiểu hướng vân gian một.,寧知曉向雲間沒。
"Bạch thố đảo dược thu phục xuân,",白兔搗藥秋復春，
Thường nga cô thê dữ thuỳ lân.,嫦娥孤棲與誰鄰。
"Kim nhân bất kiến cổ thì nguyệt,",今人不見古時月，
Kim nguyệt tằng kinh chiếu cổ nhân.,今月曾經照古人。
"Cổ nhân kim nhân nhược lưu thuỷ,",古人今人若流水，
Cộng khan minh nguyệt giai như thử.,共看明月皆如此。
"Duy nguyện đương ca đối tửu thì,",唯願當歌對酒時，
Nguyệt quang thường chiếu kim tôn lý.,月光常照金樽裡。
"Lân giác phượng chuỷ thế mạc thức,",麟角鳳觜世莫識，
Tiên giao tục huyền kỳ tự kiến.,煎膠續弦奇自見。
"Thượng khan Vương sinh bão thử hoài,",尚看王生抱此懷，
Tại ư Phủ dã hà do tiện.,在於甫也何由羨。
"Thả ngộ Vương sinh uỷ trù tích,",且遇王生慰疇昔，
Tố tri tiện tử cam bần tiện.,素知賤子甘貧賤。
Khốc kiến đống nỗi bất túc sỉ.,酷見凍餒不足恥，
Đa bệnh trầm niên khổ vô kiện.,多病沈年苦無健。
"Vương sinh quái ngã nhan sắc ác,",王生怪我顏色惡，
Đáp vân phục chẩm gian nan biến.,答雲伏枕艱難遍。
"Ngược lệ tam thu thục khả nhẫn,",瘧癘三秋孰可忍，
Hàn nhiệt bách nhật tương giao chiến.,寒熱百日相交戰。
"Đầu bạch nhãn ám toạ hữu đê,",頭白眼暗坐有胝，
Nhục hoàng bì trứu mệnh như tuyến.,肉黃皮皺命如線。
"Duy sinh ai ngã vị bình phục,",惟生哀我未平復，
Vị ngã lực trí mĩ hào thiện.,為我力致美肴膳。
"Khiển nhân hướng thị xa hương canh,",遣人向市賒香粳，
Hoán phụ xuất phòng thân tự soạn.,喚婦出房親自饌。
"Trường An đông thư toan thả lục,",長安冬菹酸且綠，
Kim thành thổ tô tĩnh như luyện.,金城土酥靜如練。
"Kiêm cầu phú hào thả cát tiên,",兼求富豪且割鮮，
Mật cô đấu tửu hài chung yến.,密沽鬥酒諧終宴。
"Cố nhân tình nghĩa vãn thuỳ tự,",故人情義晚誰似，
Linh ngã thủ cước khinh dục triển.,令我手腳輕欲漩。
"Lão mã vi câu tín bất hư,",老馬為駒信不虛，
Đương thì đắc ý huống thâm quyến.,當時得意況深眷。
"Đãn sử tàn niên bão cật phạn,",但使殘年飽吃飯，
Chỉ nguyện vô sự thường tương kiến.,只願無事常相見。
"Bất kiến bí thư tâm nhược thất,",不見秘書心若失，
Cập kiến bí thư thất tâm tật.,及見秘書失心疾。
"An vi động chủ lý tín nhiên,",安為動主理信然，
Ngã độc giác tử thần sung thật.,我獨覺子神充實。
"Trùng văn tây phương chỉ quán kinh,",重聞西方止觀經，
Lão thân cổ tự phong linh linh.,老身古寺風泠泠。
"Thê nhi đãi ngã thả quy khứ,",妻兒待我且歸去，
Tha nhật trượng lê lai tế thinh.,他日杖藜來細聽。
"Tiên cương bạch mã hoàng kim lặc,",絲韁白馬黃金勒，
Phó ngự môn tiền khổ xúc bức.,僕御門前苦促逼。
"Đinh ninh ác thủ tạm trù trù,",叮嚀握手蹔躊蹰，
Dục trú tu du cánh bất đắc.,欲住須臾竟不得。
"Tâm tri thử biệt vô hoàn kỳ,",心知此别無還期，
Do vấn quân quy thị kỷ thì.,猶問君歸是幾時。
"Tâm tri thử biệt thư nan ký,",心知此别書難寄，
Do vấn chinh hồng hà nhật chí.,猶問征鴻何日至。
"Vi quân chỉnh phái quân thượng an,",為君整轡君上鞍，
Tần tần lặc mã hồi đầu khán.,頻頻勒馬回頭看。
"Vô tình mã túc như phi điện,",無情馬足如飛電，
Lộ chuyển kiều hồi quân bất kiến.,路轉橋回君不見。
"Quy lai trang các song lệ thuỳ,",歸來妝閣雙淚垂，
Thử thân ngộ giá du hiệp nhi.,此身誤嫁逰俠兒。
"Nam sơn hữu cầm, kỳ tự viết hy hữu,",南山有禽其字曰希有，
"Bắc sơn hữu điểu, kỳ danh viết phụng hoàng.",北山有鳥其名曰鳳凰。
"Lưỡng điểu bài vân phù vụ nhập hư không,",兩鳥排雲扶霧入虛空，
Hư không mãng mãng tứ xứ tuyệt đạo lương.,虛空莽莽四處絕稻梁。
"Hạ giới khởi vô thất thốn chi canh mễ,",下界豈無七寸之粳米，
Tranh nại võng la hiệt hiệt thường cao trương.,爭奈網羅纈纈常高張。
"Dương liễu đê biên khống tử lưu,",楊柳堤邊控紫騮，
Bồ đào tân cẩm phí triền đầu.,葡萄新錦費纏頭。
"Xuân đăng biến chiếu Bình Dương vũ,",春燈徧照平陽舞，
Bất tín Lưu hoàng nhất đoạn sầu.,不信劉黄一段愁。
"Ngọc vi ca quản thốc điêu lan,",玉爲歌管簇雕欄，
Cẩm tác liên hoa phủng thuý bàn.,錦作蓮花捧翠盤。
"Nhất phiến tân trang kinh nguyệt sắc,",一片新糚驚月色，
Vạn hàng quỳnh thụ tuyết trung khan.,萬行瓊樹雪中看。
"Nhữ Nam thần kê ốc ốc minh,",汝南晨雞喔喔鳴，
Thành đầu cổ giốc âm hoà bình.,城頭鼓角音和平。
"Lộ bàng lão nhân ức cựu sự,",路旁老人憶舊事，
Tương dữ cảm kích giai thế linh.,相與感激皆涕零。
Lão nhân thu lệ tiền trí từ:,老人收淚前致辭：
“Quan quân nhập thành nhân bất tri.,官軍入城人不知。
"Hốt kinh Nguyên Hoà thập nhị tải,",忽驚元和十二載，
Trùng kiến Thiên Bảo thừa bình thì.”,重見天寶承平時。
"Ngô gia giá ngã hề thiên nhất phương,",吾家嫁我兮天一方，
Viễn thác dị quốc hề Ô Tôn vương.,遠托異國兮烏孫王。
"Khung lư vi thất hề chiên vi tường,",穹廬為室兮氈為牆，
Dĩ nhục vi thực hề lạc vi tương.,以肉為食兮酪為漿。
"Cư thường thổ tư hề tâm nội thương,",居常土思兮心內傷，
Nguyện vi hoàng hộc hề quy cố hương.,願為黃鵠兮歸故鄉。
"Ngã quân Thanh Bản tại đông môn,",我軍青阪在東門，
Thiên hàn ấm mã Thái Bạch quật.,天寒飲馬太白窟。
"Hoàng đầu Hề nhi nhật hướng tây,",黃頭奚儿日向西，
Sổ kỵ loan cung cảm trì đột.,數騎彎弓敢馳突。
"Sơn tuyết, hà băng dã tiêu sắt,",山雪河冰野蕭瑟，
"Thanh thị phong yên, bạch thị cốt.",青是烽煙白是骨。
"Yên đắc phụ thư dữ ngã quân,",焉得附書與我軍，
"Nhẫn đãi minh niên, mạc thảng thốt.",忍待明年莫倉卒。
"Mạnh đông thập quận lương gia tử,",孟冬十郡良家子，
Huyết tác Trần Đào trạch trung thuỷ.,血作陳陶澤中水。
"Dã khoáng thiên thanh vô chiến thanh,",野曠天清無戰聲，
Tứ vạn nghĩa quân đồng nhật tử.,四萬義軍同日死。
"Quần Hồ quy lai huyết tẩy tiễn,",群胡歸來血洗箭，
Nhưng xướng Hồ ca ẩm đô thị.,仍唱胡歌飲都市。
"Đô nhân hồi diện hướng bắc đề,",都人回面向北啼，
Nhật dạ cánh vọng quan quân chí.,日夜更望官軍至。
"Lâu các cao đê thụ thiển thâm,",樓閣高低樹淺深，
Sơn quang thuỷ sắc minh trầm trầm.,山光水色暝沉沉。
"Tung yên bán quyển thanh tiêu mộ,",嵩煙半卷青綃幕，
Y lãng bình phô lục ỷ khâm.,伊浪平鋪綠綺衾。
"Phi điểu diệt thời nghi cực mục,",飛鳥滅時宜極目，
Viễn phong lai xứ hảo khai khâm.,遠風來處好開襟。
"Thuỳ tri bất ly trâm anh nội,",誰知不離簪纓內，
Trường đắc tiêu diêu tự tại tâm?,長得逍遙自在心？
"Thanh Khê đạo sĩ nhân bất thức,",青溪道士人不識，
Thướng thiên há thiên hạc nhất chỉ.,上天下天鶴一只。
"Động môn thâm toả bích song hàn,",洞門深鎖碧窗寒，
Trích lộ nghiên chu tả Chu Dịch.,滴露研朱寫周易。
"Quan hà xuân thuỷ lục du du,",官河春水綠悠悠，
Thuỷ thượng nhân gia tận hoạ lâu.,水上人家盡畫樓。
"Mãi thủ Ngô oa tam nhật tửu,",買取吳娃三日酒，
Phóng thuyền trực đáo Bách Hoa Châu.,放船直到百花洲。
"Cao đài thiên xích đối tằng loan,",高臺千尺對層巒，
Chỉ hứa Ngô vương tuý lý khan.,只許吳王醉里看。
"Sơn sắc bất tuỳ Câu Tiễn khứ,",山色不隨勾踐去，
Du nhân hoàn đắc ỷ lan can.,游人還得倚闌乾。
"Trịnh giám phong lưu lão bất suy,",鄭監風流老不衰，
Nghê khoan đầu bạch cánh ưng si.,倪寬頭白更應癡。
"Ngô Việt anh hùng dĩ nê thổ,",吳越英雄已泥土，
Dục tòng giang hải vấn Tây Thi.,欲從江海問西施。
"Bách Hoa Châu thượng bách hoa khai,",百花洲上百花開，
Hoa thị Ngô vương cựu nhật tài.,花是吳王舊日栽。
"Ngô vương khứ hậu vô tiêu tức,",吳王去後無消息，
Tuế tuế khan hoa nhân tự lai.,歲歲看花人自來。
"Diêu công mĩ chính thuỳ dữ trù,",姚公美政誰與儔，
Bất giảm tích thì Trần Thái Khâu.,不減昔時陳太丘。
"Ấp trung thượng khách hữu trụ sử,",邑中上客有柱史，
Đa hạ nhật bồi thông mã du.,多暇日陪驄馬遊。
"Đông sơn cao đỉnh la trân tu,",東山高頂羅珍羞，
Hạ cố thành quách tiêu ngã ưu.,下顧城郭銷我憂。
"Thanh giang bạch nhật lạc dục tận,",清江白日落欲盡，
Phục huề mỹ nhân đăng thái chu.,復攜美人登彩舟。
"Địch thanh phẫn oán ai trung lưu,",笛聲憤怨哀中流，
Diệu vũ uy di dạ vị hưu.,妙舞逶迤夜未休。
"Đăng tiền vãng vãng đại ngư xuất,",燈前往往大魚出，
Thính khúc đê ngang như hữu cầu.,聽曲低昂如有求。
"Tam canh phong khởi hàn lãng dũng,",三更風起寒浪湧，
Thủ lạc huyên hô giác thuyền trọng.,取樂喧呼覺船重。
"Mãn không tinh hà quang phá toái,",滿空星河光破碎，
Tứ toà tân khách sắc bất động.,四座賓客色不動。
"Thỉnh công lâm thâm mạc tương vi,",請公臨深莫相違，
Hồi thuyền bãi tửu thướng mã qui.,回船罷酒上馬歸。
"Nhân sinh hoan hội khởi hữu cực,",人生歡會豈有極，
Vô sử sương quá triêm nhân y.,無使霜過沾人衣。
"Bức trắc hà bức trắc,",逼仄何逼仄，
Ngã cư hạng nam tử hạng bắc.,我居巷南子巷北。
"Khả hận lân lý gian,",可恨鄰里間，
Thập nhật bất nhất kiến nhan sắc.,十日不一見顏色。
"Tự tòng quan mã tống hoàn quan,",自從官馬送還官，
Hành lộ nan hành sáp như cức.,行路難行澀如棘。
"Ngã bần vô thặng phi vô túc,",我貧無乘非無足，
Tích giả tương qua kim bất đắc.,昔者相過今不得。
"Thực bất thị ái vi khu,",實不是愛微軀，
Hựu phi quan túc vô lực.,又非關足無力。
"Đồ bộ phiên sầu quan trưởng nộ,",徒步翻愁官長怒，
Thử tâm quýnh quýnh quân ưng thức.,此心炯炯君應識。
"Hiểu lai cấp vũ xuân phong điên,",曉來急雨春風顛，
Thuỵ mỹ bất văn chung cổ truyền.,睡美不聞鐘鼓傳。
"Đông gia kiển lư hứa tá ngã,",東家蹇驢許借我，
Nê hoạt bất cảm kỵ triều thiên.,泥滑不敢騎朝天。
"Dĩ lệnh thỉnh cấp hội thông tịch,",已令請急會通籍，
Nam nhi tín mệnh tuyệt khả liên.,男兒信命絕可憐。
Yên năng chung nhật tâm quyền quyền.,焉能終日心拳拳，
Ức quân tụng thi thần lẫm nhiên.,憶君誦詩神凜然。
"Tân di thuỷ hoa diệc dĩ lạc,",辛夷始花亦已落，
Huống ngã dữ tử phi tráng niên.,況我與子非壯年。
"Nhai đầu tửu giá thường khổ quý,",街頭酒價常苦貴，
Phương ngoại tửu đồ hy tuý miên.,方外酒徒稀醉眠。
"Tốc nghi tương tựu ẩm nhất đẩu,",速宜相就飲一斗，
Kháp hữu tam bách thanh đồng tiền.,恰有三百青銅錢。
"Nê nính thượng thức cao thâm xứ,",泥濘尚識高深處，
Mạc quái anh hùng lưỡng thủ mô.,莫怪英雄兩手摸。
"Chủ nhân hữu tửu hoan kim tịch,",主人有酒歡今夕，
Thỉnh tấu minh cầm Quảng Lăng khách.,請奏鳴琴廣陵客。
"Nguyệt chiếu thành đầu ô bán phi,",月照城頭烏半飛，
Sương thê vạn thụ phong nhập y.,霜淒萬樹風入衣。
"Đồng lô hoa chúc chúc tăng huy,",銅鑪華燭燭增輝，
Sơ đàn “Lục thuỷ” hậu “Sở phi”.,初彈淥水後楚妃。
"Nhất thanh dĩ động vật giai tĩnh,",一聲已動物皆靜，
Tứ toạ vô ngôn tinh dục hy.,四座無言星欲稀。
"Thanh Hoài phụng sứ thiên dư lý,",清淮奉使千餘里，
Cảm cáo Vân Sơn tòng thử thuỷ.,敢告雲山從此始。
"Phượng hề phượng hề quy cố hương,",鳳兮鳳兮歸故鄉，
Ngao du tứ hải cầu kỳ hoàng.,遨遊四海求其凰。
"Thì vị ngộ hề vô sở tương,",時未遇兮無所將，
Hà ngộ kim hề thăng tư đường!,何悟今兮昇斯堂！
"Hữu diễm thục nữ tại khuê phòng,",有艷淑女在閨房，
Thất nhĩ nhân hà độc ngã trường.,室邇人遐毒我腸。
"Hà duyên giao cảnh vi uyên ương,",何緣交頸為鴛鴦，
Hồ hiệt hàng hề cộng ngao tường!,胡頡頏兮共翱翔！
"Phượng hề phượng hề tùng ngã tê,",鳳兮鳳兮從我棲，
Đắc thác tư vĩ vĩnh vi phi.,得託孳尾永為妃。
"Giao tình thông thể tâm hoà hài,",交情通體心和諧，
Trung dạ tương tùng tri giả thuỳ?,中夜相從知者誰？
"Song dực câu khởi phiên cao phi,",雙翼俱起翻高飛，
Vô cảm ngã tư sử dư bi.,無感我思使余悲。
"Kim nhật khổ đoản tạc nhật hưu,",今日苦短昨日休，
Tuế vân mộ hĩ tăng ly ưu.,歲雲暮矣增離憂。
"Sương điêu bích thụ đãi cẩm thụ,",霜凋碧樹待錦樹，
Vạn hác đông thệ vô đình lưu.,萬壑東逝無停留。
"Hoang thú chi thành thạch sắc cổ,",荒戍之城石色古，
Đông quách lão nhân trú thanh khâu.,東郭老人住青丘。
"Phi thư Bạch Đế doanh đấu túc,",飛書白帝營鬥粟，
Cầm sắt kỷ trượng sài môn u.,琴瑟幾杖柴門幽。
"Thanh thảo thê thê tận khô tử,",青草萋萋盡枯死，
Thiên mã kỳ túc tuỳ mao ngưu.,天馬跂足隨犛牛。
"Tự cổ thánh hiền đa bạc mệnh,",自古聖賢多薄命，
Gian hùng ác thiểu giai phong hầu.,奸雄惡少皆封侯。
"Cố quốc tam niên nhất tiêu tức,",故國三年一消息，
"Chung Nam, Vị thuỷ hàn du du.",終南渭水寒悠悠。
"Ngũ lăng hào quý phản điên đảo,",五陵豪貴反顛倒，
Hương lý tiểu nhi hồ bạch cừu.,鄉里小兒狐白裘。
"Sinh nam đoạ địa yếu lữ lực,",生男墮地要膂力，
Nhất sinh phú quý khuynh bang quốc.,一生富貴傾邦國。
"Mạc sầu phụ mẫu thiểu hoàng kim,",莫愁父母少黃金，
Thiên hạ phong trần nhi diệc đắc.,天下風塵兒亦得。
"Xuân thôi nông công động thiên mạch,",春催農工動阡陌，
Canh lê phân vân ngưu bội huyết.,耕犁紛紜牛揹血。
"Chủng thì dĩ biến phục vân tỉ,",种蒔已遍复耘耔，
Cửu tình khát vũ xa thanh phát.,久晴渴雨車聲發。
"Vãng lai tuần thị hiểu tịch mang,",往來巡視曉夕忙，
Hương tuệ thuỳ đầu thu đăng trường.,香穗垂頭秋登場。
"Nhất niên khổ tân kim hạnh thục,",一年楛辛今幸熟，
Tráng nhi kiện phụ tranh tảo thương.,壯儿健婦爭掃倉。
"Quan du tư phụ sách giao chí,",官輸私負索交至，
Thược hợp bất lưu đãn khang tì.,勺合不留但糠秕。
"Ngã phúc bất bão bão tha nhân,",我腹不飽飽他人，
Chung nhật mao thiềm sầu ngạ tử.,終日茅檐愁餓死。
"Xuân khí huân đào tàm động chỉ,",春氣熏陶蠶動紙，
Thái tang nhi nữ hống như thị.,採桑兒女哄如市。
"Trú tự dạ uỷ thời phân bàn,",晝飼夜餧時分盤，
Quynh môn tạ khách cẩn tục kỵ.,扃門謝客謹俗忌。
"Tuyết đoàn lạc giá trừu kiển ty,",雪團落架抽繭絲，
Tiểu cô tao xa phụ chức ky.,小姑繅車婦織機。
"Toàn gia cần lao các hữu vọng,",全家勤勞各有望，
Ông ảo xử phân tương tài y.,翁媼處分將裁衣。
"Quan du tư phụ sách giao chí,",官輸私負索交至，
Xích thốn bất lưu đãn sương tứ.,尺寸不留但箱笥。
"Ngã thân bất noãn noãn tha nhân,",我身不暖暖他人，
Chung nhật mao thiềm sầu đống tử.,終日茅檐愁凍死。
"Hữu đệ, hữu đệ tại viễn phương,",有弟有弟在遠方，
"Tam nhân các sấu, hà nhân cường.",三人各瘦何人強。
"Sinh biệt triển chuyển bất tương kiến,",生別展轉不相見，
Hồ trần ám thiên đạo lộ trường.,胡塵暗天道路長。
"Đông phi gia nga, hậu thu thương,",東飛鴐鵝後鶖鶬，
An đắc tống ngã trí nhữ bàng?,安得送我置汝旁。
"Ô hô! Tam ca hề, ca tam phát,",嗚呼！三歌兮歌三發，
Nhữ quy hà xứ thu huynh cốt?,汝歸何處收兄骨。
"Ngột toạ tư quy bất cử đầu,",兀坐思歸不舉頭，
Song phong vị ngã phiên thư diệp.,窗風為我翻書葉。
"Chúng trung văn ngữ nhận hương lý,",眾中聞語認鄉里，
Tiện giác thạch môn hàn điệp điệp.,便覺石門寒疊疊。
"Vân Am dĩ tác bạch tháp tân,",雲庵已作白塔新，
Đương nhãn phong chi tâm dục chiết.,當眼風枝心欲折。
"Đạo nhân tùng lâm thập niên cựu,",道人叢林十年舊，
Cổ tự thanh đăng dạ tương tiếp.,古寺清燈夜相接。
"Thất thanh phương dục vấn Giang Nam,",失聲方欲問江南，
Hốt ức khứ niên Hoài thượng biệt.,忽憶去年淮上別。
"Đào không củng nhiên văn túc âm,",逃空跫然聞足音，
Kiến tử linh nhân giải sầu kết.,見子令人解愁結。
"Địa lô hoả lãnh sương nguyệt khổ,",地爐火冷霜月苦，
Nhất thất huyên hoa chung noãn nhiệt.,一室喧嘩終暖熱。
"Tương Sơn phá hiểu lập binh đình,",湘山破曉立俜停，
Tú mạt duyên hoa dư tích tuyết.,秀抹鉛華餘積雪。
"Cố Ứng sơn diệc vị dư hỷ,",故應山亦為餘喜，
Cách ngạn dao khan viên tiếu yếp.,隔岸遙看圓笑靨。
"Thiên nhai giai xứ khả đồng du,",千崖佳處可同游，
Minh nguyệt ba tình đương lý tiếp.,明月波情當理楫。
"Cận văn Khuyển Nhung viễn độn đào,",近聞犬戎遠遁逃，
Mục mã bất cảm xâm Lâm Thao.,牧馬不敢侵臨洮。
"Vị thuỷ uy di bạch nhật tịnh,",渭水逶迤白日淨，
Lũng sơn tiêu sắt thu vân cao.,隴山蕭瑟秋雲高。
"Không Đồng, Ngũ nguyên diệc vô sự,",崆峒五原亦無事，
Bắc Đình sổ hữu Quan Trung sứ.,北庭數有關中使。
"Tự văn tán phổ cánh cầu thân,",似聞贊普更求親，
Cữu sanh hoà hảo ưng nan khí.,舅甥和好應難棄。
"Cao Bưu hồ thuỷ thanh thả u,",高郵湖水清且幽，
Cao Bưu nữ nhi năng đãng chu.,高郵女兒能蕩舟。
"Thập bát sơ trang hảo cao kế,",十八梳妝好高髻，
Nhị thập giá phu trường viễn du.,二十嫁夫長遠遊。
"Thanh lăng kính phá bảo thoa chiết,",青菱鏡破寶釵折，
Phỉ thuý khâm hàn điệp hương tuyết.,翡翠衾寒疊香雪。
"Phương thảo vương tôn khứ bất quy,",芳草王孫去不歸，
Huệ cô đề xứ Tần lâu nguyệt.,蟪蛄啼處秦樓月。
"Lâu tiền dương liễu phi nhứ đa,",樓前楊柳飛絮多，
Môn ngoại thù ty thành võng la.,門外蛛絲成網羅。
"Cao Bưu hồ thuỷ tăng tịch ba,",高郵湖水增夕波，
Cao Bưu nữ nhi tương nại hà.,高郵女兒將奈何。
"An Tây đô hộ hồ thanh thông,",安西都護胡青驄，
Thanh giá hốt nhiên lai hướng đông.,聲價欻然來向東。
"Thử mã lâm trận cửu vô địch,",此馬臨陣久無敵，
Dữ nhân nhất tâm thành đại công.,與人一心成大功。
"Công thành huệ dưỡng tuỳ sở trí,",功成惠養隨所致，
Phiêu phiêu viễn tự lưu sa chí.,飄飄遠自流沙至。
"Hùng tư vị thụ phục lịch ân,",雄姿未受伏櫪恩，
Mãnh khí do tư chiến trường lợi.,猛氣猶思戰場利。
"Oản xúc đề cao như bặc thiết,",腕促蹄高如踣鐵，
Giao hà kỷ xúc tằng băng liệt.,交河幾蹴曾冰裂。
"Ngũ hoa tán tác vân mãn thân,",五花散作雲滿身，
Vạn lý phương khan hãn lưu huyết.,萬里方看汗流血。
"Trường An tráng nhi bất cảm kỵ,",長安壯兒不敢騎，
Tẩu quá xiết điện khuynh thành tri.,走過掣電傾城知。
"Thanh ty lạc đầu vị quân lão,",青絲絡頭為君老，
Hà do khước xuất Hoành Môn đạo.,何由卻出橫門道。
"Ngân sàng tà áp ngô đồng tỉnh,",銀床斜壓梧桐井，
Khiên động tàn ti ngũ sắc cảnh.,牽動殘絲五色綆。
"Tí quyển la tiêu bảo xuyến cao,",臂捲羅綃寶釧髙，
Ba ngưng ngọc nhũ kim bình lãnh.,波凝玉乳金瓶冷。
"Trầm trầm áp lục tẩm nha hoàng,",沈沈鴨緑浸鴉黃，
Lộc lô nhất thanh sầu đoạn trường.,轆轤一聲愁斷腸。
"Toái quang dao động lan can thấp,",碎光揺動闌干濕，
Thảo căn trích lộ âm cùng khấp.,草根滴露隂蛩泣。
"Nghệ An dĩ bắc tam thiên lý,",乂安以北三千里，
Đồn trấn nhi kim nhất bách niên.,屯鎮而今一百年。
"Vãng sự dĩ tùy lưu thủy khứ,",往事已隨流水去，
Tích nhân thặng giả bi truyền.,昔人剩者碑傳。
"Ô hô Phòng, Nguỵ bất phục kiến,",嗚呼房魏不復見，
Tần vương học sĩ thời nan tiện.,秦王學士時難羨。
"Thanh khâm trụ tử khốn nê đồ,",青衿胄子困泥塗，
Bạch mã tướng quân nhược lôi điện.,白馬將軍若雷電。
"Thiên tái thiểu tự Chu Vân nhân,",千載少似朱雲人，
Chí kim chiết hạm không lân tuân.,至今折檻空嶙峋。
"Lâu công bất ngữ, Tống công ngữ,",婁公不語宋公語，
Thượng ức tiên hoàng dung trực thần.,尚憶先皇容直臣。
"Chinh phụ lâm hành hiểu trang bạc,",征婦臨行曉妝薄，
Thượng đường từ cô song lệ lạc.,上堂辭姑雙淚落。
"Hàm tình dục tố khốc thanh trường,",含情欲訴哭聲長，
Nhất đoạn thê lương động lâm hác.,一段悽涼動林壑。
"Tòng phu bất từ hành lộ tu,",從夫不辭行路羞，
"Phụ khứ, thuỳ vi dưỡng cô mưu.",婦去誰為養姑謀。
"Phụ nhân tại quân cổ sở kỵ,",婦人在軍古所忌，
Kim nhật triệu mộ như truy tù.,今日召募如追囚。
"Thập niên phụ cô cộng cam khổ,",十年婦姑共甘苦，
Nhất thất đảo huyền không tứ cố.,一室倒懸空四顧。
"Tiểu lang tảo một cánh vô nhân,",小郎早沒更無人，
Khước bả thần hôn thác lân phụ.,卻把晨昏托鄰婦。
"Tình tri tống nhi thị mai nhi,",情知送儿是埋儿，
Cô niên lão đại mạc khổ bi.,姑年老大莫苦悲。
"Vạn nhất quân trung phế cơ trữ,",萬一軍中廢机杼，
Giảm mễ hoán y đương ký quy.,減米換衣當寄歸。
"Tiểu kỳ khiếu hô thôi tảo biệt,",小旗叫呼催早別，
Xuất môn tiện thành thiên lý cách.,出門便成千里隔。
"Kim dạ bất văn hoán phụ thanh,",今夜不聞喚婦聲，
Sầu tâm cộng quải thiên biên nguyệt.,愁心共挂天邊月。
"Hà sừ uý quan khứ hà qua,",荷鋤畏官去荷戈，
Hổ phù hạ điều chinh Giao Hà.,虎符下調征交河。
"Kinh niên bất đổ vân trung nhạn,",經年不睹雲中雁，
Dạ dạ không khuê ác mộng đa.,夜夜空閨惡夢多。
"Triêu lai thảm báo toàn quân một,",朝來慘報全軍沒，
Thốn cốt bất quy quy biện phát.,寸骨不歸歸辮髮。
"Kết phát ân thâm tiễn chỉ phan,",結髮恩深剪紙幡，
Táng quân di phát chiêu quân hồn.,葬君遺髮招君魂。
"Hồn hề mạc oán sa tràng tử,",魂兮莫怨沙場死，
Chiến tử sa trường tiên dư tội.,戰死沙場鮮餘罪。
"Đông gia a phụ tử quan lương,",東家阿父死官粮，
Quan phủ hạ lệnh giới thê tử.,官府下令械妻子。
"Cửu nguyệt Hung Nô sát biên tướng,",九月匈奴殺邊將，
Hán quân toàn một Liêu thuỷ thượng.,漢軍全沒遼水上。
"Vạn lý vô nhân thu bạch cốt,",萬里無人收白骨，
Gia gia thành hạ chiêu hồn táng.,家家城下招魂葬。
"Phụ nhân y ỷ tử dữ phu,",婦人依倚子與夫，
Đồng cư bần tiện tâm diệc thư.,同居貧賤心亦舒。
"Phu tử chiến trường tử tại phúc,",夫死戰場子在腹，
Thiếp thân tuy tồn như trú chúc.,妾身雖存如晝燭。
"Ngô Trung bạch trữ bạch như sương,",吳中白紵白如霜，
Xuân phong nhập y lan xạ hương.,春風入衣蘭麝香。
"Nhị nguyệt thành nam tang diệp lục,",二月城南桑葉綠，
Tân tàm sơ xuất vi ư túc.,新蠶初出微於粟。
"Thái tang nhật yến huề khuông quy,",采桑日晏攜筐歸，
Dạ bán huyền đăng đãi tàm thục.,夜半懸燈待蠶熟。
"Sào thành tố ti kinh thượng cơ,",繅成素絲經上機，
Lưỡng nhật nhất thất do khổ trì.,兩日一匹猶苦遲。
"Chức thành tài y dữ lang trứ,",織成裁衣與郎著，
Thiếp ninh tân khổ giao lang lạc.,妾甯辛苦教郎樂。
"Gia trung bần phú thuỳ đắc tri,",家中貧富誰得知，
Lang vô y trứ tha nhân xi.,郎無衣著他人嗤。
"Chức phụ hà thái mang,",織婦何太忙，
Tàm kinh tam ngoạ hành dục lão.,蠶經三臥行欲老。
"Tàm thần nữ thánh tảo thành ty,",蠶神女聖早成絲，
Kim niên ty thuế trừu trưng tảo.,今年絲稅抽徵早。
"Tảo trưng phi thị quan nhân ác,",早徵非是官人惡，
Khứ tuế quan gia sự nhung tác.,去歲官家事戎索。
"Trưng nhân chiến khổ thúc đao sang,",徵人戰苦束刀瘡，
Chủ tướng huân cao hoán la mán.,主將勳高換羅幕。
"Sào ty chức bạch do nỗ lực,",繅絲織帛猶努力，
Biến tập liêu cơ khổ nan chức.,變緝撩機苦難織。
"Đông gia đầu bạch song nữ nhi,",東家頭白雙女兒，
Vị giải khiêu văn giá bất đắc.,爲解挑紋嫁不得。
"Thiềm tiền niệu niệu du ty thượng,",檐前嫋嫋遊絲上，
Thượng hữu tri thù xảo lai vãng.,上有蜘蛛巧來往。
"Tiện tha trùng trãi giải duyên thiên,",羨他蟲豸解緣天，
Năng hướng hư không chức la võng.,能向虛空織羅網。
"Chử hải chi dân hà sở dinh,",煮海之民何所營，
Phụ vô tàm chức phu vô canh.,婦無蠶織夫無耕。
"Y thực chi nguyên thái liêu lạc,",衣食之源太寥落，
Lao bồn chử tựu nhữ luân chinh.,牢盆煮就汝輪征。
"Niên niên xuân hạ triều doanh phố,",年年春夏潮盈浦，
Triều thoái quát nê thành đảo tự.,潮退刮泥成島嶼。
"Phong can nhật bộc hàm vị gia,",風乾日曝咸味加，
Thuỷ quán triều ba lựu thành lỗ.,始灌潮波塯成滷。
"Lỗ nùng kiềm đạm vị đắc nhàn,",滷濃堿淡未得閑，
Thái tiều thâm nhập vô cùng sơn.,採樵深入無窮山。
"Báo tung hổ tích bất cảm tỵ,",豹蹤虎跡不敢避，
Triêu dương sơn khứ tịch dương hoàn.,朝陽山去夕陽還。
"Thuyền tải kiên kình vị hoàng yết,",船載肩擎未遑歇，
Đầu nhập cự táo viêm viêm nhiệt.,投入巨灶炎炎熱。
"Thần thiêu mộ thước đồi tích cao,",晨燒暮爍堆積高，
Tài đắc ba đào biến thành tuyết.,才得波濤變成雪。
"Tự tòng chư lỗ chí phi sương,",自從瀦滷至飛霜，
Vô phi giá thải sung hầu lương.,無非假貸充餱糧。
"Xưng nhập quan trung đắc vi trực,",稱入官中得微直，
Nhất mân vãng vãng thập mân thường.,一緡往往十緡償。
"Chu nhi phục thuỷ vô hưu tức,",周而復始無休息，
Quan tô vị liễu tư tô bức.,官租未了私租逼。
"Khu thê trục tử khoá công trình,",驅妻逐子課工程，
Tuy tác nhân hình câu thái sắc.,雖作人形俱菜色。
"Chúc hải chi dân hà khổ môn,",鬻海之民何苦門，
An đắc mẫu phú tử bất bần.,安得母富子不貧。
"Bản triều nhất vật bất thất sở,",本朝一物不失所，
Nguyện quảng hoàng nhân đáo hải tân.,愿廣皇仁到海濱。
"Giáp binh tịnh tẩy chinh luân chuyết,",甲兵淨洗征輪輟，
Quân hữu dư tài bãi diêm thiết.,君有餘財罷鹽鐵。
"Thái bình tương nghiệp nhĩ duy diêm,",太平相業爾惟鹽，
Hoá tác Hạ Thương Chu thời tiết.,化作夏商周時節。
"Biểu sơn thương lý sơn xích,",表山蒼裏山赤，
Tà đới sơn gian cổn cổn bích.,斜帯山間滾滾碧。
"Tùng phong trúc ảnh giáp cô chu,",松風竹影夾孤舟，
Khúc thuỷ hồi lưu triết lạc thạch.,曲水回流哲落石。
"Dư ba đáo hải bất cập bôn,",餘波到海不及奔，
Dẫn xuất lâu đài hoành thuỷ khuếch.,引出樓臺橫水廓。
"Tư Dung phiến nguyệt phù vân lai,",思容片月浮雲來，
Thuận An hạo hạo trường phong kích.,順安灝灝長風撃。
"Thiên lý chung tồn Giang Hán tư,",千里終存江漢思，
Nhất phàm bất biện vân bình tích.,一帆不瓣雲萍跡。
"Thiên địa ngoại hữu vô trung,",天地外有無中，
Giải đắc tâm khoan nhãn bất trách.,解得心寬眼不窄。
"Chước tửu dữ quân, quân tự khoan,",酌酒與君君自寬，
Nhân tình phiên phúc tự ba lan.,人情翻覆似波瀾。
"Bạch thủ tương tri do án kiếm,",白首相知猶按劍，
Chu môn tiên đạt tiếu đàn quan.,朱門先達笑彈冠。
"Thảo sắc toàn kinh tế vũ thấp,",草色全經細雨濕，
Hoa chi dục động xuân phong hàn.,花枝欲動春風寒。
"Thế sự phù vân hà túc vấn,",世事浮雲何足問，
Bất như cao ngoạ thả gia xan.,不如高臥且加餐。
Quân bất kiến:,君不見：
"Tiêu Tương chi sơn Hành sơn cao,",瀟湘之山衡山高，
Sơn điên chu phụng thanh ngao ngao.,山巔朱鳳聲嗷嗷。
"Trắc thân trường cố cầu kỳ quần,",側身長顧求其群，
Sí thuỳ khẩu cấm tâm thậm lao.,翅垂口噤心甚勞。
"Hạ mẫn bách điểu tại la võng,",下湣百鳥在羅網，
Hoàng tước tối tiểu do nan đào.,黃雀最小猶難逃。
"Nguyện phân trúc thực cập lâu nghĩ,",願分竹實及螻蟻，
Tận sử si kiêu tương nộ hào.,盡使鴟梟相怒號。
"Trâu, Mai biệt hậu kim kỷ niên,",邾枚別後今幾年，
Tương phùng phiên tác Hàn dữ Điên.,相逢翻作韓與顛。
"Vấn đạo tàm phi nhất túc giác,",問道慚非一宿覺，
Luận giao hỷ đắc tam sinh duyên.,論教喜得三生緣。
"Ngâm quy thương hải dạ thuyền nguyệt,",吟歸滄海夜船月，
Mộng nhiễu hoàng các hương lô yên.,夢繞黃閣香爐煙。
"Khổng Minh miếu tiền hữu lão bách,",孔明廟前有老柏，
Kha như thanh đồng căn như thạch.,柯如青銅根如石。
"Song bì lưu vũ tứ thập vi,",雙皮溜雨四十圍，
Đại sắc sâm thiên nhị thiên xích.,黛色參天二千尺。
"Quân thần dĩ dữ thì tế hội,",君臣已與時際會，
Thụ mộc do vi nhân ái tích.,樹木猶為人愛惜。
"Vân lai khí tiếp Vu Giáp trường,",雲來氣接巫峽長，
Nguyệt xuất hàn thông Tuyết Sơn bạch.,月出寒通雪山白。
"Ức tạc lộ nhiễu Cẩm đình đông,",憶昨路繞錦亭東，
"Tiên Chủ, Vũ Hầu đồng bí cung.",先主武侯同閟宮。
"Thôi ngôi chi cán giao nguyên cổ,",崔嵬枝幹郊原古，
Yểu điệu đan thanh hộ dũ không.,窈窕丹青戶牖空。
"Lạc lạc bàn cứ tuy đắc địa,",落落盤踞雖得地，
Minh minh cô cao đa liệt phong.,冥冥孤高多烈風。
"Phù trì tự thị thần minh lực,",扶持自是神明力，
Chánh trực nguyên nhân tạo hoá công.,正直元因造化功。
"Đại hạ như khuynh yếu lương đống,",大廈如傾要梁棟，
Vạn ngưu hồi thủ khâu sơn trọng.,萬牛迴首丘山重。
"Bất lộ văn chương thế dĩ kinh,",不露文章世已驚，
Vị từ tiễn phạt thuỳ năng tống.,未辭剪伐誰能送。
"Khổ tâm khởi miễn dung lâu nghị,",苦心豈免容螻蟻，
Hương diệp chung kinh túc loan phượng.,香葉終經宿鸞鳳。
"Chí sĩ u nhân mạc oán ta,",志士幽人莫怨嗟，
Cổ lai tài đại nan vi dụng.,古來材大難為用。
"Cổ nhân man ca tây phi yến,",古人謾歌西飛燕，
Thập niên bất kiến cuồng phu diện.,十年不見狂夫面。
"Tam canh phong tác thiết mộng đao,",三更風作切夢刀，
Vạn chuyển sầu thành hệ trường tuyến.,萬轉愁成系腸線。
"Sở ta bất cập Ngưu Nữ tinh,",所嗟不及牛女星，
Nhất niên nhất độ đắc tương kiến.,一年一度得相見。
"Quân bất kiến: Cố cung yến,",君不見：故宮燕，
Xuân vũ thu phong kỷ hồi chuyển.,春雨秋風幾回轉。
"Cung trung phong vũ trưởng bồng hao,",宮中風雨長蓬蒿，
Phi nhập cung tường nhiễu hư điện.,飛入宮墻繞虛殿。
"Xuyên liêm độ các vũ si trì,",穿帘度閣羽差池，
Tận nhật ni nam nhân vị tri.,盡日呢喃人未知。
"Liễu lục sạ hàm thiên xích nhứ,",柳綠乍銜千尺絮，
Hoa khai nhưng phất vạn niên chi.,花開仍拂萬年枝。
"Ngọc giai tịch mịch phù ty lãnh,",玉階寂寞罘罳冷，
Hoạ đống si trì xuân yến ảnh.,畫棟差池春燕影。
"Tuế tuế doanh sào cánh bất thành,",歲歲營巢竟不成，
Xuân lai thu khứ thuỳ tằng tỉnh.,春來秋去誰曾省。
"Khả lân thử độ thu phong tảo,",可憐此度秋風早，
Chỉnh đốn mao y do tự hảo.,整頓毛衣猶自好。
"Bồi hồi dục biệt Vị Ương cung,",徘徊欲別未央宮，
Vạn hộ thiên môn hốt như tảo.,萬戶千門忽如掃。
"Chung cự hà niên khứ Lạc Dương,",鍾簴何年去洛陽，
Tiên nhân từ Hán lệ thành hàng.,仙人辭漢淚成行。
"Tối khổ tây phi song yến tử,",最苦西飛雙燕子，
Hồi đầu bất kiến cựu cung tường.,回頭不見舊宮墻。
"Trường niên hà tằng tại hương quốc,",長年何曾在鄉國，
Tâm tính do lai hiếu vi khách.,心性由來好為客。
"Chỉ tương sinh sự ký giang hồ,",只將生事寄江湖，
Lợi thị hà sầu viễn hành dịch.,利市何愁遠行役。
"Thiêu tiền si tửu hiểu kỳ phong,",燒錢釃酒曉祈風，
Trục lữ du du tây phục đông.,逐侶悠悠西復東。
"Phù gia phiếm trạch vô khiên quải,",浮家泛宅無牽掛，
Tính danh bất hệ quan tịch trung.,姓名不繫官籍中。
"Tha nga đại bạch giáp song lỗ,",嵯峨大舶夾雙櫓，
Đại phụ năng ca tiểu phụ vũ.,大婦能歌小婦舞。
"Kỳ đình mỹ tửu nhật nhật cô,",旗亭美酒日日沽，
Bất thức nhân gian ly biệt khổ.,不識人間離別苦。
"Trường Giang lưỡng ngạn xướng lâu đa,",長江兩岸娼樓多，
Thiên môn vạn hộ tứ kinh qua.,千門萬戶恣經過。
"Nhân sinh hà như cổ khách lạc,",人生何如賈客樂，
Trừ khước phong ba nại nhược hà!,除卻風波奈若何。
Quân bất kiến:,君不見：
"Côn Ngô thiết dã phi viêm yên,",昆吾鐵冶飛炎煙，
Hồng quang tử khí câu hách nhiên.,紅光紫氣俱赫然。
"Lương công đoàn luyện phàm kỷ niên,",良工鍛煉凡幾年，
Chú đắc bảo kiếm danh Long Tuyền.,鑄得寶劍名龍泉。
"Long Tuyền nhan sắc như sương tuyết,",龍泉顏色如霜雪，
Lương công tư ta thán kỳ tuyệt.,良工咨嗟嘆奇絕。
"Lưu ly ngọc hạp thổ liên hoa,",琉璃玉匣吐蓮花，
Thác lũ kim hoàn ánh minh nguyệt.,錯鏤金環映明月。
"Chính phùng thiên hạ vô phong trần,",正逢天下無風塵，
Hạnh đắc chu phòng quân tử thân.,幸得周防君子身。
"Tinh quang ảm ảm thanh xà sắc,",精光黯黯青蛇色，
Văn chương phiến phiến lục quy lân.,文章片片綠龜鱗。
"Phi trực tiếp giao du hiệp tử,",非直接交遊俠子，
Diệc tằng thân cận anh hùng nhân.,亦曾親近英雄人。
"Hà ngôn trung lộ tao khí quyên,",何言中路遭棄捐，
Linh lạc phiêu luân cổ ngục biên.,零落飄淪古獄邊。
"Tuy phục trầm mai vô sở dụng,",雖復沉埋無所用，
Do năng dạ dạ khí xung thiên.,猶能夜夜氣衝天。
"Thiên Tân kiều hạ dương xuân thuỷ,",天津橋下陽春水，
Thiên Tân kiều thượng phồn hoa tử.,天津橋上繁華子。
"Mã thanh hồi hợp thanh vân ngoại,",馬聲回合青雲外，
Nhân ảnh động dao lục ba lý.,人影動搖綠波裏。
"Lục ba đãng dạng ngọc vi sa,",綠波蕩漾玉為砂，
Thanh vân ly phi cẩm tác hà.,青雲離披錦作霞。
"Khả liên dương liễu thương tâm thụ,",可憐楊柳傷心樹，
Khả liên đào lý đoạn trường hoa.,可憐桃李斷腸花。
"Thử nhật ngao du yêu mỹ nữ,",此日遨遊邀美女，
Thử thì ca vũ nhập xướng gia.,此時歌舞入娼家。
"Xướng gia mỹ nữ uất kim hương,",娼家美女郁金香，
Phi lai phi khứ công tử bàng.,飛來飛去公子傍。
"Đích đích châu liêm bạch nhật ánh,",的的珠帘白日映，
Nga nga ngọc nhan hồng phấn trang.,娥娥玉顏紅粉妝。
"Hoa tế bùi hồi song giáp điệp,",花際裴回雙蛺蝶，
Trì biên cố bộ lưỡng uyên ương.,池邊顧步兩鴛鴦。
"Khuynh quốc khuynh thành Hán Vũ Đế,",傾國傾城漢武帝，
Vi vân vi vũ Sở Tương Vương.,為雲為雨楚襄王。
"Cổ lai dung quang nhân sở tiện,",古來容光人所羨，
Huống phục kim nhật dao tương kiến.,況復今日遙相見。
"Nguyện tác khinh la trước tế yêu,",願作輕羅著細腰，
Nguyện vi minh kính phân kiều diện.,願為明鏡分嬌面。
"Dữ quân tương hướng chuyển tương thân,",與君相向轉相親，
Dữ quân song thê cộng nhất thân.,與君雙棲共一身。
"Nguyện tác trinh tùng thiên tuế cổ,",願作貞松千歲古，
Thuỳ luận phương cẩn nhất triêu tân.,誰論芳槿一朝新。
"Bách niên đồng tạ Tây sơn nhật,",百年同謝西山日，
Thiên thu vạn cổ Bắc Mang trần.,千秋萬古北邙塵。
"Môn ngoại phương đường nhất mẫu dư,",門外方溏一畝餘，
Niên niên bất súc tự đa ngư.,年年不畜自多魚。
"Phú nhân chủ chi thập thiên lợi,",富人主之十千利，
Bần nhân cô chi vô nhất như.,貧人沽之無一如。
"Mễ quý dĩ nan phu khẩu thực,",米貴已難敷口食，
Ba thâm hựu trị tác lâm sơ.,波深又值作霖初。
"An tri bần phú phi do mệnh,",安知貧富非由命，
Kiệt lực đương vi mạc hận cừ.,竭力當為莫恨渠。
"Bành gia nữ nhi thập lục thất,",彭家女兒十六七，
Xúc cúc trường trung xưng đệ nhất.,蹴踘場中稱第一。
"Chỉ kim niên dĩ nhị thập dư,",只今年已二十餘，
Mãn thân cổn lộng vưu tinh cực.,滿身袞弄尤精极。
"Bích ngọc thoa hoành kế oản vân,",碧玉釵橫髻綰雲，
Tiêu y thuý tụ thạch lựu quần.,綃衣翠袖石榴裙。
"Hương trần bất động bạch nhật noãn,",香塵不動白日暖，
Nhất thập lục giải đương trình quân.,一十六解當呈君。
"Chiết toàn tả hữu tật phục hoãn,",折旋左右疾復緩，
Kim liên bộ bộ đa kỳ ngoạn.,金蓮步步多奇玩。
"Đắc phi dao hoàn liên bất khai,",得非瑤環連不開，
Vô nãi loan giao tục nan đoạn.,無乃鸞膠續難斷。
"Lạc hoa lưu thuỷ khứ phục hồi,",落花流水去復回，
Phi yến nghinh phong tụ hoàn tán.,飛燕迎風聚還散。
"Trường trung nhất thời bách xảo xuất,",場中一時百巧出，
Quan giả như sơn tổng kinh thán.,觀者如山總驚嘆。
Liêu hoàn Bố xạ kim hữu vô?,遼丸布射今有無？
Nữ lưu thử kỹ diệc thiểu như.,女流此伎亦少如。
"Khởi độc Công Tôn đại nương vũ kiếm khí,",豈獨公孫大娘舞劍器，
Sử nhân quan chi năng thảo thư.,使人觀之能草書。
"Ức tích thanh minh giai tiết thì,",憶昔清明佳節時，
Dữ quân giải cấu thành tương tri.,與君邂逅成相知。
"Trào phong lộng nguyệt thông lai vãng,",嘲風弄月通來往，
Bát động phong tình vô hạn tư.,撥動風情無限思。
"Hầu môn duệ đoạn thiên kim tác,",侯門曳斷千金索，
Huề thủ ai kiên du hoạ các.,攜手挨肩遊畫閣。
"Hảo bả thanh ty kết tử sinh,",好把青絲結死生，
Minh sơn thệ hải tình bất bạc.,盟山誓海情不薄。
"Bạch vân diểu diểu thảo thanh thanh,",白雲渺渺草青青，
Tài tử tư thân dục biệt tình.,才子思親欲別情。
"Đốn giác đào kiểm vô xuân sắc,",頓覺桃臉無春色，
Sầu thính truyền thư nhạn kỷ thanh.,愁聽傳書雁幾聲。
"Quân hành tuy bất bài loan ngự,",君行雖不排鸞馭，
Thắng tự chinh man phụ huynh khứ.,勝似征蠻父兄去。
"Bi bi thiết thiết đoạn trường thanh,",悲悲切切斷腸聲，
Chấp thủ khiên y lý tiền thệ.,執手牽衣理前誓。
"Dữ quân thành tựu loan phượng hữu,",與君成就鸞鳳友，
Thiết mạc Tô thành luyến hoa liễu.,切莫蘇城戀花柳。
"Tự quân chi khứ thiếp toàn my,",自君之去妾攢眉，
Chi phấn thung điều phát như trửu.,脂粉慵調發如帚。
"Nhân duyên lưỡng địa tương tư trọng,",姻緣兩地相思重，
Tuyết nguyệt phong hoa thuỳ dữ cộng.,雪月風花誰與共？
"Khả liên phu phụ chính đương niên,",可憐夫婦正當年，
Không sử mai hoa hồ điệp mộng.,空使梅花蝴蝶夢。
"Lâm phong đối nguyệt vô hoan hảo,",臨風對月無歡好，
Thê lương chẩm thượng hồn điên đảo.,淒涼枕上魂顛倒。
"Nhất tiêu hốt mộng nhữ thú thân,",一宵忽夢汝娶親，
Lai triêu bất giác sầu nhan lão.,來朝不覺愁顏老。
"Minh ngôn nguyện tác thần lôi điện,",盟言願作神雷電，
Cửu thiên huyền nữ tương truyền biến.,九天玄女相傳遍。
"Chỉ quy cố lý vị quy tuyền,",只歸故里未歸泉，
Hà cố âm dung nan đắc kiến.,何故音容難得見？
"Tài lang ý giả thiếp ý chân,",才郎意假妾意真，
Tái trì dịch sử trần đan tâm.,再馳驛使陳丹心。
"Khả liên tam thất tu hoa mạo,",可憐三七羞花貌，
Tịch mịch hương khuê lý bất câm.,寂寞香閨裡不禁。
"Thanh hải uông dương thuý đại tòng,",青海汪洋翠岱從，
Ba trừng nhật hạo trạm khung thông.,波澄日皜湛穹蔥。
"Bàn Đào dị chủng yếm khung cùng,",盤桃異種厭芎藭，
Thê thê bổng bổng triêu dương đồng.,萋萋菶菶朝陽桐。
"Vật trân châu bối ngân sa đồng,",物珍珠貝銀沙銅，
Bì cách văn ban hổ báo hùng.,皮革文斑虎豹熊。
"Thiên niên xuân âm hạc quy tông,",千年春蔭鶴龜嵕，
Tú chung tinh dục toàn hoá công.,秀鍾精毓全化工。
"Tuấn ngạn đĩnh xuất khoa trường trung,",俊彥挺出科場中，
Thần ái nhân hiền quốc bất không.,茞藹人賢國不空。
"Đa văn bác lãm phát tâm lung,",多聞博覽發心聾，
Nhất đại Sơn Đẩu ngưỡng cự công.,一代山斗仰鉅公。
"Cao từ kiện bút sách kỳ công,",高詞健筆策奇功，
Diệp diệp tài hoa cái thế hùng.,燁燁才華蓋世雄。
"Khí lăng trường kiếm ỷ không đồng,",氣凌長劍倚崆峒，
Bút vãn văn tinh diễm thổ hồng.,筆挽文星焰吐紅。
"Hầu thiệt ban liên đài toạ hàng,",喉舌班聯台座降，
Yêu bội khanh thương ngọc sắc lung.,腰佩鏗鏘玉色瓏。
"Nhã vịnh hoàng hoa thịnh tuyển sung,",雅詠黃華盛選充，
Khinh giá chinh yên phất liễu phong.,輕駕征鞍拂柳風。
"Huyền hà đối ngữ phái vô cùng,",懸河對語沛無窮，
Đô đắc thực học đắc tâm hung.,都得實學得心胸。
"Ngô đạo tương truyền vô cực ông,",吾道相傳無極翁，
Vân bình vạn lý khánh lai đồng.,雲萍萬里慶來同。
"Cửu trùng sạ tấu nhất thư phong,",九重乍奏一書封，
Sứ tinh mật tiếp Tử Vi cung.,使星密接紫微宮。
"Uyên hành thú vũ ánh nga nhung,",鵷行獸舞映鵝絨，
Ngũ Phụng lâu tiền bát bách chung.,五鳳樓前八百鍾。
"Ngưỡng chiêm hoàng cực thiên hình dung,",仰瞻皇極天形容，
Vạn tuế liên hô chúc Đại Tông.,萬歲連呼祝岱宗。
"Hỉ kim thiên tải nhất kỳ phùng,",喜今千載一奇逢，
Tam sinh tự giác thoát trần tung.,三生自覺脫塵蹤。
"Bái quan hy triều hiệp hoà trung,",拜觀熙朝協和衷，
Thanh minh quân hữu thế dung dung.,聲明均囿世融融。
"Thi hoài sái lạc chỉ chinh sung,",詩懷洒落旨怔忡，
Gia tình hà tất ký thư đồng.,家情何必寄書筒。
"Nhẫm nhiễm sơ thu khách tư hốt,",荏苒初秋客思忽，
Đoạn tục gian văn thế bạng trùng.,斷續閒聞砌傍虫。
"Nhất luân minh nguyệt quản vân bồng,",一輪明月斡雲蓬，
Hành nam ngưng mục hiểu quy hồng.,衡南凝目曉歸鴻。
"Tương ức canh thâm mộng diệc dung,",相憶更深夢亦慵，
Thiên biên vọng khoát hải chi đông.,天邊望闊海之東。
Dư văn:,余聞：
"Liêu nhuyên sản xuất thần thảo tùng,",遼堧產出神草叢，
Y quốc lương phương mạch lý thông.,醫國良方脈理通。
"Quân điệu tiên tễ trú xuân dung,",勻調仙劑駐春容，
Thọ lương phát bạch áng nhan đồng.,壽涼髮白盎顏童。
"Đán hoa Nghiêu Thuấn tuế kiều tùng,",旦華堯舜歲喬松，
Đắc bằng tải tửu thả tương tòng.,得朋載酒且相從。
Mỹ tai!,美哉！
Đắc bằng tải tửu khả tương tòng.,得朋載酒可相從。
"Tuyết ý các vân, vân bất lưu,",雪意閣雲雲不流，
Cựu vân chính áp tân vân đầu.,舊雲正壓新雲頭。
"Mễ điên điên bút lạc song ngoại,",米顛顛筆落窗外，
Tùng lam tú xứ đương ngã lâu.,松嵐秀處當我樓。
"Thuỳ liêm chỉ sầu hảo cảnh thiểu,",垂帘只愁好景少，
Quyển liêm hựu phạ phong liễu nhiễu.,捲帘又怕風繚繞。
Liêm quyển liêm thuỳ để sự nan?,帘捲帘垂底事難，
Bất tình bất tự thuỳ năng hiểu!,不情不緒誰能曉！
"Lô yên tiệm sấu tiễn thanh tiểu,",爐煙漸瘦剪聲小，
Hựu thị cô hồng lệ tiễu tiễu.,又是孤鴻唳悄悄。
"Cổ thụ y tà lâm cổ đạo,",古樹欹斜臨古道，
Chi bất sinh hoa phúc sinh thảo.,枝不生花腹生草。
"Hành nhân bất kiến thụ thiếu thời,",行人不見樹少時，
Thụ kiến hành nhân kỷ phiên lão.,樹見行人幾番老。
"Bạch nhật đăng sơn vọng phong hoả,",白日登山望烽火，
Hoàng hôn ẩm mã bạng Giao Hà.,黃昏飲馬傍交河。
"Hành nhân điêu đẩu phong sa ám,",行人刁斗風沙暗，
Công chúa tỳ bà u oán đa!,公主琵琶幽怨多。
"Dã doanh vạn lý vô thành quách,",野營萬里無城郭，
Vũ tuyết phân phân liên đại mạc.,雨雪紛紛連大漠。
"Hồ nhạn ai minh dạ dạ phi,",胡雁哀鳴夜夜飛，
Hồ nhi nhãn lệ song song lạc.,胡兒眼淚雙雙落。
"Văn đạo Ngọc Môn do bị già,",聞道玉門猶被遮，
Ứng tương tính mệnh trục Khinh xa.,應將性命逐輕車。
"Niên niên chiến cốt mai hoang ngoại,",年年戰骨埋荒外，
Không kiến bồ đào nhập Hán gia.,空見葡萄入漢家。
"Giang thượng phóng thuyền như phóng mã,",江上放船如放馬，
Ba thanh bất hiết phàm bất hạ.,波聲不歇帆不下。
"Tài phát Kim Lăng hựu Tấn Lăng,",才發金陵又晉陵，
Thế khuynh thiên lý long tương giả.,勢傾千里龍驤者。
"Thế gian khoái sự năng kỷ hà,",世間快事能幾何，
Đối quân cô tửu quân xướng ca.,對君沽酒君唱歌。
Quân bất kiến:,君不見：
"Tạc nhật hành nhân thuyết vãng sự,",昨日行人說往事，
Ác phong tam nguyệt toạ Hoàng Hà.,惡風三月坐黃河。
"Thái Hoá phong đầu ngọc tỉnh liên,",太華峰頭玉井蓮，
Khai hoa thập trượng ngẫu như thuyền.,開花十丈藕如船。
"Lãnh tỷ tuyết sương cam tỉ mật,",冷比雪霜甘比蜜，
Nhất phiến nhập khẩu trầm kha thuyên.,一片入口沈痾痊。
"Ngã dục cầu chi bất đạn viễn,",我欲求之不憚遠，
Thanh bích vô lộ nan di duyên.,青壁無路難夤緣。
"An đắc trường thê thướng trích thực,",安得長梯上摘實，
Hạ chủng thất trạch căn chu liên.,下種七澤根株連。
"Trường Bạch long can tây nam lai,",長白龍干西南來，
Linh sơn khải vận thần đường khai.,靈山啟運神堂開。
"Nguyên viễn lưu trường miên dịch thế,",源遠流長綿奕世，
Biền phiên đề chỉ hoàng đồ bồi.,駢蕃褆祉皇圖培。
"Triệu tổ y quan bí lăng thất,",肇祖衣冠秘陵室，
Tam tổ nguyên cung thiên tải mật.,三祖元宮千載謐。
"Cừu thành bất cộng hà nhẫn ngôn,",仇成不共何忍言，
Thất hận hưng sư thử đệ nhất.,七恨興師此第一。
"Viên thuỷ viên mưu miễn Đản Phụ,",爰始爰謀緬亶父，
Kiều Sơn cảnh hựu do cố thổ.,橋山景佑猶故土。
"Xương Bình tiều thái cấm chí kim,",昌平樵采禁至今，
Triều gia hậu đức chiêu thiên cổ.,朝家厚德昭千古。
"Lạp quang cao huyền chiếu sa không,",蠟光高懸照紗空，
Hoa phòng dạ đảo hồng thủ cung.,花房夜搗紅守宮。
"Tượng khẩu xuy hương tháp đăng noãn,",象口吹香毾覴暖，
Thất tinh quải thành văn lậu bản.,七星掛城聞漏板。
"Hàn nhập phù ti điện ảnh hôn,",寒入罘罳殿影昏，
Thải loan liêm ngạch trước sương ngân.,彩鸞簾額著霜痕。
"Đề cô điếu nguyệt câu lan hạ,",啼蛄弔月鉤欄下，
Khuất tất đồng phô toả A Chân.,屈膝銅鋪鎖阿甄。
"Mộng nhập gia môn thượng sa chử,",夢入家門上沙渚，
Thiên hà lạc xứ trường châu lộ.,天河落處長洲路。
"Nguyện quân quang minh như thái dương,",願君光明如太陽，
Phóng thiếp kỵ ngư phiết ba khứ.,放妾騎魚撇波去。
"Dữ huynh hành niên hiệu nhất tuế,",與兄行年校一歲，
Hiền giả thị huynh ngu giả đệ.,賢者是兄愚者弟。
"Huynh tương phú quý đẳng phù vân,",兄將富貴等浮雲，
Đệ thiết công danh hảo quyền thế.,弟切功名好權勢。
"Trường An thu vũ thập nhật nê,",長安秋雨十日泥，
Ngã tào bị mã thính thần kê.,我曹鞴馬聽晨雞。
"Công khanh chu môn vị khai toả,",公卿朱門未開鎖，
Ngã tào dĩ đáo kiên tương tề.,我曹已到肩相齊。
"Ngô huynh thuỵ ổn phương thư tất,",吾兄睡穩方舒膝，
Bất miệt bất cân tháp hiểu nhật.,不襪不巾蹋曉日。
"Nam đề nữ khốc mạc ngã tri,",男啼女哭莫我知，
Thân thượng tu tăng phúc trung thực.,身上須繒腹中實。
"Kim niên tư ngã lai Gia Châu,",今年思我來嘉州，
Gia Châu tửu trùng hoa nhiễu lâu.,嘉州酒重花繞樓。
"Lâu đầu khiết tửu lâu hạ ngoạ,",樓頭喫酒樓下臥，
Trường ca đoản vịnh hoàn tương thù.,長歌短詠還相酬。
"Tứ thì bát tiết hoàn câu lễ,",四時八節還拘禮，
Nữ bái đệ thê nam bái đệ.,女拜弟妻男拜弟。
"Bức cân bàn đới bất quải thân,",幅巾鞶帶不挂身，
Đầu chỉ túc cấu hà tằng tẩy.,頭脂足垢何曾洗。
"Ngô huynh ngô huynh Sào, Hứa luân,",吾兄吾兄巢許倫，
Nhất sinh hỉ nộ trường nhậm chân.,一生喜怒長任真。
"Nhật tà chẩm trửu tẩm dĩ thục,",日斜枕肘寢已熟，
Thu thu tức tức vị hà nhân.,啾啾唧唧為何人。
"Cám trừu mạc kiến hoàng kim câu,",紺紬幕見黃金鉤，
Bối ky lỗi lạc trừng bất lưu.,貝璣磊落澄不流。
"Phân phân mỵ ảnh động ba thượng,",紛紛媚影動波上，
Đích đích viễn thế hoành sa đầu.,的的遠勢橫沙頭。
"Tiền sơn tiệm hôn ngư xướng tức,",前山漸昏漁唱息，
Duy hữu sơ vi ngâm cùng thu.,唯有疏葦吟窮秋。
"Dư phương nhị tiếp đối thử cảnh,",予方弭楫對此景，
Thời dục thừa hứng trường dạ du.,時欲乘興長夜游。
"Thanh nga đãng tương hốt viễn chí,",青蛾蕩槳忽遠至，
Tuy hữu nhã ước do tần tu.,雖有雅約猶嚬羞。
"Thái chu tiên minh tứ song tịch,",彩舟鮮明四窗辟，
Lan trửu tân hoạt gia tân lưu.,蘭酎辛滑嘉賓留。
"Ca dư thanh liệt quán chúng nhĩ,",歌餘清洌貫眾耳，
Tiếu động tư thái sinh hương cấu.,笑動姿采生香㡚。
"Ngọc bàn khoái lô quang nhất sắc,",玉盤膾鱸光一色，
Đính thốc hào hạch tuỳ sở sưu.,飣簇殽核隨所搜。
"Hà tà Sâm đảo khí du hạo,",河斜參倒氣遊浩，
Ngã khởi ẩm tử tử tất thù.,我起飲子子必酬。
"Cộng tri thử hội bất dị đắc,",共知此會不易得，
Giải cấu đắc thử nan tái cầu.,邂逅得此難再求。
"Khu khu tài tri tự lao dịch,",區區才知自勞役，
Nhiễu nhiễu trần tục đa bi ưu.,擾擾塵俗多悲憂。
"Dĩ tuý cánh ca cánh khởi vũ,",已醉更歌更起舞，
Minh nhật phân tán không ly sầu.,明日分散空離愁。
"Ngã tích học thi vị hữu đắc,",我昔學詩未有得，
Tàn dư vị miễn tòng nhân khất.,殘余未免從人乞。
"Lực sàn khí nỗi tâm tự tri,",力孱氣餒心自知，
Vọng thủ hư danh hữu tàm sắc.,妄取虛名有慚色。
"Tứ thập tòng nhung trú Nam Trịnh,",四十從戎駐南鄭，
Hàm yến quân trung dạ liên nhật.,酣宴軍中夜連日。
"Đả cầu trúc trường nhất thiên bộ,",打球筑場一千步，
Duyệt mã liệt cứu tam vạn thất.,閱馬列廄三萬匹。
"Hoa đăng túng bác thanh mãn lâu,",華燈縱博聲滿樓，
Bảo thoa diễm vũ quang chiếu tịch.,寶釵艷舞光照席。
"Tỳ bà huyền cấp băng bạo loạn,",琵琶弦急冰雹亂，
Yết cổ thủ quân phong vũ tật.,羯鼓手勻風雨疾。
"Thi gia tam muội hốt kiến tiền,",詩家三昧忽見前，
Khuất Giả tại nhãn nguyên lịch lịch.,屈賈在眼元歷歷。
"Thiên cơ vân cẩm dụng tại ngã,",天機雲錦用在我，
Tiễn tài diệu xứ phi đao xích.,剪裁妙處非刀尺。
"Thế gian tài kiệt cố bất phạp,",世間才杰固不乏，
Thu hào vị hợp thiên địa cách.,秋毫未合天地隔。
"Phóng Ông lão tử hà túc luân,",放翁老死何足論，
Quảng Lăng tán tuyệt hoàn kham tích.,廣陵散絕還堪惜。
"Nhật Bản đông phương pháp tây tư,",日本東方法西斯，
Dã man hung bạo hựu tàn khốc.,野蠻凶暴又殘酷。
"Phát động Liễu xâm Hoa chiến tranh,",發動了侵華戰爭，
Trung Quốc nhân dân bị đồ độc.,中國人民被荼毒。
"Nhân bị sát liễu, gia bị phần,",人被殺了家被焚，
"Mãn địa huyết hồng, mãn sơn cốt.",滿地血紅滿山骨。
"Phi cơ lạc đạn vô khả miễn,",飛機落彈無可免，
Cơ hàn tật bệnh nan sinh hoạt.,饑寒疾病難生活。
"Tha môn gian khổ địa đấu tranh,",他們艱苦地斗爭，
Bảo vệ dân chủ dữ hoà bình.,保衛民主與和平。
"Tha môn nhu yếu viện trợ giả,",他門需要援助者，
Tha môn nhu yếu hữu đồng tình.,他門需要有同情。
"Nhật quỷ hướng thế giới tiến công,",日鬼向世界進攻，
Tha thị nhân loại chi công địch.,他是人類之公敵。
"Việt Nam huynh đệ tỉ muội a,",越南兄弟姊妹阿，
Khoái khoái khởi lai trợ Trung Quốc.,快快起來助中國。
"Nỗ lực bang trợ Trung Quốc nhân,",努力幫助中國人，
Trung Quốc - Việt Nam như thần xỉ.,中國越南如唇齒。
"Tu tri thần vong tắc xỉ hàn,",須知唇亡則齒寒，
Cứu Trung Quốc thị cứu tự kỷ.,救中國是救自己。
"Thiên vũ tiêu tiêu trệ mao ốc,",天雨蕭蕭滯茅屋，
Không sơn vô dĩ uý u độc.,空山無以慰幽獨。
"Nhuệ đầu tướng quân lai hà trì,",銳頭將軍來何遲，
Linh ngã tâm trung khổ bất túc.,令我心中苦不足。
"Sổ khan hoàng vụ loạn huyền vân,",數看黃霧亂玄雲，
Thì thính nghiêm phong chiết kiều mộc.,時聽嚴風折喬木。
"Tuyền nguyên linh linh tạp viên dứu,",泉源泠泠雜猿狖，
Nê nính mạc mạc cơ hồng hộc.,泥濘漠漠饑鴻鵠。
"Tuế mộ cùng âm cảnh vị dĩ,",歲暮窮陰耿未已，
Nhân sinh hội diện nan tái đắc.,人生會面難再得。
"Ức nhĩ yêu hạ thiết ti tiễn,",憶爾腰下鐵絲箭，
Xạ sát lâm trung tuyết sắc lộc.,射殺林中雪色鹿。
"Tiền giả toạ bì nhân vấn mao,",前者坐皮因問毛，
Tri tử lịch hiểm nhân mã lao.,知子歷險人馬勞。
"Dị thú như phi tinh tú lạc,",異獸如飛星宿落，
Ưng huyền bất ngại thương sơn cao.,應弦不礙蒼山高。
"An đắc đột kỵ chỉ ngũ thiên,",安得突騎只五千，
Tốt nhiên my cốt giai nhĩ tào.,崒然眉骨皆爾曹。
"Tẩu bình loạn thế tương thôi xúc,",走平亂世相催促，
Nhất khoát minh chủ chính úc đào.,一豁明主正郁陶。
"Ức tích Phạm Tăng toái ngọc đẩu,",憶昔範增碎玉斗，
Vị sử ngô binh trước bạch bào.,未使吾兵著白袍。
"Hôn hôn xương hạp bế phân tẩm,",昏昏閶闔閉氛祲，
Thập nguyệt Kinh Nam lôi nộ hào.,十月荊南雷怒號。
"Đả hổ nhi,",打虎兒，
"Nãi tại Biện Lương chi Vũ Châu,",乃在汴梁之禹州，
Vũ Châu thành ngoại Chu gia lâu.,禹州城外朱家樓。
"Tiểu nhi thập nhất tuỳ phụ canh,",小兒十一隨父耕，
Thâm lâm hữu hổ ban mao thành.,深林有虎斑毛成。
"Lưu lưu hắc phong xuy thảo căn,",飀飀黑風吹草根，
Thừa phong quắc nhân thuỳ cảm anh?,乘風攫人誰敢攖？
"Tiểu nhi bất thức hổ,",小兒不識虎，
Nghi thị hồ dữ ly.,疑是狐與狸。
"Đẩu nhiên kiến hổ hàm phụ chi,",陡然見虎銜父肢，
Bào hao thảo tế phong lai xuy.,咆哮草際風來吹。
"Nhi đề hướng phong bất đắc phụ,",兒啼向風不得父，
Bả dặc đả hổ tiệt hổ lộ.,把杙打虎截虎路。
"Tam xích đồng tử ngũ xích dặc,",三尺童子五尺杙，
Bằng không kích khứ trước hổ ức.,憑空擊去著虎臆。
"Hổ kinh cố nhi xả phụ dật,",虎驚顧兒捨父逸，
Thâm lâm phong thảo giai vô sắc.,深林風草皆無色。
"Vũ Châu thái thú hô tiểu nhi,",禹州太守呼小兒，
Dữ chi dĩ bạch bão dĩ mi.,予之以帛飽以糜。
"Dư thời tại thự thức nhi diện,",予時在署識兒面，
Phi phát khiêu trịch chân nhi hy.,披發跳擲真兒嬉。
Vấn nhi đả hổ hổ hà tự?,問兒打虎虎何似？
"Cử thủ trương nha tác hổ thế,",舉手張牙作虎勢。
Giả hổ ẩn mạn khủng tiểu nhi.,假虎隱幔恐小兒，
"Tiểu nhi kinh tỵ lực bất chi,",小兒驚避力不支。
Đương thời kiến hổ đắc vô bố.,當時見虎得無怖，
"Thử sự ngã diệc muội kỳ cố,",此事我亦昧其故。
Vũ Châu thái thú tỉnh đắc tri.,禹州太守省得知，
"Thị thời tiểu nhi tri hữu phụ,",是時小兒知有父。
Nam nhi thất xích tung phục hoành.,男兒七尺縱復橫，
"Tranh danh quắc lợi vạn lý hành,",爭名攫利萬里行。
Cao đường tồn một tổng bất vấn.,高堂存沒總不問，
Na khẳng xả mệnh luyến sở sinh?,那肯捨命戀所生？
"Ngã sở tư, đả hổ nhi.",我所思，打虎兒。
"Lạc Dương thành đông đào lý hoa,",洛陽城東桃李花，
Phi lai phi khứ lạc thuỳ gia?,飛來飛去落誰家？
"Lạc Dương nữ nhi hảo nhan sắc,",洛陽女兒好顏色，
Hành phùng lạc hoa trường thán tức.,行逢落花長歎息。
"Kim niên hoa lạc nhan sắc cải,",今年花落顏色改，
Minh niên hoa khai phục thuỳ tại.,明年花開復誰在。
"Dĩ kiến tùng bách tồi vi tân,",已見松柏摧為薪，
Cánh văn tang điền biến thành hải.,更聞桑田變成海。
"Cổ nhân vô phục Lạc thành đông,",古人無復洛城東，
Kim nhân hoàn đối lạc hoa phong.,今人還對落花風。
"Niên niên tuế tuế hoa tương tự,",年年歲歲花相似，
Tuế tuế niên niên nhân bất đồng.,歲歲年年人不同。
"Ký ngôn toàn thịnh hồng nhan tử,",寄言全盛紅顏子，
Ưng liên bán tử bạch đầu ông.,應憐半死白頭翁。
"Thử ông bạch đầu chân khả liên,",此翁白頭真可憐，
Y tích hồng nhan mỹ thiếu niên.,伊昔紅顏美少年。
"Công tử vương tôn phương thụ hạ,",公子王孫芳樹下，
Thanh ca diệu vũ lạc hoa tiền.,清歌妙舞落花前。
"Quang lộc trì đài khai cẩm tú,",光祿池臺開錦繡，
Tướng quân lâu các hoạ thần tiên.,將軍樓閣畫神仙。
"Nhất triêu ngoạ bệnh vô tương thức,",一朝臥病無相識，
Tam xuân hành lạc tại thuỳ biên.,三春行樂在誰邊。
"Uyển chuyển nga mi năng kỷ thì,",宛轉蛾眉能幾時，
Tu du hạc phát loạn như ti.,須臾鶴發亂如絲。
"Đãn khán cổ lai ca vũ địa,",但看古來歌舞地，
Duy hữu hoàng hôn điểu tước phi.,惟有黃昏鳥雀飛。
"Đại Đê nữ nhi nhan như hoa,",大堤女兒顏如花，
Đại Đê đê thượng vô hào gia.,大堤堤上無豪家。
"Đông gia nữ tác tây gia phụ,",東家女作西家婦，
Phu năng trạo thuyền nữ cô tửu.,夫能棹船女沽酒。
"Xuân khứ thu lai niên phục niên,",春去秋來年復年，
Sinh ca tử khốc trường tương thủ.,生歌死哭長相守。
Quân bất kiến:,君不見：
"Tương Dương nữ nhi giá Kinh Châu,",襄陽女兒嫁荊州，
Tràng chung kích cổ phanh phì ngưu.,撞鍾擊鼓烹肥牛。
"Lâu thuyền nhất khứ vô hồi nhật,",樓船一去無回日，
Hồng lệ không tuỳ giang thuỷ lưu.,紅淚空隨江水流。
"Đại Đê nhị tam nguyệt,",大堤二三月，
Thuỳ dương thiên vạn bả.,垂楊千萬把。
"Thượng chi kham tàng áp,",上枝堪藏鴨，
Hạ căn kham hệ mã.,下根堪繫馬。
"Tàng nha hệ mã vãn lâu biên,",藏鴉繫馬晚樓邊，
Trầm thuỷ hương phần thanh tửu truyền.,沈水香焚清酒傳。
"Hồng hà uyển uyển ca thanh ngoại,",紅霞宛宛歌聲外，
Hán thuỷ đoàn đoàn minh kính tiền.,漢水團團明鏡前。
"Dạ ẩm triêu miên hoan bất túc,",夜飲朝眠歡不足，
Thu khứ xuân lai phương thảo lục.,秋去春來芳草綠。
"Chỉ tri lang thác tận hoàng kim,",只知郎橐盡黃金，
Bất đạo thiếp nhan tiêu bạch ngọc.,不道妾顏銷白玉。
"Giang hữu phương châu ngạn hữu sa,",江有方州岸有沙，
Nha tường ty lãm các thiên nha.,牙檣絲纜各天涯。
"Thoa hoành hoa khốn kinh tàn mộng,",釵橫花困驚殘夢，
Bất tín hành nhân bất ức gia.,不信行人不憶家。
"Nhị bát thiền quyên Đại Đê nữ,",二八嬋娟大堤女，
Khai lô tương đối y giang chử.,開壚相對依江渚。
"Đãi khách đăng lâu hướng thuỷ khan,",待客登樓向水看，
Yêu lang quyển mạn lâm hoa ngữ.,邀郎卷幔臨花語。
"Tế vũ mông mông thấp kỵ hà,",細雨濛濛濕芰荷，
Ba Đông thương lữ quải phàm đa.,巴東商侶掛帆多。
"Tự truyền phương tửu uyển hồng tụ,",自傳芳酒涴紅袖，
Thuỳ điệu nghiên trang hồi thuý nga.,誰調妍妝回翠娥。
"Trân điệm hoa đăng tịch dương hậu,",珍簟華燈夕陽後，
Đương lô lý sắt căng tiêm thủ.,當壚理瑟矜纖手。
"Nguyệt lạc tinh vi ngũ cổ thanh,",月落星微五鼓聲，
Xuân phong dao đãng song tiền liễu.,春風搖盪窗前柳。
"Tuế tuế phùng nghênh sa ngạn gian,",歲歲逢迎沙岸間，
Bắc nhân đa thức lục vân hoàn.,北人多識綠雲鬟。
"Vô đoan giá dữ Ngũ Lăng thiếu,",無端嫁與五陵少，
Ly biệt yên ba thương ngọc nhan.,離別煙波傷玉顏。
"Vu sơn bất kiến Lư sơn viễn,",巫山不見廬山遠，
Tùng lâm lan nhã thu phong vãn.,松林蘭若秋風晚。
"Nhất lão do minh nhật mộ chung,",一老猶鳴日暮鐘，
Chư tăng thượng khất trai thì phạn.,諸僧尚乞齋時飯。
"Hương Lô phong sắc ẩn tình hồ,",香爐峰色隱晴湖，
Chủng hạnh tiên gia cận bạch du.,種杏仙家近白榆。
"Phi tích khứ niên đề ấp tử,",飛錫去年啼邑子，
Hiến hoa hà nhật hứa môn đồ.,獻花何日許門徒。
"Đại mạch can khô, tiểu mạch hoàng,",大麥乾枯小麥黃，
"Phụ nữ hành khấp, phu tẩu tàng.",婦女行泣夫走藏。
"Đông chí Tập Bích, tây Lương Dương,",東至集壁西梁洋，
Vấn thuỳ yêu liêm Hồ dữ Khương.,問誰腰鐮胡與羌。
"Khởi vô Thục binh tam thiên nhân,",豈無蜀兵三千人，
Bộ lĩnh tân khổ giang sơn trường.,部領辛苦江山長。
"An đắc như điểu hữu vũ sí,",安得如鳥有羽翅，
Thác thân bạch vân hoàn cố hương.,托身白雲還故鄉。
"Đạo nhân lai tự Sùng Thiên cung,",道人來自崇天宮，
"Thủ đề nhất bức mô hồ long,",手提一幅糢糊龍。
"Vân thị Trùng Hoa thánh nhân vạn cơ hạ,",云是重華聖人萬幾暇，
Mặc hý tam muội thời thung dung.,墨戲三昧時從容。
"Thủ trung tạo hoá diệu vô tích,",手中造化妙無蹟，
Ngư thoa tạm thác Đào gia bích.,漁梭暫托陶家壁。
"Động tiền độc đới thấp vân quy,",洞前獨帶濕雲歸，
Tiên khởi Bình Ế khu tích lịch.,鞭起屏翳驅霹靂。
"Xuân hồi ngũ tự khê lưu quang,",春回五字溪流光，
Ấn phân tam đạo châu ngưng hương.,印分三道珠凝香。
"Nhiệt đàn triển bái tạ thiên tứ,",熱檀展拜謝天賜，
Ngâm thanh phảng phất sinh công đường.,吟聲彷彿生公堂。
"Bình sinh phan long sự tắc dĩ,",平生攀龍事則已，
Nhất phiến thiền tâm tuỳ hải thuỷ.,一片禪心隨海水。
"Chí tôn nhược đãi vi lâm thời,",至尊若待為霖時，
Chỉ hợp hình cầu trúc nham sĩ.,只合形求築岩士。
"Lão nông gia bần tại sơn trú,",老農家貧在山住，
Canh chủng sơn điền tam tứ mẫu.,耕種山田三四畝。
"Miêu sơ thuế đa bất đắc thực,",苗疏稅多不得食，
Thâu nhập quan thương hoá vi thổ.,輸入官倉化為土。
"Tuế mộ sừ lê bàng không thất,",歲暮鋤犁傍空室，
Hô nhi đăng sơn thu tượng thực.,呼兒登山收橡實。
"Tây Giang cổ khách châu bách hộc,",西江賈客珠百觳，
Thuyền trung dưỡng khuyển trường thực nhục.,船中養犬長食肉。
"Đả mạch đả mạch,",打麥打麥，
Bành bành phách phách.,彭彭魄魄。
"Thanh tại sơn nam ứng sơn bắc,",聲在山南應山北，
Tứ nguyệt thái dương xuất đông bắc.,四月太陽出東北。
"Tài ly hải kiêu mạch thượng thanh,",才离海嶠麥尚青，
Chuyển đáo thiên tâm mạch dĩ thục.,轉到天心麥已熟。
"Hạt đán thôi nhân dạ bất miên,",鹖旦催人夜不眠，
Trúc kê khiếu vũ vân như mặc.,竹雞叫雨雲如墨。
"Đại phụ yêu liêm xuất,",大婦腰鐮出，
Tiểu phụ cụ khuông trục.,小婦具筐逐。
"Thượng lũng tiên loát thanh,",上壟先捋青，
Hạ lũng dĩ thành thúc.,下壟已成束。
"Điền gia dĩ khổ nãi vi lạc,",田家以苦乃為樂，
Cảm đạn đầu khô diện tiều hắc.,敢憚頭枯面焦黑。
"Quý nhân tiến miếu dĩ thường tân,",貴人荐廟已嘗新，
Tửu lễ ung dung hội sở thân.,酒醴雍容會所親。
"Khúc chung yếm ứ lạo đồng bộc,",曲終厭飫勞童仆，
Khởi tín điền gia vị nhập thần.,豈信田家未入脣。
"Tận tương tinh hảo du công phú,",盡將精好輸公賦，
Thứ bả thăng đẩu cầu thị nhân.,次把升斗求巿人。
"Mạch thu chính cấp hựu ương hoà,",麥秋正急又秧禾，
"Phong tuế tự thiểu hung tuế đa,",丰歲自少兇歲多，
Điền gia tân khổ khả nại hà.,田家辛苦可奈何！
"Tương thử đả mạch từ,",將此打麥詞，
Kiêm tác tháp hoà ca.,兼作插禾歌。
"Nam từ kinh khuyết sấn triêu vũ,",南辭京闕趁朝雨，
Dương liễu thanh thanh phàm kỷ thụ.,楊柳青青凡幾樹。
"Tân bằng tương tống xa thanh huyên,",賓朋相送車聲喧，
Xa hạ ân cần mỗi chấp thủ.,車下慇懃每執手。
"Nhi tình tối thị Từ công tôn,",兒情最是徐公孫，
Song hàng biệt lệ vô nhất ngôn.,雙行別淚無一言。
"Ấu nhãn thông tiêu miên bất đắc,",幼眼通宵眠不得，
Bình minh khởi tống cập đài môn.,平明起送及臺門。
"Quân bất kiến: Nam Bắc thiên vô tư vũ lộ,",君不見南北天無私雨露，
Trường An định hữu trùng lai lộ.,長安定有重來路。
"Chi kim lưu khứ nan vi tình,",祗今留去難為情，
Hoả luân nhất chuyển nhất hồi cố.,火輪一轉一回顧。
"Xa hành tấn tốc quá Hải Vân,",車行迅速過海雲，
Hương Bình thiên dĩ cách hồng trần.,香屏天已隔紅塵。
"Nhất phiến ly tình lưỡng tương hệ,",一片離情兩相繫，
Trường luyến thần kinh hoài cố nhân.,長戀神京懷故人。
"Thanh sơn điệp điệp vi Bành Thành,",青山疊疊圍彭城，
Xâm vân sáp Hán thanh ngọc bình.,侵雲插漢青玉屏。
"Hoàng Hà thao thao tẩm khôn trục,",黃河滔滔浸坤軸，
Khiêu ba tiễn mạt đông nam khuynh.,跳波濺沫東南傾。
"Hoàng Lâu khởi xuất bán thiên lý,",黃樓起出半天裡，
Bằng cao nhất vọng tam thiên lý.,憑高一望三千里。
"Hạng Vương đài tiền lạc nhật hồng,",項王臺前落日紅，
Quán Quân mộ thượng bi phong khởi.,冠軍墓上悲風起。
"Thiên hoang địa lão cổ chiến trường,",天荒地老古戰場，
Thiên tải anh hùng kim dĩ hỹ!,千載英雄今已矣！
"Ngã gia viễn tại Giao Nam đầu,",我家遠在交南頭，
Thủ trì ngọc tiết đăng Hoàng Lâu.,手持玉節登黃樓。
"Ma sa thạch khắc Pha công tự,",摩挲石刻坡公字，
Như kim bất phụ bình sinh du.,如今不負平生遊。
"Đại giang lai tòng vạn sơn trung,",大江來從萬山中，
Sơn thế tận dữ giang lưu đông.,山勢盡與江流東。
"Chung sơn như long độc tây thướng,",鍾山如龍獨西上，
Dục phá cự lãng thừa trường phong.,欲破巨浪乘長風。
"Giang sơn tương hùng bất tương nhượng,",江山相雄不相讓，
Hình thắng tranh khoa thiên hạ tráng.,形勝爭誇天下壯。
"Tần Hoàng không thử ế hoàng kim,",秦皇空此瘞黄金，
Giai khí thông thông chí kim vượng.,佳氣蔥蔥至今旺。
Ngã hoài úc tắc hà do khai?,我懷鬱塞何由開，
Tửu hàm tẩu thướng thành nam đài.,酒酣走上城南臺。
"Toạ giác thương mang vạn cổ ý,",坐覺蒼茫萬古意，
Viễn tự hoang yên lạc nhật chi trung lai.,遠自荒煙落日之中來。
"Thạch Đầu thành hạ đào thanh nộ,",石頭城下濤聲怒，
Vũ kỵ thiên quần thuỳ cảm độ?,武騎千群誰敢渡？
Hoàng kỳ nhập Lạc cánh hà tường?,黄旗入洛竟何祥？
Thiết toả hoành giang vị vi cố.,鐵鎖橫江未為固。
"Tiền Tam quốc, hậu Lục triều,",前三國後六朝，
Thảo sinh cung khuyết hà tiêu tiêu!,草生宮闕何蕭蕭！
"Anh hùng thừa thời vụ cát cứ,",英雄乘時務割据，
Kỷ độ chiến huyết lưu hàn trào.,幾度戰血流寒潮。
"Ngã kim hạnh phùng thánh nhân khởi Nam quốc,",我今幸逢聖人起南國，
Hoạ loạn sơ bình sự hưu tức.,禍亂初平事休息。
"Tòng kim tứ hải vĩnh vi gia,",從今四海永為家，
Bất dụng Trường Giang hạn nam bắc.,不用長江限南北。
"Đăng cổ thành hề tư cổ nhân,",登古城兮思古人，
Cảm hiền đạt hề đồng ai trần.,感賢達兮同埃塵。
"Vọng bình nguyên hề ký viễn mục,",望平原兮寄遠目，
Thán Cô Tô hề tụ my lộc.,歎姑蘇兮聚麋鹿。
"Hoàng Trì cao hội sự vị chung,",黃池高會事未終，
Thương hải hoành lưu nhân đãng phúc.,滄海橫流人蕩覆。
"Ngũ Viên sát thân thuỳ bất oan,",伍員殺身誰不冤，
Cánh khan mộ thụ như sở ngôn.,竟看墓樹如所言。
"Việt Vương thường đảm yên khả địch,",越王嘗膽安可敵，
Viễn thủ thạch điền hà sở ích.,遠取石田何所益。
"Nhất triêu không tạ hội kê nhân,",一朝空謝會稽人，
Vạn cổ do thương Dũng đông khách.,萬古猶傷甬東客。
"Thử ly ly hề thành pha đà,",黍離離兮城坡坨，
Ngưu dương tiễn hề mục thụ ca.,牛羊踐兮牧豎歌。
"Dã vô nhân hề thu thảo lục,",野無人兮秋草綠，
Viên vi khư hề cổ mộc đa.,園為墟兮古木多。
"Bạch dương tiêu tiêu bi cố kha,",白楊蕭蕭悲故柯，
Hoàng tước thu thu tranh vãn hoà.,黃雀啾啾爭晚禾。
"Hoang thiên đoạn hề thuỳ trùng quá,",荒阡斷兮誰重過，
Cô chu thệ hề sầu nhược hà.,孤舟逝兮愁若何。
"Thiên hàn nhật mộ giang phong lạc,",天寒日暮江楓落，
Diệp khứ từ phong thuỷ tự ba.,葉去辭風水自波。
"Cửu nguyệt vọng hậu thiên khí lương,",九月望後天氣涼，
Bạch nhật ảm thảm thần vô quang.,白日黯慘晨無光。
"Ky nhân bồng phát toạ đoạn sàng,",羈人蓬髮坐斷床，
Bi phong táp táp xuy y thường.,悲風颯颯吹衣裳。
"Bộ đinh khiết lai thanh lang lang,",部丁朅來聲琅琅，
Hoán thủ túc xúc phó sảnh đường.,喚取蹙促赴廳堂。
"Phiên thân hà giới tuỳ nhạn hàng,",翻身荷械隨雁行，
Tệ cân bất chỉnh tẩu thả mang.,敝巾不整走且忙。
"Nhập môn ngục tốt hiệp lưỡng bàng,",入門獄卒挾兩傍，
Đô nhân hãi quan như đổ tường.,都人駭觀如堵牆。
"Đại quan liệt toạ hạ nhất lang,",大官列坐下一郎，
Hô xuất ngục cụ la trí tương.,呼出獄具羅致將。
"Cự đằng chi tiên trường thả trường,",巨藤之鞭長且長，
Phu tử nhục ngạnh nhu như cương.,膚紫肉硬揉如僵。
"Ky nhân yển ngoạ hình thương hoàng,",羈人偃臥形蒼黃，
Hồi đầu trắc cố như kinh dương.,回頭側顧如驚羊。
"Thủ thân cước trực lưỡng nhãn hoang,",手伸脚直兩眼慌，
Vũ hậu thấp độc chưng bàng quang.,雨後濕毒烝膀胱。
"Lương cửu vấn tấn khẩu bất trương,",良久問訊口不張，
Khổ đạo khuất khuất hào khung thương.,苦道屈屈號穹蒼。
"Quan thanh tích lịch tồi đài lương,",官聲霹靂摧臺樑，
Điện quang thiểm thiểm giao phi tường.,電光閃閃交飛翔。
"Hân như song giao bác hoại đường,",掀如雙蛟搏壞塘，
Bãi như lãnh thuỷ quán cấp thang.,罷如冷水灌急湯。
"Lưỡng mộc trác lập thế quật cường,",兩木卓立勢倔彊，
Thân thanh thập nhị hồi tu lang.,呻聲十二迴修廊。
"Ô hô nhất chi xuân hải đường,",嗚呼一枝春海棠，
Tồi chiết bất biện Xương Châu hương.,摧折不辨昌州香。
"Thử thì mộ thiên quýnh thương mang,",此時暮天迥蒼茫，
Đài giác vị ngã phi thanh sương.,臺角為我飛清霜。
"Đằng tiên thuỳ thuỳ khí bất dương,",藤鞭垂垂氣不揚，
Củng lập nhiễu chỉ hồi nhu trường.,拱立繞指迴柔腸。
"Đắc táng mệnh dã nhân chi thường,",得喪命也人之常，
My mục như nhân hà thích thương?,眉目如人何戚傷？
"Quốc ân gia trạch vị thiểu thường,",國恩家澤未少償，
Dũng phu na tử hàn mặc trường.,勇夫那死翰墨場。
Ta tai đằng tiên!,嗟哉藤鞭！
Nhĩ bất kiến:,爾不見：
"Đức Giang chi dương,",德江之陽，
Nguyệt Hằng chi cương.,月恆之崗。
"Thượng hữu bán tử chi tùng bách,",上有半死之松柏，
Đột ngột đống cửu nhi tương vọng.,突兀凍久而相望。
"Cẩu phất khí vu triết tượng,",苟弗棄于哲匠，
Cố vô thủ hồ kê thê dữ dự chương.,固無取乎雞棲與豫章。
Nhi hà tiễn phạt chi đương.,而何剪伐之當。
"Sơn đầu bạch nhật vân anh anh,",山頭白日雲英英，
Thiên phong đảo tháp thiên giang minh.,千峰倒插千江明。
"Thủ bả phù dung bộ thạch bích,",手把芙蓉步石壁，
Thương thuý loạn xạ viên điểu kinh.,蒼翠亂射猿鳥驚。
"Thuỳ tri vân ngoại xuy tử sinh,",誰知雲外吹紫笙，
Dục lai bất lai không phục tình.,欲來不來空復情。
"Thiên phong xuy ngã bội tiêu sắt,",天風吹我佩簫瑟，
Hoảng nghi thân tại Côn Lôn hành.,恍疑身在昆侖行。
"Đằng Vương cao các lâm giang chử,",滕王高閣臨江渚，
Bội ngọc minh loan bãi ca vũ.,佩玉鳴鸞罷歌舞。
"Hoạ đống triêu phi Nam phố vân,",畫棟朝飛南浦雲，
Châu liêm mộ quyển Tây Sơn vũ.,珠簾暮捲西山雨。
"Nhàn vân đàm ảnh nhật du du,",閒雲潭影日悠悠，
Vật hoán tinh di kỷ độ thu.,物換星移幾度秋。
"Các trung đế tử kim hà tại,",閣中帝子今何在，
Hạm ngoại Trường Giang không tự lưu.,檻外長江空自流。
"Tướng quân Nguỵ Vũ chi tử tôn,",將軍魏武之子孫，
Ư kim vi thứ vi thanh môn.,於今為庶為青門。
"Anh hùng cát cứ tuy dĩ hĩ,",英雄割據雖已矣，
Văn thái phong lưu kim thượng tồn.,文采風流今尚存。
"Học thư sơ học Vệ phu nhân,",學書初學衛夫人，
Đãn hận vô quá Vương Hữu Quân.,但恨無過王右軍。
"Đan thanh bất tri lão tương chí,",丹青不知老將至，
Phú quý ư ngã như phù vân.,富貴於我如浮雲。
"Khai Nguyên chi trung thường dẫn kiến,",開元之中常引見，
Thừa ân sác thướng Nam Huân điện.,承恩數上南熏殿。
"Lăng Yên công thần thiểu nhan sắc,",凌煙功臣少顏色，
Tướng quân hạ bút khai sinh diện.,將軍下筆開生面。
"Lương tướng đầu thượng tiến hiền quan,",良相頭上進賢冠，
Mãnh tướng yêu gian đại vũ tiễn.,猛將腰間大羽箭。
"Bao công, Ngạc công mao phát động,",褒公鄂公毛髮動，
Anh tư táp sảng do hàm chiến.,英姿颯爽猶酣戰。
"Tiên đế thiên mã Ngọc Hoa Thông,",先帝天馬玉花驄，
Hoạ công như sơn mạc bất đồng.,畫工如山貌不同。
"Thị nhật khiên lai xích trì hạ,",是日牽來赤墀下，
Quýnh lập xương hạp sinh trường phong.,迥立閶闔生長風。
"Chiếu vị tướng quân phất quyên tố,",詔謂將軍拂絹素，
Ý tượng thảm đạm kinh dinh trung.,意匠慘淡經營中。
"Tư tu cửu trùng chân long xuất,",斯須九重真龍出，
Nhất tiển vạn cổ phàm mã không.,一洗萬古凡馬空。
"Ngọc Hoa khước tại ngự tháp thượng,",玉花卻在御榻上，
Tháp thượng đình tiền ngật tương hướng.,榻上庭前屹相向。
"Chí tôn hàm tiếu thôi tứ kim,",至尊含笑催賜金，
Ngữ nhân thái bộc giai trù trướng.,圉人太僕皆惆悵。
"Đệ tử Hàn Cán tảo nhập thất,",弟子韓幹早入室，
Diệc năng hoạ mã cùng thù tướng.,亦能畫馬窮殊相。
"Cán duy hoạ nhục bất hoạ cốt,",幹惟畫肉不畫骨，
Nhẫn sử Hoa Lưu khí điêu táng.,忍使驊騮氣凋喪。
"Tướng quân hoạ thiện cái hữu thần,",將軍畫善蓋有神，
Ngẫu phùng giai sĩ diệc tả chân.,偶逢佳士亦寫真。
"Tức kim phiêu bạc can qua tế,",即今漂泊干戈際，
Lũ mạo tầm thường hành lộ nhân.,屢貌尋常行路人。
"Đồ cùng phản tao tục nhãn bạch,",塗窮反遭俗眼白，
Thế thượng vị hữu như công bần.,世上未有如公貧。
"Đãn khán cổ lai thịnh danh hạ,",但看古來盛名下，
Chung nhật khảm lẫm triền kỳ thân.,終日坎壈纏其身。
"Nhi vi vương, mẫu vi tù,",兒為王，母為囚，
Đán thung mộ thung vô thì hưu.,旦舂暮舂無時休。
"Thiên cao địa nhục nhật nguyệt lưu,",天高地辱日月流，
Mẫu khổ bất đắc tòng nhi du.,母苦不得從兒遊。
"Hán gia mưu thần Trương Lưu Hầu,",漢家謀臣張留侯，
Lão nhân lập trí Thương Sơn đầu.,老人立致商山頭。
"Quân vương khinh tín vũ dực sầu,",君王輕信羽翼愁，
"Thập niên thân hậu trí an Lưu,",十年身後知安劉，
Khôn kiềm chi nhân hà dĩ lưu.,髡鉗之人何以留。
"Nguyệt Giáp, Cù Đường vân tác đỉnh,",月峽瞿塘雲作頂，
Loạn thạch tranh vanh tục vô tỉnh.,亂石崢嶸俗無井。
"Vân An cô thuỷ nô bộc bi,",雲安酤水奴僕悲，
Ngư Phúc di cư tâm lực tỉnh.,魚復移居心力省。
"Bạch Đế thành tây vạn trúc bàn,",白帝城西萬竹蟠，
Tiếp đồng dẫn thuỷ hầu bất can.,接筒引水喉不幹。
"Nhân sinh lưu trệ sinh lý nan,",人生留滯生理難，
Đẩu thuỷ hà trực bách ưu khoan.,斗水何直百憂寬。
"Đạo bàng bi thạch hà luỹ luỹ,",道傍碑石何累累，
Thập lý ngũ lý hành tương truy.,十里五里行相追。
"Tế quan văn tự vị ma diệt,",細觀文字未磨滅，
Kỳ từ như xuất nhất thủ vi.,其詞如出一手為。
"Thịnh xưng trưởng lại hữu huệ chính,",盛稱長吏有惠政，
Di ái tưởng tượng thiên thu thuỳ.,遺愛想像千秋垂。
"Tựu trung hành sự cực toả tế,",就中行事極瑣細，
Thư ngữ bất cố thức giả xuy.,齟齬不顧識者嗤。
"Trưng du tảo tất đạo kiếp hoạch,",徵輸早畢盜劫獲，
Huỳnh cung ký tập thành điệp tuỳ.,黌宮既葺城堞隨。
"Tiên thánh thả vi yếu danh cụ,",先聖且為要名具，
Hạ thử lê thứ giao khả bi.,下此黎庶教可悲。
"Cư nhân ngộ giả liêu tá vấn,",居人遇者聊借問，
Tính danh hoảng hốt vân bất tri.,姓名恍惚云不知。
"Vãng thì vu ngã bản vô ân,",往時于我本無恩，
Khứ hậu khiển ngã như hà ti.,去後遣我如何思？
"Khứ giả bất tư, lai giả nộ,",去者不思來者怒，
Hậu xa khủng đạo tiền triệt nguy.,後車恐蹈前轍危。
"Thâm sơn tạc thạch thu vũ hoạt,",深山鑿石秋雨滑，
Canh thời ngưu lực lao vãn suy.,耕時牛力勞挽推。
"Lý xã hợp tiền dĩ tác ký,",里社合錢以作記，
Thố viên lão tẩu di chỉ huy.,兔園老叟頤指揮。
"Thỉnh khan bi thạch câu chuyên trứu,",請看碑石俱磚甃，
Thân cập thê tử vô hoàn y.,身及妻子無完衣。
"Đãn nguyện Thái Hàng sơn thượng thạch,",但愿太行山上石，
Hoá vi Hô Đà thuỷ trung nê.,化為滹沱水中泥。
"Bất giao đạo bàng khích địa chính vô hạn,",不教道傍隙地正無限，
Ná miễn niên niên thường lập bi.,那免年年常立碑。
"Thanh đô chúng mộc tổng vinh phân,",清都眾木總榮芬，
Truyền đạo cô tùng tối xuất quần.,傳道孤松最出群。
"Danh tiếp thiên đình trường cảnh sắc,",名接天庭長景色，
Khí liên cung khuyết tá phân uân.,氣連宮闕借氛氳。
"Huyền trì đích đích đình hoa lộ,",懸池的的停華露，
Yển cái trùng trùng phất thuỵ vân.,偃蓋重重拂瑞雲。
"Bất tá lưu cao trợ tiên đỉnh,",不借流膏助仙鼎，
Nguyện tương trinh cán bổng minh quân.,願將楨幹捧明君。
"Mạc tỷ Minh Linh Sở nam thụ,",莫比冥靈楚南樹，
Hủ lão giang biên đại bất văn.,朽老江邊代不聞。
"Đào hoa ổ lý đào hoa am,",桃花塢裏桃花庵，
Đào hoa am lý đào hoa tiên.,桃花庵裏桃花仙。
"Đào hoa tiên nhân chủng đào thụ,",桃花仙人種桃樹，
Hựu trích đào hoa hoán tửu tiền.,又摘桃花換酒錢。
"Tửu tỉnh chỉ tại hoa tiền toạ,",酒醒只在花前坐，
Tửu tuý hoàn lai hoa hạ miên.,酒醉還來花下眠。
"Bán tỉnh bán tuý nhật phục nhật,",半醒半醉日復日，
Hoa lạc hoa khai niên phục niên.,花落花開年復年。
"Đãn nguyện lão tử hoa tửu gian,",但願老死花酒間，
Bất nguyện cúc cung xa mã tiền.,不願鞠躬車馬前。
"Xa trần mã túc quý giả thú,",車塵馬足貴者趣，
Tửu trản hoa chi bần giả duyên.,酒盞花枝貧者緣。
"Nhược tương phú quý tỉ bần tiện,",若將富貴比貧賤，
Nhất tại bình địa nhất tại thiên.,一在平地一在天。
"Nhược tương bần tiện tỉ xa mã,",若將貧賤比車馬，
Tha đắc khu trì ngã đắc nhàn.,他得驅馳我得閑。
"Biệt nhân tiếu ngã thắc phong điên,",別人笑我忒瘋癲，
Ngã tiếu tha nhân khán bất xuyên.,我笑他人看不穿。
"Bất kiến Ngũ Lăng hào kiệt mộ,",不見五陵豪傑墓，
Vô hoa vô tửu sừ tác điền.,無花無酒鋤作田。
"Đào hoa đàm trung xuân thuỷ thâm,",桃花潭中春水深，
Đào hoa đàm thượng xuân vân âm.,桃花潭上春雲陰。
"Vân âm bất kiến cổ nhân diện,",雲陰不見古人面，
Thuỷ thâm tằng chiếu cổ nhân tâm.,水深​​曾照古人心。
"Như hà Lý Bạch Uông Luân hậu,",如何李白汪倫後，
Vân thuỷ hoang lương trực chí câm.,雲水荒涼直至今。
"Ngô văn đằng dĩ mạn đắc danh,",吾聞藤以蔓得名，
Thân vô sở y bất sinh thành.,身無所依不生成。
"Khán quân yển ngoạ như khởi lập,",看君偃臥如起立，
Nhã phụ tiết mục bất tự khinh.,雅負節目不自輕。
"Ngang tàng khiết khuất tự vi thụ,",昂藏潔屈自為樹，
Bàng hữu trường tùng nghĩa bất phụ.,傍有長松義不附。
"Xuân lai ảnh lạc giản thuỷ trung,",春來影落澗水中，
Bất dữ đào hoa đồng kỳ khứ.,不與桃花同其去。
Đào hoa liêm ngoại đông phong nhuyễn,桃花簾外東風軟，
Đào hoa liêm nội thần trang lãn,桃花簾內晨妝懶：
Liêm ngoại đào hoa liêm nội nhân,簾外桃花簾內人，
Nhân dữ đào hoa cách bất viễn,人與桃花隔不遠；
Đông phong hữu ý yết liêm lung,東風有意揭簾櫳，
Hoa dục khuy nhân liêm bất quyển,花欲窺人簾不卷。
Đào hoa liêm ngoại khai nhưng cựu,桃花簾外開仍舊，
Liêm trung nhân tỉ đào hoa sấu,簾中人比桃花瘦；
Hoa giải liên nhân hoa diệc sầu,花解憐人花亦愁，
Cách liêm tiêu tức phong xuy thấu,隔簾消息風吹透。
Phong thấu liêm lung hoa mãn đình,風透簾櫳花滿庭，
Đình tiền xuân sắc bội thương tình,庭前春色倍傷情：
Nhàn đài viện lạc môn không yểm,閑苔院落門空掩，
Tà nhật lan can nhân tự bằng,斜日欄杆人自憑。
Bằng lan nhân hướng đông phong khấp,憑欄人向東風泣，
Thiến quần thâu bạng đào hoa lập,茜裙偷傍桃花立；
Đào hoa đào diệp loạn phân phân,桃花桃葉亂紛紛，
Hoa trán tân hồng diệp ngưng bích,花綻新紅葉凝碧。
Vụ khoả yên phong nhất vạn chu,霧裹煙封一萬株，
Hồng lâu chiếu bích hồng mô hồ,烘樓照壁紅模糊；
Thiên cơ thiêu phá uyên ương cẩm,天機燒破鴛鴦錦，
Xuân hàm dục tỉnh di san chẩm,春酣欲醒移珊枕。
Thị nữ kim bồn tiến thuỷ lai,侍女金盆進水來，
Hương tuyền ảnh trám yên chi lãnh,香泉影蘸胭脂冷！
Yên chi tiên diễm hà tương loại,胭脂鮮艷何相類，
Hoa chi nhan sắc nhân chi lệ,花之顏色人之淚，
Nhược tương nhân lệ tỉ đào hoa,若將人淚比桃花，
Lệ tự trường lưu hoa tự mỵ,淚自長流花自媚，
Lệ nhãn quan hoa lệ dị can,淚眼觀花淚易乾，
Lệ can xuân tận hoa tiều tuỵ,淚乾春盡花憔悴。
Tiều tuỵ hoa già tiều tuỵ nhân,憔悴花遮憔悴人，
Hoa phi nhân quyện dịch hoàng hôn,花飛人倦易黃昏；
Nhất thanh đỗ vũ xuân quy tận,一聲杜宇春歸盡，
Tịch mịch liêm lung không nguyệt ngân.,寂寞簾櫳空月痕！
"Vọng Di cung trung lộc vi mã,",望夷宮中鹿為馬，
Tần nhân bán tử Trường Thành hạ.,秦人半死長城下。
"Tỵ thì bất độc Thương Sơn ông,",避時不獨商山翁，
Diệc hữu Đào Nguyên chủng đào giả.,亦有桃源種桃者。
"Thử lai chủng đào kinh kỷ xuân,",此來種桃經幾春，
Thái hoa thực thực chi vi tân.,採花食實枝為薪。
"Nhi tôn sinh trưởng dữ thế cách,",兒孫生長與世隔，
Tuy hữu phụ tử vô quân thần.,雖有父子無君臣。
"Ngư lang dạng chu mê viễn cận,",漁郎漾舟迷遠近，
Hoa gian tương kiến nhân tương vấn.,花間相見因相問。
"Thế thượng na tri cổ hữu Tần,",世上那知古有秦，
Sơn trung khởi liệu kim vi Tấn.,山中豈料今為晉。
"Văn đạo Trường An xuy chiến trần,",聞道長安吹戰塵，
Xuân phong hồi thủ nhất triêm cân.,春風回首一霑巾。
"Trùng Hoa nhất khứ ninh phục đắc,",重華一去寧復得，
Thiên hạ phân phân kinh kỷ Tần.,天下紛紛經幾秦。
"Ngư châu trục thuỷ ái sơn xuân,",漁舟逐水愛山春，
Lưỡng ngạn đào hoa giáp cổ tân.,兩岸桃花夾古津。
"Toạ khán hồng thụ bất tri viễn,",坐看紅樹不知遠，
Hành tận thanh khê bất kiến nhân.,行盡青溪不見人。
"Sơn khẩu tiềm hành thuỷ ôi áo,",山口潛行始隈隩，
Sơn khai khoáng vọng toàn bình lục.,山開曠望旋平陸。
"Dao khan nhất xứ toản vân thụ,",遙看一處攢雲樹，
Cận nhập thiên gia tán hoa trúc.,近入千家散花竹。
"Tiều khách sơ truyền Hán tính danh,",樵客初傳漢姓名，
Cư nhân vị cải Tần y phục.,居人未改秦衣服。
"Cư nhân cộng trú Võ Lăng nguyên,",居人共住武陵源，
Hoàn tùng vật ngoại khởi điền viên.,還從物外起田園。
"Nguyệt minh tùng hạ phòng long tịnh,",月明松下房櫳靜，
Nhật xuất vân trung kê khuyển huyên.,日出雲中雞犬喧。
"Kinh văn tục khách tranh lai tập,",驚聞俗客爭來集，
Cạnh dẫn hoàn gia vấn đô ấp.,競引還家問都邑。
"Bình minh lư hạng tảo hoa khai,",平明閭巷掃花開，
Bạc mộ ngư tiều thừa thuỷ nhập.,薄暮漁樵乘水入。
"Sơ nhân tị địa khứ nhân gian,",初因避地去人間，
Cập chí thành tiên toại bất hoàn.,及至成仙遂不還。
"Giáp lý thuỳ tri hữu nhân sự,",峽裡誰知有人事，
Thế trung diêu vọng không vân sơn.,世中遙望空雲山。
"Bất nghi linh cảnh nan văn kiến,",不疑靈境難聞見，
Trần tâm vị tận tư hương huyện.,塵心未盡思鄉縣。
"Xuất động vô luận cách sơn thuỷ,",出洞無論隔山水，
Từ gia chung nghĩ trường du diễn.,辭家終擬長遊衍。
"Tự vị kinh quá cựu bất mê,",自謂經過舊不迷，
An tri phong hác kim lai biến.,安知峰壑今來變。
"Đương thời chỉ ký nhập sơn thâm,",當時只記入山深，
Thanh khê kỷ độ đáo vân lâm.,青溪幾度到雲林？
"Xuân lai biến thị Đào hoa thuỷ,",春來遍是桃花水，
Bất biện tiên nguyên hà xứ tầm?,不辨仙源何處尋？
"Tổ Long môn ngoại thần truyền bích,",祖龍門外神傳璧，
Phương sĩ do ngôn tiên khả đắc.,方士猶言仙可得。
"Đông hành dục dữ Tiễn Môn thân,",東行欲與羨門親，
Chỉ xích Bồng Lai thương hải cách.,咫尺蓬萊滄海隔。
"Na tri bình địa hữu thanh vân,",那知平地有青雲，
Chỉ thuộc tầm thường tỵ thế nhân.,只屬尋常避世人。
"Quan Trung nhật nguyệt không vạn cổ,",關中日月空萬古，
Hoa hạ sơn xuyên trưởng nhất thân.,花下山川長一身。
"Trung Nguyên biệt hậu vô tiêu tức,",中原別后無消息，
Văn thuyết Hồ trần nhân cảm tích.,聞說胡塵因感昔。
"Thuỳ giao Tấn đỉnh phán đông tây,",誰教晉鼎判東西，
Khước quý Tần thành hạn nam bắc.,卻愧秦城限南北。
"Nhân gian vạn sự dũ kham lân,",人間萬事愈堪怜，
Thử địa đương thời diệc ngẫu nhiên.,此地當時亦偶然。
"Hà sự khu khu Hán thiên tử,",何事區區漢天子，
Chủng đào tân khổ cầu trường niên.,种桃辛苦求長年。
Khuê lý giai nhân niên thập dư,閨里佳人年十余，
Tần nga đối ảnh hận ly cư,顰蛾對影恨離居。
Hốt phùng giang thượng xuân qui yến,忽逢江上春歸燕，
Hàm đắc vân trung xích tố thư,銜得雲中尺素書。
Ngọc thủ khai giam trường thán tức:,玉手開緘長嘆息，
Cuồng phu do thú Giao Hà bắc!,狂夫猶戍交河北。
Vạn lý Giao Hà thuỷ bắc lưu,萬里交河水北流，
Nguyện vi song yến phiếm trung châu,愿為雙燕泛中洲。
Quân biên vân ủng thanh ty kỵ,君邊雲擁青絲騎，
Thiếp xứ đài sinh hồng phấn lâu,妾處苔生紅粉樓。
Lâu thượng xuân phong nhật tương yết,樓上春風日將歇，
Thuỳ năng lãm kính khan sầu phát?,誰能攬鏡看愁發。
Hiểu xuy viên quản tuỳ lạc hoa,曉吹員管隨落花，
Dạ đảo nhung y hướng minh nguyệt,夜搗戎衣向明月。
Minh nguyệt cao cao khắc lậu trường,明月高高刻漏長，
Chân châu liêm bạc yểm lan đường,真珠帘箔掩蘭堂。
Hoành thuỳ bảo ác đồng tâm kết,橫垂寶幄同心結，
Bán phất quỳnh diên tô hợp hương,半拂瓊筵蘇合香。
"Quỳnh diên, bảo ác liên chi cẩm",瓊筵寶幄連枝錦，
Đăng chúc huỳnh huỳnh chiếu cô tẩm,燈燭熒熒照孤寢。
Hữu sứ bằng tương kim tiễn đao,有使憑將金剪刀，
Vị quân lưu hạ tương tư chẩm,為君留下相思枕。
Trích tận đình lan bất kiến quân,摘盡庭蘭不見君，
Hồng cân thức lệ sinh nhân uân,紅巾拭淚生氤氳。
Minh niên nhược cánh chinh biên tái,明年若更征邊塞，
Nguyện tác Dương Đài nhất đoạn vân.,愿作陽臺一斷雲。
"Thời ký mộ hề tiết dục xuân,",時既暮兮節欲春，
Sơn lâm tịch hề hoài u nhân.,山林寂兮懷幽人。
"Đăng kỳ phong hề vọng bạch vân,",登奇峰兮望白雲，
Trướng miến mạc hề tượng dục phân.,悵緬邈兮象欲紛。
"Bạch vân du du khứ bất phản,",白雲悠悠去不返，
Hàn phong sưu sưu xuy nhật vãn.,寒風颼颼吹日晚。
"Bất kiến kỳ nhân thuỳ dữ ngôn,",不見其人誰與言，
Quy toạ đàn cầm tứ du viễn.,歸坐彈琴思逾遠。
"Viêm viêm thử khí hãn thông thân,",炎炎暑氣汗通身，
Vị tằng cán ngã nương sinh khố.,未曾浣我娘生褲。
"Tạc dạ Ngô trung tuyết,",昨夜吳中雪，
Tử Du giai hứng phát.,子猷佳興發。
"Vạn lý phù vân quyển bích sơn,",萬里浮雲卷碧山，
Thanh thiên trung đạo lưu cô nguyệt.,青天中道流孤月。
"Cô nguyệt thương lãng Hà Hán thanh,",孤月滄浪河漢清，
Bắc Đẩu thác lạc Trường Canh minh.,北斗錯落長庚明。
"Hoài dư đối tửu dạ sương bạch,",懷餘對酒夜霜白。
Ngọc sàng kim tĩnh băng tranh vanh.,玉床金井冰崢嶸。
"Nhân sinh phiêu hốt bách niên nội,",人生飄忽百年內，
Thả tu hàm sướng vạn cổ tình.,且須酣暢萬古情。
"Quân bất năng ly cao kim cự học đấu kê,",君不能狸膏金距學斗雞，
Toạ linh tị tức xuy hồng nghê.,坐令鼻息吹虹霓。
"Quân bất năng học Kha Thư,",君不能學哥舒，
"Hoành hành Thanh Hải dạ đới đao,",橫行青海夜帶刀。
Tây đồ Thạch Bảo thủ tử bào.,西屠石堡取紫袍。
"Ngâm thi tác phú bắc song lý,",吟詩作賦北窗裏，
Vạn ngôn bất trị nhất bôi thuỷ.,萬言不值一杯水。
"Thế nhân văn thử giai điệu đầu,",世人聞此皆掉頭，
Hữu như đông phong xạ mã nhĩ.,有如東風射馬耳。
"Ngư mục diệc tiếu ngã,",魚目亦笑我，
Vị dữ minh nguyệt đồng.,謂與明月同。
"Hoa lưu quyền cục bất năng thực,",驊騮拳跼不能食，
Kiển lư đắc chí minh xuân phong.,蹇驢得志鳴春風。
"“Chiết dương”, “Hoàng hoa” hợp lưu tục,",折楊黃華合流俗，
Tấn quân thính cầm uổng “Thanh giác”.,晉君聽琴枉清角。
"“Ba nhân” thuỳ khẳng hoà “Dương xuân”,",巴人誰肯和陽春，
Sở địa do lai tiện kỳ phác.,楚地猶來賤奇璞。
"Hoàng kim tán tận giao bất thành,",黃金散盡交不成，
Bạch thủ vi nho thân bị khinh.,白首為儒身被輕。
"Nhất đàm nhất tiếu thất nhan sắc,",一談一笑失顏色，
Thương dăng bối cẩm huyên báng thanh.,蒼蠅貝錦喧謗聲。
Tằng Tham khởi thị sát nhân giả?,曾參豈是殺人者？
Sàm ngôn tam cập từ mẫu kinh.,讒言三及慈母惊。
"Dữ quân luận tâm ác quân thủ,",與君論心握君手，
Vinh nhục vu dư diệc hà hữu?,榮辱于余亦何有？
"Khổng thánh do văn thương phụng lân,",孔聖猶聞傷鳳麟，
Đổng Long cánh thị hà kê cẩu!,董龍更是何雞狗！
"Nhất sinh ngạo ngạn khổ bất hài,",一生傲岸苦不諧，
Ân sơ môi lao chí đa quai.,恩疏媒勞志多乖。
"Nghiêm Lăng cao ấp Hán thiên tử,",嚴陵高揖漢天子，
Hà tất trường kiếm trụ di sự ngọc giai.,何必長劍拄頤事玉階。
"Đạt diệc bất túc quý, cùng bất túc bi.",達亦不足貴，窮不足悲。
"Hàn Tín tu tương Giáng, Quán tỉ,",韓信羞將絳灌比，
Nễ Hành sỉ trục đồ cổ nhi.,檷衡恥逐屠沽兒。
"Quân bất kiến Lý Bắc Hải,",君不見李北海，
Anh phong hào khí kim hà tại!,英風豪氣今何在！
"Quân bất kiến Bùi thượng thư,",君不見裴尚書，
Thổ phần tam xích hao cức cư!,土墳三尺蒿棘居！
"Thiếu niên tảo dục Ngũ Hồ khứ,",少年早欲五湖去，
Kiến thử di tương chung đỉnh sơ.,見此彌將鍾鼎疏。
"Dạ lai quy lai trùng hổ quá,",夜來歸來沖虎過，
Sơn hắc gia trung dĩ miên ngoạ.,山黑家中已眠臥。
"Bàng kiến Bắc Đẩu hướng giang đê,",傍見北斗向江低，
Ngưỡng khán minh tinh đương không đại.,仰看明星當空大。
"Đình tiền bả chúc sân lưỡng cự,",庭前把燭嗔兩炬，
Hạp khẩu kinh viên văn nhất cá.,峽口驚猿聞一個。
"Bạch đầu lão bãi vũ phục ca,",白頭老罷舞復歌，
Trượng lê bất thuỵ thuỳ năng na?,杖藜不睡誰能那？
"Sơn tự minh chung trú dĩ hôn,",山寺鳴鐘晝已昏，
Ngư lương độ đầu tranh độ huyên.,漁樑渡頭爭渡喧。
"Nhân tuỳ sa ngạn hướng giang thôn,",人隨沙岸向江村，
Dư diệc thừa chu quy Lộc Môn.,余亦乘舟歸鹿門。
"Lộc Môn nguyệt chiếu khai yên thụ,",鹿門月照開煙樹，
"Hốt đáo Bàng Công thê ẩn xứ,",忽到龐公棲隱處。
"Nham phi tùng kính trường tịch liêu,",岩扉松徑長寂寥，
Duy hữu u nhân độc lai khứ.,唯有幽人獨來去。
"Xích huyện quan tào ủng tài kiệt,",赤縣官曹擁才傑，
"Nhuyễn cừu, khoái mã đương băng tuyết.",軟裘快馬當冰雪。
"Trường An khổ hàn thuỳ độc bi,",長安苦寒誰獨悲？
Đỗ Lăng dã lão cốt dục chiết.,杜陵野老骨欲折。
Nam sơn đậu miêu tảo hoang uế.,南山豆苗早荒穢，
Thanh Môn qua địa tân đống liệt.,青門瓜地新凍裂。
"Hương lý nhi đồng hạng lĩnh thành,",鄉里兒童項領成，
Triều đình cố cựu lễ số tuyệt.,朝廷故舊禮數絕。
"Tự nhiên khí trịch dữ thì dị,",自然棄擲與時異，
Huống nãi sơ ngoan lâm sự chuyết.,況乃疏頑臨事拙。
Cơ ngoạ động tức hướng nhất tuần.,饑臥動即向一旬。
Tệ y hà thí liên bách kết.,敝衣何啻聯百結。
"Quân bất kiến không tường nhật sắc vãn,",君不見空牆日色晚，
Thử lão vô thanh lệ thuỳ huyết.,此老無聲淚垂血！
"Dạ văn tất lật thương giang thượng,",夜聞觱篥滄江上，
Suy niên trắc nhĩ tình sở hưởng.,衰年側耳情所響。
"Lân chu nhất thính đa cảm thương,",鄰舟一聽多感傷，
Tái khúc tam canh hốt bi tráng.,塞曲三更欻悲壯。
"Tích tuyết phi sương thử dạ hàn,",積雪飛霜此夜寒，
Cô đăng cấp quản phục phong thoan.,孤燈急管復風湍。
"Quân tri thiên địa can qua mãn,",君知天地干戈滿，
Bất kiến giang hồ hành lộ nan.,不見江湖行路難。
"Vi hầu biệt ngã hữu sở thích,",韋侯別我有所適，
Tri ngã liên cừ hoạ vô địch.,知我憐渠畫無敵。
"Hí niêm ngốc bút tảo hoa lưu,",戲拈禿筆掃驊騮，
Hốt kiến kỳ lân xuất đông bích.,欻見騏驎出東壁。
"Nhất thất hột thảo nhất thất tê,",一匹齕草一匹嘶，
Toạ khán thiên lý đương sương đề.,坐看千里當霜蹄。
"Thì nguy an đắc chân trí thử,",時危安得真致此，
Dữ nhân đồng sinh diệc đồng tử.,與人同生亦同死。
"Vi hầu biệt ngã hữu sở thích,",韋侯別我有所適，
Tri ngã lân quân hoạ vô địch.,知我憐君畫無敵。
"Hí niêm ngốc bút tảo hoa lưu,",戲拈禿筆掃驊騮，
Hốt kiến kỳ lân xuất đông bích.,欻見騏驎出東壁。
"Nhất thất hột thảo, nhất thất tê,",一匹齕草一匹嘶，
"Toạ khan thiên lý đương sương đề,",坐看千里當霜蹄。
"Thì nguy an đắc chân trí thử,",時危安得真致此，
Dữ nhân đồng sinh diệc đồng tử.,與人同生亦同死。
"Nam Dương Cam Cốc gia gia cúc,",南陽甘谷家家菊，
Vạn cổ diên niên chủng nhất hoa.,萬古延年種一花。
"Mạch đầu liễu sắc ám tam tam,",陌頭柳色暗毿毿，
Dục tả ly tình nhẫn lệ giam.,欲寫離情忍淚緘。
"Xuân nhạn khả liên tề hướng bắc,",春雁可憐齊向北，
Na kham du tử tại Giang Nam.,那堪游子在江南。
"Vũ hiết dao thiên thuỷ khí tinh,",雨歇遥天水氣腥，
Thụ liên tăng ốc nhạn liên đinh.,樹連僧屋雁連汀。
"Tùng phong tắc tắc hành nhân thiểu,",松風謖謖行人少，
Vân bạch sơn thanh lãnh hoạ bình.,雲白山青冷畫屏。
"Xuân phong thiên mạch thảo sơ bình,",春風阡陌草初平，
Viễn tụ yên phù tế vũ tình.,遠岫烟浮細雨晴。
"Bạch ốc môn tiền ô cữu thụ,",白屋門前烏桕樹，
Tịch dương cao hạ giá cô thanh.,夕陽高下鷓鴣聲。
"Mộng hồi tây vọng bích sơn vi,",夢回西望碧山微，
Nhất thuỷ tà dương điểu bất phi.,一水斜陽鳥不飛。
"Dục thái thanh hoàng liên tử diệp,",欲採青黄蓮子葉，
Ký quân tiên chế ngoạ vân y.,寄君先製臥雲衣。
"Lục bãi dương chi sinh bạch yên,",綠擺楊枝生白烟，
Mao đường thâm yểm bán khê biên.,茅堂深掩半溪邊。
"Nhị niên đạp tuyết Yên đài bạn,",二年踏雪燕臺畔，
Cô phụ mai hoa nguyệt ảnh miên.,辜負梅花月影眠。
"Dương bạch hoa phi Sở thuỷ đông,",楊白花飛楚水東，
Trúc lâm tây chuyển trúc kiều thông.,竹林西轉竹橋通。
"Biên chu tái tửu xung yên khứ,",扁舟載酒沖烟去，
Nhất lộ Tiêu Tương bát mặc trung.,一路瀟湘潑墨中。
"Cốc khẩu nhàn nhàn vân khí thu,",谷口閑閑雲氣收，
Tùng sam cao hạ tự thành khâu.,松杉高下自成丘。
"Thảo đường thả hỉ Chung Nam ngoại,",草堂且喜終南外，
Thúc bạch vô lao nhậm bạch đầu.,束帛無勞任白頭。
"Tiêu sơ trúc mộc ỷ giang tân,",蕭疏竹木倚江濱，
Thạch cước phi toa phất lãng tân.,石腳披莎拂浪新。
"Nhất đới viễn sơn hàm lạc nhật,",一帶遠山銜落日，
Thảo đình thu ảnh đạm vô nhân.,草亭秋影澹無人。
Quân bất kiến:,君不見：
"Hán gia công thần thướng Kỳ Lân,",漢家功臣上麒麟，
Khí mạo khởi thị tầm thường nhân.,氣貌豈是尋常人。
Hựu bất kiến:,又不見：
"Đường gia chư tướng đồ Lăng Yên,",唐家諸將圖凌煙，
Trường kiếm đại vũ liên điêu thiền.,長劍大羽聯貂蟬。
"Long chương chung phỉ trần tục trạng,",龍章終匪塵俗狀，
Hổ đầu nãi thị phong hầu tướng.,虎頭乃是封侯相。
"Ngã sinh sơn dã vô năng vi,",我生山野無能為，
"Học kiếm, học thư không phóng đãng.",學劍學書空放蕩。
"Lão lai hối tích nham huyệt cư,",老來晦跡岩穴居，
Mộng mị vị hình an khả mô.,夢寐未形安可模。
"Tạc nhật lãnh biểu động tư tu,",昨日冷飚動髭須，
Trụ trượng há sơn văn giá cô.,拄杖下山聞鷓鴣。
"Ô cân bán ngạn y lộ trửu,",烏巾半岸衣露肘，
Vong cơ hốt lạc đan thanh thủ.,忘机忽落丹青手。
"Khí thức khả đồng Sằn Dã phu,",器識可同莘野夫，
Cô cao sai nghĩ Bàn Khê tẩu.,孤高差擬蟠溪叟。
"Sơn ông dã lão tranh đạo chân,",山翁野老爭道真，
"Tùng hoàng tiết tháo, mai tinh thần.",松篁節操梅精神。
"Ngâm phong tiếu nguyệt ý tự tại,",吟風笑月意自在，
Chỉ khiếm lộc thỉ lai tương thân.,只欠鹿豕來相親。
"Giang Bắc, Giang Nam cạnh truyền tả,",江北江南競傳寫，
Chúc quân thán kỳ tài tận hạ.,祝君嘆其才盡下。
"Ngã lai đối diện bất thức ngã,",我來對面不識我，
"Hà giả thị chân, hà giả giả.",何者是真何者假。
"Chúc quân phóng bút nhất đại tiếu,",祝君放筆一大笑，
Bất tu lãm kính diệc tự tiểu.,不須覽鏡亦自小。
"Tương huề thả mãi sổ đấu tửu,",相攜且買數斗酒，
Toạ đối thanh sơn tứ khuynh đảo.,坐對青山恣傾倒。
"Minh triêu tửu tinh hô hạc quy,",明朝酒醒呼鶴歸，
Bạch vân mãn địa chi thảo phì.,白雲滿地芝草肥。
"Ngọc tiêu xuy lai vũ phi phi,",玉蕭吹來雨霏霏，
Kỳ hoa loạn điểm xuân phong y.,琪花亂點春風衣。
"Chúc quân hứa ngã lão cánh kỳ,",祝君許我老更奇，
Ngã lão tự giác đầu thuỳ ty.,我老自覺頭垂絲。
"Thời dữ bất thời hà dĩ vi,",時與不時何以為，
Tặng quân bạch tuyết mai hoa chi.,贈君白雪梅花枝。
"Trãi quan nga nga diện tự thiết,",豸冠峨峨面似鐵，
Bất độc ái mai kiêm ái tuyết.,不獨愛梅兼愛雪。
"Ái mai ái tuyết ái duyên hà,",愛梅愛雪愛緣何？
Ái duyên tuyết bạch mai thanh khiết.,愛緣雪白梅清潔。
"Thiên nhiên mai tuyết tự lưỡng kỳ,",天然梅雪自兩奇，
Cánh thiêm đài bách chân tam tuyệt.,更添臺柏真三絕。
"La Phù tiên tử băng vi hồn,",羅浮仙子冰為魂，
Khoảnh khắc năng linh quỳnh tác tiết.,頃刻能令瓊作屑。
"Dạ thâm kỳ thụ toái linh lung,",夜深琪樹碎玲瓏，
Nguyệt hộ phong song hàn lẫm liệt.,月戶風窗寒凜烈。
"Nhược phi phong đệ ám hương lai,",若非風遞暗香來，
Phân phân nhất sắc hà do biệt.,紛紛一色何由別。
"Tuần thiềm bất phạ ngọc lâu hàn,",巡簷不怕玉樓寒，
Ngân hải dao quang cánh thanh triệt.,銀海搖光更清徹。
"Cửu trùng chẩn niệm cập hà manh,",九重軫念及遐氓，
Vạn lý cẩm y dao trú tiết.,萬里錦衣遙駐節。
"Sương phong quyển địa khí hoành thu,",霜風捲地氣橫秋，
Thân tại viêm hoang tâm nguỵ khuyết.,身在炎荒心魏闕。
"Giao nam thập nguyệt noãn như xuân,",交南十月暖如春，
Mộng trung chỉ hữu hoa kham chiết.,夢中只有花堪折。
"Tương tâm thác vật cổ hữu chi,",將心托物古有之，
Cao trục thâm kỳ đạo tiền triết.,高蠋深期蹈前哲。
"Đông Pha vị trúc bất khả vô,",東坡謂竹不可無，
Liêm Khê ái liên diệc hữu thuyết.,濂溪愛連亦有說。
"Càn khôn vạn cổ nhất thanh trí,",乾坤萬古一清致，
Bá Kiều thi tứ Tây Hồ nguyệt.,灞橋詩思西湖月。
"Thạch Môn sơn thượng đăng lâm xứ,",石門山上登臨處，
Hư thất cao song nhàn bạch trú.,虛室高窗閑白晝。
"Cự khẩu hàm a thổ phạn cung,",巨口谽呀吐梵宮，
Tha nga quái thạch cao đê thụ.,嵯峨怪石高低樹。
"Bất nhân thần quỷ phủ cân dư,",不因神鬼斧斤餘，
"Khắc xảo công phu nguyên thái tố,",刻巧工夫元太素。
"Hồi đầu diểu diểu bát hoang khoan,",回頭渺渺八荒寬，
"Thanh thiên bất tận, sơn vô số.",青天不盡山無數。
Động môn bất toả trấn trường khai.,洞門不鎖鎮長開，
Biệt hữu nhất trùng thiên thượng khứ.,別有一重天上去。
"Tính tinh kim tự luyện sơ thành,",性精金自鍊初成，
Nhân ngã sơn căn xứ xứ bình.,人我山根處處平。
"Giang thuỷ đạm ư tăng nhãn bích,",江水淡於僧眼碧，
Hải sơn nùng tự Phật đầu thanh.,海山濃似佛頭青。
"Kim ngao bối thượng Kỳ viên địa,",金鰲背上祇園地，
Bảo ốc quang trung Xá Vệ thành.,寶屋光中舍衛城。
"Quyện điểu hữu tình y mật diệp,",倦鳥有情依密葉，
Nhàn vân vô ý lạc không đình.,閑雲無意落空庭。
"Đông phong vũ tễ tình quang bạc,",東風雨霽晴光薄，
Số điểm yên tiêu nhật sắc minh.,數點煙消日色明。
"Kinh vũ dư nhàn truy thắng tiễn,",經武餘閑追勝踐，
Chung thân tâm tuý tạm hoàn tinh.,終身心醉暫還醒。
"Mỹ nhân điêu mạo ngọc thông mã,",美人貂帽玉驄馬，
Thuỳ kỳ tòng chi tý ưng giả?,誰其從之臂鷹者。
"Sa hàn thảo bạch thiên vũ sương,",沙寒草白天雨霜，
Lạc nhật trì lạp Liêu thành hạ.,落日馳獵遼城下。
"Tái nam kiện phụ phương bả sừ,",塞南健婦方把耡，
Trượng phu thú biên quan sách tô.,丈夫戍邊官索租。
Quân bất kiến:,君不見：
"Cối Kê Sơn Âm mại hoa tẩu,",會稽山陰賣花叟，
Mại hoa đắc tiền tức mãi tửu.,賣花得錢即買酒。
"Đông phương nhật xuất chiếu tử mạch,",東方日出照紫陌，
Thử tẩu dĩ tác tuý hương khách.,此叟已作醉鄉客。
"Phá ốc hàm tinh tịch tác môn,",破屋含星席作門，
Thấp huỳnh sinh táo hoa mãn viên.,溼螢生竈花滿園。
"Ngũ canh phong điên vũ thanh ác,",五更風顛雨聲惡，
Bất ưu ốc đảo ưu hoa lạc.,不憂屋倒憂花落。
"Mại hoa tẩu,",賣花叟，
"Đãn nguyện tứ hải vô trần sa,",但愿四海無塵沙，
Hữu nhân mại tửu nhưng mại hoa.,有人賣酒仍賣花。
"Đương thời Lang Quan phụng sứ xuất Hàm kinh,",當時郎官奉使出鹹京，
Tiên nhân thiên lý lai tương nghênh.,仙人千里來相迎。
"Hoạ thuyền xuy địch lộng Lục Thuỷ,",畫船吹笛弄綠水，
Hà ý phương châu di cựu danh.,何意芳洲遺舊名。
"Đường từ vu một tri hà đại,",唐祠蕪沒知何代，
Duy hữu đông lưu thuỷ trường tại.,惟有東流水長在。
"Lê hầu độc khởi lương đống tài,",黎侯獨起梁棟材，
Phảng phất vân trung tích hiên cái.,彷彿雲中昔軒蓋。
"Nam phi Việt điểu, bắc phi hồng,",南飛越鳥北飛鴻，
Kim cổ du du khứ trú đồng.,今古悠悠去住衕。
"Phú quý hà như nhất bôi tửu,",富貴何如一杯酒，
Sầu lai vô địa lỗi tây phong.,愁來無地酹西風。
"Đại Biệt sơn cao kỷ thiên xích,",大別山高幾千尺，
Cách thành chánh dữ từ tương trị.,隔城正與祠相值。
"Thanh viên dạ bão nguyệt quang đề,",青猿夜抱月光啼，
Quải tại đông hồ chi thạch bích.,掛在東湖之石壁。
"Lê hầu bổn tại đẩu Nam gia,",黎侯本在斗南家，
Chẩm qua do tự ức yên hà.,枕戈猶自憶煙霞。
"Kỳ nghĩ tương thân báo thiên tử,",祇擬將身報天子，
Bất phụ hung trung thư ngũ xa.,不負胸中書五車。
"Tạc giả tương phùng ngọc khuyết hạ,",昨者相逢玉闕下，
Biệt lai kỷ nhật thu tiêu sái.,別來幾日秋瀟灑。
"Hoàng diệp đương đầu loạn đả nhân,",黃葉當頭亂打人，
Môn tiền hệ trứ thanh thông mã.,門前繫著青驄馬。
"Quân kim quy khứ điếu tình hồ,",君今歸去釣晴湖，
Ngã diệc minh niên từ đế đô.,我亦明年辭帝都。
"Nhược quá hồ biên định tương kiến,",若過湖邊定相見，
Vi vấn tiên nhân an ổn vô.,為問仙人安穩無。
"Thái Thạch giang biên nhất đôi thổ,",采石江邊一堆土，
Lý Bạch chi danh cao thiên cổ.,李白之名高千古。
"Lai lai vãng vãng nhất thủ thi,",來來往往一首詩，
Lỗ Ban môn tiền lộng đại phủ.,魯班門前弄大斧。
"Lão phu thanh thần sơ bạch đầu,",老夫清晨梳白頭，
Huyền Đô đạo sĩ lai tương phỏng.,玄都道士來相訪。
Ác phát hô nhi diên nhập hộ.,握髮呼兒延入戶，
Thủ đề tân hoạ thanh tùng chướng.,手提新畫青松障。
"Chướng tử tùng lâm tĩnh liểu minh,",障子松林靜杳冥，
Bằng hiên hốt nhược vô đan thanh.,憑軒忽若無丹青。
"Âm nhai khước thừa sương tuyết cán,",陰崖卻承霜雪幹，
Yển cái phản tẩu cầu long hình.,偃蓋反走虯龍形。
"Lão phu bình sinh hiếu kỳ cổ,",老夫平生好奇古，
Đối thử hứng dữ tinh linh tụ.,對此興與精靈聚。
"Dĩ tri tiên khách ý tương thân,",已知仙客意相親，
Cánh giác lương công tâm độc khổ.,更覺良工心獨苦。
"Tùng hạ trượng nhân cân lũ đồng,",松下丈人巾屨同，
Ngẫu toạ tự thị Thương Sơn ông.,偶坐似是商山翁。
"Trướng vọng liêu ca Tử chi khúc,",悵望聊歌紫芝曲，
Thì nguy thảm đạm lai bi phong.,時危慘澹來悲風。
"Long Môn dược thuỷ tam thiên túng,",龍門躍水三千縱，
Bắc hải du côn vọng nhi khấp.,北海遊鯤望而泣。
"Bán nguyệt hồ đầu nhất dạ tiêu,",半月湖頭一夜霄，
Sạ giác tiềm lân trạo ba lập.,乍覺潛鱗掉波立。
"Sứ quân diệu đắc Tôn gia pháp,",使君妙得孫家法，
Mạo thuỷ hữu thần chỉ do thấp.,貌水有神紙猶濕。
"Tín thủ niêm thành hoạt lý ngư,",信手拈成活鯉魚，
Sỉ khẩu ngang đằng ngưỡng thiên hấp.,哆口昂騰仰天吸。
"Phiên thân dục dược thế như cấp,",翻身欲躍勢如急，
Song nhãn huỳnh huỳnh nhĩ tập tập.,雙眼熒熒耳戢戢。
"Mê ly nguyệt ảnh dạng bích y,",迷離月影漾碧漪，
Tảo giám thiên trùng xuất kỳ liệp.,藻鑑千重出鬐鬣。
"Ngư long biến hoá sự an tri,",魚龍變化事安知，
Tứ hải phong vân hội hữu kỳ.,四海風雲會有期。
"Như kim mạc trục cầm cao khứ,",如今莫逐琴高去，
Lưu dữ nhân gian tác vũ sư.,留與人間作雨師。
"Ngã gia Liêu Thuỷ Ninh Khê tân,",我家遼水寧溪濱，
"Điều, thường, chiên, vị, sắc thắng ngân.",鰷鱨鱣鮪色勝銀。
"Thanh thần tiệt giang bố cự võng,",清晨截江布鉅網，
Tuyết phi ngọc toái thù phân phân.,雪飛玉碎殊紛紛。
"Khoái phường trinh vĩ phanh cẩm lân,",鱠魴赬尾烹錦鱗，
Hứng trung bất sổ thu phong thuần.,興中不數秋風蒪。
"Tự tòng lữ thực kinh hoa xuân,",自從旅食京花春，
Đa niên nhuyễn đạp Đông Hoa trần.,多年軟沓東華塵。
"Quan sàm hương vị lũ nhập mộng,",官饞鄉味屢入夢，
Thanh y đường hạ tư thuỳ mân.,清漪堂下思垂緡。
"Thi vương tối thị hiếu sự giả,",詩王最是好事者，
Bất tích thiên kim cấu danh hoạ.,不惜千金購名畫。
"Kỷ đa diệu bút trữ hoa hiên,",幾多妙筆貯華軒，
Đằng Vương giáp điệp Giang Đô mã.,滕王蛺蝶江都馬。
"Thị thuỳ hoạ sử xảo vi thử,",是誰畫史巧為此，
Vạn khoảnh ba đào ám khuynh tả.,萬頃波濤暗傾瀉。
"Sâm si hạnh thái tương cấu mạt,",參差荇菜相呴沫，
Dương dương vi vi chính phồn khoả.,洋洋圍圍正繁夥。
"Thiên đầu tranh hướng xích lân công,",千頭爭向赤鱗公，
Vi vật do giải tương tôn sùng.,微物猶解相尊崇。
"Chúng tinh lạc lạc tận củng bắc,",眾星落落盡拱北，
Vạn thuỷ cổn cổn giai triều đông.,萬水滾滾皆朝東。
"Chủ nhân bất thị tâm khâu hác,",主人不是心丘壑，
Viễn chướng bình lâm diệc đồ tác.,遠嶂平林亦徒作。
"Nguyện ngôn thập tập tàng thử đồ,",願言什襲藏此圖，
Hội kiến nhất đường ngư thuỷ lạc.,會見一堂魚水樂。
"Hành, Nhạc, Thái Hàng thiên hạ sơn,",衡岳太行天下山，
"Hoàng Hà, Giang, Hán thiên hạ thuỷ.",黃河江漢天下水。
"Thuỳ khiển tam xích thằng sàng gian,",誰遣三尺繩床間，
Điệp điệp trùng trùng kiến lưu trĩ.,疊疊重重見流峙。
"Thử trung vô số thánh hiền hào,",此中無數聖賢豪，
Dữ ngã lai vãng tận tri kỷ.,與我來往盡知己。
"Bệnh trung hốt toạ, toạ hốt khỉ,",病中忽坐坐忽起，
"Hạp ngô lưỡng mục, bế ngô nhĩ.",闔吾兩目閉吾耳。
"Trừng thần địch lự mặc dĩ du,",澄神滌慮默以遊，
"Nhược thân ngô lịch, túc ngô lý.",若身吾歷足吾履。
Khởi dư giả thuỳ? Bùi sứ quân!,起余者誰？裴使君！
Cước để giang sơn vạn dư lý.,腳底江山萬餘里。
"Quy lai mãn phúc trữ đồ thư,",歸來滿腹貯圖書，
Đốt đốt nam nhi chân khoái sự!,咄咄男兒真快事。
"Ta ngã bế hộ điêu trùng, xỉ khẩu giảo văn tự.",嗟我閉戶雕虫侈口咬文字。
"Hữu như xích hoạch lượng thiên địa,",有如尺蠖量天地，
Tự tòng phiếm hải lịch Ba Sơn.,自從泛海歷巴山。
Thuỷ giác lục hợp hà mang mang!,始覺六合何茫茫，
Hướng tích văn chương đẳng nhi hí!,向昔文章等兒戲。
"Thế gian thuỳ thị chân nam tử,",世間誰是真男子，
Uổng cá bình sinh độc thư sử.,枉箇平生讀書史。
"Yên Đài sứ giả lão thế đồ,",燕臺使者老世途，
Thượng học anh ngôn dục hà sĩ?,尚學嬰言欲何俟。
Quân bất kiến:,君不見：
"Cao ngoạ thất trung quyện du sĩ,",高臥室中倦遊士，
Tứ bích danh sơn lạn như ỷ.,四壁名山爛如綺。
"Cầm, Hướng cao tung mạc bất phan,",禽向高蹤邈不扳，
Nhất danh cơ bạn trường như thử!,一名羈絆長如此。
Ô hô!,嗚呼：
"Nhất danh cơ bạn trường như thử,",一名羈絆長如此，
"Bạch phát, thanh bào, ngô lão hĩ!",白髮青袍吾老矣。
"Ngã hành Lạc Dương đại đạo biên,",我行洛陽大道邊，
Nhất song thương nga phi thướng thiên.,一雙蒼鵝飛上天。
"Tích tai xuân thuỷ ngự câu khứ,",惜哉春水御溝去，
Hoá tác Hồ nhi ẩm mã tuyền.,化作胡儿飲馬泉。
"Tiền sơn kê minh dạ dục bán,",前山雞鳴夜欲半，
Cổ kiếm tuỳ thân vũ lăng loạn.,古劍隨身舞凌亂。
"Bạch quang hổ dược đằng tuyết sương,",白光虎躍騰雪霜，
Thần khí long bàn quán tinh Hán.,神氣龍蟠貫星漢。
"Vọng trung sa trần y chính hàn,",望中沙塵衣正寒，
Cử thủ điên đảo phát xung quan.,舉手顛倒髮沖冠。
"Lộc lô cược động tức thiên lý,",鹿盧屩動即千里，
Lan Tử hý thành đồ thất bàn.,蘭子戲成徒七盤。
Nhân sinh khởi vô chí?,人生豈無志？
Sự vãng cận hữu lệ.,事往僅有淚。
"Bì binh độc khốn thủ,",疲兵獨困守，
Kịch lỗ phiên cường chí.,劇虜翻強鷙。
"Khổng Dung tài sơ bất túc đa,",孔融才疏不足多，
Viên Thiệu chúng thịnh không Hoàng Hà.,袁紹眾盛空黃河。
"Đại công thổ địa nhưng đồng hoạn,",代公土地仍同患，
Đoàn quốc phong trần mạn trợ qua.,段國風塵漫助戈。
"Thế gian tráng sĩ đãn lão tử,",世間壯士但老死，
Đống thiết trầm mai hà xứ sử.,凍銕沉埋何處使！
"Thiên thu vạn tuế thanh kim cầu,",千秋萬歲青金虯，
Hận bất chú đắc Lưu Tinh Châu.,恨不鑄得劉并州。
"Thu phong xuy khê khê thuỷ hàn,",秋風吹溪溪水寒，
Trường phong lạc tận chi đầu đan.,長楓落盡枝頭丹。
"Ngư lang cử tăng đắc song lý,",漁郎舉罾得雙鯉，
Phanh ngư noãn tửu hoan phụ tử.,烹魚煖酒歡婦子。
"Giang đình hữu khách thu vọng diêu,",江亭有客秋望遥，
Thanh yên mạc mạc sơn điều điều.,青烟漠漠山迢迢。
"Sa đầu lạc nhật hô độ cấp,",沙頭落日呼渡急，
Chu tử vô ngôn ỷ bồng lập.,舟子無言倚篷立。
"Thuỳ kỳ hoạ thử lão Trĩ Xuyên,",誰其畫此老稚川，
Sử ngã nhất kiến tâm mang nhiên.,使我一見心茫然。
"Y hi nghĩ trạo Sầm Dương phố,",依稀艤櫂涔陽浦，
Phảng phất khai tôn Thái Thạch độ.,髣髴開樽采石渡。
"An đắc toạ ngã mao đình trung,",安得坐我茅亭中，
Cát cân tương đối tam lão ông.,葛巾相對三老翁。
"Mãi ngư cô tửu thiêu dã địch,",買魚沽酒燒野荻，
Biện dữ cừ nùng tuý chung nhật.,拚與渠儂醉終日。
"Thai châu địa khoát hải minh minh,",台州地闊海冥冥，
Vân thuỷ trường hoà đảo tự thanh.,雲水長和島嶼青。
"Loạn hậu cố nhân song biệt lệ,",亂後故人雙別淚，
Xuân thâm trục khách nhất phù bình.,春深逐客一浮萍。
"Tửu hàm lãn vũ thuỳ tương duệ,",酒酣懶舞誰相拽，
Thi bãi năng ngâm bất phục thính.,詩罷能吟不復聽。
"Đệ ngũ kiều đông lưu hận thuỷ,",第五橋東流恨水，
Hoàng pha ngạn bắc kết sầu đình.,皇陂岸北結愁亭。
"Giả Sinh đối phục thương Vương phó,",賈生對鵩傷王傅，
Tô Vũ khán dương hãm tặc đình.,蘇武看羊陷賊庭。
"Khả niệm thử ông hoài trực đạo,",可念此翁懷直道，
Dã triêm tân quốc dụng khinh hình.,也沾新國用輕刑。
"Nễ Hành thực khủng tao giang hạ,",禰衡實恐遭江夏，
Phương Sóc hư truyền thị tuế tinh.,方朔虛傳是歲星。
"Cùng hạng tiễu nhiên xa mã tuyệt,",窮巷悄然車馬絕，
Án đầu can tử độc thư huỳnh.,案頭干死讀書螢。
"Chiêu dân khai khẩn đắc lương điền,",招民開墾得良田，
Vạn Khoảnh ư kim ấp thượng truyền.,萬頃於今邑尚傳。
"Trần mạt hữu tiền năng tán cấp,",陳末有錢能散给，
Diệp phi công đức phối thương thiên.,葉妃功德配蒼天。
"Lựu Viên cố quán đạo kỳ sơ,",榴園故貫道其初，
Vạn Khoảnh lai cư hậu bất hư.,萬頃來居後不虚。
"Thập nhật tuế chung sinh nhật chí,",十日歲终生日至，
Thử kê hoa quả tế vu từ.,黍鷄花果祭于祠。
"Mạch thượng trường, tàm xuất khuông,",麥上場，蚕出筐，
Thử thời chỉ hữu điền gia mang.,此時只有田家忙。
"Bán nguyệt thiên tình nhất dạ vũ,",半月天晴一夜雨，
Tiền nhật mạch địa giai thanh ương.,前日麥地皆青秧。
"Âm tình tuỳ ý cổ nan đắc,",陰晴隨意古難得，
Phụ hậu phu tiên các nỗ lực.,婦后夫先各努力。
"Thúc lương sậu noãn kiển dị nga,",倏涼驟暖繭易蛾，
Đại phụ lạc ty trung phụ chức.,大婦絡絲中婦織。
"Trung phụ xuyết nhàn sự duyên hoa,",中婦輟閑事鉛華，
Bất tỷ đại phụ năng ưu gia.,不比大婦能憂家。
"Phạn thục hà tằng sấn thì ngật,",飯熟何曾趁時吃，
Tân khổ cận đắc tàm sự tất.,辛苦僅得蚕事畢。
"Tiểu phụ sơ giá đương thiểu khoan,",小婦初嫁當少寬，
Linh bạn a cô ngoan qua nhật.,令伴阿姑頑過日。
"Minh niên nguyện đắc như kim niên,",明年原得如今年，
Thặng trữ nhị mạch nhiêu ty miên.,剩貯二麥饒絲綿。
"Tiểu phụ mạc từ đảm thượng kiên,",小婦莫辭擔上肩，
Khước phóng đại phụ đương cô tiền.,卻放大婦當姑前。
"Nam thanh hân hân nữ nhan duyệt,",男聲欣欣女顏悅，
Nhân gia bất oán ngôn ngữ biệt.,人家不怨言語別。
"Ngũ nguyệt tuy nhiệt mạch phong thanh,",五月雖熱麥風清，
Thiềm đầu tác tác tảo xa minh.,檐頭索索繰車鳴。
"Dã tàm tác kiển nhân bất thủ,",野蠶作茧人不取，
Diệp gian phác phác thu nga sinh.,葉間扑扑秋蛾生。
"Mạch thu thượng trường quyên tại trục,",麥收上場絹在軸，
Đích tri thâu đắc quan gia túc.,的知輸得官家足。
"Bất nguyện nhập khẩu phục thượng thân,",不願入口復上身，
Thả miễn hướng thành mại hoàng độc.,且免向城賣黃犢。
"Điền gia y thực vô hậu bạc,",田家衣食無厚薄，
Bất kiến huyện môn thân tức lạc.,不見縣門身即樂。
"Tráng tuế cử gia triêu Ái Châu,",壯歲舉家朝爱州，
Nam Quan “thất cáo” khảo phân du.,南關七誥考分猷。
"Ngã Lê cấu tạo hưng trùng nhật,",我黎搆造興重日，
Ngô tổ tiên lao ngũ thập niên.,吾祖先勞五十年。
"Hứa quốc trì khu ngũ thập niên,",許國馳驅五十年，
Kinh luân tu phát dĩ bà nhiên.,經綸鬚髮已皤然。
"Tây phù bắc khám công hoàn nhật,",西扶北勘功完日，
Diên Thọ di nhàn bách thọ tiên.,延壽頤閒百壽仙。
"Sinh lai anh hùng ký khu xác,",生來英雄寄軀殼，
Tử khứ tinh thần lưu bàng bạc.,死去精神留磅礡。
"Khu xác hữu hoại bàng bạc tồn,",軀殼有壞磅礡存，
Ngưỡng chân bất quý phủ bất tạc.,仰真不愧俯不怍。
"Tầm thường quan quách dã hà vi,",尋常棺郭也何爲，
Chí sĩ bất vong tại câu hác.,志士不忘在溝壑。
"Vạn lý ương ương Lô Nhĩ hà,",萬里泱泱瀘珥河，
Cửu long súc súc Nham Biền nhạc.,九龍矗矗岩軿岳。
"Trường châu tuy nhiên mai thử nhân,",長洲雖然埋此人，
Tu sát vị mai ngoan dữ bạc.,羞剎未埋頑與薄。
"Vị bằng nhất bút điếu trung hồn,",為憑一筆吊忠魂，
Thiên tải cửu tuyền do khả tác.,天載九泉猶可作。
"Thất hùng hùng thư do vị phân,",七雄雄雌猶未分，
Công thành sát tướng hà phân phân.,攻城殺將何紛紛。
"Tần binh ích vi Hàm Đan cấp,",秦兵益圍邯鄲急，
Nguỵ vương bất cứu Bình Nguyên Quân.,魏王不救平原君。
"Công tử vị Doanh đình tứ mã,",公子為嬴停駟馬，
Chấp bí dũ cung ý dũ hạ.,執轡愈恭意愈下。
"Hợi vi đồ tứ cổ đao nhân,",亥為屠肆鼓刀人，
Doanh nãi Di môn bão quan giả.,嬴乃夷門抱關者。
"Phi đãn khảng khái hiến kỳ mưu,",非但慷慨獻奇謀，
Ý khí kiêm tương sinh mệnh thù.,意氣兼將生命酬。
"Hướng phong vẫn cảnh tống công tử,",向風刎頸送公子，
Thất thập lão ông hà sở cầu.,七十老翁何所求。
"Dĩnh Châu lão ông bệnh thả luy,",穎州老翁病且羸，
Tiêu tiêu đoản phát thu sương thuỳ.,蕭蕭短髮秋霜垂。
"Thủ phù khô cùng hành phục khước,",手扶枯筇行復卻，
Thám biều cái thực hà chi mi.,探瓢丐食河之湄。
"Ngã ai kỳ bần vị cố vấn,",我哀其貧為顧問，
Dục ngữ ngạnh yết thôn thanh bi.,欲語哽咽吞聲悲。
"Tự ngôn thành đông tích đại hộ,",自言城東昔大戶，
Du điền thập khoảnh tang âm vi.,腴田十頃桑陰圍。
"Hạp môn lão trĩ tam bách chỉ,",闔門老稚三百指，
Y thực tận túc thường hy hy.,衣食盡足常熙熙。
"Hà Nam niên lai sổ cang hạn,",河南年來數亢旱，
Xích địa thiên lý hoàng trần phi.,赤地千里黃塵飛。
"Mạch hoà cảo tử túc bất thục,",麥禾稿死粟不熟，
Trường sàm quải bích lê sinh y.,長饞挂壁犁生衣。
"Hoàng đường thái thú túc yến tẩm,",黃堂太守足宴寢，
Tiên phác bách tính cùng cao chi.,鞭扑百姓窮膏脂。
"Quát thiên ty trúc dạ hàm ẩm,",聒天絲竹夜酣飲，
Dương dương bất vấn dân đề ky.,陽陽不問民啼饑。
"Thị trung đẩu mễ thường thập thiên,",市中斗米償十千，
Cơ nhân chử quyết cung thần xuy.,饑人煮蕨供晨炊。
"Mộc bì bác tận thảo căn tử,",木皮剝盡草根死，
Thê tử tương đối sầu song mi.,妻子相對愁雙眉。
"Hộc hình luỵ luỵ khẩu sinh diệm,",鵠刑累累口生焰，
Luyến cát ngạ biễu vô hoàn ky.,臠割餓莩無完肌。
"Gian dân thừa khích tác đại đạo,",奸民乘隙作大盜，
Yêu cung khoá mã phân khu trì.,腰弓跨馬紛驅馳。
"Tiêu hô thâm lâm tụ hung ác,",嘯呼深林聚凶惡，
Hiệp lộng kiếm sáo dao tinh kỳ.,狎弄劍槊搖旌旗。
"Khứ niên tam nguyệt nhập châu trị,",去年三月入州治，
Cứ toạ đường thượng như hùng bi.,踞坐堂上如熊羆。
"Trường quan yêu nghinh lại tái bái,",長官邀迎吏再拜，
Quỹ tống ngưu tửu la giai trì.,饋送牛酒羅階墀。
"Thành trung hào gia tận phiêu lược,",城中豪家盡剽掠，
Huống tại thôn lạc nhân yên hy.,況在村落人煙稀。
"Liệt nang phẫu khuông thủ kim bạch,",裂囊剖筐取金帛，
Chử kê sát cẩu thi tiên si.,煮雞殺狗施鞭笞。
"Kim niên tai ngược cập Trần, Dĩnh,",今年災虐及陳穎，
Dịch độc tứ khởi dân lưu ly.,疫毒四起民流離。
"Liên thôn tỵ ốc tương chẩm tạ,",連村比屋相枕藉，
Túng hữu dược thạch nan phù trị.,縱有葯石難扶治。
"Nhất gia thập khẩu bất tam nhật,",一家十口不三日，
Cảo thúc tịch quyển mai hoang bi.,藁束席卷埋荒陂。
"Tử sinh thuỳ phục cố cốt nhục,",死生誰復顧骨肉，
Tính mệnh suyễn tức huyền hào ly.,性命喘息懸毫厘。
"Đại tôn thập tuế mại ngũ thiên,",大孫十歲賣五千，
Tiểu tôn tam tuế đầu thanh y.,小孫三歲投清漪。
"Chí kim Bình Chính kiều hạ thuỷ,",至今平正橋下水，
Độc lâu bạch cốt như sơn nhi.,髑髏白骨如山崖。
"Tú y sứ giả túc phong kỷ,",繡衣使者肅風紀，
Hạ xa phỏng sát dân sang di.,下車訪察民瘡痍。
"Lục chương trần từ đạt cửu bệ,",綠章陳辭達九陛，
Triệt dược giảm thiện tâm ưu nguy.,徹葯減膳心憂危。
"Triều đường tạp nghị hội nguyên lão,",朝堂雜議會元老，
Tuất hoang thảo tặc lao thâm ky.,恤荒討賊勞深机。
"Sơn Đông kiến tiết khai đại phủ,",山東建節開大府，
Tiện nghi khảm trảm dương thiên uy.,便宜砍斬揚天威。
"Thân quân tứ xuất tặc bôn hội,",親軍四出賊奔潰，
Cừ khôi kiêu thủ càn khôn di.,渠魁梟首乾坤夷。
"Bái quan nạp túc tuần cựu điển,",拜官納粟循舊典，
Chiến sĩ dũng dược giai hoan di.,戰士踴躍皆歡怡。
"Hoài Nam tư lẫm cửu hồng hủ,",淮南私廩久紅腐，
Chuyển du khởi tích thiên kim tư.,轉輸豈惜千金資。
"Khiển quan tuần hành cần phủ uý,",遣官巡行勤撫慰，
Chẩn túc cấp tệ tô dân bì.,賑粟給幣蘇民疲。
"Hoạch tồn suy hủ kiến kim nhật,",獲存衰朽見今日，
Bệnh cốt thượng nhĩ nan xanh trì.,病骨尚爾難撐持。
"Hướng phi thánh nhân niệm xích tử,",向非聖人念赤子，
Điền uỷ câu hác ưng vô nghi.,填委溝壑應無疑。
"Lão ông ngưỡng thiên lệ như vũ,",老翁仰天淚如雨，
Ngã diệc cảm kích sầu hư hy.,我亦感激愁歔欷。
"An đắc tứ hải khang thả phụ,",安得四海康且阜，
Ngũ phong thập vũ tư ứng kỳ.,五風十雨斯應期。
"Trưởng quan liêm bình huyện lệnh hảo,",長官廉平縣令好，
Sinh dân kích nhưỡng ca thanh thì.,生民擊壤歌清時。
"Nguyện ngôn quan phong thái thi giả,",愿言觀風采詩者，
Thận vật phế ngã Dĩnh Châu lão ông ai khổ từ.,慎勿廢我潁州老翁哀苦辭。
Tam niên kinh để hoạn du nhân,三年京邸宦遊人，
Đoản đoản thanh sam dục thượng trần,短短青衫欲上塵。
Ngột ngột lê viên thư đố khách,兀兀藜園書蠹客，
Xuân phong thuỳ liệu đáo Hương tân,春風誰料到香津。
Điểu đề hoa tiếu bán song hư,鳥啼花笑半窗虛，
Đế lý phong quang lạc hữu dư,帝里風光樂有餘。
Cử mục Mai Sơn thiên lý viễn,舉目梅山千里遠，
Kim triêu xuân sắc cánh hà như,今朝春色更何如。
Cố lý yên hoa nhập mộng trường,故里煙花入夢長，
Hoành sơn Linh thuỷ lộ mang mang,橫山𤅷水路茫茫。
Cao đường mấn phát như kim nhật,高堂鬢髮如今日，
Thanh phúc hoàn bằng nhất triện hương,清福還憑一篆香。
Cương thường mạc trọng thị quân thân,綱常莫重是君親，
Vi tử vi thần thử nhất thân,為子為臣此一身。
Sơn hải vị năng quyên trích bổ,山海未能涓滴補，
Hồi đầu nhị thập bát niên xuân,回頭二十八年春。
"Khứ tuế trung thu vũ áp vân,",去歲中秋雨壓雲，
Thanh huy bất lai nguyệt phụ nhân.,清輝不來月負人。
"Kim niên trung thu quang hạo khiết,",今年中秋光皎潔，
Lữ huống vô liêu nhân phụ nguyệt.,旅況無聊人負月。
"Nguyệt nhân tương phụ hứa đa ban,",月人相負許多般，
Tứ mỹ kiêm toàn dã thực nan.,四美兼全也實難。
"Thuỳ thị nhất tâm vô phụ giả,",誰是一心無負者，
Bạch đầu minh nguyệt kính trung khan.,白頭明月鏡中看。
"Sở cuồng tuý ca ca chính phát,",楚狂醉歌歌正發，
Cánh thướng Lương Đài vọng minh nguyệt.,更上梁臺望明月。
"Sóc phong lạp lạp xuy ngã y,",朔風獵獵吹我衣，
Tuyệt đại giai nhân hạo như tuyết.,絕代佳人皎如雪。
"Truỳ yết cổ, đàn không hầu,",搥羯鼓，彈箜篌，
"Phanh dương tể ngưu toạ tao khâu,",烹羊宰牛坐糟丘，
Nhất tiếu tái tiếu dương thanh âu.,一笑再笑揚清謳。
"Dao khan Biện thuỷ ba thanh tiểu,",遙看汴水波聲小，
Cẩm trạc vong hoàn sự đa thiểu?,錦櫂忘還事多少。
"Tạc nhật Kim Minh trì thượng lai,",昨日金明池上來，
Cấn Nhạc thê lương my lộc nhiễu.,艮岳凄涼麋鹿繞。
"Mạch thanh thanh, thử ly ly,",麥青青，黍離離，
Vạn niên chi thượng nha loạn đề.,萬年枝上鴉亂啼。
"Nhị long bắc thú bất phục phản,",二龍北狩不復返，
Lục long nam độ vô hoàn kỳ.,六龍南渡無還期。
"Kim đồng lệ bính lộ bàn thấp,",金銅淚迸露盤濕，
Hoạ lan quế trụ toan phong cấp.,畫闌桂柱酸風急。
"Cưu cư thước cấu thương chuẩn nhập,",鳩居鵲構蒼隼入，
Xà xuất yến sào bạch hồ lập.,蛇出燕巢白狐立。
"Đông nam địa hãm yêu khí hắc,",東南地陷妖氣黑，
Song phụng cao phi Hải Nam mạch.,雙鳳高飛海南陌。
"Ngô Sơn nhật lạc vô trầm trầm,",吳山日落無沈沈，
Mẫu tử đồng hành hướng thiên bắc.,母子同行向天北。
"Quan hà vạn lý vũ lộ thâm,",關河萬里雨露深，
Tiểu nho hà tất bi khổ tân.,小儒何必悲苦辛。
"Quy lai nhĩ nhiệt vong đầu bạch,",歸來耳熱忘頭白，
Mãi tiếu huy kim mạc tương thất.,買笑揮金莫相失。
"Hô hề nô, xuy tất lật.",呼奚奴，吹觱篥，
"Mỹ nhân tung phục hoành,",美人縱復橫，
Kim tịch phục hà tịch?,今夕復何夕。
"Sở cuồng tuý ca ca dục chuyết,",楚狂醉歌歌欲輟，
Lão viên vị ngã đề trúc liệt.,老猿為我啼竹裂。
"Tiền giả đồ trung nhất tương kiến,",前者途中一相見，
Nhân sự kinh niên ký quân diện.,人事經年記君面。
"Hậu sinh tương động hà tịch liêu,",後生相動何寂寥，
Quân hữu trường tài bất bần tiện.,君有長才不貧賤。
"Quân kim khởi đà xuân giang lưu,",君今起柁春江流，
Dư diệc sa biên cụ tiểu chu.,余亦沙邊具小舟。
"Hạnh vị đạt thư hiền phủ chủ,",幸為達書賢府主，
Giang hoa vị tận hội giang lâu.,江花未盡會江樓。
"Minh công tráng niên trị thì nguy,",明公壯年值時危，
Kinh tế thực tạ anh hùng tư.,經濟實藉英雄姿。
"Quốc chi xã tắc kim nhược thị,",國之社稷今若是，
Vũ định hoạ loạn phi công thuỳ.,武定禍亂非公誰。
"Phụng Tường thiên quan thả bão phạn,",鳳翔千官且飽飯，
Y mã bất phục năng khinh phì.,衣馬不復能輕肥。
"Thanh bào triều sĩ tối khốn giả,",青袍朝士最困者，
Bạch đầu thập di đồ bộ quy.,白頭拾遺徒步歸。
"Nhân sinh giao khế vô lão thiếu,",人生交契無老少，
Luận giao hà tất tiên đồng điệu.,論交何必先同調。
"Thê tử sơn trung khốc hướng thiên,",妻子山中哭向天，
Tu công lịch thượng truy phong phiếu.,須公櫪上追風驃。
"An Nam bản đồ sổ thiên lý,",安南版圖數千里，
Thiểu thị cư dân đa sơn thuỷ.,少是居民多山水。
"Đông lân Hợp Phố, bắc Nghi Ung,",東鄰合浦北宜邕，
"Nam để Chiêm Thành, tây Đại Lý.",南抵占城西大理。
"Cổ lai Ngũ Lĩnh hiệu man di,",古來五嶺號蠻夷，
Triệu tự Đào Đường hữu Giao Chỉ.,肇自陶唐有交趾。
"Kỳ tại Thành Chu vi Việt Thường,",其在成周為越裳，
Trùng dịch tằng lai cống bạch trĩ.,重譯曾來貢白雉。
"Tần danh Tượng Quận, Hán Giao Châu,",秦名象郡漢交州，
"Cửu Chân, Nhật Nam tiếp kỳ địa.",九真日南接其地。
"Hán sơ Triệu Đà tổng hùng cứ,",漢初趙佗總雄據，
Nãi mệnh vi vương miễn tru tỷ.,乃命為王免誅徙。
"Kế nhân Cao Hậu cấm quan thị,",繼因高後禁關市，
Đà phục hỗ cường tuỳ tiếm nguỵ.,佗復怙強隨僭偽。
"Tức xưng đế dữ Trung Quốc mâu,",即稱帝與中國侔，
Tường hại biên dân nghiêm vũ bị.,戕害邊民嚴武備。
"Hán gia tự thị khởi binh qua,",漢家自是起兵戈，
Mỗi chiến vô công bãi lực sĩ.,每戰無功罷力士。
"Hán văn tu đức bất sự vũ,",漢文修德不事武，
Thích tội bất tru phong Triệu Thị.,釋罪不誅封趙氏。
"Đà nhân cảm đức xưng phiên thần,",佗因感德稱藩臣，
Toại sử Anh Tề lai nhập thị.,遂使嬰齊來入侍。
"Phương vật trân kỳ tuế cống thâu,",方物珍奇歲貢輸，
Truyền tập tử tôn cấp ngũ thế.,傳襲子孫給五世。
"Lữ Gia mưu bạn ám hưng binh,",呂嘉謀叛暗興兵，
Cố sát kỳ vương tịnh Hán sứ.,故殺其王並漢使。
"Vũ hoàng nhất nộ phấn thiên qua,",武皇一怒奮天戈，
Thiên lý tinh binh tảo hung uế.,千里精兵掃凶穢。
"Lộ hầu Bác Đức dũng hữu mưu,",路侯博德勇有謀，
Phá Việt như đồng phá trúc thế.,破越如同破竹勢。
"Phân vi cửu quận trí quan thủ,",分為九郡置官守，
Nam Việt tòng tư quốc nãi phế.,南越從茲國乃廢。
"Trung Hoa văn hoá biến miễn thu,",中華聞化遍免收，
Tiệm giáo viễn nhân thông lễ nghĩa.,漸教遠人通禮義。
"Quang Vũ sơ trừ tân thất nạn,",光武初除新室難，
Vị hoàng tuyển trạc nam phương sử.,未遑選擢南方使。
"Mê Linh nhị nữ sính gian hùng,",糜泠二女逞奸雄，
"Tỉ danh Trưng Trắc, muội Trưng Nhị.",姊名徵側妹徵貳。
"Chiêu hô yếu đảng cứ Nam Giao,",招呼要黨據南交，
Uy phục bách man vô dữ tỉ.,威服百蠻無與比。
"Xâm biên khấu lược lục thập thành,",侵邊寇略六十城，
"Nhất lập vi vương, nhất vi suý.",壹立為王壹為帥。
"Đường đường Hán tướng Mã Phục Ba,",堂堂漢將馬伏波，
Khổ chiến tam niên thường thiết xỉ.,苦戰三年常切齒。
"Phân quân khu trục đáo Man Khê,",分軍驅逐到璽溪，
Tặc tù thụ thủ tất bình trị.,賊酋授首悉平治。
"Quảng khai Hán giới cực thiên nam,",廣開漢界極天南，
Đồng trụ cao tiêu truyền Hán sử.,銅柱高標傳漢史。
"Mệnh quan khiển tướng trấn kỳ dân,",命官遣將鎮其民，
Đức chính thanh tân đa huệ thi.,德政清新多惠施。
"Chí ư Sĩ Nhiếp thiện phủ tuy,",至於士燮善撫綏，
Quý trọng nhất phương nhân sở tư.,貴重一方人所思。
"Quốc chính phân phân [?] [?] [?],",國政紛紛◆◆◆，
Ngô Thục tại tranh vi bích luỹ.,吳蜀在爭為壁壘。
"Tấn hưng Giao giới nhập Hán chế,",晉興交界入漢制，
"Tống, Tề, Lương, Trần thừa nhất quỹ.",宋齊梁陳承一軌。
"Du du duyệt thế đãi Tuỳ, Đường,",悠悠閱世逮隋唐，
Thuỷ hiệu An Nam kim nhưng thị.,始號安南今仍是。
"Trương Chu thuỷ tác đô hộ thì,",張舟始作都護時，
Tu trúc La Thành chế quân khí.,修築羅城製軍器。
"Cao Biền uy tín hành tại bỉ,",高駢威信行在彼，
Thử bang nhân nhân đa mạn dị.,此邦人人多慢易。
"Hàm Thông mạt tuế Trung Quốc loạn,",咸通末歲中國亂，
Chuyển vận hà phương tứ kiêu tứ.,轉運遐方肆驕恣。
"Ngô Quyền, Khúc Hạo, Kiều dữ Dương,",吳權曲顥矯與楊，
Thoán đoạt tương tranh dân lực quỹ.,篡奪相爭民力匱。
"Tống sơ Đinh thị thuỷ phong vương,",宋初丁氏始封王，
Đinh tuyệt chuyển phong Lê dữ Lý.,丁絕轉封黎與李。
"Lý truyền cửu thế nhất bách niên,",李傳九世一百年，
Tự hữu Trần vương lai tập vị.,嗣有陳王來襲位。
"Thái bình nhật cửu trọng nho phong,",泰平日久重儒風，
Lễ nhạc y quan lược sơ tự.,禮樂衣冠略初似。
"Hoàng Nguyên nhất thống tự cổ vô,",皇元一統自古無，
Đức phục vạn bang ân trạch bị.,德服萬邦恩澤被。
"Trần vương nạp khoản tam thập niên,",陳王納款三十年，
Hậu tự bất đạo vi thượng chỉ.,後嗣不道違上旨。
"Giáp Thân giả đạo chinh Chiêm Thành,",甲申假道征占城，
Linh trợ quân khí cung hướng quỹ.,令助軍器供餉饋。
"Cư nhiên nghịch mệnh tương kháng hành,",居然逆命相抗衡，
Cự hãn vương sư tâm hoài dị.,拒捍王師心懷異。
"Trần vương tử điệt nhị tam nhân,",陳王子侄二三人，
Mộ nghĩa lai quy mộc ân tứ.,慕義來歸沐恩賜。
"Hưng sư phạt tội xuất hữu danh,",興師伐罪出有名，
Thiên lý ưng dương diệu kỳ xí.,千里鷹揚耀旗幟。
"Tiến binh sổ đạo hội ư Giao,",進兵數道會於交，
Thế nhược lôi điện trì vạn kỵ.,勢若雷電馳萬騎。
"Kỳ vương đào hải nặc sơn lâm,",其王逃海匿山林，
Bàng cập vô cô tao tội lệ.,旁及無辜遭罪戾。
"Sư hoàn phục tội tiến biểu chương,",師還伏罪進表章，
Tê tượng tỉ châu thường chủng chí.,犀象璽珠常踵至。
"Thánh tâm đãng đãng niệm tư dân,",聖心蕩蕩念斯民，
Bãi chiến hưu binh hợp thiên ý.,罷戰休兵合天意。
"Nam lục tòng thử tất an nhiên,",南陸從此悉安然，
Ức vạn sinh linh mông kỳ tí.,億萬生靈蒙其庇。
"Viễn nhân hoài đức tự tâm quy,",遠人懷德自心歸，
Thiên hạ vi gia đương thịnh tế.,天下為家當盛際。
"Tiểu thần cư Miện bái hoàng ân,",小臣居沔拜皇恩，
Thiết lộc tố xan tâm tự quý.,竊祿素餐心自愧。
"Thừa gian chuế tập cựu sở văn,",乘間綴緝舊所聞，
Tả tác An Nam phong thổ chí.,寫作安南風土誌。
"Tiền niên vọng quy, quy bất đắc,",前年望歸歸不得，
Khứ niên trung đồ cước vô lực.,去年中途腳無力。
"Tàn sinh hà ý hữu kim niên,",殘生何意有今年？
Đột ngột gia sơn đoạ nhãn tiền.,突兀家山墮眼前。
"Đông gia, tây gia bách hồ tửu,",東家西家百壺酒，
Chủ nhân bổng thương khách trường thọ.,主人捧觴客長壽。
"Tiên sinh tuý tụ vãn xuân hồi,",先生醉袖挽春回，
Vạn lạc thiên thôn mãn hoa liễu.,萬落千村滿花柳。
"Sơn linh vi cừ dã phóng điên,",山靈為渠也放顛，
Thế giới huyễn nhập đâu la miên,世界幻入兜羅綿。
"Tự hiềm ý cẩm thái hàn khất,",似嫌衣錦太寒乞，
Biệt tác ngọc tiết trang sơn xuyên.,別作玉屑妝山川。
"Nhân ngôn Thiếu Vi chiếu hương tỉnh,",人言少微照鄉井，
Chuẩn bị hoàng vân tam vạn khoảnh.,準備黃雲三萬頃。
"Hà nhân biện tác Trần Oánh Trung,",何人辦作陳瑩中？
Lai dữ tiên sinh cộng xuy bính.,來與先生共炊餅。
"Hữu thân mạc phạm phi long lân,",有身莫犯飛龍鱗，
Hữu thủ mạc biện mãnh hổ tu.,有手莫辮猛虎鬚。
"Quân khán tích nhật Nhữ Nam thị,",君看昔日汝南市，
Bạch đầu tiên nhân ẩn ngọc hồ.,白頭仙人隱玉壺。
"Tử du văn phong động song trúc,",子猷聞風動窗竹，
Tương yêu cộng tuý bôi trung lục.,相邀共醉杯中綠。
"Lịch dương hà dị sơn âm thì,",歷陽何異山陰時，
Bạch tuyết phi hoa loạn nhân mục.,白雪飛花亂人目。
"Quân gia hữu tửu ngã hà sầu,",君家有酒我何愁，
Khách đa lạc hàm bỉnh chúc du.,客多樂酣秉燭遊。
"Tạ thượng tự năng cù dục vũ,",謝尚自能鴝鵒舞，
Tương như miễn thoát túc sương cừu.,相如免脫鷫鷞裘。
"Thanh thần cổ trạo quá giang khứ,",清晨鼓櫂過江去，
Thiên lý tương tư minh nguyệt lâu.,千里相思明月樓。
"Nhân sinh tam vạn lục thiên nhật,",人生三萬六千日，
Dư dĩ nhị vạn thất thiên vị đắc tức.,余已二萬七千未得息。
"Túng nhiên thiên thọ xỉ Kiều Bành,",縱然天壽齒喬彭，
Đắc táng bi hoan khởi chung cực.,得喪悲歡豈終極。
"Thiều linh chi niên phó bất tri,",髫齡之年付不知，
Cập dĩ trưởng thành thượng ký ức.,及已長成尚記憶。
"Thất hỗ hu ta tảo viết cô,",失怙吁嗟早曰孤，
Dưỡng dục địch phong tư mẫu đức.,養育荻風思母德。
"Ư quốc ư gia ký quyết tâm,",於國於家既厥心，
Vi tử vi thần cung bính chức.,為子為臣供屏織。
"Phong đào lam chướng nhất thân khinh,",風濤嵐瘴一身輕，
Bôn tẩu tiên hậu phi bất lực.,奔走先後非不力。
"Hoạn hải thăng trầm tứ thập niên,",宦海升沉四十年，
Lao lao hoàn hữu hưu hưu đắc.,勞勞還有休休得。
"Kỷ kinh thương hải biến tang điền,",幾經滄海變桑田，
Vô hạn tiêu lao tịnh mục tật.,無限焦勞并目疾。
"Phục ngoại cô trung lão vị hưu,",伏外孤忠老未休，
Đồ bào Kỷ ưu chung uất ức.,徒抱杞憂終鬱抑。
"Tự phận càn khôn nhất chuế vưu,",自分乾坤一贅疣，
Bệnh ký bi minh kỳ tẩm thực.,病驥悲鳴其寢食。
"Hồ nhiên nhi đế sử hư sinh,",胡然而帝使虛生，
Hồ nhiên nhi thiên bất tảo cức.,胡然而天不早殛。
"Tích thệ tuỳ bỉ Phan An Nhân,",惜逝隨彼潘安人，
Đương cùng lãng tiếu Đoàn Thành Thức.,當窮浪笑段成式。
"An tri sự vật tổng quy vô,",安知事物總歸無，
"Sắc tức thị không, không thị sắc.",色即是空空是色。
"Hoạ phúc thương thương dã chủ trì,",禍福蒼蒼也主持，
Khởi tuẫn nhân gian cầu túc dục.,豈徇人間求足欲。
"Yếm trần cổ hữu Phạm Vũ Tử,",厭塵古有范武子，
Kỳ tử kim vô thiện vu chúc.,祈死今無善巫祝。
"Thiện chúc cổ hữu Hoa Phong nhân,",善祝古有華封人，
Đa thọ chuyển tư đa sỉ nhục.,多壽轉思多聇辱。
"Cố dư mấn phát tự Đồng Sơn,",顧余鬢髮似童山，
Bất giả tương nghinh tê thọ vực.,不假相迎躋壽域。
"Ý dã thiên công gia ngã niên,",意也天工加我年，
Thử gian ổi lỗi tu chung khúc.,此間傀儡須終曲。
"Ý dã thiên quý sắc ngã tử,",意也天愧嗇我死，
Thử gian dịch kỳ tu chung cục.,此間奕棋須終局。
"Cư dịch sĩ mệnh phục hà khinh,",居易俟命復何輕，
Na tri tu đoản dữ tốc trì.,那知修短與速遲。
"Kim tiêu tịch mịch khổ canh trường,",今宵寂寞苦更長，
Toạ lập thư trai chân cục cục.,坐立書齋真跼跼。
"Uyển nhược Đường Lô dĩ thượng nhân,",宛若唐盧以上人，
Hồn vô tri thức hồn vô tục.,渾無知識渾無俗。
"Há mã Đồng nhai nhật dĩ tà,",下馬銅街日已斜，
Bắc phong y mệ mãn trần sa.,北風衣袂滿塵沙。
"Thu quang khước tại nhàn môn hạng,",秋光卻在閒門巷，
Thâm toả vong ưu nhất thụ hoa.,深鎖忘憂一樹花。
"Khước lập tây phong vũ thuý nhân,",卻立西風舞翠茵，
Nhất chi chi tự phất lương trần.,一枝枝似拂梁塵。
"Hán cung tối đố đồ hoàng ngạch,",漢宮最妒塗黄額，
Mạc khiển Sương Nga kiến lệ nhân.,莫遣霜娥見麗人。
"Trùng cửu hoa khai dĩ tự trì,",重九花開已自遲，
Tuyết trung do diểu tối phồn chi.,雪中猶裊最繁枝。
"Kim môn bạch thủ bi từ khách,",金門白首悲詞客，
Tự nhĩ phiêu linh quá tuế thì.,似爾飄零過歲時。
"Tật phong xuy trần ám Hà huyện,",疾風吹塵暗河縣，
Hành tử cách thủ bất tương kiến.,行子隔手不相見。
"Hồ Thành thành nam nhất khai nhãn,",湖城城南一開眼，
Trú mã ngẫu thức Vân Khanh diện.,駐馬偶識雲卿面。
"Hướng phi Lưu Hạo vi địa chủ,",向非劉顥為地主，
Lãn hồi tiên bí thành cao yến.,懶回鞭轡成高宴。
"Lưu hầu thán ngã huề khách lai,",劉侯歎我攜客來，
Trí tửu trương đăng xúc hoa soạn.,置酒張燈促華饌。
"Thả tương khoản khúc chung kim tịch,",且將款曲終今夕，
Hưu ngữ gian nan thượng hàm chiến.,休語艱難尚酣戰。
"Chiếu thất hồng lô xúc thự quang,",照室紅爐促曙光，
Oanh song tố nguyệt thuỳ văn luyện.,縈窗素月垂文練。
"Thiên khai địa liệt Trường An mạch,",天開地裂長安陌，
Hàn tận xuân sinh Lạc Dương điện.,寒盡春生洛陽殿。
"Khởi tri khu xa phục đồng quỹ,",豈知驅車復同軌，
Khả tích khắc lậu tuỳ canh tiễn.,可惜刻漏隨更箭。
"Nhân sinh hội hợp bất khả thường,",人生會合不可常，
Đình thụ kê minh lệ như tuyến.,庭樹雞鳴淚如線。
"Cố nhân hữu tửu mạc trù trướng,",故人有酒莫惆悵，
Chước chước nguyện quân ẩm vô lượng.,酌酌願君飲無量。
Quân bất kiến:,君不見：
"Hồng hộc cao phi thanh vân thượng,",鴻鵠高飛青雲上，
Huyền hạc độc túc thanh sơn bạng.,玄鶴獨宿青山傍。
"Hoàng điểu hoàng điểu quy thực trường,",黃鳥黃鳥歸食長，
Do lai bất cảm lưỡng tương kháng.,由來不敢兩相抗。
"Cố nhân nỗ lực sự công danh,",故人努力事功名，
Tản nhân quy khứ ngoạ giang thành.,散人歸去臥江城。
Tương khan bôi tửu tối phân minh.,相看杯酒最分明。
"Quân bất kiến Đông Xuyên tiết độ binh mã hùng,",君不見東川節度兵馬雄，
Hiệu liệp diệc tự quan thành công.,校獵亦似觀成功。
"Dạ phát mãnh sĩ tam thiên nhân,",夜發猛士三千人，
Thanh thần hợp vi bộ sậu đồng.,清晨合圍步驟同。
"Cầm thú dĩ tệ thập thất bát,",禽獸已斃十七八，
Sát thanh lạc nhật hồi thương khung.,殺聲落日回蒼穹。
"Mạc tiền sinh trí cửu thanh huỷ,",幕前生致九青兕，
Lạc đà lỗi quỵ thuỳ huyền hùng.,駱駝礨峞垂玄熊。
"Đông tây nam bắc bách lý gian,",東西南北百里間，
Phảng phật xúc đạp hàn sơn không.,仿佛蹴踏寒山空。
"Hữu điểu danh cù dục,",有鳥名鴝鵒，
Lực bất năng cao phi trục tẩu bồng.,力不能高飛逐走蓬。
"Nhục vị bất túc đăng đỉnh trở,",肉味不足登鼎俎，
Hà vị kiến ky ngu la trung.,何為見羈虞羅中。
"Xuân sưu đông thú hầu đắc đồng,",春搜冬狩侯得同，
Sứ quân ngũ mã nhất mã thông.,使君五馬一馬驄。
"Huống kim nhiếp hành đại tướng quyền,",況今攝行大將權，
Hiệu lệnh pha hữu tiền hiền phong.,號令頗有前賢風。
"Phiêu nhiên thì nguy nhất lão ông,",飄然時危一老翁，
Thập niên yếm kiến tinh kỳ hồng.,十年厭見旌旗紅。
"Hỉ quân sĩ tốt thậm chỉnh túc,",喜君士卒甚整肅，
Vị ngã hồi bí cầm Tây Nhung.,為我回轡擒西戎。
"Thảo trung hồ thố tận hà ích,",草中狐兔盡何益，
Thiên tử bất tại Hàm Dương cung.,天子不在咸陽宮。
"Triều đình tuy vô U vương hoạ,",朝廷雖無幽王禍，
Đắc bất ai thống trần tái mông.,得不哀痛塵再蒙。
"Ô hô, đắc bất ai thống trần tái mông.",嗚呼，得不哀痛塵再蒙。
"Nhất thế chi hùng an tại tai,",一世之雄安在哉，
Cổ nhân khứ hề kim nhân lai.,古人去兮今人來。
"Bất kiến Nghiệp trung Nguỵ Vũ Đế,",不見鄴中魏武帝，
Đãn kiến giang biên Đồng Tước đài.,但見江邊銅雀臺。
"Đài cơ tuy tại dĩ khuynh bĩ,",臺基雖在已傾圮，
Âm phong nộ hào thu thảo mĩ.,陰風怒號秋草靡。
"Ngọc Long, Kim Phượng tận mang mang,",玉龍金鳳盡茫茫，
Hà huống đài trung ca vũ kỹ.,何況臺中歌舞妓。
"Tư nhân thịnh thời thuỳ cảm đương,",斯人盛時誰敢當，
Miễu thị hoàng đế lăng hầu vương.,眇視皇帝凌侯王。
"Chỉ hận tằng đài không luật ngột,",只恨層臺空律屼，
Tiểu Kiều chung lão giá Chu Lang.,小喬終老嫁周郎。
"Nhất triêu đại hạn hữu thì chí,",一朝大限有時至，
Thượng thực tấu ca đồ duyệt quỷ.,尚食奏歌圖悅鬼。
"Phân hương mại lí khổ đinh ninh,",分香賣履苦叮嚀，
Lạc lạc trượng phu hà nhĩ nhĩ.,落落丈夫何爾爾。
"Gian hùng biệt tự hữu cơ tâm,",奸雄別自有機心，
Bất thị minh ai nhi nữ khí.,不是鳴哀兒女氣。
"Thiên cơ vạn xảo tận thành không,",千機萬巧盡成空，
Chung cổ thương tâm Chương Giang thuỷ.,終古傷心漳江水。
"Ngã tư cổ nhân thương ngã tình,",我思古人傷我情，
Bồi hồi phủ ngưỡng bi phù sinh.,徘徊俯仰悲浮生。
"Như thử anh hùng thả như thử,",如此英雄且如此，
Huống hồ thốn công dữ bạc danh.,況乎寸功與薄名。
"Nhân gian huân nghiệp nhược trường tại,",人間勳業若長在，
Thử địa cao đài ưng vị khuynh.,此地高臺應未傾。
Quân bất kiến:,君不見：
"Ba Đông sơn sắc liên Ba Tây,",巴東山色連巴西，
Giang đầu nhật lạc phong thê thê.,江頭日落風凄凄。
"Hành nhân quá thử bất năng khứ,",行人過此不能去，
Đình xa sầu thính giang viên đề.,停車愁聽江猿啼。
"Nham hác thiên lý đoạn hành lộ,",岩壑千里斷行路，
Đằng sao cát thứ phân vô số.,藤梢葛刺紛無數。
"Đề viên lộng thử do vị liễu,",啼猿弄此猶未了，
Thúc nhiên đằng thượng thanh phong thụ.,倏然騰上青楓樹。
"Sử quân hành chỉ Tàm Tùng từ,",使君行指蠶叢祠，
Ba nhân đạo nghênh ca “Trúc chi”.,巴人道迎歌竹枝。
"Ca thanh tương tuyệt viên thanh tục,",歌聲將絕猿聲續，
Thanh âm diểu diểu như ai ngọc.,清音裊裊如哀玉。
"Cẩm quan dịch ngoại tạp minh tuyền,",錦官驛外雜鳴泉，
Đại Kiếm sơn đầu bi lạc mộc.,大劍山頭悲落木。
"Thử nhật Trường An nhất ức quân,",此日長安一憶君，
Tri quân dao túc Lãng thành vân.,知君遙宿閬城雲。
"Các trung dạ dạ đề viên khởi,",各中夜夜啼猿起，
Nhược đáo tam thanh na khả văn.,若到三聲那可聞。
"Nhĩ gia hà tại Tiêu Tương xuyên,",爾家何在瀟湘川，
Thanh toa bạch thạch Trường Sa biên.,青莎白石長沙邊。
"Tạc mộng giang hoa chiếu giang nhật,",昨夢江花照江日，
Kỷ chi chính phát đông song tiền.,幾枝正發東窗前。
"Giác lai dục vãng tâm du nhiên,",覺來欲往心悠然，
Hồn tuỳ Việt điểu phi nam thiên.,魂隨越鳥飛南天。
"Tần vân liên sơn hải tương tiếp,",秦雲連山海相接，
Quế thuỷ hoành yên bất khả thiệp.,桂水橫煙不可涉。
"Tống quân thử khứ lịnh nhân sầu,",送君此去令人愁，
Phong phàm mang mang cách hà châu.,風帆茫茫隔河洲。
"Xuân đàm quỳnh thảo lục khả chiết,",春潭瓊草綠可折，
Tây ký Trường An minh nguyệt lâu.,西寄長安明月樓。
"Lão khứ hoa tàn xuân nhật mộ,",老去花殘春日暮，
Hoạn du ngẫu chí Đàn Khê lộ;,宦遊偶至檀溪路；
"Đình tham dao vọng độc bồi hồi,",停驂遙望獨徘徊，
Nhãn tiền linh lạc phiêu hồng nhứ.,眼前零落飄紅絮。
"Ám tưởng Hàm Dương hoả đức suy,",暗想咸陽火德衰，
Long tranh hổ đấu giao tương trì;,龍爭虎鬥交相持。
"Tương Dương hội thượng vương tôn ẩm,",襄陽會上王孫飲，
Toạ trung Huyền Đức thân tương nguy.,坐中玄德身將危。
"Đào sinh độc xuất tây môn đạo,",逃生獨出西門道，
Bối hậu truy binh phục tương đáo.,背後追兵復將到。
"Nhất xuyên yên thuỷ trướng Đàn Khê,",一川煙水漲檀溪，
Cấp sất chinh kị vãng tiền khiêu.,急叱征騎往前跳。
"Mã đề đạp toái thanh pha ly,",馬蹄踏碎青玻璃，
Thiên phong hưởng xử kim tiên huy.,天風響處金鞭揮。
"Nhĩ bạn đãn văn thiên kị tẩu,",耳畔但聞千騎走，
Ba trung hốt kiến song long phi.,波中忽見雙龍飛。
"Tây Xuyên độc phách chân anh chủ,",西川獨霸真英主，
Toạ hạ long câu lưỡng tương ngộ.,坐下龍駒兩相遇。
"Đàn Khê khê thuỷ tự đông lưu,",檀溪溪水自東流，
Long câu anh chủ kim hà xử!,龍駒英主今何處？
"Lâm lưu tam thán tâm dục toan,",臨流三歎心欲酸，
Tà dương tịch tịch chiếu không san;,斜陽寂寂照空山。
"Tam phân đỉnh túc hồn như mộng,",三分鼎足渾如夢，
Tung tích không lưu tại thế gian.,蹤跡空留在世間。
"Cổ thì Đỗ Vũ xưng Vọng Đế,",古時杜宇稱望帝，
Hồn tác đỗ quyên hà vi tế.,魂作杜鵑何微細。
"Khiêu chi thoán diệp thụ mộc trung,",跳枝竄葉樹木中，
Thưởng dương miết liệt thư tuỳ hùng.,搶佯瞥捩雌隨雄。
"Mao y thảm hắc mạo tiều tuỵ,",毛衣慘黑貌憔悴，
Chúng điểu an khẳng tương tôn sùng.,眾鳥安肯相尊崇。
"Huy hình bất cảm thê hoa ốc,",隳形不敢棲華屋，
Đoản cách duy nguyện sào thâm tùng.,短翮唯願巢深叢。
"Xuyên bì trác hủ tuy dục ngốc,",穿皮啄朽觜欲禿，
Khổ cơ thuỷ đắc thực nhất trùng.,苦饑始得食一蟲。
"Thuỳ ngôn dưỡng sồ bất tự bộ,",誰言養雛不自哺，
Thử ngữ diệc túc vi ngu mông.,此語亦足為愚蒙。
"Thanh âm yết yết như hữu vị,",聲音咽咽如有謂，
Hào đề lược dữ anh nhi đồng.,號啼略與嬰兒同。
"Khẩu cán thuỳ huyết chuyển bách xúc,",口幹垂血轉迫促，
Tự dục thượng tố ư thương khung.,似欲上訴於蒼穹。
"Thục nhân văn chi giai khởi lập,",蜀人聞之皆起立，
Chí kim hiệu học hiệu di phong.,至今斅學效遺風，
Nãi tri biến hoá bất khả cùng.,乃知變化不可窮。
"Khởi tri tích nhật cư thâm cung,",豈知昔日居深宮，
Tần tường tả hữu như hoa hồng.,嬪嬙左右如花紅。
Quân bất kiến:,君不見：
"Tích nhật Thục thiên tử,",昔日蜀天子，
Hoá tác đỗ quyên tự lão ô.,化作杜鵑似老烏。
"Ký sào sinh tử bất tự trác,",寄巢生子不自啄，
Quần điểu chí kim vi bô sồ.,群鳥至今為哺雛。
"Tuy đồng quân thần hữu cựu lễ,",雖同君臣有舊禮，
Cốt nhục mãn nhãn thân ky cô.,骨肉滿眼身羈孤。
"Nghiệp công thoán phục thâm thụ lý,",業工竄伏深樹裏，
Tứ nguyệt ngũ nguyệt thiên hào hô.,四月五月偏號呼。
"Kỳ thanh ai thống khẩu lưu huyết,",其聲哀痛口流血，
Sở tố hà sự thường khu khu.,所訴何事常區區。
"Nhĩ khởi thôi tàn thuỷ phát phẫn,",爾豈摧殘始發憤，
Tu đới vũ cách thương hình ngu.,羞帶羽翮傷形愚。
"Thương thiên biến hoá thuỳ liệu đắc,",蒼天變化誰料得，
Vạn sự phản phúc hà sở vô.,萬事反復何所無。
"Vạn sự phản phúc hà sở vô,",萬事反復何所無，
Khởi ức đương điện quần thần xu.,豈憶當殿群臣趨。
"Hạnh tai di lê miễn phu lỗ,",幸哉遺黎免俘虜，
Tam thần ký lãng ngộ từ phụ.,三辰既朗遇慈父。
"Huyền tửu vong lao cam hồ phủ,",玄酒忘勞甘瓠脯，
Hà dĩ vịnh ân ca thả vũ.,何以詠恩歌且舞。
"Ngã gia Giang thuỷ sơ phát nguyên,",我家江水初發源，
Hoạn du trực tống Giang nhập hải.,宦遊直送江入海。
"Văn đạo triều đầu nhất trượng cao,",聞道潮頭一丈高，
Thiên hàn thượng hữu sa trần tại.,天寒尚有沙塵在。
"Trung Linh nam bạn thạch bàn đà,",中泠南畔石盤陀，
Cổ lai xuất một tuỳ đào ba.,古來出沒隨濤波。
"Thí đăng tuyệt đỉnh vọng hương quốc,",試登絕頂望鄉國，
Giang nam Giang bắc thanh sơn đa.,江南江北青山多。
"Ky sầu uý vãn tầm quy tiếp,",羈愁畏晚尋歸楫，
Sơn tăng khổ lưu khan lạc nhật.,山僧苦留看落日。
"Vi phong vạn khoảnh ngoa văn tế,",微風萬頃靴文細，
Đoạn hà bán không ngư vĩ xích.,斷霞半空魚尾赤。
"Thị thì Giang nguyệt sơ sinh phách,",是時江月初生魄，
Nhị canh nguyệt lạc thiên thâm hắc.,二更月落天深黑。
"Giang tâm tự hữu cự hoả minh,",江心似有炬火明，
Phi diễm chiếu sơn thê điểu kinh.,飛燄照山棲鳥驚。
"Trướng nhiên quy ngoạ tâm mạc thức,",悵然歸臥心莫識，
Phi quỷ phi nhân cánh hà vật.,非鬼非人竟何物。
"Giang sơn như thử bất quy sơn,",江山如此不歸山，
Giang thần kiến quái cảnh ngã ngoan.,江神見怪警我頑。
"Ngã tạ Giang thần khởi đắc dĩ,",我謝江神豈得已，
Hữu điền bất quy như Giang thuỷ.,有田不歸如江水。
"Nhân gian hữu thử bạch ngọc kinh,",人間有此白玉京，
La phù kiến nhật kê nhất minh.,羅浮見日雞一鳴。
"Nam lâu vị tất Tề nhật quán,",南樓未必齊日觀，
Uất nghi tự dục triều Chu Minh.,鬱儀自欲朝朱明。
"Đông Pha chi sư Bão Phác lão,",東坡之師抱朴老，
Chân Khế cửu dĩ giao tiền sinh.,真契久已交前生。
"Ngọc đường kim mã cửu lưu lạc,",玉堂金馬久流落，
Thốn điền xích trạch kim thuỳ canh.,寸田尺宅今誰耕。
"Đạo Hoa diệc thường đạm nhất tảo,",道華亦嘗啖一棗，
Khế Hư chính dục cừu tam bành.,契虛正欲仇三彭。
"Thiết kiều thạch trụ liên không hoành,",鐵橋石柱連空橫，
Trượng lê dục sấn phi nhu khinh.,杖藜欲趁飛猱輕。
"Vân Khê dạ phùng âm hổ phục,",雲溪夜逢瘖虎伏，
Đẩu đàn trú xuất đồng long ninh.,斗壇晝出銅龍獰。
"Tiểu nhi thiếu niên hữu kỳ chí,",小兒少年有奇志，
Trung tiêu khởi toạ tồn Hoàng đình.,中宵起坐存黃庭。
"Cận giả hý tác “Lăng vân phú”,",近者戲作《凌雲賦》，
Bút thế bàng phất “Ly tao kinh”.,筆勢彷彿《離騷經》。
"Phụ thư tòng ngã hạp quy khứ,",負書從我盍歸去，
Quần tiên chính thảo “Tân cung minh”.,群仙正草《新宮銘》。
"Nhữ ưng nô lệ Thái Thiếu Hà,",汝應奴隸蔡少霞，
Ngã diệc quý mạnh Sơn Huyền Khanh.,我亦季孟山玄卿。
"Hoàn tu lược báo lão Đồng Thúc,",還須略報老同叔，
Doanh lương vạn lý tầm Sơ Bình.,贏糧萬里尋初平。
"Tấn Dương thành ngoại thao thao thuỷ,",晉陽城外滔滔水，
Trí Bá tất đầu vi niệu khí.,智伯漆頭為溺器。
"Vô nhân báo cừu thành khả bi,",無人報仇誠可悲，
Kỳ thần Dự Nhượng thân đương chi.,其臣豫讓身當之。
"Tất thân vi lại dịch tu mi,",漆身為癩剔鬚眉，
Đương đạo khất thực thê bất tri.,當道乞食妻不知。
"Thân hiệp chuỷ thủ phục kiều hạ,",身挾匕首伏橋下，
Nộ thị cừu phúc cam như di.,怒視仇腹甘如飴。
"Sát khí lẫm lẫm bất khả cận,",殺氣凜凜不可近，
Bạch nhật vô quang sương tuyết phi.,白日無光霜雪飛。
"Tái hoạch tái xả tâm bất di,",再擭再舍心不移，
Lâm tử do năng tam kích y.,臨死猶能三擊衣。
"Lăng lăng kỳ khí thiên tiêu thượng,",凌凌奇氣千霄上，
Tự thử kiều danh canh Dự Nhượng.,自此橋名更豫讓。
"Quân thần đại nghĩa tối phân minh,",君臣大義最分明，
Quốc sĩ chúng nhân các dị thượng.,國士眾人各易尙。
"Quý sát nhân thần hoài nhị tâm,",愧剎人臣懷二心，
Thiên cổ văn chi sắc trù trướng.,千古聞之色惆悵。
"Bất thị Kinh Kha Nhiếp Chính đồ,",不是荊軻聶政徒，
Cam nhân hoạn dưỡng khinh kỳ khu.,甘人豢養輕其軀。
"Huyết khí chi dũng bất túc đạo,",血氣之勇不足道，
Quân độc tranh tranh thiết trượng phu.,君獨錚錚鐵丈夫。
"Lộ kinh Tam Tấn giai khâu thổ,",路經三晉皆丘土，
Chú mục kiều biên như hữu đổ.,注目橋邊如有睹。
"Tây phong thê thê hàn bức nhân,",西風凄凄寒逼人，
Chinh mã tần tần kinh thất lộ.,征馬頻頻驚失路。
"Chuỷ thủ đương thì thất thốn trường,",匕首當時七寸長，
Độc hữu vạn trượng quang mang cắng kim cổ.,獨有萬丈光茫亙今古。
"Nga My cao xuất tây cực thiên,",峨眉高出西極天，
La Phù trực dữ Nam minh liên.,羅浮直與南溟連。
"Danh công dịch tư huy thái bút,",名公繹思揮彩筆，
Khu sơn tẩu hải trí nhãn tiền.,驅山走海置眼前。
"Mãn đường không thuý như khả tảo,",滿堂空翠如可掃，
Xích thành hà khí thương ngô yên.,赤城霞氣蒼梧煙。
"Động Đình, Tiêu Tương ý diểu miên,",洞庭瀟湘意渺綿，
Tam giang thất trạch tình hồi duyên.,三江七澤情洄沿。
"Kinh đào hung dũng hướng hà xứ,",驚濤洶湧向何處，
Cô chu nhất khứ mê quy niên.,孤舟一去迷歸年。
"Chinh phàm bất động diệc bất toàn,",征帆不動亦不旋，
Phiêu như tuỳ phong lạc thiên biên.,飄如隨風落天邊。
"Tâm dao mục đoạn hứng nan tận,",心搖目斷興難盡，
Kỷ thời khả đáo Tam sơn điên.,幾時可到三山巔。
"Tây phong tranh vanh phún lưu tuyền,",西峰崢嶸噴流泉，
Hoành thạch túc thuỷ ba sàn viên.,橫石蹙水波潺湲。
"Đông nhai hợp đạp tế khinh vụ,",東崖合沓蔽輕霧，
Thâm lâm tạp thụ không thiên miên.,深林雜樹空芊綿。
"Thử trung minh muội thất trú dạ,",此中冥昧失晝夜，
Ẩn kỷ tịch thính vô minh thiền.,隱幾寂聽無鳴蟬。
"Trường tùng chi hạ liệt vũ khách,",長松之下列羽客，
Đối toạ bất ngữ Nam Xương tiên.,對坐不語南昌仙。
"Nam Xương tiên nhân Triệu phu tử,",南昌仙人趙夫子，
Diệu niên lịch lạc thanh vân sĩ.,妙年歷落青雲士。
"Tụng đình vô sự la chúng tân,",訟庭無事羅眾賓，
Hương nhiên như tại đan thanh lý.,香然如在丹青裏。
Ngũ sắc phấn đồ an túc trân?,五色粉圖安足珍？
Chân tiên khả dĩ toàn ngô thân?,真仙可以全吾身。
"Nhược đãi công thành phất y khứ,",若待功成拂衣去，
Vũ Lăng đào hoa tiếu sát nhân.,武陵桃花笑殺人。
"Không trung du ty dĩ vô lại,",空中游絲已無賴，
Uyển chuyển dương hoa do bách thái.,宛轉楊花猶百態。
"Tuỳ phong phác trướng phất hương liêm,",隨風扑帳拂香奩，
Độ thuỷ điểm y oanh cẩm đái.,度水點衣縈錦帶。
"Khinh bạc điên cuồng phong thướng há,",輕薄顛狂風上下，
Yến tử oanh nhi các tân giá.,燕子鶯儿各新嫁。
"Thoa đầu tẫn truỵ ngọc trùng sơ,",釵頭燼墜玉蟲初，
Bồn lý ty tao ngân kiển sạ.,盆里絲繅銀繭乍。
"Dục lạc bất lạc xuân chiểu bình,",欲落不落春沼平，
Vô căn vô đế tác phù bình.,無根無蒂作浮萍。
"Hiệt ba tú đài tổng thành mị,",纈波繡苔總成媚，
Nhân gian tối hảo thị thanh minh.,人間最好是清明。
"Thanh minh diễm dương tam nguyệt thiên,",清明艷陽三月天，
Đế lý yên hoa táp tửu thuyền.,帝里煙花匝酒船。
"Thạch kiều hoành trực nhân gia hảo,",石橋橫直人家好，
Tiểu hải bạch ngư khiêu bích tảo.,小海白魚跳碧藻。
"Du giáp hà tiền oán biệt ly,",榆莢荷錢怨別離，
Bất tự dương hoa uyển chuyển phi.,不似楊花宛轉飛。
"Dương hoa phi tận lục âm hợp,",楊花飛盡綠陰合，
Cánh khán minh niên xuân vũ thì.,更看明年春雨時。
"Hiền vương ái mã như ái nhân,",賢王愛馬如愛人，
Nhân dữ mã tịnh phân vương nhân.,人與馬並分王仁。
"Vương lạc dưỡng mã vong khổ tân,",王樂養馬忘苦辛，
Cung cấp vương mã vương chi dân.,供給王馬王之民。
"Mã nhật hột thuỷ thảo bách cân,",馬日齕水草百斤，
Đại mạch tiểu mạch thập đẩu quân.,大麥小麥十斗勻。
"Tiểu đậu đại đậu dịch đệ tần,",小豆大豆驛遞頻，
Mã dạ hột đậu nhưng sổ tuần.,馬夜齕豆仍數巡。
"Mã phì vương hỷ vương bất sân,",馬肥王喜王不嗔，
Mã tích vương nộ vương phác nhân.,馬瘠王怒王扑人。
"Đông sơn giáo trường địa quảng khoát,",東山教場地廣闊，
Trúc cứu dưỡng mã phàm thiên quần.,築廄養馬凡千群。
"Bắc thành mã cứu tiên quỷ phần,",北城馬廄先鬼墳，
Mã cứu dưỡng mã vương quan quân.,馬廄養馬王官軍。
"Thành nam mã cứu cận đại hải,",城南馬廄近大海，
Mã ái ẩm thuỷ hải thuỷ thanh.,馬愛飲水海水清。
"Tây quan mã cứu tại thành hạ,",西關馬廄在城下，
thành hạ phóng mã mã tản hành.,城下放馬馬散行。
"Thành hạ không địa đa thảo sinh,",城下空地多草生，
Mã đầu thực thảo mã vĩ hoành.,馬頭食草馬尾橫。
"Vương dụ: “Dưỡng mã yếu đắc mã tính tình,",王諭『養馬要得馬性情，
Mã lai tự biên tái mã bất khinh.,馬來自邊塞馬不輕。
"Nhân hữu xỉ mã, phục dĩ thượng hình.”",人有齒馬，服以上刑。』
"Bạch mã vương lạc dĩ châu lặc,",白馬王絡以珠勒，
Hắc mã vương lạc dĩ tử anh.,黑馬王絡以紫纓。
Tử lưu mã dĩ Đào Hoa danh.,紫騮馬以桃花名。
"Ban mã xuyết ngọc tao,",斑馬綴玉繅，
Hồng mã xuyết kim linh.,紅馬綴金鈴。
"Vương nhật sổ mã, điểm dưỡng mã đinh.",王日數馬，點養馬丁。
"Nhất mã bất kiến, vương tâm bất ninh.",一馬不見，王心不寧。
"bách tính khất vi vương mã, vương bất ưng.",百姓乞為王馬王不應。
"Tây Dương thiếu phụ y như tuyết,",西洋少婦衣如雪，
Độc bằng lang kiên toạ thanh nguyệt.,獨憑郎肩坐清月。
"Khước vọng Nam thuyền đăng hoả minh,",卻望南船燈火明，
Bả duệ nam nam hướng lang thuyết.,把袂喃喃向郎說。
"Nhất uyển đề hồ thủ lãn trì,",一碗醍醐手懶持，
Dạ hàn vô ná hải phong xuy.,夜寒無那海風吹。
"Phiên thân cánh thiến lang phù khởi,",翻身更倩郎扶起，
Khởi thức Nam nhân hữu biệt ly!,豈識南人有別離。
"Đoan châu thạch công xảo như thần,",端州石工巧如神，
Đạp thiên ma đao cát tử vân.,踏天磨刀割紫雲。
"Dong ngoan bão thuỷ hàm mãn thần,",傭刓抱水含滿辰，
Ám tửu Trường Hoằng lãnh huyết ngân.,暗酒萇弘冷血痕。
"Sa duy trú noãn mặc hoa xuân,",紗帷晝煖墨花春，
Khinh âu phiêu mạt tùng xạ huân.,輕漚漂沫松麝薰。
"Can nị bạc trùng lập cước quân,",干膩薄重立腳勻，
Sổ thốn quang thu vô nhật hôn.,數寸光秋無日昏。
"Viên hào xúc điểm thanh tĩnh tân,",圓毫促點聲靜新，
Khổng nghiễn khoan thạc hà túc vân.,孔硯寬碩何足云。
"Đông gia tây gia bãi lai vãng,",東家西家罷來往，
Tình nhật thâm song phong vũ hưởng.,晴日深窗風雨響。
"Nhị miên tàm khởi thực diệp đa,",二眠蠶起食葉多，
Mạch đầu tang thụ không chi kha.,陌頭桑樹空枝柯。
"Tân phụ thủ bạc nữ chấp khuông,",新婦守箔女執筐，
Đầu phát bất sơ nhất nguyệt mang.,頭髮不梳一月忙。
"Tam cô tế hậu kim niên hảo,",三姑祭後今年好，
Mãn thốc như vân kiển thành tảo.,滿簇如雲繭成早。
"Diêm tiền sào xa cấp tác ti,",檐前繰車急作絲，
Hựu thị hạ thuế tương thôi thì.,又是夏稅相催時。
"Tích niên tằng tác Phù Thạch du,",昔年曾作浮石遊，
Đồng nhan a kế bồi thân ngu.,童顏丫髻陪親娛。
"Đề thi khiếu vịnh thạch bích hạ,",題詩叫詠石壁下，
Thời nhân thiết tỉ Mi tam Tô.,時人竊比眉三蘇。
"Kim niên trùng tác Phù Thạch du,",今年重作浮石遊，
"Giang sơn như cố, nhân bạch đầu.",江山如故人白頭。
"Truy hoan tuế nguyệt dĩ bất tái,",追歡歲月已不再，
Yên ba thiên lý sinh nhàn sầu.,煙波千里生閒愁。
"Thắng du giải cấu na khả tất,",勝遊邂逅那可必，
Trần thổ trùng lai hựu hà nhật.,塵土重來又何日。
"Du du thân thế ỷ lan can,",悠悠身世倚欄杆，
Thiên ngoại khách phàm quy điểu tật.,天外客帆歸鳥疾。
"Tây Hồ xuân thuỷ bích như thiên,",西湖春水碧如天，
Tây Hồ xuân cảnh khả nhân liên.,西湖春景可人憐。
"Miểu miểu xuân phong vọng vô tế,",渺渺春風望無際，
Sổ thanh nhân ngữ cách xuân yên.,數聲人語隔春煙。
"Xuân yên mạc mạc mê xuân thụ,",春煙漠漠迷春樹，
Xuân thụ thanh thanh ấm tiền độ.,春樹青青蔭前渡。
"Lâm hồ nhân gia biệt dạng kiều,",臨湖人家別樣嬌，
Phù dung kỷ đoá hồ biên lộ.,芙蓉幾朵湖邊路。
"Biên lộ ba ảnh dạng sơ liêm,",邊路波影樣疏簾，
Nhất vọng thi tình hoạ ý kiêm.,一望詩情畫意兼。
"Hữu vị du ngư khiên lục tảo,",有味遊魚牽綠藻，
Vô trần xuân thuỷ triển minh liêm.,無塵春水展明奩。
"Xuân thuỷ vô ba tịnh như luyện,",春水無波淨如練，
Xuân phong tống sảng lương như phiến.,春風送爽涼如扇。
"Sơ hôn xuân nguyệt khúc như cung,",初昏春月曲如弓，
Khả tích xuân quang mang như tiễn.,可惜春光忙如箭。
"Khả tích xuân quang ám lý thôi,",可惜春光暗裏催，
Ly cung biệt quán dĩ thành khôi.,離宮別館已成灰。
"Do tự đương thời hồ thuỷ sắc,",猶似當時湖水色，
Tiền nhân di tích hậu nhân ai.,前人遺跡後人哀。
"Hậu nhân bất tất đa bi động,",後人不必多悲慟，
Đương tiền thả thính xuân cầm lộng.,當前且聽春禽哢。
"Cập thời hành lạc ưng hy du,",及時行樂應嬉遊，
Vật ngâm xử thế như đại mộng.,勿吟處世如大夢。
"Xử thế tâm trung bất tất ky,",處世心中不必機，
Phùng xuân tu thưởng mạc tương vi.,逢春須賞莫將違。
"Lai thời nam mạch hoa nghênh nhập,",來時南陌花迎入，
Ngâm bãi Tây Hồ nguyệt tống quy.,吟罷西湖月送歸。
"Quân bả tửu, thính ngã ca.",君把酒，聽我歌。
"Quân bất kiến mạch thượng tang,",君不見陌上桑，
Thuần bôn bôn hề thước cương cương.,鶉奔奔兮鵲疆疆。
"Cao đường kim tịch đăng chúc quang,",高堂今夕燈燭光，
Yên xu Triệu nữ xuy sanh hoàng.,燕姝趙女吹笙簧。
"Quân bả tửu, thính ngã ca.",君把酒，聽我歌。
"Mỹ nhân mỹ nhân mỹ như thử,",美人美人美如此，
Khuynh thành khuynh quốc lương hữu dĩ.,傾城傾國良有以。
"Chu hoặc Bao Tự phong hoả khởi,",周惑褒姒烽火起，
Trụ hoặc Đát Kỷ hiền nhân tử.,紂惑妲己賢人死。
"Quân bả tửu, thính ngã ca.",君把酒，聽我歌。
"Hán gia chi loạn Lữ thái hậu,",漢家之亂呂太後，
Đường gia chi loạn Vũ Tắc Thiên.,唐家之亂武則天。
"Nguỵ công Đồng đài hoá tiêu thổ,",魏公銅臺化焦土，
Tuỳ Dương Nguyệt điện thành phi yên.,隋煬月殿成飛烟。
"Quân bả tửu, thính ngã ca.",君把酒，聽我歌。
"Mỹ nhân mỹ nhân sắc khả thực,",美人美人色可食，
Mỹ nhân mỹ nhân tiếu khả ái.,美人美人笑可愛。
"Mỹ nhân mệnh bạc tranh nại hà,",美人命薄爭奈何，
Mỹ nhân sắc suy tương khí bối.,美人色衰相棄背。
"Mỹ nhân nhất tiếu nan tái đắc,",美人一笑難再得，
Mỹ nhân tuyệt sắc kim hà tại.,美人絕色今何在。
Quân bất kiến:,君不見：
"Mã Ngôi pha hạ Dương Thái Chân,",馬嵬坡下楊太真，
Thiên sinh vưu vật bất túc trân.,天生尤物不足珍。
"Na cập Đường Ngu cửu phụ nhân,",那及唐虞九婦人，
Thiên cổ vạn cổ danh bất nhân.,千古萬古名不湮。
Cổ lai hà vật bất thành thổ?,古來何物不成土？
Tử hậu duy thi khả thắng kim.,死後惟詩可勝金。
"Hồ kiêu mã kinh sa trần khởi,",胡驕馬驚沙塵起，
Hồ sồ ẩm mã Thiên Tân thuỷ.,胡雛飲馬天津水。
"Quân vi trương dịch cận tửu gia,",君為張掖近酒家，
Ngã thoán Tam Ba cửu thiên lý.,我竄三巴九千里。
"Thiên địa tái tân pháp lệnh khoan,",天地再新法令寬，
Dạ Lang thiên khách đái sương hàn.,夜郎遷客帶霜寒。
"Tây ức cố nhân bất khả kiến,",西憶故人不可見，
Đông phong xuy mộng đáo Trường An.,東風吹夢到長安。
"Ninh kỳ thử địa hốt tương ngộ,",寧期此地忽相遇，
Kinh hỉ mang như đoạ yên vụ.,驚喜茫如墮煙霧。
"Ngọc tiêu kim quản huyên tứ diên,",玉簫金管喧四筵，
Khổ tâm bất đắc thân trường cú.,苦心不得申長句。
"Tạc nhật tú y khuynh lục tôn,",昨日繡衣傾綠樽，
Bệnh như đào lý cánh hà ngôn.,病如桃李竟何言。
"Tích kỵ thiên tử đại uyển mã,",昔騎天子大宛馬，
Kim thừa khoản đoạn chư hầu môn.,今乘款段諸侯門。
"Lại ngộ Nam Bình khoát phương thốn,",賴遇南平豁方寸，
Phục kiêm phu tử trì thanh luận.,復兼夫子持清論。
"Hữu tự sơn khai vạn lý vân,",有似山開萬里雲，
Tứ vọng thanh thiên giải nhân muộn.,四望青天解人悶。
"Nhân muộn hoàn tâm muộn,",人悶還心悶，
Khổ tân trường khổ tân.,苦辛長苦辛。
"Sầu lai ẩm tửu nhị thiên thạch,",愁來飲酒二千石，
Hàn hôi trùng noãn sinh dương xuân.,寒灰重暖生陽春。
"Sơn công tuý hậu năng kỵ mã,",山公醉後能騎馬，
Biệt thị phong lưu hiền chủ nhân.,別是風流賢主人。
"Đầu Đà vân nguyệt đa tăng khí,",頭陀雲月多僧氣，
"Sơn thuỷ hà tằng xứng nhân ý,",山水何曾稱人意。
"Bất nhiên minh già án cổ hí thương lưu,",不然鳴笳按鼓戲滄流，
Hô thủ Giang Nam nữ nhi ca trạo âu.,呼取江南女兒歌棹謳。
"Ngã thả vi quân chuý toái Hoàng Hạc lâu,",我且為君捶碎黃鶴樓，
Quân diệc vi ngô đảo khước Anh Vũ châu.,君亦為吾倒卻鸚鵡洲。
"Xích Bích tranh hùng như mộng lý,",赤壁爭雄如夢裏，
Thả tu ca vũ khoan ly ưu.,且須歌舞寬離憂。
"Giang Nam quang cảnh thù vô lại,",江南光景殊無賴，
Thuỷ như bích ngọc sơn như đại.,水如碧玉山如黛。
"Ngô Vương cựu uyển phương thảo đa,",吳王舊苑芳草多，
Uyên ương phi quá tà dương ngoại.,鴛鴦飛過斜陽外。
"Thuyền đầu tuý ngạn ô sa cân,",船頭醉岸烏紗巾，
Hứng lai khán biến Giang Nam xuân.,興來看遍江南春。
"Ngũ Hồ thảng ngộ Phạm Thiếu Bá,",五湖倘遇范少伯，
Đoạt thủ đương thời khuynh quốc nhân.,奪取當時傾國人。
"Thuyền thượng khán sơn như tẩu mã,",船上看山如走馬，
Thúc hốt quá khứ sổ bách quần.,倏忽過去數百群。
"Tiền sơn tra nha hốt biến thái,",前山槎牙忽變態，
Hậu lĩnh tạp đạp như kinh bôn.,後嶺雜沓如驚奔。
"Ngưỡng khan vi kính tà liễu nhiễu,",仰看微徑斜繚繞，
"Thượng hữu hành nhân cao phiếu diểu,",上有行人高縹渺。
"Chu trung cử thủ dục dữ ngôn,",舟中舉手欲與言，
Cô phàm nam khứ như phi điểu.,孤帆南去如飛鳥。
"Mộc lan chi duệ sa đường châu,",木蘭之枻沙棠舟，
Ngọc tiêu kim quản toạ lưỡng đầu.,玉簫金管坐兩頭；
"Mỹ tửu tôn trung trí thiên hộc,",美酒樽中置千斛，
Tái kỹ tuỳ ba nhiệm khứ lưu.,載妓隨波任去留。
"Tiên nhân hữu đãi thừa hoàng hạc,",仙人有待乘黃鶴，
Hải khách vô tâm tuỳ bạch âu.,海客無心隨白鷗。
"Khuất Bình từ phú huyền nhật nguyệt,",屈平詞賦懸日月，
Sở vương đài tạ không sơn khâu.,楚王臺榭空山丘。
"Hứng hàm lạc bút dao ngũ nhạc,",興酣落筆搖五嶽，
Thi thành tiếu ngạo lăng thương châu.,詩成笑傲凌滄洲。
"Công danh phú quý nhược trường tại,",功名富貴若長在，
Hán thuỷ diệc ưng tây bắc lưu.,漢水亦應西北流。
"Cửu nguyệt xuất Kế Môn,",九月出薊門，
Bắc phong xuy tuyết y cừu ôn.,北風吹雪衣裘溫。
"Chánh nguyệt chí Giao Chỉ,",正月至交趾，
Xích nhật thiêu không hãn như thuỷ.,赤日燒空汗如水。
"Thiên nhai hải giác mang mang lộ,",天涯海角茫茫路，
Mã đề thanh lý quang âm độ.,馬蹄聲里光陰度。
"Vạn lý trường không nhất phi nhứ,",萬里長空一飛絮，
Phiêu phiêu tri phục đoạ hà xứ.,飄飄知復墮何處。
"Dạ chiêm thiên cực tư uất kết,",夜瞻天極思鬱結，
Thần thân nam kiệu tâm bắc khuyết.,臣身南嶠心北闕。
"Nguyện tụng thánh hoàng như thiên phúc,",愿頌聖皇如天福，
Tảo kiến Đồ Sơn ban vạn ngọc.,早見塗山班萬玉。
"Trấp niên du tử bất đắc quy,",廿年遊子不得歸，
Gia hương thiên lý âm vấn hy.,家鄉千里音問稀。
"Kính đường tinh tinh song mấn thuỳ,",鏡棠星星雙鬢垂，
Thảo tâm luyến luyến tam xuân huy.,草心戀戀三春暉。
"Quy lai nhất nhật quan dĩ ty,",歸來一日官已卑，
Phong phong vũ vũ bôn thả trì.,風風雨雨奔且馳。
"Đường thượng tiếu vấn lai hà trì,",堂上笑問來何遲，
Giai tiền phủ phục tu mấn mi.,階前頫伏鬚鬢眉。
"Khởi ký sơ cuồng đệ diệc si,",啟旣疏狂弟亦癡，
Gia bần hà dĩ cung cam chi.,家貧何以供甘脂。
"Tái tiếu vị nhữ hà dĩ vi,",再笑謂汝何以爲，
Canh điền thực lực ngô an chi.,耕田食力吾安之。
"Thế gian vạn sự hôi trần phi,",世間萬事灰塵飛，
Duy hữu lý nghĩa năng tự tri.,惟有理義能自治。
"Mãn nhi bất dật cao bất nguy,",滿而不溢高不危，
Thánh hiền hà sự ngôn thao trì.,聖賢何事言操持。
"Tam nguyệt tắc điếu điếu giả bi,",三月則弔弔者悲，
Điếu giả an tri phi hạ tuỳ.,弔者安知非賀隨。
"Khởi khởi tái bái tiền trí từ,",啟起再拜前致辞，
Vạn thiên nhi tội đa khoáng khuy.,萬千兒罪多曠虧。
"Nô thai tiền lộ do vị bì,",駑駘前路猶未疲，
Cố thử thần hôn bất cảm vi.,顧此晨昏不敢違。
"Trần tình luỹ tố thiên xương phi,",陳情累素天閶披，
Nhất phiến thần tâm minh thánh tri.,一片臣心明聖知。
"Đầu lô man han phát như ty,",頭顱顢頇髪如絲，
Lão nhân đường thượng vi anh nhi.,老人堂上爲嬰兒。
"Tích tuế Bàn Đào xưng thọ chi,",昔歲蟠桃稱壽卮，
Bồng Lai khuyết hạ hoàng long trì.,蓬萊闕下黃龍墀。
"Kim nhật hà nhật ban lan y,",今日何日斑斕衣，
Xuân phong xuy động mai ba chi.,春風吹動梅葩枝。
"Trường nguyện niên niên tự kim nhật,",長願年年似今日，
Nam cai tuần bộ tương hài hy.,南陔循步相諧煕。
"Giới am bán gian khả dung tất,",芥庵半間可容膝，
Ngột ngột đằng đằng tự độ nhật.,兀兀騰騰自度日。
"Bách điểu bất lai xuân trú nhàn,",百鳥不來春晝閒，
Tiêu nhiên tứ bích chân vô vật.,翛然四壁真無物。
"Vật nhược vô trần bích bất lập,",物若無塵壁不立，
Mê lư giới tử tòng hà nhập.,迷廬芥子從何入
"Thuỳ nhân thứ phá giới am trung,",誰人覷破芥庵中，
Thất lộ tiện sử thiên ma khấp.,失路便使天魔泣
"Cơ lai bão khiết phạn nhất bát,",饑來飽喫飯一缽，
Thanh thuỷ mãn bình khả tiêu khát.,清水滿瓶可消渴。
"Đằng sàng chẩm thượng trác ngọ miên,",藤床枕上卓午眠，
Chính thị cá trung chân khoái hoạt.,正是個中真快活。
"Kinh dã bất khan Phật bất nghĩ,",經也不看佛不擬，
Y nhãn hà vi kim tiết quí.,醫眼何為金屑貴。
"Khách lai vấn cập bản lai nhân,",客來問及本來人，
Nhận khán y tiền hoàn bất thị.,認看依前還不是。
"Hưu hưu ngoại mịch khổ thi công,",休休外覓苦施功，
Phất phất tị khổng cổ kim đồng.,拂拂鼻孔古今同。
"Giới am tất cánh vô kỳ vật,",芥庵畢竟無奇物，
Chỉ ma mi hoành tị trực ông.,只麼眉橫鼻直翁。
"Hà Bắc dân,",河北民，
Sinh cận nhị biên trường khổ tân.,生近二邊長苦辛。
"Gia gia dưỡng tử học canh chức,",家家養子學耕織，
Thâu dữ quan gia sự nhung địch.,輸與官家事戎狄。
"Kim niên đại hạn thiên lý xích,",今年大旱千里赤，
Châu huyện nhưng thôi cấp hà dịch.,州縣仍催給河役。
"Lão thiếu tương huề lai tựu nam,",老少相攜來就南，
Nam nhân phong niên tự vô thực.,南人豐年自無食。
"Bi sầu bạch nhật thiên địa hôn,",悲愁白日天地昏，
Lộ bàng quá giả vô nhan sắc.,路傍過者無顏色。
"Nhữ sinh bất cập Trinh Quán trung,",汝生不及貞觀中，
Đấu túc sổ tiền vô binh nhung.,鬥粟數錢無兵戎。
"Cô chu dạ hành thu thuỷ quảng,",孤舟夜行秋水廣，
Thu phong mãn phàm bất dao tương.,秋風滿帆不搖漿。
"Hoang điền tịch tịch vô nhân thanh,",荒田寂寂無人聲，
Thuỷ biên khiêu ngư phiên thuỷ hưởng.,水邊跳魚翻水響。
"Hà biên thủ tăng mao tác ốc,",河邊守罾茅作屋，
Tăng đầu nguyệt minh nhân dạ túc.,罾頭月明人夜宿。
"Thuyền trung khách giác thiên vị minh,",船中客覺天未明，
Thuỳ gia tiên ngưu đăng lũng thanh.,誰家鞭牛登隴聲。
"Tả Miên công quán thanh giang phẫn,",左綿公館清江濆，
Hải tông nhất chu cao nhập vân.,海棕一株高入雲。
"Long lân tê giáp tương thố lạc,",龍鱗犀甲相錯落，
Thương lăng bạch bì thập bão văn.,蒼棱白皮十抱文。
"Tự thị chúng mộc loạn phân phân,",自是眾木亂紛紛，
Hải tông yên tri thân xuất quần.,海棕焉知身出群。
"Di tài bắc thần bất khả đắc,",移栽北辰不可得，
Thì hữu Tây Vực Hồ tăng thức.,時有西域胡僧識。
"Hàm Đan thành nam du hiệp tử,",邯鄲城南遊俠子，
Tự căng sinh trưởng Hàm Đan lý.,自矜生長邯鄲裏。
"Thiên trường túng bác gia nhưng phú,",千場縱博家仍富，
Kỷ độ báo cừu thân bất tử.,幾度報仇身不死。
"Trạch trung ca tiếu nhật phân phân,",宅中歌笑日紛紛，
Môn ngoại xa mã thường như vân.,門外車馬常如雲。
"Vị tri can đảm hướng thuỳ thị,",未知肝膽向誰是，
Kim nhân khước ức Bình Nguyên Quân.,今人卻憶平原君。
"Quân bất kiến tức kim giao thái bạc,",君不見即今交態薄，
Hoàng kim dụng tận hoàn sơ tác.,黃金用盡還疏索。
"Dĩ tư cảm thán từ cựu du,",以茲感嘆辭舊遊，
Canh ư thời sự vô sở cầu.,更於時事無所求。
"Thả dữ thiếu niên ẩm mỹ tửu,",且與少年飲美酒，
Vãng lai xạ lạp Tây sơn đầu.,往來射獵西山頭。
"Nguyên Hoà thiên tử thần vũ tư,",元和天子神武姿，
Bỉ hà nhân tai Hiên dữ Hy.,彼何人哉軒與羲。
"Thệ tương thượng tuyết liệt thánh sỉ,",誓將上雪列聖恥，
Toạ pháp cung trung triều tứ di.,坐法宮中朝四夷。
"Hoài Tây hữu tặc ngũ thập tải,",淮西有賊五十載，
"Phong lang sinh khu, khu sinh bi.",封狼生貙貙生羆。
"Bất cứ sơn hà, cứ bình địa,",不據山河據平地，
Trường qua lợi mâu nhật khả huy.,長戈利矛日可麾。
"Đế đắc thánh tướng, tướng viết Độ,",帝得聖相相曰度，
Tặc chước bất tử thần phù trì.,賊斫不死神扶持。
"Yêu huyền tướng ấn tá đô thống,",腰懸相印作都統，
Âm phong thảm đạm thiên vương kỳ.,陰風慘澹天王旗。
"Tố Vũ Cổ Thông tác nha trảo,",愬武古通作牙爪，
Nghi tào ngoại lang tái bút tuỳ.,儀曹外郎載筆隨。
"Hành quân tư mã trí thả dũng,",行軍司馬智且勇，
Thập tứ vạn chúng do hổ tỳ.,十四萬眾猶虎貔。
"Nhập Thái phọc tặc hiến thái miếu,",入蔡縛賊獻太廟，
Công vô dữ nhượng ân bất tý.,功無與讓恩不訾。
"Đế viết: “Nhữ độ công đệ nhất,",帝曰汝度功第一，
Nhữ tòng sự Dũ nghi vi từ.”,汝從事愈宜為辭。
Dũ bái khể thủ đạo thả vũ:,愈拜稽首蹈且舞：
“Kim thạch khắc hoạch thần năng vi.,金石刻畫臣能為。
"Cổ giả thế xưng đại thủ bút,",古者世稱大手筆，
Thử sự bất hệ ư chức ty.,此事不係於職司。
"Đương nhân tự cổ hữu bất nhượng”,",當仁自古有不讓，
Ngôn cật lũ hàm thiên tử di.,言訖屢頷天子頤。
"Công thoái trai giới toạ tiểu các,",公退齋戒坐小閣，
Nhu nhiễm đại bút hà lâm ly.,濡染大筆何淋灕。
"Điểm thoán Nghiêu điển Thuấn điển tự,",點竄堯典舜典字，
Đồ cải Thanh miếu Sinh dân thi.,塗改清廟生民詩。
"Văn thành phá thể, thư tại chỉ,",文成破體書在紙，
Thanh thần tái bái phô đan trì.,清晨再拜鋪丹墀。
"Biểu viết: “Thần Dũ muội tử thướng,",錶曰臣愈昧死上，
Vịnh thần thánh công thư chi bi.”,詠神聖功書之碑。
"Bi cao tam trượng tự như đấu,",碑高三丈字如鬥，
"Phụ dĩ linh ngao, bàn dĩ ly.",負以靈鰲蟠以螭。
"Cú kỳ ngữ trọng dụ giả thiểu,",句奇語重喻者少，
Sàm chi thiên tử ngôn kỳ tư.,讒之天子言其私。
"Trường thằng bách xích duệ bi đảo,",長繩百尺拽碑倒，
Thô sa đại thạch tương ma trì.,粗砂大石相磨治。
"Công tử tư văn nhược nguyên khí,",公子斯文若元氣，
Tiên thì dĩ nhập nhân can tỳ.,先時已入人肝脾。
"Thang bàn khổng đỉnh hữu thuật tác,",湯盤孔鼎有述作，
Kim vô kỳ khí tồn kỳ từ.,今無其器存其辭。
"Ô hô! Thánh vương cập thánh tướng,",嗚呼！聖王及聖相，
Tương dữ huyên hách lưu thuần hy.,相與烜赫流淳熙。
"Công chi tư văn bất thị hậu,",公之斯文不示後，
Hạt dữ tam ngũ tương phan truy.,曷與三五相攀追。
"Nguyện thư vạn bản, tụng vạn quá,",願書萬本頌萬過，
"Khẩu giác lưu mạt, hữu thủ chi.",口角流沫右手胝。
"Truyền chi thất thập hữu nhị đại,",傳之七十有二代，
Dĩ vi phong thiện ngọc kiểm minh đường cơ.,以為封禪玉檢明堂基。
"Quân bất kiến,",君不見：
"Khoa Phụ trục nhật khuy Ngu Uyên,",夸父逐日窺虞淵，
Đào cân bắc hải siêu Côn Luân.,跳跟北海超昆侖。
"Phi tiêu quyết Hán xuất hãng dới,",披霄抉漢出沆瀣，
Miết liệt tả hữu di tinh thần.,瞥裂左右遺星辰。
"Tu du lực tận đạo khát tử,",須臾力盡道渴死，
Hồ thử phong nghĩ tranh phệ thôn.,狐鼠蜂蟻爭噬吞。
"Bắc phương Tĩnh nhân trường cửu thốn,",北方竫人長九寸，
Khai khẩu chỉ chưởng canh tiếu huyên.,開口扺掌更笑喧。
"Thu thu ẩm thực trích dữ lạp,",啾啾飲食滴與粒，
Sinh tử diệc túc chung thiên niên.,生死亦足終天年。
"Huy hu đại chí tiểu thành toại,",睢盱大志小成遂，
Toạ sử nhi nữ tương bi lân.,坐使兒女相悲憐。
"Đại đạo như thanh thiên,",大道如青天，
Ngã do bất đắc xuất.,我猶不得出。
"Tu trục Trường An xã trung nhi,",羞逐長安社中兒，
Xích kê bạch cẩu đổ lê lật.,赤雞白狗賭梨栗。
"Đàn kiếm tác ca tấu khổ thanh,",彈劍作歌奏苦聲，
Duệ cứ vương môn bất xứng tình.,曳裾王門不稱情。
"Hoài Âm thị tỉnh tiếu Hàn Tín,",淮陰巿省笑韓信，
Hán triều công khanh kỵ Giả Sinh.,漢朝公卿忌賈生。
Quân bất kiến:,君不見：
"Tích thì Yên gia trọng Quách Ngỗi,",昔時燕家重郭隗，
Ủng tuệ chiết tiết vô hiềm sai.,擁篲折節無嫌猜。
"Kịch Tân, Nhạc Nghị cảm ân phân,",劇辛樂毅感恩分，
Thâu can phẫu đảm hiệu anh tài.,輸肝剖膽效英才。
"Chiêu Vương bạch cốt oanh man thảo,",昭王白骨縈蔓草，
Thuỳ nhân cánh tảo Hoàng Kim đài?,誰人更掃黃金臺。
Hành lộ nan! Quy khứ lai...,行路難！歸去來。
"Hữu nhĩ mạc tẩy Dĩnh Xuyên thuỷ,",有耳莫洗穎川水
Hữu khẩu mạc thực Thú Dương quyết!,有口莫食首陽蕨
"Hàm quang hỗn thế quý vô danh,",含光混世貴無名，
Hà dụng cô cao tỷ vân nguyệt!,何用孤高比雲月。
"Ngô quan tự cổ hiền đạt nhân,",吾觀自古賢達人，
Công thành bất thoái giai vẫn thân.,功成不退皆殞身。
"Tử Tư ký khí Ngô giang thượng,",子胥既棄吳江上，
Khuất Nguyên chung đầu Tương thuỷ tân.,屈原終投湘水濱。
"Lục Cơ hùng tài khởi tự bảo,",陸機雄才豈自保，
Lý Tư thuế giá khổ bất tảo.,李斯稅駕苦不早。
"Hoa Đình hạc lệ cự khả văn,",華亭鶴唳詎可聞，
Thượng Thái thương ưng hà túc đạo?,上蔡蒼鷹何足道。
Quân bất kiến:,君不見：
"Ngô Trung Trương Hàn xưng đạt sinh,",吳中張翰稱達生，
Thu phong hốt ức Giang Đông hành.,秋風忽憶江東行。
"Thả lạc sinh tiền nhất bôi tửu,",且樂生前一杯酒，
Hà tu thân hậu thiên tải danh?,何須身後千載名。
"Minh đăng cao quán phách thanh thôi,",明燈高館拍聲催，
Đại Nguyễn chiêu yêu Tiểu Lục bồi.,大阮招邀小陸陪。
"Nan đắc dị hương phùng mật thích,",難得異鄉逢密戚，
Khả năng lương dạ bất thâm bôi.,可能良夜不深杯。
"Giang liên Thanh Hán phân hoàn hợp,",江連清漢分還合，
Nhân quá trung niên lạc diệc ai.,人過中年樂亦哀。
"Trân trọng thiên nhai lão huynh đệ,",珍重天涯老兄弟，
Hoài Nam mễ tiện hảo quy lai.,淮南米賤好歸來。
"Hán kinh sùng phiệt duyệt,",漢京崇閥閱，
Hán đại đa cao huân.,漢代多高勛。
"Cổ đao cẩu đồ giai đắc thế,",鼓刀狗屠皆得勢，
Hà huống Vệ Hoắc thiên gia thân.,何況衛霍天家親。
"Thiên gia chi thân bản vinh quý,",天家之親本榮貴，
Sất sá phong vân chúng nhân uý.,叱咤風雲眾人畏。
"Hỗn Tà thử nhật thượng xưng vương,",渾邪此日尚稱王，
Chiếu khiển lập công hướng biên địa.,詔遣立功向邊地。
"Truy tuỳ bất sổ chấp kim ngô,",追隨不數执金吾，
Tiên thát thường như kỵ đô uý.,鞭撻常如騎都尉。
"Quy lai hiến tiệp cận vương đô,",歸來獻捷覲王都，
Kiếm lý công nhiên điện thượng xu.,劍履公然殿上趨。
"Tính danh dĩ lặc Yên Nhiên thạch,",姓名已勒燕然石，
Phương lược hoàn thành Sung Quốc đồ.,方略還成充國圖。
"Thỉnh đoạt điền viên Vũ An khách,",請奪田園武安客，
Hoành hành triêu thị Hoắc gia nô.,橫行朝市霍家奴。
"Ngọc khí trưng cầu quy để đệ,",玉器征求歸邸第，
Thông hầu tước thưởng cập đồng sồ.,通侯爵賞及童雛。
"Thệ từ chân hứa thiên trường cửu,",誓辭真許天長久，
Vũ lộ ân tư vô nhật vô.,雨露恩私無日無。
"Hoạ phúc tuần hoàn ỷ hoàn phục,",禍福循環倚還伏，
Tòng lai khi khí thường khuynh phúc.,從來欹器常傾覆。
"Tỉnh tuyền lưu dật đán trú minh,",井泉流溢鴠晝鳴，
Mao anh gia kiếm toàn gia khốc.,犛纓加劍全家哭。
"Thiết khoán đan thư phản nội đình,",鐵券丹書返內庭，
Chá lâm thố uyển di tha tộc.,柘林兔菀移他族。
"Báo ân chi tử thúc thao qua,",報恩之子焂操戈，
Châu lý tam thiên khứ hà tốc.,珠履三千去何速。
"Bắc Mang bồi thổ cánh vô tồn,",北邙抔土竟無存，
Vạn sự hào hoa như chuyển chúc.,萬事豪華如轉燭。
"Tiền xa chi phúc hậu xa giới,",前車之覆後車誡，
Hậu xa bất giới chung đương bại.,後車不誡終當敗。
"Đậu Điền kiêu hoành tổng luân vong,",竇田驕橫總淪亡，
Bác Lục công danh không cái đại.,博陸功名空蓋代。
"Quân bất kiến, ba lãng hân thiên khả hạm nguy,",君不見波浪掀天舸艦危，
Sử phàm toàn tại chuyển phàm thì.,使帆全在轉帆時。
"Công thành tảo biện tàng cung ý,",功成早辦藏弓意，
Chỉ hữu phù gia Phạm Lãi tri.,只有浮家范蠡知。
"Sài môn ủng thụ hướng thiên chu,",柴門擁樹向千株，
Đan quất hoàng cam thử địa vô.,丹橘黃甘此地無。
"Giang thượng kim triêu hàn vũ hiết,",江上今朝寒雨歇，
Ly trung tú sắc hoạ bình hu.,籬中秀色畫屏紆。
"Đào hề lý kính niên tuy cố,",桃蹊李徑年雖故，
Chi tử hồng tiêu diễm phục thù.,梔子紅椒豔復殊。
"Toả thạch đằng sao nguyên tự lạc,",鎖石藤稍元自落，
Ỷ thiên tùng cốt kiến lai khô.,倚天松骨見來枯。
"Lâm hương xuất thật thuỳ tương tận,",林香出實垂將盡，
Diệp đế từ chi bất trùng tô.,葉蒂辭枝不重蘇。
"Ái nhật ân quang mông tá thải,",愛日恩光蒙借貸，
Thanh sương sát khí đắc ưu ngu.,清霜殺氣得憂虞。
"Suy nhan cánh mịch lê sàng toạ,",衰顏更覓藜床坐，
Hoãn bộ nhưng tu trúc trượng phù.,緩步仍須竹杖扶。
"Tán kỵ vị tri vân các xử,",散騎未知雲閣處，
Đề viên tích tại Sở sơn ngu.,啼猿僻在楚山隅。
"Thiên trường địa cửu vô chung tất,",天長地久無終畢，
Tạc dạ kim triều hựu minh nhật.,昨夜今朝又明日。
"Mấn phát thương lãng nha xỉ sơ,",鬢髮蒼浪牙齒疏，
Bất giác thân niên tứ thập thất.,不覺身年四十七。
"Tiền khứ ngũ thập hữu kỉ niên,",前去五十有幾年，
Bả kính chiếu diện tâm mang nhiên.,把鏡照面心茫然。
"Kí vô trường thằng hệ bạch nhật,",既無長繩系白日，
Hựu vô đại dược trú chu nhan.,又無大藥駐朱顏。
"Chu nhan nhật tiệm bất như cố,",朱顏日漸不如故，
Thanh sử công danh tại hà xứ?,青史功名在何處。
"Dục lưu niên thiếu đãi phú quý,",欲留年少待富貴，
Phú quý bất lai niên thiếu khứ.,富貴不來年少去。
"Khứ phục khứ hề như trường hà,",去復去兮如長河，
Đông lưu phó hải vô hồi ba.,東流赴海無回波。
"Hiền ngu quý tiện đồng quy tận,",賢愚貴賤同歸盡，
Bắc Mang trủng mộ cao tha nga!,北邙塚墓高嵯峨。
"Cổ lai như thử phi độc ngã,",古來如此非獨我，
Vị tử hữu tửu thả cao ca.,未死有酒且高歌。
"Nhan Hồi đoản mệnh Bá Di ngạ,",顏回短命伯夷餓，
Ngã kim sở đắc diệc dĩ đa.,我今所得亦已多。
"Công danh phú quý tu đãi mệnh,",功名富貴須待命，
Mệnh nhược bất lai tri nại hà?,命若不來知奈何。
"Hà trung chi thuỷ hướng đông lưu,",河中之水向東流，
Lạc Dương nữ nhi danh Mạc Sầu.,洛陽女兒名莫愁。
"Mạc Sầu thập tam năng chức ỷ,",莫愁十三能織綺，
"Thập tứ thái tang nam mạch đầu,",十四采桑南陌頭，
"Thập ngũ giá vi Lư lang phụ,",十五嫁為盧郎婦，
Thập lục sinh nhi tự A Hầu.,十六生兒字阿侯。
"Lư gia lan thất quế vi lương,",盧家蘭室桂為梁，
Trung hữu úc kim tô hợp hương.,中有郁金蘇合香。
"Đầu thượng kim thoa thập nhị hàng,",頭上金釵十二行，
Túc hạ ti lý ngũ văn chương.,足下絲履五文章。
"San hô quải kính lạn sinh quang,",珊瑚掛鏡爛生光，
Bình đầu nô tử kình lý tương.,平頭奴子擎履箱。
"Nhân sinh phú quý hà sở vọng,",人生富貴何所望，
Hận bất tảo giá đông gia Vương.,恨不早嫁東家王。
"Chinh trang trịnh trọng tiền lâm biệt,",征裝鄭重前臨別，
Tích ngọc liên hương khuê tứ thiết.,惜玉憐香睽思切。
"Trường đình dạ dạ mộng bình vi,",長亭夜夜夢屏幃，
Y cựu hàn huyên đăng hạ thuyết.,依舊寒暄燈下說。
"Cự ý phân huề tuần nhật gian,",詎意分攜旬日間，
Khiển quyển ly tôn thành vĩnh quyết.,繾綣離樽成永訣。
"Hung tấn dao bằng bưu dịch lai,",凶訊遙憑郵驛來，
Phi hàm nhất lãm trường ô yết.,披函一覽長嗚咽。
"Tòng lang khứ hậu đới tiều dung,",從郎去後帶憔容，
Thang thiện hy sơ quang thái yết.,湯膳希疏光彩歇。
"Chi chẩm hi hư tài kiến nhi,",支枕欷歔纔見兒，
Yêm nhiên quy hoá trần căn tuyệt.,奄然歸化塵根絕。
"Gia nhân kinh thống tương tụ hào,",家人驚痛相聚號，
Huynh trưởng lâm tang vị bài thiết.,兄長臨喪為排設。
"Phiên cung hậu tống cẩm dữ tiền,",藩宮厚送錦與錢，
Quyền thấn nghi văn tuần lễ tiết.,權殯儀文循禮節。
"Ta tai kết phát trấp bát niên,",嗟哉結髮廿八年，
"Trường khế khoát,",長契闊，
Tương Tần Việt.,相秦越。
"Du du bắc vọng lệ triêm y,",悠悠北望淚沾衣，
Lữ quán đề quyên thôi dạ nguyệt.,旅館啼鵑催夜月。
"Ki tình bôn phó vị tri kỳ,",羈情奔訃未知期，
Thiên lý quan phu trường uất kết.,千里鰥夫腸鬱結。
"Nam kỷ vu lư chướng bất tuyệt,",南紀巫廬瘴不絕，
Thái cổ dĩ lai vô xích tuyết.,太古以來無尺雪。
"Man di trưởng lão oán khổ hàn,",蠻夷長老怨苦寒，
Côn Luân thiên quan đống ưng chiết.,昆侖天關凍應折。
"Huyền viên khẩu cấm bất năng khiếu,",玄猿口噤不能嘯，
Bạch hộc sí thuỳ nhãn lưu huyết.,白鵠翅垂眼流血。
An đắc xuân nê bổ địa liệt.,安得春泥補地裂。
"Vãn lai giang môn thất đại mộc,",晚來江門失大木，
Mãnh phong trung dạ xuy bạch ốc.,猛風中夜吹白屋。
"Thiên binh trảm đoạn Thanh Hải nhung,",天兵斬斷青海戎，
"Sát khí nam hành động địa trục,",殺氣南行動地軸，
Bất nhĩ khổ hàn hà thái khốc.,不爾苦寒何太酷。
"Ba Đông chi giáp sinh lăng ty,",巴東之峽生淩澌，
Bỉ thương hồi hiên nhân đắc tri.,彼蒼回軒人得知。
"Lão phụ điền hoang thu vũ lý,",老父田荒秋雨裡，
Cựu thì cao ngạn kim giang thuỷ.,舊時高岸今江水。
"Dong canh do tự bão trường cơ,",傭耕猶自抱長飢，
Đích tri vô lực thâu tô mễ.,的知無力輸租米。
"Tự tòng hương quan tân thượng lai,",自從鄉官新上來，
Hoàng chỉ phóng tận bạch chỉ thôi.,黃紙放盡白紙催。
"Mại y đắc tiền đô nạp khước,",賣衣得錢都納卻，
Bệnh cốt tuy hàn liêu miễn phược.,病骨雖寒聊免縛。
"Khứ niên y tận đáo gia khẩu,",去年衣盡到家口，
Đại nữ lâm kỳ lưỡng phân thủ.,大女臨岐兩分首。
"Kim niên thứ nữ dĩ hành môi,",今年次女已行媒，
Diệc phục khu tương hoán thăng đấu.,亦復驅將換升斗。
"Thất trung cánh hữu đệ tam nữ,",室中更有第三女，
Minh niên bất phạ thôi tô khổ.,明年不怕催租苦。
"Thập nhật hoạ nhất thuỷ,",十日畫一水，
Ngũ nhật hoạ nhất thạch.,五日畫一石。
"Năng sự bất thụ tương xúc bách,",能事不受相促迫，
Vương Tể thuỷ khẳng lưu chân tích.,王宰始肯留真跡。
"Tráng tai Côn Lôn phương hồ đồ,",壯哉崑崙方壺圖，
Quải quân cao đường chi tố bích.,掛君高堂之素壁。
"Ba Lăng, Động Đình nhật bản đông,",巴陵洞庭日本東，
"Xích ngạn thuỷ dữ Ngân hà thông,",赤岸水與銀河通，
Trung hữu vân khí tuỳ phi long.,中有雲氣隨飛龍。
"Chu nhân ngư tử nhập phố tự,",舟人漁子入浦漵，
Sơn mộc tận á hồng đào phong.,山木盡亞洪濤風。
"Vưu công viễn thế cổ mạc tỷ,",尤工遠勢古莫比，
Chỉ xích ưng tu luận vạn lý.,咫尺應須論萬里。
"Yên đắc Tinh Châu khoái tiễn đao,",焉得并州快剪刀，
Tiễn thủ Ngô Tùng bán giang thuỷ.,翦取吳松半江水。
"Dã hoa già nhãn tửu triêm thế,",野花遮眼酒沾涕，
Tắc nhĩ sầu thinh tân triều sự.,塞耳愁聽新朝事。
"Để báo thúc tác nhất khuông khôi,",邸報束作一筐灰，
Triều y điển dữ tài hoa thị.,朝衣典與栽花市。
"Tân thi nhật nhật thiên dư ngôn,",新詩日日千餘言，
Thi trung vô nhất ưu dân tự.,詩中無一憂民字。
"Bàng nhân đạo ngã chân hội hội,",旁人道我真聵聵，
Khẩu bất năng đáp chỉ sơn thuý.,口不能答指山翠。
"Tự tòng lão Đỗ đắc thi danh,",自從老杜得詩名，
Ưu quân ái quốc thành nhi hý.,憂君愛國成兒戲。
"Ngôn ký vô dung mặc bất khả,",言既無庸默不可，
Nguyễn gia ná đắc bất trầm tuý?,阮家那得不沉醉？
"Nhãn để nùng nùng nhất bôi xuân,",眼底濃濃一杯春，
Đỗng vu Lạc Dương niên thiếu lệ.,慟于洛陽年少淚。
"Xuân phong uyển chuyển nhập khúc phòng,",春風宛轉入曲房，
Kiêm tống tiểu uyển bách hoa hương.,兼送小苑百花香。
"Bạch mã kim yên khứ vị phản,",白馬金鞍去未返，
Hồng trang ngọc trợ há thành hàng.,紅妝玉箸下成行。
"Thả xướng hoàng kê thôi hiểu ca,",且唱黃雞催曉歌，
Thỉnh quân tiễn thủ thanh trà chước.,請君剪取清茶酌。
"Tối quang sơ ái xuân minh minh,",最光初靄春冥冥，
Dư tỉnh tiệm giải khách dục tác.,餘醒漸解客欲作。
"Đào xã phong lưu các tự hào,",陶社風流各自豪，
Tu dẫn kim bôi khuynh cẩm thác.,須引金杯傾錦橐。
Trường Canh khứ hậu thuỳ phục luân?,長庚去後誰復淪？
Hắc dạ trầm trầm hàn tác tác.,黑夜沈沈寒索索。
"Độc đắc tầm quân nhập tuý hương,",獨得尋君入醉鄉，
Ngâm mai thi hứng mãn đông các.,吟梅詩興滿東閣。
"Xuân lai hoa thụ thái tự kiêu,",春來花樹太自驕，
Thanh nguyệt đình đình chiếu ly lạc.,清月亭亭照籬落。
"Thi cảnh thi tình chính vị lan,",詩景詩情正未闌，
Cốt lão khí thanh thần ảm mạc.,骨老氣清神黯漠。
"Chỉ khủng cao ngâm hạo mạc thu,",祇恐高吟浩莫收，
Phong khởi đảo xuy hoa lực bạc.,風起倒吹花力薄。
"Thả đãi trùng lai hứng hựu sinh,",且待重來興又生，
Dữ quân thưởng tận viên trung lạc.,與君賞盡園中樂。
"Thu hán phi ngọc sương,",秋漢飛玉霜，
Bắc phong tảo hà hương.,北風掃荷香。
"Hàm tình phưởng chức cô đăng tận,",含情紡織孤燈盡，
Thức lệ tương tư hàn lậu trường.,拭淚相思寒漏長。
"Thiềm tiền bích vân tĩnh như thuỷ,",簷前碧雲靜如水，
Nguyệt điếu thê ô đề điểu khởi.,月弔棲烏啼鳥起。
"Thuỳ gia thiếu phụ sự uyên ky,",誰家少婦事鴛機，
Cẩm mán vân bình thâm yểm phi.,錦幕雲屏深掩扉。
"Bạch ngọc song trung văn lạc diệp,",白玉窗中聞落葉，
Ưng liên hàn nữ độc vô y.,應憐寒女獨無衣。
"Thập nhị lâu đài thập nhị thiên,",十二樓台十二天，
Trùng trùng thâm toả ngọc thiền quyên.,重重深鎖玉嬋娟。
"Giác lai hận bất trường như mộng,",覺來恨不長如夢，
Phi đáo quân vương ngọc chẩm biên.,飛到君王玉枕邊。
"Quyển khởi châu liêm vọng thuý hoa,",捲起珠簾望翠花，
Cửu trùng cao vọng nguyệt như ba.,九重高望月如波。
"Xuân phong bất vị trường môn cách,",春風不為長門隔，
Thâu tống thiên hương đáo ỷ la.,偷送天香到綺羅。
"Sinh lai lãn tráng đa thành tích,",生來懶戇多成癖，
Nhập thế khiếp tương hình khí dịch.,入世怯將形氣役。
"Vân đình thuỷ chỉ bổn nhiên tâm,",雲停水止本然心，
Tài đắc phiến nhàn ngã hứng thích.,纔得片閒我興適。
"Vãn linh cánh giác cân lực khiên,",晚齡更覺筋力愆，
Tịnh kỷ minh song dưỡng tính thiên.,淨几明窗養性天。
"Đạo nhân cấu tựu Bảo Chân quán,",道人構就葆真觀，
"Đình hữu phương hoa, chiểu hữu liên.",庭有芳花沼有蓮。
"Thiều thiều cận bí lai kinh khuyết,",迢迢覲轡來京闕，
Hựu trị thiều xuân hoà hú tiết.,又值韶春和煦節。
"Triều đình thiểu sự, giản thư hi,",朝廷少事簡書稀，
Bất cấm du nhân tuý phong nguyệt.,不禁遊人醉風月。
"Tiêu tao khách quán cấm thành đông,",蕭騷客觀禁城東，
Cầm kiếm cô thê viên phố trung.,琴劍孤棲園圃中。
"Mao diêm tứ cố vân yên quýnh,",茅簷四顧雲煙迥，
Độc ỷ song lan đối thái không.,獨倚窗欄對太空。
"Triều tham dư hạ vô cơ nhũng,",朝參餘暇無機冗，
Trường yểm bồng phi trần bất động.,長掩蓬扉塵不動。
"Xuân quang bão nhãn sác đê châm,",春光飽眼數低斟，
Mãn giá đồ thư cung ngoạn tụng.,滿架圖書供玩誦。
"Nhiễu lư thảo thụ lục thành hề,",繞廬草樹綠成蹊，
Kiệp điệp phân phi điểu tước đề.,蛺蝶紛飛鳥雀啼。
"Ngâm án tích thành thiên thập phú,",吟案積成篇什富，
Điệt nhi thừa hạ thỉnh văn đề.,侄兒乘暇請文題。
"Ngô tiền vạn tượng đô phong nhã,",吾前萬象都風雅，
Bất vấn hồng trần kỷ xa mã.,不問紅塵幾車馬。
"Thi đường chủ nhân thục đắc kỳ,",詩堂主人孰得奇，
Liêu khuếch du thần vong vật ngã.,寥廓游神忘物我。
"Liêm lung trú tịch tiễu vô ngôn,",簾櫳晝寂悄無言，
Ngọ thuỵ tỉnh lai nhật hướng hôn.,午睡醒來日向昏。
"Trừ dữ tỉnh thần hoan yến ngoại,",除與省臣歡讌外，
Du an tiển hữu xuất sài môn.,遊鞍鮮有出柴門。
"Điểm kiểm oanh hoa ngâm bất tận,",點檢鶯花吟不盡，
Hảo hướng lâm tuyền nhất cao ẩn.,好向林泉一高隱。
Tiêu dao dưỡng đắc ngô bản chân,逍遙養得吾本真，
Tạo hoá dữ nhàn vô thiểu trác.,造化與閒無少斲。
"Càn khôn đáo xứ tức vi gia,",乾坤到處即為家，
Lạc tương quan cái ngạo yên hà.,樂將冠蓋傲煙霞。
"Hoài thổ khởi tu nhi nữ ý,",懷土豈須兒女意，
Nguyệt trung bả trản phát cao ca.,月中把盞發高歌。
"Thành Đô mãnh tướng hữu Hoa khanh,",成都猛將有花卿，
Học ngữ tiểu nhi tri tính danh.,學語小兒知姓名。
"Dụng như khoái cốt phong hoả sinh,",用如快鶻風火生，
Kiến tặc duy đa thân thuỷ khinh.,見賊惟多身始輕。
"Miên châu phó sứ trước giá hoàng,",綿州副使著柘黃，
Ngã khanh tảo trừ tức nhật bình.,我卿掃除即日平。
"Tử Chương độc lâu huyết mô hồ,",子章髑髏血模糊，
Thủ đề trịch hoàn Thôi đại phu.,手提擲還崔大夫。
"Lý hầu trùng hữu thử tiết độ,",李侯重有此節度，
Nhân đạo ngã khanh tuyệt thế vô.,人道我卿絕世無。
"Ký xưng tuyệt thế vô,",既稱絕世無，
Thiên tử hà bất hoán thủ thủ kinh đô.,天子何不喚取守京都。
"Thiên hạ kỷ nhân hoạ cổ tùng,",天下幾人畫古松，
Tất Hoằng dĩ lão Vi Yển thiểu.,畢宏已老韋偃少。
"Tuyệt bút trường phong khởi tiêm mạt,",絕筆長風起纖末，
Mãn đường động sắc ta thần diệu!,滿堂動色嗟神妙！
"Lưỡng châu thảm liệt đài tiển bì,",兩株慘裂苔蘚皮，
Quật thiết giao thác hồi cao chi.,屈鐵交錯回高枝。
"Bạch tồi hủ cốt long hổ tử,",白摧朽骨龍虎死，
Hắc nhân thái âm lôi vũ thuỳ.,黑人太陰雷雨垂。
"Tùng căn Hồ tăng khế tịch mịch,",松根胡僧憩寂寞，
Bàng my hạo thủ vô trú trước.,龐眉皓首無住著。
"Thiên đản hữu khiên lộ song cước,",偏袒右肩露雙腳，
Diệp lý tùng tử tăng tiền lạc.,葉裡松子僧前落。
"Vi hầu, Vi hầu, sổ tương kiến?",韋侯韋侯數相見，
"Ngã hữu nhất thất hảo đông quyên,",我有一匹好東絹，
Trọng chi bất giảm cẩm tú đoạn.,重之不減錦繡段。
"Dĩ linh phất thức quang lăng loạn,",已令拂拭光淩亂，
Thỉnh công phóng bút vi trực cán.,請公放筆為直幹。
"Tam nguyệt thập nhật xuân mông mông,",三月十日春濛濛，
Mãn giang hoa vũ thấp đông phong.,滿江花雨濕東風。
"Mỹ nhân doanh doanh yên vũ lý,",美人盈盈煙雨里，
Xướng triệt hồ yên dữ hồ thuỷ.,唱徹湖煙與湖水。
"Thuỷ thiên hồng nữ hốt đương môn,",水天虹女忽當門，
Ngọ quang xuyên lậu hải hà quần.,午光穿漏海霞裙。
"Mỹ nhân lăng không nhiếp phi bộ,",美人凌空躡飛步，
Bộ thướng sơn đầu Tiểu Chân mộ.,步上山頭小真墓。
"Hoa Dương lão tiên hải thượng lai,",華陽老仙海上來，
Ngũ Hồ thổ nạp chưởng trung bôi.,五湖吐納掌中杯。
"Bảo sơn khô thiền khai mính uyển,",寶山枯禪開茗碗，
Mộc kình hống bãi thôi hoa bản.,木鯨吼罷催花板。
"Lão tiên tuý bút thạch lan tây,",老仙醉筆石欄西，
Nhất phiến phi hoa lạc phấn đề.,一片飛花落粉題。
"Bồng Lai cung trung hoa báo sứ,",蓬萊宮中花報使，
Hoa tín minh triêu nhị thập tứ.,花信明朝二十四。
"Lão tiên cánh thí Thục ma tiên,",老仙更試蜀痲牋，
Tả tận xuân sầu Tử Dạ thiên.,寫盡春愁子夜篇。
"Cửu thập xuân quang nhất trịch thoa,",九十春光一擲梭，
Hoa tiền chước tửu xướng cao ca.,花前酌酒唱高歌。
Chi thượng hoa khai năng kỷ nhật?,枝上花開能幾日，
Thế thượng nhân sinh năng kỷ hà?,世上人生能幾何。
"Tạc triêu hoa thắng kim triêu hảo,",昨朝花勝今朝好，
Kim triêu hoa lạc thành thu thảo.,今朝花落成秋草。
"Hoa tiền nhân thị khứ niên thân,",花前人是去年身，
Khứ niên nhân tỷ kim niên lão.,去年人比今年老。
"Kim nhật hoa khai hựu nhất chi,",今日花開又一枝，
Minh nhật lai khan tri thị thuỳ?,明日來看知是誰？
Minh niên kim nhật hoa khai phủ?,明年今日花開否？
Kim nhật minh niên thuỳ đắc tri?,今日明年誰得知。
"Thiên thời bất trắc đa phong vũ,",天時不測多風雨，
Nhân sự nan lường đa thư ngữ.,人事難量多齟齬。
"Thiên thời nhân sự lưỡng bất tề,",天時人事兩不齊，
Mạc bả xuân quang phó lưu thuỷ.,莫把春光付流水。
"Hảo hoa nan chủng bất trường khai,",好花難種不長開，
Thiếu niên dị lão bất trùng lai.,少年易老不重來。
"Nhân sinh bất hướng hoa tiền tuý,",人生不向花前醉，
Hoa tiếu nhân sinh giã thị ngai.,花笑人生也是呆。
"Cửu địa hà tu nhất ngoã quan,",九地何須一瓦棺，
Danh năng bất hủ độc tao đàn.,名能不朽獨騷壇。
"Sắc không không sắc tùng lai huyễn,",色空空色從來幻，
Bất tín Nam Hoa thức nhất quan.,不信南華識一觀。
"Tương phùng thả mạn vấn xuân thu,",相逢且漫問春秋，
Sở quý nam nhi túc vị thù.,所貴南兒夙未酬。
"Lãng tiếu thế gian nhân huý tử,",浪笑世間人諱死，
Mạc nhiên tịnh tiết cánh thuỳ trù.,邈然靖節更誰儔。
"Quan đầu mộng giác vị thành chân,",關頭夢觉未成眞，
Do hướng nhân hoàn điệt chủ tân.,猶向人寰迭主賓。
"Chính khí túng nhiên hoàn tuyển hoá,",正氣縱然還選化，
Dã vô đại hoạn dã vô thân.,也無大患也無身。
"Tử sinh hữu mệnh cổ nhi nhiên,",死生有命古而然，
Duy thị bành thương tổng tượng tiên.,維是彭殤總象先。
"Chí nghiệp tự ngô tu tố đáo,",志業自吾須做到，
Trần tiêu khước bộ cánh giai tiền.,塵消却步更皆前。
"Thành thượng nguy lâu cao phiếu diểu,",城上危樓高縹緲，
Thành hạ trừng giang phục tương nhiễu.,城下澄江復相繞。
"Hữu thời dạng ảnh nhập trung lưu,",有時漾影入中流，
Phủ khán du ngư ngưỡng phi điểu.,俯看游魚仰飛鳥。
"Cận lâu đa thiểu vị hành chu,",近樓多少未行舟，
Mãn giang lạc hoa sái đinh châu.,滿江落花灑汀洲。
"Nhân đồng giang hiệp bất phạ lãng,",人同江狎不怕浪，
Đăng lâu đối tửu đàn không hầu.,登樓對酒彈箜篌。
"Đại Biệt sơn đầu bạch vân khởi,",大別山頭白雲起，
Kim Khẩu độ biên vũ như tẩy.,金口渡邊雨如洗。
"Bán câu tân nguyệt thướng cô thành,",半鉤新月上孤城，
Hoàn chiếu cao lâu dữ giang thuỷ.,還照高樓與江水。
"Tình giang y cựu tả Tầm Dương,",晴江依舊瀉潯陽，
Hoàng hạc vô do quy cố hương.,黃鶴無由歸故鄉。
"Nhất thanh ngọc địch khởi hà xứ,",一聲玉笛起何處，
Yến phác lan can hoa ảnh trường.,燕撲闌干花影長。
"Phụ vũ thiên doanh tí giác đoan,",負羽千營臂角端，
Bình minh quyển mạc bắc phong hàn.,平明卷幕北風寒。
"Thanh thiên tây quải Hoàng Hà thuỷ,",青天西掛黃河水，
Lập mã trường du tái ngoại khan.,立馬長榆塞外看。
"Hoàng Hà liễu nhiễu mạc nam san,",黃河繚繞漠南山，
Thu tận Bồ Xương nhạn tận hoàn.,秋盡蒲昌鴈盡還。
"Vạn lý bạch vân phi bất khứ,",萬里白雲飛不去，
Triêu triêu trường kết Ngọc Môn quan.,朝朝長結玉門關。
Quân bất kiến:,君不見：
Hải thượng bạch ba như bạch đầu.,海上白波如白頭，
Nộ phong hám phá vạn hộc châu.,怒風撼破萬斛舟。
"Lôi khu điện bác hãi nhân mục,",雷驅電搏駭人目，
Trung hữu điểm điểm phù khinh âu.,中有點點浮輕鷗。
"Hải khí quyển sơn, sơn như chỉ,",海氣捲山山如指，
"Sơn bắc, sơn nam thiên vạn lý.",山北山南千萬里。
Công danh nhất lộ kỷ nhân nhàn?,功名一路幾人閒？
Quan cái phân phân ngã hành hỹ!,冠蓋紛紛我行矣。
"Nhai đông nhai tây giảng Phật kinh,",街東街西講佛經，
Tràng chung xuy loa náo cung đình.,撞鍾吹螺鬧宮庭。
"Quảng trương phúc tội tư dụ hiếp,",廣張福罪資誘脅，
Thính chúng hiệp kháp bài phù bình.,聽眾狎恰排浮萍。
"Hoàng y đạo sĩ diệc giảng thuyết,",黃衣道士亦講說，
Toà hạ liêu lạc như minh tinh.,座下寥落如明星。
"Hoa sơn nữ nhi gia phụng đạo,",華山女兒家奉道，
Dục khu dị giáo quy tiên linh.,欲驅異教歸仙靈。
"Tẩy trang thức diện trước quan bí,",洗妝拭面著冠帔，
Bạch yết hồng giáp trường mi thanh.,白咽紅頰長眉青。
"Toại lai thăng toà diễn chân quyết,",遂來升座演真訣，
Quan môn bất hứa nhân khai quynh.,觀門不許人開扃。
"Bất tri thuỳ nhân ám tương báo,",不知誰人暗相報，
Hoanh nhiên chấn động như lôi đình.,訇然振動如雷霆。
"Tảo trừ chúng tự nhân tích tuyệt,",掃除眾寺人跡絕，
Hoa lưu tái lộ liên truy bình.,驊騮塞路連輜軿。
"Quan trung nhân mãn toạ quan ngoại,",觀中人滿坐觀外，
Hậu chí vô địa vô do thính.,後至無地無由聽。
"Trừu thoa thoát xuyến giải hoàn bội,",抽釵脫釧解環珮，
Đôi kim điệp ngọc quang thanh huỳnh.,堆金疊玉光青熒。
Thiên môn quý nhân truyền chiếu triệu:,天門貴人傳詔召：
“Lục cung nguyện thức suất nhan hình”.,六宮願識帥顏形。
"Ngọc hoàng lãnh thủ hứa quy khứ,",玉皇領首許歸去，
Thừa long giá hạc lai thanh minh.,乘龍駕鶴來青冥。
"Hào gia thiếu niên khởi tri đạo,",豪家少年豈知道，
Lai nhiễu bách tạp cước bất đình.,來繞百匝腳不停。
"Vân song vụ các sự hoảng hốt,",雲窗霧閣事慌惚，
Trùng trùng thuý mạn thâm kim bình.,重重翠幔深金屏。
"Tiên thê nan phan tục duyên trọng,",仙梯難攀俗緣重，
Lãng bằng thanh điểu thông đinh ninh.,浪憑青鳥通丁寧。
"Hoả sơn đột ngột Xích Đình Khẩu,",火山突兀赤亭口，
Hoả sơn ngũ nguyệt hoả vân hậu.,火山五月火雲厚。
"Hoả vân mãn sơn ngưng vị khai,",火雲滿山凝未開，
Phi điểu thiên lý bất cảm lai.,飛鳥千里不敢來。
"Bình minh sạ trục Hồ phong đoạn,",平明乍逐胡風斷，
Bạc mộ hỗn tuỳ tái vũ hồi.,薄暮渾隨塞雨回。
"Liễu nhiễu tà thôn Thiết Quan thụ,",繚繞斜吞鐵關樹，
Phân uân bán yểm Giao Hà thú.,氛氳半掩交河戍。
"Điều điều chinh lộ hoả sơn đông,",迢迢征路火山東，
Sơn thượng cô vân tuỳ mã khứ.,山上孤雲隨馬去。
"Ức đắc khứ niên xuân phong chí,",憶得去年春風至，
Trung đình đào lý ánh toả song.,中庭桃李映瑣窗。
"Mỹ nhân hiệp sắt đối phương thụ,",美人挾瑟對芳樹，
Ngọc nhan đình đình dữ hoa song.,玉顏亭亭與花雙。
"Kim niên tân hoa như cựu thì,",今年新花如舊時，
Khứ niên mỹ nhân bất tại tư.,去年美人不在茲。
"Tá vấn ly cư hận thâm thiển,",借問离居恨深淺，
Chỉ ưng độc hữu đình hoa tri.,只應獨有庭花知。
"Thực vật chi trung trúc nan tả,",植物之中竹難寫，
Cổ kim tuy hoạ vô tự giả.,古今雖畫無似者。
"Tiêu lang há bút độc bức chân,",蕭郎下筆獨逼真，
Đan thanh dĩ lai duy nhất nhân.,丹青以來唯一人。
"Nhân hoạ trúc thân phì ủng thũng,",人畫竹身肥擁腫，
Tiêu hoạ hành sấu tiết tiết tủng.,蕭畫莖瘦節節竦。
"Nhân hoạ trúc tiêu tử nuy thuỳ,",人畫竹梢死羸垂，
Tiêu hoạ chi hoạt diệp diệp động.,蕭畫枝活葉葉動。
"Bất căn nhi sinh tòng ý sinh,",不根而生從意生，
Bất duẩn nhi thành do bút thành.,不筍而成由筆成。
"Dã đường thuỷ biên kỳ ngạn trắc,",野塘水邊碕岸側，
Sâm sâm lưỡng tùng thập ngũ hành.,森森兩叢十五莖。
"Thuyền quyên bất thất quân phấn thái,",嬋娟不失筠粉態，
Tiêu táp tận đắc phong yên tình.,蕭颯盡得風煙情。
"Cử đầu hốt khan bất tự hoạ,",舉頭忽看不似畫，
Đê nhĩ tĩnh thinh nghi hữu thanh.,低耳靜聽疑有聲。
"Tây tùng thất hành kính nhi kiện,",西叢七莖勁而健，
Tỉnh vấn Thiên Trúc tự tiền thạch thượng kiến.,省問天竺寺前石上見。
"Đông tùng bát hành sơ thả hàn,",東叢八莖疏且寒，
Ức tằng Tương phi miếu lý vũ trung khán.,憶曾湘妃廟裏雨中看。
"U tư viễn tứ thiểu nhân biệt,",幽姿遠思少人別，
Dữ quân tương cố không trường thán.,與君相顧空長嘆。
"Tiêu lang! Tiêu Lang! Lão khả tích,",蕭郎！蕭郎！老可惜，
Thủ đản nhãn hôn đầu tuyết sắc.,手顫眼昏頭雪色。
"Tự ngôn tiện thị tuyệt bút thì,",自言便是絕筆時，
Tòng kim thử trúc vưu nan đắc!,從今此竹尤難得！
"Nhật khứ tây sơn tập trường dạ,",日去西山襲長夜，
Hương Phong chủ nhân trập ngô mã.,香峰主人縶吾馬。
"Thú quân dục quy quy bất đắc,",守君欲歸歸不得，
Thiểu yên minh nguyệt thượng đông xá.,少焉明月上東舍。
"Nguyệt lai tương đối hựu hàm bôi,",月來相對又啣杯，
Khoa đầu khởi hướng ly biên khai.,科頭起向籬邊開。
"Vãng lai thiên cổ tứ đàm luận,",往來千古肆談論，
Ngọc sơn dĩ đồi bất khả bả.,玉山已頹不可把。
"Phủ ngưỡng thiên địa giai mạc tịch,",俯仰天地皆幕席，
Chủ nhân vô tâm khách diệc phả.,主人無心客亦叵。
"Hoàng hoa tận vị tuý ông khai,",黃花盡為醉翁開，
Vạn hộc thanh hương hữu phục tả.,萬斛清香右復左。
"Sứ quân phiêu nhiên thừa mã quy,",使君飄然乘馬歸，
Chủ nhân bất lưu tống chi dã.,主人不留送之也。
"Quy lai minh nguyệt chính đương đầu,",歸來明月正當頭，
Giải y phục hướng thiềm doanh ngoạ.,解衣復向簷楹臥。
"Bất tri thân hoá tác Hương Phong,",不知身化作香峰，
Giác tắc cự cự nhiên ngô dã.,覺則遽遽然吾也。
"Hồ Châu khê thuỷ xuyên thành quách,",湖州溪水穿城郭，
Bạng thuỷ nhân gia khởi lâu các.,傍水人家起樓閣。
"Xuân phong thuỳ liễu lục hiên song,",春風垂柳綠軒窗，
Tế vũ phi hoa thấp liêm mạc.,細雨飛花濕帘幕。
"Tứ nguyệt ngũ nguyệt nam phong lai,",四月五月南風來，
Đương môn xứ xứ kỵ hà khai.,當門處處芰荷開。
"Ngô cơ hoạ phảng tiểu vu hộc,",吳姬畫舫小于斛，
Đãng tương xuất thành duyên nguyệt hồi.,蕩槳出城沿月回。
"Cô bồ lãng thâm mê bạch trữ,",菰蒲浪深迷白紵，
Hữu thời cách hoa văn tiếu ngữ.,有時隔花聞笑語。
"Lý ngư phong khởi yến phi tà,",鯉魚風起燕飛斜，
Lăng ca thanh nhập uyên ương chử.,菱歌聲入鴛鴦渚。
"Quân bất văn Hồ già thanh tối bi,",君不聞胡笳聲最悲，
Tử nhiêm lục nhãn Hồ nhân xuy.,紫髯綠眼胡人吹。
"Xuy chi nhất khúc do vị liễu,",吹之一曲猶未了，
Sầu sát Lâu Lan chinh thú nhi.,愁殺樓蘭征戍兒。
"Lương thu bát nguyệt Tiêu quan đạo,",涼秋八月蕭關道，
Bắc phong xuy đoạn Thiên sơn thảo.,北風吹斷天山草。
"Côn Lôn sơn nam nguyệt dục tà,",昆侖山南月欲斜，
Hồ nhân hướng nguyệt xuy Hồ già.,胡人向月吹胡笳。
"Hồ già oán hề tương tống quân,",胡笳怨兮將送君，
Tần sơn dao vọng Lũng sơn vân.,秦山遙望隴山雲。
"Biên thành dạ dạ đa sầu mộng,",邊城夜夜多愁夢，
Hướng nguyệt Hồ già thuỳ hỷ văn.,向月胡笳誰喜聞。
"Hỗn độn dĩ lai bất khả sổ,",渾沌以來不可數，
Vạn bát thiên tuế sinh Bàn Cổ.,萬八千歲生盤古。
"Nhân uân nãi tại quyền thạch gian,",絪縕乃在拳石間，
Quang quái tiềm thông lạc tinh chử.,光怪潛通落星渚。
"Lai tòng Ngư Phúc nhân tận nhạ,",來從魚腹人盡訝，
Toạ niệm Vũ Hầu tâm độc khổ.,坐念武侯心獨苦。
"Bát trận đồ thành khấp quỷ thần,",八陣圖成泣鬼神，
Tam giang thạch chuyển điêu hàn thử.,三江石轉凋寒暑。
"Thương ba phún tẩm viên thả kiên,",蒼波噴浸圓且堅，
Kê tử kết thành sinh lý toàn.,雞子結成生理全。
"Cửu đương hoá điểu phi vi quái,",久當化鳥非為怪，
Khuyển vị thành dương diệc khả tiên.,犬未成羊亦可仙。
"Ngọc tinh ẩn nguyệt tương chiếu xạ,",玉精隱月相照射，
Kim dịch lưu hà phân nhiễu triền.,金液流霞紛繞纏。
"Khinh thanh dĩ phán trung hoàng ngoại,",輕清已判中黃外，
Nguyên khí do hàm thái tố tiền.,元氣猶含太素前。
"Anh hùng sự vãng duy tồn thạch,",英雄事往唯存石，
Thiên hành địa trục kim thuỳ thức.,天衡地軸今誰識。
"Giang thượng thường nghi vụ vũ hàn,",江上嘗疑霧雨寒，
Toạ trung hốt khủng phong lôi hắc.,坐中欻恐風雷黑。
"Ma sa trực như kiến minh hãnh,",摩挲直如見溟涬，
Vị trí khởi khẳng đồng sa lịch.,位置豈肯同沙礫。
"Trường lộ tương tương phất kiếm tuỳ,",長路相將拂劍隨，
Thiên âm vật sử tinh linh đắc.,天陰勿使精靈得。
"Khứ niên yến sào chủ nhân ốc,",去年燕巢主人屋，
Kim niên hoa phát lộ bàng chi.,今年花發路傍枝。
"Niên niên vi khách bất đáo xá,",年年為客不到舍，
Cựu quốc tồn vong na đắc tri.,舊國存亡那得知。
"Hồ trần nhất khởi loạn thiên hạ,",胡塵一起亂天下，
Hà xứ xuân phong vô biệt ly.,何處春風無別離。
"Thiên mê quan, địa mê hộ,",天迷關，地迷戶，
"Đông long bạch nhật, tây long vũ.",東龍白日西龍雨。
"Chàng chung ẩm tửu sầu hải phiên,",撞鐘飲酒愁海翻，
Bích hoả xuy sào song trát dũ.,碧火吹巢雙猰貐。
"Chiếu thiên vạn cổ vô nhị ô,",照天萬古無二烏，
Tàn tinh phá nguyệt khai thiên dư.,殘星破月開天余。
"Toạ trung hữu khách thiên tử khí,",座中有客天子氣，
Tả cổ thất thập nhị tử liên minh châu.,左股七十二子連明珠。
"Quân thanh thập vạn chấn ốc ngoã,",軍聲十萬振屋瓦，
Bạt kiếm đương nhân diện như giả.,拔劍當人面如赭。
"Tướng quân hạ mã lực bạt san,",將軍下馬力拔山，
Khí quyển Hoàng Hà tửu trung tả.,氣卷黃河酒中瀉。
"Kiếm quang thượng thiên hàn tuệ tàn,",劍光上天寒彗殘，
Minh triêu hoạch địa phân hà san.,明朝畫地分河山。
"Tướng quân hô long tương khách tẩu,",將軍呼龍將客走，
Thạch phá thanh thiên chàng ngọc đẩu.,石破青天撞玉斗。
"Hồng tuyến thảm,",紅線毯，
"Trạch kiển sào ty thanh thuỷ chử,",擇繭繅絲清水煮，
Giản ty luyện tuyến hồng lam nhiễm.,揀絲練線紅藍染。
"Nhiễm vi hồng tuyến hồng vu hoa,",染為紅線紅于花，
Chức tác Phi Hương điện thượng thảm.,織作披香殿上毯。
"Phi Hương điện quảng thập dư trượng,",披香殿廣十余丈，
Hồng tuyến chức thành khả điện phô.,紅線織成可殿鋪。
"Thái ty nhung nhung hương phất phất,",彩絲茸茸香拂拂，
Tuyến nhuyễn hoa hư bất thắng vật.,線軟花虛不勝物。
"Mỹ nhân đạp thượng lai ca vũ,",美人踏上來歌舞，
La miệt tú hài tuỳ bộ một.,羅襪繡鞋隨步沒。
"Thái Nguyên thảm sáp thuế lũ ngạnh,",太原毯澀毳縷硬，
Thục đô nhục bạc cẩm hoa lãnh.,蜀都褥薄錦花冷。
"Bất như thử thảm ôn thả nhu,",不如此毯溫且柔，
Niên niên thập nguyệt lai Tuyên châu.,年年十月來宣州。
"Tuyên châu thái thú gia dạng chức,",宣州太守加樣織，
Tự vị vi thần năng kiệt lực.,自謂為臣能竭力。
"Bách phu đồng đảm tiến cung trung,",百夫同擔進宮中，
Tuyến hậu ty đa quyển bất đắc.,線厚絲多卷不得。
Tuyên châu thái thú tri bất tri?,宣州太守知不知？
"Nhất trượng thảm, thiên lưỡng ty,",一丈毯，千兩絲，
"Địa bất tri hàn nhân yếu noãn,",地不知寒人要暖，
Thiểu đoạt nhân y tác địa y.,少奪人衣作地衣。
"Thu phong huất hấp xuy nam quốc,",秋風欻吸吹南國，
Thiên địa thảm thảm vô nhan sắc.,天地慘慘無顏色。
"Động Đình dương ba Giang Hán hồi,",洞庭揚波江漢回，
Hổ Nha đồng trụ giai khuynh trắc.,虎牙銅柱皆傾側。
"Vu Giáp âm sầm sóc mạc khí,",巫峽陰岑朔漠氣，
Phong loan yểu điệu khê cốc hắc.,峰巒窈窕溪谷黑。
"Đỗ quyên bất lai viên dứu hàn,",杜鵑不來猿狖寒，
Sơn quỉ u ưu tuyết sương bức.,山鬼幽憂雪霜逼。
"Sở lão trường ta ức viêm chướng,",楚老長嗟憶炎瘴，
Tam xích giác cung lưỡng hộc lực.,三尺角弓兩斛力。
"Bích lập thạch thành hoành tái khởi,",壁立石城橫塞起，
Kim thố tinh can mãn vân trực.,金錯旌竿滿雲直。
"Ngư Dương đột kỵ lạp thanh khâu,",漁陽突騎獵青丘，
Khuyển Nhung toả giáp văn đan cực.,犬戎鎖甲聞丹極。
Bát hoang thập niên phòng đạo tặc.,八荒十年防盜賊，
"Chinh thú tru cầu quả thê khốc,",征戍誅求寡妻哭，
Viễn khách trung tiêu lệ triêm ức.,遠客中宵淚沾臆。
"Dạ toạ bất yếm hồ thượng nguyệt,",夜坐不厭湖上月，
Trú hành bất yếm hồ thượng san.,晝行不厭湖上山。
"Nhãn tiền nhất tôn hựu trường mãn,",眼前一尊又長滿，
Tâm trung vạn sự như đẳng nhàn.,心中萬事如等閑。
"Chủ nhân hữu thử bách dư thạch,",主人有黍百餘石，
Trọc dao sổ đẩu ưng bất tích.,濁醪數斗應不惜。
"Tức kim tương đối bất tận hoan,",即今相對不盡歡，
Biệt hậu tương tư phục hà ích.,別後相思復何益。
"Thù Du loan đầu quy lộ xa,",茱萸灣頭歸路賒，
Nguyện quân thả túc Hoàng công gia.,願君且宿黃公家。
"Phong quang nhược thử nhân bất tuý,",風光若此人不醉，
Sâm si cô phụ đông viên hoa.,參差辜負東園花。
"Thương giang ngư tử thanh thần tập,",蒼江魚子清晨集，
Thiết võng đề cương vạn ngư cấp.,設網提綱萬魚急。
"Năng giả thao chu tật nhược phong,",能者操舟疾若風，
Sanh đột ba đào đĩnh xoa nhập.,撐突波濤挺叉入。
"Tiểu ngư thoát lậu bất khả ký,",小魚脫漏不可記，
Bán tử bán sinh do tập tập.,半死半生猶戢戢。
"Đại ngư thương tổn giai thuỳ đầu,",大魚傷損皆垂頭，
Quật cường nê sa hữu thì lập.,屈強泥沙有時立。
"Đông tân quan ngư dĩ tái lai,",東津觀魚已再來，
Chủ nhân bãi khoái hoàn khuynh bôi.,主人罷鱠還傾杯。
"Nhật mộ giao long cải quật huyệt,",日暮蛟龍改窟穴，
Sơn căn chiên vị tuỳ vân lôi.,山根鱣鮪隨雲雷。
"Can qua binh cách đấu vị chỉ,",干戈兵革鬥未止，
Phụng hoàng kỳ lân an tại tai.,鳳凰麒麟安在哉。
"Ngô đồ hồ vi túng thử lạc,",吾徒胡為縱此樂，
Bạo điễn thiên vật thánh sở ai.,暴殄天物聖所哀。
"Cố nhân tích ẩn Đông Mông phong,",故人昔隱東蒙峰，
Dĩ bội hàm cảnh thương tinh long.,已佩含景蒼精龍。
"Cố nhân kim cư Tí Ngọ cốc,",故人今居子午谷，
Độc tại âm nhai kết mao ốc.,獨在陰崖結茅屋。
"Ốc tiền thái cổ Huyền Đô đàn,",屋前太古玄都壇，
Thanh thạch mạc mạc thường phong hàn.,青石漠漠常風寒。
"Tử quy dạ đề sơn trúc liệt,",子規夜啼山竹裂，
Vương Mẫu trú há vân kỳ phiên.,王母晝下雲旗翻。
"Tri quân thử kế thành trường vãng,",知君此計成長往，
"Chi thảo, lang can nhật ưng trưởng.",芝草琅玕日應長。
"Thiết toả cao thuỳ bất khả phan,",鐵鎖高垂不可攀，
Trí thân phúc địa hà tiêu sảng.,致身福地何蕭爽。
"Xương Môn nữ nhi trang kế khinh,",閶門女兒糚髻輕，
Thập tam thập tứ học ngân tranh.,十三十四學銀箏。
"Hành nhân bất giải ti trung ngữ,",行人不解絲中語，
Đô đạo Dương Quan tống biệt thanh.,都道陽關送別聲。
"Kim Lăng vọng trung sơn mạt yên,",金陵望中山抹煙，
Thiết Úng thành đầu lãng phách thiên.,鐵甕城頭浪拍天。
"Cư nhân tận thuyết phong ba ác,",居人盡說風波惡，
Giang khẩu hà thời bất phóng thuyền.,江口何時不放船。
"Nhật lạc Từ hà thuỷ loạn lưu,",日落徐河水亂流，
Cao thành truỳ thác lậu thanh sầu.,高城椎柝漏聲愁。
"Tương phùng dục giải san hô quyết,",相逢欲解珊瑚玦，
Bất kiến hồ cơ cựu tửu lâu.,不見胡姬舊酒樓。
"Tế hà bắc lưu phục nam lưu,",濟河北流復南流，
Hành đáo Thiên Tân nam bắc sầu.,行到天津南北愁。
"Nhân sinh thuận nghịch tuy hữu phận,",人生順逆雖有分，
Nại khả thử thân cư thượng du.,耐可此身居上游。
"Kết trường kết trường nhẫn cánh văn,",結腸結腸忍更聞，
Thiếp niên thập lục sơ thị quân.,妾年十六初侍君。
"Phụ giã tảo thệ mẫu độc tồn,",父也早逝母獨存，
Vị quân sinh tử kim hữu tôn.,為君生子今有孫。
"Tích tẩu Sở Việt mại Yên Tần,",昔走楚越邁燕秦，
Vạn lý quân ninh tuất phụ nhân?,萬里君寧恤婦人。
"Ngoại hảo bất bổ trung khổ tân,",外好不補中苦辛，
Trung niên đắc quy kế vĩnh cửu.,中年得歸計永久。
"Mệnh giã bách bệnh toản thiếp thân,",命也百病攢妾身，
Ngôn tất ý vi thời phản thần.,言畢意違時反唇。
"Thiếp phỉ vô ngỗ quân đa sân,",妾匪無迕君多嗔，
Trung trường kết khúc nan vi từ.,中腸結曲難為辭。
Sinh ký nan minh tử cự tri?,生既難明死詎知？
"Thiên kết vạn kết vị quân nhĩ,",千結萬結為君爾，
Quân bất tri thiếp trường tại thử.,君不知妾腸在此。
"Thu phong xuy địa bách thảo can,",秋風吹地百草幹，
Hoa dung bích ảnh sinh vãn hàn.,華容碧影生晚寒。
"Ngã đương nhị thập bất đắc ý,",我當二十不得意，
Nhất tâm sầu tạ như khô lan.,一心愁謝如枯蘭。
"Y như phi thuần mã như cẩu,",衣如飛鶉馬如狗，
Lâm kỳ kích kiếm sinh đồng hống.,臨岐擊劍生銅吼。
"Kỳ đình hạ mã giải thu y,",旗亭下馬解秋衣，
Thỉnh thế Nghi Dương nhất hồ tửu.,請貰宜陽一壺酒。
"Hồ trung hoán thiên vân bất khai,",壺中喚天雲不開，
Bạch trú vạn lý nhàn thê mê.,白晝萬里閒悽迷。
"Chủ nhân khuyến ngã dưỡng tâm cốt,",主人勸我養心骨，
Mạc thâu tục vật tương điền hôi.,莫受俗物相填豗。
Bộc bố chi thuỷ nguyên hà lai?,瀑布之水源何來？
Hoạch nhiên há liệt trường phong khai.,劃然下裂長峰開。
"Hạ sĩ mục hãi tự thiên lạc,",下士目駭自天落，
Tuyệt đính nãi hữu thiên bàn hồi.,絕頂乃有千盤回。
"Thanh sơn đoạn khuyết tủng Song Kiếm,",青山斷缺聳雙劍，
Nguyên khí trực tả nham đầu tồi.,元氣直瀉岩頭摧。
"Phi lưu dĩ xuất bất khẳng há,",飛流已出不肯下，
Nhất tuyến trung chiết phân oanh hồi.,一線中折分瀠洄。
"Ẩn hiện sổ chiết súc tinh nhuệ,",隱現數折蓄精銳，
Thất thế nhất lạc như bôn lôi.,失勢一落如奔雷。
"Khiêu ba loạn kích đàm thuỷ lập,",跳波亂擊潭水立，
Quái vật tiềm phục ninh kỳ tai.,怪物潛伏寧鬐顋。
"Âm thanh khoảnh khắc trục thiên biến,",音聲頃刻逐千變，
Vạn mã phó địch kim bề thôi.,萬馬赴敵金鼙催。
"Thiên quang bán bích chiếu không cốc,",天光半壁照空谷，
Thử địa vạn cổ vô âm mai.,此地萬古無陰霾。
"Hàm ha tích tuyết quải thiên nhận,",谽谺積雪掛千仞，
Sơn trung viên hạc do kinh sai.,山中猿鶴猶驚猜。
"Ngân hoa há tán bố thuỷ đài,",銀花下散布水臺，
Hỗn độn tạc phá sơn căn ôi.,混沌鑿破山根隈。
"Phách khoa đại tự tẩy bất tận,",擘窠大字洗不盡，
Thiết hoạch mãn địa tuyên thanh đài.,鐵畫滿地鐫青苔。
"Thái Bạch dĩ vãng Lão Pha tử,",太白已往老坡死，
Ngã bối thả phạp Từ Ngưng tài.,我輩且乏徐凝才。
"Ác thi tẩu bút bất cảm tả,",惡詩走筆不敢寫，
San đình chử cấp thiêu tùng thoa.,山亭煮汲燒松釵。
"Minh triêu trúc trượng thanh mang hài,",明朝竹杖青芒鞋，
Lăng phong đạp toái yên vân đôi.,凌風踏碎煙雲堆。
"Phi tuyền Tam Điệp tuyệt ỷ bạng,",飛泉三疊絕倚傍，
Toạ quan nhất tẩy trần phân hoài.,坐觀一洗塵氛懷。
"Thiên thượng phù vân như bạch y,",天上浮雲如白衣，
Tư tu cải biến như thương cẩu.,斯須改變如蒼狗。
"Cổ vãng kim lai cộng nhất thì,",古往今來共一時，
Nhân sinh vạn sự vô bất hữu.,人生萬事無不有。
"Cận giả quyết nhãn khứ kỳ phu,",近者抉眼去其夫，
Hà Đông nữ nhi thân tính Liễu.,河東女兒身姓柳。
"Trượng phu chính sắc động dẫn kinh,",丈夫正色動引經，
Phong Thành khách tử Vương Quý Hữu.,酆城客子王季友。
"Quần thư vạn quyển thường ám tụng,",群書萬卷常暗誦，
Hiếu kinh nhất thông khán tại thủ.,孝經一通看在手。
"Bần cùng lão sấu gia mại kịch,",貧窮老瘦家賣屐，
Hảo sự tựu chi vi huề tửu.,好事就之為攜酒。
"Dự Chương thái thú cao đế tôn,",豫章太守高帝孫，
Dẫn vi tân khách kính pha cửu.,引為賓客敬頗久。
"Văn đạo tam niên vị tằng ngữ,",聞道三年未曾語，
Tiểu tâm khủng cụ bế kỳ khẩu.,小心恐懼閉其口。
"Thái thú đắc chi cánh bất nghi,",太守得之更不疑，
Nhân sinh phản phục khán diệc xú.,人生反復看亦醜。
"Minh nguyệt vô hà khởi dung dị,",明月無瑕豈容易，
Tử khí uất uất do xung đấu.,紫氣鬱鬱猶沖鬥。
"Thì nguy khả trượng chân hào tuấn,",時危可仗真豪俊，
Nhị nhân đắc trí quân trắc phủ.,二人得置君側否。
"Thái thú khoảnh giả lĩnh Sơn Nam,",太守頃者領山南，
Bang nhân tứ chi tỷ phụ mẫu.,邦人思之比父母。
"Vương sinh tảo tằng bái nhan sắc,",王生早曾拜顏色，
Cao sơn chi ngoại giai bồi lũ.,高山之外皆培塿。
"Dụng vi hy hoà thiên vi thành,",用為羲和天為成，
Dụng bình thuỷ thổ địa vi hậu.,用平水土地為厚。
"Vương dã luận đạo trở giang hồ,",王也論道阻江湖，
Lý dã thừa nghi khoáng tiền hậu.,李也丞疑曠前後。
"Tử vi tinh thần chung bất diệt,",死為星辰終不滅，
Trí quân nghiêu thuấn yên khẳng hủ.,致君堯舜焉肯朽。
"Ngô bối lục lục bão phạn hành,",吾輩碌碌飽飯行，
Phong hậu lực mục trường hồi thủ.,風後力牧長回首。
"Trắc Lương Phủ hề mã huỷ tuỳ,",陟梁甫兮馬虺隋，
Đảm Thái Sơn hề vân bất khai.,膽泰山兮雲不開。
"Vân bất khai hề nhật mạc vũ,",雲不開兮日莫雨，
Hồi vọng Lỗ hề thệ hà sở.,回望魯兮逝何所。
"Tam thập sinh nam bất giải ái,",三十生男不解愛，
Phả yếm thế gian nhi nữ thái.,頗厭世間兒女態。
"Niên lai bão nữ tâm thậm lân,",年來抱女心甚憐，
Khước hối tòng tiền không khảng khái.,卻悔從前空慷慨。
"Nữ sinh nhất tuế my mục dương,",女生一歲眉目揚，
Tiếu chỉ huynh tỷ la thành hàng.,笑指兄姊羅成行。
"Kính lý kiều đề ánh song dũ,",鏡裏嬌啼映窗牖，
Sàng tiền học bộ khiển y thường.,床前學步遣衣裳。
"Xuân phong xuy hồn hồn bất trụ,",春風吹魂魂不住，
Lai tòng hà lai khứ hà khứ.,來從何來去何去。
"Cẩm bảo tằng chiêm mộng nguyệt thì,",錦褓曾占夢月時，
Ngọc tiền hựu khốc mai hương xứ.,玉錢又哭埋香處。
"Càn khôn đắc thất an hữu bằng,",乾坤得失安有憑，
Tạc nhật lạc cực kim ai sinh.,昨日樂極今哀生。
"Thường quái tha nhân bất khoái ý,",常怪他人不快意，
Nãi tri ngã bối chân chung tình.,乃知我輩真鍾情。
"Hoàng thiên năng sinh diệc năng tử,",皇天能生亦能死，
Tạo vật lộng nhân mỗi như thử.,造物弄人每如此。
"Vân tán vân ngưng diệc ngẫu nhiên,",雲散雲凝亦偶然，
Hoa khai hoa tạ duyên hà sự?,花開花謝緣何事?
"Phụ nhân tính si hoàn quá thương,",婦人性癡還過傷，
Bôn tẩu khiếu hào như bệnh cuồng.,奔走叫號如病狂。
"Tác thi thị thê kiêm tự giải,",作詩示妻兼自解，
Chuyển kiến nhân gian phụ mẫu trường.,轉見人間父母腸。
"Hữu đệ hữu đệ thuần thả lương,",有弟有弟純且良，
Phú mệnh nhất sinh ly đa ương.,賦命一生罹多殃。
"Sinh hài lục nguyệt mẫu từ thế,",生孩六月母辭世，
Oa oa khổ đề thu dạ trường.,呱呱苦啼秋夜長。
"Nhũ ngã lão ảo kiến chi thán,",乳我老媼見之歎，
Cúc dục thổ bộ bất ly sàng.,鞠育吐哺不離牀。
"Ô hô nhất ca hề ca thuỷ phát,",嗚呼一歌兮歌始發，
Sầu vân thê thê phong táp táp.,愁雲淒淒風颯颯。
"Hồng nhan trúc mã niên thiếu thì,",紅顏竹馬年少時，
Độc thư thông tuệ nhân xưng kỳ.,讀書聰慧人稱奇。
"Thái y lộng sồ nhật vi lạc,",彩衣弄雛日為樂，
Từ phụ ái nhĩ quá quần nhi.,慈父愛爾過群兒。
"Khởi kỳ trung đạo phụ cáo một,",豈其中道父告歿，
Hối dục chi trách ngô khởi từ.,誨育之責吾豈辭。
"Ô hô nhị ca hề ca hứng động,",嗚呼二歌兮歌興動，
Vãng sự thê lương tổng như mộng.,往事淒涼總如夢。
"Nam Ninh vạn lý quan san cách,",南寧萬里關山隔，
Địa giác thiên nhai yểu nam bắc.,地角天涯杳南北。
"Kính tuyết điên phong hướng kỷ hà,",勁雪顛風向幾何，
Tạc nhật phó âm báo tiêu tức.,昨日訃音報消息。
Cùng mâu không trục mộ vân ngưng.,窮眸空逐暮雲凝，
Phi lệ ám tuỳ thu vũ tích.,飛淚暗隨秋雨滴。
"Ô hô tam ca hề ca chuyển thương,",嗚呼三歌兮歌轉傷，
Hồn chiêu bất lai đáo Liêu Dương.,魂招不來到遼陽。
"Nhữ huynh nhữ huynh đồ tự thiết,",汝兄汝兄徒自切，
Vạn hộc sầu hoài hướng thuỳ thuyết.,萬斛愁懷向誰說。
"Nhạn hành tương phân chung hữu kỳ,",雁行相分終有期，
Khởi ý kim vi sinh tử biệt.,豈意今為生死別。
"Nam vọng quan san vị đắc quy,",南望關山未得歸，
Mộng nhập Nam Ninh lệ thành huyết.,夢入南寧淚成血。
"Ô hô tứ ca hề bất nhẫn thính,",嗚呼四歌兮不忍聽，
Thái không thất sắc vân minh minh.,太空失色雲冥冥。
"Sóc phong xuy tuyết sầu vân ngưng,",朔風吹雪愁雲凝，
Ức nhĩ triển chuyển Liêu Dương thành.,憶爾輾轉遼陽城。
"Âm dung tiễu tiễu hoảng như mộng,",音容悄悄恍如夢，
Thư không đốt đốt thần hồn kinh.,書空咄咄神魂驚。
"Nhãn khô lệ tận cánh hà ích,",眼枯淚盡竟何益，
Bỉ thương mặc mặc chung vô tình.,彼蒼默默終無情。
"Ô hô ngũ ca hề ca chuyển cấp,",嗚呼五歌兮歌轉急，
Cô nhạn ai minh nhược tương thất.,孤雁哀鳴若相失。
"Tự thán tử sinh sinh biệt ly,",自歎死生生別離，
Vạn lý độc kiến viêm vân phi.,萬里獨見炎雲飛。
"Hồng nhan nhược đệ phụ ly biệt,",紅顏弱弟負離別，
Du hồn yểu yểu tương an chi.,遊魂杳杳將安之。
"Thệ thuỷ đông lưu bất phục phản,",逝水東流不復返，
Thử hận miên miên vô tận kỳ,此恨綿綿無盡期。
"Ô hô lục ca hề ca cảm kích,",嗚呼六歌兮歌感激，
Tích linh trợ ngã thanh tức tức.,鶺鴒助我聲唧唧。
"Khổ chiến thân tử Mã tướng quân,",苦戰身死馬將軍，
Tự vân Phục Ba chi tử tôn.,自雲伏波之子孫。
"Can qua vị định thất tráng sĩ,",干戈未定失壯士，
Sử ngã thán hận thương tinh hồn.,使我歎恨傷精魂。
"Khứ niên giang nam thảo cuồng tặc,",去年江南討狂賊，
Lâm giang bả tý nan tái đắc.,臨江把臂難再得。
"Biệt thì cô vân kim bất phi,",別時孤雲今不飛，
Thì độc khán vân lệ hoành ức.,時獨看雲淚橫臆。
"Nê ô hậu thổ du nguyệt dư,",泥污后土踰月余，
Tứ nguyệt vũ chí ngũ nguyệt sơ.,四月雨至五月初。
"Thất nhật thất dạ phục bất chỉ,",七日七夜复不止，
Tiền vương cựu thành thị vô mễ.,錢王舊城巿無米。
"Thành trung chi dân bất cơ tử,",城中之民不飢死，
Diệc khủng thành ngoại đạo tặc khởi.,亦恐城外盜賊起。
"Đông lân cao lâu xuy ngọc sinh,",東鄰高樓吹玉笙，
Tiền a đại mã phương hoành hành.,前呵大馬方橫行。
"Uỷ hạng tỵ môn tuyệt triêu phạn,",委巷比門絕朝飯，
Tửu lô nhật trưng thất bách vạn.,酒壚日征七百萬。
"Khúc giang tiêu điều thu khí cao,",曲江蕭條秋氣高，
"Lăng hà khô chiết tuỳ phong đào,",菱荷枯折隨風濤，
Du tử không ta thuỳ nhị mao.,遊子空嗟垂二毛。
"Bạch thạch tố sa diệc tương đãng,",白石素沙亦相蕩，
Ai hồng độc khiếu cầu kỳ tào.,哀鴻獨叫求其曹。
"Tức sự phi kim diệc phi cổ,",即事非今亦非古，
"Trường ca kích việt tiêu lâm mãng,",長歌激越梢林莽，
Tỷ ốc hào hoa cố nan số.,比屋豪華固難數。
"Ngô nhân cam tác tâm tự hôi,",吾人甘作心似灰，
Đệ điệt hà thương lệ như vũ.,弟侄何傷淚如雨。
"Tự đoạn thử sinh hưu vấn thiên,",自斷此生休問天，
"Đỗ Khúc hạnh hữu tang ma điền,",杜曲幸有桑麻田，
Cố tương di trú Nam sơn biên.,故將移住南山邊。
"Đoản y thất mã tuỳ Lý Quảng,",短衣匹馬隨李廣，
Khán xạ mãnh hổ chung tàn niên.,看射猛虎終殘年。
"Giang đầu nhật noãn hoa hựu khai,",江頭日暖花又開，
Giang đông hành khách tâm du tai!,江東行客心悠哉。
"Cao Dương tửu đồ bán điêu lạc,",高陽酒徒半凋落，
Chung Nam sơn sắc không thôi ngôi.,終南山色空崔嵬。
"Thánh đại dã tri vô khí vật,",聖代也知無棄物，
Hầu môn vị tất dụng phi tài.,侯門未必用非才。
"Nhất thuyền minh nguyệt nhất can trúc,",一船明月一竿竹，
Gia trú Ngũ Hồ quy khứ lai.,家住五湖歸去來。
"Sở công hoạ ưng ưng đới giác,",楚公畫鷹鷹戴角，
Sát khí sâm sâm đáo U sóc.,殺氣森森到幽朔。
"Quan giả tham sầu xiết tí phi,",觀者貪愁掣臂飛，
Hoạ sư bất thị vô tâm học.,畫師不是無心學。
"Thử ưng tả chân tại Tả Miên,",此鷹寫真在左綿，
Khước ta chân cốt toại hư truyền.,卻嗟真骨遂虛傳。
"Lương gian yến tước hưu kinh phạ,",梁間燕雀休驚怕，
Diệc vị đoàn không thướng cửu thiên.,亦未摶空上九天。
"Thích xúc hà thích xúc,",刺促何刺促，
Đông gia nghênh hôn tây gia khốc.,東家迎婚西家哭。
"Khốc thanh hưu sử đông gia văn,",哭聲休使東家聞，
Đông gia xa mã phương như vân.,東家車馬方如雲。
"Mãn đường tiếu ngữ khan châu thuý,",滿堂笑語看珠翠，
Giáp đạo phong truyền lan xạ huân.,夾道風傳蘭麝薰。
"Phù vân thướng thiên hoa lạc thụ,",浮雲上天花落樹，
Quân tâm nhất thất vô hồi ngộ.,君心一失無回悟。
"Minh tri khiển thiếp hà sở quy,",明知遣妾何所歸，
Ẩm lệ hành tầm xuất môn lộ.,飲淚行尋出門路。
"Thanh đồng kính diện vô quang thái,",青銅鏡面無光彩，
Thiếp tâm thượng tại dung hoa cải.,妾心尚在容華改。
"Đông gia tân phụ khuynh thành tư,",東家新婦傾城姿，
Tự thiếp tòng tiền sơ giá thì.,似妾從前初嫁時。
"Khứ thu Phù giang mộc lạc thì,",去秋涪江木落時，
Tý thương tẩu mã thuỳ gia nhi.,臂槍走馬誰家兒。
"Đáo kim bất tri bạch cốt xứ,",到今不知白骨處，
Bộ khúc hữu khứ giai vô quy.,部曲有去皆無歸。
"Toại Châu thành trung Hán tiết tại,",遂州城中漢節在，
Toại Châu thành ngoại Ba nhân hy.,遂州城外巴人稀。
"Chiến trường oan hồn mỗi dạ khốc,",戰場冤魂每夜哭，
Không linh dã dinh mãnh sĩ bi.,空令野營猛士悲。
"Đô môn tuế thủ trần bách kỹ,",都門歲首陳百技，
Ngư long quái thú hãn bất bị.,魚龍怪獸罕不備。
"Hà vật thị thượng du thủ nhi,",何物市上游手兒，
Dịch sử sơn quân tác nhi hý.,役使山君作兒戲。
"Sơ dư hổ khuyên lai quảng trường,",初舁虎圈來廣場，
Khuynh thành quan giả như đổ tường.,傾城觀者如堵墻。
"Tứ chu lập sách khiên hổ xuất,",四周立柵牽虎出，
Mao quyền nhĩ tập khí bất dương.,毛拳耳戢氣不揚。
"Tiên liệu hổ tu hổ do thiếp,",先撩虎須虎猶帖，
Dĩ bạng trác địa hổ nhân lập.,以棓卓地虎人立。
"Nhân hô hổ hống thanh như lôi,",人呼虎吼聲如雷，
Nha trảo tùng trung phấn thân nhập.,牙爪叢中奮身入。
"Hổ khẩu nha khai đại như đấu,",虎口呀開大如斗，
Nhân chuyển thung dung thám dĩ thủ.,人轉從容探以手。
"Cánh thoát đầu lô để hổ khẩu,",更脫頭顱抵虎口，
Dĩ đầu tự hổ hổ bất thụ.,以頭飼虎虎不受。
"Hổ thiệt thị nhân như thị cốc,",虎舌舐人如舐穀，
Hốt án hổ tích sất sử hành.,忽按虎脊叱使行。
"Hổ tiện thuân tuần nhiễu lan tẩu,",虎便逡巡繞闌走，
Phiên thân cứ địa xúc đống trần.,翻身踞地蹴凍塵。
"Hồn thân đẩu khai hoa cẩm nhân,",渾身抖開花錦茵，
Bàn hồi vũ thế học hồ toàn.,盤回舞勢學胡旋。
"Tự trương hổ uy thực mỵ nhân,",似張虎威實媚人，
Thiểu yên ngưỡng ngoạ nhược dương tử.,少焉仰臥若佯死。
"Đầu chi dĩ nhục hoắc nhiên khởi,",投之以肉霍然起，
Quan giả nhất tiếu tranh cự tiền.,觀者一笑爭醵錢。
"Nhân ký đắc tiền hổ dao vĩ,",人既得錢虎搖尾，
Nhưng khu nhập khuyên phụ dĩ xu.,仍驅入圈負以趨。
"Thử gian lạc diệc vong sơn cư,",此間樂亦忘山居，
Y nhân hổ nhiệm nhân di sử.,依人虎任人頤使。
"Bạn hổ nhân giai hổ thoá dư,",伴虎人皆虎唾餘，
Ngã quan thử trạng ý tiêu tự.,我觀此狀意消沮。
"Ta nhĩ ban nô diệc hà khổ,",嗟爾斑奴亦何苦！
Bất năng quyết phiền nhĩ bất trí.,不能決蹯爾不智。
"Bất năng phá hạm nhĩ bất vũ,",不能破檻爾不武，
Thử tào nhất sinh y thực nhữ.,此曹一生衣食汝。
"Bỉ khởi hữu lực như Trung Hoàng,",彼豈有力如中黄，
Phục tự Lương Ương năng hỷ nộ.,復似梁鴦能喜怒。
Nhữ đắc tàn xan cứu hề bổ?,汝得殘餐究奚補？
Trành quỷ tu nhan diệc cánh sinh.,倀鬼羞顏亦更生。
"Cựu sơn đồng bạn thảng tương phùng,",舊山同伴倘相逢，
Tiếu nhĩ hành tàng bất như thử.,笑爾行藏不如鼠。
"Khuyến quân nhất trản quân mạc từ,",勸君一醆君莫辭，
"Khuyến quân lưỡng trản quân mạc nghi,",勸君兩醆君莫疑，
Khuyến quân tam trản quân thuỷ tri.,勸君三醆君始知。
"Diện thượng kim nhật lão tạc nhật,",面上今日老昨日，
Tâm trung tuý thì thắng tỉnh thì.,心中醉時勝醒時。
"Thiên địa điều dao tự trường cửu,",天地迢遙自長久，
Bạch thố xích ô tương sấn tẩu.,白兔赤烏相趁走。
"Thân hậu đôi kim trụ Bắc Đẩu,",身後堆金拄北斗，
Bất như sinh tiền nhất tôn tửu.,不如生前一樽酒。
Quân bất kiến:,君不見：
"Xuân Minh môn ngoại thiên dục minh,",春明門外天欲明，
Huyên huyên ca khốc bán tử sinh.,喧喧歌哭半死生。
"Du nhân trú mã xuất bất đắc,",遊人駐馬出不得，
Bạch dư tố xa tranh lộ hành.,白轝素車爭路行。
"Quy khứ lai, đầu dĩ bạch,",歸去來，頭已白，
Điển tiền tương dụng mãi tửu khiết.,典錢將用買酒喫。
"Mậu Lăng Lưu lang thu phong khách,",茂陵劉郎秋風客，
Dạ văn mã tê hiểu vô tích.,夜聞馬嘶曉無跡。
"Hoạ lan quế thụ huyền thu hương,",畫欄桂樹懸秋香，
Tam thập lục cung thổ hoa bích.,三十六宮土花碧。
"Nguỵ quan khiên xa chỉ thiên lý,",魏官牽車指千里，
Đông quan toan phong xạ mâu tử.,東關酸風射眸子。
"Không tương Hán nguyệt xuất cung môn,",空將漢月出宮門，
Ức quân thanh lệ như duyên thuỷ.,憶君清淚如鉛水。
"Suy lan tống khách Hàm Dương đạo,",衰蘭送客咸陽道，
Thiên nhược hữu tình thiên diệc lão.,天若有情天亦老。
"Huề bàn độc xuất nguyệt hoang lương,",攜盤獨出月荒涼，
Vị thành dĩ viễn ba thanh tiểu.,渭城已遠波聲小。
"Kim Lăng dạ tịch lương phong phát,",金陵夜寂涼風發，
Độc thướng cao lâu vọng Ngô Việt.,獨上高樓望吳越。
"Bạch vân ánh thuỷ dao không thành,",白雲映水搖空城，
Bạch lộ thuỳ châu trích thu nguyệt.,白露垂珠滴秋月。
"Nguyệt hạ trầm ngâm cửu bất quy,",月下沉吟久不歸，
Cổ lai tương tiếp nhãn trung hy.,古來相接眼中稀。
"Giải đạo ""trừng giang tịnh như luyện"",",解道澄江淨如練，
Linh nhân trường ức Tạ Huyền Huy.,令人長憶謝玄暉。
"Kim Lăng thành đông thuỳ gia tử,",金陵城東誰家子，
Thiết thính cầm thanh bích song lý.,竊聽琴聲碧窗裏。
"Lạc hoa nhất phiến thiên thượng lai,",落花一片天上來，
Tuỳ nhân trực độ Tây giang thuỷ.,隨人直渡西江水。
"Sở ca Ngô ngữ kiều bất thành,",楚歌吳語嬌不成，
Tự năng vị năng tối hữu tình.,似能未能最有情。
"Tạ Công chánh yếu Đông Sơn kỹ,",謝公正要東山妓，
Huề thủ lâm tuyền xứ xứ hành.,攜手林泉處處行。
"Phong xuy liễu hoa mãn điếm hương,",風吹柳花滿店香，
Ngô cơ áp tửu hoán khách thường.,吳姬壓酒喚客嘗。
"Kim Lăng tử đệ lai tương tống,",金陵子弟來相送，
"Dục hành bất hành, các tận trường.",欲行不行各盡觴。
"Thỉnh quân thí vấn đông lưu thuỷ,",請君試問東流水，
Biệt ý dữ chi thuỳ đoản trường?,別意與之誰短長。
"Hoàng kim thác đao bạch ngọc trang,",黃金錯刀白玉裝，
Dạ xuyên song phi xuất quang mang.,夜穿窗扉出光芒。
"Trượng phu ngũ thập công vị lập,",丈夫五十功未立，
Đề đao độc lập cố bát hoang.,提刀獨立顧八荒。
"Kinh hoa kết giao tận kỳ sĩ,",京華結交盡奇士，
Ý khí tương kỳ cộng sinh tử.,意氣相期共生死。
"Thiên niên sử sách sỉ vô danh,",千年史策恥無名，
Nhất phiến đan tâm báo thiên tử.,一片丹心報天子。
"Nhĩ lai tòng quân thiên Hán Tân,",爾來從軍天漢濱，
Nam Sơn hiểu tuyết ngọc lân tuân.,南山曉雪玉嶙峋。
"Ô hô! Sở tuy tam hộ năng vong Tần,",嗚呼！楚雖三戶能亡秦，
Khởi hữu đường đường Trung Quốc không vô nhân!,豈有堂堂中國空無人！
"Kim tịch hà tịch tuế vân tồ,",今夕何夕歲云徂，
Canh trường chúc minh bất khả cô.,更長燭明不可孤。
"Hàm Dương khách xá nhất sự vô,",咸陽客舍一事無，
Tương dữ bác tái vi hoan ngu.,相與博塞為歡娛。
"Phùng lăng đại khiếu hô ngũ bạch,",馮陵大叫呼五白，
Đản tiển bất khẳng thành kiêu lô.,袒跣不肯成梟盧。
"Anh hùng hữu thì diệc như thử,",英雄有時亦如此，
Giải cấu khởi tức phi lương đồ.,邂逅豈即非良圖。
"Quân mạc tiếu, Lưu Nghị tòng lai bố y nguyện,",君莫笑，劉毅從來布衣願，
Gia vô đảm thạch thâu bách vạn.,家無儋石輸百萬。
"Đông hoàng phóng tình diệc bất ác,",東皇放晴亦不惡，
Hà sự phi anh xảo xuyên tạc.,何事飛雵巧穿鑿？
"Nhập thị bất thận vạn tỉnh cơ,",入市不慎萬井飢，
Tích hiệp duy trợ giang thần ngược.,積峽惟助江神虐。
"Sơ bàn nhật nhật tước băng ty,",蔬盤日日嚼冰絲，
Khởi hữu dương chi sung canh hoắc.,豈有羊脂充羹臛。
"Phác song đả mạn thập nhật lạc,",朴窗打幔十日落，
Thiên môn vô lộ thải kim thác.,千門無路貸金錯。
"Trù đoạn yên tiêu nha xỉ các,",廚斷煙銷牙齒擱，
Hạ phương tự khổ thiên tự lạc.,下方自苦天自樂。
"Ngọc Nương tà toạ bão song cước,",玉娘斜坐抱雙腳，
Tiên quan vân lại cung trào hước.,仙官雲吏供嘲謔。
"Đông hải thịnh tử Hoàng Cô chước,",東海盛醑黃姑酌，
Thiên ly dạ thiết cửu quan thược.,天貍夜竊九關鑰。
"Đảo kỵ ninh long chuý kim lạc,",倒騎獰龍捶金絡，
Hy Hoà thướng thư phiên kiến phược.,羲和上書翻見縛。
"Đinh Lệnh vô quan hoá phi hạc,",丁令無官化飛鶴，
Hu ta thiên công đãi dân hà kỳ bạc!,吁嗟天公待民何其薄！
Dã nhân phù bạch mịch câu hác.,野人扶白覓溝壑。
"Tường đông hoang hề bão thôn tà,",墻東荒蹊抱村斜，
Kinh cức lang tạ bàn căn nha.,荊棘狼籍盤根芽。
"Hà niên đan hạnh thử lưu chủng,",何年丹杏此留种，
Tiểu hồng trấp trấp tranh xuân hoa.,小紅濈濈爭春華。
"Dã nhân quán kiến mạn bất tỉnh,",野人慣見謾不省，
Độc hữu thi khách lai tư ta.,獨有詩客來咨嗟。
"Thiên chân bất đáo duyên phấn bút,",天真不到鉛粉筆，
Phú diễm tự thị cung vi hoa.,富艷自是宮闈花。
"Khúc trì phương kinh phi túc tích,",曲池芳經非宿昔，
Thương đài trọc tửu đồng thiên nha.,蒼苔濁酒同天涯。
"Kinh sư tích hoa như tích ngọc,",京師惜花如惜玉，
Hiểu thiềm mại triệt đông tây gia.,曉檐賣徹東西家。
"Hạnh hoa khan hồng bất khan bạch,",杏花看紅不看白，
Thập nhật mang sát du xuân xa.,十日忙殺遊春車。
"Thuỳ gia viên lý hữu thử thụ,",誰家園里有此樹，
Trịnh trọng dĩ trước trùng vi già.,鄭重已著重幃遮。
"A Kiều tân sủng trữ kim ốc,",阿嬌新寵貯金屋，
Minh phi viễn giá sầu thanh già.,明妃遠嫁愁清笳。
"Lạc hoa oanh liêm phất sàng tịch,",落花縈帘拂床席，
Diệc hữu phiêu bạc triêm nễ sa.,亦有飄泊沾泥沙。
"Thiên công vô tâm vật tự vật,",天公無心物自物，
Đắc ý vị dụng tương lăng khoa.,得意未用相凌夸。
"Hoàng hôn nhân quy hoa bất ngữ,",黃昏人歸花不語，
Duy hữu lạc nguyệt đề thê nha.,惟有落月啼棲鴉。
"Bạch hồng quán nhật thiên man man,",白虹貫日天漫漫，
Phong tiêu tiêu hề Dịch Thuỷ hàn.,風蕭蕭兮易水寒。
"Ca thanh khảng khái kim thanh liệt,",歌聲慷慨金聲烈，
Kinh Kha tòng thử nhập Tần quan.,荊軻從此入秦關。
"Nhập Tần quan hề trì chuỷ thủ,",入秦關兮持匕首，
Lục quốc thâm cừu nhất dẫn thủ.,六國深仇一引手。
"Điện thượng thốt nhiên nhất chấn kinh,",殿上卒然一震驚，
Tả hữu thủ bác vương hoàn trụ.,左右手搏王環柱。
"Giai hạ Vũ Dương như tử nhân,",階下舞陽如死人，
Thần dũng nghị nhiên duy độc quân.,神勇毅然惟獨君。
"Túng nhiên bất sát Tần hoàng đế,",縱然不殺秦皇帝，
Dã toán cổ kim vô bỉ luân.,也算古今無比倫。
"Quái để hành tung nguyên thị ẩn,",怪底行蹤原市隱，
Tằng dữ Yên Đan vô túc phận.,曾與燕丹無夙分。
"Sát thân chỉ vi thụ nhân tri,",殺身只為受人知，
Đồ đắc Điền Quang khinh nhất vẫn.,徒得田光輕一刎。
"Khả liên vô cô Phàn Ô Kỳ,",可憐無辜樊於期，
Dĩ đầu tá nhân vô hoàn thì.,以頭借人無還時。
"Nhất triêu uổng sát tam liệt sĩ,",一朝枉殺三烈士，
Hàm Dương thiên tử chung nguy nguy.,咸陽天子終巍巍。
"Yến giao nhất vọng giai trần thổ,",燕郊一望皆塵土，
Thu nhật thu phong mãn quan lộ.,秋日秋風滿官路。
"Thị thượng ca thanh bất phục văn,",市上歌聲不復聞，
Dịch Thuỷ ba lưu tự kim cổ.,易水波流自今古。
"Cố lí chỉ cức tung phục hoành,",故里枳棘縱復橫，
Chỉ hữu tàn bi do vị khuynh.,只有殘碑猶未傾。
"Mạc đạo chuỷ thủ canh vô tế,",莫道匕首更無濟，
Kiệt can trảm mộc vi tiên thanh.,楬竿斬木為先聲。
"Thái thường lâu thuyền thanh ngao tào,",太常樓船聲嗷嘈，
Vấn binh quát khấu xu Hạ Lao.,問兵刮寇趨下牢。
"Mục xuất lệnh bôn phi bách tao,",牧出令奔飛百艘，
Mãnh giao đột thú phân đằng đào.,猛蛟突獸紛騰逃。
"Bạch Đế hàn thành trú cẩm bào,",白帝寒城駐錦袍，
Huyền đông thị ngã hồ quốc đao.,玄冬示我胡國刀。
"Tráng sĩ đoản y đầu hổ mao,",壯士短衣頭虎毛，
Bằng hiên bạt sao thiên vi cao.,憑軒拔鞘天為高。
"Phiên phong chuyển nhật mộc nộ hào,",翻風轉日木怒號，
Băng dực tuyết đạm thương ai nhu.,冰翼雪澹傷哀猱。
"Tuyên thác bích anh tịch đề cao,",鐫錯碧罌鷿鵜膏，
"Mang ngạc dĩ oánh hư thu đào,",鋩鍔已瑩虛秋濤，
Quỷ vật phiết liệt từ khanh hào.,鬼物撇捩辭坑壕。
"Thương Thuỷ sứ giả môn xích thao,",蒼水使者捫赤絛，
Long Bá quốc nhân bãi điếu ngao.,龍伯國人罷釣鼇。
"Nhuế Công hồi thủ nhan sắc lao,",芮公回首顏色勞，
Phân khổn cứu thế dụng hiền hào.,分閫救世用賢豪。
"Triệu công ngọc lập cao ca khởi,",趙公玉立高歌起，
"Lãm hoàn kết bội tương chung thuỷ,",攬環結佩相終始，
Vạn tuế trì chi hộ thiên tử.,萬歲持之護天子。
"Đắc quân loạn ty dữ quân lý,",得君亂絲與君理，
Thục giang như tuyến như châm thuỷ.,蜀江如線如針水。
"Kinh sầm đàn hoàn tâm vị dĩ,",荊岑彈丸心未已，
Tặc thần ác tử hưu cán kỷ.,賊臣惡子休幹紀。
"Ly mị võng lượng đồ vi nhĩ,",魑魅魍魎徒為耳，
Yêu yêu loạn lĩnh cảm hân hỉ.,妖腰亂領敢欣喜。
"Dụng chi bất cao diệc bất bí,",用之不高亦不庳，
Bất tự trường kiếm tu thiên ỷ.,不似長劍須天倚。
"Dụ ta quang lộc anh hùng nhị,",籲嗟光祿英雄弭，
Đại Thực bảo đao liêu khả tỷ.,大食寶刀聊可比。
"Đan thanh uyển chuyển Kỳ Lân lý,",丹青宛轉麒麟裏，
Quang mang lục hợp vô nê chỉ.,光芒六合無泥滓。
"Kinh trung hữu nhân tòng bắc lai,",京中有人從北來，
Truyền thuyết dân gian thuỷ giáng tai.,傳說民間水降灾。
"Nhị thập dư huyện vọng như hải,",二十餘縣望如海，
Thao thao bạch lãng vô tân nhai.,滔滔白浪無津涯。
"Sơ văn kỳ ngữ bán nghi tín,",初聞其語半疑信，
Nghiêu thế hoài tương như thị tai.,堯世懷襄如是哉。
"Quy bí nhất kinh Thanh Quyết độ,",歸轡一經青厥渡，
Ứ thuỷ xuyên đê do tại đổ.,淤水穿堤猶在睹。
"Liêm ốc y y đái thuỷ ngân,",簾屋依依帶水痕，
Thụ chi lịch lịch nhiễm sa thổ.,樹枝歷歷染沙土。
"Điền nguyên nê nính vô thu hoà,",田原泥濘無秋禾，
"Dân khí cử sừ, thượng võng cổ.",民棄耜鋤尚網罟。
"Ấp tẩu đề hô thuỷ hoạn kỳ,",邑叟啼呼水患奇，
"Hội, dật, phiêu, trầm đa khiết khổ.",潰溢漂沉多喫苦。
"Giang hà thu lạo tự niên niên,",江河秋潦自年年，
Lưu sử bôn thoan quy hải nhiên.,流駛奔湍歸海陾。
"Vị văn tích trướng ngũ thập nhật,",未聞積漲五十日，
Tận tương hồng trạch uỷ ngư uyên.,盡將鴻宅委魚淵。
"Âm lệ phi thường kham truật dịch,",陰沴非常堪怵惕，
Ta ta dân mệnh chế hồ thiên.,嗟嗟民命制乎天。
"Hoành lưu bất đặc thượng nguyên thuỷ,",橫流不特上源水，
Hải tế tấn hàm vưu nhạ dị.,海際汛鹹尤訝異。
Quân bất kiến:,君不見:
"Hoan Thuận đông phong dẫn bạo trào lai,",驩順東風引暴潮來，
Vĩ Lư cổn lai yểm điền lý.,尾閭滾來渰田里。
"Kỳ Hoa thiên gia trục ba gian,",奇華千家逐波間，
Nhật Lệ bách sưu điền lãng lý.,日麗百艘填浪裏。
"Thiên tai lưu hành ức hoặc nhiên,",天哉流行抑或然，
Tây nam sổ lộ hưu oán phỉ.,西南數路休怨誹。
"Tự Hồ chi phản trì can qua,",自胡之反持干戈，
Thiên hạ học sĩ diệc bôn ba.,天下學士亦奔波。
"Thán bỉ u thê tái điển tịch,",歎彼幽棲載典籍，
Tiêu nhiên bộc lộ y sơn a.,蕭然暴露依山阿。
"Thanh sơn vạn lý tĩnh tán địa,",青山萬里靜散地，
Bạch vũ nhất tẩy không thuỳ la.,白雨一洗空垂蘿。
"Loạn đại phiêu linh dư đáo thử,",亂代飄零餘到此，
Cổ nhân thành bại tử như hà.,古人成敗子如何。
"Kinh Dương xuân đông dị phong thổ,",荊揚春冬異風土，
Vu Giáp nhật dạ đa vân vũ.,巫峽日夜多雲雨。
"Xích diệp phong lâm bách thiệt minh,",赤葉楓林百舌鳴，
Hoàng nê dã ngạn thiên kê vũ.,黃泥野岸天雞舞。
"Đạo tặc tung hoành thậm mật nhĩ,",盜賊縱橫甚密邇，
Hình thần tịch mịch cam tân khổ.,形神寂寞甘辛苦。
"Kỷ thì cao nghị bài kim môn,",幾時高議排金門，
Các sử thương sinh hữu hoàn đổ.,各使蒼生有環堵。
"Lang miếu chi cụ Bùi Thi Châu,",廊廟之具裴施州，
Túc tích nhất phùng vô thử lưu.,宿昔一逢無此流。
"Kim chung đại dong tại đông tự,",金鐘大鏞在東序，
Băng hồ ngọc hành huyền thanh thu.,冰壺玉衡懸清秋。
"Tự tòng tương ngộ cảm đa bệnh,",自從相遇感多病，
Tam tuế vi khách khoan biên sầu.,三歲為客寬邊愁。
"Nghiêu hữu tứ nhạc minh chí lý,",堯有四嶽明至理，
Hán nhị thiên thạch chân phân ưu.,漢二千石真分憂。
"Kỷ độ ký thư Bạch Diêm bắc,",幾度寄書白鹽北，
Khổ hàn tặng ngã thanh cao cừu.,苦寒贈我青羔裘。
"Sương tuyết hồi quang tị cẩm tụ,",霜雪回光避錦袖，
Long xà động khiếp bàn ngân câu.,龍蛇動篋蟠銀鉤。
"Tử y sứ giả từ phục mệnh,",紫衣使者辭復命，
Tái bái cố nhân tạ giai chính.,再拜故人謝佳政。
"Tương lão dĩ thất tử tôn ưu,",將老已失子孫憂，
Hậu lai huống tiếp tài hoa thịnh.,後來況接才華盛。
"Lương công tằng tôn, ngã di đệ,",梁公曾孫我姨弟，
Bất kiến thập niên quan tế tế.,不見十年官濟濟。
"Đại hiền chi hậu cánh lăng trì,",大賢之後竟陵遲，
Hạo đãng cổ kim đồng nhất thể.,浩蕩古今同一體。
"Tỉ khan thúc bá tứ thập nhân,",比看叔伯四十人，
Hữu tài vô mệnh bách liêu để.,有才無命百寮底。
"Kim giả huynh đệ nhất bách nhân,",今者兄弟一百人，
Kỉ nhân trác tuyệt bỉnh Chu lễ.,幾人卓絕秉周禮。
"Tại nhữ cánh dụng văn chương vi,",在汝更用文章為，
Trưởng huynh bạch mi phục thiên khải.,長兄白眉復天啟。
"Nhữ môn thỉnh tùng tằng ông thuyết,",汝門請從曾翁說，
Thái hậu đương triều đa xảo để.,太后當朝多巧詆。
"Địch công chấp chính tại mạt niên,",狄公執政在末年，
Trọc hà chung bất ô thanh tế.,濁河終不汙清濟。
"Quốc tự sơ tương phó chư Vũ,",國嗣初將付諸武，
Công độc đình tránh thủ đan bệ.,公獨廷諍守丹陛。
"Cấm trung quyết sách thỉnh Phòng Lăng,",禁中決冊請房陵，
Tiền triều trường lão giai lưu thế.,前朝長老皆流涕。
"Thái Tông xã tắc nhất triều chính,",太宗社稷一朝正，
Hán quan uy nghi trọng chiêu tẩy.,漢官威儀重昭洗。
"Thì nguy thuỷ thức bất thế tài,",時危始識不世才，
Thuỳ vị trà khổ cam như tề.,誰謂茶苦甘如薺。
"Nhữ tào hựu nghi liệt thổ thực,",汝曹又宜列土食，
Thân sử môn hộ đa tinh khể.,身使門戶多旌棨。
"Hồ vi phiêu bạc Mân, Hán gian,",胡為漂泊岷漢間，
Can yết vương hầu phả lịch để.,幹謁王侯頗曆抵。
"Huống nãi sơn cao thuỷ hữu ba,",況乃山高水有波，
Thu phong tiêu tiêu lộ nễ nễ.,秋風蕭蕭露泥泥。
"Hổ chi cơ, há sàm nham,",虎之饑，下巉岩，
"Giao chi hoành, xuất thanh thử.",蛟之橫，出清泚。
"Tảo quy lai,",早歸來，
Hoàng thổ nê y nhãn dị mị.,黃土泥衣眼易瞇。
"Hữu thử thân lai bách trách huyền,",有此身來百責懸，
Hành vi bản lĩnh nghiệp vi tiên.,行為本領業為先。
"Hạnh tu vô quý đức phương đạt,",行須無愧德方達，
Nghiệp tất hữu thành công nãi toàn.,業必有成攻乃全。
"Vô quý mạc như tuần lễ độ,",無愧莫如循禮度，
Hữu thành chỉ tại hảo tinh chuyên.,有成只在好精專。
"Đoạ lai vật vị do đa nhật,",惰來勿謂猶多日，
Khiểm xứ hưu ngôn thượng thiếu niên.,歉處休言尚少年。
"Chất phán cao đê ưng hữu mệnh,",質判高低應有命，
Học quan cần đãi khởi do thiên.,學關勤怠豈由天。
"Chỉ văn tiểu tuệ vô túc thị,",衹聞小慧無足恃，
Vị kiến trung thôn bất khả thiên.,未見中村不可遷。
"Khắc niệm nhược năng cuồng tác thánh,",克念若能狂作聖，
Khốn tri tu tín sĩ hy hiền.,困知須信士希賢。
"Du du thiên lý vô tha thoại,",悠悠千里無他話，
Tự ái quan tình yếu miễn chiên.,自愛關情要勉旃。
"Kim ngã bất lạc tư Nhạc Dương,",今我不樂思岳陽，
Thân dục phấn phi bệnh tại sàng.,身欲奮飛病在床。
"Mỹ nhân quyên quyên cách thu thuỷ,",美人娟娟隔秋水，
Trạc túc Động Đình vọng bát hoang.,濯足洞庭望八荒。
"Hồng phi minh minh nhật nguyệt bạch,",鴻飛冥冥日月白，
"Thanh phong diệp xích, thiên vũ sương.",青楓葉赤天雨霜。
"Ngọc Kinh quần đế tập Bắc Đẩu,",玉京群帝集北斗，
"Hoặc kỵ kỳ lân, ế phụng hoàng.",或騎麒麟翳鳳凰。
"Phù dung tinh kỳ yên vụ lạc,",芙蓉旌旗煙霧落，
Ảnh động đáo cảnh dao Tiêu Tương.,影動倒景搖瀟湘。
"Tinh cung chi quân tuý quỳnh tương,",星宮之君醉瓊漿，
Vũ nhân hy thiểu bất tại bàng,羽人稀少不在旁。
Tự văn tạc giả Xích Tùng Tử.,似聞昨者赤松子，
"Khủng thị Hán đại Hàn Trương Lương,",恐是漢代韓張良。
"Tích tuỳ Lưu thị định Trường An,",昔隨劉氏定長安，
Duy ác vị cải thần thảm thương.,帷幄未改神慘傷。
Quốc gia thành bại ngô khởi cảm?,國家成敗吾豈敢，
Sắc nan tinh hủ xan phong hương.,色難腥腐餐楓香。
Chu Nam lưu trệ cổ sở tích.,周南留滯古所惜，
Nam Cực lão nhân ưng thọ xương.,南極老人應壽昌。
Mỹ nhân hồ vi cách thu thuỷ.,美人胡為隔秋水，
Yên đắc trí chi cống Ngọc Đường?,焉得置之貢玉堂？
"Đăng khoa chi hậu thuỷ tương thức,",登科之後始相識，
Thần tịch dữ quân nhã tương đắc.,晨夕與君雅相得。
"Hồi thủ phong trần tam thập niên,",回首風塵三十年，
Hải nguyệt sơn vân đồng tẩm thực.,海月山雲同寑食。
"Thất bạch ngã tri quân vi thân,",匹帛我知君為親，
Đẩu mễ quân tri ngã chi bần.,斗米君知我之貧。
"Tầm thường sở chí tại ôn bão,",尋常所志在溫飽，
Hà cảm liêu liêu đàm cổ nhân.,何敢寥廖談古人。
"Tạc dạ phỏng quân chi bị hĩ,",昨夜訪君之憊矣，
Bệnh trung nhất kiến dược nhiên khởi.,病中一見躍然起。
"Thương tai! Quân bệnh ngã diệc suy,",傷哉！君病我亦衰，
Thử hậu giao du cánh hà tự.,此後交遊更何似。
"Bất kiến cố nhân thập niên dư,",不見故人十年餘，
Bất đạo cố nhân vô tố thư.,不道故人無素書。
"Nguyện phùng nhan sắc quan tái viễn,",願逢顏色關塞遠，
Khởi ý xuất thủ giang thành cư.,豈意出守江城居。
"Ngoại giang Tam Giáp thả tương tiếp,",外江三峽且相接，
Đấu tửu tân thi chung nhật sơ.,鬥酒新詩終日疏。
"Tạ Diễu mỗi thiên kham phúng tụng,",謝脁每篇堪諷誦，
Phùng Đường dĩ lão thính xuy hư.,馮唐已老聽吹噓。
"Bạc thuyền thu dạ kinh xuân thảo,",泊船秋夜經春草，
Phục chẩm thanh phong hạn ngọc trừ.,伏枕青楓限玉除。
"Nhãn tiền sở ký tuyển hà vật,",眼前所寄選何物，
Tặng tử Vân An song lý ngư.,贈子雲安雙鯉魚。
"Tha nga Bạch Đế thành đông tê,",嵯峨白帝城東西，
"Nam hữu Long tưu, bắc Hổ khê.",南有龍湫北虎溪。
"Ngô tôn kỵ tào bất kỵ mã,",吾孫騎曹不騎馬，
Nghiệp học Thi Hương đa dưỡng kê.,業學屍鄉多養雞。
"Bàng công ẩn thì tận thất khứ,",龐公隱時盡室去，
Vũ Lăng xuân thụ tha nhân mê.,武陵春樹他人迷。
"Dữ nhữ lâm cư vị tương thất,",與汝林居未相失，
Cận thân dược khoả tửu trường huề.,近身藥裹酒長攜。
"Mục thụ tiều đồng diệc vô lại,",牧豎樵童亦無賴，
Mạc linh trảm đoạn thanh vân thê.,莫令斬斷青雲梯。
"Lưu hoàng cơ thượng uyên ương cẩm,",流黃機上鴛鴦錦，
Minh diệt sơ đăng chiếu cô chẩm.,明滅疎燈照孤枕。
"Không khuê lãnh nguyệt tự quyên quyên,",空閨冷月自娟娟，
Tuyệt tắc kim phong hà lẫm lẫm.,絶塞金風何凜凜。
"Khởi thị minh hà lậu dĩ tàn,",起視明河漏已殘，
Sa trường dao vọng lộ man man.,沙塲遥望路漫漫。
La vi cẩm trướng nhân hà tại?,羅幃錦帳人何在，
Thuý mạc chiên cừu địa cánh hàn.,毳幙氊裘地更寒。
"Thủ dịch tàn đăng thủ đao xích,",手剔殘燈取刀尺，
Chế đắc chinh y ký chinh khách.,製得征衣寄征客。
"Khứ niên ký khứ vô hồi âm,",去年寄去無回音，
Thử nhật vô do thức khoan trách.,此日無由識寛窄。
"Khoan trách như kim vị khả tri,",寛窄如今未可知，
Kỷ hồi dục tiễn hựu trì nghi.,幾回欲剪又遲疑。
"Kim đao vị hạ tràng tiên đoạn,",金刀未下腸先斷，
Nhược tuyến sơ phùng lệ tự thuỳ.,弱線初縫淚自垂。
"Lệ thuỳ điểm điểm câu thành huyết,",淚垂㸃㸃俱成血，
Ô tại chinh y bất năng diệt.,汚在征衣不能滅。
"Ân cần vi thức y thượng ngân,",殷勤為拭衣上痕，
Khủng lệnh cô khách thiêm sầu tuyệt.,恐令孤客添愁絶。
"Yểm lệ tài y viễn ký tương,",掩淚裁衣逺寄将，
Thiếp thân bất cập thử y thường.,妾身不及此衣裳。
"Y thường do đắc thân quân thể,",衣裳猶得親君體，
Tiện thiếp không cư thiên nhất phương.,賤妾空居天一方。
"Lạc Dương nữ nhi đối môn cư,",洛陽女兒對門居，
Tài khả dung nhan thập ngũ dư.,纔可容顏十五餘。
"Lương nhân ngọc lặc thừa thông mã,",良人玉勒乘驄馬，
Thị nữ kim bàn khoái lý ngư.,侍女金盤膾鯉魚。
"Hoạ các chu lâu tận tương vọng,",畫閣朱樓盡相望，
Hồng đào lục liễu thuỳ thiềm hướng.,紅桃綠柳垂簷向。
"La vi tống thượng thất hương xa,",羅幃送上七香車，
Bảo phiến nghinh quy cửu hoa trướng.,寶扇迎歸九華帳。
"Cuồng phu phú quý tại thanh xuân,",狂夫富貴在青春，
Ý khí kiêu xa kịch Quý Luân.,意氣驕奢劇季倫。
"Tự liên Bích Ngọc thân giao vũ,",自憐碧玉親教舞，
Bất tích san hô trì dữ nhân.,不惜珊瑚持與人。
"Xuân song thự diệt cửu vi hoả,",春窗曙滅九微火，
Cửu vi phiến phiến phi hoa toả.,九微片片飛花璅。
"Hí bãi tằng vô lý khúc thì,",戲罷曾無理曲時，
Trang thành kỳ thị huân hương toạ.,妝成祇是薰香坐。
"Thành trung tương thức tận phồn hoa,",城中相識盡繁華，
"Nhật dạ kinh quá Triệu, Lý gia.",日夜經過趙李家。
"Thuỳ liên Việt nữ nhan như ngọc,",誰憐越女顏如玉，
Bần tiện giang đầu tự hoán sa.,貧賤江頭自浣紗。
"Lạc Du cổ viên tốt sâm sảng,",樂游古園崒森爽，
Yên miên bích thảo thê thê trưởng.,煙綿碧草萋萋長。
"Công tử hoa diên thế tối cao,",公子華筵勢最高，
Tần Xuyên đối tửu bình như chưởng.,秦川對酒平如掌。
"Trường sinh mộc biều thị chân suất,",長生木瓢示真率，
Cánh điều yên mã cuồng hoan thưởng.,更調鞍馬狂歡賞。
"Thanh xuân ba lãng Phù Dung viên,",青春波浪芙蓉園，
Bạch nhật lôi đình Giáp Thành trượng.,白日雷霆夾城仗。
"Xương hạp tình khai dật đãng đãng,",閶闔晴開昳蕩蕩，
Khúc Giang thuý mạc bài ngân bảng.,曲江翠幕排銀榜。
"Phất thuỷ đê hồi vũ tụ phiên,",拂水低徊舞袖翻，
Duyên vân thanh thiết ca thanh thượng.,緣雲清切歌聲上。
"Khước ức niên niên nhân tuý thì,",卻憶年年人醉時，
Chỉ kim vị tuý dĩ tiên bi.,只今未醉已先悲。
"Số hành bạch phát nả phao đắc,",數莖白髮那拋得，
Bách phạt thâm bôi diệc bất từ.,百罰深杯亦不辭。
"Thánh triều diệc tri tiện sĩ xú,",聖朝亦知賤士醜，
Nhất vật tự hà hoàng thiên tư.,一物自荷皇天慈。
"Thử thân ẩm bãi vô quy xứ,",此身飲罷無歸處，
Độc lập thương mang tự vịnh thi.,獨立蒼茫自詠詩。
"Giáp ngạn nhân yên tống khách chu,",夾岸人烟送客舟，
Nhĩ hà nhất trạo nhất hồi đầu.,珥河一棹一囬頭。
"Ba đào tẫn trục đông lưu túc,",波濤儘逐東流宿，
Tiêu cán do huyền bắc cố ưu.,宵旰猶懸北顧憂。
"Đồ hữu bi minh nhưng bệnh ký,",徒有悲鳴仍病驥，
Bất tương phụ tiến vị bì ngưu.,不將負荐爲疲牛。
"Tự lân hứa quốc tam triều lão,",自憐許國三朝老，
Vị giải hoà nhung ngũ lợi mưu.,未解和戎五利謀。
"Thiên lự ngu trung cầu nhất đắc,",千慮愚衷求一得，
Bách linh nhân sự đáng tam hưu.,百齡人事當三休。
"Đàn luân tuỳ hoá hà lao kế,",彈輪随化何劳計，
Túc mục câu suy khẳng trệ lưu.,足目俱衰肯滞留。
"Hàn tuế ca ly nhân các biệt,",寒歲歌離人各別，
Luân giao ẩm tiễn lệ song lưu.,輪交飲餞淚双流。
"Loan loan khúc khúc tuỳ giang khứ,",湾湾曲曲随江去，
Vãng vãng lai lai khởi khách sầu.,往往來來起客愁。
"Vãn hỷ cúc tùng tuần cựu kính,",晚矣菊松循舊徑，
Du tai phong vật ký danh ưu.,悠哉風物記名優。
"Tương tư tương chiếu duy luân nguyệt,",相思相炤惟輪月，
Tam ngũ viên quang diệc nhất chu.,三五圓光亦一週。
"Tích văn Nguyên Cửu vịnh quân thi,",昔聞元九詠君詩，
Trướng dữ Lư quân tương thức trì.,悵與盧君相識遲。
"Kim nhật phùng quân khai cựu quyển,",今日逢君開舊卷，
Quyển trung đa đạo tặng Vi Chi.,卷中多道贈微之。
"Tương khan lệ nhãn tình nan thuyết,",相看淚眼情難說，
Biệt hữu thương tâm sự khởi tri.,別有傷心事豈知。
"Văn đạo Hàm Dương phần thượng thụ,",聞道咸陽墳上樹，
Dĩ trừu tam trượng bạch dương chi.,已抽三丈白楊枝。
"Tĩnh toả thâm cung thập thất niên,",靜鎖深宮十七年，
Thuỳ tương cố quốc vấn thanh thiên.,誰將故國問青天？
"Nhàn khan điện tự phong kiều mộc,",閒看殿字封喬木，
Khấp vọng quân vương hoá đỗ quyên.,泣望君王化杜鵑。
"Hải quốc ba đào tà tịch chiếu,",海國波濤斜夕照，
Hán gia tiêu cổ tĩnh phong yên.,漢家簫鼓靜烽煙。
"Hồng nhan lực nhược nan vi lệ,",紅顏力弱難為厲，
Huệ chất tâm bi chỉ vấn thiền.,惠質心悲只問禪。
"Nhật tụng “Bồ đề” thiên bách cú,",日誦菩提千百句，
Nhàn khan “Bối diệp” lưỡng tam thiên.,閒看貝葉兩三篇。
"Cao xướng lê viên ca đại khốc,",高唱梨園歌代哭，
"Thỉnh quân độc thính, diệc san nhiên.",請君獨聽亦潸然。
"Khê thuỷ trường hàm u thảo phương,",溪水長涵幽草芳，
Xuân khê lộ tích lan diệp quang.,春溪露滴蘭葉光。
"Mỹ nhân nhật mộ thái lan khứ,",美人日暮采蘭去，
Phong xuy lộ thấp phù dung thường.,風吹露溼芙蓉裳。
"Phù dung vi thường lan kết bội,",芙蓉為裳蘭結珮，
Ngọc lập đình đình lâm thuỷ tế.,玉立亭亭臨水際。
"Thiên hàn tụ bạc nhân bất tri,",天寒袖薄人不知，
Sơ vũ lan điều minh phỉ thuý.,疏雨蘭苕鳴翡翠。
"U lan nhật nhật xuy cổ hương,",幽蘭日日吹古香，
Mỹ nhân bất lai khê thuỷ trường.,美人不來溪水長。
"Lãng Châu thành đông Linh sơn bạch,",閬州城東靈山白，
Lãng Châu thành bắc Ngọc Đài bích.,閬州城北玉臺碧。
"Tùng phù dục tận bất tận vân,",松浮欲盡不盡雲，
Giang động tương băng vị băng thạch.,江動將崩未崩石。
Na tri căn vô quỷ thần hội.,那知根無鬼神會，
Dĩ giác khí dữ Tung Hoa địch.,已覺氣與嵩華敵。
"Trung nguyên cách đấu thả vị quy,",中原格鬥且未歸，
Ưng kết mao trai khán thanh bích.,應結茅齋看青壁。
"Lân phụ khốc, khốc thanh khổ,",鄰婦哭，哭聲苦！
Nhất gia thập khẩu kim tồn ngũ.,一家十口今存五！
Ngã thân vấn chi vong giả thuỳ?,我親問之忘者誰？
Nhi lang bị sát phu tao lỗ.,儿郎被殺夫遭虜。
"Lân phụ khốc, khốc thanh ai,",鄰婦哭，哭聲哀！
Nhi lang vị mai phu vị hồi.,儿郎未埋夫未回。
"Thiêu tàn phá ốc bất hạ tập,",燒殘破屋不暇葺，
Điền trù thất sừ đa thảo lai.,田疇失耡多草萊。
"Lân phụ khốc, khốc bất đình,",鄰婦哭，哭不停，
Ứng đương môn hộ vô dư đinh.,應當門戶無余丁。
"Truy tư dạ chí tinh hoả cấp,",追胥夜至星火急，
Tính Châu vận mễ vân trung hành.,并州運米雲中行。
"Kim Lăng lao lao tống khách đường,",金陵勞勞送客堂。
Man thảo ly ly sinh đạo bàng.,蔓草離離生道旁。
"Cổ tình bất tận đông lưu thuỷ,",古情不盡東流水。
Thử địa bi phong sầu bạch dương.,此地悲風愁白楊。
"Ngã thừa tố khả đồng khang lạc,",我乘素舸同康樂。
Lãng vịnh Thanh Xuyên phi dạ sương.,朗詠清川飛夜霜。
"Tích văn Ngưu Chử ngâm ngũ chương,",昔聞牛渚吟五章。
Kim lai hà Tạ Viên gia lang.,今來何謝袁家郎。
"Khổ trúc hàn thanh động thu nguyệt,",苦竹寒聲動秋月。
Độc túc không liêm quy mộng trường.,獨宿空帘歸夢長。
"Thái ngọc thái ngọc tu thuỷ bích,",採玉採玉須水碧，
Trác tác bộ dao đồ hảo sắc.,琢作步搖徒好色。
"Lão phu cơ hàn long vi sầu,",老夫飢寒龍為愁，
Lam khê thuỷ khí vô thanh bạch.,藍溪水氣無清白。
"Dạ vũ cương đầu thực trăn tử,",夜雨岡頭食榛子，
Đỗ quyên khẩu huyết lão phu lệ.,杜鵑口血老夫淚。
"Lam khê chi thuỷ yếm sinh nhân,",藍溪之水厭生人，
Thân tử thiên niên hận khê thuỷ.,身死千年恨溪水。
"Tà sơn bách phong vũ như khiếu,",斜山柏風雨如嘯，
Tuyền cước quải thằng thanh diểu diểu.,泉腳掛繩青裊裊。
"Thôn hàn bạch ốc niệm kiều anh,",村寒白屋念嬌嬰，
Cổ đài thạch đặng huyền trường thảo.,古臺石磴懸腸草。
"Ngô châu nhất sơn thị An Lão,",吾州一山是安老，
Thông thông uất uất hà tiên hảo.,蔥蔥鬱鬱何鮮好。
"Ngã tằng lịch quá vạn trùng sơn,",我曾歷過萬重山，
Khước quái bất qua thử sơn đạo.,卻怪不過此山道。
"Thử sơn dữ ngã tối tương lân,",此山與我最相鄰，
Hiểu thuý hôn âm nhập hộ tần.,曉翠昏陰入戶頻。
"Bình nguyên tuyệt nghiễn bán không biểu,",平原絕巘半空表，
Viễn vọng nghi thị độc lập nhân.,遠望疑是獨立人。
"Sơn cận ngã vô khoảnh khắc bộ,",山近我無頃刻步，
Ngã quy sơn nghinh bán nhật lộ.,我歸山迎半日路。
"Bỉ thử địch diện hân hân nhiên,",彼此覿面欣欣然，
Uyển nhược tương liên bất tương ngỗ.,宛若相憐不相忤。
"Xuân tiền các lão Nguyễn Bàng Linh,",春前各老阮龐齡，
Phỏng ngã ước ngã thử sơn hành.,訪我約我此山行。
"Ngã cửu suy bệnh dật hứng thiểu,",我久衰病逸興少，
Hà dĩ đối thử du nhiên sinh.,何以對此油然生。
"Cận văn sơn khê tiệm mao tắc,",近聞山溪漸茅塞，
Miễn cưỡng phù cùng thả nhất trắc.,勉強扶筇且一陟。
"Sơn danh An Lão lão giả an,",山名安老老者安，
Hoặc giả vãn niên lưỡng tương đắc.,或者晚年兩相得。
"Thiếu niên thập ngũ nhị thập thì,",少年十五二十時，
Bộ hành đoạt đắc Hồ mã kỵ.,步行奪得胡馬騎。
"Xạ sát trung sơn bạch ngạch hổ,",射殺中山白額虎，
Khẳng sổ Nghiệp Hạ hoàng tu nhi.,肯數鄴下黃須兒。
"Nhất thân chuyển chiến tam thiên lý,",一身轉戰三千里，
Nhất kiếm tằng đương bách vạn sư.,一劍曾當百萬師。
"Hán binh phấn tấn như phích lịch,",漢兵奮迅如霹靂，
Lỗ kỵ băng đằng uý tật lê.,虜騎崩騰畏蒺藜。
"Vệ Thanh bất bại do thiên hạnh,",衛青不敗由天幸，
Lý Quảng vô công duyên số kỳ.,李廣無功緣數奇。
"Tự tòng khí trí tiện suy hủ,",自從棄置便衰朽，
Thế sự tha đà thành bạch thủ.,世事蹉跎成白首。
"Tích thì phi tiễn vô toàn mục,",昔時飛箭無全目，
Kim nhật thuỳ dương sinh tả trửu.,今日垂楊生左肘。
"Lộ bàng thì mại Cố hầu qua,",路傍時賣故侯瓜，
Môn tiền học chủng tiên sinh liễu.,門前學種先生柳。
"Thương mang cổ mộc liên cùng hạng,",蒼茫古木連窮巷，
Liêu lạc hàn sơn đối hư dũ.,寥落寒山對虛牖。
"Thệ lệnh Sơ Lặc xuất phi tuyền,",誓令疏勒出飛泉，
Bất tự Dĩnh Xuyên không sứ tửu.,不似潁川空使酒。
"Hạ Lan sơn hạ trận như vân,",賀蘭山下陣如雲，
Vũ hịch giao trì nhật tịch văn.,羽檄交馳日夕聞。
"Tiết sứ Tam Hà mộ niên thiếu,",節使三河募年少，
Chiếu thư ngũ đạo xuất tướng quân.,詔書五道出將軍。
"Thí phất thiết y như tuyết sắc,",試拂鐵衣如雪色，
Liêu trì bảo kiếm động tinh văn.,聊持寶劍動星文。
"Nguyện đắc Yên cung xạ thiên tướng,",願得燕弓射天將，
Sỉ lệnh Việt giáp minh ngô quân.,恥令越甲鳴吳軍。
"Mạc hiềm cựu nhật Vân Trung thủ,",莫嫌舊日雲中守，
Do kham nhất chiến thủ công huân.,猶堪一戰取功勳。
"Lão phu nguyên thị lương gia tử,",老夫元是良家子，
Thiếu niên lưu lạc nhung hành lý.,少年流落戎行裏。
"Năng tương nhất kiếm tịnh yên trần,",能將一劍淨烟塵，
Kỉ nhập trùng vi thân bất tử.,幾入重圍身不死。
"Luy luy kim ấn trửu gian huyền,",纍纍金印肘間懸，
Tái thượng trì khu ngũ thập niên.,塞上馳驅五十年。
"Dĩ tiện công huân tải minh phủ,",已羨功勲載盟府，
Cửu khan tính tự thư Yên Nhiên.,久看姓字書燕然。
"Nhất triêu tạ bệnh quy nham hác,",一朝謝病歸巖壑，
Môn ngoại tiêu điều khả la tước.,門外蕭條可羅雀。
"Thân kinh bách chiến vị long chung,",身經百戰未龍鍾，
Do hướng nhân tiền khoa quắc thước.,猶向人前誇矍鑠。
"Bảo kiếm niên đa phong ngạc tiêu,",寳劍年多鋒鍔銷，
Lịch trung lão ký minh tiêu tiêu.,櫪中老驥鳴蕭蕭。
"Nhung y quải bích thành trần thổ,",戎衣掛壁成塵土，
Cựu nhật hồng kỳ nhan sắc điêu.,舊日紅旗顔色凋。
"Nhất tự đầu nhàn kinh kỉ tải,",一自投閒經幾載，
Thỉnh anh tráng chí hoàn ưng tại.,請纓壯志還應在。
"Dao vọng sa trường nguyện khoả thi,",遥望沙場願裹屍，
Do tư đồng trụ tiêu Viêm Hải.,猶思銅柱標炎海。
"Phong đích kim niên khứ bị biên,",鋒鏑今年去備邊，
Liên doanh phong hoả thông Cam Tuyền.,連營烽火通甘泉。
"Đa thiểu tài quan câu thúc thủ,",多少材官俱束手，
Vô nhân cổ dũng năng đăng tiên.,無人賈勇能登先。
"Tướng quân văn thử khí bột bột,",將軍聞此氣勃勃，
Mục tí liệt tận quan xung phát.,目眥裂盡冠衝髪。
"Tiện vãng đầu thư hiến chí tôn,",便往投書獻至尊，
Hùng tâm thệ dục tham hổ quật.,雄心誓欲探虎窟。
"Cứ an cố phán xuất viên môn,",據鞍顧盼出轅門，
Chuỳ lão hoàn kham báo chủ ân.,埀老還堪報主恩。
"Đãn lệnh thử khứ thanh sa mạc,",但令此去清沙漠，
Bất quản kim thương tí thượng ngân.,不管金鎗臂上痕。
"Thiên dục tuyết vân mãn hồ,",天欲雪雲滿湖，
Lâu đài minh diệt san hữu vô.,樓臺明滅山有無。
"Thuỷ thanh thạch xuất ngư khả sổ,",水清石出魚可數，
Lâm thâm vô nhân điểu tương hô.,林深無人鳥相呼。
"Lạp nhật bất quy đối thê nô,",臘日不歸對妻孥，
Danh tầm đạo nhân thực tự ngu.,名尋道人實自娛。
"Đạo nhân chi cư tại hà hử?,",道人之居在何許，
Bảo Vân sơn tiền lộ bàn vu.,寶雲山前路盤紆。
"Cô sơn cô tuyệt thuỳ khẳng lư?,",孤山孤絕誰肯廬，
Đạo nhân hữu đạo sơn bất cô.,道人有道山不孤。
"Chỉ song trúc ốc thâm tự noãn,",紙窗竹屋深自暖，
Ủng hạt toạ thuỵ y đoàn bồ.,擁褐坐睡依團蒲。
"Thiên hàn lộ viễn sầu bộc phu,",天寒路遠愁僕夫，
Chỉnh giá thôi quy cập vị bô.,整駕催歸及未晡。
"Xuất san hồi vọng vân mộc hợp,",出山回望雲木合，
Đãn kiến dã cốt bàn phù đồ.,但見野鶻盤浮圖。
"Tư du đạm bạc hoan hữu dư,",慈遊淡泊歡有餘，
Đáo gia hoảng như mộng cừ cừ.,到家恍如夢蘧蘧。
"Tác thi hoả cấp truy vong bô,",作詩火急追亡逋，
Thanh cảnh nhất thất hậu nan mô.,清景一失後難摹。
"Thập lý nhất trí phi trần hôi,",十里一置飛塵灰，
Ngũ lý nhất hậu binh hoả thôi.,五里一堠兵火催。
"Điên khanh phó cốc tương chẩm tạ,",顛坑仆谷相枕藉，
Tri thị lệ chi long nhãn lai.,知是荔枝龍眼來。
"Phi xa khoá sơn cốt kỳ hải,",飛車跨山鶻棋海，
Phong chi lộ nghiệp như tân thái.,風枝露業如新採。
"Cung trung mỹ nhân nhất phá nhan,",宮中美人一破顏，
Kinh trần tiễn huyết lưu thiên tải.,驚塵濺血流千載。
"Vĩnh Nguyên lệ chi lai Giao Châu,",永元荔枝來交州，
Thiên Bảo tuế cống thủ chi Phù.,天寶歲貢取之涪。
"Chí kim dục thực Lâm Phủ nhục,",至今欲姇林甫肉，
Vô nhân cử trường lỗi Bá Du.,無人舉觴酹伯遊。
"Ngã nguyện thiên công liên xích tử,",我願天公憐赤子，
Mạc sinh vưu vật vi sang vị.,莫生尤物為瘡痏。
"Vũ thuận phong điều bách cốc đăng,",雨順風調百穀登，
Dân bất cơ hàn vi thượng thuỵ.,民不饑寒為上瑞。
Quân bất kiến:,君不見：
"Vũ Di khê biên túc lạp nha,",武夷溪邊粟粒芽，
Tiền Đinh hậu Sái tương lung gia.,前丁後蔡相籠加。
"Tranh tân mãi sủng xuất tân ý,",爭新買寵出新意，
Kim niên đấu phẩm sung quan trà.,今年鬥品充官茶。
Ngô quân sở phạp khởi thử vật?,吾君所乏豈此物？
Trí dưỡng khẩu thể hà lậu da!,致養口體何陋耶！
"Lạc Dương tướng quân trung hiếu gia,",洛陽相君忠孝家，
Khả liên diệc tiến diêu hoàng hoa.,可憐亦進姚黃花。
"Chiết liễu ca trung đắc thuý điều,",折柳歌中得翠條，
Viễn di kim điện chủng thanh tiêu.,遠移金殿種青霄。
"Thượng Dương cung nữ hàm thanh tống,",上陽宮女含聲送，
Bất phẫn tiên quy vũ tế yêu.,不忿先歸舞細腰。
"Liễu lăng, liễu lăng hà sở tự,",繚綾繚綾何所似，
Bất tự la tiêu dữ hoàn ỷ.,不似羅綃與紈綺。
"Ưng tự Thiên Thai sơn thượng nguyệt minh tiền,",應似天台山上月明前，
Tứ thập ngũ xích bộc bố tuyền.,四十五尺瀑布泉。
"Trung hữu văn chương hựu kỳ tuyệt,",中有文章又奇絕，
Địa phô bạch yên hoa thốc tuyết.,地鋪白煙花簇雪。
"Chức giả hà nhân y giả thuỳ,",織者何人衣者誰，
Việt khê hàn nữ Hán cung cơ.,越溪寒女漢宮姬。
"Khứ niên trung sứ tuyên khẩu sắc,",去年中使宣口敕，
Thiên thượng thủ dạng nhân gian chức.,天上取樣人間織。
"Chức vi vân ngoại thu nhạn hành,",織為雲外秋雁行，
Nhiễm tác Giang Nam xuân thuỷ sắc.,染作江南春水色。
"Quảng tài sam tụ trường chế quần,",廣裁衫袖長制裙，
Kim đấu uất ba đao tiễn văn.,金鬥熨波刀翦紋。
"Dị thái kỳ văn tương ẩn ánh,",異彩奇文相隱映，
Chuyển trắc khán hoa hoa bất định.,轉側看花花不定。
"Chiêu Dương vũ nhân ân chính thâm,",昭陽舞人恩正深，
Xuân y nhất đối trực thiên kim.,春衣一對直千金。
"Hãn triêm phấn ô bất tái trước,",汗沾粉污不再著，
Duệ thổ tháp nê vô tích tâm.,曳土蹋泥無惜心。
"Liễu lăng chức thành phí công tích,",繚綾織成費功績，
Mạc tỷ tầm thường tăng dữ bạch.,莫比尋常繒與帛。
"Ty tế sào đa nữ thủ đông,",絲細繰多女手疼，
Trát trát thiên thanh bất doanh xích.,扎扎千聲不盈尺。
"Chiêu Dương điện lý ca vũ nhân,",昭陽殿裏歌舞人，
Nhược kiến chức thì ưng dã tích.,若見織時應也惜。
"Liễu ngộ thân tâm khai tuệ nhãn,",了悟身心開慧眼，
Biến hoá linh thông hiện thực tướng.,變化靈通現實相。
"Hành, trụ, toạ, ngoạ độc trác nhiên,",行住坐臥獨卓然，
Ứng hiện hoá thân bất khả lượng.,應現化身不可量。
"Tuy nhiên sung tắc biến hư không,",雖然充塞遍虛空，
Hoan lai bất kiến như hữu tướng.,歡來不見如有相。
"Thế gian vô vật khả tỷ huống,",世間無物可比況，
Trường hiện linh quang minh lãng lãng.,長現靈光明朗朗。
"Thường thời diễn thuyết bất tư nghị,",嘗時演說不思議，
Vô đắc nhất ngôn dĩ vi đáng.,無得一言以為當。
"Bão văn tư sơn sản kỳ thạch,",飽聞玆山產奇石，
Đông nam bảo chi như xích bích.,東南寶之如尺璧。
"Thuỳ tri lang tạ loạn như ma,",誰知狼籍亂如麻，
Vãng vãng khám không loại sàm khắc.,往往崁空類鑱刻。
"Trường An đông nam Vạn Tuế san,",長安東南萬歲山，
Sưu quyết trân quái cùng nhân gian.,搜抉珍怪窮人間。
"Biện lưu nhất khả tải sổ bối,",汴流一舸載數輩，
Kính thượng Cấn Nhạc tăng sàn nhan.,徑上艮嶽增孱顏。
"Đương thời xảo tượng trác sơn cốt,",當時巧匠斲山骨，
Trí chi giang can cao đột ngột.,置之江干高突兀。
"Can qua động địa Hồ trần phi,",干戈動地胡塵飛，
Toạ sử kỳ tài thành khí vật.,坐使奇材成棄物。
Quân bất kiến:,君不見：
"Hoàng kim hoành đái hiệu thần vận,",黃金橫帶號神運，
Bất sổ Đài Thành bái tam phẩm.,不數台城拜三品。
"Chỉ kim linh lạc hoang thảo trung,",只今零落荒草中，
Vạn cổ thê lương hữu di hận.,萬古悽涼有遺恨。
"Mộc nhân phiêu phiêu bất như thổ,",木人漂漂不如土，
Toạ duyệt hưng vong tri kỷ hử.,坐阅興亡知幾許。
"Hành nhân trầm thán mã bất tiền,",行人沉嘆馬不前，
Thạch tuy bất ngôn khủng năng ngữ.,石雖不言恐能語。
"Bắc phong sưu sưu đống vân hắc,",北風颼颼凍雲黑，
Ngọc thiềm tây truỵ thiên vô sắc.,玉蟾西墜天無色。
"Cố nhân biệt hậu khuê nam bắc,",故人別後睽南北，
Lý thư nhạn bạch vô tiêu tức.,鯉書鴈帛無消息。
"Phá chiên hàn bác bất thành miên,",破饘寒薄不成眠，
Song ngoại mai hoa cựu tương thức.,窗外梅花舊相識。
"Thiên nhai hạo đãng mê nhạn tích,",天涯浩蕩迷鴈跡，
Vi cung khổ bị hư danh dịch.,微躬苦被虛名役。
"Dịch thuỷ hưu văn kích trúc thanh,",易水休聞擊筑聲，
Hàm quan vị thính minh kê khách.,函關未聽鳴雞客。
"Độc bội hàn đăng cứ cảo ngô,",獨背寒燈據稿梧，
Bất tri thân tại Ngân Giang dịch.,不知身在銀江驛。
"Long Trì dược long long dĩ phi,",龍池躍龍龍已飛，
"Long đức tiên thiên, thiên bất vi.",龍德先天天不違。
"Trì khai Thiên Hán phân hoàng đạo,",池開天漢分黃道，
Long hướng thiên môn nhập Tử Vi.,龍向天門入紫微。
"Để đệ lâu đài đa khí sắc,",邸第樓臺多氣色，
Quân vương phù nhạn hữu quang huy.,君王鳧雁有光輝。
"Vị báo hoàn trung bách xuyên thuỷ,",爲報寰中百川水，
Lai triều thử địa mạc đông quy.,來朝此地莫東歸。
"Luân Đài thành đầu dạ xuy giốc,",輪臺城頭夜吹角，
Luân Đài thành bắc Mao Đầu lạc.,輪臺城北旄頭落。
"Vũ thư tạc dạ quá Cừ Lê,",羽書昨夜過渠黎，
Thiền Vu dĩ tại Kim Sơn tê.,單于已在金山西。
"Thú lâu tây vọng yên trần hắc,",戍樓西望煙塵黑，
Hán binh truân tại Luân Đài bắc.,漢兵屯在輪臺北。
"Thượng tướng ủng mao tây xuất chinh,",上將擁旄西出征，
Bình minh xuy địch đại quân hành.,平明吹笛大軍行。
"Tứ biên phạt cổ tuyết hải dũng,",四邊伐鼓雪海湧，
Tam quân đại hô Âm Sơn động.,三軍大呼陰山動。
"Lỗ tái binh khí liên vân truân,",虜塞兵氣連雲屯，
Chiến trường bạch cốt triền thảo căn.,戰場白骨纏草根。
"Kiếm hà phong cấp tuyết phiến khoát,",劍河風急雪片闊，
Sa khẩu thạch đông mã đề thoát.,沙口石凍馬蹄脫。
"Á tướng cần vương cam khổ tân,",亞相勤王甘苦辛，
Thệ tướng báo chủ tĩnh biên trần.,誓將報主靜邊塵。
"Cổ lai thanh sử thuỳ bất kiến,",古來青史誰不見，
Kim kiến công danh thắng cổ nhân.,今見功名勝古人。
"Thạch gia Kim Cốc trọng tân thanh,",石家金谷重新聲，
Minh châu thập hộc mãi phinh đình.,明珠十斛買娉婷。
"Thử nhật khả liên quân tự hứa,",此日可憐君自許，
Thử thì khả hỉ đắc nhân tình.,此時可喜得人情。
"Quân gia khuê các bất tằng nan,",君家閨閣不曾難，
Thường tướng ca vũ tá nhân khan.,常將歌舞借人看。
"Ý khí hùng hào phi phân lý,",意氣雄豪非分理，
Kiêu căng thế lực hoành tương can.,驕矜勢力橫相干。
"Từ quân khứ quân chung bất nhẫn,",辭君去君終不忍，
Đồ lao yểm duệ thương duyên phấn.,徒勞掩袂傷鉛粉。
"Bách niên ly biệt tại cao lâu,",百年離別在高樓，
Nhất đán hồng nhan vị quân tận.,一旦紅顏為君盡。
"Lũng Đầu dĩ đoạn nhân bất hành,",隴頭已斷人不行，
Hồ kỵ dạ nhập Lương Châu thành.,胡騎夜入涼州城。
"Hán gia xứ xứ cách đấu tử,",漢家處處格鬥死，
Nhất triêu tận một Lũng Tây địa.,一朝盡沒隴西地。
"Khu ngã biên nhân Hồ trung khứ,",驅我邊人胡中去，
Tán phóng ngưu dương thực hoà thử.,散放牛羊食禾黍。
"Khứ niên trung quốc dưỡng tử tôn,",去年中國養子孫，
Kim trước chiên cầu học Hồ ngữ.,今著氈裘學胡語。
"Thuỳ năng cánh sứ Lý khinh xa,",誰能更使李輕車，
Thu thủ Lương Châu thuộc Hán gia.,收取涼州屬漢家。
"Trường An thiếu niên du hiệp khách,",長安少年遊俠客，
Dạ thượng thú lâu khán Thái Bạch.,夜上戍樓看太白。
"Lũng Đầu minh nguyệt quýnh lâm quan,",隴頭明月迥臨關，
Lũng thượng hành nhân dạ xuy địch.,隴上行人夜吹笛。
"Quan tây lão tướng bất thăng sầu,",關西老將不勝愁，
Trú mã thính chi song lệ lưu.,駐馬聽之雙淚流。
"Thân kinh đại tiểu bách dư chiến,",身經大小百餘戰，
Huy hạ thiên tỳ vạn hộ hầu.,麾下偏裨萬戶侯。
"Tô Vũ tài vi Điển thuộc quốc,",蘇武才為典屬國，
Tiết mao không tận hải tây đầu.,節旄空盡海西頭。
"Sa man man, thạch thốc thốc,",沙漫漫，石簇簇，
Mã bộc xa tồi Lũng Sơn khúc.,馬仆車摧隴山曲。
"Lũng Sơn nhật nhật hành bất tiền,",隴山日日行不前，
Dạ dạ hoàn tòng Lũng gian túc.,夜夜還從隴間宿。
"Quan Đông chỉ thuyết dương trường phản,",關東只說羊腸阪，
Na tri Lũng phản như sơn viễn.,那知隴阪如山遠。
"Lũng phản uy di cự Tây Vực,",隴阪逶迤距西域，
Cổ lai thử địa hy nhân tích.,古來此地希人跡。
"Sơn xuyên bản tự cách Hoa nhung,",山川本自隔華戎，
Quân vương trực dục thôn Di Địch.,君王直欲吞夷狄。
"Tự tòng Hán Lỗ hỗ tương cừu,",自從漢虜互相仇，
Tái thượng phong trần vô nhật hưu.,塞上風塵無日休。
"Kỷ quần thiên mã lai hoang ngoại,",幾群天馬來荒外，
Bách vạn chinh nhân thú Lũng Đầu.,百萬征人戍隴頭。
"Kham ta bách vạn chinh tây tốt,",堪嗟百萬征西卒，
Bán tác Lũng Sơn sơn hạ cốt.,半作隴山山下骨。
"Thuỳ vi nhung thủ hoạ tư nhân,",誰為戎首禍斯人，
Hậu hữu Hán Vũ tiên Doanh Tần.,後有漢武先嬴秦。
"Tần gia vô sách lương khả xi,",秦家無策良可嗤，
Hán chế Hung Nô không nhĩ vi.,漢制匈奴空爾為。
"Nguyện lệnh biên quận cẩn bị khấu,",願令邊郡謹備寇，
Bất dụng Trung Nguyên đa xuất sư.,不用中原多出師。
"Lương Châu thành đầu văn đả cổ,",涼州城頭聞打鼓，
Lương Châu thành bắc tận Hồ Lỗ.,涼州城北盡胡虜。
"Vũ thư tạc dạ đáo Tây kinh,",羽書昨夜到西京，
Hồ binh dĩ phạm Lương Châu thành.,胡兵已犯涼州城。
"Lương Châu binh khí nhược vân hắc,",涼州兵氣若雲黑，
Bách vạn nhân gia giai dĩ một.,百萬人家皆已沒。
"Hán quân tây xuất địch thanh ai,",漢軍西出笛聲哀，
Hồ kỵ văn chi khứ phục lai.,胡騎聞之去復來。
"Niên niên thử địa thành biên thổ,",年年此地成邊土，
Cánh dữ Hồ nhân tương gian xứ.,竟與胡人相間處。
"Hồ nhân hữu phụ năng Hán âm,",胡人有婦能漢音，
Hán nữ diệc giải điệu Hồ cầm.,漢女亦解調胡琴。
"Điệu Hồ cầm, Án Hồ phổ,",調胡琴，按胡譜，
"Phu tế tòng quân bán sinh tử,",夫婿從軍半生死，
Mỹ nhân đạp diên thượng ca vũ.,美人踏筵尚歌舞。
"Quân bất kiến cổ lai biên đầu đa chiến thương,",君不見古來邊頭多戰傷，
Sinh nam khởi như sinh nữ cường.,生男豈如生女強。
"Ngọc Môn xuân sắc thắng Lâm Thao,",玉門春色勝臨洮，
Sắc sứ đông lai tứ cẩm bào.,敕使東來賜錦袍。
"Văn đạo Tửu Tuyền hương tự tửu,",聞道酒泉香似酒，
Bất phiền ngân úng trữ bồ đào.,不煩銀甕貯葡萄。
"Thiên trướng Hề vương tác ngoại thần,",千帳奚王作外臣，
Xạ điêu quy mộ quản huyền tân.,射雕歸暮管絃新。
"Tiếu lai bôi tửu xưng huynh đệ,",笑來杯酒稱兄弟，
Tằng thị sa trường bách chiến nhân.,曾是沙塲百戰人。
"Loan loan nguyệt xuất quải thành đầu,",彎彎月出挂城頭，
Thành đầu nguyệt xuất chiếu Lương Châu.,城頭月出照涼州。
"Lương Châu thất lý thập vạn gia,",涼州七里十萬家，
Hồ nhân bán giải đàn tỳ bà.,胡人半解彈琵琶。
"Tỳ bà nhất khúc trường kham đoạn,",琵琶一曲腸堪斷，
"Phong tiêu tiêu hề dạ man man,",風蕭蕭兮夜漫漫。
Hà Tây mạc trung đa cố nhân.,河西幕中多故人，
Cố nhân biệt lai tam ngũ xuân.,故人別來三五春。
"Hoa môn lâu tiền kiến thu thảo,",花門樓前見秋草，
Khởi năng bần tiện tương khan lão.,豈能貧賤相看老。
"Nhất sinh đại tiếu năng kỷ hồi,",一生大笑能幾回，
Đẩu tửu tương phùng tu tuý đảo.,斗酒相逢須醉倒。
"Lưỡng chu các,",兩朱閣，
Nam bắc tương đối khởi.,南北相對起。
Tá vấn hà nhân gia?,借問何人家？
Trinh Nguyên song đế tử.,貞元雙帝子。
"Đế tử xuy tiêu song đắc tiên,",帝子吹簫雙得仙，
Ngũ vân phiêu phiêu phi thướng thiên.,五雲飄飄飛上天。
"Đệ trạch đình đài bất tương khứ,",第宅亭台不將去，
Hoá vi Phật tự tại nhân gian.,化為佛寺在人間。
"Trang các kỹ lâu hà tịch tĩnh,",妝閣妓樓何寂靜，
Liễu tự vô yêu trì tự kính.,柳似無腰池似鏡。
"Hoa lạc hoàng hôn tiễu tiễu thời,",花落黃昏悄悄時，
Bất văn cổ xuy văn chung khánh.,不聞鼓吹聞鍾磬。
"Tự môn sắc bảng kim tự thư,",寺門敕榜金字書，
Ni viện Phật đình khoan hữu dư.,尼院佛庭寬有餘。
"Thanh đài minh nguyệt đa nhàn địa,",青苔明月多閑地，
Tỉ ốc tề dân vô xứ cư.,比屋齊民無處居。
"Ức tạc Bình Dương trạch sơ trí,",憶昨平陽宅初置，
Bính thôn bình nhân kỷ gia địa.,並吞平人幾家地。
"Tiên khứ song song tác Phạm cung,",仙去雙雙作梵宮，
Tiệm khủng nhân gia hoá vi tự.,漸恐人家化為寺。
"Chinh câu đạp tuyết xuất đô thành,",征駒踏雪出都城，
Miên mạc trường đồ sấn dạ hành.,綿邈長途趁夜行。
"Hoang thự nguyệt trầm vân liễm ảnh,",荒墅月沈雲歛影，
Hoành kiều băng đống thuỷ vô thanh.,橫橋冰凍水無聲。
"Đạo bàng sương liễu không dao lạc,",道旁霜柳空摇落，
Xa thượng phong đăng bán diệt minh.,車上風燈半滅明。
"Lẫm liệt hàn uy xâm đoản mấn,",凜烈寒威侵短鬢，
Khả lân quy khách tối tham trình.,可憐歸客最貪程。
"Ngân Hà hốt như Hồ Tử quyết,",銀河忽如瓠子決，
Tả chư Ngũ Lão chi phong tiền.,瀉諸五老之峰前。
"Ngã nghi thiên tôn chức tố luyện,",我疑天孫織素練，
Tố luyện thoát trục thuỳ thanh thiên.,素練脫軸垂青天。
"Tiện dục thủ bả Tinh Châu tiễn,",便欲手把并州剪，
Tiễn thủ nhất bức lưu ly yên.,剪取一幅琉璃煙。
"Tương phùng Vân Thạch tử,",相逢雲石子，
Hữu tự Tróc Nguyệt tiên.,有似捉月仙。
"Tửu hầu vô nại dạ khát thậm,",酒喉無耐夜渴甚，
Kỵ kình hấp hải khô tang điền.,騎鯨吸海枯桑田。
"Cư nhiên hoá tác thập vạn trượng,",居然化作十萬丈，
Ngọc hồng đảo quải thanh lãnh uyên.,玉虹倒挂清冷淵。
"Xuân phong tiểu viện khước lai thì,",春風小院卻來時，
Bích gian duy kiến sứ quân thi.,壁間惟見使君詩。
"Ưng vấn sứ quân hà xứ khứ,",應問使君何處去，
Bằng hoa thuyết dữ xuân phong tri.,憑花說與春風知。
"Niên niên tuế tuế hà cùng dĩ,",年年歲歲何窮已，
Hoa tự kim niên nhân lão hỉ.,花似今年人老喜。
"Khứ niên Thôi Hộ nhược trùng lai,",去年崔護若重來，
Tiền độ Lưu lang tại thiên lý.,前度劉郎在千里。
"Thái Thạch giang biên Lý Bạch phần,",采石江邊李白墳，
Nhiễu điền vô hạn thảo liên vân.,繞田無限草連雲。
"Khả liên hoang lũng cùng tuyền cốt,",可怜荒壟窮泉骨，
Tằng hữu kinh thiên động địa văn.,曾有惊天動地文。
"Đãn thị thi nhân đa bạc mệnh,",但是詩人多薄命，
Tựu trung luân lạc bất qua quân.,就中淪落不過君。
"Ngô ty Thục đồng trương cao thu,",吳絲蜀桐張高秋，
Không sơn ngưng vân đồi bất lưu.,空山凝雲頹不流。
"Giang Nga đề trúc, Tố Nữ sầu,",江娥啼竹素女愁，
Lý Bằng trung quốc đàn không hầu.,李憑中國彈箜篌。
"Côn Sơn ngọc toái, phụng hoàng khiếu,",昆山玉碎鳳凰叫，
"Phù dung khấp lộ, hương lan tiếu.",芙蓉泣露香蘭笑。
"Thập nhị môn tiền dung lãnh quang,",十二門前融冷光，
Nhị thập tam ty động Tử Hoàng.,二十三絲動紫皇。
"Nữ Oa luyện thạch bổ thiên xứ,",女媧煉石補天處，
Thạch phá thiên kinh đậu thu vũ.,石破天驚逗秋雨。
"Mộng nhập thần sơn giáo Thần Ẩu,",夢入神山教神嫗，
Lão ngư khiêu ba sấu giao vũ.,老魚跳波瘦蛟舞。
"Ngô Chất bất miên ỷ quế thụ,",吳質不眠倚桂樹，
Lộ cước tà phi thấp hàn thố.,露腳斜飛濕寒兔。
"Dạ ngoạ tằng văn hải đào thanh,",夜臥曾聞海濤聲，
Hiểu hành chân kiến hải đào minh.,曉行真見海濤鳴。
"Nguỵ dị đại quan nãi như thị,",詭異大觀乃如是，
Hồng lan dục hám sơn câu khuynh.,洪瀾欲撼山俱傾。
"Tích thời Tôn Xác chí dục tráng,",昔時宗愨志欲壯，
Thừa phong dục phá vạn lý lãng.,乘風欲破萬里浪。
"Nam minh phù dao nan hứng kỳ,",南溟扶搖難興期，
Hà như ngoạn âu Đông hải thượng.,何如玩鷗東海上。
"Bàng hữu loạn thạch lập thôi ngôi,",旁有亂石立崔嵬，
Vân thị tích nhân thuỳ điếu đài.,云是昔人垂釣臺。
"Ngã dục phi thảo tầm cựu tích,",我欲披草尋舊蹟，
Bạch sa thố tạp ấn thương đài.,白沙錯雜印蒼苔。
"Giang Lăng thành tây nhị nguyệt vĩ,",江陵城西二月尾，
Hoa bất kiến đào duy kiến lý.,花不見桃惟見李。
"Phong nhu vũ luyện tuyết tu tỷ,",風揉雨練雪羞比，
Ba đào phiên không diểu vô sĩ.,波濤翻空杳無涘。
Quân tri thử xứ hoa hà tự?,君知此處花何似？
"Bạch hoa đảo chúc thiên dạ minh,",白花倒燭天夜明，
Quần kê kinh minh quan lại khởi.,群雞驚鳴官吏起。
"Kim ô hải để sơ phi lai,",金烏海底初飛來，
Chu huy tán xạ thanh hà khai.,朱輝散射青霞開。
"Mê hồn loạn nhãn khán bất đắc,",迷魂亂眼看不得，
Chiếu diệu vạn thụ phồn như đôi.,照耀萬樹繁如堆。
"Niệm tích thiếu niên trước du yến,",念昔少年著遊燕，
Đối hoa khởi tỉnh tằng từ bôi.,對花豈省曾辭杯。
"Tự tòng lưu lạc ưu cảm tập,",自從流落憂感集，
Dục khứ vị đáo tư tiên hồi.,欲去未到思先回。
"Chỉ kim tứ thập dĩ như thử,",只今四十已如此，
Hậu nhật cánh lão thuỳ luận tai?,後日更老誰論哉？
"Lực huề nhất tôn độc tựu tuý,",力攜一樽獨就醉，
Bất nhẫn hư trịch uỷ hoàng ai.,不忍虛擲委黃埃。
"Trượng nhân tuấn mã danh Hồ lưu,",丈人駿馬名胡騮，
Tiền niên tỵ hồ quá Kim Ngưu.,前年避胡過金牛。
"Hồi tiên khước tẩu kiến thiên tử,",回鞭卻走見天子，
Triêu ẩm Hán thuỷ mộ Linh châu.,朝飲漢水暮靈州。
"Tự căng Hồ lưu kỳ tuyệt đại,",自矜胡騮奇絕代，
Thừa xuất thiên nhân vạn nhân ái.,乘出千人萬人愛。
"Nhất văn thuyết tận cấp nan tài,",一聞說盡急難材，
Chuyển ích sầu hướng nô đài bối.,轉益愁向駑駘輩。
"Đầu thượng nhuệ nhĩ phê thu trúc,",頭上銳耳批秋竹，
Cước hạ cao đề tước hàn ngọc.,腳下高蹄削寒玉。
"Thuỷ tri thần long biệt hữu chủng,",始知神龍別有種，
Bất tỷ tục mã không đa nhục.,不比俗馬空多肉。
"Lạc Dương đại đạo thì tái thanh,",洛陽大道時再清，
Luỹ nhật hỉ đắc câu đông hành.,累日喜得俱東行。
"Phụng ức long kỳ vị dị thức,",鳳臆龍鬐未易識，
Trắc thân chú mục trường phong sinh.,側身注目長風生。
"Vương lữ toàn hề bối cố hương,",王旅旋兮背故鄉，
Bỉ quân tử hề đốc nhân cương.,彼君子兮篤人綱。
"Dắng dư hành hề quy sóc phương,",媵予行兮歸朔方，
Trì nguyên thấp hề tầm cựu cương.,馳原隰兮尋舊疆。
"Ngã xa bôn hề mã phồn tương,",我車奔兮馬繁驤，
Thiệp phù Tế hề phiếm khinh hàng.,涉浮濟兮汎輕航。
"Hất Nguỵ đô hề tức lan phòng,",迄魏都兮息蘭房，
Triển yến hảo hề duy lạc khang.,展宴好兮惟樂康。
"Lương phong túc hề bạch lộ tư,",涼風肅兮白露滋，
Mộc cảm khí hề điều diệp từ.,木感氣兮條葉辭。
"Lâm lục thuỷ hề đăng sùng cơ,",臨淥水兮登崇基，
Chiết thu hoa hề thái linh chi.,折秋華兮採靈芝，
Tầm vĩnh quy hề tặng sở tư.,尋永歸兮贈所思。
"Cảm ly cách hề hội vô kỳ,",感離隔兮會無期，
Y uất ấp hề tình bất di.,伊鬱悒兮情不怡。
Quân bất kiến:,君不見：
"Lý hữu ly phụ sầu độc túc,",里有嫠父愁獨宿，
Doanh thực mưu y nhật bất túc.,營食謀衣日不足。
"Lân ảo kiến chi liên cơ hàn,",鄰媼見之憐饑寒，
Thất gia mưu dữ thiếu niên tục.,室家謀與少年續。
"Thiếu niên cường tráng thị dục quảng,",少年強壯嗜欲廣，
Ly phụ bì bệnh cân lực suy.,嫠婦疲病筋力衰。
"Cung cấp sử linh bất tương ứng,",供給使令不相應，
Túng nhiên kiến hợp chung tất ly.,縱然見合終必離。
"Tái tiếu bản vị cơ hàn mưu,",再醮本為饑寒謀，
Bất miễn cơ hàn thị khả sỉ.,不免饑寒是可恥。
"Huống phục bất văn phụ mẫu ngôn,",況復不聞父母言，
Tư bôn cánh vi lân lý bỉ.,私奔更為鄰里鄙。
Ta ta lân ảo hà ái ly?,嗟嗟鄰媼何愛嫠？
"Ái chi tắc thị, mưu tắc phi.",愛之則是謀則非。
"Cơ hàn chỉ ưng túc bố cấp,",饑寒只應粟布給，
Lão đại tái tiếu phi sở nghi.,老大再醮非所宜。
"Thương Hiệt điểu tích ký mang muội,",蒼頡鳥跡既茫昧，
Tự thể biến hoá như phù vân.,字體變化如浮雲。
"Trần Thương thạch cổ hựu dĩ ngoa,",陳倉石鼓又已訛，
Đại tiểu nhị triện sinh bát phân.,大小二篆生八分。
"Tần hữu Lý Tư, Hán Thái Ung,",秦有李斯漢蔡邕，
Trung gian tác giả tịch bất văn.,中間作者寂不聞。
"Dịch sơn chi bi dã hoả phần,",嶧山之碑野火焚，
Tảo mộc truyền khắc phì thất chân.,棗木傳刻肥失真。
"Khổ Huyền Quang hoà thượng cốt lập,",苦縣光和尚骨立，
Thư quí sấu ngạnh phương thông thần.,書貴瘦硬方通神。
"Tích tai Lý, Thái bất phục đắc,",惜哉李蔡不復得，
Ngô sanh Lý Triều hạ bút thân.,吾甥李潮下筆親。
"Thượng thư Hàn Trạch Mộc,",尚書韓擇木，
Kỵ tào Thái Hữu Lân.,騎曹蔡有鄰。
"Khai Nguyên dĩ lai số bát phân,",開元已來數八分，
Triều dã yểm hữu nhị tử thành tam nhân.,潮也奄有二子成三人。
"Huống Triều tiểu triện bức Tần tướng,",況潮小篆逼秦相，
Khoái kiếm trường kích sâm tương hướng.,快劍長戟森相向。
"Bát phân nhất tự trị bách kim,",八分一字直百金，
Giao long bàn noa nhụ quật cưỡng.,蛟龍盤拏肉屈強。
"Ngô quận Trương Điên khoa thảo thư,",吳郡張顛誇草書，
Thảo thư phi cổ không hùng tráng.,草書非古空雄壯。
"Khởi như ngô sanh bất lưu đãng,",豈如吾甥不流宕，
"Thừa tướng, trung lang trượng nhân hàng.",丞相中郎丈人行。
"Ba Đông phùng Lý Triều,",巴東逢李潮，
Du nguyệt cầu ngã ca.,逾月求我歌。
"Ngã kim suy lão tài lực bạc,",我今衰老才力薄，
"Triều hồ, Triều hồ nại nhữ hà!",潮乎潮乎奈汝何。
"Sinh vô sở thành đầu hạo bạch,",生無所成頭皓白，
Nha xỉ dục lạc chân khả tích.,牙齒欲落真可惜。
"Ức hiến tam phú Bồng Lai cung,",憶獻三賦蓬萊宮，
Tự quái nhất nhật thanh huy hách.,自怪一日聲輝赫。
"Tập hiền học sĩ như đổ tường,",集賢學士如堵牆，
Quan ngã lạc bút Trung thư đường.,觀我落筆中書堂。
"Vãng thì văn thái động nhân chủ,",往時文綵動人主，
Thử nhật cơ hàn xu lộ bàng.,此日饑寒趨路傍。
"Vãn tướng mạt khiết thác niên thiếu,",晚將末契托年少，
Đương diện thâu tâm bối diện tiếu.,當面輸心背面笑。
"Ký tạ du du thế thượng nhi,",寄謝悠悠世上兒，
Bất tranh hảo ác mạc tương nghi.,不爭好惡莫相疑。
"Lục bồn tiểu thụ chi chi hảo,",綠盆小樹枝枝好，
Hoa tỷ nhân gia biệt khai tảo.,花比人家別開早。
"Mạch đầu đảm đắc xuân phong hành,",陌頭擔得春風行，
Mỹ nhân xuất liêm văn khiếu thanh.,美人出帘聞叫聲。
"Di khứ mạc sầu hoa bất hoạt,",移去莫愁花不活，
Mại dữ hoàn truyền chủng hoa quyết.,賣與還傳種花訣。
"Dư hương mãn lộ nhật mộ quy,",餘香滿路日暮歸，
Do hữu phong điệp tương tuỳ phi.,猶有蜂蝶相隨飛。
"Mãi hoa chu môn kỷ hồi cải,",買花朱門幾回改，
Bất như đảm thượng hoa trường tại.,不如擔上花長在。
Mại thán ông!,賣炭翁，
"Phạt tân, thiêu thán Nam Sơn trung,",伐薪燒炭南山中。
"Mãn diện trần hôi yên hoả sắc,",滿面塵灰煙火色，
"Lưỡng mấn thương thương, thập chỉ hắc,",兩鬢蒼蒼十指黑。
Mại thán đắc tiền hà sở doanh?,賣炭得錢何所營，
"Thân thượng y thường, khẩu trung thực,",身上衣裳口中食。
Khả liên thân thượng y chính đan.,可憐身上衣正單，
Tâm ưu thán tiện nguyện thiên hàn.,心憂炭賤願天寒。
"Dạ lai thành thượng nhất xích tuyết,",夜來城上一尺雪，
Hiểu giá thán xa triển băng triệt.,曉駕炭車輾冰轍。
"Ngưu khốn, nhân cơ, nhật dĩ cao,",牛困人飢日已高，
Thị nam môn ngoại nê trung yết.,市南門外泥中歇。
Phiên phiên lưỡng kỵ lai thị thuỳ?,翩翩兩騎來是誰，
Hoàng y sứ giả bạch sam nhi.,黃衣使者白衫兒。
"Thủ bả văn thư, khẩu xưng: “sắc”!",手把文書口稱敕，
Hồi xa sất ngưu khiên hướng Bắc.,回車叱牛牽向北。
"Nhất xa thán, thiên dư cân,",一車炭，千餘斤，
Cung sứ khu tương tích bất đắc.,宮使驅將惜不得。
"Bán thất hồng sa, nhất trượng lăng",半匹紅紗一丈綾，
Hệ hướng ngưu đầu sung thán trị.,繫向牛頭充炭直。
"Nam sơn bắc sơn thụ minh minh,",南山北山樹冥冥，
Mãnh hổ bạch nhật nhiễu thôn hành.,猛虎白日繞村行。
"Hướng vãn nhất thân đương đạo thực,",向晚一身當道食，
Sơn trung mi lộc tận vô thanh.,山中麋鹿盡無聲。
"Niên niên dưỡng tử tại thâm cốc,",年年養子在深谷，
Thư hùng thượng hạ bất tương trục.,雌雄上下不相逐。
"Cốc trung cận quật hữu sơn thôn,",谷中近窟有山村，
Trường hướng thôn gia thủ hoàng độc.,長向村家取黃犢。
"Ngũ Lăng niên thiếu bất cảm xạ,",五陵年少不敢射，
Không lai lâm hạ khán hành tích.,空來林下看行跡。
"Thôn manh chung tuế bất nhập thành,",村甿終歲不入城，
Nhập thành phạ phùng huyện lệnh hành.,入城怕逢縣令行。
"Hành phùng huyện lệnh thượng do khả,",行逢縣令尚猶可，
Mạc kiến đương nha cứ án toạ.,莫見當衙据案坐。
"Đãn văn toạ xứ dĩ kinh hồn,",但聞坐處已驚魂，
Hà sự huyên oanh lai hướng thôn.,何事喧轟來向村。
"Lang đang sửu giới tòng thanh cái,",鋃鐺杻械從青蓋，
Lang cố hồ hào bố sát nhân.,狼顧狐嗥怖殺人。
"Tiên si bảng lược thảm bất chỉ,",鞭笞榜掠慘不止，
Lão ấu gia gia huyết tương thị.,老幼家家血相視。
"Quan tư kế tận sinh lộ vô,",官私計盡生路無，
Bất như khước tựu thành trung tử.,不如卻就城中死。
"Nhất hô vạn ứng tề huy quyền,",一呼萬應齊揮拳，
Tư lệ bôn tán như phi yên.,胥隸奔散如飛煙。
Khả lân huyện lệnh soán hà xứ?,可憐縣令竄何處？
Nhãn vọng cao thành bất cảm tiền.,眼望高城不敢前。
"Thành trung đại quan lâm quảng đường,",城中大官臨廣堂，
Pha tri huyện lệnh xuất chẩn hoang.,頗知縣令出賑荒。
"Môn ngoại manh thanh hốt đỉnh phất,",門外甿聲忽鼎沸，
Cấp truyền ôn ngữ vô trương hoàng.,急傳溫語無張皇。
"Thành trung tửu nùng bác thác hảo,",城中酒濃餺飥好，
Nhân nhân cấp tiền mãi tuý bão.,人人給錢買醉飽。
"Tuý bão tranh xu huyện lệnh nha,",醉飽爭趨縣令衙，
Triệt phi huỷ các như phong tảo.,撤扉毀閣如風掃。
"Huyện lệnh thâm tiêu bồ bặc quy,",縣令深宵匍匐歸，
Nô nhan tù thủ tiêu hung uy.,奴顏囚首銷凶威。
"Cật triêu manh khứ thành trung định,",詰朝甿去城中定，
Đại quan tư ta cố huyện lệnh.,大官咨嗟顧縣令。
"Mẫu biệt tử, tử biệt mẫu,",母別子，子別母，
Bạch nhật vô quang khốc thanh khổ.,白日無光哭聲苦。
"Quan Tây phiêu kỵ đại tướng quân,",關西驃騎大將軍，
Khứ niên phá lỗ tân sách huân.,去年破虜新策勳。
"Sắc tứ kim tiền nhị bách vạn,",敕賜金錢二百萬，
Lạc Dương nghinh đắc như hoa nhân.,洛陽迎得如花人。
"Tân nhân nghinh lai cựu nhân khí,",新人迎來舊人棄，
Chưởng thượng liên hoa nhãn trung thích.,掌上蓮花眼中刺。
"Sủng tân khí cựu vị túc bi,",寵新棄舊未足悲，
Bi tại quân gia lưu lưỡng nhi.,悲在君家留兩兒。
"Nhất thuỷ phù sàng nhất sơ toạ,",一始扶床一初坐，
Toạ đề hành khốc khiên nhân y.,坐啼行哭牽人衣。
"Dĩ nhữ phu phụ tân yến uyển,",以汝夫婦新嬿婉，
Sử ngã mẫu tử sinh biệt ly.,使我母子生別離。
"Bất như lâm trung ô dữ thước,",不如林中烏與鵲，
Mẫu bất thất sồ hùng bạn thư.,母不失雛雄伴雌。
"Ưng tự hậu viên đào lý thụ,",應似後園桃李樹，
Hoa lạc tuỳ phong tử tại chi.,花落隨風子在枝。
"Tân nhân tân nhân thính ngã ngữ,",新人新人聽我語，
Lạc Dương vô hạn hồng lâu nữ.,洛陽無限紅樓女。
"Đãn nguyện tướng quân trọng lập công,",但願將軍重立功，
Cánh hữu tân nhân thắng ư nhữ.,更有新人勝於汝。
"Bát nguyệt lương phong thiên khí tinh,",八月涼風天氣晶，
Vạn lý vô vân Hà Hán minh.,萬里無雲河漢明。
"Hôn kiến nam lâu thanh thả thiển,",昏見南樓清且淺，
Hiểu lạc Tây sơn tung phục hoành.,曉落西山縱復橫。
"Lạc Dương thành khuyết thiên trung khởi,",洛陽城闕天中起，
Trường hà dạ dạ thiên môn lý.,長河夜夜千門裡。
"Phức đạo liên manh cộng tế khuy,",複道連甍共蔽虧，
Hoạ đường quỳnh hộ đặc tương nghi.,畫堂瓊戶特相宜。
"Vân mẫu trướng tiền sơ phiếm lạm,",雲母帳前初泛濫，
Thuỷ tinh liêm ngoại chuyển uy dĩ.,水晶簾外轉逶迤。
"Trác bỉ thiều hồi như luyện bạch,",倬彼昭回如練白，
Phục xuất đông thành tiếp nam mạch.,復出東城接南陌。
"Nam mạch chinh nhân khứ bất quy,",南陌征人去不歸，
Thuỳ gia kim dạ đảo hàn y?,誰家今夜搗寒衣？
"Uyên ương cơ thượng sơ huỳnh độ,",鴛鴦機上疏螢度，
Ô Thước kiều biên nhất nhạn phi.,烏鵲橋邊一雁飛。
"Nhạn phi huỳnh độ sầu nan tiết,",雁飛螢度愁難歇，
Toạ kiến minh hà tiệm vi một.,坐見明河漸微沒。
"Dĩ năng thư quyển nhậm phù vân,",已能舒卷任浮雲，
Bất tích quang huy nhượng lưu nguyệt.,不惜光輝讓流月。
"Minh hà khả vọng bất khả thân,",明河可望不可親，
Nguyện đắc thừa tra nhất vấn tân.,願得乘槎一問津。
"Canh tương Chức Nữ chi cơ thạch,",更將織女支機石，
Hoàn phỏng Thành Đô mại bốc nhân.,還訪成都賣卜人。
"Trường An nguyệt,",長安月，
Ly ly xuất hải kiều.,離離出海嶠。
"Dao kiến Tằng Thành ẩn bán luân,",遥見層城隱半輪，
Tiệm khan a các hàm sơ chiếu.,漸看阿閣銜初照。
"Liễm diễm hoàng kim ba,",瀲滟黄金波，
Đoàn viên bạch ngọc bàn.,團圓白玉盤。
"Thanh thiên lưu ảnh phi hồng nhuỵ,",青天流影披紅蕊，
Bạch lộ hàm huy phiếm tử lan.,白露含輝泛紫蘭。
"Tử lan hồng nhuỵ tây phong khởi,",紫蘭紅蕊西風起，
Cửu cù giáp đạo thu như thuỷ.,九衢夾道秋如水。
"Cẩm hoảng cao khiên hương vụ nùng,",錦幌高褰香霧濃，
Toả vi tà ánh khinh hà cử.,瑣闈斜映輕霞舉。
"Vụ trầm hà lạc thiên vũ khai,",霧沉霞落天宇開，
Vạn hộ thiên môn minh nguyệt lý.,萬戶千門明月裏。
"Nguyệt minh hạo hạo mạch tây đông,",月明皎皎陌西東，
Bách Tẩm thiều nghiêu vọng bất mê.,柏寢岧嶢望不迷。
"Hầu gia đài tạ quang tiên mãn,",侯家臺榭光先滿，
Thích lý sinh ca ảnh sạ đê.,戚裏笙歌影乍低。
"Trạc trạc phù dung sinh ngọc chiểu,",濯濯芙蓉生玉沼，
Quyên quyên dương liễu phú kim đê.,娟娟楊柳覆金堤。
"Phụng Hoàng lâu thượng xuy tiêu nữ,",鳳凰樓上吹簫女，
Tất suất đường trung chức cẩm thê.,蟋蟀堂中織錦妻。
"Biệt hữu thâm cung bế thâm viện,",別有深宮閉深院，
Niên niên tuế tuế sầu tương kiến.,年年歲歲愁相見。
"Kim ốc huỳnh lưu Trường Tín giai,",金屋螢流長信階，
Ỷ lung yến nhập Chiêu Dương điện.,綺櫳燕入昭陽殿。
"Triệu nữ thông tiêu thị ngự sàng,",趙女通宵侍禦床，
Ban Cơ thử tịch bi đoàn phiến.,班姬此夕悲團扇。
"Thu lai minh nguyệt chiếu Kim Vi,",秋來明月照金微，
Du hoàng sa bạch lộ uy di.,榆黄沙白路逶迤。
"Chinh phu tái thượng hành lân ảnh,",征夫塞上行憐影，
Thiếu phụ song tiền tưởng hoạ mi.,少婦窗前想畫眉。
"Thượng Lâm hồng nhạn thư trung hận,",上林鴻雁書中恨，
Bắc địa quan sơn địch lý bi.,北地關山笛裏悲。
"Thư trung địch lý không tương ức,",書中笛裏空相憶，
Kỷ kiến doanh khuy lệ triêm ức.,幾見盈虧淚沾臆。
"Hồng khuê mạo giảm lạc xuân hoa,",紅閨貌減落春華，
Ngọc Môn trường đoạn phùng thu sắc.,玉門腸斷逢秋色。
"Xuân hoa thu sắc đệ như lưu,",春華秋色遞如流，
Đông gia oán nữ thướng trang lâu.,東家怨女上妝樓。
"Lưu Tô trướng quyển sơ an kính,",流蘇帳卷初安鏡，
Phỉ thuý liêm khai tự thượng câu.,翡翠帘開自上鉤。
"Hà biên Chức Nữ kỳ thất tịch,",河邊織女期七夕，
Thiên thượng Thường Nga nại cửu thu.,天上嫦娥奈九秋。
"Thất tịch phong đào hoàn khả độ,",七夕風濤還可渡，
Cửu thu sương lộ quýnh sinh sầu.,九秋霜露迥生愁。
"Cửu thu thất tịch tu du dị,",九秋七夕須臾易，
Thịnh niên nhất khứ chân kham tích.,盛年一去真堪惜。
"Khả lân dương thái nhập la vi,",可憐揚彩入羅幃，
Khả lân lưu tố ngưng dao tịch.,可憐流素凝瑤席。
"Vị tác đương lô mại tửu nhân,",未作當壚賣酒人，
Nan yêu nhập toạ viên cầm khách.,難邀入座援琴客。
"Khách tâm đối thử thán sa đà,",客心對此嘆蹉跎，
Ô thước nam phi khả nại hà.,烏鵲南飛可奈何。
"Giang đầu thương phụ di thuyền đãi,",江頭商婦移船待，
Hồ thượng giai nhân hiệp sắt ca.,湖上佳人挾瑟歌。
"Thử thời bằng lan thuỳ ngọc trợ,",此時憑欄垂玉箸，
Thử thời diệt chúc liễm thanh nga.,此時滅燭斂青娥。
"Ngọc trợ thanh nga khổ giam oán,",玉箸青娥苦緘怨，
Giam oán hàm tình bất năng thổ.,緘怨含情不能吐。
"Lệ sắc xuân nghiên đào lý hề,",麗色春妍桃李蹊，
Trì huy vãn mị xương bồ phố.,遲輝晚媚菖蒲浦。
"Dữ quân tương tư tại nhị bát,",與君相思在二八，
Dữ quân tương kỳ tại tam ngũ.,與君相期在三五。
"Không trì dạ bị thiếp uyên ương,",空持夜被貼鴛鴦，
Không trì noãn ngọc kình anh vũ.,空持暖玉擎鸚鵡。
"Thanh sam khấp yểm tỳ bà huyền,",青衫泣掩琵琶弦，
Ngân bình nhẫn đối không hầu ngữ.,銀屏忍對箜篌語。
"Không hầu tái đàn nguyệt dĩ vi,",箜篌再彈月已微，
Xuyên lang nhập thát ái tà huy.,穿廊入闥靄斜輝。
"Quy tâm nhật viễn đại đao chiết,",歸心日遠大刀折，
Cực mục thiên nhai phá kính phi.,極目天涯破鏡飛。
"Hồ nhân dĩ yên mã vi gia,",胡人以鞍馬為家，
Xạ lạp vi tục.,射獵為俗。
"Tuyền cam thảo mỹ vô thường xứ,",泉甘草美無常處，
Điểu kinh thú hãi tranh trì trục.,鳥驚獸駭爭馳逐。
"Thuỳ tương Hán nữ giá Hồ nhi,",誰將漢女嫁胡兒，
Phong sa vô tình mạo như ngọc.,風沙無情貌如玉。
"Thân hành bất ngộ Trung Quốc nhân,",身行不遇中國人，
Mã thượng tự tác tư quy khúc.,馬上自作思歸曲。
"Thôi thủ vi tỳ khước thủ bà,",推手為琵卻手琶，
Hồ nhân cộng thính diệc tư ta.,胡人共聽亦咨嗟。
"Ngọc nhan lưu lạc tử thiên nhai,",玉顏流落死天涯，
Tỳ bà khước truyền lai Hán gia.,琵琶卻傳來漢家。
"Hán cung tranh án tân thanh phổ,",漢宮爭按新聲譜，
Di hận dĩ thâm thanh cánh khổ.,遺恨已深聲更苦。
"Tiêm tiêm nữ thủ sinh động phòng,",纖纖女手生洞房，
Học đắc tỳ bà bất hạ đường.,學得琵琶不下堂。
"Bất thức hoàng vân xuất tái lộ,",不識黃雲出塞路，
Khởi tri thử thanh năng đoạn trường.,豈知此聲能斷腸。
"Minh phi sơ xuất Hán cung thì,",明妃初出漢宮時，
Lệ thấp xuân phong mấn cước thuỳ.,淚濕春風鬢腳垂。
"Đê hồi cố ảnh vô nhan sắc,",低回顧影無顏色，
Thượng đắc quân vương bất tự trì.,尚得君王不自持。
"Quy lai khước quái đan thanh thủ,",歸來卻怪丹青手，
Nhập nhãn bình sinh vị tằng hữu.,入眼平生未曾有。
"Ý thái do lai hoạ bất thành,",意態由來畫不成，
Đương thời uổng sát Mao Diên Thọ.,當時枉殺毛延壽。
"Nhất khứ tâm tri cánh bất quy,",一去心知更不歸，
Khả liên trước tận Hán cung y.,可憐著盡漢宮衣。
"Ký thanh dục vấn tái nam sự,",寄聲欲問塞南事，
Chỉ hữu niên niên hồng nhạn phi.,只有年年鴻雁飛。
"Gia nhân vạn lý truyền tiêu tức,",家人萬里傳消息：
Hảo tại chiên thành mạc tương ức.,好在氈城莫相憶；
Quân bất kiến:,君不見：
"Chỉ xích Trường Môn bế A Kiều,",咫尺長門閉阿嬌，
Nhân sinh thất ý vô nam bắc.,人生失意無南北。
"Minh phi sơ giá dữ Hồ nhi,",明妃初嫁與胡兒，
Chiên xa bách lượng giai Hồ ky.,氈車百輛皆胡姬。
"Hàm tình dục ngữ độc vô xứ,",含情欲語獨無處，
Truyền dữ tỳ bà tâm tự tri.,傳與琵琶心自知。
"Hoàng kim can bát xuân phong thủ,",黃金桿撥春風手，
Đàn khán phi hồng khuyến Hồ tửu.,彈看飛鴻勸胡酒。
"Hán cung thị nữ ám thuỳ lệ,",漢宮侍女暗垂淚，
Sa thượng hành nhân khước hồi thủ.,沙上行人卻回首。
"Hán ân tự thiển Hồ ân thâm,",漢恩自淺胡恩深，
Nhân sinh lạc tại tương tri tâm.,人生樂在相知心。
"Khả liên thanh trủng dĩ vu một,",可憐青冢已蕪沒，
Thượng hữu ai huyền lưu chí kim.,尚有哀弦留至今。
"Lão thố hàn thiềm khấp thiên sắc,",老兔寒蟾泣天色，
Vân lâu bán khai Bích tà bạch.,雲樓半開壁斜白。
"Ngọc luân loát lộ thấp đoàn quang,",玉輪軋露濕團光，
Loan bội tương phùng quế hương mạch.,鸞佩相逢桂香陌。
"Hoàng trần thanh thuỷ tam sơn hạ,",黃塵清水三山下，
Canh biến thiên niên như tẩu mã.,更變千年如走馬。
"Dao vọng Tề Châu cửu điểm yên,",遙望齊州九點煙，
Nhất hoằng hải thuỷ bôi trung tả.,一泓海水杯中瀉。
"Cửu khách đa uổng hữu bằng thư,",久客多枉友朋書，
Tố thư nhất nguyệt phàm nhất thúc.,素書一月凡一束。
"Hư danh đãn mông hàn ôn vấn,",虛名但蒙寒溫問，
Phiếm ái bất cứu câu hác nhục.,泛愛不救溝壑辱。
"Xỉ lạc vị thị vô tâm nhân,",齒落未是無心人，
Thiệt tồn sỉ tác cùng đồ khốc.,舌存恥作窮途哭。
"Đạo Châu thủ trát thích phục chí,",道州手札適復至，
Chỉ trường yêu tự tam quá độc.,紙長要自三過讀。
"Doanh bả na tu thương hải châu,",盈把那須滄海珠，
Nhập hoài bản ỷ Côn Sơn ngọc.,入懷本倚崑山玉。
"Bát khí Đàm Châu bách hộc tửu,",撥棄潭州百斛酒，
Vu một Tiêu ngạn thiên châu cúc.,蕪沒瀟岸千株菊。
"Sử ngã trú lập phiền nhi tôn,",使我晝立煩兒孫，
Linh ngã dạ toạ phí đăng chúc.,令我夜坐費燈燭。
"Ức tử sơ uý Vĩnh Gia khứ,",憶子初尉永嘉去，
Hồng nhan bạch diện hoa ánh nhục.,紅顏白面花映肉。
"Quân phù hầu ấn thủ khởi trì,",軍符侯印取豈遲，
Tử yến lục nhĩ hành thậm tốc.,紫燕騄耳行甚速。
"Thánh triều thượng phi chiến đấu trần,",聖朝尚飛戰鬥塵，
Tế thế nghi dẫn anh tuấn nhân.,濟世宜引英俊人。
"Lê nguyên sầu thống hội tô tức,",黎元愁痛會蘇息，
Di địch bạt hỗ đồ thuân tuần.,夷狄跋扈徒逡巡。
"Thụ việt trúc đàn văn ý chỉ,",授鉞築壇聞意旨，
Đồi cương lậu võng kỳ my luân.,頹綱漏網期彌綸。
"Quách Khâm thượng thư kiến đại kế,",郭欽上書見大計，
Lưu Nghị đáp chiếu kinh quần thần.,劉毅答詔驚群臣。
"Tha nhật cánh bộc ngữ bất thiển,",他日更僕語不淺，
Minh công luận binh khí ích chấn.,明公論兵氣益振。
"Khuynh hồ tiêu quản hắc bạch phát,",傾壺簫管黑白髮，
Vũ kiếm sương tuyết xuy thanh xuân.,舞劍霜雪吹青春。
"Yến diên tằng ngữ Tô Quý Tử,",宴筵曾語蘇季子，
Hậu lai kiệt xuất vân tôn tỷ.,後來傑出雲孫比。
"Mao trai định vương thành quách môn,",茅齋定王城郭門，
Dược vật sở lão ngư thương thị.,藥物楚老漁商市。
"Thị bắc khiên dư mỗi liên duệ,",市北肩輿每聯袂，
Quách nam bão úng diệc ẩn kỷ.,郭南抱甕亦隱几。
"Vô số tướng quân tây đệ thành,",無數將軍西第成，
Tảo tác thừa tướng đông sơn khởi.,早作丞相東山起。
"Điểu tước khổ phì thu túc thục,",鳥雀苦肥秋粟菽，
Giao long dục chập hàn sa thuỷ.,蛟龍欲蟄寒沙水。
"Thiên hạ cổ giốc hà thì hưu,",天下鼓角何時休，
Trận tiền bộ khúc chung nhật tử.,陣前部曲終日死。
"Phụ thư dữ Bùi nhân thị Tô,",附書與裴因示蘇，
Thử sinh tỵ quý tu nhân phù.,此生巳愧須人扶。
"Trí quân Nghiêu Thuấn phó công đẳng,",致君堯舜付公等，
Tảo cứ yếu lộ tư quyên khu.,早據要路思捐軀。
"Viễn mục ngưu,",遠牧牛，
Nhiễu thôn tây nam hoà thử trù.,繞村西南禾黍稠。
"Pha trung cơ ô trác ngưu bối,",陂中飢烏啄牛背，
Linh ngã bất đắc hí lũng đầu.,令我不得戲壟頭。
"Nhập pha thảo đa ngưu tán hành,",入陂草多牛散行，
Bạch độc thì hướng lư trung minh.,白犢時向蘆中鳴。
"Cách đê xuy diệp ưng đồng dương,",隔堤吹葉應同佯，
Hoàn cổ trường tiên tam tứ thanh:,還鼓長鞭三四聲：
"“Ngưu ngưu thực thảo mạc tương xúc,",牛牛食草莫相觸，
Quan gia tiệt nhĩ đầu thượng giác!”,官家截爾頭上角！
"Sầm Tham huynh đệ giai hiếu kỳ,",岑參兄弟皆好奇，
Huề ngã viễn lai du Mỹ Bi.,攜我遠來遊渼陂。
"Thiên địa yểm thảm hốt dị sắc,",天地黤慘忽異色，
Ba đào vạn khoảnh đồi lưu ly.,波濤萬頃堆琉璃。
"Lưu ly hãn mạn phiếm chu nhập,",琉璃汗漫泛舟入，
Sự thù hứng cực ưu tư tập.,事殊興極懮思集。
"Đà tác kình thôn bất phục tri,",鼉作鯨吞不復知，
Ác phong bạch lãng hà ta cập.,惡風白浪何嗟及。
"Chủ nhân cẩm phàm tương vi khai,",主人錦帆相為開，
Chu tử hỉ thậm vô phân ai.,舟子喜甚無氛埃。
"Phù ê tán loạn trạo âu phát,",鳧鷖散亂棹謳發，
Ty quản trù thu không thuý lai.,絲管啁啾空翠來。
"Trầm can tục mạn thâm mạc trắc,",沈竿續蔓深莫測，
Lăng diệp hà hoa tĩnh như thức.,菱葉荷花靜如拭。
"Uyển tại trung lưu Bột Hải thanh,",宛在中流渤澥清，
Há quy vô cực chung nam hắc.,下歸無極終南黑。
"Bán pha dĩ nam thuần tẩm sơn,",半陂已南純浸山，
Động ảnh diểu điệu xung dung gian.,動影裊窕冲溶間。
"Thuyền huyền minh kiết vân tế tự,",船舷暝戛雲際寺，
Thuỷ diện nguyệt xuất lam điền quan.,水面月出藍田關。
"Thử thì ly long diệc thổ châu,",此時驪龍亦吐珠，
Phùng Di kích cổ quần long xu.,馮夷擊鼓群龍趨。
"Tương phi, Hán nữ xuất ca vũ,",湘妃漢女出歌舞，
Kim chi thuý kỳ quang hữu vô.,金支翠旗光有無。
"Chỉ xích đãn sầu lôi vũ chí,",咫尺但愁雷雨至，
Thương mang bất hiểu thần linh ý.,蒼茫不曉神靈意。
"Thiếu tráng kỷ thì nại lão hà,",少壯幾時奈老何，
Hướng lai ai lạc hà kỳ đa.,向來哀樂何其多。
"Nam Cung ngọc đường xuân trú tình,",南宮玉堂春晝晴，
Toả song vụ thuỳ u tứ thanh.,瑣窗霧垂幽思清。
"Tiên sinh hung thứ kỷ khâu hác,",先生胸次幾丘壑，
Đạm mặc lạc chỉ thi vô thanh.,淡墨落紙詩無聲。
"Bạch vân diệt một xuân sơn bích,",白雲滅沒春山碧，
Vạn thuỷ lâm ly nguyên khí thấp.,萬水淋漓元氣濕。
"Phong yên tự tích Lộc Môn thâm,",風煙自昔鹿門深，
Tự ái Bàng công bất lãng xuất.,似愛厖公不浪出。
"Tương Dương vân ngoạ tứ di duyệt,",襄陽雲臥思怡悅，
Bất vị nùng tiêm canh xảo chuyết.,不為濃纖更巧拙。
Hư đường sinh bạch định hà như?,虛堂生白定何如，
Ngọc khí trụ không hồng quán nguyệt.,玉氣柱空虹貫月。
"Bạch tửu tân thục sơn trung quy,",白酒新熟山中歸，
Hoàng kê trác thử thu chính phì.,黃雞啄黍秋正肥。
"Hô đồng phanh kê chước bạch tửu,",呼童烹雞酌白酒，
Nhi nữ hi tiếu khiên nhân y.,兒女嬉笑牽人衣。
"Cao ca thủ tuý dục tự uỷ,",高歌取醉欲自慰，
Khởi vũ lạc nhật tranh quang huy.,起舞落日爭光輝。
"Du thuyết vạn thặng khổ bất tảo,",游說萬乘苦不早，
Trước tiên khoá mã thiệp viễn đạo.,著鞭跨馬涉遠道。
"Cối Kê ngu phụ khinh Mãi Thần,",會稽愚婦輕買臣，
Dư diệc từ gia tây nhập Tần.,余亦辭家西入秦。
"Ngưỡng thiên đại tiếu xuất môn khứ,",仰天大笑出門去，
Ngã bối khởi thị bồng hao nhân!,我輩豈是蓬蒿人！
"Thu dã minh, thu phong bạch,",秋野明，秋風白，
Đường thuỷ liêu liêu trùng trách trách.,塘水漻漻蟲嘖嘖。
"Vân căn đài tiển san thượng thạch,",雲根臺蘚山上石，
Lãnh hồng khấp lộ kiều đề sắc.,冷紅泣露嬌啼色。
"Hoang huề cửu nguyệt đạo xoa nha,",荒畦九月稻叉牙，
Trập huỳnh đê phi lũng kính tà.,蟄螢低飛隴徑斜。
"Thạch mạch thuỷ lưu tuyền tích sa,",石脈水流泉滴沙，
Quỷ đăng như tất điểm tùng hoa.,鬼燈如漆點松花。
"Ỷ giang nam thụ thảo đường tiền,",倚江楠樹草堂前，
Cố lão tương truyền nhị bách niên.,故老相傳二百年。
"Tru mao bốc cư tổng vi thử,",誅茅卜居總為此，
Ngũ nguyệt phảng phật văn hàn thiền.,五月仿佛聞寒蟬。
"Đông nam phiêu phong động địa chí,",東南飄風動地至，
Giang phiên thạch tẩu lưu vân khí.,江翻石走流雲氣。
"Càn bài lôi vũ do lực tranh,",乾排雷雨猶力爭，
Căn đoạn tuyền nguyên khởi thiên ý.,根斷泉源豈天意。
"Thương ba lão thụ tính sở ái,",滄波老樹性所愛，
Phố thượng đồng đồng nhất thanh cái.,浦上童童一青蓋。
"Dã khách tần lưu cụ tuyết sương,",野客頻留懼雪霜，
Hành nhân bất quá thính vu lại.,行人不過聽竽籟。
"Hổ đảo long điên uỷ trăn cức,",虎倒龍顛委榛棘，
Lệ ngân huyết điểm thuỳ hung ức.,淚痕血點垂胸臆。
"Ngã hữu tân thi hà xứ ngâm,",我有新詩何處吟，
Thảo đường tự thử vô nhan sắc.,草堂自此無顏色。
"Nam Việt thái hậu Hàm Đan nữ,",南越太后邯鄲女，
Hạo xỉ minh mâu chiếu man thổ.,皓齒明眸照蠻土。
"San hô vy trướng tượng tác sàng,",珊瑚為帳象作牀，
Cẩm tản cao trương kích đồng cổ.,錦繖高張擊銅鼓。
"Thái Dịch trì nội hồng phù dung,",太液池內紅芙蓉，
Tự liên trích tại man yên trung.,自憐謫在蠻煙中。
"Bá Lăng cố nhân yểu vô háo,",灞陵故人杳無耗，
Thâm cung độc khán nam phi hồng.,深宮獨看南飛鴻。
"Tuỳ nhi tác đế tâm bất nguyện,",隨兒作帝心不願，
Duy nguyện tây triều Bá Lương điện.,惟願西朝柏梁殿。
"Mậu Lăng thiếu niên diệc khả nhân,",茂陵少年亦可人，
Khiển lai hải đảo lai tương kiến.,遣來海島來相見。
"Kim nghê dạ liệu long tiên hương,",金猊夜燎龍涎香，
Minh châu dạ chiếu quang hoàng hoàng.,明珠夜照光煌煌。
"Phiên ngu xuẩn điện cách vạn lý,",番禺蠢甸隔萬里，
Kim tịch đắc toại song uyên ương.,今夕得遂雙鴛鴦。
"Bạch thủ tương quân bội ngân ấn,",白首相君佩銀印，
Can qua dục khởi tiêu tường hấn.,干戈欲起蕭牆釁。
"Mạc ngôn nữ tử vô hùng tâm,",莫言女子無雄心，
Trí tửu cung trung tiềm kết trận.,置酒宮中潛結陣。
"Hán gia sứ giả noạ thả nhu,",漢家使者懦且柔，
Tiêm thủ dục tự thao sương mâu.,孅手欲自操霜矛。
"Hồ loan cánh lạc lão thân thủ,",狐鸞竟落老身手，
Khả liên không phấn Hàn Thiên Thu.,可憐空奮韓千秋。
"Lâu thuyền dao duệ sư tứ khởi,",樓船搖曳師四起，
Hoặc xuất Quế Dương hạ than thuỷ.,或出桂陽下灘水。
"Việt lang truy trảm Lữ gia đầu,",越郎追斬呂嘉頭，
Cửu quận đồng quy Hán thiên tử.,九郡同歸漢天子。
"Uý Đà phần thảo kỷ phiên thanh,",尉佗墳草幾番青，
(?) hoành ngọc tỷ sơ thung chân.,◆橫玉璽初從真。
"Đắc (?) khước vy Hàm Đan khuynh,",得◆卻為邯鄲傾，
Ngũ Dương giang liên Tương phố trúc.,五羊江連湘浦竹。
Kiểu hồn ưng bạn Tương phi khốc.,矯魂應伴湘妃哭。
"Ngã gia bản trú tại Hàn Sơn,",我家本住在寒山，
Thạch nham thê tức ly phiền duyên.,石巖棲息離煩緣。
"Mẫn thời vạn tượng vô ngân tích,",泯時萬象無痕跡，
Thư xứ chu lưu biến đại thiên.,舒處周流遍大千。
"Quang ảnh đằng huy chiếu tâm địa,",光影騰輝照心地，
Vô hữu nhất pháp đương hiện tiền.,無有一法當現前。
"Phương tri ma-ni nhất khoả châu,",方知摩尼一顆珠，
Giải dụng vô phương xứ xứ viên.,解用無方處處圓。
"Vũ tuyết bất chỉ nê lộ vu,",雨雪不止泥路迂，
Mã đảo phục địa nhân hạ vô.,馬倒伏地人下無。
"Cư giả bất xuất hành giả chỉ,",居者不出行者止，
Ngọ thị bất hợp nhập không cù.,午市不合入空衢。
"Đạo trung độc hành nãi thuỳ tử,",道中獨行乃誰子，
Ngã giả phụ tịch duyên môn hô:,餓者負席緣門呼：
"""Cao đường thực ẩm khởi vô khí,",「高堂食飲豈無棄，
"Nguyện tòng khuyển trệ cầu kỳ dư.""",願從犬彘求其餘。」
"Nhĩ văn môn khai thân tựu bái,",耳聞門開身就拜，
Bái phục bất khởi hô quần nô.,拜伏不起呼群奴。
"Hầu can vô thanh khốc vô lệ,",喉乾無聲哭無淚，
Dẫn trượng khứ thử tha hà như.,引杖去此他何如。
"Lộ bàng thiếu niên vô sở ngữ,",路傍少年無所語，
Quy thị chỉ thượng hoàn trường hu.,歸視紙上還長吁。
"Gia Lăng giang viễn vọng Nga My,",嘉陵江遠望峨眉，
Mãn địa tàn lô nguyệt thượng thì.,滿地殘蘆月上時。
"Bất quản Cù Đường phong lãng ác,",不管瞿塘風浪惡，
Tiểu bồng song để tự đề thi.,小篷窗底自題詩。
"Bạch Đế thành biên thụ vạn tằng,",白帝城邊樹萬層，
Hoàng Ngưu giáp lý thượng thu đăng.,黃牛峽裡上秋鐙。
"Cô đắc Bì đồng hảo xuân tửu,",沽得郫筒好春酒，
Bất từ phong lộ hạ Ba Lăng.,不辭風露下巴陵。
"Xuất lĩnh nhập lĩnh sơn chung thanh,",出嶺入嶺山鐘聲，
Thượng than hạ than huỳnh hoả minh.,上灘下灘螢火明。
"Nhất chích lô tư dẫn nhân khứ,",一隻鸕鶿引人去，
Tự y phong điệm khán triều sinh.,自欹風簟看潮生。
"Vu sơn Vu giáp mãn thu yên,",巫山巫峽滿秋煙，
Sơn mộc thương thương lãnh đáo thiên.,山木蒼蒼冷到天。
"Lưỡng ngạn viên thanh hưu thái khổ,",兩岸猿聲休太苦，
Thanh Khê quy khách vị tằng miên.,青溪歸客未曾眠。
Ngã tại Ba Đông tam giáp thì,我在巴東三峽時，
Tây khán minh nguyệt ức Nga My,西看明月憶峨眉。
Nguyệt xuất Nga My chiếu thương hải,月出峨眉照滄海，
Dữ nhân vạn lý trường tương tuỳ,與人萬里長相隨。
Hoàng Hạc lâu tiền nguyệt hoa bạch,黃鶴樓前月華白，
Thử trung hốt kiến Nga My khách,此中忽見峨眉客。
Nga My sơn nguyệt hoàn tống quân,峨眉山月還送君，
Phong xuy tây đáo Trường An mạch,風吹西到長安陌。
Trường An đại đạo hoành cửu thiên,長安大道橫九天，
Nga My sơn nguyệt chiếu Tần Xuyên,峨眉山月照秦川。
Hoàng kim sư tử thừa cao toạ,黃金獅子乘高座，
"Bạch Ngọc, Chủ Vĩ đàm Trọng Huyền",白玉麈尾談重玄。
Ngã tự phù vân thế Ngô Việt,我似浮雲殢吳越，
Quân phùng thánh chúa du đan khuyết,君逢聖主遊丹闕。
Nhất chấn cao danh mãn đế đô,一振高名滿帝都，
Quy thì hoàn lộng Nga My nguyệt.,歸時還弄峨眉月。
"Hạ hạn, thu lâm, đông hữu hoàng,",下旱秋霖冬有蝗，
Thử niên sắc sự tẫn kham thương.,此年穡事儘堪傷。
"Bỉ nho mạc tác điều nguyên thoại,",鄙儒莫作調元話，
Nhục thực hương nhân tại miếu đường.,肉食鄉人在廟堂。
"Thiên giáng cơ hoàng bệnh thử dân,",天降饑蝗病此民，
Cô cùng chuyển tỉ cực toan tân.,孤窮轉徙極酸辛。
"Dạ lai phong vũ hàn như hử,",夜來風雨寒如許，
Quá lộ ưng đa thất sở nhân.,過路應多失所人。
"Thiên hạ giáp mã vị tận tiêu,",天下甲馬未盡銷，
Khởi miễn câu hác thường phiêu phiêu.,豈免溝壑常漂漂。
"Kiếm Nam tuế nguyệt bất khả độ,",劍南歲月不可度，
Biên đầu công khanh nhưng độc kiêu.,邊頭公卿仍獨驕。
"Phí tâm cô tức thị nhất dịch,",費心姑息是一役，
Phì nhục đại tửu đồ tương yêu.,肥肉大酒徒相要。
"Ô hô cổ nhân dĩ phân thổ,",嗚呼古人已糞土，
Độc giác chí sĩ cam ngư tiều.,獨覺志士甘漁樵。
"Huống ngã phiêu chuyển vô định sở,",況我飄轉無定所，
Chung nhật thích thích nhẫn ky lữ.,終日戚戚忍羈旅。
"Thu túc sương khê tố nguyệt cao,",秋宿霜溪素月高，
Hỉ đắc dữ tử trường dạ ngữ.,喜得與子長夜語。
"Đông du tây hoàn lực thực quyện,",東遊西還力實倦，
Tòng thử tương thân cánh hà hứa.,從此將身更何許。
"Tri tử tùng căn trường phục linh,",知子松根長茯苓，
Trì mộ hữu ý lai đồng chử.,遲暮有意來同煮。
"Thiếu niên bất thiện tỵ phong hàn,",少年不善避風寒，
Nhất bệnh kinh tuần thượng vị an.,一病經旬尙未安。
"Hạnh đắc ngô thân nguyên khí chính,",幸得吾身元氣正，
Dung tà ưng bất cửu tương can.,容邪應不久相干。
"Ký khán hàn tà hựu khán phong,",既看寒邪又看風，
Dã kham ôn bổ bất kham công.,也堪溫補不堪攻。
"Thử hồi nguyện đắc lương y thủ,",此回願得良醫手，
Nhất nghệ thiên hoa khởi bệnh cung.,一乂天花起病躬。
"Ký bất tiên phòng vị bệnh thì,",既不先防未病時，
Bệnh lai chi hậu thuỷ cầu y.,病來之後始求醫。
"Hộ thân hạnh hữu lục quân tử,",護身幸有六君子，
Tác bệnh hà ưu nhị thụ nhi.,作病何憂二豎兒。
"Niên lai tối đắc âm hư bệnh,",年來最得陰虛病，
Sổ tễ điều nguyên dĩ nhất đường.,數劑調元已一堂。
"Khước hận biểu sơ tà dĩ thấu,",卻恨表疏邪已湊，
Trị tiêu kim thả mịch lương phương.,治消今且覓良方。
"Ngoại trạch phụ,",外宅婦，
Thập nhân kiến giả cửu nhân mộ.,十人見者九人慕。
"Lục mấn khinh doanh châu thuý trang,",綠鬢輕盈珠翠妝，
Kim xuyến hồng thường cơ thể tố.,金釧紅裳肌体素。
"Bần nhân thâu nhãn bất cảm khan,",貧人偷眼不敢看，
Vấn thị thuỳ gia hảo trạch quyến.,問是誰家好宅眷。
"Sính lai bất thức bái cô chương,",聘來不識拜姑嫜，
Trục nhật ỷ diên ca uyển chuyển.,逐日綺筵歌宛轉。
"Nhân vân bản thị tiểu gia nhi,",人云本是小家儿，
Tiền niên giá tác tăng nhân thê.,前年嫁作僧人妻。
"Tăng nhân điền đa sai dịch thiểu,",僧人田多差役少，
Thập niên tích súc đa tài tư.,十年積蓄多財資。
"Tự bàng mãi địa tác ngoại trạch,",寺旁買地作外宅，
Biệt hữu bàng môn thông hạng mạch.,別有旁門通巷陌。
"Chu lâu tứ diện quản huyền thanh,",朱樓四面管弦聲，
Hoàng kim thặng mãi kiều thù sắc.,黃金剩買嬌姝色。
"Lân nhân tá vấn tiểu gia chủ,",鄰人借問小家主，
Duyên hà giá nữ vi tăng phụ?,緣何嫁女為僧婦？
Tiểu gia chủ vân thính ngã ngữ:,小家主云听我語：
“Lão tử bình sinh hữu tam nữ.,『老子平生有三女。
"Nhất nữ giá dữ Trương gia lang,",一女嫁與張家郎，
Tự tòng giá khứ giảm dung quang.,自從嫁去減容光。
"Sản nghiệp ký vi sai dịch trọng,",產業既微差役重，
Quan sai nhật nhật thủ không sàng.,官差日日守空床。
"Nhất nữ giá dữ huyện tiểu lại,",一女嫁與縣小吏，
Tiểu lại đắc tiền cung nhật phí.,小吏得錢供日費。
"Thượng tư tiền nhật hữu công sai,",上司前日有公差，
Sự lực đơn vi vô sở thị.,事力單微無所恃。
"Tiểu nữ giá tăng kim lưỡng thu,",小女嫁僧今兩秋，
Kim châu thuý ngọc đôi mãn đầu.,金珠翠玉堆滿頭。
"Hựu hữu phì thiên sung khẩu phúc,",又有肥羶充口腹，
Ngã gia phá ốc cải tác lâu.”,我家破屋改作樓。』
"Ngoại trạch phụ, mạc sân đố,",外宅婦，莫嗔妒，
Liêm quan nhi nữ đông ý bố.,廉官儿女冬衣布。
"Liệt sĩ kích ngọc hồ,",烈士擊玉壺，
Tráng tâm tích mộ niên.,壯心惜暮年。
"Tam bôi phất kiếm vũ thu nguyệt,",三杯拂劍舞秋月，
Hốt nhiên cao vịnh thế sái liên.,忽然高詠涕灑漣。
"Phụng hoàng sơ há tử nê chiếu,",鳳凰初下紫泥詔，
Yết đế xưng tràng đăng ngự diên.,謁帝稱觴登御筵。
"Du dương cửu trùng vạn thừa chủ,",揄揚九重萬乘主，
Hước lãng xích trì thanh toả hiền.,謔浪赤墀青瑣賢。
"Triêu thiên sổ vãn phi long mã,",朝天數挽飛龍馬，
Sắc tứ san hô bạch ngọc tiên.,敕賜珊瑚白玉鞭。
"Thế nhân bất thức Đông Phương Sóc,",世人不識東方朔，
Đại ẩn Kim Môn thị trích tiên.,大隱金門是謫仙。
"Tây Thi nghi tiếu phục nghi tần,",西施宜笑復宜顰，
Sửu nữ hiệu chi đồ luỵ thân.,丑女效之徒累身。
"Quân vương tuy ái nga mi hảo,",君王雖愛蛾眉好，
Vô nại cung trung đố sát nhân.,無奈宮中妒殺人。
"Lệ vũ phương lâm đối cao các,",麗宇芳林對高閣，
"Tân trang diễm chất bản khuynh thành,",新裝豔質本傾城；
"Ánh hộ ngưng kiều sạ bất tiến,",映戶凝嬌乍不進，
"Xuất duy hàm thái tiếu tương nghinh,",出帷含態笑相迎。
"Yêu cơ kiểm tự hoa hàm lộ,",妖姬臉似花含露，
Ngọc thụ lưu quang chiếu hậu đình.,玉樹流光照後庭。
Quân bất kiến:,君不見：
"Ngô vương cung các lâm giang khởi,",吳王宮閣臨江起，
Bất quyển châu liêm kiến giang thuỷ.,不卷珠簾見江水。
"Hiểu khí tình lai song khuyết gian,",曉氣晴來雙闕間，
Triều thanh dạ lạc thiên môn lý.,潮聲夜落千門裏。
"Câu Tiễn thành trung phi cựu xuân,",句踐城中非舊春，
Cô Tô đài hạ khởi hoàng trần.,姑蘇臺下起黃塵。
"Chỉ kim duy hữu Tây giang nguyệt,",只今唯有西江月，
Tằng chiếu Ngô vương cung lý nhân.,曾照吳王宮裏人。
"Thượng trí thư đường hạ điếu ky,",上置書堂下釣磯，
Mạn lang trần tích thượng y hi.,漫郎陳跡尚依稀。
"Vô đoan nhất thủ hoàng thi tại,",無端一首黄詩在，
Trường dữ giang san khởi thị phi.,長與江山起是非。
"Hình dung Đường sự phiến ngôn trung,",形容唐事片言中，
Nguyên tử văn do hữu cổ phong.,元子文猶有古風。
"Mạc quản khan bi nhân chỉ điểm,",莫管看碑人指點，
Tả bi nhân thị Thái sư công.,寫碑人是太師公。
"Kim niên canh đạo thục khổ trì,",今年粳稻熟苦遲，
Thứ kiến sương phong lai kỷ thì.,庶見霜風來幾時。
"Sương phong lai thì vũ như tả,",霜風來時雨如瀉，
Ba đầu xuất khuẩn liêm sinh y.,杷頭出菌鐮生衣。
"Nhãn khô lệ tận vũ bất tận,",眼枯淚盡雨不盡，
Nhẫn kiến hoàng tuệ ngoạ thanh nê.,忍見黃穗臥青泥。
"Mao thiêm nhất nguyệt lũng thượng túc,",茅苫一月隴上宿，
Thiên tình hoạch đạo tuỳ xa quy.,天晴穫稻隨車歸。
"Hãn lưu kiên trinh tải nhập thị,",汗流肩赬載入市，
Giá tiện khất dữ như khang tê.,價賤乞與如糠粞。
"Mại ngưu nạp thuế sách ốc xuy,",賣牛納稅拆屋炊，
Lự thiển bất cập minh niên cơ.,慮淺不及明年飢。
"Quan kim yêu tiền bất yêu mễ,",官今要錢不要米，
Tây bắc vạn lý chiêu khương nhi.,西北萬里招羌兒。
"Củng, Hoàng mãn triều nhân cánh khổ,",龔黃滿朝人更苦，
Bất tri khước tác hà bá phụ.,不知卻作河伯婦。
"Đề hồ lô,",提壺盧，
"Thụ đầu khuyến tửu thanh tương hô,",樹頭勸酒聲相呼，
Khuyến nhân cô tửu vô xứ cô.,勸人沽酒無處沽。
"Thái Tuế hà niên đương tại Dậu,",太歲何年當在酉，
Xao môn vấn tương hoàn đắc tửu.,敲門問漿還得酒。
"Điền trung hoà tuệ xứ xứ hoàng,",田中禾穗處處黃，
Úng đầu tân lục gia gia hữu.,瓮頭新綠家家有。
"Giang Thành địa chướng phiền thảo mộc,",江城地瘴蕃草木，
Chỉ hữu danh hoa khổ u độc.,只有名花苦幽獨。
"Yên nhiên nhất tiếu trúc ly gian,",嫣然一笑竹籬間，
Đào lý mãn sơn tổng thô tục.,桃李滿山總粗俗。
"Dã tri tạo vật hữu thâm ý,",也知造物有深意，
Cố khiển giai nhân tại không cốc.,故遣佳人在空穀。
"Tự nhiên phú quý xuất thiên tư,",自然富貴出天姿，
Bất đãi kim bàn tiến hoa ốc.,不待金盤薦華屋。
"Châu thần đắc tửu vựng sinh kiểm,",朱唇得酒暈生臉，
Thuý tụ quyển sa hồng ánh nhục.,翠袖卷紗紅映肉。
"Lâm thâm vụ ám hiểu quang trì,",林深霧暗曉光遲，
Nhật noãn phong khinh xuân thuỵ túc.,日暖風輕春睡足。
"Vũ trung hữu lệ diệc thê sảng,",雨中有淚亦凄愴，
Nguyệt hạ vô nhân canh thanh thục.,月下無人更清淑。
"Tiên sinh thực bão vô nhất sự,",先生食飽無一事，
Tán bộ tiêu dao tự môn phúc.,散步逍遙自捫腹。
"Bất vấn nhân gia dữ tăng xả,",不問人家與僧捨，
Trụ trượng xao môn khán tu trúc.,拄杖敲門看修竹。
"Hốt phùng tuyệt diễm chiếu suy hủ,",忽逢絕艷照衰朽，
Thán tức vô ngôn khai bệnh mục.,嘆息無言揩病目。
"Lậu bang hà xứ đắc thử hoa,",陋邦何處得此花，
Vô nãi hảo sự di Tây Thục.,無乃好事移西蜀。
"Thốn căn thiên lý bất dị đáo,",寸根千里不易到，
Hàm tử phi lai định hồng hộc.,銜子飛來定鴻鵠。
"Thiên nhai lưu lạc câu khả niệm,",天涯流落俱可念，
Vị ẩm nhất tôn ca thử khúc.,為飲一樽歌此曲。
"Minh triêu tửu tỉnh hoàn độc lai,",明朝酒醒還獨來，
Tuyết lạc phân phân na nhẫn xúc.,雪落紛紛哪忍觸。
"Ngư Dương đột kỵ do tinh nhuệ,",漁陽突騎猶精銳，
Hách hách Ung Vương đô tiết chế.,赫赫雍王都節制。
"Mãnh tướng phiêu nhiên khủng hậu thì,",猛將飄然恐後時，
Bản triều bất nhập phi cao kế.,本朝不入非高計。
"Lộc Sơn bắc trúc Hùng Vũ thành,",祿山北築雄武城，
Cựu phòng bại tẩu quy kỳ dinh.,舊防敗走歸其營。
"Hệ thư thỉnh vấn Yên kỳ cựu,",系書請問燕耆舊，
Kim nhật hà tu thập vạn binh.,今日何須十萬兵。
"Hồng Môn ngọc đẩu phân như tuyết,",鴻門玉斗紛如雪，
Thập vạn hàng binh dạ lưu huyết.,十萬降兵夜流血。
"Hàm Dương cung điện tam nguyệt hồng,",咸陽宮殿三月紅，
Bá nghiệp dĩ tuỳ yên tẫn diệt.,霸業已隨煙燼滅。
"Cương cường tất tử nhân nghĩa vương,",剛強必死仁義王，
Âm Lăng thất lộ phi thiên vong.,陰陵失路非天亡。
"Anh hùng bản học vạn nhân địch,",英雄本學萬人敵，
Hà dụng tiết tiết bi hồng trang.,何用屑屑悲紅妝。
"Tam quân tán tận tinh kỳ đảo,",三軍散盡旌旗倒，
Ngọc trướng giai nhân toạ trung lão.,玉帳佳人坐中老。
"Hương hồn dạ trục kiếm quang phi,",香魂夜逐劍光飛，
Thanh huyết hoá vi nguyên thượng thảo.,青血化為原上草。
"Phương tâm tịch mịch ký hàn chi,",芳心寂寞寄寒枝，
Cựu khúc văn lai tự liễm my.,舊曲聞來似斂眉。
"Ai oán bồi hồi cảm bất ngữ,",哀怨徘徊感不語，
Kháp như sơ thính Sở ca thì.,恰如初聽楚歌時。
"Thao thao thệ thuỷ lưu kim cổ,",滔滔逝水流今古，
Hán sở hưng vong lưỡng khâu thổ.,漢楚興亡兩丘土。
"Đương niên di sự cửu thành không,",當年遺事久成空，
Khảng khái tôn tiền vị thuỳ vũ.,慷慨樽前為誰舞。
"Hồng Môn ngọc đấu phân như tuyết,",鴻門玉鬥紛如雪，
Thập vạn hàng binh dạ lưu huyết.,十萬降兵夜流血。
"Hàm Dương cung điện tam nguyệt hồng,",鹹陽宮殿三月紅，
Bá nghiệp dĩ tuỳ yên tẫn diệt.,霸業已隨煙燼滅。
"Cương cường tất tử nhân nghĩa vương,",剛強必死仁義王，
Âm lăng thất đạo phi thiên vong.,陰陵失道非天亡。
"Anh hùng bản học vạn nhân địch,",英雄本學萬人敵，
Hà dụng tiết tiết bi hồng trang.,何用屑屑悲紅妝。
"Tam quân bại tận tinh kỳ đảo,",三軍敗盡旌旗倒，
Ngọc trướng giai nhân toạ trung lão.,玉帳佳人坐中老。
"Hương hồn dạ trục kiếm quang phi,",香魂夜逐劍光飛，
Thanh huyết hoá vy nguyên thượng thảo.,清血化為原上草。
"Phương tâm tịch mịch ký hàn chi,",芳心寂寞寄寒枝，
Cựu khúc văn lai tự liễm my.,舊曲聞來似斂眉。
"Ai oán bồi hồi sầu bất ngữ,",哀怨徘徊愁不語，
Kháp như sơ thính Sở ca thì.,恰如初聽楚歌時。
"Thao thao thệ thuỷ lưu kim cổ,",滔滔逝水流今古，
Sở Hán hưng vong lưỡng khâu thổ.,楚漢興亡兩丘土。
"Đương niên di sự tổng thành không,",當年遺事總成空，
Khảng khái tôn tiền vị thuỳ vũ.,慷慨尊前為誰舞。
Ngư ông dạ bạng tây nham túc,漁翁夜傍西巖宿，
Hiểu cấp thanh Tương nhiên Sở trúc.,曉汲清湘燃楚竹。
"Yên tiêu nhật xuất bất kiến nhân,",煙銷日出不見人，
Ái nãi nhất thanh sơn thuỷ lục.,欸乃一聲山水綠。
"Hồi khan thiên tế hạ trung lưu,",迴看天際下中流，
Nham thượng vô tâm vân tương trục.,巖上無心雲相逐。
"Bát nguyệt cửu nguyệt lô hoa phi,",八月九月蘆花飛，
Nam khê lão nhân trùng điếu quy.,南溪老人重釣歸。
"Thu sơn nhập liêm thuý trích trích,",秋山入簾翠滴滴，
Dã đĩnh ỷ hạm vân y y.,野艇倚檻雲依依。
"Khước bả ngư can tầm tiểu kính,",卻把漁竿尋小徑，
Nhàn sơ hạc phát đối tà huy.,閑梳鶴發對斜暉。
"Phiên hiềm tứ hạo tằng đa sự,",翻嫌四皓曾多事，
Xuất vi trữ hoàng định thị phi.,出為儲皇定是非。
"Ngư ông chu bạc đông hải biên,",漁翁舟泊東海邊，
Tiều phu gia trú tây sơn lý.,樵夫家住西山裡。
"Lưỡng nhân hoạt kế sơn thuỷ trung,",兩人活計山水中，
Đông tây lộ cách vạn thiên lý.,東西路隔萬千里。
"Hốt nhiên nhất nhật lai tương phùng,",忽然一日來相逢，
Mãn đầu đoản phát giai bồng tùng.,滿頭短髮皆蓬鬆。
"Bàn hoàn toạ đáo nhật chước ngọ,",盤桓坐到日灼午，
Hỗ tương thoại thuyết tình hà nùng.,互相話說情何濃。
"Nhất vân thâm sơn hữu đại mộc,",一云深山有大木，
Trung hữu mãnh hổ ngật nhân nhục.,中有猛虎吃人肉。
"Bất như bình nguyên thái đoản tân,",不如平原採短薪，
Vô lự vô ưu cánh vô nhục.,無慮無憂更無辱。
"Nhất vân giang thuỷ hữu cự lân,",一云江水有巨鱗，
Thao thiên ba lãng kinh sát nhân.,滔天波浪驚剎人。
"Bất như lô hoa thuỷ thanh thiển,",不如蘆花水清淺，
Ba đào bất tác vô oán tâm.,波濤不作無怨心。
"Ngô kim dữ nhữ yếu tri chỉ,",吾今與汝要知止，
Phàm sự trung gian yếu cẩn thuỷ.,凡事中間要謹始。
"Sinh ý nghi tòng ổn xứ cầu,",生意宜從穩處求，
Mạc nhập cao sơn dữ thâm thuỷ.,莫入高山與深水。
"Tướng quân tích trước tòng sự sam,",將軍昔著從事衫，
Thiết mã trì đột trọng lưỡng hàm.,鐵馬馳突重兩銜。
"Phi kiên chấp nhuệ lược Tây Cực,",披堅執銳略西極，
Côn Lôn nguyệt quật đông tiệm nham.,崑崙月窟東嶄巖。
"Quân môn vũ lâm vạn mãnh sĩ,",君門羽林萬猛士，
Ác nhược hao hổ tử sở giam.,惡若哮虎子所監。
"Ngũ niên khởi gia liệt sương kích,",五年起家列霜戟，
Nhất nhật quá hải thâu phong phàm.,一日過海收風帆。
"Bình sinh lưu bối đồ xuẩn xuẩn,",平生流輩徒蠢蠢，
Trường An thiếu niên khí dục tận.,長安少年氣欲盡。
"Nguỵ hầu cốt tủng tinh sảng khẩn,",魏侯骨聳精爽緊，
Hoa nhạc phong tiêm kiến thu chuẩn.,華岳峰尖見秋隼。
"Tinh triền bảo hiệu kim bàn đà,",星躔寶校金盤陀，
Dạ kỵ thiên tứ siêu thiên hà.,夜騎天駟超天河。
"Sàm thương huỳnh hoặc bất cảm động,",欃槍熒惑不敢動，
Thuý nhuy vân sao tương đãng ma.,翠蕤雲旓相蕩摩。
"Ngô vi tử khởi ca đô hộ,",吾為子起歌都護，
Tửu lan tháp kiếm can đảm lộ.,酒闌插劍肝膽露。
"Câu Trần thương thương phong Huyền Vũ,",鉤陳蒼蒼風玄武，
"Vạn tuế thiên thu phụng minh chủ,",萬歲千秋奉明主，
Lâm giang tiết sĩ an túc số.,臨江節士安足數。
"Ngọc Tuyền chi nam Lộc Sơn thù,",玉泉之南麓山殊，
Đạo Lâm lâm hác tranh bàn hu.,道林林壑爭盤紆。
"Tự môn cao khai Động Đình dã,",寺門高開洞庭野，
Điện cước sáp nhập Xích Sa hồ.,殿腳插入赤沙湖。
"Ngũ nguyệt hàn phong lãnh Phật cốt,",五月寒風冷佛骨，
Lục thì thiên nhạc triều hương lô.,六時天樂朝香爐。
"Địa linh bộ bộ Tuyết sơn thảo,",地靈步步雪山草，
Tăng bảo nhân nhân thương hải châu.,僧寶人人滄海珠。
"Tháp kiếp cung tường tráng lệ địch,",塔劫宮牆壯麗敵，
Hương trù tùng đạo thanh lương câu.,香廚松道清涼俱。
"Liên hoa giao hưởng cộng mệnh điểu,",蓮花交響共命鳥，
Kim bảng song hồi tam túc ô.,金牓雙迴三足烏。
"Phương trượng thiệp hải phí thì tiết,",方丈涉海費時節，
Huyền Phố tầm hà tri hữu vô.,懸圃尋河知有無。
"Mộ niên thả hỉ kinh hành cận,",暮年且喜經行近，
Xuân nhật kiêm mông huyên noãn phù.,春日兼蒙暄暖扶。
"Phiêu nhiên ban bạch thân hề thích,",飄然斑白身奚適，
Bàng thử yên hà mao khả tru.,傍此煙霞茅可誅。
"Đào Nguyên nhân gia dị chế độ,",桃源人家易制度，
Quất Châu điền thổ nhưng cao du.,橘洲田土仍膏腴。
"Đàm phủ ấp trung thậm thuần cổ,",潭府邑中甚淳古，
Thái thú đình nội bất huyên hô.,太守庭內不喧呼。
"Tích tao suy thế giai hối tích,",昔遭衰世皆晦跡，
Kim hạnh lạc quốc dưỡng vi khu.,今幸樂國養微軀。
"Y chỉ lão túc diệc vị vãn,",依止老宿亦未晚，
Phú quý công danh yên túc đồ.,富貴功名焉足圖。
"Cửu vi dã khách tầm u quán,",久為野客尋幽慣，
Tế học Hà Ngung miễn hứng cô.,細學何顒免興孤。
"Nhất trùng nhất yểm ngô phế phủ,",一重一掩吾肺腑，
Sơn điểu sơn hoa ngô hữu vu.,山鳥山花吾友于。
"Tống công phóng trục tằng đề bích,",宋公放逐曾題壁，
Vật sắc phân lưu dữ lão phu.,物色分留與老夫。
"Bệnh cốt cô phi tục nhãn xú,",病鶻孤飛俗眼醜，
Mỗi dạ giang biên túc suy liễu.,每夜江邊宿衰柳。
"Thanh thu lạc nhật dĩ trắc thân,",清秋落日已側身，
Quá nhạn qui nha thố hồi thủ.,過雁歸鴉錯回首。
"Khẩn não hùng tư mê sở hướng,",緊腦雄姿迷所向，
Sơ cách hi mao bất khả trạng.,疏翮稀毛不可狀。
"Cường thần mê phục tạo điêu tiền,",強神迷復皂雕前，
Tuấn tài tảo tại thương ưng thượng.,俊才早在蒼鷹上。
"Phong đào táp táp hàn sơn âm,",風濤颯颯寒山陰，
Hùng bi dục trập long xà thâm.,熊羆欲蟄龍蛇深。
"Niệm nhĩ thử thì hữu nhất trịch,",念爾此時有一擲，
Thất thanh tiễn huyết phi kỳ tâm.,失聲濺血非其心。
"Tam cung hàm bích quốc bộ tuyệt,",三宮銜璧國步絕，
Chúc thiên viêm hoả tuỳ phong diệt.,燭天炎火隨風滅。
"Gián quan hải đạo tục huỳnh quang,",間關海道續螢光，
Lực chiến Nhai Sơn do nhất quyết.,力戰崖山猶一決。
"Ngọ trào nhạc tác binh hợp vi,",午潮樂作兵合圍，
Nhất tự chu băng toại bất chi.,一字舟崩遂不支。
"Tường kỳ đảo bộc bách quan tán,",檣旗倒仆百官散，
Thập vạn kiện nhi phù huyết thi.,十萬健兒浮血尸。
"Hoàng thiên bất di nhất khối nhục,",皇天不遺一塊肉，
Nhất biện hương phần hải chu phúc.,一瓣香焚海舟覆。
"Do hữu cô thần ngoạ tiểu lâu,",猶有孤臣臥小樓，
Nam diện thung dung tựu hình lục.,南面從容就刑戮。
"Hắc vân áp thành thành dục tồi,",黑雲壓城城欲摧，
Giáp quang hướng nhật kim lân khai.,甲光向日金鱗開。
"Giốc thanh mãn thiên thu sắc lý,",角聲滿天秋色裡，
Tái thượng yên chi ngưng dạ tử.,塞上燕脂凝夜紫。
"Bán quyển hồng kỳ lâm Dịch thuỷ,",半捲紅旗臨易水，
Sương trọng cổ hàn thanh bất khởi.,霜重鼓寒聲不起。
"Báo quân Hoàng Kim đài thượng ý,",報君黃金臺上意，
Đề huề Ngọc Long vi quân tử.,提攜玉龍為君死。
"Nhạn trác trác, phi bác bác,",雁啄啄，飛搏搏，
Giang biên ngu nhân phược tăng chước.,江邊虞人縛矰繳。
"Nhân cơ xứ xứ quy nhĩ nhục,",人飢處處規爾肉，
Khởi tri nhạn cơ nhục cánh bạc.,豈知雁飢肉更薄。
"Thành trung mại nhạn bất trị tiền,",城中賣雁不值錢，
Thị nội địch mễ đẩu ngũ thiên.,巿內糴米斗五千。
"Thê nhi chử mi bất cảm bão,",妻儿煮糜不敢飽，
Triêu triêu xạ nhạn xuất giang biên.,朝朝射雁出江邊。
"Bất văn Quan Trung dịch tử thực,",不聞關中易子食，
Không lý vô nhân cốt sinh cức.,空里無人骨生棘。
"Huyện quan chẩn tế văn tự lai,",縣官賑濟文字來，
Nhữ thượng khả sinh đương tự lực.,汝尚可生當自力。
"Nhân nhật đề thi ký thảo đường,",人日題詩寄草堂，
"Dao liên cố nhân, tư cố hương.",遙憐故人思故鄉。
"Liễu điều lộng sắc bất nhẫn kiến,",柳條弄色不忍見，
Mai hoa mãn chi không đoạn trường.,梅花滿枝空斷腸！
"Thân tại nam phiên vô sở dự,",身在南蕃無所預，
Tâm hoài bách ưu phục thiên lự.,心懷百憂復千慮。
"Kim niên nhân nhật không tương ức,",今年人日空相憶，
Minh niên nhân nhật tri hà xứ ?,明年人日知何處？
"Nhất ngoạ Đông Sơn tam thập xuân,",一臥東山三十春，
Khởi tri thư kiếm lão phong trần.,豈知書劍老風塵，
"Long chung hoàn thiểm nhị thiên thạch,",龍鐘還忝二千石，
Quý nhĩ đông tây nam bắc nhân!,愧爾東西南北人！
"Quái sự, quái sự, bất nhẫn văn,",怪事怪事不忍聞，
Bạch trú sát nhân toàn gia khứ.,白晝殺人全家去。
"Quân lại quá giả cố chi tha,",軍吏過者顧之他，
Hương lý tàng nặc bất cảm ngữ.,鄉里藏匿不敢語。
"Ngữ giả thập nhân vô nhất sinh,",語者十人無一生，
Gia gia hôi tận thành phi nhứ.,家家灰盡成飛絮。
"Tróc nhân quan đạo như thâm sơn,",捉人官道如深山，
Vãng lai tinh tán vô nhân cự.,往來星散無人拒。
"Thù giả sách tiền phục sát chi,",讎者索錢復殺之，
Nhân gia ngưu tửu nhật yêm ứ.,人家牛酒日厭飫。
"Triêu tịch hoành hành vi lý lư,",朝夕橫行圍里閭，
Phủ huyện nha biên thời tán xử.,府縣衙邊辰散處。
"Khoảnh khắc liên phá nhị tam thôn,",頃刻連破二三村，
Kinh hoàng tẩu tán lão nhi nữ.,驚惶走散老兒女。
"Thái thậm phất hoạch dĩ chi quan,",太甚弗獲已之官，
Tầm phục nhất không trục dữ trữ.,尋復一空軸與杼。
"Ô hô! Ô hô! Bắc Ninh dân,",嗚呼！嗚呼！北寧民，
Nhất vọng bình nguyên vô hiểm trở.,一望平原無險阻。
"Triều đình uy đức dữ thiên tề,",朝廷威德與天齊，
Thiên hạ đông tây hàm an cư.,天下東西咸安居。
"Hồ vi hồ nhất phương hồng nhạn trường bi minh,",湖為乎一方鴻雁長悲鳴，
Du sinh nhĩ điền hồ cập dã thử.,偷生爾田狐及野鼠。
"Nhất phụ hàm oan lục nguyệt sương,",一婦含冤六月霜，
Huống nãi liên niên điền câu ứ.,況乃連年填溝淤。
"Thiên lý môn môn bất tận văn,",千里門門不盡聞，
Nghi hồ: Xuân lai tật phong dữ tật thử.,宜乎春來疾風與疾暑。
"Tảo vãn tam quân tây tái hồi,",早挽三軍西塞回，
Khan nhĩ bô tru hà xứ sở.,看爾逋誅何處所。
"Nguyện ngôn thủ thổ cấp vi mưu,",願言守土急為謀，
Vật sử văn giả đồ ưu lự.,勿使聞者徒憂慮。
"Trích lưu bất tái vi đồi ba,",滴遛不塞為頹波，
"Đại hoả liệu nguyên, tài nhất cự.",大火燎原纔一炬。
"Đậu thị ngự,",竇侍禦，
"Ký chi tử,",驥之子，
Phụng chi sồ.,鳳之雛。
"Niên vị tam thập trung nghĩa câu,",年未三十忠義俱，
Cốt ngạnh tuyệt đại vô.,骨鯁絕代無。
"Quýnh như nhất đoạn thanh băng xuất vạn hác,",炯如一段清冰出萬壑，
Trí tại nghênh phong hàn lộ chi ngọc hồ.,置在迎風寒露之玉壺。
"Giá tương quy trù kim uyển đống,",蔗漿歸廚金碗凍，
Tẩy địch phiền nhiệt túc dĩ ninh quân khu.,洗滌煩熱足以寧君軀。
"Chính dụng sơ thông hợp điển tắc,",政用疏通合典則，
Thích liên hào quý đam văn nhu.,戚聯豪貴耽文儒。
"Binh cách vị tức nhân vị tô,",兵革未息人未蘇，
Thiên tử diệc niệm tây nam ngu.,天子亦念西南隅。
"Thổ Phồn bằng lăng khí phả thô,",吐蕃憑陵氣頗粗，
Đậu thị kiểm sát ưng thì tu.,竇氏檢察應時須。
"Vận lương thằng kiều tráng sĩ hỉ,",運糧繩橋壯士喜，
Trảm mộc hoả tỉnh cùng viên hô.,斬木火井窮猿呼。
"Bát châu thứ sử tư nhất chiến,",八州刺史思一戰，
Tam thành thủ biên khước khả đồ.,三城守邊卻可圖。
"Thử hành nhập Tần kế vị tiểu,",此行入秦計未小，
Mật phụng thánh chỉ ân nghi thù.,密奉聖旨恩宜殊。
"Tú y xuân đương tiêu hán lập,",繡衣春當霄漢立，
Thái phục nhật hướng đình vi xu.,彩服日向庭闈趨。
"Tỉnh lang kinh doãn tất phủ thập,",省郎京尹必俯拾，
Giang hoa vị lạc hoàn Thành Đô.,江花未落還成都。
"Giang hoa vị lạc hoàn Thành Đô,",江花未落還成都，
Khẳng phỏng Hoán Hoa lão ông vô.,肯訪浣花老翁無。
"Vị quân cô tửu mãn nhãn cô,",為君酤酒滿眼酤，
Dữ nô bạch phạn mã thanh sô.,與奴白飯馬青芻。
"Hữu khách tặng ngã Nhật Bản đao,",有客贈我日本刀，
Ngư tu tác bá thanh ty cảnh.,魚須作靶青絲綆。
"Trùng trùng bích hải phù độ lai,",重重碧海浮渡來，
Thân thượng long văn tạp tảo hạnh.,身上龍文雜藻荇。
"Trướng nhiên đề đao khởi tứ cố,",悵然提刀起四顧，
Bạch nhật cao cao thiên quýnh quýnh.,白日高高天冏冏。
"Mao phát lẫm liệt sinh kê bì,",毛髮凜冽生雞皮，
Toạ thất viêm chưng nhật phương vĩnh.,坐失炎蒸日方永。
"Văn đạo Oa Di sơ chú thành,",聞道倭夷初鑄成，
Kỷ tuế mai tàng trịch thâm tỉnh.,幾歲埋藏擲深井。
"Nhật đào nguyệt luyện hoả khí tận,",日淘月煉火氣盡，
Nhất phiến ngưng băng đấu thanh lãnh.,一片凝冰鬥清冷。
"Trì thử nguyệt trung chước quế thụ,",持此月中斫桂樹，
Cố thố ưng tri tỵ quang cảnh.,顧兔應知避光景。
"Oa Di đồ đao dụng nhân huyết,",倭夷塗刀用人血，
Chí kim ban điểm thuỳ năng chỉnh?,至今斑點誰能整。
"Tinh linh trường dữ đao tương tuỳ,",精靈長與刀相隨，
Thanh tiêu hoảng hiện Di quỷ ảnh.,清宵恍見夷鬼影。
"Nhĩ lai Thát Đát phả kiêu hiệt,",邇來韃靼頗驕黠，
Tạc dạ tam quan hựu văn cảnh.,昨夜三關又聞警。
"Thuỳ năng tương thử hướng Long Sa,",誰能將此向龍沙，
Bôn đằng nhất trảm Thiền Vu cảnh.,奔騰一斬單于頸。
"Cổ lai thần vật dụng hữu thời,",古來神物用有時，
Thả hướng nang trung thí thao dĩnh.,且向囊中試韜穎。
"Nhân sinh thất thập cổ lai thiểu,",人生七十古來少，
Tiền trừ ấu niên hậu trừ lão.,前除幼年後除老。
"Trung gian quang cảnh một đa thì,",中間光景沒多時，
Hựu hữu viêm sương dữ phiền não.,又有炎霜與煩惱。
"Hoa tiền nguyệt hạ đắc cao ca,",花前月下得高歌，
Cấp tu mãn bả kim tôn đảo.,急須滿把金樽倒。
"Thế thượng tiền đa trám bất tận,",世上錢多賺不盡，
Triều lý quan đa tố bất liễu.,朝裏官多做不了。
"Quan đại tiền đa tâm chuyển ưu,",官大錢多心轉憂，
Lạc đắc tự gia đầu bạch tảo.,落得自家頭白早。
"Xuân hạ thu đông niệp chỉ gian,",春夏秋冬捻指間，
Chung tống hoàng hôn kê báo hiểu.,鍾送黄昏雞報曉。
"Thỉnh quân tế điểm nhãn tiền nhân,",請君細點眼前人，
Nhất niên nhất độ mai phương thảo.,一年一度埋芳草。
"Thảo lý cao đê đa thiểu phần,",草里高低多少墳，
Nhất niên nhất bán vô nhân tảo.,一年一半無人掃。
"Tiên sinh xuân thu bát thập ngũ,",先生春秋八十五，
Mang hài trùng đạp Dương Châu thổ.,芒鞋重踏揚州土。
"Cố giao đãn hữu khâu doanh tồn,",故交但有丘塋存，
Bạch Dương tồi tận lưu khô căn.,白楊摧盡留枯根。
"Tích du thúc quá ngũ thập tải,",昔游倏過五十載，
Giang sơn uyển nhiên nhân đại cải.,江山宛然人代改。
"Mãn địa can qua Đỗ lão bần,",滿地干戈杜老貧，
Nang để đồ dư nhất tiền tại.,囊底徒餘一錢在。
"Đào hoa lý hoa tam nguyệt thiên,",桃花李花三月天，
Đồng quân phù trượng thướng ngư thuyền.,同君扶杖上漁船。
"Bôi thâm nhan nhiệt thành thị viễn,",杯深顏熱城市遠，
Khước triển không nang bích thuỷ tiền.,卻展空囊碧水前。
"Tửu nhân nhất kiến giai thuỳ lệ,",酒人一見皆垂淚，
Nãi thị tiên triều Vạn Lịch tiền.,乃是先朝萬歷錢。
"Trắc văn âm sơn Hồ nhi ngữ,",側聞陰山胡兒語，
Tây đầu Nhiệt Hải thuỷ như chử.,西頭熱海水如煮。
"Hải thượng chúng điểu bất cảm phi,",海上眾鳥不敢飛，
Trung hữu lý ngư trường thả phì.,中有鯉魚長且肥。
"Ngạn bàng thanh thảo thường bất hiết,",岸旁青草常不歇，
Không trung bạch tuyết toàn minh diệt.,空中白雪旋明滅。
"Chưng sa luyện thạch nhiên lỗ vân,",蒸沙煉石燃虜雲，
Phí lãng viêm ba tiên Hán nguyệt.,沸浪炎波煎漢月。
"Âm hoả tiềm thiêu thiên địa lô,",陰火潛燒天地爐，
Hà sự thiên hồng tây nhất ngung?,何事偏烘西一隅？
"Thế thôn nguyệt quật xâm Thái Bạch,",勢吞月窟侵太白，
Khí liên xích pha thông Thiền Vu.,氣連赤坡通禪于。
"Tống quân nhất tuý tây sơn quách,",送君一醉西山郭，
Chính kiến tịch dương hải biên lạc.,正見夕陽海邊落。
"Bách đài sương uy hàn bức nhân,",柏台霜威寒逼人，
Nhiệt Hải viêm khí vi chi đoạt.,熱海炎氣為之奪。
"Thuỳ gia lưỡng nô kỵ lưỡng thông,",誰家兩奴騎兩驄，
Thuỳ thị chủ nhân vân tính Tôn.,誰是主人云姓宗。
"Triêu lai mộ khứ giáp nhai thụ,",朝來暮去夾街樹，
Kinh qua yên vụ như du long.,經過煙霧如游龍。
"Vấn mã hà do đắc như thử,",問馬何由得如此，
Hoài An đại đậu thanh tuyền thuỷ.,淮安大豆清泉水。
"Hung phì lưỡng nhạc hoành nan ky,",胸腓兩岳橫難羈，
Vĩ tát viên cầu kiêu dục tử.,尾撒圓球驕欲死。
"Dương xuân tam nguyệt dương liễu phi,",陽春三月楊柳飛，
Kỵ giả hà nhân khán giả hy.,騎者何人看者稀。
"Mai hoa ngân đính cách đái phì,",梅花銀釘革帶肥，
Kinh thành cao mạo tế triệp y.,京城高帽細褶衣。
"Mã yếm hoạn dưỡng nhân hữu uy,",馬厭豢養人有威，
Xuất nhập cố phán sinh quang huy.,出入顧盼生光輝。
"Khứ niên phòng thu Cổ Bắc khẩu,",去年防秋古北口，
Kính phong xuy mã mã nghịch tẩu.,勁風吹馬馬逆走。
"Đối luỹ chung tiêu bất giải yên,",對壘終宵不解鞍，
Thực túc liên triêu bất doanh đẩu.,食粟連朝不盈斗。
"Tướng quân kiến lỗ bão lược quy,",將軍見虜飽掠歸，
Cứ yên tác thế hô tặc tẩu.,据鞍作勢呼賊走。
"Sĩ tốt cửu hỹ tri thử ý,",士卒久矣知此意，
Đả mã truy bôn cận đắc cấu.,打馬追奔僅得彀。
"Thiên hàn mã mao phúc vô thỉ,",天寒馬毛腹無矢，
Cơ trường hoắc hoắc minh sổ lý.,飢腸霍霍鳴數里。
"Bất tri thử xứ đạp hương nê,",不知此處踏香泥
Nhất lộ xuân phong toạ la ỷ.,一路春風坐羅綺
"Hoàng hoa tùng bạn lục tôn tiền,",黃花叢畔綠尊前，
Do hữu ta ta cựu quản huyền.,猶有些些舊管弦。
"Ngẫu ngộ nhuận thu trùng cửu nhật,",偶遇閏秋重九日，
Đông ly độc chước nhất đào nhiên.,東籬獨酌一陶然。
"Tự tòng cửu nguyệt trì trai giới,",自從九月持齋戒，
Bất túy trùng dương thập ngũ niên.,不醉重陽十五年。
"Nhũ yên nhập sào duẩn thành trúc,",乳燕入巢筍成竹，
Thuỳ gia nhị nữ chủng tân cốc.,誰家二女種新榖。
"Vô nhân vô ngưu bất cập lê,",無人無牛不及犁，
Trì đao chước địa phiên tác nê.,持刀斫地翻作泥。
"Tự ngôn “Gia bần mẫu niên lão,",自言家貧母年老，
Trưởng huynh tòng quân vị thú tẩu.,長兄從軍未娶嫂。
"Khứ niên tai dịch ngưu độn không,",去年災疫牛囤空，
Tiệt quyên mãi đao đô thị trung.,截絹買刀都市中。
"Đầu cân yểm diện uý nhân thức,",頭巾掩面畏人識，
Dĩ đao đại ngưu thuỳ dữ đồng?”,以刀代牛誰與同？
"Tỷ muội tương huề tâm chính khổ,",姊妹相攜心正苦，
Bất kiến lộ nhân duy kiến thổ.,不見路人唯見土。
"Sơ thông huề lũng phòng loạn miêu,",疏通畦垅防亂苗，
Chỉnh đốn câu thăng đãi thời vũ.,整頓溝塍待時雨。
"Nhật chính nam cương hạ hướng quy,",日正南岡下餉歸，
Khả liên triều trĩ nhiễu kinh phi.,可憐朝雉擾驚飛。
"Đông lân tây xá hoa phát tận,",東鄰西舍花發盡，
Cộng tích dư phương lệ mãn y.,共惜餘芳淚滿衣。
"Nữ Nhi phố tiền hồ thuỷ lưu,",女兒浦前湖水流，
Nữ Nhi phố khẩu quá Hồ Châu.,女兒浦口過湖州。
"Hồ trung nhật nhật đa phong lãng,",湖中日日多風浪，
Hồ biên nhân nhân hoàn bạch đầu.,湖邊人人還白頭。
"Đại Cô san tiền Nữ Nhi loan,",大孤山前女兒灣，
Đại Cô san hạ lãng như san.,大孤山下浪如山。
"San tiền nhật nhật phong hoà vũ,",山前日日風和雨，
San hạ chu thuyền tự vãng hoàn.,山下舟船自往還。
"Hoàng vân thành biên ô dục thê,",黃雲城邊烏欲棲，
Quy phi nha nha chi thượng đề.,歸飛啞啞枝上啼。
"Cơ trung chức cẩm Tần Xuyên nữ,",機中織錦秦川女，
Bích sa như yên cách song ngữ.,碧紗如煙隔窗語。
"Đình thoa trướng nhiên ức viễn nhân,",停梭悵然憶遠人，
Độc túc cô phòng lệ như vũ.,獨宿孤房淚如雨。
"Lộ hoa tẩy thiên thiên đoạ thuỷ,",露華洗天天墮水，
Chúc quang thiêu vân bán không tử.,燭光燒雲半空紫。
"Tây thi dạ tuý Phù Dung châu,",西施夜醉芙蓉洲，
Kim ty ngọc hoàng thanh yết thu.,金絲玉簧清咽秋。
"Bề cổ tiên nguyệt hành xuân lôi,",鼙鼓鞭月行春雷，
Động phòng hoa mộng hàm bất hồi.,洞房花夢酣不回。
"Cung trung dạ dạ đề thê ô,",宮中夜夜啼栖烏，
Mỹ nhân nhật nhật ca Ngô du.,美人日日歌吳歈。
"Ngô vượng quốc phá ca thanh tuyệt,",吳王國破歌聲絕，
Quỷ hoả thanh huỳnh sinh bích huyết.,鬼火青熒生碧血。
"Thiên niên hoại trủng canh hồ thỏ,",千年坏冢耕狐兔，
Ô hàm chỉ tiền quải khô thụ.,烏啣紙錢挂枯樹。
"Độc lâu vô ngữ mãn nhãn nê,",髑髏無語滿眼泥，
Tằng kiến Ngô vương ca vũ thì.,曾見吳王歌舞時。
Ô dạ đề đề vị thuỳ?,烏夜啼，啼為誰？
Thân tiền hoan lạc thân hậu bi.,身前歡樂身后悲。
"Không lưu sắt oán truyền tương tư,",空留瑟怨傳相思，
"Ô dạ đề, đề biệt ly.",烏夜啼，啼別離。
"Cô Tô đài thượng ô thê thì,",姑蘇台上烏棲時，
Ngô vương cung lý tuý Tây Thi.,吳王宮裡醉西施。
"Ngô ca Sở vũ hoan vị tất,",吳歌楚舞歡未畢，
Thanh sơn dục hàm bán biên nhật.,青山欲含半邊日。
"Ngân tiễn kim hồ lậu thuỷ đa,",銀箭金壺漏水多，
"Khởi khan thu nguyệt truỵ giang ba,",起看秋月墜江波，
Đông phương tiệm cao nại lạc hà.,東方漸高奈樂何。
Quân bất kiến:,君不見:
"Tích nhật Tây Kinh toàn thịnh thì,",昔日西京全盛時，
Phần Âm Hậu Thổ thân tế tự.,汾陰后土親祭祀。
"Trai cung túc tẩm thiết trữ cung,",齋宮宿寢設儲供，
Chàng chung minh cổ thụ vũ kỳ.,撞鐘鳴鼓樹羽旂。
"Hán gia ngũ diệp tài thả hùng,",漢家五葉才且雄，
Tân diên vạn linh triều cửu nhung.,賓延萬靈朝九戎。
"Bách Lương phú thi cao yến bãi,",柏梁賦詩高宴罷，
Chiếu thư pháp giá hạnh Hà Đông.,詔書法駕幸河東。
"Hà Đông thái thú thân tảo trừ,",河東太守親掃除，
Phụng nghinh chí tôn đạo loan dư.,奉迎至尊導鸞輿。
"Ngũ doanh giáp đạo liệt dung vệ,",五營夾道列容衛，
Tam Hà túng quan không lý lư.,三河縱觀空里閭。
"Hồi tinh trú tất giáng linh trường,",回旌駐蹕降靈場，
Phần hương điện tử yêu bách tường.,焚香奠醑邀百祥。
"Kim đỉnh phát sắc chính hỗn hoàng,",金鼎發色正焜煌，
Linh chi vĩ diệp sư cảnh quang.,靈祗煒燁攄景光。
"Mai ngọc trần sinh lễ thần tất,",埋玉陳牲禮神畢，
Cử huy thượng mã thừa dư xuất.,舉麾上馬乘輿出。
"Bỉ Phần chi khúc gia khả du,",彼汾之曲嘉可遊，
"Mộc lan vi tiếp, quế vi chu.",木蘭為楫桂為舟。
"Trạo ca vi ngâm thái nghịch phù,",櫂歌微吟彩鷁浮，
Tiêu cổ ai minh bạch vân thu.,簫鼓哀鳴白雲秋。
"Hoan ngu yến hiệp tứ quần hậu,",歡娛宴洽賜群後，
Gia gia phục trừ hộ ngưu tửu.,家家復除戶牛酒。
"Thanh minh động thiên lạc vô hữu,",聲明動天樂無有，
Thiên thu vạn tuế Nam sơn thọ.,千秋萬歲南山壽。
"Tự tòng thiên tử hướng Tần quan,",自從天子向秦關，
Ngọc liễn kim xa bất phục hoàn.,玉輦金車不復還。
"Châu liêm vũ phiến trường tịch mịch,",珠簾羽扇長寂寞，
Đỉnh Hồ long nhiêm an khả phan.,鼎湖龍髯安可攀。
"Thiên linh nhân sự nhất triêu không,",千齡人事一朝空，
Tứ hải vi gia thử lộ cùng.,四海為家此路窮。
"Hào hùng ý khí kim hà tại,",豪雄意氣今何在，
Đàn trường cung quán tận hao bồng.,壇場宮館盡蒿蓬。
"Lộ phùng cố lão trường thán tức,",路逢故老長嘆息，
Thế sự hồi hoàn bất khả trắc.,世事回環不可測。
"Tích thời thanh lâu đối ca vũ,",昔時青樓對歌舞，
Kim nhật hoàng ai tụ kinh cức.,今日黃埃聚荊棘。
"Sơn xuyên mãn mục lệ triêm y,",山川滿目淚沾衣，
Phú quý vinh hoa năng kỷ thì?,富貴榮華能幾時？
"Bất kiến chích kim Phần thuỷ thượng,",不見只今汾水上，
Duy hữu niên niên thu nhạn phi.,唯有年年秋雁飛。
Hồn hề! Hồn hề! Hồ bất quy?,魂兮！魂兮！胡不歸，
Đông tây nam bắc vô sở y.,東西南北無所依。
"Thướng thiên há địa giai bất khả,",上天下地皆不可，
"Yên, Dĩnh thành trung lai hà vi?",鄢郢城中來何為。
"Thành quách do thị, nhân dân phi,",城郭猶是人民非，
Trần ai cổn cổn ô nhân y.,塵埃滾滾汙人衣。
"Xuất giả khu xa, nhập cứ toạ,",出者驅車入踞坐，
"Toạ đàm lập nghị giai Cao, Quỳ.",坐談立議皆皋夔。
"Bất lộ trảo nha dữ giác độc,",不露爪牙與角毒，
Giảo tước nhân nhục cam như di!,咬嚼人肉甘如飴。
"Quân bất kiến Hồ Nam sổ bách châu,",君不見湖南數百州，
"Chỉ hữu sấu tích, vô sung phì.",只有瘦瘠無充肥。
Hồn hề! hồn hề! suất thử đạo,魂兮！魂兮！率此道，
Tam Hoàng chi hậu phi kỳ thì.,三皇之後非其時。
"Tảo liễm tinh thần phản thái cực,",早斂精神返太極，
"Thận vật tái phản linh nhân xi,",慎勿再返令人嗤。
Hậu thế nhân nhân giai Thượng Quan,後世人人皆上官，
"Đại địa xứ xứ giai Mịch La,",大地處處皆汨羅。
"Ngư long bất thực, sài hổ thực,",魚龍不食豺虎食，
Hồn hề! hồn hề! nại hồn hà?,魂兮！魂兮！奈魂何。
"Hướng hiểu du nhân tư miểu nhiên,",向曉遊人思渺然，
Phong phàm nhất phiến xuất tình yên.,風凡一片出晴煙。
"Tàn tinh ảnh tán đông tây thuỷ,",殘星影散東西水，
Sơ nhật quang phân thượng hạ thiên.,初日光分上下天。
"Điểu ngữ trúc thanh di cổ độ,",鳥語竹聲移古渡，
Hoa minh liễu ám quá tiền xuyên.,花明柳暗過前川。
"Kỳ kiêm thi tửu vi tam hữu,",棋兼詩酒爲三友，
Nhân dữ sư bằng cộng nhất thuyền.,人與師朋共一船。
"Vị lão dung âm kình lục cái,",未老榕陰擎綠蓋，
Sơ sinh hà diệp điệp thanh tiền.,初生荷葉疊青錢。
"Lô tư đắc ý thanh giang mộc,",鸕鷥得意清江沐，
Âu lộ vong cơ bạch nhật miên.,鷗鷺忘機白日眠。
"Tuế nguyệt vô tình thôi bút quản,",歲月無情催筆管，
Long xà tòng thủ trước thi tiên.,龍蛇從手著詩箋。
"Đương thời tự tiếu phi nhàn khách,",當時自笑非閒客，
Khước bị đồng hô tác địa tiên.,卻被童呼作地仙。
"Yên chử vân phàm xứ xứ thông,",煙渚雲帆處處通，
Phiêu nhiên chu tự nhập hư không.,飄然舟似入虛空。
"Ngọc bôi thiển chước tuần sơ tạp,",玉杯淺酌巡初匝，
Kim quản từ xuy khúc vị chung.,金管徐吹曲未終。
"Hoàng giáp hiệt lâm hàn hữu diệp,",黃夾纈林寒有葉，
Bích lưu ly thuỷ tịnh vô phong.,碧琉璃水淨無風。
"Tỵ kỳ phi lộ phiên phiên bạch,",避旗飛鷺翩翻白，
Kinh cổ khiêu ngư bát lạt hồng.,驚鼓跳魚撥剌紅。
"Giản tuyết áp đa tùng yển kiển,",澗雪壓多松偃蹇，
Nham tuyền trích cửu thạch linh lung.,岩泉滴久石玲瓏。
"Thư vi cố sự lưu hồ thượng,",書為故事留湖上，
Ngâm tác tân thi ký Chiết đông.,吟作新詩寄浙東。
"Quân phủ uy dung tòng đạo thịnh,",軍府威容從道盛，
Giang sơn khí sắc định tri đồng.,江山氣色定知同。
"Báo quân nhất sự quân ưng tiện,",報君一事君應羨，
Ngũ túc trừng ba hạo nguyệt trung.,五宿澄波皓月中。
"Phọc Nhung nhân, phọc Nhung nhân!",縛戎人，縛戎人，
"Nhĩ xuyên, diện phá, khu nhập Tần,",耳穿面破驅入秦。
Thiên tử căng liên bất nhẫn sát,天子矜憐不忍殺，
Chiếu tỉ đông nam Ngô dữ Việt.,詔徙東南吳與越。
"Hoàng y tiểu sứ lục tính danh,",黃衣小使錄姓名，
Lĩnh xuất Trường An thừa đệ hành.,領出長安乘遞行。
"Thân bị kim sang, diện đa tích,",身被金創面多瘠，
Phù bệnh đồ hành nhật nhất dịch.,扶病徒行日一驛。
"Triêu xan cơ khát phí bôi bàn,",朝餐飢渴費杯盤，
Dạ ngoạ tinh táo ô sàng tịch.,夜臥腥臊汚牀席。
"Hốt phùng Giang thuỷ ức Giao Hà,",忽逢江水憶交河，
Thuỳ thủ tề thanh ô yết ca.,垂手齊聲嗚咽歌。
Kì trung nhất lỗ ngữ chư lỗ:,其中一虜語諸虜，
"Nhĩ khổ phi đa, ngã khổ đa.",爾苦非多我苦多。
"Đồng bạn hành nhân nhân tá vấn,",同伴行人因借問，
"Dục thuyết hầu trung khí phẫn phẫn,",欲說喉中氣憤憤。
"Tự vân hương quản bản Lương Nguyên,",自云鄉管本涼原，
Đại Lịch niên trung một lạc Phồn.,大曆年中沒落蕃。
"Nhất lạc Phồn trung tứ thập tải,",一落蕃中四十載，
Khiển trước bì cừu hệ mao đới.,遣著皮裘繫毛帶。
"Duy hứa chinh triêu phục Hán nghi,",唯許正朝服漢儀，
"Liễm y chỉnh cân tiềm lệ thuỳ,",斂衣整巾潛淚垂。
"Thệ tâm mật định qui hương kế,",誓心密定歸鄉計，
Bất sử Phồn trung thê tử tri.,不使蕃中妻子知。
"Ám tư hạnh hữu tàn cân lực,",暗思幸有殘筋力，
Cánh khủng niên suy qui bất đắc.,更恐年衰歸不得。
"Phồn hậu nghiêm binh điểu bất phi,",蕃候嚴兵鳥不飛，
Thoát thân mạo tử bôn đào quy.,脫身冒死奔逃歸。
Trú phục tiêu hành kinh đại mạc.,晝伏宵行經大漠，
"Vân âm nguyệt hắc, phong sa ác,",雲陰月黑風沙惡。
"Kinh tàng thanh trủng hàn thảo sơ,",驚藏青冢寒草疎，
Thâu độ Hoàng Hà dạ băng bạc.,偷渡黃河夜冰薄。
"Hốt văn Hán quân bề cổ thanh,",忽聞漢軍鼙鼓聲，
"Lộ bàng tẩu xuất tái bái nghênh,",路傍走出再拜迎。
"Du kị bất thính năng Hán ngữ,",遊騎不聽能漢語，
Tướng quân toại phọc tác Phồn sinh.,將軍遂縛作蕃生。
"Phối hướng Giang Nam ti thấp địa,",配向江南卑濕地，
"Định vô tồn tuất không phòng bị,",定無存卹空防備。
"Niệm thử thôn thanh ngưỡng tố thiên,",念此吞聲仰訴天，
Nhược vi tân khổ độ tàn niên.,若爲辛苦度殘年。
"Lương Nguyên hương tỉnh bất đắc kiến,",涼原鄉井不得見，
Hồ địa thê nhi hư khí quyên.,胡地妻兒虛棄捐。
"Một Phồn bị tù tư Hán thổ,",沒蕃被囚思漢土，
Qui Hán bị kiếp vi Phồn lỗ.,歸漢被劫爲蕃虜。
"Tảo tri như thử hối quy lai,",早知如此悔歸來，
Lưỡng địa ninh như nhất xứ khổ.,兩地寧如一處苦。
Phọc Nhung nhân!,縛戎人，
Nhung nhân chi trung ngã khổ tân.,戎人之中我苦辛。
"Tự cổ thử oan ứng vị hữu,",自古此冤應未有，
Hán tâm Hán ngữ Thổ Phồn thân!,漢心漢語吐蕃身。
"Kim Xương tây lai đới hàn chử,",金閶西來帶寒渚，
Sách sách đan phong đoạ yên vũ.,策策丹楓墮煙雨。
"Ngư hoả thanh huỳnh bạc trạo thời,",漁火青熒泊棹時，
Khách tinh tịch mịch văn chung xứ.,客星寂寞聞鐘處。
"Thuỷ minh nhân tĩnh giang thành cô,",水明人靜江城孤，
Y nhiên lạc nguyệt đề sương ô.,依然落月啼霜烏。
"Hoang lương cổ tự yên mê vu,",荒涼古寺煙迷蕪，
Trương Kế thi thiên kim hữu vô.,張繼詩篇今有無。
"Tạo hoá vô tình bất trạch vật,",造化無情不擇物，
Xuân sắc diệc đáo thâm sơn trung.,春色亦到深山中。
"Sơn đào khê hạnh thiểu ý tứ,",山桃溪杏少意思，
Tự sấn thời tiết khai xuân phong.,自趁時節開春風。
"Khán hoa du nữ bất tri xú,",看花游女不知醜，
Cổ trang dã thái tranh hoa hồng.,古妝野態爭花紅。
"Nhân sinh hành lạc tại miễn cưỡng,",人生行樂在勉強，
Hữu tửu mạc phụ lưu ly chung.,有酒莫負琉璃鍾。
"Chủ nhân vật tiếu hoa dữ nữ,",主人勿笑花與女，
Ta nhĩ tự thị hoa tiền ông.,嗟爾自是花前翁。
"Cửu Giang thập niên đông đại tuyết,",九江十年冬大雪，
Giang thuỷ sinh băng thụ chi chiết.,江水生冰樹枝折。
"Bách điểu vô thực đông tây phi,",百鳥無食東西飛，
Trung hữu lữ nhạn thanh tối ky.,中有旅鴈聲最飢。
"Tuyết trung trác thảo băng thượng túc,",雪中啄草冰上宿，
Sí lãnh đằng không phi động trì.,翅冷騰空飛動遲。
"Giang đồng trì võng bộ thương khứ,",江童持網捕將去，
"Thủ huề nhập thị, sinh mại chi.",手攜入市生賣之。
"Ngã bản bắc nhân kim khiển trích,",我本北人今譴謫，
Nhân điểu tuy thù đồng thị khách.,人鳥雖殊同是客。
"Kiến thử khách điểu thương khách nhân,",見此客鳥傷客人，
"Thục nhữ, phóng nhữ phi nhập vân.",贖汝放汝飛入雲。
Nhạn! Nhạn! Nhữ phi hướng hà xứ?,鴈！鴈！汝飛向何處？
Đệ nhất mạc phi tây bắc khứ!,第一莫飛西北去。
"Hoài Tây hữu tặc thảo vị bình,",淮西有賊討未平，
Bách vạn giáp binh cửu đồn tụ.,百萬甲兵久屯聚。
"Quan quân, tặc quân, tương thủ lão,",官軍賊軍相守老，
Thực tận binh cùng tương cập nhữ.,食盡兵窮將及汝。
Kiện nhi cơ ngã xạ nhữ khiết.,健兒飢餓射汝喫，
Bạt nhữ sí linh vi tiễn vũ.,拔汝翅翎爲箭羽。
"Giang thảo thu cùng tự thu bán,",江草秋窮似秋半，
Thập giác Ngô ngưu phóng giang ngạn.,十角吳牛放江岸。
"Lân khiên để vĩ sạ y ôi,",鄰肩抵尾乍依隈，
Hoành khứ tà bôn hốt phân tán.,橫去斜奔忽分散。
"Hoang pha đoạn tạm vô đoan nhập,",荒陂斷塹無端入，
Bối thượng thì thì cô điểu lập.,背上時時孤鳥立。
"Nhật mộ tương tương đới vũ quy,",日暮相將帶雨歸，
Điền gia yên hoả vi mang thấp.,田家煙火微茫濕。
"Giang thượng nhân gia đào thụ chi,",江上人家桃樹枝，
Xuân hàn tế vũ xuất sơ ly.,春寒細雨出疏籬。
"Ảnh tao bích thuỷ tiềm câu dẫn,",影遭碧水潛勾引，
Phong đố hồng hoa khước đảo xuy.,風妒紅花卻倒吹。
"Xuy hoa khốn điên bàng chu tiếp,",吹花困癲傍舟楫，
Thuỷ quang phong lực câu tương khiếp.,水光風力俱相怯。
"Xích tăng khinh bạc già nhập hoài,",赤憎輕薄遮入懷，
Trân trọng phân minh bất lai tiếp.,珍重分明不來接。
"Thấp cửu phi trì bán nhật cao,",溼久飛遲半日高，
Oanh sa nhạ thảo tế ư mao.,縈沙惹草細於毛。
"Mật phong hồ điệp sinh tình tính,",蜜蜂蝴蝶生情性，
Thâu nhãn tinh đình tỵ bách lao.,偷眼蜻蜓避百勞。
"Phương đông hạp đạp huyền âm tắc,",方冬合遝玄陰塞，
Tạc nhật vãn tình kim nhật hắc.,昨日晚晴今日黑。
"Vạn lý phi bồng ánh thiên qua,",萬里飛蓬映天過，
Cô thành thụ vũ dương phong trực.,孤城樹羽揚風直。
"Giang đào bá ngạn hoàng sa tẩu,",江濤簸岸黃沙走，
Vân tuyết mai sơn thương huỷ hống.,雲雪埋山蒼兕吼。
Quân bất kiến,君不見：
"Quỳ tử chi quốc Đỗ Lăng ông,",夔子之國杜陵翁，
Nha xỉ bán lạc tả nhĩ lung.,牙齒半落左耳聾。
"Chí hiểm mạc trắc hải dữ phong,",至險莫測海與風，
"Chí u bất nhân thử ngư long,",至幽不仁此魚龍，
"Chí tín khả thị hán lưỡng công,",至信可恃漢兩公，
Ký mệnh nhất diệp vạn nhận trung.,寄命一葉萬仞中。
"Tự thử nhi nam tẩy nhữ hung,",自此而南洗汝胸，
Phủ tuần dân di tất thanh thông.,撫循民夷必清通。
"Tự thử nhi bắc đoan nhữ cung,",自此而北端汝躬，
Quật tín cùng đạt thường chính trung.,屈信窮達常正忠。
"Sinh vị nhân anh một dũ hùng,",生為人英沒愈雄，
Thần tuy vô ngôn ý ngã đồng.,神雖無言意我同。
"Quân bất kiến Ngô Hàng độ hà thượng,",君不見吳航渡河上，
Tiêu tiêu đa cổ thụ.,蕭蕭多古樹。
"Thụ căn tích thạch trường thanh đài,",樹根積石長青苔，
Ưng bỉ tích nhân hệ chu xứ.,應比昔人系舟處。
"Tịch mịch hàn triều tự vãng hoàn,",寂寞寒潮自往還，
Quan hà bắc vọng không vân san.,關河北望空雲山。
"Thiên phù Bách Việt vinh quang yết,",天浮百粵榮光歇，
Hải tiếp Tam Ngô bá khí hàn.,海接三吳霸氣寒。
"Ngô vương thành khuyết kỷ thiên tải,",吳王城闕幾千載，
Khả hạm hà niên đáo Mân hải?,舸艦何年到閩海？
"Nguy tường tuấn lỗ trục phiêu phong,",危檣峻櫓逐飄風，
Kim nhật Ngô Hàng danh thượng tại.,今日吳航名尚在。
"Giang thượng niên niên xuân thảo tân,",江上年年春草新，
Thành đầu xa mã vãng lai tần.,城頭車馬往來頻。
"Dã điểu bất tri kinh hậu lại,",野鳥不知驚候吏，
Thuỳ dương không tự tống hành nhân.,垂楊空自送行人。
"Yên sơn bắc khởi cao nga nga,",燕山北起高峨峨，
Đông lưu Dịch thuỷ vô đình ba.,東流易水無停波。
"Bắc phong tiêu tiêu trúc thanh thiết,",北風蕭蕭築聲切，
Tích nhân ư thử tống Kinh Kha.,昔人於此送荊軻。
"Đồ trung chuỷ thủ phi lương kế,",圖中匕首非良計，
Kham thán Yên Đan vô viễn khí.,堪嘆燕丹無遠器。
"Độc lâu không tử Phàn tướng quân,",髑髏空死樊將軍，
Nhật mạc Tần binh mãn Yên thị.,日莫秦兵滿燕市。
"Vãng sự không dư Dịch thuỷ hàn,",往事空餘易水寒，
Bạch linh phi há địa tiêu can.,白翎飛下地椒幹。
"Kinh qua thử địa đối lưu thuỷ,",經過此地對流水，
Tri nhĩ trì trù mã thượng khan.,知爾踟躕馬上看。
"Yên Đài bát thiên dư lý lộ,",燕臺八千餘里路，
Doanh phiên ngọc bạch tuân vương độ.,瀛藩玉帛遵王度。
"Hoàng hoa thịnh tuyển thuộc nho lưu,",皇花盛選屬儒流，
Thô chuyết tự tàm thao giản cố.,麤拙自慚叨簡顧。
"Chính điện xuân thâm phụng bệ từ,",政殿春深奉陛辭，
Tuyên truyền sứ bộ linh ôn dụ.,宣傳使部聆溫諭。
"Chỉ xích uy nhan khúc tứ tuân,",咫尺威顏曲賜詢，
Hàn mặc thừa triêm hỉ thả cụ.,翰墨承霑喜且懼。
"Tinh tiết hàng hàng uý giản thư,",旌節行行畏簡書，
Long Biên thủ tiện ngu ban vũ.,龍邊取便娛斑舞。
"Tinh thiều quyên cát độ trùng quan,",星韶蠲吉度重關，
Đại địa sơn hà sơ dẫn bộ.,大地山河初引步。
"Lịch lịch giang trình hựu lục trình,",歷歷江程又陸程，
Lao nhân phong thử kiêm sương lộ.,勞人風暑兼霜露。
"Hương quốc sầu lai đối tửu lao,",鄉國愁來對酒醪，
Vân sơn hứng đáo thiêm tân cú.,雲山興到添新句。
"Hoa Nguyên thù ứng chước thành quy,",華原酬應酌成規，
Thẩn thị sơ dung hữu mị bổ.,矧是疏慵有靡補。
"Lưu quang thuấn tức hạ tồ thu,",流光瞬息夏徂秋，
Kính lý khán lai thành bạch thủ.,鏡裏看來成白首。
"Dương tiên nhất lộ đạt Yên Đài,",揚鞭一路達燕臺，
Thượng quốc phồn hoa hạnh thân đổ.,上國繁花幸親賭。
"Cấm uyển tuỳ ban bái miện lưu,",禁苑隨班拜冕旒，
Ngọc lâu thị yến linh Thiều hộ.,玉樓侍宴聆韶護。
"Tầm thường hàn mặc hạ thần bao,",尋常翰墨荷宸褒，
Thứ đệ trân kỳ long sủng số.,次第珍奇隆寵數。
"Tối hỉ thừa ân tảo tứ bình,",最喜承恩蚤賜軿，
Am trình nhân lạc lăng yên vụ.,諳程駰駱凌煙霧。
"Hạnh bằng ấm tí bảo an cường,",幸憑蔭庇保安強，
Gián bả thôi xao cung hiểu mộ.,間把推敲供曉暮。
"Khuất chỉ lai xuân nhập Ngọc Môn,",屈指來春入玉門，
"Tản Lĩnh, Lô Giang mịch ngô thổ.",傘嶺瀘江覓吾土。
"Thân vi hoan ngộ thuật tư du,",親圍歡晤述斯遊，
Sắc tiếu đình tiền ca yến tụ.,色笑庭前歌讌聚。
"Trùng chỉnh văn trâm cận ngọc kinh,",重整文簪覲玉京，
Phục mệnh khuyết đình trữ luyến mộ.,復命闕庭抒戀慕。
"Thừa minh Tuyên thất nhĩ xu thương,",承明宣室邇趨蹌，
Tử cấm hương yên huề mãn tụ.,紫禁香煙攜滿袖。
"Thuỳ thủ đương diên ngọc tửu hồng,",垂手當筵玉酒紅，
Hiểu ô đề bãi mộ lâm không.,曉烏啼罷暮林空。
"Thâm sơn băng tuyết hồn vô dụng,",深山冰雪渾無用，
Nhất thụ thừa ân tại Vĩnh Phong.,一樹承恩在永豐。
"Ly tứ thiên công dã bất kham,",離思天公也不堪，
Nhất tinh cao động ảnh tam tam.,一星高動影毿毿。
"Ô ngoa hồng lạp thanh sơn lộ,",烏靴紅笠青山路，
Bất thị Giang Nam thị Hán Nam.,不是江南是漢南。
"Ty mấn liêu thiên cảm phượng sinh,",絲鬢寥天感鳳笙，
Tôn tiền phiên xướng liễu chi tình.,尊前翻唱柳枝情。
"Đông quân bất phạ ly nhân khổ,",東君不怕離人苦，
Cánh khiển minh niên trước ý sinh.,更遣明年著意生。
"Khúc giang thiên khoảnh thu ba tịnh,",曲江千頃秋波淨，
Bình phô hồng vân cái minh kính.,平鋪紅雲蓋明鏡。
"Đại Minh cung trung cấp sự quy,",大明宮中給事歸，
Tẩu mã lai khan lập bất chính.,走馬來看立不正。
"Di ngã minh châu cửu thập lục,",遺我明珠九十六，
Hàn quang ánh cốt thuỵ ly mục.,寒光映骨睡驪目。
"Ngã kim quan nhàn đắc bà sa,",我今官閑得婆娑，
Vấn ngôn “Hà xứ phù dung đa?”,問言何處芙蓉多？
"Sanh chu Côn Minh độ vân cẩm,",撐舟昆明渡雲錦，
Cước xao lưỡng huyền khiếu Ngô ca.,腳敲兩舷叫吳歌。
"Thái Bạch sơn cao tam bách lý,",太白山高三百里，
Phụ tuyết thôi ngôi sáp hoa lý.,負雪摧嵬插花里。
"Ngọc sơn tiền khước bất phục lai,",玉山前卻不復來，
Khúc Giang đinh uynh thuỷ bình bôi.,曲江汀瀅水平杯。
"Ngã thì tương tư bất giác nhất hồi thủ,",我時相思不覺一回首，
Thiên môn cửu phiến tương đương khai.,天門九扇相當開。
"Thượng giới chân nhân túc quan phủ,",上界真人足官府，
Khởi như tán tiên tiên đáp loan phụng chung nhật tương truy bồi.,豈如散仙鞭答鸞鳳終日相追陪。
"Tiểu nô phược kê hướng thị mại,",小奴縛雞向市賣，
Kê bị phọc cấp tương huyên tranh.,雞被縛急相喧爭。
Gia trung yếm kê thực trùng nghị.,家中厭雞食蟲蟻，
Bất tri kê mại hoàn tao phanh.,不知雞賣還遭烹。
"Trùng kê vu nhân hà hậu bạc,",蟲雞于人何厚薄，
Ngô sất nô nhân giải kỳ phọc.,吾叱奴人解其縛。
"Kê trùng đắc thất vô liễu thì,",雞蟲得失無了時，
Chú mục hàn giang ỷ sơn các.,注目寒江倚山閣。
"Kim Lăng cung điện xuân phi vi,",金陵宮殿春霏微，
Giang Nam hoa phát giá cô phi.,江南花發鷓鴣飛。
"Phong lưu quốc chủ gia thiên khẩu,",風流國主家千口，
Thập ngũ xuy tiêu phấn đại hy.,十五吹簫粉黛稀。
"Mãn đường thi tửu giai từ khách,",滿堂詩酒皆詞客，
Thức hãn tranh khan Bình Thúc bạch.,拭汗爭看平叔白。
"“Hậu đình” nhất khúc phong cảnh cải,",後庭一曲風景改，
Thu lệ lâm giang bi cố quốc.,收淚臨江悲故國。
Lệnh công hiến tịch triều Vị Ương.,令公獻籍朝未央。
Sắc thư trúc đệ ưu hàng vương.,敕書築第優降王。
"Nguỵ phu tằng bất thâu chức thất,",魏俘曾不輸織室，
Cung phụng nhất quan lai Vũ Cương.,供奉一官來武彊。
"Tần Hoài triều thuỷ Chung sơn thụ,",秦淮潮水鍾山樹，
Tái bắc Giang Nam dị hoài thổ.,塞北江南易懷土。
"Song yến thanh thu mộng Bách Lương,",雙燕清秋夢柏梁，
Xuy lạc thiên nhai do tịnh vũ.,吹落天涯猶並羽。
"Tương tuỳ vị thị đoạn trường bi,",相隨未是斷腸悲，
Hoàng Hà ưng hữu khước hoàn thì.,黃河應有卻還時。
Ninh tri phiên thủ nhất triều sự?,寧知翻手一朝事？
Chỉ xích hà sơn bất khả kỳ.,咫尺河山不可期。
"Thương hoàng tam cổ Hô Đà ngạn,",倉皇三鼓滹沱岸，
Lương nhân bạch mã kim thuỳ kiến?,良人白馬今誰見？
"Quốc vong gia phá nhất thân tồn,",國亡家破一身存，
Bạc mệnh như bồng tín lưu chuyển.,薄命如蓬信流轉。
"Phương Nghi gia ngã danh tự tân,",芳儀加我名字新，
Giáo ca khiển vũ bất do nhân.,教歌遣舞不由人。
"Thái châu thập thuý y thường hảo,",採珠拾翠衣裳好，
Thâm hồng ám trú kinh sa trần.,深紅暗晝驚沙塵。
"Âm sơn xạ hổ biên phong cấp,",陰山射虎邊風急，
Tào tạp tỳ bà tửu lan khấp.,嘈雜琵琶酒闌泣。
"Vô ngôn sổ biến Thiên Hà tinh,",無言數遍天河星，
Chỉ hữu nam Cơ cận hương ấp.,只有南箕近鄉邑。
"Đương niên thiên chỉ độ giang lai,",當年千指渡江來，
Thiên chỉ bất tri thân độc ai.,千指不知身獨哀。
"Trung Nguyên cốt nhục hựu linh lạc,",中原骨肉又零落，
Hoàng hộc ký ý hà đương hồi.,黃鵠寄意何當回。
"Sinh nam tự hữu tứ phương chí,",生男自有四方志，
Nữ tử na tri xuất môn sự?,女子那知出門事？
"Quân bất kiến: Lý Lăng truỳ kết lão cùng biên,",君不見李陵椎髻老窮邊，
Trượng phu phiêu bạc vưu kham liên.,丈夫漂泊尤堪憐。
"Quỳ châu xử nữ phát bán hoa,",夔州處女發半華，
Tứ thập ngũ thập vô phu gia.,四十五十無夫家。
"Canh tao táng loạn giá bất thụ,",更遭喪亂嫁不售，
Nhất sinh bão hận kham tư ta.,一生抱恨堪咨嗟。
"Thổ phong toạ nam sử nữ lập,",土風坐男使女立，
"Ưng đương môn hộ, nữ xuất nhập.",應當門戶女出入。
"Thập do bát cửu phụ tân quy,",十猶八九負薪歸，
Mại tân đắc tiền ứng cung cấp.,賣薪得錢應供給。
"Chí lão song hoàn chỉ thuỳ cảnh,",至老雙鬟只垂頸，
Dã hoa sơn diệp ngân thoa tịnh.,野花山葉銀釵並。
"Cân lực đăng nguy tập thị môn,",筋力登危集市門，
Tử sinh xạ lợi kiêm diêm tỉnh.,死生射利兼鹽井。
"Diện trang thủ sức tạp đề ngân,",面粧首飾雜啼痕，
Địa biển y hàn khốn thạch căn.,地褊衣寒困石根。
"Nhược đạo Vu sơn nữ thô xú,",若道巫山女粗醜，
Hà đắc thử hữu Chiêu Quân thôn.,何得此有昭君村。
"Tam Sơn vân hải kỷ thiên lý,",三山雲海幾千里，
Thập bức bồ phàm quải yên thuỷ.,十幅蒲帆挂煙水。
"Ngô Trung quá khách mạc tư gia,",吳中過客莫思家，
Giang Nam hoạ thuyền như ốc lý.,江南畫船如屋里。
"Lô nha đoản đoản xuyên bích sa,",蘆芽短短穿碧沙，
Thuyền đầu lý ngư xuy lãng hoa.,船頭鯉魚吹浪花。
"Ngô cơ đãng tương nhập thành khứ,",吳姬蕩槳入城去
Tế vũ tiểu hàn sinh lục sa.,細雨小寒生綠紗。
"Ngã ca Thuỷ điệu vô nhân tục,",我歌水調無人續，
Giang thượng nguyệt lương xuy Tử trúc.,江上月涼吹紫竹。
"Xuân phong nhất khúc Giá cô từ,",春風一曲鷓鴣詞，
Hoa lạc oanh đề mãn thành lục.,花落鶯啼滿城綠。
"Quân bất kiến đạo biên phế khí trì,",君不見道邊廢棄池，
Quân bất kiến tiền giả tồi chiết đồng.,君不見前者摧折桐。
"Bách niên tử thụ trung cầm sắt,",百年死樹中琴瑟，
Nhất hộc cựu thuỷ tàng giao long.,一斛舊水藏蛟龍。
"Trượng phu cái quan sự thuỷ định,",丈夫蓋棺事始定，
"Quân kim hạnh vị thành lão ông,",君今幸未成老翁，
Hà hận tiều tuỵ tại sơn trung.,何恨憔悴在山中。
"Thâm sơn cùng cốc bất khả xứ,",深山窮穀不可處，
Tích lịch võng lượng kiêm cuồng phong.,霹靂魍魎兼狂風。
Tích hữu giai nhân Công Tôn thị,昔有佳人公孫氏，
Nhất vũ kiếm khí động tứ phương.,一舞劍器動四方。
"Quan giả như sơn sắc trở táng,",觀者如山色沮喪，
Thiên địa vi chi cửu đê ngang.,天地為之久低昂。
"Quắc như Nghệ xạ cửu nhật lạc,",霍如羿射九日落，
Kiểu như quần đế tham long tường.,矯如群帝驂龍翔。
"Lai như lôi đình thu chấn nộ,",來如雷霆收震怒，
Bãi như giang hải ngưng thanh quang.,罷如江海凝清光。
"Giáng thần châu tụ lưỡng tịch mịch,",絳脣珠袖兩寂寞，
Vãn hữu đệ tử truyền phân phương.,晚有弟子傳芬芳。
"Lâm Dĩnh mĩ nhân tại Bạch Đế,",臨穎美人在白帝，
Diệu vũ thử khúc thần dương dương.,妙舞此曲神揚揚。
"Dữ dư vấn đáp ký hữu dĩ,",與餘問答既有以，
Cảm thì phủ sự tăng uyển thương.,感時撫事增惋傷。
"Tiên đế thị nữ bát thiên nhân,",先帝侍女八千人，
Công Tôn kiếm khí sơ đệ nhất.,公孫劍器初第一。
"Ngũ thập niên gian tự phản chưởng,",五十年間似返掌，
Phong trần hồng động hôn vương thất.,風塵鴻洞昏王室。
"Lê viên tử đệ tán như yên,",梨園子弟散如煙，
Nữ nhạc dư tư ánh hàn nhật.,女樂餘姿映寒日。
"Kim Túc đôi tiền mộc dĩ củng,",金粟堆前木已拱，
Cù Đường thạch thành thảo tiêu sắt.,瞿塘石城草蕭瑟。
"Đại diên cấp quản khúc phục chung,",玳筵急管曲復終，
Lạc cực ai lai nguyệt đông xuất.,樂极哀來月東出。
"Lão phu bất tri kỳ sở vãng,",老夫不知其所往，
Túc kiển hoang sơn chuyển sầu tật.,足茧荒山轉愁疾。
"Miên Châu giang thuỷ chi đông tân,",綿州江水之東津，
Phường ngư bát bát sắc thắng ngân.,魴魚鱍鱍色勝銀。
"Ngư nhân dạng chu trầm đại võng,",漁人漾舟沈大網，
Tiệt giang nhất ủng sổ bách lân.,截江一擁數百鱗。
"Chúng ngư thường tài tận khước khí,",眾魚常才盡卻棄，
Xích lý đằng xuất như hữu thần.,赤鯉騰出如有神。
"Tiềm long vô thanh lão giao nộ,",潛龍無聲老蛟怒，
Hồi phong táp táp xuy sa trần.,回風颯颯吹沙塵。
"Ung tử tả hữu huy song đao,",饔子左右揮雙刀，
Khoái phi kim bàn bạch tuyết cao.,膾飛金盤白雪高。
"Từ Châu ngốc vĩ bất túc ức,",徐州禿尾不足憶，
Hán âm tra đầu viễn độn đào.,漢陰槎頭遠遁逃。
"Phường ngư phì mỹ tri đệ nhất,",魴魚肥美知第一，
Ký bão hoan ngu diệc tiêu sắt.,既飽歡娛亦蕭瑟。
"Quân bất kiến triêu lai cát tố kết,",君不見朝來割素髻。
Chỉ xích ba đào vĩnh tương thất.,咫尺波濤永相失。
"Sơn hành lạc nhật hạ tuyệt bích,",山行落日下絕壁，
Tây vọng thiên sơn vạn sơn xích.,西望千山萬山赤。
"Thụ chi hữu điểu loạn minh thì,",樹枝有鳥亂鳴時，
Minh sắc vô nhân độc quy khách.,暝色無人獨歸客。
"Mã kinh bất ưu thâm cốc truỵ,",馬驚不懮深谷墜，
Thảo động chỉ phạ trường cung xạ.,草動只怕長弓射。
"An đắc cánh tự Khai Nguyên trung,",安得更似開元中，
Đạo lộ tức kim đa ủng cách.,道路即今多擁隔。
Hiểu thanh long long thôi chuyển nhật.,曉聲隆隆催轉日，
Mộ thanh long long thôi nguyệt xuất.,暮聲隆隆催月出。
"Hán thành hoàng liễu ánh tân liêm,",漢城黃柳映新帘，
Bách lăng phi yến mai hương cốt.,柏陵飛燕埋香骨。
"Chuý toái thiên niên nhật trường bạch,",捶碎千年日長白，
Hiếu Vũ Tần hoàng thính bất đắc.,孝武秦皇聽不得。
"Tòng quân thuý phát lô hoa sắc,",從軍翠髮蘆花色，
Độc cộng Nam sơn thủ trung quốc.,獨共南山守中國。
"Kỷ hồi thiên thượng táng thần tiên,",幾回天上葬神仙，
Lậu thanh tương tương vô đoạn tuyệt.,漏聲相將無斷絕。
"Loạn phi sa cầm phệ thôn cẩu,",亂飛沙禽吠村狗，
Quan quân dạ du Cốc Thành khẩu.,官軍夜逾谷城口。
"Đại thuyền tiểu thuyền tranh tỵ hành,",大船小船爭避行，
Trưởng niên thôn thanh phục dao thủ.,長年吞聲復搖手。
"Cẩm bào tú phục nguyệt trung minh,",錦袍繡箙月中明，
Ngưu nhục thô phì đồng nhũ thanh.,牛肉粗肥挏乳清。
"Hồ cầm sưu biến Y Lương khúc,",胡琴搜遍伊涼曲，
Tận thị băng xa thiết mã thanh.,盡是冰車鐵馬聲。
"Quan san thu thảo phong tiêu sắt,",關山秋草風蕭瑟，
Thú giác bi già thinh bất đắc.,戍角悲笳聽不得。
"Nguyệt chiếu chinh nhân vọng viễn tâm,",月照征人望遠心，
Sương xuy mộ mã thương hoàng sắc.,霜吹暮馬蒼黃色。
"Hoàng vân ảm ảm một Kim Vi,",黃雲黯黯沒金微，
Vạn lý vô nhân nhất nhạn phi.,萬里無人一雁飛。
"Cố hương thử dạ hàn châm lệ,",故鄉此夜寒砧淚，
Tận nhập sa trường chiến sĩ y.,盡入沙場戰士衣。
"Hoà Nhung chiếu hạ thập ngũ niên,",和戎詔下十五年，
Tướng quân bất chiến không lâm biên.,將軍不戰空臨邊。
"Chu môn trầm trầm án ca vũ,",朱門沉沉按歌舞，
Cứu mã phì tử cung đoạn huyền.,廄馬肥死弓斷弦。
"Thú lâu điêu đẩu thôi lạc nguyệt,",戍樓刁斗催落月，
Tam thập tòng quân kim bạch phát.,三十從軍今白發。
"Địch lý thuỳ tri tráng sĩ tâm,",笛里誰知壯士心，
Sa đầu không chiếu chinh nhân cốt.,沙頭空照征人骨。
"Trung Nguyên can qua cổ diệc văn,",中原干戈古亦聞，
Khởi hữu nghịch Hồ truyền tử tôn.,豈有逆胡傳子孫！
"Di dân nhẫn tử vọng khôi phục,",遺民忍死望恢復，
Kỷ xứ kim tiêu thuỳ lệ ngân.,幾處今宵垂淚痕！
"Cối Kê cựu sự quân tu ký,",會稽舊事君須記，
"Hoan, Ái do tồn thập vạn binh.",驩愛猶存十萬兵。
"Kim tịch hà tịch đăng mãn đường,",今夕何夕燈滿堂，
Kim thoa dạ vũ hoa sắt bàng.,金釵夜舞華瑟傍。
"Hương phong phách duệ hồng hà cử,",香風拍袂紅霞舉，
Ngọc uyển kiểu kiểu lăng hư tường.,玉腕矯矯凌虛翔。
"Phiêu phiêu vân bộ đãng khinh bội,",飄飄雲步蕩輕佩，
Bát loan hiệp luật minh thương thương.,八鸞協律鳴鏘鏘。
"Hoa nhu ngọc nhuyễn lưỡng vô lực,",花柔玉軟兩無力，
Uyển chuyển ứng tiết tuỳ đê ngang.,宛轉應節隨低昂。
"Bàn thân tồn phục quy hạc tức,",蟠身蹲伏龜鶴息，
Diên cảnh trực trĩ ly long trường.,延頸直跱螭龍長。
"Minh châu viên chuyển bàn tứ giác,",明珠圓轉盤四角，
Tân liên niểu na ba trung ương.,新蓮裊娜波中央。
"Phồn ca cấp điệu tương bách xúc,",繁歌急調相迫促，
Tử yến song nhập hư liêm mang.,紫燕雙入虛帘忙。
"Phấn chi ngưng hãn chu nhan phát,",粉脂凝汗朱顏發，
Minh nguyệt không lương thiêm tố quang.,明月空梁添素光。
"Toạ trung hào khách Yên Triệu sản,",座中豪客燕趙產，
Khoái thưởng nhất cử liên thập thương.,快賞一舉連十觴。
"Ngô tài tuy bất thăng bôi chước,",吳才雖不勝杯酌，
Năng ốc ỷ bút huy từ chương.,能握綺筆揮詞章。
"Liêu thù nhất khúc đương kiêm tố,",聊酬一曲當縑素，
Thanh uyển bất nhượng Tầm Dương lang.,清婉不讓潯陽郎。
"Tầm Dương thế tứ khổ bất túc,",潯陽涕泗苦不足，
Phong lưu cự cập Ngô tài cuồng.,風流詎及吳才狂。
"Lâu đài thử địa hà nguy nguy,",樓臺此地何巍巍，
Đệ nhất quận công chi sinh từ.,第一郡公之生祠。
"Công tại tứ thì tập quan đới,",公在四時集冠帶，
Đắc dự giả hỉ bất dự bi.,得豫者喜不豫悲。
"Công khứ quan đới bất phục tập,",公去冠帶不復集，
Hương hoả tịch tịch hoà ly ly.,香火寂寂禾離離。
"Đãn kiến đệ nhị vô danh công,",但見第二無名公，
Triêu tịch huề trượng lai vu tư.,朝夕攜杖來于斯。
"Trần gian hưng phế đẳng nhàn sự,",塵間興廢等閒事，
Bất tri cửu tuyền thuỳ dữ quy.,不知九泉誰與歸。
"Thuỷ ngưu duệ ách ma cam giá,",水牛曳軛磨甘蔗，
Cam giá hợp thúc tận đảo phá.,甘蔗合束盡搗破。
"Mật tương điểm trích thôi ma để,",密漿點滴推磨底，
Ma thanh quát ngạn động hành quá.,磨聲聒岸動行過。
"Luân chuyển như hử cực phiền trọng,",輪轉如許極煩重，
Hoạn dưỡng do nhân bất đắc hạ.,豢養由人不得暇。
"Bất kiến thâm sơn loan động trung,",不見深山巒洞中，
Thập bách thành quần khiết lâm dã.,十百成羣囓林野。
"Thục quỳ hoa khai khai phục lạc,",蜀葵花開開復落，
Hoàng kim mãn địa thu phong ác.,黃金滿地秋風惡。
"Lương nhân viễn khứ bất quy gia,",良人遠去不歸家，
Thu phong xuy lạc Thục quỳ hoa.,秋風吹落蜀葵花。
"Thục quỳ hoa lạc khai phục hảo,",蜀葵花落開復好，
Lương nhân bất quy sầu dục lão.,良人不歸愁欲老。
"Lương phong khởi hề thiên vẫn sương,",涼風起兮天隕霜，
"Hoài quân tử hề diểu nan vương,",懷君子兮渺難望，
Cảm dư tâm hề đa khái khảng.,感予心兮多慨慷。
"Phong tùng lộ trúc hàn tiêu tiêu,",風松露竹寒瀟瀟，
Nhãn tiền bách vật câu linh điêu.,眼前百物俱零凋。
"Thanh sam du tử cảm thì biến,",青衫遊子感時變，
Tư thân ngôn quy tâm diêu diêu.,思親言歸心搖搖。
"Khởi vô tri kỷ đồng tiếu ngạo,",豈無知己同笑傲，
Khởi vô thuần lư xưng tình hảo.,豈無蓴鱸稱情好。
"Độc liên bất kiến ỷ môn thân,",獨憐不見倚門親，
Lệ sái tây phong ức huyên thảo.,淚灑西風憶萱草。
"Điền phu phao ương điền phụ tiếp,",田夫拋秧田婦接，
Tiểu nhi bạt ương đại nhi sáp.,小兒拔秧大兒插。
"Lạp thị đâu mâu thoa thị giáp,",笠是兜鍪蓑是甲，
Vũ tòng đầu thượng thấp đáo giáp.,雨從頭上濕到胛。
"Hoán cừ triêu xan yết bán thiếp,",喚渠朝餐歇半霎，
Đê đầu chiết yêu chỉ bất đáp.,低頭折腰只不答。
"Ương căn vị lao thì vị tạp,",秧根未牢蒔未匝，
Chiếu quản nga nhi dữ sồ áp.,照管鵝兒與雛鴨。
"Đông giao sấu mã sử ngã thương,",東郊瘦馬使我傷，
"Cốt cách lột ngột như đổ tường,",骨骼硉兀如堵牆。
"Bạn chi dục động chuyển y trắc,",絆之欲動轉欹側，
Thử khởi hữu ý nhưng đằng tương.,此豈有意仍騰驤。
"Tế khan lục ấn đới quan tự,",細看六印帶官字，
Chúng đạo tam quân di lộ bàng.,眾道三軍遺路旁。
"Bì can bác lạc tạp nê chỉ,",皮幹剝落雜泥滓，
Mao ám tiêu điều liên tuyết sương.,毛暗蕭條連雪霜。
"Khứ tuế bôn ba trục dư khấu,",去歲奔波逐餘寇，
Hoa lưu bất quán bất đắc tương.,驊騮不慣不得將。
"Sĩ tốt đa kỵ nội cứu mã,",士卒多騎內廄馬，
Trù trướng khủng thị bệnh thừa hoàng.,惆悵恐是病乘黃。
"Đương thời lịch khối ngộ nhất quyết,",當時曆塊誤一蹶，
Uỷ khí phi nhữ năng chu phòng.,委棄非汝能周防。
"Kiến nhân thảm đạm nhược ai tố,",見人慘澹若哀訴，
Thất chủ thố mạc vô tinh quang.,失主錯莫無晶光。
"Thiên hàn viễn phóng nhạn vi bạn,",天寒遠放雁為伴，
Nhật mộ bất thu ô trác sang.,日暮不收烏啄瘡。
"Thuỳ gia thả dưỡng nguyện chung huệ,",誰家且養願終惠，
Cánh thí minh niên xuân thảo trường.,更試明年春草長。
Quân bất kiến:,君不見：
"Tả phụ bạch sa như bạch thuỷ,",左輔白沙如白水，
Liễu dĩ chu tường bách dư lý.,繚以周牆百餘裏。
"Long môi tích thị Ốc Oa sinh,",龍媒昔是渥窪生，
Hãn huyết kim xưng hiến ư thử.,汗血今稱獻於此。
"Uyển trung lai tẫn tam thiên thất,",苑中騋牝三千匹，
Phong thảo thanh thanh hàn bất tử.,豐草青青寒不死。
"Thực chi hào kiện Tây Vực vô,",食之豪健西域無，
Mỗi tuế công câu quán biên bỉ.,每歲攻駒冠邊鄙。
"Vương hữu hổ thần ty uyển môn,",王有虎臣司苑門，
Nhập môn thiên cứu giai vân đồn.,入門天廄皆雲屯。
"Túc sương nhất cốt độc đương ngự,",驌驦一骨獨當禦，
Xuân thu nhị thì quy chí tôn.,春秋二時歸至尊。
"Chí tôn nội ngoại mã doanh ức,",至尊內外馬盈億，
Phục lịch tại quynh không đại tồn.,伏櫪在坰空大存。
"Dật quần tuyệt túc tín thù kiệt,",逸群絕足信殊傑，
Thích thảng quyền kỳ nan cụ luân.,倜儻權奇難具論。
"Luy luy đôi phụ tàng bôn đột,",纍纍塠阜藏奔突，
Vãng vãng pha đà tung siêu việt.,往往坡陀縱超越。
"Giác tráng phiên đồng my lộc du,",角壯翻同麋鹿遊，
Phù thâm bá đãng ngoan đà quật.,浮深簸蕩黿鼉窟。
"Tuyền xuất cự ngư trưởng tỉ nhân,",泉出巨魚長比人，
Đan sa tác vĩ hoàng kim lân.,丹砂作尾黃金鱗。
"Khởi tri dị vật đồng tinh khí,",豈知異物同精氣，
Tuy vị thành long diệc hữu thần.,雖未成龍亦有神。
"Tâm chi sinh hề sinh tử sinh,",心之生兮生死生，
Tâm chi diệt hề sinh tử diệt.,心之滅兮生死滅。
"Sinh tử nguyên lai tự tính không,",生死元來自性空，
Thử huyễn hoá thân diệc đương diệt.,此幻化身亦當滅。
"Phiền não Bồ đề ám tiêu ma,",煩惱菩提暗消磨，
Địa ngục thiên đường tự khô kiệt.,地獄天堂自枯竭。
"Hoạch thang lô thán đốn thanh lương,",鑊湯爐炭頓清涼，
Kiếm thụ đao sơn lập tồi chiết.,劍樹刀山立摧折。
"Thanh văn toạ thiền ngã vô toạ,",聲聞坐禪我無坐，
Bồ Tát thuyết pháp ngã thực thuyết.,菩薩說法我實說。
"Sinh tự vọng sinh tử vọng tử,",生自妄生死妄死，
Tứ đại bản không tòng hà khỉ?,四大本空從何起。
"Mạc vi khát lộc sấn dương diễm,",莫為渴鹿趁陽燄，
Đông tẩu tây trì vô tạm dĩ.,東走西馳無暫已。
"Pháp thân vô khứ diệc vô lai,",法身無去亦無來，
Chân tính vô phi diệc vô thị.,真性無非亦無是。
"Đáo gia tu tri bãi vấn trình,",到家須知罷問程，
Kiến nguyệt an năng khổ tầm chỉ.,見月安能苦尋指。
"Ngu nhân điên đảo bố sinh tử,",愚人顛倒怖生死，
Trí giả đạt quan nhàn nhi dĩ.,智者達官閑而已。
"Ngu nhân điên đảo bố sinh tử,",愚人顛倒怖生死，
Trí giả đạt quan nhàn nhi dĩ.,智者達官閑而已。
"Không lâm vẫn diệp mộ ô đề,",空林隕葉暮烏啼，
Vân thuỷ điều điều cách Hoàn Khê.,雲水迢迢隔皖溪。
"Dạ phát Thương Ngô hàn mộng viễn,",夜發蒼梧寒夢遠，
Sở thiên lãng nguyệt chiếu lâu tê.,楚天朗月照樓西。
"Bạc mệnh đồng ly cốt nhục ai,",薄命同罹骨肉哀，
Thiên nhai thư tín viễn nan lai.,天涯書信遠難來。
"Sầu tâm bất tự quy hồng ảnh,",愁心不似歸鴻影，
Năng trục Tương giang dạ nguyệt hồi.,能逐湘江夜月回。
"Nhật nhật sơn, nhật nhật sơn,",日日山日日山，
"Dạ bất hành sơn, diệc tại sơn.",夜不行山亦在山。
"Đê dữ thương ba chuyển,",低與蒼波轉，
Cao dữ bạch vân phan.,高與白雲攀。
"Tứ diện vi nhân xuyên nhất khích,",四面圍人穿一隙，
Trung đồ tuyệt địa toả trùng quan.,中涂絕地鎖重關。
"Đại tế nhật nguyệt tiểu tế dã,",大蔽日月小蔽野，
"Tiêm như kiếm kích, viên như hoàn.",尖如劍戟圓如圜。
"Cánh hữu đoàn sa ế hải ngạn,",更有團沙翳海岸，
Thế nhược ba đào bôn tẩu gian.,勢若波濤奔走間。
"Hưu tương hình tự di tình tính,",休將形似遺情性，
Thiên thiết địa tàng phi nhất ban.,天設地藏非一般。
"Quân mạc học Thục cuồng tuý khách,",君莫學蜀狂醉客，
Sảo bất xứng tình tiện ta hành lộ gian.,稍不稱情便嗟行路艱。
"Gian tai hữu thậm ư sơn giả,",艱哉有甚於山者，
Thế tình vãng vãng ố không hoàn.,世情往往惡空圜。
"Vân An sơn lâu dạ xuy địch,",雲安山樓夜吹笛，
Giang thượng triều bình tống hành khách.,江上潮平送行客。
"Tam Ba nhất dạ thu dĩ sinh,",三巴一夜秋已生，
Giang thuyền dục khai văn địch thanh.,江船欲開聞笛聲。
"Địch thanh ô yết lâu đầu khởi,",笛聲嗚咽樓頭起，
Nguyệt minh xuy lạc Ba giang thuỷ.,月明吹落巴江水。
"Thuỳ thị Ngô Tùng Trương Quý Ưng,",誰是吳淞張季鷹，
Thuần lư quy tứ thu phong lý.,蓴鱸歸思秋風裡。
"Lan can bách chiết xuyên điểu sào,",闌干百折穿鳥巢，
Cước hạ táp táp văn giang đào.,腳下颯颯聞江濤。
"Xuất giáp hoàn sầu dạ viên cấp,",出峽還愁夜猿急，
Cử đầu duy kiến thương nhai cao.,舉頭惟見蒼崖高。
"Chu nhân thôi khách tiền than trú,",舟人催客前灘住，
Tửu tỉnh mộng giác tri hà xứ.,酒醒夢覺知何處。
"Bồng ảnh toàn già giáp khẩu yên,",篷影全遮硤口煙，
Lỗ thanh do nhiễu lâu tiền thụ.,櫓聲猶繞樓前樹。
"Kim dạ sơn lâu tống khách quy,",今夜山樓送客歸，
Kỷ thời xuy địch cố viên phi.,幾時吹笛故園扉。
"Tha hương mạc vong thù du tửu,",他鄉莫忘茱萸酒，
Chỉ đãi Giang Nam bạch nhạn phi.,只待江南白雁飛。
"Ngã hành Sơn Nam dĩ tam nhật,",我行山南已三日，
Như thằng đại đạo đông tây xuất.,如繩大道東西出。
"Bình xuyên ốc dã vọng bất tận,",平川沃野望不儘，
Mạch lũng thanh thanh tang uất uất.,麥隴青青桑鬱鬱。
"Địa cận Hàm Tần khí tục hào,",地近函秦氣俗豪，
Thu thiên xúc cúc phân bằng tào.,秋千蹴鞠分朋曹。
"Mục túc liên vân mã đề kiện,",苜蓿連云馬蹄健，
Dương liễu giáp đạo xa thanh cao.,楊柳夾道車聲高。
"Cổ lai lịch lịch hưng vong xứ,",古來曆曆興亡處，
Cử mục sơn xuyên thượng như cố.,舉目山川尚如故。
"Tướng quân đàn thượng lãnh vân đê,",將軍壇上冷云低，
Thừa tướng từ tiền xuân nhật mộ.,丞相祠前春日暮。
"Quốc gia tứ kỷ thất Trung nguyên,",國家四紀失中原，
Sư xuất Giang Hoài vị dị thôn.,師出江淮未易吞。
"Hội khan kim cổ tòng thiên hạ,",會看金鼓從天下，
Khước dụng Quan Trung tác bản căn.,卻用關中作本根。
"Sơn thạch lạc xác hành kính vi,",山石犖確行徑微，
Hoàng hôn đáo tự biển bức phi.,黃昏到寺蝙蝠飛。
"Thăng đường toạ giai tân vũ túc,",升堂坐階新雨足，
Ba tiêu diệp đại chi tử phì.,芭蕉葉大支子肥。
"Tăng ngôn cổ bích phật hoạ hảo,",僧言古壁佛畫好，
Dĩ hoả lai chiếu sở kiến hy.,以火來照所見稀。
"Phô sàng phất tịch trí canh phạn,",鋪床拂席置羹飯，
Sơ lệ diệc túc bão ngã cơ.,疏糲亦足飽我饑。
"Dạ thâm tĩnh ngoạ bách trùng tuyệt,",夜深靜臥百蟲絕，
Thanh nguyệt xuất lĩnh quang nhập phi.,清月出嶺光入扉。
"Thiên minh độc khứ vô đạo lộ,",天明獨去無道路，
Xuất nhập cao hạ cùng yên phi.,出入高下窮煙霏。
"Sơn hồng giản bích phân lạn mạn,",山紅澗碧紛爛漫，
Thì kiến tùng lịch giai thập vi.,時見松櫪皆十圍。
"Đương lưu xích túc tháp giản thạch,",當流赤足蹋澗石，
Thuỷ thanh kích kích phong xuy y.,水聲激激風吹衣。
"Nhân sinh như thử tự khả lạc,",人生如此自可樂，
Khởi tất cục thúc vi nhân ky.,豈必局束為人鞿。
"Ta tai ngô đảng nhị tam tử,",嗟哉吾黨二三子，
An đắc chí lão bất cánh quy.,安得至老不更歸。
"Bồng Lai tử khí ôn như ngọc,",蓬萊紫氣溫如玉，
"Duy dư tri nhĩ “Dương xuân khúc”,",唯予知爾陽春曲，
Biệt lai kỷ nhật phương tôn lục.,別來幾日芳蓀綠。
"Bách hoa tửu mãn bất kiến quân,",百花酒滿不見君，
Thanh sơn nhất vọng tâm đoạn tục.,青山一望心斷續。
"Hùng lôi chấn không Lục Giáp khu,",雄雷震空六甲驅，
Không thanh tái hộ âm mô hồ.,空青塞戶陰模糊。
"Quyển mao đạm thiệt hình trạng thù,",卷毛舕舌形狀殊，
Đào Tận hổ báo sài lang khu.,逃盡虎豹豺狼貙。
"Đế thị tế tế thương đài phô,",諦視細細蒼苔鋪，
Phục nhi bất động phi thạch hồ.,伏而不動非石乎？
"Đẩu hồi kinh quý sinh hoan ngu,",陡回驚悸生歡娛，
Động thiên chỉ xích khai tiên đô.,洞天咫尺開仙都。
"Trung bất bách mẫu xà tuyến vu,",中不百畝蛇線紆，
Ngũ lý thập lý bàn kỳ khu.,五里十里盤崎嶇。
"Tiền chi thăng giả nao phụ đồ,",前之升者猱附途，
Dĩ chủng ma đính ngưỡng khả hô.,以踵摩頂仰可呼。
"Hốt nhiên sách chi hựu vong bô,",忽然索之又亡逋，
"Bạch nhật tại không ngọ dục bô,",白日在空午欲晡，
Phiên thân khiêu nhập Hồ Công hồ.,翻身跳入壺公壺。
"Tứ bích thuý sái tùng vũ thô,",四壁翠灑松雨粗，
"Tùng sinh thạch khích lão cánh du,",松生石隙老更腴，
Bất giai xích thổ nguyên khí phù.,不階尺土元氣扶。
"Tùng da thạch da đức bất cô,",松耶石耶德不孤，
"Thạch dĩ tùng cổ thanh bức phu,",石以松古青逼膚，
Tùng dĩ thạch quái thuỳ long hồ.,松以石怪垂龍胡。
"Thiên phong lai vãng điều sinh vu,",天風來往調笙竽，
Mãn thân vân khí lưu tư tu.,滿身雲氣留斯須。
"Xuất môn dư mã huyên cửu cù,",出門輿馬喧九衢，
Hung trung liễu liễu khâu hác câu.,胸中了了丘壑俱。
"Hu ta hồ: Hung trung liễu liễu khâu hác câu,",吁嗟乎胸中了了丘壑俱，
Thiên thu hoạ bản tư Nghê Vu.,千秋畫本思倪迂。
"Hàn nhập quan du sương mãn thiên,",寒入關榆霜滿天，
Thiết y mã thượng chẩm qua miên.,鐵衣馬上枕戈眠。
"Sầu sinh hoạ giác hương tâm phá,",愁生畫角鄉心破，
Nguyệt độ thâm khuê cựu mộng khiên.,月度深閨舊夢牽。
"Sầu tuyệt kinh văn biên kỵ báo,",愁絕驚聞邊騎報，
Hung Nô dĩ mục Lũng Tây hoàn.,匈奴已牧隴西還。
"Khai Nguyên thiên tử vạn sự túc,",開元天子萬事足，
Duy tích đương thời quang cảnh xúc.,唯惜當時光景促。
"Tam Hương mạch thượng vọng tiên sơn,",三鄉陌上望仙山，
Quy tác Nghê thường vũ y khúc.,歸作霓裳羽衣曲。
"Tiên tâm tòng thử tại Dao Trì,",仙心從此在瑤池，
"Tam Thanh, Bát Cảnh tương truy tuỳ.",三清八景相追隨。
"Thiên thượng hốt thừa bạch vân khứ,",天上忽乘白雲去，
Thế gian không hữu Thu phong từ.,世間空有秋風詞。
"Tam Nguyên lý tiền thanh nhược lôi,",三元里前聲若雷，
Thiên chúng vạn chúng đồng thời lai.,千眾萬眾同時來。
"Nhân nghĩa sinh phẫn phẫn sinh dũng,",因義生憤憤生勇，
Hương dân hợp lực cường đồ tồi.,鄉民合力強徒摧。
"Gia thất điền lư nhu bảo vệ,",家室田廬需保衛，
Bất đãi cổ thanh quần tác khí.,不待鼓聲群作氣。
"Phụ nữ tề tâm diệc kiện nhi,",婦女齊心亦健兒，
Lê sừ tại thủ giai binh khí.,犁鋤在手皆兵器。
"Hương phần viễn cận kỳ ban lan,",鄉分遠近旗斑斕，
Thập đội bách đội duyên khê sơn.,什隊百隊沿溪山。
"Chúng di tương thị hốt biến sắc,",眾夷相視忽變色，
Hắc kỳ tử trượng nan sinh hoàn.,黑旗死仗難生還。
"Di binh sở thị duy sang pháo,",夷兵所恃惟槍炮，
Nhân tâm hợp xứ thiên tâm đáo.,人心合處天心到。
"Tình không sậu vũ hốt khuynh bồn,",晴空驟雨忽傾盆，
Hung di vô sở thi kỳ bạo.,凶夷無所施其暴。
"Khởi đặc hoả khí vô sở thi,",豈特火器無所施，
Di túc bất quán hành hoạt nê.,夷足不慣行滑泥。
"Hạ giả điền thăng khổ trịch trục,",下者田塍苦躑躅，
Cao giả cương phụ sầu điên tê.,高者岡阜愁顛擠。
"Trung hữu di tù mạo vưu xú,",中有夷酋貌尤醜，
Tượng bì tác giáp khoả thân hậu.,象皮作甲裹身厚。
"Nhất qua dĩ thung Trường Địch hầu,",一戈已舂長狄喉，
Thập nhật do huyền Chất Chi thủ.,十日猶懸郅支首。
"Phân nhiên dục độn vô song sí,",紛然欲遁無雙翅，
Tiêm quyết cừ khôi chân dịch sự.,殲厥渠魁真易事。
"Bất giải hà do cự võng khai,",不解何由巨網開，
Khô ngư cánh đắc du nhiên thệ.,枯魚竟得攸然逝。
"Nguỵ Giáng hoà Nhung thả giải ưu,",魏絳和戎且解憂，
Phong nhân khảng khái phú đồng cừu.,風人慷慨賦同仇。
"Như hà toàn thịnh kim âu nhật,",如何全盛金甌日，
Khước lại kim tăng tuế tệ mưu.,卻賴金繒歲幣謀。
"Tiền niên khoái kình Đông Hải thượng,",前年膾鯨東海上，
Bạch lãng như sơn ký hào tráng.,白浪如山寄豪壯。
"Khứ niên xạ hổ Nam Sơn thu,",去年射虎南山秋，
Dạ quy cấp tuyết mãn điêu cừu.,夜歸急雪滿貂裘。
"Kim niên tồi đồi tối kham tiếu,",今年摧頹最堪笑，
Hoa phát thương nhan tu tự chiếu.,華發蒼顏羞自照。
"Thuỳ tri đắc tửu thượng năng cuồng,",誰知得酒尚能狂，
Thoát mạo hướng nhân thời đại khiếu.,脫帽向人時大叫。
"Nghịch Hồ vị diệt tâm vị bình,",逆胡未滅心未平，
Cô kiếm sàng đầu khanh hữu thanh.,孤劍床頭鏗有聲。
"Phá dịch mộng hồi đăng dục tử,",破驛夢回燈欲死，
Đả song phong vũ chính tam canh.,打窗風雨正三更。
"Giác liễu thân tâm bản ngưng tịch,",覺了身心本凝寂，
Thần thông biến hoá hiện chư tướng.,神通變化現諸相。
"Hữu vi, vô vi tùng thử xuất,",有為無為從此出，
Hà sa thế giới bất khả lường.,河沙世界不可量。
"Tuy nhiên biến mãn hư không giới,",雖然遍滿虛空界，
Nhất nhất quán lai một hình trạng.,一一觀來沒形狀。
"Thiên cổ, vạn cổ nan tỷ huống,",千古萬古難比況，
"Giới giới, xứ xứ thường lãng lãng.",界界處處常朗朗。
"Cao Tổ đề kiếm nhập Hàm Dương,",高祖提劍入咸陽，
Viêm viêm hồng nhật thăng phù tang.,炎炎紅日升扶桑。
"Quang Vũ long hưng thành đại thống,",光武龍興成大統，
Kim ô phi thượng thiên trung ương.,金烏飛上天中央。
"Ai tai Hiến Đế thiệu hải vũ,",哀哉獻帝紹海宇，
Hồng luân tây truỵ hàm trì bàng!,紅輪西墜咸池旁！
"Hà Tiến vô mưu trung quý loạn,",何進無謀中貴亂，
Lương Châu Đổng Trác ký triều đường.,涼州董卓居朝堂。
"Vương Doãn định kế tru nghịch đảng,",王允定計誅逆黨，
"Lý Thôi, Quách Dĩ hứng đao thương.",李傕郭汜興刀槍。
"Tứ phương đạo tặc như nghĩ tụ,",四方盜賊如蟻聚，
Lục hợp gian hùng giai ưng dương.,六合奸雄皆鷹揚：
"Tôn Kiên, Tôn Sách khởi Giang Tả,",孫堅孫策起江左，
"Viên Thiệu, Viên Thuật hưng Hà Lương.",袁紹袁术興河梁。
"Lưu Yên phụ tử cứ Ba Thục,",劉焉父子據巴蜀，
Lưu Biểu quân lữ truân Kinh Tương.,劉表軍旅屯荊襄。
"Trương Yên Trương Lỗ phách Nam Trịnh,",張燕張魯霸南鄭，
"Mã Đằng, Hàn Toại thủ Tây Lương.",馬騰韓遂守西涼。
"Đào Khiêm, Trương Tú, Công Tôn Toản,",陶謙張繡公孫瓚，
Các sính hùng tài chiêm nhất phương.,各逞雄才占一方。
"Tào Tháo chuyên quyền cư tướng phủ,",曹操專權居相府，
Lao lung anh tuấn dụng văn vũ.,牢籠英俊用文武。
"Uy hiệp thiên tử lệnh chư hầu,",威挾天子令諸侯，
Tổng lĩnh tì hưu trấn trung thổ.,總領貔貅鎮中土。
"Lâu Tang Huyền Đức bản hoàng tôn,",樓桑玄德本皇孫，
Nghĩa kết Quan Trương nguyện phù chủ.,義結關張愿扶主。
"Đông tây bôn tẩu hận vô gia,",東西奔走恨無家，
Tương quả binh vi tác ky lữ.,將寡兵微作羈旅。
"Nam Dương tam cố tình hà thâm,",南陽三顧情何深，
Ngoạ Long nhất kiến phân hoàn vũ.,臥龍一見分寰宇。
"Tiên thủ Kinh Châu hậu thủ Xuyên,",先取荊州后取川，
Bá nghiệp đồ vương tại thiên phủ.,霸業圖王在天府。
"Ô hô tam tái thệ thăng hà,",嗚呼三載逝升遐，
Bạch Đế thác cô kham thống sở!,白帝托孤堪痛楚！
"Khổng Minh lục xuất Kỳ Sơn tiền,",孔明六出祁山前，
Nguyện dĩ chỉ thủ tương thiên bổ.,愿以只手將天補。
"Hà kì lịch sổ đáo thử chung,",何期歷數到此終，
Trường tinh bán dạ lạc san ổ!,長星半夜落山塢！
"Khương Duy độc bằng khí lực cao,",姜維獨憑氣力高，
Cửu phạt Trung Nguyên không cù lao.,九伐中原空劬勞。
"Chung Hội, Đặng Ngải phân binh tiến,",鐘會鄧艾分兵進，
Hán thất giang san tẫn chúc Tào.,漢室江山盡屬曹。
"Phi Duệ Phương Mao tài cập Hoán,",丕睿芳髦才及奐，
Tư Mã hựu tương thiên hạ giao.,司馬又將天下交。
"Thụ Thiện đài tiền vân vụ khởi,",受禪臺前雲霧起，
Thạch đầu thành hạ vô ba đào.,石頭城下無波濤。
"Trần Lưu quy mệnh dữ an nhạc,",陳留歸命與安樂，
Vương hầu công tước tòng căn miêu.,王侯公爵從根苗：
"Phân phân thế sự vô cùng tẫn,",紛紛世事無窮盡，
Thiên sổ mang mang bất khả đào.,天數茫茫不可逃。
"Đỉnh túc tam phân dĩ thành mộng,",鼎足三分已成夢，
Hậu nhân bằng điếu không lao tao.,後人憑吊空牢騷。
"Tam Xá dịch, thập tự lộ,",三岔驛，十字路，
Bắc khứ nam lai kỷ triêu mộ.,北去南來幾朝暮。
"Triêu kiến dương dương ủng cái lai,",朝見揚揚擁蓋來，
Mộ khan tịch tịch hồi xa khứ.,暮看寂寂回車去。
"Kim cổ tiêu trầm danh lợi trung,",今古銷沉名利中，
"Đoản đình lưu thuỷ, trường đình thụ.",短亭流水長亭樹。
"An Nam hữu sinh Nguyễn Đình Giới,",安南有生阮廷玠，
Lệ thư quốc nội tri danh tối.,𨽻書國内知名最。
"Chỉnh như lão tướng nghiêm giáp binh,",整如老將嚴甲兵，
Trang nhược đoan nhân chính quan đới.,莊若端人正冠帶。
"Lão phu trì tiết sứ Viêm châu,",老夫持節使炎州，
Đầu bạch nhãn hôn kim lão đại.,頭白眼昏今老大。
"Trước thư hạ nhật sử chi tả,",著書暇日使之寫，
Nhất tiếu linh nhân tâm mục khoái.,一笑令人心目快。
"Đường thì tuyển nhân dụng khải pháp,",唐時選人用楷法，
Ta nhĩ nãi tại yếu hoang ngoại.,嗟爾乃在要荒外。
"Phí thuý thiên nhai ẩn vũ mao,",翡翠天涯隠羽毛，
Xà châu hải để trầm quang quái.,蛇珠海底沈光怪。
"Ngã hứng vị nhĩ tác trường ca,",我興為爾作長歌，
Sinh khởi tu dung trùng tái bái.,生起脩容重再拜。
"Độc bất kiến: Đảm nhĩ Lê sinh ngộ lão Pha,",獨不見、儋耳黎生遇老坡，
Diệc đắc tính danh truyền hậu đại.,亦得姓名傳後代。
"An Nam hữu sinh Nguyễn Thái Xung,",安南有生阮太沖，
Lệ thư quốc trung xứng tối công.,𨽻書國中稱最工。
"Kình như tinh binh sáo thiện vũ,",勁如精兵槊善舞，
Tật nhược khoái tượng cân thành phong.,疾若快匠斤成風。
"Lão phu trì tiết sứ tuyệt vực,",老夫持節使絶域，
Nhãn hôn đầu bạch thuỳ long chung.,眼昏頭白垂龍鍾。
"Trước thư hạ nhật sử chi tả,",著書暇日使之寫，
Nhất tiếu liêu túc thư tâm hung.,一笑聊足舒心胷。
"Tả thư thiết quan tự hán đại,",寫書設官自漢代，
Ta nhữ nãi tại viêm hoang trung.,嗟汝乃在炎荒中。
"Điều điều Lĩnh biểu sản đan lệ,",迢迢嶺表産丹茘，
Uất uất giản để sinh thanh tùng.,鬱鬱澗底生青松。
"Ngã hứng vị nhĩ tác trường cú,",我興為爾作長句，
Sinh khởi tái bái sinh xuân dung.,生起再拜生春容。
"Độc bất kiến: Quỳnh châu Khương sinh ngộ Tô tử,",獨不見、瓊州姜生遇蘇子，
Tính danh diệc khả truyền vô cùng.,姓名亦可傳無窮。
Ngô văn:,吾聞：
"Trường Hoằng chi trung liệt kim thạch,",萇弘之忠裂金石，
Tinh khí thiên niên hoá vi bích.,精氣千年化為碧。
"Nhân sinh lại hữu phương thốn diệu,",人生賴有方寸妙，
Vạn biến thần kỳ tòng thử xuất.,萬變神奇從此出。
Hựu văn:,又聞：
"Tây phương Phạn tăng danh Pháp Năng,",西方梵僧名法能，
Năng lệnh lưỡng nhãn bích sắc tinh.,能令兩眼碧色晶。
"Hoa tạ hoa phi, phi mãn thiên,",花謝花飛飛滿天，
Hồng tiêu hương đoạn hữu thuỳ liên.,紅消香斷有誰憐？
"Du ti nhuyễn hệ phiêu xuân tạ,",遊絲軟系飄春榭，
Lạc nhứ khinh niêm phốc tú liêm.,落絮輕粘扑繡帘。
"Khuê trung nữ nhi tích xuân mộ,",閨中女兒惜春暮，
"Sầu tự mãn hoài vô trước xứ,",愁緒滿懷無著處，
"Thủ bả hoa sừ xuất tú liêm,",手把花鋤出繡帘，
Nhẫn đạp lạc hoa lai phục khứ.,忍踏落花來復去？
"Liễu ti du giáp tự phương phi,",柳絲榆莢自芳菲，
Na quản đào phiêu dữ lý phi.,哪管桃飄與李飛，
"Đào lý minh niên năng tái phát,",桃李明年能再發，
Minh niên khuê trung tri hữu thuỳ.,明年閨中知有誰？
"Tam nguyệt hương sào dĩ luỹ thành,",三月香巢已壘成，
Lương gian yến tử thái vô tình.,梁間燕子太無情，
"Minh niên hoa phát tuy khả trác,",明年花發雖可啄，
Khước bất đạo nhân khứ lương không sào dã khuynh!,卻不道人去梁空巢也傾。
"Nhất niên tam bách lục thập nhật,",一年三百六十日，
Phong đao sương kiếm nghiêm tương bức.,風刀霜劍嚴相逼，
"Minh mị tiên nghiên năng kỷ thì,",明媚鮮妍能几時，
Nhất triêu phiêu bạc nan tầm mịch.,一朝漂泊難尋覓。
"Hoa khai dị kiến lạc nan tầm,",花開易見落難尋，
Giai tiền sầu sát táng hoa nhân.,階前愁煞葬花人，
"Độc ỷ hoa sừ lệ ám sái,",獨倚花鋤淚暗灑，
Sái thượng không chi kiến huyết ngân.,洒上空枝見血痕。
"Đỗ quyên vô ngữ chính hoàng hôn,",杜鵑無語正黃昏，
Hà sừ quy khứ yểm trùng môn.,荷鋤歸去掩重門，
"Thanh đăng chiếu bích nhân sơ thuỵ,",青燈照壁人初睡，
Lãnh vũ xao song bị vị ôn.,冷雨敲窗被未溫。
"Quái nùng để sự bội thương thần,",怪儂底事倍傷神？
Bán vị liên xuân bán não xuân.,半為憐春半惱春，
"Liên xuân hốt chí não hốt khứ,",憐春忽至惱忽去，
Chí hựu vô ngôn khứ bất văn.,至又無言去不聞。
"Tạc tiêu đình ngoại bi ca phát,",昨宵亭外悲歌發，
Tri thị hoa hồn dữ điểu hồn?,知是花魂與鳥魂？
"Hoa hồn điểu hồn tổng nan lưu,",花魂鳥魂總難留，
Điểu tự vô ngôn hoa tự tu.,鳥自無言花自羞。
"Nguyện nùng hiếp hạ sinh song dực,",愿儂脅下生雙翼，
Tuỳ hoa phi đáo thiên tẫn đầu.,隨花飛到天盡頭。
Thiên tẫn đầu! Hà xứ hữu hương khâu?,天盡頭！何處有香丘？
"Vị nhược cẩm nang thu diễm cốt,",未若錦囊收艷骨，
Nhất bồi tịnh thổ yểm phong lưu.,一抔淨土掩風流，
"Chất bản khiết lai hoàn khiết khứ,",質本潔來還潔去，
Bất giao ô náo hãm cừ câu.,不教污淖陷渠溝。
"Nhĩ kim tử khứ nùng thu táng,",爾今死去儂收葬，
Vị bốc nùng thân hà nhật táng.,未卜儂身何日喪？
"Nùng kim táng hoa nhân tiếu si,",儂今葬花人笑痴，
Tha niên táng nùng tri thị thuỳ.,他年葬儂知是誰？
"Thí khán xuân tàn hoa tiệm lạc,",試看春殘花漸落，
Tiện thị hồng nhan lão tử thì.,便是紅顏老死時。
"Nhất triêu xuân tận hồng nhan lão,",一朝春盡紅顏老，
Hoa lạc nhân vong lưỡng bất tri.,花落人亡兩不知！
"Khứ niên thượng sách bất kiến thu,",去年上策不見收，
Kim niên ký thực nhưng yêm lưu.,今年寄食仍淹留。
"Tiện quân hữu tửu năng tiện tuý,",羨君有酒能便醉，
Tiện quân vô tiền năng bất ưu.,羨君無錢能不懮。
"Như kim Ngũ hầu bất ái khách,",如今五侯不愛客，
Tiện quân bất vấn Ngũ hầu trạch.,羨君不問五侯宅。
"Như kim thất quý phương tự tôn,",如今七貴方自尊，
Tiện quân bất quá thất quý môn.,羨君不過七貴門。
"Trượng phu hội ưng hữu tri kỷ,",丈夫會應有知己，
Thế thượng du du hà túc luận.,世上悠悠何足論。
"Thế võng quải sĩ như thù ty,",世網挂士如蛛絲，
Đại bất cập thủ tiểu xuyết chi.,大不及取小綴之。
"Nghi hồ thích thảng bất đê liễm,",宜乎倜儻不低斂，
Tuý cước đảo đạp thanh vân quy.,醉腳倒踏青雲歸。
"Tiền nhật tài năng thuỷ thuỳ bá,",前日才能始誰播，
Nhất khẩu kinh trương vạn khoa hoạ.,一口惊張萬夸和。
"Lôi công tố đế suyễn tự xuy,",雷公訴帝喘似吹，
Thịnh khủng thanh danh tắc thiên phá.,盛恐聲名塞天破。
"Văn chương hỷ dĩ quái tự ngu,",文章喜以怪自娛，
Bất khẳng tài súc yếu hữu dư.,不肯裁縮要有余。
"Đa vi tiễu cú bất tư mỵ,",多為峭句不姿媚，
Thiên cốt lão ngạnh vô bì phu.,天骨老硬無皮膚。
"Nhân truyền thư nhiễm mạc đối đương,",人傳書染莫對當，
Phá noãn kinh xuất loan phượng tường.,破卵惊出鸞鳳翔。
"Gián hoặc lão bút bất khẳng khuất,",間或老筆不肯屈，
Thiết sách phược cấp giao long cương.,銕索縛急蛟龍僵。
"Thiếu niên ỷ khí cuồng bất ky,",少年倚氣狂不羈，
Hổ hiếp tháp dực xích nhật phi.,虎脅插翼赤日飛。
"Dục tương độc lập khoá vạn thế,",欲相獨立跨萬世，
Tiếu vị Lý Bạch vi si nhi.,笑謂李白為痴儿。
"Tứ thiên vô bích tài khả gia,",四天無壁纔可家，
Tuý đảm phẫn tường khiển tửu nã.,醉膽憤庠遣酒拏。
"Dục thâu Bắc Đẩu chước kiệt hải,",欲偷北斗酌竭海，
Lực bạt Thái Hoa ao kình nha.,力拔太華鏖鯨牙。
"Thế nho khẩu nhuyễn thanh như dăng,",世儒口軟聲如蠅，
Hiếu vu tráng sĩ vi kỵ tăng.,好于壯士為忌憎。
"Ngã độc cửu ngưỡng nguyện đắc kiến,",我獨久仰愿得見，
Hạo ca bất cảm nhi nữ thanh.,浩歌不敢儿女聲。
"Học thi đương như học tham thiền,",學詩當如學參禪，
Vị ngộ thả biến tham chư phương.,未悟且遍參諸方。
"Nhất triêu ngộ bãi chính pháp nhãn,",一朝悟罷正法眼，
Tín thủ niêm xuất giai thành chương.,信手拈出皆成章。
"Vô Vi đạo sĩ tam xích cầm,",無為道士三尺琴，
Trung hữu vạn cổ vô cùng âm.,中有萬古無窮音。
"Âm như thạch thượng tả lưu thuỷ,",音如石上瀉流水，
Tả chi bất kiệt do nguyên thâm.,瀉之不竭由源深。
"Đàn tuy tại chỉ thanh tại ý,",彈雖在指聲在意，
Thính bất dĩ nhĩ nhi dĩ tâm.,听不以耳而以心。
"Tâm ý ký đắc hình hài vong,",心意既得形骸忘，
Bất giác thiên địa bạch nhật sầu vân âm.,不覺天地白日愁雲陰。
"Tử phủ lâu các cao tương ỷ,",紫府樓閣高相倚，
Kim bích hộ dũ hồng huy khởi.,金碧戶牖紅暉起。
"Kỳ gian yến tức giai tiên tử,",其間燕息皆仙子，
Tuyệt thế yêu tư diệu nan bỉ.,絕世妖姿妙難比。
"Ngẫu nhiên tư niệm khởi trần tâm,",偶然思念起塵心，
"Kỷ niên trích hướng Hành Dương thị,",幾年謫向衡陽市。
"A Kiều phi hạ cửu thiên lai,",阿嬌飛下九天來，
Trưởng tại xướng gia ngẫu nhiên nhĩ.,長在娼家偶然耳。
"Thiên tư tài sắc nghĩ tuyệt luân,",天姿才色擬絕倫，
Áp đảo hoa cù chúng la khỉ.,壓倒花衢衆羅綺。
"Cám phát nùng đôi Vu Giáp vân,",紺髪濃堆巫峽雲，
Thuý mâu hoành tiễn thu giang thuỷ.,翠眸橫剪秋江水。
"Tố thủ tiêm trường tế tế viên,",素手纖長細細圓，
Xuân duẫn thoát hướng thanh vân lý.,春筍脫向青雲裏。
"Văn lý tiên hoa trách trách cung,",紋履鮮花窄窄弓，
Phụng đầu sí khởi hồng quần để.,鳳頭翅起紅裙底。
"Hữu thời tiếu ỷ tiểu lan can,",有時笑倚小欄桿，
Đào hoa vô ngôn loạn hồng uỷ.,桃花無言亂紅委。
"Vương tôn nghịch mục tự lao hồn,",王孫逆目似勞魂，
Đông lân nhất kiến hoàn tu tử.,東鄰一見還羞死。
"Tự thử thành trung hào phú nhi,",自此城中豪富兒，
Hô đồng khống mã tương truy tuỳ.,呼僮控馬相追隨。
"Thiên kim mãi đắc ca nhất khúc,",千金買得歌一曲，
Mộ vũ triêu vân trấn tương tục.,暮雨朝雲鎮相續。
"Hoàng đô niên thiếu thị Liễu quân,",皇都年少是柳君，
Thể đoạn phong lưu vạn sự túc.,體段風流萬事足。
"Ấu Ngọc nhất kiến khổ lưu tâm,",幼玉一見苦留心，
Ân cần hậu khiển hành nhân chúc.,殷勤厚遣行人祝。
"Thanh vũ phi lai động hộ tiền,",青羽飛來洞戶前，
Duy lang khổ hận đa câu thúc.,惟郎苦恨多拘束。
"Du thân bất sử phụ mẫu tri,",偷身不使父母知，
Giang đình ám cộng tài lang túc.,江亭暗共才郎宿。
"Do khủng ân tình vị thậm kiên,",猶恐恩情未甚堅，
Giải khai hoàn kế đối lang tiền.,解開鬟髻對郎前。
"Nhất lũ vân tuỳ kim tiễn đoạn,",一縷雲隨金剪斷，
Lưỡng tâm nùng cánh mật như miên.,兩心濃更密如綿。
"Tự cổ mỹ sự đa ma cách,",自古美事多磨隔，
Vô thời lưỡng ý không huyền huyền.,無時兩意空懸懸。
"Thanh tiêu trường thán minh nguyệt hạ,",清宵長嘆明月下，
Hoa thời sái lệ đông phong tiền.,花時灑淚東風前。
"Oán nhập chu huyền nguy cánh đoạn,",怨入朱弦危更斷，
Lệ như châu khoả tự tương liên.,淚如珠顆自相連。
"Nguy lâu độc ỷ vô nhân hội,",危樓獨倚無人會，
Tân thư tả hận thác thuỳ truyền.,新書寫恨託誰傳。
"Nại hà Ấu Ngọc gia hữu mẫu,",奈何幼玉家有母，
Tri thử đoan nghê súc sân nộ.,知此端倪蓄嗔怒。
"Thiên kim mãi tửu chúc dung nhân,",千金買酒囑傭人，
Mật ước u hoan trấn tương ngộ.,密約幽歡鎮相悞。
"Tương nhận dục gia liên lý chi,",將刃欲加連理枝，
Dẫn cung dục đàn kiêm kiêm vũ.,引弓欲彈鶼鶼羽。
"Tiên sơn chỉ tại hải trung tâm,",仙山只在海中心，
Phong nghịch ba khẩn vô thuyền độ.,風逆波緊無船渡。
"Đào nguyên khứ lộ cách yên hà,",桃源去路隔煙霞，
Chỉ xích trần ai vô mịch xứ.,咫尺塵埃無覓處。
"Lang tâm Ngọc ý cộng ân cần,",郎心玉意共殷勤，
Đồng chỉ tùng quân tình dũ cố.,同指松筠情愈固。
"Nguyện lang thệ tử mạc cải di,",願郎誓死莫改移，
Nhân sự hữu thời tự tương ngộ.,人事有時自相遇。
"Tha nhật đắc lang quy lai thời,",他日得郎歸來時，
Huề thủ đồng thướng yên hà lộ.,攜手同上煙霞路。
"Tần Hoài tửu gia lai bạc thuyền,",秦淮酒家來泊船，
Lư ngư nhất cân tam bách tiền.,鱸魚一斤三百錢。
"Thuyền đầu mãi ngư tửu tân thục,",船頭買魚酒新熟，
Khước ức Da khê ca thái liên.,卻憶耶溪歌採蓮。
"Tuý lai khởi vũ lạc nhật vãn,",醉來起舞落日晚，
Huy thủ đạn kiệp phong linh nhiên.,揮手彈鋏風泠然。
"Thiếu niên bất tác Trường An khách,",少年不作長安客，
Lão khứ phùng thu đầu tuyết bạch.,老去逢秋頭雪白。
"Hưng Chu tu cầu Vị thuỷ tài,",興周須求渭水才，
An Hán Viên Công an tại tai.,安漢園公安在哉。
"Nhãn hoa xỉ chiết cánh hà ích,",眼花齒折竟何益，
Hảo phóng Đào Tiềm quy khứ lai.,好放陶潛歸去來。
"Bất ẩm hồ vi tuý ngột ngột,",不飲胡為醉兀兀，
Thử tâm dĩ trục quy yên phát.,此心已逐歸鞍發。
"Quy nhân do tự niệm đình vi,",歸人猶自念庭闈，
Kim ngã hà dĩ uỷ tịch mịch!,今我何以慰寂寞！
"Đăng cao hồi thủ pha lũng cách,",登高回首坡壟隔，
Đãn kiến ô mạo xuất phục một.,但見烏帽出復沒。
"Khổ hàn niệm nhĩ y cừu bạc,",苦寒念爾衣裘薄，
Độc kỵ sấu mã đạp tàn nguyệt.,獨騎瘦馬踏殘月。
"Lộ nhân hành ca cư nhân lạc,",路人行歌居人樂，
Đồng bộc quái ngã khổ thê trắc.,童僕怪我苦悽惻。
"Diệc tri nhân sinh yếu hữu biệt,",亦知人生要有別，
Đãn khủng tuế nguyệt khứ phiêu hốt.,但恐歲月去飄忽。
"Hàn đăng tương đối ký trù tích,",寒燈相對記疇昔，
Dạ vũ hà thì thính tiêu sắt?,夜雨何時聽蕭瑟？
"Quân tri thử ý bất khả vong,",君知此意不可忘，
Thận vật khổ ái cao quan chức.,慎勿苦愛高官職。
"Thuỳ dương diệp lão oanh bộ nhi,",垂楊葉老鶯哺兒，
Tàn ty dục đoạn hoàng phong quy.,殘絲欲斷黃蜂歸。
"Lục mấn niên thiếu kim thoa khách,",綠鬢年少金釵客，
Phiêu phấn hồ trung trầm hổ phách.,縹粉壺中沉琥珀。
"Hoa đài dục mộ xuân từ khứ,",花臺欲暮春辭去，
Lạc hoa khởi tác hồi phong vũ.,落花起作回風舞。
"Du giáp tương thôi bất tri số,",榆莢相催不知數，
Thẩm lang thanh tiền giáp thành lộ.,沈郎青錢夾城路。
"Tần vương kỵ hổ du bát cực,",秦王騎虎遊八极，
Kiếm quang chiếu không thiên tự bích.,劍光照空天自碧。
"Hy Hoà xao nhật pha ly thanh,",羲和敲日玻璃聲，
Kiếp khôi phi tận cổ kim bình.,劫灰飛盡古今平。
"Long đầu tả tửu yêu tửu tinh,",龍頭瀉酒邀酒星，
Kim tào tỳ bà dạ trành trành.,金槽琵琶夜棖棖。
"Động Đình vũ cước lai xuy sinh,",洞庭雨腳來吹笙，
Tửu hàm hát nguyệt sử đảo hành.,酒酣喝月使倒行。
"Ngân vân trất trất dao điện minh,",銀雲櫛櫛瑤殿明，
Cung môn chưởng sự báo nhất canh.,宮門掌事報一更。
"Hoa lâu ngọc phượng thanh kiều trữ,",花樓玉鳳聲嬌佇，
"Hải tiêu hồng văn hương tiên thanh,",海綃紅文香淺清，
Hoàng nga điệt vũ thiên niên quang.,黃鵝跌舞千年觥。
"Tiên nhân chúc thụ chá yên khinh,",仙人燭樹蜡煙輕，
Thanh cầm tuý nhãn lệ hoằng hoằng.,清琴醉眼淚泓泓。
"Tỉnh ngô vị lạc tảo dục hoàng,",井梧未落棗欲黃，
Thu phong lai tảo xuy thiếp thường.,秋風來早吹妾裳。
"Hàm tình bác tảo ký viễn phương,",含情剝棗寄遠方，
Miên miên trùng điệp thiên hồi trường.,綿綿重疊千回腸。
"Phong đề ký khứ bằng quân ngữ,",封題寄去憑君語，
Tảo cam thuỳ đạo thiếp tâm khổ.,棗甘誰道妾心苦。
"Khuê trung bất thức Vọng Phu san,",閨中不識望夫山，
Quân khan lệ thấp sàng đầu thổ.,君看淚溼床頭土。
"Ngã hữu từ hương kiếm,",我有辭鄉劍，
Ngọc phong kham tiệt vân.,玉鋒堪截雲。
"Tương Dương tẩu mã khách,",襄陽走馬客，
Ý khí tự sinh xuân.,意氣自生春。
"Triêu hiềm kiếm hoa tịnh,",朝嫌劍花淨，
Mộ hiềm kiếm quang lãnh.,暮嫌劍光冷。
"Năng trì kiếm hướng nhân,",能持劍向人，
Bất giải trì chiếu thân.,不解持照身。
Quân bất kiến:,君不見
"Tẩu Mã xuyên hành tuyết hải biên,",走馬川行雪海邊，
Bình sa mãng mãng hoàng nhập thiên.,平沙莽莽黃入天。
"Luân Đài cửu nguyệt phong dạ hống,",輪台九月風夜吼，
"Nhất xuyên toái thạch đại như đấu,",一川碎石大如鬥，
Tuỳ phong mãn địa thạch loạn tẩu.,隨風滿地石亂走。
"Hung Nô thảo hoàng mã chính phì,",匈奴草黃馬正肥，
"Kim Sơn tây kiến yên trần phi,",金山西見煙塵飛，
Hán gia đại tướng tây xuất sư.,漢家大將西出師。
"Tướng quân kim giáp dạ bất thoát,",將軍金甲夜不脫，
"Bán dạ quân hành qua tương bát,",半夜軍行戈相撥，
Phong đầu như đao diện như cát.,風頭如刀面如割。
"Mã mao đới tuyết hãn khí chưng,",馬毛帶雪汗氣蒸，
"Ngũ hoa liên tiền tuyền tác băng,",五花連錢旋作冰，
Mạc trung thảo hịch nghiễn thuỷ ngưng.,幕中草檄硯水凝。
"Lỗ kỵ văn chi ưng đảm nhiếp,",虜騎聞之應膽懾，
"Liệu tri đoản binh bất cảm tiếp,",料知短兵不敢接，
Xa Sư tây môn trữ hiến tiệp.,車師西門佇獻捷。
"Trung hưng chư tướng thu Sơn Đông,",中興諸將收山東，
Tiệp thư dạ báo thanh trú đồng.,捷書夜報清晝同。
"Hà Quảng truyền văn nhất vi quá,",河廣傳聞一葦過，
Hồ nguy mệnh tại phá trúc trung.,胡危命在破竹中。
"Chỉ tàn Nghiệp thành bất nhật đắc,",只殘鄴城不日得，
Độc nhiệm sóc phương vô hạn công.,獨任朔方無限功。
"Kinh sư giai kỵ hãn huyết mã,",京師皆騎汗血馬，
Hồi Ngột uỷ nhục Bồ Đào cung.,回紇喂肉葡萄宮。
"Dĩ hỉ hoàng uy thanh Đại Hải,",已喜皇威清岱海，
Thường tư tiên trượng quá Không Đồng.,常思仙仗過崆峒。
"Tam niên địch lý “Quan san nguyệt”,",三年笛里關山月，
Vạn quốc binh tiền thảo mộc phong.,萬國兵前草木風。
"Thành Vương công đại tâm chuyển tiểu,",成王功大心轉小，
Quách tướng mưu thâm cổ lai thiểu.,郭相謀深古來少。
"Tư đồ thanh giám huyền minh kính,",司徒清鑒懸明鏡，
Thượng thư khí dữ thu thiên diểu?,尚書氣與秋天杳。
"Nhị tam hào tuấn vị thì xuất,",二三豪俊為時出，
Chỉnh đốn càn khôn tế thì liễu.,整頓乾坤濟時了。
"Đông tẩu vô phục ức lô ngư,",東走無復憶鱸魚，
Nam phi giác hữu an sào điểu.,南飛覺有安巢鳥。
"Thanh xuân phục tuỳ quan miện nhập,",青春復隨冠冕入，
Tử cấm chính nại yên hoa nhiễu.,紫禁正耐煙花繞。
"Hạc giá thông tiêu phụng liễn bị,",鶴駕通宵鳳輦備，
Kê minh vấn tẩm long lâu hiểu.,雞鳴問寢龍樓曉。
"Phan long phụ phụng thế mạc đương,",攀龍附鳳勢莫當，
Thiên hạ tận hoá vi hầu vương.,天下盡化為侯王。
"Nhữ đẳng khởi tri mông đế lực,",汝等豈知蒙帝力？
Thì lai bất đắc khoa thân cường.,時來不得誇身強。
"Quan Trung ký lưu tiêu thừa tướng,",關中既留蕭丞相，
Mạc hạ phục dụng Trương Tử Phòng.,幕下復用張子房。
"Trương công nhất sinh giang hải khách,",張公一生江海客，
"Thân trường cửu xích, tu mi thương.",身長九尺鬚眉蒼。
"Trưng khởi thích ngộ phong vân hội,",征起適遇風雲會，
Phù điên thuỷ tri trù sách lương.,扶顛始知籌策良。
"Thanh bào bạch mã cánh hà hữu,",青袍白馬更何有？
Hậu Hán kim Chu hỉ tái xương.,後漢今周喜再昌。
"Thốn địa xích thiên giai nhập cống,",寸地尺天皆入貢。
Kỳ tường dị thuỵ tranh lai tống.,奇祥異瑞爭來送：
"Bất tri hà quốc trí bạch hoàn,",不知何國致白環，
Phục đạo chư sơn đắc ngân úng.,復道諸山得銀瓮。
"Ẩn sĩ hưu ca “Tử chi” khúc,",隱士休歌紫芝曲，
Từ nhân giải soạn “Hà thanh” tụng.,詞人解撰河清頌。
"Điền gia vọng vọng tích vũ can,",田家望望惜雨乾，
Bố cốc xứ xứ thôi xuân chủng.,布谷處處催春種。
"Kỳ thượng kiện nhi quy mạc lãn,",淇上健兒歸幕懶，
Thành nam tư phụ sầu đa mộng.,城南思婦愁多夢。
"An đắc tráng sĩ vãn thiên hà,",安得壯士挽天河，
Tịnh tẩy giáp binh trường bất dụng.,淨洗甲兵長不用！
"Tây Lương kỹ, Tây Lương kỹ,",西涼伎，西涼伎，
"Giả diện Hồ nhân, giả sư tử.",假面胡人假獅子。
"Khắc mộc vi đầu ty tác vĩ,",刻木為頭絲作尾，
Kim độ nhãn tình ngân thiếp xỉ.,金鍍眼睛銀貼齒。
"Phấn tấn mao y bài song nhĩ,",奮迅毛衣擺雙耳，
Như tòng lưu sa lai vạn lý.,如從流沙來萬里。
"Tử nhiêm thâm mục lưỡng Hồ nhi,",紫髯深目兩胡兒，
Cổ vũ khiêu lương tiền trí từ.,鼓舞跳粱前致辭。
"Đạo thị Lương Châu vị hãm nhật,",道是涼州未陷日，
An tây đô hộ tiến lai thì.,安西都護進來時。
"Tu du vân đắc tân tiêu tức,",須臾雲得新消息，
An tây lộ tuyệt quy bất đắc.,安西路絕歸不得。
"Khấp hướng sư tử thế song thuỳ,",泣向獅子涕雙垂，
Lương Châu hãm một tri bất tri?,涼州陷沒知不知？
"Sư tử hồi đầu hướng tây vọng,",獅子回頭向西望，
Ai hống nhất thanh quan giả bi.,哀吼一聲觀者悲。
"Trinh Nguyên biên tướng ái thử khúc,",貞元邊將愛此曲，
Tuý toạ tiếu khán khán bất túc.,醉坐笑看看不足。
"Hưởng tân khao sĩ yến tam quân,",享賓犒士宴三軍，
Sư tử Hồ nhi trường tại mục.,獅子胡兒長在目。
"Hữu nhất chinh phu niên thất thập,",有一征夫年七十，
Kiến lộng Lương Châu đê diện khấp.,見弄涼州低面泣。
"Khấp bãi liễm thủ bạch tướng quân,",泣罷斂手白將軍，
Chủ ưu thần nhục tích sở văn.,主憂臣辱昔所聞。
"Tự tòng Thiên Bảo binh qua khởi,",自從天寶兵戈起，
Khuyển Nhung nhật dạ thôn Tây Bỉ.,犬戎日夜吞西鄙。
"Lương Châu hãm lai tứ thập niên,",涼州陷來四十年，
Hà Lũng xâm tương thất thiên lý.,河隴侵將七千里。
"Bình thì An Tây vạn lý cương,",平時安西萬里疆，
Kim nhật biên phòng tại Phượng Tường.,今日邊防在鳳翔。
"Duyên biên không truân thập vạn tốt,",緣邊空屯十萬卒，
Bão thực ôn y nhàn quá nhật.,飽食溫衣閑過日。
"Di dân trường đoạn tại Lương Châu,",遺民腸斷在涼州，
Tướng tốt tương khan vô ý thu.,將卒相看無意收。
"Thiên tử mỗi tư trường thống tích,",天子每思長痛惜，
Tướng quân dục thuyết hợp tàm tu.,將軍欲說合慚羞。
"Nại hà nhưng khan Tây Lương kỹ,",奈何仍看西涼伎，
Thủ tiếu tư hoan vô sở quý,取笑資歡無所愧
"Túng vô trí lực vị năng thu,",縱無智力未能收，
Nhẫn thủ Tây Lương lộng vi hí?,忍取西涼弄為戲？
"Hải vũ thừa bình nhị bách niên,",海宇承平二百年，
Thâm cung xuân sắc toả thuyền quyên.,深宮春色鎖嬋娟。
"Yên hồng cẩm nhục nhân nhãn độc,",嫣紅錦褥人眼獨，
Thiển thuý hoa nhân điệp mộng triền.,淺翠花裀蝶夢纏。
"Bất thị thần tiên vô đối ngẫu,",不是神仙無對偶，
Khả kham phương cảnh hốt lưu liên.,可堪芳景忽流連。
"Sa song tịch mịch mai hàm tuyết,",紗窗寂寞梅酣雪，
Thuý ngự ly phi liễu khốn yên.,邃篽離披柳困煙。
"Hoa sự lan san xuân dĩ hĩ,",花事闌珊春已矣，
Tàn anh lạc nhứ tổng kham liên.,殘英落絮總堪憐。
"Đông đông hà xứ thành biên cổ,",鼕鼕何處城邊鼓，
Yết trần mạn tắc Trường An lộ.,羯塵漫塞長安路。
"Cức hạ phương toàn chấn diệp phong,",亟夏方旋振葉風，
Thâm xuân hốt điểm thôi hoa vũ.,深春忽點催花雨。
"Tu my vô đảm khống nguy thành,",鬚眉無膽控危城，
Thoa phiến tương thân để kiêu lỗ.,釵扇將身抵驕虜。
"Thiên vương tỉ phụ thượng công phi,",天王姊婦上公妃，
Bất tỉ tầm thường hoa lộng chủ.,不比尋常花弄主。
"Tôn vinh quý sủng đối thiên hoàng,",尊榮貴寵對天潢，
Điện sính liêm nghi ưu đặc số.,奠聘奩儀優特數。
"Vân thuỷ sô tùng thuý ỷ la,",雲水騶從翠綺羅，
Phong lưu tấn tướng phân thân trụ.,風流儐相紛紳冑。
"Phiến phu kiệu tử tận phi thường,",扇夫轎子儘非常，
Đô nhân kiến giả hô vi phụ.,都人見者呼為父。
"Nhân tiện tân lang như nhất khẩu,",人羡新郎如一口，
Thiếp kiến tân lang truỵ song thủ.,妾見新郎墜雙手。
"Y thường mạn lạn ngữ thù ly,",衣裳熳爛語侏离，
Cốt tướng lăng tằng bì trứu cổ.,骨相崚嶒皮皺古。
"Đính thượng cao đôi Trương Giác cân,",頂上高堆張角巾，
Thoái gian bất trước Hàn Tín khố.,腿間不著韓信褲。
"Kỳ trung nhất vật vọng nguy nhiên,",其中一物望巍然，
Trực dữ tứ chi trì vi ngũ.,直與四肢峙為五。
"Tĩnh tự cao tăng ngột toạ vong,",靜似高僧兀坐忘，
Động như biền tử ca thân vũ.,動如弁子歌身舞。
"Bất ngôn bất tiếu bất ôn tồn,",不言不笑不溫存，
Đại hống nhất thanh liệt như hổ.,大吼一聲烈如虎。
"Thiên quân phi tồn cứ tô hung,",千鈞飛蹲據酥胸，
Nộ liệt la quần phi tuyết cổ.,怒裂羅裙披雪股。
"Thử vật thuỳ tri giải thích nhân,",此物誰知解刺人，
Hiệt hàng sáp nhập ôn nhu hộ.,頡頏插入溫柔戶。
"Kiều hoa chi thượng cuồng oanh nhu,",嬌花枝上狂鶯揉，
Cuồng oanh bất vi kiều hoa hộ.,狂鶯不為嬌花護。
"Hoa mạc trùng trùng liệt tăng thanh,",花膜重重裂繒聲，
Diên lô phiến phiến phi yên lũ.,鉛爐片片飛煙縷。
"Nha giảo nhục thiên hãn như du,",牙咬肉顫汗如油，
Loạn đảo hồ trừu tố bất trụ.,亂搗胡抽做不住。
"Tu du quần đới lạc tân hồng,",須臾裙帶落新紅，
Ám điểm xuân trù phiên kỷ độ.,暗點春籌翻幾度。
"Thiếp thân lưỡng khổng tự liên hoàn,",妾身兩孔似連環，
Thuấn tức thông thành nhất đại khuyên.,瞬息通成一大圈。
"Quyển nhu điểm duyệt hốt kinh nhạ,",捲襦點閱忽驚訝，
Hàng ma bất trị bán văn tiền.,頏摩不值半文錢。
"Hắc ám ký phi tiền độ bạch,",黑暗既非前度白，
Oanh vu hựu cải cựu thời viên.,縈紆又改舊時圓。
"Hô hoàn nã úng niệu nhất niệu,",呼鬟拿甕尿一尿，
Niệu thuỷ chi thanh như phi tuyền.,尿水之聲如飛泉。
"Phi tuyền liễm diễm khứ bất phản,",飛泉瀲灩去不返，
Dương phong đả lạc đào hoa phiến.,陽風打落桃花片。
"Đào hoa kiều khiếp bất thắng phong,",桃花嬌怯不勝風，
Phong liễm hoa hồn do giác quyện.,風斂花魂猶覺倦。
"Doanh doanh liễu cốt sấu tam phân,",盈盈柳骨瘦三分，
Triệp triệp tương la khoan nhất bán.,褶褶湘羅寬一半。
"Để sự tuy nhiên bất sát nhân,",底事雖然不殺人，
Mộ vũ triều vân an thục lạn.,暮雨朝雲安熟爛。
"Tự tòng kì khổ đắc kì hoan,",自從奇苦得奇歡，
Hoan hậu khước vong cựu khổ gian.,歡後卻忘舊苦艱。
"Bất hoạn ngư ông huy trạo sáp,",不患漁翁揮棹澀，
Dung dung đào lãng trướng bình than.,溶溶桃浪漲平灘。
"Tả cúc hữu mô thám hoa tuỷ,",左掬右摸探花髓，
Oanh bất đình thoa điệp bất lan.,鶯不停梭蹀不攔。
"Ngọc dạng hương tao thất hại tu,",玉癢香搔失害羞，
Thượng lâu hạ nữu viên đoàn đoàn.,上摟下扭圓團團。
"Phong tình đãng dạng hoa tâm cấp,",風情蕩漾花心急，
Khủng phóng đông quân khoảnh khắc gian.,恐放東君頃刻間。
"Man nhân lão thực đa cao hứng,",蠻人老實多高興，
Bất hội khinh thiểu chỉ hội toàn.,不會輕挑只會鑽。
"Phù thế thanh vân như quá khách,",浮世青雲如過客，
Nhất sinh kỉ độ thác xuân miên.,一生幾度托春眠。
"Khâm trù lạc xứ vô di hạ,",衾裯樂處無夷夏，
Si tuẫn không danh ngộ ngọc nhan.,痴徇空名誤玉顏。
"Bất kiến cẩm cơ chi phấn đội,",不見錦機脂粉隊，
Tây binh khứ hậu kỷ nhân hoàn.,西兵去後幾人還。
"Thuỳ tương thử vị ngữ tỉ muội,",誰將此為語姊妹，
Giá lang cập tảo giá Tây Sơn.,嫁郎及早嫁西山。
"Tây sơn nhân gia bạng sơn trụ,",西山人家傍山住，
Xướng ca thái trà sơn thượng tẩu.,唱歌採茶山上走。
"Hạ sơn nhật lạc nhưng xướng ca,",下山日落仍唱歌，
Lộ hắc lâm thâm vô hổ lự.,路黑林深無虎慮。
"Kim niên hổ đa linh nhân ưu,",今年虎多令人憂，
Nhiễu sơn bác nhân trà bất thu.,繞山搏人茶不收。
"Tường đông tiểu nữ cao huyết lưu,",墻東小女膏血流，
Thôn nam lão ông không độc lâu.,村南老翁空髑髏。
"Quan tư xạ hổ sai cung thủ,",官司射虎差弓手，
Tự ẩn sơn gia sách kê tửu.,自隱山家索雞酒。
"Minh triêu nhập thành khứ báo quan,",明朝入城去報官，
Hổ uý tướng công kim tỵ tẩu.,虎畏相公今避走。
"Chu nhan phát quá như xuân phôi,",朱顏發過如春醅，
Hung trung lê táo sơ vị tài.,胸中梨棗初未栽。
"Đan sa vị dị tảo bạch phát,",丹砂未易掃白髮，
Xích tùng khước dục tham Hoàng Mai.,赤松卻欲參黃梅。
"Hàn khê bản tự Viễn công xã,",寒溪本自遠公社，
bạch liên thuý trúc y thôi ngôi.,白蓮翠竹依崔嵬。
"Đương thời thạch tuyền chiếu kim tượng,",當時石泉照金像，
Thần quang dạ phát như Ngũ Đài.,神光夜發如五臺。
"Ẩm tuyền giám diện đắc chân ý,",飲泉鑑面得真意，
Toạ thị vạn vật giai phù ai.,坐視萬物皆浮埃。
"Dục thâu mộ cảnh phản điền lý,",欲收暮景返田里，
Viễn tố giang thuỷ cùng Ly Đôi.,遠泝江水窮離堆。
"Hoàn triều khởi độc tu lão bệnh,",還朝豈獨羞老病，
Tự thán tài tận khuynh không lôi.,自歎才盡傾空罍。
"Chư công cừ cừ nhược hạ ốc,",諸公渠渠若夏屋，
Thôn thổ phong nguyệt thanh ngung ôi.,吞吐風月清隅隈。
"Ngã như phế tỉnh cửu bất thực,",我如廢井久不食，
Cổ trứu khuyết lạc sinh âm đài.,古甃缺落生陰苔。
"Số thi vãng phục tương cảm phát,",數詩往復相感發，
Cấp tân trừ cựu hàn quang khai.,汲新除舊寒光開。
"Diêu tri nhị nguyệt xuân giang khoát,",遙知二月春江闊，
Tuyết lãng đảo quyển vân phong tồi.,雪浪倒卷雲峰摧。
"Thạch trung vô thanh thuỷ diệc tĩnh,",石中無聲水亦靜，
Vân hà giải chuyển không sơn lôi.,云何解轉空山雷。
"Dục tựu chư công bình thử ngữ,",欲就諸公評此語，
Yếu thức ưu hỉ hà tùng lai.,要識憂喜何從來。
"Nguyện cầu Nam tông nhất chước thuỷ,",願求南宗一勺水，
Vãng dữ Khuất Giả tiên dư ai.,往與屈賈湔餘哀。
"Tế Lâm sơn thượng dạ ô đề,",細林山上夜烏啼，
Tế Lâm sơn hạ thu thảo tê.,細林山下秋草齊。
"Hữu khách biển Chu bất hệ lãm,",有客扁舟不系纜，
Thừa phong trực há Tùng giang tê.,乘風直下松江西。
"Khước ức đương niên Tế Lâm khách,",卻憶當年細林客，
Mạnh công tứ hải văn chương bá.,孟公四海文章伯。
"Tích nhật tằng lai phỏng bạch vân,",昔日曾來訪白雲，
Lạc diệp mãn sơn tầm bất đắc.,落葉滿山尋不得。
"Thuỷ tri Mạnh công hồ hải nhân,",始知孟公湖海人，
Hoang đài cổ nguyệt thuỷ lân lân.,荒臺古月水粼粼。
"Tương phùng đối khốc thiên hạ sự,",相逢對哭天下事，
Tửu hàm bễ nghễ ý khí thân.,酒酣睥睨意氣親。
"Khứ tuế Bình Lăng cổ thanh tử,",去歲平陵鼓聲死，
Dữ công đồng độ Ngô Giang thuỷ.,與公同渡吳江水。
"Kim niên mộng đoạn cửu phong vân,",今年夢斷九峰雲，
Tinh kỳ do ánh mộ sơn tử.,旌旗猶映暮山紫。
"Tiêu sái Tần đình lệ dĩ huy,",瀟灑秦庭淚已揮，
Phảng phất Liêu Thành thỉ cánh phi.,彷彿聊城矢更飛。
"Hoàng hộc dục cử lục cách chiết,",黃鵠欲舉六翮折，
Mang mang tứ hải tương an quy.,茫茫四海將安歸。
"Thiên địa cục tích nhật nguyệt xúc,",天地跼蹐日月促，
Khí như trường hồng táng ngư phúc.,氣如長虹葬魚腹。
"Trường đoạn đương niên quốc sĩ ân,",腸斷當年國士恩，
Tiễn chỉ chiêu hồn vị công khốc.,剪紙招魂為公哭。
"Liệt Hoàng thừa vân ngự lục long,",烈皇乘雲御六龍，
Phan nhiêm khống ngự tiên Văn Trung.,攀髯控馭先文忠。
"Quân thần địa hạ hội tương kiến,",君臣地下會相見，
Lệ sái Xương Hạp bi sinh phong.,淚灑閶闔悲生風。
"Ngã dục quy lai chấn vũ dực,",我欲歸來振羽翼，
Thuỳ tri nhất cử nhập la dặc.,誰知一舉入羅弋。
"Gia thế kham lân Triệu thị cô,",家世堪憐趙氏孤，
Đáo kim cánh tác Điền Hoành khách.,到今竟作田橫客。
Ô hô!,嗚呼！
"Phủ ưng nhất thanh giang vân khai,",撫膺一聲江雲開，
Thân tại la võng thả mạc ai.,身在羅網且莫哀。
Công hồ! Công hồ!,公乎！公乎！
"Vị ngã trúc thất bạng dạ đài,",為我築室傍夜臺，
Sương hàn nguyệt khổ hành đương lai.,霜寒月苦行當來。
"Nữ thuyền đồng tử hoàng đoản đoản,",女嬋童子黄短短，
Nhĩ trung văn nhân tích xuân vãn.,耳中聞人惜春晚。
"Đào phong nặc điệp đạp địa lai,",逃蜂匿蝶踏地來，
Phao khước trai mi nhất từ oản.,拋卻齋糜一瓷碗。
"Môi đài tỉnh thượng không tương ức,",莓苔井上空相憶，
Lộc lô sách đoạn vô tiêu tức.,轆轤索斷無消息。
"Tửu nhân giai ỷ xuân phát lục,",酒人皆倚春發綠，
Bệnh tẩu độc tàng thu phát bạch.,病叟獨藏秋發白。
"Cổ phó lạp nguyệt nhị thập tứ,",古傅臘月二十四，
Táo quân triều thiên dục ngôn sự.,灶君朝天欲言事。
"Vân xa phong mã tiểu lưu liên,",雲車風馬小留連，
Gia hữu bôi bàn phong điển tự.,家有杯盤豐典祀。
"Trư đầu lạn nhiệt song ngư tiên,",豬頭爛熱雙魚鮮，
Đậu sa cam tùng phấn nhị đoàn.,豆沙甘松粉餌團。
"Nam nhi chước hiến nữ nhi tị,",男兒酌獻女兒避，
Lỗi tửu thiêu tiền Táo quân hỉ.,酹酒燒錢灶君喜。
"Tỳ tử đấu tranh quân mạc văn,",婢子鬥爭君莫聞，
Miêu khuyển giác uế quân mạc sân.,貓犬角穢君莫嗔。
"Tống quân tuý bão đăng thiên môn,",送君醉飽登天門，
"Tiêu trường tiêu đoản vật phục vân,",杓長杓短勿復云，
Khất thủ lợi thị quy lai phân.,乞取利市歸來分。
"Trương sinh thủ trì “Thạch cổ” văn,",張生手持石鼓文，
Khuyến ngã thí tác “Thạch cổ ca”.,勸我試作石鼓歌。
"Thiếu Lăng vô nhân Trích Tiên tử,",少陵無人謫仙死，
Tài bạc tương nại thạch cổ hà.,才薄將奈石鼓何。
"Chu cương lăng trì tứ hải phí,",周綱陵遲四海沸，
Tuyên Vương phẫn khởi huy thiên qua.,宣王憤起揮天戈。
"Đại khai Minh Đường thụ triều hạ,",大開明堂受朝賀，
Chư hầu kiếm bội minh tương ma.,諸侯劍佩鳴相磨。
"Sưu ư Kỳ Dương sính hùng tuấn,",蒐於岐陽騁雄俊，
Vạn lý cầm thú giai già la.,萬里禽獸皆遮羅。
"Tuyên công lặc thành cáo vạn thế,",鐫功勒成告萬世，
Tạc thạch tác cổ huy tha nga.,鑿石作鼓隳嵯峨。
"Tòng thần tài nghệ hàm đệ nhất,",從臣才藝咸第一，
Giản tuyển soạn khắc lưu sơn a.,揀選撰刻留山阿。
"Vũ lâm nhật chích dã hoả liệu,",雨淋日炙野火燎，
Quỷ vật thủ hộ phiền huy a.,鬼物守護煩撝呵。
"Công tòng hà xứ đắc chỉ bản,",公從何處得紙本，
Hào phát tận bị vô sai ngoa.,毫髮盡備無差訛。
"Từ nghiêm nghĩa mật độc nan hiểu,",辭嚴義密讀難曉，
Tự thể bất loại lệ dữ khoa.,字體不類隸與科。
"Niên thâm khởi miễn hữu khuyết hoạ,",年深豈免有缺畫，
Khoái kiếm chước đoạn sinh giao đà.,快劍斫斷生蛟鼉。
"Loan tường phượng chứ chúng tiên hạ,",鸞翔鳳翥眾仙下，
San hô bích thụ giao chi kha.,珊瑚碧樹交枝柯。
"Kim thằng thiết sách toả nữu tráng,",金繩鐵索鎖鈕壯，
Cổ đỉnh dược thuỷ long đằng thoa.,古鼎躍水龍騰梭。
"Lậu nho biên thi bất thu nhập,",陋儒編詩不收入，
Nhị nhã biển bách vô uỷ xà.,二雅褊迫無委蛇。
"Khổng Tử tây hành bất đáo Tần,",孔子西行不到秦，
Kỷ trích tinh túc di Hy Nga.,掎摭星宿遺羲娥。
"Ta dư hiếu cổ sinh khổ vãn,",嗟予好古生苦晚，
Đối thử thế lệ song bàng đà.,對此涕淚雙滂沱。
"Ức tích sơ mông bác sĩ trưng,",憶昔初蒙博士徵，
Kỳ niên thuỷ cải xưng Nguyên Hoà.,其年始改稱元和。
"Cố nhân tòng quân tại Hữu Phụ,",故人從軍在右輔，
Vị ngã độ lường quật cữu khoa.,為我度量掘臼科。
"Trạc quan mộc dục cáo sái tửu,",濯冠沐浴告祭酒，
Như thử chí bảo tồn khởi đa.,如此至寶存豈多。
"Chiên bao tịch khoả khả lập trí,",氈包席裹可立致，
Thập cổ kỳ tải sổ lạc đà.,十鼓祇載數駱駝。
"Tiến chư thái miếu tỷ Cáo đỉnh,",薦諸太廟比郜鼎，
Quang giá khởi chỉ bách bội quá.,光價豈止百倍過。
"Thánh ân nhược hứa lưu thái học,",聖恩若許留太學，
Chư sinh giảng giải đắc thiết tha.,諸生講解得切磋。
"Quan kinh hồng đô thượng điền yết,",觀經鴻都尚填咽，
Toạ kiến cử quốc lai bôn ba.,坐見舉國來奔波。
"Oan đài dịch tiển lộ tiết giác,",剜苔剔蘚露節角，
An trí thoả thiếp bình bất pha.,安置妥帖平不頗。
"Đại hạ thâm thiềm dữ cái phúc,",大廈深簷與蓋覆，
Kinh lịch cửu viễn kỳ vô đà.,經歷久遠期無佗。
"Trung triều đại quan lão ư sự,",中朝大官老於事，
Cự khẳng cảm khích đồ an a.,詎肯感激徒媕婀。
"Mục đồng xao hoả ngưu lệ giác,",牧童敲火牛礪角，
Thuỳ phục trước thủ vi ma sa.,誰復著手為摩挲。
"Nhật tiêu nguyệt thước tựu mai một,",日銷月鑠就埋沒，
Lục niên tây cố không ngâm nga.,六年西顧空吟哦。
"Hy Chi tục thư sấn tư mị,",羲之俗書趁姿媚，
Thư chỉ thượng khả bác bạch nga.,書紙尚可博白鵝。
"Kế chu bát đại tranh chiến bãi,",繼周八代爭戰罷，
Vô nhân thu thập lý tắc na.,無人收拾理則那。
"Phương kim thái bình nhật vô sự,",方今太平日無事，
Bính nhậm nho thuật sùng Khâu Kha.,柄任儒術崇丘軻。
"An năng dĩ thử thượng luận liệt,",安能以此上論列，
Nguyện tá biện khẩu như huyền hà.,願借辨口如懸河。
"Thạch cổ chi ca chỉ ư thử,",石鼓之歌止於此，
Ô hô! Ngô ý kỳ tha đà.,嗚呼！吾意其蹉跎。
Quân bất kiến:,君不見：
"Ích Châu thành tây môn,",益州城西門，
Mạch thượng thạch duẩn song cao tồn.,陌上石筍雙高蹲。
"Cổ lai tương truyền thị hải nhãn,",古來相傳是海眼，
Đài tiển thực tận ba đào ngân.,苔蘚蝕盡波濤痕。
"Vũ đa vãng vãng đắc sắt sắt,",雨多往往得瑟瑟，
Thử sự hoảng hốt nan minh luân.,此事恍惚難明論。
"Khủng thị tích thời khanh tướng mộ,",恐是昔時卿相墓，
Lập thạch vi biểu kim nhưng tồn.,立石為表今仍存。
"Tích tai tục thái hiếu mông tế,",惜哉俗態好蒙蔽，
Diệc như tiểu thần mị chí tôn.,亦如小臣媚至尊。
"Chính hoá thác ngỗ thất đại thể,",政化錯迕失大體，
Toạ khan khuynh nguy thụ hậu ân.,坐看傾危受厚恩。
"Ta nhĩ thạch duẩn thiện hư danh,",嗟爾石筍擅虛名，
Hậu lai vị thức do tuấn bôn.,後來未識猶駿奔。
"An đắc tráng sĩ trịch thiên ngoại,",安得壯士擲天外，
Sử nhân bất nghi kiến bản căn.,使人不疑見本根。
"Thạch Ngư hồ, tự Động Đình.",石魚湖，似洞庭。
"Hạ thuỷ dục mãn Quân sơn thanh,",夏水欲滿君山青，
"Sơn vi tôn, thuỷ vi chiểu,",山為樽，水為沼，
Tửu đồ lịch lịch toạ châu đảo.,酒徒歷歷坐洲島。
"Trường phong liên nhật tác đại lãng,",長風連日作大浪，
Bất năng phế nhân vận tửu phảng.,不能廢人運酒舫。
"Ngã trì trường biều toạ Ba Khâu,",我持長瓢坐巴丘，
Chước ẩm tứ toạ dĩ tản sầu.,酌飲四坐以散愁。
Quân bất kiến:,君不見：
"Tần thì Thục thái thú,",秦時蜀太守，
Khắc thạch lập tác tam tê ngưu.,刻石立作三犀牛。
"Tự cổ tuy hữu yểm thắng pháp,",自古雖有厭勝法，
Thiên sinh giang thuỷ hướng đông lưu.,天生江水向東流。
"Thục nhân căng khoa nhất thiên tải,",蜀人矜誇一千載，
Phiếm dật bất cận Trương Nghi lâu.,泛溢不近張儀樓。
"Kim niên Quán Khẩu tổn hộ khẩu,",今年灌口損戶口，
Thử sự hoặc khủng vi thần tu.,此事或恐為神羞。
"Chung tạ đề phòng xuất chúng lực,",終藉堤防出眾力，
Cao ủng mộc thạch đương thanh thu.,高擁木石當清秋。
"Tiên vương tác pháp giai chính đạo,",先王作法皆正道，
Quỉ quái hà đắc tham nhân mưu.,鬼怪何得參人謀。
"Ta nhĩ tam tê bất kinh tế,",嗟爾三犀不經濟，
Khuyết ngoa chỉ dữ trường xuyên thệ.,缺訛只與長川逝。
"Đãn kiến nguyên khí thường điều hoà,",但見元氣常調和，
Tự miễn hồng đào tứ điêu sái.,自免洪濤恣凋瘵。
"An đắc tráng sĩ đề thiên cương,",安得壯士提天綱，
Tái bình thuỷ thổ tê bôn mang.,再平水土犀奔茫。
"Thanh Phong điếm nam phùng phụ lão,",清風店南逢父老，
Cáo ngã Kỷ Tị niên gian sự.,告我己巳年間事。
"Điếm bắc do tồn cổ chiến trường,",店北猶存古戰場，
Di thốc thượng đái cần vương tự.,遺鏃尚帶勤王字。
"Ức tích mông trần thực thảm đát,",憶昔蒙塵實慘怛，
Phản phúc thế như phong vũ chí.,反覆勢如風雨至。
"Tử Kinh quan đầu trú xuy giốc,",紫荊關頭晝吹角，
Sát khí quân thanh mãn U Sóc.,殺氣軍聲滿幽朔。
"Hồ nhi ẩm mã Chương Nghĩa môn,",胡兒飲馬彰義門，
Phong hoả dạ chiếu Yên sơn vân.,烽火夜照燕山雲。
"Nội hữu Vu thượng thư,",內有于尚書，
Ngoại hữu Thạch tướng quân.,外有石將軍。
"Thạch gia quan quân nhược lôi điện,",石家官軍若雷電，
Thiên thanh dã khoáng lai hàm chiến.,天清野曠來酣戰。
"Triều đình ký thất Tử Kinh quan,",朝廷既失紫荊關，
Ngô dân khởi bảo Thanh Phong điếm?,吾民豈保清風店。
"Khiên da phụ tử vô xứ đào,",牽爺負子無處逃，
Khốc thanh chấn thiên phong nộ hào.,哭聲震天風怒號。
"Nhi nữ sàng đầu phục cổ giốc,",兒女床頭伏鼓角，
Dã nhân ốc thượng khán tinh mao.,野人屋上看旌旄。
"Tướng quân thử thời đĩnh qua xuất,",將軍此時挺戈出，
Sát Hồ bất dị thảo dữ hao.,殺胡不異草與蒿。
"Truy bắc quy lai huyết tẩy đao,",追北歸來血洗刀，
Bạch nhật bất động thương thiên cao.,白日不動蒼天高。
"Vạn lý yên trần nhất kiếm tảo,",萬里煙塵一劍掃，
Phụ tử anh hùng cổ lai thiểu.,父子英雄古來少。
"Thiên sinh Lý Thịnh vị xã tắc,",天生李晟為社稷，
Chu chi Phương Thúc kim nguyên lão.,周之方叔今元老。
"Thiền Vu thống khốc Đảo Mã quan,",單于痛哭倒馬關，
Kiệt Nô bán tử Phi Hồ đạo.,羯奴半死飛狐道。
"Xứ xứ hoan thanh táo cổ kỳ,",處處歡聲噪鼓旗，
Gia gia ngưu tửu khao vương sư.,家家牛酒犒王師。
"Hưu khoa Hán thất Phiêu Diêu tướng,",休夸漢室嫖姚將，
Khởi thuyết Đường triều Quách Tử Nghi?,豈說唐朝郭子儀。
"Trầm ngâm thử sự lục thập xuân,",沈吟此事六十春，
Thử địa kinh qua lệ mãn cân.,此地經過淚滿巾。
"Hoàng vân lạc nhật cổ cốt bạch,",黄雲落日古骨白，
Sa lịch thảm đạm sầu hành nhân.,沙礫慘淡愁行人。
"Hành nhân lai chiết chiến trường liễu,",行人來折戰場柳，
Hạ mã toạ vọng Cư Dung khẩu.,下馬坐望居庸口。
"Khước ức thiên quan nghinh giá sơ,",卻憶千官迎駕初，
Thiên thặng vạn kỵ hạ hoàng đô.,千乘萬騎下皇都。
"Càn khôn đắc kiến trung hưng chủ,",乾坤得見中興主，
Nhật nguyệt trùng khai tái tạo đồ.,日月重開再造圖。
"Kiêu hùng bất sổ Vân Đài sĩ,",梟雄不數雲臺士，
Dương Thạch tề danh thiên hạ vô.,楊石齊名天下無。
"Ô hô Dương Thạch kim dĩ vô,",嗚呼楊石今已無，
An đắc tái sinh thử bối tây bị Hồ!,安得再生此輩西備胡。
"Thái Bình thành ngoại tây phong khởi,",太平城外西風起，
Xuy trứu Ninh Minh nhất giang thuỷ.,吹皺寧明一江水。
"Giang thuỷ trứu hề giang nguyệt hàn,",江水皺兮江月寒，
Thuỳ gia hoành địch bằng lan can.,誰家橫笛憑欄杆。
"Nhị thập thất nhân cộng hồi thủ,",二十七人共回首，
Cố hương dĩ cách vạn trùng san.,故鄉已隔萬重山。
"Triêu du Đại Đê khẩu,",朝遊大堤口，
Mộ phiếm Hoành Đường biên.,暮泛橫塘邊。
"Hồng phấn chiếu lục thuỷ,",紅粉照綠水，
Tự tiện hoàn tự liên.,自羨還自憐。
"Hồng trang chiếu thuỷ nhân kiến hảo,",紅妝照水人見好，
Thiệp giang thái lăng hà khả đạo.,涉江采菱何可道。
"Hành vô y thương vô trữ,",桁無衣倉無儲，
Điền gia nhi nữ đề oa oa.,田家兒女啼呱呱。
"Tân phụ thái mạch phụng lão cô,",新婦采麥奉老姑，
"Lão cô phát bạch xỉ tận lạc,",老姑髮白齒盡落，
Hữu nhi phục cổ mẫu lê hoắc.,有兒服賈母藜藿。
"Tiền nhật phong xuy mạch lạc hoa,",前日風吹麥落花，
Kim nhật vũ tẩm mạch sinh nha.,今日雨浸麥生芽。
"Lão tàm thành nga hựu sinh tử,",老蠶成蛾又生子，
Lương nhân hà bất tảo hoàn gia.,良人何不早還家。
"Lôi quá khê sơn bích vân noãn,",雷過溪山碧雲暖，
U tùng bán thổ kỳ sang đoản.,幽叢半吐旗槍短。
"Ngân thoa nữ nhi tương ứng ca,",銀釵女兒相應歌，
Khuông trung tích đắc thuỳ tối đa.,筐中滴得誰最多。
"Quy lai thanh hương do tại thủ,",歸來清香猶在手，
Cao phẩm tiên tương trình thái thú.,高品先將呈太守。
"Trúc lô tân bồi vị đắc thường,",竹爐新焙未得嘗，
Lung thịnh phán dữ Hồ Nam thương.,籠盛販與湖南商。
"Sơn gia bất giải chủng hoà thử,",山家不解種禾黍，
Y thực niên niên tại xuân vũ.,衣食年年在春雨。
"Đình tiền cam cúc di thì vãn,",庭前甘菊移時晚，
Thanh nhị trùng dương bất kham trích.,青蕊重陽不堪摘。
"Minh nhật tiêu điều tận tuý tỉnh,",明日蕭條盡醉醒，
Tàn hoa lạn mạn khai hà ích?,殘花爛漫開何益？
"Ly biên dã ngoại đa chúng phương,",篱邊野外多眾芳，
Thái hiệt tế toả thăng trung đường.,採擷細瑣昇中堂。
"Niệm tư không trường đại chi diệp,",念茲空長大枝葉，
Kết căn thất sở triền phong sương.,結根失所纏風霜。
"Thoa lạp Ngũ Hồ vinh bội ấn,",簑笠五湖榮佩印，
Tang ma tế dã thắng phong hầu.,桑麻蔽野勝封侯。
"Trứ xứ phồn hoa vụ thị nhật,",著處繁花務是日，
Trường Sa thiên nhân vạn nhân xuất.,長沙千人萬人出。
"Độ đầu thuý liễu diễm minh my,",渡頭翠柳豔明眉，
Tranh đạo chu đề kiêu niết tất.,爭道朱蹄驕齧膝。
"Thử đô hảo du Tương Tây tự,",此都好遊湘西寺，
Chư tướng diệc tự quân trung chí.,諸將亦自軍中至。
"Mã Viện chinh hành tại nhãn tiền,",馬援征行在眼前，
Cát Cường thân cận đồng tâm sự.,葛強親近同心事。
"Kim đặng hạ sơn hồng phấn vãn,",金鐙下山紅粉晚，
Nha tường liệt đà thanh lâu viễn.,牙檣捩柁青樓遠。
"Cổ thì táng loạn giai khả tri,",古時喪亂皆可知，
Nhân thế bi hoan tạm tương khiển.,人世悲歡暫相遣。
"Đệ điệt tuy tồn bất đắc thư,",弟侄雖存不得書，
Can qua vị tức khổ ly cư.,干戈未息苦離居。
"Phùng nghinh thiếu tráng phi ngô đạo,",逢迎少壯非吾道，
Huống nãi kim triêu cánh phất trừ.,況乃今朝更祓除。
"Triêu lai tân hoả khởi tân yên,",朝來新火起新煙，
Hồ sắc xuân quang tịnh khách thuyền.,湖色春光淨客船。
"Tú vũ hàm hoa tha tự đắc,",繡羽銜花他自得，
Hồng nhan kỵ trúc ngã vô duyên.,紅顏騎竹我無緣。
"Hồ đồng kết thúc hoàn nan hữu,",胡童結束還難有，
Sở nữ yêu chi diệc khả liên.,楚女腰肢亦可憐。
"Bất kiến Định Vương thành cựu xứ,",不見定王城舊處，
Trường hoài Giả Phó tỉnh y nhiên.,長懷賈傅井依然。
"Hư triêm Chu Cử vi hàn thực,",虛沾周舉為寒食，
Thực tạ Nghiêm quân mại bốc tiền.,實藉嚴君賣卜錢。
"Chung đỉnh sơn lâm các thiên tính,",鐘鼎山林各天性，
Trọc dao thô phạn nhậm ngô niên.,濁醪粗飯任吾年。
"Thử thân phiêu bạc khổ tây đông,",此身飄泊苦西東，
Hữu tý thiên khô bán nhĩ lung.,右臂偏枯半耳聾。
"Tịch tịch hệ chu song há lệ,",寂寂繫舟雙下淚，
"Du du phục chẩm, tả thư không.",悠悠伏枕左書空。
"Thập niên xúc cúc tương sồ viễn,",十年蹴踘將雛遠，
Vạn lý thu thiên tập tục đồng.,萬里秋千習俗同。
"Lữ nhạn thượng vân quy tử tái,",旅雁上雲歸紫塞，
Gia nhân toàn hoả dụng thanh phong.,家人鑽火用青楓。
"Tần thành lâu các yên hoa lý,",秦城樓閣煙花裏，
Hán chủ sơn hà cẩm tú trung.,漢主山河錦繡中。
"Phong thuỷ xuân lai Động Đình khoát,",風水春來洞庭闊，
Bạch tần sầu sát bạch đầu ông.,白蘋愁殺白頭翁。
"Thanh Môn kim toả bình đán khai,",青門金鎖平旦開，
Thành đầu nhật xuất sứ xa hồi.,城頭日出使車回。
"Thanh môn liễu chi chính kham chiết,",青門柳枝正堪折，
Lộ bàng nhất nhật kỷ nhân biệt.,路傍一日幾人別。
"Đông xuất Thanh Môn lộ bất cùng,",東出青門路不窮，
Dịch lâu quan thụ Bá Lăng đông.,驛樓官樹霸陵東。
"Hoa phác chinh y khan tự tú,",花扑征衣看似繡，
Vân tuỳ khứ mã sắc nghi thông.,雲隨去馬色疑驄。
"Hồ cơ tửu lư nhật vị ngọ,",胡姬酒壚日未午，
Ti thằng ngọc cang tửu như nhũ.,絲繩玉缸酒如乳。
"Bá đầu lạc hoa một mã đề,",霸頭落花沒馬蹄，
Tạc dạ vi vũ hoa thành nê.,昨夜微雨花成泥。
"Hoàng ly sí thấp phi chuyển đê,",黃鸝翅濕飛轉低，
Quan Đông xích thư tuý lại đề.,關東尺書醉懶題。
"Tu du vọng quân bất khả kiến,",須臾望君不可見，
Dương tiên phi khống tật như tiễn.,揚鞭飛鞚疾如箭。
Tá vấn sứ hô hà thời lai?,借問使乎何時來？
Mạc tác đông phi bá lao tây phi yến!,莫作東飛伯勞西飛燕！
"Thanh sơn thanh, thanh dục đoạn,",青山青，青欲斷，
Thanh sơn đoạn xứ vân như mạn.,青山斷處雲如幔。
"Nhân gia thâm trú ổ đông đầu,",人家深住塢東頭，
Cương bị vân già nhất đa bán.,剛被雲遮一多半。
"Sơn hề vân hề diểu mạc phân,",山兮雲兮窅莫分，
Kê khuyển dao cách vân trung văn.,雞犬遙隔雲中聞。
"Hữu thời tuỳ phong hoặc lăng loạn,",有時隨風或凌亂，
Trường nhật dữ sơn tương thổ thôn.,長日與山相吐吞。
"Thành trung xa mã đa như chức,",城中車馬多如織，
Một mã hồng trần thâm kỷ xích.,沒馬紅塵深幾尺。
"Chỉ hữu phú quý giải lưu nhân,",只有富貴解留人，
Thả dữ vân sơn vị tằng thức.,且與雲山未曾識。
"Hu ta sơn trung nhân,",吁嗟山中人，
Mộng ức Vân Trung Quân.,夢憶雲中君。
"Quyển thư tuỳ sở thích,",卷舒隨所適，
Phóng lãng do thiên chân.,放浪由天真。
"Ngã tích tây du đăng Ngũ Lão,",我昔西游登五老，
Ngũ Lão chư phong tháp tình hạo.,五老諸峰插晴昊。
"Tửu hàm phóng ca Trích Tiên cú,",酒酣放歌謫仙句，
Nghĩ cộng vân tùng kết sào hảo.,擬共雲松結巢好。
"Giang Lang tự thị thanh vân tư,",江郎自是青雲姿，
Án đồ tiếu sách vân sơn thi.,按圖笑索雲山詩。
"Tòng lai tri nhĩ xuất sơn khứ,",從來知爾出山去，
Vi vũ vi lâm đương cập thì.,為雨為霖當及時。
"Thanh ty bạch mã thuỳ gia tử,",青絲白馬誰家子，
Thô hào thả trục phong trần khởi.,粗豪且逐風塵起。
"Bất văn Hán chúa phóng phi tần,",不聞漢主放妃嬪，
Cận tĩnh Đồng Quan tảo phong nghĩ.,近靜潼關掃蜂蟻。
"Điện tiền binh mã phá nhữ thì,",殿前兵馬破汝時，
Thập nguyệt tức vi tê phấn kỳ.,十月即為齏粉期。
"Vị như diện phược quy kim khuyết,",未如面縛歸金闕，
Vạn nhất hoàng ân hạ ngọc trì.,萬一皇恩下玉墀。
"Tây sơn nhật một đông sơn hôn,",西山日沒東山昏，
"Toàn phong xuy mã, mã đạp vân.",旋風吹馬馬踏雲。
"Hoạ huyền tố quản thanh thiển phồn,",畫弦素管聲淺繁，
Hoa quần tuý sái bộ thu trần.,花裙綷縩步秋塵。
"Quế diệp loát phong quế truỵ tử,",桂葉刷風桂墜子，
Thanh ly khốc huyết hàn hồ tử.,青狸哭血寒狐死。
"Cổ bích thái cầu kim thiếp vĩ,",古壁彩虯金貼尾，
Vũ công kỵ nhập thu đàm thuỷ.,雨工騎入秋潭水。
"Bách niên lão hiêu thành mộc mị,",百年老鴞成木魅，
Tiếu thanh bích hoả sào trung khỉ.,笑聲碧火巢中起。
"Sinh nhi bất dụng thức văn tự,",生兒不用識文字，
Đấu kê tẩu mã thắng độc thư.,鬥雞走馬勝讀書。
"Giả gia tiểu nhi niên thập tam,",賈家小兒年十三，
Phú quý vinh hoa đại bất như.,富貴榮華代不如。
"Năng linh kim cự kỳ thắng phụ,",能令金距期勝負，
Bạch la tú sam tuỳ nhuyễn dư.,白羅繡衫隨軟輿。
"Phụ tử Trường An thiên lý ngoại,",父死長安千里外，
Sai phu trì đạo vãn táng xa.,差夫持道挽喪車。
"Hạ trung vãng chí Thát Sơn nam,",夏中往至獺山南，
Đài ốc tam gian nhật ảnh hàm.,苔屋三間日影含。
"Nhất lão nhập môn trần tiểu lễ,",一老入門陳小禮，
Sổ nhi toạ ngoại chỉ dao đàm.,數兒坐外指遙談。
"Bạc thuyền thức đắc Tăng bà miếu,",泊船識得曾婆廟，
Lê mạt sơ lai kiến thảo am.,黎末初來建草庵。
"Đạo tróc đâu nhân tòng hải lãng,",盜捉丟人從海浪，
Dân bi thuỷ tự triển đan thầm.,民悲始祀展丹忱。
"Hựu văn Thế Tổ đào tri sự,",又聞世祖逃知事，
Hồi sử phong thần lệ kính khâm.,回使封神勵敬欽。
"Cố chủ nhược linh huy thủ khiển,",故主若靈揮手遣，
Trầm ba tẩy khứ hữu tham tâm.,沉波洗去有貪心。
"Lương phong xuy động Hoàng Cô chử,",涼風吹動黃姑渚，
Chính trị Khiên Ngưu phùng Đế Nữ.,正值牽牛逢帝女。
"Nhất niên giai hội trở tinh hà,",一年佳會阻星河，
Sổ khắc giao hoan bãi cơ trữ.,數刻交歡罷機杼。
"Chủ nhân lưu khách đương kim tiêu,",主人留客當今宵，
Minh tranh thiếu phụ hồng la tiêu.,鳴筝少婦紅羅綃。
"Kiều thanh uyển chuyển loan hoàng khúc,",嬌聲宛轉鸞凰曲，
Mị nhãn đê hồi ô thước kiều.,媚眼低回烏鵲橋。
"Dẫn vũ lưu thương ca dũ hoãn,",引羽流商歌愈緩，
Ngọc thằng tiệm lạc minh tinh lạn.,玉繩漸落明星爛。
"Lý truỵ trâm di lạc vị hưu,",履墜簪遺樂未休，
Chung trầm lậu tận sầu tương đán.,鐘沉漏盡愁將旦。
"Lâm biệt ân cần tặng thất tương,",臨别殷勤贈七襄，
Thu tiêu tuy đoản thử tình trường.,秋宵雖短此情長。
"Chúc Long dĩ giá Phù Tang hiểu,",燭龍已駕扶桑曉，
Thiên thượng nhân gian lưỡng diểu mang.,天上人間兩渺茫。
"Tứ hải thập niên bất giải binh,",四海十年不解兵，
Khuyển nhung dã phục lâm Hàm kinh.,犬戎也復臨咸京。
"Thất đạo phi quan xuất Tương Dã,",失道非關出襄野，
Dương tiên hốt thị quá Hồ Thành.,揚鞭忽是過湖城。
"Sài lang tái lộ nhân đoạn tuyệt,",豺狼塞路人斷絕，
Phong hoả chiếu dạ thi túng hoành.,烽火照夜尸縱橫。
"Thiên tử diệc ưng yếm bôn tẩu,",天子亦應厭奔走，
Quần công cố hợp tứ thăng bình.,群公固合思昇平。
"Đãn khủng tru cầu bất cải triệt,",但恐誅求不改轍，
Văn đạo bế nghiệt năng toàn sinh.,聞道嬖孽能全生。
"Giang biên lão ông thác liệu sự,",江邊老翁錯料事，
Nhãn ám bất kiến phong trần thanh.,眼暗不見風塵清。
"Thiên biên lão nhân quy vị đắc,",天邊老人歸未得，
Nhật mộ đông lâm đại giang khốc.,日暮東臨大江哭。
"Lũng Hữu, Hà Nguyên bất chủng điền,",隴右河源不種田，
Hồ kỵ khương binh nhập Ba Thục.,胡騎羌兵入巴蜀。
"Hồng đào thao thiên phong bạt mộc,",洪濤滔天風拔木，
Tiền phi thốc thu hậu hồng hộc.,前飛禿鶖後鴻鵠。
"Cửu độ phụ thư hướng Lạc Dương,",九度附書向洛陽，
Thập niên cốt nhục vô tiêu tức.,十年骨肉無消息。
"Ngô Cối quát chúng san,",吳會括眾山，
Tập tập bất khả sổ.,戢戢不可數。
"Kỳ gian hiệu Thiên Bình,",其間號天平，
Đột ngột vi chi chủ.,突兀為之主。
"Kiệt nhiên trấn Tây nam,",杰然鎮西南，
Quần lĩnh tranh củng phụ.,群嶺爭拱輔。
"Ngô tri tạo vật ý,",吾知造物意，
Tất dĩ bình thiên phủ.,必已屏天府。
"Thanh khê chí kỳ hạ,",青溪至其下，
Ngưỡng thị thế như vũ.,仰視勢如舞。
"Vĩ thạch như trường nhân,",偉石如長人，
Thụ lập dục ngôn ngữ.,豎立欲言語。
"Môn la duyên hiểm đặng,",捫蘿緣險磴，
Lạn mạn tùng trúc cổ.,爛漫松竹古。
"Trung yêu hữu nguy đình,",中腰有危亭，
Tiền đối thuý bích cử.,前對翠壁舉。
"Thạch đậu bính ngọc tuyền,",石竇迸玉泉，
Linh linh tứ thời vũ.,泠泠四時雨。
"Nguyên sinh bạch vân gian,",源生白雲間，
Nhan sắc nhược phấn nhũ.,顏色若粉乳。
"Hạn niên hoặc bá sái,",旱年或播洒，
Nhuận khả túc cửu thổ.,潤可足九土。
"Nại hà đãn hoằng trừng,",柰何但泓澄，
Vị vi ứng long thủ.,未為應龍取。
"Dư tài khí trần trung,",予才棄塵中，
Nham hác tố tự hứa.,岩壑素自許。
"Bàn hoàn trạch hùng thắng,",盤桓擇雄胜，
Chí thử khoái tâm lữ.,至此快心膂。
"Thứ đắc nhĩ mục thanh,",庶得耳目清，
Chung cam tử vu hổ.,終甘死于虎。
"Thiên Đô chử phong dao tương tòng,",天都諸峰遥相從，
Liên miên dịch thuộc vô hạ phùng.,連綿嶧屬無罅縫。
"Sơn yêu bạch vân xuất y đái,",山腰白雲出衣帶，
Vân sinh điệp điệp sơn trùng trùng.,雲生疊疊山重重。
"Phong nội hữu phong loại xuân nhiễm,",峰內有峰類皴染，
Tu du ổng hợp nhưng hỗn đồng.,須臾蓊合仍混同。
"Tằng vân tụ tộc vũ quyết lưu,",層雲聚族雨決溜，
Khê sơn thiên thuỷ tề minh mông.,溪山天水齊溟蒙。
"Thị thời thuỷ thế do vị hùng,",是時水勢猶未雄，
Giang hà dục quyết phiên buộn ung.,江河欲決翻坌壅。
"Lương cửu vũ túc thuỷ tích hậu,",良久雨足水積厚，
Bộc bố đảo tả Thiên Đô phong.,瀑布倒瀉天都峰。
"Sơ nghi khát long phủ phím bạc,",初疑渴龍甫噴薄，
Quyết thạch đầu pháo thanh hồng long.,抉石投奅聲䃔䃧。
"Phục nghi thuỷ kích long ảo nộ,",復疑水撥龍拗怒，
Tốt vĩ hạ bát bách trượng hồng.,捽尾下拔百丈洪。
"Cánh nghi quần long hỗ chuyển đấu,",更疑群龍互轉鬥，
Di sơn bài cốc oanh viên khung.,移山排谷轟圓穹。
"Nhân ngôn thuỷ tá phong lực hoạnh,",人言水借風力橫，
Ná tri thuỷ cấp phiên sinh phong.,那知水急翻生風。
Kích lôi cuồng điện hà xử khởi?,激雷狂電何處起？
Phát tác diệc tại phong thuỷ trung.,發作亦在風水中。
"Ba lãng huyên khôi thảo mộc á,",波浪喧豗草木亞，
Sưu giảo hiên pha tâm xung xung.,搜攪軒簸心忡忡。
"Đàm trung lão long hựu kinh ngộ,",潭中老龍又驚寤，
Lục lãng phầm dũng hiên song đông.,綠浪濆涌軒窗東。
"Sơn căn táp lạp địa trục chấn,",山根颯拉地軸震，
Toàn khủng Hoàng Hải phù hư không.,旋恐黄海浮虛空。
"Đình ngọ vũ chỉ vân nhung nhung,",亭午雨止雲戎戎，
Thiên điều bạch luyện hồi xung dung.,千條白練回沖融。
"Bằng lan tâm khảm thư chàng thung,",憑闌心坎舒撞舂，
Toạ thinh đào lại khán bôn xung.,坐聽濤瀨看奔沖。
"Ngạc di mạc nhạ thi tứ cùng,",愕眙莫訝詩思窮，
Lão phu tam nhật do nhĩ lung.,老夫三日猶耳聾。
"Ngô văn thiên tử chi mã tẩu thiên lý,",吾聞天子之馬走千里，
Kim chi hoạ đồ vô nãi thị.,今之畫圖無乃是。
"Thị hà ý thái hùng thả kiệt,",是何意態雄且傑，
Tuấn vĩ tiêu tiêu sóc phong khởi.,駿尾蕭梢朔風起。
"Mao vi lục phiêu lưỡng nhĩ hoàng,",毛為綠縹兩耳黃，
Nhãn hữu tử diễm song đồng phương.,眼有紫焰雙瞳方。
"Kiểu kiểu long tính hợp biến hoá,",矯矯龍性合變化，
Trác lập thiên cốt sâm khai trương.,卓立天骨森開張。
"Y tích thái bộc Trương Cảnh Thuận,",伊昔太僕張景順，
Giám mục công câu duyệt thanh tuấn.,監牧攻駒閱清峻。
"Toại linh đại nô thủ Thiên Dục,",遂令大奴守天育，
Biệt dưỡng ký tử liên thần tuấn.,別養驥子憐神俊。
"Đương thì tứ thập vạn thất mã,",當時四十萬匹馬，
Trương công thán kỳ tài tận hạ.,張公歎其材盡下。
"Cố độc tả chân truyền thế nhân,",故獨寫真傳世人，
Kiến chi toạ hữu cửu cánh tân.,見之座右久更新。
"Niên đa vật hoá không hình ảnh,",年多物化空形影，
Ô hô kiện bộ vô do sính.,嗚呼健步無由騁。
"Như kim khởi vô Yểu Niểu dữ Hoa Lưu,",如今豈無騕褭與驊騮，
"Thì vô Vương Lương, Bá Nhạc tử tức hưu.",時無王良伯樂死即休。
"Địa mạch chí thử đoạn,",地脈至此斷，
Thiên Sơn dĩ bao thiên.,天山已包天。
"Nhật nguyệt hà xứ thê,",日月何處棲，
Tổng quải thanh tùng điên.,總掛青松巔。
"Cùng đông lăng lăng sóc phong liệt,",窮冬棱棱朔風裂，
Tuyết sắc bao sơn một sơn cốt.,雪色包山沒山骨。
"Phong hình tích cổ thuỳ năng khuy,",峰形積古誰能窺？
Thượng hữu hồng mông vạn niên tuyết.,上有鴻濛萬年雪。
"Thiên Sơn chi thạch lục như ngọc,",天山之石綠如玉，
Tuyết dữ thạch quang giai nhiễm lục.,雪與石光皆染綠。
"Bán không thạch truỵ băng hốt khai,",半空石墜冰忽開，
Đối diện cư nhiên lạc phi bộc.,對面居然落飛瀑。
"Thanh tùng cương đầu thử lục lương,",青松岡頭鼠陸梁，
Nhất nhất câu dục xan thiên quang.,一一俱欲餐天光。
"Một lâm nhược trĩ phi bất khởi,",沒林弱雉飛不起，
Kinh nguyệt bão đạm tùng hoa hương.,經月飽啖松花香。
"Nhân hành sơn khẩu tuyết một tung,",人行山口雪沒蹤，
Sơn phúc cửu dĩ tàng xuân phong.,山腹久已藏春風。
"Thuỷ tri linh cảnh quýnh nhiên dị,",始知靈境迥然異，
Khí hậu đốn dữ tam tiêu thông.,氣候頓與三霄通。
"Ngã vị trường Thành bất tu trúc,",我謂長城不須筑，
Thử hiểm thiên giao hạn sa mạc.,此險天教限沙漠。
"Sơn nam sơn bắc nhĩ hử trường,",山南山北爾許長，
Hãn Hải Hoàng Hà tư khởi phục.,瀚海黄河茲起伏。
"Tha thời trục khách thảng đắc hoàn,",他時逐客倘得還，
Trí trủng diệc tượng kỳ liên san.,置冢亦象祁連山。
"Khống huyền túng tốn phiêu kị Hoắc,",控弦縱遜票騎霍，
Đầu bút hoặc tự Phù Phong Ban.,投筆或似扶風班。
"Biệt gia cận dĩ vong niên tải,",別家近已忘年載，
Nhật xuất thương minh thảng gia tại.,日出滄溟倘家在。
"Liên phong ngẫu nhất vọng đông nam,",連峰偶一望東南，
Vân khí mang mang sinh phúc bối.,雲氣茫茫生腹背。
"Cửu châu ngã tích lý hiểm di,",九州我昔履險夷，
Ngũ nhạc đính thượng đô tiêu đề.,五岳頂上都標題。
"Nam Điều, Bắc Điều đẳng nhàn nhĩ,",南條北條等閑耳，
"Thái Ất, Thái Thất du thử kỳ.",太乙太室輸此奇？
"Kỳ chung tái ngoại thiên hề thủ,",奇鍾塞外天奚取？
Phong lực xuy nhân mãnh phi vũ.,風力吹人猛飛舞。
"Nhất phong khuyết xứ bổ nhất vân,",一峰缺處補一雲，
Nhân dục xuất sơn vân bất hứa.,人欲出山雲不許。
"Thiên hà dạ chuyển phiêu hồi tinh,",天河夜轉漂回星，
Ngân phố lưu vân học thuỷ thanh.,銀浦流雲學水聲。
"Ngọc cung quế thụ hoa vị lạc,",玉宮桂樹花未落，
Tiên thiếp thái hương thuỳ bội anh.,仙妾採香垂佩纓。
"Tần phi quyển liêm bắc song hiểu,",秦妃捲簾北窗曉，
Song tiền thực đồng thanh phụng tiểu.,窗前植桐青鳳小。
"Vương tử xuy sinh nga quản trưởng,",王子吹笙鵝管長，
Hô long canh yên chủng dao thảo.,呼龍耕煙種瑤草。
"Phấn hà hồng thụ ngẫu ty quần,",粉霞紅綬藕絲裙，
Thanh Châu bộ thập lan điều xuân.,青洲步拾蘭苕春。
"Đông chỉ Hy Hoà năng tẩu mã,",東指羲和能走馬，
Hải trần tân sinh thạch sơn hạ.,海塵新生石山下。
"Nam Sơn tiệt trúc vi tất lật,",南山截竹為觱篥，
Thử nhạc bản tự Cưu Tư xuất.,此樂本自龜茲出。
"Lưu truyền Hán địa khúc chuyển kỳ,",流傳漢地曲轉奇，
Lương Châu Hồ nhân vị ngã xuy.,涼州胡人為我吹。
"Bàng lân văn giả đa thán tức,",旁鄰聞者多嘆息，
Viễn khách tư hương giai lệ thuỳ.,遠客思鄉皆淚垂。
"Thế nhân giải thính bất giải thưởng,",世人解聽不解賞，
Trường tiên phong trung tự lai vãng.,長飆風中自來往。
"Khô tang lão bách hàn sưu lưu,",枯桑老柏寒颼飀，
Cửu sồ minh phụng loạn thu thu.,九鶵鳴鳳亂啾啾。
"Long ngâm hổ khiếu nhất thì phát,",龍吟虎嘯一時發，
Vạn lại bách tuyền tương dữ thu.,萬籟百泉相與秋。
"Hốt nhiên cánh tác Ngư Dương tham,",忽然更作《漁陽摻》，
Hoàng vân tiêu điều bạch nhật ám.,黃雲蕭條白日暗。
"Biến điệu như văn dương liễu xuân,",變調如聞《楊柳》春，
Thượng lâm phồn hoa chiếu nhãn tân.,上林繁花照眼新。
"Tuế dạ cao đường liệt minh chúc,",歲夜高堂列明燭，
Mỹ tửu nhất bôi thanh nhất khúc.,美酒一杯聲一曲。
"Đại huyền xuân ôn hoà thả bình,",大絃春溫和且平，
Tiểu huyền liêm chiết lượng dĩ thanh.,小絃廉折亮以清。
"Bình sinh vị thức cung dữ giác,",平生未識宮與角，
Đãn văn ngưu minh áng trung trĩ đăng mộc.,但聞牛鳴盎中雉登木。
"Môn tiền bác trác thuỳ khấu môn,",門前剝啄誰叩門，
Sơn tăng vị nhàn quân vật sân.,山僧未閑君勿嗔。
"Quy gia thả mịch thiên hộc thuỷ,",歸家且覓千斛水，
Tịnh tẩy thung tiền tranh địch nhĩ.,淨洗從前箏笛耳。
"Giá nga phùng thiên phong,",駕鵝逢天風，
Bắc hướng kinh phi minh.,北向驚飛鳴。
"Phi minh nhập dạ cấp,",飛鳴入夜急，
Trắc thính đàn cầm thanh.,側聽彈琴聲。
Tá vấn đàn giả thuỳ?,借問彈者誰？
"Vân thị đương niên Biện Ngọc Kinh,",云是當年卞玉京，
Ngọc Kinh dữ ngã Nam Trung ngộ.,玉京與我南中遇。
"Gia cận Đại Công phường để lộ,",家近大功坊底路，
Tiểu viện thanh lâu đại đạo biên.,小院青樓大道邊。
"Đối môn khước thị Trung Sơn trú,",對門卻是中山住，
Trung Sơn hữu nữ kiều vô song.,中山有女嬌無雙。
"Thanh mâu hạo xỉ thuỳ minh đang,",清眸皓齒垂明璫，
Tằng nhân nội yến trực ca vũ.,曾因內宴直歌舞。
"Toạ trung miết kiến đồ nha hoàng,",坐中瞥見塗鴉黃，
Vấn niên thập lục thượng vị giá.,問年十六尚未嫁。
"Tri âm thức khúc đàn thanh thương,",知音識曲彈清商，
Quy lai nữ bạn tẩy hồng trang.,歸來女伴洗紅妝。
"Uổng tương tuyệt kỹ căng Bình Khang,",枉將絕技矜平康，
Như thử tài túc đương hầu vương.,如此才足當侯王。
"Vạn sự thương hoàng tại nam độ,",萬事倉皇在南渡，
Đại gia kỷ nhật năng chi ngô.,大家幾日能枝梧。
"Chiếu thư hốt hạ tuyển nga mi,",詔書忽下選蛾眉，
Tế mã khinh xa bất tri số.,細馬輕車不知數。
"Trung Sơn hảo nữ quang bồi hồi,",中山好女光徘徊，
Nhất thời phấn đại vô nhân cố.,一時粉黛無人顧。
"Diễm sắc tri vi thiên hạ truyền,",艷色知為天下傳，
Cao môn sầu bị bàng nhân đố.,高門愁被旁人妒。
"Tận đạo đương tiền hoàng ốc tôn,",盡道當前黃屋尊，
Thuỳ tri chuyển phán hồng nhan ngộ.,誰知轉盼紅顏誤。
"Nam Nội phương khán khởi Quế Cung,",南內方看起桂宮，
Bắc binh tảo báo lâm Qua Bộ.,北兵早報臨瓜步。
"Văn đạo quân vương tẩu ngọc thông,",聞道君王走玉驄，
Độc xa bất dụng sính chiêu dung.,犢車不用聘昭容。
"Hạnh trì thân nhập Trần cung lý,",幸遲身入陳宮裏，
Khước tảo danh điền Đại tịch trung.,卻早名填代籍中。
"Y hy ký đắc Kỳ dữ Nguyễn,",依稀記得祁與阮，
Đồng thời diệc trúng Tam cung tuyển.,同時亦中三宮選。
"Khả lân câu vị thức quân vương,",可憐俱未識君王，
Quân phủ sao danh bị khu khiển.,軍府抄名被驅遣。
"Mạn ngâm Lâm xuân, Quỳnh thụ thiên,",漫吟臨春瓊樹篇，
Ngọc nhan linh lạc uỷ hoa điền.,玉顏零落委花鈿。
"Đương thời thác oán Hàn Cầm Hổ,",當時錯怨韓擒虎，
Trương Khổng thừa ân dĩ thập niên.,張孔承恩已十年。
"Đãn giao nhất nhật kiến thiên tử,",但教一日見天子，
Ngọc Nhi cam vị Đông Hôn tử.,玉兒甘為東昏死。
Dương xa vọng hạnh a thuỳ tri?,羊車望幸阿誰知？
Thanh trủng thê lượng cánh như thử!,青冢凄涼竟如此！
"Ngã hướng hoa gian phất tố cầm,",我向花間拂素琴，
Nhất đàn tam thán vị thương tâm.,一彈三嘆為傷心。
"Ám tương Biệt hộc, Ly loan dẫn,",暗將別鵠離鸞引，
Tả nhập bi phong oán vũ ngâm.,寫入悲風怨雨吟。
"Tạc dạ thành đầu xuy tất lật,",昨夜城頭吹篳篥，
Giáo phường giã bị truyền hô cấp.,教坊也被傳呼急。
"Bích Ngọc ban trung phạ điểm lưu,",碧玉班中怕點留，
Nhạc Doanh môn ngoại Lư gia khấp.,樂營門外盧家泣。
"Tư cánh trang thúc xuất giang biên,",私更妝束出江邊，
Kháp ngộ Đan Dương hạ Chử thuyền.,恰遇丹陽下渚船。
"Tiễn tựu hoàng thi tham nhập đạo,",剪就黃絁貪入道，
Huề lai lục ỷ tố Thuyền quyên.,攜來綠綺訴嬋娟。
"Thử địa do lai thịnh ca vũ,",此地由來盛歌舞，
Tử đệ tam ban thập phiên cổ.,子弟三班十番鼓。
"Nguyệt minh huyền sách cánh vô thanh,",月明弦索更無聲，
Sơn Đường tịch mịch tao binh khổ.,山塘寂寞遭兵苦。
"Thập niên đồng bạn lưỡng tam nhân,",十年同伴兩三人，
Sa Đổng chu nhan tận hoàng thổ.,沙董朱顏盡黃土。
"Quý thích thâm khuê mạch thượng trần,",貴戚深閨陌上塵，
Ngô bối phiêu linh hà túc số!,吾輩飄零何足數！
"Toạ khách văn ngôn khởi thán ta,",坐客聞言起嘆嗟，
Giang sơn tiêu sắt ẩn bi già.,江山蕭瑟隱悲笳。
"Mạc tương Thái nữ biên đầu khúc,",莫將蔡女邊頭曲，
Lạc tận Ngô vương uyển lý hoa.,落盡吳王苑裏花。
"Điều phong đạm đãng xuân tương bán,",條風淡蕩春將半，
Ỷ lan hốt thính oanh thanh loạn.,倚欄忽聽鶯聲亂。
"Cách trúc miên man biệt dạng đề,",隔竹綿蠻别様啼，
Nhiễu lâm hiện hoãn tương hô hoán.,遶林睍睆相呼喚。
"Tương hoán tương hô bất trú thanh,",相喚相呼不住聲，
Thanh thanh thiên động dã du tình.,聲聲偏動冶逰情。
"Vương tôn tái tửu thanh lâu tuý,",王孫載酒青樓醉，
Mỹ nữ tầm phương tử mạch hành.,美女尋芳紫陌行。
"Thanh lâu tử mạch xuân phong biến,",青樓紫陌春風徧，
Nhất chủng kiều thanh thiên vạn biến.,一種嬌聲千萬變。
"Phảng phất Tần tranh xuất cốc văn,",彷彿秦筝出谷聞，
Y hi Khương địch tuỳ phong chuyển.,依稀羌笛隨風囀。
"Tần tranh Khương địch vận du dương,",秦筝羌笛韻悠揚，
Kỷ xứ hoan ngu kỷ đoạn trường.,幾處歡娛幾斷腸。
"Khuê trung thiếu phụ bi chinh thú,",閨中少婦悲征戍，
Lộ thượng hành nhân ức cố hương.,路上行人憶故鄉。
"Cố hương miểu hà hử,",故鄉𣺌何許，
Oanh thanh hà thái khổ.,鶯聲何太苦。
"Chinh thú cách Liêu Dương,",征戍隔遼陽，
Văn oanh không tự thương.,聞鶯空自傷。
"Oanh lai oanh khứ tự niên niên,",鶯來鶯去自年年，
Thính thử đề thanh bội khả lân.,聽此啼聲倍可憐。
"Bách niên sầu mấn thanh trung cải,",百年愁鬢聲中改，
Cửu thập xuân quang thiệt thượng thiên.,九十春光舌上遷。
"Mạc thán Thiều hoa như chuyển cốc,",莫嘆韶華如轉轂，
Ái oanh thả phú “Thính oanh khúc”.,愛鶯且賦聽鶯曲。
"Đãn đắc trường văn liễu ngoại thanh,",但得長聞栁外聲，
Hà từ tần tiến bôi trung lục.,何辭頻進杯中醁。
"Thiếu niên ly biệt ý phi khinh,",少年離別意非輕，
Lão khứ tương phùng diệc sảng tình.,老去相逢亦愴情，
"Thảo thảo bôi bàn cung tiếu ngữ,",草草杯盤供笑語，
Hôn hôn đăng hoả thoại bình sinh.,昏昏燈火話平生。
"Tự liên hồ hải tam niên cách,",自憐湖海三年隔，
Hựu tác trần sa vạn lý hành.,又作塵沙萬里行。
"Dục vấn hậu kỳ hà nhật thị,",欲問後期何日是，
Ký thư ưng kiến nhạn nam chinh.,寄書應見雁南征。
"Ô Tôn yêu gian bội lưỡng đao,",烏孫腰間佩兩刀，
Nhận khả xuy mao cẩm vi đới.,刃可吹毛錦為帶。
"Ác trung chẩm túc khung lư thất,",握中枕宿穹廬室，
Mã thượng cát phi ế ông tái.,馬上割飛翳螉塞。
"Chấp chi võng lượng thuỳ năng tiền,",執之魍魎誰能前，
Khí lẫm thanh phong sa mạc biên.,氣凜清風沙漠邊。
"Ma dụng âm sơn nhất phiến ngọc,",磨用陰山一片玉，
Tẩy tương Hồ địa Độc Lưu tuyền.,洗將胡地獨流泉。
"Chủ nhân bình phong tả kỳ trạng,",主人屏風寫奇狀，
Thiết sao kim hoàn nghiễm tương hướng.,鐵鞘金鐶儼相向。
"Hồi đầu trừng mục thì nhất khan,",回頭瞪目時一看，
Sử dư tâm tại giang hồ thượng.,使予心在江湖上。
"Thâu tô đắc sao quan cánh thôi,",輸租得鈔官更催，
Lương thương lý chính xao môn lai.,踉蹌里正敲門來。
Thủ trì văn thư tạp sân hỉ:,手持文書雜嗔喜：
“Ngã diệc lai dinh tuý quy nhĩ!”,我亦來營醉歸耳！
"Sàng đầu khan nang đại như quyền,",床頭慳囊大如拳，
Phác phá chính hữu tam bách tiền.,撲破正有三百錢。
"Bất kham dữ quân thành nhất tuý,",不堪與君成一醉，
Liêu phục thường quân thảo hài phí.,聊復償君草鞋費。
"Đặng công mã phích nhân cộng tri,",鄧公馬癖人共知，
Sơ đắc hoa thông Đại Uyển chủng.,初得花驄大宛種。
"Túc tích truyền văn tư nhất kiến,",夙昔傳聞思一見，
Khiên lai tả hữu thần giai tủng.,牽來左右神皆竦。
"Hùng tư dật thái hà tù tuỵ,",雄姿逸態何崷崒，
Cố ảnh kiêu tê tự căng sủng.,顧影驕嘶自矜寵。
"Ngung mục thanh huỳnh giáp kính huyền,",隅目青熒夾鏡懸，
Nhục tuấn ôi lỗi liên tiền động.,肉駿碨礌連錢動。
"Triêu lai cửu thí hoa hiên hạ,",朝來久試華軒下，
Vị giác thiên kim mãn cao giá.,未覺千金滿高價。
"Xích hãn vi sinh bạch tuyết mao,",赤汗微生白雪毛，
Ngân an khước phúc hương la phạ.,銀鞍卻覆香羅帕。
"Khanh gia cựu tứ công thủ chi,",卿家舊賜公取之，
Thiên cứu chân long thử kỳ á.,天廄真龍此其亞。
"Trú tẩy tu đằng Kinh, Vị thâm,",晝洗須騰涇渭深，
"Triêu xu khả loát U, Tinh dạ.",朝趨可刷幽並夜。
"Ngô văn lương ký lão thuỷ thành,",吾聞良驥老始成，
Thử mã sổ niên nhân cánh kinh.,此馬數年人更驚。
"Khởi hữu tứ đề tật ư điểu,",豈有四蹄疾於鳥，
Bất dữ bát tuấn câu tiên minh.,不與八駿俱先鳴。
"Thì tục tạo thứ na đắc trí,",時俗造次那得致，
Vân vụ hối minh phương giáng tinh.,雲霧晦冥方降精。
"Cận văn hạ chiếu huyên đô ấp,",近聞下詔喧都邑，
Khẳng sử kỳ lân địa thượng hành.,肯使騏驎地上行。
"Hồ già phách đoạn huyền băng kết,",胡笳拍斷玄冰結，
Tương linh khúc chung ban trúc liệt.,湘靈曲終斑竹裂。
"Vị quân cánh tấu Thục quốc huyền,",為君更奏蜀國弦，
Nhất đàn nhất thanh phi thướng thiên.,一彈一聲飛上天。
"Thục quốc chu tao ngũ thiên lý,",蜀國周遭五千里，
Nga My thiều thiều liên Ngọc Luỹ.,蛾眉岧岧連玉壘。
"Mân, Ba xuất thuỷ tác đại giang,",岷嶓出水作大江，
Địa hoạch thiên phù giới nam kỷ.,地砉天浮戒南紀。
"Thư vi ngũ sắc triêu hà huy,",舒為五色朝霞暉，
Thảm vi hổ báo hào âm phi.,慘為虎豹嗥陰霏。
"Hấp vi thiên chướng vân vũ nhập,",翕為千障雲雨入，
Hư vi bách lý lôi đình phi.,噓為百里雷霆飛。
"Bạch Diêm tuyết tiêu xuân thuỷ mãn,",白鹽雪消春水滿，
Cốc điểu tương hô Cẩm thành noãn.,谷鳥相呼錦城暖。
"Ba cơ ỷ ca Hán nữ hoà,",巴姬倚歌漢女和，
Dương liễu áp kiều hoa toản toản.,楊柳壓橋花纂纂。
"Đồng Lương thuý khí thông Thanh Linh,",銅梁翠氣通青蛉，
Bích kê đề lạc thiên thượng tinh.,碧雞啼落天上星。
"San đô hào phong quả cô khấp,",山都號風寡孤泣，
Đỗ quyên ô yết sầu u minh.,杜鵑嗚咽愁幽冥。
"Thương bi vũ nộ thính vị liễu,",商悲羽怒聽未了，
Cùng viên tam thanh Vu Giáp hiểu.,窮猿三聲巫峽曉。
"Cù Đường phún lãng phiên cửu uyên,",瞿塘噴浪翻九淵，
Đảo tả lưu tuyền huyên mộc diểu.,倒瀉流泉喧木杪。
"Lâu đầu Trọng Tuyên ky lữ khách,",樓頭仲宣羈旅客，
Cố hương diểu diểu giai trần cách.,故鄉渺渺皆塵隔。
"Hàm thê cánh thính Thục quốc âm,",含凄更聽蜀國音，
Bất đãi thiên minh đầu tận bạch.,不待天明頭盡白。
"Hoạ mạc hàm xuân độ thanh xuy,",畫幕含春度清吹，
Cao thiêu giáng lạp kim bàn nị.,髙燒絳蠟金盤膩。
"Đồng long trích lộ dạ thanh trầm,",銅龍滴露夜聲沈，
Lão thố băng vân thu ảnh truỵ.,老兎崩雲秋影墜。
"Ngân tranh đoạn tục đàn tào ngữ,",銀筝斷續檀槽語，
Tử vụ mê mông tráo kim lũ.,紫霧迷濛罩金縷。
"Thiền sam lân đới uỷ la bình,",蟬衫麟帶委羅屏，
Chẩm hoa thấp thấu Vu phong vũ.,枕花濕透巫峰雨。
"Khiên ti hiểu tỉnh đề ô cấp,",牽絲曉井啼烏急，
Hàn tương điếu nguyệt hương lan khấp.,寒螿弔月香蘭泣。
"Hồng quang tiệm xạ lăng hoa đài,",紅光漸射菱花臺，
Hựu phất kiều nga tả xuân bích.,又拂嬌蛾寫春碧。
"Thất quần hàn nhạn thanh khả liên,",失群寒雁聲可憐，
Dạ bán đơn phi tại nguyệt biên.,夜半單飛在月邊。
"Vô nại nhân tâm phục hữu ức,",無奈人心復有憶，
Kim minh tương cừ câu bất miên.,今暝將渠俱不眠。
"Yên diểu diểu, bích ba viễn,",煙渺渺，碧波遠，
"Bạch lộ hy, thuý toa vãn.",白露晞，翠莎晚。
"Phiếm lục y, kiêm hà thiển,",泛綠漪，蒹葭淺，
Phố phong xuy mạo hàn phát đoản.,浦風吹帽寒髮短。
"Mỹ nhân lập, giang trung lưu,",美人立，江中流，
Mộ vũ phàm tường giang thượng chu.,暮雨帆檣江上舟。
"Tịch dương liêm lung giang thượng lâu,",夕陽帘櫳江上樓，
Chu trung thái liên hồng ngẫu hương.,舟中採蓮紅藕香。
"Lâu tiền đạp thuý phương thảo sầu,",樓前踏翠芳草愁，
"Phương thảo sầu, tây phong khởi.",芳草愁西風起。
"Phù dung hoa, lạc thu thuỷ,",芙蓉花落秋水，
"Ngư sơ phì, tửu chính mỹ.",魚初肥酒正美。
"Giang bạch như luyện, nguyệt như tẩy,",江白如練月如洗，
Tuý hạ yên ba thiên vạn lý.,醉下煙波千萬里。
"Khách hành nhất dạ thu phong khởi,",客行一夜秋風起，
Khách mộng nam du độ Tương thuỷ.,客夢南遊渡湘水。
"Tương thuỷ linh linh triệt để thanh,",湘水泠泠徹底清，
Nhị phi oán xứ vô hạn tình.,二妃怨處無限情。
"Nga Hoàng bất ngữ khải kiều yểm,",娥皇不語啟嬌靨，
Nữ Anh mục thành chuyển tâm thiếp.,女英目成轉心愜。
"Trường mi nhập mấn hà liên quyên,",長眉入鬢何連娟，
Cơ phu bạch ngọc tú thả tiên.,肌膚白玉秀且鮮。
"Bồi hồi cộng vịnh đông phương nhật,",裴回共詠東方日，
Trầm ngâm tái lý Nam Phong huyền.,沉吟再理南風弦。
"Thanh đoạn tục, tứ miên miên,",聲斷續，思綿綿，
Trung hàm u ý lưỡng bất tuyên.,中含幽意兩不宣。
"Ân cần tiêm thủ kinh phá mộng,",殷勤纖手驚破夢，
Trung tiêu tịch mịch tâm thê nhiên.,中宵寂寞心淒然。
"Tâm thê nhiên, trường diệc tuyệt.",心淒然，腸亦絕。
"Mị bất mị hề ngọc chẩm hàn,",寐不寐兮玉枕寒，
Dạ thâm dạ hề sương tự tuyết.,夜深夜兮霜似雪。
"Kính trung bất kiến song thuý mi,",鏡中不見雙翠眉，
Đài tiền không quải tiêm tiêm nguyệt.,台前空掛纖纖月。
"Tiêm tiêm nguyệt, doanh phục khuyết,",纖纖月，盈復缺，
Quyên quyên tự mi ý nan quyết.,娟娟似眉意難訣。
"Nguyện thử mi hề như thử nguyệt,",願此眉兮如此月，
Thiên lý vạn lý quang bất diệt.,千里萬里光不滅。
"Tương tiến tửu,",將進酒，
Tửu mãn kim khuất chi.,酒滿金屈巵。
"Khuyến quân thả ẩm mạc tu từ,",勸君且飲莫須辭，
Nhân sinh ưu dữ thân tương tuỳ.,人生憂與身相隨。
"Đoạ địa nhất thanh tiên thị đề,",墮地一聲先是啼，
Đỉnh đỉnh bách niên duy khủng trì.,鼎鼎百年惟恐遲。
"Công danh phú quý tu du thì,",功名富貴須臾時，
Hà dĩ giải chi duy thuần ly.,何以解之惟醇醨。
"Cổ nhân kim nhân bất tương tri,",古人今人不相知，
"Y Chu Giả Đổng giai trần nê,",伊周賈董皆塵泥，
Uyên Minh Thái Bạch chân long ly.,淵明太白真龍彲。
"Quân kim bất tuý tương yên vi,",君今不醉將焉為，
Quân kim bất tuý tương yên vi.,君今不醉將焉為。
"Thu phong khởi hề bạch vân phi,",秋風起兮白雲飛，
Thảo mộc hoàng lạc hề nhạn nam quy.,草木黃落兮雁南歸。
"Lan hữu tú hề cúc hữu phương,",蘭有秀兮菊有芳，
Hoài giai nhân hề bất năng vương.,懷佳人兮不能忘。
"Ngã hữu tửu hề vô đối ẩm,",我有酒兮無對飲，
Ngã hữu cầm hề vô tri âm.,我有琴兮無知音。
"Bất chước tửu hề bất minh cầm,",不酌酒兮不鳴琴，
Sổ bôi thanh mính hề cố nhân tâm.,數杯清茗兮故人心。
"Thu phong tích tích xuy Vu san,",秋風淅淅吹巫山，
Thượng lao hạ lao tu thuỷ quan.,上牢下牢修水關。
"Ngô tường Sở đà khiên bách trượng,",吳檣楚柁牽百丈，
Noãn hướng thần đô hàn vị hoàn.,暖向神都寒未還。
"Yếu lộ hà nhật bãi trường kích,",要路何日罷長戟，
Chiến tự Thanh Khương liên bách man.,戰自青羌連百蠻。
"Trung Ba bất tằng tiêu tức hảo,",中巴不曾消息好，
Minh truyền thú cổ trưởng vân gian.,暝傳戍鼓長雲間。
"Thu hoa thảm đạm thu thảo hoàng,",秋花慘淡秋草黃，
Cảnh cảnh thu đăng thu dạ trường.,耿耿秋燈秋夜長。
"Dĩ giác thu song thu bất tận,",已覺秋窗秋不盡，
Ná kham phong vũ trợ thê lương.,哪堪風雨助淒涼！
"Trợ thu phong vũ lai hà tốc,",助秋風雨來何速！
Kinh phá thu song thu mộng tục.,驚破秋窗秋夢續。
"Bão đắc thu tình bất nhẫn miên,",抱得秋情不忍眠，
Tự hướng thu bình di lệ chúc.,自向秋屏移淚燭。
"Lệ chúc dao dao nhược đoản kềnh,",淚燭搖搖箬短檠，
Khiên sầu chiếu hận động ly tình.,牽愁照恨動離情。
Thuỳ gia thu viện vô phong nhập?,誰家秋院無風入？
Hà xứ thu song vô vũ thanh?,何處秋窗無雨聲？
"La khâm bất nại thu phong lực,",羅衾不奈秋風力，
Tàn lậu thanh thôi thu vũ cấp.,殘漏聲催秋雨急。
"Liên tiêu mạch mạch phục sưu sưu,",連宵脈脈復颼颼，
Đăng tiền tự bạn ly nhân khấp.,燈前似伴離人泣。
"Hàn yên tiểu viện chuyển tiêu điều,",寒煙小院轉蕭條，
Sơ trúc hư song thì tích lịch.,疏竹虛窗時滴瀝。
"Bất tri phong vũ kỷ thì hưu,",不知風雨几時休，
Dĩ giao lệ sái song sa thấp.,已教淚洒窗紗濕。
"Cơ nhân hốt mộng phạn tắng dật,",飢人忽夢飯甑溢，
Mộng trung nhất bão bách ưu thất.,夢中一飽百憂失。
"Chỉ tri mộng bão bản lai không,",只知夢飽本來空，
Vị ngộ chân cơ định hà vật.,未悟真饑定何物。
"Ngã sinh vô điền thực phá nghiễn,",我生無田食破硯，
Nhĩ lai nghiễn khô ma bất xuất.,爾來硯枯磨不出。
"Khứ niên thái tuế không tại dậu,",去年太歲空在酉，
Bàng xá hồ tương bất dung khất.,傍舍壺漿不容乞。
"Kim niên hạn thế phục như thử,",今年旱勢復如此，
Tuế vãn hà dĩ kiềm ngô đột.,歲晚何以黔吾突。
"Thanh thiên đãng đãng hô bất văn,",青天蕩蕩呼不聞，
Huống dục khể thủ hào nê Phật.,況欲稽首號泥佛。
"Úng trung tích dịch vưu khả tiếu,",甕中蜥蜴尤可笑，
Kỳ kỳ mạch mạch hà đẳng trật.,跂跂脈脈何等秩。
"Âm dương hữu thì vũ hữu số,",陰陽有時雨有數，
Dân thị thiên dân thiên tự tuất.,民是天民天自卹。
"Ngã tuy cùng khổ bất như nhân,",我雖窮苦不如人，
Yếu diệc tự thị dân chi nhất.,要亦自是民之一。
"Hình dung khả tự táng gia cẩu,",形容可似喪家狗，
Vị khẳng điệp nhĩ tranh đầu cốt.,未肯聑耳爭投骨。
"Đảo quán lạc trách tạ bằng hữu,",倒冠落幘謝朋友，
Độc dữ văn lôi cộng khuê tất.,獨與蚊雷共圭蓽。
"Cố nhân sân ngã bất khai môn,",故人嗔我不開門，
Quân thị ngã môn thuỳ khẳng khuất.,君視我門誰肯屈。
"Khả liên minh nguyệt như bát thuỷ,",可憐明月如潑水，
Dạ bán thanh quang phiên ngã thất.,夜半清光翻我室。
"Phong tùng nam lai phi vũ hậu,",風從南來非雨候，
Thả vị bì nhân tẩy chưng uất.,且為疲人洗蒸鬱。
"Khiên thường nhất hoạ khoái tai dao,",褰裳一和快哉謠，
Vị hạ cơ hàn niệm minh nhật.,未暇飢寒念明日。
"Khứ niên đông pha thập ngoã lịch,",去年東坡拾瓦礫，
Tự chủng hoàng tang tam bách xích.,自種黃桑三百尺。
"Kim niên ngải thảo cái tuyết đường,",今年刈草蓋雪堂，
Nhật chích phong xuy diện như mặc.,日炙風吹面如墨。
"Bình sinh lại đoạ kim thuỷ hối,",平生懶惰今始悔，
Lão đại khuyến nông thiên sở trực.,老大勸農天所直。
"Phái nhiên lệ tứ tam xích vũ,",沛然例賜三尺雨，
Tạo vật vô tâm hoảng nan trắc.,造物無心怳難測。
"Tứ phương thượng hạ đồng nhất vân,",四方上下同一雲，
Cam dâm bất vi long sở cách.,甘霪不為龍所隔。
"Bồng hao hạ thấp nghinh hiểu lỗi,",蓬蒿下濕迎曉耒，
Đăng hoả tân lương thôi dạ chức.,燈火新涼催夜織。
"Lão phu tác bãi đắc cam tẩm,",老夫作罷得甘寢，
Ngoạ thính tường đông nhân hưởng kịch.,臥聽牆東人響屐。
"Bôn lưu vị dĩ khanh cốc bình,",奔流未已坑谷平，
Chiết vi khô hà tứ phiêu nịch.,折葦枯荷恣漂溺。
"Hủ nho thô lệ chi bách niên,",腐儒麤糲支百年，
Lực canh bất thọ chúng mục liên.,力耕不受眾目憐。
"Phá pha lậu thuỷ bất nại hạn,",破陂漏水不耐旱，
Nhân lực vị chí cầu thiên toàn.,人力未至求天全。
"Hội đương tác đường kính thiên bộ,",會當作塘徑千步，
Hoành đoạn tây bắc già sơn tuyền.,橫斷西北遮山泉。
"Tứ lân tương suất trợ cử xử,",四鄰相率助舉杵，
Nhân nhân tri ngã nang vô tiền.,人人知我囊無錢。
"Minh niên cộng khan quyết cừ vũ,",明年共看決渠雨，
Cơ bão tại ngã ninh quan thiên.,飢飽在我寧關天。
"Thuỳ năng bạn ngã điền gian ẩm,",誰能伴我田間飲，
Tuý đảo duy hữu chi đầu chuyên.,醉倒惟有支頭磚。
"Thiên công hiệu lệnh tái bất xuất,",天公號令再不出，
Thập nhật sầu lâm tính vi nhất.,十日愁霖併為一。
"Quân gia hữu điền thuỷ mạo điền,",君家有田水冒田，
Ngã gia vô điền ưu nhập thất.,我家無田憂入室。
"Bất như Tây châu Dương đạo sĩ,",不如西州楊道士，
Vạn lý tuỳ thân duy lưỡng tất.,萬里隨身惟兩膝。
"Duyên lưu bất ố tố diệc giai,",沿流不惡泝亦佳，
Nhất diệp biển chu nhiệm phong đột.,一葉扁舟任風突。
"Sơn khung mạch khúc đô bất dụng,",山芎麥麴都不用，
Nê hành lộ túc chung vô tật.,泥行露宿終無疾。
"Dạ lai cơ trường như chuyển lôi,",夜來飢腸如轉雷，
Lữ sầu phi tửu bất khả khai.,旅愁非酒不可開。
"Dương sinh tự ngôn thức âm luật,",楊生自言識音律，
Động tiêu nhập thủ thanh thả ai.,洞蕭入手清且哀。
"Bất tu cánh đãi thu tỉnh tháp,",不須更待秋井塌，
Kiến nhân bạch cốt phương hàm bôi.,見人白骨方銜杯。
"Tuệ điểu ngứ hoa thanh lịch lịch,",慧鳥語花聲瀝瀝，
Nùng âm phúc hạm vãn thuỳ thuỳ.,濃陰復檻晚垂垂。
"Đài xâm khúc kính tăng hà lại,",苔侵曲徑僧何賴，
Nguyệt thướng cao lâu khách vị quy.,月上高樓客未歸。
"Tuyền mỹ lộc lô phân tỉnh cán,",泉美轆轤分井幹，
Triều thăng trách mãnh khuể giang chi.,潮升舴艋罣江枝。
"Nhàn trung nhất vọng thanh nhân tứ,",閑中一望清人思，
Vô nại cùng dân khổ hạn ky.,無奈窮民苦旱饑。
"Đạo nhân hung trung thuỷ kính thanh,",道人胸中水鏡清，
Vạn tượng khởi diệt vô đào hình.,萬象起滅無逃形。
"Độc y cổ tự chủng thu cúc,",獨依古寺種秋菊，
Yếu bạn tao nhân xan lạc anh.,要伴騷人餐落英。
"Nhân gian để xứ hữu nam bắc,",人間底處有南北，
Phân phân hồng nhạn hà tằng minh.,紛紛鴻雁何曾冥。
"Bế môn toạ huyệt nhất thiền tháp,",閉門坐穴一禪榻，
Đầu thượng tuế nguyệt không tranh vanh.,頭上歲月空崢嶸。
"Kim niên ngẫu xuất vị cầu pháp,",今年偶出為求法，
Dục dữ tuệ kiếm gia lung hình.,欲與慧劍加礱硎。
"Vân nạp tân ma sơn thuỷ xuất,",雲衲新磨山水出，
Sương tỳ bất tiễn nhi đồng kinh.,霜髭不翦兒童驚。
"Công hầu dục thức bất khả đắc,",公侯欲識不可得，
Cố tri ỷ thị vô khuynh thành.,故知倚市無傾城。
"Thu phong xuy mộng quá Hoài thuỷ,",秋風吹夢過淮水，
Tưởng kiến quất trục thuỳ không đình.,想見橘柚垂空庭。
"Cố nhân các tại thiên nhất giác,",故人各在天一角，
Tương vọng lạc lạc như thần tinh.,相望落落如晨星。
"Bành Thành lão thủ hà túc cố,",彭城老守何足顧，
Tảo lâm tang dã tương yêu nghinh.,棗林桑野相邀迎。
"Thiên sơn bất đạn hoang điếm viễn,",千山不憚荒店遠，
Lưỡng cước dục sấn phi nhu khinh.,兩腳欲趁飛猱輕。
"Đa sinh ỷ ngữ ma bất tận,",多生綺語磨不盡，
Thượng hữu uyển chuyển thi nhân tình.,尚有宛轉詩人情。
"Viên ngâm hạc lệ bản vô ý,",猿吟鶴唳本無意，
Bất tri hạ hữu hành nhân hành.,不知下有行人行。
"Không giai dạ vũ tự thanh tuyệt,",空階夜雨自清絕，
Thuỳ sử yểm ức đề cô quỳnh.,誰使掩抑啼孤煢。
"Ngã dục tiên sơn xuyết dao thảo,",我欲仙山掇瑤草，
Khuynh khuông toạ thán hà thì doanh.,傾筐坐嘆何時盈。
"Bạ thư tiên phác trú điền uỷ,",簿書鞭撲晝填委，
Chử minh thiêu lật nghi tiêu chinh.,煮茗燒栗宜宵征。
"Khất thủ ma ni chiếu trọc thuỷ,",乞取摩尼照濁水，
Cộng khán lạc nguyệt kim bồn khuynh.,共看落月金盆傾。
"Tiên sinh ái tửu xưng tửu tiên,",先生愛酒稱酒仙，
Thanh giả vi thánh trọc vi hiền.,清者為聖濁為賢。
"Thanh giang tam nguyệt bách hoa hợp,",清江三月百花合，
Giang đầu nhật toạ lưu bình thuyền.,江頭日坐流萍船。
"Tả hiệp Trương Hảo hữu Lý Quyên,",左挾張好右李娟，
Tử đàn song phượng côn kê huyền.,紫檀雙鳳鵾鷄弦。
"Khuynh gia mãi tửu thả vi lạc,",傾家買酒且為樂，
Lão phụ vật ưu vô tửu tiền.,老婦勿憂無酒錢。
"Bạch nhật tây một thiên đông toàn,",白日西沒天東旋，
Thu sương nhập kính hà đương huyền.,秋霜入鏡何當玄。
"Bồng Lai hữu lộ bất khả đáo,",蓬萊有路不可到，
Tổ Long dĩ hủ tam trùng tuyền.,祖龍已腐三重泉。
"Hà như khoái ẩm tam vạn nhật,",何如快飲三萬日，
Tửu lâu tức khởi tao khâu biên.,酒樓即起糟丘邊。
"Nguyện trì Bắc Đẩu ấp Đông Hải,",愿持北斗挹東海，
Nguyệt lạc chẩm cổ lâu đầu miên.,月落枕股樓頭眠。
"Tham quân đãn hữu tứ lập bích,",參軍但有四立壁，
Sơ vô lâm giang thiên mộc nô.,初無臨江千木奴。
"Bạch đầu bất thị chiết yêu cụ,",白頭不是折腰具，
Đồng mạo tông hài xưng lão phu.,桐帽棕鞋稱老夫。
"Thương giang âu lộ dã tâm tính,",滄江鷗鷺野心性，
Âm hác hổ báo hùng nha tu.,陰壑虎豹雄牙須。
"Túc sương tác cừu sơ phục tại,",鷫鷞作裘初服在，
Tinh huyết nhiễm đái lân ông vô.,猩血染帶憐翁無。
"Tạc lai đỗ quyên khuyến quy khứ,",昨來杜鵑勸歸去，
Cánh đãi bả tửu thính đề hồ.,更待把酒听提壺。
"Đương kim nhân tài bất phạp sử,",當今人材不乏使，
Thiên thượng nhị lão tu nhân phù.,天上二老須人扶。
"Nhi vô bão phạn thượng cần thư,",儿無飽飯尚勤書，
Phụ vô phức côn thả trước nhu.,婦無複褌且著襦。
"Xã ủng khả lộc khê khả ngư,",社瓮可漉溪可漁，
Cánh vấn hoàng kê phì dữ cù.,更問黃雞肥與癯。
"Lâm gian tuý trước nhân phạt mộc,",林間醉著人伐木，
Do mộng quan hạ văn truy hô.,猶夢官下聞追呼。
"Vạn đinh vi yêu mạc ái cừ,",萬釘圍腰莫愛渠，
Phú quý an năng nhuận hoàng lô.,富貴安能潤黃壚。
"Vũ trung bách thảo thu lạn tử,",雨中百草秋爛死，
Giai hạ quyết minh nhan sắc tiên.,階下決明顏色鮮。
"Trước diệp mãn chi thuý vũ cái,",著葉滿枝翠羽蓋，
Khai hoa vô số hoàng kim tiền.,開花無數黃金錢。
"Lương phong tiêu tiêu xuy nhữ cấp,",涼風蕭蕭吹汝急，
Khủng nhữ hậu thì nan độc lập.,恐汝後時難獨立。
"Đường thượng thư sinh không bạch đầu,",堂上書生空白頭，
Lâm phong tam khứu hinh hương khấp.,臨風三嗅馨香泣。
"Lan phong phục vũ thu phân phân,",闌風伏雨秋紛紛，
Tứ hải bát hoang đồng nhất vân.,四海八荒同一雲。
"Khứ mã lai ngưu bất phục biện,",去馬來牛不復辨，
Trọc Kinh thanh Vị hà đương phân?,濁涇清渭何當分？
"Hoà đầu sinh nhĩ thử tuệ hắc,",禾頭生耳黍穗黑，
Nông phu điền phụ vô tiêu tức.,農夫田婦無消息。
"Thành trung đẩu mễ hoán khâm trừu,",城中蚪米換衾綢，
Tương hứa ninh luận lưỡng tương trực?,相許寧論兩相直？
"Trường An bố y thuỳ tỷ số,",長安布衣誰比數，
Phản sào hành môn thủ hoàn đổ.,返巢衡門守環堵。
"Lão phu bất xuất trường bồng hao,",老夫不出長蓬蒿，
Trĩ tử vô ưu tẩu phong vũ.,稚子無懮走風雨。
"Vũ thanh sưu sưu thôi tảo hàn,",雨聲颼颼催早寒，
Hồ nhạn sí thấp cao phi nan.,胡雁翅濕高飛難。
"Thu lai vị tằng kiến bạch nhật,",秋來未曾見白日，
Nê ô hậu thổ hà thì can?,泥污後土何時干？
"Lĩnh Nam khí hậu thù trung thổ,",嶺南氣候殊中土，
Thất nguyệt sơ cùng nãi vô thử.,七月初窮乃無暑。
"Thụ diểu trú mông mật mật vân,",樹杪晝蒙密密雲，
Diêm tiền dạ tích ti ti vũ.,簷前夜滴絲絲雨。
"Hốt văn hải thượng trường phong sinh,",忽聞海上長風生，
Quyển nhập hàn thành ế chung cổ.,卷入寒城翳鐘鼓。
"Đông xá kim thần mẫu liễm nhi,",東舍今晨母斂兒，
Tây lân tạc dạ phu táng phụ.,西鄰昨夜夫葬婦。
"Nhân gian sinh tử bất khả kỳ,",人間生死不可期，
Đỗng khốc thương sinh nại hà hử.,慟哭蒼生奈何許。
"Thuỷ chung vô vật diệu hư không,",始終無物妙虛空，
Hội đắc chân như thể tự đồng.,會得真如体自同。
"Túc tông tích tại Linh Vũ thành,",肅宗昔在靈武城，
Chỉ huy mãnh tướng thu Hàm kinh.,指揮猛將收咸京。
"Hướng công khấp huyết sái hành điện,",向公泣血灑行殿，
Tá hữu khanh tướng càn khôn bình.,佐佑卿相乾坤平。
"Nghịch Hồ minh mịch tuỳ yên tẫn,",逆胡冥寞隨煙燼，
Khanh gia huynh đệ công danh chấn.,卿家兄弟功名震。
"Kỳ lân đồ hoạ hồng nhạn hàng,",麒麟圖畫鴻雁行，
Tử cực xuất nhập hoàng kim ấn.,紫極出入黃金印。
"Thượng thư huân nghiệp siêu thiên cổ,",尚書勳業超千古，
Hùng trấn Kinh Châu kế ngô tổ.,雄鎮荊州繼吾祖。
"Tài phùng vân vụ thành ngự y,",裁縫雲霧成禦衣，
Bái quỵ đề phong hướng đoan ngọ.,拜跪題封向端午。
Hướng khanh tương mệnh thốn tâm xích.,向卿將命寸心赤，
"Thanh sơn lạc nhật giang triều bạch,",青山落日江潮白。
"Khanh đáo triều đình thuyết lão ông,",卿到朝廷說老翁，
Phiêu linh dĩ thị thương lãng khách.,漂零已是滄浪客。
"Văn đạo nam hành thị tuấn mã,",聞道南行市駿馬，
Bất hạn thất số quân trung tu.,不限匹數軍中須。
"Tương Dương mạc phủ thiên hạ dị,",襄陽幕府天下異，
Chủ tướng kiệm tỉnh ưu gian ngu.,主將儉省憂艱虞。
"Chỉ thu tráng kiện thăng thiết giáp,",只收壯健勝鐵甲，
Khởi nhân cách đấu cầu long câu.,豈因格鬥求龍駒。
"Nhi kim tây bắc tự phản Hồ,",而今西北自反胡，
Kỳ lân đãng tận nhất thất vô.,騏驎蕩盡一匹無。
"Long môi chân chủng tại đế đô,",龍媒真種在帝都，
Tử tôn vĩnh lạc tây nam ngu.,子孫永落西南隅。
"Hướng phi nhung sự bị chinh phạt,",向非戎事備征伐，
Quân khẳng tân khổ việt giang hồ.,君肯辛苦越江湖。
"Giang hồ phàm mã đa tiều tuỵ,",江湖凡馬多憔悴，
Y quan vãng vãng thừa kiển lư.,衣冠往往乘蹇驢。
"Lương công phú quý ư thân sơ,",梁公富貴於身疏，
Hiệu lệnh minh bạch nhân an cư.,號令明白人安居。
"Bổng tiền thì tán sĩ tử tận,",俸錢時散士子盡，
Phủ khố bất vi kiêu hào hư.,府庫不為驕豪虛。
"Dĩ tư báo chủ thốn tâm xích,",以茲報主寸心赤，
Khí khước Tây Nhung hồi Bắc Địch.,氣卻西戎回北狄。
"La võng quần mã tịch mã đa,",羅網群馬籍馬多，
Khí tại khu trì xuất kim bạch.,氣在驅馳出金帛。
"Lưu hầu phụng sứ quang thôi trạch,",劉侯奉使光推擇，
Thao thao tài lược thương minh trách.,滔滔才略滄溟窄。
"Đỗ Lăng lão ông thu hệ thuyền,",杜陵老翁秋系船，
Phù bệnh tương thức Trường Sa dịch.,扶病相識長沙驛。
"Cưỡng sơ bạch phát đề hồ lư,",強梳白髮提胡盧，
Thủ bả cúc hoa lộ bàng trích.,手把菊花路旁摘。
"Cửu châu binh cách hạo mang mang,",九州兵革浩茫茫，
Tam thán tụ tán lâm trùng dương.,三歎聚散臨重陽。
"Đương bôi đối khách nhẫn lưu thế,",當杯對客忍流涕，
Quân bất giác lão phu thần nội thương.,君不覺老夫神內傷。
"Phú Xuân kiều thượng nam lai lộ,",富春橋上南來路，
Cận bí đăng trình kinh tứ độ.,覲轡登程經四度。
"Thừa minh tuyên thất nhĩ thần lưu,",承明宣室邇宸旒，
Xu phó bất tri ki huống khổ.,趨赴不知羈況苦。
"Thể thần đa phụng giả hoàn triều,",體臣多奉假還朝，
Tản đảo Lô giang thị ngô thổ.,傘島瀘江是吾土。
"Tuế hoa nhẫm nhiễm nhân bạch đầu,",歲華荏苒人白頭，
Tích dạng sơ ta khiếp phong lộ.,積恙初瘥怯風露。
"Chiêm mệnh hoàng hoàng uý giản thư,",占命煌煌畏簡書，
Vạn lũ gia tình bất hạ cố.,萬縷家情不暇顧。
"Trường đình dương liễu tuyết hoa phi,",長亭楊柳雪花飛，
Chinh tứ thôi nhân sổ thanh cổ.,征思催人數聲鼓。
"Khách trình cánh thị đa khảm kha,",客程更是多坎坷，
"Tam Điệp phỉ côn, Hoành sơn hổ.",三疊匪棍橫山虎。
"Tiêu tao sóc xuý tống khinh cừu,",蕭騷朔吹送輕裘，
Hải giác thiên nhai niên hựu mộ.,海角天涯年又暮。
"Mãn xoang trung tín hà hiểm di,",滿腔忠信何險夷，
Mai dịch sổ thiên câu thản bộ.,梅驛數千俱坦步。
"Thiếu vịnh nham khê táp nguyệt trung,",眺詠岩溪匝月中，
Dao kỳ phóng đáo kiều đầu phố.,瑤畿訪到橋頭浦。
"Kim thang thành tiệm tự củng hoàn,",金湯城塹自拱環，
La ỷ đình đài tương thôn thổ.,羅綺亭臺相吞吐。
"Ngũ sắc tường vân xương hạp gian,",五色祥雲閶闔間，
Cấm thát ký tằng đế sủng ngộ.,禁闥記曾締寵遇。
"Sơ dung tự phận viễn giang hồ,",疏慵自分遠江湖，
Quí hướng nham lang liệt khuê tổ.,愧向岩廊列圭組。
"Thuân tuần nguyệt lẫm kế phiên kỳ,",逡巡月廩計番期，
Văn hàn nhất kĩ tương hề thố.,文翰一技將奚措。
"Ngọc kinh xuân sắc ủng du nhân,",玉京春色擁遊人，
Vô chi mị khuyết hữu mị bổ.,無之靡闕有靡補。
"Quy an tảo phóng xuất tư kiều,",歸鞍早訪出斯橋，
Mang hướng Bích Câu hoa trúc ổ.,忙向碧溝花竹塢。
"Hán thì Trường An tuyết nhất trượng,",漢時長安雪一丈，
Ngưu mã mao hàn súc như vị.,牛馬毛寒縮如蝟。
"Sở giang Vu Giáp băng nhập hoài,",楚江巫峽冰入懷，
Hổ báo ai hào hữu kham ký.,虎豹哀號又堪記。
"Tần thành lão ông kinh dương khách,",秦城老翁荊揚客，
Quán tập viêm chưng tuế hy khích.,慣習炎蒸歲絺綌。
"Huyền minh chúc dung khí hoặc giao,",玄冥祝融氣或交，
Thủ trì bạch vũ vị cảm thích.,手持白羽未敢釋。
"Khứ niên Bạch Đế tuyết tại sơn,",去年白帝雪在山，
Kim niên Bạch Đế tuyết tại địa.,今年白帝雪在地。
"Đống mai giao long nam phố súc,",凍埋蛟龍南浦縮，
Hàn quát cơ phu bắc phong lợi.,寒刮肌膚北風利。
"Sở nhân tứ thì giai ma y,",楚人四時皆麻衣，
Sở thiên vạn lý vô tinh huy.,楚天萬里無晶輝。
"Tam túc chi ô túc khủng đoạn,",三足之烏足恐斷，
Hy Hoà tống tương hà sở quy?,羲和送將何所歸？
"Nhuệ giang biên hữu tiêu dao tử,",銳江邊有逍遙子，
Tận nhật tiêu dao vô cá sự.,盡日逍遙無個事。
"An cư thực lực bất ngoại cầu,",安居食力不外求，
Vô sự vô tư diệc vô lự.,無事無思亦無慮。
"Thường ngôn tự thiểu độc thi thư,",嘗言自少讀詩書，
Thánh kinh hiền truyện cần tri dư.,聖經賢傳勤菑畬。
"Văn bất cầu công từ thượng đạt,",文不求工辭尚達，
Hành vân lưu thuỷ tuỳ sở như.,行雲流水隨所如。
"Nhĩ lai bình khứ kinh sinh học,",邇來屏去經生學，
Khoáng đãng bất dung thằng mặc thúc.,曠蕩不容繩墨束。
"Song tiền hưng đáo tiện ngâm nga,",窗前興到便吟哦，
Hoàng đình Nam hoa tuỳ ý độc.,黃庭南華隨意讀
"Bạc điền bán khoảnh cao chi đông,",薄田半頃皋之東，
Thổ tính bảng xác vô thường phong.,土性磅確無常豐。
"Nhật nhật hà sừ lý hoang uế,",日日荷鋤理荒穢，
Điền phu dã tẩu đa tương phùng.,田夫野叟多相逢。
"Tương phùng chỉ thoại nông tang vụ,",相逢只話農桑務，
Khoản khúc thương lượng tình dữ vũ.,款曲商量晴與雨。
"Thất bát nguyệt gian giải chính phì,",七八月間蟹正肥，
Nhi đồng bộ đắc mang trì tiết.,兒童捕得忙持節。
"Hô đồng chích giải cô tân nhưỡng,",呼童炙蟹沽新釀，
Nhất bôi độc chước hoàn hy hy.,一杯獨酌還熙熙。
"Tuý lai nhàn ỷ nam song ngoạ,",醉來閒倚南窗臥，
Thì thì song ngoại lương phong quá.,時時窗外涼風過。
"Hồng trần bạch lãng lưỡng mang mang,",紅塵白浪兩茫茫，
Nhẫn nhục nhu hoà thị diệu phương.,忍辱柔和是妙方。
"Đáo xứ tuỳ duyên diên tuế nguyệt,",到處隨緣延歲月，
Chung thân an phận độ thời quang.,終身安分度時光。
"Hưu tương tự kỷ tâm điền muội,",休將自己心田昧，
Mạc bả tha nhân quá thất dương.,莫把他人過失揚。
"Cẩn thận ứng thù vô áo não,",謹慎應酬無懊惱，
Nại phiền tác sự hảo thương lường.,耐煩作事好商量。
"Tòng lai ngạnh nỗ huyền tiên đoạn,",從來硬弩弦先斷，
Mỗi kiến cương đao khẩu dị thương.,每見鋼刀口易傷。
"Nhạ hoạ chỉ nhân nhàn khẩu thiệt,",惹禍只因閑口舌，
Chiêu khiên đa vị ngận tâm trường.,招愆多為狠心腸。
"Thị phi bất tất tranh nhân ngã,",是非不必爭人我，
Bỉ thử hà tu luận đoản trường.,彼此何須論短長。
"Thế sự do lai đa khuyết hãm,",世事由來多缺陷，
Huyễn khu yên đắc miễn vô thường.,幻軀焉得免無常。
"Ngật ta khuy xứ nguyên vô ngại,",吃些虧處原無礙，
Thoái nhượng tam phân dã bất phương.,退讓三分也不妨。
"Xuân nhật tài khan dương liễu lục,",春日才看楊柳綠，
Thu phong hựu kiến cúc hoa hoàng.,秋風又見菊花黃。
"Vinh hoa chung thị tam canh mộng,",榮華終是三更夢，
Phú quý hoàn đồng cửu nguyệt sương.,富貴還同九月霜。
"Lão bệnh tử sinh thuỳ thế đắc,",老病死生誰替得，
Toan điềm khổ lạt tự thừa đương.,酸甜苦辣自承當。
"Nhân tòng xảo kế khoa linh lợi,",人從巧計誇伶俐，
Thiên tự thung dung định chủ trương.,天自從容定主張。
"Siểm khúc tham sân đoạ địa ngục,",諂曲貪嗔墮地獄，
Công bình chính trực tức thiên đường.,公平正直即天堂。
"Xạ nhân hương trọng thân tiên tử,",麝因香重身先死，
Tàm vị ti đa mệnh tảo vong.,蠶為絲多命早亡。
"Nhất tễ dưỡng thần bình vị tán,",一劑養神平胃散，
Lưỡng chung hoà khí nhị trần thang.,兩盅和氣二陳湯。
"Sinh tiền uổng phí tâm thiên vạn,",生前枉費心千萬，
Tử hậu không lưu thủ nhất song.,死後空留手一雙。
"Bi hoan ly hợp triêu triêu náo,",悲歡離合朝朝鬧，
Thọ yểu cùng thông nhật nhật mang.,壽夭窮通日日忙。
"Hưu đắc tranh cường lai đấu thắng,",休得爭強來鬥勝，
Bách niên hỗn thị hý văn trường.,百年渾是戲文場。
"Khoảnh khắc nhất thanh la cổ hiết,",頃刻一聲鑼鼓歇，
Bất tri hà xứ thị gia hương.,不知何處是家鄉。
"Văn chương hữu thần giao hữu đạo,",文章有神交有道，
"Đoan, Phục đắc chi danh dự tảo.",端復得之名譽早。
"Ái khách mãn đường tận hào hàn,",愛客滿堂盡豪翰，
Khai diên thượng nhật tư phương thảo.,開筵上日思芳草。
"An đắc kiện bộ di viễn mai,",安得健步移遠梅，
Loạn tháp phồn hoa hướng tình hạo.,亂插繁花向晴昊。
"Thiên lý do tàn cựu băng tuyết,",千里猶殘舊冰雪，
Bách hồ thả thí khai hoài bão.,百壺且試開懷抱。
"Thuỳ lão ác văn chiến cổ bi,",垂老惡聞戰鼓悲，
Cấp trường vi hoãn ưu tâm đảo.,急觴為緩懮心搗。
"Thiếu niên nỗ lực túng đàm tiếu,",少年努力縱談笑，
Khán ngã hình dung dĩ khô cảo.,看我形容已枯槁。
"Toạ trung Tiết Hoa thiện tuý ca,",坐中薛華善醉歌，
Ca từ tự tác phong cách lão.,歌辭自作風格老。
"Cận lai hải nội vi trường cú,",近來海內為長句，
Nhữ dữ Sơn Đông Lý Bạch hảo.,汝與山東李白好。
"Hà, Lưu, Thẩm, Tạ lực vị công,",何劉沈謝力未工，
Tài kiêm Bão Chiếu sầu tuyệt đảo.,才兼鮑昭愁絕倒。
"Chư sinh phả tận tân tri lạc,",諸生頗盡新知樂，
Vạn sự chung thương bất tự bảo.,萬事終傷不自保。
"Khí hàm nhật lạc tây phong lai,",氣酣日落西風來，
Nguyện xuy dã thuỷ thiêm kim bôi.,願吹野水添金杯。
"Như thằng chi tửu thường khoái ý,",如澠之酒常快意，
Diệc tri cùng sầu an tại tai.,亦知窮愁安在哉。
"Hốt ức vũ thì thu tỉnh tháp,",忽憶雨時秋井塌，
"Cổ nhân bạch cốt sinh thanh đài,",古人白骨生青苔，
Như hà bất ẩm linh tâm ai.,如何不飲令心哀。
"Giáp trung trượng phu tuyệt khinh tử,",峽中丈夫絕輕死，
Thiểu tại công môn đa tại thuỷ.,少在公門多在水。
"Phú hào hữu tiền giá đại khả,",富豪有錢駕大舸，
Bần cùng thủ cấp hành điệp tử.,貧窮取給行艓子。
"Tiểu nhi học vấn chỉ ""Luận ngữ"",",小兒學問止論語，
Đại nhi kết thúc tuỳ thương lữ.,大兒結束隨商旅。
"Y phàm trắc đà nhập ba đào,",欹帆側柁入波濤，
Phiết tuyền sao phần vô hiểm trở.,撇漩捎濆無險阻。
"Triêu phát Bạch Đế mộ Giang Lăng,",朝發白帝暮江陵，
Khoảnh lai mục kích tín hữu chinh.,頃來目擊信有征。
"Cù Đường mạn thiên Hổ Tu nộ,",瞿塘漫天虎鬚怒，
Quy Châu trường niên hành tối năng.,歸州長年行最能。
"Thử hương chi nhân khí lượng trách,",此鄉之人氣量窄，
Ngộ cạnh nam phong sơ bắc khách.,誤競南風疏北客。
"Nhược đạo thổ vô anh tuấn tài,",若道土無英俊才，
Hà đắc sơn hữu Khuất Nguyên trạch.,何得山有屈原宅。
"Nang phong sơ thướng cửu trùng quan,",囊封初上九重關，
Thị nhật thanh đô hổ báo nhàn.,是日清都虎豹閑。
"Bách tịch động dung quan tấu độc,",百辟動容觀奏牘，
Kỷ nhân hồi thủ quý triều ban.,幾人回首愧朝班。
"Danh cao Bắc Đẩu tinh thần thượng,",名高北斗星辰上，
Thân đoạ Nam Châu chướng hải gian.,身墮南州瘴海間。
"Bất đãi tha niên công nghị xuất,",不待他年公議出，
Hán đình hành triệu Giả Sinh hoàn.,漢廷行召賈生還。
"Đại hạ nguyên phi nhất mộc chi,",大廈元非一木支，
Dục tương độc lực trụ khuynh nguy.,欲將獨力柱傾危。
"Si nhi bất liễu công gia sự,",痴儿不了公家事，
Nam tử yếu vi thiên hạ kỳ.,男子要為天下奇。
"Đương nhật gian du giai đảm lạc,",當日奸諛皆膽落，
Bình sinh trung nghĩa chỉ tâm tri.,平生忠義只心知。
"Đoan năng bão ngật Tân Châu phạn,",端能飽吃新州飯，
Tại xứ giang sơn túc hộ trì.,在處江山足護持。
"Sào Phủ trạo đầu bất khẳng trú,",巢父掉頭不肯住，
Đông tương nhập hải tuỳ yên vụ.,東將入海隨煙霧。
"Thi quyển trường lưu thiên địa gian,",詩卷長流天地間，
Điếu can dục phất san hô thụ.,釣竿欲拂珊瑚樹。
"Thâm sơn, đại trạch long xà viễn,",深山大澤龍蛇遠，
"Xuân hàn, dã âm phong cảnh mộ.",春寒野陰風景暮。
"Bồng Lai Chức Nữ hồi vân xa,",蓬萊織女回雲車，
Chỉ điểm hư vô dẫn chinh lộ.,指點虛無引征路。
"Tự thị quân thân hữu tiên cốt,",自是君身有仙骨，
Thế nhân na đắc tri kỳ cố!,世人那得知其故？
"Tích quân chỉ dục khổ tử lưu,",惜君只欲苦死留，
Phú quý hà như thảo đầu lộ!,富貴何如草頭露？
"Thái hầu tĩnh giả ý hữu dư,",蔡侯靜者意有餘，
Thanh dạ trí tửu lâm tiền trừ.,清夜置酒臨前除。
"Bãi cầm trù trướng nguyệt chiếu tịch,",罷琴惆悵月照席，
Kỷ tuế ký ngã không trung thư?,幾歲寄我空中書？
"Nam tầm Vũ Huyệt kiến Lý Bạch,",南尋禹穴見李白，
Đạo Phủ vấn tấn kim hà như?,道甫問訊今何如？
"Đăng cao lâu, vọng minh nguyệt,",登高樓，望明月，
Minh nguyệt thu lai kỷ viên khuyết.,明月秋來幾圓缺。
"Đa tình chỉ chiếu ỷ la diên,",多情只照綺羅筵，
Mạc chiếu thiên nhai viễn hành khách.,莫照天涯遠行客。
"Thiên nhai hành khách ly gia cửu,",天涯行客離家久，
Kiến nguyệt tư hương tao bạch thủ.,見月思鄉搔白首。
"Niên niên trường tự tống hành nhân,",年年長自送行人，
Chiết tận biên thành lộ bàng liễu.,折盡邊城路旁柳。
"Đông vọng Tần Xuyên nhất nhạn phi,",東望秦川一雁飛，
Khả lân đồng trú bất đồng quy.,可憐同住不同歸。
"Thân lưu tái bắc không đàn giáp,",身留塞北空彈鋏，
Mộng nhiễu Giang Nam vị phất y.,夢繞江南未拂衣。
"Quân quy phục hỷ đăng đài các,",君歸復喜登臺閣，
Phong tài lăng lăng thượng như tạc.,風裁棱棱尚如昨。
"Đãn linh tứ hải ca thăng bình,",但令四海歌昇平，
Ngã tại Cam Châu bần diệc lạc.,我在甘州貧亦樂。
"Cam Châu thành tây Hắc thuỷ lưu,",甘州城西黑水流，
Cam Châu thành bắc Hồ vân sầu.,甘州城北胡雲愁。
"Ngọc Quan nhân lão điêu cừu tệ,",玉關人老貂裘敝，
Khổ ức bình sinh Mã Thiếu Du.,苦憶平生馬少遊。
"Thu phong nguyên đầu đồng diệp phi,",秋風原頭桐葉飛，
U hoàng thuý lãnh sơn quỷ đề.,幽篁翠冷山鬼啼。
"Hải đồ sách bổ nhi nữ y,",海圖拆補儿女衣，
Khinh sam tiếu chỉ Tần nhân khê.,輕衫笑指秦人溪。
"Tần nhân đắc tri Tấn dĩ tiền,",秦人得知晉以前，
Hàng Đường thần Tống thuỳ vi ngôn?,降唐臣宋誰為言？
"Hốt phùng đào hoa chiếu khê nguyên,",忽逢桃花照溪源，
Thỉnh quân đình cao mạc hồi thuyền.,請君停篙莫回船。
"Biên bồng tiện kết khê thượng trạch,",編蓬便結溪上宅，
Thái đào vi tân thực đào thực.,採桃為薪食桃實。
"Sơn lâm hoàng trần tam bách xích,",山林黃塵三百尺，
Bất dụng quy lai thuyết tiêu tức.,不用歸來說消息。
"Dự Chương thành thượng hữu cao lâu,",豫章城上有高樓，
Vân thị Đằng vương thử cựu du.,雲是滕王此舊游。
"Quy khứ bằng lan kiều thủ vọng,",歸去憑闌翹首望，
Thanh thương nhất phiến thị La Phù.,青蒼一片是羅浮。
"Đương niên tả vận nhân hà tại,",當年寫韻人何在，
Minh nguyệt do huyền tả vận hiên.,明月猶懸寫韻軒。
"Tiện dục đồng quân nhất tây khứ,",便欲同君一西去，
Dạ hàn thiên ngoại tuý thiền quyên.,夜寒天外醉嬋娟。
"Đạp tí quy lai lục bác trường,",蹋臂歸來六博塲，
Thành trung bạch vũ mộ chinh Khương.,城中白羽募征羌。
"Tương phùng thí giải Ngô câu khán,",相逢試解呉鈎看，
Dĩ thị Kim hà vạn lý sương.,已是金河萬里霜。
"Mã thủ thuỳ dương chiết tống hành,",馬首垂楊折送行，
Tửu lan trường ấp bảo đao hoành.,酒闌長揖寳刀橫。
"Quân trung tối thị đa huynh đệ,",軍中最是多兄弟，
Bất xướng Dương Quan đệ tứ thanh.,不唱陽關第四聲。
"Triêu lai phân lệ Lý khinh xa,",朝來分隷李輕車，
Ấp khách viên môn ý tự như.,揖客轅門意自如。
"Siêu cự kiều quan tam thập vạn,",超距翹關三十萬，
Hà nhân lĩnh thủ báo thao thư.,何人領取豹韜書。
Dạ thâm lân trướng tống Hồ già.,夜深鄰帳送胡笳，
Tam nguyệt xuân hàn tuyết tác hoa.,三月春寒雪作花。
"Xuy tận quan san Dương liễu khúc,",吹盡關山楊柳曲，
Tráng tâm nguyên tự bất tư gia.,壯心元自不思家。
"Kỳ binh thập vạn kích Hung Nô,",竒兵十萬擊匈奴，
Cốc Lễ Đồ Kỳ vị nghĩ phu.,谷蠡屠耆未擬俘。
"Đối trận đoạt tương kim lặc mã,",對陣奪將金勒馬，
Độc thân sinh trí Bắc Thiền Vu.,獨身生致北單于。
"Điệp mã xuy trần tử cực hôn,",蹀馬吹塵紫極昏，
Tẩy đao phi huyết cửu Hà hồn.,洗刀飛血九河渾。
"Trường Thành trực thác tam thiên lý,",長城直拓三千里，
Biểu thủ Âm Sơn tác bắc môn.,表取隂山作北門。
"Hồ cơ học đắc Hán cung mi,",胡姬學得漢宮眉，
Tân khổ phong trần tổn ngọc ky.,辛苦風塵損玉肌。
"Bất vị thanh xuân dung dịch cải,",不爲青春容易改，
Thập niên phiên địa thất Yên Chi.,十年番地失焉支。
"Thiết kỵ hoành khu Hãn Hải trần,",鐵騎橫驅瀚海塵，
Qua thuyền trực đảo chướng thiên xuân.,戈船直擣瘴天春。
"Bất tri nam bắc công đa thiểu,",不知南北功多少，
Tu tác kỳ lân đệ nhị nhân.,羞作麒麟第二人。
"Khung lư tạp chủng loạn kim phương,",穹廬雜種亂金方，
Vũ tướng thần binh hạ ngọc đường.,武將神兵下玉堂。
"Thiên tử tinh kỳ qua Tế Liễu,",天子旌旗過細柳，
Hung Nô vận số tận khô dương.,匈奴運數盡枯楊。
"Quan đầu lạc nguyệt hoành tây lĩnh,",關頭落月橫西嶺，
Tái hạ ngưng vân đoạn bắc hoang.,塞下凝雲斷北荒。
"Mạc mạc biên trần phi chúng điểu,",漠漠邊塵飛衆鳥，
Hôn hôn sóc khí tụ quần dương.,昏昏朔氣聚羣羊。
"Y hi Thục trượng mê tân trúc,",依稀蜀杖迷新竹，
Phảng phất Hồ sàng thức cố tang.,髣髴胡牀識故桑。
"Lâm Hải cựu lai văn Phiêu Kỵ,",臨海舊來聞驃騎，
Tầm Hà bổn tự hữu Trung lang.,尋河本自有中郎。
"Toạ khan chiến bích vi bình thổ,",坐看戰壁爲平土，
Cận đãi quân doanh tác phá Khương.,近待軍營作破羌。
"Dĩ văn phiêu kỵ viên binh chí,",已聞驃騎援兵至，
Nhi tư dao kiến thám mã hoàn.,髵䰄遥見探馬還。
"Dạ bán hoả hành doanh tận động,",夜半火行營盡動，
Nhất thời di trướng quá Tây san.,一時移帳過西山。
"Nhật lạc sa phi chiến cổ hiêu,",日落沙飛戰鼓囂，
Quá hà do thính mã đề kiêu.,過河猶聽馬蹄驕。
"Tiền san thám tốt tiêu lai báo,",前山探卒宵來報，
Tam lưỡng Hồ sồ học xạ điêu.,三兩胡雛學射雕。
"Phục nỗ duyên đê gian pháo đài,",伏弩緣堤間炮臺，
Thiên kiêu thập kỵ độ hà lai.,天驕十騎渡河來。
"Đồng thời thuỷ hãm mai sa tí,",同時水陷埋沙漬，
Bất khẳng thừa nguy phóng nhĩ hồi.,不肯乘危放爾回。
"Tây san nhập dạ khởi ca thanh,",西山入夜起歌聲，
Lược đắc giai nhân tửu áp kinh.,掠得佳人酒壓驚。
"Tuý ngoạ trướng tiền hồn tự tử,",醉臥帳前渾似死，
Tằng vô nhất tướng thuyết thâu doanh!,曾無一將說偷營！
"Hồ sồ ẩm mã bạng giang đinh,",胡雛飲馬傍江汀，
Pháo hoả lôi oanh tự bất thinh.,炮火雷轟似不聽。
"Kỵ mã dục hồi hoàn hạ toạ,",騎馬欲回還下坐，
Sơn điên khứ phóng hải đông thanh.,山顛去放海東青。
"Liên triều cổ giác chấn sơn a,",連朝鼓角震山阿，
Nhất dạ sa trường quỷ hoả đa.,一夜沙場鬼火多。
"Nguyệt chiếu Hán gia doanh tiễu tiễu,",月照漢家營悄悄，
Cách hà phách thủ xướng di ca.,隔河拍手唱夷歌。
"Đan xa phụng sứ Sài thượng thư,",單車奉使柴尚書，
Long đàm hổ huyệt thản như đồ.,龍潭虎穴坦如途。
"Đan thanh minh trước sứ ngoại quốc,",丹青明著使外國，
Bất giảm Hán triều Trương dữ Tô.,不減漢朝張與蘇。
"Cộng sơn Lý sinh hữu chí mưu,",共山李生有志謀，
Nhạc chấp tiên nhị đồng trì khu.,樂執鞭弭同馳驅。
"Đãn nguyện hoàng ân my vũ trụ,",但願皇恩彌宇宙，
Bất tu trân dị thâu thiên đô.,不須珍異輸天都。
"Ô đài không phát hành đài phong,",烏台空發行台封，
Tư nông nhất tải quy Ngao Phong.,司農一載歸鼇峰。
"Thập thường bát cửu bất như ý,",十常八九不如意，
Nhân sinh xứ xứ hoan tương phùng.,人生處處歡相逢。
"Đế ưng thiên mệnh niệm xích tử,",帝膺天命念赤子，
Lâu hang vị nhẫn chinh man tung.,樓舡未忍征蠻賨。
"Cổ lai mỗi trùng hoàng hoa tuyển,",古來每重皇華選，
Tiêu quân lễ mạo tiên ung dung.,蕭君禮貌先雍容。
"Văn học ngữ ngôn đương thử cử,",文學語言當此舉，
Tể tướng kiến chi giai duyệt tòng.,宰相見之皆悅從。
"An Nam tiểu bang đẳng lân giới,",安南小邦等鱗介，
Tảo phó giáng khuyết triều chân long.,早赴絳闕朝真龍。
"Tứ nguyệt nam phong đại mạch hoàng,",四月南風大麥黃，
Tảo hoa vị lạc đồng âm trường.,棗花未落桐陰長。
"Thanh sơn triêu biệt mộ hoàn kiến,",青山朝別暮還見，
Tê mã xuất môn tư cựu hương.,嘶馬出門思舊鄉。
Trần hầu lập thân hà thản đãng?,陳侯立身何坦蕩？
Cầu tu hổ my nhưng đại tảng.,虯鬚虎眉仍大顙。
"Phúc trung trữ thư nhất vạn quyển,",腹中貯書一萬卷，
Bất khẳng đê đầu tại thảo mãng.,不肯低頭在草莽。
"Đông môn cô tửu ẩm ngã tào,",東門酤酒飲我曹，
Tâm khinh vạn sự giai hồng mao.,心輕萬事皆鴻毛。
"Tuý ngoạ bất tri bạch nhật mộ,",醉臥不知白日暮，
Hữu thì không vọng cô vân cao.,有時空望孤雲高。
"Trường hà lãng đầu liên thiên hắc,",長河浪頭連天黑，
Tân khẩu đình chu độ bất đắc.,津口停舟渡不得。
"Trịnh quốc du nhân vị cập gia,",鄭國遊人未及家，
Lạc Dương hành tử không thán tức.,洛陽行子空嘆息。
"Văn đạo cố lâm tương thức đa,",聞道故林相識多，
Bãi quan tạc nhật kim như hà?,罷官昨日今如何？
"Tân đình hạ diệp phân như vũ,",津亭下葉紛如雨，
Khách tử viễn du hà xứ sở.,客子逺㳺何處所。
"Du du nhất biệt vô hoàn kỳ,",悠悠一别無還期，
Tương đối bi đề bất năng ngữ.,相對悲啼不能語。
"Thử khứ sơn trung kinh kỷ vạn,",此去山中經幾萬，
Khuyến quân duy hữu gia xan phạn.,勸君惟有加餐飯。
"Tu du phân thủ các đông tây,",須臾分手各東西，
Do thính tiền lâm chinh mã tê.,猶聽前林征馬嘶。
"Nhân như trần ai lạc thiên địa,",人如塵埃落天地，
Nhất lạp vi tiểu cộng thiên tế.,一粒微小共天際。
"Tuy vô danh khước tự thành hình,",雖無名卻自成形，
Diệc vi tinh thần chiếu cửu thế.,亦為星辰照九世。
"Trành trành mạc quái thiếu thời niên,",倀倀莫怪少時年，
Bách trượng du ty dị nhạ khiên.,百丈游絲易惹牽。
Hà tuế phùng xuân bất trù trướng?,何歲逢春不惆悵，
Hà xứ phùng tình bất khả liên?,何處逢情不可憐。
"Đỗ Khúc lê hoa bôi thượng tuyết,",杜曲梨花杯上雪，
Bá Lăng phương thảo mộng trung yên.,灞陵芳草夢中煙。
"Tiền trình lưỡng tụ hoàng kim lệ,",前程兩袖黃金淚，
Công án tam sinh bạch cốt thiền.,公案三生白骨禪。
"Lão hậu tư lường ưng bất hối,",老後思量應不悔，
Nạp y trì bát viện môn tiền.,衲衣持鉢院門前。
"Nguyên đầu hoả thiêu tĩnh ngột ngột,",原頭火燒靜兀兀，
Dã trĩ uý ưng xuất phục một.,野雉畏鷹出復沒。
"Tướng quân dục dĩ xảo phục nhân,",將軍欲以巧伏人，
Bàn mã loan cung tích bất phát.,盤馬彎弓惜不發。
"Địa hình tiệm trách quan giả đa,",地形漸窄觀者多，
Trĩ kinh cung mãn kính tiễn gia.,雉驚弓滿勁箭加。
"Trùng nhân quyết khởi bách dư xích,",沖人決起百余尺，
"Hồng linh bạch thốc tuỳ khuynh tà,",紅翎白鏃隨傾斜。
"Tướng quân ngưỡng tiếu quân lại hạ,",將軍仰笑軍吏賀，
Ngũ sắc ly phi mã tiền đoạ.,五色離披馬前墮。
"Thư sinh kỷ đắc diện quân vương,",書生幾得面君王，
Quí ngã viễn lai thiên cận quang.,愧我遠來偏近光。
"Trì hạ xu thương trần hạ biểu,",墀下趍蹌陳賀表，
Ngự tiền huy sái hoạ thần chương.,御前揮洒和宸章。
"Ân luân kinh tiếp long văn bút,",恩綸驚接龍文筆，
Triều tụ hân triêm thú đỉnh hương.,朝袖欣沾獸鼎香。
"Công dịch qui lai thanh bất mị,",公驛歸來清不寐，
Mãn song phong nguyệt hựu tương tương.,滿窻風月又相將。
"Khâm thừa tứ cận phượng thư tuyên,",欽承賜覲鳳書宣，
Thần tịch trì khu lộ thập thiên.,晨夕馳驅路十千。
"Hải bất ba thời tri hữu thánh,",海不波辰知有聖，
Sơn tòng thê hậu hỉ chiêm thiên.,山從梯後喜瞻天。
"Thuý hoa nhật noãn nùng xuân sắc,",翠花日煖濃春色，
Ngự đỉnh hương phù ái thuỵ yên.,御鼎香浮靄瑞煙。
"Ca yến thị bồi vô biệt tụng,",歌宴侍陪無別頌，
Nguyện canh Chu Nhã Cửu Như thiên.,願賡周雅九如篇。
"Chủ gia âm động tế yên vụ,",主家陰洞細煙霧，
Lưu khách hạ điệm thanh lang can.,留客夏簟青琅玕。
"Xuân tửu bôi nùng hổ phách bạc,",春酒杯濃琥珀薄，
Băng tương oản bích mã não hàn.,冰漿碗碧瑪瑙寒。
"Ngộ nghi mao đường quá giang lộc,",誤疑茅堂過江麓，
Dĩ nhập phong đặng mai vân đoan.,已入風磴霾雲端。
"Tự thị Tần lâu áp Trịnh cốc,",自是秦樓壓鄭谷，
Thời văn tạp bội thanh san san.,時聞雜佩聲珊珊。
"Trúc thành hà thái khổ,",築城何太苦，
Bách vạn chinh phu lệ như vũ.,百萬征夫淚如雨。
"Niên niên lao dịch cân lực tận,",年年勞役筋力盡，
Hàm thế do thiêm thành thượng thổ.,含涕猶添城上土。
"Gia gia thú phụ vọng phu hoàn,",家家戍婦望夫還，
Bất tri dĩ tử Trường Thành gian.,不知已死長城間。
"Trường Thành nhất vọng bạch ư tuyết,",長城一望白於雪，
Do lai bán thị chinh phu cốt.,由來半是征夫骨。
"Trúc thành xứ,",築城處，
Thiên nhân vạn nhân tề bả chử.,千人萬人齊把杵。
"Trùng trùng thổ kiên thí hành chuỳ,",重重土堅試行錐，
Quân lại chấp tiên thôi tác trì.,軍吏執鞭催作遲。
"Lai thì nhất niên thâm thích lý,",來時一年深磧裡，
Tận trước đoản y khát vô thuỷ.,盡著短衣渴無水。
"Lực tận bất đắc phao chử thanh,",力盡不得拋杵聲，
Chử thanh vị tận nhân giai tử.,杵聲未盡人皆死。
"Gia gia dưỡng nam đương môn hộ,",家家養男當門戶，
Kim nhật tác quân thành hạ thổ.,今日作君城下土。
"Thánh Tông hoàng đế đề thi thạch,",聖宗皇帝題詩石，
Đông minh chi sơn cao bách xích.,東溟之山高百尺。
"Thiên phong, hải đảo nhật dạ kích,",天風海島日夜激，
"Ngũ bách niên dư, tự do xích.",五百年與字猶赤。
Hoạ xưng ngự bút ế hà nhân?,和稱御筆咽何人？
Trịnh vương vọng ý đồng bất dân.,鄭王望意同不泯。
"Ngã lai bạt kiếm, nộ thả sân,",我來拔劍怒且嗔，
Hu ta Hậu Lê chi quân thần!,吁嗟後黎之君臣！
"Trường phong mai vân mãng thiên lý,",長風霾雲莽千里，
Vân khí bồng bồng thiên mạo thuỷ.,雲氣蓬蓬天冒水。
"Phong thu vân tán ba sạ bình,",風收雲散波乍平，
Đảo chuyển thanh thiên tác hồ để.,倒轉青天作湖底。
"Sơ khan lạc nhật trầm ba hồng,",初看落日沉波紅，
Tố nguyệt dục thăng thiên liễm dung.,素月欲升天斂容。
"Chu nhân hồi thủ tận đông vọng,",舟人回首盡東望，
Thôn thổ cố tại Phùng Di cung.,吞吐故在馮夷宮。
"Tu du hốt tự ba tâm thượng,",須臾忽自波心上，
Kính diện hoành khai thập dư trượng.,鏡面橫開十餘丈。
"Nguyệt quang tẩm thuỷ thuỷ tẩm thiên,",月光浸水水浸天，
Nhất phái không minh hỗ hồi đãng.,一派空明互回蕩。
"Thử thời ly long tiềm tối thâm,",此時驪龍潛最深，
Mục huyễn bất đắc hàm châu ngâm.,目眩不得銜珠吟。
"Cự ngư vô tri tác đằng xước,",巨魚無知作騰踔，
Lân giáp nhất động thiên hoàng kim.,鱗甲一動千黄金。
"Nhân gian thử cảnh tri nan tất,",人間此境知難必，
Khoái ý phiên tòng ngẫu nhiên đắc.,快意翻從偶然得。
"Dao văn ngư phủ xướng ca lai,",遥聞漁父唱歌來，
Thuỷ giác trung thu thị kim tịch.,始覺中秋是今夕。
"Khứ niên kim nhật tại đông dương,",去年今日在東洋，
Thảm vũ sầu vân mãn thuỷ hương.,慘雨愁雲滿水鄉。
"Già đoạn quy trình vân vạn trục,",遮斷歸程雲萬軸，
Vọng hồi khứ lộ thuỷ thiên quang.,望回去路水千洸。
"Kim niên thử nhật Minh giang phố,",今年此日明江庯，
Nguyệt lãng phong thanh thiên vạn hộ.,月朗風清千萬户。
"Tào tạp tân nha khuyến thưởng thu,",嘈雜新衙勸賞秋，
Phân mang quốc sự nan thành thú.,紛忙國事難成趣。
"Phong tiền nguyệt hạ uổng thương bi,",風前月下枉傷悲，
Khốc tự Tân Đình đối khấp nhi.,酷似新亭對泣兒。
"Thức ngã chung tiêu song tận lệ,",拭我終宵雙盡淚，
Tư quân nhất nhật thập đa thời.,思君一日十多時。
"Tưởng lai tại tích thiên hương các,",想來在昔天香閣，
Quân tể túc ủng hoà thả nhạc.,君宰肅壅和且樂。
"Quân niệm dân gian tối khả liên,",君念民艱最可憐，
Thần ngôn binh sự nan dao độ.,臣言兵事難遙度。
"Nhi kim quân tại Quế Lâm thành,",而今君在桂林城，
Tung tích phù trầm phong đả bình.,蹤跡浮沉風打萍。
"Giá tốt mông trần phi hoạch dĩ,",駕卒蒙塵非獲已，
Mộng hồi phục vật diệc nan tỉnh.,夢回復物亦難醒。
"Y thuỳ cẩu tác nhãn tiền kế,",伊誰苟作眼前計，
Bất vi cương thường hoàn vi kỷ.,不為綱常還為己。
"Chung đỉnh quan thường mạc niệm thù,",鐘鼎冠裳莫念酬，
Quỷ thần thiên địa na tri uý.,鬼神天地那知畏。
"Quân thần đại nghĩa trọng thiên kim,",君臣大義重千金，
Hà nãi thao thao cẩu trệ tâm.,何乃滔滔狗彘心。
"Đầu lý hồng cân quan dĩ huỷ,",頭裏紅巾冠已毀，
Đầu huyền bạch nhận kiếm tương lâm.,頭懸白刃劍將臨。
Quân bất kiến:,君不見：
"Nghiêm đầu, Kê huyết, Thường Sơn thiệt,",嚴頭嵇血常山舌，
Kinh kinh Trương tinh Tô Vũ tiết.,荊荊張旌蘇武節。
"Tại tích oanh oanh tố hảo trường,",在昔轟轟做好場，
Chí kim sách sách xưng anh liệt.,至今嘖嘖稱英烈。
Hựu bất kiến:,又不見：
"Xuất sư chi biểu nhật tinh huyền,",出師之表日星懸，
Kích ấp trung lưu tráng chí kiên.,擊揖中流壯志堅。
"Mạc trắc tại thiên thành tố cục,",莫測在天成素局，
Đương vi tự ngã trứ tiên tiên.,當為自我著先鞭。
"Chiêu chiêu vãng tích phương thiên cổ,",昭昭往昔芳千古，
Tử tế tư lượng hồ bất ngộ.,仔細思量胡不悟。
"Khước vi thân gia tuẫn lợi danh,",却為身家徇利名，
Bất đồ xã tắc tư quân phụ.,不圖社稷思君父。
"Ngã quân kim nhật thả như hà,",我君今日且如何，
Sử ngã thu phong hưng chuyển xa.,使我秋風興轉賒。
"Mạc mạc tráo đầu trần ế khởi,",漠漠罩頭塵翳起，
Mông mông chuyển thuấn nhật tinh tà.,朦朦轉瞬日星斜。
"Chiết giao cung thỉ tư kham dụng,",折膠弓矢兹堪用，
Thậm nhật hoàn hoàn hùng hổ chúng.,甚日桓桓熊虎眾。
"Si bỉ tì hưu tảo bỉ phân,",笞彼貔貅掃彼氛，
Phục ngã giang san tồn ngã thống.,復我江山存我統。
"Nông tuy nô độn thả tòng quân,",儂雖駑鈍且從軍，
Uất uất hành tương túc chí thân.,鬱鬱行將夙志伸。
"Tái tạo can khôn hân phục ngọ,",再造乾坤欣復午，
Tam tuyên đình viện khánh trường xuân.,三宣庭院慶長春。
"Trường An nhị nguyệt đa hương trần,",長安二月多香塵，
Lục nhai xa mã thanh lân lân.,六街車馬聲轔轔。
"Gia gia lâu thượng như hoa nhân,",家家樓上如花人，
Thiên chi vạn chi hồng diễm tân.,千枝萬枝紅豔新。
"Liêm gian tiếu ngữ tự tương vấn,",簾間笑語自相問，
Hà nhân chiếm đắc Trường An xuân?,何人占得長安春？
"Trường An xuân sắc bản vô chủ,",長安春色本無主，
Cổ lai tận thuộc hồng lâu nữ.,古來盡屬紅樓女。
"Như kim vô nại hạnh viên nhân,",如今無奈杏園人，
Tuấn mã khinh xa ủng tương khứ.,駿馬輕車擁將去。
"Nhân sinh bất tác An Kỳ Sinh,",人生不作安期生，
Tuý nhập đông hải kỵ trường kình.,醉入東海騎長鯨。
"Do đương xuất tác Lý Tây Bình,",猶當出作李西平，
Thủ kiêu nghịch tặc thanh cựu kinh.,手梟逆賊清舊京。
"Kim ấn hoàng hoàng vị nhập thủ,",金印煌煌未入手，
Bạch phát chủng chủng lai vô tình.,白髮種種來無情。
"Thành Đô cổ tự ngoạ thu vãn,",成都古寺臥秋晚，
Lạc nhật thiên bàng tăng song minh.,落日偏傍僧窗明。
"Khởi kỳ mã thượng phá tặc thủ,",豈其馬上破賊手，
Nga thi thường tác hàn tương minh.,哦詩常作寒螿鳴。
"Hứng lai mãi tận thị kiều tửu,",興來買盡市橋酒，
Đại xa lỗi lạc đồi trường bình.,大車磊落堆長瓶。
"Ai ty hào trúc trợ kịch ẩm,",哀絲豪竹助劇飲，
Như Cự Dã thụ Hoàng Hà khuynh.,如巨野受黃河傾。
"Bình sinh nhất chích bất nhập khẩu,",平生一滴不入口，
Nghĩa khí đốn sử thiên nhân kinh.,義氣頓使千人驚。
"Quốc thù vị báo tráng sĩ lão,",國讎未報壯士老，
Hạp trung trường kiếm dạ hữu thanh.,匣中長劍夜有聲。
"Hà đương khải toàn yến tướng sĩ,",何當凱旋宴將士，
Tam canh tuyết áp Phi Hồ thành.,三更雪壓飛狐城。
Quân bất kiến:,君不見：
"Lĩnh ngoại hành vân triêu tịch phi,",嶺外行雲朝夕飛，
Tung hoành tiêu hán vô dĩ thì.,縱橫宵漢無已辰。
Hựu bất kiến:,又不見：
"Minh giang thệ thuỷ trường lưu tư,",明江逝水長流斯，
Triều đông bôn sử thượng hạ ky.,朝東奔駛上下磯。
"Vân thuỷ vô tâm nãi hữu lực,",雲水無心乃有力，
Chu lưu vận hành bất thiểu tức.,周流運行不少息。
"Khởi kỳ tâm lực phi tương quan,",豈其心力非相關，
Thử lý hỗn nhiên thuỳ đắc thức.,此理渾然誰得識。
"Phỉ vân cầu cao đằng thái không,",匪雲求高騰太空，
Phỉ thuỷ vọng thâm xu minh mông.,匪水望深趨溟濛。
"Cao thâm phi ý tuỳ sở để,",高深非意隨所抵，
Mạc vi nhi vi thị hoá công.,莫為而為是化工。
"Thần đạo trì khu đồng thử lý,",臣道馳驅同此理，
Nam bắc đông tây thường sự nhĩ.,南北東西常事爾。
"Xu phó vô quá thính tự nhiên,",趨赴無過聽自然，
Hà đắc khả cầu nan khả tỵ.,何得可求難可避。
"Toán lai hữu đắc khước vô nan,",算來有得卻無難，
Đắc vị thường thâu tận nhật nhàn.,得為嘗偷盡日閑。
"Duyệt thục phong quang nhất tôn tửu,",閱熟風光一樽酒，
Hựu ngâm hựu thuỵ hựu gia xan.,又吟又睡又加餐。
"Thử khứ đế kinh hứa đa lộ,",此去帝京許多路，
Khuất chỉ tiền trình sơ phát bộ.,屈指前程初發步。
"Vạn lý thanh vân đắc ý đa,",萬里青雲得意多，
Cửu thiên mạch mộc tân cam lộ.,九天霡霂新甘露。
"Tâm thuỷ bàn trung hiếu phủng lai,",心水盤中好捧來，
Hành ngô tố vị sảng ngô hoài.,行吾素位爽吾懷。
Quân bất kiến:,君不見：
"Quách Phần Dương trượng trung tín an nghĩa mệnh,",郭汾陽仗忠信安義命，
Tuy cô thân tẩu biến bát cực thuỳ hà tai.,雖孤身走遍八極誰何哉。
"Trường hận ca, vị thuỳ tác?",長恨歌，為誰作？
Đề khởi đầu lai tâm tiện ác.,題起頭來心便惡。
"Triêu tư mộ tưởng vô liễu kỳ,",朝思暮想無了期，
Tái bả loan tiên tố tình bạc.,再把鸞箋訴情薄。
"Thiếp gia nguyên tại Lâm An lộ,",妾家原在臨安路，
Lân các công huân thụ ân lộ.,麟閣功勛受恩露。
"Hậu nhân thân lão thất quân cơ,",後因親老失軍機，
Giáng điều Nam Dương vệ Thiên Hộ.,降調南陽衛千戶。
"Thâm khuê dưỡng dục kiều loan thân,",深閨養育嬌鸞身，
Bất tằng cử bộ ly trung đình.,不曾舉步离中庭。
"Khởi tri nhị cửu tai tinh đáo,",豈知二九災星到，
Hốt tuỳ nữ bạn trang đài hành.,忽隨女伴妝臺行。
"Thu thiên hí xúc phương tài bãi,",秋千戲蹴方才罷，
Hốt kinh tường giác sinh nhân thoại.,忽驚牆角生人話。
"Hàm tu quy khứ hương phòng trung,",含羞歸去香房中，
Thương mang tầm mịch hương la phách.,倉忙尋覓香羅帕。
"La phách thuỳ tri nhập quân thủ,",羅帕誰知入君手，
Không lệnh mai hương vãng lai tẩu.,空令梅香往來走。
"Đắc mông quân tặng hương la thi,",得蒙君贈香羅詩，
Não thiếp tương tư yêm bệnh cửu.,惱妾相思淹病久。
"Cảm quân bái mẫu kết muội huynh,",感君拜母結妹兄，
Lai từ khứ giản nhiêu ân tình.,來詞去簡饒恩情。
"Chỉ khủng ân tình thành cẩu hợp,",只恐恩情成苟合，
Lưỡng tằng kết phát đồng sơn minh.,兩曾結髮同山盟。
"Sơn minh hải thệ hoàn bất tín,",山盟海誓還不信，
Hựu thác Tào Di tác môi chứng.,又托曹姨作媒証。
"Hôn thư tả định thiêu thương khung,",婚書寫定燒蒼穹，
Thuỷ kết ư phi tại thiên mệnh.,始結於飛在天命。
"Tình giao nhị tải điềm như mật,",情交二載甜如蜜，
Tài tử tư thân hốt thành tật.,才子思親忽成疾。
"Thiếp tâm bất nhẫn quân tâm sầu,",妾心不忍君心愁，
Phản khuyến tài lang quy cố tịch.,返勸才郎歸故籍。
"Đinh ninh thử khứ Cô Tô thành,",叮嚀此去姑蘇城，
Hoa nhai mạc thính dương xuân thanh.,花街莫聽陽春聲。
"Nhất đổ từ nhan tiện hồi thủ,",一睹慈顏便回首，
Hương khuê khả niệm nhân cô lánh.,香閨可念人孤另。
"Chúc phó ân cần biệt tài tử,",囑付殷勤別才子，
Khí cựu liên tân nhậm tòng nhĩ.,棄舊憐新任從爾。
"Na tri nhất khứ ý vong hoàn,",那知一去意忘還，
Chung nhật tư quân bất như tử.,終日思君不如死。
"Hữu nhân lai thuyết quân trùng hôn,",有人來說君重婚，
Kỷ phiên dục tín nhưng nan bằng.,幾番欲信仍難憑。
"Hậu nhân tôn cửu khứ phục phản,",後因孫九去復返，
Phương tri kháng lệ hài văn quân.,方知伉儷諧文君。
"Thử tình hận sát bạc tình giả,",此情恨殺薄情者，
Thiên lý nhân duyên nan cát xá.,千里姻緣難割舍。
"Đáo thủ ân tình đô phụ chi,",到手恩情都負之，
Đắc ý phong lưu tại hà dã?,得意風流在何也？
"Mạc luận thiếp sầu trường dữ đoản,",莫論妾愁長與短，
Vô xứ tương nang thi bất mãn.,無處箱囊詩不滿。
"Đề tàn cẩm trát ngũ thiên trương,",題殘錦札五千張，
Tả thốc mao chuỳ tam bách quản.,寫秃毛錐三百管。
"Ngọc khuê nhân sấu kiều vô lực,",玉閨人瘦嬌無力，
Giai kỳ phản tác trường tương ức.,佳期返作長相憶。
"Uổng tương bát tự suy tử bình,",枉將八字推子平，
"Không bả tam sinh bốc ""Chu dịch"".",空把三生卜《周易》。
"Tòng đầu nhất nhất tư lượng khởi,",從頭一一思量起，
Vãng nhật giao tình bất khuy nhữ.,往日交情不虧汝。
"Ký nhiên ân ái như phù vân,",既然恩愛如浮雲，
Hà bất đương sơ mạc tương dữ?,何不當初莫相與？
"Oanh oanh yến yến giai thành đối,",鶯鶯燕燕皆成對，
Hà độc thiên sinh ngã vô phối.,何獨天生我無配。
"Kiều phụng muội tử thiếu nhị niên,",嬌鳳妹子少二年，
Quát thiêm hài nhi dĩ tam tuế.,适添孩兒已三歲。
"Tự tàm khinh khí thiên kim khu,",自慚輕棄千金軀，
Y hoan ngã độc tâm cô bi.,伊歡我獨心孤悲。
Tiên niên thệ nguyện kim hà tại?,先年誓愿今何在？
Cử đầu tam xích hữu thần kỳ.,舉頭三尺有神祇。
"Quân vãng Giang Nam thiếp Giang Bắc,",君往江南妾江北，
Thiên lý quan sơn viễn tương cách.,千里關山遠相隔。
"Nhược năng lưỡng sí hốt nhiên sinh,",若能兩翅忽然生，
Phi hướng ngô giang cận quân trắc.,飛向吳江近君側。
"Sơ giao nhĩ ngã thiên địa tri,",初交你我天地知，
Kim lai vô số nhân dương phi.,今來無數人揚非。
"Hổ môn thâm toả thiên kim sắc,",虎門深鎖千金色，
Thiên giao nhất tiếu tao quân cơ.,天教一笑遭君機。
"Hận quân đoản hành quy âm phủ,",恨君短行歸陰府，
Thí tự hoàng thiên bất sinh ngã.,譬似皇天不生我。
"Tòng kim thư đệ cố nhân thu,",從今書遰故人收，
Bất vọng hồi âm đáo trung sở.,不望回音到中所。
"Khả liên thiết giáp tướng quân gia,",可憐鐵甲將軍家，
Ngọc khuê dưỡng nữ kiều như hoa.,玉閨養女嬌如花。
"Chỉ nhân pha thức cầm thư vị,",只因頗識琴書味，
Phong lưu bất cửu quy quỹ sa.,風流不久歸籄沙。
"Bạch la trượng nhị huyền cao lương,",白羅丈二懸高梁，
Phiêu nhiên nhãn để hồn mang mang.,飄然眼底魂茫茫。
"Báo đạo nhất thanh kiều loan ải,",報道一聲嬌鸞縊，
Mãn thành tiếu sát lâm an vương.,滿城笑殺臨安王。
"Thiếp thân tự quý phi lương nữ,",妾身自愧非良女，
Thiện bả khuê tình tiện khinh hứa.,擅把閨情賤輕許。
"Tương tư trái mãn hoàn cửu tuyền,",相思債滿還九泉，
Cửu tuyền chi hạ bất nhiêu nhữ.,九泉之下不饒汝。
"Đương sơ sủng thiếp phi như kim,",當初寵妾非如今，
Ngã kim oán nhữ như hải thâm.,我今怨汝如海深。
"Tự tri thiếp ý giai nhân ý,",自知妾意皆仁意，
Thuỳ tưởng quân tâm tự thú tâm!,誰想君心似獸心！
"Tái tương nhất bức la giao tiêu,",再將一幅羅鮫綃，
Ân cần viễn ký lang gia dao.,殷勤遠寄郎家遙。
"Tự thán hưng vong giai thử vật,",自嘆興亡皆此物，
Sát nhân khả thứ tình nan nhiêu.,殺人可恕情難饒。
"Phản phục đinh ninh chỉ như thử,",返復叮嚀只如此，
Vãng nhật nhàn sầu kim nhật chỉ.,往日閑愁今日止。
"Quân kim khẳng niệm cựu phong lưu,",君今肯念舊風流，
Bão khán kiều loan thư nhất chỉ.,飽看嬌鸞書一紙。
"Hán hoàng trọng sắc tư khuynh quốc,",漢皇重色思傾國，
Ngự vũ đa niên cầu bất đắc.,御宇多年求不得。
"Dương gia hữu nữ sơ trưởng thành,",楊家有女初長成，
Dưỡng tại thâm khuê nhân vị thức.,養在深閨人未識。
"Thiên sinh lệ chất nan tự khí,",天生麗質難自棄，
Nhất triêu tuyển tại quân vương trắc.,一朝選在君王側。
"Hồi mâu nhất tiếu bách mị sinh,",回眸一笑百媚生，
Lục cung phấn đại vô nhan sắc.,六宮粉黛無顏色。
"Xuân hàn tứ dục Hoa Thanh trì,",春寒賜浴華清池，
Ôn Tuyền thuỷ hoạt tẩy ngưng chi.,溫泉水滑洗凝脂。
"Thị nhi phù khởi kiều vô lực,",侍兒扶起嬌無力，
Thuỷ thị tân thừa ân trạch thì.,始是新承恩澤時。
"Vân mấn hoa nhan kim bộ dao,",雲鬢花顏金步搖，
Phù dung trướng noãn độ xuân tiêu.,芙蓉帳暖度春宵。
"Xuân tiêu khổ đoản nhật cao khởi,",春宵苦短日高起，
Tòng thử quân vương bất tảo triều.,從此君王不早朝。
"Thừa hoan thị yến vô nhàn hạ,",承歡侍宴無閑暇，
Xuân tòng xuân du dạ chuyên dạ.,春從春遊夜專夜。
"Hậu cung giai lệ tam thiên nhân,",後宮佳麗三千人，
Tam thiên sủng ái tại nhất thân.,三千寵愛在一身。
"Kim ốc trang thành kiều thị dạ,",金屋妝成嬌侍夜，
Ngọc lâu yến bãi tuý hoà xuân.,玉樓宴罷醉和春。
"Tỷ muội đệ huynh giai liệt thổ,",姊妹弟兄皆列土，
Khả liên quang thái sinh môn hộ.,可憐光彩生門戶。
"Toại linh thiên hạ phụ mẫu tâm,",遂令天下父母心，
Bất trọng sinh nam trọng sinh nữ.,不重生男重生女。
"Ly cung cao xứ nhập thanh vân,",驪宮高處入青雲，
Tiên nhạc phong phiêu xứ xứ văn.,仙樂風飄處處聞。
"Hoãn ca mạn vũ ngưng ty trúc,",緩歌慢舞凝絲竹，
Tận nhật quân vương khan bất túc.,盡日君王看不足。
"Ngư Dương bề cổ động địa lai,",漁陽鼙鼓動地來，
Kinh phá Nghê thường vũ y khúc.,驚破霓裳羽衣曲。
"Cửu trùng thành khuyết yên trần sinh,",九重城闕煙塵生，
Thiên thặng vạn kỵ tây nam hành.,千乘萬騎西南行。
"Thuý hoa dao dao hành phục chỉ,",翠華搖搖行復止，
Tây xuất đô môn bách dư lý.,西出都門百餘里。
"Lục quân bất phát vô nại hà,",六軍不發無奈何，
Uyển chuyển nga mi mã tiền tử.,宛轉蛾眉馬前死。
"Hoa điền uỷ địa vô nhân thu,",花鈿委地無人收，
"Thuý kiều, kim tước, ngọc tao đầu.",翠翹金雀玉搔頭。
"Quân vương yểm diện cứu bất đắc,",君王掩面救不得，
Hồi khan huyết lệ tương hoà lưu.,回看血淚相和流。
"Hoàng ai tản mạn phong tiêu tác,",黃埃散漫風蕭索，
Vân sạn oanh vu đăng Kiếm Các.,雲棧縈紆登劍閣。
"Nga My sơn hạ thiểu nhân hành,",峨嵋山下少人行，
Tinh kỳ vô quang nhật sắc bạc.,旌旗無光日色薄。
"Thục giang thuỷ bích, Thục sơn thanh,",蜀江水碧蜀山青，
Thánh chúa triêu triêu mộ mộ tình.,聖主朝朝暮暮情。
"Hành cung kiến nguyệt thương tâm sắc,",行宮見月傷心色，
Dạ vũ văn linh trường đoạn thanh.,夜雨聞鈴腸斷聲。
"Thiên tuyền địa chuyển hồi long ngự,",天旋地轉迴龍馭，
Đáo thử trù trừ bất năng khứ.,到此躊躇不能去。
"Mã Ngôi pha hạ nê thổ trung,",馬嵬坡下泥土中，
Bất kiến ngọc nhan không tử xứ.,不見玉顏空死處。
"Quân thần tương cố tận triêm y,",君臣相顧盡霑衣，
Đông vọng đô môn tín mã quy.,東望都門信馬歸。
"Quy lai trì uyển giai y cựu,",歸來池苑皆依舊，
"Thái Dịch phù dung, Vị Ương liễu;",太液芙蓉未央柳。
"Phù dung như diện liễu như mi,",芙蓉如面柳如眉，
Đối thử như hà bất lệ thuỳ.,對此如何不淚垂。
"Xuân phong đào lý hoa khai nhật,",春風桃李花開日，
Thu vũ ngô đồng diệp lạc thì.,秋雨梧桐葉落時。
"Tây Cung, Nam Nội đa thu thảo,",西宮南內多秋草，
Lạc diệp mãn giai hồng bất tảo.,落葉滿階紅不掃。
"Lê Viên tử đệ bạch phát tân,",梨園子弟白髮新，
Tiêu phòng a giám thanh nga lão.,椒房阿監青娥老。
"Tịch điện huỳnh phi tứ tiễu nhiên,",夕殿螢飛思悄然，
Cô đăng khiêu tận vị thành miên.,孤燈挑盡未成眠。
"Trì trì chung cổ sơ trường dạ,",遲遲鐘鼓初長夜，
Cảnh cảnh tinh hà dục thự thiên.,耿耿星河欲曙天。
"Uyên ương ngoã lãnh sương hoa trọng,",鴛鴦瓦冷霜華重，
Phỉ thuý khâm hàn thuỳ dữ cộng.,翡翠衾寒誰與共。
"Du du sinh tử biệt kinh niên,",悠悠生死別經年，
Hồn phách bất tằng lai nhập mộng.,魂魄不曾來入夢。
"Lâm Cùng đạo sĩ Hồng Đô khách,",臨邛道士鴻都客，
Năng dĩ tinh thành trí hồn phách.,能以精誠致魂魄。
"Vị cảm quân vương triển chuyển tư,",為感君王輾轉思，
Toại giao phương sĩ ân cần mịch.,遂教方士殷勤覓。
"Bài không ngự khí bôn như điện,",排空馭氣奔如電，
Thăng thiên nhập địa cầu chi biến.,升天入地求之遍。
"Thượng cùng bích lạc, hạ hoàng tuyền,",上窮碧落下黃泉，
Lưỡng xứ mang mang giai bất kiến.,兩處茫茫皆不見。
"Hốt văn hải thượng hữu tiên sơn,",忽聞海上有仙山，
Sơn tại hư vô phiếu diểu gian.,山在虛無縹緲間。
"Lâu các linh lung ngũ vân khởi,",樓閣玲瓏五雲起，
Kỳ trung xước ước đa tiên tử.,其中綽約多仙子。
"Trung hữu nhất nhân tự Thái Chân,",中有一人字太真，
Tuyết phu hoa mạo sâm si thị.,雪膚花貌參差是。
"Kim khuyết tây sương khấu ngọc quynh,",金闕西廂叩玉扃，
"Chuyển giao Tiểu Ngọc, báo Song Thành.",轉教小玉報雙成。
"Văn đạo Hán gia thiên tử sứ,",聞道漢家天子使，
Cửu hoa trướng lý mộng hồn kinh.,九華帳裡夢魂驚。
"Lãm y thôi chẩm khởi bồi hồi,",攬衣推枕起徘徊，
Châu bạc ngân bình di lệ khai.,珠箔銀屏迤邐開。
"Vân mấn bán thiên tân thuỵ giác,",雲鬢半偏新睡覺，
Hoa quan bất chỉnh há đường lai.,花冠不整下堂來。
"Phong xuy tiên duệ phiêu phiêu cử,",風吹仙袂飄飄舉，
Do tự Nghê thường vũ y vũ.,猶似霓裳羽衣舞。
"Ngọc dung tịch mịch lệ lan can,",玉容寂寞淚闌干，
Lê hoa nhất chi xuân đới vũ.,梨花一枝春帶雨。
"Hàm tình ngưng đệ tạ quân vương,",含情凝睇謝君王，
Nhất biệt âm dung lưỡng diểu mang!,一別音容兩渺茫。
"Chiêu Dương điện lý ân ái tuyệt,",昭陽殿裡恩愛絕，
Bồng Lai cung trung nhật nguyệt trường.,蓬萊宮中日月長。
"Hồi đầu hạ vọng nhân hoàn xứ,",回頭下望人寰處，
Bất kiến Trường An kiến trần vụ.,不見長安見塵霧。
"Duy tương cựu vật biểu thâm tình,",唯將舊物表深情，
Điến hạp kim thoa ký tương khứ.,鈿合金釵寄將去。
"Thoa lưu nhất cổ, hạp nhất phiến,",釵留一股合一扇，
Thoa phách hoàng kim hạp phân điến.,釵擘黃金合分鈿。
"Đãn giao tâm tự kim điến kiên,",但教心似金鈿堅，
Thiên thượng nhân gian hội tương kiến.,天上人間會相見。
"Lâm biệt ân cần trùng ký từ,",臨別殷勤重寄詞，
Từ trung hữu thệ lưỡng tâm tri:,詞中有誓兩心知。
"Thất nguyệt thất nhật Trường Sinh điện,",七月七日長生殿，
Dạ bán vô nhân tư ngữ thì:,夜半無人私語時。
"“Tại thiên nguyện tác tỷ dực điểu,",在天願作比翼鳥，
Tại địa nguyện vi liên lý chi.”,在地願為連理枝。
"Thiên trường địa cửu hữu thì tận,",天長地久有時盡，
Thử hận miên miên vô tuyệt kỳ.,此恨綿綿無絕期。
"Tự mông Thục châu “Nhân nhật” tác,",自蒙蜀州人日作，
Bất ý thanh thi cửu linh lạc.,不意清詩久零落。
"Kim thần tán dật nhãn hốt khai,",今晨散帙眼忽開，
Bính lệ u ngâm sự như tạc.,迸淚幽吟事如昨。
"Ô hô tráng sĩ đa khảng khái,",嗚呼壯士多慷慨，
Hợp đạp cao danh động liêu khoác.,合沓高名動寥廓。
"Thán ngã thê thê cầu hữu thiên,",歎我悽悽求友篇，
Cảm thì uất uất khuông quân lược.,感時鬱鬱匡君略。
"Cẩm lý xuân quang không lạn mạn,",錦里春光空爛熳，
Dao trì thị thần tỵ minh mạc.,瑤墀侍臣巳冥莫。
"Tiêu Tương thuỷ quốc bàng ngoan đà,",瀟湘水國傍黿鼉，
"Hộ, Đỗ thu thiên thất điêu ngạc.",鄠杜秋天失鵰鶚。
"Đông tây nam bắc cánh thuỳ luận,",東西南北更誰論，
Bạch thủ biển chu bệnh độc tồn.,白首扁舟病獨存。
"Dao củng bắc thần triền khấu đạo,",遙拱北辰纏寇盜，
Dục khuynh đông hải tẩy càn khôn.,欲傾東海洗乾坤。
"Biên tái tây Phồn tối sung xích,",邊塞西蕃最充斥，
Y quan nam độ đa băng bôn.,衣冠南渡多崩奔。
"Cổ sắt chí kim bi đế tử,",鼓瑟至今悲帝子，
Duệ cứ hà xứ mịch vương môn.,曳裾何處覓王門。
"Văn chương Tào Thực ba lan khoát,",文章曹植波瀾闊，
Phục thực Lưu An đức nghiệp tôn.,服食劉安德業尊。
"Trường địch thuỳ năng loạn sầu tứ,",長笛誰能亂愁思，
Chiêu Châu từ hàn dữ “Chiêu hồn”.,昭州詞翰與招魂。
Khứ niên hà thời quân biệt thiếp,去年何時君別妾，
Nam viên lục thảo phi hồ điệp,南園綠草飛蝴蝶。
Kim tuế hà thời thiếp ức quân,今歲何時妾憶君，
Tây sơn bạch tuyết ám Tần vân,西山白雪暗秦雲。
Ngọc quan khứ thử tam thiên lý,玉關去此三千里，
Dục ký âm thư na khả văn ?,欲寄音書那可聞。
"Tự bình cung trung lữ Thái Nhất,",自平宮中呂太一，
Thu châu Nam Hải thiên dư nhật.,收珠南海千餘日。
"Cận cung sinh tê phỉ thuý hi,",近供生犀翡翠稀，
Phục khủng chinh nhung can qua mật.,復恐征戎干戈密。
"Man Khê hào tộc tiểu động diêu,",蠻溪豪族小動搖，
Thế phong thứ sử phi thì triều.,世封刺史非時朝。
"Bồng Lai điện tiền chư chủ tướng,",蓬萊殿前諸主將，
Tài như Phục Ba bất đắc kiêu.,才如伏波不得驕。
"Cựu tuế dĩ án tân tuế bức,",舊歲已晏新歲逼，
Sơn thành tuyết phi bắc phong liệt.,山城雪飛北風烈。
"Dao phu hà biên hành thả khốc,",徭夫河邊行且哭，
Sa hàn thuỷ băng đống thương cốt.,沙寒水冰凍傷骨。
"Trường quan khiếu hào lại trì đột,",長官叫號吏馳突，
Phủ thiếp liên thôi trúc hà tốt.,府帖連催築河卒。
"Nhất niên trưng cầu bất thiểu quyên,",一年徵求不少蠲，
Bần gia mại nam phú mại điền.,貧家賣男富賣田。
"Bạch kim túng hữu phi địa sản,",白金縱有非地產，
Nhất lạng dĩ trị thiên đồng tiễn.,一兩已值千銅錢。
"Vãng thời nhân gia hữu trừ túc,",往時人家有儲粟，
Kim tuế nhân gia phạn bất túc.,今歲人家飯不足。
"Cơ hạc phiên phi bất uý nhân,",飢鶴翻飛不畏人，
Lão nha minh táo nhật cận ốc.,老鴉鳴噪日近屋。
"Sinh nam trưởng thành tụ tỷ lân,",生男長成聚比鄰，
Sinh nữ lạc địa tư giá nhân.,生女落地思嫁人。
"Quan gia tư gia các hữu vụ,",官家私家各有務，
Bách tuế khởi chỉ liệu nhất thân?,百歲豈止療一身?
"Cận văn hồ thố diệc trưng cập,",近聞狐兔亦徵及，
Liệt võng trì tăng biến sơn vực.,列網持矰遍山域。
"Dã nhân tri điền bất tri lạp,",野人知田不知獵，
Bồng thỉ tang cung xạ bất đắc.,蓬矢桑弓射不得。
"Ta hu kim tích khởi dị tình,",嗟吁今昔豈異情，
Tích thời tân niên ca mãn thành.,昔時新年歌滿城。
"Minh triêu diệc thị tân niên đáo,",明朝亦是新年到，
Bắc xá đông lân văn khốc thanh.,北舍東鄰聞哭聲。
"Tuế vân mộ hĩ đa bắc phong,",歲雲暮矣多北風，
"Tiêu Tương, Động Đình, bạch tuyết trung.",瀟湘洞庭白雪中。
"Ngư phụ thiên hàn võng cổ đống,",漁父天寒網罟凍，
Mạc dao xạ nhạn minh tang cung.,莫徭射雁鳴桑弓。
"Khứ niên mễ quý khuyết quân thực,",去年米貴闕軍食，
Kim niên mễ tiện đại thương nông.,今年米賤大傷農。
"Cao mã đạt quan yêm tửu nhục,",高馬達官厭酒肉，
Thử bối trữ trục mao tì không.,此輩杼軸茅茨空。
"Sở nhân trọng ngư bất trọng điểu,",楚人重魚不重鳥，
Nhữ hưu uổng sát nam phi hồng.,汝休枉殺南飛鴻。
"Huống văn xứ xứ chúc nam nữ,",況聞處處鬻男女，
Cát từ nhẫn ái hoàn tô dung.,割慈忍愛還租庸。
"Vãng nhật dụng tiền tróc tư chú,",往日用錢捉私鑄，
Kim hứa diên tích hoà thanh đồng.,今許鉛錫和青銅。
"Khắc nê vi chi tối dị đắc,",刻泥為之最易得，
Hiếu ố bất hợp trường tương mông.,好惡不合長相蒙。
"Vạn quốc thành đầu xuy hoạ giác,",萬國城頭吹畫角，
Thử khúc ai oán hà thì chung.,此曲哀怨何時終。
Quân bất kiến:,君不見：
"Từ khanh nhị tử sinh tuyệt kỳ,",徐卿二子生絕奇，
Cảm ứng cát mộng tương truy tuỳ.,感應吉夢相追隨。
"Khổng Tử, Thích thị thân bão tống,",孔子釋氏親抱送，
Tịnh thị thiên thượng kỳ lân nhi.,並是天上麒麟兒。
"Đại nhi cửu linh sắc thanh triệt,",大兒九齡色清澈，
Thu thuỷ vi thần ngọc vi cốt.,秋水為神玉為骨。
"Tiểu nhi ngũ tuế khí thực Ngưu,",小兒五歲氣食牛，
Mãn đường tân khách giai hồi đầu.,滿堂賓客皆回頭。
"Ngô tri Từ công bách bất ưu,",吾知徐公百不憂，
Tích thiện cổn cổn sinh công hầu.,積善袞袞生公侯。
"Trượng phu sinh nhi hữu như thử nhị sồ giả,",丈夫生兒有如此二雛者，
Danh vị khởi khẳng ti vi hưu.,名位豈肯卑微休。
"Cuồng phong xuy cổ nguyệt,",狂風吹古月，
Thiết lộng Chương Hoa đài.,竊弄章華臺。
"Bắc Lạc minh tinh động quang thái,",北落明星動光彩，
Nam chinh mãnh tướng như vân lôi.,南征猛將如雲雷。
"Thủ trung điện duệ Ỷ Thiên kiếm,",手中電曳倚天劍，
Trực trảm trường kình hải thuỷ khai.,直斬長鯨海水開。
"Ngã kiến lâu thuyền tráng tâm mục,",我見樓船壯心目，
Pha tự Long Tương há Tam Thục.,頗似龍驤下三蜀。
"Dương binh tập chiến trương hổ kỳ,",揚兵習戰張虎旗，
Giang trung bạch lãng như ngân ốc.,江中白浪如銀屋。
"Thân hậu ngọc trướng lâm Hà Khôi,",身後玉帳臨河魁，
"Tử nhiêm nhược kích quan thôi ngôi,",紫髯若戟冠崔嵬。
"Tế Liễu khai doanh ấp thiên tử,",細柳開營揖天子，
Thuỷ tri Bá Thượng vi anh hài.,始知霸上為嬰孩。
"Khương địch hoành xuy “A đả hồi”,",羌笛橫吹阿嚲回，
Hướng nguyệt lâu trung xuy “Lạc mai”.,向月樓中吹落梅。
"Tướng quân tự khởi vũ trường kiếm,",將軍自起舞長劍，
Tráng sĩ hô thanh động cửu cai.,壯士呼聲動九垓。
"Công thành hiến khải kiến minh chủ,",功成獻凱見明主，
Đan thanh hoạ tượng kỳ lân đài.,丹青畫像麒麟臺。
"Thiên phong vạn phong đồng nhất phong,",千峰萬峰同一峰，
Phong tận tước lập vô mông nhung.,峰盡削立無蒙茸。
"Thiên tùng vạn tùng đồng nhất tùng,",千松萬松同一松，
Can tất trực thượng vô hồi dung.,干悉直上無回容。
"Nhất phong vân thanh nhất phong bạch,",一峰雲青一峰白，
Thanh thượng lung yên bạch ngưng tuyết.,青尚籠煙白凝雪。
"Nhất tùng tiêu hồng nhất tùng mặc,",一松梢紅一松墨，
Mặc dục thành lâm xích nghinh nhật.,墨欲成霖赤迎日。
"Vô phong vô tùng tùng tất kỳ,",無峰無松松必奇，
Vô tùng vô vân vân tất phi.,無松無雲雲必飛。
"Phong thế nam bắc tùng đông tê,",峰勢南北松東西，
Tùng ảnh hướng bối vân cao đê.,松影向背雲高低。
"Hữu thì nhất phong thừa nhất ốc,",有時一峰承一屋，
Ốc hạ nhất tùng nhưng phú cốc.,屋下一松仍覆谷。
"Thiên quang vân quang tứ thời lục,",天光雲光四時綠，
Phong thanh tuyền thanh nhất ngung túc.,風聲泉聲一隅足。
"Ngã nghi Hoàng Hà Hãn Hải địa mạch thông,",我疑黄河瀚海地脈通，
Hà dĩ qua bích thiên lý phi thanh thông?,何以戈壁千里非青蔥。
"Bất nhĩ địa mạch cống nhuận hợp tác Thiên Sơn tùng,",不爾地脈貢潤合作天山松，
Tùng can quái để nhất nhất trực thấu tinh thần cung.,松干怪底一一直透星辰宮。
"Hiếu kỳ cuồng khách hốt chí thử,",好奇狂客忽至此，
Đại tiếu nhất hô vong cửu tử.,大笑一呼忘九死。
"Khán phong tiền hành mã đề sử,",看峰前行馬蹄駛，
Dục đáo thanh tùng tận đầu chỉ.,欲到青松盡頭止。
"Tích văn Tương thuỷ bích như nhiễm,",昔聞湘水碧如染，
Kim văn Tương thuỷ yên chi ngân.,今聞湘水胭脂痕。
"Tương linh trang thành chiếu Tương thuỷ,",湘靈妝成照湘水，
Hạo như minh nguyệt khuy đồng vân.,皎如明月窺彤雲。
"Cao khâu tịch mịch tủng trung dạ,",高丘寂寞竦中夜，
Phương thuyên linh lạc vô dư xuân.,芳荃零落無餘春。
"Cổ hoàn dao sắt nhân bất văn,",鼓完瑤瑟人不聞，
Thái bình thành tượng doanh thu môn.,太平成象盈秋門。
"Quân trúc thiên niên lão bất tử,",筠竹千年老不死，
Trường bạn Tần Nga cái Tương thuỷ.,長伴秦娥蓋湘水。
"Man nương ngâm lộng mãn hàn không,",蠻娘吟弄滿寒空，
Cửu sơn tĩnh lục lệ hoa hồng.,九山靜綠淚花紅。
"Ly loan biệt phượng yên Ngô trung,",離鸞別鳳煙梧中，
Vu vân Thục vũ dao tương thông.,巫雲蜀雨遙相通。
"U sầu thu khí thượng thanh phong,",幽愁秋氣上青楓，
Lương dạ ba gian ngâm cổ long.,涼夜波間吟古龍。
"Ngã hành nhập Đông Xuyên,",我行入東川，
Thập bộ nhất hồi thủ.,十步一回首。
"Thành Đô loạn bãi, khí tiêu táp,",成都亂罷氣蕭颯，
Hoán Hoa thảo đường diệc hà hữu.,浣花草堂亦何有。
"Tử trung hào tuấn đại giả thuỳ,",梓中豪俊大者誰，
Bản châu tùng sự tri danh cửu.,本州從事知名久。
"Bả tí khai tôn ẩm ngã tửu,",把臂開尊飲我酒，
Tửu hàm kích kiếm giao long hú.,酒酣擊劍蛟龍吼。
"Ô mạo phất trần thanh loa túc,",烏帽拂塵青螺粟，
Tử y tương chá phi y tẩu.,紫衣將炙緋衣走。
"Đồng bàn thiêu lạp quang thổ nhật,",銅盤燒蠟光吐日，
Dạ như hà kỳ sơ xúc tất.,夜如何其初促膝。
"Hoàng hôn thuỷ khấu chủ nhân môn,",黃昏始扣主人門，
Thuỳ vị nga khoảnh giao tại tất.,誰謂俄頃膠在漆。
"Vạn sự tận phó hình hài ngoại,",萬事盡付形骸外，
Bách niên vị kiến hoan ngu tất.,百年未見歡娛畢。
"Thần khuynh ý khoát chân giai sĩ,",神傾意豁真佳士，
Cửu khách đa ưu kim dũ tật.,久客多憂今愈疾。
"Cao thị càn khôn hựu khả sầu,",高視乾坤又可愁，
Nhất khu giao thái đồng du du.,一軀交態同悠悠。
"Thuỳ lão ngộ quân vị hận vãn,",垂老遇君未恨晚，
Tự quân tu hướng cổ nhân cầu.,似君須向古人求。
"Thương sơn dao dao giang lân lân,",蒼山遙遙江潾潾，
Lộ bàng lão tận một nhàn nhân.,路傍老盡沒閒人。
"Vương Tôn bất kiến thảo không lục,",王孫不見草空綠，
Trù trướng độ đầu xuân phục xuân.,惆悵渡頭春復春。
"Yên sầu vũ tế vân minh minh,",煙愁雨細雲冥冥，
Đỗ Lan Hương lão Tam Tương thanh.,杜蘭香老三湘清。
"Cố sơn vọng đoạn bất tri xứ,",故山望斷不知處，
Đề quyết cách hoa thời nhất thanh.,鶗鴂隔花時一聲。
"Cao lâu trùng trùng bế minh nguyệt,",高樓重重閉明月，
Trường đoạn tiên lang cách niên biệt.,腸斷仙郎隔年別。
"Tử tiêu hoành địch tịch vô thanh,",紫簫橫笛寂無聲，
Độc hướng dao song toạ sầu tuyệt.,獨向瑤窗坐愁絕。
"Ngư trầm nhạn diểu thiên nhai lộ,",魚沈雁杳天涯路，
Thuỷ tín nhân gian biệt ly khổ.,始信人間別離苦。
"Hận mãn nha sàng phí thuý khâm,",恨滿牙床翡翠衾，
Oán chiết kim thoa phụng hoàng cổ.,怨折金釵鳳凰股。
"Tỉnh thâm lộc lư ta cảnh đoản,",井深轆轤嗟綆短，
Y đới tương tư nhật ưng hoãn.,衣帶相思日應緩。
"Tương đao chước thuỷ, thuỷ phục liên,",將刀斫水水復連，
Huy nhẫn cát tình tình bất đoạn.,揮刃割情情不斷。
"Lạc hồng loạn trục đông lưu thuỷ,",落紅亂逐東流水，
Nhất điểm phương tâm vị quân tử.,一點芳心為君死。
"Thiếp thân nguyện tác Vu Sơn vân,",妾身願作巫山雲，
Phi nhập tiên lang mộng hồn lý.,飛入仙郎夢魂裏。
"Ngã sở tư hề tại Thái Sơn,",我所思兮在太山，
Dục vãng tòng chi Lương Phủ gian.,欲往從之梁父艱。
Trắc thân đông vọng thế triêm hàn.,側身東望涕沾翰。
"Mỹ nhân tặng ngã kim thác đao,",美人贈我金錯刀，
Hà dĩ báo chi anh quỳnh dao.,何以報之英瓊瑤。
"Lộ viễn mạc trí y thông dao,",路遠莫致倚通遙，
Hà vị hoài ưu tâm phiền lao?,何為懷懮心煩勞？
"Ngã sở tư hề tại Quế Lâm,",我所思兮在桂林，
Dục vãng tòng chi Tương thuỷ thâm.,欲往從之湘水深。
Trắc thân nam vọng thế triêm khâm.,側身南望涕沾襟。
"Mỹ nhân tặng ngã kim lang can,",美人贈我金琅玕，
Hà dĩ báo chi song ngọc bàn.,何以報之雙玉盤。
"Lộ viễn mạc trí y điều trướng,",路遠莫致倚調悵，
Hà vị hoài ưu tâm phiền thương?,何為懷懮心煩傷？
"Ngã sở tư hề tại Hán Dương,",我所思兮在漢陽，
Dục vãng tòng chi Lũng phản trường.,欲往從之隴阪長。
Trắc thân tây vọng thế triêm thường.,側身西望涕沾裳。
"Mỹ nhân tặng ngã điêu xiêm du,",美人贈我貂襜榆，
Hà dĩ báo chi minh nguyệt châu.,何以報之明月珠。
"Lộ viễn mạc trí y trì trù,",路遠莫致倚踟躊，
Hà vị hoài ưu tâm phiền tiêm?,何為懷懮心煩纖？
"Ngã sở tư hề tại Nhạn Môn,",我所思兮在鴈門，
Dục vãng tòng chi tuyết phân phân.,欲往從之雪紛紛。
Trắc thân bắc vọng thế triêm cân.,側身北望涕沾巾。
"Mỹ nhân tặng ngã cẩm tú đoạn,",美人贈我錦繡段，
Hà dĩ báo chi thanh ngọc án.,何以報之青玉案。
"Lộ viễn mạc trí y tăng thán,",路遠莫致倚增嘆，
Hà vị hoài ưu tâm phiền uyển?,何為懷懮心煩惋？
"Thuỷ bích sơn minh Ngô Hạ xuân,",水碧山明吳下春，
Tam niên khế khoát hỉ tương thân.,三年契闊喜相親。
"Ngọc hoàng án lại kim yên khách,",玉皇案吏今煙客，
Thiên tử môn sinh canh cố nhân.,天子門生更故人。
"Biệt hậu thi tài kinh tế kiểm,",別後詩裁經細檢。
Đương tiền dân mạc thính tần trần.,當前民瘼聽頻陳。
"Lão lai để việt tinh thần kiện,",老來底越精神健，
Kiếp ngoại thai cầm tuyết lý quân.,劫外胎禽雪裏筠。
"Bảo lư bát hoả ngân bình tiểu,",寶爐撥火銀瓶小，
Nhất bôi La Phù phá thanh hiểu.,一杯羅浮破清曉。
"Tuyết tương lãnh ý thấu sơ thiềm,",雪將冷意透疎簷，
Phong đệ khinh băng lạc hàn chiểu.,風遞輕冰落寒沼。
"Mỹ nhân kim trướng yểm lưu tô,",美人金帳掩流蘇，
Chỉ hộ vân song phiến phiến hồ.,紙護雲窗片片糊。
"Ám lý vãn hồi xuân thế giới,",暗裏挽回春世界，
Nhất châu phương tín tiểu sơn cô.,一株芳信小山孤。
"Phong xuy liễu hoa hồng phiến phiến,",風吹柳花紅片片，
Giai nhân nhàn đả thu thiên viện.,佳人閒打鞦韆院。
"Thương xuân bối lập nhất hoàng oanh,",傷春背立一黄鶯，
Tích cảnh ai đề song tử yến.,惜景哀啼雙紫燕。
"Đình châm vô ngữ thuý my đê,",停針無語翠眉低，
Quyện ỷ sa song mộng dục mê.,倦倚紗窗夢欲迷。
"Khước quái quyển liêm nhân hoán khởi,",却怪捲簾人喚起，
Hương hồn chung bất đáo Liêu Tê.,香魂終不到遼西。
"Thanh thương phù không trừng tế cảnh,",清商浮空澄霽景，
Sương tín dao tương cô nhạn ảnh.,霜信遙將孤鴈影。
"Thập trượng liên tàn ngọc tỉnh hương,",十丈蓮殘玉井香，
Tam canh phong lạc Ngô giang lãnh.,三更風落吳江冷。
"Phi huỳnh dạ độ bích lan can,",飛螢夜度碧闌干，
Y bạc nan câm tiễn tiễn hàn.,衣薄難禁剪剪寒。
"Thanh đoạn động tiêu ngưng lập cửu,",聲斷洞簫凝立久，
Dao Đài hà xứ mịch tham loan.,瑤臺何處覓驂鸞。
"Sơ tình huân nhân thiên tự tuý,",初晴薰人天似醉，
Diễm dương lâu đài phù noãn khí.,艷陽樓臺浮暖氣。
"Cách liêm liễu nhứ độ oanh thoa,",隔簾柳絮度鶯梭，
Nhiễu hạm hoa tu xuyên điệp sí.,繞檻花鬚穿蝶翅。
"Giai tiền hồng tuyến nhật thiêm trường,",階前紅線日添長，
Phấn hạn vi vi sấm lục thường.,粉汗微微沁綠裳。
"Tiểu tử bất tri xuân tứ khổ,",小子不知春思苦，
Khuynh thân hàm tiếu quá nha sàng.,傾身含笑過牙牀。
"Lục Cơ nhị thập tác văn phú,",陸機二十作文賦，
Nhữ cánh tiểu niên năng chuế văn.,汝更小年能綴文。
"Tổng giác thảo thư hựu thần tốc,",總角草書又神速，
Thế thượng nhi tử đồ phân phân.,世上兒子徒紛紛。
"Hoa lưu tác câu dĩ hãn huyết,",驊騮作駒已汗血，
Chí điểu cử cách liên thanh vân.,鷙鳥舉翮連青雲。
"Từ nguyên đảo lưu Tam Giáp thuỷ,",詞源倒流三峽水，
Bút trận độc tảo thiên nhân quân.,筆陣獨埽千人軍。
"Chỉ kim niên tài thập lục thất,",只今年才十六七，
Xạ sách quân môn kỳ đệ nhất.,射策軍門期第一。
"Cựu xuyên dương diệp chân tự tri,",舊穿楊葉真自知，
Tạm quyết sương đề vị vi thất.,暫蹶霜蹄未為失。
"Ngẫu nhiên trạc tú phi nan thủ,",偶然擢秀非難取，
Hội thị bài phong hữu mao chất.,會是排風有毛質。
"Nhữ thân dĩ kiến thoá thành châu,",汝身已見唾成珠，
Nhữ bá hà do phát như tất.,汝伯何由發如漆。
"Xuân quang đạm đà Tần Đông đình,",春光澹沱秦東亭，
Chử bồ nha bạch thuỷ hạnh thanh.,渚蒲牙白水荇青。
"Phong xuy khách y nhật cảo cảo,",風吹客衣日杲杲，
Thụ giảo ly tư hoa minh minh.,樹攪離思花冥冥。
"Tửu tận sa đầu song ngọc bình,",酒盡沙頭雙玉瓶，
Chúng tân giai tuý ngã độc tỉnh.,眾賓皆醉我獨醒。
"Nãi tri bần tiện biệt cánh khổ,",乃知貧賤別更苦，
Thôn thanh trịch trục thế lệ linh.,吞聲躑躅涕淚零。
"Thần tiên trung nhân bất dị đắc,",神仙中人不易得，
Nhan thị chi tử tài cô tiêu.,顏氏之子才孤標。
"Thiên mã trường minh đãi giá ngự,",天馬長鳴待駕馭，
Thu ưng chỉnh cách đương vân tiêu.,秋鷹整翮當雲霄。
"Quân bất kiến Đông Ngô Cố văn học,",君不見東吳顧文學，
Quân bất kiến Tây Hán Đỗ Lăng lão.,君不見西漢杜陵老。
"Thi gia bút thế quân bất hiềm,",詩家筆勢君不嫌，
Từ hàn thăng đường vị quân tảo.,詞翰升堂為君掃。
"Thị nhật sương phong đống thất trạch,",是日霜風凍七澤，
Ô Man lạc chiếu hàm xích bích.,烏蠻落照銜赤壁。
"Tửu hàm nhĩ nhiệt vong đầu bạch,",酒酣耳熱忘頭白，
"Cảm quân ý khí vô sở tích,",感君意氣無所惜，
Nhất vi ca hành ca chủ khách.,一為歌行歌主客。
"Dư Hàng ấp khách đa ky bần,",餘杭邑客多羈貧，
Kỳ gian thậm giả Tiêu dữ Ân.,其間甚者蕭與殷。
"Thiên hàn thân thượng do y cát,",天寒身上猶衣葛，
Nhật cao tắng trung vị phất trần.,日高甑中未拂塵。
"Giang Thành sơn tự thập nhất nguyệt,",江城山寺十一月，
Bắc phong xuy sa tuyết phân phân.,北風吹沙雪紛紛。
"Tân khách bất kiến đề bào huệ,",賓客不見綈袍惠，
Lê thứ vị triêm nhu khố ân.,黎庶未沾襦褲恩。
"Thử thì thái thú tự tàm quý,",此時太守自慚愧，
Trùng y phức khâm hữu dư ôn.,重衣複衾有餘溫。
"Nhân mệnh nhiễm nhân dữ châm nữ,",因命染人與針女，
Tiên chế lưỡng cừu tặng nhị quân.,先制兩裘贈二君。
"Ngô miên tế nhuyễn quế bố mật,",吳綿細軟桂布密，
Nhu như hồ dịch bạch tự vân.,柔如狐腋白似雲。
"Lao tương thi thư đầu tặng ngã,",勞將詩書投贈我，
Như thử tiểu huệ hà túc luận.,如此小惠何足論。
"Ngã hữu đại cừu quân vị kiến,",我有大裘君未見，
Khoan quảng hoà noãn như dương xuân.,寬廣和暖如陽春。
"Thử cừu phi tăng diệc phi khoáng,",此裘非繒亦非纊，
Tài dĩ pháp độ nhứ dĩ nhân.,裁以法度絮以仁。
"Đao xích độn chuyết chế vị tất,",刀尺鈍拙制未畢，
Xuất diệc bất độc khoả nhất thân.,出亦不獨裹一身。
"Nhược linh tại quận đắc ngũ khảo,",若令在郡得五考，
Dữ quân triển phúc Hàng Châu nhân.,與君展覆杭州人。
"Ta hồ nhân sinh kỷ đa tâm,",嗟乎人生幾多心，
Duy hữu nhất tâm sầu vạn tự.,惟有一心愁萬緒。
"Như dục thử tâm vô câu luyến,",如欲此心無拘攣，
Trừ thị yêm yêm chung nhật tuý.,除是厭厭終日醉。
Quân bất kiến:,君不見：
Thiên thiên hữu tửu Đào Uyên Minh.,篇篇有酒陶淵明，
Tống triều phú quý bất năng luỵ.,宋朝富貴不能累。
"Nguyên Gia tử cập Đàn tướng quân,",元嘉死及檀將軍，
Uyên Minh Nghĩa Hy thư giáp tý.,淵明義熙書甲子。
Hựu bất kiến:,又不見：
"Sa đà tận nhật Lý Thanh Liên,",蹉跎盡日李青蓮，
Phong lưu thiên tử phù bất khỉ.,風流天子扶不起。
"Thiên Bảo tử cập Dương Quý Phi,",天寶死及楊貴妃，
Thanh Liên kỵ kình du nhiên thệ.,青蓮騎鯨悠然逝。
"Tửu thần nguyên bất phụ ngô nhân,",酒神原不負吾人，
Khuyến quân thả chước dưỡng hạo khí.,勸君且酌養浩氣。
"Nhân đạo càn khôn trường bất lão,",人道乾坤長不老，
Hoặc vị thuấn tức duy càn khôn.,或謂瞬息惟乾坤。
"Bạch y thương cẩu khoảnh khắc dị,",白衣蒼狗頃刻異，
Thương hải tang điền biến cố phồn.,滄海桑田變故繁。
"Nhân đạo nhật nguyệt trường vô cùng,",人道日月長無窮，
Ngã vị thúc hốt duy nhật nguyệt.,我謂倏忽惟日月。
"Chu thập nhị thần thăng hựu trầm,",周十二辰升又沉，
Kinh tam ngũ hậu doanh phục khuyết.,經三五候盈復缺。
"Nhân đạo nhân sinh như phù du,",人道人生如蜉蝣，
Ngã vị phù du nãi chí thọ.,我謂蜉蝣乃至壽。
"Phù du ký sinh bàng bạc gian,",蜉蝣寄生磅礡間，
Vi khu thảng dương cánh triêu mộ.,微軀徜徉竟朝暮。
"Triêu mộ chi gian biến thái đa,",朝暮之間變態多，
Càn khôn nhật nguyệt tằng kỷ hà.,乾坤日月曾幾何。
"Phàm vật hữu hình đô hữu hoại,",凡物有形都有壊，
Bách niên chỉ thị khích câu qua.,百年只是隙駒過。
"Bất tu khổ tiết bất khả trinh,",不須苦節不可貞，
Khổ tiết hà tằng trường bất tử.,苦節何曾長不死。
"Thiên hạ hà lự phục hà tư,",天下何慮復何思，
Yếu chi nhân sinh quý thích chí.,要之人生貴適志。
"Sinh bình ngô chí như hoạch thân,",生平吾志如獲伸，
Thị phi thử ngoại thế vô nhân.,是非此外世無人。
"Vô khả diệc vô vô bất khả,",無可亦無無不可，
Tính bất tự tri nhân thị thân.,併不自知人是身。
"Dục tiếu tiện tiếu, ngôn tiện ngôn,",欲笑便笑言便言，
"Dục ca tiện ca, khốc tiện khốc.",欲歌便歌哭便哭。
"Không không như dã xích tử tâm,",空空如也赤子心，
Thử tâm bất vi thằng mặc thúc.,此心不為繩墨束。
"Bàng nhân bất thức tiếu ngã điên,",旁人不識笑我癲，
Tự ngã thiên quân độc thái nhiên.,自我天君獨泰然。
"Minh nhật cánh hướng bàng nhân ngữ,",明日更向旁人語，
"Nhĩ đích trần ai, ngã đích tiên.",爾的塵埃我的僊。
"Phủ dã chư hầu lão tân khách,",甫也諸侯老賓客，
Bãi tửu hàm ca thác kim kích.,罷酒酣歌拓金戟。
"Kỵ mã hốt ức thiếu niên thời,",騎馬忽憶少年時，
Tán đề bính lạc Cù Đường thạch.,散蹄迸落瞿塘石。
"Bạch Đế thành môn thuỷ vân ngoại,",白帝城門水雲外，
Đê thân trực hạ bát thiên xích.,低身直下八千尺。
"Phấn điệp điện chuyển tử du cương,",粉堞電轉紫遊韁，
Đông đắc bình cương xuất thiên bích.,東得平岡出天壁。
"Giang thôn dã đường tranh nhập nhãn,",江村野堂爭入眼，
Thuỳ tiên đả khống lăng tử mạch.,垂鞭嚲鞚淩紫陌。
"Hướng lai hạo thủ kinh vạn nhân,",向來皓首驚萬人，
Tự ỷ hồng nhan năng kỵ dịch.,自倚紅顏能騎射。
"An tri quyết ức truy phong túc,",安知決臆追風足，
Chu hãn tham đàm do phún ngọc.,朱汗驂驔猶噴玉。
"Bất ngu nhất quyết chung tổn thương,",不虞一蹶終損傷，
Nhân sinh khoái ý đa sở nhục.,人生快意多所辱。
"Chức đương ưu thích phục khâm chẩm,",職當憂戚伏衾枕，
Huống nãi trì mộ gia phiền xúc.,況乃遲暮加煩促。
"Bằng tri lai vấn thiển ngã nhan,",朋知來問腆我顏，
Trượng lê cường khởi y đồng bộc.,杖藜強起依僮僕。
"Ngữ tận hoàn thành khai khẩu tiếu,",語盡還成開口笑，
Đề huề biệt tảo thanh khê khúc.,提攜別掃清溪曲。
"Tửu nhục như san hựu nhất thời,",酒肉如山又一時，
Sơ diên ai ti động hào trúc.,初筵哀絲動豪竹。
"Cộng chỉ tây nhật bất tương thải,",共指西日不相貸，
Huyên hô thả phúc bôi trung lục.,喧呼且覆杯中淥。
"Hà tất tẩu mã bất vị thân,",何必走馬不為身，
Quân bất kiến:,君不見：
Kê Khang dưỡng sinh tao sát lục.,嵇康養生遭殺戮。
"Tầm Dương giang đầu dạ tống khách,",潯陽江頭夜送客，
Phong diệp địch hoa thu sắt sắt.,楓葉荻花秋瑟瑟。
"Chủ nhân há mã khách tại thuyền,",主人下馬客在船，
Cử tửu dục ẩm vô quản huyền.,舉酒欲飲無管弦。
"Tuý bất thành hoan thảm tương biệt,",醉不成歡慘將別，
Biệt thời mang mang giang tẩm nguyệt.,別時茫茫江浸月。
"Hốt văn thuỷ thượng tỳ bà thanh,",忽聞水上琵琶聲，
Chủ nhân vong quy khách bất phát.,主人忘歸客不發。
"Tầm thanh âm vấn đàn giả thuỳ,",尋聲暗問彈者誰，
Tỳ bà thanh đình dục ngữ trì.,琵琶聲停欲語遲。
"Di thuyền tương cận yêu tương kiến,",移船相近邀相見，
Thiêm tửu hồi đăng trùng khai yến.,添酒回燈重開宴。
"Thiên hô vạn hoán thuỷ xuất lai,",千呼萬喚始出來，
Do bão tỳ bà bán già diện.,猶抱琵琶半遮面。
"Chuyển trục bát huyền tam lưỡng thanh,",轉軸撥弦三兩聲，
Vị thành khúc điệu tiên hữu tình.,未成曲調先有情。
"Huyền huyền yểm ức thanh thanh tứ,",弦弦掩抑聲聲思，
Tự tố sinh bình bất đắc chí.,似訴生平不得志。
"Đê mi tín thủ tục tục đàn,",低眉信手續續彈，
Thuyết tận tâm trung vô hạn sự.,說盡心中無限事。
"Khinh lung mạn nhiên mạt phục khiêu,",輕攏慢撚抹復挑，
Sơ vi Nghê thường hậu Lục yêu.,初為霓裳後六么。
"Đại huyền tào tào như cấp vũ,",大弦嘈嘈如急雨，
Tiểu huyền thiết thiết như tư ngữ.,小弦切切如私語。
"Tào tào thiết thiết thác tạp đàn,",嘈嘈切切錯雜彈，
Đại châu tiểu châu lạc ngọc bàn.,大珠小珠落玉盤。
"Gian quan oanh ngữ hoa để hoạt,",閒關鶯語花底滑，
U yết lưu cảnh thuỷ hạ than.,幽咽流景水下灘。
"Thuỷ tuyền lãnh sáp huyền ngưng tuyệt,",水泉冷澀弦凝絕，
Ngưng tuyệt bất thông thanh tiệm yết.,凝絕不通聲漸歇。
"Biệt hữu u sầu ám hận sinh,",別有幽愁暗恨生，
Thử thời vô thanh thắng hữu thanh.,此時無聲勝有聲。
"Ngân bình sạ phá thuỷ tương bính,",銀瓶乍破水漿迸，
Thiết kỵ đột xuất đao thương minh.,鐵騎突出刀鎗鳴。
"Khúc chung thu bát đương tâm hoạch,",曲終收撥當心畫，
Tứ huyền nhất thanh như liệt bạch.,四弦一聲如裂帛。
"Đông thuyền tây phảng tiễu vô ngôn,",東船西舫悄無言，
Duy kiến giang tâm thu nguyệt bạch.,惟見江心秋月白。
"Trầm ngâm phóng bát sáp huyền trung,",沈吟放撥插弦中，
Chỉnh đốn y thường khởi liễm dung.,整頓衣裳起斂容。
"Tự ngôn bản thị kinh thành nữ,",自言本是京城女，
Gia tại Hà Mô lăng hạ trú.,家在蝦蟆陵下住。
"Thập tam học đắc tỳ bà thành,",十三學得琵琶成，
Danh thuộc giáo phường đệ nhất bộ.,名屬教坊第一部。
"Khúc bãi tằng giao thiện tài phục,",曲罷曾教善才服，
Trang thành mỗi bị Thu Nương đố.,妝成每被秋娘妒。
"Ngũ Lăng niên thiếu tranh triền đầu,",五陵年少爭纏頭，
Nhất khúc hồng tiêu bất tri số.,一曲紅綃不知數。
"Điền đầu ngân tị kích tiết toái,",鈿頭銀篦擊節碎，
Huyết sắc la quần phiên tửu ố.,血色羅裙翻酒污。
"Kim niên hoan tiếu phục minh niên,",今年歡笑復明年，
Thu nguyệt xuân phong đẳng nhàn độ.,秋月春風等閒度。
"Đệ tẩu tòng quân a di tử,",弟走從軍阿姨死，
Mộ khứ triêu lai nhan sắc cố.,暮去朝來顏色故。
"Môn tiền lãnh lạc xa mã hy,",門前冷落車馬稀，
Lão đại giá tác thương nhân phụ.,老大嫁作商人婦。
"Thương nhân trọng lợi khinh biệt ly,",商人重利輕別離，
Tiền nguyệt Phù Lương mãi trà khứ.,前月浮梁買茶去。
"Khứ lai giang khẩu thủ không thuyền,",去來江口守空船，
Nhiễu thuyền nguyệt minh giang thuỷ hàn.,繞船月明江水寒。
"Dạ thâm hốt mộng thiếu niên sự,",夜深忽夢少年事，
Mộng đề trang lệ hồng lan can.,夢啼妝淚紅闌干。
"Ngã văn tỳ bà dĩ thán tức,",我聞琵琶已歎息，
Hựu văn thử ngữ trùng tức tức.,又聞此語重唧唧。
"Đồng thị thiên nhai luân lạc nhân,",同是天涯淪落人，
Tương phùng hà tất tằng tương thức.,相逢何必曾相識。
"Ngã tòng khứ niên từ đế kinh,",我從去年辭帝京，
Trích cư ngoạ bệnh Tầm Dương thành.,謫居臥病潯陽城。
"Tầm Dương địa tích vô âm nhạc,",潯陽地僻無音樂，
Chung tuế bất văn ty trúc thanh.,終歲不聞絲竹聲。
"Trú cận Bồn giang địa đê thấp,",住近湓江地低濕，
Hoàng lô khổ trúc nhiễu trạch sinh.,黃蘆苦竹繞宅生。
"Kỳ gian đán mộ văn hà vật,",其間旦暮聞何物，
Đỗ quyên đề huyết viên ai minh.,杜鵑啼血猿哀鳴。
"Xuân giang hoa triêu thu nguyệt dạ,",春江花朝秋月夜，
Vãng vãng thủ tửu hoàn độc khuynh.,往往取酒還獨傾。
"Khởi vô sơn ca dữ thôn địch,",豈無山歌與村笛，
Âu á trào triết nan vi thính.,嘔啞嘲哳難為聽。
"Kim dạ văn quân tỳ bà ngữ,",今夜聞君琵琶語，
Như thính tiên nhạc nhĩ tạm minh.,如聽仙樂耳暫明。
"Mạc từ cánh toạ đàn nhất khúc,",莫辭更坐彈一曲，
Vị quân phiên tác Tỳ bà hành.,為君翻作琵琶行。
"Cảm ngã thử ngôn lương cửu lập,",感我此言良久立，
Khước toạ xúc huyền huyền chuyển cấp.,卻坐促弦弦轉急。
"Thê thê bất tự hướng tiền thanh,",淒淒不似向前聲，
Mãn toạ trùng văn giai yểm khấp.,滿座重聞皆掩泣。
"Toạ trung khấp hạ thuỳ tối đa,",座中泣下誰最多，
Giang Châu tư mã thanh sam thấp.,江州司馬青衫濕。
"Ức tích Lạc Dương Đổng Tao khâu,",憶昔洛陽董糟丘，
Vị dư Thiên Tân kiều nam tạo tửu lâu.,為余天津橋南造酒樓。
"Hoàng kim bạch bích mãi ca tiếu,",黃金白璧買歌笑，
Nhất tuý luy nguyệt khinh vương hầu.,一醉累月輕王侯。
"Hải nội hiền hào thanh vân khách,",海內賢豪青雲客，
Tựu trung dữ quân tâm mạc nghịch.,就中與君心莫逆。
"Hồi sơn chuyển hải bất tác nan,",回山轉海不作難，
Khuynh tình đảo ý vô sở tích.,傾情倒意無所惜。
"Ngã hướng Hoài Nam phan quế chi,",我向淮南攀桂枝，
Quân lưu Lạc bắc sầu mộng tư.,君留洛北愁夢思。
"Bất nhẫn biệt,",不忍別，
Hoàn tương tuỳ.,還相隨，
"Tương tuỳ điều điều phỏng tiên thành,",相隨迢迢訪仙城。
Tam thập lục khúc thuỷ hồi oanh.,三十六曲水迴縈，
"Nhất khê sơ nhập thiên hoa minh,",一溪初入千花明。
Vạn hác độ tận tùng phong thanh.,萬壑度盡松風聲，
"Ngân an kim lạc đáo bình địa,",銀鞍金絡倒平地，
Hán Đông thái thú lai tương nghênh.,漢東太守來相迎。
"Tử Dương chi chân nhân,",紫陽之真人，
Yêu ngã xuy ngọc sanh.,邀我吹玉笙。
"Xan Hà lâu thượng động tiên nhạc,",餐霞樓上動仙樂，
Tào nhiên uyển tự loan phượng minh.,嘈然宛似鸞鳳鳴。
"Tụ trường quản thôi dục khinh cử,",袖長管催欲輕舉，
Hán Đông thái thú tuý khởi vũ.,漢東太守醉起舞。
"Thủ trì cẩm bào phú ngã thân,",手持錦袍覆我身，
Ngã tuý hoành miên chẩm kỳ cổ.,我醉橫眠枕其股。
"Đương diên ý khí lăng cửu tiêu,",當筵意氣凌九霄，
"Tinh ly vũ tán bất chung triêu,",星離雨散不終朝，
Phân phi Sở quan sơn thuỷ diêu.,分飛楚關山水遙。
"Dư ký hoàn sơn tầm cố sào,",余既還山尋故巢，
Quân diệc quy gia độ Vị kiều.,君亦歸家渡渭橋。
"Quân gia nghiêm quân dũng tì hổ,",君家嚴君勇貔虎，
Tác duẫn Tinh Châu át Nhung lỗ.,作尹并州遏戎虜。
"Ngũ nguyệt tương hô độ Thái Hàng,",五月相呼度太行，
Thôi luân bất đạo dương trường khổ.,摧輪不道羊腸苦。
"Hành lai bắc lương tuế nguyệt thâm,",行來北凉歲月深，
Cảm quân quý nghĩa khinh hoàng câm.,感君貴義輕黃金。
"Quỳnh bôi ỷ thực thanh ngọc án,",瓊杯綺食青玉案，
Sử ngã tuý bão vô quy tâm.,使我醉飽無歸心。
"Thời thời xuất hướng thành tây khúc,",時時出向城西曲，
Tấn từ lưu thuỷ như bích ngọc.,晉祠流水如碧玉。
"Phù chu lộng thuỷ tiêu cổ minh,",浮舟弄水簫鼓鳴，
Vi ba long lân ta thảo lục.,微波龍鱗莎草綠。
"Hứng lai huề kĩ tứ kinh qua,",興來攜妓恣經過，
Kỳ nhược dương hoa tự tuyết hà!,其若楊花似雪何。
"Hồng trang dục tuý nghi tà nhật,",紅妝欲醉宜斜日，
Bách xích thanh đàm tả thuý nga.,百尺清潭寫翠娥。
"Thuý nga thiền quyên sơ nguyệt huy,",翠娥嬋娟初月輝，
Mỹ nhân cánh xướng vũ la y.,美人更唱舞羅衣。
"Thanh phong xuy ca nhập không khứ,",清風吹歌入空去，
Ca khúc tự nhiễu hành vân phi.,歌曲自繞行雲飛。
Thử thời hành lạc nan tái ngộ.,此時行樂難再遇，
Tây du nhân hiến “Trường dương phú”.,西遊因獻長楊賦。
"Bắc khuyết thanh vân bất khả kỳ,",北闕青雲不可期，
Đông sơn bạch thủ hoàn quy khứ.,東山白首還歸去。
"Vị kiều nam đầu nhất ngộ quân,",渭橋南頭一遇君，
Tán đài chi bắc hựu ly quần.,酇臺之北又離群。
"Vấn dư biệt hận tri đa thiểu,",問余別恨知多少，
Lạc hoa xuân mộ tranh phân phân.,落花春暮爭紛紛。
"Ngôn diệc bất khả tận,",言亦不可盡，
Tình diệc bất khả cực.,情亦不可極。
"Hô nhi trường quỵ giam thử từ,",呼兒長跪緘此辭，
Ký quân thiên lý dao tương ức.,寄君千里遙相憶。
"Ức tích bắc tầm tiểu hữu động,",憶昔北尋小有洞，
Hồng hà nộ đào quá khinh khả.,洪河怒濤過輕舸。
"Tân cần bất kiến Hoa Cái quân,",辛勤不見華蓋君，
Cấn sầm thanh huy thảm ma ma.,艮岑青輝慘麼麼。
"Thiên nhai vô nhân vạn hác tĩnh,",千崖無人萬壑靜，
Tam bộ hồi đầu ngũ bộ toạ.,三步回頭五步坐。
"Thu sơn nhãn lãnh hồn vị quy,",秋山眼冷魂未歸，
Tiên thưởng tâm vi lệ giao đoạ.,仙賞心違淚交墮。
"Đệ tử thuỳ y bạch mao thất,",弟子誰依白茅室，
Lư lão độc khởi thanh đồng toả.,盧老獨啟青銅鎖。
"Cân phất hương dư đảo dược trần,",巾拂香餘擣葯塵，
Giai trừ hôi tử thiêu đơn hoả.,階除灰死燒丹火。
"Huyền Phố, Thương Châu mãng không khoát,",懸圃滄洲莽空闊，
Kim tiết vũ y phiêu a na.,金節羽衣飄婀娜。
"Lạc nhật sơ hà siểm dư ánh,",落日初霞閃餘映，
Thúc hốt đông tây vô bất khả.,倏忽東西無不可。
"Tùng phong giản thuỷ thanh hợp thì,",松風澗水聲合時，
Thanh huỷ hoàng hùng đề hướng ngã.,青兕黃熊啼向我。
"Đồ nhiên tư ta phủ di tích,",徒然咨嗟撫遺蹟，
Chí kim mộng tưởng nhưng do tá.,至今夢想仍猶佐。
"Bí quyết ẩn văn tu nội giáo,",秘訣隱文須內教，
Vãn tuế hà công sứ nguyện quả.,晚歲何功使願果。
"Cánh thảo Hành Dương Đổng luyện sư,",更討衡陽董煉師，
Nam phù tảo cổ Tiêu Tương đà.,南浮早鼓瀟湘柁。
"Ức tích tiên hoàng tuần sóc phương,",憶昔先皇巡朔方，
Thiên thặng vạn kỵ nhập Hàm Dương.,千乘萬騎入咸陽。
"Âm Sơn kiêu tử hãn huyết mã,",陰山驕子汗血馬，
"Trường khu đông hồ, Hồ tẩu tàng.",長驅東胡胡走藏。
"Nghiệp Thành phản phúc bất túc quái,",鄴城反復不足怪，
Quan Trung tiểu nhi hoại kỷ cương.,關中小兒壞紀綱，
"Trương hậu bất lạc, thượng vi mang.",張后不樂上為忙。
"Chí kim, kim thượng do bát loạn,",至今今上猶撥亂，
Lao thân tiều tứ bổ tứ phương.,勞身焦思補四方。
"Ngã tích cận thị thao phụng dẫn,",我昔近侍叨奉引，
Xuất binh chỉnh túc bất khả đương.,出兵整肅不可當。
"Vi lưu mãnh sĩ thủ Vị Ương,",為留猛士守未央，
"Trí sứ Kỳ, Ung phòng Tây Khương.",致使岐雍防西羌。
"Khuyển Nhung trực lai toạ ngự sàng,",犬戎直來坐禦床，
Bách quan tiển túc tuỳ thiên vương.,百官跣足隨天王。
"Nguyện kiến bắc địa Phó Giới Tử,",願見北地傅介子，
Lão nho bất dụng thượng thư lang.,老儒不用尚書郎。
"Ức tích Khai Nguyên toàn thịnh nhật,",憶昔開元全盛日，
Tiểu ấp do tàng vạn gia thất.,小邑猶藏萬家室。
"Đạo mễ lưu chỉ, túc mễ bạch,",稻米流脂粟米白，
Công tư thương lẫm câu phong thật.,公私倉廩俱豐實。
"Cửu châu đạo lộ vô sài hổ,",九州道路無豺虎，
Viễn hành bất lao cát nhật xuất.,遠行不勞吉日出。
"Tề hoàn, Lỗ cảo xa ban ban,",齊紈魯縞車班班，
Nam canh nữ tang bất tương thất.,男耕女桑不相失。
"Cung trung thánh nhân tấu vân môn,",宮中聖人奏雲門，
Thiên hạ bằng hữu giai giao tất.,天下朋友皆膠漆。
"Bách dư niên gian vị tai biến,",百餘年間未災變，
"Thúc Tôn lễ nhạc, Tiêu Hà luật.",叔孫禮樂蕭何律。
Khởi văn nhất quyên trị vạn tiền.,豈聞一絹直萬錢，
"Hữu điền chủng cốc kim lưu huyết,",有田種穀今流血。
"Lạc Dương cung điện thiêu phần tận,",洛陽宮殿燒焚盡，
Tông miếu tân trừ hồ thố huyệt.,宗廟新除狐兔穴。
"Thương tâm bất nhẫn vấn kỳ cựu,",傷心不忍問耆舊，
Phục khủng sơ tòng loạn ly thuyết.,復恐初從亂離說。
"Tiểu thần lỗ độn vô sở năng,",小臣魯鈍無所能，
Triều đình ký thức mông lộc trật.,朝廷記識蒙祿秩。
"Chu tuyên trung hưng vọng ngã hoàng,",周宣中興望我皇，
Sái huyết Giang Hán thân suy tật.,灑血江漢身衰疾。
"Dương Tử tân đầu phong sắc khỉ,",揚子津頭風色起，
Lang phàm nhất khai tam bách lý.,郎帆一開三百里。
"Giang kiều thuỷ sách đa tửu lô,",江橋水柵多酒壚，
Nữ nhi giải ca sơn giá cô.,女兒解歌山鷓鴣。
"Vũ Xương tây thượng Ba Lăng đạo,",武昌西上巴陵道，
Văn lang xứ xứ kinh qua hảo.,聞郎處處經過好。
"Anh đào thục thời lang bất quy,",櫻桃熟時郎不歸，
Khách trung thuỳ vị phùng xuân y.,客中誰為縫春衣。
"Mạch đầu không vấn tì bà bốc,",陌頭空問琵琶卜，
Dục quy bất quy tại lang túc.,欲歸不歸在郎足。
"Lang tâm trọng lợi khinh phong ba,",郎心重利輕風波，
Tại gia nhật thiểu hành lộ đa.,在家日少行路多。
"Thiếp kim năng sử ô đầu bạch,",妾今能使烏頭白，
Bất năng sử lang hưu tác khách.,不能使郎休作客。
"Đông lân gia hữu ưu nhân trú,",東鄰家有優人住，
Dạ bán ưu nhân ngữ ưu phụ:,夜半優人語優婦：
"“Ngã diệc thời thường tố hảo quan,",我亦時常做好官，
Như hà nhân giai bất ngã cụ?”,如何人皆不我懼？
Ưu phụ đại nộ mạ kỳ phu:,優婦大怒罵其夫：
“Nhĩ niên ký lão hà thái ngu!,爾年既老何太愚。
"Hạnh tai hôn mộ nhân bất thức,",幸哉昏暮人不識，
Nhân hoặc thức chi di thiếp tu.,人或識之貽妾羞。
Thế gian kinh nhân đãn hữu nhị:,世間驚人但有二：
"Nhất năng sinh nhân, nhất năng tử.",一能生人一能死。
"Nhĩ ký bất năng sinh tử nhân,",爾既不能生死人，
Như hà nhân nhân giai cụ nhĩ.,如何人人皆懼爾。
"Thả dã nhĩ gia bản bần hàn,",且也爾家本貧寒，
Triêu tịch bài ưu cầu nhất xan.,朝夕排優求一餐。
"Bài ưu quân tướng thả bất cụ,",排優君將且不懼，
Hà huống nhĩ vi bài ưu quan.”,何況爾為排優官。
"Minh hà phất hoảng nguyệt thê thiềm,",明河拂愰月棲簷，
Kinh ô hào lâm huỳnh nhập liêm.,驚烏號林螢入簾。
"Mỹ nhân dao dạ ca uyển chuyển,",美人遙夜歌宛轉，
La y bất bích cung hoàng thiển.,羅衣不襞宮黃淺。
"Sầu thính cánh lậu chuyển phân minh,",愁聽更漏轉分明，
Đãn đãn lâu đầu ngũ cổ thanh.,紞紞樓頭五皷聲。
"Uyên Ương hồ bạn thảo niêm thiên,",鴛鴦湖畔草黏天，
Nhị nguyệt xuân thâm hảo phóng thuyền.,二月春深好放船。
"Liễu diệp loạn phiêu thiên xích vũ,",柳葉亂飄千尺雨，
Đào hoa tà đới nhất khê yên.,桃花斜帶一溪煙。
"Yên vũ mê ly bất tri xứ,",煙雨迷離不知處，
Cựu đê khước nhận môn tiền thụ.,舊堤卻認門前樹。
"Thụ thượng lưu oanh tam lưỡng thanh,",樹上流鶯三兩聲，
Thập niên thử địa biển chu trụ.,十年此地扁舟住。
"Chủ nhân ái khách cẩm diên khai,",主人愛客錦筵開，
Thuỷ các phong xuy tiếu ngữ lai.,水閣風吹笑語來。
"Hoạ cổ đội thôi Đào Diệp kỹ,",畫鼓隊催桃葉伎，
Ngọc tiêu thanh xuất chá chi đài.,玉簫聲出柘枝臺。
"Khinh ngoa trách tụ kiều trang thúc,",輕靴窄袖嬌妝束，
Thuý quản phồn huyền cạnh truy trục.,脆管繁弦競追逐。
"Vân hoàn tử đệ án nghê thường,",雲鬟子弟按霓裳，
Tuyết diện tham quân vũ cù dục.,雪面參軍舞鴝鵒。
"Tửu tận di thuyền khúc tạ tê,",酒盡移船曲榭西，
Mãn hồ đăng hoả tuý nhân quy.,滿湖燈火醉人歸。
"Triêu lai biệt tấu tân phiên khúc,",朝來別奏新翻曲，
Cánh xuất hồng trang hướng liễu đê.,更出紅妝向柳堤。
"Hoan lạc triêu triêu kiêm mộ mộ,",歡樂朝朝兼暮暮，
Thất quý tam công hà túc sổ?,七貴三公何足數？
"Thập bức bồ phàm kỷ xích phong,",十幅蒲帆幾尺風，
Xuy quân trực thướng Trường An lộ.,吹君直上長安路。
"Trường An phú quý ngọc thông kiêu,",長安富貴玉驄驕，
Thị nữ huân hương hộ tảo triều.,侍女薰香護早朝。
"Phân phó Nam hồ cựu hoa liễu,",分付南湖舊花柳，
Hảo lưu yên nguyệt bạn quy nhiêu.,好留煙月伴歸橈。
"Na tri chuyển nhãn phù sinh mộng,",那知轉眼浮生夢，
Tiêu tiêu nhật ảnh bi phong động.,蕭蕭日影悲風動。
"Trung tán đàn cầm cánh vị chung,",中散彈琴竟未終，
Sơn công khải sự thành hà dụng?,山公啟事成何用？
"Đông thị triều y nhất đán hưu,",東市朝衣一旦休，
Bắc Mang phôi thổ diệc nan lưu.,北邙坯土亦難留。
"Bạch dương thượng tác tha nhân thụ,",白楊尚作他人樹，
Hồng phấn tri phi cựu nhật lâu.,紅粉知非舊日樓。
"Phong hoả danh viên soán hồ thố,",烽火名園竄狐兔，
Hoạ các thâu khuy lão binh nộ.,畫閣偷窺老兵怒。
"Ninh sử đương thời một huyền quan,",寧使當時沒縣官，
Bất kham triều thị đô phi cố.,不堪朝市都非故。
"Ngã lai ỷ trạo hướng hồ biên,",我來倚棹向湖邊，
Yên Vũ đài không bội võng nhiên.,煙雨臺空倍惘然。
"Phương thảo sạ nghi ca phiến lục,",芳草乍疑歌扇綠，
Lạc anh thác nhận vũ y tiên.,落英錯認舞衣鮮。
"Nhân sinh khổ lạc giai trần tích,",人生苦樂皆陳跡，
Niên khứ niên lai kham thống tích.,年去年來堪痛惜。
"Văn địch hưu ta Thạch Quý Luân,",聞笛休嗟石季倫，
Hàm bôi thả hiệu Đào Bành Trạch.,銜杯且效陶彭澤。
"Quân bất kiến: Bạch lãng hân thiên nhất diệp nguy,",君不見白浪掀天一葉危，
Thu can hoàn phạ chuyển thuyền trì.,收竿還怕轉船遲。
"Thế nhân vô hạn phong ba khổ,",世人無限風波苦，
Du dữ giang hồ điếu tẩu tri.,輸與江湖釣叟知。
"Sóc phong xuy tuyết dã mang mang,",朔風吹雪野茫茫，
Nhất khúc Hồ già lệ vạn hàng.,一曲胡笳淚萬行。
"Do thắng tì bà sầu xuất tái,",猶勝琵琶愁出塞，
Lý Lăng đài bạn nguyệt như sương.,李陵台畔月如霜。
"Bất tích thiên kim thục thái xu,",不惜千金贖蔡姝，
A Man cao nghĩa cổ kim vô.,阿瞞高義古今無。
"Độc liên tha nhật Vương Mao kiếm,",獨憐他日王髦劍，
Bắc hải hà tằng thế lưỡng sồ.,北海何曾貰兩雛。
"Thuỳ gia tư phụ thu đảo bạch,",誰家思婦秋搗帛，
Nguyệt khổ phong thê châm chử bi.,月苦風淒砧杵悲。
"Bát nguyệt cửu nguyệt chính trường dạ,",八月九月正長夜，
Thiên thanh vạn thanh vô liễu thì.,千聲萬聲無了時。
"Ưng đáo thiên minh đầu tận bạch,",應到天明頭盡白，
Nhất thanh thiêm đắc nhất hành ty.,一聲添得一莖絲。
"Giang thuỷ trừng thanh giang nguyệt bạch,",江水澄清江月白，
Dạ long biển chu Nam Phố dịch.,夜攏扁舟南浦驛。
"Thuỳ gia niên thiếu bất giải sầu,",誰家年少不解愁，
Tần hướng thuyền đầu khổ xuy địch.,頻向船頭苦吹笛。
"Địch thanh phiêu phiêu cao nhập vân,",笛聲飄飄高入雲，
Ly nhân cánh sầu bất nhẫn văn.,離人更愁不忍聞。
"Thương thanh liệu lượng vũ thanh cấp,",商聲嘹亮羽聲急，
Mai hoa lạc tận Giang Nam xuân.,梅花落盡江南春。
"Mai hoa dĩ hiết phục tam lộng,",梅花已歇復三弄，
Ly nhân thính chi sầu nhập mộng.,離人聽之愁入夢。
"Thính chi thế lệ thuỳ tối đa,",聽之涕淚誰最多，
Lĩnh Nam cuồng khách thành bàng đà.,嶺南狂客成滂沱。
"Khương hầu thiết khoái đương nghiêm đông,",姜侯設膾當嚴冬，
Tạc nhật kim nhật giai thiên phong.,昨日今日皆天風。
"Hà đống vị ngư bất dị đắc,",河凍未漁不易得，
Tạc băng khủng xâm Hà bá cung.,鑿冰恐侵河伯宮。
"Ung nhân thụ ngư Giao nhân thủ,",饔人受魚鮫人手，
Tẩy ngư ma đao ngư nhãn hồng.,洗魚磨刀魚眼紅。
"Vô thanh tế hạ phi toái tuyết,",無聲細下飛碎雪，
Hữu cốt dĩ đoá tuỷ xuân thông.,有骨已剁觜春蔥。
"Thiên khuyến phúc du quý niên thiếu,",偏勸腹腴愧年少，
Nhuyễn xuy hương phạn duyên lão ông.,軟炊香飯緣老翁。
"Lạc châm hà tằng bạch chỉ thấp,",落砧何曾白紙濕，
Phóng trợ vị giác kim bàn không.,放箸未覺金盤空。
"Tân hoan tiện bão Khương hầu đức,",新歡便飽姜侯德，
Thanh tràng dị vị tình lũ cực.,清觴異味情屢極。
"Đông qui tham lộ tự giác nan,",東歸貪路自覺難，
Dục biệt thướng mã thân vô lực.,欲別上馬身無力。
"Khả liên vi nhân hảo tâm sự,",可憐為人好心事，
Ư ngã kiến tử chân nhan sắc.,於我見子真顏色。
"Bất hận ngã suy tử quý thì,",不恨我衰子貴時，
Trướng vọng thả vi kim tương ức.,悵望且為今相憶。
"Đình đình bảo cái cao ma vân,",亭亭寶蓋高摩雲，
"Kim tiên cung khuyết, vô phàm trần.",金仙宮闕無凡塵。
"Tuyệt phong cánh hữu học Phật giả,",絕峰更有學佛者，
Thanh phong minh nguyệt tương vị lân.,清風明月相蒍鄰。
"Thanh phong táp địa vô hưu yết,",清風匝地無休歇，
Minh nguyệt đương không kiểu băng tuyết.,明月當空皦冰雪。
"Thử phong, thử nguyệt dữ thử nhân,",此風此月與此人，
Hợp thành thiên hạ tam kỳ tuyệt.,合成天下三奇絕。
"Cao Đường mộ đông tuyết tráng tai,",高唐暮冬雪壯哉，
Cựu chướng vô phục tự trần ai.,舊瘴無復似塵埃。
"Nhai trầm cốc một bạch ngai ngai,",崖沉穀沒白皚皚，
Giang thạch khuyết liệt thanh phong tồi.,江石缺裂青楓摧。
"Nam thiên tam tuần khổ vụ khai,",南天三旬苦霧開，
"Xích nhật chiếu diệu tòng tây lai,",赤日照耀從西來，
Lục long hàn cấp quang bùi hồi.,六龍寒急光裴回。
"Chiếu ngã suy nhan hốt lạc địa,",照我衰顏忽落地，
Khẩu tuy ngâm vịnh tâm trung ai.,口雖吟詠心中哀。
"Vị quái cập thì thiếu niên tử,",未怪及時少年子，
Dương my kết nghĩa hoàng kim đài.,揚眉結義黃金臺。
"Kịp hồ ngô sinh hà phiêu linh,",洎乎吾生何飄零，
Chi ly uỷ tuyệt đồng tử hôi.,支離委絕同死灰。
"Sơn khởi nhẫn mai thành khí ngọc,",山豈忍埋成器玉，
Nguyệt không tự chiếu thiếu niên hồn.,月空自照少年魂。
"Hải nội thanh hoa tịnh tại thân,",海內聲華並在身，
Khiếp trung văn tự tuyệt vô luân.,篋中文字絕無倫。
"Dao tri độc đối phong chương thảo,",遙知獨對封章草，
Hốt ức đồng vi hiến nạp thần.,忽憶同為獻納臣。
"Tẩu bút vãng lai doanh quyển trục,",走筆往來盈卷軸，
Trừ quan đệ hỗ chưởng ty luân.,除官遞互掌絲綸。
"Chế tòng Trường Khánh từ cao cổ,",制從長慶辭高古，
Thi đáo Nguyên Hoà thể biến tân.,詩到元和體變新。
"Các hữu Văn Cơ tài trĩ xỉ,",各有文姬才稚齒，
Câu vô Thông Tử kế dư trần.,俱無通子繼餘塵。
"Cầm thư hà tất cầu Vương Xán,",琴書何必求王粲，
Dữ nữ do thắng dữ ngoại nhân.,與女猶勝與外人。
"Đỉnh hồ đương nhật khí nhân gian,",鼎湖當日棄人間，
Phá địch thâu kinh há Ngọc Quan.,破敵收京下玉關。
"Đỗng khốc lục quân câu cảo tố,",慟哭六軍俱縞素，
Xung quan nhất nộ vị hồng nhan.,衝冠一怒為紅顏。
"Hồng nhan lưu lạc phi ngô luyến,",紅顏流落非吾戀，
Nghịch tặc thiên vong tự hoang yến.,逆賊天亡自荒讌。
"Điện tảo Hoàng Cân định Hắc Sơn,",電掃黃巾定黑山，
Khốc bãi quân thân tái tương kiến.,哭罷君親再相見。
"Tương kiến sơ kinh Điền, Đậu gia,",相見初經田竇家，
Hầu môn ca vũ xuất như hoa.,侯門歌舞出如花。
"Hứa tương thích lý không hầu kỹ,",許將戚里箜篌伎，
Đẳng thủ tướng quân du bích xa.,等取將軍油壁車。
"Gia bản Cô Tô Cán Hoa lý,",家本姑蘇浣花里，
Viên Viên tiểu tự kiều la ỷ.,圓圓小字嬌羅綺。
"Mộng hướng Phù Sai uyển lý du,",夢向夫差苑裡遊，
Cung nga ủng nhập quân vương khởi.,宮娥擁入君王起。
"Tiền thân hợp thị thái liên nhân,",前身合是採蓮人，
Môn tiền nhất phiến Hoành Đường thuỷ.,門前一片橫塘水。
"Hoành Đường song tương khứ như phi,",橫塘雙槳去如飛，
Hà xứ hào gia cưỡng tải quy.,何處豪家強載歸？
"Thử tế khởi tri phi bạc mệnh,",此際豈知非薄命，
Thử thì chỉ hữu lệ triêm y.,此時只有淚沾衣。
"Huân thiên ý khí liên cung dịch,",薰天意氣連宮掖，
Minh mâu hạo xỉ vô nhân tích.,明眸皓齒無人惜。
"Đoạt quy vĩnh hạng bế lương gia,",奪歸永巷閉良家，
Giáo tựu tân thanh khuynh toạ khách.,教就新聲傾座客。
"Toạ khách phi trường hồng nhật mộ,",座客飛觴紅日暮，
Nhất khúc ai huyền hướng thuỳ tố.,一曲哀弦向誰訴？
"Bạch tích thông hầu tối thiếu niên,",白皙通侯最少年，
Giản thủ hoa chi lũ hồi cố.,揀取花枝屢迴顧。
"Tảo huề kiều điểu xuất phàn lung,",早攜嬌鳥出樊籠，
Đãi đắc Ngân Hà kỷ thì độ?,待得銀河幾時渡。
"Hận sát quân thư để tử thôi,",恨殺軍書抵死催，
Khổ lưu hậu ước tương nhân ngộ.,苦留後約將人誤。
"Tương ước ân thâm tương kiến nan,",相約恩深相見難，
"Nhất triêu nghĩ tặc mãn Trường An,",一朝蟻賊滿長安。
"Khả liên tư phụ lâu đầu liễu,",可憐思婦樓頭柳，
Nhận tác thiên biên phấn nhứ khan.,認作天邊粉絮看。
"Biến sách Lục Châu vi nội đệ,",遍索綠珠圍內第，
Cưỡng hô Giáng Thụ xuất điêu lan.,強呼絳樹出雕欄。
"Nhược phi tướng sĩ toàn sư thắng,",若非將士全師勝，
Tranh đắc nga mi thất mã hoàn.,爭得蛾眉匹馬還？
"Nga mi mã thượng truyền hô tiến,",蛾眉馬上傳呼進，
Vân hoàn bất chỉnh kinh hồn định.,雲鬟不整驚魂定。
"Lạp cự nghênh lai tại chiến trường,",蠟炬迎來在戰場，
Đề trang mãn diện tàn hồng ấn.,啼妝滿面殘紅印。
"Chuyên chinh tiêu cổ hướng Tần Xuyên,",專征簫鼓向秦川，
Kim Ngưu đạo thượng xa thiên thặng.,金牛道上車千乘。
"Tà Cốc vân thâm khởi hoạ lâu,",斜谷雲深起畫樓，
Tản Quan nguyệt lạc khai trang kính.,散關月落開妝鏡。
"Truyền lai tiêu tức mãn giang hương,",傳來消息滿江鄉，
Ô cữu hồng kinh thập độ sương.,烏臼紅經十度霜。
"Giáo khúc kỹ sư liên thượng tại,",教曲妓師憐尚在，
Cán sa nữ bạn ức đồng hành.,浣紗女伴憶同行。
"Cựu sào cộng thị hàm nê yến,",舊巢共是啣泥燕，
Phi thượng chi đầu biến phượng hoàng.,飛上枝頭變鳳凰。
"Trường hướng tôn tiền bi lão đại,",長向尊前悲老大，
Hữu nhân phu tế thiện hầu vương.,有人夫婿擅侯王。
"Đương thời chỉ thụ thanh danh luỵ,",當時祇受聲名累，
Quý thích danh hào cạnh diên trí.,貴戚名豪競延致。
"Nhất hộc minh châu vạn hộc sầu,",一斛明珠萬斛愁，
Quan sơn phiêu bạc yêu chi tế.,關山漂泊腰支細。
"Thác oán cuồng phong dương lạc hoa,",錯怨狂風颺落花，
Vô biên xuân sắc lai thiên địa.,無邊春色來天地。
"Thường văn khuynh quốc dữ khuynh thành,",嘗聞傾國與傾城，
Phiên sử Chu Lang thụ trọng danh.,翻使周郎受重名。
"Thê tử khởi ưng quan đại kế,",妻子豈應關大計，
Anh hùng vô nại thị đa tình.,英雄無奈是多情。
"Toàn gia bạch cốt thành hôi thổ,",全家白骨成灰土，
Nhất đại hồng trang chiếu hãn thanh.,一代紅妝照汗青。
Quân bất kiến:,君不見：
"Quán Oa sơ khởi uyên ương túc,",館娃初起鴛鴦宿，
Việt nữ như hoa khan bất túc.,越女如花看不足。
"Hương kính trần sinh điểu tự đề,",香徑塵生鳥自啼，
Tiệp lang nhân khứ đài không lục.,屧廊人去苔空綠。
"Hoán vũ di cung vạn lý sầu,",換羽移宮萬里愁，
Châu ca thuý vũ cổ Lương Châu.,珠歌翠舞古梁州。
"Vị quân biệt xướng Ngô cung khúc,",為君別唱吳宮曲，
Hán thuỷ đông nam nhật dạ lưu.,漢水東南日夜流。
"Khuyến lang mạc thực Giám Hồ ngư,",勸郎莫食鑒湖魚，
Khuyến lang mạc khí biệt thời y.,勸郎莫棄別時衣。
"Hồ trung lý ngư hảo ký tín,",湖中鯉魚好寄信，
Biệt thời y hữu vạn điều ti.,別時衣有萬條絲。
"Luyến lang tư lang phi nhất triêu,",戀郎思郎非一朝，
Hảo tự Tinh Châu hoa tiễn đao.,好似並州花剪刀。
"Nhất cổ tại nam nhất cổ bắc,",一股在南一股北，
Kỷ thời tài đắc hợp hoan bào.,幾時裁得合歡袍。
"Việt Vương đài hạ thị nông gia,",越王臺下是儂家，
Nhất xích long toa học chức sa.,一尺龍梭學織紗。
"Nguyện lang mạc tài lê tử thụ,",愿郎莫栽梨子樹，
Già khước phòng tiền dạ hợp hoa.,遮卻房前夜合花。
"Khê đầu tống lang thượng lan chu,",溪頭送郎上蘭舟，
Độc túc xuân phong Yến Tử lâu.,獨宿春風燕子樓。
"Khê thuỷ hữu thời can đáo để,",溪水有時乾到底，
Bất như nông lệ tứ thời lưu.,不如儂淚四時流。
"A nông tu sát hoàng mạo lang,",阿儂羞殺黄帽郎，
Quế chu lan tiếp tảo trung tàng.,桂舟蘭楫藻中藏。
"Lô trúc sinh hoa thu mãn địa,",蘆竹生花秋滿地，
Trạo ca tài động tiện tầm lang.,棹歌才動便尋榔。
"Phấn ngân tuỳ lệ thấp xuân la,",粉痕隨淚溼春羅，
Lang tự ba tiêu nông tự hà.,郎似芭蕉儂似荷。
"Hà diệp đoàn viên ánh liên nhị,",荷葉團圓映蓮蕊，
Bất bỉ ba tiêu văn lộ đa.,不比芭蕉紋路多。
"Vị lang hữu ý biện la thường,",為郎有意辦羅裳，
Tú thành hoa điểu hảo văn chương.,綉成花鳥好文章。
"Hoàng hôn hàm sầu bất cảm tiễn,",黄昏含愁不敢剪，
Chỉ khủng phân khai song phụng hoàng.,只恐分開雙鳳凰。
"Xuân vọng san đầu tùng bách chu,",春望山頭松百株，
Nhược Da khê lý hảo hoàng ngư.,若耶溪里好黄魚。
"Hoàng ngư thượng đắc thanh tùng thụ,",黄魚上得青松樹，
A nông thuỷ thị khí lang thì.,阿儂始是棄郎時。
"Thánh nhân xử sự viễn đại tai,",圣人處事遠大哉，
Nhĩ mục tầm thường sở nan thức.,耳目尋常所難識。
"Thuận thế trúc đê hạn Bắc Nam,",順势築堤限北南，
Hoành trường nhất đái như thằng trực.,橫長一帶如绳直。
"Trung gian thiết đậu biệt cam hàm,",中間設竇別甘鹹，
"Súc tiết thu khai, hạ bế tắc.",畜泄秋開夏閉塞。
"Thượng du tòng thử lợi nông công,",上游從此利農功，
Tuế lũ phong nhương nhân lạp thực.,歲屡豐穰人粒食。
"Miện hoài du dự thị niên niên,",眄懷遊豫是年年，
Tỉnh tỉnh canh thời điếu dặc thiên.,省省耕辰釣弋天。
"Du du hề hải uông uông thuỷ,",悠悠兮海汪汪水，
Trường sử đổ hà tư đế đức.,長使覩河思帝德。
"Đôi sơn trừu xuất nhất chi long,",堆山抽出一支龍，
Nhất đốn nhất khởi tương tiếp tục.,一頓一起相接續。
"Hoành khai dịch lộ thế tồi ngôi,",橫開驿路势崔嵬，
Lập vọng sơn hình như tượng phục.,立望山形如象伏。
"Đương niên giá hạnh ngẫu đình tham,",當年駕幸偶停驂，
Phụng tích gia danh Phước Tượng nham.,奉錫嘉名福象岩。
"Sơn khê đáo thử hạn Nam Bắc,",山溪到此限南北，
Phú Lộc thất tổng quy bắc tam.,富禄七總歸北三。
"Mã tích băng hồng phục độ hải,",馬蹟崩洪復渡海，
Trùng trùng dinh trại khởi Linh Thái.,重重營寨起靈蔡。
"Thuý Vân sơn thế cực nguy nga,",翠雲山势極巍峩，
Hồi cố Đôi Sơn ngoại triều bái.,囬顧堆山外朝拜。
"Thoát thai căn cốt hạ bình sa,",脫胎根骨下平沙，
Thôn lạc tương vọng thiên vạn gia.,村落相望千萬家。
"Tri chỉ an dương sổ bách lý,",知止安洋数百里，
Kinh thành nhất vọng đại bao la.,京城一望大包羅。
"Đông phong viên lâm hoa thảo hương,",東風園林花草香，
Phương khuê tịch mịch xuân trú trường.,芳閨寂寞春晝長。
"Giai nhân độc thủ tình mặc mặc,",佳人獨守情默默，
Ngân sàng cẩm bị nhàn uyên ương.,銀床錦被閒鴛鴦。
"Chung triêu quyện tú niêm châm chỉ,",終朝倦繡拈針指，
Phạ hướng hoa tiền thính oanh ngữ.,怕向花前聽鶯語。
"Hoán hồi cựu sự thiên vạn đoan,",喚回舊事千萬端，
Hạnh kiểm nga mi lệ như vũ.,杏臉蛾眉淚如雨。
"Ngọc lang khứ niên từ gia thì,",玉郎去年辭家時，
Lục dương hồng hạnh kiều xuân huy.,綠楊紅杏嬌春暉。
"Lục dương hồng hạnh sắc như cựu,",綠楊紅杏色如舊，
Trướng vọng ngọc lang do vị quy.,悵望玉郎猶未歸。
"Nhất xuân ngư nhạn âm thư tuyệt,",一春魚雁音書絕，
Tuyết phu tiêu sấu thiên tràng kết.,雪膚消瘦千腸結。
"Đoạn tràng độc lập kỷ hoàng hôn,",斷腸獨立幾黃昏，
Na cánh thanh san khổ đề quyết.,那更青山苦啼鴂。
"Quốc sơ dĩ lai hoạ yên mã,",國初已來畫鞍馬，
"Thần diệu độc số Giang Đô Vương,",神妙獨數江都王。
"Tướng quân đắc danh tam thập tải,",將軍得名三十載，
Nhân gian hựu kiến chân Thừa Hoàng.,人間又見真乘黃。
"Tằng mạc tiên đế Chiếu Dạ Bạch,",曾貌先帝照夜白，
Long trì thập nhật phi tích lịch.,龍池十日飛霹靂。
Nội phủ ân hồng mã não bàn.,內府殷紅瑪瑙盤，
Tiệp dư truyền chiếu tài nhân sách.,婕妤傳詔才人索。
"Bàn tứ tướng quân bái vũ quy,",盤賜將軍拜舞歸，
"Khinh hoàn tế ỷ tương truy phi,",輕紈細綺相追飛。
"Quý thích quyền môn đắc bút tích,",貴戚權門得筆跡，
Thuỷ giác bình chướng sinh quang huy.,始覺屏障生光輝。
"Tích nhật Thái Tông Quyền Mao Qua,",昔日太宗拳毛騧，
Cận thì Quách gia Sư Tử Hoa.,近時郭家獅子花。
"Kim chi tân đồ hữu nhị mã,",今之新圖有二馬，
Phục linh thức giả cửu thán ta.,復令識者久歎嗟。
"Thử giai kỵ chiến nhất địch vạn,",此皆騎戰一敵萬，
Cảo tố mạc mạc khai phong sa.,縞素漠漠開風沙。
"Kỳ dư thất thất diệc thù tuyệt,",其餘七匹亦殊絕，
Quýnh nhược hàn không động yên tuyết.,迥若寒空動煙雪。
"Sương đề xúc đạp trường thu gian,",霜蹄蹴踏長楸間，
Mã quan tư dưỡng sâm thành liệt.,馬官廝養森成列。
"Khả liên cửu mã tranh thần tuấn,",可憐九馬爭神駿，
Cố thị thanh cao khí thâm ổn.,顧視清高氣深穩。
Tá vấn khổ tâm ái giả thuỳ?,借問苦心愛者誰，
"Hậu hữu Vi Phúng, tiền Chi Độn.",後有韋諷前支遁。
"Ức tích tuần hạnh Tân Phong cung,",憶昔巡幸新豐宮，
Thuý hoa phất thiên lai hướng đông.,翠華拂天來向東。
"Đằng tương lỗi lạc tam vạn thất,",騰驤磊落三萬匹，
Giai dữ thử đồ cân cốt đồng.,皆與此圖筋骨同。
"Tự tòng hiến bảo triều Hà Tông,",自從獻寶朝河宗，
Vô phục xạ giao giang thuỷ trung.,無復射蛟江水中。
Quân bất kiến:,君不見：
"Kim Túc đôi tiền tùng bách lý,",金粟堆前松柏裡，
Long môi khứ tận điểu hô phong!,龍媒去盡鳥呼風。
"Lạc Dương tam nguyệt lê hoa phi,",洛陽三月梨花飛，
Tần địa hành nhân xuân ức quy.,秦地行人春憶歸。
"Dương tiên tẩu mã thành nam mạch,",揚鞭走馬城南陌，
Triêu phùng dịch sứ Tần Xuyên khách.,朝逢驛使秦川客。
"Dịch sứ tiền nhật phát Chương Đài,",驛使前日發章台，
Chuyển đạo Trường An xuân tảo lai.,轉道長安春早來。
"Đường lê cung trung yến sơ chí,",棠梨宮中燕初至，
Bồ Đào quán lý hoa chính khai.,葡萄館裏花正開。
"Niệm thử sứ nhân quy cánh tảo,",念此使人歸更早，
Tam nguyệt tiện đạt Trường An đạo.,三月便達長安道。
"Trường An đạo thượng xuân khả liên,",長安道上春可憐，
Dao phong đãng nhật Khúc Giang biên.,搖風蕩日曲江邊。
"Vạn hộ lâu đài lâm Vị thuỷ,",萬戶樓臺臨渭水，
Ngũ Lăng hoa liễu mãn Tần Xuyên.,五陵花柳滿秦川。
"Tần Xuyên hàn thực thịnh phồn hoa,",秦川寒食盛繁華，
Du tử xuân lai bất kiến gia.,遊子春來不見家。
"Đấu kê hạ đỗ trần sơ hợp,",鬥雞下杜塵初合，
Tẩu mã Chương Đài nhật bán tà.,走馬章台日半斜。
"Chương Đài đế thành xưng quý lý,",章台帝城稱貴裏，
Thanh lâu nhật vãn ca chung khỉ.,青樓日晚歌鐘起。
"Quý lý hào gia bạch mã kiêu,",貴裏豪家白馬驕，
Ngũ Lăng niên thiếu bất tương nhiêu.,五陵年少不相饒。
"Song song hiệp đàn lai Kim thị,",雙雙挾彈來金市，
Lưỡng lưỡng minh tiên thượng Vị kiều.,兩兩鳴鞭上渭橋。
"Vị Thành kiều đầu tửu tân thục,",渭城橋頭酒新熟，
Kim yên bạch mã thuỳ gia túc.,金鞍白馬誰家宿。
"Khả liên cẩm sắt tranh tì bà,",可憐錦瑟箏琵琶，
Ngọc hồ thanh tửu tựu xương gia.,玉壺清酒就倡家。
"Tiểu phụ xuân lai bất giải ta,",小婦春來不解嗟，
Kiều ca nhất khúc “Dương liễu hoa”.,嬌歌一曲楊柳花。
"Tổ sư di hạ nhất chỉ lý,",祖師遺下一只履，
Thiên cổ vạn cổ bá nhân nhĩ.,千古萬古播人耳。
"Không tự kiên đảm tiển túc hành,",空自肩擔跣足行，
Hà tằng đạp trước tự gia để.,何曾踏著自家底。
"Môn đối vân tiêu bích ngọc lưu,",門對雲霄碧玉流，
Sổ thanh ngư địch nhất giang thu;,數聲漁笛一江秋；
"Hành dương nhạn đoạn sở thiên khoát,",衡陽雁斷楚天闊，
Kỷ độ triều lai vấn quá chu.,幾度朝來問過舟。
"Dương đài ngọc yết hành vân hạnh,",陽臺玉歇行雲杏，
Khung thương hồng hy xuân tiễu tiễu;,穹蒼鴻稀春悄悄；
"Uyên ương cô miên oán phương thảo,",鴛鴦孤眠怨芳草，
Dạ dạ tương tư hà thời liễu.,夜夜相思何時瞭。
"Thiếp phi vô thanh bất cảm đề,",妾非無聲不敢啼，
Thiếp phi vô lệ bất cảm thuỳ;,妾非無淚不敢垂；
"Nhu tình khi tổn thanh đại my,",柔情欺損青黛眉，
Xuân phong trước nhân ý tiêu tác.,春風著人意蕭索。
"Lục song thư tự ký tâm khúc,",綠窗書字寄心曲，
Tế khán hương hàn uyển thả nhu;,細看香翰婉且柔；
"Trung hữu nhàn sầu tam vạn hộc,",中有閑愁三萬觳，
Hướng ngung khí bút trù trướng thời.,向隅棄筆惆悵時。
"Thử tình mặc mặc thuỳ đắc tri,",此情默默誰得知，
Vô ngôn tương kiến không tương ức;,無言相見空相憶；
"Ký nhiên tương tư nhạ nhân sầu,",既然相思惹人愁，
Bất như đương nhật hưu tương thức.,不如當日休相識。
"Xuân vũ mông mông bất kiến thiên,",春雨濛濛不見天，
Gia gia môn ngoại liễu như yên;,家家門外柳如煙；
"Như kim đoạn trường không thuỳ lệ,",如今斷腸空垂淚，
Hoan tiếu trùng truy biệt kinh niên.,歡笑重追別經年。
"Vọng thu nguyệt,",望秋月，
Tại gia kiến nguyệt như đẳng nhàn.,在家見月如等閒。
"Kỷ độ thiên nhai vọng thu nguyệt,",幾度天涯望秋月，
Minh nguyệt tuy đồng phi cố sơn.,明月雖同非故山。
"Cử đầu vấn minh nguyệt,",舉頭問明月，
Cổ vãng kim lai kỷ viên khuyết?,古往今來幾圓缺？
"Minh nguyệt như hữu ngôn,",明月如有言，
Vấn ngã thiếu niên kim bạch phát.,問我少年今白髮。
"Quân bất kiến,",君不見，
"Phần thuỷ thu phong hồng nhạn lai,",汾水秋風鴻雁來，
Nghiệp trung ca vũ tận thương đài.,鄴中歌舞盡蒼苔。
"Ưu hoan chỉ vấn kim thì nguyệt,",憂歡只問今時月，
Tằng chiếu ly cung dữ lộ đài.,曾照離宮與露台。
"Kim nguyệt ưng tương cổ nguyệt đồng,",今月應將古月同，
Cổ nhân kim tại cửu tuyền trung.,古人今在九泉中。
"Thuỳ ngôn kim túc Tây Lăng hạ,",誰言金粟西陵下，
Bất kiến lưu quang đáo tử cung.,不見流光到梓宮。
"Vu sơn Vu giáp liên Tam Ba,",巫山巫峽連三巴，
Viên đề tam thanh khách tư gia.,猿啼三聲客思家。
"Đình chu thính chi thanh vị liễu,",停舟聽之聲未了，
Khước quá thanh chi do diểu diểu.,卻過青枝猶裊裊。
"Dã nhân sạ lai Cẩm cung thành,",野人乍來錦宮城，
Thanh thu mãn giáp đề viên thanh.,清秋滿峽啼猿聲。
"Hoàng Ngưu than thượng oán phong lạc,",黃牛灘上怨楓落，
Bạch Đế từ tiền ai nguyệt minh.,白帝祠前哀月明。
"Thương thanh thanh liệt vũ thanh loạn,",商聲清冽羽聲亂，
Thúc hốt đông nhai phục tây giản.,倏忽東崖復西澗。
"Cửu khách văn chi lệ dục can,",久客聞之淚欲干，
Tráng phu thính thử hồn diệc đoạn.,壯夫聽此魂亦斷。
"Cố nhân quy ngoạ Việt sơn vân,",故人歸臥越山雲，
Ức đắc đề viên ca tống quân.,憶得啼猿歌送君。
"Biển chu độc túc Diệm khê dạ,",扁舟獨宿剡溪夜，
Khiếu nguyệt tam thanh thuỳ cộng văn.,叫月三聲誰共聞。
"Nhật dạ kiêm trình ngũ bách lý,",日夜兼程五百里，
Nhân mã trì khu bất cảm thuỵ.,人馬馳驅不敢睡。
"Khổn thần hoả tốc đằng chiếu thư,",閫臣火速騰詔書，
Phiên sứ tinh trì phụng thiên chỉ.,藩使星馳奉天旨。
"Cửu thiên cao vũ nhuận tuỳ xa,",九天膏雨潤隨車，
Nhất hồi ông ế nhất bàng đà.,一回翁翳一滂沱。
"Bộc bố như lôi thuỷ như tiễn,",瀑布如雷水如箭，
Chu tử huyên hô: “Công độ hà”.,舟子喧呼公渡河。
"Tài độ liễu hà phục đăng lĩnh,",才渡了河復登嶺，
Lĩnh thạch như tiêm thiên sắc minh.,嶺石如尖天色暝。
"Không sơn tịch mịch vô thôn yên,",空山寂寞無村煙，
Nhân ngữ đãn tòng vân ngoại thính.,人語但從雲外聽。
"Bản kiều dao dao chúc diệt minh,",板橋遙遙燭滅明，
Thú tốt truyền hô lai tiếp nghinh.,戍卒傳呼來接迎。
"Yên vụ mông mông sắc bất biện,",煙霧蒙蒙色不辨，
Tu du đông sơn nhất luân sinh.,須臾東山一輪生。
"Giang sơn nhập nhãn kham đồ hoạ,",江山入眼堪圖畫，
Đăng chúc tinh huỳnh thiên bất dạ.,燈燭晶熒天不夜。
"Vĩnh Phúc thành trung nhân vật hoa,",永福城中人物華，
Lâm lưu lân tập xưởng đình tạ.,臨流鱗集廠亭榭。
"Ngũ hoa thái kết quán tân đường,",五花彩結館賓堂，
Sứ thần hàm tuất từ bất đương.,使臣銜恤辭不當。
"Sảnh tào tòng sự các gia ngạch,",廳曹從事各加額，
Cá cá bất vong ngô tiền vương.,個個不忘吾前王。
"Tích nhân tằng ngôn Tỉnh Hình đạo,",昔人曾言井陘道，
Khuynh hiểm vô như gia ý hảo.,傾險無如加意好。
"Hành viễn đăng cao yếu tự trì,",行遠登高要自持，
Thiên vương dĩ hứa hồi quy tảo.,天王已許回歸早。
"Đông viên tây giác thị tây viên,",東園西角是西園，
Phạm tử môn thông Vũ tử môn.,范子門通武子門。
"Vũ trưởng châu lan ưng loạn kính,",雨長珠蘭應亂徑，
Phong dao ngọc thử định mê thôn.,風搖玉黍定迷村。
"Thỉnh quân mạc yếm truy phan sự,",請君莫厭追攀事，
Quá thử viêm ai kỷ nhật nhàn.,過此炎埃幾日閒。
"Trường An ác thiểu xuất danh tự,",長安惡少出名字，
Lâu hạ kiếp thương lâu thượng tuý.,樓下劫商樓上醉。
"Thiên minh hạ trực minh quang cung,",天明下直明光宮，
Tán nhập ngũ lăng tùng bách trung.,散入五陵松柏中。
"Bách hồi sát nhân thân hiệp tử,",百回殺人身合死，
Xá thư thượng hữu thu thành công.,赦書尚有收城功。
"Cửu cù nhất nhật tiêu tức định,",九衢一日消息定，
Hương lại tịch trung trùng cải tính.,鄉吏籍中重改姓。
"Xuất lai y cựu thuộc vũ lâm,",出來依舊屬羽林，
Lập tại điện tiền xạ phi cầm.,立在殿前射飛禽。
"Bi đài tiêu táp thạch lung túng,",悲臺蕭颯石巃嵷，
Ai hác xoa nha hạo hô húng.,哀壑杈椏浩呼洶。
"Trung hữu vạn lý chi trường giang,",中有萬里之長江，
Hồi phong thao nhật cô quang động.,回風滔日孤光動。
"Giác ưng phiên đảo tráng sĩ tí,",角鷹翻倒壯士臂，
Tướng quân ngọc trướng hiên thuý khí.,將軍玉帳軒翠氣。
"Nhị ưng mãnh não từ hầu tị,",二鷹猛腦徐侯穟，
Mục như sầu Hồ thị thiên địa.,目如愁胡視天地。
"Sam kê trúc thố bất tự tích,",杉雞竹兔不自惜，
Khê hổ dã dương câu tịch dịch.,溪虎野羊俱辟易。
"Câu thượng phong lăng thập nhị cách,",韝上鋒稜十二翮，
Tướng quân dũng duệ dữ chi địch.,將軍勇銳與之敵。
"Tướng quân thụ huân khởi An Tê,",將軍樹勳起安西，
Côn Luân Ngu tuyền nhập mã đề.,崑崙虞泉入馬蹄。
"Bạch vũ tằng nhục tam toan nghê,",白羽層肉三狻猊，
Cảm quyết khởi bất dữ chi tề.,敢決豈不與之齊。
"Kinh Nam Nhuế công đắc tướng quân,",荊南芮公得將軍，
Diệc như giác ưng há tường vân.,亦如角鷹下翔雲。
"Ác điểu phi phi trác kim ốc,",惡鳥飛飛啄金屋，
An đắc nhĩ bối khai kỳ quần.,安得爾輩開其群，
Khu xuất lục hợp kiêu loan phân.,驅出六合梟鸞分。
"Lăng ba tiên tử sinh trần miệt,",凌波仙子生塵襪，
Thuỷ thượng doanh doanh bộ vi nguyệt.,水上盈盈步微月。
"Thị thuỳ chiêu thử đoạn trường hồn,",是誰招此斷腸魂？
Chủng tác hàn hoa ký sầu tuyệt?,種作寒花寄愁絕。
"Hàm hương thể tố dục khuynh thành,",含香體素欲傾城，
Sơn phàn thị đệ mai thị huynh.,山礬是弟梅是兄。
"Toạ đối chân thành bị hoa não,",坐對真成被花惱，
Xuất môn nhất tiếu đại giang hoành.,出門一笑大江橫。
"Hoành lộ phế cửu bất thành lộ,",橫路廢久不成路，
Vũ phu nguy nguy nghiễm như cố.,珷玞巍巍儼如故。
"Lân ấp phụ nữ thường vãng lai,",鄰邑婦女常往來，
"Thiển xứ cập phì, thâm cập cổ.",淺處及腓深及股。
Vũ phu toạ kiến hoản nhiên tiếu:,珷玞坐見睆然笑：
“Nhĩ hữu hà vật như thử tố?”,尒有何物如此素？
Thảng hoàng yểm tế tiền chí từ:,傖惶厭蔽前至辭：
"“Ngẫu nhĩ quai sơ, hạnh vật nộ!”",偶尒乖疎幸物怒！
Ông ngôn: “Ngã hà nộ nhĩ vi?,翁言我何怒尒為？
Nộ nhĩ hà cang ngã dương cụ!,怒尒何亢我陽具！
"Nhĩ quy nghi cáo nhĩ hương lân,",尒歸宜告尒鄉鄰，
Tảo lai ngã tích nhĩ dận tộ.”,早來我錫尒胤祚。
"Cổ kim thử hương sinh xuất nhân,",古今此鄉生出人，
Khẩu thoại nhất ngôn thiêm loại vũ.,口話一言僉類珷。
"Ba Giang thượng giáp trùng phục trùng,",巴江上峽重復重，
Dương Đài bích tiễu thập nhị phong.,陽臺碧峭十二峰。
"Kinh vương liệp thì phùng mộ vũ,",荊王獵時逢暮雨，
Dạ ngoạ cao khâu mộng thần nữ.,夜臥高丘夢神女。
"Khinh hồng lưu yên thấp diễm tư,",輕紅流煙濕艷姿，
Hành vân phi khứ minh tinh hy.,行雲飛去明星稀。
"Mục cực hồn đoạn vọng bất kiến,",目極魂斷望不見，
Viên đề tam thanh lệ trích y.,猿啼三聲淚滴衣。
"Thương thương mang mang giang thượng diện,",蒼蒼茫茫江上面，
"Vũ nhập giang quang xuy bất kiến,",雨入江光吹不見，
Tiền than hậu than bạch như luyện.,前灘後灘白如練。
"Hữu Phong khoảnh khắc Thất Lý qua,",有風頃刻七里過，
Vô Phong nại thử Thất Lý hà.,無風奈此七里何！
"Hốt nhiên vũ thế hiệp phong chí,",忽然雨勢挾風至，
Đãn thính lai: Thuyền tranh xướng thuận phong ca.,但聽來船爭唱順風歌。
"Ngã thuyền cam nhượng lai thuyền tẩu,",我船甘讓來船走，
Hoạ bản lưu khan Hoàng Tử Cửu.,畫本留看黃子久。
"Vọng cùng hàn thuỷ trúc hồi hoàn,",望窮寒水竹回環，
Tẩy xuất thanh sơn lỗ tiền hậu.,洗出青山櫓前後。
"Mục đồng tự khu hoàng độc hồi,",牧童自驅黃犢回，
Ngư lang chính phóng lô ti lai.,漁郎正放鸕鷥來。
"Lạp thiềm thoa duệ tận lân xá,",笠檐蓑袂盡鄰舍，
Đối giang kỷ phiến sài môn khai.,對江幾扇柴門開。
"Đan thanh vị kiến kim kiến thử,",丹青未見今見此，
Thuỷ ngoại thị sơn sơn ngoại thuỷ.,水外是山山外水。
"Khách đáo tiên sầu vô lộ thông,",客到先愁無路通，
Hà huống mê ly yên vũ lý.,何況迷離煙雨里。
"Sơn đầu vũ tác sơn trung tuyền,",山頭雨作山中泉，
Uyển đình đô tại thụ diểu huyền.,蜿蜓都在樹杪悬。
"Đông phong nhất tả lạc thiên trượng,",東峰一泻落千丈，
Lôi đình nãi huỷ tây phong điên.,雷霆乃毀西峰顛。
"Thử thời ức sát Nghiêm tiên sinh,",此時憶殺嚴先生，
Dương cầu cô ủng hàn bất khinh.,羊裘孤擁寒不輕。
"Ngã dục tùng môn nhất bôi lỗi,",我欲松門一杯酹，
Đài hoang lộ hoạt vô nhân hành.,苔荒路滑無人行。
"Truyền văn danh lợi nhân,",傳聞名利人，
Bất bạc điếu đài hạ.,不泊釣臺下。
"Biển chu độc tung hoành,",扁舟獨縱橫，
Vấn ngã hà vi giả?,問我何為者？
"Ngọc hồ mãi xuân vũ kham thưởng,",玉壺買春雨堪賞，
Xích bán bạch ngư tân xuất võng.,尺半白魚新出網。
"Ấm hàm bão ủng ngoạ thuyền đầu,",飲酣抱瓮臥船頭，
Thính đắc chu nhân tề phách chưởng.,聽得舟人齊拍掌。
"Sổ chi nhu lỗ hoạch pha lê,",數枝柔櫓劃玻璃，
Bách bức bồ phàm nhãn để tề.,百幅蒲帆眼底齊。
"Tịch dương sạ minh phong diệc chuyển,",夕陽乍明風亦轉，
Hành hành nhất lộ hoạ mi đề.,行行一路畫眉啼。
Y sơn trúc các kiến bình xuyên.,依山筑閣見平川。
Dạ lan Cơ Đẩu sáp ốc chuyên.,夜闌箕斗插屋椽。
Ngã lai danh chi ý thích nhiên.,我來名之意适然。
Lão tùng khôi ngô sổ bách niên.,老松魁梧數百年。
Phủ cân sở xá kim tham thiên.,斧斤所赦今參天。
Phong minh Oa Hoàng ngũ thập huyền.,風鳴媧皇五十弦。
Tẩy nhĩ bất tu Bồ Tát tuyền.,洗耳不須菩薩泉。
Gia nhị tam tử thậm hảo hiền.,嘉二三子甚好賢。
Lực bần mãi tửu tuý thử diên.,力貧買酒醉此筵。
Dạ vũ minh lang đáo hiểu huyền.,夜雨鳴廊到曉懸。
Tương khán bất quy ngoạ tăng chiên.,相看不歸臥僧氈。
Tuyền khô thạch táo phục sàn viên.,泉枯石燥复潺湲。
Sơn xuyên quang huy vị ngã nghiên.,山川光輝為我妍。
Dã tăng tảo cơ bất năng chiên.,野僧早飢不能饘。
Hiểu kiến Hàn Khê hữu xuy yên.,曉見寒溪有炊煙。
Đông Pha đạo nhân dĩ trầm tuyền.,東坡道人已沈泉。
Trương Hầu hà thì đáo nhãn tiền.,張侯何時到眼前。
Điếu đài kinh đào khả trú miên.,釣台惊濤可晝眠。
Di Đình khán triện giao long triền.,怡亭看篆蛟龍纏。
An đắc thử thân thoát câu luyên.,安得此身脫拘攣。
Chu tải chư hữu trường chu toàn.,舟載諸友長周旋。
"Ngẫu trường tiêm lũ trừu khinh xuân,",藕腸纖縷抽輕春，
Yên cơ mạc mạc kiều nga tần.,煙機漠漠嬌娥嚬。
"Kim thoa tích lịch thấu không bạc,",金梭淅瀝透空薄，
Tiễn lạc giao đao xuy đoạn vân.,剪落交刀吹斷雲。
"Trương gia công tử dạ văn vũ,",張家公子夜聞雨，
Dạ hướng lan đường tư Sở vũ.,夜向蘭堂思楚舞。
"Thiền sam lân đới áp sầu hương,",蟬衫麟帶壓愁香，
Thâu đắc oanh hoàng toả kim lũ.,偷得鶯簧鎖金縷。
"Quản hàm lan khí kiều ngữ bi,",管含蘭氣嬌語悲，
Hồ tào tuyết oản uyên ương ti.,胡槽雪腕鴛鴦絲。
"Phù dung lực nhược ứng nan định,",芙蓉力弱應難定，
Dương liễu phong đa bất tự trì.,楊柳風多不自持，
"Hồi tần tiếu ngữ tây song khách,",回嚬笑語西窗客，
Tinh đẩu liêu liêu ba mạch mạch.,星斗寥寥波脈脈。
"Bất trục Tần vương quyến tượng sàng,",不逐秦王卷象床，
Mãn lâu minh nguyệt lê hoa bạch.,滿樓明月梨花白。
"Đông phương lông lông xa loát loát,",東方曨曨車軋軋，
Địa sắc bất phân tân khứ triệt.,地色不分新去轍。
"Khuê môn bán yểm sàng bán không,",閨門半掩床半空，
Ban ban chẩm hoa tàn lệ hồng.,斑斑枕花殘淚紅。
"Quân tâm nhược xa thiên vạn chuyển,",君心若車千萬轉，
Thiếp thân như triệt di tiệm viễn.,妾身如轍遺漸遠。
"Bích xuyên điều điều sơn uyển uyển,",碧川迢迢山宛宛，
Mã đề tại nhĩ luân tại nhãn.,馬蹄在耳輪在眼。
"Tang gian nữ nhi tình bất thiển,",桑間女兒情不淺，
Mạc đạo dã tàm năng tác kiển.,莫道野蠶能作繭。
"Nhị long tranh chiến quyết thư hùng,",二龍爭戰決雌雄，
Xích Bích lâu thuyền tảo địa không.,赤壁樓船掃地空。
"Liệt hoả trương thiên chiếu vân hải,",烈火張天照雲海，
Chu Du vu thử phá Tào Công.,周瑜于此破曹公。
"Quân khứ thương giang vọng trừng bích,",君去滄江望澄碧，
Kình nghê đường đột lưu dư tích.,鯨鯢唐突留餘跡。
"Nhất nhất thư lai báo cố nhân,",一一書來報故人，
Ngã dục nhân chi tráng tâm phách.,我欲因之壯心魄。
"Tào gia lão man giảo nhi vũ,",曹家老瞞狡而武，
Bách vạn qua mâu há Kinh thổ.,百萬戈矛下荊土。
"Chuế yêm tiểu xú di quần hùng,",贅閹小醜夷群雄，
Đương thời ý khí vô Giang Đông.,當時意氣無江東。
"Giang Đông thiếu niên kiếm chước án,",江東少年劍斫案，
Khu phong tẩu hoả Ô Lâm ngạn.,驅風走火烏林岸。
"Bắc thuyền yên tẫn Tây Thục đô,",北船煙燼西蜀都，
Ngô vương cung điện phi xích ô.,吳王宫殿飛赤烏。
"Thuỳ vi thử mưu Cát dữ Chu,",誰爲此謀葛與周，
Lưỡng lang niên kỷ nhị thập đầu.,兩郎年幾二十頭。
"Hùng đồ dĩ hĩ vật thuỳ đạo,",雄圖已矣勿誰道，
Xích Bích chu trung nhân dĩ lão.,赤壁舟中人已老。
"Khổng tước vị tri ngưu hữu giác,",孔雀未知牛有角，
Khát ẩm hàn tuyền phùng để xúc.,渴飲寒泉逢抵觸。
"Xích tiêu Huyền Phố tu vãng lai,",赤霄懸圃須往來，
Thuý vĩ kim hoa bất từ nhục.,翠尾金花不辭辱。
"Giang trung đào hà hách phi yến,",江中淘河嚇飛燕，
Hàm nê khước lạc tu hoa ốc.,銜泥卻落羞華屋。
"Hoàng tôn do tằng Liễn Chước khốn,",皇孫猶曾蓮勺困，
Bảo trang kiến biếm thương kỳ túc.,鮑莊見貶傷其足。
Lão ông thận mạc quái thiếu niên,老翁慎莫怪少年，
Cát Lượng “Quý hoà” thư hữu thiên.,葛亮貴和書有篇。
"Trượng phu thuỳ danh động vạn niên,",丈夫垂名動萬年，
Ký ức tế cố phi cao hiền.,記憶細故非高賢。
"Phù Dung lâu tiền bái tân nguyệt,",芙蓉樓前拜新月，
Bảo áp vi huân thấu ngân diệp.,寶鴨微熏透銀葉。
"Ngô Sơn Sở thuỷ tống viễn du,",吴山楚水送遠遊，
Bất quản khuê trung chiếu ly biệt.,不管閨中照離別。
"Thuỳ gia ngọc câu phi thướng thiên,",誰家玉鉤飛上天，
Nhất tự liên hoàn cựu thời khuyết.,一似連環舊時缺。
"Khuyết đa viên thiểu tương nại hà,",缺多圓少將奈何，
Nhất thốn sầu trường vạn lý kết.,一寸愁腸萬里結。
"Vị lang bạch trữ tài xuân y,",為郎白苧裁春衣，
Hựu khủng nguyệt viên lang vị quy.,又恐月圓郎未歸。
"Du ty bách xích đãng không khoát,",遊絲百尺盪空闊，
Thiên thượng hữu nhân lạc bạch phát.,天上有人落白髮。
"Nhân sinh hành lạc cập thiếu niên,",人生行樂及少年，
“Kim lũ” nhất thanh bôi bách phạt.,金縷一聲杯百罰。
"Phiên phiên lưỡng kỵ xuất quách đông,",翩翩兩騎出郭東，
Đào hoa như vũ xuy đông phong.,桃花如雨吹東風。
"Nguyện thiến du ty bán tây nhật,",願倩游絲絆西日，
Bất giao tiện nhập Hàm Trì trung.,不教便入咸池中。
"Xuân giang triều thuỷ liên hải bình,",春江潮水連海平，
Hải thượng minh nguyệt cộng triều sinh.,海上明月共潮生。
"Diễm diễm tuỳ ba thiên vạn lý,",灩灩隨波千萬里，
Hà xứ xuân giang vô nguyệt minh.,何處春江無月明。
"Giang lưu uyển chuyển nhiễu phương điện,",江流宛轉繞芳甸，
Nguyệt chiếu hoa lâm giai tự tán.,月照花林皆似霰。
"Không lý lưu sương bất giác phi,",空裏流霜不覺飛，
Đinh thượng bạch sa khan bất kiến.,汀上白沙看不見。
"Giang thiên nhất sắc vô tiêm trần,",江天一色無纖塵，
Hạo hạo không trung cô nguyệt luân.,皎皎空中孤月輪。
Giang bạn hà nhân sơ kiến nguyệt?,江畔何人初見月，
Giang nguyệt hà niên sơ chiếu nhân?,江月何年初照人。
"Nhân sinh đại đại vô cùng dĩ,",人生代代無窮已，
Giang nguyệt niên niên chỉ tương tự.,江月年年只相似。
"Bất tri giang nguyệt đãi hà nhân,",不知江月待何人，
Đãn kiến trường giang tống lưu thuỷ.,但見長江送流水。
"Bạch vân nhất phiến khứ du du,",白雲一片去悠悠，
Thanh phong phố thượng bất thăng sầu.,青楓浦上不勝愁。
"Thuỳ gia kim dạ thiên chu tử,",誰家今夜扁舟子，
Hà xứ tương tư minh nguyệt lâu?,何處相思明月樓。
"Khả liên lâu thượng nguyệt bồi hồi,",可憐樓上月徘徊，
Ưng chiếu ly nhân trang kính đài.,應照離人妝鏡臺。
"Ngọc hộ liêm trung quyển bất khứ,",玉戶帘中捲不去，
Đảo y châm thượng phất hoàn lai.,搗衣砧上拂還來。
"Thử thời tương vọng bất tương văn,",此時相望不相聞，
Nguyện trục nguyệt hoa lưu chiếu quân.,願逐月華流照君。
"Hồng nhạn trường phi quang bất độ,",鴻雁長飛光不度，
Ngư long tiềm dược thuỷ thành văn.,魚龍潛躍水成文。
"Tạc dạ nhàn đàm mộng lạc hoa,",昨夜閒潭夢落花，
Khả liên xuân bán bất hoàn gia.,可憐春半不還家。
"Giang thuỷ lưu xuân khứ dục tận,",江水流春去欲盡，
Giang đàm lạc nguyệt phục tây tà.,江潭落月復西斜。
"Tà nguyệt trầm trầm tàng hải vụ,",斜月沉沉藏海霧，
"Kiệt Thạch, Tiêu Tương vô hạn lộ.",碣石瀟湘無限路。
"Bất tri thừa nguyệt kỷ nhân quy,",不知乘月幾人歸，
Lạc nguyệt dao tình mãn giang thụ.,落月搖情滿江樹。
"Xuân nhật phi, xuân dã tịch,",春日飛，春野寂，
Hồng bằng bích hữu nguyên thai thấp.,紅朋碧友元胎濕。
"Đông phong trước ý hàn thực thì,",東風著意寒食時，
Du ty niêm nhân khốn vô lực.,游絲粘人困無力。
"Tiểu linh độc xa yến đê sa,",小鈴犢車宴堤沙，
Phượng tiêu kinh lạc quỳnh anh hoa.,鳳簫驚落瓊英花。
"Hoang phần đồi đồi đề tịch nha,",荒墳頹頹啼夕鴉，
Thảo hoang nguyệt hắc quỷ tư gia.,草荒月黑鬼思家。
"Sứ quân ý khí lăng thanh tiêu,",使君意氣淩青霄，
Ức tạc hoan ngu thường kiến chiêu.,憶昨歡娛常見招。
"Tế mã thì minh kim yểu niểu,",細馬時鳴金騕褭，
Giai nhân lũ xuất Đổng Kiều Nhiêu.,佳人屢出董嬌饒。
"Đông lưu giang thuỷ, tây phi yến,",東流江水西飛燕，
Khả tích xuân quang bất tương kiến.,可惜春光不相見。
"Nguyện huề Vương, Triệu lưỡng hồng nhan,",願攜王趙兩紅顏，
Tái sính cơ phu như tố luyện.,再騁肌膚如素練。
"Thông Tuyền bách lý cận Tử Châu,",通泉百里近梓州，
Thỉnh công nhất lai khai ngã sầu.,請公一來開我愁。
"Vũ xứ trùng khan hoa mãn diện,",舞處重看花滿面，
Tôn tiền hoàn hữu cẩm triền đầu.,尊前還有錦纏頭。
"Hoạn du ưng đắc hoạn vi gia,",宦遊應得宦為家，
Lân đức lân hương bất ngã hà.,鄰德鄰香不我遐。
"Công hạ tộc đàm hà xứ thị,",公暇族談何處是，
Mộc tê hoa bạn thuỷ tiên ba.,木犀花畔水僊葩。
"Sơn lộ y tà thạch đặng nguy,",山路欹斜石磴危，
Bất sầu hành khổ khổ tương tư.,不愁行苦苦相思。
"Băng tiêu viễn giản liên thanh vận,",冰銷遠澗憐清韻，
Tuyết viễn hàn phong tưởng ngọc tư.,雪遠寒峰想玉姿。
"Mạc thính phàm ca “Xuân bệnh tửu”,",莫聽凡歌春病酒，
Hưu chiêu nhàn khách dạ tham kỳ.,休招閑客夜貪棋。
"Như tùng phỉ thạch minh trường tại,",如松匪石盟長在，
Tỉ dực liên khâm hội khẳng trì.,比翼連襟會肯遲。
"Tuy hận độc hành đông tận nhật,",雖恨獨行冬盡日，
Chung kỳ tương kiến nguyệt viên thì.,終期相見月圓時。
"Biệt quân hà vật kham trì tặng,",別君何物堪持贈，
Lệ lạc tình quang nhất thủ thi.,淚落晴光一首詩。
"Ngã gia xã công canh tạc chủ,",我家社公耕鑿主，
Cầu tình đắc tình vũ đắc vũ.,求晴得晴雨得雨。
"Kim xuân tác xã thần cánh hoan,",今春作社神更歡，
Trị ngã nhất niên tân bệnh dũ.,值我一年新病愈。
"Tường hạ tiểu đào hồng mãn chi,",墻下小桃紅滿枝，
Đường đông nhược liễu thuỳ kim ty.,塘東弱柳垂金絲。
"Xã phạn xuy hương xuất mao ốc,",社飯吹香出茅屋，
Lạp tửu nhất khuynh liên sổ chi.,腊酒一傾連數卮。
"Thổ cổ phùng phùng quá lâm tế,",土鼓逢逢過林際，
Tuý tháp sơn hoa cộng thần hý.,醉插山花共神戲。
"Cách lân kê điểu hỷ dục cuồng,",隔鄰雞鳥喜欲狂，
Tiếp tịch nhi đồng tiếu tương lỵ.,接席兒童笑相詈。
"Mãn nhiệt lô hương phần chỉ tiền,",滿爇爐香焚紙錢，
Đại gia tái bái kỳ phong niên.,大家再拜祈豐年。
"Phóng thần cảm đạo Kim Mã khách,",放臣敢道金馬客，
Minh nhật phù lê đồng há điền.,明日扶犁同下田。
"Đại cổ tác đà minh,",大鼓作鼉鳴，
Mỹ nhân hoa gian tương đối hành.,美人花間相對行。
"Hốt văn hoạnh xuy toạ trung khởi,",忽聞橫吹座中起，
Xuy xuất song song loan phụng thanh.,吹出雙雙鸞鳳聲。
"Phượng thanh vi mang tác phục chỉ,",鳳聲微茫作復止，
Phi nhập thanh thiên thái vân lý.,飛入青天彩雲裏。
"Đương diên thịnh tửu kim khuất chi,",當筵盛酒金屈卮，
"Chước tửu khuyến quân, quân mạc từ.",酌酒勸君君莫辭。
"Bất kiến đường tiền đào lý thụ,",不見堂前桃李樹，
Tạc nhật hoa phát kim không chi.,昨日花發今空枝。
"Đông gia tác quan náo xa mã,",東家作官鬧車馬，
Tây lân tòng quân năng kỵ xạ.,西鄰從軍能騎射。
"Nhất sinh trường khách biên tái gian,",一生長客邊塞間，
Phương thì bất tại hương quốc hạ.,芳時不在鄉國下。
"Hà như tải tửu minh vân hoà,",何如載酒鳴雲和，
Thủ chiết sơn hoa hành xướng ca.,手折山花行唱歌。
"Thiếu niên hữu tửu bất thống ẩm,",少年有酒不痛飲，
Bạch phát mãn đầu quân nại hà?,白髮滿頭君奈何？
"Hữu thạch kỳ tiễu thiên trác thành,",有石奇峭天琢成，
Hữu thảo yêu yêu đông hạ thanh.,有草夭夭冬夏青。
"Nhân ngôn xương bồ phi nhất chủng,",人言菖蒲非一種，
Thượng phẩm cửu tiết thông tiên linh.,上品九節通仙靈。
"Dị căn bất đới trần ai khí,",異根不帶塵埃氣，
Cô thao ái kết tuyền thạch minh.,孤操愛結泉石盟。
"Minh song tịnh kỷ hữu túc khế,",明窗凈幾有宿契，
Hoa lâm thảo thế vô giao tình.,花林草砌無交情。
"Dạ thâm bất hiềm thanh lộ trọng,",夜深不嫌清露重，
Thần quang nghi hữu bạch vân sinh.,晨光疑有白雲生。
"Nộn như Tần thì đồng nữ đăng Bồng Doanh,",嫩如秦時童女登蓬瀛，
Thủ huề lục ngọc trượng từ hành.,手攜綠玉杖徐行。
"Sấu như Thiên Thai sơn thượng thánh hiền tăng,",瘦如天台山上聖賢僧，
Hưu lương tuyệt lạp cô hạc hình.,休糧絕粒孤鶴形。
"Kình như ngũ bách nghĩa sĩ tòng Điền Hoành,",勁如五百義士從田橫，
Anh khí lẫm lẫm ma thanh minh.,英氣凜凜磨青冥。
"Thanh như tam thiên đệ tử lập Khổng đình,",清如三千弟子立孔庭，
Hồi cầm Điểm sắt thiên cơ minh.,回琴點瑟天機鳴。
"Đường tiền bất nhập hồng phấn ý,",堂前不入紅粉意，
Tịch thượng thường thính Thi Thư thanh.,席上常聽詩書聲。
"Quái thạch tiểu đãng giai sung cống,",怪石篠簜皆充貢，
Thử vật Thuấn miếu đương cộng đăng.,此物舜廟當共登。
"Thần Nông tri kỷ nhập bản thảo,",神農知己入本草，
Linh Quân tế hiền di tao kinh.,靈均蔽賢遺騷經。
"U nhân khu ngoạn phát tiên hứng,",幽人軀玩發仙興，
Phương sĩ phục nhị duyên tu linh.,方士服餌延修齡。
"Thái loan tử phụng kỳ hoa uyển,",彩鸞紫鳳琪花苑，
Xích cầu ngọc lân phù dung thành.,赤虯玉麟芙蓉城。
"Thượng giới chân nhân hảo thanh tịnh,",上界真人好清凈，
Kiến thử linh miêu đương đại kinh.,見此靈苗當大驚。
"Ngã dục huề chi triêu thái thanh,",我欲攜之朝太清，
Dao thảo bất cảm chuyên phương hinh.,瑤草不敢專芳馨。
"Ngọc Hoàng nhất tiếu lưu hương án,",玉皇一笑留香案，
Tích dữ hữu đạo giả trưởng sinh.,錫與有道者長生。
"Nhân gian thiên hoa vạn thảo tận vinh diễm,",人間千花萬草盡榮豔，
Vị tất cảm dữ thử thảo tranh cao danh.,未必敢與此草爭高名。
"Hán gia yên trần tại đông bắc,",漢家煙塵在東北，
Hán tướng từ gia phá tàn tặc.,漢將辭家破殘賊。
"Nam nhi bản tự trọng hoành hành,",男兒本自重橫行，
Thiên tử phi thường tứ nhan sắc.,天子非常賜顏色。
"Song kim phạt cổ há Du Quan,",摐金伐鼓下榆關，
Tinh kỳ uy di Kiệt Thạch gian.,旌旗逶迤碣石間，
"Hiệu uý vũ thư phi hãn hải,",校尉羽書飛瀚海，
Thiền Vu lạp hoả chiếu Lang San.,單于獵火照狼山。
"Sơn xuyên tiêu điều cực biên thổ,",山川蕭條極邊土，
Hồ kỵ bằng lăng tạp phong vũ.,胡騎憑陵雜風雨，
"Chiến sĩ quân tiền bán tử sinh,",戰士軍前半死生，
Mỹ nhân trướng hạ do ca vũ.,美人帳下猶歌舞。
"Đại mạc cùng thu tái thảo suy,",大漠窮秋塞草衰，
Cô thành lạc nhật đấu binh hy.,孤城落日鬥兵稀，
"Thân đương ân ngộ thường khinh địch,",身當恩遇常輕敵，
Lực tận quan sơn vị giải vi.,力盡關山未解圍。
"Thiết y viễn thú tân cần cửu,",鐵衣遠戍辛勤久，
Ngọc trợ ưng đề biệt ly hậu.,玉箸應啼別離後，
"Thiếu phụ thành nam dục đoạn trường,",少婦城南欲斷腸，
Chinh nhân Kế Bắc không hồi thủ.,征人薊北空回首。
"Biên đình phiêu dao na khả độ,",邊庭飄颻那可度，
Tuyệt vực thương mang cánh hà hữu.,絕域蒼茫更何有?
"Sát khí tam thời tác trận vân,",殺氣三時作陣雲，
Hàn thanh nhất dạ truyền điêu đẩu.,寒聲一夜傳刁斗。
"Tương khan bạch nhận huyết phân phân,",相看白刃血紛紛，
Tử tiết tòng lai khởi cố huân!,死節從來豈顧勳，
"Quân bất kiến sa trường chinh chiến khổ,",君不見沙場征戰苦，
Chí kim do ức Lý tướng quân.,至今猶憶李將軍。
"Thu phong tiêu sắt thiên khí lương,",秋風蕭瑟天氣涼，
Thảo mộc dao lạc lộ vi sương.,草木搖落露為霜。
"Quần yến từ quy nhạn Nam tường,",群燕辭歸雁南翔，
Niệm quân khách du tứ đoạn trường.,念君客遊思斷腸。
"Khiểm khiểm tư quy luyến cố hương,",慊慊思歸戀故鄉，
Quân hà yêm lưu ký tha phương.,君何淹留寄他方。
"Tiện thiếp quỳnh quỳnh thủ không phòng,",賤妾煢煢守空房，
Ưu lai tư quân bất cảm vong.,憂來思君不敢忘。
"Bất giác lệ hạ triêm y thường,",不覺淚下沾衣裳，
Viện cầm minh huyền phát “Thanh thương”.,援琴鳴絃發清商。
"Đoản ca vi ngâm bất năng trường,",短歌微吟不能長，
Minh nguyệt hạo hạo chiếu ngã sàng.,明月皎皎照我床。
"Tinh Hán tây lưu dạ vị ương,",星漢西流夜未央，
"Khiên Ngưu, Chức Nữ dao tương vọng,",牽牛織女遙相望，
Nhĩ độc hà cô hạn hà lương.,爾獨何辜限河梁。
"Hán gia thiên tướng tài thư hùng,",漢家天將才且雄，
Lai thời yết đế Minh Quang cung.,來時謁帝明光宮。
"Vạn thừa thân suy song khuyết hạ,",萬乘親推雙闕下，
Thiên quan xuất tiễn Ngũ Lăng đông.,千官出餞五陵東。
"Thệ từ giáp đệ kim môn lý,",誓辭甲第金門裏，
Thân tác Trường Thành Ngọc Tái trung.,身作長城玉塞中。
"Vệ Hoắc tài kham nhất kỵ tướng,",衛霍才堪一騎將，
Triều đình bất sổ Nhị Sư công.,朝廷不數貳師功。
"Triệu Nguỵ Yên Hàn đa kình tốt,",趙魏燕韓多勁卒，
Quan Tây hiệp thiếu hà bào bột.,關西俠少何咆勃。
"Báo thù chỉ thị văn thường đảm,",報讎只是聞嘗膽，
Ẩm tửu bất tằng phương quát cốt.,飲酒不曾妨刮骨。
"Hoạ kích điêu qua bạch nhật hàn,",畫戟雕戈白日寒，
Liên kỳ đại bái hoàng trần một.,連旗大旆黃塵沒。
"Điệp cổ dao phiên Hãn Hải ba,",疊鼓遙翻瀚海波，
Minh già loạn động Thiên Sơn nguyệt.,鳴笳亂動天山月。
"Kỳ lân cẩm đới bội Ngô câu,",麒麟錦帶佩吳鉤，
Táp đạp thanh ly dược tử lưu.,颯遝青驪躍紫騮。
"Bạt kiếm dĩ đoạn thiên kiêu tí,",拔劍已斷天驕臂，
Quy yên cộng ẩm Nhục Chi đầu.,歸鞍共飲月支頭。
"Hán binh đại hô nhất đương bách,",漢兵大呼一當百，
Lỗ kỵ tương khán khốc thả sầu.,虜騎相看哭且愁。
"Giao chiến tuy lệnh phó thang hoả,",教戰雖令赴湯火，
Chung tri thượng tướng tiên phạt mưu.,終知上將先伐謀。
"Yên Kinh nữ nhi thập lục thất,",燕京女儿十六七，
Nhan như hoa hồng nhãn như tất.,顏如花紅眼如漆。
"Lan hương mãn lộ mã trần phi,",蘭香滿路馬塵飛，
Thuý tụ lung tiên kiều dục trích.,翠袖籠鞭嬌欲滴。
"Xuân phong đạm đãng dao xuân tâm,",春風淡蕩搖春心，
Cẩm tranh ngân chúc cao đường thâm.,錦箏銀燭高堂深。
"Tú khâm bất noãn cẩm uyên mộng,",繡衾不暖錦鴛夢，
Tử liêm thuỳ vụ thiên trầm trầm.,紫帘垂霧天沉沉。
"Phương niên thuỳ tích khứ như thuỷ,",芳年誰惜去如水，
Xuân khốn trước nhân quyện sơ tẩy.,春困著人倦梳洗。
"Dạ lai tiểu vũ nhuận thiên nhai,",夜來小雨潤天街，
Mãn viện dương hoa phi bất khởi.,滿院楊花飛不起。
"Thiên đông nhật xuất thiên tây há,",天東日出天西下，
Thư phụng cô phi nữ long quả.,雌鳳孤飛女龍寡。
"Thanh khê bạch thạch bất tương vọng,",青溪白石不相望，
Đường trung viễn thậm Thương Ngô dã.,堂中遠甚蒼梧野。
"Đống bích sương hoa giao ẩn khởi,",凍壁霜華交隱起，
Phương căn trung đoạn hương tâm tử.,芳根中斷香心死。
"Lãng thừa hoạ khả ức thiềm thừ,",浪乘畫舸憶蟾蜍，
Nguyệt Nga vị tất thiền quyên tử.,月娥未必嬋娟子。
"Sở quản Man huyền sầu nhất khái,",楚管蠻弦愁一槩，
Không thành bãi vũ yêu chi tại.,空城罷舞腰支在。
"Đương thì hoan hướng chưởng trung tiêu,",當時歡向掌中銷，
"Đào Diệp, Đào Căn song tỷ muội.",桃葉桃根雙姊妹。
"Phá hoàn nuỵ đoạ lăng triêu hàn,",破鬟倭墮凌朝寒，
Bạch ngọc yến thoa hoàng kim thiền.,白玉燕釵黃金嬋。
"Phong xa vũ mã bất trì khứ,",風車雨馬不持去，
Lạp chúc đề hồng oán thiên thự.,蠟燭啼紅怨天曙。
"Tiền các vũ liêm sầu bất quyển,",前閣雨簾愁不捲，
Hậu đường phương thụ âm âm hiện.,後堂芳樹陰陰見。
"Thạch Thành cảnh vật loại hoàng tuyền,",石城景物類黃泉，
Dạ bán hành lang không giá đạn.,夜半行郎空柘彈。
"Lăng phiến hoán phong Xương Hạp thiên,",綾扇喚風閶闔天，
Khinh vi thuý mạc ba hồi tuyền.,輕幃翠幕波洄旋。
Thục hồn tịch mịch hữu bạn vị?,蜀魂寂寞有伴未，
Kỷ dạ chướng hoa khai mộc miên.,幾夜瘴花開木棉。
"Quế cung lưu ảnh quang nan thủ,",桂宮流影光難取，
Yên huân lan phá khinh khinh ngữ.,嫣熏蘭破輕輕語。
"Trực giao Ngân Hán đoạ bôi trung,",直教銀漢墮杯中，
Vị khiển Tinh phi trấn lai khứ.,未遣星妃鎮來去。
Trọc thuỷ thanh ba hà dị nguyên?,濁水清波何異源，
Tế hà thuỷ thanh Hoàng hà hồn.,濟河水清黃河渾。
"An đắc bạc vụ khởi tương quần,",安得薄霧起緗裙，
Thủ tiếp vân bình hô thái quân.,手接雲軿呼太君。
"Nguyệt lãng xung thiên thiên vũ thấp,",月浪衝天天宇濕，
Lương thiềm lạc tận sơ tinh nhập.,涼蟾落盡疎星入。
Vân bình bất động yểm cô tần.,雲屏不動掩孤嚬，
Tây lâu nhất dạ phong tranh cấp.,西樓一夜風箏急。
"Dục chức tương tư hoa ký viễn,",欲織相思花寄遠，
Chung nhật tương tư khước tương oán.,終日相思卻相怨。
"Đãn văn Bắc Đẩu thanh hồi hoàn,",但聞北斗聲迴環，
Bất kiến trường hà thuỷ thanh thiển.,不見長河水清淺！
"Kim ngư toả đoạn hồng quế xuân,",金魚鎖斷紅桂春，
Cổ thì trần mãn uyên ương nhân.,古時塵滿鴛鴦茵。
"Kham bi tiểu uyển tác trường đạo,",堪悲小苑作長道，
Ngọc thụ vị liên vong quốc nhân.,玉樹未憐亡國人。
"Dao cầm âm âm tàng Sở lộng,",瑤琴愔愔藏楚弄，
Việt la lãnh bạc kim nê trọng.,越羅冷薄金泥重。
"Liêm câu anh vũ dạ kinh sương,",簾鉤鸚鵡夜驚霜，
Hoán khởi nam vân nhiễu Vân Mộng.,喚起南雲繞雲夣。
"Song đang đinh đinh liên xích tố,",雙璫丁丁聯尺素，
Nội ký Tương xuyên tương thức xứ.,內記湘川相識處。
"Ca thần nhất thế hàm vũ khan,",歌脣一世銜雨看，
Khả tích hinh hương thủ trung cố.,可惜馨香手中故！
"Phong quang nhiễm nhiễm đông tây mạch,",風光冉冉東西陌，
Kỷ nhật kiều hồn tầm bất đắc.,幾日嬌魂尋不得。
"Mật phòng vũ khách loại phương tâm,",蜜房羽客類芳心，
Dã diệp xương điều biến tương thức.,冶葉倡條遍相識。
"Noãn ái huy trì đào thụ tây,",暖藹輝遲桃樹西，
Cao hoàn lập cộng đào hoàn tề.,高鬟立共桃鬟齊。
Hùng long thư phụng diểu hà hứa?,雄龍雌鳳杳何許？
Nhứ loạn ty phồn thiên diệc mê.,絮亂絲繁天亦迷。
"Tuý khởi vi dương nhược sơ thự,",醉起微陽若初曙，
Ánh liêm mộng đoạn văn tàn ngữ.,映簾夢斷聞殘語。
"Sầu tương thiết võng quyến san hô,",愁將鐵網罥珊瑚，
Hải khoát thiên khoan mê xứ sở.,海闊天寬迷處所。
"Y đới vô tình hữu khoan trách,",衣帶無情有寬窄，
Xuân yên tự bích thu sương bạch.,春煙自碧秋霜白。
"Nghiên đan phách thạch thiên bất tri,",研丹擘石天不知，
Nguyện đắc thiên lao toả oan phách.,願得天牢鎖冤魄。
"Giáp la uỷ khiếp đan tiêu khởi,",夾羅委篋單綃起，
Hương cơ lãnh sấn tranh tranh bội.,香肌冷襯琤琤佩。
"Kim nhật đông phong tự bất thăng,",今日東風自不勝，
Hoá tác u quang nhập tây hải.,化作幽光入西海。
"Nhất biệt Tần Hoài tương nhập tái,",一別秦淮將廿載，
Thiên nhai thuỳ lão khan do tại.,天涯垂老看猶在。
"Đoạn yên sầu trúc khấp Thương Ngô,",斷煙愁竹泣蒼梧，
Thốc bút thê văn lai trướng hải.,禿筆悽文來漲海。
"Yên thị kê minh động khách luân,",燕市雞鳴動客輪，
Cửu môn trì đạo túc hoàng trần.,九門馳道足黃塵。
"Tương phùng bất kiến Kim Đài lữ,",相逢不見金臺侶，
Đãn thuyết Kinh Kha thị tửu nhân.,但說荊軻是酒人。
"Ngũ Nhạc tế dật giai tam công,",五嶽祭秩皆三公，
Tứ phương hoàn trấn Tung đương trung.,四方環鎮嵩當中。
"Hoả Duy địa hoang túc yêu quái,",火維地荒足妖怪，
Thiên giả thần bính chuyên kỳ hùng.,天假神柄專其雄。
"Phún vân tiết vụ tàng bán phúc,",噴雲泄霧藏半腹，
Tuy hữu tuyệt đỉnh thuỳ năng cùng?,雖有絕頂誰能窮？
"Ngã lai chính phùng thu vũ tiết,",我來正逢秋雨節，
Âm khí hối muội vô thanh phong.,陰氣晦昧無清風。
"Tiềm tâm mặc đảo nhược hữu ứng,",潛心默禱若有應，
Khởi phi chính trực năng cảm thông?,豈非正直能感通？
"Tu du tĩnh tảo chúng phong xuất,",須臾靜掃眾峰出，
Ngưỡng kiến đột ngột sanh thanh không.,仰見突兀撐青空。
"Tử Cái liên duyên tiếp Thiên Trụ,",紫蓋連延接天柱，
Thạch Lẫm đằng trịch đồi Chúc Dung.,石廩騰擲堆祝融。
"Sâm nhiên phách động hạ mã bái,",森然魄動下馬拜，
Tùng bách nhất kính xu Linh Cung.,松柏一逕趨靈宮。
"Phân tường đan trụ động quang thái,",紛牆丹柱動光彩，
Quỷ vật đồ hoạ điền thanh hồng.,鬼物圖畫填青紅。
"Thăng giai ủ lũ tiến bô tửu,",升階傴僂薦脯酒，
Dục dĩ phi bạc minh kỳ trung.,欲以菲薄明其衷。
"Miếu nội lão nhân thức thần ý,",廟內老人識神意，
Huy hu trinh tứ năng cúc cung.,睢盱偵伺能鞠躬。
"Thủ trì bôi giảo đạo ngã trịch,",手持盃珓導我擲，
Vân thử tối cát dư nạn đồng.,云此最吉餘難同。
"Thoán trục Man hoang hạnh bất tử,",竄逐蠻荒幸不死，
Y thực tài túc cam trường chung.,衣食纔足甘長終。
"Hầu vương tướng tướng vọng cửu tuyệt,",侯王將相望久絕，
Thần tung dục phúc nan vi công.,神縱欲福難為功。
"Dạ đầu Phật tự thướng cao các,",夜投佛寺上高閣，
Tinh nguyệt yểm ánh vân đồng lung.,星月掩映雲曈曨。
"Viên minh chung động bất tri thự,",猿鳴鐘動不知曙，
Cảo cảo hàn nhật sinh ư đông.,杲杲寒日生於東。
